/**
 * generated by fontconvert.py
 * name: quicksand_12_italic
 * size: 12
 * mode: 2-bit  compressed: true
 * Command used: fontconvert.py quicksand_12_italic 12 ../builtinFonts/source/Quicksand/Quicksand-Medium.ttf --2bit --compress --pnum --darken-aa
 */
#pragma once
#include "EpdFontData.h"

static const uint8_t quicksand_12_italicBitmaps[13033] = {
    0xB5, 0x58, 0x3D, 0x8C, 0xDC, 0xC6, 0x15, 0x7E, 0x24, 0x65, 0xD1, 0x16, 0x11, 0xCD, 0x15, 0x72,
    0x90, 0x48, 0x91, 0x29, 0x04, 0x2A, 0x02, 0xE1, 0x6E, 0x99, 0x42, 0xC5, 0x16, 0xFC, 0x03, 0x52,
    0xA4, 0x48, 0x21, 0x15, 0x11, 0x0C, 0xC4, 0x85, 0xD4, 0xE6, 0x8A, 0x48, 0x85, 0x10, 0x5C, 0xC1,
    0xBB, 0x65, 0x64, 0x20, 0x65, 0xBC, 0x95, 0xDB, 0xB8, 0x50, 0x21, 0xAD, 0x0B, 0x5F, 0xA1, 0x62,
    0x11, 0x50, 0xDA, 0x41, 0x54, 0x18, 0x81, 0x0B, 0x13, 0x48, 0x91, 0x96, 0x45, 0x92, 0xC2, 0x02,
    0xA2, 0x71, 0x42, 0xC7, 0xB4, 0x8E, 0xBB, 0x93, 0xEF, 0xCD, 0xEC, 0xFD, 0xE8, 0x74, 0x27, 0xCB,
    0x02, 0xB2, 0x37, 0x6F, 0x6E, 0x39, 0x33, 0x9C, 0x79, 0xF3, 0x7E, 0xBF, 0xB7, 0x17, 0x8A, 0xAA,
    0xD8, 0xD8, 0xD8, 0x18, 0x0E, 0x87, 0x97, 0x2F, 0x5F, 0x26, 0xDA, 0xA8, 0x36, 0x4E, 0xB9, 0x65,
    0x14, 0xC8, 0x41, 0x50, 0x26, 0x22, 0x8F, 0x05, 0xA1, 0x0D, 0xBF, 0x47, 0x2B, 0x27, 0x88, 0xDE,
    0xA4, 0xAB, 0xB4, 0x46, 0x8A, 0x12, 0x50, 0xEC, 0x34, 0x6F, 0x6C, 0xBE, 0xFB, 0xF7, 0x50, 0x6B,
    0x1D, 0x68, 0xBD, 0xA0, 0x07, 0x9E, 0x24, 0xE5, 0x83, 0x82, 0x12, 0x94, 0x7F, 0xFF, 0xAB, 0xEB,
    0xE3, 0x91, 0xD6, 0x7D, 0xA4, 0x75, 0xE7, 0xC9, 0x90, 0x3C, 0x39, 0x00, 0xAD, 0x91, 0x57, 0xAE,
    0x12, 0xF9, 0x44, 0x84, 0x65, 0x86, 0x6E, 0x36, 0xE4, 0x69, 0x4D, 0xE2, 0xE9, 0x53, 0x19, 0x06,
    0xEF, 0xF3, 0xA9, 0xC4, 0x14, 0x82, 0xC4, 0xD3, 0x12, 0x73, 0x35, 0xD1, 0x68, 0x8E, 0xB5, 0x3A,
    0xA7, 0xE0, 0x03, 0x49, 0x58, 0x03, 0xAA, 0x63, 0xFC, 0xCF, 0x7E, 0xF1, 0x47, 0x29, 0xF0, 0xAE,
    0xAB, 0x3B, 0x22, 0xB1, 0xDC, 0x2F, 0xC8, 0x89, 0x3F, 0xC1, 0x98, 0xCE, 0x50, 0xD6, 0x52, 0x4C,
    0xD3, 0x82, 0x5A, 0x52, 0xB1, 0xDB, 0x90, 0x5A, 0x63, 0x1E, 0xD7, 0x44, 0x8E, 0xC7, 0x88, 0x30,
    0x11, 0x13, 0x65, 0xAA, 0x25, 0x3A, 0x75, 0x47, 0x69, 0x22, 0xEF, 0xF1, 0x8E, 0x24, 0xF1, 0xF3,
    0x3F, 0x37, 0x14, 0x05, 0x39, 0x2E, 0xC8, 0x5D, 0x8B, 0xCE, 0x55, 0xFE, 0x9D, 0xC6, 0x93, 0xDE,
    0x13, 0xE9, 0xE7, 0xA4, 0xED, 0xF6, 0x14, 0xE0, 0x48, 0x1A, 0xF1, 0x53, 0x17, 0x48, 0x72, 0x95,
    0x83, 0xAE, 0xC1, 0x90, 0xAB, 0x78, 0xB6, 0xE5, 0xAE, 0x07, 0xF9, 0xD8, 0x97, 0xC2, 0x2B, 0xF2,
    0x4D, 0x4A, 0x3C, 0xB5, 0x06, 0x6E, 0xFA, 0x98, 0x0A, 0xCA, 0x0A, 0x7C, 0x13, 0x1D, 0xA5, 0xE4,
    0xB5, 0x14, 0x96, 0x62, 0x8E, 0xDB, 0xE9, 0x9B, 0xA5, 0xA3, 0x3B, 0xBF, 0xA4, 0x37, 0xF0, 0xC6,
    0x29, 0x8A, 0x68, 0x00, 0x31, 0xC7, 0xF8, 0x1B, 0xD2, 0x0A, 0xD1, 0x5B, 0x94, 0x3A, 0x9D, 0xD7,
    0x88, 0x32, 0xC4, 0x68, 0x41, 0x53, 0x9C, 0x80, 0x4B, 0x99, 0x7E, 0x8A, 0xE7, 0x04, 0xEB, 0x45,
    0xEE, 0xD7, 0x6E, 0x47, 0x5B, 0xF4, 0xD6, 0x05, 0x42, 0x8F, 0x7D, 0xC9, 0x6B, 0xC8, 0x01, 0x3F,
    0x15, 0x61, 0x1B, 0xEC, 0x47, 0x21, 0xC4, 0xF4, 0x7C, 0x0B, 0xCD, 0x78, 0xCC, 0x6B, 0xB0, 0xD2,
    0xAB, 0xF9, 0x2D, 0xBC, 0xFB, 0x53, 0x22, 0x27, 0x77, 0xE5, 0x6F, 0xFF, 0x10, 0x75, 0x41, 0x93,
    0xCE, 0x7F, 0xFC, 0x17, 0x57, 0x82, 0xAB, 0x1F, 0x80, 0x92, 0xE7, 0xE9, 0xED, 0xAD, 0x6B, 0x04,
    0x0B, 0xC8, 0x47, 0xB0, 0x80, 0xC3, 0x73, 0xB4, 0xCA, 0x52, 0xC8, 0x28, 0x2B, 0xFD, 0x52, 0x98,
    0x81, 0x51, 0x3F, 0x9B, 0xBF, 0xFD, 0xCB, 0x8D, 0x7E, 0x0A, 0x61, 0x63, 0x43, 0x58, 0x0B, 0xB8,
    0x36, 0x4C, 0x98, 0xE9, 0xC2, 0x4A, 0x8E, 0x59, 0x06, 0x27, 0xAF, 0x33, 0xFD, 0x00, 0xB4, 0xC2,
    0xA7, 0xCE, 0xD8, 0x72, 0x14, 0x89, 0x7F, 0xF6, 0x90, 0x4C, 0x8A, 0xF9, 0x10, 0xF3, 0x22, 0xAF,
    0x60, 0x22, 0x1D, 0x05, 0xF2, 0x20, 0x4D, 0x31, 0x56, 0xC1, 0x7C, 0xA0, 0x11, 0xAC, 0x8C, 0x20,
    0x81, 0x87, 0x50, 0x47, 0x07, 0xAB, 0x82, 0x3E, 0x61, 0xF4, 0x74, 0xD1, 0xE9, 0x83, 0x3E, 0xEB,
    0x8B, 0x82, 0x8E, 0xFB, 0x1B, 0xD2, 0xA3, 0x3C, 0xD0, 0x4D, 0xF6, 0xFB, 0xAE, 0xA2, 0xEA, 0x16,
    0x8B, 0x33, 0x5E, 0x0A, 0x15, 0x0C, 0x7B, 0x60, 0x43, 0x42, 0x0C, 0x78, 0x72, 0x5B, 0x0A, 0x8C,
    0x88, 0x21, 0x2E, 0xB4, 0x4B, 0x93, 0xB1, 0xD6, 0xED, 0xFA, 0xC7, 0x0A, 0x5C, 0xE0, 0x60, 0xD6,
    0x41, 0x0B, 0x8B, 0xC9, 0x7D, 0x9C, 0x8C, 0xA5, 0xFC, 0x7A, 0x61, 0xF6, 0x41, 0xDF, 0xDD, 0x76,
    0xD5, 0x6C, 0x56, 0x47, 0xB0, 0xA7, 0xAB, 0xE0, 0xE9, 0x82, 0x95, 0x85, 0xD7, 0x59, 0x4B, 0x0C,
    0x41, 0x09, 0xA8, 0x03, 0xDB, 0xAA, 0x83, 0x68, 0x3A, 0x5C, 0x86, 0xED, 0xAB, 0xA3, 0x99, 0xD6,
    0x12, 0x8E, 0x08, 0xCF, 0x60, 0x8B, 0x3D, 0x48, 0x0F, 0xE8, 0xE4, 0xE4, 0x6E, 0x08, 0x17, 0x9D,
    0xDC, 0x4B, 0x76, 0x39, 0x4E, 0xFE, 0x04, 0xDE, 0xEA, 0xAD, 0x77, 0xDB, 0x15, 0x3E, 0x3D, 0x31,
    0xD6, 0x31, 0x30, 0x5F, 0x8A, 0x0D, 0xB7, 0xCB, 0x74, 0x23, 0xAC, 0x03, 0xF8, 0x35, 0x45, 0x35,
    0x2D, 0xD8, 0x7E, 0xF1, 0x15, 0x6A, 0x00, 0xFB, 0x89, 0x96, 0x99, 0x6E, 0x47, 0x54, 0x55, 0x94,
    0x4E, 0x29, 0x9A, 0x52, 0x88, 0x16, 0x53, 0x9A, 0x51, 0x25, 0x74, 0xEB, 0x6A, 0x09, 0x8F, 0x3C,
    0x3B, 0xB9, 0x3B, 0xE3, 0x8B, 0x57, 0x4B, 0xE1, 0xB0, 0xD1, 0x35, 0xAC, 0x4A, 0xB8, 0x2F, 0xCC,
    0x31, 0x32, 0x47, 0x3D, 0x3F, 0x03, 0x97, 0xE0, 0xCF, 0xAF, 0xA1, 0x14, 0x19, 0x3E, 0x51, 0x09,
    0x75, 0x10, 0x39, 0x1C, 0x28, 0xA6, 0x2A, 0xA5, 0x56, 0xE8, 0x5A, 0x40, 0xF2, 0x0E, 0x24, 0x5F,
    0xB4, 0x94, 0xA0, 0x55, 0x14, 0xA7, 0xD4, 0x87, 0x5A, 0x79, 0x7C, 0x69, 0x72, 0x8C, 0x6A, 0xA2,
    0xDF, 0x75, 0xF0, 0xA6, 0x8A, 0x06, 0x96, 0xAB, 0x8A, 0xB2, 0x84, 0xB6, 0xA2, 0x0F, 0x17, 0x81,
    0xEE, 0xE9, 0x7E, 0xB1, 0x54, 0x13, 0xB4, 0x90, 0xE5, 0xDE, 0x9C, 0xBF, 0x3A, 0xB8, 0x70, 0xB5,
    0x61, 0x5D, 0x1D, 0x21, 0xB1, 0x48, 0xD2, 0xD5, 0xE5, 0x03, 0x6D, 0xCE, 0x04, 0x76, 0x31, 0xA6,
    0xB1, 0x45, 0x7E, 0x4F, 0x59, 0xED, 0x2E, 0x28, 0x6C, 0x58, 0xC3, 0x19, 0xB8, 0x85, 0x64, 0x67,
    0x39, 0x09, 0x5C, 0x00, 0x1E, 0x71, 0x7E, 0x7D, 0x72, 0x0F, 0xC1, 0x11, 0xB7, 0xB6, 0xEF, 0xCE,
    0xF4, 0x7C, 0xC6, 0x9E, 0xC2, 0xFA, 0x7B, 0x84, 0xEB, 0x22, 0xF6, 0x21, 0xB4, 0x8D, 0xEC, 0x6B,
    0x0B, 0x72, 0x61, 0xAD, 0x8D, 0xDD, 0x0D, 0x7B, 0x20, 0x18, 0x3B, 0x77, 0x29, 0xD4, 0xF9, 0xEC,
    0x93, 0xBA, 0x73, 0xD5, 0x0A, 0x2B, 0x7C, 0x6A, 0x1A, 0x6B, 0x99, 0xAE, 0xD7, 0x8E, 0xCE, 0x1D,
    0x23, 0x28, 0x07, 0x96, 0x6A, 0xE3, 0x52, 0xC3, 0x33, 0xEC, 0x21, 0x74, 0x6E, 0x81, 0x11, 0x57,
    0x73, 0x68, 0x8C, 0xC6, 0x34, 0x32, 0x2A, 0x0F, 0x24, 0x3B, 0x8E, 0x5B, 0x0B, 0x0A, 0xEF, 0xE4,
    0x08, 0x47, 0x7A, 0xA7, 0xDC, 0x8E, 0xBD, 0x26, 0x2B, 0xB7, 0x6F, 0x07, 0x52, 0xE4, 0xDB, 0xDB,
    0x02, 0x4A, 0xD8, 0x56, 0x21, 0x7A, 0xD5, 0x0C, 0xE0, 0x33, 0x4D, 0xB3, 0x46, 0xA9, 0x2B, 0xF1,
    0xFD, 0x91, 0x27, 0x95, 0xF8, 0xD9, 0x02, 0x13, 0x81, 0xBE, 0xDE, 0xD3, 0x6D, 0xE7, 0xDE, 0xC9,
    0x31, 0x1B, 0x0C, 0x59, 0x07, 0x24, 0x63, 0xD8, 0x60, 0x78, 0x31, 0xC1, 0x85, 0x28, 0xD2, 0xE3,
    0x5D, 0x71, 0x91, 0x53, 0x5A, 0x7F, 0x0D, 0xC0, 0xA4, 0x50, 0x4B, 0x5B, 0x65, 0xBB, 0x86, 0xA6,
    0xA7, 0x50, 0xB8, 0x12, 0xE0, 0x5F, 0x94, 0x5E, 0xED, 0x4B, 0x5F, 0xEB, 0x1A, 0x91, 0x50, 0x89,
    0x6B, 0xD7, 0x14, 0xAC, 0x6E, 0xCA, 0x36, 0x89, 0x95, 0xE9, 0x6D, 0xA2, 0x77, 0x78, 0xAB, 0xF5,
    0xC9, 0x18, 0xD1, 0xA6, 0xA7, 0xC5, 0x44, 0x43, 0x18, 0x21, 0x48, 0xE4, 0x4B, 0xC2, 0xF5, 0x36,
    0x89, 0x6F, 0x8B, 0x68, 0xC4, 0x73, 0x25, 0x0C, 0x53, 0x42, 0xAB, 0x4B, 0xE2, 0xEF, 0xA1, 0xE4,
    0xB9, 0x19, 0x4B, 0xE4, 0xE4, 0x37, 0xAC, 0x8B, 0xC6, 0x5B, 0xBC, 0xD7, 0x8A, 0x9A, 0x6E, 0x44,
    0xCB, 0x10, 0x52, 0x2D, 0x3D, 0xA3, 0x5D, 0xD2, 0xAE, 0xA7, 0x70, 0x68, 0x49, 0xF9, 0xA6, 0x10,
    0x69, 0xA0, 0x1C, 0x05, 0xB1, 0x2A, 0xDC, 0xB1, 0x64, 0x5F, 0xB4, 0x3C, 0xCD, 0xE9, 0xD9, 0x64,
    0x56, 0xB2, 0x7B, 0xB7, 0xD0, 0x00, 0xDE, 0x6D, 0x41, 0x1D, 0xFB, 0x30, 0xA8, 0x58, 0x12, 0x7F,
    0x9F, 0xDA, 0x71, 0x07, 0x6B, 0xBC, 0xA6, 0xA5, 0x68, 0x8F, 0xA7, 0xF5, 0xC9, 0x5D, 0x5C, 0xED,
    0xD9, 0xE4, 0x6E, 0x6B, 0xCE, 0xDE, 0x6B, 0x38, 0x0A, 0xED, 0xD0, 0xA0, 0x19, 0xEF, 0x67, 0xBA,
    0x3F, 0xFE, 0xAD, 0xE6, 0xC8, 0xB7, 0xD0, 0xB6, 0x39, 0xBF, 0xC0, 0x38, 0x66, 0xF0, 0x90, 0xC5,
    0xAF, 0xF8, 0xFE, 0x2B, 0x47, 0xDF, 0x7F, 0xD6, 0x77, 0x88, 0xD8, 0x95, 0xD5, 0x41, 0x0C, 0xF3,
    0x8E, 0x11, 0xB9, 0xE2, 0xA0, 0xA5, 0xCA, 0x61, 0x41, 0x47, 0x9C, 0x99, 0xAF, 0xD2, 0x0D, 0xA2,
    0xB1, 0xBD, 0xCF, 0xD1, 0xA4, 0xCD, 0x05, 0xB4, 0x7A, 0xD9, 0x1A, 0xB0, 0xD4, 0xDC, 0x68, 0x0F,
    0x7D, 0x30, 0x78, 0x86, 0xF6, 0x63, 0xE9, 0x4B, 0x5A, 0x31, 0xA5, 0x6A, 0xD3, 0x6D, 0x23, 0xDD,
    0x30, 0x48, 0x58, 0x61, 0x96, 0xA0, 0x0A, 0x0F, 0xAA, 0x10, 0x50, 0x7B, 0x46, 0xAD, 0xD3, 0x51,
    0xEB, 0x37, 0xD4, 0x82, 0xFF, 0x16, 0xD9, 0xED, 0xAB, 0x39, 0x0B, 0x08, 0x74, 0x45, 0xD2, 0x1C,
    0xCE, 0x6E, 0xE6, 0xE9, 0x21, 0x99, 0xB5, 0xE6, 0x1D, 0xAF, 0xD9, 0x36, 0x4E, 0x45, 0xBC, 0x57,
    0xFB, 0x5D, 0x9A, 0x55, 0x0B, 0xDE, 0x72, 0xC9, 0x80, 0x12, 0x1C, 0x15, 0x95, 0x38, 0x2B, 0x2B,
    0x61, 0x2E, 0xBA, 0xFC, 0x5A, 0xBA, 0xBA, 0xFC, 0xB7, 0xF2, 0x3E, 0x2F, 0x55, 0x27, 0xAE, 0x94,
    0xAA, 0x88, 0x44, 0xA9, 0xA2, 0x02, 0x9D, 0x68, 0xD1, 0xF9, 0x0A, 0x9D, 0x2B, 0xD1, 0xF1, 0xBB,
    0x87, 0xBA, 0x6D, 0x06, 0x37, 0xD8, 0xF9, 0x06, 0x36, 0x56, 0xD8, 0x97, 0x31, 0x8B, 0x42, 0x54,
    0x55, 0xFF, 0x01, 0xB4, 0xF9, 0x12, 0x70, 0x40, 0x55, 0xA0, 0x0C, 0x84, 0x17, 0x94, 0x5F, 0x2B,
    0x20, 0x17, 0xA5, 0xA8, 0x07, 0xA5, 0x20, 0x01, 0x0A, 0x40, 0x1E, 0x8B, 0x5B, 0xD1, 0x39, 0xB8,
    0x00, 0xB8, 0xAD, 0xC9, 0xFF, 0xE6, 0x3D, 0xBE, 0x34, 0xE0, 0x0A, 0x47, 0x30, 0x96, 0x27, 0xE7,
    0x49, 0x9C, 0xD7, 0x91, 0x71, 0x1B, 0xDB, 0x79, 0xD2, 0x3C, 0x9A, 0x20, 0x52, 0xF0, 0x6C, 0xCA,
    0xD1, 0x3A, 0xCA, 0x11, 0x03, 0x45, 0x83, 0xB8, 0x65, 0x5C, 0xC2, 0x02, 0x22, 0x4E, 0x50, 0xEB,
    0x93, 0x1C, 0x03, 0xCF, 0x26, 0x3D, 0x9F, 0x4D, 0x21, 0x9F, 0xCE, 0xFD, 0x40, 0x51, 0x05, 0xDB,
    0xC1, 0xB1, 0x8A, 0x79, 0x78, 0xAE, 0xB1, 0x5D, 0xFE, 0xFF, 0x98, 0x3A, 0xC7, 0xDA, 0x84, 0xD5,
    0x0E, 0x9D, 0x67, 0xFA, 0x43, 0xCE, 0x98, 0x9C, 0xDD, 0x9D, 0xFB, 0x07, 0xDD, 0x77, 0xA9, 0x7B,
    0xFF, 0x40, 0xC8, 0x08, 0x60, 0x47, 0x91, 0x09, 0x39, 0xBC, 0x86, 0xBF, 0xDB, 0x70, 0xC3, 0xE3,
    0xC1, 0x6E, 0x88, 0xB1, 0xB6, 0xB2, 0x8B, 0x63, 0xFF, 0x71, 0x73, 0x89, 0x76, 0x4D, 0xE2, 0x34,
    0xC1, 0x51, 0xE0, 0x28, 0x8F, 0x23, 0x22, 0xE3, 0x58, 0x07, 0x91, 0x9D, 0x6F, 0x66, 0x10, 0x90,
    0x57, 0xC7, 0xF8, 0x9F, 0xE5, 0xE1, 0x3E, 0x8E, 0x05, 0xFC, 0xBB, 0x34, 0x99, 0x7C, 0x94, 0x41,
    0x4C, 0x67, 0x3F, 0xF9, 0xE2, 0x23, 0x4E, 0x4A, 0xAF, 0x45, 0x48, 0x9B, 0xD6, 0x0F, 0x9C, 0xE6,
    0x55, 0x09, 0x69, 0xA5, 0xA9, 0xC0, 0x53, 0x82, 0x0D, 0xA2, 0x32, 0x42, 0xDE, 0x9C, 0x93, 0xA3,
    0x0D, 0xA0, 0xA5, 0x8B, 0xC0, 0xA0, 0xD0, 0x42, 0xC8, 0x90, 0x00, 0xE1, 0x22, 0x46, 0xCA, 0xAF,
    0x00, 0xB7, 0x5B, 0x4F, 0x3A, 0xCA, 0x6B, 0xDC, 0x06, 0xBD, 0x04, 0x5A, 0x2E, 0x91, 0xEB, 0x73,
    0x04, 0x0A, 0xAC, 0xC2, 0xCA, 0x90, 0xF5, 0xC6, 0x2A, 0x62, 0xC8, 0xA6, 0x38, 0xF3, 0xF0, 0x3E,
    0x00, 0x92, 0x1C, 0x50, 0x29, 0x31, 0xE9, 0xA3, 0xE0, 0xC0, 0x4A, 0x55, 0x44, 0x80, 0x98, 0x2D,
    0x63, 0x58, 0x07, 0xE6, 0x1B, 0x30, 0xE8, 0x96, 0x42, 0x79, 0xB5, 0x57, 0x0F, 0xA6, 0xBE, 0xF4,
    0x9A, 0xB8, 0x08, 0x70, 0x52, 0x81, 0x8A, 0x84, 0xDA, 0x07, 0x21, 0xF6, 0xEF, 0x94, 0x80, 0x7C,
    0xB7, 0x9A, 0xE0, 0x21, 0xE7, 0x5D, 0x0F, 0x60, 0x3B, 0x92, 0x0C, 0x87, 0x42, 0xCE, 0x89, 0x8C,
    0x25, 0x14, 0x9F, 0x75, 0xC1, 0x26, 0x19, 0xEC, 0x89, 0xD4, 0xC7, 0xF8, 0xD9, 0x69, 0x19, 0x68,
    0xE1, 0xFC, 0xAC, 0xB5, 0x8A, 0x41, 0xFC, 0x63, 0xCB, 0xA4, 0x04, 0x3B, 0x74, 0x29, 0x82, 0x77,
    0x98, 0xFB, 0x92, 0xB3, 0xA1, 0xA7, 0xC0, 0x59, 0x07, 0x1E, 0x0D, 0x0C, 0x40, 0xC2, 0x1E, 0x03,
    0xC0, 0x61, 0xCC, 0xAB, 0xC3, 0x5C, 0x60, 0x45, 0x84, 0x2B, 0x6D, 0x1A, 0xC8, 0x45, 0x23, 0xC5,
    0xA7, 0xDB, 0x1A, 0x84, 0x21, 0xE9, 0x71, 0x14, 0x10, 0x00, 0xD0, 0x64, 0x0C, 0xDD, 0xAA, 0xB3,
    0x93, 0x8F, 0x1B, 0x6B, 0x07, 0x1C, 0x7C, 0x37, 0x6D, 0xE0, 0x65, 0x19, 0xB1, 0xEE, 0x38, 0xCF,
    0xA4, 0xB6, 0x82, 0x30, 0x43, 0xB5, 0xDD, 0x3A, 0x33, 0x08, 0x42, 0x2B, 0xA6, 0xF5, 0x7B, 0x1A,
    0xBE, 0xF5, 0x2A, 0x7F, 0x08, 0x48, 0x5C, 0x89, 0x18, 0xFF, 0x2A, 0x96, 0x81, 0xDE, 0x58, 0x65,
    0x6E, 0x31, 0x34, 0xE7, 0x66, 0x83, 0x18, 0xDA, 0xD7, 0x5E, 0xC0, 0xC5, 0x41, 0x7E, 0xE9, 0x7E,
    0x06, 0xF3, 0x7F, 0x95, 0xBF, 0x4C, 0x67, 0x0B, 0x56, 0xCE, 0x23, 0x58, 0x17, 0x79, 0x4F, 0x4B,
    0xFF, 0x53, 0x29, 0xDE, 0x57, 0xF0, 0xAD, 0x84, 0xB1, 0x63, 0x72, 0x8B, 0x7E, 0x04, 0xC0, 0xDA,
    0xE2, 0x96, 0xDD, 0x90, 0x91, 0x7B, 0xEE, 0x95, 0x9C, 0x09, 0x5C, 0xFD, 0x69, 0x2E, 0x76, 0x74,
    0x99, 0xD1, 0xA8, 0x2C, 0x90, 0xE0, 0xA7, 0x26, 0x2E, 0x06, 0x7B, 0xC4, 0xCF, 0x3C, 0xCE, 0xF3,
    0xBC, 0x8E, 0xD7, 0xF3, 0x7B, 0x6C, 0x71, 0xF1, 0x61, 0x02, 0xBE, 0x8B, 0x67, 0x2D, 0xA5, 0xB0,
    0xF0, 0xAC, 0xE4, 0x0A, 0x21, 0x90, 0xEC, 0x89, 0x4B, 0xAA, 0x77, 0xBF, 0x63, 0xBC, 0xE4, 0xF9,
    0x0C, 0xEB, 0x78, 0x3D, 0xE3, 0x42, 0x78, 0xA8, 0xAB, 0x5B, 0xB1, 0xD3, 0x67, 0xF9, 0x6A, 0x61,
    0xE0, 0x58, 0x6B, 0xE2, 0x97, 0x45, 0x67, 0x6C, 0x59, 0xB4, 0x8A, 0x59, 0x17, 0x8E, 0xC3, 0xA5,
    0x9C, 0x7B, 0xA0, 0xD6, 0x5D, 0xD2, 0x99, 0x00, 0xCC, 0x7D, 0x56, 0x1E, 0x77, 0x99, 0xF6, 0x85,
    0xCB, 0xEC, 0xEC, 0x5D, 0xC6, 0x0A, 0x02, 0x88, 0x1B, 0xA1, 0x22, 0x83, 0xD9, 0x14, 0x30, 0x9F,
    0x07, 0x90, 0x29, 0xA3, 0x08, 0x26, 0x56, 0xD3, 0xD4, 0xA8, 0xE9, 0x04, 0xE6, 0x07, 0x04, 0x46,
    0x6C, 0x21, 0x63, 0xAA, 0x4A, 0x24, 0xFD, 0xDA, 0x79, 0x56, 0xA2, 0x50, 0x85, 0x4E, 0xD1, 0x32,
    0x30, 0xA0, 0xE1, 0x5C, 0xCB, 0xC7, 0x23, 0x1B, 0x57, 0x7E, 0xE6, 0xD0, 0xBF, 0x4A, 0x30, 0x22,
    0x51, 0xCE, 0x21, 0xD4, 0x0A, 0xAE, 0x9A, 0x24, 0x72, 0x89, 0x21, 0x8E, 0x97, 0x53, 0x13, 0x82,
    0x85, 0x99, 0xE7, 0x75, 0xBC, 0x9E, 0x4E, 0x98, 0x1A, 0xAD, 0x3C, 0x9D, 0x8F, 0xC0, 0xB0, 0x65,
    0xE4, 0xE2, 0x8B, 0x09, 0x7C, 0xD4, 0xA4, 0xBA, 0xCB, 0xF2, 0x2A, 0xE1, 0x88, 0x30, 0x38, 0xA6,
    0x9D, 0x67, 0xCC, 0x0F, 0x24, 0xB2, 0xFF, 0x19, 0xB2, 0x65, 0xB2, 0x6D, 0x82, 0x39, 0x76, 0xEE,
    0xE3, 0xFE, 0xA4, 0x90, 0xA3, 0x7C, 0x93, 0x93, 0xD2, 0x0B, 0x39, 0x67, 0x5B, 0x79, 0x48, 0x96,
    0x92, 0x73, 0x66, 0x4F, 0x5F, 0x37, 0x04, 0x95, 0x2D, 0x7A, 0x6A, 0xF1, 0x88, 0x41, 0xBF, 0x51,
    0x4E, 0xA7, 0x68, 0xE3, 0xAA, 0x7A, 0xE1, 0x63, 0x81, 0xED, 0x70, 0xD4, 0x44, 0x6C, 0x42, 0x1D,
    0xAE, 0x96, 0xE5, 0x33, 0xC9, 0x65, 0x66, 0x06, 0xC7, 0x40, 0xC9, 0x03, 0x8D, 0x7C, 0x97, 0x7E,
    0x8D, 0xE3, 0x95, 0x43, 0xC3, 0x99, 0x4A, 0xD9, 0xAC, 0x52, 0x94, 0xF3, 0x31, 0x07, 0xCF, 0x23,
    0xDB, 0x69, 0xAE, 0x3C, 0x58, 0x94, 0xAC, 0x5B, 0x88, 0x9B, 0x0B, 0x5B, 0xD8, 0x8B, 0x4D, 0x5B,
    0xFB, 0xEA, 0xF0, 0x59, 0x1D, 0x25, 0xCF, 0xEF, 0xD9, 0xC0, 0x09, 0xCB, 0x77, 0x3C, 0x53, 0x7B,
    0x86, 0x9F, 0x99, 0xC2, 0xF7, 0xDB, 0x0D, 0xDF, 0x38, 0xCC, 0x21, 0x27, 0xFA, 0x36, 0xA7, 0x3C,
    0xDA, 0x8E, 0x3F, 0x33, 0xF6, 0xFF, 0xBC, 0x4F, 0xF8, 0x39, 0xEC, 0x73, 0x38, 0x2A, 0x93, 0x9D,
    0x3C, 0xCB, 0x39, 0xF2, 0xBD, 0x04, 0xEC, 0xE1, 0x54, 0x0F, 0x35, 0xDF, 0x93, 0x36, 0xA4, 0xDB,
    0xCB, 0x9F, 0x34, 0x3A, 0xE3, 0x12, 0xE7, 0x18, 0x61, 0x5F, 0xE4, 0xB2, 0xA2, 0x88, 0xBE, 0x50,
    0x3E, 0x46, 0xD8, 0x5F, 0x38, 0x38, 0xD9, 0x36, 0x62, 0x9C, 0xBD, 0xFF, 0x78, 0x44, 0x43, 0x61,
    0x36, 0x47, 0x2D, 0x7F, 0xFE, 0x78, 0x2B, 0x4C, 0x4C, 0x2D, 0xDB, 0xF1, 0x8F, 0x52, 0x56, 0x98,
    0x31, 0xF2, 0x6C, 0x82, 0x3B, 0x46, 0x26, 0xB2, 0x0D, 0x8C, 0x34, 0x59, 0xF2, 0x8C, 0xED, 0x1D,
    0x36, 0x94, 0xFF, 0x42, 0xEE, 0x33, 0xC9, 0xF8, 0xCF, 0x46, 0xFA, 0xD3, 0xB4, 0xFF, 0xE1, 0xDB,
    0xA8, 0x98, 0x83, 0x6B, 0x4A, 0xB7, 0xDC, 0x26, 0xA4, 0xDE, 0x43, 0x69, 0xD6, 0x23, 0xFD, 0xDC,
    0x59, 0x04, 0xA5, 0xFF, 0xF8, 0x73, 0x24, 0xA1, 0xBF, 0x7D, 0x70, 0x9D, 0xDC, 0xA7, 0xFE, 0xBF,
    0x00, 0x5E, 0x38, 0xC7, 0x2D, 0x80, 0x6A, 0x00, 0xD3, 0x91, 0x2B, 0x86, 0x26, 0xA0, 0xEF, 0x6E,
    0xB4, 0x96, 0x52, 0x11, 0xE6, 0x6D, 0xF0, 0xB8, 0xF1, 0x76, 0x24, 0x69, 0xF3, 0x03, 0x10, 0x03,
    0x0A, 0x19, 0x3C, 0x46, 0x42, 0x43, 0x5E, 0xDB, 0x64, 0x2B, 0x5B, 0x2E, 0x7E, 0xE7, 0xF8, 0x0B,
    0xA6, 0x29, 0x2D, 0x42, 0xBD, 0xF0, 0xF5, 0x6F, 0xE8, 0x2A, 0xFF, 0x28, 0xF0, 0x43, 0x07, 0x45,
    0x3F, 0x4A, 0xBE, 0x7C, 0xA4, 0x15, 0x9A, 0x29, 0xF6, 0x4B, 0xFB, 0x63, 0x86, 0xC3, 0xD0, 0x87,
    0x33, 0x98, 0x2D, 0xDA, 0x6D, 0x9D, 0x42, 0xCE, 0x98, 0xAB, 0xD7, 0xAD, 0xDD, 0xA0, 0x78, 0xA0,
    0xA1, 0x30, 0x45, 0x38, 0x00, 0xFA, 0x41, 0xA6, 0xC4, 0x8B, 0x2F, 0x7A, 0x23, 0x97, 0x1F, 0x5C,
    0x41, 0x33, 0x52, 0x1B, 0x16, 0x47, 0x7E, 0x86, 0xF4, 0x13, 0xBB, 0x66, 0x2F, 0xDE, 0xEE, 0xB5,
    0x0D, 0x23, 0x4F, 0x98, 0x4F, 0x00, 0xA4, 0x39, 0x5E, 0xFE, 0x6A, 0x72, 0x70, 0x01, 0x17, 0x66,
    0x7C, 0x76, 0xC2, 0x88, 0x7C, 0x7B, 0xB6, 0x50, 0x5F, 0xEA, 0xE6, 0xC6, 0xC9, 0xF2, 0x7F, 0xBD,
    0x58, 0xBF, 0x8F, 0xDC, 0xC6, 0x15, 0xFE, 0x48, 0x9E, 0xB5, 0x56, 0x08, 0x68, 0xAE, 0x90, 0x00,
    0x45, 0x8A, 0xC4, 0x2B, 0x14, 0xC4, 0x50, 0x4E, 0xC7, 0x14, 0x2A, 0xB6, 0xE0, 0x92, 0x44, 0x0C,
    0xC4, 0x85, 0x81, 0xC0, 0x85, 0x55, 0xA9, 0x88, 0xCA, 0x40, 0x85, 0x93, 0x42, 0xC5, 0x16, 0x2B,
    0x1D, 0x61, 0x15, 0x69, 0xAF, 0x71, 0xA5, 0xC6, 0x70, 0x14, 0x20, 0x5E, 0x17, 0xBA, 0xE2, 0x02,
    0x6C, 0xE0, 0xBD, 0x5B, 0x5A, 0x2A, 0x5C, 0x18, 0x88, 0xA8, 0xFF, 0x80, 0x49, 0x8A, 0x20, 0x4A,
    0xA1, 0x31, 0x42, 0x27, 0x94, 0x6F, 0x6F, 0xC7, 0xDF, 0x1B, 0x72, 0xD7, 0x07, 0xE7, 0xE4, 0xC8,
    0xBA, 0xB3, 0x48, 0xBE, 0xB7, 0xE4, 0xFC, 0x78, 0xF3, 0xE6, 0xCD, 0x9B, 0xEF, 0xBD, 0x59, 0x0C,
    0xC6, 0x7D, 0xE0, 0xF2, 0xE5, 0xCB, 0xDD, 0x6E, 0xB7, 0xDF, 0xEF, 0x0F, 0xC6, 0x83, 0x15, 0x9C,
    0x06, 0x7A, 0xC0, 0xAD, 0xD4, 0x33, 0x55, 0xB0, 0x37, 0x8E, 0xA3, 0xD3, 0xE3, 0x08, 0x55, 0x04,
    0x3D, 0x7F, 0xEA, 0x08, 0x83, 0x08, 0x49, 0x14, 0x29, 0x33, 0x75, 0x4C, 0x21, 0x8D, 0x57, 0x01,
    0xBF, 0x06, 0xD6, 0x4D, 0xE6, 0xEC, 0x05, 0x85, 0xA7, 0xDD, 0xC2, 0xCB, 0x81, 0xFD, 0x94, 0x98,
    0x3D, 0xD2, 0x14, 0x8E, 0x06, 0x20, 0x54, 0xB5, 0xC4, 0x77, 0xE7, 0x0B, 0x20, 0x34, 0x4F, 0xB7,
    0x93, 0x8F, 0xD8, 0x00, 0x67, 0x36, 0x56, 0xB0, 0xBC, 0xBD, 0x57, 0x27, 0x46, 0x07, 0xAF, 0x17,
    0x6B, 0x8E, 0xEE, 0x39, 0x7A, 0xCD, 0xD5, 0xC1, 0x1B, 0x25, 0x4B, 0x58, 0xBE, 0x8C, 0xE5, 0x15,
    0x60, 0x63, 0x0C, 0x57, 0xC7, 0xF0, 0x8A, 0x20, 0x55, 0xB9, 0x9F, 0x87, 0xF0, 0x4A, 0xEA, 0x51,
    0x51, 0x89, 0x5B, 0x94, 0x18, 0xE6, 0xF0, 0x8D, 0x81, 0x32, 0x26, 0x85, 0x4A, 0xE1, 0xFC, 0xEA,
    0x3D, 0xFB, 0xEE, 0xDE, 0x7B, 0x0C, 0xF9, 0xB6, 0xE4, 0x03, 0xDD, 0x68, 0x7E, 0x2D, 0x53, 0x93,
    0xEE, 0xA0, 0xBD, 0xBA, 0x14, 0x50, 0xC0, 0xA1, 0x32, 0xDE, 0x17, 0x13, 0xF8, 0xF9, 0x71, 0xF8,
    0x19, 0xDB, 0xCB, 0x4C, 0x9E, 0x92, 0x4C, 0x49, 0x61, 0x33, 0x84, 0x58, 0x4F, 0x63, 0xA8, 0x2C,
    0x64, 0x6D, 0x50, 0x2A, 0x74, 0x38, 0x43, 0x4C, 0xA8, 0x80, 0xCB, 0x5F, 0xC4, 0x38, 0x89, 0x35,
    0xF2, 0x18, 0xE1, 0xE3, 0x29, 0xEB, 0xA8, 0xD4, 0x99, 0x14, 0x17, 0x4E, 0x0F, 0xE2, 0x41, 0x0F,
    0xC7, 0x3E, 0x64, 0x8B, 0x09, 0x4D, 0xE7, 0x95, 0xCE, 0x54, 0x94, 0x09, 0x10, 0xB9, 0x7B, 0x9D,
    0xAC, 0x1F, 0x98, 0xDB, 0xF9, 0x66, 0xCF, 0x41, 0xA1, 0xB7, 0x80, 0xB2, 0x64, 0x27, 0xFD, 0x35,
    0xD3, 0x23, 0x96, 0x6D, 0x26, 0x77, 0x7E, 0x9E, 0x47, 0xBE, 0x79, 0x3D, 0x3F, 0x8F, 0xB7, 0x95,
    0x28, 0x75, 0x13, 0xCE, 0xEC, 0xAA, 0xCC, 0x99, 0x73, 0xB5, 0x97, 0x7A, 0x9C, 0x4C, 0x06, 0x6A,
    0x8B, 0x77, 0x5F, 0xC5, 0xEB, 0xC1, 0x13, 0x07, 0x28, 0x2E, 0x78, 0xC5, 0xC8, 0xFF, 0x44, 0x07,
    0x5E, 0xD1, 0x53, 0xD9, 0x38, 0x00, 0x39, 0xDF, 0x59, 0xE2, 0x95, 0x23, 0x14, 0x97, 0xAF, 0x0F,
    0x87, 0xEF, 0x1B, 0x63, 0xAA, 0x8B, 0xC3, 0x61, 0xB5, 0x6F, 0x6D, 0xE6, 0xB4, 0xBC, 0x3E, 0x9D,
    0xEC, 0x9D, 0x7A, 0x1B, 0xEF, 0xA4, 0xF0, 0x76, 0x35, 0x14, 0x22, 0xAC, 0x4E, 0x7E, 0x89, 0xCB,
    0x1F, 0x7C, 0x86, 0x9F, 0x7D, 0x7C, 0x9B, 0xD4, 0x41, 0xF7, 0xF7, 0x6F, 0x62, 0xF5, 0x83, 0xBF,
    0xD8, 0x3A, 0x4F, 0x66, 0x7B, 0x11, 0x60, 0x0F, 0x2E, 0xC2, 0xF5, 0x0F, 0xE1, 0x96, 0x08, 0xF6,
    0x10, 0x29, 0xF4, 0x7D, 0x79, 0xF8, 0xC2, 0xCF, 0x4E, 0x09, 0xDA, 0x88, 0xCD, 0x9B, 0xE7, 0xFA,
    0xCE, 0x1F, 0x8D, 0x99, 0x5D, 0xDC, 0xB9, 0xBB, 0x28, 0xE1, 0x75, 0x7D, 0xC8, 0xC2, 0xBD, 0x8B,
    0xC3, 0xBB, 0x7E, 0xB6, 0x5E, 0x6E, 0x6A, 0x68, 0xEA, 0x9C, 0xAD, 0x61, 0x67, 0x63, 0xA2, 0xCF,
    0x64, 0x13, 0xED, 0xE5, 0x0A, 0x49, 0x71, 0x4A, 0x63, 0xF3, 0x4F, 0x7A, 0x52, 0xBC, 0x02, 0x97,
    0xB6, 0x0C, 0xD9, 0x73, 0x85, 0x5E, 0x75, 0x43, 0x63, 0x74, 0xE0, 0x53, 0xA1, 0x9E, 0x7A, 0xB5,
    0x31, 0xA3, 0xDD, 0xE9, 0x0D, 0x9D, 0x8A, 0xFF, 0x35, 0x0F, 0x07, 0x43, 0x60, 0x4C, 0x96, 0x98,
    0x4F, 0xB3, 0x09, 0xC9, 0x7C, 0x83, 0xA4, 0x4C, 0xEA, 0x7C, 0x12, 0xBC, 0x67, 0xD0, 0x9B, 0xB7,
    0x53, 0xD7, 0x50, 0xD6, 0xAF, 0x81, 0xD1, 0xB4, 0x7F, 0x7C, 0x75, 0x50, 0x5D, 0xE3, 0x82, 0xE4,
    0x49, 0xFE, 0x93, 0xDC, 0x5B, 0xDC, 0x90, 0xB9, 0x87, 0xD6, 0x20, 0x5B, 0x3E, 0x9F, 0xB4, 0xAF,
    0x10, 0xDF, 0x82, 0xA2, 0xEF, 0xA4, 0x78, 0xED, 0x07, 0x76, 0x71, 0x3A, 0xB9, 0x7F, 0x9F, 0x8B,
    0x53, 0x3B, 0x3A, 0xE2, 0x12, 0xD9, 0xA5, 0xCB, 0x59, 0xCE, 0x5A, 0x5E, 0xD7, 0xE8, 0x7C, 0x54,
    0xD9, 0xD0, 0xFD, 0x71, 0x47, 0x7C, 0xC0, 0xA7, 0xDD, 0xC9, 0x7A, 0xC2, 0xC6, 0xC2, 0x38, 0x1F,
    0xDF, 0xA3, 0x81, 0x59, 0x49, 0xD7, 0x56, 0x18, 0xD0, 0x23, 0xE9, 0x6A, 0x18, 0x78, 0x64, 0x5A,
    0x71, 0x8D, 0xCA, 0xB5, 0x1D, 0x74, 0xF2, 0xC4, 0x48, 0xCF, 0x08, 0x27, 0x5A, 0x83, 0xDB, 0x6B,
    0x23, 0xE4, 0x8A, 0x51, 0x78, 0x7E, 0x87, 0xF6, 0xF4, 0x39, 0x16, 0x97, 0x8C, 0x54, 0xC1, 0x77,
    0x35, 0xC5, 0x52, 0x7F, 0x95, 0x6D, 0x21, 0xEC, 0xCC, 0x38, 0x03, 0x85, 0x1A, 0x8A, 0x9B, 0xBA,
    0xC7, 0xE2, 0x91, 0xCA, 0xDC, 0x32, 0x80, 0xFF, 0xCF, 0x55, 0x6E, 0x10, 0x11, 0x74, 0x26, 0xC3,
    0x05, 0x4C, 0x68, 0x73, 0x8E, 0x04, 0xF1, 0x1B, 0xAA, 0x94, 0x14, 0x7C, 0xFF, 0xB1, 0xE6, 0xA8,
    0xD8, 0x8C, 0x81, 0x3F, 0x68, 0xAA, 0x36, 0xC9, 0xA9, 0xEF, 0x92, 0x57, 0x2E, 0xD1, 0x32, 0xDC,
    0xCA, 0x6C, 0xB8, 0x2E, 0x3B, 0xC8, 0x88, 0xBE, 0x0F, 0xA9, 0xAF, 0x7F, 0x2F, 0xF3, 0x4A, 0x65,
    0x72, 0xF6, 0x54, 0xB2, 0x6F, 0x55, 0xAB, 0xE8, 0x05, 0xC8, 0xC4, 0xF8, 0x2C, 0xDB, 0xCF, 0xB9,
    0xE3, 0xB8, 0x53, 0x04, 0x35, 0xFB, 0x53, 0xB5, 0x76, 0x6D, 0xE9, 0xC4, 0x63, 0x6C, 0x25, 0xBF,
    0xA8, 0x02, 0x53, 0xBA, 0x33, 0xD0, 0x41, 0xA4, 0x80, 0xA8, 0xC4, 0x2D, 0xD3, 0xC9, 0x1A, 0x61,
    0x0E, 0x7F, 0x69, 0x4F, 0xF8, 0x34, 0x9B, 0x62, 0x1F, 0x8A, 0x40, 0x8F, 0xB2, 0x23, 0x5A, 0x75,
    0x24, 0xF6, 0x56, 0x70, 0x4A, 0x95, 0x79, 0xD4, 0xBF, 0x63, 0x4C, 0x41, 0x7C, 0xD1, 0xEA, 0xCA,
    0x15, 0xBD, 0xC6, 0x5A, 0x19, 0x55, 0x2C, 0x7C, 0x03, 0x38, 0xDF, 0x08, 0xE3, 0x4C, 0x64, 0x8D,
    0x40, 0x28, 0x70, 0x8A, 0xA3, 0x97, 0x2F, 0x72, 0x44, 0x86, 0xF4, 0x5F, 0x79, 0xF5, 0x88, 0x75,
    0x27, 0x5E, 0x4C, 0xDE, 0x00, 0x76, 0x69, 0xFE, 0x72, 0xFB, 0xE8, 0x75, 0xEF, 0x5E, 0xE2, 0x92,
    0xC5, 0xCD, 0xEF, 0x51, 0xCB, 0x76, 0xD2, 0x46, 0xC6, 0x6A, 0xD4, 0x90, 0xAA, 0xEC, 0x5E, 0x3B,
    0x22, 0xBB, 0x0C, 0x87, 0xA2, 0xAA, 0x31, 0x22, 0xEC, 0xB1, 0xBC, 0x33, 0xCC, 0xF0, 0x5A, 0xB7,
    0xFC, 0xBF, 0xC2, 0xBD, 0xBF, 0x0B, 0xEF, 0x3C, 0x10, 0xAE, 0x3C, 0x89, 0x3E, 0xB1, 0xE5, 0x63,
    0xD9, 0x34, 0x44, 0xAF, 0xDC, 0xF6, 0x27, 0xF7, 0x2D, 0x0F, 0x6C, 0x68, 0xEC, 0x59, 0x3E, 0x96,
    0x9A, 0x42, 0xB7, 0xF2, 0xED, 0x75, 0xEC, 0xA9, 0x44, 0x89, 0xD2, 0x9B, 0x5D, 0xAD, 0x54, 0x81,
    0x6B, 0xE2, 0x4F, 0xBD, 0xD6, 0x71, 0xEB, 0x7D, 0xE8, 0x5C, 0xB7, 0x34, 0xB0, 0x61, 0x87, 0x52,
    0x25, 0xB8, 0x69, 0x47, 0xBB, 0x9C, 0x0D, 0xA3, 0x42, 0x26, 0xF0, 0x8B, 0x66, 0xD7, 0x52, 0xA6,
    0x5D, 0x5F, 0x95, 0xA3, 0x43, 0x73, 0xDC, 0x68, 0x30, 0xF6, 0xAE, 0x31, 0xD3, 0x2F, 0x87, 0x77,
    0x2B, 0x2B, 0x6E, 0xF1, 0xB0, 0x37, 0x9F, 0x6F, 0x14, 0xDA, 0xF2, 0xE9, 0x44, 0xE2, 0x74, 0x2A,
    0xBB, 0x39, 0xC8, 0x71, 0xE9, 0x10, 0x42, 0x06, 0x8C, 0xB2, 0xC4, 0xCD, 0xFC, 0x18, 0xB2, 0x17,
    0x93, 0xD0, 0x79, 0x37, 0xF7, 0x1F, 0x14, 0xE4, 0x2F, 0xAC, 0xC3, 0x32, 0x03, 0x68, 0x98, 0xBA,
    0xB9, 0x38, 0xA2, 0x57, 0x7C, 0xFB, 0xED, 0xE6, 0x4E, 0xEA, 0xE7, 0x49, 0xD6, 0xB7, 0x18, 0x5C,
    0xFD, 0x9F, 0x7B, 0x93, 0x6E, 0xAD, 0xAA, 0xB8, 0xB7, 0x72, 0xFC, 0x79, 0x24, 0xBF, 0x76, 0xEE,
    0x66, 0x12, 0x9D, 0x7B, 0x3E, 0x2D, 0x8E, 0x0D, 0x99, 0x40, 0x30, 0xA1, 0x29, 0xA0, 0x86, 0x1F,
    0xD5, 0x92, 0x40, 0x6C, 0x0B, 0x0B, 0x85, 0xA9, 0x54, 0x58, 0x46, 0xE6, 0xE7, 0x93, 0x8A, 0x78,
    0x4A, 0xFC, 0xED, 0xE4, 0xF6, 0x53, 0x58, 0x36, 0xAF, 0x0D, 0xA4, 0x31, 0xF3, 0x97, 0x94, 0x68,
    0xA9, 0xC4, 0x53, 0xE8, 0x92, 0x99, 0x45, 0x2E, 0x67, 0xEF, 0x1C, 0xBC, 0x27, 0x4C, 0x7E, 0xDE,
    0xAD, 0xD0, 0x44, 0x1B, 0x5C, 0x13, 0x24, 0x25, 0x96, 0x69, 0x23, 0x44, 0x2C, 0xFF, 0x77, 0x09,
    0xFD, 0x79, 0xC5, 0x9C, 0x64, 0x4C, 0x4A, 0x48, 0x2A, 0xD3, 0xBA, 0x53, 0x68, 0xED, 0x6A, 0xAD,
    0x31, 0x25, 0xC5, 0x24, 0x45, 0xF2, 0x49, 0x9E, 0xDE, 0x14, 0x18, 0x3E, 0x89, 0xD6, 0x43, 0x11,
    0xCA, 0x48, 0x6E, 0x3E, 0x0F, 0x38, 0x67, 0xE9, 0xE8, 0x90, 0xE9, 0x74, 0x9E, 0x5E, 0xAD, 0xC4,
    0x39, 0xA7, 0x48, 0x08, 0xCE, 0x82, 0xE6, 0x2A, 0x1D, 0x8B, 0xE3, 0xD6, 0x12, 0x19, 0xAA, 0x96,
    0x79, 0xB9, 0xFD, 0xAC, 0x25, 0xBA, 0x0D, 0xA4, 0x36, 0x16, 0xB0, 0x0D, 0x53, 0x30, 0x86, 0x96,
    0x9C, 0x8E, 0x75, 0x7C, 0x26, 0xA3, 0x92, 0x0F, 0xBD, 0xD5, 0x22, 0x5A, 0xB3, 0x2D, 0xB0, 0x23,
    0x6F, 0xE5, 0x4B, 0x1A, 0xD7, 0xB5, 0x01, 0x58, 0xB6, 0xE6, 0xDA, 0x9A, 0x44, 0xAB, 0x63, 0x2F,
    0x69, 0xAA, 0xC9, 0x6D, 0x5A, 0xF6, 0x63, 0x59, 0xCD, 0xCD, 0xE4, 0x25, 0x4D, 0x75, 0xF5, 0x84,
    0x2C, 0x6D, 0x40, 0x76, 0xE9, 0xC4, 0xCB, 0x19, 0xF2, 0xB7, 0x28, 0xC6, 0x5E, 0x19, 0xAA, 0xCC,
    0x9F, 0xC1, 0xAB, 0xD1, 0x61, 0xCC, 0x9F, 0xE0, 0x96, 0xCA, 0x6B, 0xAF, 0x5C, 0x46, 0xD6, 0x58,
    0xE2, 0xEC, 0x53, 0x26, 0xEE, 0xC6, 0x3C, 0x11, 0x0D, 0xA6, 0x73, 0x0D, 0x3C, 0x23, 0xD9, 0xCC,
    0x43, 0x6A, 0x10, 0x8A, 0x06, 0x03, 0x19, 0xBC, 0x22, 0xE3, 0xD6, 0xCA, 0x6B, 0x95, 0x51, 0x83,
    0x50, 0x34, 0x18, 0x88, 0x06, 0x5A, 0x34, 0x28, 0xE6, 0x1A, 0x84, 0xA2, 0xC1, 0x40, 0x34, 0x58,
    0xB1, 0x93, 0xA6, 0x26, 0x9E, 0x1C, 0x5F, 0x08, 0x86, 0xF3, 0x18, 0xC1, 0xBD, 0x92, 0x55, 0x8C,
    0x29, 0xCF, 0x4B, 0x35, 0x9D, 0x84, 0xC8, 0x5F, 0xF4, 0x38, 0x64, 0x98, 0x85, 0xA9, 0xCF, 0x43,
    0x84, 0x23, 0xF3, 0xB4, 0xD7, 0x72, 0x83, 0xEC, 0x32, 0x88, 0x9F, 0x1E, 0xBD, 0xFC, 0xA0, 0x0D,
    0x5E, 0x9F, 0xF3, 0x3B, 0x5B, 0x39, 0x52, 0xD9, 0x4E, 0xB9, 0xC9, 0xF3, 0x59, 0x65, 0x7F, 0xBF,
    0x1F, 0xBB, 0xD0, 0x81, 0xBC, 0x6A, 0x91, 0xBD, 0x1D, 0x78, 0x22, 0xD4, 0x37, 0x69, 0x3E, 0x39,
    0x96, 0x36, 0x27, 0x42, 0x1B, 0xFF, 0xE6, 0xA7, 0xBF, 0x83, 0xC8, 0xB7, 0x7A, 0xEA, 0xAF, 0xE3,
    0x43, 0xC1, 0x23, 0x51, 0x85, 0x71, 0x85, 0xB8, 0x42, 0x60, 0x9F, 0xB0, 0x42, 0xEF, 0xCB, 0xE1,
    0x94, 0x8E, 0x30, 0x1B, 0xA6, 0x8B, 0x48, 0xB2, 0xD9, 0xA6, 0x1E, 0x09, 0x21, 0xD2, 0x4C, 0x52,
    0x57, 0x2B, 0x66, 0xF9, 0x4C, 0x29, 0x72, 0x3F, 0xFB, 0x69, 0x1E, 0xD0, 0xC6, 0x53, 0x9C, 0xCD,
    0x0D, 0x9D, 0x3B, 0x60, 0xA2, 0xE1, 0x6A, 0xA6, 0xB1, 0x74, 0x38, 0x8C, 0xF6, 0x11, 0xBF, 0x1D,
    0xDD, 0x79, 0x78, 0xAF, 0xF0, 0x7E, 0x67, 0xAC, 0x7F, 0x0B, 0x38, 0xBA, 0xBA, 0x8D, 0xF6, 0x3F,
    0x82, 0x3D, 0x2A, 0xB9, 0xE6, 0xD3, 0x54, 0xED, 0xF2, 0x84, 0x82, 0xF5, 0x6C, 0x80, 0x20, 0x1B,
    0x71, 0x46, 0x04, 0xD8, 0x05, 0xC9, 0xB7, 0x94, 0x4B, 0xBD, 0xB4, 0x93, 0xF6, 0x0D, 0xE8, 0x4A,
    0xDE, 0x52, 0xCA, 0xEE, 0x6A, 0x72, 0xE7, 0x57, 0x0F, 0x2B, 0x4F, 0x40, 0x86, 0xB4, 0x9B, 0xC3,
    0x7D, 0xD4, 0xA2, 0xE9, 0x21, 0xE5, 0xB9, 0x55, 0x97, 0x11, 0x68, 0x04, 0xDF, 0xD7, 0x87, 0x96,
    0xE7, 0x64, 0x1B, 0xF0, 0xFE, 0xC6, 0xB0, 0xF3, 0x48, 0x1F, 0x89, 0x6E, 0x3C, 0xE8, 0x03, 0xFF,
    0xA1, 0xED, 0x1E, 0xE5, 0x4D, 0x9E, 0x97, 0x1C, 0x52, 0xE6, 0x49, 0x39, 0x1F, 0x74, 0xCC, 0x27,
    0xCC, 0xF4, 0xC2, 0x27, 0xBB, 0xCC, 0x83, 0xB6, 0x61, 0xD2, 0x84, 0x6E, 0xB4, 0x6D, 0x97, 0x67,
    0xCC, 0xBE, 0x44, 0x3B, 0xC6, 0xE3, 0x50, 0x78, 0x7A, 0x0B, 0x7D, 0x0B, 0x04, 0x03, 0x9B, 0xF0,
    0xED, 0x10, 0xD9, 0x6A, 0xD7, 0x64, 0x01, 0x92, 0xC9, 0x67, 0xB3, 0x19, 0x82, 0x99, 0x63, 0x2A,
    0x01, 0xA3, 0x57, 0x58, 0xCD, 0x33, 0xB0, 0xA9, 0xD4, 0xEE, 0x34, 0x49, 0x57, 0xD9, 0x7A, 0x64,
    0xBD, 0xB3, 0x71, 0xE8, 0x91, 0x4D, 0x10, 0x13, 0xAC, 0xB2, 0xD6, 0xE5, 0x4E, 0xEA, 0xD9, 0x22,
    0xD6, 0xBD, 0x0F, 0xB7, 0x75, 0x0F, 0x9B, 0x45, 0xAE, 0xCE, 0xE7, 0xC6, 0xE4, 0xC2, 0xD4, 0xEC,
    0x70, 0x93, 0xFD, 0x42, 0x6C, 0x51, 0x33, 0xEA, 0x62, 0x49, 0xAC, 0x3A, 0xB2, 0x09, 0xE7, 0x12,
    0xEB, 0xD7, 0x40, 0x89, 0x6C, 0x5F, 0xC2, 0x6A, 0x60, 0x51, 0x31, 0x6F, 0xFE, 0x2E, 0x11, 0x80,
    0x39, 0x7D, 0x58, 0x79, 0xAD, 0xAF, 0x31, 0x9C, 0x79, 0xF7, 0x8B, 0x26, 0x94, 0x1F, 0x42, 0x9E,
    0x9B, 0x66, 0xCC, 0xCF, 0xE9, 0x1B, 0xF7, 0xF7, 0xFB, 0xED, 0x8B, 0xC9, 0xBA, 0xC1, 0x52, 0xA6,
    0xF0, 0x76, 0xC2, 0x9D, 0x03, 0x6F, 0x2F, 0x73, 0x6C, 0xDE, 0xD5, 0x93, 0xA3, 0x2A, 0xC3, 0xCE,
    0xE0, 0xC0, 0xBB, 0x2B, 0x69, 0x42, 0x11, 0xEA, 0x7E, 0x24, 0x7E, 0xF1, 0x6C, 0x59, 0x2B, 0xA7,
    0xA7, 0xBD, 0x91, 0x3D, 0xA6, 0x7F, 0xCB, 0x78, 0x1B, 0xAC, 0x95, 0x3F, 0xA0, 0x26, 0x3C, 0xBA,
    0x85, 0x35, 0xBC, 0x99, 0xE6, 0x7E, 0x20, 0x34, 0x9A, 0xED, 0xE6, 0x5F, 0xAB, 0x54, 0xC2, 0x5F,
    0xC2, 0x39, 0x29, 0xE2, 0x97, 0x4A, 0x75, 0xF3, 0x2B, 0xDF, 0x2C, 0x8F, 0x59, 0x2F, 0xE9, 0x60,
    0xC5, 0xF6, 0x8B, 0xEC, 0xCC, 0xAD, 0xA3, 0x8E, 0x19, 0xFB, 0x7E, 0xE5, 0xD8, 0xA8, 0xDA, 0x9D,
    0xE8, 0x58, 0x1C, 0x2C, 0xEE, 0x21, 0x8C, 0x10, 0x3C, 0xE3, 0x39, 0xE1, 0xEC, 0x07, 0xB0, 0x73,
    0xCD, 0x91, 0x58, 0x0C, 0x27, 0x06, 0x4C, 0x78, 0x4B, 0x7C, 0x1D, 0xD9, 0xC8, 0xEF, 0xF1, 0xF4,
    0xEF, 0xD9, 0x5F, 0xF9, 0x96, 0x72, 0xA9, 0x5F, 0x18, 0x7A, 0xA9, 0x75, 0xAA, 0xC5, 0x29, 0x86,
    0x9F, 0xC7, 0x0F, 0x2B, 0xAF, 0x75, 0xAA, 0x49, 0xCE, 0xE3, 0xB9, 0x5E, 0x1C, 0xD9, 0x0F, 0x23,
    0x8F, 0x56, 0xE2, 0x96, 0xE6, 0xD6, 0xF5, 0xAB, 0xC6, 0x49, 0x0F, 0x21, 0xCF, 0x02, 0xD8, 0x5F,
    0x35, 0xA7, 0x7C, 0x34, 0xBA, 0xD9, 0x63, 0x63, 0xDC, 0x6E, 0x6E, 0x5E, 0xA7, 0xAE, 0x5C, 0x11,
    0xE7, 0x4E, 0x7F, 0x43, 0x87, 0x58, 0xFC, 0x5D, 0x11, 0xB7, 0x24, 0x1B, 0x76, 0xC9, 0x25, 0x00,
    0xFD, 0x2B, 0x27, 0x68, 0x51, 0xDA, 0x3A, 0xC7, 0x33, 0xD9, 0xC8, 0xFB, 0x47, 0x5E, 0xA9, 0x07,
    0xB9, 0x0E, 0x39, 0xDE, 0xC0, 0xCB, 0xFF, 0xCC, 0x30, 0xB6, 0x5E, 0x70, 0x3C, 0x19, 0x91, 0xE3,
    0xED, 0x70, 0xBC, 0x15, 0xD1, 0x33, 0xB3, 0x58, 0x52, 0xB7, 0x83, 0x75, 0x71, 0x2E, 0xC2, 0xDA,
    0x33, 0x9E, 0x5E, 0x82, 0x31, 0x37, 0x9E, 0xC7, 0xFD, 0xB7, 0x64, 0x17, 0x99, 0xEB, 0xCB, 0x8C,
    0x2D, 0x68, 0x94, 0xF8, 0x4E, 0x7D, 0xAD, 0xEE, 0x26, 0x23, 0x44, 0x38, 0xF8, 0x6E, 0x7D, 0x89,
    0x08, 0x04, 0x84, 0x05, 0x1E, 0x1C, 0x46, 0xE1, 0x08, 0xE7, 0x9F, 0xDD, 0x37, 0x8E, 0x31, 0x0B,
    0xCC, 0xAC, 0x63, 0xDE, 0xC1, 0x5B, 0x5C, 0x8F, 0xE8, 0x87, 0x8E, 0xFC, 0xC5, 0xED, 0x9B, 0xB4,
    0x81, 0x86, 0x03, 0x88, 0x27, 0xB7, 0x58, 0xFE, 0x36, 0xCF, 0x42, 0x59, 0xD3, 0x2C, 0xE2, 0x68,
    0x2D, 0x15, 0xF3, 0xF7, 0x98, 0xC3, 0xDB, 0x7A, 0xB6, 0x8B, 0x78, 0xDC, 0x8B, 0x9C, 0xFF, 0x95,
    0x63, 0x27, 0x58, 0x2E, 0x26, 0xF8, 0x62, 0x4A, 0x7E, 0x05, 0xBD, 0x5A, 0xBF, 0x6F, 0xE4, 0xC6,
    0x15, 0x7E, 0x24, 0x75, 0xE2, 0x39, 0x44, 0x34, 0x02, 0x22, 0x03, 0xF6, 0x39, 0xF6, 0xAA, 0xB8,
    0xC2, 0x08, 0xCE, 0x62, 0xE3, 0x42, 0xC5, 0x6A, 0x97, 0x71, 0x93, 0xD2, 0x0A, 0x60, 0x35, 0x31,
    0x82, 0xA8, 0x4E, 0x11, 0xA7, 0x50, 0x71, 0xC5, 0xEA, 0x96, 0xB1, 0x8B, 0xA4, 0xCB, 0xFD, 0x07,
    0x51, 0xE1, 0x26, 0x72, 0xE1, 0x2B, 0x54, 0x6C, 0xB1, 0x67, 0x31, 0x36, 0x02, 0x17, 0x2E, 0xCC,
    0x24, 0x45, 0x8A, 0x14, 0x26, 0x1C, 0x24, 0x07, 0xD8, 0x48, 0x34, 0x07, 0xD3, 0x31, 0x7D, 0x5A,
    0x2D, 0xFD, 0x7D, 0x6F, 0x28, 0x9D, 0xEE, 0x4E, 0x92, 0xB5, 0xD2, 0xC6, 0xBB, 0x7C, 0xB3, 0xBB,
    0xC3, 0xE1, 0xF0, 0x9B, 0x37, 0xEF, 0x37, 0x57, 0xD6, 0xD6, 0x44, 0xEA, 0x5A, 0xE4, 0xE9, 0xD7,
    0x44, 0x5F, 0x5E, 0x2A, 0x12, 0xE4, 0x22, 0x51, 0x21, 0x62, 0xAC, 0x48, 0xAB, 0x12, 0x59, 0xE9,
    0x89, 0xB4, 0x57, 0x44, 0x06, 0xB1, 0x88, 0x35, 0xE2, 0x15, 0x26, 0x0D, 0xF2, 0x30, 0x0B, 0xEB,
    0x3A, 0x8F, 0xEA, 0xDA, 0x9A, 0xB5, 0x35, 0xBB, 0x84, 0xB3, 0x6D, 0x8C, 0xC2, 0xC8, 0xCE, 0x86,
    0xC8, 0x0B, 0x3A, 0xD5, 0x5A, 0x22, 0x61, 0x5D, 0x8A, 0xBF, 0xBD, 0xE5, 0xE6, 0x5E, 0x10, 0xF1,
    0xEB, 0x0F, 0x13, 0xB3, 0x5F, 0xA7, 0x5D, 0xE9, 0xA7, 0x3D, 0x69, 0xA5, 0x03, 0x31, 0xA9, 0x95,
    0xE8, 0x88, 0xF8, 0x9B, 0xFD, 0x3C, 0xCF, 0x71, 0x1C, 0xCF, 0xEB, 0x64, 0x1E, 0xB4, 0x63, 0x30,
    0xFB, 0x5D, 0x60, 0x2A, 0xA7, 0x8E, 0xD5, 0xC7, 0x0D, 0x02, 0x20, 0x08, 0xEE, 0x61, 0xAE, 0x1A,
    0xF3, 0xCE, 0x5C, 0x12, 0x2F, 0xB1, 0x29, 0x38, 0x45, 0xA7, 0xF0, 0x14, 0x9F, 0x02, 0x54, 0x84,
    0x0A, 0x91, 0x18, 0x15, 0xA4, 0x10, 0xA5, 0x04, 0x80, 0x29, 0xC4, 0x29, 0x04, 0x2A, 0x44, 0x2A,
    0x84, 0x2A, 0xC4, 0x2A, 0x1B, 0x6C, 0xF0, 0xE2, 0xF2, 0x83, 0x8C, 0xCD, 0x9F, 0x08, 0xBD, 0x66,
    0xDF, 0xDD, 0x0B, 0xC2, 0xFD, 0x24, 0x95, 0x85, 0x4D, 0xE2, 0x20, 0x25, 0x58, 0x3B, 0xE6, 0xED,
    0x26, 0x0D, 0x7F, 0x89, 0x19, 0xDF, 0xDF, 0xC3, 0x67, 0xE1, 0xBA, 0x66, 0xBF, 0x16, 0xD9, 0xAD,
    0x8B, 0x60, 0xFC, 0x7A, 0x69, 0x72, 0x59, 0xE7, 0x0A, 0xB8, 0x94, 0x21, 0xA8, 0x6A, 0x90, 0x95,
    0xCD, 0x77, 0x12, 0xD7, 0xDA, 0x69, 0x66, 0x89, 0xAC, 0x67, 0x7D, 0x2E, 0x2D, 0x26, 0x7F, 0x57,
    0xD1, 0x8B, 0x45, 0x17, 0x82, 0x55, 0x83, 0x05, 0x57, 0x45, 0xAE, 0x00, 0x7D, 0x69, 0xF6, 0x47,
    0xDD, 0xE4, 0x46, 0x8F, 0xEB, 0xE6, 0x44, 0x56, 0xDB, 0x81, 0x4E, 0xD4, 0x95, 0x1B, 0x38, 0xEB,
    0x63, 0x82, 0x2B, 0x58, 0x28, 0xF0, 0x44, 0xB8, 0xC3, 0x12, 0x58, 0x74, 0x7D, 0x76, 0xCA, 0xB8,
    0x78, 0x2F, 0xD9, 0xCF, 0xFC, 0xBF, 0xE8, 0xA2, 0x27, 0xC2, 0xA5, 0x22, 0x59, 0x34, 0x3B, 0x2F,
    0x53, 0xC7, 0x15, 0xEB, 0x31, 0x29, 0x28, 0x32, 0xA8, 0xB5, 0xE4, 0x18, 0xE6, 0x4F, 0x7F, 0x23,
    0xFD, 0x74, 0xCB, 0xFB, 0x2A, 0x97, 0x7E, 0x22, 0xCF, 0x4E, 0x06, 0x6C, 0x96, 0x12, 0xF0, 0x51,
    0x26, 0x5E, 0xDD, 0xDC, 0x01, 0xAF, 0x5F, 0x6E, 0xDF, 0x86, 0x3D, 0x3A, 0x90, 0x07, 0xDB, 0xBB,
    0x69, 0x29, 0x51, 0x0E, 0xF3, 0x61, 0x71, 0x71, 0x09, 0xAA, 0x40, 0x43, 0x50, 0xAF, 0x21, 0x7E,
    0x1F, 0xB8, 0x7E, 0x0F, 0x63, 0x82, 0xA2, 0x94, 0x38, 0xAB, 0x61, 0xCC, 0x76, 0x6B, 0x42, 0xF6,
    0x23, 0x62, 0x7D, 0x17, 0xF2, 0x1C, 0xFD, 0x96, 0xCD, 0x5B, 0x6C, 0xFE, 0x00, 0x35, 0x89, 0x7E,
    0x07, 0x8C, 0x1F, 0xA5, 0x42, 0x05, 0x10, 0x6A, 0x82, 0x50, 0x25, 0x84, 0xBA, 0x21, 0x54, 0x12,
    0xD7, 0x94, 0x6C, 0xB4, 0x4F, 0xCF, 0xEA, 0x38, 0xB3, 0xBF, 0x9F, 0xAA, 0x8E, 0xA9, 0xB2, 0xC9,
    0xEC, 0xF6, 0x1F, 0xA1, 0xD9, 0x54, 0x59, 0xB3, 0xFD, 0x4E, 0x25, 0x26, 0x81, 0x16, 0xA2, 0x89,
    0xD9, 0x98, 0x84, 0x4D, 0x8A, 0x26, 0xCA, 0x76, 0x4B, 0x48, 0xF9, 0xAE, 0x45, 0xA3, 0x3F, 0xD9,
    0xA4, 0x87, 0x67, 0x5B, 0x1C, 0xDC, 0x41, 0xE3, 0x8F, 0x38, 0x95, 0xA5, 0xF6, 0xA7, 0x6A, 0x90,
    0x84, 0x00, 0x94, 0xD0, 0x2B, 0xB8, 0x7C, 0x21, 0x4A, 0x89, 0xFB, 0x34, 0xFD, 0x2E, 0x9F, 0xD0,
    0xEF, 0xFD, 0x23, 0x73, 0x74, 0x65, 0x6D, 0xD5, 0xD4, 0x96, 0x06, 0x99, 0x1C, 0x7E, 0xBB, 0xAE,
    0x47, 0x0F, 0xB6, 0xDF, 0x2E, 0x75, 0x5B, 0x8E, 0x0E, 0xDC, 0x1C, 0xC7, 0x63, 0x9D, 0xDA, 0x3F,
    0xDA, 0xAD, 0x47, 0xBC, 0x16, 0x53, 0xC0, 0x98, 0xDF, 0x3E, 0x66, 0xCC, 0xB1, 0x72, 0xF0, 0xBA,
    0x2B, 0x9B, 0x60, 0x52, 0x2C, 0x3B, 0xD0, 0x64, 0xF2, 0x9F, 0x44, 0x7B, 0x32, 0xD0, 0x6D, 0x9D,
    0xC1, 0xF9, 0x25, 0xB0, 0x6E, 0x84, 0xF1, 0x05, 0x05, 0x04, 0x3D, 0x89, 0xF1, 0x8A, 0xF0, 0xF3,
    0x4C, 0x37, 0xFE, 0xA2, 0x80, 0x20, 0x79, 0x61, 0x52, 0xC0, 0x62, 0xE7, 0x10, 0xA0, 0x66, 0x47,
    0x2E, 0x01, 0x4A, 0xAE, 0xAB, 0x0C, 0xF6, 0x2E, 0x8E, 0x48, 0xD9, 0xB2, 0xD2, 0xD0, 0x25, 0x59,
    0x74, 0x41, 0x04, 0x81, 0x1A, 0x53, 0x33, 0x23, 0x06, 0xDF, 0xCB, 0xE3, 0x00, 0x3A, 0xDF, 0x0A,
    0x00, 0x62, 0xBB, 0x7F, 0x20, 0xD4, 0x4C, 0x99, 0xCD, 0x9D, 0x83, 0xA1, 0x7F, 0x09, 0xB8, 0x47,
    0x23, 0xEA, 0x6A, 0xF0, 0x61, 0x26, 0xF5, 0xA5, 0x38, 0x14, 0xA4, 0xB9, 0xF8, 0xF7, 0x30, 0xF1,
    0x2E, 0xA6, 0x78, 0xF1, 0x92, 0xFB, 0x75, 0xDC, 0x05, 0x2C, 0xC0, 0xC2, 0x7D, 0x6F, 0x9C, 0x40,
    0xF3, 0x6D, 0x30, 0xFE, 0x19, 0x2D, 0xDA, 0xFC, 0xC9, 0x16, 0x6D, 0x77, 0x54, 0x49, 0x7F, 0x34,
    0x74, 0xDE, 0xBF, 0x0D, 0x33, 0xDF, 0x86, 0x6E, 0xB7, 0xA3, 0x52, 0x86, 0x5E, 0x0D, 0x10, 0x31,
    0xC0, 0x34, 0xA6, 0x56, 0x62, 0xC8, 0x54, 0x1F, 0x3F, 0x0B, 0xA0, 0x48, 0xE6, 0x1B, 0xAC, 0x7F,
    0xCB, 0xA0, 0x56, 0x59, 0x57, 0xBA, 0x59, 0x4F, 0x4C, 0x36, 0x80, 0x36, 0x23, 0x66, 0x50, 0x82,
    0x01, 0xD2, 0xDF, 0xEC, 0xE7, 0x79, 0x8E, 0xE3, 0x78, 0x99, 0x81, 0x87, 0x83, 0x5A, 0xCE, 0x25,
    0x7D, 0xAC, 0xB3, 0xC1, 0x3F, 0x0F, 0xD7, 0xDA, 0x86, 0x7D, 0x8A, 0xC1, 0x88, 0xC8, 0x09, 0xCE,
    0x34, 0xF1, 0x7B, 0xC9, 0x22, 0xD0, 0xEC, 0x88, 0xF7, 0x3F, 0x5A, 0x8E, 0xEC, 0x58, 0x34, 0x33,
    0x25, 0xFC, 0x02, 0x23, 0x10, 0xD8, 0x87, 0xDE, 0x64, 0xDA, 0xBC, 0x6F, 0x35, 0x24, 0x53, 0xC6,
    0x3D, 0x4D, 0x9C, 0x1E, 0x46, 0x7B, 0xBC, 0x0A, 0x61, 0x99, 0x87, 0xAE, 0x30, 0x71, 0xEE, 0xB1,
    0x4D, 0x57, 0x89, 0xCF, 0x18, 0x96, 0xFB, 0xA9, 0x29, 0xE3, 0x37, 0x8C, 0x4D, 0xD0, 0xFD, 0x25,
    0x78, 0x9F, 0x2E, 0xCA, 0x3A, 0x36, 0xC2, 0x39, 0xBF, 0x93, 0xA9, 0x56, 0x75, 0xAC, 0xED, 0x59,
    0x63, 0xEE, 0x40, 0xC2, 0x79, 0xA7, 0x96, 0x75, 0x0B, 0x5E, 0x47, 0x28, 0xE6, 0x27, 0x8D, 0xFE,
    0x3F, 0x4E, 0x1F, 0x8E, 0x25, 0xD8, 0xAB, 0xD3, 0xA0, 0x8C, 0xB2, 0x20, 0xC7, 0x3B, 0xF3, 0x8B,
    0xB3, 0xC9, 0xCB, 0x7D, 0x6A, 0x2B, 0xBC, 0x98, 0x39, 0xD6, 0x74, 0x09, 0x8A, 0x4D, 0x71, 0xEC,
    0x04, 0x15, 0xDE, 0x35, 0x8F, 0x0E, 0x3E, 0xA9, 0x01, 0xAF, 0x8D, 0x32, 0xD7, 0x34, 0x82, 0xD2,
    0xB8, 0x48, 0xFD, 0x6D, 0x10, 0x67, 0x9B, 0xDD, 0xB1, 0x98, 0x3C, 0x56, 0x37, 0xCC, 0x6B, 0xCE,
    0x26, 0x4C, 0xE7, 0x49, 0xFF, 0xAD, 0x64, 0xBF, 0x4E, 0x8A, 0x5B, 0x4D, 0x66, 0x81, 0x08, 0x6E,
    0xA2, 0xC3, 0xCF, 0x54, 0x70, 0xDF, 0xCC, 0xBA, 0xFB, 0xD9, 0x46, 0x9F, 0x06, 0x43, 0x34, 0xAC,
    0xF6, 0xBE, 0xED, 0x40, 0x68, 0xFD, 0xF4, 0x1A, 0xCC, 0x5D, 0x82, 0xF6, 0xC2, 0xB7, 0xBE, 0xB2,
    0x06, 0xA6, 0xA6, 0xD7, 0xB6, 0x1B, 0x9D, 0x39, 0xE7, 0x7D, 0x61, 0x86, 0x36, 0x8C, 0x74, 0xDE,
    0x13, 0x53, 0x5D, 0xFC, 0xD6, 0xC9, 0x55, 0x7B, 0xE3, 0xEE, 0x30, 0xB6, 0x9E, 0x66, 0x25, 0xE1,
    0x89, 0xEF, 0x20, 0xF5, 0x52, 0x15, 0x98, 0x33, 0xDE, 0x61, 0xBE, 0x04, 0xDD, 0x69, 0xCF, 0x77,
    0xAD, 0x01, 0x2B, 0x79, 0x95, 0x9C, 0x31, 0x63, 0x94, 0x2E, 0xC9, 0x4D, 0x19, 0x24, 0xDD, 0xA2,
    0x95, 0xAE, 0x23, 0x02, 0x5C, 0x2F, 0x1F, 0x7B, 0xDD, 0x81, 0x34, 0x3F, 0x7C, 0x2D, 0x2F, 0xCA,
    0xE2, 0x40, 0x86, 0x67, 0x1C, 0x1B, 0xB4, 0x02, 0x3C, 0xAC, 0x54, 0x77, 0x03, 0x48, 0x27, 0xF2,
    0xC5, 0xC4, 0xD9, 0xA3, 0x1E, 0x82, 0x2A, 0x93, 0x3A, 0xC6, 0xB6, 0x23, 0xFC, 0x4C, 0xCE, 0x3E,
    0x96, 0x35, 0xFE, 0x73, 0xA1, 0xA0, 0x37, 0x76, 0x66, 0x05, 0x9A, 0xC5, 0x68, 0x87, 0x3E, 0xD4,
    0x47, 0xD8, 0xAB, 0xD1, 0x4A, 0x7B, 0x42, 0xEA, 0xC1, 0x19, 0x0E, 0x65, 0xD3, 0x47, 0x9C, 0x0B,
    0x63, 0x40, 0x78, 0x9A, 0x16, 0x23, 0xF2, 0x35, 0x55, 0xFB, 0x25, 0x7E, 0xF5, 0xB3, 0x33, 0x38,
    0x9C, 0x99, 0xAC, 0x9F, 0x6C, 0xD2, 0x68, 0x20, 0x56, 0x0C, 0x10, 0x59, 0x1B, 0x18, 0x9F, 0xAE,
    0x94, 0x30, 0x62, 0x65, 0x58, 0x48, 0x09, 0x2B, 0x57, 0x42, 0xFA, 0xBF, 0x3C, 0x70, 0x15, 0x81,
    0xFA, 0xD5, 0x4C, 0x0E, 0x60, 0xE4, 0xF5, 0x3C, 0x22, 0x5B, 0x1D, 0xAB, 0xD7, 0x04, 0xC5, 0x1D,
    0xE4, 0xAC, 0xCA, 0x0E, 0x06, 0x03, 0xD4, 0x98, 0x9F, 0x3B, 0x3B, 0xB8, 0xAA, 0xC1, 0xFE, 0xA3,
    0xC7, 0x1D, 0x1B, 0x58, 0x6C, 0xA9, 0xED, 0x8A, 0x1D, 0xC9, 0x57, 0x05, 0x55, 0x75, 0x3C, 0x92,
    0x12, 0x3F, 0xD1, 0x19, 0x16, 0xD6, 0xAB, 0x2C, 0x76, 0x52, 0xFD, 0x09, 0x42, 0x16, 0xF8, 0x7F,
    0x5C, 0xE3, 0xD2, 0xA7, 0x73, 0x5E, 0x0B, 0xC1, 0x83, 0xC4, 0x20, 0x69, 0xDD, 0x51, 0x48, 0xEB,
    0x4F, 0x04, 0x1F, 0x67, 0x1F, 0x87, 0xE1, 0x24, 0xCC, 0x6F, 0xC2, 0x19, 0x56, 0x71, 0xDF, 0x6F,
    0x7F, 0x5F, 0xEC, 0x2E, 0x4D, 0xF6, 0x8E, 0xCF, 0x9B, 0xD4, 0xBF, 0x85, 0xF6, 0x13, 0x2F, 0x19,
    0x8E, 0xE7, 0x56, 0x4A, 0x56, 0x25, 0xD6, 0xBB, 0x69, 0x19, 0x66, 0x65, 0x98, 0x96, 0xB1, 0x94,
    0x0B, 0xE7, 0xBD, 0xC3, 0x4F, 0x8B, 0x2F, 0xAA, 0xFB, 0x03, 0xBB, 0xF3, 0x45, 0x71, 0x3F, 0x99,
    0x14, 0x3D, 0x64, 0x02, 0x49, 0x14, 0x5D, 0xD2, 0xC9, 0x73, 0x3F, 0xC1, 0x99, 0xD2, 0x56, 0x76,
    0xE7, 0xF1, 0xB9, 0x8F, 0x67, 0x2E, 0x8F, 0xD0, 0x1E, 0x68, 0xEC, 0x62, 0xAA, 0x3A, 0x3D, 0x65,
    0x0C, 0xA9, 0xAE, 0x59, 0xAE, 0xC9, 0xBC, 0x24, 0xC8, 0x8E, 0xBD, 0xFF, 0x13, 0x1C, 0xC4, 0x45,
    0x3F, 0xFB, 0x41, 0xF6, 0x48, 0x6F, 0xE6, 0x54, 0x00, 0x7A, 0x4B, 0xD9, 0x09, 0xD3, 0x43, 0x09,
    0x58, 0x87, 0x41, 0xB3, 0x10, 0x64, 0x5B, 0x93, 0x32, 0xB1, 0x5F, 0x14, 0x62, 0xEF, 0x97, 0x62,
    0xED, 0x10, 0x04, 0xF9, 0xB1, 0x48, 0x9C, 0x6C, 0x98, 0x5B, 0xEB, 0x5B, 0x6B, 0x65, 0x04, 0xEA,
    0x80, 0x0C, 0x28, 0x02, 0x05, 0x74, 0x8B, 0xF4, 0xB1, 0x8C, 0x70, 0x8E, 0x2A, 0x14, 0x9E, 0x2C,
    0xEF, 0xDA, 0x0E, 0x73, 0xDB, 0xCE, 0x8A, 0xC4, 0x6D, 0x69, 0x9D, 0x72, 0xCC, 0x4D, 0x0F, 0x00,
    0xDD, 0x59, 0xAA, 0xF2, 0xAD, 0x8B, 0x9B, 0x93, 0x09, 0x50, 0xF0, 0xE2, 0x4D, 0x8D, 0xB5, 0x01,
    0x7F, 0xC9, 0x45, 0xD2, 0x58, 0x12, 0xF2, 0x9C, 0x12, 0x33, 0x77, 0xB1, 0x0D, 0x26, 0x99, 0x2A,
    0xBF, 0xFC, 0x6C, 0x4B, 0x58, 0x08, 0x48, 0x59, 0x08, 0x38, 0x37, 0xCC, 0x17, 0x1B, 0x33, 0x32,
    0x6C, 0x82, 0x7D, 0x24, 0xBA, 0x72, 0xFF, 0xAF, 0x75, 0xFA, 0xE9, 0xDE, 0x9E, 0x7D, 0x65, 0xE4,
    0xE1, 0x86, 0x52, 0x62, 0x17, 0x06, 0x67, 0x11, 0xE2, 0xAF, 0x0D, 0xAC, 0x62, 0x11, 0xAB, 0x18,
    0x60, 0x15, 0x83, 0x9A, 0x94, 0xC9, 0xE0, 0x2B, 0x2B, 0x83, 0xB2, 0x02, 0x6D, 0x82, 0x62, 0x10,
    0x62, 0x2F, 0xC8, 0xF8, 0xA0, 0x94, 0x0A, 0xB4, 0x09, 0x8A, 0x41, 0x06, 0xFE, 0x23, 0x60, 0x75,
    0xA1, 0xBA, 0xE3, 0x20, 0x1C, 0x12, 0xBA, 0x62, 0xB2, 0x2A, 0x3D, 0xF7, 0x6A, 0x5A, 0xD2, 0x1C,
    0x1D, 0xC6, 0xF5, 0x91, 0xBA, 0x76, 0x88, 0x3C, 0xE5, 0xDD, 0xB9, 0x77, 0xBE, 0x9E, 0xFB, 0x9A,
    0x11, 0x0B, 0xC2, 0xC8, 0xF0, 0xEB, 0xD7, 0x69, 0x51, 0x61, 0x0F, 0xBA, 0xAC, 0x8C, 0xB4, 0xB9,
    0x23, 0x43, 0xEE, 0x78, 0x45, 0x07, 0x58, 0x36, 0x4D, 0x90, 0xE9, 0x4F, 0x34, 0x8C, 0x12, 0x71,
    0xB6, 0xC3, 0x2A, 0x10, 0xD2, 0x93, 0x5B, 0x62, 0x0A, 0x9F, 0x91, 0x21, 0xA3, 0x9F, 0x3E, 0xDD,
    0x81, 0xFA, 0xAB, 0x35, 0x24, 0xC6, 0x88, 0x53, 0x8F, 0xCA, 0xAE, 0x33, 0xA2, 0xC1, 0x23, 0x93,
    0x27, 0x04, 0x98, 0xE0, 0xB5, 0x49, 0x07, 0x3A, 0xF3, 0xF1, 0x00, 0x34, 0x64, 0x00, 0x9A, 0xF2,
    0xFC, 0x51, 0x92, 0xC5, 0xA4, 0x81, 0x89, 0x8A, 0x2C, 0x47, 0x4C, 0x87, 0x98, 0xB3, 0x45, 0xD5,
    0x77, 0xB3, 0x06, 0x4F, 0x16, 0x15, 0x9D, 0xFF, 0xEF, 0xC2, 0x95, 0x24, 0x67, 0x2E, 0xB9, 0x0E,
    0xFF, 0x37, 0xD8, 0x81, 0xF0, 0x03, 0x46, 0xD4, 0xAF, 0xE2, 0x1E, 0xCF, 0x7F, 0xFF, 0x3B, 0xDA,
    0x0B, 0x0D, 0x19, 0x30, 0xD7, 0x10, 0x53, 0x59, 0x1A, 0x94, 0xF4, 0x72, 0xEB, 0xB8, 0xB6, 0xBD,
    0xBD, 0xBD, 0x85, 0x34, 0x04, 0x89, 0x48, 0xF4, 0xE0, 0x9D, 0x07, 0xDB, 0x5B, 0xAD, 0x94, 0xA1,
    0x5C, 0x47, 0x03, 0xBA, 0x9E, 0xB6, 0x03, 0x6D, 0x4B, 0x6D, 0x11, 0xE8, 0xC1, 0x92, 0x6A, 0x9B,
    0xBB, 0x9E, 0x4A, 0xDB, 0xA1, 0xB6, 0x6D, 0x6D, 0x63, 0x6D, 0x4D, 0xC1, 0x36, 0xE0, 0xCC, 0xC8,
    0x80, 0xB4, 0x9D, 0xD1, 0xE2, 0x1E, 0x62, 0xF4, 0x3A, 0x61, 0x41, 0xAF, 0x2E, 0x80, 0x66, 0xE4,
    0xDB, 0x1E, 0x8B, 0xD9, 0x88, 0x98, 0xC2, 0x5C, 0xDA, 0x25, 0xAF, 0x18, 0x59, 0x6D, 0x4B, 0xF5,
    0xDA, 0xE8, 0x2F, 0x88, 0x04, 0x63, 0xE6, 0x39, 0x5E, 0x06, 0xBC, 0x76, 0xCF, 0xEA, 0x3C, 0x29,
    0xE7, 0x6C, 0xAA, 0xF9, 0xBC, 0x1D, 0x4B, 0xE3, 0x73, 0x4F, 0xD4, 0xFD, 0x9A, 0x28, 0xC3, 0x71,
    0xC4, 0x7D, 0xB2, 0xBA, 0x15, 0xD3, 0x0B, 0xE9, 0x18, 0x7E, 0xC7, 0x98, 0xA4, 0x6C, 0xAA, 0x5E,
    0xCD, 0x58, 0x17, 0x95, 0x2C, 0x68, 0xAC, 0x54, 0xD1, 0x70, 0xFB, 0x29, 0x73, 0x8F, 0xE5, 0x7E,
    0xBA, 0xB2, 0x9F, 0x74, 0x59, 0x65, 0x73, 0xB5, 0xF4, 0x93, 0x8F, 0xA9, 0x01, 0x68, 0xEA, 0xC7,
    0x4A, 0xAD, 0xA6, 0xCE, 0xE1, 0x25, 0x73, 0xAD, 0xC2, 0xDC, 0xCA, 0x91, 0x74, 0x9A, 0x54, 0x4B,
    0x34, 0xA7, 0x1C, 0xEE, 0x3A, 0x80, 0x8D, 0x98, 0xE1, 0x34, 0x95, 0x24, 0x3F, 0xB9, 0x2D, 0xFE,
    0x3F, 0xC1, 0xDC, 0xDD, 0x54, 0x0D, 0xF9, 0x34, 0xF9, 0xF5, 0xF2, 0x0F, 0xA5, 0x33, 0xE4, 0x6E,
    0x4D, 0xC4, 0xAC, 0x93, 0xBC, 0xAE, 0xBC, 0x51, 0x50, 0x0E, 0xC4, 0xFC, 0xEB, 0x8D, 0xAC, 0x05,
    0x24, 0x04, 0xBA, 0xD4, 0xF0, 0xC0, 0xB0, 0x24, 0x5E, 0xDF, 0x86, 0x66, 0xC0, 0x3A, 0x7B, 0xBB,
    0x89, 0xF3, 0x68, 0x9A, 0x52, 0xE6, 0x6D, 0x7C, 0x76, 0x93, 0x56, 0x66, 0x70, 0xAD, 0xCF, 0xCA,
    0xED, 0x15, 0x65, 0x98, 0xBA, 0xDD, 0x84, 0x33, 0x5C, 0xA7, 0xCC, 0x04, 0x75, 0x6E, 0x3E, 0x2F,
    0x5B, 0xB2, 0xB1, 0xA4, 0x33, 0x22, 0x61, 0x61, 0xE1, 0xE8, 0x39, 0x96, 0x81, 0xAF, 0xF3, 0x71,
    0x4A, 0x2F, 0xFE, 0xCC, 0x86, 0xE8, 0x59, 0x70, 0x5E, 0x8D, 0xDE, 0x8D, 0x5E, 0x8E, 0xDE, 0x6E,
    0x9A, 0xB8, 0xF4, 0x49, 0x8B, 0x57, 0x27, 0xC1, 0x5B, 0x99, 0x27, 0xC9, 0x64, 0xB8, 0xA6, 0x85,
    0xE3, 0x85, 0x26, 0x1D, 0xA0, 0xC3, 0x5C, 0x94, 0x49, 0x98, 0xF3, 0x52, 0xA3, 0x1B, 0x9A, 0x03,
    0x80, 0x33, 0xD5, 0xA3, 0x71, 0xC0, 0x34, 0x39, 0x15, 0xFC, 0x38, 0x0B, 0xFE, 0x91, 0xB2, 0x5E,
    0xF8, 0xE2, 0x64, 0xDB, 0xF7, 0x23, 0x18, 0xB8, 0x2E, 0xCC, 0xDB, 0xB5, 0x77, 0x3F, 0xDB, 0x82,
    0x91, 0x95, 0x0B, 0x11, 0x45, 0xD2, 0x34, 0xE8, 0xDB, 0x8D, 0x0E, 0x2A, 0x5A, 0x77, 0xF4, 0xF9,
    0x8C, 0xE0, 0xE1, 0xCF, 0x13, 0x0E, 0xC4, 0xA9, 0x58, 0xE7, 0x32, 0x2D, 0xA8, 0xAF, 0x71, 0xA0,
    0xAC, 0x3E, 0x03, 0xB3, 0x36, 0x70, 0x75, 0x92, 0xC8, 0x49, 0xFC, 0xD4, 0xA0, 0x82, 0xC0, 0x5F,
    0x5A, 0xAC, 0x3C, 0xF8, 0x38, 0x0B, 0xFE, 0x3C, 0x01, 0xC6, 0x73, 0x61, 0xE8, 0x23, 0xE1, 0xE8,
    0x56, 0x67, 0x63, 0x38, 0x93, 0x3D, 0xF1, 0x58, 0x5A, 0x07, 0x4F, 0xB0, 0x07, 0xD6, 0xDC, 0x3F,
    0xB8, 0x21, 0xC1, 0xDE, 0x48, 0x82, 0x57, 0xCA, 0xC3, 0x50, 0x12, 0xE6, 0xC5, 0x2B, 0xCE, 0x4B,
    0xB4, 0xD3, 0x43, 0x88, 0xD0, 0x0A, 0x70, 0xC4, 0x69, 0x9C, 0x44, 0x30, 0x57, 0x5E, 0x6D, 0x0F,
    0xBD, 0x73, 0x60, 0x5F, 0x36, 0xE3, 0x1D, 0x63, 0x9A, 0x8E, 0x65, 0x79, 0xBE, 0x2D, 0x4B, 0xA7,
    0x1C, 0x2B, 0x5D, 0x19, 0x9A, 0xBA, 0x82, 0xA4, 0x01, 0x97, 0xB7, 0xF6, 0x1A, 0x64, 0x6E, 0xA4,
    0xC1, 0xD0, 0xB4, 0x71, 0x79, 0x6B, 0x89, 0xA9, 0xED, 0xEC, 0xE1, 0x83, 0x90, 0xF3, 0x83, 0xA2,
    0xD5, 0x0C, 0xB2, 0x9B, 0xE2, 0x3D, 0xB0, 0x2E, 0x0D, 0x9A, 0x36, 0x30, 0x59, 0x0D, 0x93, 0x22,
    0xB8, 0x97, 0xF1, 0x79, 0xC8, 0xC2, 0x84, 0xD8, 0x58, 0xBA, 0xEC, 0x43, 0x16, 0x6C, 0xE1, 0x88,
    0x65, 0xC6, 0x2B, 0x53, 0xDF, 0x50, 0x64, 0x23, 0xDE, 0xBD, 0xCC, 0x7F, 0x3F, 0x93, 0x7B, 0xA9,
    0xF4, 0x27, 0x84, 0x78, 0xF5, 0x29, 0x78, 0x44, 0x38, 0xA6, 0x01, 0x2C, 0x5F, 0x51, 0xFC, 0x3F,
    0xE4, 0x4D, 0x96, 0x6F, 0x4A, 0x59, 0xFA, 0x9F, 0xE6, 0xDE, 0x2B, 0xC9, 0x44, 0xD8, 0x2E, 0x8F,
    0x63, 0x0C, 0x1C, 0x1A, 0x65, 0x42, 0x25, 0x45, 0x9F, 0xE1, 0xE8, 0x93, 0x01, 0xBF, 0x3A, 0x37,
    0x0A, 0xD8, 0xD5, 0xE7, 0x61, 0xF2, 0x16, 0xF8, 0xF0, 0x27, 0xB4, 0xCD, 0x5F, 0x04, 0xDC, 0x3F,
    0x0F, 0xDC, 0xBF, 0x0E, 0x64, 0xF1, 0xAA, 0x7A, 0x53, 0x91, 0x67, 0xF4, 0xE7, 0x8A, 0x7A, 0xF2,
    0x9E, 0xFE, 0xA7, 0x60, 0x18, 0xB3, 0x96, 0x57, 0x9A, 0x24, 0xCC, 0x3D, 0xE4, 0x7A, 0x11, 0xD2,
    0xAE, 0x30, 0x33, 0x96, 0x85, 0xA3, 0xA5, 0x41, 0x98, 0x05, 0x45, 0xBB, 0x17, 0x65, 0x9E, 0xED,
    0xAD, 0xC0, 0x57, 0x94, 0x3B, 0xAD, 0x16, 0x9D, 0x87, 0x81, 0x79, 0xBD, 0x55, 0x44, 0x77, 0x29,
    0x2C, 0x01, 0xB0, 0xC6, 0x59, 0x50, 0x51, 0x90, 0x58, 0x19, 0x37, 0x87, 0xE9, 0xAB, 0x3E, 0x3D,
    0x02, 0x98, 0x3D, 0xA6, 0x0F, 0x3F, 0x49, 0xE5, 0xE1, 0x8B, 0x77, 0xB7, 0x6D, 0x46, 0x82, 0x1D,
    0xF9, 0xB5, 0x5F, 0xB4, 0x64, 0x14, 0xE4, 0x46, 0x46, 0x61, 0x16, 0xBD, 0x39, 0x8E, 0xD2, 0xF0,
    0x83, 0x8F, 0x4D, 0x12, 0xFC, 0xFD, 0xF7, 0xBF, 0x10, 0x7F, 0x2F, 0xFC, 0x2F, 0x62, 0x74, 0xDE,
    0x61, 0x8C, 0x10, 0x1B, 0x7E, 0xAF, 0xE2, 0xD6, 0xDC, 0x69, 0xA6, 0x79, 0xC4, 0xDD, 0x2F, 0xD2,
    0x23, 0xDE, 0x1E, 0xC2, 0x68, 0x77, 0xC0, 0xDD, 0x56, 0x62, 0x32, 0xF0, 0x17, 0x66, 0x04, 0x79,
    0x70, 0x85, 0xAB, 0xFA, 0x8C, 0x77, 0xB3, 0x26, 0xA7, 0x4E, 0x4E, 0xA7, 0xC8, 0x4D, 0xDD, 0x61,
    0xA5, 0x22, 0x78, 0x3F, 0xF7, 0x1A, 0xBC, 0x2F, 0x9C, 0xBE, 0x0F, 0x9D, 0x8E, 0x8C, 0x5B, 0xF5,
    0x38, 0xAC, 0x7F, 0x25, 0xAB, 0x88, 0xDA, 0xDA, 0xCF, 0x7A, 0x55, 0xB7, 0xB6, 0xAC, 0xD1, 0x15,
    0x1B, 0x58, 0x21, 0xEE, 0x8D, 0x4F, 0x71, 0x1E, 0x7B, 0x4A, 0xF8, 0xE6, 0x1D, 0x6B, 0x19, 0x82,
    0x45, 0xCE, 0x81, 0x23, 0x3B, 0xB8, 0x0D, 0x67, 0x60, 0xAF, 0x6D, 0xBF, 0x53, 0x38, 0x07, 0x1D,
    0xBB, 0x1A, 0x00, 0x39, 0xC6, 0xE7, 0x35, 0x34, 0xF6, 0x54, 0xF4, 0x4E, 0x73, 0x29, 0xBB, 0x72,
    0x77, 0x3B, 0x86, 0xAB, 0x88, 0xFB, 0x2D, 0x89, 0xFF, 0xFC, 0xD0, 0xEA, 0x25, 0xF7, 0x68, 0x5D,
    0x34, 0x83, 0xB5, 0x38, 0x18, 0xF3, 0x1B, 0x3E, 0x0B, 0x67, 0x02, 0xC1, 0x08, 0x92, 0xF7, 0x88,
    0x35, 0x4C, 0x75, 0x0F, 0xFE, 0x64, 0xB6, 0xD9, 0x10, 0x17, 0xCA, 0x4E, 0x0F, 0x90, 0xBB, 0xE2,
    0x30, 0xFB, 0x3C, 0x2F, 0x1A, 0x88, 0x83, 0xAB, 0x75, 0x64, 0x47, 0x31, 0xCE, 0xB4, 0x10, 0xCD,
    0x05, 0x49, 0xF4, 0x89, 0x50, 0x1C, 0xB7, 0x26, 0x40, 0xF4, 0x0D, 0xBD, 0x58, 0xBD, 0x92, 0xDC,
    0x44, 0x10, 0x6E, 0x49, 0x87, 0x65, 0x5B, 0x55, 0x37, 0x17, 0x1C, 0x55, 0x80, 0xC1, 0xBA, 0x80,
    0x80, 0xA2, 0xCC, 0x2A, 0x75, 0xB0, 0x3F, 0x2A, 0x9E, 0xC0, 0x89, 0x13, 0x08, 0x70, 0x4C, 0x62,
    0x07, 0x0E, 0x08, 0xD6, 0xB7, 0x82, 0x17, 0xB0, 0x1F, 0xC1, 0x81, 0xA3, 0x4B, 0xB8, 0xE0, 0x82,
    0xA3, 0x6A, 0xED, 0x15, 0x76, 0x51, 0x0E, 0x1C, 0x58, 0xC0, 0x0B, 0xA8, 0xA0, 0x28, 0xAA, 0xEC,
    0x00, 0x51, 0xC8, 0xB6, 0xEC, 0x5D, 0xDF, 0xF0, 0x7D, 0x3D, 0xD2, 0x1D, 0x50, 0x36, 0xDC, 0xF9,
    0xCE, 0x68, 0x67, 0xBA, 0x57, 0x7F, 0x3D, 0x3D, 0x3D, 0xDD, 0x5F, 0xF7, 0x48, 0x44, 0x56, 0x04,
    0xC7, 0x17, 0x24, 0x5B, 0x22, 0xA7, 0xE6, 0x95, 0x88, 0xB5, 0x85, 0x84, 0x4F, 0x3F, 0xAD, 0xC5,
    0xE4, 0xB2, 0x90, 0x91, 0xA0, 0xF5, 0x45, 0x4C, 0x3A, 0x05, 0xC9, 0x1A, 0x91, 0x30, 0xAF, 0x5B,
    0x12, 0xE4, 0x7A, 0x0A, 0x12, 0xE5, 0x63, 0xDE, 0x1D, 0x8A, 0x24, 0x92, 0xA4, 0xB2, 0x2E, 0xA6,
    0xF4, 0x17, 0xE2, 0x5B, 0x0B, 0x79, 0x13, 0x9B, 0x42, 0xFA, 0x39, 0x0E, 0xE1, 0xA5, 0x7C, 0x49,
    0x96, 0x82, 0x1C, 0xB7, 0x52, 0x33, 0xDF, 0x81, 0xEC, 0x91, 0x8C, 0xF1, 0xE6, 0xB6, 0x4A, 0x0C,
    0xF2, 0x0A, 0x9D, 0x9C, 0xE7, 0xBC, 0xCE, 0xFB, 0x66, 0x4E, 0x51, 0xA5, 0xC8, 0x92, 0xA8, 0x10,
    0x92, 0x30, 0x03, 0x89, 0xD2, 0x0B, 0x22, 0x33, 0xA9, 0xC5, 0x5B, 0x90, 0x94, 0x07, 0x23, 0x8D,
    0xF8, 0xA5, 0x4C, 0x25, 0x28, 0x64, 0x00, 0xFD, 0x25, 0xC9, 0xA0, 0x78, 0x64, 0x9F, 0x63, 0x00,
    0x6A, 0xDD, 0x1D, 0xB4, 0xCF, 0x65, 0x5A, 0xE7, 0xAC, 0xC4, 0x55, 0x5F, 0x92, 0xBC, 0x2F, 0x3D,
    0x79, 0x79, 0x1F, 0x40, 0xDF, 0xA9, 0x18, 0xDB, 0x48, 0x00, 0x33, 0xB6, 0x1A, 0x8B, 0xAC, 0x1D,
    0x77, 0x7C, 0x30, 0x76, 0xDC, 0xB4, 0x23, 0xC0, 0x18, 0xDD, 0xF1, 0xF9, 0xC6, 0x35, 0x39, 0xB6,
    0xB1, 0x71, 0xC3, 0x42, 0x05, 0x63, 0xED, 0xE2, 0xD9, 0xC6, 0x2C, 0xC3, 0x79, 0x53, 0x4B, 0x04,
    0x41, 0x41, 0x55, 0x8B, 0x5F, 0xD1, 0xD0, 0xB0, 0x3B, 0x5A, 0x9C, 0x82, 0xC0, 0xF0, 0x43, 0x9E,
    0x60, 0x65, 0x68, 0x00, 0x18, 0x32, 0xA8, 0x1C, 0xC7, 0x2B, 0x7A, 0xDD, 0x64, 0xE4, 0xDB, 0x5C,
    0x45, 0x7D, 0x7E, 0x41, 0xEE, 0x55, 0x94, 0x04, 0x2B, 0x97, 0x61, 0x49, 0x9E, 0xE4, 0x78, 0x0C,
    0xCB, 0x6E, 0x65, 0x64, 0x6D, 0x33, 0x83, 0xEE, 0x09, 0xC6, 0xA7, 0x3E, 0x41, 0x56, 0x50, 0x1D,
    0xFF, 0x49, 0x4E, 0x6D, 0xD4, 0xD4, 0x90, 0xFC, 0x81, 0x38, 0x5D, 0x28, 0xB2, 0x4E, 0xEC, 0x82,
    0x92, 0x63, 0x65, 0x53, 0xC8, 0x76, 0x7A, 0x94, 0xCA, 0x4C, 0xAE, 0x17, 0x13, 0xA7, 0xC4, 0x15,
    0xA7, 0x43, 0xA3, 0x2A, 0xA8, 0xA6, 0x41, 0x09, 0xC3, 0x53, 0x81, 0x38, 0x6D, 0xC7, 0xD7, 0xE1,
    0x47, 0x16, 0x7A, 0xFA, 0xCE, 0x2C, 0x51, 0xF6, 0xEE, 0x49, 0x65, 0xE6, 0x8A, 0xB2, 0xB0, 0x51,
    0xE6, 0x5D, 0x13, 0x59, 0x8D, 0xE8, 0x04, 0xBE, 0xBD, 0x97, 0xC1, 0x65, 0xCD, 0xDC, 0x92, 0x8D,
    0x64, 0x92, 0x61, 0xD6, 0x63, 0x89, 0x33, 0x4C, 0x7A, 0x9B, 0x06, 0x18, 0x4B, 0x85, 0x17, 0x30,
    0x0C, 0x59, 0xC0, 0xC5, 0x8F, 0x32, 0x0C, 0xCB, 0x7B, 0x31, 0x95, 0x8C, 0xB3, 0x01, 0x7D, 0x7C,
    0x42, 0xDF, 0x36, 0xF3, 0xF9, 0x57, 0xD6, 0xC2, 0x3B, 0xEF, 0x7E, 0xCC, 0x30, 0x58, 0x55, 0x15,
    0x2E, 0x90, 0x1C, 0xAF, 0x49, 0x7B, 0x47, 0x44, 0x87, 0xA0, 0x70, 0x96, 0x9A, 0x03, 0x2F, 0x60,
    0x6C, 0x63, 0xAB, 0x99, 0x5D, 0x04, 0x56, 0xDD, 0x61, 0x55, 0x47, 0xC4, 0xBD, 0xA4, 0xED, 0xD2,
    0xF6, 0x65, 0x2E, 0xFC, 0x7E, 0x3A, 0x24, 0xC6, 0x90, 0x87, 0xE9, 0x09, 0x7B, 0x82, 0xBE, 0x0E,
    0x1F, 0x82, 0x55, 0x83, 0x12, 0x81, 0x88, 0xB5, 0xAB, 0x62, 0x6D, 0xEE, 0xBF, 0xD9, 0x57, 0x13,
    0xA3, 0xD2, 0xD6, 0x29, 0x07, 0xCB, 0x7F, 0x41, 0x0D, 0x73, 0x8C, 0x4E, 0x58, 0xF1, 0xDE, 0x73,
    0xC7, 0x53, 0xDB, 0xF1, 0xDC, 0xF1, 0x3F, 0x4A, 0xC7, 0x7F, 0xAF, 0x1D, 0xAF, 0xA6, 0x2D, 0x1F,
    0xB5, 0xDC, 0x64, 0x8E, 0x87, 0x85, 0xE3, 0x7E, 0xE5, 0xB8, 0x2C, 0x5A, 0x3E, 0x54, 0xF9, 0x15,
    0x82, 0xC6, 0x08, 0x75, 0x8E, 0xF0, 0xCA, 0x3A, 0x78, 0x50, 0x85, 0x70, 0x94, 0x4D, 0x8C, 0xE7,
    0x11, 0x1D, 0x78, 0x2C, 0x49, 0xAB, 0x17, 0xB5, 0x32, 0xD9, 0x73, 0xA5, 0x4E, 0x23, 0xA7, 0x0F,
    0xB5, 0x09, 0x55, 0x97, 0x28, 0xA3, 0x26, 0xA0, 0x23, 0xA5, 0xD0, 0x02, 0x14, 0x3A, 0x80, 0x42,
    0x03, 0x50, 0x8C, 0x4F, 0x3A, 0x54, 0x6A, 0x94, 0x46, 0x4A, 0x03, 0x50, 0x8E, 0xAA, 0xEE, 0x27,
    0x8E, 0x1A, 0xA5, 0x89, 0x2A, 0xB1, 0xA3, 0xB4, 0xD9, 0x8D, 0x6C, 0xAF, 0xEA, 0x48, 0x8B, 0x5E,
    0x67, 0x67, 0x95, 0x94, 0xC3, 0xF9, 0xC2, 0xAB, 0x46, 0xE9, 0xD0, 0xAB, 0x06, 0x92, 0x78, 0x80,
    0x96, 0x78, 0x9F, 0x64, 0x79, 0x4F, 0x9E, 0x46, 0x21, 0x83, 0x58, 0x46, 0xF4, 0x9C, 0xA1, 0x03,
    0x9A, 0x41, 0xDF, 0x01, 0x0C, 0x90, 0xCD, 0x0D, 0x99, 0xB9, 0xFF, 0x51, 0xE9, 0xAE, 0xC7, 0x8D,
    0x03, 0xA2, 0x3E, 0xFC, 0x7E, 0x3B, 0xD1, 0xF5, 0xF7, 0x4A, 0x93, 0x05, 0x45, 0x98, 0x87, 0xF0,
    0xFA, 0x08, 0xA8, 0x6D, 0xCE, 0x9F, 0xAF, 0x7A, 0xB8, 0x0B, 0x49, 0x7D, 0x3C, 0x39, 0x04, 0x02,
    0x9E, 0xA6, 0x28, 0x3F, 0x2B, 0xC5, 0x7B, 0x82, 0xB1, 0x26, 0x40, 0xF2, 0xB7, 0xD5, 0x57, 0x11,
    0x80, 0x77, 0x53, 0x46, 0x1F, 0x43, 0x88, 0xD1, 0xC4, 0xC0, 0x62, 0xA8, 0x75, 0x7D, 0xBB, 0x8D,
    0x47, 0xDE, 0xE7, 0x73, 0x7C, 0x9E, 0xEF, 0xAD, 0x9D, 0x18, 0x0E, 0x4C, 0x4D, 0xC5, 0x3C, 0x8C,
    0xFD, 0xEF, 0x3F, 0x3F, 0xBF, 0x74, 0x66, 0xB0, 0x8D, 0xA4, 0xC2, 0xA9, 0xE4, 0xE1, 0x0B, 0x7F,
    0x41, 0x26, 0xAB, 0xC7, 0xE8, 0xF1, 0x3D, 0xAE, 0x0A, 0xCD, 0xEF, 0x97, 0xDD, 0x12, 0x9C, 0x7A,
    0x2A, 0xAF, 0x31, 0xB1, 0x79, 0xF9, 0x75, 0x91, 0x27, 0x98, 0x08, 0xB0, 0x47, 0xAD, 0xB2, 0x24,
    0x9A, 0xB0, 0x98, 0xB8, 0x0E, 0x9C, 0xE0, 0xB2, 0x35, 0x91, 0x47, 0x95, 0x5B, 0xD1, 0x58, 0x3A,
    0x00, 0xCA, 0x98, 0xB2, 0xF6, 0xDB, 0x99, 0xD9, 0x98, 0xD8, 0x98, 0xD7, 0x98, 0xD6, 0x98, 0xD5,
    0xBA, 0xA4, 0x06, 0x48, 0xF7, 0x7F, 0xCD, 0x01, 0xE5, 0x80, 0x71, 0xBA, 0xA2, 0xBC, 0x87, 0xC4,
    0xF5, 0x92, 0x36, 0x40, 0x2E, 0x43, 0x2A, 0x63, 0x26, 0x83, 0x66, 0x34, 0x2E, 0x6D, 0x4B, 0xD3,
    0x76, 0x96, 0x3D, 0xB9, 0x93, 0xCA, 0xCC, 0x56, 0xC1, 0xCE, 0x27, 0xB5, 0x29, 0x64, 0x85, 0xFE,
    0x0F, 0xA7, 0x62, 0x42, 0x52, 0xFF, 0x77, 0xB8, 0x35, 0x5B, 0x34, 0x32, 0x59, 0x4C, 0x9D, 0x2B,
    0xF5, 0x61, 0xF7, 0x3E, 0xC0, 0xB9, 0x1F, 0xD5, 0x32, 0xF5, 0xAC, 0x26, 0x9B, 0x42, 0xAD, 0x58,
    0x5C, 0x12, 0x79, 0x5C, 0xBA, 0x89, 0x9F, 0xEC, 0x5C, 0xEB, 0xC7, 0x1C, 0x90, 0x9C, 0xC3, 0x48,
    0x34, 0x16, 0x8C, 0x16, 0xA9, 0x01, 0xF7, 0x8C, 0x18, 0xE9, 0x75, 0xDE, 0xE7, 0x73, 0x7C, 0x5E,
    0x96, 0xC2, 0x9C, 0x4B, 0xB6, 0x9C, 0x4E, 0x90, 0x47, 0x5B, 0xC3, 0xBE, 0xBE, 0xF5, 0x0F, 0xCA,
    0x2E, 0x8D, 0x07, 0xDF, 0x91, 0x58, 0x9A, 0x65, 0xF1, 0x62, 0x1F, 0x68, 0x20, 0xB3, 0x53, 0xBF,
    0xD2, 0x41, 0xD4, 0x07, 0xD2, 0xBF, 0xF9, 0x00, 0x6D, 0xD8, 0x67, 0x5F, 0x71, 0xE0, 0x8F, 0xA8,
    0x65, 0x2A, 0x56, 0xFD, 0x9F, 0x93, 0x69, 0x2A, 0x16, 0x97, 0x8A, 0x65, 0x1F, 0xA9, 0xB8, 0x70,
    0xA9, 0x38, 0xFB, 0x6B, 0x2A, 0x1E, 0x1F, 0x28, 0x15, 0x2F, 0xB5, 0xD0, 0xC6, 0xDA, 0xA8, 0x70,
    0x55, 0x1C, 0x71, 0xE4, 0x4C, 0xDF, 0x75, 0x53, 0x3B, 0x10, 0x3A, 0x02, 0x7C, 0x71, 0xF5, 0x16,
    0xE5, 0x29, 0xE6, 0xBB, 0x63, 0x84, 0xE9, 0x3E, 0x86, 0x85, 0xCB, 0xC2, 0xF1, 0x51, 0x7A, 0x28,
    0xDC, 0x69, 0xF3, 0x44, 0xEB, 0xA6, 0xE2, 0x37, 0x2E, 0x2C, 0xF6, 0xE0, 0x7A, 0x63, 0x83, 0x28,
    0x63, 0xB9, 0x18, 0xE6, 0x01, 0xFF, 0x27, 0x9A, 0x96, 0x27, 0x4A, 0x9F, 0xE8, 0x52, 0xFF, 0x4C,
    0x1A, 0xDE, 0x21, 0x35, 0x78, 0x32, 0x95, 0xA1, 0xD2, 0xA9, 0x3A, 0x42, 0x45, 0x8A, 0x73, 0xD0,
    0x48, 0x69, 0xAC, 0x0E, 0x32, 0x50, 0x3A, 0xE5, 0x1D, 0x64, 0x3A, 0x27, 0xBF, 0x1D, 0x31, 0xDD,
    0xAB, 0x05, 0x5D, 0x22, 0xE9, 0xE9, 0xF5, 0x0F, 0x5C, 0x35, 0x00, 0x65, 0x43, 0xFB, 0x2D, 0x1E,
    0x4F, 0x7E, 0x9B, 0x63, 0x39, 0x6E, 0x8A, 0x85, 0xC7, 0x6C, 0x82, 0x1B, 0x9D, 0x43, 0x84, 0x99,
    0xE1, 0xC8, 0x12, 0xD2, 0x74, 0x5D, 0x8B, 0xF9, 0x46, 0xC6, 0x6A, 0xC7, 0x5B, 0xC8, 0x37, 0x8D,
    0x6F, 0x51, 0xE8, 0x8C, 0x66, 0xF7, 0x76, 0x76, 0x24, 0xDE, 0xF1, 0x2C, 0xAC, 0x9B, 0xCA, 0x1B,
    0xBB, 0x56, 0xD0, 0x9C, 0x45, 0xC7, 0xF2, 0xCA, 0x2E, 0x41, 0x9D, 0x7A, 0x8A, 0xA4, 0x66, 0xED,
    0x6F, 0x8C, 0x96, 0x45, 0x17, 0x2D, 0xF0, 0xEC, 0xBE, 0x44, 0xF7, 0x11, 0x2D, 0x09, 0x3D, 0x79,
    0xCC, 0x40, 0xA9, 0x41, 0x00, 0xCF, 0x79, 0x63, 0x32, 0x44, 0x4B, 0xC2, 0x68, 0xA1, 0xA7, 0x21,
    0x61, 0x23, 0x5A, 0x8A, 0x2E, 0x5A, 0x12, 0x46, 0xCB, 0x98, 0xD1, 0xB2, 0xE6, 0xB6, 0x01, 0xA9,
    0x03, 0x10, 0x4E, 0x98, 0x53, 0x38, 0x41, 0x55, 0x7C, 0xCC, 0xE2, 0x21, 0x82, 0xD8, 0xB2, 0x14,
    0x83, 0xF6, 0x36, 0xDB, 0x0E, 0x7E, 0xCD, 0x6B, 0x73, 0x27, 0xAF, 0x12, 0x04, 0xFB, 0x38, 0xC8,
    0xBF, 0xA9, 0xC2, 0x7C, 0x52, 0x00, 0x31, 0x89, 0x99, 0x88, 0x96, 0x5B, 0xB0, 0xC8, 0x5A, 0x5B,
    0x60, 0x07, 0xB7, 0x4B, 0x09, 0x1E, 0xC1, 0x55, 0xC7, 0xBD, 0x23, 0xCF, 0x79, 0x3C, 0x62, 0xFC,
    0x33, 0x57, 0x33, 0xF1, 0x7F, 0x26, 0x56, 0x5D, 0x73, 0x17, 0x0F, 0xE9, 0x83, 0x5A, 0xAA, 0x0D,
    0x6F, 0x62, 0x6B, 0xB1, 0x7C, 0xF4, 0x3A, 0xBF, 0x29, 0x5A, 0xF1, 0xF8, 0x3F, 0x11, 0x67, 0x36,
    0xB1, 0xA8, 0x2B, 0x87, 0xD5, 0x77, 0x8C, 0xAD, 0x4D, 0x92, 0x45, 0xB7, 0x0B, 0xDD, 0xAB, 0xDC,
    0xD0, 0x1D, 0xCA, 0x0D, 0xB7, 0x19, 0xD9, 0x6D, 0xD0, 0x08, 0xED, 0x1F, 0x17, 0xF5, 0xFA, 0x62,
    0x46, 0x20, 0x81, 0x63, 0x43, 0xDB, 0xF8, 0xB3, 0x54, 0x02, 0x00, 0xB5, 0x64, 0xD9, 0x5F, 0x0C,
    0x59, 0xE8, 0xAE, 0x69, 0x84, 0x5D, 0xC2, 0x18, 0xDE, 0xB3, 0x05, 0xCF, 0x20, 0x0C, 0xB1, 0x13,
    0xDF, 0xB6, 0xA9, 0x01, 0x1C, 0x76, 0x84, 0xD0, 0xD8, 0x85, 0x4A, 0x75, 0x62, 0xFC, 0x4D, 0x43,
    0x78, 0x8E, 0x77, 0x08, 0xC5, 0x5A, 0x6B, 0x05, 0x3F, 0xC1, 0x8B, 0x60, 0x87, 0x3D, 0x6B, 0xBD,
    0xB2, 0x52, 0x03, 0x04, 0xC0, 0xD5, 0x3C, 0xF8, 0x5E, 0x93, 0xEE, 0x5B, 0x9A, 0x15, 0x0F, 0xD4,
    0xCE, 0xF0, 0xBD, 0x3E, 0xF6, 0x9B, 0x23, 0x89, 0xEE, 0x65, 0xDE, 0x97, 0x1D, 0x3C, 0xF5, 0x39,
    0xE2, 0x7F, 0xB4, 0xB3, 0x84, 0x91, 0x66, 0x78, 0xEB, 0xB2, 0xD9, 0x5F, 0x69, 0xE5, 0xA5, 0x49,
    0x7D, 0x65, 0xBC, 0x79, 0x9A, 0x78, 0xF0, 0x2F, 0xC5, 0x95, 0xDA, 0xBA, 0xC4, 0x84, 0xBC, 0x05,
    0xE1, 0xA2, 0x17, 0xFF, 0x3F, 0xC5, 0x95, 0x82, 0x22, 0x77, 0x1F, 0xF7, 0xE9, 0xCE, 0x30, 0xF0,
    0xB9, 0x73, 0xBB, 0x18, 0xFE, 0xCA, 0x45, 0x96, 0xDB, 0x5A, 0xD2, 0x23, 0x87, 0x5F, 0xB3, 0x0A,
    0x8A, 0xFE, 0xA7, 0xB9, 0xD0, 0x39, 0x66, 0x85, 0xF8, 0x8F, 0xA8, 0xE1, 0x96, 0x4B, 0x77, 0x87,
    0x9C, 0xC7, 0x00, 0xEB, 0x90, 0x5C, 0x85, 0x4C, 0xE7, 0x6B, 0x5A, 0x2C, 0xB0, 0x52, 0x40, 0x99,
    0x20, 0xB5, 0xEE, 0xC0, 0x9D, 0x2C, 0xC7, 0x23, 0x94, 0x01, 0x09, 0xDD, 0x5E, 0x9F, 0xA9, 0xB5,
    0x1E, 0x30, 0xA9, 0xBB, 0xCE, 0xAE, 0xCF, 0x96, 0x9B, 0x2E, 0x19, 0xD4, 0x28, 0xD1, 0xA6, 0x12,
    0xC7, 0xE2, 0xFB, 0x6D, 0x9E, 0x5A, 0x8E, 0x4B, 0xB3, 0x5E, 0xA0, 0xD4, 0x43, 0x9A, 0x72, 0x3B,
    0xC2, 0x17, 0x36, 0x3D, 0x6C, 0x26, 0xC1, 0x43, 0x17, 0x50, 0x47, 0xA9, 0x17, 0x92, 0x25, 0x80,
    0x71, 0x70, 0x45, 0xE0, 0xDE, 0x2B, 0x6A, 0xD2, 0xB3, 0x93, 0x6C, 0x30, 0x4F, 0x51, 0x15, 0x0C,
    0x35, 0x3E, 0x5E, 0xD6, 0x14, 0x72, 0xA9, 0xF7, 0x3D, 0xEC, 0x61, 0xAA, 0xAD, 0x23, 0xAF, 0xAC,
    0x19, 0x13, 0x1F, 0x11, 0xDC, 0x02, 0xD4, 0x05, 0x1D, 0xB4, 0x1D, 0xA0, 0xBE, 0xD6, 0x1A, 0xA3,
    0x10, 0xEF, 0x59, 0x25, 0x7E, 0x7E, 0xF9, 0xE8, 0xD5, 0x5B, 0x25, 0xC6, 0x05, 0x3F, 0x94, 0x58,
    0x10, 0x05, 0xB8, 0x83, 0xE8, 0x76, 0xB1, 0x64, 0xC1, 0x22, 0xE6, 0x97, 0x8B, 0x39, 0x8B, 0x99,
    0x5E, 0x5B, 0xA2, 0x10, 0x02, 0x0C, 0x33, 0xB9, 0x45, 0x4A, 0x9C, 0xB0, 0x3C, 0x9C, 0xB1, 0x36,
    0xCC, 0x5D, 0x6E, 0x0F, 0x8A, 0x3E, 0xF8, 0x28, 0x8D, 0x73, 0x83, 0x77, 0x7D, 0x00, 0xA9, 0xFA,
    0x3F, 0x2B, 0x1C, 0x3E, 0xC2, 0x4F, 0x78, 0xCB, 0xAA, 0x17, 0x06, 0x31, 0x0F, 0xEB, 0x58, 0x2E,
    0xF7, 0x54, 0xA4, 0x69, 0x14, 0x79, 0x4F, 0xB1, 0x60, 0x7D, 0x9F, 0xD9, 0x6F, 0x9C, 0x3C, 0xC0,
    0x56, 0x5F, 0x3F, 0xC7, 0x4C, 0x75, 0x7B, 0x7D, 0x5A, 0x17, 0x54, 0xBF, 0xA4, 0x7C, 0xB8, 0xB1,
    0x71, 0x9D, 0x9F, 0xAD, 0xDE, 0xF9, 0xFA, 0xC1, 0x75, 0x7E, 0xC6, 0x7B, 0xA5, 0x1E, 0xB6, 0xAB,
    0xA5, 0xE7, 0xC8, 0x23, 0xC7, 0xC8, 0xBB, 0xA2, 0xCC, 0xB5, 0x89, 0xC5, 0x46, 0x67, 0xEF, 0xF4,
    0x05, 0x6D, 0xC7, 0x95, 0x51, 0xE2, 0xD7, 0xFA, 0xA5, 0xA5, 0xCF, 0x2F, 0xAA, 0x6E, 0x9F, 0xF4,
    0x27, 0x15, 0x8E, 0x31, 0x6E, 0xC2, 0x40, 0x10, 0x45, 0xBF, 0x6D, 0x22, 0x48, 0x90, 0xB0, 0x9B,
    0x48, 0x69, 0xC0, 0x14, 0x29, 0x68, 0xD0, 0x36, 0x29, 0x28, 0xBC, 0xEB, 0x11, 0x39, 0x00, 0x2E,
    0x38, 0x00, 0x05, 0x15, 0x75, 0x0A, 0xA4, 0xD8, 0xD1, 0x1E, 0x81, 0x23, 0xD0, 0xD2, 0x51, 0x04,
    0xC9, 0x8A, 0x88, 0xBC, 0x47, 0xE0, 0x08, 0xF4, 0x69, 0xA6, 0xA0, 0x70, 0x81, 0xB4, 0xD9, 0x9D,
    0xEA, 0x17, 0xF3, 0xDF, 0x7F, 0x33, 0x48, 0xA4, 0x14, 0xE9, 0x10, 0x31, 0x09, 0x64, 0x18, 0x03,
    0x88, 0x4D, 0xCE, 0xC7, 0x0F, 0xF8, 0xCB, 0xDF, 0xC9, 0xFE, 0x11, 0x37, 0x3E, 0x3F, 0x2F, 0x61,
    0x2D, 0x36, 0x07, 0x14, 0x3D, 0x9E, 0x56, 0x67, 0xC1, 0x01, 0x92, 0xB6, 0x4D, 0x5E, 0x5F, 0x4A,
    0x55, 0x4A, 0x41, 0x9F, 0x26, 0x34, 0x91, 0xEE, 0xFA, 0x92, 0x3E, 0x5D, 0xAE, 0xD7, 0x9F, 0x8B,
    0xD0, 0xC0, 0x68, 0x24, 0x65, 0x7D, 0x2B, 0x76, 0xFB, 0xB7, 0x5F, 0x16, 0xE6, 0xC9, 0x73, 0xB6,
    0x5B, 0x28, 0x85, 0x78, 0x41, 0xE1, 0x9C, 0x02, 0x4A, 0x5B, 0x59, 0x7D, 0x0F, 0x92, 0x4E, 0x1F,
    0x7E, 0xFE, 0x0B, 0x39, 0x3D, 0x22, 0xA0, 0xC8, 0x44, 0x46, 0x90, 0x72, 0xDF, 0xE3, 0x7B, 0x5D,
    0x67, 0xF7, 0x72, 0x3D, 0x71, 0x5C, 0x47, 0xEE, 0xEA, 0xD8, 0x19, 0x03, 0x0F, 0xC3, 0xAC, 0x5D,
    0x39, 0x55, 0x5D, 0x81, 0xC1, 0x64, 0x4D, 0x4E, 0x01, 0x52, 0x23, 0x99, 0x67, 0x45, 0xEF, 0x38,
    0x55, 0xE7, 0x94, 0xBD, 0xB1, 0xB5, 0xCE, 0x1A, 0xCD, 0xAD, 0xE1, 0x7F, 0xC5, 0x59, 0xBF, 0x6F,
    0xDB, 0x46, 0x14, 0xFE, 0xA8, 0x73, 0x4D, 0x27, 0x8C, 0x43, 0x0F, 0x19, 0x5A, 0x34, 0xB1, 0x32,
    0x78, 0x4C, 0xAD, 0x25, 0x83, 0x07, 0xFD, 0x20, 0xB2, 0x74, 0x2B, 0xB2, 0x64, 0xEA, 0x92, 0xB9,
    0x43, 0x91, 0x21, 0x43, 0xD1, 0x2A, 0x36, 0xD1, 0xFC, 0x03, 0xF9, 0x13, 0x3A, 0x64, 0x0A, 0x32,
    0x68, 0xF0, 0x60, 0x20, 0x6A, 0x7C, 0x4D, 0x87, 0x2C, 0x2D, 0xC0, 0xA2, 0xFF, 0x80, 0x0A, 0x14,
    0xE8, 0x18, 0x16, 0x15, 0x0A, 0xA5, 0x96, 0x7D, 0xFD, 0xDE, 0x3B, 0xDA, 0x96, 0xE5, 0x38, 0x48,
    0x4C, 0x4A, 0xA1, 0x74, 0xA4, 0x78, 0x3C, 0xBF, 0xFB, 0xBE, 0x7B, 0x3F, 0xEE, 0x3D, 0x1A, 0x41,
    0x0A, 0x98, 0x0C, 0x88, 0x06, 0x40, 0x9C, 0x03, 0xF5, 0x11, 0xD0, 0xEA, 0x02, 0xCD, 0x16, 0xB0,
    0xD3, 0x00, 0xF2, 0x18, 0xC1, 0x20, 0x4E, 0x4D, 0x16, 0xDA, 0xD0, 0xB9, 0x2C, 0x72, 0x2E, 0x8F,
    0xEF, 0xDC, 0xC9, 0xD7, 0xF9, 0xB4, 0xC9, 0x51, 0x1C, 0xD9, 0xBE, 0x0F, 0xAC, 0x42, 0x0E, 0x63,
    0xBD, 0xAC, 0x1A, 0x65, 0x5E, 0xE1, 0xC5, 0xBD, 0x4C, 0xE2, 0x3D, 0x97, 0x76, 0xB0, 0x95, 0x76,
    0x51, 0x4F, 0x77, 0x10, 0xA7, 0x39, 0xA2, 0xA3, 0x26, 0xF7, 0xD2, 0x2F, 0xCF, 0x65, 0x9C, 0x8C,
    0x97, 0xBF, 0xC3, 0x12, 0x5B, 0x87, 0x8D, 0x93, 0x20, 0xCC, 0x3C, 0x2E, 0xDC, 0x63, 0x23, 0x46,
    0x58, 0x9D, 0x0A, 0x55, 0xE2, 0x6E, 0xB3, 0xED, 0x89, 0x3C, 0xB6, 0x88, 0xBF, 0x97, 0x51, 0x0E,
    0x3F, 0xB0, 0xC0, 0xF6, 0x80, 0x20, 0x47, 0x30, 0xBF, 0x5B, 0xC5, 0x27, 0xD8, 0xAE, 0x2F, 0x55,
    0x8B, 0x1B, 0x01, 0x5B, 0x44, 0x81, 0x75, 0xAE, 0x17, 0x9F, 0xBA, 0x1F, 0x60, 0x7E, 0xCA, 0xFC,
    0xA3, 0x52, 0xF8, 0x13, 0x8A, 0x1E, 0xF2, 0xFA, 0x1C, 0xBA, 0x20, 0xA6, 0xD0, 0xC1, 0x2C, 0x38,
    0x84, 0x32, 0x05, 0x75, 0x5A, 0xA3, 0x9C, 0x36, 0x75, 0xEC, 0x52, 0x98, 0x17, 0x99, 0x32, 0x2B,
    0xC7, 0x61, 0xC2, 0x70, 0x4C, 0x36, 0xE0, 0x4F, 0x3B, 0x1B, 0x1D, 0x50, 0xCD, 0x70, 0x9E, 0x48,
    0xE7, 0x32, 0xED, 0xE8, 0x17, 0xD4, 0x7E, 0x1B, 0x54, 0xA0, 0x03, 0xAE, 0xC0, 0xEE, 0xE7, 0x94,
    0x47, 0xD9, 0x83, 0x1F, 0x67, 0xAB, 0x03, 0x1E, 0xB5, 0xD1, 0x06, 0x42, 0xD7, 0x47, 0x14, 0xE5,
    0x7E, 0xED, 0xC5, 0xFF, 0xF6, 0xAC, 0xE7, 0x52, 0x86, 0xC7, 0x2C, 0x71, 0x4F, 0xC6, 0x9B, 0x69,
    0xCC, 0x65, 0xD7, 0x7F, 0x32, 0x06, 0xA9, 0x3B, 0x13, 0x1B, 0xF6, 0x89, 0x9F, 0xF3, 0xAD, 0xF0,
    0xE7, 0x76, 0x4C, 0x24, 0xD4, 0x4B, 0x7D, 0x58, 0x7D, 0x3C, 0x12, 0xFF, 0x13, 0x7F, 0x50, 0x79,
    0x09, 0x82, 0x0B, 0xD7, 0x49, 0xB5, 0x87, 0xDA, 0xBF, 0xEC, 0xDB, 0xB5, 0x1E, 0x4E, 0x19, 0x6E,
    0xD7, 0xD9, 0xFA, 0xC2, 0x8F, 0xF3, 0x84, 0xE9, 0xEC, 0xF9, 0x64, 0x45, 0x38, 0x61, 0x67, 0xF0,
    0x85, 0x70, 0xD9, 0x46, 0x50, 0x15, 0x97, 0xB3, 0xF6, 0x87, 0x59, 0x73, 0x92, 0x3D, 0xC3, 0x25,
    0xBA, 0x67, 0x04, 0x11, 0x39, 0xFD, 0x9A, 0x57, 0xA7, 0x9F, 0x69, 0xDF, 0x9F, 0x07, 0x1F, 0x89,
    0x01, 0xC3, 0x0D, 0x44, 0x6E, 0x47, 0x63, 0x80, 0xDE, 0x73, 0x52, 0x43, 0xA4, 0xE6, 0xAF, 0x81,
    0xC6, 0x65, 0x7C, 0x5C, 0x82, 0xD3, 0xAC, 0xF1, 0x4F, 0xC4, 0x82, 0x53, 0xB8, 0x17, 0xAA, 0x8B,
    0x05, 0x5F, 0x3D, 0x79, 0xEC, 0xDC, 0xF8, 0xBF, 0x27, 0x8F, 0x49, 0x61, 0xF2, 0x4B, 0x68, 0xFC,
    0x4E, 0x75, 0x6A, 0xFF, 0x78, 0xD7, 0x8D, 0x05, 0xE0, 0x0E, 0xC0, 0xEB, 0x5A, 0x81, 0x24, 0x43,
    0xEC, 0x46, 0x14, 0xFA, 0x80, 0x4E, 0xD1, 0xC0, 0x36, 0x62, 0x8E, 0x74, 0xDA, 0x72, 0x3F, 0x96,
    0xFD, 0x0B, 0x7C, 0xBE, 0x8E, 0x78, 0x6F, 0xCC, 0xF1, 0x64, 0xF2, 0x11, 0x54, 0x03, 0x6A, 0x79,
    0x2D, 0xF5, 0xE0, 0xDA, 0x2B, 0xDD, 0x9E, 0xAF, 0xF9, 0xFE, 0xF3, 0x62, 0x3B, 0xDC, 0xC0, 0x0C,
    0xAD, 0x99, 0x0A, 0xC2, 0x25, 0x94, 0xC3, 0x88, 0x95, 0x68, 0xD8, 0xAB, 0xEF, 0xE6, 0xCB, 0xB2,
    0xAD, 0x97, 0x58, 0x30, 0x33, 0xBC, 0x89, 0xF8, 0x80, 0xD3, 0xC6, 0xF9, 0x44, 0x38, 0x3F, 0x2F,
    0x28, 0x89, 0xA9, 0x66, 0x80, 0x6E, 0xDD, 0x06, 0xAE, 0x05, 0xF3, 0xD2, 0x62, 0x11, 0xA9, 0xA0,
    0x93, 0x19, 0x41, 0x7C, 0x32, 0xF9, 0xA9, 0x46, 0x88, 0xDA, 0xDE, 0xF4, 0xCC, 0x3F, 0x1F, 0xC3,
    0xC3, 0x95, 0x4D, 0x33, 0x4E, 0x74, 0x9B, 0xD8, 0x6C, 0x22, 0x90, 0x54, 0xEC, 0x85, 0x65, 0x6F,
    0x52, 0x0E, 0xF7, 0x92, 0x4A, 0x8C, 0x33, 0x89, 0x6D, 0x5D, 0x8A, 0x15, 0xE4, 0x04, 0x7E, 0xCE,
    0x55, 0xBD, 0x28, 0x20, 0xAD, 0x2E, 0x04, 0x36, 0x7B, 0x14, 0x97, 0xC0, 0x3C, 0xAC, 0x00, 0xE5,
    0x29, 0x53, 0x84, 0x8E, 0x2C, 0x0B, 0x57, 0x36, 0x29, 0x11, 0x2C, 0x92, 0x37, 0x29, 0xDA, 0x3D,
    0x2D, 0x16, 0xB5, 0x42, 0x0B, 0xAD, 0x00, 0xA5, 0x44, 0x4E, 0x9A, 0x2A, 0x23, 0x67, 0x5C, 0x44,
    0x4E, 0x6C, 0xE2, 0x38, 0x93, 0x2D, 0x83, 0xB4, 0x12, 0x74, 0x47, 0x91, 0xE7, 0x30, 0x47, 0x3A,
    0x95, 0x63, 0x97, 0x8F, 0x46, 0x8C, 0x9A, 0x16, 0x99, 0xB1, 0x86, 0xB7, 0x8B, 0x74, 0x84, 0xB7,
    0x7F, 0x22, 0xCE, 0xF2, 0xCC, 0x1A, 0x1B, 0x26, 0x6A, 0x91, 0xAC, 0x5F, 0xDE, 0xF4, 0xB9, 0x8C,
    0xBB, 0xC3, 0xA9, 0xA3, 0x87, 0xE1, 0xE8, 0x2E, 0xBA, 0xB2, 0x47, 0x74, 0x8F, 0x8F, 0x0D, 0xAC,
    0x75, 0x9B, 0xF8, 0xF4, 0xB5, 0x3A, 0x64, 0x86, 0xF0, 0xF5, 0x97, 0x43, 0x31, 0xF3, 0xB1, 0x90,
    0xED, 0xA0, 0x29, 0x8E, 0x49, 0x4B, 0x8A, 0x53, 0x6E, 0x2F, 0xA1, 0x1D, 0x16, 0x27, 0x63, 0xF5,
    0x76, 0x24, 0xE5, 0x47, 0x57, 0x9E, 0xB6, 0xC5, 0xD5, 0x1A, 0x09, 0x75, 0x17, 0x0F, 0x6A, 0xC2,
    0x92, 0x7E, 0x8F, 0x2D, 0xD9, 0xE3, 0x71, 0x5B, 0x74, 0x2C, 0xC9, 0x85, 0x51, 0xFD, 0x3E, 0xF2,
    0x29, 0xA1, 0xAC, 0x83, 0xAC, 0x47, 0x87, 0x9F, 0x2E, 0x05, 0xEC, 0xA8, 0x60, 0x63, 0xB9, 0xF3,
    0xE8, 0x55, 0xEE, 0xA5, 0x5F, 0x9E, 0x1F, 0xAD, 0x9B, 0xEC, 0x45, 0x17, 0x8A, 0x74, 0x72, 0xF5,
    0x50, 0x6C, 0x2C, 0x4B, 0x8C, 0x0D, 0x39, 0xF5, 0x8A, 0x84, 0xC9, 0x1F, 0x33, 0xE6, 0xB4, 0x3E,
    0x55, 0xF8, 0x5E, 0x2C, 0x49, 0xAC, 0x38, 0x0B, 0x37, 0xC9, 0x95, 0x6B, 0x7F, 0xB0, 0x3F, 0x1A,
    0xC9, 0x44, 0x32, 0xD3, 0xDA, 0xE2, 0xEC, 0x19, 0xF9, 0x92, 0xD8, 0x6A, 0x2C, 0xEE, 0xD0, 0x2E,
    0xF7, 0xFE, 0x3C, 0x2E, 0x07, 0x4A, 0x31, 0x93, 0x9C, 0x59, 0x93, 0x66, 0xCD, 0x9A, 0x35, 0x6D,
    0x56, 0xD5, 0xCD, 0x97, 0xDE, 0x64, 0xB5, 0xDC, 0x61, 0xEE, 0xE3, 0x58, 0xED, 0x1C, 0x56, 0xFC,
    0xA5, 0xE8, 0x49, 0x1A, 0xED, 0xF3, 0x68, 0x4D, 0xA4, 0xC5, 0xEF, 0x4D, 0x2E, 0xCB, 0x28, 0x94,
    0x3F, 0x5B, 0x9D, 0x93, 0x3D, 0xFA, 0xB8, 0xE9, 0x73, 0x91, 0x4E, 0xEC, 0x8B, 0xE9, 0xAC, 0x0A,
    0xED, 0xA9, 0xDE, 0x7E, 0x26, 0x9F, 0x6F, 0xB9, 0x62, 0xB8, 0xD7, 0xC0, 0x07, 0xD1, 0x9E, 0xD6,
    0xD9, 0x37, 0xB4, 0xCE, 0x0E, 0xA3, 0x21, 0x02, 0xB1, 0x24, 0xA9, 0x57, 0xAB, 0xA0, 0xF8, 0x01,
    0xE8, 0x4C, 0x45, 0xC4, 0xC3, 0xDD, 0x85, 0x15, 0x50, 0x90, 0xE5, 0xE5, 0x19, 0x4D, 0x46, 0x49,
    0xBF, 0x57, 0xD5, 0x65, 0xE6, 0xE7, 0x52, 0x49, 0x0C, 0xBE, 0x91, 0xFB, 0x6D, 0x52, 0xDC, 0xCB,
    0x67, 0xAA, 0xB1, 0xD4, 0x27, 0x4B, 0xA1, 0xB8, 0x42, 0x90, 0x60, 0x89, 0x65, 0xC6, 0x82, 0xB1,
    0x1C, 0xC6, 0x4A, 0xE2, 0xE0, 0xFD, 0x39, 0x5D, 0x39, 0x2C, 0x1D, 0xD1, 0x48, 0xC9, 0xA3, 0x66,
    0xE7, 0xC3, 0x23, 0x28, 0x42, 0x06, 0xFA, 0xE4, 0x70, 0xB5, 0x24, 0x87, 0x53, 0x3B, 0x96, 0x28,
    0x24, 0x9B, 0x93, 0x42, 0x4E, 0xEC, 0x58, 0x24, 0xB3, 0x5C, 0x92, 0x8C, 0x1A, 0xD6, 0xD6, 0xC3,
    0x54, 0x8A, 0x6D, 0xCA, 0xEF, 0x6D, 0xCE, 0xCB, 0xB0, 0x26, 0xCB, 0xED, 0xBF, 0x13, 0xAD, 0x5F,
    0x4B, 0xF1, 0xD0, 0x02, 0x1B, 0x73, 0x42, 0x3F, 0xED, 0xF9, 0x41, 0x79, 0x02, 0x13, 0x35, 0xF6,
    0x5D, 0xBA, 0x1D, 0xA3, 0xE3, 0xE0, 0x5D, 0xDB, 0x88, 0x78, 0xFA, 0x2C, 0xFE, 0x5B, 0x44, 0xDF,
    0x48, 0x1B, 0x49, 0xE4, 0xF6, 0x99, 0x36, 0x17, 0x11, 0x48, 0x2A, 0xDA, 0xBA, 0x4F, 0x6D, 0x36,
    0x70, 0xAD, 0x89, 0xF5, 0x33, 0xBE, 0xAD, 0x0E, 0xFA, 0x4C, 0x82, 0x0D, 0xD7, 0x6C, 0x41, 0x33,
    0xDB, 0xB6, 0xE6, 0xB5, 0x12, 0x80, 0x9E, 0x89, 0xF7, 0x58, 0x5F, 0x20, 0x87, 0x5E, 0x6A, 0xA5,
    0x10, 0x1F, 0xE8, 0x9E, 0x17, 0x2A, 0xD6, 0x4B, 0xDE, 0xAD, 0xDE, 0x19, 0xA8, 0x57, 0xFB, 0x58,
    0xCB, 0xE5, 0x40, 0xDE, 0x16, 0x4A, 0x62, 0xC2, 0x0B, 0x01, 0xEE, 0xB2, 0x0A, 0x08, 0xC6, 0x72,
    0x1A, 0xBC, 0xDF, 0x49, 0xC0, 0x42, 0xD0, 0x42, 0xE0, 0x42, 0xF0, 0x42, 0x00, 0x1F, 0x23, 0x9E,
    0x0A, 0x8C, 0x04, 0xB1, 0x84, 0xFB, 0x62, 0x79, 0x1B, 0xA8, 0xE7, 0x4D, 0x34, 0x2C, 0x91, 0xE2,
    0xEC, 0xD6, 0xA2, 0xA6, 0xFB, 0x5A, 0x72, 0x08, 0x0B, 0xA5, 0x91, 0x1C, 0x19, 0xD4, 0x58, 0x5C,
    0x72, 0x15, 0xF3, 0xE1, 0x71, 0x1C, 0x18, 0xC9, 0xE1, 0x6A, 0x49, 0x0E, 0x0D, 0x21, 0xF1, 0x9D,
    0xBC, 0xF4, 0x10, 0x6B, 0x61, 0x88, 0x0A, 0x44, 0xAB, 0x73, 0x52, 0xC8, 0xC9, 0x54, 0x7E, 0x05,
    0xCB, 0x25, 0xC9, 0xE8, 0xD6, 0xBD, 0x7F, 0x83, 0x02, 0x5F, 0x8D, 0x03, 0x98, 0x5B, 0xC3, 0x79,
    0x19, 0xD6, 0x89, 0xF7, 0x90, 0x62, 0xDD, 0x25, 0x79, 0xF8, 0xD4, 0x61, 0x4E, 0xE8, 0x63, 0x14,
    0xE1, 0x46, 0x4B, 0xA9, 0xC2, 0x3D, 0xCB, 0x11, 0x98, 0xFC, 0x47, 0x44, 0x5A, 0x58, 0x2B, 0x27,
    0x65, 0x75, 0x8C, 0xA2, 0x2E, 0x79, 0xD4, 0x67, 0x6F, 0x9B, 0xC0, 0xEA, 0x49, 0x6C, 0x19, 0x5F,
    0xE8, 0x48, 0x0C, 0x29, 0x23, 0x46, 0xF3, 0x2D, 0x0E, 0x6E, 0x88, 0x87, 0xA6, 0xFE, 0xE5, 0xD4,
    0x59, 0x2D, 0xD2, 0xF7, 0xA6, 0xE2, 0xCF, 0xFC, 0xA3, 0x1B, 0x22, 0xB6, 0x89, 0xD5, 0xB3, 0x43,
    0x50, 0xBB, 0x8D, 0x83, 0xBA, 0x3B, 0x08, 0xDD, 0xD7, 0xB8, 0xCD, 0x18, 0xD9, 0xFC, 0x24, 0x18,
    0x75, 0x5C, 0x1E, 0xB9, 0xA4, 0x2A, 0x30, 0x7E, 0x2D, 0x13, 0x3F, 0x76, 0xD1, 0xDF, 0x12, 0x11,
    0xDE, 0xBE, 0x78, 0xD2, 0xDA, 0xFC, 0x1C, 0x80, 0xE0, 0x20, 0xE8, 0x14, 0x1E, 0x7B, 0x09, 0x30,
    0xED, 0xB8, 0x7F, 0x08, 0xF1, 0xD6, 0x40, 0xB3, 0xC8, 0x8E, 0xF5, 0xBE, 0x2F, 0xDE, 0x62, 0xAA,
    0x5D, 0xC8, 0xD3, 0xE1, 0xFC, 0x7C, 0x6B, 0x29, 0xDA, 0x0F, 0xF6, 0xAF, 0x89, 0xFF, 0xC1, 0x7C,
    0x3F, 0xAC, 0x16, 0xA3, 0x04, 0xDB, 0x9B, 0xF1, 0xC1, 0xF6, 0xD1, 0xBB, 0xD5, 0xF3, 0x61, 0xFC,
    0x1F, 0x7D, 0x50, 0x31, 0x4E, 0xC3, 0x30, 0x14, 0x7D, 0x4A, 0x2A, 0xAC, 0x26, 0x42, 0x66, 0x00,
    0x75, 0xCC, 0xD2, 0x91, 0xD6, 0x0B, 0x43, 0x87, 0x24, 0xF6, 0xC6, 0x05, 0x90, 0x38, 0x44, 0x57,
    0x06, 0x86, 0x8A, 0x5A, 0x5D, 0x58, 0x39, 0x42, 0x0F, 0xC1, 0xD0, 0xCD, 0x06, 0x2E, 0x90, 0x81,
    0x03, 0x44, 0x42, 0x0C, 0x88, 0xC5, 0x12, 0x19, 0x10, 0x2D, 0x35, 0xDF, 0x2E, 0x42, 0x48, 0x48,
    0xD8, 0xDF, 0x7E, 0x7E, 0xDF, 0xFF, 0x5B, 0xCF, 0x6F, 0xBE, 0x31, 0x9F, 0x47, 0x67, 0x73, 0xDF,
    0x19, 0xDF, 0x01, 0xF8, 0x39, 0x18, 0xEF, 0xFD, 0x26, 0x6E, 0xC0, 0x5F, 0xCA, 0x20, 0x50, 0xA2,
    0x86, 0x54, 0x7D, 0x8C, 0x20, 0x51, 0x28, 0x8E, 0x0A, 0x43, 0xBA, 0x11, 0x90, 0x9A, 0xE9, 0xC0,
    0x80, 0x2C, 0x51, 0x82, 0xAB, 0x49, 0x89, 0xAB, 0x5A, 0x49, 0x61, 0xFB, 0x7B, 0x18, 0x65, 0x90,
    0x52, 0x17, 0xE7, 0x96, 0x33, 0x5D, 0x09, 0x0C, 0x0F, 0xC3, 0x63, 0x82, 0x7A, 0x8C, 0x66, 0xD7,
    0x9A, 0x53, 0x5B, 0xE8, 0x43, 0x62, 0x91, 0x36, 0x21, 0x06, 0xCF, 0xF0, 0x5E, 0x4D, 0x3F, 0xBE,
    0xE9, 0xEF, 0x08, 0x35, 0x36, 0xCC, 0xE9, 0x8B, 0xF7, 0x83, 0xC7, 0xD4, 0x9A, 0xAD, 0xD9, 0xEE,
    0x32, 0xA9, 0x8D, 0xCF, 0x36, 0xC6, 0xF9, 0x77, 0x9A, 0x9D, 0x74, 0x99, 0xBA, 0x3C, 0xE6, 0xD8,
    0xD4, 0x85, 0x5A, 0x55, 0x1C, 0xF9, 0x4D, 0x94, 0x2A, 0x3B, 0xCC, 0x08, 0x56, 0x33, 0x38, 0x02,
    0x57, 0x26, 0x6D, 0x80, 0x11, 0xB3, 0x11, 0xB8, 0x8A, 0xC9, 0x31, 0x62, 0x49, 0x28, 0x84, 0x74,
    0xC1, 0x19, 0x64, 0x8B, 0xD6, 0x63, 0xAE, 0xC1, 0x1E, 0xD6, 0x77, 0xEB, 0x16, 0xFC, 0xF4, 0xFE,
    0xC9, 0x3A, 0x8C, 0x73, 0xF5, 0x66, 0x6F, 0x31, 0xDB, 0x41, 0x17, 0x21, 0x69, 0xD9, 0x82, 0xEE,
    0x48, 0xD1, 0x2B, 0x55, 0x32, 0x05, 0xAF, 0x8C, 0x8E, 0x06, 0xF6, 0xC8, 0x1C, 0x2D, 0x72, 0x3B,
    0xCE, 0x75, 0xC5, 0x55, 0xC9, 0x41, 0x31, 0xD9, 0xC7, 0x41, 0x0F, 0x58, 0x26, 0x8E, 0x59, 0xAE,
    0xEA, 0x68, 0x30, 0x57, 0xCC, 0x26, 0x0E, 0xCB, 0x21, 0x31, 0x01, 0xAE, 0xD3, 0x26, 0x71, 0x69,
    0xC3, 0x75, 0x41, 0xFC, 0x24, 0x38, 0x45, 0x2A, 0x83, 0x60, 0x4E, 0xE7, 0x20, 0x35, 0xE8, 0x24,
    0x91, 0xE1, 0x2B, 0x31, 0xAD, 0xFE, 0x4D, 0x97, 0xB4, 0x2E, 0xB0, 0x1B, 0x5F, 0xC5, 0x4F, 0xB1,
    0x0D, 0xC2, 0x30, 0x00, 0x33, 0xA9, 0x2A, 0x24, 0x3A, 0x84, 0xA5, 0x0B, 0x03, 0x65, 0x63, 0x41,
    0x9D, 0x18, 0x18, 0x5A, 0x92, 0x13, 0x38, 0xA7, 0x0B, 0xA4, 0x27, 0x70, 0x42, 0x4F, 0x60, 0x00,
    0x09, 0x21, 0xA0, 0x39, 0x21, 0x27, 0xF4, 0x04, 0x0F, 0x54, 0x8A, 0x10, 0x12, 0x64, 0x62, 0x62,
    0xC7, 0x1E, 0x3C, 0xD8, 0x92, 0x6D, 0xD1, 0xC8, 0x57, 0x99, 0x17, 0xB2, 0x0A, 0x2C, 0x64, 0xBE,
    0x95, 0x1E, 0x1A, 0x63, 0x78, 0xE1, 0x87, 0x5E, 0x56, 0xEB, 0x9B, 0x7A, 0xA3, 0xC2, 0x12, 0x88,
    0xB5, 0x62, 0xB9, 0xD9, 0xD5, 0x86, 0xB3, 0x07, 0x8E, 0x3D, 0x8D, 0x03, 0xD0, 0x0C, 0x7D, 0xA6,
    0xCB, 0xE0, 0x6C, 0xAF, 0xAB, 0xA2, 0x3C, 0x67, 0x1C, 0xE8, 0x54, 0xBF, 0x99, 0x52, 0xB8, 0xC8,
    0x26, 0x5A, 0x62, 0x8A, 0x45, 0x88, 0x8D, 0xB4, 0xE9, 0xC8, 0x23, 0x95, 0xBD, 0x04, 0xE9, 0xA9,
    0x5C, 0x8C, 0x11, 0x8C, 0x63, 0xC0, 0x93, 0x8A, 0xA2, 0xCB, 0x6C, 0x1B, 0x4A, 0xC5, 0xAF, 0x2D,
    0x90, 0x56, 0xD9, 0xB9, 0x8D, 0xBE, 0x04, 0x92, 0xDA, 0x74, 0x07, 0x82, 0x91, 0x4B, 0xEA, 0x1C,
    0xF7, 0x7D, 0xCB, 0x49, 0xDD, 0x32, 0xB2, 0x12, 0xCA, 0xA5, 0xC4, 0xE1, 0xC4, 0x36, 0x34, 0xFC,
    0xEB, 0xC5, 0x07, 0x95, 0x54, 0xB1, 0x6E, 0xD4, 0x40, 0x10, 0x7D, 0xF6, 0x42, 0x0E, 0xB1, 0x42,
    0x43, 0x81, 0x04, 0x02, 0x09, 0x37, 0xE9, 0x10, 0xF1, 0x0F, 0xDC, 0x9D, 0x9D, 0x9A, 0x86, 0x8A,
    0x9A, 0x3A, 0xDF, 0x70, 0xE4, 0x16, 0x28, 0x68, 0xF9, 0x08, 0x9A, 0x5C, 0x8A, 0x34, 0x14, 0x29,
    0x2E, 0xD8, 0x52, 0x3E, 0x00, 0x83, 0x44, 0x6F, 0x0A, 0x0A, 0xA0, 0x60, 0x91, 0x0C, 0x38, 0xC4,
    0xC9, 0xF2, 0xC6, 0x77, 0x24, 0x10, 0xA0, 0xC0, 0xBA, 0x37, 0xF6, 0xEE, 0xCE, 0xED, 0xBE, 0x79,
    0x33, 0x3B, 0x40, 0xFF, 0xC4, 0x65, 0x0E, 0x98, 0xFD, 0x0A, 0x51, 0xB1, 0x5F, 0x22, 0x0D, 0xC1,
    0x21, 0x14, 0x01, 0xA6, 0x19, 0x8E, 0x61, 0xCB, 0xDD, 0x21, 0x24, 0xF7, 0x2D, 0xD2, 0xB8, 0xF6,
    0x18, 0x9B, 0xFD, 0x1A, 0x23, 0xFB, 0xB8, 0xC4, 0x48, 0xC4, 0x61, 0xBC, 0x26, 0xC0, 0x98, 0x6E,
    0x48, 0xE8, 0x06, 0xA1, 0x1B, 0x06, 0xDE, 0x73, 0xB7, 0x50, 0x4F, 0x60, 0x43, 0xE8, 0x20, 0x12,
    0x6A, 0xAC, 0xC9, 0x15, 0x40, 0xDD, 0xB0, 0x3A, 0xD4, 0x13, 0x2F, 0x13, 0x2B, 0xB3, 0x59, 0x2E,
    0x21, 0x94, 0xA2, 0x6F, 0x12, 0xF8, 0x03, 0xE1, 0x98, 0x08, 0x27, 0xE3, 0xA2, 0x01, 0xA6, 0xCD,
    0xEF, 0x3E, 0x56, 0x37, 0xB3, 0x3C, 0x74, 0x1A, 0x5C, 0x74, 0x94, 0x54, 0xC6, 0xC7, 0x95, 0x29,
    0x79, 0xFC, 0x2F, 0xC8, 0xC2, 0x11, 0xD1, 0x21, 0xF2, 0x3F, 0xBF, 0x8F, 0x00, 0xEE, 0x03, 0x8E,
    0xA3, 0x2F, 0x60, 0xBC, 0x07, 0x7B, 0xD9, 0x36, 0x1D, 0x70, 0xFD, 0xE9, 0x0A, 0x69, 0x81, 0x71,
    0x09, 0xA4, 0x52, 0xE3, 0xD5, 0x74, 0x6A, 0xC6, 0x6A, 0x92, 0x9C, 0xC6, 0x96, 0x82, 0xC0, 0xA7,
    0x51, 0xE3, 0x05, 0x0F, 0x38, 0x87, 0x54, 0x8D, 0xBC, 0xA4, 0x31, 0x9F, 0x68, 0x10, 0xD4, 0x14,
    0x6A, 0x32, 0x25, 0x29, 0x88, 0x66, 0x5B, 0xAA, 0x4A, 0x28, 0x61, 0x3E, 0x6C, 0x7B, 0x25, 0xD6,
    0xC2, 0x54, 0x98, 0x93, 0x0E, 0x27, 0xA9, 0x79, 0x70, 0x9C, 0xDB, 0xE5, 0x42, 0xEC, 0xD5, 0xAF,
    0x56, 0x93, 0xF7, 0x01, 0xFC, 0xDB, 0xC4, 0x6A, 0x56, 0x55, 0x83, 0x6B, 0x13, 0xB5, 0xA3, 0x5E,
    0xDC, 0x89, 0xEA, 0x8C, 0x79, 0xAA, 0xCB, 0x8D, 0xE4, 0x83, 0x2A, 0xF2, 0xE2, 0xAC, 0x8F, 0x3D,
    0x99, 0x7B, 0x53, 0x4F, 0x95, 0x77, 0x37, 0xFD, 0x5E, 0x1C, 0xEF, 0x74, 0x91, 0x9F, 0x8C, 0xA8,
    0x63, 0xF3, 0x3C, 0x49, 0x80, 0xD6, 0xCB, 0x1A, 0xB0, 0x59, 0xDB, 0x3D, 0xB2, 0x2E, 0x0D, 0x05,
    0x49, 0x4B, 0x43, 0x6D, 0x93, 0x3C, 0x52, 0xD9, 0x7B, 0xC1, 0x62, 0xCA, 0xED, 0x70, 0xA3, 0x42,
    0x68, 0x91, 0x54, 0xD1, 0x1D, 0x97, 0x1C, 0xBA, 0xCD, 0xC2, 0xB5, 0xE2, 0xBC, 0x75, 0x7E, 0xE0,
    0x1A, 0xEB, 0xF6, 0x52, 0x97, 0x1D, 0xBA, 0x95, 0x87, 0x4A, 0xA2, 0x08, 0x95, 0x86, 0x82, 0x1D,
    0xC7, 0x62, 0xE8, 0x90, 0xBD, 0x7B, 0x81, 0x23, 0x5C, 0x88, 0xB5, 0x40, 0x2A, 0xE0, 0x2A, 0xE9,
    0x53, 0x42, 0x26, 0xCF, 0xEB, 0xAE, 0x7C, 0xD7, 0x1C, 0x37, 0xB8, 0xFA, 0xE6, 0x2E, 0x0C, 0xFF,
    0x45, 0x89, 0x54, 0xC4, 0xDB, 0x48, 0x58, 0x0A, 0x31, 0x17, 0x70, 0x9E, 0xE9, 0xC1, 0x05, 0x32,
    0x56, 0xD6, 0x9D, 0xE4, 0xC6, 0x4B, 0x9E, 0x38, 0xC9, 0x37, 0x21, 0xEB, 0x24, 0xF4, 0xE4, 0xCB,
    0xDD, 0xF0, 0x29, 0x74, 0x05, 0x37, 0x91, 0x86, 0x69, 0xAB, 0x32, 0x2C, 0xD6, 0x6D, 0xB5, 0xF0,
    0xD5, 0xFF, 0x60, 0xCC, 0x84, 0xDC, 0x54, 0x76, 0x67, 0x72, 0x72, 0xEB, 0xDD, 0xBD, 0xE3, 0x3E,
    0x1D, 0x39, 0xC5, 0x1D, 0x22, 0xFD, 0x30, 0x2B, 0xF2, 0xE5, 0xF0, 0x7F, 0x73, 0x82, 0x88, 0xE1,
    0xC5, 0xF5, 0x02, 0xF6, 0x38, 0xA7, 0x10, 0xDE, 0x84, 0xEF, 0x8D, 0xBC, 0xAE, 0x2F, 0xF3, 0x1E,
    0x61, 0x44, 0xCC, 0x89, 0x96, 0x68, 0x7A, 0x84, 0xAE, 0x25, 0x38, 0x37, 0x9C, 0x10, 0x19, 0x91,
    0x3C, 0xAA, 0x87, 0xF6, 0x6B, 0x3D, 0x8F, 0x02, 0xB5, 0x4E, 0x43, 0x75, 0xB2, 0x9F, 0xEE, 0xDD,
    0x3F, 0xF9, 0xE9, 0x19, 0x83, 0x03, 0x15, 0xBB, 0x36, 0xE1, 0x63, 0x23, 0xAF, 0xEA, 0xFB, 0x69,
    0xC4, 0x33, 0x88, 0x39, 0xD1, 0x12, 0xCD, 0x12, 0xED, 0x12, 0x13, 0x62, 0x4C, 0x24, 0xEB, 0x35,
    0xEC, 0xE7, 0xB7, 0x3E, 0xD6, 0x34, 0xA4, 0xBC, 0xF7, 0x9A, 0x9A, 0x9F, 0x7B, 0xC2, 0x61, 0x63,
    0xB6, 0x45, 0x01, 0x36, 0x76, 0xDE, 0x33, 0xB6, 0x8D, 0xED, 0x03, 0xFD, 0xDE, 0x3E, 0xD0, 0xDC,
    0x48, 0xC9, 0x06, 0xC1, 0x1F, 0x3F, 0x34, 0x6C, 0x66, 0xD3, 0xF4, 0x04, 0xB5, 0x52, 0x9E, 0xE3,
    0xFE, 0xE2, 0x76, 0x2D, 0x40, 0x73, 0x48, 0x50, 0xB8, 0xB8, 0xBB, 0xC4, 0x2B, 0xB5, 0x87, 0xEC,
    0x5B, 0x83, 0x55, 0x1E, 0xC6, 0x5A, 0x80, 0xE5, 0x52, 0xE2, 0x51, 0x9D, 0x63, 0x7D, 0xC2, 0xDB,
    0x0A, 0x7E, 0xCA, 0xEE, 0xC3, 0x05, 0x2D, 0x9B, 0x2B, 0xCB, 0x40, 0x65, 0x89, 0x94, 0xE2, 0x53,
    0x0C, 0xED, 0x0A, 0x99, 0x24, 0x6E, 0x22, 0x83, 0x72, 0x57, 0x4C, 0xD5, 0x08, 0x5B, 0xD3, 0x59,
    0x5C, 0xD4, 0x76, 0xF5, 0x77, 0xA0, 0xEF, 0x3E, 0xCF, 0x16, 0xDD, 0x65, 0xB6, 0xC3, 0xFB, 0x6C,
    0x6A, 0xDE, 0x50, 0xAF, 0x25, 0xBE, 0x78, 0xC7, 0x1C, 0x5B, 0x86, 0x18, 0x5C, 0x41, 0x2E, 0xFD,
    0xF1, 0x14, 0x5B, 0x2B, 0xB0, 0xF0, 0xA7, 0x74, 0xB4, 0xFB, 0xFC, 0x00, 0xB5, 0x52, 0xB1, 0x6E,
    0xD4, 0x40, 0x10, 0x7D, 0xB6, 0x01, 0x83, 0x8C, 0x58, 0x9A, 0x54, 0xA7, 0xC4, 0x0D, 0x45, 0x14,
    0x94, 0xF3, 0x0F, 0xF8, 0xE2, 0xE5, 0x1F, 0x42, 0x4F, 0x4D, 0x93, 0x16, 0x89, 0x0B, 0x5E, 0x89,
    0x1F, 0xE0, 0x3B, 0xAE, 0xA1, 0x49, 0xE1, 0xE2, 0x12, 0x5B, 0xE2, 0x07, 0xFC, 0x09, 0x2E, 0x11,
    0x34, 0x1B, 0xC9, 0x85, 0x15, 0xF9, 0x3C, 0xBC, 0xF1, 0x9D, 0x42, 0x8F, 0xC4, 0x4A, 0x33, 0xDE,
    0xF5, 0xBE, 0x99, 0x7D, 0xF3, 0x66, 0x60, 0x81, 0x70, 0x07, 0x40, 0x1C, 0x90, 0x74, 0xDC, 0xF4,
    0xC0, 0x93, 0x35, 0x42, 0xB9, 0x83, 0x11, 0x41, 0x81, 0x12, 0x6B, 0xA4, 0xB6, 0x82, 0x71, 0x3D,
    0x12, 0xE7, 0x11, 0xCF, 0x5F, 0x9E, 0x91, 0x23, 0x45, 0x66, 0xAF, 0x89, 0x1B, 0x10, 0x48, 0x8B,
    0xC7, 0x95, 0xF5, 0x55, 0x28, 0xD2, 0x27, 0x5D, 0xDA, 0x1A, 0x9B, 0xB5, 0x19, 0xEE, 0xFC, 0x45,
    0xE8, 0xFD, 0xCA, 0x34, 0x7E, 0x55, 0xC0, 0x67, 0x63, 0xE0, 0x8D, 0x8F, 0x3A, 0xD3, 0x9A, 0xA6,
    0x98, 0x04, 0x79, 0x39, 0x00, 0x01, 0x89, 0xE0, 0x1B, 0x2D, 0xF0, 0x74, 0x11, 0x59, 0x20, 0x1E,
    0xE9, 0xCC, 0xB5, 0xBA, 0x94, 0x6E, 0x69, 0xE8, 0xF2, 0x84, 0x3C, 0xAB, 0xA8, 0x01, 0x7C, 0xD8,
    0x21, 0xE8, 0xE0, 0xC1, 0xC3, 0x0D, 0xE2, 0x86, 0x74, 0x8C, 0xC5, 0x8A, 0xBC, 0x48, 0xEB, 0x9C,
    0x31, 0x28, 0x44, 0xC4, 0xCD, 0xEE, 0x6C, 0xB3, 0xD9, 0xA0, 0xD4, 0xDD, 0xDB, 0x5F, 0x9B, 0x07,
    0x8D, 0xF0, 0xFF, 0xDB, 0x71, 0xD5, 0x32, 0x8A, 0x0C, 0x2B, 0xF2, 0xB1, 0xCA, 0x4F, 0x0B, 0xDB,
    0x52, 0x1C, 0x28, 0xCF, 0x42, 0xF7, 0xA1, 0xD7, 0xFF, 0xAC, 0x8D, 0x35, 0x12, 0x49, 0xFC, 0xD1,
    0xFB, 0x4B, 0x91, 0xE9, 0x8A, 0x82, 0xCE, 0x4B, 0xEB, 0x24, 0x42, 0x03, 0x14, 0xC6, 0xEA, 0xC0,
    0x6E, 0xCC, 0x3D, 0xD2, 0x6C, 0x51, 0xFB, 0x4F, 0xD7, 0x37, 0xB4, 0xD7, 0xB4, 0xD3, 0xDD, 0xED,
    0xE9, 0xA1, 0x63, 0xFA, 0xCB, 0xFF, 0x8D, 0x9A, 0xDF, 0x75, 0xB1, 0x35, 0xB6, 0x6C, 0x0C, 0xA4,
    0x3D, 0xC1, 0x3B, 0x9F, 0x13, 0x41, 0xFB, 0x54, 0xB1, 0x09, 0x84, 0x2D, 0x69, 0x86, 0xF3, 0x92,
    0x10, 0x1A, 0x39, 0x24, 0x3D, 0xB2, 0xAE, 0x10, 0xC8, 0xB0, 0x4D, 0x7E, 0x74, 0xB9, 0x0F, 0xC5,
    0x9E, 0x78, 0xDC, 0xC2, 0x78, 0x4C, 0x74, 0xD1, 0x6F, 0xB7, 0xDC, 0x9A, 0xAF, 0xDD, 0xBA, 0x98,
    0x08, 0x21, 0x38, 0xE5, 0x2B, 0x4F, 0x55, 0xA3, 0x86, 0xA3, 0xD6, 0x20, 0xEA, 0xF6, 0x54, 0x35,
    0x9B, 0x71, 0x7B, 0xCA, 0xDA, 0x6E, 0x35, 0xA5, 0x4E, 0xD1, 0x70, 0x71, 0x28, 0x21, 0x3F, 0x98,
    0x96, 0x52, 0xED, 0xAB, 0xFD, 0x4C, 0x32, 0x3A, 0x80, 0x67, 0x3C, 0xBE, 0xC0, 0xF3, 0x62, 0x38,
    0x7E, 0x90, 0xD1, 0x2F, 0x54, 0xC5, 0xCC, 0xBD, 0xAC, 0xA7, 0xF3, 0xFB, 0x7A, 0xFC, 0xF0, 0x8C,
    0x40, 0x8B, 0xB0, 0x65, 0x75, 0x1F, 0xBF, 0xFF, 0xA4, 0xCC, 0x47, 0x5F, 0x2E, 0x35, 0x89, 0x67,
    0xA3, 0x76, 0xB5, 0x4C, 0xB1, 0xD3, 0xE7, 0x5E, 0xA9, 0x1C, 0x09, 0xA5, 0x10, 0xE0, 0x6A, 0x40,
    0x32, 0x59, 0x94, 0xCC, 0x5C, 0x72, 0x34, 0x17, 0x13, 0xAF, 0x4A, 0x66, 0x09, 0x79, 0x87, 0xC5,
    0x2C, 0x1C, 0xC7, 0xCB, 0x71, 0xB0, 0x9C, 0x92, 0x2B, 0xE6, 0x2B, 0xB2, 0x4F, 0x15, 0x58, 0x3B,
    0x1E, 0xAC, 0xE2, 0x13, 0x1E, 0x0B, 0xC6, 0xBF, 0x39, 0x88, 0x5D, 0x8B, 0x58, 0xC6, 0xD8, 0x3F,
    0x85, 0xC8, 0xB1, 0x15, 0x80, 0x20, 0x0C, 0x05, 0xC0, 0x9F, 0xA4, 0x63, 0x29, 0x18, 0x4D, 0x74,
    0x30, 0xD0, 0x09, 0xE2, 0x06, 0x19, 0x21, 0x35, 0x0D, 0xC6, 0x67, 0x63, 0xA5, 0xC5, 0x35, 0x87,
    0x54, 0x80, 0xA6, 0xA0, 0xB1, 0x19, 0x9B, 0x98, 0x28, 0x70, 0xCB, 0x73, 0xD5, 0x3C, 0x8F, 0x98,
    0x58, 0xFD, 0xC7, 0x9D, 0x14, 0xA9, 0x2C, 0x68, 0xA7, 0xD3, 0xA8, 0xCE, 0x46, 0x2E, 0xFA, 0xC8,
    0xB3, 0x86, 0xDD, 0xE5, 0x75, 0x5F, 0xB8, 0xC3, 0x2E,
};

static const EpdGlyph quicksand_12_italicGlyphs[] = {
    { 0, 0, 110, 0, 0, 0, 0 }, // U+000D
    { 0, 0, 110, 0, 0, 0, 0 }, // U+0020
    { 3, 18, 85, 1, 18, 14, 0 }, // !
    { 10, 8, 160, 0, 18, 20, 14 }, // "
    { 16, 18, 267, 0, 18, 72, 34 }, // #
    { 14, 25, 230, 0, 21, 88, 106 }, // $
    { 18, 19, 316, 1, 18, 86, 194 }, // %
    { 17, 19, 276, 0, 18, 81, 280 }, // &
    { 5, 8, 80, 0, 18, 10, 361 }, // '
    { 8, 23, 147, 1, 18, 46, 371 }, // (
    { 9, 23, 147, 0, 18, 52, 417 }, // )
    { 8, 9, 131, 0, 18, 18, 469 }, // *
    { 13, 13, 227, 1, 15, 43, 487 }, // +
    { 5, 7, 88, 0, 3, 9, 530 }, // ,
    { 8, 3, 157, 1, 9, 6, 539 }, // -
    { 3, 3, 82, 1, 3, 3, 545 }, // .
    { 13, 24, 215, 0, 20, 78, 548 }, // /
    { 13, 19, 240, 1, 18, 62, 626 }, // 0
    { 7, 18, 150, 0, 18, 32, 688 }, // 1
    { 12, 18, 224, 1, 18, 54, 720 }, // 2
    { 11, 19, 211, 1, 18, 53, 774 }, // 3
    { 13, 18, 219, 0, 18, 59, 827 }, // 4
    { 12, 19, 222, 1, 18, 57, 886 }, // 5
    { 12, 19, 217, 1, 18, 57, 943 }, // 6
    { 12, 19, 210, 1, 18, 57, 1000 }, // 7
    { 12, 19, 217, 1, 18, 57, 1057 }, // 8
    { 12, 19, 225, 1, 18, 57, 1114 }, // 9
    { 3, 13, 86, 1, 13, 10, 1171 }, // :
    { 4, 17, 92, 1, 13, 17, 1181 }, // ;
    { 12, 13, 210, 0, 15, 39, 1198 }, // <
    { 12, 8, 221, 1, 12, 24, 1237 }, // =
    { 12, 13, 211, 1, 15, 39, 1261 }, // >
    { 11, 19, 200, 1, 19, 53, 1300 }, // ?
    { 23, 23, 388, 1, 18, 133, 1353 }, // @
    { 16, 19, 258, 0, 18, 76, 1486 }, // A
    { 14, 18, 261, 2, 18, 63, 1562 }, // B
    { 15, 19, 258, 1, 18, 72, 1625 }, // C
    { 15, 18, 287, 2, 18, 68, 1697 }, // D
    { 12, 18, 228, 2, 18, 54, 1765 }, // E
    { 11, 18, 226, 2, 18, 50, 1819 }, // F
    { 15, 19, 278, 1, 18, 72, 1869 }, // G
    { 14, 18, 288, 2, 18, 63, 1941 }, // H
    { 3, 18, 104, 2, 18, 14, 2004 }, // I
    { 11, 19, 226, 1, 18, 53, 2018 }, // J
    { 14, 19, 268, 2, 18, 67, 2071 }, // K
    { 11, 18, 217, 2, 18, 50, 2138 }, // L
    { 17, 18, 330, 2, 18, 77, 2188 }, // M
    { 15, 18, 292, 2, 18, 68, 2265 }, // N
    { 17, 19, 306, 1, 18, 81, 2333 }, // O
    { 12, 18, 240, 2, 18, 54, 2414 }, // P
    { 19, 23, 308, 1, 18, 110, 2468 }, // Q
    { 14, 18, 270, 2, 18, 63, 2578 }, // R
    { 14, 19, 230, 0, 18, 67, 2641 }, // S
    { 15, 18, 244, 0, 18, 68, 2708 }, // T
    { 14, 19, 284, 2, 18, 67, 2776 }, // U
    { 16, 18, 268, 0, 18, 72, 2843 }, // V
    { 24, 18, 384, 0, 18, 108, 2915 }, // W
    { 15, 19, 249, 0, 18, 72, 3023 }, // X
    { 14, 18, 229, 0, 18, 63, 3095 }, // Y
    { 15, 18, 258, 1, 18, 68, 3158 }, // Z
    { 8, 23, 160, 2, 18, 46, 3226 }, // [
    { 14, 25, 215, 0, 21, 88, 3272 }, // <backslash>
    { 8, 23, 160, 0, 18, 46, 3360 }, // ]
    { 12, 10, 220, 1, 19, 30, 3406 }, // ^
    { 15, 2, 272, 1, -2, 8, 3436 }, // _
    { 5, 4, 95, 0, 18, 5, 3444 }, // `
    { 13, 15, 246, 1, 14, 49, 3449 }, // a
    { 14, 20, 246, 1, 19, 70, 3498 }, // b
    { 12, 15, 208, 1, 14, 45, 3568 }, // c
    { 13, 20, 246, 1, 19, 65, 3613 }, // d
    { 13, 15, 229, 1, 14, 49, 3678 }, // e
    { 10, 19, 154, 0, 19, 48, 3727 }, // f
    { 13, 19, 252, 1, 14, 62, 3775 }, // g
    { 12, 19, 230, 1, 19, 57, 3837 }, // h
    { 3, 18, 88, 1, 18, 14, 3894 }, // i
    { 6, 23, 109, -1, 18, 35, 3908 }, // j
    { 11, 19, 219, 2, 19, 53, 3943 }, // k
    { 3, 19, 97, 2, 19, 15, 3996 }, // l
    { 21, 14, 366, 1, 14, 74, 4011 }, // m
    { 12, 14, 234, 1, 14, 42, 4085 }, // n
    { 14, 15, 244, 1, 14, 53, 4127 }, // o
    { 14, 19, 246, 1, 14, 67, 4180 }, // p
    { 13, 19, 246, 1, 14, 62, 4247 }, // q
    { 9, 14, 160, 1, 14, 32, 4309 }, // r
    { 11, 15, 190, 0, 14, 42, 4341 }, // s
    { 9, 17, 145, 0, 17, 39, 4383 }, // t
    { 12, 14, 230, 1, 13, 42, 4422 }, // u
    { 13, 15, 216, 0, 14, 49, 4464 }, // v
    { 19, 15, 303, 0, 14, 72, 4513 }, // w
    { 12, 15, 194, 0, 14, 45, 4585 }, // x
    { 12, 19, 230, 1, 14, 57, 4630 }, // y
    { 11, 13, 192, 1, 13, 36, 4687 }, // z
    { 10, 24, 168, 0, 18, 60, 4723 }, // {
    { 3, 25, 88, 1, 20, 19, 4783 }, // |
    { 11, 23, 168, 0, 18, 64, 4802 }, // }
    { 10, 4, 196, 1, 10, 10, 4866 }, // ~
    { 0, 0, 110, 0, 0, 0, 0 }, // U+00A0
    { 3, 19, 85, 1, 14, 15, 0 }, // U+00A1
    { 12, 18, 206, 1, 18, 54, 15 }, // U+00A2
    { 16, 19, 247, 0, 18, 76, 69 }, // U+00A3
    { 11, 11, 209, 1, 13, 31, 145 }, // U+00A4
    { 14, 18, 229, 0, 18, 63, 176 }, // U+00A5
    { 3, 25, 90, 1, 20, 19, 239 }, // U+00A6
    { 13, 22, 217, 0, 18, 72, 258 }, // U+00A7
    { 8, 3, 163, 1, 18, 6, 330 }, // U+00A8
    { 18, 19, 316, 1, 18, 86, 336 }, // U+00A9
    { 8, 9, 141, 0, 18, 18, 422 }, // U+00AA
    { 11, 11, 186, 0, 12, 31, 440 }, // U+00AB
    { 15, 8, 264, 1, 11, 30, 471 }, // U+00AC
    { 8, 3, 157, 1, 9, 6, 501 }, // U+00AD
    { 13, 12, 208, 0, 18, 39, 507 }, // U+00AE
    { 9, 3, 164, 1, 17, 7, 546 }, // U+00AF
    { 9, 8, 141, 0, 18, 18, 553 }, // U+00B0
    { 12, 14, 216, 1, 16, 42, 571 }, // U+00B1
    { 7, 9, 133, 1, 20, 16, 613 }, // U+00B2
    { 7, 10, 131, 1, 20, 18, 629 }, // U+00B3
    { 5, 5, 110, 1, 19, 7, 647 }, // U+00B4
    { 11, 17, 228, 2, 13, 47, 654 }, // U+00B5
    { 13, 20, 250, 1, 18, 65, 701 }, // U+00B6
    { 3, 3, 82, 1, 9, 3, 766 }, // U+00B7
    { 4, 5, 109, 1, 1, 5, 769 }, // U+00B8
    { 5, 10, 102, 0, 21, 13, 774 }, // U+00B9
    { 9, 9, 140, 0, 18, 21, 787 }, // U+00BA
    { 12, 11, 186, 0, 12, 33, 808 }, // U+00BB
    { 17, 19, 294, 1, 18, 81, 841 }, // U+00BC
    { 16, 19, 290, 1, 18, 76, 922 }, // U+00BD
    { 18, 19, 309, 1, 18, 86, 998 }, // U+00BE
    { 11, 19, 197, 1, 14, 53, 1084 }, // U+00BF
    { 16, 24, 258, 0, 23, 96, 1137 }, // U+00C0
    { 16, 24, 258, 0, 23, 96, 1233 }, // U+00C1
    { 16, 23, 258, 0, 22, 92, 1329 }, // U+00C2
    { 16, 24, 258, 0, 23, 96, 1421 }, // U+00C3
    { 16, 23, 258, 0, 22, 92, 1517 }, // U+00C4
    { 16, 23, 258, 0, 22, 92, 1609 }, // U+00C5
    { 22, 19, 363, 0, 18, 105, 1701 }, // U+00C6
    { 15, 22, 258, 1, 18, 83, 1806 }, // U+00C7
    { 12, 23, 228, 2, 23, 69, 1889 }, // U+00C8
    { 12, 23, 228, 2, 23, 69, 1958 }, // U+00C9
    { 12, 22, 228, 2, 22, 66, 2027 }, // U+00CA
    { 12, 22, 228, 2, 22, 66, 2093 }, // U+00CB
    { 6, 23, 104, -1, 23, 35, 2159 }, // U+00CC
    { 5, 23, 104, 2, 23, 29, 2194 }, // U+00CD
    { 8, 22, 104, -1, 22, 44, 2223 }, // U+00CE
    { 8, 22, 104, -1, 22, 44, 2267 }, // U+00CF
    { 17, 18, 287, 0, 18, 77, 2311 }, // U+00D0
    { 15, 23, 292, 2, 23, 87, 2388 }, // U+00D1
    { 17, 24, 306, 1, 23, 102, 2475 }, // U+00D2
    { 17, 24, 306, 1, 23, 102, 2577 }, // U+00D3
    { 17, 23, 306, 1, 22, 98, 2679 }, // U+00D4
    { 17, 24, 306, 1, 23, 102, 2777 }, // U+00D5
    { 17, 23, 306, 1, 22, 98, 2879 }, // U+00D6
    { 10, 10, 190, 1, 13, 25, 2977 }, // U+00D7
    { 17, 20, 292, 1, 19, 85, 3002 }, // U+00D8
    { 14, 24, 284, 2, 23, 84, 3087 }, // U+00D9
    { 14, 24, 284, 2, 23, 84, 3171 }, // U+00DA
    { 14, 23, 284, 2, 22, 81, 3255 }, // U+00DB
    { 14, 23, 284, 2, 22, 81, 3336 }, // U+00DC
    { 14, 23, 229, 0, 23, 81, 3417 }, // U+00DD
    { 12, 19, 237, 2, 19, 57, 3498 }, // U+00DE
    { 15, 20, 251, 0, 19, 75, 3555 }, // U+00DF
    { 13, 19, 246, 1, 18, 62, 3630 }, // U+00E0
    { 13, 20, 246, 1, 19, 65, 3692 }, // U+00E1
    { 13, 20, 246, 1, 19, 65, 3757 }, // U+00E2
    { 13, 20, 246, 1, 19, 65, 3822 }, // U+00E3
    { 13, 19, 246, 1, 18, 62, 3887 }, // U+00E4
    { 13, 21, 246, 1, 20, 69, 3949 }, // U+00E5
    { 21, 15, 364, 1, 14, 79, 4018 }, // U+00E6
    { 12, 18, 208, 1, 14, 54, 4097 }, // U+00E7
    { 13, 19, 229, 1, 18, 62, 4151 }, // U+00E8
    { 13, 20, 229, 1, 19, 65, 4213 }, // U+00E9
    { 13, 20, 229, 1, 19, 65, 4278 }, // U+00EA
    { 13, 19, 229, 1, 18, 62, 4343 }, // U+00EB
    { 5, 18, 88, -1, 18, 23, 4405 }, // U+00EC
    { 5, 19, 88, 1, 19, 24, 4428 }, // U+00ED
    { 7, 19, 88, -1, 19, 34, 4452 }, // U+00EE
    { 8, 18, 88, -1, 18, 36, 4486 }, // U+00EF
    { 13, 20, 231, 1, 19, 65, 4522 }, // U+00F0
    { 12, 19, 234, 1, 19, 57, 4587 }, // U+00F1
    { 14, 19, 244, 1, 18, 67, 4644 }, // U+00F2
    { 14, 20, 244, 1, 19, 70, 4711 }, // U+00F3
    { 14, 20, 244, 1, 19, 70, 4781 }, // U+00F4
    { 14, 20, 244, 1, 19, 70, 4851 }, // U+00F5
    { 14, 19, 244, 1, 18, 67, 4921 }, // U+00F6
    { 13, 13, 233, 1, 15, 43, 4988 }, // U+00F7
    { 14, 15, 244, 1, 14, 53, 5031 }, // U+00F8
    { 12, 19, 230, 1, 18, 57, 5084 }, // U+00F9
    { 12, 20, 230, 1, 19, 60, 5141 }, // U+00FA
    { 12, 20, 230, 1, 19, 60, 5201 }, // U+00FB
    { 12, 19, 230, 1, 18, 57, 5261 }, // U+00FC
    { 12, 24, 230, 1, 19, 72, 5318 }, // U+00FD
    { 14, 24, 246, 1, 19, 84, 5390 }, // U+00FE
    { 12, 23, 230, 1, 18, 69, 5474 }, // U+00FF
    { 16, 23, 258, 0, 22, 92, 0 }, // U+0100
    { 13, 19, 246, 1, 18, 62, 92 }, // U+0101
    { 16, 24, 258, 0, 23, 96, 154 }, // U+0102
    { 13, 20, 246, 1, 19, 65, 250 }, // U+0103
    { 17, 23, 258, 0, 18, 98, 315 }, // U+0104
    { 13, 20, 245, 1, 14, 65, 413 }, // U+0105
    { 15, 24, 258, 1, 23, 90, 478 }, // U+0106
    { 12, 20, 208, 1, 19, 60, 568 }, // U+0107
    { 15, 23, 258, 1, 22, 87, 628 }, // U+0108
    { 12, 20, 208, 1, 19, 60, 715 }, // U+0109
    { 15, 23, 258, 1, 22, 87, 775 }, // U+010A
    { 12, 19, 208, 1, 18, 57, 862 }, // U+010B
    { 15, 24, 258, 1, 23, 90, 919 }, // U+010C
    { 12, 19, 208, 1, 18, 57, 1009 }, // U+010D
    { 15, 23, 287, 2, 23, 87, 1066 }, // U+010E
    { 18, 20, 262, 1, 19, 90, 1153 }, // U+010F
    { 17, 18, 287, 0, 18, 77, 1243 }, // U+0110
    { 15, 20, 246, 1, 19, 75, 1320 }, // U+0111
    { 12, 22, 228, 2, 22, 66, 1395 }, // U+0112
    { 13, 19, 229, 1, 18, 62, 1461 }, // U+0113
    { 12, 23, 228, 2, 23, 69, 1523 }, // U+0114
    { 13, 20, 229, 1, 19, 65, 1592 }, // U+0115
    { 12, 22, 228, 2, 22, 66, 1657 }, // U+0116
    { 13, 19, 229, 1, 18, 62, 1723 }, // U+0117
    { 12, 23, 231, 2, 18, 69, 1785 }, // U+0118
    { 13, 19, 229, 1, 14, 62, 1854 }, // U+0119
    { 12, 23, 228, 2, 23, 69, 1916 }, // U+011A
    { 13, 19, 229, 1, 18, 62, 1985 }, // U+011B
    { 15, 23, 278, 1, 22, 87, 2047 }, // U+011C
    { 13, 24, 252, 1, 19, 78, 2134 }, // U+011D
    { 15, 24, 278, 1, 23, 90, 2212 }, // U+011E
    { 13, 24, 252, 1, 19, 78, 2302 }, // U+011F
    { 15, 23, 278, 1, 22, 87, 2380 }, // U+0120
    { 13, 23, 252, 1, 18, 75, 2467 }, // U+0121
    { 15, 23, 278, 1, 18, 87, 2542 }, // U+0122
    { 13, 25, 252, 1, 20, 82, 2629 }, // U+0123
    { 14, 22, 288, 2, 22, 77, 2711 }, // U+0124
    { 14, 23, 230, -1, 23, 81, 2788 }, // U+0125
    { 18, 18, 329, 1, 18, 81, 2869 }, // U+0126
    { 13, 19, 230, 0, 19, 62, 2950 }, // U+0127
    { 9, 23, 104, -1, 23, 52, 3012 }, // U+0128
    { 9, 19, 88, -2, 19, 43, 3064 }, // U+0129
    { 9, 22, 104, -1, 22, 50, 3107 }, // U+012A
    { 9, 18, 88, -2, 18, 41, 3157 }, // U+012B
    { 9, 23, 104, -1, 23, 52, 3198 }, // U+012C
    { 8, 19, 88, -1, 19, 38, 3250 }, // U+012D
    { 6, 23, 100, -1, 18, 35, 3288 }, // U+012E
    { 6, 23, 88, -1, 18, 35, 3323 }, // U+012F
    { 3, 22, 104, 2, 22, 17, 3358 }, // U+0130
    { 3, 14, 88, 1, 14, 11, 3375 }, // U+0131
    { 11, 19, 238, 2, 18, 53, 3386 }, // U+0132
    { 9, 23, 191, 1, 18, 52, 3439 }, // U+0133
    { 14, 23, 226, 1, 22, 81, 3491 }, // U+0134
    { 8, 24, 101, -1, 19, 48, 3572 }, // U+0135
    { 14, 23, 268, 2, 18, 81, 3620 }, // U+0136
    { 11, 26, 219, 2, 19, 72, 3701 }, // U+0137
    { 11, 13, 219, 2, 13, 36, 3773 }, // U+0138
    { 11, 23, 217, 2, 23, 64, 3809 }, // U+0139
    { 5, 24, 97, 2, 24, 30, 3873 }, // U+013A
    { 11, 23, 217, 2, 18, 64, 3903 }, // U+013B
    { 4, 26, 97, 1, 19, 26, 3967 }, // U+013C
    { 11, 19, 217, 2, 19, 53, 3993 }, // U+013D
    { 7, 19, 110, 2, 19, 34, 4046 }, // U+013E
    { 11, 18, 216, 2, 18, 50, 4080 }, // U+013F
    { 7, 19, 135, 2, 19, 34, 4130 }, // U+0140
    { 14, 18, 239, 1, 18, 63, 4164 }, // U+0141
    { 8, 19, 98, -1, 19, 38, 4227 }, // U+0142
    { 15, 23, 292, 2, 23, 87, 4265 }, // U+0143
    { 12, 19, 234, 1, 19, 57, 4352 }, // U+0144
    { 15, 23, 292, 2, 18, 87, 4409 }, // U+0145
    { 12, 21, 234, 1, 14, 63, 4496 }, // U+0146
    { 15, 23, 292, 2, 23, 87, 4559 }, // U+0147
    { 12, 18, 234, 1, 18, 54, 4646 }, // U+0148
    { 15, 18, 245, -1, 18, 68, 4700 }, // U+0149
    { 15, 23, 300, 2, 18, 87, 4768 }, // U+014A
    { 12, 19, 234, 1, 14, 57, 4855 }, // U+014B
    { 17, 23, 306, 1, 22, 98, 4912 }, // U+014C
    { 14, 19, 244, 1, 18, 67, 5010 }, // U+014D
    { 17, 24, 306, 1, 23, 102, 5077 }, // U+014E
    { 14, 20, 244, 1, 19, 70, 5179 }, // U+014F
    { 17, 24, 306, 1, 23, 102, 5249 }, // U+0150
    { 14, 20, 244, 1, 19, 70, 5351 }, // U+0151
    { 23, 18, 393, 1, 18, 104, 5421 }, // U+0152
    { 24, 15, 405, 1, 14, 90, 5525 }, // U+0153
    { 14, 23, 270, 2, 23, 81, 5615 }, // U+0154
    { 9, 19, 160, 1, 19, 43, 5696 }, // U+0155
    { 14, 23, 270, 2, 18, 81, 5739 }, // U+0156
    { 10, 21, 160, 0, 14, 53, 5820 }, // U+0157
    { 14, 23, 270, 2, 23, 81, 5873 }, // U+0158
    { 9, 18, 160, 1, 18, 41, 5954 }, // U+0159
    { 14, 24, 230, 0, 23, 84, 5995 }, // U+015A
    { 11, 20, 190, 0, 19, 55, 6079 }, // U+015B
    { 14, 23, 230, 0, 22, 81, 6134 }, // U+015C
    { 11, 20, 190, 0, 19, 55, 6215 }, // U+015D
    { 14, 22, 230, 0, 18, 77, 6270 }, // U+015E
    { 11, 18, 190, 0, 14, 50, 6347 }, // U+015F
    { 14, 24, 230, 0, 23, 84, 6397 }, // U+0160
    { 11, 19, 190, 0, 18, 53, 6481 }, // U+0161
    { 15, 22, 244, 0, 18, 83, 6534 }, // U+0162
    { 9, 21, 145, 0, 17, 48, 6617 }, // U+0163
    { 15, 23, 244, 0, 23, 87, 6665 }, // U+0164
    { 10, 20, 145, 0, 20, 50, 6752 }, // U+0165
    { 15, 18, 244, 0, 18, 68, 6802 }, // U+0166
    { 9, 17, 145, 0, 17, 39, 6870 }, // U+0167
    { 14, 24, 284, 2, 23, 84, 6909 }, // U+0168
    { 12, 20, 230, 1, 19, 60, 6993 }, // U+0169
    { 14, 23, 284, 2, 22, 81, 7053 }, // U+016A
    { 12, 19, 230, 1, 18, 57, 7134 }, // U+016B
    { 14, 24, 284, 2, 23, 84, 7191 }, // U+016C
    { 12, 20, 230, 1, 19, 60, 7275 }, // U+016D
    { 14, 25, 284, 2, 24, 88, 7335 }, // U+016E
    { 12, 21, 230, 1, 20, 63, 7423 }, // U+016F
    { 14, 24, 284, 2, 23, 84, 7486 }, // U+0170
    { 12, 20, 230, 1, 19, 60, 7570 }, // U+0171
    { 14, 23, 284, 2, 18, 81, 7630 }, // U+0172
    { 12, 18, 230, 1, 13, 54, 7711 }, // U+0173
    { 24, 22, 384, 0, 22, 132, 7765 }, // U+0174
    { 19, 20, 303, 0, 19, 95, 7897 }, // U+0175
    { 14, 22, 229, 0, 22, 77, 7992 }, // U+0176
    { 12, 24, 230, 1, 19, 72, 8069 }, // U+0177
    { 14, 22, 229, 0, 22, 77, 8141 }, // U+0178
    { 15, 23, 258, 1, 23, 87, 8218 }, // U+0179
    { 11, 19, 192, 1, 19, 53, 8305 }, // U+017A
    { 15, 22, 258, 1, 22, 83, 8358 }, // U+017B
    { 11, 18, 192, 1, 18, 50, 8441 }, // U+017C
    { 15, 23, 258, 1, 23, 87, 8491 }, // U+017D
    { 11, 18, 192, 1, 18, 50, 8578 }, // U+017E
    { 17, 22, 306, 1, 21, 94, 0 }, // U+01A0
    { 14, 17, 244, 1, 16, 60, 94 }, // U+01A1
    { 17, 22, 284, 2, 21, 94, 154 }, // U+01AF
    { 15, 17, 230, 1, 16, 64, 248 }, // U+01B0
    { 32, 23, 545, 2, 23, 184, 312 }, // U+01C4
    { 27, 18, 479, 2, 18, 122, 496 }, // U+01C5
    { 26, 20, 438, 1, 19, 130, 618 }, // U+01C6
    { 24, 19, 443, 2, 18, 114, 748 }, // U+01C7
    { 16, 23, 326, 2, 18, 92, 862 }, // U+01C8
    { 9, 24, 200, 2, 19, 54, 954 }, // U+01C9
    { 29, 19, 518, 2, 18, 138, 1008 }, // U+01CA
    { 21, 23, 401, 2, 18, 121, 1146 }, // U+01CB
    { 19, 23, 342, 1, 18, 110, 1267 }, // U+01CC
    { 16, 24, 258, 0, 23, 96, 1377 }, // U+01CD
    { 13, 19, 246, 1, 18, 62, 1473 }, // U+01CE
    { 8, 23, 104, -1, 23, 46, 1535 }, // U+01CF
    { 7, 18, 88, -1, 18, 32, 1581 }, // U+01D0
    { 17, 24, 306, 1, 23, 102, 1613 }, // U+01D1
    { 14, 19, 244, 1, 18, 67, 1715 }, // U+01D2
    { 14, 24, 284, 2, 23, 84, 1782 }, // U+01D3
    { 12, 19, 230, 1, 18, 57, 1866 }, // U+01D4
    { 15, 24, 278, 1, 23, 90, 1923 }, // U+01E6
    { 13, 23, 252, 1, 18, 75, 2013 }, // U+01E7
    { 17, 23, 306, 1, 18, 98, 2088 }, // U+01EA
    { 13, 19, 241, 1, 14, 62, 2186 }, // U+01EB
    { 27, 18, 479, 2, 18, 122, 2248 }, // U+01F2
    { 16, 27, 258, 0, 26, 108, 2370 }, // U+01FA
    { 13, 25, 244, 1, 24, 82, 2478 }, // U+01FB
    { 22, 24, 363, 0, 23, 132, 2560 }, // U+01FC
    { 21, 20, 364, 1, 19, 105, 2692 }, // U+01FD
    { 17, 24, 292, 1, 23, 102, 2797 }, // U+01FE
    { 14, 20, 244, 1, 19, 70, 2899 }, // U+01FF
    { 16, 24, 258, 0, 23, 96, 2969 }, // U+0200
    { 13, 21, 246, 1, 20, 69, 3065 }, // U+0201
    { 16, 24, 258, 0, 23, 96, 3134 }, // U+0202
    { 13, 20, 246, 1, 19, 65, 3230 }, // U+0203
    { 12, 23, 228, 2, 23, 69, 3295 }, // U+0204
    { 13, 21, 229, 1, 20, 69, 3364 }, // U+0205
    { 12, 23, 228, 2, 23, 69, 3433 }, // U+0206
    { 13, 20, 229, 1, 19, 65, 3502 }, // U+0207
    { 10, 23, 104, -3, 23, 58, 3567 }, // U+0208
    { 9, 20, 88, -3, 20, 45, 3625 }, // U+0209
    { 8, 23, 104, -1, 23, 46, 3670 }, // U+020A
    { 8, 19, 88, -1, 19, 38, 3716 }, // U+020B
    { 17, 24, 306, 1, 23, 102, 3754 }, // U+020C
    { 14, 21, 244, 1, 20, 74, 3856 }, // U+020D
    { 17, 24, 306, 1, 23, 102, 3930 }, // U+020E
    { 14, 20, 244, 1, 19, 70, 4032 }, // U+020F
    { 14, 23, 270, 2, 23, 81, 4102 }, // U+0210
    { 10, 20, 160, 0, 20, 50, 4183 }, // U+0211
    { 14, 23, 270, 2, 23, 81, 4233 }, // U+0212
    { 9, 19, 160, 1, 19, 43, 4314 }, // U+0213
    { 14, 24, 284, 2, 23, 84, 4357 }, // U+0214
    { 12, 21, 230, 1, 20, 63, 4441 }, // U+0215
    { 14, 24, 284, 2, 23, 84, 4504 }, // U+0216
    { 12, 20, 230, 1, 19, 60, 4588 }, // U+0217
    { 14, 23, 230, 0, 18, 81, 4648 }, // U+0218
    { 11, 21, 190, 0, 14, 58, 4729 }, // U+0219
    { 15, 23, 244, 0, 18, 87, 4787 }, // U+021A
    { 9, 24, 145, 0, 17, 54, 4874 }, // U+021B
    { 5, 4, 0, 0, 18, 5, 0 }, // U+0300
    { 5, 5, 0, 1, 19, 7, 5 }, // U+0301
    { 7, 5, 0, 1, 19, 9, 12 }, // U+0302
    { 9, 5, 0, 1, 19, 12, 21 }, // U+0303
    { 9, 3, 0, 1, 17, 7, 33 }, // U+0304
    { 8, 5, 0, 1, 18, 10, 40 }, // U+0306
    { 3, 4, 0, 1, 18, 3, 50 }, // U+0307
    { 8, 3, 0, 1, 18, 6, 53 }, // U+0308
    { 6, 5, 0, 1, 19, 8, 59 }, // U+0309
    { 6, 6, 0, 1, 20, 9, 67 }, // U+030A
    { 8, 5, 0, 1, 19, 10, 76 }, // U+030B
    { 7, 4, 0, 1, 18, 7, 86 }, // U+030C
    { 9, 5, 0, 0, 19, 12, 93 }, // U+030F
    { 8, 5, 0, 1, 19, 10, 105 }, // U+0311
    { 5, 6, 0, 3, 20, 8, 115 }, // U+0312
    { 5, 6, 0, 1, 16, 8, 123 }, // U+031B
    { 3, 3, 0, 1, -1, 3, 131 }, // U+0323
    { 8, 3, 0, 1, -1, 6, 134 }, // U+0324
    { 5, 7, 0, 0, 0, 9, 140 }, // U+0326
    { 4, 5, 0, 1, 1, 5, 149 }, // U+0327
    { 6, 7, 0, 1, 2, 11, 154 }, // U+0328
    { 7, 4, 0, 1, -1, 7, 165 }, // U+032D
    { 8, 5, 0, 1, 0, 10, 172 }, // U+032E
    { 8, 3, 0, 1, -1, 6, 182 }, // U+0331
    { 7, 3, 0, 1, 9, 6, 188 }, // U+0335
    { 16, 22, 258, 0, 18, 88, 0 }, // U+1EA0
    { 13, 18, 246, 1, 14, 59, 88 }, // U+1EA1
    { 16, 25, 258, 0, 24, 100, 147 }, // U+1EA2
    { 13, 20, 246, 1, 19, 65, 247 }, // U+1EA3
    { 16, 26, 258, 0, 25, 104, 312 }, // U+1EA4
    { 13, 22, 246, 1, 21, 72, 416 }, // U+1EA5
    { 16, 27, 258, 0, 26, 108, 488 }, // U+1EA6
    { 13, 22, 246, 1, 21, 72, 596 }, // U+1EA7
    { 16, 26, 258, 0, 25, 104, 668 }, // U+1EA8
    { 13, 22, 246, 1, 21, 72, 772 }, // U+1EA9
    { 16, 27, 258, 0, 26, 108, 844 }, // U+1EAA
    { 13, 23, 246, 1, 22, 75, 952 }, // U+1EAB
    { 16, 26, 258, 0, 22, 104, 1027 }, // U+1EAC
    { 13, 23, 246, 1, 19, 75, 1131 }, // U+1EAD
    { 16, 28, 258, 0, 27, 112, 1206 }, // U+1EAE
    { 13, 24, 246, 1, 23, 78, 1318 }, // U+1EAF
    { 16, 28, 258, 0, 27, 112, 1396 }, // U+1EB0
    { 13, 23, 246, 1, 22, 75, 1508 }, // U+1EB1
    { 16, 30, 258, 0, 29, 120, 1583 }, // U+1EB2
    { 13, 23, 246, 1, 22, 75, 1703 }, // U+1EB3
    { 16, 29, 258, 0, 28, 116, 1778 }, // U+1EB4
    { 13, 24, 246, 1, 23, 78, 1894 }, // U+1EB5
    { 16, 27, 258, 0, 23, 108, 1972 }, // U+1EB6
    { 13, 23, 246, 1, 19, 75, 2080 }, // U+1EB7
    { 12, 22, 228, 2, 18, 66, 2155 }, // U+1EB8
    { 13, 18, 229, 1, 14, 59, 2221 }, // U+1EB9
    { 12, 24, 228, 2, 24, 72, 2280 }, // U+1EBA
    { 13, 20, 229, 1, 19, 65, 2352 }, // U+1EBB
    { 12, 23, 228, 2, 23, 69, 2417 }, // U+1EBC
    { 13, 20, 229, 1, 19, 65, 2486 }, // U+1EBD
    { 14, 24, 228, 2, 24, 84, 2551 }, // U+1EBE
    { 13, 22, 229, 1, 21, 72, 2635 }, // U+1EBF
    { 12, 26, 228, 2, 26, 78, 2707 }, // U+1EC0
    { 13, 22, 229, 1, 21, 72, 2785 }, // U+1EC1
    { 12, 29, 228, 2, 29, 87, 2857 }, // U+1EC2
    { 13, 22, 229, 1, 21, 72, 2944 }, // U+1EC3
    { 12, 26, 228, 2, 26, 78, 3016 }, // U+1EC4
    { 13, 23, 229, 1, 22, 75, 3094 }, // U+1EC5
    { 12, 26, 228, 2, 22, 78, 3169 }, // U+1EC6
    { 13, 23, 229, 1, 19, 75, 3247 }, // U+1EC7
    { 6, 24, 104, 0, 24, 36, 3322 }, // U+1EC8
    { 5, 19, 88, 0, 19, 24, 3358 }, // U+1EC9
    { 3, 22, 104, 2, 18, 17, 3382 }, // U+1ECA
    { 4, 22, 88, 1, 18, 22, 3399 }, // U+1ECB
    { 17, 22, 306, 1, 18, 94, 3421 }, // U+1ECC
    { 14, 18, 244, 1, 14, 63, 3515 }, // U+1ECD
    { 17, 25, 306, 1, 24, 107, 3578 }, // U+1ECE
    { 14, 20, 244, 1, 19, 70, 3685 }, // U+1ECF
    { 17, 26, 306, 1, 25, 111, 3755 }, // U+1ED0
    { 14, 22, 244, 1, 21, 77, 3866 }, // U+1ED1
    { 17, 27, 306, 1, 26, 115, 3943 }, // U+1ED2
    { 14, 22, 244, 1, 21, 77, 4058 }, // U+1ED3
    { 17, 27, 306, 1, 26, 115, 4135 }, // U+1ED4
    { 14, 22, 244, 1, 21, 77, 4250 }, // U+1ED5
    { 17, 27, 306, 1, 26, 115, 4327 }, // U+1ED6
    { 14, 23, 244, 1, 22, 81, 4442 }, // U+1ED7
    { 17, 26, 306, 1, 22, 111, 4523 }, // U+1ED8
    { 14, 23, 244, 1, 19, 81, 4634 }, // U+1ED9
    { 17, 24, 306, 1, 23, 102, 4715 }, // U+1EDA
    { 14, 20, 244, 1, 19, 70, 4817 }, // U+1EDB
    { 17, 24, 306, 1, 23, 102, 4887 }, // U+1EDC
    { 14, 19, 244, 1, 18, 67, 4989 }, // U+1EDD
    { 17, 25, 306, 1, 24, 107, 5056 }, // U+1EDE
    { 14, 20, 244, 1, 19, 70, 5163 }, // U+1EDF
    { 17, 24, 306, 1, 23, 102, 5233 }, // U+1EE0
    { 14, 20, 244, 1, 19, 70, 5335 }, // U+1EE1
    { 17, 25, 306, 1, 21, 107, 5405 }, // U+1EE2
    { 14, 20, 244, 1, 16, 70, 5512 }, // U+1EE3
    { 14, 22, 284, 2, 18, 77, 5582 }, // U+1EE4
    { 12, 17, 230, 1, 13, 51, 5659 }, // U+1EE5
    { 14, 25, 284, 2, 24, 88, 5710 }, // U+1EE6
    { 12, 20, 230, 1, 19, 60, 5798 }, // U+1EE7
    { 17, 24, 284, 2, 23, 102, 5858 }, // U+1EE8
    { 15, 20, 230, 1, 19, 75, 5960 }, // U+1EE9
    { 17, 24, 284, 2, 23, 102, 6035 }, // U+1EEA
    { 15, 19, 230, 1, 18, 72, 6137 }, // U+1EEB
    { 17, 25, 284, 2, 24, 107, 6209 }, // U+1EEC
    { 15, 20, 230, 1, 19, 75, 6316 }, // U+1EED
    { 17, 24, 284, 2, 23, 102, 6391 }, // U+1EEE
    { 15, 20, 230, 1, 19, 75, 6493 }, // U+1EEF
    { 17, 25, 284, 2, 21, 107, 6568 }, // U+1EF0
    { 15, 20, 230, 1, 16, 75, 6675 }, // U+1EF1
    { 14, 23, 229, 0, 23, 81, 6750 }, // U+1EF2
    { 12, 23, 230, 1, 18, 69, 6831 }, // U+1EF3
    { 14, 22, 229, 0, 18, 77, 6900 }, // U+1EF4
    { 14, 19, 230, 1, 14, 67, 6977 }, // U+1EF5
    { 14, 24, 229, 0, 24, 84, 7044 }, // U+1EF6
    { 12, 24, 230, 1, 19, 72, 7128 }, // U+1EF7
    { 14, 23, 229, 0, 23, 81, 7200 }, // U+1EF8
    { 12, 24, 230, 1, 19, 72, 7281 }, // U+1EF9
    { 0, 0, 220, 0, 0, 0, 0 }, // U+2007
    { 0, 0, 104, 0, 0, 0, 0 }, // U+2008
    { 0, 0, 82, 0, 0, 0, 0 }, // U+2009
    { 0, 0, 41, 0, 0, 0, 0 }, // U+200A
    { 0, 0, 0, 0, 0, 0, 0 }, // U+200B
    { 8, 3, 157, 1, 9, 6, 0 }, // U+2010
    { 11, 3, 205, 1, 8, 9, 6 }, // U+2012
    { 11, 3, 205, 1, 8, 9, 15 }, // U+2013
    { 19, 3, 342, 1, 8, 15, 24 }, // U+2014
    { 19, 3, 342, 1, 8, 15, 39 }, // U+2015
    { 5, 6, 94, 0, 18, 8, 54 }, // U+2018
    { 5, 6, 88, 0, 18, 8, 62 }, // U+2019
    { 5, 7, 90, 0, 3, 9, 70 }, // U+201A
    { 9, 6, 154, 0, 18, 14, 79 }, // U+201C
    { 9, 6, 154, 0, 18, 14, 93 }, // U+201D
    { 9, 7, 142, 0, 3, 16, 107 }, // U+201E
    { 9, 13, 169, 1, 18, 30, 123 }, // U+2020
    { 8, 14, 159, 1, 18, 28, 153 }, // U+2021
    { 7, 8, 138, 1, 13, 14, 181 }, // U+2022
    { 13, 3, 232, 1, 3, 10, 195 }, // U+2026
    { 27, 19, 452, 1, 18, 129, 205 }, // U+2030
    { 10, 8, 160, 0, 18, 20, 334 }, // U+2033
    { 6, 11, 110, 0, 12, 17, 354 }, // U+2039
    { 6, 11, 110, 0, 12, 17, 371 }, // U+203A
    { 13, 19, 214, 0, 18, 62, 388 }, // U+2044
    { 8, 10, 139, 0, 20, 20, 0 }, // U+2070
    { 8, 10, 142, 0, 20, 20, 20 }, // U+2074
    { 7, 10, 137, 1, 20, 18, 40 }, // U+2075
    { 7, 10, 121, 0, 20, 18, 58 }, // U+2076
    { 6, 10, 124, 1, 20, 15, 76 }, // U+2077
    { 7, 10, 132, 1, 20, 18, 91 }, // U+2078
    { 7, 10, 127, 1, 20, 18, 109 }, // U+2079
    { 8, 10, 139, 0, 4, 20, 127 }, // U+2080
    { 5, 10, 102, 0, 4, 13, 147 }, // U+2081
    { 7, 9, 133, 1, 4, 16, 160 }, // U+2082
    { 7, 10, 131, 1, 4, 18, 176 }, // U+2083
    { 8, 10, 142, 0, 4, 20, 194 }, // U+2084
    { 7, 10, 137, 1, 4, 18, 214 }, // U+2085
    { 7, 10, 121, 0, 4, 18, 232 }, // U+2086
    { 6, 10, 124, 1, 4, 15, 250 }, // U+2087
    { 7, 10, 132, 1, 4, 18, 265 }, // U+2088
    { 7, 10, 127, 1, 4, 18, 283 }, // U+2089
    { 18, 25, 258, 0, 21, 113, 0 }, // U+20A1
    { 13, 18, 226, 0, 18, 59, 113 }, // U+20A3
    { 16, 19, 247, 0, 18, 76, 172 }, // U+20A4
    { 19, 18, 292, 0, 18, 86, 248 }, // U+20A6
    { 17, 18, 240, -1, 18, 77, 334 }, // U+20A7
    { 24, 18, 384, 0, 18, 108, 411 }, // U+20A9
    { 11, 18, 190, 1, 18, 50, 519 }, // U+20AB
    { 16, 19, 262, 0, 18, 76, 569 }, // U+20AC
    { 16, 19, 268, 0, 18, 76, 645 }, // U+20AD
    { 17, 18, 240, -1, 18, 77, 721 }, // U+20B1
    { 15, 25, 278, 1, 21, 94, 798 }, // U+20B2
    { 15, 25, 258, 1, 21, 94, 892 }, // U+20B5
    { 12, 18, 226, 1, 18, 54, 986 }, // U+20B9
    { 14, 19, 237, 0, 18, 67, 1040 }, // U+20BA
    { 14, 22, 284, 2, 21, 77, 1107 }, // U+20BC
    { 14, 18, 240, 0, 18, 63, 1184 }, // U+20BD
    { 13, 20, 236, 1, 19, 65, 0 }, // U+2202
    { 15, 15, 245, 0, 14, 57, 65 }, // U+2205
    { 17, 18, 281, 0, 18, 77, 122 }, // U+2206
    { 17, 23, 275, 0, 18, 98, 199 }, // U+220F
    { 11, 18, 209, 1, 18, 50, 297 }, // U+2211
    { 12, 3, 221, 1, 10, 9, 347 }, // U+2212
    { 14, 25, 216, 0, 21, 88, 356 }, // U+2215
    { 4, 4, 91, 1, 10, 4, 444 }, // U+2219
    { 15, 18, 261, 1, 18, 68, 448 }, // U+221A
    { 20, 10, 348, 1, 11, 50, 516 }, // U+221E
    { 14, 22, 213, 0, 19, 77, 566 }, // U+222B
    { 12, 9, 218, 1, 13, 27, 643 }, // U+2248
    { 12, 13, 221, 1, 15, 39, 670 }, // U+2260
    { 13, 13, 244, 1, 15, 43, 709 }, // U+2264
    { 13, 13, 244, 1, 15, 43, 752 }, // U+2265
    { 14, 19, 243, 0, 19, 67, 0 }, // U+FB01
    { 14, 19, 252, 0, 19, 67, 67 }, // U+FB02
};

static const EpdUnicodeInterval quicksand_12_italicIntervals[] = {
    { 0xD, 0xD, 0x0 },
    { 0x20, 0x7E, 0x1 },
    { 0xA0, 0xFF, 0x60 },
    { 0x100, 0x17E, 0xC0 },
    { 0x1A0, 0x1A1, 0x13F },
    { 0x1AF, 0x1B0, 0x141 },
    { 0x1C4, 0x1D4, 0x143 },
    { 0x1E6, 0x1E7, 0x154 },
    { 0x1EA, 0x1EB, 0x156 },
    { 0x1F2, 0x1F2, 0x158 },
    { 0x1FA, 0x21B, 0x159 },
    { 0x300, 0x304, 0x17B },
    { 0x306, 0x30C, 0x180 },
    { 0x30F, 0x30F, 0x187 },
    { 0x311, 0x312, 0x188 },
    { 0x31B, 0x31B, 0x18A },
    { 0x323, 0x324, 0x18B },
    { 0x326, 0x328, 0x18D },
    { 0x32D, 0x32E, 0x190 },
    { 0x331, 0x331, 0x192 },
    { 0x335, 0x335, 0x193 },
    { 0x1EA0, 0x1EF9, 0x194 },
    { 0x2007, 0x200B, 0x1EE },
    { 0x2010, 0x2010, 0x1F3 },
    { 0x2012, 0x2015, 0x1F4 },
    { 0x2018, 0x201A, 0x1F8 },
    { 0x201C, 0x201E, 0x1FB },
    { 0x2020, 0x2022, 0x1FE },
    { 0x2026, 0x2026, 0x201 },
    { 0x2030, 0x2030, 0x202 },
    { 0x2033, 0x2033, 0x203 },
    { 0x2039, 0x203A, 0x204 },
    { 0x2044, 0x2044, 0x206 },
    { 0x2070, 0x2070, 0x207 },
    { 0x2074, 0x2079, 0x208 },
    { 0x2080, 0x2089, 0x20E },
    { 0x20A1, 0x20A1, 0x218 },
    { 0x20A3, 0x20A4, 0x219 },
    { 0x20A6, 0x20A7, 0x21B },
    { 0x20A9, 0x20A9, 0x21D },
    { 0x20AB, 0x20AD, 0x21E },
    { 0x20B1, 0x20B2, 0x221 },
    { 0x20B5, 0x20B5, 0x223 },
    { 0x20B9, 0x20BA, 0x224 },
    { 0x20BC, 0x20BD, 0x226 },
    { 0x2202, 0x2202, 0x228 },
    { 0x2205, 0x2206, 0x229 },
    { 0x220F, 0x220F, 0x22B },
    { 0x2211, 0x2212, 0x22C },
    { 0x2215, 0x2215, 0x22E },
    { 0x2219, 0x221A, 0x22F },
    { 0x221E, 0x221E, 0x231 },
    { 0x222B, 0x222B, 0x232 },
    { 0x2248, 0x2248, 0x233 },
    { 0x2260, 0x2260, 0x234 },
    { 0x2264, 0x2265, 0x235 },
    { 0xFB01, 0xFB02, 0x237 },
};

static const EpdFontGroup quicksand_12_italicGroups[] = {
    { 0, 2575, 5375, 96, 0 },
    { 2575, 2235, 6185, 96, 96 },
    { 4810, 2801, 9583, 127, 192 },
    { 7611, 1894, 5479, 60, 319 },
    { 9505, 219, 233, 25, 379 },
    { 9724, 1493, 8254, 90, 404 },
    { 11217, 332, 521, 25, 494 },
    { 11549, 182, 338, 17, 519 },
    { 11731, 745, 1347, 16, 536 },
    { 12476, 484, 892, 15, 552 },
    { 12960, 73, 152, 2, 567 },
};

static const EpdKernClassEntry quicksand_12_italicKernLeftClasses[] = {
    { 0x0026, 1 }, // &
    { 0x0028, 2 }, // (
    { 0x002A, 3 }, // *
    { 0x002B, 4 }, // +
    { 0x002C, 5 }, // ,
    { 0x002D, 4 }, // -
    { 0x002E, 6 }, // .
    { 0x002F, 7 }, // /
    { 0x0030, 8 }, // 0
    { 0x0031, 9 }, // 1
    { 0x0032, 10 }, // 2
    { 0x0034, 11 }, // 4
    { 0x0035, 12 }, // 5
    { 0x0036, 13 }, // 6
    { 0x0037, 14 }, // 7
    { 0x0038, 15 }, // 8
    { 0x0039, 16 }, // 9
    { 0x003E, 17 }, // >
    { 0x003F, 18 }, // ?
    { 0x0040, 19 }, // @
    { 0x0041, 20 }, // A
    { 0x0042, 21 }, // B
    { 0x0044, 8 }, // D
    { 0x0045, 22 }, // E
    { 0x0046, 23 }, // F
    { 0x0047, 24 }, // G
    { 0x004A, 25 }, // J
    { 0x004B, 26 }, // K
    { 0x004C, 27 }, // L
    { 0x004F, 8 }, // O
    { 0x0050, 28 }, // P
    { 0x0051, 29 }, // Q
    { 0x0052, 30 }, // R
    { 0x0053, 31 }, // S
    { 0x0054, 32 }, // T
    { 0x0055, 33 }, // U
    { 0x0056, 34 }, // V
    { 0x0057, 35 }, // W
    { 0x0058, 36 }, // X
    { 0x0059, 37 }, // Y
    { 0x005A, 38 }, // Z
    { 0x005C, 39 }, // <backslash>
    { 0x005F, 40 }, // _
    { 0x0061, 41 }, // a
    { 0x0062, 42 }, // b
    { 0x0063, 43 }, // c
    { 0x0064, 44 }, // d
    { 0x0065, 45 }, // e
    { 0x0066, 46 }, // f
    { 0x0067, 47 }, // g
    { 0x0068, 48 }, // h
    { 0x0069, 49 }, // i
    { 0x006A, 50 }, // j
    { 0x006B, 51 }, // k
    { 0x006C, 52 }, // l
    { 0x006D, 48 }, // m
    { 0x006E, 48 }, // n
    { 0x006F, 42 }, // o
    { 0x0070, 42 }, // p
    { 0x0071, 53 }, // q
    { 0x0072, 54 }, // r
    { 0x0073, 55 }, // s
    { 0x0074, 56 }, // t
    { 0x0075, 57 }, // u
    { 0x0076, 58 }, // v
    { 0x0077, 59 }, // w
    { 0x0078, 60 }, // x
    { 0x0079, 61 }, // y
    { 0x007A, 62 }, // z
    { 0x007E, 4 }, // ~
    { 0x00A1, 63 }, // U+00A1
    { 0x00B7, 64 }, // U+00B7
    { 0x00BF, 65 }, // U+00BF
    { 0x00D9, 33 }, // U+00D9
    { 0x00DA, 33 }, // U+00DA
    { 0x00DB, 33 }, // U+00DB
    { 0x00DC, 33 }, // U+00DC
    { 0x00DD, 37 }, // U+00DD
    { 0x00DE, 66 }, // U+00DE
    { 0x00DF, 67 }, // U+00DF
    { 0x00E0, 41 }, // U+00E0
    { 0x00E1, 41 }, // U+00E1
    { 0x00E2, 41 }, // U+00E2
    { 0x00E3, 41 }, // U+00E3
    { 0x00E4, 41 }, // U+00E4
    { 0x00E5, 41 }, // U+00E5
    { 0x00E8, 45 }, // U+00E8
    { 0x00E9, 45 }, // U+00E9
    { 0x00EA, 45 }, // U+00EA
    { 0x00EB, 45 }, // U+00EB
    { 0x00F0, 68 }, // U+00F0
    { 0x00F2, 42 }, // U+00F2
    { 0x00F3, 42 }, // U+00F3
    { 0x00F4, 42 }, // U+00F4
    { 0x00F5, 42 }, // U+00F5
    { 0x00F6, 42 }, // U+00F6
    { 0x00F7, 69 }, // U+00F7
    { 0x00F8, 42 }, // U+00F8
    { 0x00F9, 57 }, // U+00F9
    { 0x00FA, 57 }, // U+00FA
    { 0x00FB, 57 }, // U+00FB
    { 0x00FC, 57 }, // U+00FC
    { 0x00FD, 61 }, // U+00FD
    { 0x00FF, 61 }, // U+00FF
    { 0x0101, 41 }, // U+0101
    { 0x0103, 41 }, // U+0103
    { 0x0105, 41 }, // U+0105
    { 0x010F, 70 }, // U+010F
    { 0x0113, 45 }, // U+0113
    { 0x0114, 22 }, // U+0114
    { 0x0115, 45 }, // U+0115
    { 0x0117, 45 }, // U+0117
    { 0x0119, 45 }, // U+0119
    { 0x011B, 45 }, // U+011B
    { 0x013E, 71 }, // U+013E
    { 0x014D, 42 }, // U+014D
    { 0x014F, 42 }, // U+014F
    { 0x0151, 42 }, // U+0151
    { 0x0153, 42 }, // U+0153
    { 0x0165, 72 }, // U+0165
    { 0x0169, 57 }, // U+0169
    { 0x016A, 33 }, // U+016A
    { 0x016B, 57 }, // U+016B
    { 0x016D, 57 }, // U+016D
    { 0x016E, 33 }, // U+016E
    { 0x016F, 57 }, // U+016F
    { 0x0170, 33 }, // U+0170
    { 0x0171, 57 }, // U+0171
    { 0x0172, 33 }, // U+0172
    { 0x0173, 57 }, // U+0173
    { 0x0176, 37 }, // U+0176
    { 0x0177, 61 }, // U+0177
    { 0x0178, 37 }, // U+0178
    { 0x01A1, 42 }, // U+01A1
    { 0x01B0, 57 }, // U+01B0
    { 0x01CD, 20 }, // U+01CD
    { 0x01CE, 41 }, // U+01CE
    { 0x01D2, 42 }, // U+01D2
    { 0x01D4, 57 }, // U+01D4
    { 0x01EB, 42 }, // U+01EB
    { 0x01FB, 41 }, // U+01FB
    { 0x01FF, 42 }, // U+01FF
    { 0x0200, 20 }, // U+0200
    { 0x0201, 41 }, // U+0201
    { 0x0202, 20 }, // U+0202
    { 0x0203, 41 }, // U+0203
    { 0x0204, 22 }, // U+0204
    { 0x0205, 45 }, // U+0205
    { 0x0206, 22 }, // U+0206
    { 0x0207, 45 }, // U+0207
    { 0x020D, 42 }, // U+020D
    { 0x020F, 42 }, // U+020F
    { 0x0215, 57 }, // U+0215
    { 0x0217, 57 }, // U+0217
    { 0x1EA0, 20 }, // U+1EA0
    { 0x1EA1, 41 }, // U+1EA1
    { 0x1EA2, 20 }, // U+1EA2
    { 0x1EA3, 41 }, // U+1EA3
    { 0x1EA4, 20 }, // U+1EA4
    { 0x1EA5, 41 }, // U+1EA5
    { 0x1EA6, 20 }, // U+1EA6
    { 0x1EA7, 41 }, // U+1EA7
    { 0x1EA8, 20 }, // U+1EA8
    { 0x1EA9, 41 }, // U+1EA9
    { 0x1EAA, 20 }, // U+1EAA
    { 0x1EAB, 41 }, // U+1EAB
    { 0x1EAC, 20 }, // U+1EAC
    { 0x1EAD, 41 }, // U+1EAD
    { 0x1EAE, 20 }, // U+1EAE
    { 0x1EAF, 41 }, // U+1EAF
    { 0x1EB0, 20 }, // U+1EB0
    { 0x1EB1, 41 }, // U+1EB1
    { 0x1EB2, 20 }, // U+1EB2
    { 0x1EB3, 41 }, // U+1EB3
    { 0x1EB4, 20 }, // U+1EB4
    { 0x1EB5, 41 }, // U+1EB5
    { 0x1EB6, 20 }, // U+1EB6
    { 0x1EB7, 41 }, // U+1EB7
    { 0x1EB8, 22 }, // U+1EB8
    { 0x1EB9, 45 }, // U+1EB9
    { 0x1EBA, 22 }, // U+1EBA
    { 0x1EBB, 45 }, // U+1EBB
    { 0x1EBC, 22 }, // U+1EBC
    { 0x1EBD, 45 }, // U+1EBD
    { 0x1EBE, 22 }, // U+1EBE
    { 0x1EBF, 45 }, // U+1EBF
    { 0x1EC0, 22 }, // U+1EC0
    { 0x1EC1, 45 }, // U+1EC1
    { 0x1EC2, 22 }, // U+1EC2
    { 0x1EC3, 45 }, // U+1EC3
    { 0x1EC4, 22 }, // U+1EC4
    { 0x1EC5, 45 }, // U+1EC5
    { 0x1EC6, 22 }, // U+1EC6
    { 0x1EC7, 45 }, // U+1EC7
    { 0x1ECD, 42 }, // U+1ECD
    { 0x1ECF, 42 }, // U+1ECF
    { 0x1ED1, 42 }, // U+1ED1
    { 0x1ED3, 42 }, // U+1ED3
    { 0x1ED5, 42 }, // U+1ED5
    { 0x1ED7, 42 }, // U+1ED7
    { 0x1ED9, 42 }, // U+1ED9
    { 0x1EDB, 42 }, // U+1EDB
    { 0x1EDD, 42 }, // U+1EDD
    { 0x1EDF, 42 }, // U+1EDF
    { 0x1EE1, 42 }, // U+1EE1
    { 0x1EE3, 42 }, // U+1EE3
    { 0x1EE5, 57 }, // U+1EE5
    { 0x1EE7, 57 }, // U+1EE7
    { 0x1EE9, 57 }, // U+1EE9
    { 0x1EEB, 57 }, // U+1EEB
    { 0x1EED, 57 }, // U+1EED
    { 0x1EEF, 57 }, // U+1EEF
    { 0x1EF1, 57 }, // U+1EF1
    { 0x1EF2, 37 }, // U+1EF2
    { 0x1EF3, 61 }, // U+1EF3
    { 0x1EF5, 61 }, // U+1EF5
    { 0x2013, 73 }, // U+2013
    { 0x2014, 4 }, // U+2014
    { 0x2018, 74 }, // U+2018
    { 0x2019, 75 }, // U+2019
    { 0x201A, 76 }, // U+201A
    { 0x201C, 74 }, // U+201C
    { 0x201D, 75 }, // U+201D
    { 0x201E, 77 }, // U+201E
    { 0x2022, 78 }, // U+2022
    { 0x2212, 4 }, // U+2212
    { 0x2248, 4 }, // U+2248
    { 0x2260, 4 }, // U+2260
};

static const EpdKernClassEntry quicksand_12_italicKernRightClasses[] = {
    { 0x0021, 1 }, // !
    { 0x0022, 2 }, // "
    { 0x0026, 3 }, // &
    { 0x0029, 4 }, // )
    { 0x002A, 5 }, // *
    { 0x002C, 6 }, // ,
    { 0x002E, 7 }, // .
    { 0x002F, 8 }, // /
    { 0x0031, 9 }, // 1
    { 0x0034, 10 }, // 4
    { 0x0035, 11 }, // 5
    { 0x0036, 12 }, // 6
    { 0x0037, 13 }, // 7
    { 0x0039, 14 }, // 9
    { 0x003F, 15 }, // ?
    { 0x0040, 16 }, // @
    { 0x0041, 17 }, // A
    { 0x0043, 18 }, // C
    { 0x0047, 18 }, // G
    { 0x004A, 19 }, // J
    { 0x004F, 18 }, // O
    { 0x0051, 18 }, // Q
    { 0x0053, 20 }, // S
    { 0x0054, 21 }, // T
    { 0x0055, 22 }, // U
    { 0x0056, 23 }, // V
    { 0x0057, 24 }, // W
    { 0x0058, 25 }, // X
    { 0x0059, 26 }, // Y
    { 0x005A, 27 }, // Z
    { 0x005C, 28 }, // <backslash>
    { 0x005D, 29 }, // ]
    { 0x005F, 30 }, // _
    { 0x0061, 31 }, // a
    { 0x0062, 32 }, // b
    { 0x0063, 33 }, // c
    { 0x0064, 33 }, // d
    { 0x0065, 33 }, // e
    { 0x0066, 34 }, // f
    { 0x0067, 35 }, // g
    { 0x0068, 32 }, // h
    { 0x006A, 36 }, // j
    { 0x006B, 32 }, // k
    { 0x006C, 32 }, // l
    { 0x006D, 37 }, // m
    { 0x006E, 37 }, // n
    { 0x006F, 33 }, // o
    { 0x0070, 38 }, // p
    { 0x0071, 33 }, // q
    { 0x0072, 37 }, // r
    { 0x0073, 39 }, // s
    { 0x0074, 40 }, // t
    { 0x0075, 41 }, // u
    { 0x0076, 42 }, // v
    { 0x0077, 43 }, // w
    { 0x0078, 44 }, // x
    { 0x0079, 45 }, // y
    { 0x007A, 46 }, // z
    { 0x00A1, 47 }, // U+00A1
    { 0x00B7, 48 }, // U+00B7
    { 0x00BF, 49 }, // U+00BF
    { 0x00D0, 50 }, // U+00D0
    { 0x00D9, 22 }, // U+00D9
    { 0x00DA, 22 }, // U+00DA
    { 0x00DB, 22 }, // U+00DB
    { 0x00DC, 22 }, // U+00DC
    { 0x00DD, 26 }, // U+00DD
    { 0x00DF, 51 }, // U+00DF
    { 0x00E0, 31 }, // U+00E0
    { 0x00E1, 31 }, // U+00E1
    { 0x00E2, 31 }, // U+00E2
    { 0x00E3, 31 }, // U+00E3
    { 0x00E4, 31 }, // U+00E4
    { 0x00E5, 31 }, // U+00E5
    { 0x00E8, 33 }, // U+00E8
    { 0x00E9, 33 }, // U+00E9
    { 0x00EA, 33 }, // U+00EA
    { 0x00EB, 33 }, // U+00EB
    { 0x00F0, 52 }, // U+00F0
    { 0x00F9, 41 }, // U+00F9
    { 0x00FA, 41 }, // U+00FA
    { 0x00FB, 41 }, // U+00FB
    { 0x00FC, 41 }, // U+00FC
    { 0x00FD, 45 }, // U+00FD
    { 0x00FE, 53 }, // U+00FE
    { 0x00FF, 45 }, // U+00FF
    { 0x0101, 31 }, // U+0101
    { 0x0103, 31 }, // U+0103
    { 0x0105, 31 }, // U+0105
    { 0x0113, 33 }, // U+0113
    { 0x0115, 33 }, // U+0115
    { 0x0117, 33 }, // U+0117
    { 0x0119, 33 }, // U+0119
    { 0x011B, 33 }, // U+011B
    { 0x0127, 54 }, // U+0127
    { 0x013E, 32 }, // U+013E
    { 0x0169, 41 }, // U+0169
    { 0x016A, 22 }, // U+016A
    { 0x016B, 41 }, // U+016B
    { 0x016D, 41 }, // U+016D
    { 0x016E, 22 }, // U+016E
    { 0x016F, 41 }, // U+016F
    { 0x0170, 22 }, // U+0170
    { 0x0171, 41 }, // U+0171
    { 0x0172, 22 }, // U+0172
    { 0x0173, 41 }, // U+0173
    { 0x0176, 26 }, // U+0176
    { 0x0177, 45 }, // U+0177
    { 0x0178, 26 }, // U+0178
    { 0x01B0, 41 }, // U+01B0
    { 0x01CD, 17 }, // U+01CD
    { 0x01CE, 31 }, // U+01CE
    { 0x01D4, 41 }, // U+01D4
    { 0x01FB, 31 }, // U+01FB
    { 0x0200, 17 }, // U+0200
    { 0x0201, 31 }, // U+0201
    { 0x0202, 17 }, // U+0202
    { 0x0203, 31 }, // U+0203
    { 0x0205, 33 }, // U+0205
    { 0x0207, 33 }, // U+0207
    { 0x0215, 41 }, // U+0215
    { 0x0217, 41 }, // U+0217
    { 0x1EA0, 17 }, // U+1EA0
    { 0x1EA1, 31 }, // U+1EA1
    { 0x1EA2, 17 }, // U+1EA2
    { 0x1EA3, 31 }, // U+1EA3
    { 0x1EA4, 17 }, // U+1EA4
    { 0x1EA5, 31 }, // U+1EA5
    { 0x1EA6, 17 }, // U+1EA6
    { 0x1EA7, 31 }, // U+1EA7
    { 0x1EA8, 17 }, // U+1EA8
    { 0x1EA9, 31 }, // U+1EA9
    { 0x1EAA, 17 }, // U+1EAA
    { 0x1EAB, 31 }, // U+1EAB
    { 0x1EAC, 17 }, // U+1EAC
    { 0x1EAD, 31 }, // U+1EAD
    { 0x1EAE, 17 }, // U+1EAE
    { 0x1EAF, 31 }, // U+1EAF
    { 0x1EB0, 17 }, // U+1EB0
    { 0x1EB1, 31 }, // U+1EB1
    { 0x1EB2, 17 }, // U+1EB2
    { 0x1EB3, 31 }, // U+1EB3
    { 0x1EB4, 17 }, // U+1EB4
    { 0x1EB5, 31 }, // U+1EB5
    { 0x1EB6, 17 }, // U+1EB6
    { 0x1EB7, 31 }, // U+1EB7
    { 0x1EB9, 33 }, // U+1EB9
    { 0x1EBB, 33 }, // U+1EBB
    { 0x1EBD, 33 }, // U+1EBD
    { 0x1EBF, 33 }, // U+1EBF
    { 0x1EC1, 33 }, // U+1EC1
    { 0x1EC3, 33 }, // U+1EC3
    { 0x1EC5, 33 }, // U+1EC5
    { 0x1EC7, 33 }, // U+1EC7
    { 0x1EE5, 41 }, // U+1EE5
    { 0x1EE7, 41 }, // U+1EE7
    { 0x1EE9, 41 }, // U+1EE9
    { 0x1EEB, 41 }, // U+1EEB
    { 0x1EED, 41 }, // U+1EED
    { 0x1EEF, 41 }, // U+1EEF
    { 0x1EF1, 41 }, // U+1EF1
    { 0x1EF2, 26 }, // U+1EF2
    { 0x1EF3, 45 }, // U+1EF3
    { 0x1EF5, 45 }, // U+1EF5
    { 0x201C, 55 }, // U+201C
    { 0x201D, 56 }, // U+201D
    { 0x2022, 57 }, // U+2022
};

static const int8_t quicksand_12_italicKernMatrix[] = {
       0,    0,    0,   -6,    0,    0,    0,    0,    0,    0,    0,    0,    0,    0,    0,    0,    0,    0,    0,    0,    0,    0,  -10,    0,    0,    0,    0,    0,    0,    0,    0,    0,    0,    0,    0,    0,    0,    0,    0,    0,    0,   -7,    0,    0,    0,    0,    0,    0,    0,    0,    0,   -4,    0,    0,    0,    0,    0,
       0,    0,    0,    0,    0,    0,    0,    0,    0,    0,    0,    0,    0,    0,    0,    0,    0,    0,    0,    0,    0,    0,    0,    0,    0,    0,    0,    0,    0,    0,    0,    0,    0,    0,    0,    0,    0,    0,    0,    0,    0,    0,    0,    0,    0,    0,    0,    0,    0,    0,    0,    0,    6,    0,    0,    0,    0,
       0,    0,    0,    0,    0,    0,    0,    0,    0,    0,    0,    0,    0,    0,    0,    0,    0,    0,    0,    0,    0,    0,    0,    0,    0,    0,    0,    0,    0,    0,    0,    0,    0,    0,    0,    0,    0,    0,    0,    0,    0,    4,    0,    0,    0,    0,    0,    0,    0,    0,    0,  -10,    0,    0,    0,    0,    0,
       0,    0,    0,    0,    0,    0,    0,    0,  -18,    0,    0,    0,    0,    0,    0,    0,    0,    0,    0,    0,    0,    0,    0,    0,    0,    0,    0,    0,    0,    0,    0,    0,    0,    0,    0,    0,    0,    0,    0,    0,    0,    0,    0,    0,    0,    0,    0,    0,    0,    0,    0,    0,    0,    0,    0,    0,    0,
       0,    0,    0,    0,    0,    0,    0,    0,  -22,    0,    0,    0,    0,    0,    0,    0,    0,    0,    0,    0,    0,    0,    0,    0,    0,    0,    0,    0,    0,    0,    0,    0,    0,    0,    0,    4,    0,    0,    0,    0,    0,    0,    0,    0,    0,    0,    0,    0,    0,    0,    0,    0,    0,    0,    0,    0,    0,
       0,    0,    0,    0,    0,    0,    0,    0,  -18,  -12,    0,    0,    0,    0,    0,    0,    0,    0,    0,    0,    0,    0,    0,    0,    0,    0,    0,    0,    0,    0,    0,    0,    0,    0,    0,    0,    0,    0,    0,    0,    0,    0,    0,    0,    0,    0,    0,    0,    0,    0,    0,    0,    0,    0,    0,    0,    0,
       0,    0,    0,    0,    0,    0,    0,  -37,    0,    0,    0,    0,    0,    0,    0,    0,    0,    0,    0,    0,    0,    0,    0,    0,    0,    0,    0,    0,    0,    0,    0,    0,    0,    0,    0,    0,    0,    0,    0,    0,    0,   -1,    0,   -4,    0,    0,    0,    0,    0,    0,   -5,  -13,    0,    0,    0,    0,    0,
       0,    0,    0,    0,    0,    0,    0,    0,    0,    0,    0,    0,  -20,    0,    0,    0,   -2,    0,   -6,    0,   -8,    0,   -4,   -2,  -12,  -10,   -6,    0,    0,    0,    0,    0,    3,    0,    0,    0,    0,    0,    0,    0,    0,    0,    0,   -4,    0,    0,    0,    0,    0,    0,    0,    0,    0,    0,    0,    0,    0,
       0,    0,    0,    0,    0,    0,    0,    0,    0,   -4,    0,    0,    0,    0,    0,    0,    0,    0,    0,    0,    0,    0,    0,    0,    0,    0,    0,    0,    0,    0,    0,    0,    0,    0,    0,    0,    0,    0,    0,    0,    0,    0,    0,    0,    0,    0,    0,    0,    0,    0,    0,    0,    0,    0,    0,    0,    0,
       0,    0,    0,    0,    0,    0,    0,    0,    0,   -4,    0,    0,   -5,    0,    0,    0,    0,    0,    0,    0,    0,    0,    0,    0,    0,    0,    0,    0,    0,    0,    0,    0,    0,    0,    0,    0,    0,    0,    0,    0,    0,    0,    0,    0,    0,    0,    0,    0,    0,    0,    0,    0,    0,    0,    0,    0,    0,
       0,    0,    0,    0,    0,    0,    0,    0,   -6,    0,    2,    0,  -12,   -8,    0,    0,    0,    0,    0,    0,    0,    0,    0,    0,    0,    0,    0,    0,    0,    0,    0,    0,    0,    0,    0,    0,    0,    0,    0,    0,    0,    0,    0,    0,    0,    0,    0,    0,    0,    0,    0,    0,    0,    0,    0,    0,    0,
       0,    0,    0,    0,    0,    0,  -12,    0,    0,    0,    0,    0,    0,    0,    0,    0,    0,    0,    0,    0,    0,    0,    0,    0,    0,    0,    0,    0,    0,    0,    0,    0,    0,    0,    0,    0,    0,    0,    0,    0,    0,    0,    0,    0,    0,    0,    0,    0,    0,    0,    0,    0,    0,    0,    0,    0,    0,
       0,    0,    0,    0,    0,    0,    0,    0,   -4,    4,    0,    0,    0,    0,    0,    0,    0,    0,    0,    0,    0,    0,    0,    0,    0,    0,    0,    0,    0,    0,    0,    0,    0,    0,    0,    0,    0,    0,    0,    0,    0,    0,    0,    0,    0,    0,    0,    0,    0,    0,    0,    0,    0,    0,    0,    0,    0,
       0,    0,    0,    0,    0,  -16,  -26,    0,   18,  -16,    0,  -12,    0,    0,    0,    0,    0,   -8,    0,    0,    0,    0,    0,    0,    0,    0,    0,    0,    0,    0,    0,    0,    0,    0,    0,    0,    0,    0,    0,    0,    0,    0,    0,    0,    0,    0,    0,    0,    0,    0,    0,    0,    0,    0,    0,    0,    0,
       0,    0,    0,    0,    0,    0,    0,    0,    0,    0,    0,    0,   -8,    0,    0,    0,    0,    0,    0,    0,    0,    0,    0,    0,    0,    0,    0,    0,    0,    0,    0,    0,    0,    0,    0,    0,    0,    0,    0,    0,    0,    0,    0,    0,    0,    0,    0,    0,    0,    0,    0,    0,    0,    0,    0,    0,    0,
       0,    0,    0,    0,    0,   -8,  -16,    0,    2,    0,    0,    0,  -12,    0,    0,    0,    0,    0,    0,    0,    0,    0,    0,    0,    0,    0,    0,    0,    0,    0,    0,    0,    0,    0,    0,    0,    0,    0,    0,    0,    0,    0,    0,    0,    0,    0,    0,    0,    0,    0,    0,    0,    0,    0,    0,    0,    0,
       0,    0,    0,    0,    0,    0,    0,    0,   -6,    0,    0,    0,    0,    0,    0,    0,    0,    0,    0,    0,    0,    0,    0,    0,    0,    0,    0,    0,    0,    0,    0,    0,    0,    0,    0,    0,    0,    0,    0,    0,    0,    0,    0,    0,    0,    0,    0,    0,    0,    0,    0,    0,    0,    0,    0,    0,    0,
       0,    0,    0,    0,    0,    0,    0,    0,    0,    0,    0,    0,    0,    0,    0,    0,    0,    0,    0,    0,    0,    0,    0,    0,    0,    0,    0,    0,    0,    0,    0,    0,    0,    0,    0,    0,    0,    0,    0,    0,    0,    0,    0,    0,    0,    0,    0,    0,    0,    0,    0,   -6,    0,    0,    0,    0,    0,
       0,    0,    0,    0,    0,    0,    0,    0,    0,    0,    0,    0,    0,    0,    0,    0,    0,    0,    0,    0,    0,    0,   -4,    0,    0,    0,    0,    0,    0,    0,    0,    0,    0,    0,    0,    0,    0,    0,    0,    0,    0,    0,    0,   -2,    0,    0,    0,    0,    0,    0,    0,    0,    0,    0,    0,    0,    0,
       0,    0,    0,    0,    0,    0,    0,    0,    0,    0,    0,    0,    0,    0,    0,    0,    0,   -2,    0,    0,  -20,   -4,  -37,   -9,    0,  -17,    0,    0,    0,    0,    8,    0,    0,    0,    0,    0,    0,    0,    0,   -2,   -4,  -11,   -4,    0,  -10,    0,    0,    0,    0,    0,    0,    0,    0,    0,    0,    0,    0,
       0,    0,    0,    0,    0,    0,    0,    0,    0,    0,    0,    0,    0,    0,    0,    0,    0,    0,    0,    0,   -6,    0,   -3,   -2,   -5,   -9,    0,    0,    0,    0,    0,   -1,    0,    0,   -2,    0,    0,    0,    0,    0,    0,    0,    0,   -1,    0,    0,    0,    0,    0,    0,    0,    0,    0,    0,    0,    0,    0,
       0,    0,    0,    0,    0,    0,    0,    0,    0,    0,    0,    0,    0,    0,    0,    0,    0,    0,   -4,    0,    0,    0,    0,    0,    0,    0,    0,    0,    0,    0,    0,    0,   -2,    0,   -4,    0,    0,    0,    0,    0,   -4,   -6,    0,    0,   -4,    0,    0,    0,    0,    0,    0,    0,    0,    0,    0,    0,    0,
       0,    0,    0,    0,    0,    0,    0,    0,    0,    0,    0,    0,    0,    0,    0,    0,  -13,   -4,  -48,   -2,    6,    0,    0,    0,   -2,    0,    0,    0,    0,    0,   -8,    0,   -6,    0,   -4,    0,   -4,   -4,   -4,    0,   -6,   -2,    0,   -6,    0,   -2,    0,    0,    0,    0,    0,    0,    0,    0,    0,    0,    0,
       0,    0,    0,    0,    0,    0,    0,    0,    0,    0,    0,    0,    0,    0,    0,    0,    0,    0,    0,    0,  -10,    0,   -6,   -4,    0,  -10,    0,    0,    0,    0,    6,    0,    0,    0,    0,    0,    0,    0,    0,    0,    0,    0,    0,    0,    0,    0,    0,    0,    0,    0,    0,    0,    0,    0,    0,    0,    0,
       0,    0,    0,    0,    0,    0,    0,    0,    0,    0,    0,    0,    0,    0,    0,    0,   -6,    0,    0,    0,    0,    0,    0,    0,    0,    0,    0,    0,    0,    0,    0,    0,    0,    0,    0,    0,    0,    0,    0,    0,    0,    0,    0,    0,    0,    0,    0,    0,    0,    0,    0,    0,    0,    0,    0,    0,    0,
       0,    0,    0,    0,    0,    0,    0,    0,    0,    0,    0,    0,    0,    0,    0,    0,    0,  -12,   -2,   -4,    0,   -6,   -2,   -2,    0,    8,    0,    0,    0,    0,    0,    0,   -8,    0,    0,    0,   -3,   -3,   -2,   -1,   -5,   -3,   -6,    0,   -8,    0,    0,    0,    0,    0,    0,    0,    0,    0,    0,    0,    0,
       0,    0,    0,    0,    0,    0,    0,    0,    0,    0,    0,    0,    0,    0,    0,    0,    0,   -4,    0,    0,  -29,   -8,  -20,  -12,    0,  -24,    0,    0,    0,    0,    0,    0,    0,    0,    0,    0,    0,    0,    0,   -2,    0,  -10,   -2,    0,   -9,    8,    0,    0,    0,    0,    0,    0,    0,    0,    0,    0,    0,
       0,    0,    0,    0,    0,  -60,  -40,    0,    0,    0,    0,    0,    0,    0,    0,    0,  -16,    0,  -30,    0,    0,    0,    0,    3,   -6,    0,   -6,    0,    0,    0,   -2,    0,   -4,    3,   -4,    0,    0,    0,    0,    6,   -2,    4,    6,    0,    4,    0,    0,    0,    0,    0,    0,    0,    0,    0,    0,    0,    0,
       0,    0,    0,    0,    0,    0,    0,    0,    0,    0,    0,    0,  -20,    0,    0,    0,   -2,    0,   -6,    0,   -8,    0,   -4,   -2,  -12,  -10,   -6,    0,    0,   -7,    0,    0,    3,    0,    0,    0,    0,    0,    0,    0,    0,    0,    0,   -4,    0,    0,    0,    0,    0,    0,    0,    0,    0,    0,    0,    0,    0,
       0,    0,    0,    0,    0,    0,    0,    0,    0,    0,    0,    0,    0,    0,    0,    0,    0,   -4,    0,    0,   -6,   -2,   -6,    0,    0,   -8,    0,    0,    0,    0,    2,    0,   -2,    0,    0,    0,    0,    0,    0,    0,   -4,    0,    0,    0,    0,    0,    0,    0,    0,    0,    0,    0,    0,    0,    0,    0,    0,
       0,    0,    0,    0,    0,    0,    0,    0,    0,    0,    0,    0,    0,    0,    0,    0,    0,    0,    0,    0,    0,    0,    0,    0,   -6,   -6,    0,    0,    0,    0,    0,    0,    0,    0,    0,    0,    0,    0,    0,    0,    0,    0,    0,    0,    0,    0,    0,    0,    0,    0,    0,    0,    0,    0,    0,    0,    0,
       0,    0,    0,    0,    0,    0,  -40,    0,    0,    0,    0,    0,    0,    0,    0,    0,  -20,   -8,  -26,    0,   12,    0,    4,    4,    0,    4,    0,    0,    0,    0,  -40,    0,  -48,    0,  -18,    0,  -24,   -8,  -44,    0,  -48,   -4,  -48,   -6,  -26,  -48,    0,    0,    0,    0,    0,    0,    0,    3,    0,    0,    0,
       0,    0,    0,    0,    0,    0,    0,    0,    0,    0,    0,    0,    0,    0,    0,    0,   -4,    0,   -4,   -4,    0,    0,    0,    0,   -4,   -4,    0,    0,    0,    0,    0,    0,    0,    0,    0,    0,    0,    0,    0,    0,    0,    0,    0,   -2,    0,    0,    0,    0,    0,    0,    0,    0,    0,    0,    0,    0,    0,
       0,    0,   -4,    0,    0,    0,    0,  -13,    0,    0,    0,    0,    0,    0,    5,   -4,  -14,   -4,  -22,   -4,    4,    0,    0,    0,    0,    0,    0,    0,    0,  -20,   -5,    0,   -9,    0,   -8,    0,   -5,   -5,   -6,    0,   -4,    0,    0,    0,    0,   -2,   -4,   -8,  -14,    0,    0,    0,    0,    0,    0,    0,   -6,
       0,    0,    0,    0,    0,    0,    0,    0,    0,    0,    0,    0,    0,    0,    0,    0,   -9,   -2,  -12,   -4,    4,    0,    0,    0,    0,    0,    0,    0,    0,    0,   -4,    0,   -6,    0,   -8,    0,   -1,   -1,    0,    0,   -4,    0,    0,    0,    0,    0,    0,    0,    0,    0,    0,    0,    0,    0,    0,    0,    0,
       0,    0,    0,    0,    0,    0,    0,    0,    0,    0,    0,    0,    0,    0,    0,    0,    0,  -11,    0,   -6,    0,   -4,    0,    0,    0,    0,    0,    0,    0,    0,    0,    0,   -6,    0,   -1,    0,    0,    0,    0,    0,   -4,  -10,   -7,    0,  -10,    0,    0,    0,    0,    0,    0,    0,    0,    0,    0,    0,    0,
       0,    0,    0,    0,    0,    0,    0,    0,    0,    0,    0,    0,    0,    0,    0,    0,  -17,  -10,  -28,  -10,    4,   -4,    0,    0,    0,    0,    0,    0,    0,    0,  -13,    0,  -16,    0,  -15,    0,   -9,   -8,  -14,    0,   -8,   -4,   -4,   -8,   -4,   -4,    0,    0,    0,    0,    0,    0,    0,    0,    0,    0,    0,
       0,    0,    0,    0,    0,    0,    0,    0,    0,    0,    0,    0,    0,    0,    0,    0,    0,   -2,    0,    0,    0,    0,    0,    0,    0,    0,    0,    0,    0,    0,    0,    0,   -2,    0,    0,    0,    0,    0,    0,    0,   -2,   -2,    0,    0,    0,    0,    0,    0,    0,    0,    0,    0,    0,    0,    0,    0,    0,
       0,    0,    0,    0,    0,    0,    0,    0,    0,    0,    0,    0,    0,    0,    0,    0,    0,    0,    0,    0,    0,    0,  -13,    0,    0,    0,    0,  -37,    0,    0,    0,    0,    0,    0,    0,    0,    0,    0,    0,    0,    0,   -5,    0,    0,    0,    0,    0,    0,    0,    0,   -2,   -9,    0,    0,    0,    0,    0,
       0,    0,    0,    0,    0,    0,    0,    0,    0,    0,    0,    0,    0,    0,    0,    0,    0,    0,    0,    0,    0,    0,  -20,    0,    0,    0,    0,    0,    0,    0,    0,    0,    0,    0,    0,    0,    0,    0,    0,    0,    0,  -15,    0,    0,    0,    0,    0,    0,    0,    0,    0,  -14,    3,    0,    0,    0,    0,
       0,    0,    0,    0,    0,    0,    0,    0,    0,    0,    0,    0,    0,    0,    0,    0,    8,   -8,    0,    0,  -26,   -4,  -11,   -4,    0,  -21,    0,    0,    0,    0,    4,    0,    0,    0,    0,    0,    0,    0,    0,    0,   -4,   -5,   -2,    0,    0,    0,    0,    0,    0,    0,    0,    0,    0,    0,    0,    0,    0,
       0,    0,    0,    0,    0,    0,    0,    0,    0,    0,    0,    0,    0,    0,    0,    0,    0,    0,    0,    0,  -19,    0,   -9,   -6,   -6,  -16,   -4,    0,    0,    0,    0,    0,    0,    0,    0,    0,    0,    0,    0,    0,    0,   -2,    0,   -3,    0,   -4,    0,    0,    0,    0,    0,    0,    0,    0,    0,    0,    0,
       0,    0,    0,    0,    0,    0,    0,    0,    0,    0,    0,    0,    0,    0,    0,    0,    0,    0,    0,    0,  -12,    0,   -6,   -4,   -2,  -14,    0,    0,    0,    0,    0,    0,    0,    0,    0,    0,    0,    0,    0,    0,    0,    0,    0,    0,    0,    0,    0,    0,    0,    0,    0,    0,    0,    0,    0,    0,    0,
       0,    0,    0,    0,    0,    0,    0,    0,    0,    0,    0,    0,    0,    0,    0,    0,    0,    0,    0,    0,    0,    0,    0,    0,    0,    0,    0,    0,    0,    0,    0,    0,    0,    0,    0,    0,    0,    0,    0,    0,    6,    0,    0,    0,    0,    0,    0,    0,    0,    0,    0,    0,    0,    0,    0,    0,    0,
       0,    0,    0,    0,    0,    0,    0,    0,    0,    0,    0,    0,    0,    0,    0,    0,    0,    0,    0,    0,  -18,    0,   -8,   -4,   -4,  -14,    0,    0,    0,    0,    2,    0,    0,    0,   -2,    0,    0,    0,    0,    0,    0,   -2,    0,   -2,   -2,    0,    0,    0,    0,    0,    0,    0,    0,    0,    0,    0,    0,
       0,    0,    0,    0,    0,    0,    0,    0,    0,    0,    0,    0,    0,    0,    0,    0,   -8,    0,    0,    0,   24,    0,   22,   20,   20,   20,   20,    0,    0,    0,    0,    0,  -14,    0,    0,    0,    0,    0,    0,    1,    0,    4,    1,    0,    0,    2,    0,    0,    0,    0,    0,    0,    0,   12,    0,    0,    0,
       0,    0,    0,    0,    0,   -2,    0,    0,    0,    0,    0,    0,    0,    0,    0,    0,   -6,   -4,    0,   -2,    0,    0,    0,    0,    0,   -6,    0,    0,    0,    0,   -2,    0,   -8,    0,    0,    4,    0,    0,   -4,    0,   -3,    0,    0,    0,    0,    0,    0,    0,    0,    0,    0,    0,    0,    0,    0,    0,    0,
       0,    0,    0,    0,    0,    0,    0,    0,    0,    0,    0,    0,    0,    0,    0,    0,    0,    0,    0,    0,  -12,    0,   -6,    0,    0,  -10,    0,    0,    0,    0,    0,    0,    0,    0,    0,    0,    0,    0,    0,    0,    0,   -2,    0,    0,   -2,    0,    0,    0,    0,    0,    0,    0,    0,    0,    0,    0,    0,
       0,    0,    0,    0,    0,    0,    0,    0,    0,    0,    0,    0,    0,    0,    0,    0,    0,    0,    0,    0,  -12,    0,    0,    0,    0,    0,    0,    0,    0,    0,    0,    0,    0,    0,    0,    0,    0,    0,    0,    0,    0,    0,    0,    0,    0,    0,    0,    0,    0,    0,    0,    0,    0,    0,    0,    0,    0,
       0,    0,    0,    0,    0,    0,    0,    0,    0,    0,    0,    0,    0,    0,    0,    0,    0,    0,    0,    0,  -12,   -4,    0,    0,    0,    0,    0,    0,    0,    0,    0,    0,    0,    0,    0,    2,    0,    0,    0,    0,    0,    0,    0,    0,    0,    0,    0,    0,    0,    0,    0,    0,    0,    0,    0,    0,    0,
       0,    0,    0,    0,    0,    0,    0,    0,    0,    0,    0,    0,    0,    0,    0,    0,    0,   -4,    0,    0,    0,    0,    0,    0,    0,   -8,    0,    0,    0,    0,   -2,   -2,   -9,    0,    0,   -2,    0,    0,   -2,    0,   -2,    0,    0,    0,    0,    0,    0,    0,    0,    0,    0,    0,    0,    0,    0,    0,    0,
       0,    0,    0,    0,    0,    0,    0,    0,    0,    0,    0,    0,    0,    0,    0,    0,    0,   -8,    0,    0,  -10,    0,  -12,   -8,    0,  -12,    0,    0,    0,    0,    0,    0,   -4,    0,   -4,   -6,    0,    0,    0,   -1,   -2,  -10,   -6,    0,   -6,    0,    0,    0,    0,    0,    0,    0,    0,    0,    0,    0,    0,
       0,    0,    0,    0,    0,    0,    0,    0,    0,    0,    0,    0,    0,    0,    0,    0,    0,    0,    0,    0,   -8,    0,   -6,    0,    0,   -6,    0,   -4,    0,    1,    0,    0,    0,    0,    0,    0,    0,    0,    0,    0,    0,    0,    0,    0,    0,    0,    0,    0,    0,    0,    0,    0,    0,    0,    0,    0,    0,
       0,    0,    0,    0,    0,    0,  -44,    0,    0,    0,    0,    0,    0,    0,    0,    0,  -12,    0,    0,    0,   -4,    0,    0,    0,   -6,    0,    0,    0,    0,    0,   -5,    0,   -9,    0,   -6,   -4,    0,    0,    0,    0,    0,   20,   20,    0,    0,    0,    0,    0,    0,    0,    0,    0,    0,    0,    0,    0,    0,
       0,    0,    0,    0,    0,    0,    0,    0,    0,    0,    0,    0,    0,    0,    0,    0,    0,   -2,    0,    0,  -18,    0,   -2,    0,   -2,   -8,    0,    0,    0,    0,    3,    0,    0,    0,    0,    0,    0,    0,    0,    0,    0,    0,    0,   -2,    0,    0,    0,    0,    0,    0,    0,    0,    0,    0,    0,    0,    0,
       0,    0,    0,    0,    0,    0,    0,    0,    0,    0,    0,    0,    0,    0,    0,    0,    0,    0,    0,    0,    0,    0,    0,    0,    0,    0,    0,    0,    0,    0,    0,    0,   -2,  -10,   -2,    0,    0,    0,    8,    0,    0,    0,   16,    0,    0,    0,    0,    0,    0,    0,    0,    0,    0,    0,    0,    0,    0,
       0,    0,    0,    0,    0,    0,    0,    0,    0,    0,    0,    0,    0,    0,    0,    0,    0,    0,    0,    0,  -12,    0,   -4,   -4,    0,   -6,    0,    0,    0,    0,    0,    0,    0,    0,   -4,    0,    0,    0,    0,    0,    0,    0,    0,    0,    0,    0,    0,    0,    0,    0,    0,    0,    0,    0,    0,    0,    0,
       0,    0,   -1,    0,    4,    0,    0,   -5,    0,    0,    0,    0,    0,    0,    3,    0,  -10,    0,    0,    0,   -4,    0,    0,    0,  -10,   -4,   -8,   -1,    0,  -15,   -1,    0,   -2,    0,   -2,    0,    0,    0,   -2,   20,    0,   20,    0,    0,    0,    0,    0,    0,   -8,    0,    0,   -3,    0,    0,    0,    0,    0,
       0,    0,    0,    0,    0,    0,    0,    0,    0,    0,    0,    0,    0,    0,    0,    0,   -2,    0,    0,    0,   -4,    0,    0,    0,   -7,   -4,   -2,    0,    0,    0,    2,    0,    0,    0,    0,    0,    0,    0,   -2,   20,    0,   16,    0,    0,    0,    0,    0,    0,    0,    0,    0,    0,    0,    0,    0,    0,    0,
       0,    0,   -2,    0,    0,    0,    0,    0,    0,    0,    0,    0,    0,    0,    0,    0,    0,   -4,    0,    0,   -6,   -2,    0,    0,    0,   -8,    0,   -4,    0,    0,    0,    0,   -3,    0,    0,    0,    0,    0,   -2,   20,   -2,    0,    0,    0,    0,    0,    0,   -4,    0,    0,    0,   -2,    0,    0,    0,    0,    0,
       0,    0,    0,    0,    0,    0,    0,    0,    0,    0,    0,    0,    0,    0,    0,    0,  -10,    0,    0,    0,   -4,    0,    0,    0,   -8,   -4,   -4,    0,    0,    0,    0,    0,   -2,    0,   -6,    0,    0,    0,   -4,    0,    0,    0,    0,    0,    0,    0,    0,    0,    0,    0,    0,    0,    0,    0,    0,    0,    0,
       0,    0,    0,    0,    0,    0,    0,    0,    0,    0,    0,    0,    0,    0,    0,    0,    0,    0,    0,    0,   -4,    0,    0,    0,    0,   -4,    0,    0,    0,    0,    0,    0,   -4,    0,    0,    0,    0,    0,    0,    0,    0,    0,    0,    0,    0,    0,    0,    0,    0,    0,    0,    0,    0,    0,    0,    0,    0,
       0,    0,    0,    0,    0,    0,    0,    0,    0,    0,    0,    0,    0,    0,    0,    0,    0,    0,    0,    0,    0,    0,   -4,    0,    0,    0,    0,    0,    0,    0,    0,    0,    0,    0,    0,    0,    0,    0,    0,    0,    0,    0,    0,    0,    0,    0,    0,    0,    0,    0,    0,    0,    0,    0,    0,    0,    0,
       0,    0,    0,    0,    0,    0,    0,    0,    0,    0,    0,    0,    0,    0,    0,    0,    0,    0,    0,    0,    0,    0,   -8,    0,    0,    0,    0,    0,    0,    0,    0,    0,    0,    0,    0,    0,    0,    0,    0,    0,    0,    0,    0,   -4,    0,    0,    0,    0,    0,    0,    0,    4,    0,    0,    0,    0,    0,
       0,    0,    0,    0,    0,    0,    0,    0,    0,    0,    0,    0,    0,    0,    0,    0,    0,    0,    0,    0,    0,    0,  -12,    0,    0,    0,    0,    0,    0,    0,    0,    0,    0,    0,    0,    0,    0,    0,    0,    0,    0,   -6,    0,    0,    0,    0,    0,    0,    0,    0,    0,  -12,    0,    0,    0,    0,    0,
       4,    0,    0,    0,   -2,    0,    0,  -16,    0,    0,    0,    0,    0,    0,    0,    0,    0,    0,    0,    0,    0,    0,    0,    0,    0,    0,    0,   -8,    0,  -22,    0,    0,    0,    0,    0,    0,    0,    0,    0,    0,    0,    2,    0,   -2,    0,    0,    8,   10,   -8,    0,    0,    0,    0,    0,    0,    0,    2,
       0,    0,    0,    0,   -8,    0,    0,   -5,    0,    0,    0,    0,    0,    0,    0,    0,    0,    0,    0,    0,    0,    0,    0,    0,    0,    0,    0,   -2,    0,  -14,    0,    0,    0,    0,    0,    0,    0,    0,    0,    0,    0,   -2,    0,   -2,    0,    0,    0,    4,    0,    0,    0,    0,    0,    0,    0,    0,    0,
       0,    0,    0,    0,   -6,    0,    0,  -12,    0,    0,    0,    0,    0,    0,    0,    0,    0,    0,    0,    0,    0,    0,    0,    0,    0,    0,    0,    0,    0,  -22,    0,    0,    0,    0,    0,    0,    0,    0,    0,    0,    0,    0,    0,   -2,    0,    0,    0,    4,   -8,    0,    0,    0,    0,    0,    0,    0,    0,
       0,    0,    0,    0,    0,    0,    0,    0,   -8,    0,    0,    0,    0,    0,    0,    0,    0,    0,    0,    0,    0,    0,    0,    0,    0,    0,    0,    0,    0,    0,    0,    0,    0,    0,    0,    0,    0,    0,    0,    0,    0,    0,    0,    0,    0,    0,    0,    0,    0,    0,    0,    0,    0,    0,    0,    0,    0,
       0,   39,    0,   50,   29,    0,    0,    0,    0,    0,    0,    0,    0,    0,    0,    0,    0,    0,    0,    0,    0,    0,    0,    0,    0,    0,    0,   44,   53,    0,    0,    8,    0,    0,    0,    0,    0,    0,    0,    0,    0,    0,    0,    0,    0,    0,    0,    0,    0,    0,    0,    4,   24,    0,   36,   44,    0,
       0,   25,    0,   42,   11,    0,    0,    0,    0,    0,    0,    0,    0,    0,    0,    0,    0,    0,    0,    0,    0,    0,    0,    0,    0,    0,    0,   34,   40,    0,    0,    8,    0,    0,    0,    0,    0,    0,    0,    0,    0,    0,    0,    0,    0,    0,    0,    0,    0,    0,    0,    4,   24,    0,   26,   31,    0,
       0,    0,    0,   13,    0,    0,    0,    0,    0,    0,    0,    0,    0,    0,    0,    0,    0,    0,    0,    0,    0,    0,    0,    0,    0,    0,    0,    0,    8,    0,    0,    0,    0,    0,    0,    0,    0,    0,    0,    0,    0,    0,    0,    0,    0,    0,    0,    0,    0,    0,    0,    0,    0,    0,    4,    5,    0,
       0,    0,    0,    0,    0,    0,    0,    0,  -18,    0,    0,    0,    0,    0,    0,    0,    0,    0,    0,    0,    0,    0,    0,    0,    0,    0,    0,    0,    0,    0,    0,    0,    0,    0,    0,    0,    0,    0,    0,    0,    0,    0,    0,    0,    0,    0,    0,    0,    0,    2,    0,    0,    0,    0,    0,    0,    0,
       0,    0,    0,    0,    0,    0,    0,    0,    0,  -16,    0,    0,    0,  -12,    0,    0,    0,    0,    0,    0,    0,    0,    0,    0,    0,    0,    0,    0,    0,    0,    0,    0,    0,    0,    0,    0,    0,    0,    0,    0,    0,    0,    0,    0,    0,    0,    0,    0,    0,    0,    0,    0,    0,    0,    0,    0,    0,
       0,    0,    0,    0,    0,    0,    0,    0,    0,  -24,    0,  -18,    0,  -12,    0,    0,    0,    0,    0,    0,    0,    0,    0,    0,    0,    0,    0,    0,    0,    0,    0,    0,    0,    0,    0,    0,    0,    0,    0,    0,    0,    0,    0,    0,    0,    0,    0,    0,    0,    0,    0,    0,    0,    0,    0,    0,    0,
       0,    0,    0,    0,    0,    0,    0,    0,    0,    0,    0,    0,    0,    0,    0,    0,    0,    0,    0,    0,    0,    0,    0,    0,    0,    0,    0,    0,    0,    0,    0,    0,    0,    0,    0,    1,    0,    0,    0,    0,    0,    0,    0,    0,    0,    0,    0,    0,    0,    0,    0,    0,    0,    0,    0,    0,    0,
       0,    0,    0,    0,    0,    0,    0,    0,    0,    0,    0,    0,    0,    0,    0,    0,    0,    0,    0,    0,    0,    0,    0,    0,    0,    0,    0,    0,    0,    0,    0,    0,    0,    0,    0,    2,    0,    0,    0,    0,    0,    0,    0,    0,    0,    0,    0,    0,    0,    0,    0,    0,    0,    0,    0,    0,    0,
       0,    0,    0,    0,    0,    0,    0,    0,    0,    0,    0,    0,    0,    0,    0,    0,    0,    0,    0,    0,    0,    0,   -6,    0,    0,    0,    0,    0,    0,    0,    0,    0,    0,    0,    0,    0,    0,    0,    0,    0,    0,    0,    0,    0,    0,    0,    0,    0,    0,    2,    0,    0,    0,    0,    0,    0,    0,
};

static const EpdLigaturePair quicksand_12_italicLigaturePairs[] = {
    { 0x00660069, 0xFB01 }, // f i -> U+FB01
    { 0x0066006C, 0xFB02 }, // f l -> U+FB02
};

static const EpdFontData quicksand_12_italic = {
    quicksand_12_italicBitmaps,
    quicksand_12_italicGlyphs,
    quicksand_12_italicIntervals,
    57,
    31,
    25,
    -7,
    true,
    quicksand_12_italicGroups,
    11,
    nullptr,
    quicksand_12_italicKernLeftClasses,
    quicksand_12_italicKernRightClasses,
    quicksand_12_italicKernMatrix,
    228,
    167,
    78,
    57,
    quicksand_12_italicLigaturePairs,
    2,
};
