/**
 * generated by fontconvert.py
 * name: quicksand_14_bold
 * size: 14
 * mode: 2-bit  compressed: true
 * Command used: fontconvert.py quicksand_14_bold 14 ../builtinFonts/source/Quicksand/Quicksand-Bold.ttf --2bit --compress --pnum --darken-aa
 */
#pragma once
#include "EpdFontData.h"

static const uint8_t quicksand_14_boldBitmaps[17231] = {
    0xAD, 0x59, 0x3D, 0x8F, 0xE5, 0xD4, 0x19, 0x7E, 0xAF, 0xBD, 0x3B, 0x0E, 0xB8, 0x30, 0xC5, 0xAC,
    0x92, 0x59, 0xA4, 0x98, 0x22, 0xC5, 0x04, 0x09, 0xFC, 0x07, 0x60, 0x8F, 0x51, 0x7E, 0x00, 0x5B,
    0x30, 0x35, 0x5B, 0x46, 0x49, 0x31, 0x29, 0x29, 0x66, 0xB1, 0xA3, 0x14, 0x14, 0x29, 0xD8, 0x86,
    0x50, 0xA4, 0x80, 0x82, 0x86, 0x49, 0x31, 0x28, 0x8A, 0x14, 0x21, 0x6D, 0xE6, 0x98, 0x50, 0x50,
    0xE2, 0x08, 0x51, 0xE3, 0x28, 0x1B, 0x25, 0x21, 0xC5, 0x9E, 0x10, 0x6F, 0xF0, 0x2C, 0xB6, 0x4F,
    0x9E, 0xE7, 0x3D, 0xBE, 0x33, 0x3B, 0x3B, 0xCB, 0x32, 0x7C, 0xDC, 0x7B, 0xCF, 0x7B, 0xEF, 0xD8,
    0xC7, 0xE7, 0x9C, 0xF7, 0xEB, 0x79, 0x3F, 0xE6, 0xA2, 0x98, 0xDA, 0x34, 0xFA, 0xAE, 0xF9, 0x2E,
    0x4A, 0xBC, 0x25, 0xC7, 0x3B, 0x93, 0x47, 0x84, 0xAF, 0xA2, 0xE4, 0xDD, 0xA2, 0xDC, 0x28, 0xB7,
    0x8B, 0x66, 0x2E, 0x9A, 0xC9, 0xBC, 0x37, 0x9A, 0xE7, 0x46, 0x13, 0x0D, 0x26, 0x72, 0xCF, 0x46,
    0xEE, 0x99, 0xA8, 0x7D, 0x4C, 0x4A, 0xF9, 0x1E, 0xDE, 0x62, 0xF0, 0x5E, 0x93, 0x4A, 0xF0, 0xB1,
    0x92, 0x7B, 0xEF, 0x3B, 0x03, 0xE2, 0x0A, 0x92, 0xD5, 0xB4, 0x33, 0x89, 0x8C, 0xAB, 0x51, 0x56,
    0x63, 0x34, 0x4A, 0x34, 0xC4, 0x83, 0xC4, 0x43, 0xDC, 0x4B, 0x85, 0xBB, 0x25, 0x86, 0x6F, 0x94,
    0x3C, 0x7E, 0xE7, 0xC5, 0x3B, 0x92, 0x76, 0x59, 0x27, 0x59, 0x97, 0xB5, 0x92, 0xB5, 0x59, 0x23,
    0x69, 0x93, 0x36, 0x22, 0xAB, 0x52, 0x24, 0xE9, 0x44, 0x32, 0x87, 0xB3, 0xE1, 0x61, 0x4C, 0xCE,
    0xBC, 0xEF, 0xB1, 0xC5, 0x58, 0x7D, 0xF8, 0xF9, 0x60, 0x33, 0x77, 0x0D, 0x43, 0xEC, 0xAB, 0x4E,
    0x8C, 0x77, 0x52, 0xF8, 0x41, 0x52, 0xCC, 0x59, 0x61, 0x73, 0xC9, 0xFC, 0x28, 0xD9, 0xE7, 0x18,
    0x9F, 0x4D, 0x92, 0xFD, 0x67, 0x3A, 0xCC, 0xFE, 0x3B, 0xFA, 0xDB, 0x7E, 0xB4, 0x78, 0x1E, 0xA7,
    0x6B, 0x23, 0x3F, 0x87, 0x75, 0x39, 0x52, 0x8C, 0xA8, 0x16, 0x79, 0x57, 0xE4, 0x09, 0x49, 0x7C,
    0x23, 0x78, 0xCC, 0x77, 0x38, 0xB3, 0x79, 0xC5, 0xE1, 0xBC, 0x26, 0xEE, 0x31, 0x0B, 0x52, 0x28,
    0x1A, 0x52, 0x53, 0xF3, 0x8A, 0x07, 0xE3, 0xAF, 0x7C, 0x36, 0x62, 0x01, 0xFF, 0xB7, 0x01, 0xC7,
    0xF4, 0xAF, 0x3A, 0x5F, 0xCB, 0xBB, 0xC5, 0x07, 0x1E, 0x07, 0x36, 0xAF, 0xFA, 0x5E, 0xC4, 0xE7,
    0x7F, 0x1E, 0x24, 0x1A, 0x8B, 0x7A, 0x04, 0xDF, 0x45, 0x89, 0x45, 0x1D, 0x7F, 0x17, 0x4D, 0xFE,
    0x1E, 0x96, 0xAE, 0xB3, 0x7F, 0xF7, 0x10, 0x5A, 0x82, 0xB3, 0x3E, 0x23, 0x2B, 0x3C, 0x8B, 0xD7,
    0x26, 0x86, 0xBD, 0x81, 0x03, 0x79, 0x48, 0x0E, 0x6C, 0xE2, 0xAF, 0x8F, 0x71, 0xC7, 0x43, 0x33,
    0x20, 0x78, 0x29, 0xB1, 0x9C, 0x6B, 0x5A, 0xC8, 0x87, 0xBB, 0x60, 0x6E, 0xE4, 0xF2, 0xFF, 0xF9,
    0x9F, 0xF4, 0xA6, 0xB1, 0x1F, 0x39, 0xE8, 0xD5, 0x83, 0xA4, 0xD0, 0x44, 0x13, 0xF9, 0x06, 0xD3,
    0x7C, 0x57, 0x0C, 0x89, 0x1F, 0x20, 0x39, 0x3F, 0x43, 0x84, 0xCE, 0x8B, 0xF5, 0xE5, 0x15, 0x59,
    0x5D, 0x15, 0xD9, 0x28, 0x8B, 0xA6, 0xA0, 0x41, 0x94, 0xD4, 0xE4, 0xB3, 0x38, 0xC8, 0x63, 0x58,
    0xBA, 0x96, 0x04, 0xC2, 0x74, 0x52, 0xB5, 0x2B, 0x2F, 0xF1, 0x28, 0xE9, 0x40, 0x29, 0xE5, 0xAD,
    0x90, 0x7F, 0x7C, 0xEA, 0xD3, 0x9F, 0x86, 0xD7, 0x71, 0x17, 0x73, 0x30, 0x13, 0xF3, 0x79, 0xCA,
    0xAA, 0x95, 0xDC, 0x71, 0x1D, 0x29, 0xC1, 0xD4, 0x21, 0x0E, 0xDD, 0x70, 0x49, 0x4C, 0x88, 0xA6,
    0x30, 0xA1, 0xBC, 0xE7, 0xC9, 0xEE, 0xD4, 0xE7, 0x78, 0x27, 0x4B, 0xAE, 0x63, 0xE8, 0x6F, 0x10,
    0xE3, 0xB8, 0xC2, 0xCB, 0xA2, 0x07, 0x7C, 0x42, 0xE4, 0x0F, 0xB2, 0xFD, 0x4E, 0x6D, 0xFE, 0xD8,
    0xA5, 0xBE, 0x8C, 0x66, 0x68, 0xBE, 0x7D, 0xE6, 0xF7, 0xAD, 0xBC, 0x23, 0xF2, 0x0B, 0x68, 0x12,
    0x56, 0x03, 0x3B, 0x92, 0xBC, 0x3B, 0x35, 0x2E, 0xED, 0xDE, 0xB9, 0x0A, 0xED, 0x8F, 0x10, 0xC3,
    0x04, 0x0B, 0x1C, 0xEF, 0xBF, 0xCF, 0x9D, 0x65, 0xA3, 0x96, 0x95, 0x14, 0x9D, 0x71, 0xA6, 0x8F,
    0xFA, 0xC4, 0x15, 0x6D, 0x5E, 0x16, 0xBE, 0xB4, 0xBE, 0xC1, 0x07, 0x3F, 0x20, 0xF6, 0xB2, 0xAA,
    0xAB, 0xDA, 0x50, 0x0D, 0x17, 0x30, 0xAE, 0x50, 0x1D, 0x18, 0xE0, 0x09, 0xE6, 0x22, 0x71, 0x1F,
    0x8C, 0x89, 0xDB, 0x83, 0x05, 0xCC, 0x7E, 0xF8, 0xED, 0x3A, 0xDC, 0x86, 0x29, 0xAE, 0x78, 0x9B,
    0x76, 0xE4, 0xC2, 0x41, 0xF2, 0xE5, 0x36, 0x77, 0x7A, 0x8A, 0xBB, 0x3D, 0x7E, 0x0B, 0xEA, 0xF6,
    0x30, 0x17, 0xDF, 0x66, 0xF4, 0x30, 0x97, 0x0F, 0xA6, 0x49, 0xC6, 0xAA, 0x8E, 0x27, 0x0B, 0x11,
    0x78, 0x59, 0x61, 0x88, 0xBF, 0x77, 0x58, 0x5C, 0xB3, 0x75, 0x34, 0x99, 0x26, 0x1E, 0x4D, 0x97,
    0x8E, 0xF9, 0xD1, 0x6E, 0xCF, 0x67, 0xE9, 0x47, 0x62, 0xE7, 0xE0, 0x5F, 0x17, 0xA1, 0x0A, 0x1A,
    0x4A, 0xEE, 0x9B, 0x4A, 0xD9, 0x34, 0x26, 0x68, 0xF9, 0x1C, 0x9F, 0xBC, 0x94, 0xE2, 0x86, 0x44,
    0x30, 0x56, 0x2C, 0x5B, 0x9A, 0xBB, 0x58, 0x02, 0x06, 0x67, 0xC0, 0xC0, 0x05, 0x65, 0x82, 0xA3,
    0x00, 0xAF, 0x98, 0x2A, 0x30, 0xE3, 0x08, 0x87, 0x4A, 0x27, 0x75, 0x65, 0xA9, 0x3A, 0xB5, 0xF9,
    0x04, 0xA7, 0xC8, 0xA7, 0x1D, 0xDA, 0xBA, 0x5B, 0x46, 0x77, 0x69, 0xE7, 0x05, 0x58, 0xA8, 0x22,
    0x44, 0x5D, 0x91, 0x11, 0x58, 0x80, 0x64, 0x10, 0x9D, 0xE9, 0x74, 0x99, 0x18, 0x56, 0x9F, 0xC2,
    0x7D, 0xE1, 0xEA, 0x65, 0xFC, 0xB1, 0x6F, 0xC2, 0xFA, 0x30, 0x9A, 0xA0, 0x75, 0xDD, 0xCF, 0xC0,
    0x5A, 0xB0, 0x06, 0xA0, 0x66, 0x02, 0x2C, 0xE1, 0xB9, 0x17, 0x28, 0xC3, 0x88, 0x84, 0x92, 0xD5,
    0x27, 0x84, 0x8F, 0xC6, 0x24, 0x29, 0x49, 0xAE, 0x2B, 0xDD, 0xE6, 0x51, 0xA1, 0x9B, 0x78, 0x04,
    0x49, 0x7B, 0x90, 0xA2, 0x03, 0xC1, 0x39, 0x66, 0x21, 0x5A, 0xC1, 0x16, 0x40, 0x2E, 0xEF, 0xDB,
    0x7F, 0x49, 0xD0, 0xE1, 0x3D, 0x44, 0x57, 0xCE, 0x60, 0x41, 0x3B, 0x3B, 0x14, 0x48, 0x0B, 0x3C,
    0xEC, 0x30, 0x1A, 0xDE, 0x2C, 0xEA, 0x45, 0x9F, 0x07, 0x37, 0xC0, 0xEC, 0x44, 0x86, 0x55, 0x60,
    0x3F, 0x2C, 0x8B, 0xEE, 0x04, 0x84, 0xD2, 0x05, 0x90, 0x72, 0x67, 0x4A, 0xDB, 0x62, 0x4E, 0x6D,
    0x94, 0x51, 0x30, 0x7F, 0x89, 0x67, 0xDF, 0x16, 0x95, 0x58, 0x81, 0x01, 0x03, 0x8E, 0x29, 0xC0,
    0x69, 0x79, 0xE2, 0x2F, 0x04, 0x8C, 0x41, 0x41, 0x03, 0x87, 0x6D, 0x6C, 0x57, 0xB5, 0xB6, 0xCE,
    0x9C, 0xC5, 0x9A, 0x1C, 0x15, 0x06, 0x20, 0xC7, 0xC1, 0xB6, 0x3B, 0x9C, 0xAD, 0x89, 0xD5, 0x42,
    0xA0, 0x88, 0x8B, 0xA5, 0x5C, 0xDC, 0xD9, 0x29, 0x29, 0xFC, 0x2A, 0x60, 0xAB, 0x0B, 0xEE, 0x40,
    0x11, 0x55, 0x4D, 0x80, 0x1C, 0x0C, 0xBA, 0x2D, 0x7D, 0x3B, 0xED, 0x17, 0x3C, 0x5E, 0x4F, 0xA9,
    0xF5, 0xF6, 0x6A, 0x0E, 0xB7, 0x39, 0x22, 0x27, 0xE1, 0x75, 0xB9, 0x84, 0xCE, 0x07, 0xCA, 0x02,
    0x1E, 0x0A, 0x5E, 0xDA, 0xAA, 0xA9, 0xCA, 0xA2, 0xAD, 0xA0, 0x24, 0x7C, 0x03, 0x77, 0x2A, 0xE2,
    0xB9, 0xA2, 0x1D, 0xEE, 0x97, 0x15, 0xEE, 0x7B, 0x18, 0x0D, 0x86, 0xE3, 0xB0, 0x65, 0xDE, 0x99,
    0xBF, 0xDB, 0x86, 0xCF, 0x52, 0xE1, 0x62, 0xB1, 0xE7, 0x6E, 0x07, 0xBE, 0xA7, 0xB0, 0x26, 0xE4,
    0x87, 0x70, 0xD5, 0xDA, 0xF2, 0x84, 0x4F, 0xFE, 0xC6, 0x35, 0x07, 0xD9, 0x3A, 0xDA, 0x3A, 0xFC,
    0xA5, 0x93, 0xDD, 0x83, 0xC5, 0x48, 0xE0, 0xC1, 0x31, 0x0E, 0x5B, 0x20, 0x1A, 0x81, 0x4D, 0xEA,
    0x9E, 0xB6, 0x85, 0x90, 0x26, 0x9B, 0x50, 0xEB, 0xF6, 0x72, 0xEC, 0x43, 0xEF, 0x0F, 0xA3, 0x32,
    0xEB, 0x72, 0x97, 0x75, 0x1B, 0xB5, 0x9C, 0x7A, 0xAD, 0xD1, 0x21, 0x76, 0x01, 0x1D, 0xA0, 0x10,
    0x3A, 0xB3, 0xC3, 0x82, 0x00, 0x2E, 0xAC, 0xAF, 0x31, 0x08, 0xA8, 0x88, 0x75, 0x2B, 0xC8, 0xC1,
    0xCC, 0x8C, 0x0D, 0x98, 0x62, 0x07, 0x86, 0x0A, 0x18, 0x07, 0xAD, 0xB1, 0x60, 0xC0, 0x69, 0xB9,
    0x1E, 0xE4, 0x3D, 0xC1, 0xA4, 0x66, 0xC8, 0x7E, 0x5A, 0xEF, 0x71, 0x79, 0x7F, 0xFF, 0x2D, 0x1A,
    0x1C, 0xAF, 0x33, 0xD6, 0xF1, 0xDA, 0xCB, 0x12, 0xD8, 0xE7, 0xBA, 0x6A, 0xAE, 0xD4, 0x1D, 0xF7,
    0xE3, 0xBE, 0x80, 0x78, 0xBD, 0x58, 0xCD, 0xE0, 0xA9, 0x83, 0x2C, 0x31, 0xB7, 0x0F, 0xAA, 0xF9,
    0x01, 0x1F, 0xFE, 0x19, 0xEC, 0x04, 0xCB, 0x40, 0x8E, 0xDC, 0x8F, 0x72, 0xEF, 0xB6, 0x4E, 0xD9,
    0xDC, 0xDA, 0xEE, 0x6C, 0x8B, 0x09, 0x01, 0x1B, 0xB8, 0x19, 0xB1, 0xA9, 0x5A, 0x03, 0xD0, 0xF2,
    0xDB, 0x96, 0x61, 0x54, 0x2A, 0x8D, 0x03, 0xBA, 0x81, 0xEC, 0x52, 0xC8, 0xD8, 0xFA, 0xAE, 0x1D,
    0xD5, 0xBB, 0x57, 0x3E, 0xCC, 0x29, 0x6A, 0xA2, 0x1E, 0x82, 0x79, 0xE2, 0xA2, 0x61, 0x2F, 0xEE,
    0x32, 0xA8, 0x72, 0x8E, 0x5C, 0x01, 0x27, 0x42, 0xCC, 0x32, 0x32, 0xC7, 0xE3, 0xCA, 0x5D, 0x8F,
    0x91, 0x1D, 0x44, 0xEE, 0x26, 0xE6, 0xE0, 0x6B, 0x4C, 0x5D, 0x3C, 0xC6, 0xDD, 0x90, 0x75, 0x48,
    0x15, 0x5A, 0x7C, 0xA5, 0x43, 0xDA, 0xE0, 0x2B, 0xEB, 0xB3, 0x72, 0x4C, 0x8F, 0xEC, 0x60, 0xE4,
    0x66, 0xEC, 0xBF, 0x00, 0x37, 0x7B, 0xE2, 0xFF, 0x8A, 0x6D, 0xAF, 0xC8, 0x16, 0x7D, 0x03, 0x01,
    0x92, 0x2F, 0x22, 0x00, 0xE2, 0x4D, 0x32, 0x28, 0xA0, 0xAE, 0x70, 0xA2, 0x81, 0xDE, 0xE9, 0x35,
    0xBC, 0xAE, 0xEC, 0x2D, 0x9D, 0x74, 0x4D, 0x02, 0xDE, 0x4A, 0x3C, 0x93, 0xD0, 0xC0, 0x53, 0x62,
    0x7B, 0x46, 0xB9, 0x16, 0x0A, 0x03, 0x9F, 0x80, 0x9F, 0xEA, 0x79, 0x48, 0xC4, 0x27, 0x10, 0x24,
    0xCE, 0x09, 0xFC, 0x8E, 0x18, 0xC6, 0x81, 0xD5, 0x30, 0x29, 0x4F, 0xFB, 0xF3, 0x35, 0x49, 0x53,
    0x7C, 0xBA, 0x7F, 0xD0, 0xC2, 0xB5, 0x69, 0x83, 0x10, 0x24, 0xFD, 0xA0, 0xBF, 0x79, 0xEC, 0x04,
    0x97, 0xF7, 0xDF, 0x22, 0x98, 0x31, 0xD3, 0x71, 0x18, 0x03, 0x9E, 0x1C, 0x19, 0x54, 0xC3, 0x48,
    0x06, 0xBF, 0x7F, 0xE0, 0xFC, 0xC9, 0x7D, 0x5E, 0xBB, 0x0F, 0xC7, 0x81, 0xFA, 0x3B, 0x3F, 0x9F,
    0x7D, 0x88, 0x5C, 0xF4, 0xD1, 0x5A, 0x15, 0x0A, 0xE5, 0x13, 0x05, 0x88, 0x81, 0x24, 0xD9, 0x5C,
    0x3E, 0x2D, 0x45, 0xBF, 0x24, 0x06, 0xEA, 0xB8, 0xAA, 0x82, 0x7B, 0xD2, 0x86, 0x7B, 0x12, 0x88,
    0x72, 0x3D, 0x85, 0x90, 0xAA, 0x78, 0x0C, 0x86, 0x5E, 0xB3, 0xCC, 0xB0, 0xB0, 0x3C, 0xC1, 0x17,
    0x12, 0xE1, 0xD5, 0x4B, 0x81, 0x03, 0x65, 0x81, 0x9B, 0x0D, 0x24, 0x93, 0x30, 0x0E, 0x71, 0x29,
    0x5F, 0x33, 0x0D, 0x6A, 0xE8, 0x52, 0xAD, 0x27, 0x6C, 0x78, 0x51, 0xFF, 0x55, 0x07, 0x0E, 0x44,
    0xAF, 0x15, 0x24, 0x86, 0x53, 0xE8, 0xE1, 0x00, 0x7E, 0xBF, 0xB3, 0xEB, 0xB9, 0xD4, 0x48, 0xE2,
    0x88, 0x58, 0x25, 0xCD, 0x9E, 0xE8, 0xDA, 0x32, 0x8B, 0x54, 0x91, 0xC8, 0x31, 0xF8, 0x9C, 0x0C,
    0xEF, 0x4F, 0x06, 0xE2, 0xC4, 0x99, 0xFB, 0x80, 0x5E, 0xBF, 0xAC, 0x41, 0x18, 0xC4, 0x9A, 0x6B,
    0xF1, 0x73, 0xD4, 0x0F, 0x5E, 0x73, 0x3A, 0x59, 0x13, 0xCC, 0x3E, 0x70, 0xCE, 0x32, 0xAE, 0xAB,
    0xD5, 0xDB, 0x37, 0x29, 0x7E, 0x55, 0x8F, 0xAF, 0xE3, 0x60, 0x09, 0xE5, 0x65, 0xC9, 0xFB, 0xB5,
    0x44, 0xCF, 0x88, 0x1F, 0xE9, 0xA4, 0xC7, 0x23, 0x84, 0x35, 0xEF, 0x6C, 0xBD, 0x71, 0x00, 0x90,
    0x82, 0x7C, 0x90, 0xD5, 0x64, 0x2E, 0x63, 0x62, 0x98, 0xF8, 0xD7, 0x76, 0x5D, 0xB4, 0x16, 0x46,
    0x1B, 0x32, 0x40, 0x8A, 0x7F, 0x93, 0x21, 0xFA, 0x90, 0xBE, 0xB4, 0x16, 0xF5, 0xC3, 0xC8, 0x71,
    0x52, 0x1D, 0xC8, 0xFE, 0xBE, 0x6D, 0xCE, 0xF1, 0x18, 0xB8, 0xCA, 0xCB, 0xCD, 0x43, 0x7F, 0xE6,
    0x75, 0x5D, 0xF3, 0x83, 0x90, 0xAB, 0x7C, 0xA3, 0x71, 0x1D, 0xC9, 0xAA, 0x7F, 0x9D, 0x51, 0x73,
    0xD6, 0xF0, 0x94, 0xFA, 0xE0, 0xA0, 0xF8, 0x3C, 0x42, 0xAE, 0x2A, 0xA1, 0x39, 0xD0, 0x9E, 0x10,
    0x5E, 0x25, 0x87, 0x79, 0x31, 0x33, 0xF0, 0x2B, 0x02, 0x29, 0x43, 0x9B, 0xA7, 0x4C, 0x7D, 0x45,
    0x88, 0xD3, 0x8C, 0x9A, 0x60, 0xE8, 0x3F, 0xA7, 0xE4, 0xDF, 0xD3, 0xBC, 0x18, 0x80, 0xE5, 0x99,
    0x1B, 0xD2, 0xAD, 0xD6, 0xAB, 0x44, 0xC1, 0x34, 0xA9, 0xAB, 0x2B, 0x9A, 0x51, 0x1F, 0x3E, 0x44,
    0xA1, 0xE7, 0x1A, 0x30, 0xA2, 0x45, 0xA6, 0x2D, 0x8D, 0x8A, 0x6B, 0x6E, 0x6A, 0xDE, 0x86, 0x63,
    0xAE, 0xE8, 0x19, 0x71, 0xA8, 0x38, 0x70, 0xC4, 0x9C, 0x47, 0x34, 0x21, 0x5B, 0x98, 0xFD, 0x73,
    0x33, 0x10, 0xFC, 0xFD, 0xD1, 0xCF, 0xC5, 0x6D, 0xE7, 0x67, 0x1A, 0x01, 0x32, 0xF0, 0x06, 0x18,
    0x88, 0x23, 0xCE, 0x80, 0x12, 0x90, 0x6D, 0x12, 0x39, 0x43, 0xF6, 0x40, 0xFE, 0xB4, 0xC9, 0x94,
    0x05, 0x1B, 0x65, 0x0D, 0x98, 0xCD, 0x5A, 0xCF, 0xE2, 0x88, 0x1B, 0xB5, 0xAC, 0x6D, 0x5A, 0x4C,
    0xCC, 0x5A, 0x1C, 0x01, 0xA4, 0x6A, 0x41, 0x0A, 0x07, 0x92, 0x8D, 0x20, 0xF1, 0x0C, 0xB2, 0xF2,
    0xCF, 0xB7, 0xB3, 0xD8, 0x0F, 0x5B, 0x4D, 0x8F, 0x31, 0x97, 0x24, 0x26, 0x59, 0x91, 0x40, 0x74,
    0xAC, 0x31, 0xDA, 0x3D, 0x2E, 0x2F, 0xD1, 0x61, 0x4D, 0xE8, 0x1B, 0xC9, 0x8E, 0x2F, 0x89, 0x70,
    0x6D, 0x36, 0x23, 0x80, 0x21, 0x50, 0x65, 0xA3, 0x61, 0x3A, 0x84, 0x60, 0x12, 0xCD, 0x34, 0x69,
    0x1F, 0x7C, 0xE6, 0x34, 0xB1, 0x0C, 0x6C, 0x15, 0xC3, 0x29, 0xEC, 0x3F, 0x19, 0xA1, 0xC8, 0x1C,
    0x05, 0xC7, 0x6F, 0x34, 0xD7, 0x64, 0x40, 0xE1, 0xAC, 0x9C, 0x1A, 0x0C, 0x88, 0x72, 0x43, 0x6C,
    0xC8, 0xA7, 0x28, 0xD3, 0x6E, 0x46, 0xBE, 0x83, 0x2C, 0xA7, 0xC7, 0xF1, 0x86, 0x30, 0x12, 0xFC,
    0xCE, 0xDC, 0x31, 0x10, 0xA8, 0x73, 0xDE, 0x62, 0x9A, 0xFC, 0xC0, 0xB1, 0xA7, 0xB9, 0x1D, 0x39,
    0x50, 0x16, 0x02, 0x0F, 0x0A, 0xD3, 0x10, 0x18, 0xB9, 0x10, 0x65, 0x43, 0x94, 0x0F, 0x51, 0x46,
    0xD4, 0x39, 0xFD, 0xA2, 0xE1, 0xB3, 0x54, 0xD9, 0x11, 0xE5, 0x47, 0x94, 0x21, 0x51, 0x8E, 0x44,
    0x59, 0x92, 0xC0, 0x53, 0x60, 0x6A, 0xE1, 0x2A, 0x9D, 0x15, 0x57, 0x7D, 0x8D, 0x6C, 0xC0, 0x23,
    0xEA, 0x38, 0x4D, 0x16, 0x5B, 0xD9, 0x4C, 0x78, 0x14, 0x44, 0xC8, 0x5B, 0xE0, 0xFA, 0x6D, 0x7D,
    0xA6, 0x3B, 0x85, 0xA3, 0x6B, 0x63, 0x3D, 0x43, 0x90, 0x50, 0xF9, 0xFD, 0xDF, 0x2D, 0xF8, 0x18,
    0xC8, 0xFE, 0x01, 0x6D, 0x3C, 0xE2, 0x63, 0xB4, 0x9D, 0x85, 0x9C, 0x00, 0x71, 0xA5, 0x8E, 0xBC,
    0x24, 0x2C, 0xC5, 0x3F, 0x4F, 0xD7, 0xCB, 0x4D, 0x32, 0xC0, 0x92, 0xAE, 0xD9, 0xA5, 0x7E, 0x34,
    0xBD, 0x9C, 0xAE, 0x97, 0x57, 0x8C, 0xDD, 0xC9, 0x18, 0x12, 0xBD, 0xD5, 0x74, 0xC8, 0xF8, 0xD4,
    0xE5, 0xA7, 0xEB, 0x65, 0xE4, 0x8A, 0x8F, 0xEE, 0x03, 0xA5, 0x59, 0xE3, 0xB7, 0x4A, 0x0A, 0x15,
    0x45, 0xAC, 0xC1, 0xF4, 0xBB, 0x23, 0xAB, 0xE1, 0x04, 0x21, 0x0C, 0xD9, 0x33, 0x25, 0x49, 0xFD,
    0xB5, 0x49, 0xA9, 0x85, 0xA6, 0x25, 0x52, 0x18, 0xB0, 0x80, 0xC4, 0xF9, 0x80, 0xA5, 0xBD, 0xD7,
    0x5E, 0x02, 0x43, 0xFC, 0xBC, 0x64, 0x36, 0xEC, 0x7F, 0x5C, 0x43, 0xB5, 0x16, 0x05, 0x63, 0x07,
    0x49, 0x06, 0x24, 0xC1, 0x00, 0x67, 0x22, 0x34, 0x72, 0xDE, 0xA2, 0x8D, 0x69, 0x40, 0x6A, 0x3F,
    0x50, 0x8D, 0xA5, 0xDC, 0xF1, 0x70, 0xF5, 0x4B, 0x9C, 0x17, 0x1E, 0x0E, 0x61, 0x7E, 0xC4, 0xC4,
    0xF8, 0x0B, 0x26, 0x52, 0x5C, 0x39, 0x09, 0xC5, 0x05, 0x24, 0x1D, 0x9D, 0xC4, 0xDD, 0xBD, 0x25,
    0x1F, 0x93, 0x37, 0x35, 0x7B, 0x8A, 0x46, 0x0D, 0x11, 0xF0, 0x2D, 0x86, 0x8B, 0x84, 0xBB, 0x6E,
    0xA2, 0x42, 0x46, 0xC5, 0x84, 0xFC, 0xD6, 0xE5, 0x8A, 0x6A, 0x38, 0x40, 0xE4, 0x51, 0x23, 0xA4,
    0x7D, 0xCC, 0xC4, 0x2D, 0x19, 0x13, 0x7E, 0xC5, 0x23, 0x36, 0x61, 0x69, 0x97, 0x7F, 0xE2, 0x08,
    0xA0, 0xC5, 0x07, 0xEC, 0x47, 0x78, 0xF3, 0xAB, 0x99, 0x8E, 0xED, 0x23, 0x7A, 0x01, 0x78, 0xE3,
    0x97, 0x19, 0x35, 0x17, 0x44, 0xCA, 0x6B, 0x9C, 0x96, 0x51, 0x26, 0xE4, 0x7A, 0xAC, 0x93, 0x12,
    0x36, 0x5A, 0x78, 0xA4, 0x0D, 0x32, 0x94, 0xD7, 0x96, 0xD5, 0x3C, 0x3B, 0x06, 0x65, 0xEE, 0xE0,
    0x23, 0xE9, 0x08, 0x7B, 0x00, 0x96, 0x30, 0x0D, 0x42, 0x3D, 0x8F, 0xC0, 0xA4, 0x20, 0xC1, 0x64,
    0x81, 0x5A, 0xCA, 0x27, 0xCD, 0x5F, 0x15, 0x03, 0x1A, 0x1C, 0x02, 0x8E, 0x82, 0x73, 0xF5, 0xD8,
    0x03, 0x8F, 0x15, 0x5D, 0xA4, 0x0E, 0xB4, 0x64, 0x08, 0x1A, 0x61, 0x94, 0x75, 0xDD, 0xAD, 0x62,
    0xB1, 0x64, 0x59, 0x43, 0xE2, 0x21, 0x5F, 0x63, 0x37, 0x54, 0x01, 0x63, 0xAC, 0xBB, 0x41, 0xF7,
    0x7E, 0xD7, 0x71, 0x37, 0xCD, 0xC6, 0x34, 0x2F, 0x3B, 0xB6, 0x8E, 0xE1, 0x7C, 0x64, 0x85, 0xE7,
    0x37, 0xF6, 0xE1, 0x70, 0xB4, 0xCF, 0x9A, 0x96, 0xDA, 0xE4, 0x9A, 0xDA, 0x84, 0x94, 0x4F, 0x8F,
    0xCF, 0x1C, 0x9C, 0x6D, 0x0A, 0xAD, 0x29, 0x97, 0x2C, 0x50, 0xAF, 0xD3, 0x9F, 0x19, 0x71, 0xEE,
    0xBB, 0x1E, 0xA2, 0xFB, 0x1D, 0x26, 0x1D, 0xEB, 0xFE, 0x15, 0xCB, 0x53, 0x2F, 0x4F, 0x32, 0x6D,
    0x69, 0x89, 0x53, 0x3B, 0xA5, 0xFA, 0xE3, 0x37, 0xFA, 0x30, 0x6F, 0x41, 0xC9, 0xDA, 0x3E, 0xB9,
    0x5F, 0xAF, 0x1B, 0x0B, 0xAC, 0xFD, 0x59, 0x33, 0x02, 0x9F, 0xB5, 0x94, 0x66, 0x6F, 0x80, 0xEC,
    0x69, 0xEE, 0x3A, 0x2F, 0xF9, 0x38, 0x27, 0xE4, 0xE7, 0x9D, 0x90, 0x2E, 0x13, 0x34, 0x2D, 0x9F,
    0x96, 0xDE, 0xC5, 0xB3, 0x97, 0xF7, 0xCB, 0x8A, 0xE9, 0x52, 0x77, 0xE9, 0xC5, 0xEE, 0xFE, 0x5E,
    0xCC, 0xB9, 0x3F, 0x17, 0x5F, 0xEC, 0xC2, 0x22, 0x60, 0x40, 0x6B, 0x09, 0x43, 0x1B, 0x9C, 0x34,
    0x40, 0x44, 0x4C, 0x93, 0x60, 0xDE, 0xD9, 0x50, 0xC0, 0xAC, 0xB3, 0xC1, 0xB4, 0xC9, 0x68, 0x1B,
    0x84, 0x13, 0x9C, 0x12, 0xB5, 0xC5, 0x4B, 0xA1, 0xB8, 0x20, 0xC8, 0xD9, 0x75, 0xF7, 0xB0, 0xDB,
    0x84, 0xF3, 0xDB, 0xC6, 0x38, 0xE4, 0xDF, 0x57, 0xA1, 0x0E, 0x24, 0xFD, 0xF3, 0x04, 0xCF, 0x9D,
    0x8B, 0x23, 0x3B, 0xC3, 0x0F, 0xF0, 0x2C, 0x9B, 0x1E, 0x42, 0x83, 0xD7, 0xC1, 0xDF, 0xBC, 0x56,
    0xD5, 0xF1, 0x6C, 0x5C, 0x3E, 0x43, 0xDF, 0x73, 0xA2, 0x71, 0x78, 0xB8, 0xC9, 0x24, 0x66, 0x4B,
    0xAB, 0xAD, 0x72, 0x11, 0xC8, 0x19, 0xF2, 0x0A, 0xD6, 0x30, 0x10, 0x3F, 0x63, 0x37, 0x7C, 0x64,
    0xDE, 0xA5, 0xBF, 0xC0, 0x07, 0xE0, 0x93, 0x9E, 0x53, 0x2C, 0x9F, 0xAD, 0x16, 0x52, 0x93, 0xE8,
    0x8D, 0x16, 0x58, 0x60, 0x86, 0x54, 0x43, 0xBE, 0x16, 0xDF, 0x9D, 0x18, 0x56, 0x65, 0x17, 0x70,
    0x68, 0xA0, 0xFE, 0x11, 0x59, 0x27, 0x06, 0xB7, 0xC5, 0xBC, 0xDB, 0x02, 0x82, 0xEA, 0x10, 0x77,
    0x4E, 0x0F, 0xBB, 0x64, 0x8C, 0xA6, 0x4F, 0x69, 0xA6, 0x1D, 0x7B, 0x3C, 0xB2, 0xE0, 0x2D, 0x5E,
    0x3F, 0x5A, 0x74, 0x75, 0x3A, 0xEC, 0x55, 0x1D, 0x52, 0x89, 0x79, 0xFE, 0x36, 0x22, 0xA1, 0xA9,
    0x47, 0xA1, 0x96, 0x69, 0xB0, 0x06, 0xBB, 0x86, 0xBD, 0x25, 0xEE, 0x23, 0xEE, 0x2C, 0xF5, 0x06,
    0x7E, 0xEF, 0xDF, 0x38, 0x39, 0x5F, 0x72, 0x52, 0x53, 0x5B, 0x16, 0xFD, 0x60, 0x72, 0xF5, 0x76,
    0xA8, 0x6B, 0x0D, 0x0B, 0x87, 0xDB, 0x81, 0x21, 0x1E, 0xDD, 0xBF, 0xA0, 0xBD, 0x08, 0xA3, 0xB5,
    0xFF, 0x24, 0x5F, 0x1A, 0xBC, 0xBF, 0x2C, 0xA0, 0x57, 0xDD, 0x1E, 0xF8, 0xF3, 0x2C, 0xB1, 0x8A,
    0xA3, 0x5D, 0x0F, 0xCC, 0xF3, 0xB6, 0x5C, 0x69, 0xD2, 0x3D, 0x2F, 0x23, 0xF4, 0xB8, 0x80, 0x4D,
    0xC8, 0xC1, 0xC1, 0x9F, 0xCE, 0xD5, 0xE2, 0x8C, 0x65, 0xD6, 0xC5, 0x72, 0x8E, 0xCA, 0x68, 0xCA,
    0xEE, 0x1E, 0x8C, 0x8C, 0x81, 0x8C, 0x73, 0xD4, 0xC7, 0xD6, 0x62, 0x05, 0xA6, 0xBE, 0x6F, 0xC0,
    0x00, 0xCC, 0x01, 0xB0, 0x95, 0x2D, 0x6C, 0xCA, 0xA2, 0xCD, 0x28, 0x0F, 0x8C, 0xA4, 0x7F, 0xE8,
    0x28, 0x13, 0x57, 0x48, 0xDC, 0x19, 0x64, 0x14, 0x55, 0xF9, 0x63, 0xA1, 0xA1, 0x19, 0xC4, 0x9C,
    0x2F, 0x79, 0xC3, 0xAF, 0xA3, 0x21, 0x26, 0xD2, 0xBD, 0xC9, 0x30, 0x10, 0x8D, 0xF1, 0x43, 0xDF,
    0x88, 0x09, 0x83, 0x75, 0xB6, 0x7D, 0x9A, 0x9D, 0x1F, 0x15, 0xCD, 0xD9, 0xFC, 0xF4, 0x51, 0xB6,
    0x87, 0x91, 0xC7, 0x03, 0x7F, 0x00, 0x56, 0x9E, 0x79, 0x30, 0x13, 0x62, 0xAD, 0xD7, 0x64, 0xF9,
    0xC6, 0xDF, 0x6F, 0xE0, 0x3A, 0xD3, 0x63, 0x16, 0x5F, 0xC8, 0xFD, 0xF0, 0x4C, 0x77, 0x1D, 0xE8,
    0xBF, 0x3D, 0xFB, 0x07, 0xA4, 0xFD, 0x5B, 0x98, 0x59, 0xB5, 0x66, 0xD7, 0xBF, 0xEF, 0x07, 0x48,
    0xE4, 0xB6, 0x9F, 0x20, 0x13, 0xFF, 0xDB, 0x19, 0x52, 0xE1, 0xF2, 0x75, 0x3A, 0x90, 0xC2, 0x35,
    0xED, 0xD7, 0xA0, 0x90, 0x94, 0x58, 0xCA, 0x4A, 0xAE, 0x6C, 0xD1, 0xB3, 0x76, 0x55, 0xDA, 0xCE,
    0x1C, 0xED, 0x42, 0xDA, 0x29, 0xA4, 0x19, 0x0F, 0x5F, 0x39, 0xCA, 0x78, 0x28, 0x58, 0x5A, 0xB3,
    0x64, 0x25, 0xAA, 0x30, 0x7F, 0xC1, 0x5F, 0x13, 0xDD, 0xB5, 0x45, 0xB2, 0xA6, 0x1D, 0xE3, 0x75,
    0x52, 0x64, 0xEF, 0x21, 0x1A, 0xB0, 0xAB, 0x86, 0xFB, 0xF6, 0xD9, 0x18, 0x72, 0xF5, 0xD8, 0x6B,
    0x63, 0x86, 0x62, 0x65, 0x27, 0x94, 0x4C, 0x8B, 0xA9, 0xBE, 0x13, 0x0C, 0x78, 0x03, 0x18, 0x60,
    0xEA, 0xAB, 0x67, 0x71, 0x86, 0x1E, 0xFD, 0x74, 0xC0, 0xBB, 0xEE, 0xA7, 0xDF, 0x02, 0xD3, 0x66,
    0x38, 0xF0, 0xFD, 0x6E, 0x43, 0x90, 0x78, 0x69, 0x0B, 0x36, 0x59, 0x8D, 0xC6, 0x8F, 0xE6, 0xE8,
    0x2D, 0x84, 0xF2, 0x07, 0xF4, 0xEB, 0x8F, 0x3F, 0xA5, 0x14, 0xA1, 0xAB, 0x94, 0xB0, 0x94, 0x80,
    0x34, 0x8B, 0xB6, 0x42, 0x72, 0x91, 0x6A, 0xBD, 0xC7, 0xE8, 0x9E, 0xF9, 0x00, 0x10, 0xF2, 0x38,
    0x43, 0x61, 0xD5, 0x3C, 0x85, 0x50, 0x54, 0xD5, 0x79, 0x63, 0xEE, 0x22, 0x66, 0x2B, 0xAE, 0x0F,
    0xA1, 0x40, 0xEC, 0x19, 0x51, 0xF0, 0xF9, 0xFE, 0x74, 0xB5, 0xF2, 0xBD, 0xA5, 0xD1, 0xB8, 0x70,
    0xE5, 0x01, 0x9F, 0xE9, 0xB1, 0x08, 0xEB, 0x52, 0x54, 0xDD, 0x96, 0xAC, 0x6E, 0x40, 0xA7, 0x5F,
    0xED, 0x65, 0x75, 0x82, 0x82, 0x99, 0xDD, 0xCB, 0x82, 0x08, 0xD4, 0x42, 0x08, 0xF5, 0x8A, 0xA8,
    0x02, 0x84, 0x84, 0x47, 0x6F, 0x83, 0x15, 0x08, 0x10, 0xA3, 0x8D, 0xC6, 0xDC, 0xC5, 0x03, 0x52,
    0x36, 0x97, 0x80, 0xC6, 0x63, 0xDE, 0x46, 0xBC, 0xE3, 0x31, 0x83, 0x88, 0xC5, 0xF6, 0x59, 0xC1,
    0x7F, 0xDA, 0x0C, 0xA1, 0xE1, 0x15, 0x77, 0xAA, 0x0B, 0xA2, 0x42, 0x54, 0x53, 0x39, 0x59, 0x67,
    0xEA, 0x95, 0xE4, 0x1D, 0x76, 0x6B, 0x8A, 0xA6, 0x68, 0xD9, 0xA5, 0x04, 0x12, 0x74, 0x55, 0x9D,
    0xB9, 0xCA, 0x69, 0xC7, 0xC6, 0xB1, 0x77, 0x33, 0xDF, 0x9D, 0xA0, 0x98, 0x23, 0xAD, 0x47, 0x7B,
    0x8A, 0x01, 0xB1, 0xAB, 0xA7, 0x30, 0xB5, 0xE9, 0xD7, 0x1A, 0xED, 0x8E, 0xAA, 0x1C, 0xCB, 0x6C,
    0xDD, 0x42, 0xDC, 0xC6, 0x1E, 0x16, 0x3B, 0xD8, 0x86, 0x5D, 0xD8, 0xAA, 0xC9, 0x7A, 0xF6, 0x51,
    0xA6, 0x20, 0x46, 0x4D, 0x47, 0x3B, 0xED, 0xEB, 0xB1, 0xBF, 0x99, 0x42, 0xF9, 0xB9, 0x63, 0xAE,
    0x67, 0x3A, 0xF6, 0x34, 0xAF, 0x68, 0x9F, 0x91, 0x27, 0x3D, 0xB7, 0xC4, 0x7A, 0x9C, 0xBC, 0x37,
    0x5D, 0xC1, 0xFC, 0x9D, 0x7D, 0x7F, 0x64, 0x90, 0xFF, 0xE8, 0x65, 0x33, 0xF4, 0xFA, 0xB2, 0x4F,
    0xAD, 0xF6, 0xA6, 0x33, 0xA8, 0x9E, 0x2D, 0xC4, 0x8B, 0x3B, 0x3B, 0xA1, 0x37, 0x18, 0xFA, 0xD6,
    0xA1, 0xEF, 0xAB, 0x8D, 0xF7, 0x21, 0xA4, 0x4A, 0xD5, 0xD2, 0x3E, 0x9D, 0x43, 0x3A, 0x94, 0xDF,
    0xD1, 0xF9, 0xAC, 0x02, 0xBA, 0x42, 0xE7, 0x6F, 0xB2, 0x7A, 0x60, 0x9A, 0xD9, 0x05, 0x67, 0xA3,
    0x49, 0xDE, 0xF3, 0x59, 0x4D, 0xBC, 0xC9, 0xC0, 0xD1, 0x6B, 0x99, 0x31, 0x9F, 0xF9, 0x58, 0xED,
    0x58, 0x1A, 0x54, 0x59, 0x93, 0xAC, 0x6E, 0x5E, 0xE0, 0x3F, 0x17, 0xCB, 0xF0, 0x9F, 0xCA, 0x73,
    0xBF, 0xCB, 0x2D, 0x46, 0x4B, 0x24, 0x96, 0x55, 0xCF, 0x53, 0xB2, 0x94, 0x99, 0xD6, 0xCB, 0x1F,
    0xFF, 0xC6, 0x3E, 0xD8, 0x24, 0xD5, 0xF3, 0x54, 0xF5, 0x72, 0xD2, 0xD3, 0x33, 0x99, 0xEB, 0x0F,
    0xF4, 0x8C, 0x97, 0x83, 0xE6, 0xF2, 0x5B, 0x49, 0x53, 0xF9, 0x5F, 0xB7, 0x6C, 0x4F, 0x1D, 0x5A,
    0xDF, 0xEC, 0x6D, 0x78, 0xFE, 0x5B, 0x4B, 0xFE, 0x0F, 0xCD, 0x59, 0x3D, 0xB0, 0xDD, 0x46, 0x15,
    0x3E, 0x92, 0x6C, 0x0B, 0x5B, 0x33, 0x28, 0xC5, 0xCB, 0x4C, 0xEC, 0xCC, 0xA0, 0x14, 0x29, 0x1C,
    0x03, 0x56, 0x4B, 0x61, 0x67, 0x05, 0x19, 0x68, 0x5C, 0xE4, 0x15, 0x79, 0x35, 0x2E, 0x98, 0x49,
    0xC6, 0x14, 0xAF, 0x75, 0x61, 0x5B, 0x4A, 0x9A, 0x94, 0x79, 0x0D, 0x34, 0x29, 0xEC, 0xC2, 0x05,
    0xB9, 0x29, 0xEC, 0x22, 0x05, 0x33, 0xD8, 0x5E, 0x4D, 0x52, 0x50, 0x50, 0x44, 0x10, 0x7A, 0xC4,
    0x90, 0x4C, 0x66, 0xD2, 0x78, 0x19, 0x04, 0x91, 0x1D, 0x49, 0xCB, 0xF7, 0x1D, 0xE9, 0x3E, 0xFF,
    0x04, 0xC7, 0x09, 0x79, 0x7E, 0x70, 0xEF, 0xDD, 0xA3, 0x7B, 0xA5, 0xFD, 0xF9, 0xF6, 0xFC, 0xEF,
    0xB9, 0x59, 0x61, 0x6A, 0xBC, 0xAB, 0x03, 0x22, 0x72, 0x40, 0x52, 0xC9, 0xF0, 0xCE, 0x25, 0x2F,
    0xF0, 0xAE, 0x0C, 0xDF, 0xF5, 0xFC, 0xFC, 0x88, 0x48, 0x5A, 0x89, 0x64, 0xB5, 0x48, 0xFE, 0xB1,
    0x04, 0xDE, 0x17, 0x89, 0xF7, 0x75, 0x8E, 0x66, 0x3E, 0xFC, 0x43, 0x6D, 0x5F, 0xAE, 0xC5, 0xA7,
    0xB5, 0x4C, 0xF7, 0x35, 0xFE, 0xB6, 0x68, 0xE6, 0xC3, 0xDF, 0x57, 0xB9, 0xBF, 0xDD, 0xA4, 0xDE,
    0x37, 0x21, 0xC6, 0x71, 0xBC, 0xCE, 0xC3, 0xF9, 0x0E, 0x4D, 0x58, 0xD7, 0x78, 0x27, 0xE2, 0xFD,
    0x20, 0x21, 0x49, 0x34, 0x06, 0x83, 0xC4, 0x3D, 0xEE, 0xC7, 0x1D, 0x89, 0x7E, 0x1B, 0x5F, 0x61,
    0x37, 0xAF, 0x04, 0x33, 0x78, 0x0E, 0xC3, 0x2F, 0x11, 0xFB, 0x20, 0xE1, 0xFD, 0x67, 0xFD, 0x4E,
    0x58, 0x95, 0xDE, 0xDB, 0xD6, 0xE3, 0xD5, 0x5E, 0xFC, 0x19, 0x40, 0x62, 0xA5, 0x77, 0xE4, 0xB0,
    0x04, 0x85, 0xF9, 0xE9, 0x99, 0x16, 0x73, 0x38, 0xB4, 0x16, 0x88, 0xEA, 0xD4, 0x99, 0x3A, 0x6D,
    0xD9, 0xF2, 0xF9, 0xFB, 0xE4, 0x81, 0xD6, 0x37, 0xDA, 0xE7, 0xED, 0xCB, 0xEE, 0x88, 0x84, 0xD5,
    0x33, 0x18, 0x2D, 0x25, 0x41, 0x5B, 0x6C, 0xA7, 0x36, 0xAD, 0xD8, 0x2A, 0x73, 0x81, 0x97, 0x64,
    0x88, 0x46, 0xE0, 0x4D, 0x00, 0xD1, 0xA7, 0xD8, 0x83, 0xE5, 0x42, 0xC6, 0x57, 0x12, 0x58, 0x7F,
    0x55, 0x22, 0xDD, 0x0D, 0x89, 0xBC, 0x3B, 0x5D, 0x11, 0xF9, 0xE5, 0xB4, 0x73, 0xDF, 0x3D, 0xB0,
    0x10, 0xDB, 0x8B, 0xF0, 0x70, 0x26, 0x21, 0x7E, 0x6D, 0x8C, 0xD3, 0xFA, 0x75, 0x83, 0xBB, 0xB9,
    0xB0, 0xFB, 0x73, 0x3C, 0x2E, 0xC9, 0x28, 0x52, 0xFA, 0x1A, 0xE3, 0x5C, 0xE4, 0xED, 0x10, 0xF7,
    0x61, 0x9F, 0x38, 0x39, 0xCB, 0xC5, 0x63, 0xAF, 0x33, 0x53, 0x24, 0x2E, 0xC3, 0xE4, 0xF9, 0x5F,
    0xED, 0x68, 0xEA, 0x70, 0x02, 0xD2, 0x31, 0x9F, 0x7E, 0x32, 0x60, 0xA3, 0x7D, 0x8C, 0x0D, 0x03,
    0xA0, 0x03, 0xB6, 0xEE, 0xA8, 0x24, 0xBD, 0xA9, 0xE2, 0xCE, 0xFC, 0x33, 0x53, 0x46, 0x50, 0x94,
    0x62, 0x47, 0x2E, 0x29, 0x65, 0xDC, 0xDA, 0xD4, 0xE1, 0xF3, 0x42, 0x08, 0xF9, 0x6C, 0x43, 0x56,
    0x92, 0x90, 0xE7, 0x62, 0xEE, 0x5A, 0x0C, 0x9E, 0x24, 0xC4, 0x06, 0xDC, 0xA1, 0x9D, 0x52, 0xD2,
    0xDA, 0x0E, 0x59, 0x95, 0xBD, 0xE4, 0xA7, 0xA4, 0xCE, 0x93, 0x3B, 0xAF, 0x45, 0xCD, 0x69, 0x88,
    0x3B, 0x6C, 0x4F, 0xE5, 0x85, 0x84, 0xEE, 0x54, 0x2E, 0x12, 0x2C, 0xF4, 0x74, 0x56, 0xE1, 0xCE,
    0x8B, 0x69, 0x23, 0x51, 0x9B, 0xC7, 0x7E, 0x8C, 0x9A, 0xF4, 0x0D, 0x0F, 0x1D, 0x49, 0x9A, 0xBC,
    0xCF, 0x8B, 0xA8, 0x57, 0xB9, 0xF9, 0x8A, 0x5B, 0x21, 0xEF, 0xC1, 0x0C, 0x15, 0xB0, 0x1C, 0x2C,
    0x14, 0x52, 0xFA, 0x39, 0x44, 0xE6, 0xCA, 0x9F, 0xBB, 0x5B, 0xB1, 0x1B, 0x23, 0x7E, 0x6C, 0x02,
    0xDC, 0x2E, 0xFF, 0x1C, 0x38, 0x0A, 0x79, 0x2F, 0xAE, 0x82, 0x21, 0x6D, 0xA2, 0x1E, 0xD2, 0x73,
    0xB6, 0xC8, 0xEB, 0x49, 0xCA, 0x97, 0x06, 0xB1, 0x98, 0xD7, 0xBC, 0x3F, 0x48, 0xD6, 0x42, 0x50,
    0x5D, 0x59, 0x45, 0x43, 0xDE, 0xC8, 0x00, 0x84, 0x67, 0xC3, 0xE2, 0xD8, 0x6A, 0xB5, 0x2A, 0xA0,
    0x22, 0xBE, 0xB1, 0x54, 0x11, 0x43, 0x82, 0x85, 0x72, 0x92, 0xEC, 0x41, 0x82, 0x01, 0x7C, 0xE5,
    0xBE, 0x80, 0x74, 0x2D, 0x55, 0x1E, 0xFA, 0xB7, 0x03, 0x84, 0x83, 0xA4, 0x4D, 0x29, 0xF9, 0xB9,
    0x33, 0xF5, 0x29, 0xFB, 0x51, 0x73, 0xFE, 0xFA, 0xDF, 0xDB, 0xF7, 0x7E, 0xD7, 0xB8, 0xF7, 0x6C,
    0xED, 0xCE, 0x5F, 0xFF, 0x63, 0x7B, 0xEA, 0xFA, 0x3F, 0xEA, 0x6C, 0x33, 0xAB, 0x92, 0x4F, 0x2C,
    0x44, 0x8D, 0x8D, 0x1D, 0xD3, 0xBD, 0x94, 0xBE, 0xB3, 0xBE, 0x3F, 0xB1, 0xBA, 0x12, 0xDC, 0x02,
    0x5B, 0x31, 0x99, 0x33, 0x61, 0xF7, 0xA2, 0xF4, 0xF8, 0xE0, 0x4B, 0x7E, 0xDB, 0xE1, 0x26, 0x1E,
    0x49, 0x88, 0xDE, 0x60, 0x97, 0x42, 0x58, 0x1A, 0xE0, 0xF6, 0xC0, 0x39, 0xA2, 0x0D, 0xC7, 0xAE,
    0xDD, 0xBD, 0xB2, 0xFB, 0x8C, 0xFD, 0xD0, 0xFF, 0xE9, 0xAD, 0xAD, 0x4D, 0x3B, 0xF7, 0x19, 0x4A,
    0x55, 0x2E, 0x49, 0xC1, 0x81, 0x49, 0x2E, 0x59, 0x79, 0xDE, 0x40, 0x7E, 0x22, 0x50, 0xD6, 0x5E,
    0xD2, 0x56, 0xCC, 0x9F, 0xA1, 0x09, 0x98, 0x50, 0xCC, 0x48, 0x7A, 0x02, 0xF7, 0x9D, 0x64, 0x1D,
    0x3B, 0x7F, 0x0F, 0x66, 0x94, 0xCB, 0x71, 0x23, 0xE5, 0x24, 0xA6, 0x87, 0xC1, 0xD0, 0xFA, 0x1A,
    0x5A, 0x87, 0x29, 0x6E, 0xCA, 0xF3, 0xCA, 0x8B, 0x8B, 0x12, 0xD7, 0x1E, 0xF3, 0xA0, 0xB9, 0xAF,
    0x6C, 0x45, 0xEE, 0xC0, 0x33, 0x07, 0x44, 0x68, 0xB7, 0x61, 0x8E, 0x6F, 0xD6, 0x7E, 0x63, 0x36,
    0x5C, 0xBF, 0x58, 0xEC, 0x71, 0x4E, 0x78, 0x6C, 0x75, 0x35, 0xA6, 0xDA, 0x2A, 0xF2, 0xE1, 0x86,
    0xFF, 0x0F, 0xCD, 0xA2, 0x19, 0xB4, 0x0C, 0x2D, 0xB0, 0x03, 0xCC, 0xE3, 0x11, 0x2D, 0xE8, 0x6F,
    0x88, 0xEF, 0x2F, 0x04, 0xF4, 0x29, 0x65, 0x25, 0x97, 0xB0, 0x92, 0xA7, 0xF1, 0x02, 0x73, 0x8A,
    0x3D, 0x94, 0xB8, 0x73, 0x40, 0xC2, 0x26, 0x73, 0xC0, 0xE5, 0x5E, 0x75, 0xD1, 0xF2, 0x0E, 0x5D,
    0xE0, 0x42, 0x30, 0xC7, 0x17, 0xC6, 0xD7, 0x65, 0xD2, 0xDE, 0x8C, 0x1C, 0x3E, 0xF8, 0x82, 0x9F,
    0xB8, 0x19, 0x5C, 0x95, 0x1F, 0x8A, 0x13, 0x03, 0xD7, 0x64, 0xA0, 0x5F, 0x59, 0x6B, 0x8B, 0xA4,
    0x33, 0x75, 0x34, 0xA4, 0x2E, 0x18, 0x13, 0x87, 0x6B, 0x0B, 0x95, 0xAC, 0xB3, 0xC6, 0x8A, 0x79,
    0x7D, 0x44, 0xBF, 0x5E, 0x9E, 0x91, 0xB3, 0x58, 0x47, 0x64, 0x47, 0x32, 0x47, 0xEB, 0x86, 0xF5,
    0xC0, 0xA1, 0x01, 0x16, 0x3C, 0xC5, 0xAB, 0x4E, 0xF2, 0x9A, 0x4C, 0x2F, 0x0B, 0x52, 0x30, 0x03,
    0x08, 0x06, 0x52, 0xFA, 0xBC, 0xD0, 0xD1, 0x99, 0x04, 0x2E, 0xAF, 0x73, 0x7A, 0xC7, 0x82, 0x7C,
    0xF2, 0x70, 0x37, 0x30, 0xBD, 0x98, 0x5D, 0xBB, 0xF4, 0x36, 0x64, 0xEB, 0x0C, 0x9E, 0xE6, 0x50,
    0x49, 0xC8, 0xB3, 0x00, 0x87, 0x31, 0xCB, 0x09, 0xBB, 0x03, 0x80, 0x90, 0x9F, 0x60, 0x96, 0x54,
    0xE6, 0x17, 0x30, 0x04, 0x15, 0x31, 0xC4, 0x2D, 0x31, 0x40, 0xFC, 0x5E, 0x57, 0x7F, 0xF5, 0x11,
    0xAB, 0x47, 0xBA, 0x7A, 0x88, 0xD5, 0x89, 0x01, 0xAB, 0xE3, 0xEA, 0x23, 0x8C, 0x09, 0x87, 0xE8,
    0x8B, 0x0E, 0xAB, 0x07, 0x6F, 0xF4, 0xDC, 0x43, 0xD4, 0x71, 0x16, 0xB8, 0x20, 0x53, 0xF0, 0x8B,
    0xA7, 0x3C, 0x31, 0x4B, 0x38, 0x6E, 0xE2, 0x49, 0xEC, 0xBB, 0x10, 0x5D, 0x54, 0x0B, 0xA9, 0xF6,
    0x98, 0xFD, 0xAC, 0xD8, 0x09, 0xD2, 0x91, 0xEF, 0x0F, 0xD4, 0xC2, 0xD8, 0x71, 0x28, 0x42, 0x41,
    0xD6, 0x50, 0x0B, 0x4D, 0x2D, 0x27, 0xAD, 0x2A, 0x84, 0x81, 0x96, 0x42, 0x5F, 0xE9, 0x13, 0x2D,
    0x38, 0x8B, 0xB1, 0x7D, 0xDA, 0x64, 0xC5, 0x41, 0xC6, 0xA9, 0x8A, 0x6B, 0xD0, 0xC7, 0x8E, 0x11,
    0x68, 0x34, 0x24, 0xB7, 0x09, 0x20, 0x7F, 0xAB, 0x86, 0x0D, 0x30, 0x88, 0xA0, 0x0B, 0x4C, 0xCD,
    0xCA, 0xB1, 0x6B, 0x2D, 0x3D, 0x0A, 0x02, 0x0C, 0x74, 0x22, 0x2D, 0x16, 0x46, 0x48, 0x41, 0xDE,
    0xCD, 0x11, 0x85, 0x2D, 0x6C, 0xE7, 0xDB, 0x60, 0x81, 0xDE, 0x67, 0xB3, 0x9D, 0x82, 0x4E, 0xC1,
    0x54, 0x3A, 0x03, 0x43, 0x7F, 0x5E, 0x51, 0x06, 0xCB, 0xB5, 0x86, 0x03, 0xBB, 0xB3, 0xED, 0x52,
    0x75, 0xC2, 0x74, 0x9A, 0x58, 0x86, 0x36, 0xC2, 0xF0, 0x49, 0x0B, 0x03, 0x5C, 0xFA, 0x8B, 0xDC,
    0x91, 0xF1, 0x8C, 0x5C, 0xF2, 0x14, 0xC9, 0x59, 0xB4, 0x40, 0x5D, 0x3D, 0xFD, 0x5A, 0xE4, 0xD5,
    0xA9, 0xD2, 0xC4, 0xB9, 0x99, 0x5C, 0xA3, 0xC6, 0x5F, 0xB0, 0x5C, 0xF9, 0x32, 0x03, 0x21, 0x85,
    0x30, 0x61, 0xFF, 0xE1, 0x10, 0x2A, 0xAB, 0x26, 0x70, 0x13, 0xA1, 0x0F, 0x6B, 0xFA, 0x8A, 0xA4,
    0xCE, 0x3F, 0x5B, 0x5D, 0x6B, 0x00, 0x07, 0xDE, 0x0E, 0xF3, 0xB8, 0x89, 0xD0, 0x6F, 0x50, 0x64,
    0x72, 0xDF, 0x8B, 0xBB, 0xA2, 0xD4, 0x31, 0x6B, 0xBB, 0x04, 0x46, 0x79, 0x6E, 0xFF, 0xB1, 0xFC,
    0x76, 0xBD, 0x46, 0xEA, 0xC9, 0xBF, 0xCB, 0x98, 0xF9, 0x74, 0xD0, 0xEE, 0x3F, 0x4B, 0x20, 0x06,
    0xD3, 0x60, 0x39, 0x3F, 0x82, 0x4C, 0x8C, 0xC9, 0x3D, 0x85, 0xF4, 0x9C, 0x3A, 0xB8, 0x7D, 0xC5,
    0x72, 0x22, 0xDC, 0xC1, 0x54, 0x67, 0xDC, 0x42, 0x4C, 0xD4, 0xAE, 0x31, 0xEE, 0x2B, 0x8C, 0x80,
    0xE1, 0x3E, 0x56, 0xC9, 0xBC, 0x05, 0xC9, 0xA4, 0x09, 0x33, 0xB2, 0xDB, 0xD5, 0xB2, 0xEE, 0xFE,
    0x08, 0xE5, 0xD8, 0xEA, 0x1D, 0x5E, 0x38, 0x80, 0x31, 0x5F, 0x2F, 0x11, 0xE7, 0xC0, 0x8A, 0xD3,
    0x1C, 0x76, 0xE7, 0x4B, 0x39, 0x5F, 0xE6, 0xAC, 0x20, 0x1C, 0xF5, 0x12, 0xF7, 0x9A, 0x5A, 0x21,
    0xCC, 0xF8, 0x91, 0x96, 0xA9, 0xBF, 0x6C, 0xE1, 0x57, 0x48, 0xB5, 0xFC, 0x6A, 0xC6, 0xAF, 0x03,
    0x92, 0xF9, 0x92, 0xCD, 0x17, 0x98, 0xB4, 0xDF, 0xDA, 0x42, 0x47, 0x2E, 0x5B, 0xF8, 0x79, 0xF5,
    0x1B, 0xCC, 0xDD, 0xFC, 0x3D, 0xE3, 0x39, 0xC7, 0x54, 0x97, 0xDD, 0xD9, 0x87, 0x88, 0x8A, 0x74,
    0x2A, 0x4E, 0x4A, 0x4E, 0x77, 0x66, 0x9A, 0xB5, 0x95, 0xDB, 0x62, 0x9D, 0x85, 0x3E, 0x44, 0xF4,
    0x81, 0x76, 0x31, 0x9A, 0x56, 0xF4, 0xAA, 0xFF, 0xBF, 0xB2, 0xBA, 0xB9, 0x8A, 0x4B, 0x15, 0x40,
    0xC5, 0xBB, 0xE3, 0xDA, 0x4F, 0xA8, 0xB9, 0x2A, 0xA1, 0x9B, 0x0A, 0x08, 0xBB, 0xD5, 0x00, 0x3E,
    0x4B, 0x81, 0x01, 0xEC, 0x20, 0x19, 0xB6, 0x42, 0x1A, 0xE2, 0x1B, 0xE6, 0x2B, 0xE4, 0xF0, 0x3A,
    0x92, 0x3E, 0xD0, 0xB0, 0x91, 0xDD, 0xB6, 0xF5, 0xCA, 0x97, 0x9F, 0x63, 0xF7, 0x7E, 0x99, 0xA3,
    0xD4, 0xD4, 0x98, 0xAF, 0x9B, 0xC0, 0x41, 0x97, 0x09, 0x1E, 0xC2, 0x23, 0x3F, 0xB1, 0xB5, 0x32,
    0x6C, 0xCE, 0x22, 0x20, 0xC1, 0x59, 0x47, 0xFF, 0x42, 0x9A, 0x5F, 0xFD, 0xE0, 0x89, 0xAC, 0x13,
    0xEE, 0xBC, 0x06, 0xC5, 0x98, 0xB4, 0xC5, 0xCD, 0xCD, 0x45, 0xD9, 0xF6, 0x7E, 0x9D, 0x0D, 0xB9,
    0x25, 0xB6, 0x36, 0x8C, 0x9B, 0x9B, 0xB2, 0x19, 0xF6, 0xD1, 0xF0, 0xF8, 0x77, 0x00, 0x25, 0x0A,
    0xFA, 0x64, 0xC8, 0x9D, 0xC1, 0xC9, 0x82, 0x33, 0xF8, 0xAF, 0xF1, 0xBE, 0x28, 0x18, 0x17, 0x23,
    0xF3, 0x40, 0x82, 0x72, 0xB9, 0xFE, 0x51, 0x58, 0x63, 0x41, 0x28, 0x0E, 0xCC, 0xEF, 0xBF, 0xF8,
    0x60, 0xAA, 0x17, 0x0E, 0x55, 0x73, 0x9A, 0x7F, 0x29, 0xA6, 0x3E, 0x7F, 0xCB, 0xD9, 0xE4, 0xDC,
    0x6A, 0x67, 0xB6, 0xE0, 0xD9, 0x80, 0x5B, 0xA5, 0x1D, 0x9F, 0x66, 0x73, 0xB7, 0x49, 0x4F, 0x39,
    0x5E, 0xA9, 0x2D, 0x48, 0xCB, 0xEA, 0xD9, 0xA9, 0x42, 0x54, 0x35, 0x4C, 0x60, 0xEA, 0x99, 0xF2,
    0x0E, 0x33, 0x75, 0xF4, 0x51, 0xEA, 0xD9, 0x33, 0xD0, 0x51, 0xD8, 0x7B, 0x34, 0x6E, 0x59, 0x3D,
    0x3D, 0x51, 0x7B, 0x28, 0x42, 0x1E, 0xA2, 0xC6, 0x75, 0x68, 0xB7, 0xAF, 0x23, 0x45, 0xF1, 0x77,
    0xB1, 0xE8, 0x17, 0x4C, 0x56, 0x1C, 0xC3, 0xDE, 0x0E, 0x0C, 0x09, 0x09, 0x67, 0xC8, 0xCC, 0x22,
    0xAD, 0x61, 0x7A, 0x69, 0x83, 0xE3, 0x05, 0x88, 0x23, 0x61, 0x06, 0x0F, 0x23, 0x4F, 0x9B, 0x09,
    0xF6, 0xDD, 0x4C, 0x65, 0x03, 0x92, 0x3B, 0x90, 0x14, 0xC7, 0x89, 0x29, 0x9A, 0x40, 0x02, 0xFF,
    0x72, 0x33, 0x89, 0xFD, 0x10, 0x24, 0xF7, 0x20, 0x29, 0x49, 0x44, 0x12, 0x90, 0x40, 0x97, 0xE9,
    0x7B, 0x9A, 0x0B, 0x7A, 0x4E, 0x38, 0xA8, 0x1E, 0xAB, 0x5A, 0xC7, 0x7F, 0xDA, 0xD2, 0xEC, 0x66,
    0x89, 0x41, 0xC2, 0x5B, 0x15, 0x7D, 0xA8, 0x9E, 0xFC, 0x7C, 0x41, 0x57, 0xD9, 0xC0, 0xC9, 0x95,
    0x0E, 0x7D, 0xD3, 0xC1, 0x30, 0x9D, 0x41, 0xBA, 0x1A, 0x4E, 0xF4, 0x1D, 0x7E, 0xD6, 0xC5, 0x07,
    0x89, 0xC5, 0xB1, 0xD2, 0xC3, 0xA9, 0x44, 0x23, 0x9C, 0x4A, 0x3C, 0x64, 0xBD, 0x64, 0x7D, 0xEA,
    0x7F, 0xAD, 0x89, 0x08, 0x33, 0x11, 0xF6, 0xCA, 0x34, 0xE1, 0x7A, 0x7A, 0xD7, 0x8F, 0x05, 0x74,
    0x2D, 0xC9, 0xB0, 0x46, 0xC4, 0x14, 0x06, 0x79, 0xE9, 0xBE, 0x63, 0xB9, 0x48, 0x28, 0x74, 0xEE,
    0x31, 0x0F, 0x77, 0xE9, 0xA7, 0xC0, 0xF2, 0x5D, 0xB9, 0xBE, 0xFF, 0x2C, 0xD9, 0x60, 0x46, 0x74,
    0x9A, 0xE1, 0xE4, 0x92, 0xC8, 0x2D, 0xFA, 0xF7, 0x8B, 0x14, 0xD2, 0x33, 0xD0, 0xFE, 0x7D, 0xC6,
    0x72, 0xE4, 0xC7, 0x88, 0x52, 0xF9, 0x07, 0xC3, 0x42, 0xB2, 0xD7, 0xBB, 0x75, 0xB6, 0xBE, 0x9F,
    0x30, 0x36, 0x90, 0xB7, 0x5E, 0x42, 0xDA, 0x6A, 0x2B, 0x1C, 0x05, 0xFF, 0x46, 0xED, 0x86, 0x0F,
    0x80, 0x21, 0x06, 0xCC, 0xAE, 0x71, 0xE5, 0x6F, 0xDE, 0xE7, 0x73, 0xF6, 0xDB, 0x98, 0xF3, 0x5C,
    0x39, 0x45, 0x98, 0xB4, 0x88, 0x69, 0x24, 0x4C, 0xD6, 0x16, 0xBC, 0x03, 0x4C, 0x4B, 0x98, 0x1E,
    0x30, 0x71, 0x3A, 0x2E, 0xAB, 0xF8, 0x2E, 0x60, 0xE2, 0xF4, 0xED, 0x35, 0x38, 0xD3, 0x8B, 0xF9,
    0x70, 0x04, 0x49, 0x70, 0x0A, 0xB2, 0x97, 0x5B, 0xC0, 0xF4, 0x35, 0x60, 0x7A, 0xC2, 0x1C, 0xD6,
    0x30, 0x33, 0xC2, 0xE4, 0x79, 0x5C, 0x2C, 0x61, 0x9E, 0x52, 0x6E, 0x3D, 0xB5, 0x4E, 0x8C, 0x82,
    0x39, 0xBC, 0xD6, 0x4B, 0x78, 0x54, 0xBB, 0x87, 0x50, 0x0F, 0xC3, 0x89, 0x02, 0x1E, 0xCB, 0x43,
    0x8C, 0xE8, 0xA6, 0xFA, 0xC6, 0x84, 0xC3, 0xCA, 0x02, 0xCC, 0x03, 0xD8, 0x26, 0xF4, 0xC8, 0x3B,
    0xAE, 0x0D, 0xCC, 0x64, 0xC8, 0x0F, 0x96, 0x06, 0x96, 0x04, 0x64, 0xF7, 0xA5, 0x55, 0x01, 0x46,
    0xF8, 0x80, 0xE9, 0x11, 0x2B, 0x18, 0x3C, 0x64, 0xED, 0x37, 0x16, 0x4D, 0x1D, 0x99, 0x23, 0xF0,
    0xE4, 0x8E, 0x64, 0x0C, 0xE7, 0x39, 0x71, 0x49, 0xB1, 0xDF, 0x30, 0x7E, 0x73, 0xA4, 0x80, 0x78,
    0x70, 0x06, 0x0C, 0x49, 0xA4, 0xCF, 0x2A, 0x59, 0x9B, 0xDB, 0xFF, 0x48, 0x32, 0x9A, 0xA3, 0x69,
    0x52, 0xA9, 0xEE, 0x77, 0x47, 0xBD, 0xDE, 0x43, 0x35, 0x3C, 0x5F, 0x65, 0x2E, 0xD4, 0x1A, 0x1E,
    0xC3, 0x13, 0xB9, 0xE8, 0xB7, 0x9D, 0x96, 0xD8, 0xB4, 0xDA, 0xC3, 0x8C, 0x6D, 0x5D, 0x9B, 0x53,
    0xF9, 0x7E, 0x0D, 0x12, 0xB8, 0xB9, 0xA0, 0x31, 0x3D, 0x90, 0x52, 0xF4, 0xEB, 0x94, 0xA2, 0xD6,
    0xD4, 0x43, 0x8B, 0x23, 0x71, 0x87, 0xA0, 0xD6, 0xCF, 0x2D, 0xC1, 0xF7, 0xDC, 0x2D, 0x69, 0x45,
    0xC5, 0x2C, 0xD5, 0x6F, 0x6D, 0x3E, 0x90, 0x76, 0x5C, 0x9C, 0x93, 0xD2, 0x42, 0xE6, 0xAC, 0xD1,
    0xD0, 0x73, 0xA9, 0x25, 0xC3, 0x4A, 0x2A, 0x6C, 0xD1, 0x54, 0xC8, 0xC0, 0x4D, 0x05, 0x47, 0x6F,
    0xC5, 0x70, 0x3F, 0x66, 0xC0, 0x01, 0x3D, 0x1F, 0x52, 0x56, 0xEB, 0x12, 0xA4, 0x43, 0x78, 0xD0,
    0x82, 0xA4, 0x3C, 0xE6, 0x27, 0x9D, 0xA6, 0xEB, 0x6B, 0x12, 0xE3, 0xE7, 0xF9, 0x04, 0x0F, 0x3C,
    0xBB, 0xD0, 0x47, 0x74, 0xAA, 0x4C, 0xC1, 0xA6, 0xA8, 0x5B, 0xE4, 0x41, 0x59, 0x71, 0xD4, 0x73,
    0x66, 0xC8, 0x03, 0x53, 0xD9, 0xDE, 0x88, 0x60, 0xFB, 0x90, 0xC2, 0x94, 0xDF, 0xB1, 0x93, 0xA9,
    0xE3, 0x09, 0x67, 0xFF, 0x09, 0xDD, 0xA6, 0x69, 0x69, 0xFC, 0xCE, 0x7B, 0x88, 0xE6, 0x93, 0x71,
    0xD9, 0xC4, 0xEC, 0x3B, 0xD6, 0xBD, 0xF5, 0x37, 0xE6, 0x40, 0xA9, 0xC1, 0x72, 0x49, 0x6D, 0xFD,
    0x6C, 0xDF, 0xCC, 0x7F, 0x69, 0x46, 0x7B, 0x31, 0x3F, 0xFD, 0x03, 0x13, 0xEF, 0x12, 0x1A, 0x30,
    0xE0, 0x64, 0x7E, 0xF6, 0xF0, 0x52, 0x8A, 0xD8, 0x83, 0xB9, 0x6F, 0x45, 0x75, 0xE4, 0x3F, 0x60,
    0xD9, 0xB4, 0x4D, 0xDE, 0x87, 0x13, 0xAB, 0x4F, 0xEE, 0xD9, 0xDC, 0x01, 0x0B, 0xA2, 0x03, 0x2B,
    0x4B, 0x08, 0xD6, 0x57, 0x8E, 0xEC, 0x1D, 0x66, 0xB5, 0x0D, 0x9E, 0x37, 0xC1, 0xE7, 0x0B, 0xA7,
    0xE7, 0xC6, 0xEF, 0x59, 0xB7, 0x77, 0x32, 0xB5, 0x1F, 0xB3, 0x9E, 0x0F, 0xB6, 0x68, 0x36, 0xC7,
    0xEA, 0x3B, 0x14, 0xEF, 0x13, 0xEB, 0xDF, 0x46, 0x17, 0x38, 0x78, 0x90, 0xF3, 0xC4, 0x80, 0x9D,
    0x9D, 0xBB, 0x76, 0x77, 0x65, 0x6B, 0x9E, 0x12, 0x17, 0x77, 0x0F, 0xCD, 0xB7, 0x9F, 0xE1, 0xE6,
    0x3B, 0xE2, 0x15, 0xE6, 0x3C, 0x80, 0x19, 0xA0, 0x9D, 0xE0, 0x43, 0x4A, 0xED, 0x82, 0x39, 0xFB,
    0x12, 0x19, 0x5F, 0x82, 0xA0, 0x48, 0xDB, 0xDF, 0x98, 0x33, 0xAB, 0xED, 0x3B, 0x4C, 0x3D, 0x39,
    0x5B, 0x93, 0x4F, 0xDB, 0x0D, 0xDC, 0x44, 0xA5, 0xF1, 0xF1, 0xA1, 0xE4, 0xDD, 0x2E, 0x2E, 0xDB,
    0x74, 0x49, 0x0D, 0xE8, 0x6D, 0xCC, 0x52, 0x33, 0x4D, 0x89, 0xFE, 0xCA, 0x2C, 0x1D, 0x6E, 0x2E,
    0xD9, 0xDA, 0x52, 0x2B, 0x8A, 0xC6, 0x25, 0x73, 0xD1, 0x6A, 0x18, 0x35, 0xB6, 0xE3, 0x5A, 0x74,
    0x40, 0x35, 0xD8, 0x84, 0x14, 0x3E, 0xE9, 0x70, 0xAC, 0x1B, 0xFC, 0xEA, 0xDD, 0x81, 0xDB, 0xD5,
    0xB6, 0x5A, 0xED, 0xDC, 0x5B, 0x2B, 0xD6, 0x62, 0xD1, 0x52, 0x7D, 0x9F, 0xCD, 0x4A, 0x5F, 0x2F,
    0x2E, 0x6A, 0x3F, 0xCE, 0xBE, 0x23, 0x6E, 0xE7, 0xA2, 0xEF, 0x5E, 0xCC, 0xCF, 0x82, 0xB0, 0xE1,
    0x09, 0x1D, 0x59, 0x44, 0x8F, 0x4C, 0x67, 0xE7, 0x3B, 0x8B, 0xB5, 0x7D, 0xFB, 0xB9, 0x23, 0x67,
    0x00, 0xB7, 0x2C, 0xA2, 0xAE, 0x94, 0xE0, 0xCA, 0xD1, 0x3D, 0x9B, 0xF7, 0x00, 0x04, 0x60, 0x9A,
    0x8C, 0xAE, 0xE9, 0x29, 0xF9, 0x85, 0x0C, 0xC1, 0xF8, 0x88, 0xF7, 0x20, 0xD4, 0x8A, 0x3E, 0xEA,
    0xE3, 0x2E, 0x6D, 0xB2, 0xEA, 0xB0, 0x1C, 0xC5, 0xC8, 0xB2, 0x78, 0xC4, 0x1B, 0x5C, 0x86, 0x14,
    0x91, 0xE3, 0x21, 0xCB, 0xB8, 0x99, 0x15, 0xCF, 0x1D, 0xD2, 0xA4, 0x78, 0x87, 0x8E, 0x06, 0x47,
    0xB6, 0xC7, 0x7F, 0x1C, 0x43, 0xAC, 0x89, 0x5C, 0x79, 0x86, 0x9F, 0xA3, 0xAC, 0xDC, 0x08, 0xE0,
    0xC9, 0x40, 0xB9, 0x3D, 0xFE, 0xC3, 0x2A, 0xD3, 0x1C, 0x11, 0xE8, 0x3D, 0xFD, 0xDD, 0x1D, 0xE8,
    0x31, 0x62, 0xCE, 0xFC, 0x87, 0x4B, 0x78, 0x8B, 0x39, 0x90, 0x77, 0xCB, 0x9F, 0x36, 0xBD, 0x69,
    0x73, 0x24, 0x4D, 0xC9, 0xA0, 0xAC, 0xD3, 0x16, 0xEA, 0xD5, 0x92, 0xE1, 0x75, 0xDA, 0x99, 0x3B,
    0x25, 0xD9, 0xD6, 0xC4, 0xAC, 0x1E, 0xE0, 0x1C, 0xA4, 0xFF, 0x8E, 0xA8, 0x27, 0xFA, 0x48, 0x59,
    0x19, 0xFF, 0x09, 0x73, 0x2E, 0x9E, 0xE8, 0x28, 0xCE, 0xF2, 0x66, 0x5B, 0x2D, 0xCB, 0x99, 0x3B,
    0xDB, 0xCE, 0x34, 0x49, 0x67, 0xAA, 0xA8, 0x7F, 0x6C, 0x2B, 0xA2, 0x3E, 0x67, 0x81, 0x66, 0x37,
    0xE3, 0x0A, 0xEF, 0x65, 0x5C, 0x69, 0xB3, 0x64, 0x5C, 0xEA, 0x57, 0x43, 0x56, 0x32, 0x88, 0x5D,
    0xF2, 0x71, 0x1B, 0x0C, 0x6E, 0x60, 0x2A, 0x2C, 0xAA, 0x88, 0x86, 0x25, 0xAD, 0x06, 0xDF, 0x23,
    0x96, 0xF7, 0xCA, 0x9A, 0xA8, 0xBA, 0x54, 0xC3, 0x37, 0xEB, 0xAC, 0x3C, 0x0C, 0x58, 0x8D, 0x35,
    0xBB, 0x25, 0x5A, 0x8D, 0x08, 0x5A, 0x6E, 0x55, 0x93, 0x9D, 0xAB, 0x61, 0x5A, 0x15, 0xA9, 0x9E,
    0xD4, 0xBA, 0xB1, 0x16, 0x4A, 0x87, 0x75, 0x12, 0xC5, 0x58, 0x21, 0x67, 0x8F, 0xEC, 0xE2, 0x79,
    0x12, 0x4B, 0x42, 0x6A, 0xB8, 0xF7, 0x51, 0x2B, 0x6A, 0x02, 0x14, 0x9C, 0xAC, 0x25, 0xF7, 0x84,
    0x96, 0x44, 0x58, 0xC1, 0xB1, 0x81, 0x07, 0x08, 0x25, 0x72, 0xF5, 0xC9, 0x6E, 0x50, 0xD6, 0xF5,
    0xAB, 0x6E, 0x69, 0x4E, 0x1F, 0x1C, 0xDC, 0xDA, 0xDA, 0x84, 0x27, 0x1F, 0x91, 0xBB, 0x4C, 0x46,
    0xEB, 0x75, 0xD4, 0xB0, 0x6A, 0x7E, 0x9E, 0x2D, 0xFD, 0xE6, 0x7A, 0xC4, 0x06, 0x91, 0x5D, 0x24,
    0xB2, 0x89, 0xC8, 0x86, 0x35, 0x32, 0x43, 0x64, 0x70, 0x1A, 0x9E, 0xA1, 0xC9, 0xC7, 0x3D, 0x40,
    0x65, 0x0E, 0xC4, 0xD4, 0x96, 0xBE, 0x04, 0xC8, 0x46, 0x22, 0xEB, 0x81, 0x2C, 0x27, 0x32, 0x43,
    0x64, 0x25, 0x91, 0x1D, 0x57, 0x64, 0x8F, 0xF0, 0xEB, 0x47, 0xE1, 0x15, 0xA0, 0xFC, 0x4E, 0xFF,
    0x15, 0xFD, 0xEA, 0xC6, 0x3F, 0x89, 0x5D, 0xDE, 0xE6, 0x6B, 0x63, 0xAC, 0x02, 0xD6, 0x20, 0x0E,
    0x16, 0xF7, 0xF9, 0x75, 0x7B, 0xCF, 0xAF, 0x47, 0xB3, 0x5F, 0xDF, 0x93, 0xF9, 0x1F, 0xE1, 0xD7,
    0xF7, 0x62, 0xEE, 0x5D, 0xBF, 0x8E, 0xB6, 0xF6, 0xEB, 0xFF, 0x47, 0x3C, 0xE9, 0x0C, 0x1D, 0x60,
    0x9B, 0x77, 0x94, 0x29, 0x35, 0x2E, 0xF2, 0x9F, 0x76, 0xB2, 0xC1, 0xBF, 0x87, 0x52, 0x97, 0x7E,
    0x66, 0xDB, 0x4C, 0xE3, 0x3F, 0xD2, 0x5D, 0xD8, 0xD3, 0xD1, 0x5D, 0x17, 0xA2, 0xF5, 0x8E, 0x87,
    0xC9, 0x9B, 0xD0, 0x05, 0x63, 0xA1, 0x15, 0x46, 0xF5, 0x63, 0xA2, 0x5A, 0x39, 0xEA, 0x0C, 0xFF,
    0xC3, 0x42, 0x17, 0xCB, 0xB1, 0xE5, 0x42, 0x2A, 0x12, 0x7D, 0xD0, 0x04, 0x54, 0xAB, 0x84, 0xA1,
    0x84, 0xA7, 0x62, 0x1A, 0xAE, 0xB9, 0x0C, 0x4F, 0x6C, 0xAA, 0xCD, 0x2F, 0xAF, 0xC1, 0xC5, 0x4F,
    0xCE, 0xFF, 0xC2, 0x7C, 0x2B, 0xBE, 0x7E, 0xA3, 0x7D, 0xFF, 0x1B, 0xC5, 0x5A, 0xBD, 0x73, 0xDD,
    0xC6, 0x11, 0x3F, 0x00, 0x22, 0x11, 0x0B, 0x05, 0x54, 0xD0, 0xA3, 0x0F, 0x8F, 0x8D, 0x14, 0x2A,
    0x14, 0x4F, 0x6C, 0xB4, 0x29, 0x64, 0x1E, 0x32, 0x2E, 0x52, 0x4A, 0x85, 0x39, 0x29, 0x5C, 0x44,
    0x45, 0x8A, 0xD8, 0x0D, 0xFF, 0x01, 0x49, 0x40, 0x92, 0xD2, 0x85, 0xD9, 0x38, 0x29, 0x52, 0x84,
    0x85, 0x8A, 0xE4, 0xB9, 0x50, 0xE3, 0xC2, 0x85, 0x44, 0xC0, 0x99, 0x4C, 0x5C, 0x06, 0x33, 0x9E,
    0x49, 0x93, 0xC2, 0x68, 0x32, 0xCE, 0xB8, 0x31, 0x0A, 0x68, 0x0C, 0x2A, 0x00, 0x2E, 0xBF, 0xDF,
    0x1E, 0xF0, 0xF8, 0x29, 0x89, 0x14, 0x1F, 0x9F, 0x1F, 0x81, 0x7D, 0x8F, 0xF8, 0xB8, 0xBB, 0xBD,
    0xDD, 0xDB, 0xFD, 0xED, 0xEE, 0xA9, 0x37, 0x67, 0x5B, 0x4A, 0xE5, 0xA6, 0x19, 0x89, 0xFD, 0xDC,
    0xC1, 0xE9, 0x74, 0x20, 0xDE, 0x40, 0x62, 0x40, 0x02, 0x93, 0x28, 0x15, 0x9A, 0x42, 0xA9, 0x98,
    0x44, 0x7F, 0x5D, 0x29, 0x95, 0xDE, 0xAA, 0x95, 0x32, 0x3E, 0x5E, 0x1B, 0xBC, 0x4E, 0xB9, 0x9D,
    0xDB, 0x29, 0xAF, 0x55, 0x83, 0xF2, 0x8D, 0x31, 0x78, 0xD6, 0x98, 0x8C, 0xA4, 0x88, 0xBF, 0x9D,
    0x3D, 0x2C, 0x75, 0xA6, 0xC2, 0x3A, 0x47, 0x3B, 0x35, 0x9A, 0xF4, 0x9A, 0x47, 0x4A, 0xB9, 0xF5,
    0xD4, 0x1D, 0x7A, 0x30, 0x05, 0x4F, 0x67, 0x36, 0x4B, 0xE4, 0x42, 0x5A, 0x3D, 0xF2, 0xCC, 0xD0,
    0xE3, 0xF5, 0x21, 0xDE, 0xCD, 0x07, 0x5D, 0xF8, 0x43, 0xAE, 0xDC, 0x01, 0x03, 0x19, 0x86, 0xF1,
    0xE4, 0x6F, 0x5E, 0x4B, 0x33, 0x6F, 0xD0, 0x75, 0x34, 0x44, 0x78, 0x16, 0x1D, 0x0F, 0xCA, 0xB4,
    0x8F, 0xD4, 0xCA, 0xD4, 0xF2, 0x5D, 0x85, 0x5E, 0xD2, 0xF7, 0x41, 0xB4, 0xA9, 0xC8, 0x45, 0x86,
    0x8B, 0xB7, 0x97, 0xCD, 0xA3, 0x5B, 0x06, 0x99, 0xD7, 0xC6, 0x99, 0x83, 0x77, 0x54, 0xDA, 0x2B,
    0xB5, 0x92, 0x2C, 0x88, 0xC7, 0xF3, 0xE2, 0x22, 0x9D, 0xB8, 0x40, 0x47, 0x2A, 0x6A, 0x29, 0x12,
    0xCE, 0x5C, 0xCF, 0x3E, 0x3B, 0x76, 0x6A, 0xD8, 0xA9, 0xE1, 0x8D, 0xB8, 0x52, 0x67, 0x97, 0xD9,
    0xFF, 0x7A, 0xB5, 0xC2, 0x6E, 0x34, 0xC6, 0x7E, 0xFF, 0x02, 0x1A, 0xDB, 0xC1, 0x6F, 0xBC, 0x12,
    0xE3, 0x9A, 0x93, 0x4C, 0x6A, 0xC2, 0xD9, 0x0C, 0xA9, 0xA5, 0x9A, 0x7D, 0xE6, 0xBC, 0x76, 0x9D,
    0xE4, 0x43, 0x8C, 0x2D, 0x42, 0x33, 0x0A, 0x4C, 0x24, 0x1E, 0x49, 0x38, 0x24, 0x6F, 0xAB, 0x58,
    0x1E, 0x2D, 0x39, 0xB6, 0x82, 0xCF, 0xB3, 0x1D, 0xCE, 0xD0, 0x61, 0x22, 0x37, 0xE4, 0x11, 0x69,
    0x97, 0x7D, 0x62, 0x52, 0x3E, 0xC9, 0xA9, 0x97, 0x50, 0x98, 0x1C, 0xED, 0x61, 0x56, 0x79, 0xF5,
    0xD5, 0x49, 0xAF, 0x34, 0xDF, 0xC0, 0x89, 0x3E, 0x31, 0x97, 0x32, 0x32, 0x07, 0x83, 0xD8, 0xDC,
    0x55, 0x2E, 0xE6, 0x11, 0x73, 0x50, 0xC6, 0xC3, 0x66, 0xA9, 0x4B, 0x37, 0x63, 0xE3, 0x46, 0x1D,
    0x3C, 0xF3, 0xB1, 0x3F, 0xDD, 0x04, 0x05, 0xE6, 0xA0, 0xC2, 0x1C, 0x94, 0x8A, 0xE3, 0xA7, 0x5E,
    0xA8, 0xCF, 0xF7, 0x24, 0x49, 0x21, 0x52, 0x7E, 0x6F, 0x39, 0xD5, 0xB2, 0xD9, 0x0C, 0xF0, 0x8C,
    0xC6, 0x3F, 0x39, 0xD8, 0x6B, 0xC1, 0xEE, 0xD6, 0x2B, 0x96, 0xF3, 0x85, 0xB0, 0x28, 0x1F, 0x2A,
    0x93, 0x33, 0x4C, 0xBF, 0xD4, 0xAF, 0x97, 0x2E, 0xC9, 0x00, 0x0D, 0x86, 0x90, 0x5C, 0x88, 0x67,
    0x57, 0xB3, 0x05, 0xB3, 0x17, 0x73, 0xED, 0x47, 0xDF, 0xA1, 0x69, 0x9F, 0x46, 0xC7, 0x35, 0x3F,
    0x0C, 0x8F, 0xF5, 0x1B, 0x58, 0xB0, 0xB9, 0x15, 0x23, 0x7B, 0x58, 0x34, 0x9F, 0x7E, 0x79, 0x8F,
    0xDA, 0x2A, 0xD6, 0x80, 0xCB, 0x53, 0x73, 0x60, 0x34, 0x4D, 0xD7, 0x66, 0x0F, 0xE8, 0x53, 0xA0,
    0xC2, 0x18, 0x56, 0x4B, 0xD2, 0xA3, 0x45, 0xDF, 0xB0, 0x59, 0x93, 0x19, 0x3E, 0x09, 0x12, 0x97,
    0x20, 0x51, 0x65, 0x28, 0x04, 0x92, 0x7A, 0x22, 0x72, 0x2D, 0x26, 0xD1, 0x7C, 0x24, 0xC5, 0xC3,
    0x0E, 0x5E, 0xDB, 0xD8, 0x34, 0x6C, 0xAA, 0x23, 0xA9, 0x55, 0x4A, 0x5E, 0x69, 0x04, 0x62, 0x31,
    0x4E, 0x39, 0xE7, 0x63, 0xC8, 0x39, 0x8C, 0xE1, 0xB2, 0x50, 0xB1, 0x18, 0x43, 0x5C, 0xC0, 0x38,
    0x0D, 0x1A, 0x73, 0x3D, 0x0C, 0x17, 0x68, 0xEE, 0x68, 0x58, 0x60, 0xA2, 0x38, 0x06, 0x7F, 0x20,
    0x93, 0xEE, 0x20, 0xEC, 0x0E, 0x07, 0x0F, 0x7B, 0xC5, 0xDE, 0xA5, 0xC9, 0xC2, 0xF3, 0x30, 0x5A,
    0x14, 0x1E, 0x5B, 0x10, 0xC3, 0xA5, 0xC4, 0x14, 0xAB, 0xD1, 0xE1, 0x7C, 0x48, 0x67, 0xEA, 0xD2,
    0xA6, 0x8A, 0x30, 0x2A, 0xA1, 0x8D, 0x82, 0xC9, 0x8D, 0x3A, 0x52, 0x34, 0x01, 0x8A, 0x76, 0x49,
    0xF3, 0x84, 0x34, 0xCD, 0x5E, 0x1B, 0x32, 0xA5, 0x33, 0xBA, 0x27, 0x5D, 0x58, 0xCA, 0x2B, 0xE8,
    0x8F, 0xCF, 0x08, 0x35, 0x7C, 0xD2, 0x91, 0xB7, 0x30, 0x5C, 0xAF, 0xDF, 0x80, 0x30, 0x3D, 0x99,
    0x00, 0xD2, 0x02, 0xB7, 0x8C, 0xAC, 0x20, 0x6B, 0x0C, 0xF9, 0xF3, 0x35, 0xAA, 0x9C, 0x78, 0xBC,
    0xB9, 0xDB, 0xC3, 0x0C, 0x28, 0x4E, 0x80, 0xE5, 0x5F, 0xD8, 0x17, 0xEE, 0x85, 0x3D, 0xE1, 0x74,
    0x98, 0x13, 0xF9, 0x57, 0x6E, 0x08, 0xDB, 0xC2, 0xB5, 0x30, 0x6D, 0x79, 0x16, 0x96, 0xC9, 0xF1,
    0xEA, 0xEC, 0x2F, 0x6C, 0x4E, 0x4E, 0x25, 0x32, 0x9F, 0x25, 0x10, 0x79, 0x49, 0xDE, 0x39, 0xB2,
    0xC3, 0xDA, 0x24, 0xA7, 0x31, 0x7B, 0xE7, 0xC6, 0x7B, 0x47, 0xEF, 0x6F, 0x6C, 0xF0, 0x9E, 0xB4,
    0x91, 0x92, 0x3B, 0x25, 0x53, 0x9D, 0x04, 0x50, 0x6E, 0x77, 0x36, 0x1B, 0x17, 0x57, 0xC3, 0x69,
    0x66, 0xBF, 0x05, 0x38, 0xA9, 0x75, 0x16, 0x34, 0xD0, 0xFF, 0xCE, 0xCC, 0x3E, 0xED, 0xA8, 0x1D,
    0x72, 0xCE, 0x66, 0x5B, 0x7B, 0xDA, 0xEB, 0xD7, 0x78, 0xB6, 0xF6, 0x29, 0x93, 0x1C, 0xBD, 0x38,
    0x02, 0x01, 0x54, 0x98, 0xBD, 0xAD, 0xC2, 0xFF, 0x0C, 0x56, 0x7F, 0xA9, 0xBE, 0x2B, 0xE7, 0xC3,
    0x83, 0x57, 0x84, 0xC0, 0x03, 0x69, 0xC2, 0x31, 0xAB, 0xBC, 0xB5, 0xAB, 0x67, 0x41, 0x3C, 0x28,
    0xEA, 0x3E, 0x57, 0x1D, 0xCF, 0x57, 0xCE, 0x49, 0x06, 0x61, 0xC1, 0x15, 0x89, 0x13, 0xE6, 0x69,
    0x35, 0x59, 0x98, 0x0C, 0x16, 0x34, 0xD6, 0xE4, 0xC0, 0x58, 0x01, 0x6C, 0x64, 0xBC, 0xE1, 0x3F,
    0x2C, 0x0C, 0x0A, 0xA1, 0xFC, 0xEE, 0xF0, 0x32, 0x63, 0x4E, 0x0E, 0x8D, 0x39, 0x51, 0x0E, 0x17,
    0x17, 0x74, 0xC5, 0x69, 0xEF, 0x60, 0xD5, 0xA1, 0x23, 0x62, 0x66, 0xB1, 0xD9, 0xA3, 0x31, 0xBC,
    0xBB, 0xA7, 0x4B, 0xE7, 0x28, 0x0F, 0xA7, 0x7A, 0x0B, 0xA8, 0x6F, 0xB0, 0x28, 0x4C, 0xA3, 0xAF,
    0x8B, 0xD9, 0x02, 0xD7, 0xC5, 0xBA, 0xB8, 0x9A, 0x8C, 0x36, 0x0C, 0x22, 0x0F, 0xBF, 0x01, 0x8B,
    0xA1, 0xFA, 0x0C, 0x37, 0xF3, 0x6D, 0xB1, 0x7D, 0x32, 0xDE, 0xCC, 0xB3, 0xA8, 0x31, 0xB9, 0xA6,
    0xA2, 0x39, 0x22, 0x3B, 0xE2, 0xB8, 0x42, 0xF0, 0x8C, 0x57, 0x6A, 0xFE, 0xAA, 0xF3, 0x6C, 0xF5,
    0x61, 0x8D, 0x59, 0x09, 0x6B, 0x0C, 0x39, 0xAC, 0xC3, 0x0E, 0xC4, 0x37, 0x9F, 0x6C, 0xD6, 0xEE,
    0x64, 0xCC, 0x4B, 0x58, 0xAA, 0x7E, 0x74, 0x5C, 0x04, 0xAB, 0x21, 0xD9, 0x43, 0x53, 0x8F, 0xE3,
    0x44, 0xFD, 0x78, 0x75, 0x82, 0x99, 0x77, 0x61, 0xC6, 0x0C, 0xF1, 0x6A, 0xBC, 0xBB, 0x69, 0x34,
    0x02, 0x87, 0x3C, 0x11, 0x60, 0x2D, 0xA6, 0x49, 0xDC, 0x2A, 0x4E, 0xB0, 0x68, 0x60, 0xBC, 0x0C,
    0x6C, 0x97, 0x3C, 0x2B, 0x48, 0xD7, 0xB4, 0x06, 0x4B, 0x6F, 0x70, 0x13, 0xB7, 0x0F, 0x9F, 0x3E,
    0xEC, 0x70, 0xBD, 0x09, 0xA8, 0x32, 0x70, 0x86, 0xF6, 0x13, 0x21, 0x60, 0x50, 0xD1, 0xBF, 0x3A,
    0x6A, 0x4E, 0x4B, 0x53, 0x4E, 0xD1, 0xAE, 0xA9, 0x65, 0xF3, 0x5E, 0x7B, 0x85, 0xD3, 0x47, 0xF4,
    0x9C, 0x99, 0xA0, 0x60, 0x8A, 0xE5, 0x5C, 0xF9, 0x16, 0x2C, 0x6B, 0x01, 0xB5, 0x90, 0xAB, 0x4B,
    0x67, 0x99, 0x9E, 0x3A, 0x68, 0x18, 0x75, 0x60, 0xDA, 0xB7, 0xCE, 0x57, 0xD4, 0xCB, 0xE3, 0xEC,
    0xAA, 0xC4, 0x0A, 0xD9, 0x84, 0x8B, 0x2E, 0x17, 0xD3, 0x2F, 0x59, 0x63, 0xB7, 0x95, 0x18, 0x2B,
    0xB2, 0x2C, 0x06, 0xF6, 0xEF, 0x8A, 0x38, 0x41, 0xB4, 0xDE, 0xAF, 0xCF, 0x77, 0x0A, 0x5C, 0x72,
    0xC9, 0x8E, 0x64, 0x7D, 0xA9, 0x9C, 0xD1, 0xDD, 0x67, 0x7E, 0x46, 0x5D, 0x5F, 0x51, 0x3B, 0x74,
    0x2A, 0x13, 0x42, 0x7B, 0x1E, 0x11, 0x7B, 0xB6, 0x47, 0x66, 0xB3, 0xBC, 0x38, 0xC1, 0x6B, 0x00,
    0x8C, 0x51, 0xB2, 0x37, 0x80, 0x58, 0x06, 0xB0, 0x59, 0xD8, 0x01, 0xD8, 0x8F, 0x43, 0x0D, 0xF0,
    0x28, 0x0E, 0x4E, 0xD0, 0x51, 0x92, 0x02, 0x5A, 0x3D, 0x35, 0x82, 0x82, 0xE8, 0xBD, 0xFF, 0x04,
    0x6C, 0x44, 0x74, 0x89, 0xBB, 0x39, 0x49, 0x9A, 0x9C, 0x84, 0x34, 0xD0, 0x7A, 0x80, 0xF4, 0x75,
    0x89, 0xDC, 0xEE, 0x70, 0xCA, 0x11, 0x49, 0x43, 0x18, 0x08, 0xE8, 0xA2, 0x27, 0x1B, 0xBF, 0xEC,
    0x89, 0x5E, 0x47, 0xDE, 0x4C, 0x99, 0x92, 0x66, 0xF6, 0xEE, 0x48, 0x05, 0x87, 0x1E, 0xA0, 0x4F,
    0x61, 0x67, 0xD5, 0x81, 0x67, 0x9E, 0x4B, 0x3D, 0xCC, 0x41, 0x7B, 0x98, 0xD7, 0x78, 0x48, 0x88,
    0x9B, 0x8B, 0x91, 0xC4, 0x43, 0xBE, 0x50, 0x5E, 0x61, 0xCE, 0xA2, 0xFA, 0x9D, 0x74, 0xB8, 0xBF,
    0x63, 0x86, 0x7B, 0x61, 0x77, 0x05, 0x4A, 0x08, 0x99, 0xEF, 0x88, 0xA2, 0xBF, 0xC4, 0x71, 0x4F,
    0xF9, 0x15, 0x42, 0x97, 0x41, 0x43, 0x8F, 0x8C, 0x5A, 0x07, 0x4E, 0x7C, 0xDD, 0x79, 0x60, 0x65,
    0x78, 0x75, 0x0A, 0x93, 0x93, 0x53, 0x9E, 0x76, 0x79, 0xBC, 0x39, 0xDB, 0xC2, 0x62, 0x32, 0x12,
    0x54, 0x60, 0x90, 0x6E, 0x2B, 0x00, 0xFA, 0xF4, 0x87, 0x23, 0x59, 0xAD, 0xD4, 0x34, 0xB9, 0x69,
    0xDF, 0x9C, 0x6D, 0x8F, 0x51, 0x58, 0x47, 0x57, 0xFE, 0xE2, 0x83, 0xB1, 0x2F, 0xDF, 0xF8, 0xDC,
    0xAD, 0xF3, 0xF7, 0x6B, 0xCD, 0x78, 0x29, 0xE1, 0xB2, 0x3D, 0xDB, 0x78, 0x6E, 0xAA, 0x3A, 0xFD,
    0x05, 0x5A, 0xAB, 0x88, 0xCB, 0xDF, 0x3B, 0xFD, 0x78, 0x6E, 0xBB, 0x9D, 0x77, 0x82, 0xBF, 0xB0,
    0xD3, 0xE5, 0x8E, 0xEA, 0xAE, 0x9B, 0x2E, 0xEF, 0xE2, 0x9A, 0x26, 0x36, 0x68, 0xFC, 0x86, 0xC6,
    0xD5, 0xD9, 0xF2, 0x6A, 0xBF, 0x79, 0xC6, 0x5F, 0x1D, 0xD4, 0x71, 0x76, 0x5F, 0xED, 0xDC, 0xC8,
    0x7B, 0xDD, 0x45, 0x9C, 0x7E, 0xAC, 0x83, 0x2B, 0x6B, 0x3B, 0xE6, 0xC8, 0xE7, 0xDE, 0x55, 0x08,
    0x38, 0x4D, 0x9E, 0xF1, 0x07, 0x21, 0xAE, 0xC1, 0x98, 0xE4, 0x2A, 0xC6, 0xB2, 0xD7, 0x27, 0x3A,
    0x73, 0x9C, 0x37, 0xE6, 0x60, 0x96, 0x96, 0x02, 0x06, 0xE5, 0x0F, 0x06, 0xF8, 0x09, 0x41, 0x08,
    0x1C, 0x72, 0x40, 0x7F, 0x0C, 0x75, 0xD5, 0x6E, 0x9B, 0xBF, 0xDB, 0xA5, 0xEF, 0x76, 0x3F, 0x51,
    0xDB, 0xA2, 0x69, 0xDB, 0xDA, 0xE5, 0xBF, 0x2F, 0x3E, 0xBC, 0x6E, 0x7D, 0x2E, 0x09, 0x8D, 0x15,
    0x54, 0xAB, 0xBC, 0x54, 0x6F, 0xD3, 0xF3, 0x4B, 0x46, 0x0E, 0xA0, 0x0E, 0xE1, 0xDA, 0x2E, 0x6E,
    0x67, 0x3F, 0xB5, 0x21, 0x4E, 0x5C, 0xA8, 0x7D, 0x03, 0x3A, 0xCD, 0x89, 0xC1, 0x67, 0xE6, 0x8F,
    0x47, 0x07, 0xEF, 0xF2, 0x27, 0x7C, 0x49, 0xA2, 0xC3, 0xE2, 0x8A, 0x2B, 0x60, 0x7A, 0x5B, 0xAC,
    0xC1, 0x69, 0x0E, 0xFF, 0xE0, 0xF0, 0xD7, 0x08, 0x35, 0x77, 0xB8, 0x76, 0x18, 0x26, 0x33, 0xCE,
    0x66, 0x10, 0x17, 0x21, 0xEC, 0x26, 0x53, 0xC6, 0x81, 0xD6, 0x1A, 0x1F, 0x0E, 0xC9, 0xD0, 0xC5,
    0x19, 0x5C, 0x52, 0x8C, 0x4B, 0x95, 0x11, 0xAC, 0xFA, 0x3D, 0x97, 0xF2, 0x17, 0x50, 0x45, 0xC3,
    0xD6, 0x0C, 0x01, 0xA5, 0xA1, 0x69, 0x1E, 0x5B, 0x71, 0x6D, 0xC8, 0x8E, 0xA5, 0x6E, 0xBD, 0x96,
    0xB2, 0x09, 0x13, 0x25, 0xAA, 0xB1, 0x42, 0x12, 0x89, 0x2D, 0x07, 0x27, 0x37, 0x6C, 0x46, 0xEC,
    0x28, 0x7E, 0x55, 0x17, 0x71, 0x52, 0x0F, 0x60, 0x4E, 0x3D, 0x50, 0xB6, 0xCE, 0x6E, 0x24, 0x3B,
    0xA0, 0xC6, 0x6F, 0xFC, 0xFF, 0x67, 0x5C, 0x67, 0xA7, 0x0C, 0xF5, 0x31, 0x18, 0xBC, 0x53, 0xDD,
    0x53, 0x81, 0xC4, 0x80, 0xE4, 0xD1, 0x91, 0xC0, 0x3A, 0x93, 0x53, 0x45, 0x99, 0x4D, 0x17, 0xB2,
    0xC3, 0x96, 0x7D, 0x5F, 0xC4, 0xCF, 0xB3, 0xF5, 0xE1, 0x12, 0x73, 0xB6, 0x16, 0x52, 0xD3, 0x14,
    0x5D, 0x1F, 0xD1, 0xDF, 0xCE, 0xB1, 0x3C, 0x9D, 0xE2, 0x44, 0xDC, 0x3A, 0xBA, 0x92, 0xD2, 0xC6,
    0xB4, 0x6E, 0x1B, 0xB4, 0xBA, 0xD6, 0xC9, 0x1A, 0xC6, 0xCD, 0x49, 0x3E, 0xC9, 0xDF, 0xBD, 0x73,
    0x1A, 0xCB, 0x08, 0xFA, 0xF2, 0x71, 0x4E, 0x73, 0x49, 0x9B, 0x2B, 0x37, 0x0B, 0x2B, 0x60, 0x9B,
    0x13, 0xFC, 0xF9, 0xD0, 0x6B, 0x07, 0xB3, 0x08, 0x7E, 0x1A, 0xD8, 0x95, 0x3A, 0x2E, 0xB1, 0x98,
    0xA0, 0xE5, 0x6B, 0x61, 0xAF, 0x76, 0x42, 0xCE, 0xF4, 0x0E, 0x7A, 0x7E, 0xAC, 0x0C, 0xF4, 0xD6,
    0x00, 0xE7, 0x19, 0x27, 0x79, 0xE9, 0xD1, 0xDE, 0x88, 0x8A, 0x21, 0xAD, 0x0D, 0x8E, 0xCB, 0x35,
    0xDA, 0x32, 0x51, 0x69, 0x74, 0x66, 0x2E, 0x9C, 0xDC, 0x5D, 0x9D, 0x60, 0x0E, 0xEF, 0xEF, 0x9B,
    0xF3, 0xF4, 0x64, 0xA3, 0x9A, 0xD2, 0x45, 0xC7, 0x1C, 0x41, 0x69, 0xC2, 0x5A, 0x8E, 0xF2, 0x39,
    0xA3, 0x92, 0x9A, 0x84, 0x2B, 0xE0, 0xA6, 0x3B, 0x8E, 0xDC, 0x60, 0x86, 0x9F, 0xF9, 0x78, 0x42,
    0xBE, 0x40, 0xCA, 0x35, 0xC3, 0x3C, 0x0B, 0xDF, 0x3D, 0xEB, 0xB5, 0x61, 0xF6, 0x57, 0x49, 0x11,
    0x09, 0x21, 0x6C, 0x34, 0xB4, 0x35, 0xDE, 0xB1, 0xAE, 0x6B, 0x00, 0xB4, 0xAC, 0x7C, 0x53, 0x69,
    0x58, 0xAC, 0x4E, 0xA5, 0xCF, 0xF5, 0xA6, 0x6A, 0x4C, 0x9E, 0xDA, 0xD0, 0x57, 0xF4, 0x59, 0x12,
    0x50, 0x5B, 0xD6, 0xC0, 0x51, 0x85, 0xC2, 0x02, 0x6B, 0x14, 0x2C, 0x97, 0x24, 0x35, 0x49, 0x47,
    0x32, 0x80, 0x0C, 0x26, 0x01, 0x49, 0x4B, 0x90, 0xB8, 0x06, 0x09, 0x3B, 0x10, 0x6F, 0x00, 0x71,
    0xCC, 0xAD, 0x72, 0x50, 0xF9, 0x3F, 0x41, 0x62, 0x53, 0x32, 0x55, 0x55, 0x12, 0xF2, 0x80, 0x38,
    0x24, 0x58, 0xAD, 0x3D, 0xFB, 0xBC, 0x6B, 0xF1, 0xB2, 0x04, 0xBC, 0xCA, 0x1A, 0x01, 0x63, 0xCB,
    0x20, 0x52, 0x6F, 0xC9, 0xD4, 0x55, 0xC4, 0xFB, 0x7A, 0xD3, 0x14, 0xC0, 0x24, 0xB5, 0xDE, 0xDD,
    0xAC, 0x75, 0x19, 0x34, 0x3A, 0xF3, 0xDA, 0x17, 0x9E, 0x40, 0x4B, 0x31, 0x1A, 0x59, 0x32, 0x13,
    0xDE, 0x5C, 0xEE, 0xCE, 0xDD, 0xB9, 0xEC, 0x60, 0x53, 0xCF, 0xCA, 0x86, 0x34, 0xBE, 0x32, 0x8A,
    0x89, 0x69, 0xD1, 0xB4, 0x1E, 0x03, 0xAD, 0xCA, 0x3A, 0xA9, 0x78, 0x12, 0xE6, 0x23, 0xDA, 0x3F,
    0x2D, 0x16, 0x80, 0xFA, 0xED, 0x77, 0x4B, 0x97, 0xE6, 0x67, 0xA1, 0x52, 0x3D, 0xA0, 0x9F, 0xEE,
    0x6D, 0xBD, 0x69, 0xD5, 0xC6, 0x80, 0x67, 0x9D, 0x02, 0x49, 0x56, 0xC5, 0xF3, 0xB0, 0xCB, 0x86,
    0x62, 0xBC, 0xA6, 0xAF, 0xC2, 0x07, 0xAC, 0xEB, 0xD8, 0x14, 0xEF, 0x60, 0x05, 0x57, 0x37, 0xD3,
    0xDD, 0xB4, 0xBE, 0x94, 0x16, 0x21, 0xC2, 0xB7, 0xCC, 0x07, 0x5A, 0x4E, 0x84, 0x78, 0x27, 0x22,
    0xDA, 0xAA, 0x8C, 0x93, 0xEC, 0x70, 0x6A, 0xE1, 0x6B, 0xB1, 0xDA, 0x4B, 0x12, 0x46, 0x87, 0x9C,
    0xA9, 0x9A, 0x39, 0x99, 0x9A, 0x61, 0x66, 0x6D, 0x74, 0x09, 0x12, 0xC1, 0x6C, 0x9A, 0xA0, 0x03,
    0x71, 0x69, 0x1A, 0x94, 0xF9, 0x18, 0x44, 0x7F, 0x57, 0x8F, 0x31, 0xA6, 0x4F, 0xE2, 0x92, 0x28,
    0x21, 0xDA, 0xA6, 0xC5, 0xEF, 0xD9, 0x72, 0xC5, 0x3E, 0x42, 0x4F, 0xEE, 0x71, 0xFD, 0x89, 0x47,
    0x84, 0xFD, 0x38, 0xDB, 0x7C, 0x51, 0x11, 0xA7, 0x73, 0xB3, 0x81, 0x98, 0x10, 0xA6, 0xB0, 0x75,
    0x08, 0xEB, 0x22, 0xD3, 0xF9, 0x5A, 0xF2, 0x4D, 0x62, 0x6F, 0xC4, 0x5D, 0xEE, 0x64, 0x0C, 0xDF,
    0x98, 0x9B, 0x86, 0x79, 0x61, 0xCC, 0x59, 0xC2, 0xDC, 0xA7, 0x35, 0xC0, 0x26, 0xB0, 0x67, 0x01,
    0x45, 0x4E, 0x99, 0x7A, 0x93, 0xBA, 0x82, 0x4D, 0x73, 0x1D, 0x24, 0xD0, 0x37, 0xC7, 0x20, 0xD4,
    0xF6, 0x7A, 0x04, 0xDD, 0x7E, 0x07, 0xB1, 0x47, 0x6D, 0x08, 0xBC, 0x57, 0xDB, 0xB4, 0x76, 0xCE,
    0xA7, 0x22, 0xA9, 0x4A, 0xBF, 0xBA, 0xAF, 0x50, 0x6C, 0x89, 0x9A, 0x4A, 0xC5, 0xB6, 0x02, 0xE2,
    0x32, 0x55, 0x12, 0xD0, 0xBF, 0xC7, 0xFD, 0x26, 0xB0, 0x51, 0x89, 0x18, 0x29, 0x4F, 0xD4, 0x08,
    0x5D, 0x98, 0x75, 0xDD, 0x47, 0x18, 0x2D, 0x23, 0xC4, 0xE7, 0x54, 0x35, 0x0C, 0xDE, 0x25, 0x47,
    0xCF, 0xA0, 0xDD, 0x1A, 0xD5, 0x79, 0xBD, 0x11, 0xC8, 0xEA, 0x11, 0x9A, 0xB7, 0xE9, 0x20, 0x2E,
    0x9D, 0x79, 0x3A, 0x68, 0xA9, 0x9C, 0xBB, 0x95, 0x5F, 0x40, 0xB6, 0xD4, 0x62, 0xA9, 0x77, 0x68,
    0x29, 0x9C, 0xDD, 0x3E, 0x37, 0xCE, 0x2F, 0x49, 0x91, 0x37, 0x86, 0x0F, 0xEF, 0xB0, 0x5E, 0xBC,
    0x86, 0x1E, 0xA7, 0x64, 0x1D, 0x56, 0x25, 0x3F, 0x88, 0xE0, 0xC3, 0xDF, 0x61, 0xEE, 0xE3, 0x2F,
    0x69, 0xBF, 0x6E, 0x41, 0xDF, 0x7B, 0x82, 0x94, 0x3B, 0xAF, 0xA8, 0xF3, 0x94, 0xBE, 0x33, 0xC3,
    0x27, 0x53, 0x12, 0xF4, 0x4B, 0x56, 0x07, 0x5F, 0x81, 0x7C, 0x55, 0x51, 0x2F, 0x56, 0x04, 0x03,
    0xD7, 0x36, 0xF1, 0xCE, 0x2F, 0x74, 0xC6, 0x2F, 0xA3, 0xE6, 0x5F, 0xC6, 0x8C, 0x5F, 0xC5, 0xFE,
    0x2F, 0x56, 0x55, 0xE4, 0x91, 0x34, 0xD9, 0xFF, 0x3A, 0xE6, 0x8D, 0x5F, 0xA1, 0x99, 0xE5, 0xDF,
    0xCE, 0x24, 0x21, 0x25, 0x48, 0xD5, 0x7E, 0x45, 0xD2, 0x2D, 0xF9, 0xC4, 0x81, 0xB1, 0xFC, 0xD6,
    0x16, 0x43, 0xBE, 0x67, 0xE5, 0xAE, 0xDF, 0x34, 0xB2, 0xC8, 0x61, 0x03, 0xFC, 0x8E, 0x1C, 0x27,
    0x6E, 0x47, 0x9E, 0x67, 0x9F, 0xF6, 0x46, 0xE2, 0xB6, 0xC1, 0x7E, 0xC9, 0x7F, 0xB3, 0xD9, 0x83,
    0xDC, 0x26, 0x76, 0xC1, 0xBD, 0x6C, 0x0D, 0x68, 0x42, 0xD3, 0x4A, 0x06, 0x98, 0x65, 0x2A, 0x74,
    0xFB, 0x15, 0xFB, 0xC3, 0x2C, 0xA4, 0x4C, 0x75, 0x27, 0xF3, 0x0A, 0x83, 0xC5, 0x85, 0x88, 0xC5,
    0xC6, 0x32, 0xA6, 0x24, 0x2B, 0x38, 0x4F, 0xD7, 0x80, 0x2F, 0xD8, 0x7C, 0x75, 0xA0, 0xC6, 0xE7,
    0xEE, 0xCD, 0xFB, 0x41, 0xE2, 0x0C, 0x1C, 0xD9, 0x58, 0xBB, 0xB3, 0x64, 0xF6, 0x90, 0x71, 0x86,
    0xDB, 0xDB, 0x92, 0xD3, 0x44, 0xF6, 0x8A, 0x84, 0xA9, 0x64, 0x8B, 0x32, 0xB5, 0x97, 0x61, 0x67,
    0xF0, 0x81, 0xA5, 0x00, 0x23, 0xFE, 0x98, 0x00, 0xFD, 0xAA, 0xDF, 0xE8, 0xB4, 0x83, 0x4D, 0xD2,
    0xBB, 0x0F, 0xE0, 0xE6, 0xEC, 0x84, 0x1E, 0x7F, 0x24, 0xF4, 0x77, 0x4B, 0x1E, 0x72, 0x20, 0xA6,
    0x9A, 0xFE, 0xDD, 0x69, 0x27, 0xA3, 0x1D, 0xE0, 0xDE, 0xEA, 0xCF, 0x7B, 0x15, 0x7E, 0x6D, 0x2B,
    0x67, 0xE1, 0xF0, 0x81, 0xEC, 0x6A, 0x98, 0x4A, 0xD1, 0xCF, 0x3D, 0xA1, 0xA6, 0x63, 0x3C, 0x64,
    0x3D, 0x7B, 0x61, 0x3D, 0x7B, 0x7E, 0xC8, 0xB3, 0xAF, 0xCF, 0x67, 0xAC, 0x89, 0xA6, 0x55, 0xA8,
    0xBB, 0x69, 0x04, 0x4C, 0x78, 0x2D, 0x77, 0x22, 0x5E, 0x77, 0x8B, 0xF8, 0xE3, 0x22, 0x64, 0xB6,
    0x55, 0x29, 0x49, 0x10, 0x9D, 0x56, 0x70, 0xE3, 0x6A, 0x27, 0x33, 0x89, 0x6C, 0x8F, 0x60, 0xB6,
    0x98, 0xE1, 0x73, 0xFC, 0x5F, 0xF1, 0x08, 0x5C, 0xC7, 0x58, 0x67, 0x5D, 0x5A, 0xF8, 0x2D, 0xD4,
    0xFC, 0xCE, 0x14, 0xD2, 0xE8, 0x86, 0xA6, 0x8A, 0x31, 0xB7, 0x29, 0x1C, 0x8E, 0xDB, 0x61, 0x29,
    0x9C, 0x08, 0x87, 0x98, 0xD5, 0xE9, 0x77, 0x58, 0x1F, 0xA9, 0xA2, 0x0E, 0x53, 0xD1, 0xC4, 0x58,
    0x53, 0xEE, 0x81, 0x2A, 0xFE, 0x23, 0x5B, 0x50, 0xF5, 0xC6, 0x94, 0x2C, 0x11, 0x1B, 0xEB, 0x10,
    0x39, 0xCC, 0x96, 0x91, 0x52, 0x6A, 0x16, 0x97, 0x69, 0xA1, 0x8B, 0x40, 0x40, 0x06, 0x6C, 0x03,
    0xAE, 0xD9, 0x1A, 0x8C, 0xAD, 0xC1, 0xA6, 0xC5, 0x5B, 0x78, 0x29, 0xCD, 0xA2, 0x42, 0x3F, 0x35,
    0x19, 0x73, 0xCE, 0x2E, 0x0B, 0x0B, 0x2B, 0xA3, 0x1A, 0x30, 0xD0, 0xCC, 0x99, 0xFB, 0xC9, 0x95,
    0x53, 0x86, 0xE7, 0xC7, 0x0B, 0x6B, 0x84, 0xF9, 0x98, 0xDD, 0xA8, 0xD1, 0x5F, 0x76, 0xDD, 0xB2,
    0xB7, 0x08, 0x3E, 0xCE, 0x63, 0xCC, 0x12, 0xDB, 0x8F, 0x71, 0xE9, 0xE3, 0xD1, 0xE7, 0x9E, 0x75,
    0xAC, 0x94, 0x5D, 0x3C, 0xB6, 0xCB, 0xF3, 0xC2, 0xE8, 0xCB, 0xEA, 0xD8, 0xEE, 0x4E, 0x42, 0xC8,
    0x23, 0x39, 0x8D, 0x73, 0xD4, 0x29, 0xB7, 0xF8, 0x99, 0xF2, 0x9E, 0x74, 0x22, 0x07, 0xF2, 0xA3,
    0xAE, 0x25, 0x0B, 0x93, 0xC3, 0x45, 0x78, 0xAC, 0x44, 0xD3, 0x15, 0x0B, 0x89, 0xC5, 0x93, 0x7A,
    0xCF, 0x0C, 0x0D, 0x5F, 0x8E, 0x88, 0x11, 0x93, 0x4D, 0x15, 0x81, 0xA4, 0x80, 0x8A, 0x89, 0x38,
    0x62, 0x6A, 0x98, 0xC6, 0xC2, 0x71, 0xB9, 0xBF, 0x6D, 0xF3, 0xAD, 0x1A, 0xCE, 0xB3, 0x53, 0xC7,
    0x1F, 0xFD, 0x25, 0x17, 0x9C, 0x61, 0xF0, 0xF0, 0xA4, 0x10, 0xB7, 0x16, 0xB7, 0xF9, 0xD8, 0x8A,
    0x9A, 0x9F, 0x75, 0xA6, 0x15, 0xF4, 0x77, 0x2C, 0xE4, 0x8A, 0xCF, 0xE9, 0xC7, 0xED, 0x6E, 0xCB,
    0xE3, 0x93, 0x69, 0x02, 0x97, 0xC5, 0x63, 0xFA, 0xCA, 0x5F, 0x15, 0xA2, 0x41, 0x4D, 0x8E, 0xC1,
    0xF7, 0x38, 0x2F, 0x91, 0x4B, 0xA6, 0x95, 0x61, 0x43, 0xC1, 0x83, 0x91, 0x84, 0xFE, 0xF3, 0xCF,
    0xFE, 0x92, 0x72, 0x25, 0xEB, 0xD6, 0x0A, 0x7C, 0x38, 0x1D, 0x23, 0x81, 0xDD, 0xD1, 0x31, 0xDF,
    0xC8, 0x38, 0x64, 0x27, 0x67, 0xE4, 0xD9, 0x72, 0xF1, 0xCD, 0x16, 0xF4, 0x0B, 0x87, 0x3F, 0x6C,
    0x1D, 0x23, 0x17, 0x05, 0xC4, 0xE7, 0x98, 0x77, 0xB9, 0x8F, 0xE5, 0xFB, 0x5A, 0xF9, 0xFF, 0xE3,
    0x8E, 0x93, 0x0A, 0x30, 0xC0, 0xC9, 0x56, 0xF6, 0x72, 0x8E, 0x5A, 0x80, 0x4E, 0x22, 0xD8, 0xE7,
    0xD4, 0x84, 0xAF, 0xA5, 0x49, 0xCE, 0xDC, 0xA3, 0xC6, 0x32, 0x51, 0xF1, 0xF0, 0x50, 0x20, 0x59,
    0xCB, 0xF5, 0xC7, 0x8D, 0x8B, 0xC3, 0x54, 0x11, 0xEA, 0xFD, 0x2C, 0x30, 0x1F, 0x71, 0x49, 0x16,
    0xE1, 0x97, 0x26, 0xF3, 0x93, 0x0F, 0xC6, 0x2A, 0x83, 0xB3, 0x85, 0xE0, 0xA5, 0xD6, 0x88, 0xDA,
    0x5E, 0x70, 0xD6, 0x1A, 0xE1, 0x5D, 0x5C, 0xC5, 0x04, 0x3C, 0x25, 0x40, 0x6B, 0xE6, 0x98, 0x71,
    0x2B, 0x26, 0x63, 0x09, 0x81, 0x80, 0xEE, 0x94, 0x10, 0x5B, 0x32, 0x77, 0xD3, 0x26, 0x17, 0x7F,
    0xDF, 0x26, 0x97, 0x85, 0x70, 0x26, 0x53, 0x57, 0x23, 0x7E, 0x70, 0xFA, 0xCD, 0x29, 0x7E, 0x88,
    0xFB, 0x11, 0xBE, 0x2D, 0x97, 0x47, 0xAF, 0x08, 0x93, 0xC3, 0x9B, 0x60, 0x16, 0xC3, 0x63, 0x32,
    0x61, 0x2C, 0x89, 0x8C, 0x6E, 0x32, 0x9D, 0xFF, 0x0E, 0x01, 0x50, 0x2C, 0x0B, 0x67, 0xCA, 0x58,
    0x2D, 0x5F, 0xA2, 0x92, 0x18, 0x4F, 0x31, 0xB0, 0xCF, 0x01, 0x23, 0xDA, 0x9B, 0xF6, 0x37, 0x2B,
    0x31, 0xCE, 0x82, 0x38, 0x17, 0xAB, 0x1B, 0x7C, 0x81, 0x56, 0xA3, 0xAF, 0x68, 0x54, 0x3E, 0x42,
    0xDB, 0xEB, 0xF4, 0x73, 0x97, 0xD4, 0x0F, 0xC3, 0x74, 0xE4, 0x01, 0xC9, 0xDD, 0x02, 0x36, 0x84,
    0x53, 0xE8, 0x60, 0xD2, 0xB7, 0xAF, 0x2C, 0x4C, 0x95, 0xAF, 0x9C, 0x13, 0x27, 0xFD, 0x01, 0x4E,
    0x64, 0x3F, 0x61, 0x37, 0xE5, 0x62, 0xDD, 0x66, 0x9B, 0x2E, 0x80, 0x12, 0x93, 0x3A, 0x64, 0x5A,
    0xA8, 0xD3, 0xF2, 0xD3, 0x1C, 0xE5, 0xA7, 0xDB, 0x2B, 0xF9, 0x87, 0x7F, 0xCB, 0x98, 0x16, 0xC3,
    0xDA, 0x2F, 0xA4, 0xB8, 0xB1, 0x07, 0x3A, 0xA7, 0x1D, 0xA3, 0x76, 0x13, 0x30, 0x66, 0xF6, 0xDF,
    0x92, 0xCE, 0x7B, 0x83, 0xFB, 0xD9, 0xED, 0xA4, 0x6E, 0xCB, 0x9E, 0x0D, 0xB7, 0x93, 0x6D, 0x0A,
    0x88, 0xB8, 0x0B, 0x49, 0xDC, 0x01, 0x47, 0xAF, 0xA9, 0xA0, 0x8D, 0x4B, 0xC0, 0xD6, 0xB0, 0x8E,
    0xA4, 0x94, 0x53, 0x87, 0x88, 0x61, 0x93, 0xB8, 0x0A, 0x10, 0xE3, 0x01, 0x5B, 0xF8, 0x9D, 0xCF,
    0x2F, 0xAF, 0x0B, 0x4D, 0x95, 0x67, 0x6E, 0x1F, 0x7D, 0x5D, 0xB3, 0x6A, 0x14, 0x7F, 0xD9, 0x10,
    0xB9, 0xEB, 0xDF, 0x13, 0x0C, 0xE5, 0xC6, 0xE5, 0x38, 0x21, 0x59, 0x49, 0xF9, 0x74, 0x2A, 0x6F,
    0x64, 0x3D, 0x11, 0xB0, 0x22, 0x56, 0x91, 0xAF, 0x5A, 0xB6, 0x83, 0xC1, 0xB6, 0x04, 0x73, 0x18,
    0x20, 0x19, 0xC6, 0x71, 0x5F, 0xB8, 0x57, 0x3F, 0x92, 0x50, 0xE3, 0xCA, 0xC4, 0x16, 0x0B, 0xC2,
    0x6E, 0xC6, 0xEC, 0x5B, 0x58, 0xE9, 0xCC, 0xC1, 0xEA, 0xC0, 0xDC, 0x14, 0x71, 0x11, 0x97, 0x71,
    0xC1, 0x59, 0xD2, 0x55, 0x9A, 0x85, 0x75, 0xCA, 0xFC, 0x57, 0xCB, 0xB4, 0x97, 0xD7, 0x0D, 0x4F,
    0xE1, 0x6A, 0x87, 0x5D, 0xA9, 0x52, 0x35, 0xB2, 0xDD, 0xAA, 0xCE, 0x05, 0x39, 0xB1, 0x1B, 0x5D,
    0x6A, 0x09, 0x76, 0x04, 0x28, 0x25, 0xE1, 0x3C, 0x46, 0x3C, 0xB4, 0xB3, 0x20, 0x95, 0x9D, 0x05,
    0x5E, 0xC1, 0x59, 0x5B, 0x65, 0x71, 0x39, 0x2A, 0xE0, 0xC1, 0x74, 0x81, 0x97, 0x01, 0xA0, 0x30,
    0x31, 0x2A, 0xE8, 0x24, 0xFF, 0x4D, 0x0B, 0x62, 0x36, 0x99, 0x65, 0xB0, 0x7B, 0xE7, 0x93, 0x09,
    0x79, 0x74, 0xCF, 0xDC, 0x86, 0x70, 0x94, 0x38, 0x12, 0xEF, 0x95, 0x16, 0xD9, 0x33, 0x41, 0xD2,
    0xDE, 0x57, 0x6A, 0xEB, 0x47, 0x2F, 0xA3, 0x35, 0x8D, 0xAE, 0x62, 0xA2, 0xC7, 0x26, 0x94, 0xE0,
    0xFC, 0x9B, 0x46, 0xAD, 0x89, 0xDA, 0xD4, 0xE1, 0xB7, 0x79, 0x15, 0x09, 0x3A, 0x1D, 0xA0, 0x24,
    0xE0, 0xF6, 0x37, 0xDC, 0xFE, 0x35, 0xB0, 0x57, 0x21, 0x8F, 0xA7, 0x00, 0x71, 0x79, 0x1C, 0x8F,
    0x65, 0xC1, 0x29, 0xCF, 0xEA, 0xC8, 0xEE, 0x31, 0xC1, 0x50, 0x8C, 0x75, 0x67, 0x08, 0x35, 0x09,
    0x6F, 0x32, 0x02, 0x1D, 0x6E, 0x23, 0x96, 0xDB, 0xC3, 0x5C, 0x4C, 0xB2, 0xB4, 0xCA, 0xF9, 0xA6,
    0x33, 0x2A, 0x7D, 0x67, 0x37, 0xB3, 0xD9, 0x0C, 0xE7, 0xA1, 0xEB, 0x76, 0x9B, 0xCE, 0x13, 0xEE,
    0x93, 0x63, 0xFA, 0x49, 0x36, 0x66, 0xA4, 0xC6, 0x98, 0xE7, 0x86, 0x6C, 0x2B, 0x1B, 0x1B, 0x92,
    0x86, 0xC1, 0x59, 0x46, 0xE2, 0xE5, 0x8D, 0x05, 0x95, 0xE1, 0x68, 0x93, 0xB9, 0x7E, 0x18, 0x59,
    0x0E, 0xB6, 0x97, 0xE8, 0x89, 0x3C, 0x4F, 0x6C, 0x56, 0xC5, 0x73, 0x54, 0x60, 0xA1, 0x6F, 0x33,
    0x6E, 0x4F, 0x93, 0xAD, 0x1B, 0xCB, 0xE3, 0x6E, 0xFF, 0x46, 0xCF, 0x8B, 0x63, 0x0A, 0x60, 0x21,
    0x5C, 0xB5, 0x54, 0x98, 0x94, 0x76, 0x24, 0xE6, 0xB0, 0x83, 0x76, 0xD9, 0xAC, 0xB9, 0xE5, 0xCD,
    0x63, 0xE3, 0xA2, 0xB3, 0xB2, 0xF7, 0x7F, 0xCD, 0x59, 0xBF, 0x93, 0xDE, 0x46, 0x19, 0x7E, 0x25,
    0xD9, 0xA7, 0x24, 0x2A, 0xE4, 0xC2, 0x1E, 0x72, 0xC9, 0x4C, 0x44, 0xE1, 0xC2, 0x4D, 0x46, 0xFF,
    0x40, 0x1C, 0x89, 0x2A, 0x05, 0x45, 0xAE, 0xC8, 0x55, 0x34, 0x2E, 0xD2, 0x40, 0x73, 0x0D, 0x85,
    0x0B, 0xDB, 0xD2, 0x7F, 0x60, 0x37, 0x50, 0x40, 0x81, 0x8B, 0x34, 0xFE, 0x52, 0x5C, 0x0A, 0x0A,
    0x98, 0x39, 0x4E, 0xA2, 0xA2, 0x8C, 0x06, 0xC6, 0x50, 0xA4, 0x40, 0x33, 0x84, 0x19, 0x26, 0x29,
    0xBC, 0x85, 0x18, 0x64, 0x5B, 0xD2, 0xF2, 0x3C, 0xEF, 0xAE, 0x3E, 0x9F, 0x7F, 0x4C, 0x3C, 0x98,
    0xF3, 0xC1, 0x77, 0xDA, 0xD5, 0xDE, 0x77, 0xD2, 0xEE, 0xFB, 0xF3, 0x79, 0x9F, 0xDD, 0x13, 0x91,
    0xA8, 0x13, 0x91, 0xB8, 0x47, 0x97, 0xF4, 0x12, 0x1E, 0xDB, 0x4E, 0x72, 0x6B, 0xDB, 0xC0, 0x5A,
    0x5B, 0xC6, 0xE8, 0xBA, 0x74, 0x91, 0xCA, 0xE4, 0x46, 0xD2, 0xA9, 0x68, 0x25, 0x9A, 0xAA, 0x5A,
    0xC2, 0xA5, 0x29, 0x45, 0xAC, 0x95, 0xE7, 0xBB, 0xA6, 0x96, 0xC0, 0x56, 0x78, 0x6E, 0x2E, 0x7A,
    0x89, 0xA7, 0x6C, 0x94, 0x6C, 0x4C, 0xED, 0xCF, 0xAD, 0x89, 0x30, 0x55, 0x2B, 0x0D, 0x9F, 0xCA,
    0xEC, 0x80, 0x47, 0x2F, 0x09, 0x3F, 0x39, 0xBB, 0xC2, 0x77, 0xF9, 0x63, 0x2B, 0xA1, 0xB5, 0x93,
    0x24, 0x16, 0x8F, 0xE4, 0xF3, 0xC1, 0x24, 0x45, 0x17, 0xCD, 0x82, 0xD5, 0x2C, 0x7E, 0x5C, 0xD7,
    0x9C, 0xE8, 0x1A, 0x7E, 0x57, 0xB5, 0xE1, 0x22, 0xC5, 0x90, 0x4E, 0x92, 0xF2, 0x35, 0x2C, 0x04,
    0x85, 0x9A, 0x05, 0x53, 0x06, 0xA5, 0xAE, 0x21, 0x57, 0xB7, 0x8B, 0x34, 0x17, 0xA1, 0xE5, 0x7C,
    0x8C, 0xDF, 0x26, 0x4C, 0x50, 0xF4, 0xEC, 0xEA, 0xFF, 0xB8, 0x2B, 0xD1, 0x55, 0x25, 0x54, 0xB5,
    0x90, 0x2F, 0xB4, 0x92, 0x2F, 0x87, 0xBA, 0xF8, 0xC8, 0xC5, 0x61, 0xC8, 0x6A, 0x91, 0xED, 0x27,
    0x6A, 0x9D, 0x61, 0x45, 0xD2, 0x7E, 0x17, 0xB6, 0x69, 0x8B, 0x32, 0xB2, 0x75, 0x51, 0xC7, 0x90,
    0xB9, 0x8E, 0x87, 0x97, 0x77, 0x46, 0x8A, 0x36, 0x35, 0x92, 0xF7, 0x74, 0x01, 0x75, 0x83, 0x53,
    0x68, 0xE4, 0x19, 0x53, 0x9E, 0x2F, 0xE5, 0xB9, 0xCF, 0x98, 0xD6, 0x7E, 0xD4, 0x34, 0xEB, 0x9F,
    0xF3, 0x79, 0xFD, 0x6B, 0x3A, 0xAE, 0xA3, 0xE0, 0x8E, 0xC8, 0x3B, 0x9B, 0xCF, 0x44, 0x76, 0x36,
    0x9B, 0x7B, 0x74, 0x4C, 0x2B, 0x05, 0x7C, 0x54, 0x5B, 0xEA, 0xC1, 0x51, 0x8B, 0x36, 0xC3, 0x59,
    0x88, 0x03, 0x8B, 0x45, 0xA9, 0xCB, 0xA2, 0x5E, 0xC0, 0xFC, 0x30, 0x36, 0x0D, 0x01, 0xDD, 0x0A,
    0xC3, 0x51, 0x4E, 0x93, 0xB7, 0x1C, 0x65, 0x3D, 0x64, 0xA3, 0xBF, 0xA0, 0x2F, 0x5F, 0xD0, 0x11,
    0x83, 0x67, 0x1D, 0x41, 0x0D, 0xFF, 0x5C, 0xD5, 0xE9, 0x28, 0xEF, 0x75, 0x4A, 0xCE, 0xD7, 0x45,
    0x1A, 0x44, 0xB0, 0x60, 0xCB, 0x17, 0x30, 0x0A, 0x6C, 0xCD, 0x17, 0xC4, 0xEE, 0x1F, 0xC0, 0xD3,
    0xFF, 0xDC, 0xFF, 0x04, 0x71, 0x86, 0x00, 0x41, 0x67, 0xD9, 0x19, 0x1D, 0x95, 0x15, 0x1A, 0x55,
    0xB0, 0x4E, 0xB5, 0x24, 0xE8, 0x9D, 0x6A, 0xE9, 0x5F, 0x8C, 0xD3, 0x2C, 0x46, 0x53, 0xC5, 0x42,
    0xCA, 0x46, 0xBD, 0xE4, 0xC7, 0x9C, 0x3E, 0x76, 0x6F, 0xA8, 0x56, 0x97, 0x38, 0x39, 0x95, 0xD2,
    0xB9, 0xA9, 0x93, 0x1F, 0x64, 0x7D, 0xE3, 0x06, 0x29, 0x43, 0x7A, 0x55, 0x68, 0xF0, 0x03, 0xC4,
    0xB9, 0x53, 0xC7, 0xE9, 0x9F, 0xF7, 0x81, 0x5D, 0x95, 0x99, 0x56, 0x5D, 0x06, 0xAF, 0x0A, 0x9E,
    0x75, 0x9A, 0x34, 0xF7, 0x9F, 0x28, 0xA2, 0x7A, 0x04, 0x5B, 0x35, 0xBC, 0x16, 0x97, 0xE5, 0xA7,
    0x09, 0xEF, 0xB3, 0x1C, 0x17, 0x74, 0x23, 0xC2, 0x45, 0xA3, 0x6A, 0x51, 0x53, 0xF2, 0x1E, 0xDE,
    0x75, 0x77, 0x7E, 0xAA, 0x7E, 0x09, 0xF6, 0xF7, 0xF7, 0x22, 0xBB, 0x2C, 0x08, 0x8F, 0x01, 0x71,
    0xB2, 0x20, 0x87, 0xC6, 0xFC, 0x61, 0xB3, 0x20, 0x24, 0x87, 0xA2, 0x45, 0xB8, 0x41, 0xD2, 0x06,
    0xA9, 0x4B, 0x47, 0x59, 0xBE, 0x07, 0x39, 0x17, 0xDE, 0x21, 0xA6, 0xDE, 0x9D, 0x46, 0x0B, 0x15,
    0xD2, 0xE7, 0xA0, 0x4F, 0x55, 0x47, 0x0B, 0xD5, 0x29, 0x4C, 0xB6, 0x44, 0xCB, 0x7E, 0x99, 0xF9,
    0x79, 0xB1, 0xC6, 0x92, 0xAA, 0xF8, 0xE3, 0x11, 0xD7, 0x93, 0xF3, 0xCE, 0xF0, 0x17, 0xB5, 0x7F,
    0x43, 0x8E, 0xC5, 0x65, 0x9C, 0xB3, 0x6E, 0x55, 0x9E, 0xCD, 0xBD, 0xD1, 0xFB, 0x48, 0x98, 0xD8,
    0x6C, 0x42, 0xFB, 0xA3, 0x85, 0xB6, 0xFC, 0xBD, 0xB7, 0x72, 0xD7, 0x20, 0x58, 0x60, 0xE0, 0x36,
    0xB3, 0x3E, 0x3F, 0x3E, 0x71, 0xF2, 0x16, 0x2A, 0xAD, 0x7B, 0xD7, 0xCD, 0xB4, 0x2B, 0xDB, 0xA8,
    0xF0, 0x63, 0xA7, 0x49, 0x55, 0xBE, 0x62, 0xBF, 0xD9, 0xB0, 0xC7, 0xDA, 0xDA, 0x77, 0x15, 0x1D,
    0x8D, 0xB1, 0x93, 0x7D, 0x5D, 0x09, 0xA0, 0xA7, 0x09, 0x3A, 0x3F, 0x49, 0xD3, 0xE4, 0x8E, 0x5C,
    0xA1, 0x47, 0x26, 0x1B, 0xCC, 0xBC, 0xE4, 0x53, 0x0D, 0x2D, 0xF4, 0xEB, 0x37, 0x2F, 0xBB, 0x6E,
    0x06, 0xB3, 0xE0, 0x02, 0x86, 0x66, 0xC0, 0xD2, 0x91, 0xBE, 0x7D, 0xAF, 0x84, 0xD6, 0xA1, 0xB0,
    0x01, 0x3E, 0xD3, 0x96, 0x0D, 0x26, 0x49, 0x91, 0x8C, 0x59, 0x07, 0x78, 0xF1, 0x03, 0xB3, 0x0E,
    0xA6, 0x75, 0xB0, 0xF8, 0xC1, 0x62, 0x4B, 0x3F, 0xA8, 0x3A, 0x3F, 0xC8, 0x8D, 0x1F, 0xA4, 0x93,
    0x1F, 0x44, 0x8B, 0x1F, 0x04, 0xF6, 0x63, 0x37, 0x90, 0xE6, 0x4B, 0x3F, 0xC8, 0xAD, 0x1F, 0xA4,
    0x1C, 0xE4, 0x18, 0x44, 0xB6, 0xFB, 0x10, 0x89, 0xC7, 0x98, 0xEC, 0xAA, 0x3F, 0xDB, 0x96, 0x41,
    0xDA, 0x01, 0x83, 0x10, 0xFD, 0xC8, 0xA3, 0x0C, 0x32, 0xDC, 0xA0, 0x98, 0x31, 0xC1, 0x55, 0x3F,
    0x97, 0xD4, 0x77, 0x21, 0xBE, 0x53, 0x1D, 0x20, 0x1D, 0x35, 0xF0, 0xF2, 0xEF, 0x94, 0x5E, 0x7A,
    0x95, 0x1D, 0xBF, 0x51, 0xF2, 0xB4, 0x55, 0xB9, 0xBD, 0xD4, 0x5E, 0x66, 0x2F, 0xB1, 0x97, 0xD7,
    0x4B, 0xEB, 0x65, 0xF5, 0x92, 0x7A, 0x39, 0x33, 0x27, 0x25, 0x6F, 0x81, 0xBB, 0x41, 0xC2, 0xAC,
    0x73, 0xF2, 0x75, 0x37, 0x9C, 0x10, 0x2A, 0x9A, 0xBF, 0x11, 0x1B, 0x21, 0xA1, 0xD5, 0x5B, 0xE4,
    0x62, 0x2E, 0x72, 0xC9, 0x1A, 0x7C, 0xED, 0x2A, 0x83, 0x51, 0x1F, 0xB3, 0x16, 0x4A, 0xAC, 0x7D,
    0x78, 0xC7, 0x69, 0xB7, 0x8B, 0xEC, 0x0B, 0xEE, 0x14, 0x07, 0xB6, 0x8D, 0x0C, 0xAC, 0x60, 0xE2,
    0xA1, 0x78, 0x78, 0xC0, 0xBE, 0x4B, 0x06, 0xF4, 0x75, 0x34, 0xBE, 0x42, 0x5F, 0xB2, 0xCF, 0x25,
    0x34, 0xF1, 0x89, 0x15, 0x53, 0x95, 0xA1, 0xD1, 0xDE, 0xAA, 0xE0, 0x4E, 0xD2, 0xDF, 0x7A, 0x3B,
    0x7F, 0x18, 0xC1, 0xE2, 0xF9, 0x83, 0x8E, 0xD1, 0x59, 0xAE, 0x0A, 0x7C, 0xCA, 0xEE, 0x1A, 0x15,
    0x99, 0x56, 0xA5, 0x14, 0xB7, 0xF5, 0x91, 0x94, 0x1A, 0xE7, 0xEC, 0x8A, 0xBF, 0xB2, 0x14, 0x7E,
    0x4C, 0xB8, 0xE7, 0x62, 0x0B, 0x70, 0x26, 0x9C, 0xC2, 0x49, 0xA2, 0x11, 0x21, 0x4D, 0x66, 0xC1,
    0x72, 0x66, 0x6B, 0x76, 0x6D, 0xFE, 0xCD, 0xE6, 0xB0, 0x2B, 0xE0, 0x43, 0x03, 0x7F, 0x26, 0x06,
    0x53, 0x46, 0xC3, 0x11, 0x0C, 0x62, 0x9C, 0x18, 0x5F, 0xBC, 0x07, 0x20, 0xAC, 0x30, 0x1B, 0x16,
    0xCC, 0x31, 0xD7, 0x8E, 0x37, 0x54, 0xD5, 0x1F, 0x01, 0xF2, 0x66, 0xC2, 0x1D, 0xA1, 0x8E, 0x30,
    0x47, 0xE8, 0x22, 0x8C, 0x2D, 0xBE, 0x71, 0xCC, 0xEF, 0x08, 0x65, 0x84, 0x31, 0x42, 0x18, 0xE1,
    0x8B, 0xD0, 0xE5, 0x61, 0xEB, 0x6A, 0xDC, 0x15, 0x0F, 0xDA, 0xD4, 0x32, 0x4D, 0xA8, 0xD7, 0x9E,
    0x84, 0x23, 0x51, 0xF1, 0x15, 0xAE, 0x60, 0x90, 0xEB, 0x49, 0x09, 0xC4, 0x2E, 0x14, 0xA7, 0x1D,
    0x44, 0xA3, 0xD2, 0xC2, 0xD7, 0xB0, 0xC1, 0xCB, 0x2F, 0x23, 0xD1, 0x1A, 0xE2, 0xE9, 0x0F, 0xA0,
    0x68, 0xFA, 0xD8, 0xD0, 0xB8, 0x0C, 0x22, 0x1A, 0x57, 0xDE, 0x66, 0x94, 0x1C, 0xD7, 0xB4, 0x30,
    0x16, 0x3B, 0x0B, 0x8A, 0xF6, 0xEB, 0x54, 0x9C, 0xED, 0xA5, 0x22, 0x32, 0x65, 0x04, 0xA6, 0xD5,
    0xFC, 0x10, 0x63, 0x64, 0x8C, 0x23, 0x66, 0x12, 0xD6, 0xE2, 0xD3, 0x63, 0x6C, 0x9E, 0xC6, 0x34,
    0xCD, 0x4A, 0x5E, 0x14, 0x10, 0x49, 0x59, 0x90, 0xF6, 0x6F, 0x12, 0xB1, 0x15, 0x92, 0x95, 0x89,
    0xBD, 0x56, 0x02, 0xD7, 0xBF, 0x8F, 0x28, 0x5F, 0x14, 0x4A, 0x48, 0x75, 0xE4, 0x2D, 0x57, 0x3C,
    0x76, 0x99, 0x9F, 0x25, 0xB2, 0xB3, 0x66, 0x7E, 0x7D, 0x67, 0x33, 0xA4, 0x6F, 0x64, 0x6F, 0x24,
    0x6F, 0xE4, 0x6E, 0x4A, 0xDD, 0xB6, 0xCC, 0x2D, 0xAD, 0xA1, 0x59, 0xF2, 0x78, 0xA0, 0x1D, 0xBB,
    0x35, 0xFF, 0x76, 0xA9, 0x6C, 0x73, 0x97, 0x7E, 0xA0, 0x11, 0xF1, 0x52, 0xE4, 0x52, 0xA5, 0x7C,
    0x47, 0x32, 0x7A, 0x86, 0x44, 0x02, 0x66, 0xD4, 0xC2, 0xB5, 0xD6, 0x0F, 0xE6, 0x13, 0x08, 0x6D,
    0x66, 0x0D, 0x47, 0xA6, 0xA9, 0x77, 0x0E, 0xB1, 0x36, 0x52, 0x0A, 0x72, 0xA7, 0x86, 0xC6, 0x36,
    0xB1, 0xFD, 0xD9, 0x81, 0x09, 0x95, 0x37, 0x55, 0x34, 0x7A, 0xA2, 0x2C, 0x92, 0x6E, 0xBE, 0x0E,
    0xB2, 0x41, 0xA2, 0x41, 0x92, 0x41, 0x82, 0xE1, 0x22, 0x97, 0x19, 0x76, 0x03, 0x19, 0x66, 0x99,
    0xA4, 0xF9, 0xC3, 0x03, 0x5B, 0xB4, 0x91, 0x6D, 0xCA, 0x40, 0xA5, 0x5A, 0x7C, 0xE3, 0x98, 0x6E,
    0x45, 0x86, 0x59, 0x64, 0x98, 0x3E, 0xAB, 0xE9, 0x6D, 0x47, 0x0B, 0x3D, 0x97, 0xB0, 0x0C, 0xE7,
    0xF4, 0xD1, 0xE1, 0x44, 0x5F, 0x27, 0x8C, 0xB0, 0x83, 0x87, 0x67, 0x19, 0xC4, 0x1A, 0x56, 0x8C,
    0x9E, 0x70, 0xB8, 0x4B, 0x23, 0xE3, 0xBB, 0xC0, 0x9A, 0xD5, 0x7C, 0x3E, 0x88, 0x43, 0x07, 0x44,
    0x06, 0x3A, 0x8E, 0x55, 0x1B, 0x4F, 0xD0, 0x71, 0x79, 0x56, 0x47, 0x22, 0x49, 0xD5, 0x62, 0x41,
    0x93, 0x4D, 0xF0, 0xCB, 0x10, 0xD3, 0x82, 0x8C, 0xDA, 0x04, 0xB3, 0x25, 0xF0, 0x5D, 0xFA, 0xC7,
    0x5A, 0x4B, 0x1A, 0xC9, 0x66, 0xE0, 0x28, 0x84, 0xB2, 0x50, 0x85, 0x58, 0xEB, 0x2A, 0x81, 0x63,
    0xA1, 0x7E, 0x30, 0x7B, 0x9A, 0xF1, 0xFF, 0xCB, 0x42, 0xB7, 0x75, 0x2A, 0x53, 0x8B, 0xF5, 0x2B,
    0xE1, 0xFC, 0x3E, 0x8D, 0x4A, 0xF1, 0x55, 0xF4, 0xF4, 0x36, 0xB7, 0x04, 0x09, 0xA9, 0xC4, 0x83,
    0xDA, 0x17, 0x83, 0xB3, 0x28, 0x0B, 0xCE, 0x7B, 0xC4, 0x89, 0x5A, 0x97, 0x8A, 0x06, 0x87, 0x20,
    0xAC, 0x6A, 0x05, 0xD4, 0xBE, 0x71, 0xD5, 0x35, 0x8E, 0x33, 0xFF, 0xB7, 0xD3, 0x29, 0x19, 0x4F,
    0xD9, 0xC6, 0x5B, 0xC7, 0xDB, 0x67, 0xA5, 0xE4, 0x6A, 0x23, 0x46, 0xC0, 0x3D, 0xEF, 0xED, 0x5A,
    0xA1, 0xD2, 0xAA, 0x81, 0xD4, 0xBA, 0xA9, 0x7B, 0x30, 0xF7, 0x14, 0xDE, 0xDD, 0xAC, 0xDE, 0xC2,
    0x59, 0x6F, 0xF1, 0x48, 0xEF, 0x40, 0x1F, 0x8D, 0x15, 0xC6, 0xC4, 0xA4, 0x54, 0x75, 0x83, 0x48,
    0xB6, 0x1B, 0x67, 0x61, 0x7D, 0x21, 0x71, 0xB7, 0xCC, 0xDD, 0x90, 0x3F, 0x76, 0x7F, 0x5F, 0x41,
    0x58, 0x37, 0x6F, 0xBA, 0xFA, 0x91, 0xB8, 0xAC, 0x78, 0xF6, 0x73, 0x53, 0x4E, 0x08, 0x1D, 0x4E,
    0x4E, 0xAD, 0xC1, 0xED, 0xA3, 0x1C, 0x95, 0x09, 0x15, 0xAB, 0x9A, 0xAF, 0x77, 0x16, 0x5D, 0xA8,
    0x00, 0x42, 0x72, 0x7F, 0x08, 0x59, 0x9A, 0xBF, 0x37, 0xF6, 0x97, 0xDC, 0x14, 0x66, 0x64, 0xDD,
    0xD7, 0x35, 0x10, 0x6B, 0xF9, 0xC9, 0xE1, 0xA3, 0x4D, 0xD3, 0xD2, 0x81, 0x70, 0xA1, 0x3E, 0x69,
    0xEB, 0xE6, 0x1B, 0x7C, 0x79, 0x8F, 0x18, 0xA5, 0xBB, 0x39, 0x57, 0x47, 0x6C, 0x89, 0xF4, 0x39,
    0x26, 0x14, 0xD1, 0x20, 0x85, 0x1D, 0x2B, 0xA8, 0x99, 0x00, 0x09, 0x88, 0xC1, 0x17, 0xD7, 0xED,
    0x84, 0x8A, 0x30, 0xAC, 0x35, 0xA0, 0x30, 0x2B, 0x6B, 0xBE, 0x2C, 0x1F, 0x10, 0x46, 0xC8, 0xD2,
    0x96, 0x99, 0x91, 0xCB, 0x6D, 0x89, 0x35, 0xB0, 0x6A, 0x43, 0x18, 0xB1, 0x80, 0x91, 0xD0, 0x02,
    0x46, 0xE2, 0x47, 0x80, 0x91, 0xAC, 0xE7, 0x0A, 0xAD, 0x66, 0x90, 0xB5, 0xE1, 0x8C, 0x0E, 0xCC,
    0xCB, 0x36, 0xBF, 0x42, 0xA2, 0x54, 0x96, 0x59, 0x6D, 0x09, 0x23, 0xD3, 0x0A, 0x23, 0xD9, 0x2A,
    0xBB, 0x34, 0x84, 0x91, 0x0F, 0xFC, 0x71, 0xC5, 0x93, 0x23, 0x8B, 0x15, 0x76, 0x1D, 0x07, 0x52,
    0xFF, 0xD7, 0x17, 0x89, 0x25, 0x37, 0xE9, 0xE5, 0x85, 0x86, 0x9A, 0xD6, 0x82, 0x58, 0xB0, 0x20,
    0x36, 0x58, 0x98, 0x71, 0x66, 0xE3, 0x11, 0xB5, 0x30, 0x43, 0x44, 0x03, 0x4D, 0x51, 0x10, 0x29,
    0x51, 0x35, 0xB3, 0x20, 0x8E, 0x00, 0xDE, 0x9C, 0x05, 0xB1, 0x20, 0xB2, 0x54, 0x84, 0x96, 0x2B,
    0x0C, 0xD9, 0x9D, 0xF2, 0x37, 0x50, 0xBE, 0x63, 0xA2, 0x8F, 0xC8, 0xA0, 0x68, 0x41, 0x9A, 0xCB,
    0xAD, 0xB0, 0x5B, 0x05, 0x3A, 0x53, 0x2A, 0x46, 0xDD, 0x63, 0x04, 0xC0, 0x57, 0x40, 0x5C, 0x1E,
    0xD7, 0x4C, 0xF0, 0xC5, 0xE5, 0x9D, 0xD3, 0xA4, 0x63, 0x8A, 0x2A, 0xA5, 0xB8, 0x6D, 0x42, 0xF1,
    0x39, 0xD6, 0xBD, 0x19, 0xA0, 0xBB, 0xF0, 0x24, 0x64, 0xCF, 0x54, 0x61, 0x02, 0x07, 0xE4, 0x83,
    0x53, 0x51, 0xEF, 0xD3, 0x36, 0xA8, 0x5D, 0x3A, 0x9C, 0x86, 0xB2, 0x57, 0x62, 0x54, 0x2A, 0xC0,
    0x72, 0xF3, 0x87, 0x59, 0x72, 0xAC, 0x1E, 0x9A, 0x54, 0xA7, 0xDE, 0xD9, 0x6C, 0xEE, 0x30, 0x10,
    0x10, 0x07, 0x23, 0xF9, 0xBF, 0x9E, 0xB3, 0x3C, 0xDB, 0x5C, 0x7C, 0xBA, 0x76, 0x7F, 0xFF, 0xF9,
    0xBF, 0xDF, 0xDF, 0x2F, 0x0B, 0x3F, 0x47, 0x66, 0xB5, 0xE0, 0xC9, 0x2D, 0xEC, 0xF6, 0x9A, 0x2F,
    0x11, 0x5F, 0x8F, 0x67, 0x61, 0x14, 0xCA, 0xB5, 0x37, 0x7D, 0x48, 0x0F, 0xD4, 0x8F, 0x36, 0x69,
    0xA1, 0x0B, 0x58, 0x4D, 0x32, 0x34, 0x28, 0xC1, 0x76, 0xF3, 0xF9, 0xC4, 0x3C, 0xD7, 0x06, 0x99,
    0x1A, 0x5F, 0x35, 0x8B, 0x21, 0x26, 0x9B, 0x01, 0x9D, 0x40, 0xA2, 0x22, 0x80, 0x25, 0xD8, 0xF3,
    0x55, 0xAE, 0x87, 0x37, 0x26, 0x49, 0x1E, 0x81, 0xFD, 0xB6, 0x85, 0x04, 0x72, 0xCE, 0x63, 0xE0,
    0x06, 0xE1, 0x6F, 0x59, 0xC9, 0x7A, 0x3D, 0x58, 0xF2, 0xB9, 0xF3, 0x54, 0x73, 0x25, 0xC8, 0x35,
    0x57, 0x03, 0x9F, 0x6E, 0x00, 0x34, 0xEB, 0xE7, 0xE0, 0xF6, 0x99, 0xC7, 0x46, 0x64, 0x52, 0x00,
    0x40, 0x89, 0xFB, 0xBC, 0x0C, 0xCB, 0x9D, 0x53, 0xD3, 0xE5, 0x4A, 0x84, 0xC2, 0x9E, 0x8C, 0x52,
    0xFD, 0x69, 0x81, 0xFB, 0xC1, 0x05, 0x86, 0xC4, 0x9F, 0x99, 0x95, 0xEE, 0x2C, 0x8F, 0x20, 0x76,
    0x1A, 0x2D, 0xEE, 0xBC, 0x5B, 0x9A, 0xDB, 0x06, 0x4E, 0x89, 0x21, 0xE9, 0xB5, 0x37, 0x34, 0x02,
    0x4A, 0xEE, 0xCC, 0xB1, 0x95, 0x7C, 0xF9, 0x05, 0x86, 0x47, 0xCA, 0x98, 0x00, 0x40, 0x6C, 0xDB,
    0x1C, 0xF6, 0x47, 0xA1, 0xB9, 0x20, 0x1A, 0xA2, 0xFF, 0xDD, 0x3E, 0x06, 0x88, 0x94, 0x59, 0x6C,
    0xC2, 0xCD, 0xAD, 0xD0, 0x5C, 0xD6, 0x94, 0xE3, 0xC6, 0x6F, 0x12, 0x77, 0xA2, 0xF0, 0x92, 0x6B,
    0xE2, 0x39, 0x4C, 0x58, 0x5F, 0x65, 0x42, 0xA1, 0x38, 0xC7, 0x64, 0x69, 0x81, 0xFD, 0x21, 0x52,
    0x29, 0x2B, 0xBF, 0x58, 0x31, 0xFD, 0x4C, 0xF7, 0x31, 0x0A, 0x5C, 0x1F, 0xC1, 0x77, 0xC5, 0x57,
    0x64, 0x03, 0x80, 0x2E, 0x87, 0x5D, 0x5B, 0xF0, 0x7A, 0x9D, 0x9B, 0x99, 0x50, 0xCF, 0x4C, 0x99,
    0x84, 0xF9, 0xB7, 0x23, 0x2B, 0x08, 0xF0, 0xE5, 0xDC, 0x16, 0xD1, 0xCE, 0xD6, 0x10, 0xEF, 0x0E,
    0x4A, 0x47, 0xC9, 0x82, 0x21, 0x15, 0x21, 0x0D, 0x95, 0x2B, 0x2C, 0x5F, 0xA3, 0x0D, 0x98, 0x4E,
    0xC8, 0x27, 0xAC, 0xCB, 0x84, 0x02, 0x59, 0xC2, 0x64, 0xE1, 0x9A, 0x52, 0x8E, 0x20, 0x35, 0xCC,
    0x3E, 0xA5, 0xC6, 0x4A, 0x8B, 0xF9, 0x6F, 0x80, 0xED, 0x6A, 0x4F, 0x77, 0x01, 0xD0, 0x13, 0xA9,
    0xBC, 0x3D, 0xFC, 0x45, 0xB7, 0x39, 0x24, 0x1D, 0x66, 0x4D, 0x27, 0x8D, 0x59, 0x3B, 0xF7, 0x46,
    0xAD, 0xD4, 0x17, 0x1C, 0x27, 0xAB, 0xB7, 0xE5, 0xE3, 0x98, 0x30, 0x78, 0x1B, 0x54, 0xE5, 0xDB,
    0x09, 0x3B, 0x6E, 0x48, 0xB4, 0xF7, 0xB6, 0x3F, 0x11, 0xAF, 0xCA, 0xE8, 0x5F, 0x20, 0x03, 0x96,
    0xED, 0x17, 0x25, 0x8F, 0x03, 0xC8, 0x9E, 0x51, 0x34, 0xBE, 0xBB, 0x0D, 0x27, 0xCB, 0x63, 0x3E,
    0x7A, 0xC7, 0xC0, 0x63, 0xAB, 0x7D, 0xCB, 0xE0, 0x7F, 0xA2, 0xAC, 0xA6, 0x30, 0x2A, 0x84, 0xF9,
    0x5D, 0x84, 0x14, 0xE6, 0xA6, 0x7D, 0x17, 0x5B, 0xD2, 0x6A, 0x2A, 0xC0, 0x8D, 0x1E, 0x7E, 0x56,
    0x74, 0x2C, 0x14, 0x28, 0x7C, 0x2F, 0xBE, 0x4A, 0x12, 0x9D, 0x2B, 0x3C, 0x8E, 0xA8, 0x3E, 0x82,
    0x4A, 0xC5, 0xDF, 0x94, 0x7F, 0x30, 0xD6, 0xC6, 0xA4, 0xDC, 0x1E, 0xF7, 0x9E, 0xE5, 0x5E, 0xDC,
    0x57, 0xB0, 0xEA, 0x05, 0x15, 0xEC, 0xF4, 0xF6, 0xE3, 0xF9, 0xA4, 0xE9, 0x51, 0xC2, 0xF6, 0xD8,
    0x4A, 0x85, 0x86, 0xBB, 0x9A, 0x6D, 0x1E, 0x9F, 0xB1, 0xC2, 0x39, 0x37, 0x6A, 0xAE, 0xC4, 0x45,
    0x27, 0x4A, 0xDC, 0xA9, 0x28, 0x9B, 0xFF, 0x83, 0xF3, 0x92, 0xA5, 0x93, 0x22, 0x4C, 0xD8, 0xF4,
    0xAA, 0x39, 0x59, 0x16, 0x21, 0x1A, 0x92, 0x99, 0x90, 0x34, 0x12, 0x06, 0xF8, 0xAF, 0x40, 0x23,
    0x41, 0x03, 0xC3, 0xC4, 0x3C, 0x19, 0x98, 0xB9, 0xF5, 0x3B, 0x66, 0x49, 0xED, 0xB3, 0x09, 0xB1,
    0x3C, 0x80, 0xAA, 0x40, 0x8F, 0x45, 0xAB, 0x16, 0x77, 0xA7, 0x5A, 0xDA, 0xCE, 0xAF, 0x65, 0xAE,
    0x56, 0x5A, 0x10, 0xF3, 0x10, 0x16, 0xEB, 0xE7, 0x5D, 0xD5, 0x16, 0x6D, 0x22, 0x39, 0xCC, 0x9A,
    0xCD, 0x04, 0x45, 0x57, 0xAE, 0xE5, 0x5D, 0x42, 0x64, 0xD5, 0xBE, 0x8F, 0xBA, 0x57, 0xD5, 0x59,
    0x5B, 0x3C, 0xB2, 0x35, 0x0F, 0x3F, 0x42, 0xEE, 0x96, 0xC9, 0x0B, 0xCF, 0x79, 0xC1, 0xC8, 0xEE,
    0x88, 0x2E, 0xDC, 0x9B, 0xA0, 0xF6, 0xE9, 0x56, 0x00, 0x11, 0xFF, 0xD6, 0x06, 0x1C, 0x83, 0x7C,
    0xBD, 0xD3, 0x2E, 0x57, 0xE4, 0x8B, 0x94, 0x23, 0x9E, 0x5E, 0x17, 0x6C, 0xFF, 0x79, 0x16, 0x6E,
    0xD9, 0xA7, 0xDC, 0x5A, 0x7F, 0x25, 0x49, 0x95, 0x81, 0x63, 0x5C, 0xDF, 0x9B, 0xF7, 0x2A, 0x3B,
    0x34, 0xE4, 0x6F, 0xC6, 0x7D, 0xF3, 0x82, 0x6B, 0xBE, 0xC0, 0xE3, 0x08, 0x3B, 0xBA, 0xE3, 0x1C,
    0x46, 0x17, 0x15, 0x6E, 0x79, 0x68, 0x8C, 0x38, 0xCF, 0x19, 0x21, 0x28, 0xA3, 0xFF, 0x06, 0x25,
    0x90, 0x31, 0x4E, 0x03, 0x31, 0x10, 0x45, 0xBF, 0x37, 0x68, 0x8D, 0x48, 0x61, 0x0A, 0xA8, 0x93,
    0x62, 0x9B, 0x04, 0x81, 0x5B, 0x0A, 0x14, 0xBB, 0xA7, 0x49, 0x01, 0x3D, 0x87, 0xA0, 0x48, 0x11,
    0xC5, 0x7B, 0x83, 0xEC, 0x11, 0x52, 0xA7, 0xA1, 0x4D, 0x91, 0x8D, 0x8D, 0xB8, 0x80, 0x8F, 0xB0,
    0x47, 0x98, 0xC2, 0x45, 0x24, 0x9C, 0x35, 0x4E, 0xD0, 0xFC, 0x62, 0x34, 0xC5, 0xBC, 0xFF, 0xFF,
    0x1D, 0x0E, 0xB0, 0x4E, 0x11, 0x0F, 0x98, 0x03, 0xDC, 0x8B, 0x4E, 0x3A, 0xA5, 0x5B, 0x54, 0xC8,
    0x17, 0x11, 0xA1, 0x12, 0x5A, 0xA9, 0xC7, 0x25, 0x46, 0x7E, 0x61, 0xE2, 0x3E, 0xA5, 0x18, 0x55,
    0x7C, 0x2E, 0x1B, 0x00, 0x26, 0x05, 0x9B, 0x8E, 0xD3, 0xED, 0x66, 0xC1, 0xC8, 0xBE, 0x92, 0x4A,
    0x5E, 0x24, 0x8D, 0x37, 0x18, 0xD8, 0x3C, 0x13, 0x18, 0xDE, 0x59, 0x41, 0x59, 0x93, 0xA2, 0x2E,
    0x1B, 0x19, 0x66, 0x11, 0x4B, 0x04, 0x46, 0xA8, 0x01, 0xD1, 0xA9, 0xE3, 0x7E, 0xB9, 0x7B, 0x31,
    0x51, 0x12, 0xD3, 0xC3, 0x6F, 0x92, 0x3F, 0x41, 0xAD, 0xA9, 0x15, 0xAE, 0xBA, 0xC1, 0x62, 0xA8,
    0xAD, 0xD2, 0x99, 0x9C, 0xF9, 0xC5, 0x26, 0x93, 0xB0, 0x12, 0xCE, 0xAE, 0x49, 0xFD, 0x9E, 0x78,
    0x48, 0xF8, 0xB8, 0x2E, 0x7B, 0xC8, 0xE4, 0x4C, 0xA2, 0x76, 0x40, 0x63, 0x34, 0x4C, 0x0B, 0xA7,
    0xDC, 0x01, 0x3D, 0x2C, 0x19, 0x92, 0xF5, 0xC0, 0xF3, 0x4E, 0x74, 0xD6, 0xA5, 0xBA, 0x87, 0xC6,
    0xEC, 0x62, 0xE7, 0x09, 0x33, 0xEE, 0xFF, 0xED, 0x3C, 0x16, 0x0D, 0x83, 0xEC, 0x14, 0xA9, 0x50,
    0x04, 0x4E, 0xD2, 0x8F, 0x34, 0x77, 0xF9, 0x83, 0x36, 0x58, 0xE1, 0x0A, 0x6C, 0x37, 0x8A, 0xCA,
    0x9F, 0x10, 0xAB, 0x14, 0x6D, 0x94, 0x1D, 0xC0, 0x36, 0x97, 0x26, 0x7A, 0xAC, 0x14, 0x3E, 0x87,
    0xB8, 0x85, 0xDE, 0x17, 0x64, 0xBE, 0x72, 0x62, 0xC7, 0xFB, 0xB3, 0xBD, 0xFB, 0xF7, 0xB9, 0x3D,
    0x97, 0x11, 0xF2, 0xF2, 0xD0, 0x6B, 0x9B, 0x5C, 0xD6, 0x74, 0xAB, 0xFF, 0x00, 0xCD, 0x5A, 0xBF,
    0x6F, 0xDD, 0xD6, 0x19, 0xFD, 0x48, 0x5A, 0xA6, 0x6D, 0x02, 0xA1, 0x06, 0x07, 0xB0, 0xB3, 0x30,
    0x6B, 0x83, 0xC0, 0xFC, 0x07, 0x22, 0x91, 0x6D, 0xC7, 0x0C, 0xF5, 0x50, 0x4F, 0x5D, 0x3C, 0x36,
    0x5D, 0xF2, 0x0F, 0x54, 0x21, 0x51, 0x14, 0xC8, 0x90, 0x21, 0x02, 0x02, 0x04, 0xD9, 0x92, 0x21,
    0x93, 0x32, 0xB8, 0xA3, 0x07, 0x59, 0x64, 0xEB, 0x21, 0x63, 0x89, 0x1A, 0x9D, 0x4B, 0x77, 0x09,
    0x90, 0xC5, 0xB7, 0x05, 0x51, 0xB3, 0x11, 0x1F, 0x6F, 0xCE, 0xB9, 0x97, 0x7C, 0xB2, 0xA5, 0xA7,
    0x38, 0x06, 0x48, 0x4A, 0x7C, 0xE0, 0x27, 0x8A, 0xEF, 0xF2, 0xDE, 0x7B, 0xCE, 0xFD, 0x7E, 0xDD,
    0x8F, 0x4F, 0xE4, 0xBE, 0x88, 0x38, 0x1D, 0x84, 0xD7, 0x53, 0x68, 0x88, 0x40, 0xA7, 0x22, 0xA1,
    0x2E, 0x45, 0x62, 0x8A, 0xE4, 0x5F, 0xB5, 0x48, 0xF6, 0x1B, 0x25, 0xA2, 0xFD, 0x46, 0xA4, 0xF7,
    0x3A, 0x71, 0x3B, 0xB7, 0x13, 0xAF, 0x95, 0x5E, 0x7C, 0xAD, 0x35, 0xDA, 0x6A, 0x9D, 0x53, 0x94,
    0xF1, 0xF7, 0x07, 0x0F, 0xAA, 0x24, 0x97, 0x50, 0x15, 0xE8, 0x47, 0xA1, 0x4B, 0xAF, 0x39, 0x14,
    0x71, 0xF1, 0xB0, 0x8C, 0x03, 0xB9, 0xAB, 0xF1, 0x4A, 0xB6, 0x71, 0x66, 0xF5, 0xA1, 0xA7, 0xFB,
    0x15, 0x1E, 0xEF, 0xE3, 0xFF, 0x17, 0x7D, 0x52, 0xFA, 0x7D, 0x21, 0x6E, 0x8F, 0x89, 0xF4, 0xFD,
    0x70, 0xF2, 0x9A, 0xF7, 0xB2, 0xDC, 0xEB, 0x13, 0x15, 0xF5, 0x11, 0xDA, 0x62, 0xE0, 0x5E, 0x74,
    0x7B, 0x28, 0x5B, 0x9C, 0x76, 0xCD, 0xD1, 0xEC, 0xE9, 0xE2, 0xDA, 0xF9, 0x9A, 0x30, 0x08, 0x28,
    0x2C, 0x38, 0x4E, 0x44, 0xB1, 0x43, 0xF1, 0xC7, 0x71, 0xD8, 0x65, 0x81, 0xDF, 0xC8, 0xD1, 0x1D,
    0xAE, 0x3F, 0x42, 0x3F, 0x82, 0xD3, 0xC1, 0xB5, 0x57, 0xE1, 0x6F, 0x3E, 0x0D, 0x01, 0xF2, 0x02,
    0xBF, 0x3E, 0xC4, 0xC3, 0xB8, 0x01, 0x24, 0xCE, 0x47, 0x7F, 0x81, 0x91, 0xBF, 0x04, 0x90, 0x1D,
    0xA7, 0x5E, 0x1A, 0xF5, 0x70, 0x24, 0x14, 0x66, 0x1D, 0xD0, 0x20, 0xF8, 0x37, 0x46, 0x4F, 0x9E,
    0xA3, 0x45, 0xD1, 0x03, 0x7C, 0xBB, 0x8B, 0xDB, 0xFB, 0xD7, 0xC7, 0xA6, 0xE0, 0x42, 0x48, 0x06,
    0xC7, 0xE8, 0x85, 0x74, 0x08, 0xF9, 0x10, 0x82, 0x17, 0xB2, 0xC0, 0x2E, 0x06, 0x61, 0xFE, 0x35,
    0x5F, 0x90, 0x16, 0x21, 0x2F, 0x42, 0x62, 0xC4, 0x30, 0x63, 0xA8, 0x19, 0xB8, 0xB9, 0x62, 0x66,
    0x91, 0x52, 0x54, 0xD4, 0x86, 0x96, 0x5A, 0x48, 0x12, 0x1E, 0x6E, 0x0F, 0x1C, 0x84, 0x3A, 0xBF,
    0x40, 0x9A, 0xEE, 0xE2, 0x1A, 0x73, 0x72, 0x39, 0x0C, 0xFB, 0x8E, 0x2A, 0x09, 0x9E, 0xA6, 0x92,
    0xA0, 0xDF, 0xA2, 0xB3, 0x1C, 0x8D, 0x14, 0x4D, 0xA3, 0x2C, 0xBF, 0x20, 0x01, 0x84, 0xEC, 0x71,
    0x38, 0xF1, 0x20, 0x1E, 0x86, 0x39, 0xFE, 0x0B, 0x09, 0xF1, 0xCF, 0x17, 0x48, 0x85, 0xBB, 0x6F,
    0xD7, 0x27, 0xE6, 0x88, 0xEF, 0x49, 0x50, 0xB7, 0x12, 0xB7, 0x4A, 0xB2, 0xD5, 0xBE, 0x74, 0xD0,
    0xA3, 0xAF, 0xAE, 0x4F, 0x45, 0xC1, 0x36, 0x95, 0x01, 0x83, 0xE8, 0x55, 0xC7, 0x07, 0x48, 0x73,
    0x8C, 0x49, 0xBC, 0xED, 0x50, 0x4D, 0x1E, 0xCA, 0x65, 0xD0, 0x8B, 0x23, 0xAF, 0xF4, 0xF4, 0x93,
    0x3A, 0xD0, 0xBA, 0x0E, 0xFE, 0xA6, 0x4B, 0xB7, 0xBC, 0x83, 0x56, 0xE8, 0x3D, 0x69, 0x07, 0xBD,
    0x48, 0xAC, 0x5E, 0x4C, 0x42, 0xC8, 0xE5, 0x80, 0xBC, 0x29, 0x40, 0x10, 0x72, 0x0C, 0xC8, 0x19,
    0x6E, 0x53, 0x07, 0xEE, 0x4F, 0x68, 0x0A, 0xA7, 0x03, 0x87, 0x3D, 0x3C, 0xCE, 0x26, 0x52, 0x66,
    0x0C, 0xEB, 0xB5, 0xA0, 0x18, 0x26, 0x78, 0xE0, 0x5E, 0xF6, 0x3B, 0x88, 0x44, 0xF3, 0x41, 0x32,
    0x45, 0xE3, 0xBD, 0x08, 0xB7, 0x1A, 0xA1, 0x77, 0x34, 0x31, 0x7E, 0x15, 0xC4, 0xB8, 0x0D, 0x62,
    0xCA, 0x67, 0xA5, 0xB3, 0x8A, 0x4A, 0x41, 0x37, 0x92, 0xE0, 0x21, 0xE7, 0xEE, 0x34, 0x24, 0x5D,
    0x59, 0x3B, 0xF1, 0x8C, 0xDE, 0x82, 0x66, 0x62, 0xFC, 0x95, 0x5D, 0x9E, 0x4B, 0x42, 0xCA, 0xB6,
    0xE5, 0x41, 0x38, 0x40, 0x56, 0xD9, 0x15, 0x55, 0xBF, 0x2E, 0x65, 0x24, 0x24, 0x9E, 0x90, 0x90,
    0x9F, 0x93, 0x5E, 0xC8, 0xE5, 0xA1, 0xE6, 0xEA, 0x90, 0x7C, 0xEC, 0xB6, 0x83, 0x9D, 0x5B, 0x65,
    0x77, 0xEB, 0x8F, 0x4B, 0xB7, 0x8D, 0x49, 0x0F, 0x62, 0xCD, 0xCA, 0xD2, 0x33, 0x5D, 0x8C, 0xF9,
    0x29, 0x07, 0x7B, 0x39, 0x88, 0x71, 0x5A, 0x3F, 0x0F, 0xF4, 0x27, 0x25, 0x9A, 0x96, 0xE1, 0xB7,
    0x3A, 0xF7, 0xD3, 0x0F, 0x10, 0x0A, 0x43, 0xB4, 0xC9, 0x98, 0x84, 0xC0, 0xB6, 0x40, 0xD8, 0x56,
    0x3A, 0x61, 0x86, 0x76, 0x49, 0x14, 0x62, 0x83, 0x97, 0x75, 0xAB, 0x20, 0xF7, 0xDA, 0x38, 0x77,
    0xD0, 0x8F, 0xF1, 0xB4, 0x53, 0xE1, 0x3E, 0xE5, 0x61, 0xDF, 0x3A, 0x38, 0x48, 0x0B, 0xAD, 0x2B,
    0xCC, 0xB2, 0xE6, 0x4C, 0x4D, 0xCA, 0x73, 0xFA, 0xC4, 0x1C, 0xD6, 0xE7, 0xBD, 0xDF, 0x9E, 0xFD,
    0xFE, 0xDE, 0x3D, 0x7E, 0x67, 0xFA, 0xC8, 0xB4, 0xC9, 0x60, 0x30, 0xD7, 0x21, 0xC7, 0xE4, 0xDF,
    0x9B, 0xF4, 0x52, 0x0D, 0x32, 0x1C, 0xC3, 0x49, 0x89, 0xB9, 0xAB, 0x24, 0x0F, 0x9A, 0x42, 0xBC,
    0x4E, 0x1F, 0x7C, 0xD3, 0xE1, 0x39, 0x7B, 0x1E, 0x1C, 0xEC, 0x17, 0x83, 0x57, 0x4B, 0x1A, 0x5F,
    0xA1, 0xAD, 0xC2, 0xDC, 0x6B, 0x29, 0xB4, 0x35, 0x86, 0x80, 0xB9, 0x58, 0x6D, 0xCF, 0x00, 0x4B,
    0xF5, 0x8E, 0xCD, 0xCF, 0x9C, 0xE3, 0xCA, 0x66, 0xEF, 0x3E, 0xBE, 0x0F, 0x53, 0x93, 0x65, 0xCE,
    0x82, 0xEB, 0x06, 0xFA, 0x2E, 0x30, 0xB6, 0x56, 0xD6, 0x68, 0xC9, 0x25, 0x73, 0x35, 0x37, 0x9D,
    0x06, 0x1F, 0x3C, 0x7B, 0xD0, 0x86, 0x48, 0x9A, 0x1F, 0xE4, 0x71, 0xA1, 0xD3, 0xD8, 0xD7, 0x72,
    0x1D, 0xCA, 0x30, 0x07, 0x16, 0x67, 0x75, 0xD6, 0xD6, 0xCC, 0x31, 0x09, 0x8E, 0x21, 0x24, 0xD2,
    0x9A, 0x8A, 0x52, 0xA2, 0x5F, 0xC1, 0x72, 0x8A, 0x27, 0xAD, 0x38, 0xFA, 0x3F, 0x48, 0x6A, 0xFF,
    0x07, 0x1D, 0xF7, 0xF3, 0x77, 0xED, 0x1A, 0x09, 0x81, 0x71, 0x66, 0x35, 0x45, 0x69, 0xE6, 0xBA,
    0x59, 0xD0, 0x10, 0x5E, 0x10, 0xC0, 0xB8, 0xB9, 0x1D, 0x80, 0x1A, 0xA4, 0xB6, 0xD3, 0xB5, 0x3E,
    0xE2, 0xD8, 0xB5, 0xB9, 0x03, 0x6C, 0x2C, 0x7A, 0xDC, 0x48, 0x02, 0xAD, 0xD1, 0x7D, 0xEA, 0xD2,
    0x10, 0xF3, 0x5B, 0xD3, 0x81, 0xA7, 0x3F, 0xF5, 0x69, 0x60, 0xDD, 0xB0, 0x83, 0xC0, 0x46, 0x27,
    0xFA, 0x25, 0x88, 0xA8, 0x80, 0x5F, 0x19, 0xF8, 0x44, 0x3F, 0x8F, 0xE1, 0xA5, 0xF4, 0x2C, 0x38,
    0x19, 0x3D, 0xE8, 0xCC, 0x10, 0x4D, 0xA2, 0xBF, 0xDA, 0x68, 0xA3, 0x5B, 0x99, 0x1C, 0xEB, 0x4F,
    0x18, 0xE0, 0x4B, 0x89, 0xD1, 0x22, 0xD8, 0x4D, 0x58, 0x6D, 0xD6, 0x61, 0x35, 0xAC, 0xB0, 0xC6,
    0xFF, 0x85, 0x5A, 0x75, 0xB9, 0xD3, 0xEC, 0x01, 0xF7, 0xB5, 0x59, 0x8D, 0x74, 0x29, 0x9C, 0x67,
    0x0C, 0x37, 0xFF, 0xC0, 0x6C, 0x50, 0xED, 0x1A, 0x23, 0x06, 0x35, 0x8F, 0xEC, 0x1A, 0x4F, 0x81,
    0x75, 0xB1, 0xB5, 0xDB, 0x10, 0x30, 0xC2, 0x13, 0x4C, 0x4E, 0xFB, 0x11, 0x76, 0x56, 0xD7, 0xA6,
    0xD3, 0xDB, 0x53, 0x81, 0xE4, 0x6A, 0x9E, 0x28, 0x68, 0x4D, 0x2B, 0x0A, 0x11, 0x31, 0x75, 0xD2,
    0xA0, 0x0E, 0xD5, 0xAB, 0x3F, 0x7E, 0xF5, 0x56, 0x5A, 0xD4, 0xC7, 0xCA, 0x51, 0x5E, 0xED, 0x97,
    0xAE, 0x5C, 0x4D, 0xC3, 0x32, 0xAA, 0xCE, 0xF9, 0x94, 0x61, 0x7E, 0xF3, 0x48, 0x9F, 0x39, 0xF6,
    0x30, 0xA5, 0xE2, 0x66, 0x22, 0x45, 0x9A, 0xA5, 0x2C, 0x02, 0xDC, 0x46, 0x5E, 0x9F, 0xA5, 0xE7,
    0x7C, 0x8C, 0x03, 0x8B, 0xB1, 0xCB, 0x48, 0x72, 0xEC, 0x3C, 0xDD, 0x23, 0xDA, 0x37, 0xD9, 0x41,
    0x3F, 0x29, 0x13, 0x8E, 0x2A, 0xEC, 0x25, 0x53, 0x48, 0xEA, 0xC2, 0x2E, 0x29, 0x41, 0x49, 0x96,
    0x23, 0x11, 0x28, 0x52, 0xAE, 0x87, 0x9C, 0x15, 0x45, 0x8E, 0x27, 0xC1, 0x90, 0xB7, 0x4A, 0x6A,
    0xF1, 0x3B, 0x6C, 0xF2, 0xA3, 0x36, 0xD4, 0x9F, 0x6B, 0xE5, 0x19, 0x47, 0x5C, 0xB0, 0x55, 0xA4,
    0x9B, 0xA1, 0x3A, 0x61, 0xEB, 0x45, 0x7A, 0x7D, 0x65, 0x42, 0xBA, 0xA9, 0x91, 0xC0, 0xCD, 0x60,
    0x47, 0xAC, 0x24, 0x5E, 0x7D, 0xD8, 0x21, 0xC3, 0x84, 0xEB, 0xC1, 0x90, 0x9A, 0x4D, 0x8D, 0x28,
    0x5E, 0x10, 0x05, 0xEF, 0x65, 0xA5, 0xDB, 0x63, 0x55, 0xC2, 0x8E, 0x4B, 0xC8, 0xAA, 0x18, 0x5C,
    0xB5, 0x14, 0xCC, 0xB2, 0xCC, 0x56, 0xDF, 0xE7, 0x0E, 0x2F, 0x54, 0xA3, 0xF0, 0x59, 0x20, 0x92,
    0xDF, 0x8F, 0x39, 0x98, 0xF7, 0x8C, 0x31, 0x25, 0x34, 0x82, 0x5F, 0xDC, 0x19, 0xCB, 0x49, 0xCB,
    0xB1, 0xF1, 0xE6, 0x90, 0xC1, 0x1B, 0xE5, 0xB4, 0xCE, 0xC6, 0x24, 0xF1, 0x62, 0xB6, 0x61, 0x66,
    0xCF, 0x9A, 0xCF, 0x45, 0xCE, 0x78, 0x3C, 0xE2, 0x50, 0xB8, 0xBB, 0x17, 0x12, 0xF0, 0x97, 0x15,
    0xF2, 0xCD, 0x7F, 0x82, 0x91, 0xEF, 0x30, 0x85, 0x37, 0xE4, 0x2F, 0x4B, 0xB3, 0x31, 0x1C, 0xF1,
    0x68, 0xC5, 0xC4, 0x13, 0x3C, 0x45, 0xF8, 0x8B, 0x8F, 0x99, 0x5E, 0xB3, 0xAC, 0xC8, 0x3A, 0x81,
    0x29, 0x16, 0x0D, 0x4D, 0x67, 0x21, 0xC7, 0x48, 0x56, 0x27, 0x4C, 0xEC, 0xB5, 0x0A, 0x63, 0x26,
    0xB4, 0xB7, 0x35, 0x84, 0x43, 0x9F, 0x4F, 0x5C, 0x18, 0x4D, 0xDB, 0xEB, 0x54, 0xDF, 0xDA, 0x51,
    0x39, 0x78, 0xB9, 0xA0, 0x4E, 0x2D, 0x25, 0x26, 0xD1, 0x5F, 0x86, 0x2B, 0x63, 0xD4, 0x0E, 0x5D,
    0xAF, 0xBB, 0x2E, 0x39, 0x1E, 0xC1, 0x2D, 0xBA, 0xFA, 0x53, 0x19, 0xB4, 0xE9, 0x31, 0x68, 0xBA,
    0x2A, 0xFB, 0x63, 0x21, 0x70, 0x59, 0xAE, 0x58, 0x77, 0x94, 0x88, 0x64, 0xC5, 0x87, 0x62, 0x4A,
    0x8F, 0xA0, 0xE9, 0x50, 0x4C, 0xF1, 0x11, 0x34, 0xDD, 0x1D, 0x68, 0x32, 0xB5, 0xA7, 0x99, 0x18,
    0x82, 0x5B, 0x89, 0x9A, 0x5D, 0x6E, 0x0D, 0xA1, 0x43, 0x09, 0x43, 0xC7, 0x2E, 0xF5, 0xEA, 0x9A,
    0xD9, 0x20, 0xEE, 0xC9, 0x65, 0x50, 0xA9, 0x23, 0x24, 0x5D, 0x9E, 0x7E, 0xA2, 0xB8, 0xDF, 0x84,
    0xF8, 0x07, 0x5A, 0x98, 0xAA, 0xA4, 0xB5, 0x82, 0x53, 0x2A, 0x35, 0x23, 0x57, 0x17, 0xCF, 0xC6,
    0x79, 0x31, 0xCA, 0x57, 0xA3, 0x1E, 0xB1, 0x02, 0x37, 0x10, 0x71, 0x63, 0x56, 0xDB, 0xDA, 0x18,
    0xC1, 0x86, 0x02, 0xC7, 0xE8, 0x9B, 0xE2, 0xE7, 0xCC, 0x6E, 0x3E, 0x46, 0xCB, 0x5B, 0x58, 0x2A,
    0xF7, 0x08, 0x3D, 0xC4, 0x4C, 0xEE, 0x96, 0x73, 0xD7, 0x2F, 0xBD, 0x04, 0x12, 0xB7, 0x8D, 0x59,
    0x66, 0x4D, 0xF8, 0x06, 0x2C, 0xA1, 0xE3, 0xD6, 0xE4, 0xA5, 0x23, 0x2F, 0xCD, 0x54, 0xBC, 0x98,
    0x4D, 0x41, 0x9C, 0x8F, 0x15, 0xCB, 0xB0, 0x83, 0xF2, 0x22, 0x9B, 0x05, 0x07, 0x37, 0x17, 0xE7,
    0x80, 0xF3, 0xF1, 0xDA, 0xB1, 0xBC, 0x23, 0x3A, 0x07, 0xFC, 0xA8, 0x24, 0xFC, 0x74, 0x2E, 0xF8,
    0x9B, 0x93, 0x18, 0xEE, 0x9A, 0xEE, 0x90, 0x83, 0x2B, 0x8B, 0x73, 0xC0, 0x6A, 0x06, 0x3A, 0xA7,
    0x1B, 0x51, 0xEB, 0xFC, 0x45, 0x51, 0x0F, 0x66, 0x26, 0xC2, 0x94, 0x22, 0xE9, 0xCC, 0x75, 0x6F,
    0x4A, 0x91, 0xF8, 0xBA, 0x8B, 0x8F, 0x6B, 0x79, 0xDB, 0x79, 0x7F, 0x61, 0x0E, 0x9C, 0x47, 0x88,
    0x7B, 0xBE, 0xFE, 0xB6, 0xE2, 0x4C, 0x21, 0x1E, 0xEB, 0x67, 0xE2, 0xE5, 0x7F, 0x48, 0x06, 0x03,
    0x99, 0x09, 0x3E, 0xD7, 0xDC, 0x7A, 0x89, 0x45, 0xD7, 0xFC, 0x3C, 0x17, 0x39, 0x64, 0x6E, 0xB3,
    0x82, 0x0E, 0x08, 0x39, 0xAC, 0x47, 0xC1, 0xE2, 0x1D, 0x86, 0xBE, 0x2E, 0x47, 0x1C, 0x52, 0xB3,
    0x46, 0x42, 0x91, 0xBF, 0xB6, 0xE0, 0x63, 0x59, 0x0A, 0x0E, 0x34, 0x26, 0x89, 0xB4, 0x2A, 0xEE,
    0x1F, 0x98, 0x19, 0xB4, 0x9C, 0x01, 0xEB, 0xB3, 0x27, 0x5E, 0x99, 0xEA, 0x1D, 0xAC, 0x05, 0xEF,
    0xDD, 0x16, 0x67, 0x3F, 0x49, 0xE1, 0xF5, 0x72, 0xBF, 0x79, 0xC5, 0xA9, 0x92, 0x32, 0x54, 0x71,
    0x1D, 0x73, 0x2B, 0x59, 0x61, 0x91, 0x72, 0x47, 0x0F, 0x35, 0xD9, 0xD3, 0x35, 0x49, 0xBB, 0x35,
    0x20, 0xDF, 0xBB, 0xA6, 0x96, 0x6B, 0xB2, 0x97, 0x66, 0xBD, 0x35, 0x48, 0x97, 0x04, 0x6E, 0x7F,
    0xEA, 0x90, 0xDA, 0xD7, 0x66, 0xC5, 0xD9, 0xA2, 0xE5, 0x24, 0x04, 0xD8, 0x23, 0x64, 0x12, 0x99,
    0x94, 0xC6, 0x97, 0xEE, 0xF0, 0x6D, 0x54, 0xC2, 0x6D, 0x50, 0x01, 0xAC, 0xC1, 0x8A, 0x58, 0x3B,
    0x4E, 0xBA, 0x9E, 0x1B, 0xEB, 0xE6, 0xD0, 0x06, 0xB4, 0x9E, 0x82, 0xA9, 0x39, 0x79, 0x58, 0xDF,
    0x66, 0xD2, 0x0B, 0xCC, 0x1A, 0x9B, 0x68, 0x1F, 0x1A, 0x0B, 0x74, 0xAF, 0x16, 0x4A, 0x88, 0x5E,
    0x08, 0xDF, 0x3A, 0x0A, 0x12, 0x20, 0x86, 0x01, 0x4B, 0x81, 0x79, 0xC3, 0x64, 0x96, 0x5B, 0x1B,
    0xA7, 0x5A, 0xC9, 0x0E, 0xD5, 0x2C, 0xE1, 0x7A, 0x2F, 0xCD, 0xC1, 0x99, 0xD0, 0x06, 0xF8, 0x51,
    0x49, 0xF8, 0xE9, 0x5C, 0xF0, 0x4D, 0xB2, 0x6E, 0xB2, 0x4D, 0xAB, 0xF3, 0xEF, 0x51, 0xB4, 0x7C,
    0x03, 0x77, 0x41, 0x1C, 0x6C, 0x0E, 0x6D, 0xD4, 0x83, 0x79, 0x89, 0x30, 0xEC, 0xEB, 0x3F, 0x29,
    0x4C, 0x08, 0x5B, 0x5F, 0xEF, 0x58, 0xAB, 0x1D, 0x4F, 0x15, 0x55, 0x22, 0xF9, 0xD6, 0xD2, 0x1C,
    0x9C, 0x0D, 0x6D, 0x8F, 0x4B, 0x84, 0xB6, 0xC0, 0xFA, 0xE0, 0xB9, 0xE0, 0xDB, 0xB7, 0xAE, 0xD6,
    0x00, 0x17, 0xC4, 0x9B, 0x8E, 0x3F, 0x12, 0xE0, 0x9B, 0x38, 0x2B, 0x64, 0x88, 0xB5, 0xE5, 0xB8,
    0x1B, 0x9A, 0x0B, 0xF4, 0x86, 0xD0, 0x66, 0xFD, 0xC1, 0xEA, 0xC4, 0x1F, 0xD4, 0x63, 0xD8, 0xE1,
    0xAC, 0x6E, 0x71, 0x5B, 0x9D, 0x31, 0xDF, 0x2C, 0x4A, 0x74, 0x8E, 0xB0, 0xAD, 0xF3, 0x48, 0x01,
    0x5B, 0xD0, 0x79, 0x1D, 0xAC, 0x36, 0x84, 0x21, 0xE9, 0x0F, 0xB9, 0xCD, 0xB5, 0xEF, 0x1A, 0xCD,
    0x5B, 0x47, 0x42, 0xE9, 0xD6, 0x96, 0xFD, 0x6A, 0xC1, 0x1F, 0xB4, 0x6D, 0x7A, 0x1B, 0x20, 0xCE,
    0x6B, 0xC5, 0xBD, 0x06, 0xE0, 0x9B, 0xA4, 0x8E, 0x1B, 0x64, 0x28, 0x0D, 0x23, 0xBB, 0xA7, 0xBF,
    0x6B, 0x90, 0xAF, 0x2B, 0x6E, 0x6E, 0xC2, 0xEF, 0x8B, 0x3A, 0x62, 0x19, 0x5A, 0xF7, 0xC8, 0x18,
    0xEA, 0x05, 0x81, 0xD9, 0xA5, 0x6D, 0x5F, 0x7A, 0x96, 0xDB, 0x72, 0x22, 0x13, 0x42, 0xFB, 0x99,
    0x8B, 0x3B, 0x0A, 0x80, 0x14, 0xA2, 0x64, 0x22, 0xD6, 0x8C, 0x19, 0x0C, 0x80, 0x5A, 0xA4, 0x12,
    0x3E, 0xAF, 0x80, 0xF5, 0x99, 0x02, 0xD8, 0xBF, 0x23, 0x00, 0xF6, 0x7E, 0x45, 0xB8, 0x2F, 0x15,
    0x29, 0x4E, 0xFC, 0xDE, 0xE1, 0xE8, 0x70, 0x38, 0xA1, 0xE5, 0x28, 0x99, 0x26, 0xCC, 0xBF, 0xD6,
    0x7A, 0x9F, 0xB8, 0x3B, 0x57, 0xFF, 0xD0, 0x18, 0x77, 0x07, 0x2F, 0xCB, 0x17, 0xA4, 0xFB, 0x5B,
    0x0B, 0x42, 0x3F, 0xEF, 0x55, 0xE6, 0x5C, 0xB0, 0x7F, 0x04, 0x75, 0x51, 0x31, 0x6E, 0x15, 0x31,
    0x10, 0x7D, 0xEB, 0x95, 0xFE, 0x16, 0x2B, 0x65, 0x53, 0x04, 0x29, 0xDD, 0xA6, 0xA0, 0x40, 0x4A,
    0xE1, 0x0B, 0x24, 0x1A, 0x53, 0x51, 0xF2, 0x25, 0x2E, 0x41, 0xC7, 0x05, 0x50, 0xD6, 0xA2, 0x49,
    0x99, 0x2B, 0x70, 0x8C, 0xA4, 0xB2, 0x3F, 0x0D, 0xED, 0x72, 0x03, 0x23, 0x21, 0x81, 0x44, 0x63,
    0x88, 0x05, 0x5F, 0xC8, 0xBB, 0xC3, 0x78, 0xF7, 0x17, 0x41, 0x28, 0xD6, 0x78, 0xF4, 0xF6, 0xCD,
    0xF3, 0x9B, 0x59, 0x5B, 0xB3, 0x71, 0xEC, 0x25, 0x34, 0x9B, 0x73, 0x9E, 0xE1, 0x98, 0x6D, 0xD9,
    0x5A, 0xF0, 0xFF, 0xDF, 0xB2, 0xBE, 0xB9, 0x92, 0xA7, 0x35, 0xEB, 0x92, 0xF7, 0x8F, 0xF1, 0x95,
    0xED, 0x82, 0xF6, 0x04, 0x7A, 0x4F, 0x89, 0x62, 0x6B, 0x37, 0x96, 0x22, 0xA5, 0xF3, 0xA4, 0x62,
    0x1B, 0xB5, 0x3F, 0x42, 0x05, 0x1D, 0x0A, 0xA3, 0x52, 0x13, 0xF5, 0xD8, 0x1B, 0x65, 0x4F, 0xD1,
    0x8D, 0x0E, 0xF4, 0x6E, 0xC2, 0x55, 0x1D, 0xE1, 0x5E, 0xFD, 0x81, 0xBB, 0x67, 0x43, 0xF7, 0x8C,
    0xDE, 0xDE, 0x62, 0x63, 0x5F, 0xA3, 0x60, 0xFA, 0x2D, 0xB3, 0xFE, 0x72, 0x56, 0x45, 0x6D, 0xDA,
    0xE8, 0xA0, 0x77, 0x19, 0x47, 0x08, 0xE2, 0x77, 0x02, 0xFD, 0x99, 0x8B, 0xC6, 0x88, 0xC6, 0xAA,
    0xA4, 0x6D, 0x1D, 0x09, 0xFD, 0xA7, 0x19, 0xBD, 0xD9, 0x03, 0xC7, 0x40, 0x06, 0xE6, 0x12, 0x4F,
    0x78, 0xEB, 0x38, 0x4B, 0x68, 0xFE, 0xB2, 0x32, 0xFF, 0x44, 0x5E, 0xC4, 0x5B, 0x54, 0x7B, 0xA8,
    0x8C, 0x3A, 0x63, 0xE0, 0x91, 0x39, 0x4A, 0x7E, 0x80, 0x43, 0xBD, 0x94, 0x24, 0x44, 0x23, 0xCA,
    0xB2, 0xB6, 0x68, 0xA5, 0x19, 0x5B, 0x62, 0x4F, 0x3C, 0x2E, 0xD9, 0x77, 0x0C, 0xB5, 0x56, 0xE9,
    0x45, 0xCC, 0xC3, 0xCD, 0x8F, 0xB9, 0x6C, 0x6A, 0x42, 0xC6, 0x1D, 0x70, 0x56, 0x0A, 0x0D, 0xFB,
    0xD2, 0x13, 0xE8, 0x38, 0xA8, 0x05, 0xD0, 0x75, 0x6C, 0xD2, 0x02, 0xEA, 0xD4, 0x85, 0x05, 0xA8,
    0xBD, 0xF6, 0x07, 0x30, 0x98, 0x43, 0x69, 0x5E, 0x7D, 0xAF, 0x7F, 0x2E, 0x87, 0xE4, 0xF8, 0xD7,
    0xE5, 0x90, 0x18, 0xDE, 0x44, 0xB6, 0xAD, 0xB0, 0x77, 0xFA, 0x23, 0x07, 0x79, 0x5D, 0x60, 0x78,
    0xC9, 0x69, 0x90, 0x46, 0xE0, 0xFE, 0xC3, 0x7E, 0xEE, 0x46, 0x19, 0x5B, 0xDB, 0x9C, 0xDB, 0x80,
    0x26, 0x69, 0x93, 0x73, 0x13, 0xD0, 0xC5, 0x03, 0xA3, 0x7D, 0xBF, 0xCB, 0x93, 0x68, 0xC8, 0x74,
    0xDF, 0xD3, 0xF0, 0xC6, 0xC3, 0x89, 0x67, 0x24, 0xF1, 0x79, 0x8B, 0x4A, 0x9C, 0xA7, 0xA5, 0xCD,
    0x49, 0xF9, 0xE3, 0x8D, 0x79, 0xA6, 0xFD, 0xAC, 0xFD, 0x44, 0xBB, 0x4C, 0xCF, 0xB3, 0x8C, 0x47,
    0x2A, 0x5E, 0xAA, 0x78, 0xA1, 0xC6, 0x63, 0x18, 0xDC, 0x56, 0xB9, 0xCE, 0x62, 0x3C, 0x92, 0x95,
    0xB7, 0xF5, 0x7D, 0x68, 0x93, 0x5C, 0x59, 0xC6, 0xD9, 0x85, 0x78, 0x0E, 0x56, 0x8F, 0x5D, 0xAC,
    0xB3, 0xCA, 0xF5, 0x5E, 0x34, 0x7E, 0x30, 0x57, 0x38, 0x2D, 0xCE, 0x4F, 0xB1, 0xBC, 0x42, 0x25,
    0xBB, 0x96, 0xCB, 0xEB, 0x22, 0xD0, 0xCB, 0xE8, 0x64, 0x65, 0xFC, 0xC7, 0xE9, 0xE9, 0x01, 0x3D,
    0xAE, 0xB4, 0x13, 0xA3, 0x4B, 0xAC, 0xEB, 0x2F, 0xDD, 0x50, 0x21, 0x6E, 0xC4, 0x30, 0x10, 0x9C,
    0x38, 0xAA, 0x0E, 0x04, 0x98, 0x14, 0xD7, 0xA4, 0xE0, 0x74, 0x24, 0x4F, 0x58, 0x4B, 0x7D, 0xC0,
    0xE5, 0x07, 0x85, 0x85, 0xA5, 0x45, 0x49, 0x9E, 0xD0, 0x07, 0x55, 0xF5, 0x3E, 0xC1, 0xE0, 0x78,
    0x0F, 0x97, 0xDC, 0x82, 0x80, 0x80, 0xE4, 0xB6, 0xEB, 0xE8, 0xCA, 0x8B, 0x6B, 0xAF, 0x56, 0x2B,
    0x6B, 0x3C, 0x3B, 0x33, 0x00, 0x9C, 0xC2, 0x2B, 0xB7, 0x17, 0xA1, 0x27, 0x21, 0x37, 0x91, 0x9B,
    0x4B, 0xAF, 0xA5, 0xFD, 0x12, 0x7B, 0xAF, 0x35, 0xE2, 0x1E, 0xE5, 0x10, 0x90, 0x0A, 0x78, 0xA7,
    0x08, 0x17, 0x50, 0x0B, 0xD5, 0xB3, 0xAA, 0x1C, 0xD2, 0x3B, 0x5A, 0x20, 0x20, 0x5C, 0x41, 0x1A,
    0xC9, 0x7A, 0x07, 0xDA, 0xE6, 0x3D, 0x8D, 0x08, 0xE3, 0x1B, 0xC5, 0xA4, 0xA0, 0x05, 0x55, 0x2C,
    0x34, 0x95, 0xC6, 0x46, 0x39, 0x7C, 0x47, 0x8A, 0x86, 0xB1, 0x62, 0x3A, 0x66, 0x6A, 0x32, 0x79,
    0x0E, 0xCA, 0xBB, 0x2B, 0xD0, 0x61, 0x98, 0x8D, 0x1C, 0x83, 0x02, 0x3D, 0xB0, 0x94, 0x72, 0x13,
    0x6A, 0x41, 0x93, 0xE1, 0x19, 0x7E, 0xE3, 0xB1, 0xD3, 0x2C, 0x1B, 0xC3, 0xEB, 0xD8, 0x87, 0xD1,
    0x06, 0x6F, 0x4B, 0x53, 0xFC, 0xF0, 0xFC, 0xE9, 0xD9, 0xB6, 0x9B, 0x9E, 0xAA, 0x2B, 0xB0, 0xDD,
    0x8A, 0x60, 0xC2, 0x9E, 0x99, 0x1A, 0x26, 0x9F, 0x49, 0xB3, 0xD7, 0x5C, 0x1D, 0xF9, 0x6E, 0xE0,
    0xD6, 0xBC, 0xFC, 0x0A, 0xFB, 0x4B, 0x0E, 0x2E, 0x07, 0x49, 0xA2, 0xF2, 0x22, 0xF5, 0xED, 0x3A,
    0xA9, 0xC4, 0x3E, 0xFB, 0xB9, 0x78, 0xEE, 0x13, 0x1E, 0x69, 0x4B, 0x6A, 0x45, 0x3D, 0xC3, 0x9F,
    0x41, 0x27, 0xA4, 0xCD, 0x09, 0xAD, 0xA5, 0x1F, 0xD6, 0x62, 0x23, 0x4C, 0x05, 0xFC, 0x90, 0x60,
    0xC1, 0xED, 0x09, 0x83, 0xE9, 0x9E, 0x6F, 0x22, 0xFE, 0x77, 0xCA, 0x3F, 0x85, 0x95, 0xBD, 0x8E,
    0xDD, 0x44, 0x14, 0xC7, 0xCF, 0xB5, 0xC5, 0x3A, 0x92, 0x0B, 0x53, 0xA4, 0x40, 0xBB, 0x85, 0x29,
    0x52, 0x05, 0x29, 0x7E, 0x02, 0x18, 0x8B, 0x82, 0x96, 0x2D, 0xB2, 0xA2, 0xA4, 0xA1, 0xA2, 0xD9,
    0x27, 0x40, 0xB6, 0xA0, 0x4C, 0xC1, 0x3E, 0x42, 0x4A, 0x72, 0x9B, 0x7D, 0x01, 0x60, 0xAC, 0x50,
    0x6C, 0x41, 0x91, 0x2B, 0x5E, 0x00, 0x8B, 0x08, 0x09, 0xD1, 0x64, 0x88, 0x0C, 0x72, 0xC4, 0x8C,
    0x0F, 0xFF, 0xFF, 0xB1, 0x2F, 0x8B, 0x04, 0x11, 0x57, 0xF2, 0xCF, 0x1F, 0x33, 0x73, 0xBE, 0xCF,
    0xB9, 0x22, 0x72, 0x4F, 0xF8, 0xFB, 0xE6, 0x0E, 0x99, 0x1C, 0x70, 0x16, 0x3B, 0x91, 0x42, 0x75,
    0x11, 0x71, 0xAA, 0x51, 0x44, 0x55, 0x67, 0xC9, 0xD5, 0x3F, 0x0B, 0x52, 0x26, 0xF7, 0xE1, 0x28,
    0xD5, 0xE4, 0xEB, 0x41, 0xEA, 0x90, 0x5C, 0x2F, 0xCD, 0x0F, 0xDC, 0xEE, 0xBE, 0x9B, 0xB9, 0xFD,
    0xE6, 0x37, 0x6C, 0x77, 0xCF, 0x9E, 0xCF, 0xE0, 0x8B, 0x9B, 0x20, 0xD2, 0xE8, 0x97, 0xA3, 0x48,
    0xAD, 0xD5, 0x20, 0x52, 0x2D, 0x0E, 0x2C, 0x17, 0xEA, 0xC8, 0x55, 0x2F, 0x07, 0x2A, 0x51, 0x48,
    0x03, 0x0F, 0x52, 0xDF, 0x98, 0xC2, 0x47, 0xBF, 0xB7, 0x60, 0x75, 0xC0, 0x9E, 0xF7, 0x78, 0x48,
    0xE4, 0xC4, 0xEC, 0xFB, 0x74, 0xFF, 0x95, 0x64, 0xD8, 0xC8, 0x93, 0x86, 0x45, 0xF2, 0x48, 0x41,
    0xFF, 0x05, 0xD5, 0x89, 0x88, 0x1B, 0x96, 0xFD, 0xD5, 0xBA, 0x70, 0xB6, 0xF4, 0xF4, 0xE9, 0xB0,
    0xC1, 0x5E, 0x6F, 0x8F, 0xED, 0x26, 0x53, 0x07, 0x2B, 0xB0, 0x1C, 0xE8, 0x76, 0xA4, 0x4A, 0x08,
    0x48, 0xBB, 0x28, 0x05, 0x7C, 0x92, 0x82, 0x5B, 0xD6, 0xA7, 0xF4, 0xD0, 0xC2, 0x63, 0x68, 0xE1,
    0x27, 0x8E, 0xDD, 0xD7, 0xBD, 0x48, 0xA7, 0xDA, 0xAF, 0x38, 0xE5, 0xAB, 0x50, 0xDC, 0x99, 0x5E,
    0x65, 0x3D, 0xBE, 0xF9, 0x51, 0xE9, 0xF1, 0x67, 0x1F, 0xA8, 0xC2, 0xB5, 0x93, 0x27, 0x22, 0xE7,
    0x22, 0x77, 0x24, 0x63, 0xD0, 0x60, 0x26, 0xD8, 0xE6, 0x10, 0x46, 0x0E, 0xC6, 0x60, 0x9C, 0xC9,
    0x3F, 0x13, 0xF9, 0x4A, 0x5B, 0xD7, 0x76, 0x94, 0x12, 0x3D, 0x99, 0xD6, 0xE7, 0x62, 0x2E, 0x92,
    0xBB, 0xCA, 0xE7, 0x4C, 0xB1, 0x67, 0x16, 0xAF, 0xA4, 0x33, 0x56, 0xC6, 0xC2, 0x98, 0x81, 0xF0,
    0x40, 0xDB, 0x5D, 0xA0, 0x46, 0x04, 0x15, 0xC1, 0xCE, 0x98, 0xDD, 0x35, 0xAC, 0xC6, 0x5E, 0xB0,
    0xB3, 0x1B, 0xE4, 0x9D, 0x65, 0xEF, 0x7F, 0x11, 0xD3, 0xB2, 0x11, 0x9E, 0x32, 0xEC, 0x90, 0x3C,
    0x1C, 0x77, 0x1E, 0x4F, 0x45, 0xE3, 0x95, 0x70, 0x55, 0xFE, 0x8F, 0xD4, 0x2E, 0xF2, 0x96, 0xE5,
    0xF5, 0x71, 0x47, 0x66, 0xD1, 0xB7, 0x96, 0x86, 0x8E, 0x29, 0x2F, 0x22, 0x14, 0xDC, 0x95, 0x72,
    0x6E, 0x0E, 0x92, 0xA4, 0x0A, 0x75, 0x10, 0xC5, 0xAD, 0x0A, 0xB0, 0xBF, 0x19, 0xCB, 0x09, 0xD1,
    0x71, 0x83, 0x5B, 0xAE, 0xF5, 0x57, 0x3F, 0x99, 0xFF, 0x1A, 0x9D, 0xDD, 0xE6, 0x13, 0x6D, 0x6E,
    0x26, 0x3D, 0x17, 0x75, 0x5F, 0x2C, 0x08, 0xA7, 0xD7, 0x8C, 0x96, 0x75, 0x8B, 0xF0, 0xE6, 0xA2,
    0x78, 0x78, 0xDF, 0x44, 0x71, 0x30, 0xA0, 0x9A, 0xD6, 0x5B, 0x90, 0x1A, 0xA5, 0x50, 0x0C, 0x52,
    0x52, 0x35, 0xF2, 0x91, 0xCD, 0x6B, 0x3D, 0x38, 0xCB, 0xE3, 0xC0, 0x7B, 0xF6, 0x3C, 0xA2, 0x86,
    0x71, 0x0E, 0x97, 0x7F, 0x14, 0x45, 0xF3, 0xDB, 0xCB, 0xBF, 0x58, 0xBF, 0x57, 0xAF, 0x20, 0xBB,
    0x35, 0x9F, 0x70, 0x2C, 0xC9, 0x1A, 0x36, 0x66, 0x9F, 0x79, 0xC6, 0xE3, 0xB8, 0xD6, 0x65, 0x45,
    0xB8, 0x39, 0x1B, 0xC5, 0x53, 0xA1, 0x5A, 0xB5, 0x99, 0x9A, 0x23, 0x8A, 0x74, 0xC1, 0xDA, 0x44,
    0x6E, 0x6E, 0xBF, 0x35, 0x8C, 0x36, 0x12, 0x47, 0xE1, 0xEC, 0x0D, 0xB7, 0x7C, 0x14, 0x28, 0x8A,
    0x39, 0x55, 0x3A, 0xC5, 0x82, 0x92, 0x87, 0xE6, 0xC0, 0x3D, 0x78, 0xB0, 0x8B, 0x30, 0xAD, 0x20,
    0xEA, 0x19, 0xE8, 0xC6, 0x3C, 0xEE, 0xB4, 0xCF, 0x63, 0x91, 0xE0, 0x5B, 0x3D, 0x61, 0xA9, 0xFB,
    0xF9, 0xBC, 0x4B, 0x5B, 0x19, 0x25, 0x86, 0x2F, 0xE6, 0xFA, 0x23, 0x3B, 0xA6, 0x60, 0x67, 0xB1,
    0x52, 0xE0, 0xDF, 0x90, 0x33, 0x58, 0x47, 0x29, 0x25, 0xE5, 0x41, 0x10, 0xF4, 0xCD, 0x56, 0x3B,
    0xD9, 0x3A, 0x18, 0xB6, 0xAE, 0xEC, 0xBB, 0x74, 0xE1, 0x4D, 0xDE, 0xE2, 0x96, 0xFD, 0xF5, 0xDC,
    0xA4, 0x8B, 0x8F, 0x67, 0x7B, 0xE5, 0x42, 0xB2, 0x2D, 0xC7, 0xCD, 0x71, 0x2D, 0x17, 0xAB, 0x87,
    0xD7, 0x62, 0xAD, 0x13, 0x79, 0x93, 0x8F, 0xD1, 0xAA, 0x84, 0xD0, 0xC7, 0x1C, 0x28, 0x6A, 0x63,
    0xC9, 0xE4, 0xF5, 0x95, 0xC6, 0x53, 0xA9, 0xFF, 0x60, 0xCE, 0x7E, 0x62, 0xBA, 0x9F, 0x02, 0xFE,
    0x7D, 0x0E, 0xAE, 0xCC, 0x80, 0x96, 0x23, 0x82, 0xC1, 0x7F, 0xBE, 0x5C, 0x07, 0xF7, 0x34, 0x56,
    0xC1, 0xBD, 0x04, 0x70, 0xB6, 0x0A, 0x85, 0xA6, 0xCB, 0xC0, 0xE9, 0x12, 0xD8, 0xB9, 0x07, 0x29,
    0x91, 0x3F, 0xC9, 0xD2, 0xDF, 0x2A, 0xA3, 0x55, 0x2A, 0xF1, 0x09, 0x61, 0xC3, 0x82, 0xAB, 0x3B,
    0x26, 0xA5, 0x66, 0x92, 0x71, 0xB6, 0xA5, 0x2D, 0x6D, 0xB5, 0xC4, 0x07, 0xD2, 0x4C, 0xB4, 0xE5,
    0x40, 0x5B, 0x06, 0xDA, 0xD2, 0xD2, 0x0C, 0xF9, 0x37, 0x6C, 0xC1, 0xB6, 0xB8, 0x11, 0x68, 0x66,
    0xA0, 0xD2, 0xE4, 0xB7, 0xEE, 0xF2, 0x9C, 0x2C, 0x25, 0xBB, 0x73, 0xB7, 0x1C, 0x55, 0x9A, 0x72,
    0x79, 0x5B, 0xE4, 0x74, 0xBF, 0x6F, 0x3D, 0x9D, 0xC2, 0xD5, 0x71, 0x8C, 0x16, 0xD1, 0x8C, 0xD7,
    0xED, 0x9B, 0x55, 0x0C, 0x7C, 0x68, 0x10, 0x6B, 0x3A, 0xC6, 0xEB, 0xFE, 0xF5, 0x56, 0xDB, 0x0C,
    0xA7, 0x89, 0xA3, 0x5C, 0x56, 0x15, 0x6B, 0xB1, 0xE9, 0x2D, 0xDC, 0x77, 0x89, 0x6F, 0x65, 0xAB,
    0xCD, 0x0D, 0x0F, 0x08, 0xDD, 0x50, 0xB2, 0xE2, 0x3A, 0xB5, 0xAA, 0x2E, 0x7B, 0x79, 0xD7, 0xA6,
    0x99, 0xA9, 0xA3, 0xAD, 0x35, 0x12, 0x02, 0xAD, 0x18, 0x12, 0x95, 0x72, 0x8E, 0x28, 0xA3, 0xA4,
    0x97, 0xBA, 0x0E, 0x54, 0xA1, 0xA9, 0xEC, 0x48, 0x91, 0x37, 0xAC, 0x5B, 0x88, 0x82, 0x89, 0x2E,
    0x0D, 0x93, 0x49, 0xED, 0xF9, 0xD7, 0x60, 0x05, 0xCE, 0xE6, 0x42, 0x36, 0xBA, 0xEF, 0x5F, 0xA2,
    0x9D, 0xCA, 0xA0, 0xA2, 0x65, 0xF0, 0xED, 0x52, 0x86, 0xCE, 0xD0, 0xFF, 0x03, 0x05, 0xB1, 0x6B,
    0x01, 0x28, 0x78, 0x2D, 0xDA, 0xAF, 0x6D, 0xF4, 0xD9, 0x1C, 0xDA, 0x3F, 0xA1, 0x33, 0xEB, 0x5F,
    0x50, 0x24, 0x16, 0xA9, 0xC6, 0x1D, 0x66, 0x0D, 0x9A, 0xB3, 0x05, 0x5C, 0x7F, 0x44, 0xC7, 0x57,
    0x65, 0x80, 0x17, 0xE6, 0x9A, 0x21, 0x85, 0x7D, 0x98, 0xFA, 0xAD, 0xD4, 0x93, 0x85, 0xA5, 0x25,
    0x06, 0x1A, 0x8F, 0x27, 0x6C, 0xDE, 0x50, 0xB0, 0x2F, 0xFF, 0x02, 0xC5, 0x54, 0x3B, 0x8E, 0xD4,
    0x40, 0x10, 0x7D, 0x6D, 0xB3, 0x3B, 0x5A, 0x39, 0x30, 0x29, 0xBB, 0x81, 0x13, 0x52, 0xF0, 0x05,
    0x10, 0xED, 0x8C, 0x74, 0x02, 0x36, 0x22, 0xE1, 0x06, 0x5C, 0x60, 0x45, 0xFB, 0x08, 0x9B, 0x11,
    0x6C, 0x42, 0x40, 0xB2, 0x93, 0x70, 0x01, 0x34, 0xDD, 0x37, 0x60, 0x8E, 0x60, 0x21, 0x91, 0x2C,
    0xC1, 0x5A, 0xC2, 0x81, 0x83, 0x76, 0x17, 0xAF, 0xDC, 0xB3, 0x48, 0x10, 0x90, 0x62, 0xB9, 0x6A,
    0xA6, 0x3F, 0xF5, 0xBA, 0xEA, 0xBD, 0x6A, 0xE3, 0x79, 0x07, 0xB8, 0x91, 0xB6, 0x00, 0xAD, 0x00,
    0xF0, 0x01, 0x68, 0x06, 0xB4, 0x3F, 0xC6, 0x42, 0x64, 0xAE, 0x44, 0x62, 0x93, 0x7C, 0xB4, 0x87,
    0xCD, 0xE2, 0xBB, 0x22, 0x71, 0xC7, 0x1F, 0xE6, 0x81, 0xE8, 0x42, 0x19, 0xED, 0xD4, 0x4C, 0xB5,
    0xC8, 0x58, 0x8A, 0x04, 0xF8, 0x04, 0x18, 0xE2, 0x9A, 0xED, 0x19, 0x81, 0x93, 0xED, 0x38, 0x2B,
    0x1D, 0x97, 0x13, 0xDA, 0xA9, 0x89, 0xB0, 0xC1, 0x26, 0xB8, 0x5E, 0x04, 0xBE, 0x24, 0x82, 0xAF,
    0x67, 0x3A, 0x37, 0x78, 0x38, 0xE9, 0x05, 0x36, 0x15, 0xDC, 0x17, 0xAB, 0xC8, 0xA1, 0x4C, 0x60,
    0xE8, 0x01, 0xC9, 0x11, 0xF2, 0xA9, 0xD9, 0x32, 0x3F, 0x9C, 0xA9, 0xB3, 0xEA, 0x5C, 0x4F, 0xC7,
    0xF3, 0x60, 0xB8, 0x05, 0xA5, 0xB0, 0x8C, 0xF2, 0xE7, 0x04, 0x54, 0xDF, 0x22, 0x50, 0x07, 0xBA,
    0x36, 0x30, 0xCE, 0x76, 0x8E, 0x65, 0xC1, 0xF6, 0x58, 0xD0, 0x04, 0x13, 0x51, 0x1F, 0xCA, 0x19,
    0xD5, 0x58, 0x8E, 0x28, 0xA7, 0x6A, 0x40, 0x11, 0x6B, 0x62, 0xC4, 0x96, 0x27, 0x25, 0x4B, 0x27,
    0xEB, 0xBF, 0xF3, 0xDD, 0x6E, 0x77, 0x8B, 0x75, 0xDC, 0x3B, 0xF5, 0x61, 0xFD, 0xDF, 0x41, 0x94,
    0x9E, 0xFF, 0xE6, 0x13, 0x6A, 0xFA, 0x2B, 0x54, 0x3D, 0x98, 0x21, 0x3C, 0xF3, 0xD2, 0xDC, 0xFC,
    0xDD, 0xAE, 0xB3, 0x24, 0xA1, 0x56, 0x0E, 0xA2, 0xD2, 0xA2, 0x24, 0x85, 0x3C, 0xA1, 0xD6, 0x72,
    0xD1, 0xF7, 0x30, 0xE4, 0x63, 0xC3, 0xF5, 0x46, 0x25, 0xE7, 0xB2, 0x56, 0xA7, 0xF1, 0xAC, 0x30,
    0x9C, 0x5C, 0x5E, 0x6E, 0xF9, 0xBB, 0xF8, 0xCC, 0x83, 0xA2, 0x3C, 0xA2, 0xBD, 0xA4, 0xED, 0x69,
    0x1C, 0x17, 0xB4, 0x52, 0x09, 0x56, 0xD0, 0x83, 0xD2, 0xAB, 0xEC, 0x2A, 0xB9, 0x20, 0xB7, 0xFF,
    0x5C, 0x4E, 0xC7, 0xE5, 0x99, 0xE7, 0xEB, 0x32, 0x8B, 0x68, 0x74, 0xB9, 0xCF, 0x5A, 0x3E, 0xA3,
    0x35, 0x9D, 0x0B, 0xFE, 0xE0, 0x42, 0xAB, 0xB2, 0xF2, 0x51, 0xB5, 0x0D, 0xE1, 0x56, 0x4C, 0x50,
    0x2D, 0x22, 0x33, 0x0C, 0xAA, 0xD6, 0x8A, 0xBD, 0x82, 0xC3, 0xA1, 0x18, 0x99, 0xA0, 0x8D, 0xCC,
    0xD0, 0x2F, 0x3C, 0xE4, 0xBD, 0x68, 0x80, 0x7D, 0xA5, 0x55, 0x7F, 0x65, 0x40, 0x7D, 0xCF, 0xBD,
    0x95, 0xF6, 0x49, 0x49, 0xF9, 0x50, 0x28, 0x35, 0x9A, 0x8F, 0xD2, 0x08, 0xF6, 0x1A, 0x39, 0xA9,
    0x25, 0xD4, 0x2A, 0xF0, 0xC8, 0xD7, 0x7D, 0x88, 0xF2, 0x66, 0xDE, 0xC3, 0xC7, 0x22, 0x2E, 0x68,
    0x47, 0xD0, 0x5B, 0xFA, 0x3D, 0x84, 0x33, 0xEE, 0x26, 0xCA, 0xCD, 0x94, 0x77, 0x32, 0x84, 0xB0,
    0xE6, 0x16, 0x7C, 0x8F, 0xCF, 0x46, 0x4F, 0x68, 0xF4, 0x2C, 0xAB, 0xCE, 0xDD, 0x77, 0x59, 0x0A,
    0xFC, 0x3E, 0x54, 0x15, 0x40, 0xB1, 0x20, 0xF3, 0x91, 0xC5, 0xCA, 0x6E, 0xD6, 0x78, 0x75, 0x95,
    0xD6, 0xAB, 0x24, 0xAE, 0xCA, 0x1D, 0x9D, 0x56, 0xAE, 0x0D, 0xB0, 0x2A, 0xB9, 0x4A, 0xFB, 0x44,
    0xAF, 0x2A, 0xAF, 0x0C, 0x09, 0x56, 0x74, 0xA7, 0x20, 0x17, 0x1F, 0x15, 0xF8, 0x1A, 0xDB, 0x36,
    0x99, 0xD1, 0xC9, 0xF7, 0x99, 0x62, 0xCE, 0x5F, 0x2E, 0x64, 0x7C, 0xC1, 0x8B, 0xAD, 0x77, 0xB2,
    0x5D, 0xC0, 0xF9, 0x21, 0xCF, 0xB7, 0x9C, 0x37, 0x9E, 0xA0, 0x27, 0x8C, 0x3A, 0xED, 0x32, 0xB5,
    0xED, 0x2A, 0x89, 0x3D, 0x36, 0x82, 0x36, 0x44, 0x56, 0xEC, 0x80, 0xF3, 0xCF, 0x77, 0x9F, 0x38,
    0x4E, 0x0F, 0x0D, 0x52, 0xCC, 0x59, 0x96, 0x72, 0x78, 0x28, 0x1F, 0x6F, 0x99, 0x64, 0x24, 0xC5,
    0x94, 0x42, 0x86, 0x46, 0x66, 0xE2, 0x74, 0xB4, 0x6B, 0xF2, 0x9F, 0x3A, 0x7E, 0x60, 0x26, 0x18,
    0x1F, 0x73, 0x0B, 0xE2, 0x31, 0x1B, 0xEE, 0xB5, 0x5E, 0x2A, 0x9B, 0xEF, 0x5C, 0x5A, 0x33, 0x20,
    0x66, 0x2D, 0x03, 0x4E, 0xD9, 0x98, 0x24, 0x92, 0xFB, 0xF8, 0x35, 0x31, 0xFC, 0x72, 0xBC, 0x93,
    0x69, 0x23, 0xAA, 0x54, 0x8F, 0x9A, 0xFC, 0x18, 0x02, 0xFC, 0x1D, 0xFF, 0x0B, 0x9D, 0xCD, 0xA1,
    0x11, 0x80, 0x30, 0x10, 0x44, 0xD1, 0x25, 0x37, 0xA8, 0x08, 0x4A, 0xA1, 0x84, 0x34, 0x41, 0x39,
    0x11, 0xCC, 0x44, 0x20, 0xA1, 0x04, 0x2C, 0x55, 0xD0, 0x0A, 0x1D, 0x70, 0x02, 0x11, 0x43, 0x8E,
    0x1D, 0x26, 0x15, 0xC4, 0x7C, 0xB1, 0x2B, 0x1E, 0xBA, 0x03, 0xC0, 0x60, 0x8B, 0x22, 0xD8, 0xAA,
    0x38, 0x6F, 0xAF, 0x30, 0xB8, 0x0D, 0x85, 0x7B, 0x6F, 0x93, 0x9B, 0x83, 0x99, 0xD7, 0x3F, 0xA3,
    0xBD, 0x7C, 0x0B, 0x9A, 0x12, 0x21, 0x17, 0xA8, 0xED, 0xD4, 0xD2, 0x43, 0x2D, 0x65, 0x6A, 0x92,
    0xA9, 0x31, 0x85, 0xA1, 0x26, 0x99, 0x50, 0x0D, 0xB5, 0x7A, 0x34, 0x24, 0xC2, 0xE9, 0x07,
};

static const EpdGlyph quicksand_14_boldGlyphs[] = {
    { 0, 0, 131, 0, 0, 0, 0 }, // U+000D
    { 0, 0, 131, 0, 0, 0, 0 }, // U+0020
    { 5, 21, 125, 1, 21, 27, 0 }, // !
    { 12, 10, 201, 0, 21, 30, 27 }, // "
    { 19, 21, 323, 1, 21, 100, 57 }, // #
    { 16, 28, 279, 1, 24, 112, 157 }, // $
    { 23, 22, 381, 0, 21, 127, 269 }, // %
    { 20, 22, 331, 0, 21, 110, 396 }, // &
    { 6, 10, 99, 0, 21, 15, 506 }, // '
    { 10, 27, 167, 0, 21, 68, 521 }, // (
    { 10, 27, 167, 0, 21, 68, 589 }, // )
    { 10, 10, 169, 0, 21, 25, 657 }, // *
    { 16, 16, 270, 1, 18, 64, 682 }, // +
    { 7, 8, 128, 0, 4, 14, 746 }, // ,
    { 10, 4, 185, 1, 11, 10, 760 }, // -
    { 5, 5, 116, 1, 5, 7, 770 }, // .
    { 16, 28, 265, 0, 24, 112, 777 }, // /
    { 16, 22, 287, 1, 21, 88, 889 }, // 0
    { 9, 21, 182, 0, 21, 48, 977 }, // 1
    { 14, 21, 266, 1, 21, 74, 1025 }, // 2
    { 14, 22, 251, 1, 21, 77, 1099 }, // 3
    { 17, 21, 274, 0, 21, 90, 1176 }, // 4
    { 15, 22, 269, 1, 21, 83, 1266 }, // 5
    { 15, 22, 258, 1, 21, 83, 1349 }, // 6
    { 15, 22, 256, 1, 21, 83, 1432 }, // 7
    { 14, 21, 256, 1, 21, 74, 1515 }, // 8
    { 15, 22, 265, 1, 21, 83, 1589 }, // 9
    { 4, 16, 127, 2, 16, 16, 1672 }, // :
    { 7, 20, 137, 1, 16, 35, 1688 }, // ;
    { 14, 15, 245, 0, 17, 53, 1723 }, // <
    { 16, 10, 289, 1, 15, 40, 1776 }, // =
    { 14, 16, 245, 1, 18, 56, 1816 }, // >
    { 15, 22, 246, 0, 22, 83, 1872 }, // ?
    { 26, 26, 450, 1, 21, 169, 1955 }, // @
    { 19, 22, 298, 0, 21, 105, 2124 }, // A
    { 16, 21, 306, 2, 21, 84, 2229 }, // B
    { 17, 22, 293, 1, 21, 94, 2313 }, // C
    { 18, 21, 334, 2, 21, 95, 2407 }, // D
    { 14, 21, 267, 2, 21, 74, 2502 }, // E
    { 14, 21, 262, 2, 21, 74, 2576 }, // F
    { 18, 22, 325, 1, 21, 99, 2650 }, // G
    { 17, 21, 336, 2, 21, 90, 2749 }, // H
    { 4, 21, 128, 2, 21, 21, 2839 }, // I
    { 13, 22, 258, 1, 21, 72, 2860 }, // J
    { 17, 21, 306, 2, 21, 90, 2932 }, // K
    { 14, 21, 262, 2, 21, 74, 3022 }, // L
    { 20, 21, 382, 2, 21, 105, 3096 }, // M
    { 18, 21, 343, 2, 21, 95, 3201 }, // N
    { 20, 22, 354, 1, 21, 110, 3296 }, // O
    { 15, 21, 281, 2, 21, 79, 3406 }, // P
    { 22, 27, 352, 1, 21, 149, 3485 }, // Q
    { 18, 22, 321, 2, 21, 99, 3634 }, // R
    { 16, 22, 279, 1, 21, 88, 3733 }, // S
    { 18, 21, 292, 0, 21, 95, 3821 }, // T
    { 17, 22, 329, 2, 21, 94, 3916 }, // U
    { 19, 21, 316, 0, 21, 100, 4010 }, // V
    { 28, 21, 440, 0, 21, 147, 4110 }, // W
    { 17, 22, 306, 1, 21, 94, 4257 }, // X
    { 17, 21, 278, 0, 21, 90, 4351 }, // Y
    { 17, 21, 302, 1, 21, 90, 4441 }, // Z
    { 10, 27, 190, 2, 21, 68, 4531 }, // [
    { 16, 28, 265, 0, 24, 112, 4599 }, // <backslash>
    { 10, 27, 190, 0, 21, 68, 4711 }, // ]
    { 16, 12, 288, 1, 21, 48, 4779 }, // ^
    { 19, 4, 329, 1, -1, 19, 4827 }, // _
    { 7, 6, 121, 0, 22, 11, 4846 }, // `
    { 16, 17, 293, 1, 16, 68, 4857 }, // a
    { 17, 23, 293, 1, 22, 98, 4925 }, // b
    { 14, 17, 243, 1, 16, 60, 5023 }, // c
    { 16, 23, 293, 1, 22, 92, 5083 }, // d
    { 16, 17, 275, 1, 16, 68, 5175 }, // e
    { 13, 22, 204, 0, 22, 72, 5243 }, // f
    { 16, 22, 298, 1, 16, 88, 5315 }, // g
    { 15, 22, 274, 1, 22, 83, 5403 }, // h
    { 5, 21, 110, 1, 21, 27, 5486 }, // i
    { 7, 27, 128, -1, 21, 48, 5513 }, // j
    { 14, 22, 266, 2, 22, 77, 5561 }, // k
    { 4, 22, 126, 2, 22, 22, 5638 }, // l
    { 24, 16, 430, 1, 16, 96, 5660 }, // m
    { 15, 16, 278, 1, 16, 60, 5756 }, // n
    { 17, 17, 291, 1, 16, 73, 5816 }, // o
    { 17, 22, 293, 1, 16, 94, 5889 }, // p
    { 16, 22, 293, 1, 16, 88, 5983 }, // q
    { 12, 16, 203, 1, 16, 48, 6071 }, // r
    { 14, 17, 225, 0, 16, 60, 6119 }, // s
    { 11, 19, 191, 0, 19, 53, 6179 }, // t
    { 15, 17, 274, 1, 16, 64, 6232 }, // u
    { 16, 17, 262, 0, 16, 68, 6296 }, // v
    { 22, 17, 358, 0, 16, 94, 6364 }, // w
    { 14, 17, 227, 0, 16, 60, 6458 }, // x
    { 15, 22, 274, 1, 16, 83, 6518 }, // y
    { 14, 16, 226, 0, 16, 56, 6601 }, // z
    { 12, 27, 187, 0, 21, 81, 6657 }, // {
    { 5, 28, 116, 1, 24, 35, 6738 }, // |
    { 12, 27, 187, 0, 21, 81, 6773 }, // }
    { 14, 7, 252, 1, 13, 25, 6854 }, // ~
    { 0, 0, 131, 0, 0, 0, 0 }, // U+00A0
    { 5, 21, 125, 1, 16, 27, 0 }, // U+00A1
    { 14, 21, 240, 1, 21, 74, 27 }, // U+00A2
    { 18, 22, 291, 0, 21, 99, 101 }, // U+00A3
    { 14, 14, 270, 1, 16, 49, 200 }, // U+00A4
    { 17, 21, 278, 0, 21, 90, 249 }, // U+00A5
    { 4, 28, 120, 2, 24, 28, 339 }, // U+00A6
    { 16, 26, 261, 0, 21, 104, 367 }, // U+00A7
    { 10, 4, 197, 1, 21, 10, 471 }, // U+00A8
    { 22, 22, 364, 0, 21, 121, 481 }, // U+00A9
    { 10, 11, 165, 0, 22, 28, 602 }, // U+00AA
    { 14, 13, 227, 0, 14, 46, 630 }, // U+00AB
    { 18, 10, 318, 1, 13, 45, 676 }, // U+00AC
    { 10, 4, 185, 1, 11, 10, 721 }, // U+00AD
    { 14, 14, 229, 0, 21, 49, 731 }, // U+00AE
    { 11, 4, 206, 1, 21, 11, 780 }, // U+00AF
    { 11, 10, 183, 0, 21, 28, 791 }, // U+00B0
    { 16, 17, 270, 1, 19, 68, 819 }, // U+00B1
    { 9, 12, 170, 1, 23, 27, 887 }, // U+00B2
    { 9, 12, 166, 1, 22, 27, 914 }, // U+00B3
    { 6, 7, 122, 1, 24, 11, 941 }, // U+00B4
    { 14, 21, 283, 2, 16, 74, 952 }, // U+00B5
    { 16, 23, 295, 1, 21, 92, 1026 }, // U+00B6
    { 5, 5, 104, 1, 11, 7, 1118 }, // U+00B7
    { 6, 6, 122, 1, 1, 9, 1125 }, // U+00B8
    { 6, 11, 149, 1, 23, 17, 1134 }, // U+00B9
    { 10, 10, 163, 0, 21, 25, 1151 }, // U+00BA
    { 15, 13, 232, 0, 14, 49, 1176 }, // U+00BB
    { 22, 22, 386, 1, 21, 121, 1225 }, // U+00BC
    { 23, 22, 394, 1, 21, 127, 1346 }, // U+00BD
    { 23, 22, 393, 1, 21, 127, 1473 }, // U+00BE
    { 15, 23, 246, 0, 16, 87, 1600 }, // U+00BF
    { 19, 28, 298, 0, 27, 133, 1687 }, // U+00C0
    { 19, 28, 298, 0, 27, 133, 1820 }, // U+00C1
    { 19, 27, 298, 0, 26, 129, 1953 }, // U+00C2
    { 19, 28, 298, 0, 27, 133, 2082 }, // U+00C3
    { 19, 27, 298, 0, 26, 129, 2215 }, // U+00C4
    { 19, 26, 300, 0, 25, 124, 2344 }, // U+00C5
    { 25, 22, 413, 0, 21, 138, 2468 }, // U+00C6
    { 17, 26, 293, 1, 21, 111, 2606 }, // U+00C7
    { 14, 27, 267, 2, 27, 95, 2717 }, // U+00C8
    { 14, 27, 267, 2, 27, 95, 2812 }, // U+00C9
    { 14, 26, 267, 2, 26, 91, 2907 }, // U+00CA
    { 14, 26, 267, 2, 26, 91, 2998 }, // U+00CB
    { 7, 27, 128, -1, 27, 48, 3089 }, // U+00CC
    { 7, 27, 128, 2, 27, 48, 3137 }, // U+00CD
    { 10, 26, 128, -1, 26, 65, 3185 }, // U+00CE
    { 10, 26, 128, -1, 26, 65, 3250 }, // U+00CF
    { 21, 21, 334, -1, 21, 111, 3315 }, // U+00D0
    { 18, 27, 343, 2, 27, 122, 3426 }, // U+00D1
    { 20, 28, 354, 1, 27, 140, 3548 }, // U+00D2
    { 20, 28, 354, 1, 27, 140, 3688 }, // U+00D3
    { 20, 27, 354, 1, 26, 135, 3828 }, // U+00D4
    { 20, 28, 354, 1, 27, 140, 3963 }, // U+00D5
    { 20, 27, 354, 1, 26, 135, 4103 }, // U+00D6
    { 13, 13, 234, 1, 16, 43, 4238 }, // U+00D7
    { 20, 23, 345, 1, 22, 115, 4281 }, // U+00D8
    { 17, 28, 329, 2, 27, 119, 4396 }, // U+00D9
    { 17, 28, 329, 2, 27, 119, 4515 }, // U+00DA
    { 17, 27, 329, 2, 26, 115, 4634 }, // U+00DB
    { 17, 27, 329, 2, 26, 115, 4749 }, // U+00DC
    { 17, 27, 278, 0, 27, 115, 4864 }, // U+00DD
    { 15, 22, 281, 2, 22, 83, 4979 }, // U+00DE
    { 19, 23, 311, 0, 22, 110, 5062 }, // U+00DF
    { 16, 23, 293, 1, 22, 92, 5172 }, // U+00E0
    { 16, 24, 293, 1, 23, 96, 5264 }, // U+00E1
    { 16, 23, 293, 1, 22, 92, 5360 }, // U+00E2
    { 16, 23, 293, 1, 22, 92, 5452 }, // U+00E3
    { 16, 22, 293, 1, 21, 88, 5544 }, // U+00E4
    { 16, 25, 293, 1, 24, 100, 5632 }, // U+00E5
    { 25, 17, 432, 1, 16, 107, 5732 }, // U+00E6
    { 14, 21, 243, 1, 16, 74, 5839 }, // U+00E7
    { 16, 23, 275, 1, 22, 92, 5913 }, // U+00E8
    { 16, 24, 275, 1, 23, 96, 6005 }, // U+00E9
    { 16, 23, 275, 1, 22, 92, 6101 }, // U+00EA
    { 16, 22, 275, 1, 21, 88, 6193 }, // U+00EB
    { 8, 22, 110, -2, 22, 44, 6281 }, // U+00EC
    { 7, 23, 110, 1, 23, 41, 6325 }, // U+00ED
    { 9, 22, 110, -1, 22, 50, 6366 }, // U+00EE
    { 11, 21, 110, -2, 21, 58, 6416 }, // U+00EF
    { 15, 23, 274, 1, 22, 87, 6474 }, // U+00F0
    { 15, 22, 278, 1, 22, 83, 6561 }, // U+00F1
    { 17, 23, 291, 1, 22, 98, 6644 }, // U+00F2
    { 17, 24, 291, 1, 23, 102, 6742 }, // U+00F3
    { 17, 23, 291, 1, 22, 98, 6844 }, // U+00F4
    { 17, 23, 291, 1, 22, 98, 6942 }, // U+00F5
    { 17, 22, 291, 1, 21, 94, 7040 }, // U+00F6
    { 16, 16, 289, 1, 18, 64, 7134 }, // U+00F7
    { 17, 18, 291, 1, 17, 77, 7198 }, // U+00F8
    { 15, 23, 274, 1, 22, 87, 7275 }, // U+00F9
    { 15, 24, 274, 1, 23, 90, 7362 }, // U+00FA
    { 15, 23, 274, 1, 22, 87, 7452 }, // U+00FB
    { 15, 22, 274, 1, 21, 83, 7539 }, // U+00FC
    { 15, 29, 274, 1, 23, 109, 7622 }, // U+00FD
    { 17, 28, 293, 1, 22, 119, 7731 }, // U+00FE
    { 15, 27, 274, 1, 21, 102, 7850 }, // U+00FF
    { 19, 26, 298, 0, 25, 124, 0 }, // U+0100
    { 16, 22, 293, 1, 21, 88, 124 }, // U+0101
    { 19, 28, 298, 0, 27, 133, 212 }, // U+0102
    { 16, 22, 293, 1, 21, 88, 345 }, // U+0103
    { 19, 28, 300, 0, 21, 133, 433 }, // U+0104
    { 16, 23, 293, 1, 16, 92, 566 }, // U+0105
    { 17, 28, 293, 1, 27, 119, 658 }, // U+0106
    { 14, 24, 243, 1, 23, 84, 777 }, // U+0107
    { 17, 27, 293, 1, 26, 115, 861 }, // U+0108
    { 14, 23, 243, 1, 22, 81, 976 }, // U+0109
    { 17, 27, 293, 1, 26, 115, 1057 }, // U+010A
    { 14, 22, 243, 1, 21, 77, 1172 }, // U+010B
    { 17, 28, 293, 1, 27, 119, 1249 }, // U+010C
    { 14, 23, 243, 1, 22, 81, 1368 }, // U+010D
    { 18, 27, 334, 2, 27, 122, 1449 }, // U+010E
    { 22, 23, 330, 1, 22, 127, 1571 }, // U+010F
    { 21, 21, 334, -1, 21, 111, 1698 }, // U+0110
    { 18, 23, 293, 1, 22, 104, 1809 }, // U+0111
    { 14, 25, 267, 2, 25, 88, 1913 }, // U+0112
    { 16, 22, 275, 1, 21, 88, 2001 }, // U+0113
    { 14, 27, 267, 2, 27, 95, 2089 }, // U+0114
    { 16, 22, 275, 1, 21, 88, 2184 }, // U+0115
    { 14, 26, 267, 2, 26, 91, 2272 }, // U+0116
    { 16, 22, 275, 1, 21, 88, 2363 }, // U+0117
    { 14, 28, 267, 2, 21, 98, 2451 }, // U+0118
    { 16, 23, 275, 1, 16, 92, 2549 }, // U+0119
    { 14, 27, 267, 2, 27, 95, 2641 }, // U+011A
    { 16, 23, 275, 1, 22, 92, 2736 }, // U+011B
    { 18, 27, 325, 1, 26, 122, 2828 }, // U+011C
    { 16, 28, 298, 1, 22, 112, 2950 }, // U+011D
    { 18, 28, 325, 1, 27, 126, 3062 }, // U+011E
    { 16, 27, 298, 1, 21, 108, 3188 }, // U+011F
    { 18, 27, 325, 1, 26, 122, 3296 }, // U+0120
    { 16, 27, 298, 1, 21, 108, 3418 }, // U+0121
    { 18, 27, 325, 1, 21, 122, 3526 }, // U+0122
    { 16, 31, 298, 1, 25, 124, 3648 }, // U+0123
    { 17, 26, 336, 2, 26, 111, 3772 }, // U+0124
    { 17, 28, 274, -1, 28, 119, 3883 }, // U+0125
    { 22, 21, 376, 1, 21, 116, 4002 }, // U+0126
    { 17, 22, 274, -1, 22, 94, 4118 }, // U+0127
    { 12, 27, 128, -2, 27, 81, 4212 }, // U+0128
    { 13, 22, 110, -3, 22, 72, 4293 }, // U+0129
    { 11, 25, 128, -1, 25, 69, 4365 }, // U+012A
    { 11, 21, 110, -2, 21, 58, 4434 }, // U+012B
    { 11, 27, 128, -1, 27, 75, 4492 }, // U+012C
    { 11, 21, 110, -2, 21, 58, 4567 }, // U+012D
    { 8, 28, 131, -1, 21, 56, 4625 }, // U+012E
    { 8, 28, 110, -1, 21, 56, 4681 }, // U+012F
    { 4, 26, 128, 2, 26, 26, 4737 }, // U+0130
    { 5, 16, 110, 1, 16, 20, 4763 }, // U+0131
    { 13, 22, 274, 2, 21, 72, 4783 }, // U+0132
    { 11, 27, 225, 1, 21, 75, 4855 }, // U+0133
    { 16, 27, 258, 1, 26, 108, 4930 }, // U+0134
    { 9, 28, 128, -1, 22, 63, 5038 }, // U+0135
    { 17, 27, 306, 2, 21, 115, 5101 }, // U+0136
    { 14, 31, 266, 2, 22, 109, 5216 }, // U+0137
    { 14, 16, 266, 2, 16, 56, 5325 }, // U+0138
    { 14, 27, 262, 2, 27, 95, 5381 }, // U+0139
    { 7, 28, 126, 2, 28, 49, 5476 }, // U+013A
    { 14, 27, 262, 2, 21, 95, 5525 }, // U+013B
    { 7, 31, 126, 0, 22, 55, 5620 }, // U+013C
    { 14, 22, 262, 2, 22, 77, 5675 }, // U+013D
    { 11, 22, 157, 2, 22, 61, 5752 }, // U+013E
    { 14, 21, 253, 2, 21, 74, 5813 }, // U+013F
    { 10, 22, 185, 2, 22, 55, 5887 }, // U+0140
    { 17, 21, 295, 1, 21, 90, 5942 }, // U+0141
    { 10, 22, 126, -1, 22, 55, 6032 }, // U+0142
    { 18, 27, 343, 2, 27, 122, 6087 }, // U+0143
    { 15, 23, 278, 1, 23, 87, 6209 }, // U+0144
    { 18, 27, 343, 2, 21, 122, 6296 }, // U+0145
    { 15, 25, 278, 1, 16, 94, 6418 }, // U+0146
    { 18, 27, 343, 2, 27, 122, 6512 }, // U+0147
    { 15, 22, 278, 1, 22, 83, 6634 }, // U+0148
    { 19, 21, 292, -2, 21, 100, 6717 }, // U+0149
    { 18, 27, 352, 2, 21, 122, 6817 }, // U+014A
    { 15, 22, 278, 1, 16, 83, 6939 }, // U+014B
    { 20, 26, 354, 1, 25, 130, 7022 }, // U+014C
    { 17, 22, 291, 1, 21, 94, 7152 }, // U+014D
    { 20, 28, 354, 1, 27, 140, 7246 }, // U+014E
    { 17, 22, 291, 1, 21, 94, 7386 }, // U+014F
    { 20, 29, 354, 1, 28, 145, 7480 }, // U+0150
    { 17, 23, 291, 1, 22, 98, 7625 }, // U+0151
    { 27, 21, 451, 1, 21, 142, 7723 }, // U+0152
    { 28, 17, 474, 1, 16, 119, 7865 }, // U+0153
    { 18, 28, 321, 2, 27, 126, 7984 }, // U+0154
    { 12, 23, 203, 1, 23, 69, 8110 }, // U+0155
    { 18, 27, 321, 2, 21, 122, 8179 }, // U+0156
    { 13, 25, 203, 0, 16, 82, 8301 }, // U+0157
    { 18, 28, 321, 2, 27, 126, 8383 }, // U+0158
    { 12, 22, 203, 1, 22, 66, 8509 }, // U+0159
    { 16, 28, 279, 1, 27, 112, 8575 }, // U+015A
    { 14, 24, 225, 0, 23, 84, 8687 }, // U+015B
    { 16, 27, 279, 1, 26, 108, 8771 }, // U+015C
    { 14, 23, 225, 0, 22, 81, 8879 }, // U+015D
    { 16, 26, 279, 1, 21, 104, 8960 }, // U+015E
    { 14, 21, 225, 0, 16, 74, 9064 }, // U+015F
    { 16, 28, 279, 1, 27, 112, 9138 }, // U+0160
    { 14, 23, 225, 0, 22, 81, 9250 }, // U+0161
    { 18, 26, 292, 0, 21, 117, 9331 }, // U+0162
    { 11, 24, 191, 0, 19, 66, 9448 }, // U+0163
    { 18, 27, 292, 0, 27, 122, 9514 }, // U+0164
    { 13, 24, 191, 0, 24, 78, 9636 }, // U+0165
    { 18, 21, 292, 0, 21, 95, 9714 }, // U+0166
    { 11, 19, 191, 0, 19, 53, 9809 }, // U+0167
    { 17, 28, 329, 2, 27, 119, 9862 }, // U+0168
    { 15, 23, 274, 1, 22, 87, 9981 }, // U+0169
    { 17, 26, 329, 2, 25, 111, 10068 }, // U+016A
    { 15, 22, 274, 1, 21, 83, 10179 }, // U+016B
    { 17, 28, 329, 2, 27, 119, 10262 }, // U+016C
    { 15, 22, 274, 1, 21, 83, 10381 }, // U+016D
    { 17, 30, 329, 2, 29, 128, 10464 }, // U+016E
    { 15, 25, 274, 1, 24, 94, 10592 }, // U+016F
    { 17, 29, 329, 2, 28, 124, 10686 }, // U+0170
    { 15, 23, 274, 1, 22, 87, 10810 }, // U+0171
    { 17, 28, 329, 2, 21, 119, 10897 }, // U+0172
    { 15, 23, 274, 1, 16, 87, 11016 }, // U+0173
    { 28, 26, 440, 0, 26, 182, 11103 }, // U+0174
    { 22, 23, 358, 0, 22, 127, 11285 }, // U+0175
    { 17, 26, 278, 0, 26, 111, 11412 }, // U+0176
    { 15, 28, 274, 1, 22, 105, 11523 }, // U+0177
    { 17, 26, 278, 0, 26, 111, 11628 }, // U+0178
    { 17, 27, 302, 1, 27, 115, 11739 }, // U+0179
    { 14, 23, 226, 0, 23, 81, 11854 }, // U+017A
    { 17, 26, 302, 1, 26, 111, 11935 }, // U+017B
    { 14, 21, 226, 0, 21, 74, 12046 }, // U+017C
    { 17, 27, 302, 1, 27, 115, 12120 }, // U+017D
    { 14, 22, 226, 0, 22, 77, 12235 }, // U+017E
    { 20, 25, 354, 1, 24, 125, 0 }, // U+01A0
    { 17, 20, 291, 1, 19, 85, 125 }, // U+01A1
    { 20, 25, 329, 2, 24, 125, 210 }, // U+01AF
    { 18, 20, 274, 1, 19, 90, 335 }, // U+01B0
    { 37, 27, 636, 2, 27, 250, 425 }, // U+01C4
    { 33, 22, 560, 2, 22, 182, 675 }, // U+01C5
    { 31, 23, 519, 1, 22, 179, 857 }, // U+01C6
    { 29, 22, 520, 2, 21, 160, 1036 }, // U+01C7
    { 21, 27, 391, 2, 21, 142, 1196 }, // U+01C8
    { 12, 28, 248, 2, 22, 84, 1338 }, // U+01C9
    { 34, 22, 601, 2, 21, 187, 1422 }, // U+01CA
    { 26, 27, 471, 2, 21, 176, 1609 }, // U+01CB
    { 23, 27, 407, 1, 21, 156, 1785 }, // U+01CC
    { 19, 28, 298, 0, 27, 133, 1941 }, // U+01CD
    { 16, 23, 293, 1, 22, 92, 2074 }, // U+01CE
    { 10, 27, 128, -1, 27, 68, 2166 }, // U+01CF
    { 9, 22, 110, -1, 22, 50, 2234 }, // U+01D0
    { 20, 28, 354, 1, 27, 140, 2284 }, // U+01D1
    { 17, 23, 291, 1, 22, 98, 2424 }, // U+01D2
    { 17, 28, 329, 2, 27, 119, 2522 }, // U+01D3
    { 15, 23, 274, 1, 22, 87, 2641 }, // U+01D4
    { 18, 28, 325, 1, 27, 126, 2728 }, // U+01E6
    { 16, 28, 298, 1, 22, 112, 2854 }, // U+01E7
    { 20, 28, 354, 1, 21, 140, 2966 }, // U+01EA
    { 16, 23, 287, 1, 16, 92, 3106 }, // U+01EB
    { 33, 21, 559, 2, 21, 174, 3198 }, // U+01F2
    { 19, 32, 300, 0, 31, 152, 3372 }, // U+01FA
    { 16, 30, 291, 1, 29, 120, 3524 }, // U+01FB
    { 25, 28, 413, 0, 27, 175, 3644 }, // U+01FC
    { 25, 24, 432, 1, 23, 150, 3819 }, // U+01FD
    { 20, 28, 345, 1, 27, 140, 3969 }, // U+01FE
    { 17, 24, 291, 1, 23, 102, 4109 }, // U+01FF
    { 19, 28, 298, 0, 27, 133, 4211 }, // U+0200
    { 16, 24, 293, 1, 23, 96, 4344 }, // U+0201
    { 19, 29, 298, 0, 28, 138, 4440 }, // U+0202
    { 16, 23, 293, 1, 22, 92, 4578 }, // U+0203
    { 15, 27, 267, 1, 27, 102, 4670 }, // U+0204
    { 16, 24, 275, 1, 23, 96, 4772 }, // U+0205
    { 14, 28, 267, 2, 28, 98, 4868 }, // U+0206
    { 16, 23, 275, 1, 22, 92, 4966 }, // U+0207
    { 13, 27, 128, -4, 27, 88, 5058 }, // U+0208
    { 12, 23, 110, -4, 23, 69, 5146 }, // U+0209
    { 11, 28, 128, -1, 28, 77, 5215 }, // U+020A
    { 11, 22, 110, -2, 22, 61, 5292 }, // U+020B
    { 20, 28, 354, 1, 27, 140, 5353 }, // U+020C
    { 17, 24, 291, 1, 23, 102, 5493 }, // U+020D
    { 20, 29, 354, 1, 28, 145, 5595 }, // U+020E
    { 17, 23, 291, 1, 22, 98, 5740 }, // U+020F
    { 18, 28, 321, 2, 27, 126, 5838 }, // U+0210
    { 14, 23, 203, -1, 23, 81, 5964 }, // U+0211
    { 18, 29, 321, 2, 28, 131, 6045 }, // U+0212
    { 12, 22, 203, 1, 22, 66, 6176 }, // U+0213
    { 17, 28, 329, 2, 27, 119, 6242 }, // U+0214
    { 15, 24, 274, 1, 23, 90, 6361 }, // U+0215
    { 17, 29, 329, 2, 28, 124, 6451 }, // U+0216
    { 15, 23, 274, 1, 22, 87, 6575 }, // U+0217
    { 16, 27, 279, 1, 21, 108, 6662 }, // U+0218
    { 14, 25, 225, 0, 16, 88, 6770 }, // U+0219
    { 18, 27, 292, 0, 21, 122, 6858 }, // U+021A
    { 11, 28, 191, 0, 19, 77, 6980 }, // U+021B
    { 7, 6, 0, 0, 22, 11, 0 }, // U+0300
    { 6, 7, 0, 1, 24, 11, 11 }, // U+0301
    { 9, 5, 0, 1, 22, 12, 22 }, // U+0302
    { 12, 5, 0, 1, 22, 15, 34 }, // U+0303
    { 11, 4, 0, 1, 21, 11, 49 }, // U+0304
    { 11, 5, 0, 1, 21, 14, 60 }, // U+0306
    { 5, 4, 0, 1, 21, 5, 74 }, // U+0307
    { 10, 4, 0, 1, 21, 10, 79 }, // U+0308
    { 7, 7, 0, 0, 23, 13, 89 }, // U+0309
    { 8, 8, 0, 1, 24, 16, 102 }, // U+030A
    { 11, 5, 0, 1, 22, 14, 118 }, // U+030B
    { 9, 5, 0, 1, 22, 12, 132 }, // U+030C
    { 12, 6, 0, 0, 23, 18, 144 }, // U+030F
    { 11, 5, 0, 1, 22, 14, 162 }, // U+0311
    { 6, 8, 0, 7, 25, 12, 176 }, // U+0312
    { 6, 7, 0, 2, 18, 11, 188 }, // U+031B
    { 5, 4, 0, 1, -1, 5, 199 }, // U+0323
    { 10, 4, 0, 1, -1, 10, 204 }, // U+0324
    { 7, 8, 0, 0, -1, 14, 214 }, // U+0326
    { 6, 6, 0, 1, 1, 9, 228 }, // U+0327
    { 7, 9, 0, 1, 2, 16, 237 }, // U+0328
    { 9, 5, 0, 1, -1, 12, 253 }, // U+032D
    { 11, 6, 0, 1, 0, 17, 265 }, // U+032E
    { 11, 4, 0, 1, -1, 11, 282 }, // U+0331
    { 10, 4, 0, 1, 11, 10, 293 }, // U+0335
    { 19, 26, 298, 0, 21, 124, 0 }, // U+1EA0
    { 16, 21, 293, 1, 16, 84, 124 }, // U+1EA1
    { 19, 29, 298, 0, 28, 138, 208 }, // U+1EA2
    { 16, 24, 293, 1, 23, 96, 346 }, // U+1EA3
    { 19, 30, 298, 0, 29, 143, 442 }, // U+1EA4
    { 17, 27, 293, 1, 26, 115, 585 }, // U+1EA5
    { 19, 32, 298, 0, 31, 152, 700 }, // U+1EA6
    { 16, 28, 293, 1, 27, 112, 852 }, // U+1EA7
    { 19, 31, 298, 0, 30, 148, 964 }, // U+1EA8
    { 16, 26, 293, 1, 25, 104, 1112 }, // U+1EA9
    { 19, 33, 298, 0, 32, 157, 1216 }, // U+1EAA
    { 16, 27, 293, 1, 26, 108, 1373 }, // U+1EAB
    { 19, 31, 298, 0, 26, 148, 1481 }, // U+1EAC
    { 16, 27, 293, 1, 22, 108, 1629 }, // U+1EAD
    { 19, 33, 298, 0, 32, 157, 1737 }, // U+1EAE
    { 16, 28, 293, 1, 27, 112, 1894 }, // U+1EAF
    { 19, 33, 298, 0, 32, 157, 2006 }, // U+1EB0
    { 16, 27, 293, 1, 26, 108, 2163 }, // U+1EB1
    { 19, 35, 298, 0, 34, 167, 2271 }, // U+1EB2
    { 16, 29, 293, 1, 28, 116, 2438 }, // U+1EB3
    { 19, 33, 298, 0, 32, 157, 2554 }, // U+1EB4
    { 16, 27, 293, 1, 26, 108, 2711 }, // U+1EB5
    { 19, 32, 298, 0, 27, 152, 2819 }, // U+1EB6
    { 16, 26, 293, 1, 21, 104, 2971 }, // U+1EB7
    { 14, 26, 267, 2, 21, 91, 3075 }, // U+1EB8
    { 16, 21, 275, 1, 16, 84, 3166 }, // U+1EB9
    { 14, 28, 267, 2, 28, 98, 3250 }, // U+1EBA
    { 16, 24, 275, 1, 23, 96, 3348 }, // U+1EBB
    { 14, 27, 267, 2, 27, 95, 3444 }, // U+1EBC
    { 16, 23, 275, 1, 22, 92, 3539 }, // U+1EBD
    { 17, 29, 267, 2, 29, 124, 3631 }, // U+1EBE
    { 16, 27, 275, 1, 26, 108, 3755 }, // U+1EBF
    { 14, 31, 267, 2, 31, 109, 3863 }, // U+1EC0
    { 16, 28, 275, 1, 27, 112, 3972 }, // U+1EC1
    { 14, 35, 267, 2, 35, 123, 4084 }, // U+1EC2
    { 16, 26, 275, 1, 25, 104, 4207 }, // U+1EC3
    { 14, 32, 267, 2, 32, 112, 4311 }, // U+1EC4
    { 16, 27, 275, 1, 26, 108, 4423 }, // U+1EC5
    { 14, 31, 267, 2, 26, 109, 4531 }, // U+1EC6
    { 16, 27, 275, 1, 22, 108, 4640 }, // U+1EC7
    { 7, 28, 128, 0, 28, 49, 4748 }, // U+1EC8
    { 6, 23, 110, 0, 23, 35, 4797 }, // U+1EC9
    { 4, 26, 128, 2, 21, 26, 4832 }, // U+1ECA
    { 5, 26, 110, 1, 21, 33, 4858 }, // U+1ECB
    { 20, 26, 354, 1, 21, 130, 4891 }, // U+1ECC
    { 17, 21, 291, 1, 16, 90, 5021 }, // U+1ECD
    { 20, 29, 354, 1, 28, 145, 5111 }, // U+1ECE
    { 17, 24, 291, 1, 23, 102, 5256 }, // U+1ECF
    { 20, 30, 354, 1, 29, 150, 5358 }, // U+1ED0
    { 17, 27, 291, 1, 26, 115, 5508 }, // U+1ED1
    { 20, 32, 354, 1, 31, 160, 5623 }, // U+1ED2
    { 17, 28, 291, 1, 27, 119, 5783 }, // U+1ED3
    { 20, 32, 354, 1, 31, 160, 5902 }, // U+1ED4
    { 17, 26, 291, 1, 25, 111, 6062 }, // U+1ED5
    { 20, 33, 354, 1, 32, 165, 6173 }, // U+1ED6
    { 17, 27, 291, 1, 26, 115, 6338 }, // U+1ED7
    { 20, 31, 354, 1, 26, 155, 6453 }, // U+1ED8
    { 17, 27, 291, 1, 22, 115, 6608 }, // U+1ED9
    { 20, 28, 354, 1, 27, 140, 6723 }, // U+1EDA
    { 17, 24, 291, 1, 23, 102, 6863 }, // U+1EDB
    { 20, 28, 354, 1, 27, 140, 6965 }, // U+1EDC
    { 17, 23, 291, 1, 22, 98, 7105 }, // U+1EDD
    { 20, 29, 354, 1, 28, 145, 7203 }, // U+1EDE
    { 17, 24, 291, 1, 23, 102, 7348 }, // U+1EDF
    { 20, 28, 354, 1, 27, 140, 7450 }, // U+1EE0
    { 17, 23, 291, 1, 22, 98, 7590 }, // U+1EE1
    { 20, 29, 354, 1, 24, 145, 7688 }, // U+1EE2
    { 17, 24, 291, 1, 19, 102, 7833 }, // U+1EE3
    { 17, 26, 329, 2, 21, 111, 7935 }, // U+1EE4
    { 15, 21, 274, 1, 16, 79, 8046 }, // U+1EE5
    { 17, 29, 329, 2, 28, 124, 8125 }, // U+1EE6
    { 15, 24, 274, 1, 23, 90, 8249 }, // U+1EE7
    { 20, 28, 329, 2, 27, 140, 8339 }, // U+1EE8
    { 18, 24, 274, 1, 23, 108, 8479 }, // U+1EE9
    { 20, 28, 329, 2, 27, 140, 8587 }, // U+1EEA
    { 18, 23, 274, 1, 22, 104, 8727 }, // U+1EEB
    { 20, 29, 329, 2, 28, 145, 8831 }, // U+1EEC
    { 18, 24, 274, 1, 23, 108, 8976 }, // U+1EED
    { 20, 28, 329, 2, 27, 140, 9084 }, // U+1EEE
    { 18, 23, 274, 1, 22, 104, 9224 }, // U+1EEF
    { 20, 29, 329, 2, 24, 145, 9328 }, // U+1EF0
    { 18, 24, 274, 1, 19, 108, 9473 }, // U+1EF1
    { 17, 27, 278, 0, 27, 115, 9581 }, // U+1EF2
    { 15, 28, 274, 1, 22, 105, 9696 }, // U+1EF3
    { 17, 26, 278, 0, 21, 111, 9801 }, // U+1EF4
    { 18, 22, 274, 1, 16, 99, 9912 }, // U+1EF5
    { 17, 28, 278, 0, 28, 119, 10011 }, // U+1EF6
    { 15, 29, 274, 1, 23, 109, 10130 }, // U+1EF7
    { 17, 27, 278, 0, 27, 115, 10239 }, // U+1EF8
    { 15, 28, 274, 1, 22, 105, 10354 }, // U+1EF9
    { 0, 0, 257, 0, 0, 0, 0 }, // U+2007
    { 0, 0, 121, 0, 0, 0, 0 }, // U+2008
    { 0, 0, 96, 0, 0, 0, 0 }, // U+2009
    { 0, 0, 48, 0, 0, 0, 0 }, // U+200A
    { 0, 0, 0, 0, 0, 0, 0 }, // U+200B
    { 10, 4, 185, 1, 11, 10, 0 }, // U+2010
    { 13, 4, 241, 1, 11, 13, 10 }, // U+2012
    { 13, 4, 241, 1, 11, 13, 23 }, // U+2013
    { 24, 4, 414, 1, 11, 24, 36 }, // U+2014
    { 24, 4, 414, 1, 11, 24, 60 }, // U+2015
    { 7, 8, 128, 0, 21, 14, 84 }, // U+2018
    { 7, 8, 128, 0, 21, 14, 98 }, // U+2019
    { 7, 8, 128, 0, 4, 14, 112 }, // U+201A
    { 13, 8, 212, 0, 21, 26, 126 }, // U+201C
    { 13, 8, 212, 0, 21, 26, 152 }, // U+201D
    { 13, 8, 203, 0, 4, 26, 178 }, // U+201E
    { 12, 16, 216, 1, 22, 48, 204 }, // U+2020
    { 10, 17, 192, 1, 22, 43, 252 }, // U+2021
    { 10, 9, 163, 0, 15, 23, 295 }, // U+2022
    { 16, 5, 292, 1, 5, 20, 318 }, // U+2026
    { 34, 22, 551, 0, 21, 187, 338 }, // U+2030
    { 12, 10, 201, 0, 21, 30, 525 }, // U+2033
    { 7, 13, 129, 0, 14, 23, 555 }, // U+2039
    { 7, 13, 129, 0, 14, 23, 578 }, // U+203A
    { 16, 22, 252, 0, 21, 88, 601 }, // U+2044
    { 11, 13, 181, 0, 23, 36, 0 }, // U+2070
    { 10, 12, 204, 1, 23, 30, 36 }, // U+2074
    { 9, 12, 177, 1, 22, 27, 66 }, // U+2075
    { 10, 13, 164, 0, 23, 33, 93 }, // U+2076
    { 9, 12, 163, 1, 22, 27, 126 }, // U+2077
    { 9, 13, 181, 1, 23, 30, 153 }, // U+2078
    { 10, 13, 164, 0, 23, 33, 183 }, // U+2079
    { 11, 13, 181, 0, 7, 36, 216 }, // U+2080
    { 6, 11, 149, 1, 5, 17, 252 }, // U+2081
    { 9, 12, 170, 1, 6, 27, 269 }, // U+2082
    { 9, 12, 166, 1, 5, 27, 296 }, // U+2083
    { 10, 12, 204, 1, 6, 30, 323 }, // U+2084
    { 9, 12, 177, 1, 5, 27, 353 }, // U+2085
    { 10, 13, 164, 0, 6, 33, 380 }, // U+2086
    { 9, 12, 163, 1, 5, 27, 413 }, // U+2087
    { 9, 13, 181, 1, 6, 30, 440 }, // U+2088
    { 10, 13, 164, 0, 6, 33, 470 }, // U+2089
    { 21, 28, 293, 0, 24, 147, 0 }, // U+20A1
    { 17, 21, 262, -1, 21, 90, 147 }, // U+20A3
    { 18, 22, 291, 0, 21, 99, 237 }, // U+20A4
    { 24, 21, 343, -1, 21, 126, 336 }, // U+20A6
    { 21, 21, 281, -1, 21, 111, 462 }, // U+20A7
    { 28, 21, 440, 0, 21, 147, 573 }, // U+20A9
    { 13, 21, 235, 1, 21, 69, 720 }, // U+20AB
    { 19, 22, 293, -1, 21, 105, 789 }, // U+20AC
    { 20, 21, 306, -1, 21, 105, 894 }, // U+20AD
    { 20, 21, 281, -1, 21, 105, 999 }, // U+20B1
    { 18, 28, 325, 1, 24, 126, 1104 }, // U+20B2
    { 17, 28, 293, 1, 24, 119, 1230 }, // U+20B5
    { 14, 22, 258, 1, 21, 77, 1349 }, // U+20B9
    { 17, 22, 295, 0, 21, 94, 1426 }, // U+20BA
    { 17, 25, 329, 2, 24, 107, 1520 }, // U+20BC
    { 17, 21, 281, 0, 21, 90, 1627 }, // U+20BD
    { 16, 23, 284, 1, 22, 92, 0 }, // U+2202
    { 17, 17, 296, 1, 16, 73, 92 }, // U+2205
    { 20, 21, 337, 0, 21, 105, 165 }, // U+2206
    { 21, 27, 344, 0, 21, 142, 270 }, // U+220F
    { 14, 20, 245, 1, 20, 70, 412 }, // U+2211
    { 16, 4, 289, 1, 12, 16, 482 }, // U+2212
    { 16, 28, 265, 0, 24, 112, 498 }, // U+2215
    { 6, 6, 125, 1, 12, 9, 610 }, // U+2219
    { 19, 21, 327, 1, 21, 100, 619 }, // U+221A
    { 23, 12, 402, 1, 13, 69, 719 }, // U+221E
    { 17, 28, 271, 0, 23, 119, 788 }, // U+222B
    { 15, 13, 271, 1, 16, 49, 907 }, // U+2248
    { 16, 17, 289, 1, 18, 68, 956 }, // U+2260
    { 16, 16, 302, 1, 18, 64, 1024 }, // U+2264
    { 16, 16, 302, 1, 18, 64, 1088 }, // U+2265
    { 19, 22, 314, 0, 22, 105, 0 }, // U+FB01
    { 19, 22, 330, 0, 22, 105, 105 }, // U+FB02
};

static const EpdUnicodeInterval quicksand_14_boldIntervals[] = {
    { 0xD, 0xD, 0x0 },
    { 0x20, 0x7E, 0x1 },
    { 0xA0, 0xFF, 0x60 },
    { 0x100, 0x17E, 0xC0 },
    { 0x1A0, 0x1A1, 0x13F },
    { 0x1AF, 0x1B0, 0x141 },
    { 0x1C4, 0x1D4, 0x143 },
    { 0x1E6, 0x1E7, 0x154 },
    { 0x1EA, 0x1EB, 0x156 },
    { 0x1F2, 0x1F2, 0x158 },
    { 0x1FA, 0x21B, 0x159 },
    { 0x300, 0x304, 0x17B },
    { 0x306, 0x30C, 0x180 },
    { 0x30F, 0x30F, 0x187 },
    { 0x311, 0x312, 0x188 },
    { 0x31B, 0x31B, 0x18A },
    { 0x323, 0x324, 0x18B },
    { 0x326, 0x328, 0x18D },
    { 0x32D, 0x32E, 0x190 },
    { 0x331, 0x331, 0x192 },
    { 0x335, 0x335, 0x193 },
    { 0x1EA0, 0x1EF9, 0x194 },
    { 0x2007, 0x200B, 0x1EE },
    { 0x2010, 0x2010, 0x1F3 },
    { 0x2012, 0x2015, 0x1F4 },
    { 0x2018, 0x201A, 0x1F8 },
    { 0x201C, 0x201E, 0x1FB },
    { 0x2020, 0x2022, 0x1FE },
    { 0x2026, 0x2026, 0x201 },
    { 0x2030, 0x2030, 0x202 },
    { 0x2033, 0x2033, 0x203 },
    { 0x2039, 0x203A, 0x204 },
    { 0x2044, 0x2044, 0x206 },
    { 0x2070, 0x2070, 0x207 },
    { 0x2074, 0x2079, 0x208 },
    { 0x2080, 0x2089, 0x20E },
    { 0x20A1, 0x20A1, 0x218 },
    { 0x20A3, 0x20A4, 0x219 },
    { 0x20A6, 0x20A7, 0x21B },
    { 0x20A9, 0x20A9, 0x21D },
    { 0x20AB, 0x20AD, 0x21E },
    { 0x20B1, 0x20B2, 0x221 },
    { 0x20B5, 0x20B5, 0x223 },
    { 0x20B9, 0x20BA, 0x224 },
    { 0x20BC, 0x20BD, 0x226 },
    { 0x2202, 0x2202, 0x228 },
    { 0x2205, 0x2206, 0x229 },
    { 0x220F, 0x220F, 0x22B },
    { 0x2211, 0x2212, 0x22C },
    { 0x2215, 0x2215, 0x22E },
    { 0x2219, 0x221A, 0x22F },
    { 0x221E, 0x221E, 0x231 },
    { 0x222B, 0x222B, 0x232 },
    { 0x2248, 0x2248, 0x233 },
    { 0x2260, 0x2260, 0x234 },
    { 0x2264, 0x2265, 0x235 },
    { 0xFB01, 0xFB02, 0x237 },
};

static const EpdFontGroup quicksand_14_boldGroups[] = {
    { 0, 3385, 7507, 96, 0 },
    { 3385, 2978, 8651, 96, 96 },
    { 6363, 3644, 13534, 127, 192 },
    { 10007, 2520, 7587, 60, 319 },
    { 12527, 286, 349, 25, 379 },
    { 12813, 2045, 11172, 90, 404 },
    { 14858, 446, 750, 25, 494 },
    { 15304, 260, 622, 17, 519 },
    { 15564, 943, 1894, 16, 536 },
    { 16507, 626, 1229, 15, 552 },
    { 17133, 98, 220, 2, 567 },
};

static const EpdKernClassEntry quicksand_14_boldKernLeftClasses[] = {
    { 0x0026, 1 }, // &
    { 0x0028, 2 }, // (
    { 0x002A, 3 }, // *
    { 0x002B, 4 }, // +
    { 0x002C, 5 }, // ,
    { 0x002D, 4 }, // -
    { 0x002E, 6 }, // .
    { 0x002F, 7 }, // /
    { 0x0030, 8 }, // 0
    { 0x0034, 9 }, // 4
    { 0x0035, 10 }, // 5
    { 0x0036, 11 }, // 6
    { 0x0037, 12 }, // 7
    { 0x0039, 13 }, // 9
    { 0x003E, 14 }, // >
    { 0x003F, 15 }, // ?
    { 0x0041, 16 }, // A
    { 0x0042, 17 }, // B
    { 0x0044, 8 }, // D
    { 0x0045, 18 }, // E
    { 0x0046, 19 }, // F
    { 0x0047, 20 }, // G
    { 0x004A, 21 }, // J
    { 0x004B, 22 }, // K
    { 0x004C, 23 }, // L
    { 0x004F, 8 }, // O
    { 0x0050, 24 }, // P
    { 0x0051, 8 }, // Q
    { 0x0052, 25 }, // R
    { 0x0053, 26 }, // S
    { 0x0054, 27 }, // T
    { 0x0055, 28 }, // U
    { 0x0056, 29 }, // V
    { 0x0057, 30 }, // W
    { 0x0058, 31 }, // X
    { 0x0059, 32 }, // Y
    { 0x005A, 33 }, // Z
    { 0x005C, 34 }, // <backslash>
    { 0x005F, 35 }, // _
    { 0x0061, 36 }, // a
    { 0x0062, 37 }, // b
    { 0x0063, 38 }, // c
    { 0x0064, 39 }, // d
    { 0x0065, 40 }, // e
    { 0x0066, 41 }, // f
    { 0x0067, 42 }, // g
    { 0x0068, 43 }, // h
    { 0x0069, 44 }, // i
    { 0x006A, 45 }, // j
    { 0x006B, 46 }, // k
    { 0x006C, 47 }, // l
    { 0x006D, 43 }, // m
    { 0x006E, 43 }, // n
    { 0x006F, 37 }, // o
    { 0x0070, 37 }, // p
    { 0x0071, 48 }, // q
    { 0x0072, 49 }, // r
    { 0x0073, 50 }, // s
    { 0x0074, 51 }, // t
    { 0x0075, 52 }, // u
    { 0x0076, 53 }, // v
    { 0x0077, 54 }, // w
    { 0x0078, 55 }, // x
    { 0x0079, 56 }, // y
    { 0x007A, 57 }, // z
    { 0x007E, 4 }, // ~
    { 0x00B7, 58 }, // U+00B7
    { 0x00BF, 59 }, // U+00BF
    { 0x00D9, 28 }, // U+00D9
    { 0x00DA, 28 }, // U+00DA
    { 0x00DB, 28 }, // U+00DB
    { 0x00DC, 28 }, // U+00DC
    { 0x00DD, 32 }, // U+00DD
    { 0x00DE, 60 }, // U+00DE
    { 0x00DF, 61 }, // U+00DF
    { 0x00E0, 36 }, // U+00E0
    { 0x00E1, 36 }, // U+00E1
    { 0x00E2, 36 }, // U+00E2
    { 0x00E3, 36 }, // U+00E3
    { 0x00E4, 36 }, // U+00E4
    { 0x00E5, 36 }, // U+00E5
    { 0x00E8, 40 }, // U+00E8
    { 0x00E9, 40 }, // U+00E9
    { 0x00EA, 40 }, // U+00EA
    { 0x00EB, 40 }, // U+00EB
    { 0x00F0, 62 }, // U+00F0
    { 0x00F2, 37 }, // U+00F2
    { 0x00F3, 37 }, // U+00F3
    { 0x00F4, 37 }, // U+00F4
    { 0x00F5, 37 }, // U+00F5
    { 0x00F6, 37 }, // U+00F6
    { 0x00F7, 4 }, // U+00F7
    { 0x00F8, 37 }, // U+00F8
    { 0x00F9, 52 }, // U+00F9
    { 0x00FA, 52 }, // U+00FA
    { 0x00FB, 52 }, // U+00FB
    { 0x00FC, 52 }, // U+00FC
    { 0x00FD, 56 }, // U+00FD
    { 0x00FF, 56 }, // U+00FF
    { 0x0101, 36 }, // U+0101
    { 0x0103, 36 }, // U+0103
    { 0x0105, 36 }, // U+0105
    { 0x010F, 63 }, // U+010F
    { 0x0113, 40 }, // U+0113
    { 0x0114, 18 }, // U+0114
    { 0x0115, 40 }, // U+0115
    { 0x0117, 40 }, // U+0117
    { 0x0119, 40 }, // U+0119
    { 0x011B, 40 }, // U+011B
    { 0x013E, 64 }, // U+013E
    { 0x014D, 37 }, // U+014D
    { 0x014F, 37 }, // U+014F
    { 0x0151, 37 }, // U+0151
    { 0x0153, 37 }, // U+0153
    { 0x0165, 65 }, // U+0165
    { 0x0169, 52 }, // U+0169
    { 0x016A, 28 }, // U+016A
    { 0x016B, 52 }, // U+016B
    { 0x016D, 52 }, // U+016D
    { 0x016E, 28 }, // U+016E
    { 0x016F, 52 }, // U+016F
    { 0x0170, 28 }, // U+0170
    { 0x0171, 52 }, // U+0171
    { 0x0172, 28 }, // U+0172
    { 0x0173, 52 }, // U+0173
    { 0x0176, 32 }, // U+0176
    { 0x0177, 56 }, // U+0177
    { 0x0178, 32 }, // U+0178
    { 0x01A1, 37 }, // U+01A1
    { 0x01B0, 52 }, // U+01B0
    { 0x01CD, 16 }, // U+01CD
    { 0x01CE, 36 }, // U+01CE
    { 0x01D2, 37 }, // U+01D2
    { 0x01D4, 52 }, // U+01D4
    { 0x01EB, 37 }, // U+01EB
    { 0x01FB, 36 }, // U+01FB
    { 0x01FF, 37 }, // U+01FF
    { 0x0200, 16 }, // U+0200
    { 0x0201, 36 }, // U+0201
    { 0x0202, 16 }, // U+0202
    { 0x0203, 36 }, // U+0203
    { 0x0204, 18 }, // U+0204
    { 0x0205, 40 }, // U+0205
    { 0x0206, 18 }, // U+0206
    { 0x0207, 40 }, // U+0207
    { 0x020D, 37 }, // U+020D
    { 0x020F, 37 }, // U+020F
    { 0x0215, 52 }, // U+0215
    { 0x0217, 52 }, // U+0217
    { 0x1EA0, 16 }, // U+1EA0
    { 0x1EA1, 36 }, // U+1EA1
    { 0x1EA2, 16 }, // U+1EA2
    { 0x1EA3, 36 }, // U+1EA3
    { 0x1EA4, 16 }, // U+1EA4
    { 0x1EA5, 36 }, // U+1EA5
    { 0x1EA6, 16 }, // U+1EA6
    { 0x1EA7, 36 }, // U+1EA7
    { 0x1EA8, 16 }, // U+1EA8
    { 0x1EA9, 36 }, // U+1EA9
    { 0x1EAA, 16 }, // U+1EAA
    { 0x1EAB, 36 }, // U+1EAB
    { 0x1EAC, 16 }, // U+1EAC
    { 0x1EAD, 36 }, // U+1EAD
    { 0x1EAE, 16 }, // U+1EAE
    { 0x1EAF, 36 }, // U+1EAF
    { 0x1EB0, 16 }, // U+1EB0
    { 0x1EB1, 36 }, // U+1EB1
    { 0x1EB2, 16 }, // U+1EB2
    { 0x1EB3, 36 }, // U+1EB3
    { 0x1EB4, 16 }, // U+1EB4
    { 0x1EB5, 36 }, // U+1EB5
    { 0x1EB6, 16 }, // U+1EB6
    { 0x1EB7, 36 }, // U+1EB7
    { 0x1EB8, 18 }, // U+1EB8
    { 0x1EB9, 40 }, // U+1EB9
    { 0x1EBA, 18 }, // U+1EBA
    { 0x1EBB, 40 }, // U+1EBB
    { 0x1EBC, 18 }, // U+1EBC
    { 0x1EBD, 40 }, // U+1EBD
    { 0x1EBE, 18 }, // U+1EBE
    { 0x1EBF, 40 }, // U+1EBF
    { 0x1EC0, 18 }, // U+1EC0
    { 0x1EC1, 40 }, // U+1EC1
    { 0x1EC2, 18 }, // U+1EC2
    { 0x1EC3, 40 }, // U+1EC3
    { 0x1EC4, 18 }, // U+1EC4
    { 0x1EC5, 40 }, // U+1EC5
    { 0x1EC6, 18 }, // U+1EC6
    { 0x1EC7, 40 }, // U+1EC7
    { 0x1ECD, 37 }, // U+1ECD
    { 0x1ECF, 37 }, // U+1ECF
    { 0x1ED1, 37 }, // U+1ED1
    { 0x1ED3, 37 }, // U+1ED3
    { 0x1ED5, 37 }, // U+1ED5
    { 0x1ED7, 37 }, // U+1ED7
    { 0x1ED9, 37 }, // U+1ED9
    { 0x1EDB, 37 }, // U+1EDB
    { 0x1EDD, 37 }, // U+1EDD
    { 0x1EDF, 37 }, // U+1EDF
    { 0x1EE1, 37 }, // U+1EE1
    { 0x1EE3, 37 }, // U+1EE3
    { 0x1EE5, 52 }, // U+1EE5
    { 0x1EE7, 52 }, // U+1EE7
    { 0x1EE9, 52 }, // U+1EE9
    { 0x1EEB, 52 }, // U+1EEB
    { 0x1EED, 52 }, // U+1EED
    { 0x1EEF, 52 }, // U+1EEF
    { 0x1EF1, 52 }, // U+1EF1
    { 0x1EF2, 32 }, // U+1EF2
    { 0x1EF3, 56 }, // U+1EF3
    { 0x1EF5, 56 }, // U+1EF5
    { 0x2013, 66 }, // U+2013
    { 0x2014, 4 }, // U+2014
    { 0x2018, 67 }, // U+2018
    { 0x2019, 68 }, // U+2019
    { 0x201C, 67 }, // U+201C
    { 0x201D, 68 }, // U+201D
    { 0x2022, 69 }, // U+2022
    { 0x2212, 4 }, // U+2212
    { 0x2248, 4 }, // U+2248
    { 0x2260, 4 }, // U+2260
};

static const EpdKernClassEntry quicksand_14_boldKernRightClasses[] = {
    { 0x0021, 1 }, // !
    { 0x0022, 2 }, // "
    { 0x0029, 3 }, // )
    { 0x002A, 4 }, // *
    { 0x002C, 5 }, // ,
    { 0x002E, 6 }, // .
    { 0x002F, 7 }, // /
    { 0x0031, 8 }, // 1
    { 0x0034, 9 }, // 4
    { 0x0036, 10 }, // 6
    { 0x0037, 11 }, // 7
    { 0x0039, 12 }, // 9
    { 0x0041, 13 }, // A
    { 0x0043, 14 }, // C
    { 0x0047, 14 }, // G
    { 0x004A, 15 }, // J
    { 0x004F, 14 }, // O
    { 0x0051, 14 }, // Q
    { 0x0053, 16 }, // S
    { 0x0054, 17 }, // T
    { 0x0055, 18 }, // U
    { 0x0056, 19 }, // V
    { 0x0057, 20 }, // W
    { 0x0058, 21 }, // X
    { 0x0059, 22 }, // Y
    { 0x005A, 23 }, // Z
    { 0x005C, 24 }, // <backslash>
    { 0x005D, 25 }, // ]
    { 0x005F, 26 }, // _
    { 0x0061, 27 }, // a
    { 0x0062, 28 }, // b
    { 0x0063, 29 }, // c
    { 0x0064, 29 }, // d
    { 0x0065, 29 }, // e
    { 0x0066, 30 }, // f
    { 0x0067, 31 }, // g
    { 0x0068, 28 }, // h
    { 0x006A, 32 }, // j
    { 0x006B, 28 }, // k
    { 0x006C, 28 }, // l
    { 0x006D, 33 }, // m
    { 0x006E, 33 }, // n
    { 0x006F, 29 }, // o
    { 0x0070, 34 }, // p
    { 0x0071, 29 }, // q
    { 0x0072, 33 }, // r
    { 0x0073, 35 }, // s
    { 0x0074, 36 }, // t
    { 0x0075, 37 }, // u
    { 0x0076, 38 }, // v
    { 0x0077, 39 }, // w
    { 0x0078, 40 }, // x
    { 0x0079, 41 }, // y
    { 0x007A, 42 }, // z
    { 0x00A1, 43 }, // U+00A1
    { 0x00B7, 44 }, // U+00B7
    { 0x00BF, 45 }, // U+00BF
    { 0x00D0, 46 }, // U+00D0
    { 0x00D9, 18 }, // U+00D9
    { 0x00DA, 18 }, // U+00DA
    { 0x00DB, 18 }, // U+00DB
    { 0x00DC, 18 }, // U+00DC
    { 0x00DD, 22 }, // U+00DD
    { 0x00DF, 47 }, // U+00DF
    { 0x00E0, 27 }, // U+00E0
    { 0x00E1, 27 }, // U+00E1
    { 0x00E2, 27 }, // U+00E2
    { 0x00E3, 27 }, // U+00E3
    { 0x00E4, 27 }, // U+00E4
    { 0x00E5, 27 }, // U+00E5
    { 0x00E8, 29 }, // U+00E8
    { 0x00E9, 29 }, // U+00E9
    { 0x00EA, 29 }, // U+00EA
    { 0x00EB, 29 }, // U+00EB
    { 0x00F0, 48 }, // U+00F0
    { 0x00F9, 37 }, // U+00F9
    { 0x00FA, 37 }, // U+00FA
    { 0x00FB, 37 }, // U+00FB
    { 0x00FC, 37 }, // U+00FC
    { 0x00FD, 41 }, // U+00FD
    { 0x00FE, 49 }, // U+00FE
    { 0x00FF, 41 }, // U+00FF
    { 0x0101, 27 }, // U+0101
    { 0x0103, 27 }, // U+0103
    { 0x0105, 27 }, // U+0105
    { 0x0113, 29 }, // U+0113
    { 0x0115, 29 }, // U+0115
    { 0x0117, 29 }, // U+0117
    { 0x0119, 29 }, // U+0119
    { 0x011B, 29 }, // U+011B
    { 0x013E, 28 }, // U+013E
    { 0x0169, 37 }, // U+0169
    { 0x016A, 18 }, // U+016A
    { 0x016B, 37 }, // U+016B
    { 0x016D, 37 }, // U+016D
    { 0x016E, 18 }, // U+016E
    { 0x016F, 37 }, // U+016F
    { 0x0170, 18 }, // U+0170
    { 0x0171, 37 }, // U+0171
    { 0x0172, 18 }, // U+0172
    { 0x0173, 37 }, // U+0173
    { 0x0176, 22 }, // U+0176
    { 0x0177, 41 }, // U+0177
    { 0x0178, 22 }, // U+0178
    { 0x01B0, 37 }, // U+01B0
    { 0x01CD, 13 }, // U+01CD
    { 0x01CE, 27 }, // U+01CE
    { 0x01D4, 37 }, // U+01D4
    { 0x01FB, 27 }, // U+01FB
    { 0x0200, 13 }, // U+0200
    { 0x0201, 27 }, // U+0201
    { 0x0202, 13 }, // U+0202
    { 0x0203, 27 }, // U+0203
    { 0x0205, 29 }, // U+0205
    { 0x0207, 29 }, // U+0207
    { 0x0215, 37 }, // U+0215
    { 0x0217, 37 }, // U+0217
    { 0x1EA0, 13 }, // U+1EA0
    { 0x1EA1, 27 }, // U+1EA1
    { 0x1EA2, 13 }, // U+1EA2
    { 0x1EA3, 27 }, // U+1EA3
    { 0x1EA4, 13 }, // U+1EA4
    { 0x1EA5, 27 }, // U+1EA5
    { 0x1EA6, 13 }, // U+1EA6
    { 0x1EA7, 27 }, // U+1EA7
    { 0x1EA8, 13 }, // U+1EA8
    { 0x1EA9, 27 }, // U+1EA9
    { 0x1EAA, 13 }, // U+1EAA
    { 0x1EAB, 27 }, // U+1EAB
    { 0x1EAC, 13 }, // U+1EAC
    { 0x1EAD, 27 }, // U+1EAD
    { 0x1EAE, 13 }, // U+1EAE
    { 0x1EAF, 27 }, // U+1EAF
    { 0x1EB0, 13 }, // U+1EB0
    { 0x1EB1, 27 }, // U+1EB1
    { 0x1EB2, 13 }, // U+1EB2
    { 0x1EB3, 27 }, // U+1EB3
    { 0x1EB4, 13 }, // U+1EB4
    { 0x1EB5, 27 }, // U+1EB5
    { 0x1EB6, 13 }, // U+1EB6
    { 0x1EB7, 27 }, // U+1EB7
    { 0x1EB9, 29 }, // U+1EB9
    { 0x1EBB, 29 }, // U+1EBB
    { 0x1EBD, 29 }, // U+1EBD
    { 0x1EBF, 29 }, // U+1EBF
    { 0x1EC1, 29 }, // U+1EC1
    { 0x1EC3, 29 }, // U+1EC3
    { 0x1EC5, 29 }, // U+1EC5
    { 0x1EC7, 29 }, // U+1EC7
    { 0x1EE5, 37 }, // U+1EE5
    { 0x1EE7, 37 }, // U+1EE7
    { 0x1EE9, 37 }, // U+1EE9
    { 0x1EEB, 37 }, // U+1EEB
    { 0x1EED, 37 }, // U+1EED
    { 0x1EEF, 37 }, // U+1EEF
    { 0x1EF1, 37 }, // U+1EF1
    { 0x1EF2, 22 }, // U+1EF2
    { 0x1EF3, 41 }, // U+1EF3
    { 0x1EF5, 41 }, // U+1EF5
    { 0x201C, 50 }, // U+201C
    { 0x201D, 51 }, // U+201D
    { 0x2022, 52 }, // U+2022
};

static const int8_t quicksand_14_boldKernMatrix[] = {
       0,    0,   -7,    0,    0,    0,    0,    0,    0,    0,    0,    0,    0,    0,    0,    0,    0,    0,    0,    0,    0,    0,    0,    0,    0,    0,    0,    0,    0,    0,    0,    0,    0,    0,    0,    0,    0,    0,    0,    0,    0,    0,    0,    0,    0,    0,    0,   -5,    0,    0,    0,    0,
       0,    0,    0,    0,    0,    0,    0,    0,    0,    0,    0,    0,    0,    0,    0,    0,    0,    0,    0,    0,    0,    0,    0,    0,    0,    0,    0,    0,    0,    0,    0,    0,    0,    0,    0,    0,    0,    0,    0,    0,    0,    0,    0,    0,    0,    0,    0,    0,    7,    0,    0,    0,
       0,    0,    0,    0,    0,    0,    0,    0,    0,    0,    0,    0,    0,    0,    0,    0,    0,    0,    0,    0,    0,    0,    0,    0,    0,    0,    0,    0,    0,    0,    0,    0,    0,    0,    0,    0,    0,    0,    0,    0,    0,    0,    0,    0,    0,    0,    0,  -12,    0,    0,    0,    0,
       0,    0,    0,    0,    0,    0,    0,  -19,    0,    0,    0,    0,    0,    0,    0,    0,    0,    0,    0,    0,    0,    0,    0,    0,    0,    0,    0,    0,    0,    0,    0,    0,    0,    0,    0,    0,    0,    0,    0,    0,    0,    0,    0,    0,    0,    0,    0,    0,    0,    0,    0,    0,
       0,    0,    0,    0,    0,    0,    0,  -33,    0,    0,    0,    0,    0,    0,    0,    0,    0,    0,    0,    0,    0,    0,    0,    0,    0,    0,    0,    0,    0,    0,    0,    7,    0,    0,    0,    0,    0,    0,    0,    0,    0,    0,    0,    0,    0,    0,    0,    0,    0,    0,    0,    0,
       0,    0,    0,    0,    0,    0,    0,  -23,  -14,    0,    0,    0,    0,    0,    0,    0,    0,    0,    0,    0,    0,    0,    0,    0,    0,    0,    0,    0,    0,    0,    0,    0,    0,    0,    0,    0,    0,    0,    0,    0,    0,    0,    0,    0,    0,    0,    0,    0,    0,    0,    0,    0,
       0,    0,    0,    0,    0,    0,  -43,    0,    0,    0,    0,    0,    0,    0,    0,    0,    0,    0,    0,    0,    0,    0,    0,    0,    0,    0,    0,    0,    0,    0,    0,    0,    0,    0,    0,    0,    0,    0,    0,    0,    0,    0,    0,    0,    0,    0,   -6,  -15,    0,    0,    0,    0,
       0,    0,    0,    0,    0,    0,    0,    0,    0,    0,  -19,    0,   -2,    0,   -7,    0,   -9,    0,   -5,   -2,  -14,  -12,   -7,    0,    0,    0,    0,    0,    4,    0,    0,    0,    0,    0,    0,    0,    0,    0,    0,   -5,    0,    0,    0,    0,    0,    0,    0,    0,    0,    0,    0,    0,
       0,    0,    0,    0,    0,    0,    0,  -14,    0,    0,  -14,   -9,    0,    0,    0,    0,    0,    0,    0,    0,    0,    0,    0,    0,    0,    0,    0,    0,    0,    0,    0,    0,    0,    0,    0,    0,    0,    0,    0,    0,    0,    0,    0,    0,    0,    0,    0,    0,    0,    0,    0,    0,
       0,    0,    0,    0,    0,  -19,    0,    0,    0,    0,    0,    0,    0,    0,    0,    0,    0,    0,    0,    0,    0,    0,    0,    0,    0,    0,    0,    0,    0,    0,    0,    0,    0,    0,    0,    0,    0,    0,    0,    0,    0,    0,    0,    0,    0,    0,    0,    0,    0,    0,    0,    0,
       0,    0,    0,    0,    0,    0,    0,   -9,    0,    0,    0,    0,    0,    0,    0,    0,    0,    0,    0,    0,    0,    0,    0,    0,    0,    0,    0,    0,    0,    0,    0,    0,    0,    0,    0,    0,    0,    0,    0,    0,    0,    0,    0,    0,    0,    0,    0,    0,    0,    0,    0,    0,
       0,    0,    0,    0,  -14,  -33,    0,   19,  -19,  -14,    0,    0,    0,   -9,    0,    0,    0,    0,    0,    0,    0,    0,    0,    0,    0,    0,    0,    0,    0,    0,    0,    0,    0,    0,    0,    0,    0,    0,    0,    0,    0,    0,    0,    0,    0,    0,    0,    0,    0,    0,    0,    0,
       0,    0,    0,    0,   -9,  -19,    0,    0,    0,    0,  -14,    0,    0,    0,    0,    0,    0,    0,    0,    0,    0,    0,    0,    0,    0,    0,    0,    0,    0,    0,    0,    0,    0,    0,    0,    0,    0,    0,    0,    0,    0,    0,    0,    0,    0,    0,    0,    0,    0,    0,    0,    0,
       0,    0,    0,    0,    0,    0,    0,  -14,    0,    0,    0,    0,    0,    0,    0,    0,    0,    0,    0,    0,    0,    0,    0,    0,    0,    0,    0,    0,    0,    0,    0,    0,    0,    0,    0,    0,    0,    0,    0,    0,    0,    0,    0,    0,    0,    0,    0,    0,    0,    0,    0,    0,
       0,    0,    0,    0,    0,    0,    0,    0,    0,    0,    0,    0,    0,    0,    0,    0,    0,    0,    0,    0,    0,    0,    0,    0,    0,    0,    0,    0,    0,    0,    0,    0,    0,    0,    0,    0,    0,    0,    0,    0,    0,    0,    0,    0,    0,    0,    0,   -7,    0,    0,    0,    0,
       0,    0,    0,    0,    0,    0,    0,    0,    0,    0,    0,    0,    0,   -2,    0,    0,  -23,   -5,  -43,  -10,    0,  -20,    0,    0,    0,    0,    9,    0,    0,    0,    0,    0,    0,    0,    0,   -2,   -5,  -13,   -4,    0,  -12,    0,    0,    0,    0,    0,    0,    0,    0,    0,    0,    0,
       0,    0,    0,    0,    0,    0,    0,    0,    0,    0,    0,    0,    0,    0,    0,    0,   -7,    0,   -4,   -3,   -6,  -11,    0,    0,    0,    0,    0,   -1,    0,    0,   -2,    0,    0,    0,    0,    0,    0,    0,    0,   -1,    0,    0,    0,    0,    0,    0,    0,    0,    0,    0,    0,    0,
       0,    0,    0,    0,    0,    0,    0,    0,    0,    0,    0,    0,    0,    0,   -5,    0,    0,    0,    0,    0,    0,    0,    0,    0,    0,    0,    0,    0,   -2,    0,   -5,    0,    0,    0,    0,    0,   -5,   -7,    0,    0,   -5,    0,    0,    0,    0,    0,    0,    0,    0,    0,    0,    0,
       0,    0,    0,    0,    0,    0,    0,    0,    0,    0,    0,    0,  -15,   -4,  -56,   -2,    7,    0,    0,    0,   -2,    0,    0,    0,    0,    0,   -9,    0,   -7,    0,   -5,    0,   -4,   -4,   -5,    0,   -7,   -2,    0,   -7,    0,   -2,    0,    0,    0,    0,    0,    0,    0,    0,    0,    0,
       0,    0,    0,    0,    0,    0,    0,    0,    0,    0,    0,    0,    0,    0,    0,    0,  -12,    0,   -7,   -5,    0,  -11,    0,    0,    0,    0,    7,    0,    0,    0,    0,    0,    0,    0,    0,    0,    0,    0,    0,    0,    0,    0,    0,    0,    0,    0,    0,    0,    0,    0,    0,    0,
       0,    0,    0,    0,    0,    0,    0,    0,    0,    0,    0,    0,   -7,    0,    0,    0,    0,    0,    0,    0,    0,    0,    0,    0,    0,    0,    0,    0,    0,    0,    0,    0,    0,    0,    0,    0,    0,    0,    0,    0,    0,    0,    0,    0,    0,    0,    0,    0,    0,    0,    0,    0,
       0,    0,    0,    0,    0,    0,    0,    0,    0,    0,    0,    0,    0,  -14,   -2,   -5,    0,   -7,   -2,   -2,    0,    9,    0,    0,    0,    0,    0,    0,  -10,    0,    0,    0,   -4,   -4,   -2,   -1,   -6,   -3,   -7,    0,   -9,    0,    0,    0,    0,    0,    0,    0,    0,    0,    0,    0,
       0,    0,    0,    0,    0,    0,    0,    0,    0,    0,    0,    0,    0,   -5,    0,    0,  -47,   -9,  -23,  -14,    0,  -28,    0,    0,    0,    0,    0,    0,    0,    0,    0,    0,    0,    0,    0,   -2,    0,  -11,   -2,    0,  -10,    9,    0,    0,    0,    0,    0,    0,    0,    0,    0,    0,
       0,    0,    0,    0,  -47,  -47,    0,    0,    0,    0,    0,    0,  -19,    0,  -35,    0,    0,    0,    0,    4,   -7,    0,   -7,    0,    0,    0,   -2,    0,   -5,    4,   -5,    0,    0,    0,    0,    7,   -2,    5,    7,    0,    5,    0,    0,    0,    0,    0,    0,    0,    0,    0,    0,    0,
       0,    0,    0,    0,    0,    0,    0,    0,    0,    0,    0,    0,    0,   -5,    0,    0,   -7,   -2,   -7,    0,    0,   -9,    0,    0,    0,    0,    2,    0,   -2,    0,    0,    0,    0,    0,    0,    0,   -5,    0,    0,    0,    0,    0,    0,    0,    0,    0,    0,    0,    0,    0,    0,    0,
       0,    0,    0,    0,    0,    0,    0,    0,    0,    0,    0,    0,    0,    0,    0,    0,    0,    0,    0,    0,   -7,   -7,    0,    0,    0,    0,    0,    0,    0,    0,    0,    0,    0,    0,    0,    0,    0,    0,    0,    0,    0,    0,    0,    0,    0,    0,    0,    0,    0,    0,    0,    0,
       0,    0,    0,    0,    0,  -47,    0,    0,    0,    0,    0,    0,  -23,   -9,  -30,    0,   14,    0,    5,    5,    0,    5,    0,    0,    0,    0,  -47,    0,  -56,    0,  -21,    0,  -28,   -9,  -47,    0,  -56,   -5,  -56,   -7,   -5,  -56,    0,    0,    0,    0,    0,    0,    0,    0,    0,    0,
       0,    0,    0,    0,    0,    0,    0,    0,    0,    0,    0,    0,   -5,    0,   -5,   -5,    0,    0,    0,    0,   -5,   -5,    0,    0,    0,    0,    0,    0,    0,    0,    0,    0,    0,    0,    0,    0,    0,    0,    0,   -2,    0,    0,    0,    0,    0,    0,    0,    0,    0,    0,    0,    0,
       0,    0,    0,    0,    0,    0,    0,    0,    0,    0,    0,    0,  -16,   -5,  -26,   -5,    5,    0,    0,    0,    0,    0,    0,    0,    0,    0,   -6,    0,  -11,    0,   -9,    0,   -6,   -6,   -7,    0,   -5,    0,    0,    0,    0,   -2,    0,    0,    0,    0,    0,    0,    0,    0,    0,    0,
       0,    0,    0,    0,    0,    0,    0,    0,    0,    0,    0,    0,  -10,   -2,  -14,   -5,    5,    0,    0,    0,    0,    0,    0,    0,    0,    0,   -4,    0,   -7,    0,   -9,    0,   -1,   -1,    0,    0,   -5,    0,    0,    0,    0,    0,    0,    0,    0,    0,    0,    0,    0,    0,    0,    0,
       0,    0,    0,    0,    0,    0,    0,    0,    0,    0,    0,    0,    0,  -13,    0,   -7,    0,   -5,    0,    0,    0,    0,    0,    0,    0,    0,    0,    0,   -7,    0,   -1,    0,    0,    0,    0,    0,   -5,  -12,   -8,    0,  -11,    0,    0,    0,    0,    0,    0,    0,    0,    0,    0,    0,
       0,    0,    0,    0,    0,    0,    0,    0,    0,    0,    0,    0,  -20,  -12,  -33,  -12,    5,   -5,    0,    0,    0,    0,    0,    0,    0,    0,  -15,    0,  -19,    0,  -18,    0,  -11,  -10,  -17,    0,   -9,   -5,   -5,   -9,   -5,   -5,    0,    0,    0,    0,    0,    0,    0,    0,    0,    0,
       0,    0,    0,    0,    0,    0,    0,    0,    0,    0,    0,    0,    0,   -2,    0,    0,    0,    0,    0,    0,    0,    0,    0,    0,    0,    0,    0,    0,   -2,    0,    0,    0,    0,    0,    0,    0,   -2,   -2,    0,    0,    0,    0,    0,    0,    0,    0,    0,    0,    0,    0,    0,    0,
       0,    0,    0,    0,    0,    0,    0,    0,    0,    0,    0,    0,    0,    0,    0,    0,    0,    0,    0,    0,    0,    0,    0,  -43,    0,    0,    0,    0,    0,    0,    0,    0,    0,    0,    0,    0,    0,    0,    0,    0,    0,    0,    0,    0,    0,    0,   -3,  -10,    0,    0,    0,    0,
       0,    0,    0,    0,    0,    0,    0,    0,    0,    0,    0,    0,    0,    0,    0,    0,    0,    0,    0,    0,    0,    0,    0,    0,    0,    0,    0,    0,    0,    0,    0,    0,    0,    0,    0,    0,    0,    0,    0,    0,    0,    0,    0,    0,    0,    0,    0,  -16,    4,    0,    0,    0,
       0,    0,    0,    0,    0,    0,    0,    0,    0,    0,    0,    0,    9,   -9,    0,    0,  -30,   -5,  -13,   -5,    0,  -25,    0,    0,    0,    0,    5,    0,    0,    0,    0,    0,    0,    0,    0,    0,   -5,   -6,   -3,    0,    0,    0,    0,    0,    0,    0,    0,    0,    0,    0,    0,    0,
       0,    0,    0,    0,    0,    0,    0,    0,    0,    0,    0,    0,    0,    0,    0,    0,  -22,    0,  -11,   -7,   -7,  -18,   -5,    0,    0,    0,    0,    0,    0,    0,    0,    0,    0,    0,    0,    0,    0,   -2,    0,    0,    0,   -5,    0,    0,    0,    0,    0,    0,    0,    0,    0,    0,
       0,    0,    0,    0,    0,    0,    0,    0,    0,    0,    0,    0,    0,    0,    0,    0,  -14,    0,   -7,   -5,   -2,  -16,    0,    0,    0,    0,    0,    0,    0,    0,    0,    0,    0,    0,    0,    0,    0,    0,    0,    0,    0,    0,    0,    0,    0,    0,    0,    0,    0,    0,    0,    0,
       0,    0,    0,    0,    0,    0,    0,    0,    0,    0,    0,    0,    0,    0,    0,    0,    0,    0,    0,    0,    0,    0,    0,    0,    0,    0,    0,    0,    0,    0,    0,    0,    0,    0,    0,    0,    7,    0,    0,    0,    0,    0,    0,    0,    0,    0,    0,    0,    0,    0,    0,    0,
       0,    0,    0,    0,    0,    0,    0,    0,    0,    0,    0,    0,    0,    0,    0,    0,  -21,    0,   -9,   -5,   -5,  -16,    0,    0,    0,    0,    2,    0,    0,    0,   -2,    0,    0,    0,    0,    0,    0,   -2,    0,    0,   -2,    0,    0,    0,    0,    0,    0,    0,    0,    0,    0,    0,
       0,    0,    0,    0,    0,    0,    0,    0,    0,    0,    0,    0,   -9,    0,    0,    0,   28,    0,   26,   23,   23,   23,   23,    0,    0,    0,    0,    0,  -14,    0,    0,    0,    0,    0,    0,    1,    0,    5,    1,    0,    0,    2,    0,    0,    0,    0,    0,    0,    0,    0,    0,    0,
       0,    0,    0,    0,   -3,    0,    0,    0,    0,    0,    0,    0,   -7,   -5,    0,   -2,    0,    0,    0,    0,    0,   -7,    0,    0,    0,    0,   -2,    0,   -9,    0,    0,    5,    0,    0,   -5,    0,   -4,    0,    0,    0,    0,    0,    0,    0,    0,    0,    0,    0,    0,    0,    0,    0,
       0,    0,    0,    0,    0,    0,    0,    0,    0,    0,    0,    0,    0,    0,    0,    0,  -14,    0,   -7,    0,    0,  -12,    0,    0,    0,    0,    0,    0,    0,    0,    0,    0,    0,    0,    0,    0,    0,   -2,    0,    0,   -2,    0,    0,    0,    0,    0,    0,    0,    0,    0,    0,    0,
       0,    0,    0,    0,    0,    0,    0,    0,    0,    0,    0,    0,    0,    0,    0,    0,  -14,    0,    0,    0,    0,    0,    0,    0,    0,    0,    0,    0,    0,    0,    0,    0,    0,    0,    0,    0,    0,    0,    0,    0,    0,    0,    0,    0,    0,    0,    0,    0,    0,    0,    0,    0,
       0,    0,    0,    0,    0,    0,    0,    0,    0,    0,    0,    0,    0,    0,    0,    0,  -14,   -5,    0,    0,    0,    0,    0,    0,    0,    0,    0,    0,    0,    0,    0,    2,    0,    0,    0,    0,    0,    0,    0,    0,    0,    0,    0,    0,    0,    0,    0,    0,    0,    0,    0,    0,
       0,    0,    0,    0,    0,    0,    0,    0,    0,    0,    0,    0,    0,   -5,    0,    0,    0,    0,    0,    0,    0,   -9,    0,    0,    0,    0,   -2,   -2,  -10,    0,    0,   -2,    0,    0,   -2,    0,   -2,    0,    0,    0,    0,    0,    0,    0,    0,    0,    0,    0,    0,    0,    0,    0,
       0,    0,    0,    0,    0,    0,    0,    0,    0,    0,    0,    0,    0,   -9,    0,    0,  -12,    0,  -14,   -9,    0,  -14,    0,    0,    0,    0,    0,    0,   -5,    0,   -5,   -7,    0,    0,    0,   -1,   -2,  -12,   -7,    0,   -7,    0,    0,    0,    0,    0,    0,    0,    0,    0,    0,    0,
       0,    0,    0,    0,    0,    0,    0,    0,    0,    0,    0,    0,    0,    0,    0,    0,   -9,    0,   -9,    0,    0,   -7,    0,    0,    0,    0,    0,    0,    0,    0,    0,    0,    0,    0,    0,    0,    0,    0,    0,    0,    0,    0,    0,    0,    0,    0,    0,    0,    0,    0,    0,    0,
       0,    0,    0,    0,    0,  -56,    0,    0,    0,    0,    0,    0,  -14,    0,    0,    0,   -5,    0,    0,    0,   -7,    0,    0,    0,    0,    0,   -6,    0,  -10,    0,   -7,   -5,    0,    0,    0,    0,    0,   23,   23,    0,    0,    0,    0,    0,    0,    0,    0,    0,    0,    0,    0,    0,
       0,    0,    0,    0,    0,    0,    0,    0,    0,    0,    0,    0,    0,   -2,    0,    0,  -21,    0,   -2,    0,   -2,   -9,    0,    0,    0,    0,    4,    0,    0,    0,    0,    0,    0,    0,    0,    0,    0,    0,    0,   -2,    0,    0,    0,    0,    0,    0,    0,    0,    0,    0,    0,    0,
       0,    0,    0,    0,    0,    0,    0,    0,    0,    0,    0,    0,    0,    0,    0,    0,    0,    0,    0,    0,    0,    0,    0,    0,    0,    0,    0,    0,   -2,  -12,   -2,    0,    0,    0,    9,    0,    0,    0,   19,    0,    0,    0,    0,    0,    0,    0,    0,    0,    0,    0,    0,    0,
       0,    0,    0,    0,    0,    0,    0,    0,    0,    0,    0,    0,    0,    0,    0,    0,  -14,    0,   -5,   -5,    0,   -7,    0,    0,    0,    0,    0,    0,    0,    0,   -5,    0,    0,    0,    0,    0,    0,    0,    0,    0,    0,    0,    0,    0,    0,    0,    0,    0,    0,    0,    0,    0,
       0,    0,    0,    0,    0,    0,    0,    0,    0,    0,    0,    0,  -12,    0,    0,    0,   -5,    0,    0,    0,  -12,   -5,   -9,    0,    0,    0,   -1,    0,   -2,    0,   -2,    0,    0,    0,   -2,   23,    0,   23,    0,    0,    0,    0,    0,    0,    0,    0,    0,    0,    0,    0,    0,    0,
       0,    0,    0,    0,    0,    0,    0,    0,    0,    0,    0,    0,   -2,    0,    0,    0,   -5,    0,    0,    0,   -8,   -5,   -2,    0,    0,    0,    2,    0,    0,    0,    0,    0,    0,    0,   -2,   23,    0,   19,    0,    0,    0,    0,    0,    0,    0,    0,    0,    0,    0,    0,    0,    0,
       0,    0,    0,    0,    0,    0,    0,    0,    0,    0,    0,    0,    0,   -5,    0,    0,   -7,   -2,    0,    0,    0,   -9,    0,    0,    0,    0,    0,    0,    0,    0,    0,    0,    0,    0,   -2,   23,   -2,    0,    0,    0,    0,    0,    0,    0,    0,    0,    0,    0,    0,    0,    0,    0,
       0,    0,    0,    0,    0,    0,    0,    0,    0,    0,    0,    0,  -12,    0,    0,    0,   -5,    0,    0,    0,   -9,   -5,   -5,    0,    0,    0,    0,    0,   -2,    0,   -7,    0,    0,    0,   -5,    0,    0,    0,    0,    0,    0,    0,    0,    0,    0,    0,    0,    0,    0,    0,    0,    0,
       0,    0,    0,    0,    0,    0,    0,    0,    0,    0,    0,    0,    0,    0,    0,    0,   -5,    0,    0,    0,    0,   -5,    0,    0,    0,    0,    0,    0,   -5,    0,    0,    0,    0,    0,    0,    0,    0,    0,    0,    0,    0,    0,    0,    0,    0,    0,    0,    0,    0,    0,    0,    0,
       0,    0,    0,    0,    0,    0,    0,    0,    0,    0,    0,    0,    0,    0,    0,    0,    0,    0,    0,    0,    0,    0,    0,    0,    0,    0,    0,    0,    0,    0,    0,    0,    0,    0,    0,    0,    0,    0,    0,    0,    0,    0,    0,    0,    0,    0,    0,    5,    0,    0,    0,    0,
       0,    0,    0,    0,    0,    0,    0,    0,    0,    0,    0,    0,    0,    0,    0,    0,    0,    0,    0,    0,    0,    0,    0,    0,    0,    0,    0,    0,    0,    0,    0,    0,    0,    0,    0,    0,    0,    0,    0,    0,    0,    0,    0,    0,    0,    0,    0,  -14,    0,    0,    0,    0,
       5,    0,    0,   -2,    0,    0,  -19,    0,    0,    0,    0,    0,    0,    0,    0,    0,    0,    0,    0,    0,    0,    0,    0,   -9,    0,  -25,    0,    0,    0,    0,    0,    0,    0,    0,    0,    0,    0,    0,    0,    0,    0,    0,    9,   12,   -9,    0,    0,    0,    0,    0,    0,    2,
       0,    0,    0,   -9,    0,    0,   -6,    0,    0,    0,    0,    0,    0,    0,    0,    0,    0,    0,    0,    0,    0,    0,    0,   -2,    0,  -16,    0,    0,    0,    0,    0,    0,    0,    0,    0,    0,    0,    0,    0,    0,    0,    0,    0,    5,    0,    0,    0,    0,    0,    0,    0,    0,
       0,    0,    0,   -7,    0,    0,  -14,    0,    0,    0,    0,    0,    0,    0,    0,    0,    0,    0,    0,    0,    0,    0,    0,    0,    0,  -25,    0,    0,    0,    0,    0,    0,    0,    0,    0,    0,    0,    0,    0,    0,    0,    0,    0,    5,   -9,    0,    0,    0,    0,    0,    0,    0,
       0,   46,   59,   34,    0,    0,    0,    0,    0,    0,    0,    0,    0,    0,    0,    0,    0,    0,    0,    0,    0,    0,    0,   51,   62,    0,    0,   19,    0,    0,    0,    0,    0,    0,    0,    0,    0,    0,    0,    0,    0,    0,    0,    0,    0,    0,    0,    5,   28,   42,   51,    0,
       0,   29,   49,   13,    0,    0,    0,    0,    0,    0,    0,    0,    0,    0,    0,    0,    0,    0,    0,    0,    0,    0,    0,   40,   47,    0,    0,   19,    0,    0,    0,    0,    0,    0,    0,    0,    0,    0,    0,    0,    0,    0,    0,    0,    0,    0,    0,    5,   28,   31,   36,    0,
       0,    0,   15,    0,    0,    0,    0,    0,    0,    0,    0,    0,    0,    0,    0,    0,    0,    0,    0,    0,    0,    0,    0,    0,    9,    0,    0,    0,    0,    0,    0,    0,    0,    0,    0,    0,    0,    0,    0,    0,    0,    0,    0,    0,    0,    0,    0,    0,    0,    5,    6,    0,
       0,    0,    0,    0,    0,    0,    0,  -19,    0,    0,    0,    0,    0,    0,    0,    0,    0,    0,    0,    0,    0,    0,    0,    0,    0,    0,    0,    0,    0,    0,    0,    0,    0,    0,    0,    0,    0,    0,    0,    0,    0,    0,    0,    0,    0,    3,    0,    0,    0,    0,    0,    0,
       0,    0,    0,    0,    0,    0,    0,    0,  -19,    0,    0,   -9,    0,    0,    0,    0,    0,    0,    0,    0,    0,    0,    0,    0,    0,    0,    0,    0,    0,    0,    0,    0,    0,    0,    0,    0,    0,    0,    0,    0,    0,    0,    0,    0,    0,    0,    0,    0,    0,    0,    0,    0,
       0,    0,    0,    0,    0,    0,    0,    0,  -28,  -19,    0,   -9,    0,    0,    0,    0,    0,    0,    0,    0,    0,    0,    0,    0,    0,    0,    0,    0,    0,    0,    0,    0,    0,    0,    0,    0,    0,    0,    0,    0,    0,    0,    0,    0,    0,    0,    0,    0,    0,    0,    0,    0,
       0,    0,    0,    0,    0,    0,    0,    0,    0,    0,    0,    0,    0,    0,    0,    0,    0,    0,    0,    0,    0,    0,    0,    0,    0,    0,    0,    0,    0,    0,    0,    0,    0,    0,    0,    0,    0,    0,    0,    0,    0,    0,    0,    0,    0,    3,    0,    0,    0,    0,    0,    0,
};

static const EpdLigaturePair quicksand_14_boldLigaturePairs[] = {
    { 0x00660069, 0xFB01 }, // f i -> U+FB01
    { 0x0066006C, 0xFB02 }, // f l -> U+FB02
};

static const EpdFontData quicksand_14_bold = {
    quicksand_14_boldBitmaps,
    quicksand_14_boldGlyphs,
    quicksand_14_boldIntervals,
    57,
    36,
    30,
    -8,
    true,
    quicksand_14_boldGroups,
    11,
    nullptr,
    quicksand_14_boldKernLeftClasses,
    quicksand_14_boldKernRightClasses,
    quicksand_14_boldKernMatrix,
    221,
    162,
    69,
    52,
    quicksand_14_boldLigaturePairs,
    2,
};
