/**
 * generated by fontconvert.py
 * name: quicksand_sb_12_regular
 * size: 12
 * mode: 1-bit
 * Command used: fontconvert.py quicksand_sb_12_regular 12 ../builtinFonts/source/Quicksand/Quicksand-SemiBold.ttf
 */
#pragma once
#include "EpdFontData.h"

static const uint8_t quicksand_sb_12_regularBitmaps[17765] = {
    0x6F, 0xFF, 0xFF, 0x66, 0x66, 0x66, 0x60, 0x0F, 0xFF, 0x31, 0x9E, 0xF7, 0x39, 0xCE, 0x73, 0x98,
    0xE6, 0x31, 0x8C, 0x02, 0x0C, 0x03, 0x87, 0x01, 0xC7, 0x80, 0xE3, 0x83, 0xFF, 0xF3, 0xFF, 0xFC,
    0xFF, 0xFC, 0x1C, 0x38, 0x0E, 0x38, 0x07, 0x1C, 0x07, 0x0E, 0x0F, 0xFF, 0xCF, 0xFF, 0xF3, 0xFF,
    0xF0, 0x71, 0xC0, 0x38, 0xE0, 0x38, 0x70, 0x0C, 0x38, 0x00, 0x03, 0x80, 0x0E, 0x00, 0xFE, 0x07,
    0xFE, 0x3F, 0xF9, 0xEE, 0xF7, 0x39, 0x9C, 0xE0, 0x7B, 0x80, 0xFE, 0x03, 0xFE, 0x07, 0xFC, 0x03,
    0xF8, 0x0F, 0xF0, 0x3B, 0xC8, 0xE7, 0x73, 0xBD, 0xFF, 0xE7, 0xFF, 0x87, 0xF8, 0x03, 0x80, 0x0E,
    0x00, 0x38, 0x00, 0xE0, 0x1E, 0x03, 0x03, 0xF0, 0x70, 0x7F, 0x07, 0x07, 0x38, 0xE0, 0x63, 0x9E,
    0x06, 0x39, 0xC0, 0x73, 0xB8, 0x07, 0xF7, 0x80, 0x3F, 0x73, 0x01, 0xEE, 0x7C, 0x01, 0xEF, 0xE0,
    0x1D, 0xCE, 0x03, 0x9C, 0x60, 0x79, 0xC7, 0x07, 0x1C, 0x60, 0xF1, 0xCE, 0x0E, 0x0F, 0xE0, 0xC0,
    0x7C, 0x00, 0x01, 0x00, 0x03, 0xF0, 0x07, 0xFC, 0x03, 0xFF, 0x03, 0xC3, 0x81, 0xC0, 0x80, 0xF0,
    0x00, 0x38, 0x00, 0x1E, 0x00, 0x3F, 0x80, 0x3F, 0xE3, 0x9C, 0x79, 0xCE, 0x1F, 0xEF, 0x07, 0xE7,
    0x81, 0xF1, 0xE0, 0xF8, 0xFF, 0xFE, 0x3F, 0xFF, 0x8F, 0xF1, 0xC0, 0xC0, 0x00, 0x33, 0xDC, 0xE7,
    0x31, 0x8C, 0x01, 0x03, 0xC3, 0xE3, 0xC1, 0xC1, 0xE0, 0xE0, 0xF0, 0x70, 0x38, 0x1C, 0x0E, 0x07,
    0x03, 0x81, 0xC0, 0xE0, 0x38, 0x1C, 0x07, 0x03, 0xC0, 0xF0, 0x3C, 0x0E, 0x60, 0x78, 0x1E, 0x07,
    0x81, 0xE0, 0x70, 0x3C, 0x0E, 0x07, 0x03, 0x81, 0xC0, 0xE0, 0x70, 0x38, 0x1C, 0x0E, 0x0F, 0x0F,
    0x07, 0x87, 0x87, 0x87, 0x81, 0x80, 0x08, 0x18, 0x7B, 0x7F, 0x3C, 0x7F, 0x7B, 0x18, 0x08, 0x07,
    0x00, 0x38, 0x01, 0xC0, 0x0E, 0x00, 0x70, 0x7F, 0xFB, 0xFF, 0xFF, 0xFF, 0x07, 0x00, 0x38, 0x01,
    0xC0, 0x0E, 0x00, 0x70, 0x00, 0x33, 0xDE, 0x77, 0xB9, 0x80, 0xFF, 0xFF, 0x7E, 0x0E, 0xFE, 0x00,
    0x18, 0x00, 0xE0, 0x03, 0x80, 0x1E, 0x00, 0x70, 0x03, 0xC0, 0x0E, 0x00, 0x78, 0x01, 0xC0, 0x0F,
    0x00, 0x38, 0x01, 0xE0, 0x07, 0x00, 0x3C, 0x00, 0xE0, 0x07, 0x80, 0x1C, 0x00, 0xF0, 0x03, 0x80,
    0x1E, 0x00, 0x70, 0x03, 0xC0, 0x0E, 0x00, 0x10, 0x00, 0x0F, 0x80, 0xFF, 0x83, 0xFF, 0x1E, 0x3C,
    0x70, 0x7B, 0xC1, 0xEE, 0x03, 0xB8, 0x0E, 0xE0, 0x3B, 0x80, 0xEE, 0x03, 0xB8, 0x0E, 0xF0, 0x3B,
    0xC1, 0xE7, 0x87, 0x1F, 0xFC, 0x3F, 0xE0, 0x7F, 0x00, 0x70, 0x00, 0x06, 0x1F, 0x3F, 0xFF, 0xFF,
    0x6F, 0x0F, 0x0F, 0x0F, 0x0F, 0x0F, 0x0F, 0x0F, 0x0F, 0x0F, 0x0F, 0x0F, 0x0E, 0x1F, 0x83, 0xFC,
    0x7F, 0xEF, 0x0E, 0xE0, 0xF0, 0x0F, 0x00, 0xF0, 0x0E, 0x01, 0xE0, 0x3C, 0x07, 0xC0, 0x78, 0x0F,
    0x01, 0xE0, 0x3C, 0x07, 0xFE, 0xFF, 0xFF, 0xFF, 0xFF, 0xCF, 0xFE, 0xFF, 0xE0, 0x3C, 0x07, 0x80,
    0xF0, 0x1E, 0x03, 0xF8, 0x3F, 0xC3, 0xFE, 0x00, 0xE0, 0x0E, 0x00, 0xE0, 0x0E, 0x40, 0xEF, 0x3E,
    0xFF, 0xC7, 0xF8, 0x1C, 0x00, 0x00, 0x60, 0x03, 0x80, 0x1E, 0x00, 0xF8, 0x07, 0xE0, 0x3F, 0x80,
    0xEE, 0x07, 0xB8, 0x3C, 0xE1, 0xE3, 0x87, 0xFF, 0xBF, 0xFF, 0xFF, 0xFC, 0x03, 0x80, 0x0E, 0x00,
    0x38, 0x00, 0xE0, 0x03, 0x80, 0x3F, 0xE7, 0xFF, 0x7F, 0xE7, 0x00, 0x70, 0x07, 0x00, 0xFF, 0x8F,
    0xFC, 0xFF, 0xE7, 0x1F, 0x00, 0xF0, 0x07, 0x00, 0x70, 0x07, 0x40, 0xFF, 0xFE, 0xFF, 0xC7, 0xF8,
    0x0C, 0x00, 0x03, 0xC0, 0x7C, 0x0F, 0xC1, 0xF0, 0x3C, 0x07, 0x80, 0x77, 0x07, 0xFC, 0xFF, 0xEF,
    0xDE, 0xF0, 0xFE, 0x07, 0xE0, 0x7E, 0x07, 0xF0, 0xF7, 0xDE, 0x3F, 0xE1, 0xFC, 0x06, 0x00, 0x7F,
    0xEF, 0xFF, 0xFF, 0xF0, 0x0F, 0x00, 0xE0, 0x1E, 0x01, 0xC0, 0x3C, 0x03, 0x80, 0x78, 0x07, 0x00,
    0xF0, 0x0F, 0x00, 0xE0, 0x1E, 0x01, 0xC0, 0x3C, 0x03, 0x80, 0x00, 0x00, 0x0F, 0x03, 0xFC, 0x7F,
    0xC7, 0x9E, 0xF0, 0xEE, 0x0E, 0xF0, 0xE7, 0x9E, 0x7F, 0xC7, 0xFC, 0xFB, 0xEE, 0x0F, 0xE0, 0x7E,
    0x07, 0xF0, 0xFF, 0xFE, 0x7F, 0xC3, 0xF8, 0x00, 0x00, 0x1F, 0x83, 0xFC, 0x7F, 0xEF, 0x0F, 0xF0,
    0x7E, 0x07, 0xE0, 0x7F, 0x07, 0xF0, 0xF7, 0xFF, 0x3F, 0xF1, 0xFE, 0x01, 0xE0, 0x3C, 0x07, 0xC1,
    0xF8, 0x3F, 0x03, 0xE0, 0x10, 0x00, 0x0F, 0xFF, 0x00, 0x00, 0x00, 0x0F, 0xFF, 0x03, 0x9C, 0xE0,
    0x00, 0x00, 0x00, 0x00, 0xEF, 0xFC, 0xEE, 0xF2, 0x00, 0x00, 0x20, 0x0F, 0x03, 0xF0, 0xFC, 0x1F,
    0x87, 0xE0, 0xF8, 0x07, 0xC0, 0x3F, 0x00, 0xF8, 0x07, 0xE0, 0x1F, 0x00, 0x70, 0x00, 0xFF, 0xF7,
    0xFF, 0xFF, 0xFC, 0x00, 0x00, 0x00, 0x7F, 0xFF, 0xFF, 0xEF, 0xFE, 0xE0, 0x0F, 0x80, 0xFC, 0x03,
    0xF0, 0x0F, 0xC0, 0x7E, 0x01, 0xF0, 0x3F, 0x0F, 0xC3, 0xF0, 0x7E, 0x0F, 0x80, 0xE0, 0x00, 0x0F,
    0x03, 0xFC, 0x7F, 0xE7, 0x9F, 0x60, 0xF0, 0x07, 0x00, 0x70, 0x07, 0x00, 0xF0, 0x7E, 0x0F, 0xC0,
    0xF8, 0x0E, 0x00, 0xE0, 0x04, 0x00, 0x00, 0x0E, 0x00, 0xE0, 0x0E, 0x00, 0x00, 0x7F, 0x80, 0x07,
    0xFF, 0xC0, 0x1F, 0x87, 0xC0, 0x78, 0x01, 0xC1, 0xC0, 0x01, 0xC7, 0x0F, 0x73, 0x9C, 0x3F, 0xE3,
    0x30, 0xFF, 0xC6, 0xE3, 0x87, 0x8D, 0xC7, 0x0E, 0x1B, 0x1C, 0x1C, 0x36, 0x38, 0x38, 0xEC, 0x70,
    0xF1, 0xD8, 0xE3, 0xE7, 0x31, 0xFF, 0xDC, 0x71, 0xFF, 0xF0, 0xE1, 0xE3, 0xC0, 0xE0, 0x00, 0x01,
    0xE0, 0x04, 0x01, 0xE0, 0x38, 0x01, 0xFF, 0xF0, 0x00, 0xFF, 0x80, 0x00, 0x00, 0x00, 0x00, 0x01,
    0x80, 0x03, 0xC0, 0x03, 0xC0, 0x03, 0xE0, 0x07, 0xE0, 0x07, 0xE0, 0x0F, 0xF0, 0x0E, 0x70, 0x1E,
    0x78, 0x1C, 0x38, 0x1C, 0x38, 0x3F, 0xFC, 0x3F, 0xFC, 0x7F, 0xFE, 0x70, 0x0E, 0x70, 0x0F, 0xE0,
    0x07, 0xE0, 0x07, 0x00, 0x00, 0xFF, 0xC3, 0xFF, 0xCF, 0xFF, 0x38, 0x3E, 0xE0, 0x7B, 0x81, 0xEE,
    0x07, 0x3F, 0xFC, 0xFF, 0xE3, 0xFF, 0xCE, 0x0F, 0xB8, 0x0E, 0xE0, 0x3F, 0x80, 0xFE, 0x03, 0xBF,
    0xFE, 0xFF, 0xF3, 0xFF, 0x80, 0x03, 0xF0, 0x1F, 0xF8, 0xFF, 0xF1, 0xF0, 0xE7, 0x80, 0x1E, 0x00,
    0x3C, 0x00, 0x70, 0x00, 0xE0, 0x01, 0xC0, 0x03, 0x80, 0x07, 0x00, 0x0F, 0x00, 0x0F, 0x00, 0x1F,
    0x02, 0x1F, 0xFE, 0x1F, 0xFC, 0x1F, 0xF0, 0x07, 0x00, 0xFF, 0xC1, 0xFF, 0xE3, 0xFF, 0xE7, 0x03,
    0xEE, 0x03, 0xDC, 0x03, 0xF8, 0x07, 0xF0, 0x07, 0xE0, 0x0F, 0xC0, 0x1F, 0x80, 0x3F, 0x00, 0x7E,
    0x01, 0xFC, 0x03, 0xB8, 0x0F, 0x7F, 0xFC, 0xFF, 0xF1, 0xFF, 0xC0, 0xFF, 0xEF, 0xFF, 0xFF, 0xEE,
    0x00, 0xE0, 0x0E, 0x00, 0xE0, 0x0F, 0xF8, 0xFF, 0xCF, 0xFC, 0xFF, 0x8E, 0x00, 0xE0, 0x0E, 0x00,
    0xE0, 0x0F, 0xFE, 0xFF, 0xFF, 0xFE, 0xFF, 0xEF, 0xFE, 0xFF, 0xEE, 0x00, 0xE0, 0x0E, 0x00, 0xE0,
    0x0E, 0x00, 0xFF, 0xCF, 0xFC, 0xFF, 0x8E, 0x00, 0xE0, 0x0E, 0x00, 0xE0, 0x0E, 0x00, 0xE0, 0x0E,
    0x00, 0x03, 0xF8, 0x0F, 0xFC, 0x1F, 0xFE, 0x3E, 0x1C, 0x78, 0x00, 0xF0, 0x00, 0xF0, 0x00, 0xE0,
    0x00, 0xE0, 0x7C, 0xE0, 0xFE, 0xE0, 0xFF, 0xF0, 0x7F, 0xF0, 0x0F, 0x78, 0x0F, 0x7C, 0x0F, 0x3F,
    0xFF, 0x1F, 0xFE, 0x07, 0xFC, 0x00, 0xE0, 0xC0, 0x0F, 0x80, 0x7E, 0x01, 0xF8, 0x07, 0xE0, 0x1F,
    0x80, 0x7E, 0x01, 0xF8, 0x07, 0xFF, 0xFF, 0xFF, 0xFF, 0xFF, 0xF8, 0x07, 0xE0, 0x1F, 0x80, 0x7E,
    0x01, 0xF8, 0x07, 0xE0, 0x1F, 0x80, 0x70, 0xDF, 0xFF, 0xFF, 0xFF, 0xFF, 0xFF, 0xFC, 0x00, 0x60,
    0x1C, 0x03, 0x80, 0x70, 0x0E, 0x01, 0xC0, 0x38, 0x07, 0x00, 0xE0, 0x1C, 0x03, 0x80, 0x70, 0x0E,
    0x81, 0xF8, 0x7F, 0xFF, 0x7F, 0xC7, 0xF0, 0x30, 0x00, 0xC0, 0x1B, 0x80, 0xFE, 0x07, 0xF8, 0x3E,
    0xE1, 0xF3, 0x8F, 0x0E, 0x78, 0x3B, 0xC0, 0xFF, 0x03, 0xFE, 0x0F, 0xFC, 0x3C, 0xF0, 0xE1, 0xE3,
    0x83, 0xCE, 0x0F, 0xB8, 0x1F, 0xE0, 0x3F, 0x80, 0x70, 0x00, 0x00, 0xC0, 0x1C, 0x03, 0x80, 0x70,
    0x0E, 0x01, 0xC0, 0x38, 0x07, 0x00, 0xE0, 0x1C, 0x03, 0x80, 0x70, 0x0E, 0x01, 0xC0, 0x38, 0x07,
    0xFF, 0xFF, 0xFF, 0xFC, 0xC0, 0x03, 0x70, 0x03, 0xFC, 0x01, 0xFE, 0x01, 0xFF, 0x81, 0xFF, 0xE0,
    0xFF, 0xF0, 0xFF, 0xFC, 0xF7, 0xEF, 0x73, 0xF3, 0xF9, 0xF9, 0xF8, 0xFC, 0x78, 0x7E, 0x1C, 0x3F,
    0x00, 0x1F, 0x80, 0x0F, 0xC0, 0x07, 0xE0, 0x03, 0xF0, 0x01, 0xC0, 0xC0, 0x0D, 0xC0, 0x1F, 0xC0,
    0x3F, 0xC0, 0x7F, 0xC0, 0xFF, 0x81, 0xFF, 0x83, 0xF7, 0x87, 0xE7, 0x8F, 0xCF, 0x1F, 0x8F, 0x3F,
    0x0F, 0x7E, 0x0F, 0xFC, 0x1F, 0xF8, 0x1F, 0xF0, 0x1F, 0xE0, 0x1F, 0xC0, 0x38, 0x07, 0xF0, 0x0F,
    0xFE, 0x0F, 0xFF, 0x8F, 0xC3, 0xE7, 0x80, 0xF7, 0x80, 0x3F, 0xC0, 0x1F, 0xC0, 0x07, 0xE0, 0x03,
    0xF0, 0x01, 0xF8, 0x00, 0xFC, 0x00, 0x7F, 0x00, 0x7B, 0xC0, 0x39, 0xF0, 0x7C, 0x7F, 0xFC, 0x1F,
    0xFC, 0x07, 0xFC, 0x00, 0x70, 0x00, 0xFF, 0x8F, 0xFC, 0xFF, 0xEE, 0x0F, 0xE0, 0x7E, 0x07, 0xE0,
    0x7E, 0x07, 0xE0, 0xFF, 0xFE, 0xFF, 0xCF, 0xF8, 0xE0, 0x0E, 0x00, 0xE0, 0x0E, 0x00, 0xE0, 0x0E,
    0x00, 0x07, 0xF0, 0x03, 0xFF, 0x80, 0xFF, 0xF8, 0x3F, 0x0F, 0x87, 0x80, 0xF1, 0xE0, 0x0F, 0x3C,
    0x01, 0xE7, 0x00, 0x1C, 0xE0, 0x03, 0x9C, 0x00, 0x73, 0x80, 0x0E, 0x70, 0x01, 0xCF, 0x00, 0x78,
    0xF0, 0x0E, 0x1F, 0x07, 0xC1, 0xFF, 0xF0, 0x1F, 0xFC, 0x01, 0xFF, 0x00, 0x1F, 0x00, 0x0F, 0xF0,
    0x71, 0xFF, 0xFE, 0x19, 0xFF, 0x80, 0x0F, 0xE0, 0xFF, 0xC1, 0xFF, 0xE3, 0xFF, 0xE7, 0x03, 0xCE,
    0x03, 0xDC, 0x07, 0xB8, 0x0F, 0x70, 0x1C, 0xE0, 0x79, 0xFF, 0xE3, 0xFF, 0xC7, 0xFF, 0xCE, 0x03,
    0x9C, 0x07, 0x38, 0x0E, 0x70, 0x1E, 0xE0, 0x3D, 0xC0, 0x38, 0x00, 0x00, 0x0F, 0xE0, 0x7F, 0xE3,
    0xFF, 0x9E, 0x0F, 0x70, 0x19, 0xC0, 0x07, 0x80, 0x0F, 0x80, 0x3F, 0xE0, 0x7F, 0xC0, 0x3F, 0x80,
    0x1F, 0x00, 0x3C, 0x80, 0x77, 0x03, 0xDF, 0xFE, 0x7F, 0xF8, 0x7F, 0x80, 0x38, 0x00, 0x7F, 0xFD,
    0xFF, 0xFD, 0xFF, 0xF8, 0x1C, 0x00, 0x38, 0x00, 0x70, 0x00, 0xE0, 0x01, 0xC0, 0x03, 0x80, 0x07,
    0x00, 0x0E, 0x00, 0x1C, 0x00, 0x38, 0x00, 0x70, 0x00, 0xE0, 0x01, 0xC0, 0x03, 0x80, 0x07, 0x00,
    0xC0, 0x1B, 0x80, 0x7E, 0x01, 0xF8, 0x07, 0xE0, 0x1F, 0x80, 0x7E, 0x01, 0xF8, 0x07, 0xE0, 0x1F,
    0x80, 0x7E, 0x01, 0xF8, 0x07, 0xE0, 0x1F, 0xC0, 0xFF, 0x87, 0x9F, 0xFE, 0x3F, 0xF0, 0x7F, 0x80,
    0x20, 0x00, 0x60, 0x03, 0x78, 0x03, 0x9C, 0x01, 0xCF, 0x01, 0xE7, 0x80, 0xE1, 0xC0, 0x70, 0xF0,
    0x78, 0x38, 0x38, 0x1E, 0x3C, 0x07, 0x1C, 0x03, 0xCE, 0x01, 0xEE, 0x00, 0x77, 0x00, 0x3F, 0x80,
    0x0F, 0x80, 0x07, 0xC0, 0x01, 0xC0, 0x00, 0xE0, 0x00, 0x60, 0x00, 0x06, 0xF0, 0x00, 0x0F, 0xF0,
    0x00, 0x0E, 0x70, 0x00, 0x0E, 0x78, 0x18, 0x1E, 0x78, 0x3C, 0x1C, 0x38, 0x3C, 0x1C, 0x3C, 0x7E,
    0x3C, 0x3C, 0x7E, 0x38, 0x1C, 0xFE, 0x38, 0x1E, 0xEF, 0x78, 0x1E, 0xE7, 0x70, 0x0F, 0xC7, 0xF0,
    0x0F, 0xC3, 0xF0, 0x0F, 0xC3, 0xE0, 0x07, 0x81, 0xE0, 0x07, 0x81, 0xE0, 0x07, 0x01, 0xC0, 0xC0,
    0x0F, 0x80, 0x7F, 0x03, 0xDE, 0x1E, 0x78, 0x78, 0xF3, 0xC1, 0xFE, 0x03, 0xF0, 0x0F, 0xC0, 0x1E,
    0x00, 0xFC, 0x07, 0xF8, 0x1D, 0xE0, 0xF3, 0xC7, 0x87, 0xBC, 0x0F, 0xE0, 0x3F, 0x80, 0x70, 0x00,
    0x00, 0x60, 0x0D, 0xE0, 0x3F, 0xC0, 0xF3, 0xC1, 0xE3, 0xC7, 0x87, 0xDE, 0x07, 0xBC, 0x07, 0xF0,
    0x07, 0xC0, 0x0F, 0x00, 0x0E, 0x00, 0x1C, 0x00, 0x38, 0x00, 0x70, 0x00, 0xE0, 0x01, 0xC0, 0x03,
    0x80, 0x07, 0x00, 0x7F, 0xFC, 0xFF, 0xFD, 0xFF, 0xF0, 0x03, 0xE0, 0x07, 0x80, 0x1E, 0x00, 0x78,
    0x01, 0xF0, 0x03, 0xC0, 0x0F, 0x00, 0x3C, 0x00, 0xF0, 0x01, 0xE0, 0x07, 0x80, 0x1E, 0x00, 0x7F,
    0xFE, 0xFF, 0xFD, 0xFF, 0xF8, 0xFE, 0xFF, 0xFE, 0xE0, 0xE0, 0xE0, 0xE0, 0xE0, 0xE0, 0xE0, 0xE0,
    0xE0, 0xE0, 0xE0, 0xE0, 0xE0, 0xE0, 0xE0, 0xE0, 0xE0, 0xFE, 0xFF, 0xFF, 0x00, 0x03, 0x80, 0x0E,
    0x00, 0x1C, 0x00, 0x70, 0x00, 0xE0, 0x03, 0x80, 0x07, 0x00, 0x1C, 0x00, 0x38, 0x00, 0xE0, 0x01,
    0xC0, 0x07, 0x00, 0x0E, 0x00, 0x38, 0x00, 0x70, 0x01, 0xC0, 0x03, 0x80, 0x0E, 0x00, 0x1C, 0x00,
    0x70, 0x00, 0xE0, 0x03, 0x80, 0x07, 0x00, 0x18, 0x7F, 0x7F, 0x9F, 0xC0, 0xE0, 0x70, 0x38, 0x1C,
    0x0E, 0x07, 0x03, 0x81, 0xC0, 0xE0, 0x70, 0x38, 0x1C, 0x0E, 0x07, 0x03, 0x81, 0xC0, 0xE7, 0xF7,
    0xF9, 0xFC, 0x02, 0x00, 0x78, 0x03, 0xE0, 0x3F, 0x83, 0xFC, 0x1E, 0xF1, 0xE3, 0x8E, 0x1E, 0xF0,
    0x7F, 0x03, 0xD0, 0x0C, 0x00, 0x01, 0xFF, 0xFF, 0xFF, 0xF8, 0xE3, 0xC7, 0x86, 0x0F, 0x11, 0xFF,
    0xDF, 0xFE, 0xF1, 0xFF, 0x07, 0xF0, 0x1F, 0x80, 0xFC, 0x07, 0xE0, 0x3F, 0x01, 0xFC, 0x1E, 0xFB,
    0xF3, 0xFF, 0x8F, 0xDC, 0x18, 0x00, 0x60, 0x03, 0xC0, 0x0F, 0x00, 0x3C, 0x00, 0xF0, 0x03, 0xCE,
    0x0F, 0xFE, 0x3F, 0xFC, 0xFC, 0xFB, 0xC0, 0xEF, 0x03, 0xFC, 0x07, 0xF0, 0x1F, 0xC0, 0x7F, 0x03,
    0xFE, 0x0E, 0xFC, 0xFB, 0xFF, 0xC6, 0xFE, 0x00, 0xE0, 0x0F, 0x83, 0xFE, 0x7F, 0xF7, 0x8E, 0xF0,
    0x0E, 0x00, 0xE0, 0x0E, 0x00, 0xE0, 0x0E, 0x00, 0xF0, 0x07, 0xCF, 0x3F, 0xF1, 0xFE, 0x07, 0x00,
    0x00, 0x18, 0x01, 0xC0, 0x0E, 0x00, 0x70, 0x03, 0x87, 0x9C, 0xFF, 0xEF, 0xFF, 0x78, 0xFF, 0x83,
    0xF8, 0x0F, 0xC0, 0x7E, 0x03, 0xF0, 0x1F, 0x80, 0xFE, 0x0F, 0x7D, 0xF9, 0xFF, 0xC7, 0xEE, 0x0C,
    0x00, 0x0F, 0x01, 0xFE, 0x1F, 0xF8, 0xF1, 0xEF, 0x07, 0x70, 0x3F, 0xFF, 0xFF, 0xFF, 0xE0, 0x07,
    0x00, 0x3C, 0x0C, 0xF9, 0xE3, 0xFF, 0x0F, 0xF0, 0x1C, 0x00, 0x03, 0x81, 0xF8, 0x7F, 0x0F, 0x01,
    0xC0, 0x38, 0x1F, 0xF7, 0xFE, 0x7F, 0x83, 0x80, 0x70, 0x0E, 0x01, 0xC0, 0x38, 0x07, 0x00, 0xE0,
    0x1C, 0x03, 0x80, 0x70, 0x00, 0x0F, 0x18, 0xFF, 0xE7, 0xFF, 0x9E, 0x3E, 0xF0, 0x7B, 0x80, 0xEE,
    0x03, 0xB8, 0x0E, 0xE0, 0x3B, 0x80, 0xEF, 0x07, 0x9F, 0x7E, 0x3F, 0xF8, 0x7F, 0xE0, 0x63, 0x88,
    0x1E, 0x7F, 0xF9, 0xFF, 0xC1, 0xFC, 0x00, 0x60, 0x0F, 0x00, 0xF0, 0x0F, 0x00, 0xF0, 0x0F, 0x38,
    0xFF, 0xEF, 0xFE, 0xF8, 0xFF, 0x07, 0xF0, 0x7F, 0x07, 0xF0, 0x7F, 0x07, 0xF0, 0x7F, 0x07, 0xF0,
    0x7F, 0x07, 0x60, 0x70, 0x6F, 0xF0, 0x4E, 0xEE, 0xEE, 0xEE, 0xEE, 0xEE, 0xEE, 0x1C, 0x71, 0xC0,
    0x00, 0x71, 0xC7, 0x1C, 0x71, 0xC7, 0x1C, 0x71, 0xC7, 0x1C, 0x71, 0xCF, 0x7F, 0xEF, 0x00, 0x60,
    0x07, 0x00, 0x70, 0x07, 0x00, 0x70, 0x07, 0x02, 0x70, 0x77, 0x0F, 0x73, 0xE7, 0x7C, 0x7F, 0x87,
    0xF0, 0x7F, 0x07, 0xF8, 0x77, 0xC7, 0x3E, 0x71, 0xF7, 0x0F, 0x70, 0x70, 0x67, 0x77, 0x77, 0x77,
    0x77, 0x77, 0x77, 0x77, 0x77, 0x70, 0x03, 0x83, 0xC3, 0x7F, 0x3F, 0x3F, 0xFF, 0xFD, 0xF1, 0xF9,
    0xEF, 0x07, 0x87, 0x78, 0x38, 0x3F, 0xC1, 0xC1, 0xFE, 0x0E, 0x0F, 0xF0, 0x70, 0x7F, 0x83, 0x83,
    0xFC, 0x1C, 0x1F, 0xE0, 0xE0, 0xFF, 0x07, 0x07, 0xB0, 0x38, 0x18, 0x03, 0xC3, 0x7F, 0x3F, 0xFD,
    0xF1, 0xEF, 0x07, 0x78, 0x3B, 0xC1, 0xDE, 0x0E, 0xF0, 0x77, 0x83, 0xBC, 0x1D, 0xE0, 0xEF, 0x07,
    0x30, 0x38, 0x07, 0x80, 0x7F, 0x83, 0xFF, 0x1E, 0x3E, 0xF0, 0x7B, 0x80, 0xEE, 0x03, 0xF8, 0x0F,
    0xE0, 0x3F, 0x80, 0xEF, 0x07, 0x9F, 0x7E, 0x3F, 0xF0, 0x7F, 0x80, 0x70, 0x00, 0x03, 0x81, 0xBF,
    0x8F, 0xFF, 0x3F, 0x3E, 0xF0, 0x3B, 0xC0, 0xFF, 0x01, 0xFC, 0x07, 0xF0, 0x1F, 0xC0, 0xFF, 0x83,
    0xBF, 0xBE, 0xFF, 0xF3, 0xFF, 0x8F, 0x30, 0x3C, 0x00, 0xF0, 0x03, 0xC0, 0x06, 0x00, 0x00, 0x0F,
    0x11, 0xFF, 0xDF, 0xFE, 0xF1, 0xFF, 0x07, 0xF0, 0x1F, 0x80, 0xFC, 0x07, 0xE0, 0x3F, 0x01, 0xFC,
    0x1E, 0xFB, 0xF3, 0xFF, 0x8F, 0xDC, 0x18, 0xE0, 0x07, 0x00, 0x38, 0x01, 0xC0, 0x0E, 0x03, 0xB7,
    0xFF, 0xFF, 0x0F, 0x07, 0x83, 0xC1, 0xE0, 0xF0, 0x78, 0x3C, 0x1E, 0x0F, 0x03, 0x00, 0x0F, 0x07,
    0xF9, 0xFF, 0xB8, 0x77, 0x04, 0xF0, 0x0F, 0xC0, 0xFE, 0x07, 0xE0, 0x1D, 0x83, 0xFC, 0x77, 0xFE,
    0x7F, 0x81, 0x80, 0x08, 0x0E, 0x07, 0x03, 0x8F, 0xFF, 0xFD, 0xFC, 0x38, 0x1C, 0x0E, 0x07, 0x03,
    0x81, 0xC0, 0xE0, 0x7C, 0x3F, 0x0F, 0x00, 0x00, 0x06, 0x07, 0xF0, 0x7F, 0x07, 0xF0, 0x7F, 0x07,
    0xF0, 0x7F, 0x07, 0xF0, 0x7F, 0x07, 0x70, 0x77, 0xDF, 0x3F, 0xE1, 0xFC, 0x06, 0x00, 0x60, 0x13,
    0x81, 0xDC, 0x0E, 0xE0, 0xF7, 0x87, 0x1C, 0x38, 0xF3, 0x83, 0x9C, 0x1F, 0xE0, 0x7E, 0x03, 0xF0,
    0x0F, 0x00, 0x78, 0x03, 0x80, 0x00, 0x00, 0x60, 0x00, 0xCE, 0x00, 0x1D, 0xC0, 0x07, 0xB8, 0x70,
    0xE7, 0x8E, 0x3C, 0x73, 0xE7, 0x0E, 0x7C, 0xE1, 0xEF, 0xFC, 0x1F, 0xBF, 0x03, 0xF7, 0xE0, 0x7C,
    0x7C, 0x07, 0x8F, 0x00, 0xF1, 0xE0, 0x0C, 0x1C, 0x00, 0x00, 0x00, 0x40, 0x2E, 0x07, 0xF0, 0xF7,
    0x9E, 0x3D, 0xC1, 0xF8, 0x1F, 0x80, 0xF0, 0x1F, 0x81, 0xFC, 0x3F, 0xE7, 0x9E, 0xF0, 0xFE, 0x07,
    0x00, 0x00, 0x60, 0x2F, 0x07, 0xF0, 0x7F, 0x07, 0xF0, 0x7F, 0x07, 0xF0, 0x7F, 0x07, 0xF0, 0x7F,
    0x07, 0xF0, 0xF7, 0x9F, 0x7F, 0xF3, 0xFF, 0x0C, 0x70, 0x0F, 0x7F, 0xE7, 0xFC, 0x3F, 0x80, 0x00,
    0x07, 0xFE, 0x7F, 0xE3, 0xFE, 0x03, 0xC0, 0x38, 0x07, 0x80, 0xF0, 0x1E, 0x01, 0xC0, 0x3C, 0x07,
    0xFE, 0x7F, 0xF7, 0xFE, 0x01, 0xC1, 0xF0, 0xF8, 0x38, 0x0E, 0x07, 0x81, 0xE0, 0x78, 0x1E, 0x07,
    0x07, 0xC3, 0xE0, 0xFC, 0x07, 0x01, 0xE0, 0x78, 0x1E, 0x07, 0x81, 0xE0, 0x38, 0x0F, 0x01, 0xF0,
    0x3C, 0x00, 0x6F, 0xFF, 0xFF, 0xFF, 0xFF, 0xFF, 0xFF, 0xFF, 0xFF, 0xFF, 0xFF, 0xF6, 0x60, 0x3E,
    0x07, 0xC0, 0x78, 0x0E, 0x03, 0x80, 0xE0, 0x38, 0x0E, 0x03, 0x80, 0xF8, 0x1F, 0x07, 0xC3, 0xC0,
    0xE0, 0x38, 0x0E, 0x03, 0x80, 0xE0, 0x78, 0x3C, 0x3F, 0x0F, 0x00, 0x00, 0x00, 0x0F, 0x9F, 0xFF,
    0xFF, 0xFC, 0x7C, 0x6F, 0xF7, 0x00, 0x66, 0x66, 0x66, 0x6F, 0xFF, 0xFF, 0x00, 0x03, 0x00, 0x1C,
    0x01, 0xF8, 0x3F, 0xE3, 0xFF, 0x3D, 0xD9, 0xCE, 0x0E, 0x70, 0x73, 0x83, 0x9C, 0x1C, 0xE0, 0xE7,
    0x07, 0xBB, 0x1F, 0xFC, 0x7F, 0xC1, 0xFC, 0x03, 0x80, 0x1C, 0x00, 0x07, 0xE0, 0x0F, 0xF8, 0x1F,
    0xF8, 0x1E, 0x38, 0x3C, 0x00, 0x3C, 0x00, 0x3C, 0x00, 0x7F, 0xC0, 0x7F, 0xE0, 0x7F, 0xE0, 0x1E,
    0x00, 0x0E, 0x00, 0x0E, 0x00, 0x0E, 0x00, 0x1E, 0x00, 0x7F, 0x86, 0xFF, 0xFF, 0xFF, 0xFE, 0x00,
    0x7C, 0x60, 0x6F, 0xFF, 0x7F, 0xE7, 0xFC, 0x71, 0xE7, 0x0E, 0x71, 0xE7, 0xFC, 0xFF, 0xEF, 0xFE,
    0x60, 0x60, 0x60, 0x0D, 0xE0, 0x3F, 0xC0, 0x73, 0xC1, 0xE3, 0xC7, 0x87, 0x8E, 0x07, 0xBC, 0x07,
    0xF0, 0x07, 0xC0, 0x7F, 0xF0, 0xFF, 0xE0, 0xFF, 0x81, 0xFF, 0x07, 0xFF, 0x0F, 0xFE, 0x01, 0xC0,
    0x03, 0x80, 0x07, 0x00, 0x6F, 0xFF, 0xFF, 0xFF, 0xF6, 0x00, 0x06, 0xFF, 0xFF, 0xFF, 0xFF, 0xF6,
    0x07, 0xC0, 0xFF, 0x87, 0xFC, 0x78, 0xE3, 0x80, 0x1E, 0x00, 0xFC, 0x03, 0xFC, 0x3F, 0xF3, 0xDF,
    0xDC, 0x1E, 0xF0, 0x77, 0xF7, 0x9F, 0xF8, 0x7F, 0x80, 0x7E, 0x00, 0xF3, 0x83, 0x9E, 0x3C, 0xFF,
    0xE3, 0xFE, 0x07, 0xC0, 0xE7, 0xF7, 0xE7, 0x01, 0xF8, 0x00, 0xFF, 0xC0, 0x7C, 0x7C, 0x0E, 0x01,
    0xC3, 0x9F, 0x9C, 0xE7, 0xF9, 0x99, 0xE6, 0x3B, 0x38, 0x03, 0x66, 0x00, 0x6C, 0xC0, 0x0D, 0x98,
    0x01, 0xB3, 0x80, 0x77, 0x3F, 0xCE, 0x63, 0xFB, 0x8E, 0x3C, 0xE0, 0xF0, 0x3C, 0x0F, 0xFF, 0x00,
    0x7F, 0x80, 0x01, 0x80, 0x00, 0x00, 0x3F, 0x9F, 0xFC, 0xFE, 0x3F, 0x1F, 0x9F, 0xFF, 0x7F, 0x08,
    0x00, 0x1C, 0x61, 0xCE, 0x39, 0xE7, 0x9C, 0xF3, 0x8E, 0x78, 0x73, 0x87, 0x9C, 0x3D, 0xE1, 0xCE,
    0x1C, 0x60, 0xFF, 0xFD, 0xFF, 0xFF, 0xFF, 0xF8, 0x00, 0xF0, 0x01, 0xE0, 0x03, 0xC0, 0x07, 0x80,
    0x06, 0xFF, 0xFF, 0x7E, 0x0F, 0x83, 0xFC, 0x70, 0xE6, 0xF7, 0x6D, 0xBC, 0xFB, 0xCF, 0x36, 0xDB,
    0x6D, 0xF3, 0x8E, 0x3F, 0xC0, 0xF0, 0xFF, 0xFF, 0xDF, 0xC0, 0x3E, 0x3F, 0x9D, 0xFC, 0x7E, 0x3B,
    0x9D, 0xFC, 0x7C, 0x00, 0x00, 0x06, 0x00, 0x78, 0x03, 0xC0, 0x1E, 0x0F, 0xFF, 0x7F, 0xFF, 0xFF,
    0xC1, 0xE0, 0x0F, 0x00, 0x38, 0x00, 0x81, 0xFF, 0xEF, 0xFF, 0x7F, 0xF8, 0x00, 0xFB, 0xFE, 0x70,
    0xE3, 0x8E, 0x38, 0xFF, 0xFC, 0xFD, 0xF8, 0xF3, 0xC7, 0xCF, 0xC3, 0xFF, 0xFC, 0x60, 0x01, 0xDE,
    0xEE, 0x20, 0xE0, 0xFC, 0x1F, 0x83, 0xF0, 0x7E, 0x0F, 0xC1, 0xF8, 0x3F, 0x07, 0xE0, 0xFC, 0x3F,
    0xEF, 0xFF, 0xFF, 0xFF, 0xD8, 0x38, 0x07, 0x00, 0xE0, 0x00, 0x0F, 0xFC, 0xFF, 0xF7, 0xFF, 0xDF,
    0xF7, 0x7F, 0xDD, 0xFF, 0x77, 0xFD, 0xDF, 0xF7, 0x7F, 0xDC, 0xFF, 0x71, 0xFD, 0xC0, 0x37, 0x00,
    0xDC, 0x03, 0x70, 0x0D, 0xC0, 0x37, 0x01, 0xDC, 0x3F, 0x70, 0xFC, 0x01, 0xC0, 0x4E, 0xEE, 0x37,
    0xEE, 0xE0, 0x19, 0xF7, 0xDF, 0x1C, 0x71, 0xC7, 0x1C, 0x00, 0x3E, 0x3F, 0xBD, 0xDC, 0x7E, 0x3F,
    0x19, 0xFC, 0xFC, 0x08, 0x00, 0x63, 0x87, 0x38, 0x7B, 0xC3, 0x9E, 0x3C, 0xF1, 0xC7, 0x3C, 0xF3,
    0x9E, 0x7B, 0xC7, 0x38, 0x63, 0x80, 0x38, 0x06, 0x3E, 0x03, 0x8F, 0x81, 0xE3, 0xE0, 0x70, 0x38,
    0x38, 0x0E, 0x1E, 0x03, 0x87, 0x00, 0xE3, 0x80, 0x39, 0xE0, 0x00, 0x71, 0xC0, 0x38, 0x70, 0x1E,
    0x3C, 0x07, 0x1F, 0x03, 0x8E, 0xC1, 0xE7, 0xFC, 0x70, 0xFF, 0x38, 0x03, 0x0E, 0x00, 0xC0, 0x00,
    0x00, 0x38, 0x0C, 0x3E, 0x03, 0x8F, 0x81, 0xC3, 0xE0, 0xF0, 0x38, 0x38, 0x0E, 0x1C, 0x03, 0x8F,
    0x00, 0xE3, 0x80, 0x39, 0xC0, 0x00, 0xF3, 0xE0, 0x39, 0xFC, 0x1C, 0x77, 0x0F, 0x01, 0xC3, 0x80,
    0xE1, 0xC0, 0x70, 0xF0, 0x38, 0x38, 0x1F, 0xCC, 0x07, 0xF0, 0x00, 0x00, 0xFC, 0x06, 0x1F, 0x80,
    0xE0, 0xE0, 0x38, 0x3C, 0x0F, 0x0F, 0xC1, 0xC0, 0xFC, 0x70, 0x03, 0x9E, 0x07, 0xE3, 0x80, 0xFC,
    0xE0, 0x06, 0x3C, 0x70, 0x07, 0x1E, 0x01, 0xC7, 0xC0, 0x78, 0xF8, 0x0E, 0x3F, 0x03, 0x8F, 0xF0,
    0xF1, 0xFE, 0x1C, 0x03, 0x83, 0x00, 0x70, 0x00, 0x00, 0x00, 0x03, 0x00, 0x78, 0x07, 0x80, 0x38,
    0x00, 0x00, 0x30, 0x03, 0x80, 0x38, 0x1F, 0x83, 0xF8, 0x7C, 0x07, 0x00, 0x70, 0x0F, 0x00, 0x70,
    0x07, 0x87, 0x7F, 0xF3, 0xFE, 0x1F, 0xC0, 0x20, 0x0E, 0x00, 0x0F, 0x00, 0x07, 0x80, 0x01, 0x80,
    0x01, 0x80, 0x03, 0xC0, 0x03, 0xC0, 0x03, 0xE0, 0x07, 0xE0, 0x07, 0xE0, 0x0F, 0xF0, 0x0E, 0x70,
    0x1E, 0x78, 0x1C, 0x38, 0x1C, 0x38, 0x3F, 0xFC, 0x3F, 0xFC, 0x7F, 0xFE, 0x70, 0x0E, 0x70, 0x0F,
    0xE0, 0x07, 0xE0, 0x07, 0x00, 0x00, 0x00, 0x70, 0x00, 0xF0, 0x01, 0xF0, 0x01, 0xC0, 0x01, 0x80,
    0x03, 0xC0, 0x03, 0xC0, 0x03, 0xE0, 0x07, 0xE0, 0x07, 0xE0, 0x0F, 0xF0, 0x0E, 0x70, 0x1E, 0x78,
    0x1C, 0x38, 0x1C, 0x38, 0x3F, 0xFC, 0x3F, 0xFC, 0x7F, 0xFE, 0x70, 0x0E, 0x70, 0x0F, 0xE0, 0x07,
    0xE0, 0x07, 0x00, 0x00, 0x01, 0x80, 0x03, 0xC0, 0x07, 0xE0, 0x0F, 0x70, 0x04, 0x20, 0x01, 0x80,
    0x03, 0xC0, 0x03, 0xC0, 0x03, 0xE0, 0x07, 0xE0, 0x07, 0xE0, 0x0F, 0xF0, 0x0E, 0x70, 0x1E, 0x78,
    0x1C, 0x38, 0x1C, 0x38, 0x3F, 0xFC, 0x3F, 0xFC, 0x7F, 0xFE, 0x70, 0x0E, 0x70, 0x0F, 0xE0, 0x07,
    0xE0, 0x07, 0x00, 0x00, 0x06, 0x10, 0x0F, 0xB8, 0x1F, 0xF8, 0x1D, 0xF0, 0x08, 0x20, 0x01, 0x80,
    0x03, 0xC0, 0x03, 0xC0, 0x03, 0xE0, 0x07, 0xE0, 0x07, 0xE0, 0x0F, 0xF0, 0x0E, 0x70, 0x1E, 0x78,
    0x1C, 0x38, 0x1C, 0x38, 0x3F, 0xFC, 0x3F, 0xFC, 0x7F, 0xFE, 0x70, 0x0E, 0x70, 0x0F, 0xE0, 0x07,
    0xE0, 0x07, 0x00, 0x00, 0x0E, 0x70, 0x0E, 0x70, 0x0E, 0x70, 0x00, 0x00, 0x01, 0x80, 0x03, 0xC0,
    0x03, 0xC0, 0x03, 0xE0, 0x07, 0xE0, 0x07, 0xE0, 0x0F, 0xF0, 0x0E, 0x70, 0x1E, 0x78, 0x1C, 0x38,
    0x1C, 0x38, 0x3F, 0xFC, 0x3F, 0xFC, 0x7F, 0xFE, 0x70, 0x0E, 0x70, 0x0F, 0xE0, 0x07, 0xE0, 0x07,
    0x00, 0x00, 0x01, 0x80, 0x03, 0xE0, 0x07, 0xE0, 0x06, 0x60, 0x07, 0xE0, 0x03, 0xC0, 0x03, 0xC0,
    0x03, 0xE0, 0x07, 0xE0, 0x07, 0xE0, 0x0F, 0xF0, 0x0E, 0x70, 0x1E, 0x78, 0x1C, 0x38, 0x1C, 0x38,
    0x3F, 0xFC, 0x3F, 0xFC, 0x7F, 0xFE, 0x70, 0x0E, 0x70, 0x0F, 0xE0, 0x07, 0xE0, 0x07, 0x00, 0x00,
    0x00, 0x1F, 0xF8, 0x00, 0xFF, 0xF0, 0x07, 0xFF, 0x80, 0x1F, 0x00, 0x00, 0xFC, 0x00, 0x07, 0xF0,
    0x00, 0x1F, 0xC0, 0x00, 0xFF, 0x00, 0x07, 0xBF, 0xF0, 0x1C, 0xFF, 0xC0, 0xE3, 0xFF, 0x07, 0xFF,
    0x00, 0x3F, 0xFC, 0x00, 0xFF, 0xF0, 0x07, 0xFF, 0xC0, 0x3C, 0x0F, 0xFE, 0xE0, 0x3F, 0xFF, 0x80,
    0xFF, 0xF0, 0x00, 0x00, 0x00, 0x03, 0xF0, 0x1F, 0xF8, 0xFF, 0xF1, 0xF0, 0xE7, 0x80, 0x1E, 0x00,
    0x3C, 0x00, 0x70, 0x00, 0xE0, 0x01, 0xC0, 0x03, 0x80, 0x07, 0x00, 0x0F, 0x00, 0x0F, 0x00, 0x1F,
    0x02, 0x1F, 0xFE, 0x1F, 0xFC, 0x1F, 0xF0, 0x07, 0x00, 0x1C, 0x00, 0x38, 0x00, 0x60, 0x00, 0x38,
    0x03, 0xC0, 0x3E, 0x00, 0xE0, 0xFF, 0xEF, 0xFF, 0xFF, 0xEE, 0x00, 0xE0, 0x0E, 0x00, 0xE0, 0x0F,
    0xF8, 0xFF, 0xCF, 0xFC, 0xFF, 0x8E, 0x00, 0xE0, 0x0E, 0x00, 0xE0, 0x0F, 0xFE, 0xFF, 0xFF, 0xFE,
    0x01, 0xC0, 0x3C, 0x07, 0x80, 0x60, 0xFF, 0xEF, 0xFF, 0xFF, 0xEE, 0x00, 0xE0, 0x0E, 0x00, 0xE0,
    0x0F, 0xF8, 0xFF, 0xCF, 0xFC, 0xFF, 0x8E, 0x00, 0xE0, 0x0E, 0x00, 0xE0, 0x0F, 0xFE, 0xFF, 0xFF,
    0xFE, 0x06, 0x00, 0xF0, 0x1F, 0x83, 0xB8, 0x30, 0x8F, 0xFE, 0xFF, 0xFF, 0xFE, 0xE0, 0x0E, 0x00,
    0xE0, 0x0E, 0x00, 0xFF, 0x8F, 0xFC, 0xFF, 0xCF, 0xF8, 0xE0, 0x0E, 0x00, 0xE0, 0x0E, 0x00, 0xFF,
    0xEF, 0xFF, 0xFF, 0xE0, 0x39, 0xC3, 0xBC, 0x39, 0xC0, 0x00, 0xFF, 0xEF, 0xFF, 0xFF, 0xEE, 0x00,
    0xE0, 0x0E, 0x00, 0xE0, 0x0F, 0xF8, 0xFF, 0xCF, 0xFC, 0xFF, 0x8E, 0x00, 0xE0, 0x0E, 0x00, 0xE0,
    0x0F, 0xFE, 0xFF, 0xFF, 0xFE, 0xE3, 0xC7, 0x86, 0x18, 0x71, 0xC7, 0x1C, 0x71, 0xC7, 0x1C, 0x71,
    0xC7, 0x1C, 0x71, 0xC7, 0x1C, 0x70, 0x19, 0xFF, 0xB8, 0xC3, 0x8E, 0x38, 0xE3, 0x8E, 0x38, 0xE3,
    0x8E, 0x38, 0xE3, 0x8E, 0x38, 0xE3, 0x80, 0x18, 0x3E, 0x7E, 0x77, 0x43, 0x18, 0x1C, 0x1C, 0x1C,
    0x1C, 0x1C, 0x1C, 0x1C, 0x1C, 0x1C, 0x1C, 0x1C, 0x1C, 0x1C, 0x1C, 0x1C, 0x1C, 0x1C, 0x77, 0x7B,
    0xFD, 0xC0, 0x01, 0x80, 0xE0, 0x70, 0x38, 0x1C, 0x0E, 0x07, 0x03, 0x81, 0xC0, 0xE0, 0x70, 0x38,
    0x1C, 0x0E, 0x07, 0x03, 0x81, 0xC0, 0xE0, 0x3F, 0xF0, 0x1F, 0xFE, 0x0F, 0xFF, 0x87, 0x03, 0xE3,
    0x80, 0xF1, 0xC0, 0x3C, 0xE0, 0x1E, 0x70, 0x07, 0xFE, 0x03, 0xFF, 0x01, 0xFF, 0x80, 0xE7, 0x00,
    0x73, 0x80, 0x79, 0xC0, 0x38, 0xE0, 0x3C, 0x7F, 0xFC, 0x3F, 0xFC, 0x1F, 0xFC, 0x00, 0x0C, 0x20,
    0x3E, 0xE0, 0xFF, 0xC1, 0xCF, 0x01, 0x04, 0x18, 0x01, 0xB8, 0x03, 0xF8, 0x07, 0xF8, 0x0F, 0xF8,
    0x1F, 0xF0, 0x3F, 0xF0, 0x7E, 0xF0, 0xFC, 0xF1, 0xF9, 0xE3, 0xF1, 0xE7, 0xE1, 0xEF, 0xC1, 0xFF,
    0x83, 0xFF, 0x03, 0xFE, 0x03, 0xFC, 0x03, 0xF8, 0x07, 0x00, 0x0E, 0x00, 0x07, 0xC0, 0x01, 0xF0,
    0x00, 0x30, 0x00, 0x7F, 0x00, 0xFF, 0xE0, 0xFF, 0xF8, 0xFC, 0x3E, 0x78, 0x0F, 0x78, 0x03, 0xFC,
    0x01, 0xFC, 0x00, 0x7E, 0x00, 0x3F, 0x00, 0x1F, 0x80, 0x0F, 0xC0, 0x07, 0xF0, 0x07, 0xBC, 0x03,
    0x9F, 0x07, 0xC7, 0xFF, 0xC1, 0xFF, 0xC0, 0x7F, 0xC0, 0x07, 0x00, 0x00, 0x38, 0x00, 0x3C, 0x00,
    0x3C, 0x00, 0x18, 0x00, 0x7F, 0x00, 0xFF, 0xE0, 0xFF, 0xF8, 0xFC, 0x3E, 0x78, 0x0F, 0x78, 0x03,
    0xFC, 0x01, 0xFC, 0x00, 0x7E, 0x00, 0x3F, 0x00, 0x1F, 0x80, 0x0F, 0xC0, 0x07, 0xF0, 0x07, 0xBC,
    0x03, 0x9F, 0x07, 0xC7, 0xFF, 0xC1, 0xFF, 0xC0, 0x7F, 0xC0, 0x07, 0x00, 0x00, 0x80, 0x01, 0xF0,
    0x01, 0xFC, 0x00, 0xEE, 0x00, 0x41, 0x00, 0x3F, 0x80, 0x7F, 0xF0, 0x7F, 0xFC, 0x7E, 0x1F, 0x3C,
    0x07, 0xBC, 0x01, 0xFE, 0x00, 0xFE, 0x00, 0x3F, 0x00, 0x1F, 0x80, 0x0F, 0xC0, 0x07, 0xE0, 0x03,
    0xF8, 0x03, 0xDE, 0x01, 0xCF, 0x83, 0xE3, 0xFF, 0xE0, 0xFF, 0xE0, 0x3F, 0xE0, 0x03, 0x80, 0x03,
    0x18, 0x07, 0xEC, 0x03, 0xFE, 0x01, 0x9F, 0x00, 0x42, 0x00, 0x3F, 0x80, 0x7F, 0xF0, 0x7F, 0xFC,
    0x7E, 0x1F, 0x3C, 0x07, 0xBC, 0x01, 0xFE, 0x00, 0xFE, 0x00, 0x3F, 0x00, 0x1F, 0x80, 0x0F, 0xC0,
    0x07, 0xE0, 0x03, 0xF8, 0x03, 0xDE, 0x01, 0xCF, 0x83, 0xE3, 0xFF, 0xE0, 0xFF, 0xE0, 0x3F, 0xE0,
    0x03, 0x80, 0x07, 0x70, 0x07, 0xBC, 0x01, 0xDC, 0x00, 0x00, 0x00, 0x7F, 0x00, 0xFF, 0xE0, 0xFF,
    0xF8, 0xFC, 0x3E, 0x78, 0x0F, 0x78, 0x03, 0xFC, 0x01, 0xFC, 0x00, 0x7E, 0x00, 0x3F, 0x00, 0x1F,
    0x80, 0x0F, 0xC0, 0x07, 0xF0, 0x07, 0xBC, 0x03, 0x9F, 0x07, 0xC7, 0xFF, 0xC1, 0xFF, 0xC0, 0x7F,
    0xC0, 0x07, 0x00, 0xE1, 0xFC, 0xF7, 0xFC, 0xFE, 0x1F, 0x0F, 0xC7, 0xFB, 0xEF, 0xF1, 0xF8, 0x30,
    0x00, 0x01, 0x03, 0xF9, 0xC7, 0xFF, 0xE7, 0xFF, 0xE7, 0xE1, 0xF3, 0xC1, 0xFB, 0xC0, 0xFF, 0xE0,
    0xEF, 0xE0, 0xF3, 0xF0, 0xF1, 0xF8, 0xF0, 0xFC, 0x70, 0x7E, 0x70, 0x3F, 0xF8, 0x3D, 0xF8, 0x1C,
    0xF8, 0x3E, 0x7F, 0xFE, 0x3F, 0xFE, 0x3B, 0xFE, 0x1C, 0x38, 0x00, 0x1C, 0x00, 0x78, 0x00, 0xF0,
    0x00, 0xC0, 0xC0, 0x1B, 0x80, 0x7E, 0x01, 0xF8, 0x07, 0xE0, 0x1F, 0x80, 0x7E, 0x01, 0xF8, 0x07,
    0xE0, 0x1F, 0x80, 0x7E, 0x01, 0xF8, 0x07, 0xE0, 0x1F, 0xC0, 0xFF, 0x87, 0x9F, 0xFE, 0x3F, 0xF0,
    0x7F, 0x80, 0x20, 0x00, 0x00, 0xE0, 0x07, 0x80, 0x3C, 0x00, 0xC0, 0xC0, 0x1B, 0x80, 0x7E, 0x01,
    0xF8, 0x07, 0xE0, 0x1F, 0x80, 0x7E, 0x01, 0xF8, 0x07, 0xE0, 0x1F, 0x80, 0x7E, 0x01, 0xF8, 0x07,
    0xE0, 0x1F, 0xC0, 0xFF, 0x87, 0x9F, 0xFE, 0x3F, 0xF0, 0x7F, 0x80, 0x20, 0x00, 0x03, 0x00, 0x1E,
    0x00, 0xFC, 0x07, 0x78, 0x18, 0x43, 0x00, 0x6E, 0x01, 0xF8, 0x07, 0xE0, 0x1F, 0x80, 0x7E, 0x01,
    0xF8, 0x07, 0xE0, 0x1F, 0x80, 0x7E, 0x01, 0xF8, 0x07, 0xE0, 0x1F, 0x80, 0x7F, 0x03, 0xFE, 0x1E,
    0x7F, 0xF8, 0xFF, 0xC1, 0xFE, 0x00, 0x80, 0x1C, 0xE0, 0x73, 0x81, 0xCE, 0x00, 0x00, 0xC0, 0x1B,
    0x80, 0x7E, 0x01, 0xF8, 0x07, 0xE0, 0x1F, 0x80, 0x7E, 0x01, 0xF8, 0x07, 0xE0, 0x1F, 0x80, 0x7E,
    0x01, 0xF8, 0x07, 0xE0, 0x1F, 0xC0, 0xFF, 0x87, 0x9F, 0xFE, 0x3F, 0xF0, 0x7F, 0x80, 0x20, 0x00,
    0x00, 0xE0, 0x03, 0xC0, 0x0F, 0x80, 0x1C, 0x06, 0x00, 0xDE, 0x03, 0xFC, 0x0F, 0x3C, 0x1E, 0x3C,
    0x78, 0x7D, 0xE0, 0x7B, 0xC0, 0x7F, 0x00, 0x7C, 0x00, 0xF0, 0x00, 0xE0, 0x01, 0xC0, 0x03, 0x80,
    0x07, 0x00, 0x0E, 0x00, 0x1C, 0x00, 0x38, 0x00, 0x70, 0x00, 0xC0, 0x0E, 0x00, 0xE0, 0x0E, 0x00,
    0xFF, 0xCF, 0xFE, 0xFF, 0xFE, 0x0F, 0xE0, 0x7E, 0x07, 0xE0, 0x7E, 0x0F, 0xFF, 0xEF, 0xFE, 0xFF,
    0x8E, 0x00, 0xE0, 0x0E, 0x00, 0xE0, 0x00, 0x01, 0xC0, 0x07, 0xF0, 0x0F, 0xF8, 0x1E, 0x3C, 0x1C,
    0x1C, 0x1C, 0x1C, 0x7C, 0x38, 0xFC, 0xF0, 0x7C, 0xF8, 0x3C, 0xFC, 0x3C, 0x3E, 0x3C, 0x0E, 0x3C,
    0x0F, 0x3C, 0x0F, 0x3C, 0x0F, 0x3C, 0x0E, 0x3D, 0x9E, 0x3F, 0xFC, 0x19, 0xF8, 0x00, 0x60, 0x1C,
    0x00, 0xF0, 0x03, 0xC0, 0x0E, 0x00, 0xF1, 0x1F, 0xFD, 0xFF, 0xEF, 0x1F, 0xF0, 0x7F, 0x01, 0xF8,
    0x0F, 0xC0, 0x7E, 0x03, 0xF0, 0x1F, 0xC1, 0xEF, 0xBF, 0x3F, 0xF8, 0xFD, 0xC1, 0x80, 0x00, 0x00,
    0x0E, 0x00, 0x70, 0x07, 0x00, 0x30, 0x07, 0x88, 0xFF, 0xEF, 0xFF, 0x78, 0xFF, 0x83, 0xF8, 0x0F,
    0xC0, 0x7E, 0x03, 0xF0, 0x1F, 0x80, 0xFE, 0x0F, 0x7D, 0xF9, 0xFF, 0xC7, 0xEE, 0x0C, 0x00, 0x07,
    0x00, 0x7C, 0x03, 0xF0, 0x3B, 0x80, 0x00, 0x07, 0x88, 0xFF, 0xEF, 0xFF, 0x78, 0xFF, 0x83, 0xF8,
    0x0F, 0xC0, 0x7E, 0x03, 0xF0, 0x1F, 0x80, 0xFE, 0x0F, 0x7D, 0xF9, 0xFF, 0xC7, 0xEE, 0x0C, 0x00,
    0x0C, 0x61, 0xFB, 0x0F, 0xF8, 0x67, 0xC1, 0x08, 0x07, 0x88, 0xFF, 0xEF, 0xFF, 0x78, 0xFF, 0x83,
    0xF8, 0x0F, 0xC0, 0x7E, 0x03, 0xF0, 0x1F, 0x80, 0xFE, 0x0F, 0x7D, 0xF9, 0xFF, 0xC7, 0xEE, 0x0C,
    0x00, 0x1C, 0xC1, 0xEF, 0x07, 0x78, 0x00, 0x00, 0xF1, 0x1F, 0xFD, 0xFF, 0xEF, 0x1F, 0xF0, 0x7F,
    0x01, 0xF8, 0x0F, 0xC0, 0x7E, 0x03, 0xF0, 0x1F, 0xC1, 0xEF, 0xBF, 0x3F, 0xF8, 0xFD, 0xC1, 0x80,
    0x07, 0x00, 0x7C, 0x03, 0x70, 0x1B, 0x80, 0xF8, 0x03, 0xC0, 0x3C, 0x47, 0xFF, 0x7F, 0xFB, 0xC7,
    0xFC, 0x1F, 0xC0, 0x7E, 0x03, 0xF0, 0x1F, 0x80, 0xFC, 0x07, 0xF0, 0x7B, 0xEF, 0xCF, 0xFE, 0x3F,
    0x70, 0x60, 0x00, 0x0F, 0x07, 0x81, 0xFE, 0xFF, 0x1F, 0xFF, 0xFD, 0xE3, 0xF1, 0xEE, 0x0F, 0x07,
    0x80, 0x78, 0x1C, 0xFF, 0xFF, 0xEF, 0xFF, 0xFF, 0xF8, 0xF0, 0x07, 0x07, 0x80, 0x38, 0x3C, 0x0D,
    0xE7, 0xF9, 0xFF, 0xFB, 0xFF, 0x3F, 0x8F, 0xF0, 0x30, 0x0E, 0x00, 0x0F, 0x83, 0xFE, 0x7F, 0xF7,
    0x8E, 0xF0, 0x0E, 0x00, 0xE0, 0x0E, 0x00, 0xE0, 0x0E, 0x00, 0xF0, 0x07, 0xCF, 0x3F, 0xF1, 0xFE,
    0x07, 0x00, 0xE0, 0x1E, 0x00, 0xC0, 0x38, 0x01, 0xE0, 0x07, 0x80, 0x0C, 0x00, 0xF0, 0x1F, 0xE1,
    0xFF, 0x8F, 0x1E, 0xF0, 0x77, 0x03, 0xFF, 0xFF, 0xFF, 0xFE, 0x00, 0x70, 0x03, 0xC0, 0xCF, 0x9E,
    0x3F, 0xF0, 0xFF, 0x01, 0xC0, 0x00, 0x00, 0x0E, 0x00, 0xF0, 0x07, 0x00, 0x70, 0x07, 0x80, 0xFF,
    0x0F, 0xFC, 0x78, 0xF7, 0x83, 0xB8, 0x1F, 0xFF, 0xFF, 0xFF, 0xF0, 0x03, 0x80, 0x1E, 0x06, 0x7C,
    0xF1, 0xFF, 0x87, 0xF8, 0x0E, 0x00, 0x07, 0x00, 0x7C, 0x07, 0xE0, 0x33, 0x80, 0x00, 0x07, 0x80,
    0xFF, 0x0F, 0xFC, 0x78, 0xF7, 0x83, 0xB8, 0x1F, 0xFF, 0xFF, 0xFF, 0xF0, 0x03, 0x80, 0x1E, 0x06,
    0x7C, 0xF1, 0xFF, 0x87, 0xF8, 0x0E, 0x00, 0x39, 0xC1, 0xEE, 0x0E, 0x70, 0x00, 0x00, 0xF0, 0x1F,
    0xE1, 0xFF, 0x8F, 0x1E, 0xF0, 0x77, 0x03, 0xFF, 0xFF, 0xFF, 0xFE, 0x00, 0x70, 0x03, 0xC0, 0xCF,
    0x9E, 0x3F, 0xF0, 0xFF, 0x01, 0xC0, 0xE3, 0xC7, 0x8E, 0x10, 0xE3, 0x8E, 0x38, 0xE3, 0x8E, 0x38,
    0xE3, 0x8E, 0x38, 0xE0, 0x00, 0x63, 0x9E, 0x71, 0x8E, 0x38, 0xE3, 0x8E, 0x38, 0xE3, 0x8E, 0x38,
    0xE3, 0x8E, 0x00, 0x18, 0x3C, 0x7E, 0xE6, 0x00, 0x10, 0x38, 0x38, 0x38, 0x38, 0x38, 0x38, 0x38,
    0x38, 0x38, 0x38, 0x38, 0x38, 0x38, 0xE7, 0xE7, 0xE7, 0x00, 0x10, 0x38, 0x38, 0x38, 0x38, 0x38,
    0x38, 0x38, 0x38, 0x38, 0x38, 0x38, 0x38, 0x38, 0x1C, 0x00, 0xF8, 0x07, 0xFC, 0x1F, 0xE3, 0xFE,
    0x1F, 0x70, 0x7F, 0xC7, 0xFE, 0x7F, 0xF7, 0x87, 0xF8, 0x1F, 0xC0, 0xFE, 0x03, 0xF0, 0x3F, 0x81,
    0xFE, 0x1E, 0x7F, 0xF1, 0xFF, 0x07, 0xF0, 0x0C, 0x00, 0x0C, 0x61, 0xFB, 0x0F, 0xF8, 0x77, 0xC1,
    0x08, 0x01, 0xE1, 0xBF, 0x9F, 0xFE, 0xF8, 0xF7, 0x83, 0xBC, 0x1D, 0xE0, 0xEF, 0x07, 0x78, 0x3B,
    0xC1, 0xDE, 0x0E, 0xF0, 0x77, 0x83, 0x98, 0x1C, 0x1C, 0x00, 0x78, 0x00, 0xF0, 0x01, 0xC0, 0x07,
    0x80, 0x7F, 0x83, 0xFF, 0x1E, 0x3E, 0xF0, 0x7B, 0x80, 0xEE, 0x03, 0xF8, 0x0F, 0xE0, 0x3F, 0x80,
    0xEF, 0x07, 0x9F, 0x7E, 0x3F, 0xF0, 0x7F, 0x80, 0x70, 0x00, 0x00, 0x00, 0x07, 0x00, 0x1C, 0x00,
    0xF0, 0x03, 0x80, 0x0C, 0x00, 0x78, 0x07, 0xF8, 0x3F, 0xF1, 0xE3, 0xEF, 0x07, 0xB8, 0x0E, 0xE0,
    0x3F, 0x80, 0xFE, 0x03, 0xF8, 0x0E, 0xF0, 0x79, 0xF7, 0xE3, 0xFF, 0x07, 0xF8, 0x07, 0x00, 0x03,
    0x00, 0x1E, 0x00, 0xFC, 0x07, 0x30, 0x00, 0x00, 0x1E, 0x01, 0xFE, 0x0F, 0xFC, 0x78, 0xFB, 0xC1,
    0xEE, 0x03, 0xB8, 0x0F, 0xE0, 0x3F, 0x80, 0xFE, 0x03, 0xBC, 0x1E, 0x7D, 0xF8, 0xFF, 0xC1, 0xFE,
    0x01, 0xC0, 0x0C, 0x60, 0xFD, 0x83, 0xFE, 0x0E, 0xF8, 0x10, 0x80, 0x1E, 0x01, 0xFE, 0x0F, 0xFC,
    0x78, 0xFB, 0xC1, 0xEE, 0x03, 0xB8, 0x0F, 0xE0, 0x3F, 0x80, 0xFE, 0x03, 0xBC, 0x1E, 0x7D, 0xF8,
    0xFF, 0xC1, 0xFE, 0x01, 0xC0, 0x1C, 0xE0, 0x77, 0x81, 0xCE, 0x00, 0x00, 0x07, 0x80, 0x7F, 0x83,
    0xFF, 0x1E, 0x3E, 0xF0, 0x7B, 0x80, 0xEE, 0x03, 0xF8, 0x0F, 0xE0, 0x3F, 0x80, 0xEF, 0x07, 0x9F,
    0x7E, 0x3F, 0xF0, 0x7F, 0x80, 0x70, 0x00, 0x02, 0x00, 0x38, 0x03, 0xC0, 0x0E, 0x00, 0x00, 0x3F,
    0xFB, 0xFF, 0xFF, 0xFF, 0x00, 0x00, 0x38, 0x01, 0xC0, 0x1E, 0x00, 0x70, 0x00, 0x07, 0x98, 0x7F,
    0xE3, 0xFF, 0x9E, 0x3E, 0xF1, 0xFB, 0x8F, 0xEE, 0x3B, 0xF9, 0xCF, 0xEF, 0x3F, 0xF8, 0xEF, 0xC7,
    0x9F, 0x7E, 0xFF, 0xF3, 0xFF, 0x84, 0x70, 0x00, 0x38, 0x03, 0xC0, 0x1E, 0x00, 0x60, 0x00, 0x06,
    0x07, 0xF0, 0x7F, 0x07, 0xF0, 0x7F, 0x07, 0xF0, 0x7F, 0x07, 0xF0, 0x7F, 0x07, 0x70, 0x77, 0xDF,
    0x3F, 0xE1, 0xFC, 0x06, 0x00, 0x00, 0x00, 0x1C, 0x03, 0xC0, 0x38, 0x07, 0x00, 0x20, 0x60, 0x7F,
    0x07, 0xF0, 0x7F, 0x07, 0xF0, 0x7F, 0x07, 0xF0, 0x7F, 0x07, 0xF0, 0x77, 0x07, 0x7D, 0xF3, 0xFE,
    0x1F, 0xC0, 0x60, 0x07, 0x00, 0xF8, 0x1F, 0x81, 0x9C, 0x00, 0x00, 0x00, 0x60, 0x7F, 0x07, 0xF0,
    0x7F, 0x07, 0xF0, 0x7F, 0x07, 0xF0, 0x7F, 0x07, 0xF0, 0x77, 0x07, 0x7D, 0xF3, 0xFE, 0x1F, 0xC0,
    0x60, 0x39, 0xC3, 0xDC, 0x39, 0xC0, 0x00, 0x00, 0x06, 0x07, 0xF0, 0x7F, 0x07, 0xF0, 0x7F, 0x07,
    0xF0, 0x7F, 0x07, 0xF0, 0x7F, 0x07, 0x70, 0x77, 0xDF, 0x3F, 0xE1, 0xFC, 0x06, 0x00, 0x00, 0x00,
    0x1C, 0x03, 0xC0, 0x38, 0x07, 0x06, 0x22, 0xF0, 0x7F, 0x07, 0xF0, 0x7F, 0x07, 0xF0, 0x7F, 0x07,
    0xF0, 0x7F, 0x07, 0xF0, 0x7F, 0x0F, 0x79, 0xF7, 0xFF, 0x3F, 0xF0, 0xC7, 0x00, 0xF7, 0xFE, 0x7F,
    0xC3, 0xF8, 0x60, 0x03, 0xC0, 0x0F, 0x00, 0x3C, 0x00, 0xF0, 0x03, 0xCE, 0x0F, 0xFE, 0x3F, 0xFC,
    0xFC, 0xFB, 0xC0, 0xEF, 0x03, 0xFC, 0x07, 0xF0, 0x1F, 0xC0, 0x7F, 0x03, 0xFE, 0x0E, 0xFE, 0xFB,
    0xFF, 0xCF, 0xFE, 0x3C, 0xC0, 0xF0, 0x03, 0xC0, 0x0F, 0x00, 0x18, 0x00, 0x39, 0xC3, 0xDC, 0x39,
    0xC0, 0x00, 0x60, 0x2F, 0x07, 0xF0, 0x7F, 0x07, 0xF0, 0x7F, 0x07, 0xF0, 0x7F, 0x07, 0xF0, 0x7F,
    0x07, 0xF0, 0xF7, 0x9F, 0x7F, 0xF3, 0xFF, 0x0C, 0x70, 0x0F, 0x7F, 0xE7, 0xFC, 0x3F, 0x80, 0x0F,
    0xF0, 0x0F, 0xF8, 0x0F, 0xF0, 0x01, 0x80, 0x03, 0xC0, 0x03, 0xC0, 0x03, 0xE0, 0x07, 0xE0, 0x07,
    0xE0, 0x0F, 0xF0, 0x0E, 0x70, 0x1E, 0x78, 0x1C, 0x38, 0x1C, 0x38, 0x3F, 0xFC, 0x3F, 0xFC, 0x7F,
    0xFE, 0x70, 0x0E, 0x70, 0x0F, 0xE0, 0x07, 0xE0, 0x07, 0x00, 0x00, 0x3F, 0xE1, 0xFF, 0x07, 0xF0,
    0x1E, 0x23, 0xFF, 0xBF, 0xFD, 0xE3, 0xFE, 0x0F, 0xE0, 0x3F, 0x01, 0xF8, 0x0F, 0xC0, 0x7E, 0x03,
    0xF8, 0x3D, 0xF7, 0xE7, 0xFF, 0x1F, 0xB8, 0x30, 0x00, 0x00, 0x00, 0x0E, 0x30, 0x0F, 0xF0, 0x07,
    0xE0, 0x01, 0xC0, 0x01, 0x80, 0x03, 0xC0, 0x03, 0xC0, 0x03, 0xE0, 0x07, 0xE0, 0x07, 0xE0, 0x0F,
    0xF0, 0x0E, 0x70, 0x1E, 0x78, 0x1C, 0x38, 0x1C, 0x38, 0x3F, 0xFC, 0x3F, 0xFC, 0x7F, 0xFE, 0x70,
    0x0E, 0x70, 0x0F, 0xE0, 0x07, 0xE0, 0x07, 0x00, 0x00, 0x18, 0xE1, 0xE7, 0x07, 0xF0, 0x1F, 0x00,
    0xF1, 0x1F, 0xFD, 0xFF, 0xEF, 0x1F, 0xF0, 0x7F, 0x01, 0xF8, 0x0F, 0xC0, 0x7E, 0x03, 0xF0, 0x1F,
    0xC1, 0xEF, 0xBF, 0x3F, 0xF8, 0xFD, 0xC1, 0x80, 0x01, 0x80, 0x01, 0xE0, 0x00, 0xF0, 0x00, 0x7C,
    0x00, 0x7E, 0x00, 0x3F, 0x00, 0x3F, 0xC0, 0x1C, 0xE0, 0x1E, 0x78, 0x0E, 0x1C, 0x07, 0x0E, 0x07,
    0xFF, 0x83, 0xFF, 0xC3, 0xFF, 0xF1, 0xC0, 0x38, 0xE0, 0x1E, 0xE0, 0x07, 0x70, 0x07, 0x80, 0x07,
    0x80, 0x07, 0x00, 0x03, 0xB0, 0x01, 0xF8, 0x00, 0x7C, 0x00, 0x00, 0x0F, 0x10, 0xFF, 0xE7, 0xFF,
    0x9E, 0x3E, 0xF0, 0x7B, 0x80, 0xEE, 0x03, 0xB8, 0x0E, 0xE0, 0x3B, 0x80, 0xEF, 0x07, 0x9F, 0x7E,
    0x3F, 0xF8, 0x7F, 0xE0, 0x6F, 0x00, 0x70, 0x01, 0xD8, 0x07, 0xE0, 0x0F, 0x80, 0x08, 0x00, 0x30,
    0x01, 0xE0, 0x07, 0xC0, 0x0E, 0x00, 0x3F, 0x01, 0xFF, 0x8F, 0xFF, 0x1F, 0x0E, 0x78, 0x01, 0xE0,
    0x03, 0xC0, 0x07, 0x00, 0x0E, 0x00, 0x1C, 0x00, 0x38, 0x00, 0x70, 0x00, 0xF0, 0x00, 0xF0, 0x01,
    0xF0, 0x21, 0xFF, 0xE1, 0xFF, 0xC1, 0xFF, 0x00, 0x70, 0x00, 0x00, 0x00, 0x1C, 0x01, 0xC0, 0x38,
    0x03, 0x00, 0xF8, 0x3F, 0xE7, 0xFF, 0x78, 0xEF, 0x00, 0xE0, 0x0E, 0x00, 0xE0, 0x0E, 0x00, 0xE0,
    0x0F, 0x00, 0x7C, 0xF3, 0xFF, 0x1F, 0xE0, 0x70, 0x01, 0x80, 0x07, 0x80, 0x1F, 0x80, 0x3B, 0x80,
    0x43, 0x00, 0x7E, 0x03, 0xFF, 0x1F, 0xFE, 0x3E, 0x1C, 0xF0, 0x03, 0xC0, 0x07, 0x80, 0x0E, 0x00,
    0x1C, 0x00, 0x38, 0x00, 0x70, 0x00, 0xE0, 0x01, 0xE0, 0x01, 0xE0, 0x03, 0xE0, 0x43, 0xFF, 0xC3,
    0xFF, 0x83, 0xFE, 0x00, 0xE0, 0x07, 0x00, 0xF8, 0x0F, 0xC1, 0xDC, 0x00, 0x00, 0xF8, 0x3F, 0xE7,
    0xFF, 0x78, 0xEF, 0x00, 0xE0, 0x0E, 0x00, 0xE0, 0x0E, 0x00, 0xE0, 0x0F, 0x00, 0x7C, 0xF3, 0xFF,
    0x1F, 0xE0, 0x70, 0x01, 0x80, 0x07, 0x80, 0x0F, 0x00, 0x0C, 0x00, 0x3F, 0x01, 0xFF, 0x8F, 0xFF,
    0x1F, 0x0E, 0x78, 0x01, 0xE0, 0x03, 0xC0, 0x07, 0x00, 0x0E, 0x00, 0x1C, 0x00, 0x38, 0x00, 0x70,
    0x00, 0xF0, 0x00, 0xF0, 0x01, 0xF0, 0x21, 0xFF, 0xE1, 0xFF, 0xC1, 0xFF, 0x00, 0x70, 0x00, 0x07,
    0x00, 0x70, 0x07, 0x00, 0x00, 0x0F, 0x83, 0xFE, 0x7F, 0xF7, 0x8E, 0xF0, 0x0E, 0x00, 0xE0, 0x0E,
    0x00, 0xE0, 0x0E, 0x00, 0xF0, 0x07, 0xCF, 0x3F, 0xF1, 0xFE, 0x07, 0x00, 0x06, 0x70, 0x0F, 0xE0,
    0x0F, 0x80, 0x0E, 0x00, 0x3F, 0x01, 0xFF, 0x8F, 0xFF, 0x1F, 0x0E, 0x78, 0x01, 0xE0, 0x03, 0xC0,
    0x07, 0x00, 0x0E, 0x00, 0x1C, 0x00, 0x38, 0x00, 0x70, 0x00, 0xF0, 0x00, 0xF0, 0x01, 0xF0, 0x21,
    0xFF, 0xE1, 0xFF, 0xC1, 0xFF, 0x00, 0x70, 0x00, 0x00, 0x41, 0xDC, 0x1F, 0xC0, 0xF8, 0x03, 0x00,
    0xF8, 0x3F, 0xE7, 0xFF, 0x78, 0xEF, 0x00, 0xE0, 0x0E, 0x00, 0xE0, 0x0E, 0x00, 0xE0, 0x0F, 0x00,
    0x7C, 0xF3, 0xFF, 0x1F, 0xE0, 0x70, 0x39, 0xC0, 0x7F, 0x00, 0x7C, 0x00, 0x70, 0x0F, 0xFC, 0x1F,
    0xFE, 0x3F, 0xFE, 0x70, 0x3E, 0xE0, 0x3D, 0xC0, 0x3F, 0x80, 0x7F, 0x00, 0x7E, 0x00, 0xFC, 0x01,
    0xF8, 0x03, 0xF0, 0x07, 0xE0, 0x1F, 0xC0, 0x3B, 0x80, 0xF7, 0xFF, 0xCF, 0xFF, 0x1F, 0xFC, 0x00,
    0x00, 0x1B, 0x80, 0x0F, 0xF0, 0x03, 0xBC, 0x00, 0xE7, 0x00, 0x3B, 0xC3, 0xCE, 0xE3, 0xFF, 0x81,
    0xFF, 0xE0, 0x78, 0xF8, 0x3C, 0x1E, 0x0E, 0x03, 0x83, 0x80, 0xE0, 0xE0, 0x38, 0x38, 0x0E, 0x0E,
    0x03, 0x83, 0xC1, 0xE0, 0x7D, 0xF8, 0x0F, 0xFE, 0x01, 0xFB, 0x80, 0x18, 0x00, 0x3F, 0xF0, 0x1F,
    0xFE, 0x0F, 0xFF, 0x87, 0x03, 0xE3, 0x80, 0xF1, 0xC0, 0x3C, 0xE0, 0x1E, 0x70, 0x07, 0xFE, 0x03,
    0xFF, 0x01, 0xFF, 0x80, 0xE7, 0x00, 0x73, 0x80, 0x79, 0xC0, 0x38, 0xE0, 0x3C, 0x7F, 0xFC, 0x3F,
    0xFC, 0x1F, 0xFC, 0x00, 0x00, 0x18, 0x00, 0x70, 0x03, 0xF0, 0x0F, 0xF0, 0x0F, 0xE1, 0xE7, 0x0F,
    0xFE, 0x3F, 0xFC, 0x78, 0xF9, 0xE0, 0xF3, 0x80, 0xE7, 0x01, 0xCE, 0x03, 0x9C, 0x07, 0x38, 0x0E,
    0x78, 0x3C, 0x7D, 0xF8, 0x7F, 0xF0, 0x7E, 0xE0, 0x30, 0x00, 0x3F, 0xC7, 0xFC, 0x3F, 0x8F, 0xFE,
    0xFF, 0xFF, 0xFE, 0xE0, 0x0E, 0x00, 0xE0, 0x0E, 0x00, 0xFF, 0x8F, 0xFC, 0xFF, 0xCF, 0xF8, 0xE0,
    0x0E, 0x00, 0xE0, 0x0E, 0x00, 0xFF, 0xEF, 0xFF, 0xFF, 0xE0, 0x3F, 0xC1, 0xFF, 0x07, 0xF0, 0x1E,
    0x03, 0xFC, 0x3F, 0xF1, 0xE3, 0xDE, 0x0E, 0xE0, 0x7F, 0xFF, 0xFF, 0xFF, 0xC0, 0x0E, 0x00, 0x78,
    0x19, 0xF3, 0xC7, 0xFE, 0x1F, 0xE0, 0x38, 0x00, 0x00, 0x03, 0x1C, 0x3F, 0xC1, 0xF8, 0x0E, 0x0F,
    0xFE, 0xFF, 0xFF, 0xFE, 0xE0, 0x0E, 0x00, 0xE0, 0x0E, 0x00, 0xFF, 0x8F, 0xFC, 0xFF, 0xCF, 0xF8,
    0xE0, 0x0E, 0x00, 0xE0, 0x0E, 0x00, 0xFF, 0xEF, 0xFF, 0xFF, 0xE0, 0x30, 0xC1, 0xCE, 0x07, 0xF0,
    0x1F, 0x00, 0xF0, 0x1F, 0xE1, 0xFF, 0x8F, 0x1E, 0xF0, 0x77, 0x03, 0xFF, 0xFF, 0xFF, 0xFE, 0x00,
    0x70, 0x03, 0xC0, 0xCF, 0x9E, 0x3F, 0xF0, 0xFF, 0x01, 0xC0, 0x06, 0x00, 0xE0, 0x0E, 0x00, 0x40,
    0xFF, 0xEF, 0xFF, 0xFF, 0xEE, 0x00, 0xE0, 0x0E, 0x00, 0xE0, 0x0F, 0xF8, 0xFF, 0xCF, 0xFC, 0xFF,
    0x8E, 0x00, 0xE0, 0x0E, 0x00, 0xE0, 0x0F, 0xFE, 0xFF, 0xFF, 0xFE, 0x07, 0x00, 0x38, 0x01, 0xC0,
    0x00, 0x00, 0xF0, 0x1F, 0xE1, 0xFF, 0x8F, 0x1E, 0xF0, 0x77, 0x03, 0xFF, 0xFF, 0xFF, 0xFE, 0x00,
    0x70, 0x03, 0xC0, 0xCF, 0x9E, 0x3F, 0xF0, 0xFF, 0x01, 0xC0, 0xFF, 0xEF, 0xFF, 0xFF, 0xEE, 0x00,
    0xE0, 0x0E, 0x00, 0xE0, 0x0F, 0xF8, 0xFF, 0xCF, 0xFC, 0xFF, 0x8E, 0x00, 0xE0, 0x0E, 0x00, 0xE0,
    0x0F, 0xFE, 0xFF, 0xFF, 0xFE, 0x03, 0xC0, 0x70, 0x07, 0x60, 0x7E, 0x03, 0xE0, 0x00, 0x0F, 0x01,
    0xFE, 0x1F, 0xF8, 0xF1, 0xEF, 0x07, 0x70, 0x3F, 0xFF, 0xFF, 0xFF, 0xE0, 0x07, 0x00, 0x3C, 0x0C,
    0xF9, 0xE3, 0xFF, 0x0F, 0xF0, 0x1F, 0x00, 0x70, 0x03, 0xB0, 0x1F, 0x80, 0x7C, 0x00, 0x00, 0x39,
    0xC3, 0xF8, 0x1F, 0x00, 0xE0, 0xFF, 0xEF, 0xFF, 0xFF, 0xEE, 0x00, 0xE0, 0x0E, 0x00, 0xE0, 0x0F,
    0xF8, 0xFF, 0xCF, 0xFC, 0xFF, 0x8E, 0x00, 0xE0, 0x0E, 0x00, 0xE0, 0x0F, 0xFE, 0xFF, 0xFF, 0xFE,
    0x10, 0x80, 0xEE, 0x07, 0xE0, 0x1E, 0x00, 0x60, 0x07, 0x80, 0xFF, 0x0F, 0xFC, 0x78, 0xF7, 0x83,
    0xB8, 0x1F, 0xFF, 0xFF, 0xFF, 0xF0, 0x03, 0x80, 0x1E, 0x06, 0x7C, 0xF1, 0xFF, 0x87, 0xF8, 0x0E,
    0x00, 0x00, 0xC0, 0x03, 0xE0, 0x03, 0xF0, 0x07, 0x70, 0x06, 0x10, 0x03, 0xF8, 0x0F, 0xFC, 0x1F,
    0xFE, 0x3E, 0x1C, 0x78, 0x00, 0xF0, 0x00, 0xF0, 0x00, 0xE0, 0x00, 0xE0, 0x7C, 0xE0, 0xFE, 0xE0,
    0xFF, 0xF0, 0x7F, 0xF0, 0x0F, 0x78, 0x0F, 0x7C, 0x0F, 0x3F, 0xFF, 0x1F, 0xFE, 0x07, 0xFC, 0x00,
    0xE0, 0x03, 0x00, 0x1E, 0x00, 0xFC, 0x07, 0x38, 0x00, 0x00, 0x3C, 0x63, 0xFF, 0x9F, 0xFE, 0x78,
    0xFB, 0xC1, 0xEE, 0x03, 0xB8, 0x0E, 0xE0, 0x3B, 0x80, 0xEE, 0x03, 0xBC, 0x1E, 0x7D, 0xF8, 0xFF,
    0xE1, 0xFF, 0x81, 0x8E, 0x20, 0x79, 0xFF, 0xE7, 0xFF, 0x07, 0xF0, 0x04, 0x00, 0x0E, 0x38, 0x07,
    0xF8, 0x07, 0xF0, 0x01, 0xC0, 0x03, 0xF8, 0x0F, 0xFC, 0x1F, 0xFE, 0x3E, 0x1C, 0x78, 0x00, 0xF0,
    0x00, 0xF0, 0x00, 0xE0, 0x00, 0xE0, 0x7C, 0xE0, 0xFE, 0xE0, 0xFF, 0xF0, 0x7F, 0xF0, 0x0F, 0x78,
    0x0F, 0x7C, 0x0F, 0x3F, 0xFF, 0x1F, 0xFE, 0x07, 0xFC, 0x00, 0xE0, 0x18, 0x60, 0x73, 0x81, 0xFE,
    0x03, 0xF0, 0x0F, 0x18, 0xFF, 0xE7, 0xFF, 0x9E, 0x3E, 0xF0, 0x7B, 0x80, 0xEE, 0x03, 0xB8, 0x0E,
    0xE0, 0x3B, 0x80, 0xEF, 0x07, 0x9F, 0x7E, 0x3F, 0xF8, 0x7F, 0xE0, 0x63, 0x88, 0x1E, 0x7F, 0xF9,
    0xFF, 0xC1, 0xFC, 0x00, 0x01, 0xC0, 0x01, 0xC0, 0x01, 0xC0, 0x00, 0x80, 0x03, 0xF8, 0x0F, 0xFC,
    0x1F, 0xFE, 0x3E, 0x1C, 0x78, 0x00, 0xF0, 0x00, 0xF0, 0x00, 0xE0, 0x00, 0xE0, 0x7C, 0xE0, 0xFE,
    0xE0, 0xFF, 0xF0, 0x7F, 0xF0, 0x0F, 0x78, 0x0F, 0x7C, 0x0F, 0x3F, 0xFF, 0x1F, 0xFE, 0x07, 0xFC,
    0x00, 0xE0, 0x03, 0x00, 0x1E, 0x00, 0x78, 0x00, 0x00, 0x0F, 0x18, 0xFF, 0xE7, 0xFF, 0x9E, 0x3E,
    0xF0, 0x7B, 0x80, 0xEE, 0x03, 0xB8, 0x0E, 0xE0, 0x3B, 0x80, 0xEF, 0x07, 0x9F, 0x7E, 0x3F, 0xF8,
    0x7F, 0xE0, 0x63, 0x88, 0x1E, 0x7F, 0xF9, 0xFF, 0xC1, 0xFC, 0x00, 0x03, 0xF8, 0x0F, 0xFC, 0x1F,
    0xFE, 0x3E, 0x1C, 0x78, 0x00, 0xF0, 0x00, 0xF0, 0x00, 0xE0, 0x00, 0xE0, 0x7C, 0xE0, 0xFE, 0xE0,
    0xFF, 0xF0, 0x7F, 0xF0, 0x0F, 0x78, 0x0F, 0x7C, 0x0F, 0x3F, 0xFF, 0x1F, 0xFE, 0x07, 0xFC, 0x00,
    0xE0, 0x01, 0xE0, 0x01, 0xE0, 0x01, 0xE0, 0x01, 0xC0, 0x01, 0x00, 0x0E, 0x00, 0x70, 0x01, 0x80,
    0x07, 0x80, 0x1E, 0x00, 0x30, 0x03, 0xC6, 0x3F, 0xF9, 0xFF, 0xE7, 0x8F, 0xBC, 0x1E, 0xE0, 0x3B,
    0x80, 0xEE, 0x03, 0xB8, 0x0E, 0xE0, 0x3B, 0xC1, 0xE7, 0xDF, 0x8F, 0xFE, 0x1F, 0xF8, 0x18, 0xE2,
    0x07, 0x9F, 0xFE, 0x7F, 0xF0, 0x7F, 0x00, 0x03, 0x00, 0x1E, 0x00, 0xFC, 0x07, 0xF8, 0x08, 0x43,
    0x00, 0x3E, 0x01, 0xF8, 0x07, 0xE0, 0x1F, 0x80, 0x7E, 0x01, 0xF8, 0x07, 0xE0, 0x1F, 0xFF, 0xFF,
    0xFF, 0xFF, 0xFF, 0xE0, 0x1F, 0x80, 0x7E, 0x01, 0xF8, 0x07, 0xE0, 0x1F, 0x80, 0x7E, 0x01, 0xC0,
    0x18, 0x00, 0xF0, 0x07, 0xE0, 0x3B, 0xC0, 0x42, 0x00, 0x60, 0x03, 0xC0, 0x0F, 0x00, 0x3C, 0x00,
    0xF0, 0x03, 0xCE, 0x0F, 0xFE, 0x3F, 0xF8, 0xF8, 0xF3, 0xC1, 0xCF, 0x07, 0x3C, 0x1C, 0xF0, 0x73,
    0xC1, 0xCF, 0x07, 0x3C, 0x1C, 0xF0, 0x73, 0xC1, 0xC6, 0x07, 0x38, 0x03, 0x0E, 0x01, 0xC3, 0x80,
    0x79, 0xFF, 0xFF, 0xFF, 0xFF, 0xFF, 0xFF, 0xF3, 0x80, 0x78, 0xE0, 0x1E, 0x3F, 0xFF, 0x8F, 0xFF,
    0xE3, 0xFF, 0xF8, 0xE0, 0x1E, 0x38, 0x07, 0x8E, 0x01, 0xE3, 0x80, 0x78, 0xE0, 0x1E, 0x38, 0x07,
    0x0E, 0x01, 0xC0, 0x18, 0x00, 0xF0, 0x03, 0xC0, 0x1F, 0x80, 0xFF, 0x01, 0xFF, 0x83, 0xFF, 0x8F,
    0xFE, 0x3E, 0x3C, 0xF0, 0x73, 0xC1, 0xCF, 0x07, 0x3C, 0x1C, 0xF0, 0x73, 0xC1, 0xCF, 0x07, 0x3C,
    0x1C, 0xF0, 0x71, 0x81, 0xC0, 0x10, 0xDF, 0x37, 0xFD, 0x9F, 0x61, 0x03, 0x00, 0xE0, 0x38, 0x0E,
    0x03, 0x80, 0xE0, 0x38, 0x0E, 0x03, 0x80, 0xE0, 0x38, 0x0E, 0x03, 0x80, 0xE0, 0x38, 0x0E, 0x03,
    0x80, 0xE0, 0x31, 0x9F, 0x7F, 0xFF, 0xBE, 0x40, 0x02, 0x01, 0xC0, 0x70, 0x1C, 0x07, 0x01, 0xC0,
    0x70, 0x1C, 0x07, 0x01, 0xC0, 0x70, 0x1C, 0x07, 0x01, 0xC0, 0xFF, 0xFF, 0xDF, 0xC3, 0x01, 0xC0,
    0xE0, 0x70, 0x38, 0x1C, 0x0E, 0x07, 0x03, 0x81, 0xC0, 0xE0, 0x70, 0x38, 0x1C, 0x0E, 0x07, 0x03,
    0x81, 0xC0, 0x7F, 0xFF, 0xDF, 0xC1, 0x01, 0xC0, 0xE0, 0x70, 0x38, 0x1C, 0x0E, 0x07, 0x03, 0x81,
    0xC0, 0xE0, 0x70, 0x38, 0x1C, 0x00, 0x01, 0x71, 0xFF, 0xCF, 0xE1, 0xC0, 0xC0, 0x70, 0x38, 0x1C,
    0x0E, 0x07, 0x03, 0x81, 0xC0, 0xE0, 0x70, 0x38, 0x1C, 0x0E, 0x07, 0x03, 0x81, 0xC0, 0xE0, 0x70,
    0x61, 0xB9, 0xDF, 0xC7, 0xC0, 0x80, 0xE0, 0x70, 0x38, 0x1C, 0x0E, 0x07, 0x03, 0x81, 0xC0, 0xE0,
    0x70, 0x38, 0x1C, 0x0E, 0x00, 0x18, 0x38, 0x70, 0xE1, 0xC3, 0x87, 0x0E, 0x1C, 0x38, 0x70, 0xE1,
    0xC3, 0x87, 0x0E, 0x1C, 0x79, 0xE7, 0x0E, 0xDF, 0x9F, 0x00, 0x18, 0xF3, 0xC0, 0x10, 0xE3, 0x8E,
    0x38, 0xE3, 0x8E, 0x38, 0xE3, 0x8E, 0x38, 0xE7, 0x38, 0xEF, 0xF7, 0xC0, 0x77, 0x72, 0x67, 0x77,
    0x77, 0x77, 0x77, 0x77, 0x77, 0x77, 0x77, 0x4E, 0xEE, 0xEE, 0xEE, 0xEE, 0xEE, 0xEE, 0x60, 0xFC,
    0x1F, 0x83, 0xF0, 0x7E, 0x0F, 0xC1, 0xF8, 0x3F, 0x07, 0xE0, 0xFC, 0x1F, 0x83, 0xF0, 0x70, 0x0E,
    0x81, 0xF8, 0x7F, 0xFE, 0xFF, 0xCF, 0xF0, 0x30, 0x00, 0x63, 0xF9, 0xFC, 0xE0, 0x04, 0x07, 0x1F,
    0x8F, 0xC7, 0xE3, 0xF1, 0xF8, 0xFC, 0x7E, 0x3F, 0x1F, 0x8F, 0xC7, 0xE3, 0xF1, 0xC0, 0xE0, 0xF0,
    0xF8, 0xF8, 0x38, 0x00, 0x60, 0x07, 0xC0, 0x1F, 0x80, 0xEE, 0x03, 0x08, 0x01, 0x80, 0x0E, 0x00,
    0x38, 0x00, 0xE0, 0x03, 0x80, 0x0E, 0x00, 0x38, 0x00, 0xE0, 0x03, 0x80, 0x0E, 0x00, 0x38, 0x00,
    0xE0, 0x03, 0x84, 0x0E, 0x38, 0x78, 0xFF, 0xE1, 0xFF, 0x03, 0xF8, 0x03, 0x00, 0x1C, 0x3E, 0x7E,
    0x77, 0x00, 0x00, 0x1C, 0x1C, 0x1C, 0x1C, 0x1C, 0x1C, 0x1C, 0x1C, 0x1C, 0x1C, 0x1C, 0x1C, 0x1C,
    0x1C, 0x3C, 0x7C, 0xF8, 0xF0, 0xC0, 0x1B, 0x80, 0xFE, 0x07, 0xF8, 0x3E, 0xE1, 0xF3, 0x8F, 0x0E,
    0x78, 0x3B, 0xC0, 0xFF, 0x03, 0xFE, 0x0F, 0xFC, 0x3C, 0xF0, 0xE1, 0xE3, 0x83, 0xCE, 0x0F, 0xB8,
    0x1F, 0xE0, 0x3F, 0x80, 0x70, 0x00, 0x03, 0xC0, 0x0F, 0x00, 0x3C, 0x00, 0xE0, 0x00, 0x60, 0x07,
    0x00, 0x70, 0x07, 0x00, 0x70, 0x07, 0x02, 0x70, 0x77, 0x0F, 0x73, 0xE7, 0x7C, 0x7F, 0x87, 0xF0,
    0x7F, 0x07, 0xF8, 0x77, 0xC7, 0x3E, 0x71, 0xF7, 0x0F, 0x70, 0x70, 0x00, 0x0E, 0x01, 0xF0, 0x1F,
    0x00, 0x70, 0x0F, 0x00, 0xE0, 0x0C, 0x00, 0x00, 0x27, 0x07, 0x70, 0xF7, 0x3E, 0x77, 0xC7, 0xF8,
    0x7F, 0x07, 0xF0, 0x7F, 0x87, 0x7C, 0x73, 0xE7, 0x1F, 0x70, 0xF7, 0x07, 0x38, 0x0F, 0x03, 0xE0,
    0x70, 0x0C, 0x01, 0xC0, 0x38, 0x07, 0x00, 0xE0, 0x1C, 0x03, 0x80, 0x70, 0x0E, 0x01, 0xC0, 0x38,
    0x07, 0x00, 0xE0, 0x1C, 0x03, 0x80, 0x7F, 0xFF, 0xFF, 0xFF, 0xC0, 0x1C, 0x79, 0xF3, 0x86, 0x0E,
    0x1C, 0x38, 0x70, 0xE1, 0xC3, 0x87, 0x0E, 0x1C, 0x38, 0x70, 0xE1, 0xC3, 0x87, 0x0E, 0x1C, 0x00,
    0xC0, 0x1C, 0x03, 0x80, 0x70, 0x0E, 0x01, 0xC0, 0x38, 0x07, 0x00, 0xE0, 0x1C, 0x03, 0x80, 0x70,
    0x0E, 0x01, 0xC0, 0x38, 0x07, 0xFF, 0xFF, 0xFF, 0xFC, 0x00, 0x0F, 0x01, 0xE0, 0x3C, 0x07, 0x00,
    0x31, 0xCE, 0x73, 0x9C, 0xE7, 0x39, 0xCE, 0x73, 0x9C, 0xE7, 0x39, 0xCE, 0x03, 0x3D, 0xE7, 0x7B,
    0x88, 0x07, 0x98, 0xF3, 0x9F, 0x70, 0xCE, 0x79, 0xCE, 0x38, 0x07, 0x00, 0xE0, 0x1C, 0x03, 0x80,
    0x70, 0x0E, 0x01, 0xC0, 0x38, 0x07, 0x00, 0xFF, 0xFF, 0xFF, 0xFF, 0x80, 0x67, 0x3F, 0xDF, 0xEE,
    0x77, 0x73, 0xF1, 0xC0, 0xE0, 0x70, 0x38, 0x1C, 0x0E, 0x07, 0x03, 0x81, 0xC0, 0xE0, 0x70, 0x38,
    0x1C, 0x00, 0xC0, 0x1C, 0x03, 0x80, 0x70, 0x0E, 0x01, 0xC0, 0x38, 0x27, 0x0E, 0xE3, 0xDC, 0x3B,
    0x80, 0x70, 0x0E, 0x01, 0xC0, 0x38, 0x07, 0xFF, 0xFF, 0xFF, 0xFC, 0x60, 0x38, 0x1C, 0x0E, 0x07,
    0x03, 0x81, 0xC0, 0xE0, 0x77, 0xBB, 0xDD, 0xCE, 0x07, 0x03, 0x81, 0xC0, 0xE0, 0x70, 0x38, 0x1C,
    0x00, 0x0C, 0x00, 0x38, 0x00, 0x70, 0x00, 0xE0, 0x01, 0xC0, 0x03, 0x98, 0x07, 0xF0, 0x0F, 0xE0,
    0x7F, 0x00, 0xF8, 0x01, 0xF0, 0x00, 0xE0, 0x01, 0xC0, 0x03, 0x80, 0x07, 0x00, 0x0F, 0xFE, 0x1F,
    0xFE, 0x3F, 0xFC, 0x18, 0x1C, 0x1C, 0x1C, 0x1C, 0x1C, 0x1C, 0x1F, 0x1F, 0x7F, 0xFC, 0x7C, 0x1C,
    0x1C, 0x1C, 0x1C, 0x1C, 0x1C, 0x1C, 0x00, 0xE0, 0x03, 0xC0, 0x0F, 0x80, 0x1C, 0x0C, 0x00, 0xDC,
    0x01, 0xFC, 0x03, 0xFC, 0x07, 0xFC, 0x0F, 0xF8, 0x1F, 0xF8, 0x3F, 0x78, 0x7E, 0x78, 0xFC, 0xF1,
    0xF8, 0xF3, 0xF0, 0xF7, 0xE0, 0xFF, 0xC1, 0xFF, 0x81, 0xFF, 0x01, 0xFE, 0x01, 0xFC, 0x03, 0x80,
    0x00, 0x00, 0x0E, 0x00, 0x70, 0x07, 0x80, 0x38, 0x01, 0xE1, 0xBF, 0x9F, 0xFE, 0xF8, 0xF7, 0x83,
    0xBC, 0x1D, 0xE0, 0xEF, 0x07, 0x78, 0x3B, 0xC1, 0xDE, 0x0E, 0xF0, 0x77, 0x83, 0x98, 0x1C, 0xC0,
    0x0D, 0xC0, 0x1F, 0xC0, 0x3F, 0xC0, 0x7F, 0xC0, 0xFF, 0x81, 0xFF, 0x83, 0xF7, 0x87, 0xE7, 0x8F,
    0xCF, 0x1F, 0x8F, 0x3F, 0x0F, 0x7E, 0x0F, 0xFC, 0x1F, 0xF8, 0x1F, 0xF0, 0x1F, 0xE0, 0x1F, 0xC0,
    0x38, 0x00, 0x00, 0x3C, 0x00, 0x38, 0x00, 0x70, 0x01, 0xC0, 0x00, 0x03, 0xC3, 0x7F, 0x3F, 0xFD,
    0xF1, 0xEF, 0x07, 0x78, 0x3B, 0xC1, 0xDE, 0x0E, 0xF0, 0x77, 0x83, 0xBC, 0x1D, 0xE0, 0xEF, 0x07,
    0x30, 0x38, 0x00, 0x00, 0xC0, 0x0F, 0x00, 0x7C, 0x00, 0xC0, 0x0E, 0x00, 0xE0, 0x02, 0x00, 0x1C,
    0xE0, 0x1F, 0xC0, 0x1F, 0x00, 0x1C, 0x0C, 0x00, 0xDC, 0x01, 0xFC, 0x03, 0xFC, 0x07, 0xFC, 0x0F,
    0xF8, 0x1F, 0xF8, 0x3F, 0x78, 0x7E, 0x78, 0xFC, 0xF1, 0xF8, 0xF3, 0xF0, 0xF7, 0xE0, 0xFF, 0xC1,
    0xFF, 0x81, 0xFF, 0x01, 0xFE, 0x01, 0xFC, 0x03, 0x80, 0x08, 0x40, 0xEE, 0x03, 0xF0, 0x1F, 0x00,
    0x30, 0x01, 0xE1, 0xBF, 0x9F, 0xFE, 0xF8, 0xF7, 0x83, 0xBC, 0x1D, 0xE0, 0xEF, 0x07, 0x78, 0x3B,
    0xC1, 0xDE, 0x0E, 0xF0, 0x77, 0x83, 0x98, 0x1C, 0x60, 0x01, 0xE0, 0x03, 0x80, 0x07, 0x00, 0x0E,
    0x07, 0x1B, 0xBF, 0xB7, 0xFF, 0x6F, 0x8F, 0x1E, 0x0E, 0x38, 0x1C, 0x70, 0x38, 0xE0, 0x71, 0xC0,
    0xE3, 0x81, 0xC7, 0x03, 0x8E, 0x07, 0x1C, 0x0E, 0x38, 0x1C, 0xC0, 0x05, 0xC0, 0x1F, 0xC0, 0x3F,
    0xC0, 0x7F, 0xC0, 0xFF, 0x81, 0xFF, 0x83, 0xF7, 0x87, 0xE7, 0x8F, 0xC7, 0x9F, 0x8F, 0x3F, 0x0F,
    0x7E, 0x0F, 0xFC, 0x0F, 0xF8, 0x0F, 0xF0, 0x1F, 0xE0, 0x1F, 0xC0, 0x1C, 0x00, 0x38, 0x00, 0x70,
    0x03, 0xE0, 0x0F, 0x80, 0x1E, 0x00, 0x03, 0xC3, 0x7F, 0x3F, 0xFD, 0xF1, 0xEF, 0x07, 0x78, 0x3B,
    0xC1, 0xDE, 0x0E, 0xF0, 0x77, 0x83, 0xBC, 0x1D, 0xE0, 0xEF, 0x07, 0x30, 0x38, 0x01, 0xC0, 0x0E,
    0x01, 0xF0, 0x1F, 0x80, 0xF8, 0x0F, 0xF8, 0x07, 0xFC, 0x01, 0xFC, 0x00, 0xFE, 0x01, 0xFF, 0xC1,
    0xFF, 0xF1, 0xF8, 0x7C, 0xF0, 0x1E, 0xF0, 0x07, 0xF8, 0x03, 0xF8, 0x00, 0xFC, 0x00, 0x7E, 0x00,
    0x3F, 0x00, 0x1F, 0x80, 0x0F, 0xE0, 0x0F, 0x78, 0x07, 0x3E, 0x0F, 0x8F, 0xFF, 0x83, 0xFF, 0x80,
    0xFF, 0x80, 0x0E, 0x00, 0x3F, 0xE0, 0xFF, 0x81, 0xFC, 0x01, 0xE0, 0x1F, 0xE0, 0xFF, 0xC7, 0x8F,
    0xBC, 0x1E, 0xE0, 0x3B, 0x80, 0xFE, 0x03, 0xF8, 0x0F, 0xE0, 0x3B, 0xC1, 0xE7, 0xDF, 0x8F, 0xFC,
    0x1F, 0xE0, 0x1C, 0x00, 0x04, 0x00, 0x07, 0x1C, 0x01, 0xFC, 0x00, 0xFE, 0x00, 0x1C, 0x00, 0x3F,
    0x80, 0x7F, 0xF0, 0x7F, 0xFC, 0x7E, 0x1F, 0x3C, 0x07, 0xBC, 0x01, 0xFE, 0x00, 0xFE, 0x00, 0x3F,
    0x00, 0x1F, 0x80, 0x0F, 0xC0, 0x07, 0xE0, 0x03, 0xF8, 0x03, 0xDE, 0x01, 0xCF, 0x83, 0xE3, 0xFF,
    0xE0, 0xFF, 0xE0, 0x3F, 0xE0, 0x03, 0x80, 0x18, 0x60, 0x73, 0x81, 0xFC, 0x03, 0xE0, 0x07, 0x80,
    0x7F, 0x83, 0xFF, 0x1E, 0x3E, 0xF0, 0x7B, 0x80, 0xEE, 0x03, 0xF8, 0x0F, 0xE0, 0x3F, 0x80, 0xEF,
    0x07, 0x9F, 0x7E, 0x3F, 0xF0, 0x7F, 0x80, 0x70, 0x00, 0x01, 0x88, 0x01, 0xEE, 0x00, 0xEF, 0x00,
    0xE7, 0x00, 0x22, 0x00, 0x3F, 0x80, 0x7F, 0xF0, 0x7F, 0xFC, 0x7E, 0x1F, 0x3C, 0x07, 0xBC, 0x01,
    0xFE, 0x00, 0xFE, 0x00, 0x3F, 0x00, 0x1F, 0x80, 0x0F, 0xC0, 0x07, 0xE0, 0x03, 0xF8, 0x03, 0xDE,
    0x01, 0xCF, 0x83, 0xE3, 0xFF, 0xE0, 0xFF, 0xE0, 0x3F, 0xE0, 0x03, 0x80, 0x06, 0x20, 0x3D, 0xC0,
    0xEF, 0x07, 0x38, 0x08, 0x80, 0x1E, 0x01, 0xFE, 0x0F, 0xFC, 0x78, 0xFB, 0xC1, 0xEE, 0x03, 0xB8,
    0x0F, 0xE0, 0x3F, 0x80, 0xFE, 0x03, 0xBC, 0x1E, 0x7D, 0xF8, 0xFF, 0xC1, 0xFE, 0x01, 0xC0, 0x07,
    0xFF, 0xFC, 0x3F, 0xFF, 0xFC, 0xFF, 0xFF, 0xF3, 0xE0, 0xE0, 0x07, 0x81, 0xC0, 0x1E, 0x03, 0x80,
    0x38, 0x07, 0x00, 0x70, 0x0E, 0x00, 0xE0, 0x1F, 0xF9, 0xC0, 0x3F, 0xF3, 0x80, 0x7F, 0xE7, 0x00,
    0xE0, 0x0F, 0x01, 0xC0, 0x1E, 0x03, 0x80, 0x1E, 0x07, 0x00, 0x1F, 0xFF, 0xFE, 0x3F, 0xFF, 0xFE,
    0x1F, 0xFF, 0xF8, 0x07, 0x81, 0xE0, 0x1F, 0xE7, 0xF8, 0x3F, 0xFF, 0xFC, 0x78, 0xFF, 0x3E, 0xF0,
    0x7C, 0x0E, 0xE0, 0x3C, 0x0E, 0xE0, 0x3F, 0xFF, 0xE0, 0x3F, 0xFE, 0xE0, 0x3C, 0x00, 0xE0, 0x3C,
    0x00, 0xF0, 0x7E, 0x04, 0x7D, 0xFF, 0x9E, 0x3F, 0xFF, 0xFE, 0x1F, 0xE3, 0xF8, 0x07, 0x00, 0xE0,
    0x00, 0xE0, 0x07, 0xC0, 0x1F, 0x00, 0x38, 0x0F, 0xFC, 0x1F, 0xFE, 0x3F, 0xFE, 0x70, 0x3C, 0xE0,
    0x3D, 0xC0, 0x7B, 0x80, 0xF7, 0x01, 0xCE, 0x07, 0x9F, 0xFE, 0x3F, 0xFC, 0x7F, 0xFC, 0xE0, 0x39,
    0xC0, 0x73, 0x80, 0xE7, 0x01, 0xEE, 0x03, 0xDC, 0x03, 0x80, 0x00, 0x00, 0x00, 0x03, 0x83, 0xC1,
    0xC1, 0xC0, 0x5D, 0xBF, 0xFF, 0xF8, 0x78, 0x3C, 0x1E, 0x0F, 0x07, 0x83, 0xC1, 0xE0, 0xF0, 0x78,
    0x18, 0x00, 0xFF, 0xC1, 0xFF, 0xE3, 0xFF, 0xE7, 0x03, 0xCE, 0x03, 0xDC, 0x07, 0xB8, 0x0F, 0x70,
    0x1C, 0xE0, 0x79, 0xFF, 0xE3, 0xFF, 0xC7, 0xFF, 0xCE, 0x03, 0x9C, 0x07, 0x38, 0x0E, 0x70, 0x1E,
    0xE0, 0x3D, 0xC0, 0x38, 0x08, 0x00, 0x38, 0x00, 0x78, 0x00, 0xF0, 0x01, 0xC0, 0x00, 0x01, 0xCD,
    0xF7, 0xFD, 0xF0, 0x78, 0x1E, 0x07, 0x81, 0xE0, 0x78, 0x1E, 0x07, 0x81, 0xE0, 0x78, 0x0C, 0x00,
    0x01, 0xC0, 0xF8, 0x3E, 0x03, 0x81, 0xE0, 0x70, 0x10, 0x00, 0x1C, 0xC0, 0x3F, 0x80, 0x3E, 0x00,
    0x38, 0x0F, 0xFC, 0x1F, 0xFE, 0x3F, 0xFE, 0x70, 0x3C, 0xE0, 0x3D, 0xC0, 0x7B, 0x80, 0xF7, 0x01,
    0xCE, 0x07, 0x9F, 0xFE, 0x3F, 0xFC, 0x7F, 0xFC, 0xE0, 0x39, 0xC0, 0x73, 0x80, 0xE7, 0x01, 0xEE,
    0x03, 0xDC, 0x03, 0x80, 0x00, 0x00, 0x42, 0x3B, 0x9F, 0x87, 0x81, 0x80, 0x1D, 0xBF, 0xFF, 0xF8,
    0x78, 0x3C, 0x1E, 0x0F, 0x07, 0x83, 0xC1, 0xE0, 0xF0, 0x78, 0x18, 0x00, 0x00, 0x60, 0x07, 0x80,
    0x3E, 0x00, 0xE0, 0x0F, 0xE0, 0x7F, 0xE3, 0xFF, 0x9E, 0x0F, 0x70, 0x19, 0xC0, 0x07, 0x80, 0x0F,
    0x80, 0x3F, 0xE0, 0x7F, 0xC0, 0x3F, 0x80, 0x1F, 0x00, 0x3C, 0x80, 0x77, 0x03, 0xDF, 0xFE, 0x7F,
    0xF8, 0x7F, 0x80, 0x38, 0x00, 0x00, 0x00, 0x38, 0x0E, 0x03, 0xC0, 0x70, 0x1E, 0x0F, 0xF3, 0xFF,
    0x70, 0xEE, 0x09, 0xE0, 0x1F, 0x81, 0xFC, 0x0F, 0xC0, 0x3B, 0x07, 0xF8, 0xEF, 0xFC, 0xFF, 0x03,
    0x00, 0x03, 0x00, 0x1E, 0x00, 0xFC, 0x03, 0xB8, 0x08, 0x60, 0x3F, 0x81, 0xFF, 0x8F, 0xFE, 0x78,
    0x3D, 0xC0, 0x67, 0x00, 0x1E, 0x00, 0x3E, 0x00, 0xFF, 0x81, 0xFF, 0x00, 0xFE, 0x00, 0x7C, 0x00,
    0xF2, 0x01, 0xDC, 0x0F, 0x7F, 0xF9, 0xFF, 0xE1, 0xFE, 0x00, 0xE0, 0x06, 0x01, 0xE0, 0x7E, 0x1C,
    0xE0, 0x00, 0x1E, 0x0F, 0xF3, 0xFF, 0x70, 0xEE, 0x09, 0xE0, 0x1F, 0x81, 0xFC, 0x0F, 0xC0, 0x3B,
    0x07, 0xF8, 0xEF, 0xFC, 0xFF, 0x03, 0x00, 0x0F, 0xE0, 0x7F, 0xE3, 0xFF, 0x9E, 0x0F, 0x70, 0x19,
    0xC0, 0x07, 0x80, 0x0F, 0x80, 0x3F, 0xE0, 0x7F, 0xC0, 0x3F, 0x80, 0x1F, 0x00, 0x3C, 0x80, 0x77,
    0x03, 0xDF, 0xFE, 0x7F, 0xF8, 0x7F, 0x80, 0x78, 0x01, 0xC0, 0x0E, 0x00, 0x18, 0x00, 0x0F, 0x07,
    0xF9, 0xFF, 0xB8, 0x77, 0x04, 0xF0, 0x0F, 0xC0, 0xFE, 0x07, 0xE0, 0x1D, 0x83, 0xFC, 0x77, 0xFE,
    0x7F, 0x81, 0xC0, 0x70, 0x0E, 0x01, 0xC0, 0x0C, 0xE0, 0x3F, 0x80, 0x7C, 0x00, 0xE0, 0x0F, 0xE0,
    0x7F, 0xE3, 0xFF, 0x9E, 0x0F, 0x70, 0x19, 0xC0, 0x07, 0x80, 0x0F, 0x80, 0x3F, 0xE0, 0x7F, 0xC0,
    0x3F, 0x80, 0x1F, 0x00, 0x3C, 0x80, 0x77, 0x03, 0xDF, 0xFE, 0x7F, 0xF8, 0x7F, 0x80, 0x38, 0x00,
    0x10, 0x87, 0x38, 0x7E, 0x07, 0x80, 0x60, 0x1E, 0x0F, 0xF3, 0xFF, 0x70, 0xEE, 0x09, 0xE0, 0x1F,
    0x81, 0xFC, 0x0F, 0xC0, 0x3B, 0x07, 0xF8, 0xEF, 0xFC, 0xFF, 0x03, 0x00, 0x7F, 0xFD, 0xFF, 0xFD,
    0xFF, 0xF8, 0x1C, 0x00, 0x38, 0x00, 0x70, 0x00, 0xE0, 0x01, 0xC0, 0x03, 0x80, 0x07, 0x00, 0x0E,
    0x00, 0x1C, 0x00, 0x38, 0x00, 0x70, 0x00, 0xE0, 0x01, 0xC0, 0x03, 0x80, 0x07, 0x00, 0x0E, 0x00,
    0x38, 0x00, 0x70, 0x00, 0xC0, 0x00, 0x08, 0x0E, 0x07, 0x03, 0x8F, 0xFF, 0xFD, 0xFC, 0x38, 0x1C,
    0x0E, 0x07, 0x03, 0x81, 0xC0, 0xE0, 0x7C, 0x3F, 0x0F, 0x07, 0x03, 0x83, 0x80, 0xC0, 0x0E, 0x70,
    0x1F, 0xC0, 0x1F, 0x00, 0x1C, 0x07, 0xFF, 0xDF, 0xFF, 0xDF, 0xFF, 0x81, 0xC0, 0x03, 0x80, 0x07,
    0x00, 0x0E, 0x00, 0x1C, 0x00, 0x38, 0x00, 0x70, 0x00, 0xE0, 0x01, 0xC0, 0x03, 0x80, 0x07, 0x00,
    0x0E, 0x00, 0x1C, 0x00, 0x38, 0x00, 0x70, 0x00, 0x01, 0xC0, 0x7C, 0x0F, 0x84, 0x71, 0xFC, 0x3F,
    0x07, 0x07, 0xFC, 0xFF, 0x8F, 0xE0, 0x70, 0x0E, 0x01, 0xC0, 0x38, 0x07, 0x00, 0xE0, 0x1C, 0x03,
    0xE0, 0x7E, 0x07, 0x80, 0x7F, 0xFD, 0xFF, 0xFD, 0xFF, 0xF8, 0x1C, 0x00, 0x38, 0x00, 0x70, 0x00,
    0xE0, 0x01, 0xC0, 0x07, 0xE0, 0x1F, 0xE0, 0x1F, 0x80, 0x1C, 0x00, 0x38, 0x00, 0x70, 0x00, 0xE0,
    0x01, 0xC0, 0x03, 0x80, 0x07, 0x00, 0x08, 0x0E, 0x07, 0x03, 0x8F, 0xFF, 0xFD, 0xFC, 0x38, 0x1C,
    0x1F, 0x9F, 0xEF, 0xE1, 0xC0, 0xE0, 0x7C, 0x3F, 0x0F, 0x00, 0x0C, 0x60, 0x7D, 0xC3, 0xFF, 0x0E,
    0xF8, 0x10, 0x03, 0x00, 0x6E, 0x01, 0xF8, 0x07, 0xE0, 0x1F, 0x80, 0x7E, 0x01, 0xF8, 0x07, 0xE0,
    0x1F, 0x80, 0x7E, 0x01, 0xF8, 0x07, 0xE0, 0x1F, 0x80, 0x7F, 0x03, 0xFE, 0x1E, 0x7F, 0xF8, 0xFF,
    0xC1, 0xFE, 0x00, 0x80, 0x08, 0x43, 0xEE, 0x3F, 0xE3, 0x3E, 0x00, 0x80, 0x00, 0x60, 0x7F, 0x07,
    0xF0, 0x7F, 0x07, 0xF0, 0x7F, 0x07, 0xF0, 0x7F, 0x07, 0xF0, 0x77, 0x07, 0x7D, 0xF3, 0xFE, 0x1F,
    0xC0, 0x60, 0x1F, 0xE0, 0xFF, 0x81, 0xFE, 0x30, 0x06, 0xE0, 0x1F, 0x80, 0x7E, 0x01, 0xF8, 0x07,
    0xE0, 0x1F, 0x80, 0x7E, 0x01, 0xF8, 0x07, 0xE0, 0x1F, 0x80, 0x7E, 0x01, 0xF8, 0x07, 0xF0, 0x3F,
    0xE1, 0xE7, 0xFF, 0x8F, 0xFC, 0x1F, 0xE0, 0x08, 0x00, 0x3F, 0xC3, 0xFE, 0x1F, 0xC0, 0x00, 0x60,
    0x7F, 0x07, 0xF0, 0x7F, 0x07, 0xF0, 0x7F, 0x07, 0xF0, 0x7F, 0x07, 0xF0, 0x77, 0x07, 0x7D, 0xF3,
    0xFE, 0x1F, 0xC0, 0x60, 0x00, 0x00, 0x63, 0x81, 0xFE, 0x03, 0xF0, 0x07, 0x03, 0x00, 0x6E, 0x01,
    0xF8, 0x07, 0xE0, 0x1F, 0x80, 0x7E, 0x01, 0xF8, 0x07, 0xE0, 0x1F, 0x80, 0x7E, 0x01, 0xF8, 0x07,
    0xE0, 0x1F, 0x80, 0x7F, 0x03, 0xFE, 0x1E, 0x7F, 0xF8, 0xFF, 0xC1, 0xFE, 0x00, 0x80, 0x30, 0xC3,
    0x9C, 0x1F, 0xC0, 0xF8, 0x00, 0x06, 0x07, 0xF0, 0x7F, 0x07, 0xF0, 0x7F, 0x07, 0xF0, 0x7F, 0x07,
    0xF0, 0x7F, 0x07, 0x70, 0x77, 0xDF, 0x3F, 0xE1, 0xFC, 0x06, 0x00, 0x07, 0x80, 0x3F, 0x00, 0xCC,
    0x03, 0xF0, 0x0F, 0x80, 0x0C, 0x0C, 0x01, 0xB8, 0x07, 0xE0, 0x1F, 0x80, 0x7E, 0x01, 0xF8, 0x07,
    0xE0, 0x1F, 0x80, 0x7E, 0x01, 0xF8, 0x07, 0xE0, 0x1F, 0x80, 0x7E, 0x01, 0xFC, 0x0F, 0xF8, 0x79,
    0xFF, 0xE3, 0xFF, 0x07, 0xF8, 0x02, 0x00, 0x07, 0x00, 0xF8, 0x1D, 0x81, 0xD8, 0x0F, 0x80, 0xF0,
    0x00, 0x06, 0x07, 0xF0, 0x7F, 0x07, 0xF0, 0x7F, 0x07, 0xF0, 0x7F, 0x07, 0xF0, 0x7F, 0x07, 0x70,
    0x77, 0xDF, 0x3F, 0xE1, 0xFC, 0x06, 0x00, 0x06, 0x30, 0x1D, 0xC0, 0xFF, 0x03, 0xB8, 0x08, 0x03,
    0x00, 0x6E, 0x01, 0xF8, 0x07, 0xE0, 0x1F, 0x80, 0x7E, 0x01, 0xF8, 0x07, 0xE0, 0x1F, 0x80, 0x7E,
    0x01, 0xF8, 0x07, 0xE0, 0x1F, 0x80, 0x7F, 0x03, 0xFE, 0x1E, 0x7F, 0xF8, 0xFF, 0xC1, 0xFE, 0x00,
    0x80, 0x06, 0x60, 0xEE, 0x1E, 0xE1, 0xDC, 0x18, 0x80, 0x00, 0x60, 0x7F, 0x07, 0xF0, 0x7F, 0x07,
    0xF0, 0x7F, 0x07, 0xF0, 0x7F, 0x07, 0xF0, 0x77, 0x07, 0x7D, 0xF3, 0xFE, 0x1F, 0xC0, 0x60, 0xC0,
    0x1B, 0x80, 0x7E, 0x01, 0xF8, 0x07, 0xE0, 0x1F, 0x80, 0x7E, 0x01, 0xF8, 0x07, 0xE0, 0x1F, 0x80,
    0x7E, 0x01, 0xF8, 0x07, 0xE0, 0x1F, 0xC0, 0xFF, 0x87, 0x9F, 0xFE, 0x3F, 0xF0, 0x7F, 0x80, 0x38,
    0x00, 0xE0, 0x03, 0xB0, 0x0F, 0xC0, 0x1E, 0x00, 0x00, 0x00, 0x06, 0x07, 0xF0, 0x7F, 0x07, 0xF0,
    0x7F, 0x07, 0xF0, 0x7F, 0x07, 0xF0, 0x7F, 0x07, 0x70, 0x77, 0xDF, 0x3F, 0xE1, 0xFC, 0x07, 0x00,
    0x70, 0x07, 0x60, 0x7E, 0x03, 0xE0, 0x00, 0x00, 0x18, 0x00, 0x00, 0x3C, 0x00, 0x00, 0x7E, 0x00,
    0x00, 0xEF, 0x00, 0x00, 0xC2, 0x00, 0x60, 0x00, 0x06, 0xF0, 0x00, 0x0F, 0xF0, 0x00, 0x0E, 0x70,
    0x00, 0x0E, 0x78, 0x18, 0x1E, 0x78, 0x3C, 0x1C, 0x38, 0x3C, 0x1C, 0x3C, 0x7E, 0x3C, 0x3C, 0x7E,
    0x38, 0x1C, 0xFE, 0x38, 0x1E, 0xEF, 0x78, 0x1E, 0xE7, 0x70, 0x0F, 0xC7, 0xF0, 0x0F, 0xC3, 0xF0,
    0x0F, 0xC3, 0xE0, 0x07, 0x81, 0xE0, 0x07, 0x81, 0xE0, 0x07, 0x01, 0xC0, 0x00, 0xE0, 0x00, 0x3E,
    0x00, 0x0F, 0xE0, 0x01, 0xDC, 0x00, 0x00, 0x00, 0xC0, 0x01, 0x9C, 0x00, 0x3B, 0x80, 0x0F, 0x70,
    0xE1, 0xCF, 0x1C, 0x78, 0xE7, 0xCE, 0x1C, 0xF9, 0xC3, 0xDF, 0xF8, 0x3F, 0x7E, 0x07, 0xEF, 0xC0,
    0xF8, 0xF8, 0x0F, 0x1E, 0x01, 0xE3, 0xC0, 0x18, 0x38, 0x00, 0x00, 0x00, 0x03, 0x00, 0x0F, 0x00,
    0x3F, 0x00, 0x77, 0x00, 0x86, 0x0C, 0x01, 0xBC, 0x07, 0xF8, 0x1E, 0x78, 0x3C, 0x78, 0xF0, 0xFB,
    0xC0, 0xF7, 0x80, 0xFE, 0x00, 0xF8, 0x01, 0xE0, 0x01, 0xC0, 0x03, 0x80, 0x07, 0x00, 0x0E, 0x00,
    0x1C, 0x00, 0x38, 0x00, 0x70, 0x00, 0xE0, 0x00, 0x07, 0x00, 0xF8, 0x1F, 0x81, 0x9C, 0x00, 0x06,
    0x02, 0xF0, 0x7F, 0x07, 0xF0, 0x7F, 0x07, 0xF0, 0x7F, 0x07, 0xF0, 0x7F, 0x07, 0xF0, 0x7F, 0x0F,
    0x79, 0xF7, 0xFF, 0x3F, 0xF0, 0xC7, 0x00, 0xF7, 0xFE, 0x7F, 0xC3, 0xF8, 0x1C, 0xE0, 0x3D, 0xC0,
    0x73, 0x80, 0x00, 0x06, 0x00, 0xDE, 0x03, 0xFC, 0x0F, 0x3C, 0x1E, 0x3C, 0x78, 0x7D, 0xE0, 0x7B,
    0xC0, 0x7F, 0x00, 0x7C, 0x00, 0xF0, 0x00, 0xE0, 0x01, 0xC0, 0x03, 0x80, 0x07, 0x00, 0x0E, 0x00,
    0x1C, 0x00, 0x38, 0x00, 0x70, 0x00, 0x00, 0xE0, 0x03, 0xC0, 0x0F, 0x80, 0x1C, 0x07, 0xFF, 0xCF,
    0xFF, 0xDF, 0xFF, 0x00, 0x3E, 0x00, 0x78, 0x01, 0xE0, 0x07, 0x80, 0x1F, 0x00, 0x3C, 0x00, 0xF0,
    0x03, 0xC0, 0x0F, 0x00, 0x1E, 0x00, 0x78, 0x01, 0xE0, 0x07, 0xFF, 0xEF, 0xFF, 0xDF, 0xFF, 0x80,
    0x00, 0x00, 0x1C, 0x03, 0xC0, 0x38, 0x07, 0x00, 0x60, 0x7F, 0xE7, 0xFE, 0x3F, 0xE0, 0x3C, 0x03,
    0x80, 0x78, 0x0F, 0x01, 0xE0, 0x1C, 0x03, 0xC0, 0x7F, 0xE7, 0xFF, 0x7F, 0xE0, 0x03, 0x00, 0x0F,
    0x00, 0x1E, 0x00, 0x18, 0x07, 0xFF, 0xCF, 0xFF, 0xDF, 0xFF, 0x00, 0x3E, 0x00, 0x78, 0x01, 0xE0,
    0x07, 0x80, 0x1F, 0x00, 0x3C, 0x00, 0xF0, 0x03, 0xC0, 0x0F, 0x00, 0x1E, 0x00, 0x78, 0x01, 0xE0,
    0x07, 0xFF, 0xEF, 0xFF, 0xDF, 0xFF, 0x80, 0x07, 0x00, 0xF0, 0x07, 0x00, 0x00, 0x00, 0x07, 0xFE,
    0x7F, 0xE3, 0xFE, 0x03, 0xC0, 0x38, 0x07, 0x80, 0xF0, 0x1E, 0x01, 0xC0, 0x3C, 0x07, 0xFE, 0x7F,
    0xF7, 0xFE, 0x1C, 0xE0, 0x1F, 0x80, 0x1F, 0x00, 0x1C, 0x07, 0xFF, 0xCF, 0xFF, 0xDF, 0xFF, 0x00,
    0x3E, 0x00, 0x78, 0x01, 0xE0, 0x07, 0x80, 0x1F, 0x00, 0x3C, 0x00, 0xF0, 0x03, 0xC0, 0x0F, 0x00,
    0x1E, 0x00, 0x78, 0x01, 0xE0, 0x07, 0xFF, 0xEF, 0xFF, 0xDF, 0xFF, 0x80, 0x10, 0x81, 0xDC, 0x1F,
    0x80, 0xF0, 0x06, 0x00, 0x00, 0x7F, 0xE7, 0xFE, 0x3F, 0xE0, 0x3C, 0x03, 0x80, 0x78, 0x0F, 0x01,
    0xE0, 0x1C, 0x03, 0xC0, 0x7F, 0xE7, 0xFF, 0x7F, 0xE0, 0x00, 0x04, 0x00, 0x07, 0x00, 0x03, 0x80,
    0xFF, 0xC1, 0xFF, 0xC1, 0xFF, 0xF1, 0xF8, 0x7C, 0xF0, 0x1E, 0xF0, 0x07, 0xF8, 0x03, 0xF8, 0x00,
    0xFC, 0x00, 0x7E, 0x00, 0x3F, 0x00, 0x1F, 0x80, 0x0F, 0xE0, 0x0F, 0x78, 0x07, 0x3E, 0x0F, 0x8F,
    0xFF, 0x83, 0xFF, 0x80, 0xFF, 0x80, 0x0E, 0x00, 0x00, 0x18, 0x00, 0x70, 0x01, 0xC1, 0xFE, 0x1F,
    0xF8, 0xFF, 0xC7, 0x8F, 0xBC, 0x1E, 0xE0, 0x3B, 0x80, 0xFE, 0x03, 0xF8, 0x0F, 0xE0, 0x3B, 0xC1,
    0xE7, 0xDF, 0x8F, 0xFC, 0x1F, 0xE0, 0x1C, 0x00, 0x00, 0x01, 0x00, 0x01, 0xC0, 0x00, 0xF8, 0x03,
    0xFE, 0x01, 0xF7, 0x00, 0xF3, 0x80, 0x71, 0xC0, 0x38, 0xE0, 0x1C, 0x70, 0x0E, 0x38, 0x07, 0x1C,
    0x03, 0x8E, 0x01, 0xC7, 0x00, 0xE3, 0x80, 0x71, 0xC0, 0x38, 0xF0, 0x3C, 0x7C, 0x3C, 0x1F, 0xFE,
    0x07, 0xFE, 0x01, 0xFE, 0x00, 0x10, 0x00, 0x00, 0x04, 0x00, 0x1C, 0x00, 0x38, 0x01, 0xF6, 0x07,
    0xDE, 0x0F, 0x3C, 0x1C, 0x78, 0x38, 0xF0, 0x71, 0xE0, 0xE3, 0xC1, 0xC7, 0x83, 0x8F, 0x07, 0x0E,
    0x0E, 0x1F, 0x7C, 0x1F, 0xF0, 0x1F, 0xC0, 0x0C, 0x00, 0x00, 0x00, 0x0E, 0x70, 0x00, 0x00, 0x07,
    0xE0, 0x00, 0x00, 0x03, 0xC0, 0x00, 0x00, 0x01, 0xC0, 0xFF, 0xC0, 0x3F, 0xFE, 0xFF, 0xF0, 0x3F,
    0xFE, 0xFF, 0xF8, 0x3F, 0xFE, 0xE0, 0x7C, 0x00, 0x3E, 0xE0, 0x3C, 0x00, 0x3C, 0xE0, 0x1E, 0x00,
    0x78, 0xE0, 0x1E, 0x00, 0xF0, 0xE0, 0x0E, 0x01, 0xE0, 0xE0, 0x0E, 0x01, 0xE0, 0xE0, 0x0E, 0x03,
    0xC0, 0xE0, 0x0E, 0x07, 0x80, 0xE0, 0x0E, 0x0F, 0x00, 0xE0, 0x1E, 0x1F, 0x00, 0xE0, 0x1C, 0x1E,
    0x00, 0xE0, 0x3C, 0x3C, 0x00, 0xFF, 0xF8, 0x7F, 0xFC, 0xFF, 0xF0, 0x7F, 0xFE, 0xFF, 0xE0, 0x7F,
    0xFE, 0x00, 0x00, 0x10, 0x8F, 0xFC, 0x03, 0x9C, 0xFF, 0xF0, 0x1F, 0x8F, 0xFF, 0x80, 0xF0, 0xE0,
    0x7C, 0x06, 0x0E, 0x03, 0xC0, 0x00, 0xE0, 0x1E, 0x7F, 0xEE, 0x01, 0xE7, 0xFE, 0xE0, 0x0E, 0x3F,
    0xEE, 0x00, 0xE0, 0x3C, 0xE0, 0x0E, 0x07, 0x8E, 0x00, 0xE0, 0x78, 0xE0, 0x0E, 0x0F, 0x0E, 0x01,
    0xE1, 0xE0, 0xE0, 0x1C, 0x3C, 0x0E, 0x03, 0xC3, 0xC0, 0xFF, 0xF8, 0x7F, 0xEF, 0xFF, 0x0F, 0xFE,
    0xFF, 0xE0, 0x7F, 0xE0, 0x00, 0x18, 0x21, 0x00, 0x0E, 0x1D, 0xC0, 0x03, 0x83, 0xF0, 0x00, 0xE0,
    0xF8, 0x00, 0x38, 0x0C, 0x03, 0xCE, 0x00, 0x03, 0xFF, 0x8F, 0xFD, 0xFF, 0xE7, 0xFF, 0x78, 0xF8,
    0xFF, 0xBC, 0x1E, 0x01, 0xEE, 0x03, 0x80, 0xF3, 0x80, 0xE0, 0x78, 0xE0, 0x38, 0x1C, 0x38, 0x0E,
    0x0F, 0x0E, 0x03, 0x87, 0x83, 0xC1, 0xE3, 0xC0, 0x7D, 0xF8, 0xFF, 0x8F, 0xFE, 0x7F, 0xF1, 0xFB,
    0x9F, 0xFC, 0x18, 0x00, 0x00, 0xC0, 0x00, 0x06, 0xE0, 0x00, 0x07, 0xE0, 0x00, 0x07, 0xE0, 0x00,
    0x07, 0xE0, 0x00, 0x07, 0xE0, 0x00, 0x07, 0xE0, 0x00, 0x07, 0xE0, 0x00, 0x07, 0xE0, 0x00, 0x07,
    0xE0, 0x00, 0x07, 0xE0, 0x00, 0x07, 0xE0, 0x00, 0x07, 0xE0, 0x00, 0x07, 0xE0, 0x02, 0x07, 0xE0,
    0x07, 0x0F, 0xFF, 0xE7, 0xFE, 0xFF, 0xE7, 0xFE, 0xFF, 0xE3, 0xFC, 0x00, 0x00, 0x60, 0xC0, 0x03,
    0x70, 0x03, 0xF8, 0x01, 0xFC, 0x00, 0x0E, 0x00, 0x07, 0x00, 0x1F, 0x80, 0x0F, 0xC0, 0x07, 0xE0,
    0x03, 0xF0, 0x01, 0xF8, 0x00, 0xFC, 0x00, 0x7E, 0x00, 0x3F, 0x00, 0x1F, 0x80, 0x0F, 0xFF, 0xC7,
    0xFF, 0xE3, 0xFF, 0xF1, 0xC0, 0x01, 0xE0, 0x00, 0xF0, 0x01, 0xF0, 0x00, 0xF8, 0x00, 0x78, 0x60,
    0x1C, 0x77, 0x1D, 0xC7, 0x70, 0x1C, 0x27, 0x1D, 0xC7, 0x71, 0xDC, 0x77, 0x1D, 0xC7, 0x71, 0xDC,
    0x77, 0x1D, 0xC7, 0x71, 0xDC, 0x77, 0x1C, 0x07, 0x03, 0xC1, 0xF0, 0xF8, 0x3C, 0xC0, 0x0C, 0x00,
    0x37, 0x00, 0x70, 0x03, 0xFC, 0x03, 0x80, 0x1F, 0xF0, 0x1C, 0x00, 0xFF, 0xC0, 0xE0, 0x07, 0xFE,
    0x07, 0x00, 0x3F, 0xF8, 0x38, 0x01, 0xFD, 0xE1, 0xC0, 0x0F, 0xE7, 0x8E, 0x00, 0x7F, 0x3C, 0x70,
    0x03, 0xF8, 0xF3, 0x80, 0x1F, 0xC3, 0xDC, 0x00, 0xFE, 0x0F, 0xE0, 0x07, 0xF0, 0x7F, 0x10, 0x3F,
    0x81, 0xF9, 0xC1, 0xDC, 0x07, 0xCF, 0xFE, 0xE0, 0x1E, 0x3F, 0xE7, 0x00, 0xE0, 0xFE, 0x00, 0x00,
    0x01, 0xC0, 0xC0, 0x0C, 0x3B, 0x80, 0x38, 0xEF, 0x00, 0xE3, 0xBE, 0x03, 0x80, 0xFC, 0x0E, 0x03,
    0xF0, 0x38, 0xEF, 0xE0, 0xE3, 0xBB, 0xC3, 0x8E, 0xE7, 0x8E, 0x3B, 0x9E, 0x38, 0xEE, 0x3C, 0xE3,
    0xB8, 0x7B, 0x8E, 0xE0, 0xFE, 0x3B, 0x83, 0xF8, 0xEE, 0x07, 0xE3, 0xB8, 0x0F, 0x8E, 0xE0, 0x1E,
    0x3B, 0x80, 0x70, 0xE0, 0x00, 0x03, 0x80, 0x00, 0x0E, 0x00, 0x00, 0xF8, 0x00, 0x07, 0xC0, 0x00,
    0x0E, 0x00, 0x00, 0x00, 0xC0, 0x00, 0x3C, 0x00, 0x07, 0x80, 0x00, 0x00, 0x3C, 0x00, 0xDF, 0xC1,
    0xFF, 0xFC, 0x7F, 0xC7, 0x8F, 0xF0, 0x71, 0xFE, 0x0E, 0x3F, 0xC1, 0xC7, 0xF8, 0x38, 0xFF, 0x07,
    0x1F, 0xE0, 0xE3, 0xFC, 0x1C, 0x7F, 0x83, 0x8F, 0xF0, 0x71, 0xEC, 0x0E, 0x3C, 0x00, 0x07, 0x80,
    0x00, 0xF0, 0x00, 0x7C, 0x00, 0x0F, 0x80, 0x01, 0xE0, 0x0E, 0x70, 0x07, 0xE0, 0x03, 0xE0, 0x01,
    0xC0, 0x01, 0x80, 0x03, 0xC0, 0x03, 0xC0, 0x03, 0xE0, 0x07, 0xE0, 0x07, 0xE0, 0x0F, 0xF0, 0x0E,
    0x70, 0x1E, 0x78, 0x1C, 0x38, 0x1C, 0x38, 0x3F, 0xFC, 0x3F, 0xFC, 0x7F, 0xFE, 0x70, 0x0E, 0x70,
    0x0F, 0xE0, 0x07, 0xE0, 0x07, 0x00, 0x00, 0x00, 0x40, 0xEE, 0x07, 0xF0, 0x1F, 0x00, 0x30, 0x07,
    0x88, 0xFF, 0xEF, 0xFF, 0x78, 0xFF, 0x83, 0xF8, 0x0F, 0xC0, 0x7E, 0x03, 0xF0, 0x1F, 0x80, 0xFE,
    0x0F, 0x7D, 0xF9, 0xFF, 0xC7, 0xEE, 0x0C, 0x00, 0x67, 0x7F, 0x3E, 0x1C, 0x18, 0x1C, 0x1C, 0x1C,
    0x1C, 0x1C, 0x1C, 0x1C, 0x1C, 0x1C, 0x1C, 0x1C, 0x1C, 0x1C, 0x1C, 0x1C, 0x1C, 0x1C, 0x42, 0xEE,
    0x7E, 0x3C, 0x18, 0x10, 0x38, 0x38, 0x38, 0x38, 0x38, 0x38, 0x38, 0x38, 0x38, 0x38, 0x38, 0x38,
    0x38, 0x07, 0x30, 0x03, 0xF8, 0x00, 0xF8, 0x00, 0x38, 0x00, 0x7F, 0x00, 0xFF, 0xE0, 0xFF, 0xF8,
    0xFC, 0x3E, 0x78, 0x0F, 0x78, 0x03, 0xFC, 0x01, 0xFC, 0x00, 0x7E, 0x00, 0x3F, 0x00, 0x1F, 0x80,
    0x0F, 0xC0, 0x07, 0xF0, 0x07, 0xBC, 0x03, 0x9F, 0x07, 0xC7, 0xFF, 0xC1, 0xFF, 0xC0, 0x7F, 0xC0,
    0x07, 0x00, 0x08, 0x40, 0x77, 0x00, 0xFC, 0x03, 0xE0, 0x03, 0x00, 0x1E, 0x01, 0xFE, 0x0F, 0xFC,
    0x78, 0xFB, 0xC1, 0xEE, 0x03, 0xB8, 0x0F, 0xE0, 0x3F, 0x80, 0xFE, 0x03, 0xBC, 0x1E, 0x7D, 0xF8,
    0xFF, 0xC1, 0xFE, 0x01, 0xC0, 0x1C, 0xE0, 0x3F, 0x00, 0xF8, 0x01, 0xC0, 0xC0, 0x1B, 0x80, 0x7E,
    0x01, 0xF8, 0x07, 0xE0, 0x1F, 0x80, 0x7E, 0x01, 0xF8, 0x07, 0xE0, 0x1F, 0x80, 0x7E, 0x01, 0xF8,
    0x07, 0xE0, 0x1F, 0xC0, 0xFF, 0x87, 0x9F, 0xFE, 0x3F, 0xF0, 0x7F, 0x80, 0x20, 0x00, 0x10, 0x81,
    0xDC, 0x1F, 0x80, 0xF0, 0x06, 0x00, 0x00, 0x60, 0x7F, 0x07, 0xF0, 0x7F, 0x07, 0xF0, 0x7F, 0x07,
    0xF0, 0x7F, 0x07, 0xF0, 0x77, 0x07, 0x7D, 0xF3, 0xFE, 0x1F, 0xC0, 0x60, 0x07, 0x30, 0x07, 0xF0,
    0x03, 0xE0, 0x01, 0xC0, 0x03, 0xF8, 0x0F, 0xFC, 0x1F, 0xFE, 0x3E, 0x1C, 0x78, 0x00, 0xF0, 0x00,
    0xF0, 0x00, 0xE0, 0x00, 0xE0, 0x7C, 0xE0, 0xFE, 0xE0, 0xFF, 0xF0, 0x7F, 0xF0, 0x0F, 0x78, 0x0F,
    0x7C, 0x0F, 0x3F, 0xFF, 0x1F, 0xFE, 0x07, 0xFC, 0x00, 0xE0, 0x08, 0x40, 0x73, 0x80, 0xFC, 0x01,
    0xE0, 0x03, 0x00, 0x3C, 0x63, 0xFF, 0x9F, 0xFE, 0x78, 0xFB, 0xC1, 0xEE, 0x03, 0xB8, 0x0E, 0xE0,
    0x3B, 0x80, 0xEE, 0x03, 0xBC, 0x1E, 0x7D, 0xF8, 0xFF, 0xE1, 0xFF, 0x81, 0x8E, 0x20, 0x79, 0xFF,
    0xE7, 0xFF, 0x07, 0xF0, 0x07, 0xF0, 0x0F, 0xFE, 0x0F, 0xFF, 0x8F, 0xC3, 0xE7, 0x80, 0xF7, 0x80,
    0x3F, 0xC0, 0x1F, 0xC0, 0x07, 0xE0, 0x03, 0xF0, 0x01, 0xF8, 0x00, 0xFC, 0x00, 0x7F, 0x00, 0x7B,
    0xC0, 0x39, 0xF0, 0x7C, 0x7F, 0xFC, 0x1F, 0xFC, 0x07, 0xFC, 0x00, 0x70, 0x00, 0x70, 0x00, 0x3B,
    0x00, 0x1F, 0x80, 0x07, 0xC0, 0x00, 0x00, 0x03, 0xC0, 0x1F, 0xE0, 0xFF, 0xE1, 0xE3, 0xE7, 0x83,
    0xCE, 0x03, 0x9C, 0x07, 0xB8, 0x0F, 0x70, 0x1E, 0xE0, 0x39, 0xE0, 0xF1, 0xF7, 0xC1, 0xFF, 0x81,
    0xFC, 0x00, 0xF0, 0x01, 0xC0, 0x03, 0xB0, 0x07, 0xE0, 0x07, 0x80, 0x00, 0x00, 0xFF, 0xC0, 0x00,
    0x0F, 0xFF, 0x00, 0x00, 0xFF, 0xF8, 0x00, 0x0E, 0x07, 0xC0, 0x00, 0xE0, 0x3C, 0x00, 0x0E, 0x01,
    0xE7, 0xFE, 0xE0, 0x1E, 0x7F, 0xEE, 0x00, 0xE3, 0xFE, 0xE0, 0x0E, 0x03, 0xCE, 0x00, 0xE0, 0x78,
    0xE0, 0x0E, 0x07, 0x8E, 0x00, 0xE0, 0xF0, 0xE0, 0x1E, 0x1E, 0x0E, 0x01, 0xC3, 0xC0, 0xE0, 0x3C,
    0x3C, 0x0F, 0xFF, 0x87, 0xFE, 0xFF, 0xF0, 0xFF, 0xEF, 0xFE, 0x07, 0xFE, 0x00, 0x70, 0x00, 0xF0,
    0x01, 0xF0, 0x01, 0xC0, 0x01, 0x80, 0x03, 0xE0, 0x07, 0xE0, 0x06, 0x60, 0x07, 0xE0, 0x03, 0xC0,
    0x03, 0xC0, 0x03, 0xE0, 0x07, 0xE0, 0x07, 0xE0, 0x0F, 0xF0, 0x0E, 0x70, 0x1E, 0x78, 0x1C, 0x38,
    0x1C, 0x38, 0x3F, 0xFC, 0x3F, 0xFC, 0x7F, 0xFE, 0x70, 0x0E, 0x70, 0x0F, 0xE0, 0x07, 0xE0, 0x07,
    0x00, 0x00, 0x00, 0xE0, 0x0F, 0x00, 0xF0, 0x06, 0x00, 0x70, 0x07, 0xC0, 0x3F, 0x01, 0xB8, 0x0F,
    0xC0, 0x3C, 0x03, 0xC4, 0x7F, 0xF7, 0xFF, 0xBC, 0x7F, 0xC1, 0xFC, 0x07, 0xE0, 0x3F, 0x01, 0xF8,
    0x0F, 0xC0, 0x7F, 0x07, 0xBE, 0xFC, 0xFF, 0xE3, 0xF7, 0x06, 0x00, 0x00, 0x00, 0xE0, 0x00, 0x07,
    0x80, 0x00, 0x3E, 0x00, 0x00, 0xE0, 0x00, 0x1F, 0xF8, 0x00, 0xFF, 0xF0, 0x07, 0xFF, 0x80, 0x1F,
    0x00, 0x00, 0xFC, 0x00, 0x07, 0xF0, 0x00, 0x1F, 0xC0, 0x00, 0xFF, 0x00, 0x07, 0xBF, 0xF0, 0x1C,
    0xFF, 0xC0, 0xE3, 0xFF, 0x07, 0xFF, 0x00, 0x3F, 0xFC, 0x00, 0xFF, 0xF0, 0x07, 0xFF, 0xC0, 0x3C,
    0x0F, 0xFE, 0xE0, 0x3F, 0xFF, 0x80, 0xFF, 0xF0, 0x00, 0x00, 0x00, 0x00, 0x00, 0x00, 0x01, 0xC0,
    0x00, 0x0E, 0x00, 0x00, 0xF0, 0x00, 0x07, 0x00, 0x00, 0x30, 0x00, 0x3C, 0x1E, 0x07, 0xFB, 0xFC,
    0x7F, 0xFF, 0xF7, 0x8F, 0xC7, 0xB8, 0x3C, 0x1E, 0x01, 0xE0, 0x73, 0xFF, 0xFF, 0xBF, 0xFF, 0xFF,
    0xE3, 0xC0, 0x1C, 0x1E, 0x00, 0xE0, 0xF0, 0x37, 0x9F, 0xE7, 0xFF, 0xEF, 0xFC, 0xFE, 0x3F, 0xC0,
    0xC0, 0x38, 0x00, 0x00, 0x70, 0x00, 0x78, 0x00, 0x7C, 0x00, 0x38, 0x20, 0x7F, 0x38, 0xFF, 0xFC,
    0xFF, 0xFC, 0xFC, 0x3E, 0x78, 0x3F, 0x78, 0x1F, 0xFC, 0x1D, 0xFC, 0x1E, 0x7E, 0x1E, 0x3F, 0x1E,
    0x1F, 0x8E, 0x0F, 0xCE, 0x07, 0xFF, 0x07, 0xBF, 0x03, 0x9F, 0x07, 0xCF, 0xFF, 0xC7, 0xFF, 0xC7,
    0x7F, 0xC3, 0x87, 0x00, 0x00, 0x00, 0x07, 0x00, 0x1C, 0x00, 0xF0, 0x03, 0x80, 0x1E, 0x61, 0xFF,
    0x8F, 0xFE, 0x78, 0xFB, 0xC7, 0xEE, 0x3F, 0xB8, 0xEF, 0xE7, 0x3F, 0xBC, 0xFF, 0xE3, 0xBF, 0x1E,
    0x7D, 0xFB, 0xFF, 0xCF, 0xFE, 0x11, 0xC0, 0x31, 0x80, 0x3D, 0xE0, 0x3F, 0xF0, 0x0E, 0x70, 0x00,
    0x00, 0x01, 0x80, 0x03, 0xC0, 0x03, 0xC0, 0x03, 0xE0, 0x07, 0xE0, 0x07, 0xE0, 0x0F, 0xF0, 0x0E,
    0x70, 0x1E, 0x78, 0x1C, 0x38, 0x1C, 0x38, 0x3F, 0xFC, 0x3F, 0xFC, 0x7F, 0xFE, 0x70, 0x0E, 0x70,
    0x0F, 0xE0, 0x07, 0xE0, 0x07, 0x00, 0x00, 0x63, 0x03, 0xBC, 0x1F, 0xF0, 0x3B, 0x80, 0x84, 0x07,
    0x88, 0xFF, 0xEF, 0xFF, 0x78, 0xFF, 0x83, 0xF8, 0x0F, 0xC0, 0x7E, 0x03, 0xF0, 0x1F, 0x80, 0xFE,
    0x0F, 0x7D, 0xF9, 0xFF, 0xC7, 0xEE, 0x0C, 0x00, 0x03, 0xC0, 0x07, 0xF0, 0x0F, 0xF0, 0x0C, 0x30,
    0x00, 0x00, 0x01, 0x80, 0x03, 0xC0, 0x03, 0xC0, 0x03, 0xE0, 0x07, 0xE0, 0x07, 0xE0, 0x0F, 0xF0,
    0x0E, 0x70, 0x1E, 0x78, 0x1C, 0x38, 0x1C, 0x38, 0x3F, 0xFC, 0x3F, 0xFC, 0x7F, 0xFE, 0x70, 0x0E,
    0x70, 0x0F, 0xE0, 0x07, 0xE0, 0x07, 0x00, 0x00, 0x07, 0x80, 0xFE, 0x07, 0xF8, 0x31, 0xC0, 0x00,
    0x07, 0x88, 0xFF, 0xEF, 0xFF, 0x78, 0xFF, 0x83, 0xF8, 0x0F, 0xC0, 0x7E, 0x03, 0xF0, 0x1F, 0x80,
    0xFE, 0x0F, 0x7D, 0xF9, 0xFF, 0xC7, 0xEE, 0x0C, 0x00, 0x63, 0x03, 0xBC, 0x1E, 0xF0, 0x79, 0xC0,
    0x00, 0x3F, 0xF9, 0xFF, 0xEF, 0xFE, 0x70, 0x03, 0x80, 0x1C, 0x00, 0xE0, 0x07, 0xFC, 0x3F, 0xF1,
    0xFF, 0x8F, 0xF8, 0x70, 0x03, 0x80, 0x1C, 0x00, 0xE0, 0x07, 0xFF, 0x3F, 0xFD, 0xFF, 0xC0, 0x66,
    0x03, 0xB8, 0x1F, 0xE0, 0x7B, 0x80, 0x88, 0x07, 0x80, 0xFF, 0x0F, 0xFC, 0x78, 0xF7, 0x83, 0xB8,
    0x1F, 0xFF, 0xFF, 0xFF, 0xF0, 0x03, 0x80, 0x1E, 0x06, 0x7C, 0xF1, 0xFF, 0x87, 0xF8, 0x0E, 0x00,
    0x1F, 0x03, 0xF8, 0x3F, 0xC3, 0x1C, 0x00, 0x0F, 0xFE, 0xFF, 0xFF, 0xFE, 0xE0, 0x0E, 0x00, 0xE0,
    0x0E, 0x00, 0xFF, 0x8F, 0xFC, 0xFF, 0xCF, 0xF8, 0xE0, 0x0E, 0x00, 0xE0, 0x0E, 0x00, 0xFF, 0xEF,
    0xFF, 0xFF, 0xE0, 0x0F, 0x00, 0xFE, 0x0F, 0xF0, 0x71, 0x80, 0x00, 0x07, 0x80, 0xFF, 0x0F, 0xFC,
    0x78, 0xF7, 0x83, 0xB8, 0x1F, 0xFF, 0xFF, 0xFF, 0xF0, 0x03, 0x80, 0x1E, 0x06, 0x7C, 0xF1, 0xFF,
    0x87, 0xF8, 0x0E, 0x00, 0x67, 0x3D, 0xEF, 0xFC, 0xE7, 0x00, 0x01, 0x80, 0x70, 0x1C, 0x07, 0x01,
    0xC0, 0x70, 0x1C, 0x07, 0x01, 0xC0, 0x70, 0x1C, 0x07, 0x01, 0xC0, 0x70, 0x1C, 0x07, 0x01, 0xC0,
    0x70, 0x66, 0x3F, 0xC7, 0xF8, 0xEF, 0x08, 0x81, 0x00, 0xE0, 0x38, 0x0E, 0x03, 0x80, 0xE0, 0x38,
    0x0E, 0x03, 0x80, 0xE0, 0x38, 0x0E, 0x03, 0x80, 0xE0, 0x3E, 0x3F, 0xBF, 0xDC, 0x60, 0x00, 0xC0,
    0x70, 0x38, 0x1C, 0x0E, 0x07, 0x03, 0x81, 0xC0, 0xE0, 0x70, 0x38, 0x1C, 0x0E, 0x07, 0x03, 0x81,
    0xC0, 0xE0, 0x70, 0x3C, 0x7E, 0xFF, 0xC7, 0x00, 0x10, 0x38, 0x38, 0x38, 0x38, 0x38, 0x38, 0x38,
    0x38, 0x38, 0x38, 0x38, 0x38, 0x38, 0x19, 0xC0, 0x1E, 0xF0, 0x07, 0xBC, 0x01, 0xEE, 0x00, 0x00,
    0x00, 0x3F, 0x80, 0x7F, 0xF0, 0x7F, 0xFC, 0x7E, 0x1F, 0x3C, 0x07, 0xBC, 0x01, 0xFE, 0x00, 0xFE,
    0x00, 0x3F, 0x00, 0x1F, 0x80, 0x0F, 0xC0, 0x07, 0xE0, 0x03, 0xF8, 0x03, 0xDE, 0x01, 0xCF, 0x83,
    0xE3, 0xFF, 0xE0, 0xFF, 0xE0, 0x3F, 0xE0, 0x03, 0x80, 0x73, 0x01, 0xFE, 0x07, 0xFC, 0x07, 0x70,
    0x08, 0x40, 0x1E, 0x01, 0xFE, 0x0F, 0xFC, 0x78, 0xFB, 0xC1, 0xEE, 0x03, 0xB8, 0x0F, 0xE0, 0x3F,
    0x80, 0xFE, 0x03, 0xBC, 0x1E, 0x7D, 0xF8, 0xFF, 0xC1, 0xFE, 0x01, 0xC0, 0x03, 0xE0, 0x03, 0xF8,
    0x03, 0xFE, 0x01, 0xC7, 0x00, 0x00, 0x00, 0x3F, 0x80, 0x7F, 0xF0, 0x7F, 0xFC, 0x7E, 0x1F, 0x3C,
    0x07, 0xBC, 0x01, 0xFE, 0x00, 0xFE, 0x00, 0x3F, 0x00, 0x1F, 0x80, 0x0F, 0xC0, 0x07, 0xE0, 0x03,
    0xF8, 0x03, 0xDE, 0x01, 0xCF, 0x83, 0xE3, 0xFF, 0xE0, 0xFF, 0xE0, 0x3F, 0xE0, 0x03, 0x80, 0x07,
    0x80, 0x3F, 0x01, 0xFE, 0x06, 0x38, 0x00, 0x00, 0x1E, 0x01, 0xFE, 0x0F, 0xFC, 0x78, 0xFB, 0xC1,
    0xEE, 0x03, 0xB8, 0x0F, 0xE0, 0x3F, 0x80, 0xFE, 0x03, 0xBC, 0x1E, 0x7D, 0xF8, 0xFF, 0xC1, 0xFE,
    0x01, 0xC0, 0x67, 0x01, 0xEF, 0x01, 0xEF, 0x01, 0xEE, 0x00, 0x00, 0x1F, 0xF8, 0x3F, 0xFC, 0x7F,
    0xFC, 0xE0, 0x79, 0xC0, 0x7B, 0x80, 0xF7, 0x01, 0xEE, 0x03, 0x9C, 0x0F, 0x3F, 0xFC, 0x7F, 0xF8,
    0xFF, 0xF9, 0xC0, 0x73, 0x80, 0xE7, 0x01, 0xCE, 0x03, 0xDC, 0x07, 0xB8, 0x07, 0x00, 0x00, 0x66,
    0x1E, 0xE1, 0xFE, 0x1E, 0xE0, 0x88, 0x01, 0xC6, 0xF9, 0xFF, 0x3E, 0x07, 0x80, 0xF0, 0x1E, 0x03,
    0xC0, 0x78, 0x0F, 0x01, 0xE0, 0x3C, 0x07, 0x80, 0x60, 0x00, 0x0F, 0x80, 0x3F, 0x80, 0xFF, 0x81,
    0xC7, 0x00, 0x00, 0x1F, 0xF8, 0x3F, 0xFC, 0x7F, 0xFC, 0xE0, 0x79, 0xC0, 0x7B, 0x80, 0xF7, 0x01,
    0xEE, 0x03, 0x9C, 0x0F, 0x3F, 0xFC, 0x7F, 0xF8, 0xFF, 0xF9, 0xC0, 0x73, 0x80, 0xE7, 0x01, 0xCE,
    0x03, 0xDC, 0x07, 0xB8, 0x07, 0x00, 0x00, 0x3C, 0x3F, 0xBF, 0xDC, 0x60, 0x00, 0x1D, 0xBF, 0xFF,
    0xF8, 0x78, 0x3C, 0x1E, 0x0F, 0x07, 0x83, 0xC1, 0xE0, 0xF0, 0x78, 0x18, 0x00, 0x63, 0x01, 0xDE,
    0x07, 0xBC, 0x0F, 0x38, 0x00, 0x03, 0x00, 0x6E, 0x01, 0xF8, 0x07, 0xE0, 0x1F, 0x80, 0x7E, 0x01,
    0xF8, 0x07, 0xE0, 0x1F, 0x80, 0x7E, 0x01, 0xF8, 0x07, 0xE0, 0x1F, 0x80, 0x7F, 0x03, 0xFE, 0x1E,
    0x7F, 0xF8, 0xFF, 0xC1, 0xFE, 0x00, 0x80, 0x66, 0x07, 0x70, 0x7F, 0x83, 0xDC, 0x08, 0x80, 0x00,
    0x60, 0x7F, 0x07, 0xF0, 0x7F, 0x07, 0xF0, 0x7F, 0x07, 0xF0, 0x7F, 0x07, 0xF0, 0x77, 0x07, 0x7D,
    0xF3, 0xFE, 0x1F, 0xC0, 0x60, 0x07, 0x80, 0x7F, 0x01, 0xFE, 0x06, 0x18, 0x00, 0x03, 0x00, 0x6E,
    0x01, 0xF8, 0x07, 0xE0, 0x1F, 0x80, 0x7E, 0x01, 0xF8, 0x07, 0xE0, 0x1F, 0x80, 0x7E, 0x01, 0xF8,
    0x07, 0xE0, 0x1F, 0x80, 0x7F, 0x03, 0xFE, 0x1E, 0x7F, 0xF8, 0xFF, 0xC1, 0xFE, 0x00, 0x80, 0x0F,
    0x01, 0xFC, 0x3F, 0xC3, 0x8C, 0x00, 0x00, 0x00, 0x60, 0x7F, 0x07, 0xF0, 0x7F, 0x07, 0xF0, 0x7F,
    0x07, 0xF0, 0x7F, 0x07, 0xF0, 0x77, 0x07, 0x7D, 0xF3, 0xFE, 0x1F, 0xC0, 0x60, 0x0F, 0xE0, 0x7F,
    0xE3, 0xFF, 0x9E, 0x0F, 0x70, 0x19, 0xC0, 0x07, 0x80, 0x0F, 0x80, 0x3F, 0xE0, 0x7F, 0xC0, 0x3F,
    0x80, 0x1F, 0x00, 0x3C, 0x80, 0x77, 0x03, 0xDF, 0xFE, 0x7F, 0xF8, 0x7F, 0x80, 0x38, 0x00, 0xE0,
    0x03, 0xC0, 0x0E, 0x00, 0x38, 0x00, 0x0F, 0x07, 0xF9, 0xFF, 0xB8, 0x77, 0x04, 0xF0, 0x0F, 0xC0,
    0xFE, 0x07, 0xE0, 0x1D, 0x83, 0xFC, 0x77, 0xFE, 0x7F, 0x81, 0x80, 0x70, 0x1F, 0x03, 0xE0, 0x1C,
    0x07, 0x80, 0xE0, 0x18, 0x00, 0x7F, 0xFD, 0xFF, 0xFD, 0xFF, 0xF8, 0x1C, 0x00, 0x38, 0x00, 0x70,
    0x00, 0xE0, 0x01, 0xC0, 0x03, 0x80, 0x07, 0x00, 0x0E, 0x00, 0x1C, 0x00, 0x38, 0x00, 0x70, 0x00,
    0xE0, 0x01, 0xC0, 0x03, 0x80, 0x07, 0x00, 0x00, 0x00, 0x1E, 0x00, 0x3C, 0x00, 0x78, 0x00, 0xE0,
    0x00, 0x08, 0x0E, 0x07, 0x03, 0x8F, 0xFF, 0xFD, 0xFC, 0x38, 0x1C, 0x0E, 0x07, 0x03, 0x81, 0xC0,
    0xE0, 0x7C, 0x3F, 0x0F, 0x00, 0x03, 0x03, 0xC1, 0xF0, 0x30, 0x38, 0x38, 0x08, 0x00, 0xE3, 0xC7,
    0x86, 0x01, 0xDE, 0xEE, 0x20, 0x38, 0xFB, 0xFF, 0x70, 0x00, 0x31, 0xFE, 0xFF, 0xF9, 0xF4, 0x20,
    0xFF, 0xFF, 0xDF, 0xC0, 0xC3, 0xE7, 0xFF, 0x7E, 0xEE, 0xE0, 0xE7, 0xF7, 0xE7, 0x07, 0xFE, 0x33,
    0x98, 0x31, 0xEF, 0xF3, 0xFD, 0xE0, 0x33, 0x3B, 0xBD, 0xDD, 0xCC, 0x40, 0x03, 0xDF, 0xFB, 0xE1,
    0x00, 0x66, 0x3F, 0xC7, 0xF8, 0xEF, 0x08, 0x80, 0x3C, 0x3F, 0x3F, 0xDC, 0x60, 0x00, 0x23, 0xBD,
    0xCF, 0x79, 0x80, 0x18, 0x63, 0x9E, 0xF9, 0x80, 0xEE, 0xE0, 0xE7, 0xE7, 0xE7, 0x33, 0xDE, 0x77,
    0xB9, 0x80, 0x33, 0xBD, 0xCE, 0x00, 0x19, 0xEF, 0x38, 0xFF, 0xFF, 0x80, 0x38, 0xFB, 0xFE, 0x30,
    0xC3, 0x73, 0xBF, 0xCF, 0xC1, 0x80, 0xFF, 0x7F, 0xFF, 0xC0, 0xFE, 0xFE, 0xFE, 0x01, 0x80, 0x03,
    0xC0, 0x03, 0xC0, 0x03, 0xE0, 0x07, 0xE0, 0x07, 0xE0, 0x0F, 0xF0, 0x0E, 0x70, 0x1E, 0x78, 0x1C,
    0x38, 0x1C, 0x38, 0x3F, 0xFC, 0x3F, 0xFC, 0x7F, 0xFE, 0x70, 0x0E, 0x70, 0x0F, 0xE0, 0x07, 0xE0,
    0x07, 0x00, 0x00, 0x03, 0xC0, 0x03, 0xC0, 0x01, 0x80, 0x0F, 0x11, 0xFF, 0xDF, 0xFE, 0xF1, 0xFF,
    0x07, 0xF0, 0x1F, 0x80, 0xFC, 0x07, 0xE0, 0x3F, 0x01, 0xFC, 0x1E, 0xFB, 0xF3, 0xFF, 0x8F, 0xDC,
    0x18, 0x00, 0xE0, 0x07, 0x00, 0x38, 0x00, 0x00, 0x00, 0x03, 0xC0, 0x07, 0xC0, 0x00, 0xC0, 0x01,
    0xC0, 0x01, 0x80, 0x00, 0x00, 0x01, 0x80, 0x03, 0xC0, 0x03, 0xC0, 0x03, 0xE0, 0x07, 0xE0, 0x07,
    0xE0, 0x0F, 0xF0, 0x0E, 0x70, 0x1E, 0x78, 0x1C, 0x38, 0x1C, 0x38, 0x3F, 0xFC, 0x3F, 0xFC, 0x7F,
    0xFE, 0x70, 0x0E, 0x70, 0x0F, 0xE0, 0x07, 0xE0, 0x07, 0x00, 0x00, 0x00, 0x00, 0x78, 0x03, 0xE0,
    0x03, 0x00, 0x30, 0x01, 0x80, 0x3C, 0x47, 0xFF, 0x7F, 0xFB, 0xC7, 0xFC, 0x1F, 0xC0, 0x7E, 0x03,
    0xF0, 0x1F, 0x80, 0xFC, 0x07, 0xF0, 0x7B, 0xEF, 0xCF, 0xFE, 0x3F, 0x70, 0x60, 0x00, 0x00, 0x07,
    0x01, 0x8F, 0x03, 0xDE, 0x07, 0xF8, 0x0F, 0x70, 0x04, 0x20, 0x01, 0x80, 0x03, 0xC0, 0x03, 0xC0,
    0x03, 0xE0, 0x07, 0xE0, 0x07, 0xE0, 0x0F, 0xF0, 0x0E, 0x70, 0x1E, 0x78, 0x1C, 0x38, 0x1C, 0x38,
    0x3F, 0xFC, 0x3F, 0xFC, 0x7F, 0xFE, 0x70, 0x0E, 0x70, 0x0F, 0xE0, 0x07, 0xE0, 0x07, 0x00, 0x00,
    0x00, 0x00, 0x00, 0xE0, 0x03, 0x81, 0xDE, 0x0F, 0xF0, 0x7F, 0x81, 0xDC, 0x00, 0x00, 0x0F, 0x10,
    0xFF, 0xE7, 0xFF, 0x9E, 0x3E, 0xF0, 0x7B, 0x80, 0xEE, 0x03, 0xB8, 0x0E, 0xE0, 0x3B, 0x80, 0xEF,
    0x07, 0x9F, 0x7E, 0x3F, 0xF8, 0x7E, 0xE0, 0x60, 0x00, 0x01, 0xC0, 0x01, 0xF0, 0x00, 0xF8, 0x01,
    0xB0, 0x03, 0xC0, 0x07, 0xE0, 0x0F, 0x70, 0x04, 0x20, 0x01, 0x80, 0x03, 0xC0, 0x03, 0xC0, 0x03,
    0xE0, 0x07, 0xE0, 0x07, 0xE0, 0x0F, 0xF0, 0x0E, 0x70, 0x1E, 0x78, 0x1C, 0x38, 0x1C, 0x38, 0x3F,
    0xFC, 0x3F, 0xFC, 0x7F, 0xFE, 0x70, 0x0E, 0x70, 0x0F, 0xE0, 0x07, 0xE0, 0x07, 0x00, 0x00, 0x03,
    0x80, 0x1E, 0x00, 0x78, 0x0F, 0xC0, 0xF8, 0x0F, 0xC0, 0x77, 0x00, 0x00, 0x0F, 0x11, 0xFF, 0xDF,
    0xFE, 0xF1, 0xFF, 0x07, 0xF0, 0x1F, 0x80, 0xFC, 0x07, 0xE0, 0x3F, 0x01, 0xFC, 0x1E, 0xFB, 0xF3,
    0xFF, 0x8F, 0xDC, 0x18, 0x00, 0x00, 0x00, 0x00, 0x3C, 0x00, 0x7E, 0x01, 0x8E, 0x03, 0xCC, 0x07,
    0xEC, 0x0F, 0x70, 0x04, 0x20, 0x01, 0x80, 0x03, 0xC0, 0x03, 0xC0, 0x03, 0xE0, 0x07, 0xE0, 0x07,
    0xE0, 0x0F, 0xF0, 0x0E, 0x70, 0x1E, 0x78, 0x1C, 0x38, 0x1C, 0x38, 0x3F, 0xFC, 0x3F, 0xFC, 0x7F,
    0xFE, 0x70, 0x0E, 0x70, 0x0F, 0xE0, 0x07, 0xE0, 0x07, 0x00, 0x00, 0x00, 0x00, 0x07, 0x80, 0x7E,
    0x00, 0x70, 0x73, 0x07, 0xD8, 0x7F, 0x03, 0xB8, 0x0F, 0x11, 0xFF, 0xDF, 0xFE, 0xF1, 0xFF, 0x07,
    0xF0, 0x1F, 0x80, 0xFC, 0x07, 0xE0, 0x3F, 0x01, 0xFC, 0x1E, 0xFB, 0xF3, 0xFF, 0x8F, 0xDC, 0x18,
    0x00, 0x06, 0x10, 0x0F, 0xB8, 0x1F, 0xF8, 0x1D, 0xF0, 0x09, 0xA0, 0x03, 0xC0, 0x07, 0xE0, 0x0F,
    0x70, 0x04, 0x20, 0x01, 0x80, 0x03, 0xC0, 0x03, 0xC0, 0x03, 0xE0, 0x07, 0xE0, 0x07, 0xE0, 0x0F,
    0xF0, 0x0E, 0x70, 0x1E, 0x78, 0x1C, 0x38, 0x1C, 0x38, 0x3F, 0xFC, 0x3F, 0xFC, 0x7F, 0xFE, 0x70,
    0x0E, 0x70, 0x0F, 0xE0, 0x07, 0xE0, 0x07, 0x00, 0x00, 0x0C, 0x61, 0xFB, 0x0F, 0xF8, 0x77, 0xC1,
    0x78, 0x07, 0xC0, 0x7F, 0x03, 0xB8, 0x0F, 0x11, 0xFF, 0xDF, 0xFE, 0xF1, 0xFF, 0x07, 0xF0, 0x1F,
    0x80, 0xFC, 0x07, 0xE0, 0x3F, 0x01, 0xFC, 0x1E, 0xFB, 0xF3, 0xFF, 0x8F, 0xDC, 0x18, 0x00, 0x01,
    0x80, 0x03, 0xC0, 0x07, 0xE0, 0x0F, 0x70, 0x04, 0x20, 0x01, 0x80, 0x03, 0xC0, 0x03, 0xC0, 0x03,
    0xE0, 0x07, 0xE0, 0x07, 0xE0, 0x0F, 0xF0, 0x0E, 0x70, 0x1E, 0x78, 0x1C, 0x38, 0x1C, 0x38, 0x3F,
    0xFC, 0x3F, 0xFC, 0x7F, 0xFE, 0x70, 0x0E, 0x70, 0x0F, 0xE0, 0x07, 0xE0, 0x07, 0x00, 0x00, 0x03,
    0xC0, 0x03, 0xC0, 0x01, 0x80, 0x07, 0x00, 0x7C, 0x03, 0xF0, 0x3B, 0x80, 0x00, 0x07, 0x88, 0xFF,
    0xEF, 0xFF, 0x78, 0xFF, 0x83, 0xF8, 0x0F, 0xC0, 0x7E, 0x03, 0xF0, 0x1F, 0x80, 0xFE, 0x0F, 0x7D,
    0xF9, 0xFF, 0xC7, 0xEE, 0x0C, 0x00, 0x70, 0x03, 0x80, 0x1C, 0x00, 0x00, 0x70, 0x00, 0xF0, 0x01,
    0xF0, 0x01, 0xC0, 0x00, 0x00, 0x0E, 0x30, 0x0F, 0xF0, 0x07, 0xE0, 0x01, 0xC0, 0x01, 0x80, 0x03,
    0xC0, 0x03, 0xC0, 0x03, 0xE0, 0x07, 0xE0, 0x07, 0xE0, 0x0F, 0xF0, 0x0E, 0x70, 0x1E, 0x78, 0x1C,
    0x38, 0x1C, 0x38, 0x3F, 0xFC, 0x3F, 0xFC, 0x7F, 0xFE, 0x70, 0x0E, 0x70, 0x0F, 0xE0, 0x07, 0xE0,
    0x07, 0x00, 0x00, 0x00, 0x00, 0x06, 0x00, 0x70, 0x07, 0x80, 0x38, 0x0D, 0xB0, 0x73, 0x83, 0xF8,
    0x0F, 0xC0, 0x78, 0x8F, 0xFE, 0xFF, 0xF7, 0x8F, 0xF8, 0x3F, 0x80, 0xFC, 0x07, 0xE0, 0x3F, 0x01,
    0xF8, 0x0F, 0xE0, 0xF7, 0xDF, 0x9F, 0xFC, 0x7E, 0xE0, 0xC0, 0x0E, 0x00, 0x0F, 0x00, 0x07, 0x80,
    0x01, 0x80, 0x00, 0x00, 0x0E, 0x30, 0x0F, 0xF0, 0x07, 0xE0, 0x01, 0xC0, 0x01, 0x80, 0x03, 0xC0,
    0x03, 0xC0, 0x03, 0xE0, 0x07, 0xE0, 0x07, 0xE0, 0x0F, 0xF0, 0x0E, 0x70, 0x1E, 0x78, 0x1C, 0x38,
    0x1C, 0x38, 0x3F, 0xFC, 0x3F, 0xFC, 0x7F, 0xFE, 0x70, 0x0E, 0x70, 0x0F, 0xE0, 0x07, 0xE0, 0x07,
    0x00, 0x00, 0x1C, 0x00, 0xF0, 0x03, 0xC0, 0x36, 0xC1, 0xCE, 0x0F, 0xF0, 0x3F, 0x00, 0x00, 0x0F,
    0x11, 0xFF, 0xDF, 0xFE, 0xF1, 0xFF, 0x07, 0xF0, 0x1F, 0x80, 0xFC, 0x07, 0xE0, 0x3F, 0x01, 0xFC,
    0x1E, 0xFB, 0xF3, 0xFF, 0x8F, 0xDC, 0x18, 0x00, 0x00, 0x00, 0x03, 0xC0, 0x07, 0xC0, 0x00, 0xC0,
    0x01, 0xC0, 0x01, 0x80, 0x00, 0x00, 0x0E, 0x30, 0x0F, 0xF0, 0x07, 0xE0, 0x01, 0xC0, 0x01, 0x80,
    0x03, 0xC0, 0x03, 0xC0, 0x03, 0xE0, 0x07, 0xE0, 0x07, 0xE0, 0x0F, 0xF0, 0x0E, 0x70, 0x1E, 0x78,
    0x1C, 0x38, 0x1C, 0x38, 0x3F, 0xFC, 0x3F, 0xFC, 0x7F, 0xFE, 0x70, 0x0E, 0x70, 0x0F, 0xE0, 0x07,
    0xE0, 0x07, 0x00, 0x00, 0x00, 0x00, 0x7C, 0x03, 0xE0, 0x03, 0x00, 0x38, 0x0D, 0xB0, 0x73, 0x83,
    0xF8, 0x0F, 0x80, 0x00, 0x03, 0xC4, 0x7F, 0xF7, 0xFF, 0xBC, 0x7F, 0xC1, 0xFC, 0x07, 0xE0, 0x3F,
    0x01, 0xF8, 0x0F, 0xC0, 0x7F, 0x07, 0xBE, 0xFC, 0xFF, 0xE3, 0xF7, 0x06, 0x00, 0x06, 0x10, 0x0F,
    0xB8, 0x1F, 0xF8, 0x1D, 0xF0, 0x08, 0x20, 0x00, 0x00, 0x0E, 0x30, 0x0F, 0xF0, 0x07, 0xE0, 0x01,
    0xC0, 0x01, 0x80, 0x03, 0xC0, 0x03, 0xC0, 0x03, 0xE0, 0x07, 0xE0, 0x07, 0xE0, 0x0F, 0xF0, 0x0E,
    0x70, 0x1E, 0x78, 0x1C, 0x38, 0x1C, 0x38, 0x3F, 0xFC, 0x3F, 0xFC, 0x7F, 0xFE, 0x70, 0x0E, 0x70,
    0x0F, 0xE0, 0x07, 0xE0, 0x07, 0x00, 0x00, 0x0C, 0x41, 0xF3, 0x0F, 0xF8, 0x67, 0xC0, 0x08, 0x18,
    0x60, 0xE7, 0x03, 0xF8, 0x0F, 0x80, 0x78, 0x8F, 0xFE, 0xFF, 0xF7, 0x8F, 0xF8, 0x3F, 0x80, 0xFC,
    0x07, 0xE0, 0x3F, 0x01, 0xF8, 0x0F, 0xE0, 0xF7, 0xDF, 0x9F, 0xFC, 0x7E, 0xE0, 0xC0, 0x00, 0x00,
    0x0E, 0x30, 0x0F, 0xF0, 0x07, 0xE0, 0x01, 0xC0, 0x01, 0x80, 0x03, 0xC0, 0x03, 0xC0, 0x03, 0xE0,
    0x07, 0xE0, 0x07, 0xE0, 0x0F, 0xF0, 0x0E, 0x70, 0x1E, 0x78, 0x1C, 0x38, 0x1C, 0x38, 0x3F, 0xFC,
    0x3F, 0xFC, 0x7F, 0xFE, 0x70, 0x0E, 0x70, 0x0F, 0xE0, 0x07, 0xE0, 0x07, 0x00, 0x00, 0x03, 0xC0,
    0x03, 0xC0, 0x01, 0x80, 0x18, 0xE1, 0xE7, 0x07, 0xF0, 0x1F, 0x00, 0xF1, 0x1F, 0xFD, 0xFF, 0xEF,
    0x1F, 0xF0, 0x7F, 0x01, 0xF8, 0x0F, 0xC0, 0x7E, 0x03, 0xF0, 0x1F, 0xC1, 0xEF, 0xBF, 0x3F, 0xF8,
    0xFD, 0xC1, 0x80, 0x0E, 0x00, 0x70, 0x03, 0x80, 0xFF, 0xEF, 0xFF, 0xFF, 0xEE, 0x00, 0xE0, 0x0E,
    0x00, 0xE0, 0x0F, 0xF8, 0xFF, 0xCF, 0xFC, 0xFF, 0x8E, 0x00, 0xE0, 0x0E, 0x00, 0xE0, 0x0F, 0xFE,
    0xFF, 0xFF, 0xFE, 0x00, 0x00, 0xE0, 0x0E, 0x00, 0xE0, 0x0F, 0x01, 0xFE, 0x1F, 0xF8, 0xF1, 0xEF,
    0x07, 0x70, 0x3F, 0xFF, 0xFF, 0xFF, 0xE0, 0x07, 0x00, 0x3C, 0x0C, 0xF9, 0xE3, 0xFF, 0x0F, 0xF0,
    0x1C, 0x00, 0xE0, 0x07, 0x00, 0x38, 0x00, 0x00, 0x01, 0xF0, 0x1F, 0x00, 0x30, 0x07, 0x00, 0x60,
    0x00, 0x0F, 0xFE, 0xFF, 0xFF, 0xFE, 0xE0, 0x0E, 0x00, 0xE0, 0x0E, 0x00, 0xFF, 0x8F, 0xFC, 0xFF,
    0xCF, 0xF8, 0xE0, 0x0E, 0x00, 0xE0, 0x0E, 0x00, 0xFF, 0xEF, 0xFF, 0xFF, 0xE0, 0x00, 0x00, 0x78,
    0x07, 0xE0, 0x07, 0x00, 0x30, 0x03, 0x80, 0x3C, 0x07, 0xF8, 0x7F, 0xE3, 0xC7, 0xBC, 0x1D, 0xC0,
    0xFF, 0xFF, 0xFF, 0xFF, 0x80, 0x1C, 0x00, 0xF0, 0x33, 0xE7, 0x8F, 0xFC, 0x3F, 0xC0, 0x70, 0x00,
    0x18, 0xC7, 0xEC, 0x7F, 0xC7, 0x7C, 0x20, 0x0F, 0xFE, 0xFF, 0xFF, 0xFE, 0xE0, 0x0E, 0x00, 0xE0,
    0x0E, 0x00, 0xFF, 0x8F, 0xFC, 0xFF, 0xCF, 0xF8, 0xE0, 0x0E, 0x00, 0xE0, 0x0E, 0x00, 0xFF, 0xEF,
    0xFF, 0xFF, 0xE0, 0x08, 0x41, 0xF7, 0x0F, 0xF8, 0x67, 0xC0, 0x08, 0x07, 0x80, 0xFF, 0x0F, 0xFC,
    0x78, 0xF7, 0x83, 0xB8, 0x1F, 0xFF, 0xFF, 0xFF, 0xF0, 0x03, 0x80, 0x1E, 0x06, 0x7C, 0xF1, 0xFF,
    0x87, 0xF8, 0x0E, 0x00, 0x00, 0x1C, 0x18, 0xF0, 0xF7, 0x87, 0xF8, 0x3B, 0x80, 0xC2, 0x0F, 0xFE,
    0x3F, 0xFC, 0xFF, 0xE3, 0x80, 0x0E, 0x00, 0x38, 0x00, 0xE0, 0x03, 0xFE, 0x0F, 0xFC, 0x3F, 0xF0,
    0xFF, 0x83, 0x80, 0x0E, 0x00, 0x38, 0x00, 0xE0, 0x03, 0xFF, 0x8F, 0xFF, 0x3F, 0xF8, 0x00, 0x00,
    0x01, 0xC0, 0x0E, 0x0C, 0xE0, 0xFE, 0x0F, 0xE0, 0x67, 0x00, 0x00, 0x0F, 0x01, 0xFE, 0x1F, 0xF8,
    0xF1, 0xEF, 0x07, 0x70, 0x3F, 0xFF, 0xFF, 0xFF, 0xE0, 0x07, 0x00, 0x3C, 0x0C, 0xF9, 0xE3, 0xFF,
    0x0F, 0xF0, 0x1C, 0x00, 0x07, 0x00, 0x78, 0x03, 0xC0, 0x6C, 0x0F, 0x01, 0xF8, 0x3B, 0x83, 0x08,
    0xFF, 0xEF, 0xFF, 0xFF, 0xEE, 0x00, 0xE0, 0x0E, 0x00, 0xE0, 0x0F, 0xF8, 0xFF, 0xCF, 0xFC, 0xFF,
    0x8E, 0x00, 0xE0, 0x0E, 0x00, 0xE0, 0x0F, 0xFE, 0xFF, 0xFF, 0xFE, 0x03, 0x80, 0x1E, 0x00, 0x78,
    0x0D, 0xC0, 0xF0, 0x0F, 0xC0, 0x67, 0x00, 0x00, 0x0F, 0x01, 0xFE, 0x1F, 0xF8, 0xF1, 0xEF, 0x07,
    0x70, 0x3F, 0xFF, 0xFF, 0xFF, 0xE0, 0x07, 0x00, 0x3C, 0x0C, 0xF9, 0xE3, 0xFF, 0x0F, 0xF0, 0x1C,
    0x00, 0x00, 0x01, 0xF0, 0x1F, 0x00, 0x30, 0x07, 0x00, 0x60, 0x00, 0x00, 0x60, 0x0F, 0x01, 0xF8,
    0x3B, 0x83, 0x08, 0xFF, 0xEF, 0xFF, 0xFF, 0xEE, 0x00, 0xE0, 0x0E, 0x00, 0xE0, 0x0F, 0xF8, 0xFF,
    0xCF, 0xFC, 0xFF, 0x8E, 0x00, 0xE0, 0x0E, 0x00, 0xE0, 0x0F, 0xFE, 0xFF, 0xFF, 0xFE, 0x00, 0x00,
    0x07, 0x80, 0x7C, 0x00, 0x60, 0x77, 0x07, 0xF0, 0x7E, 0x03, 0x38, 0x0F, 0x81, 0xFE, 0x1F, 0xF8,
    0xF1, 0xEF, 0x07, 0x70, 0x3F, 0xFF, 0xFF, 0xFF, 0xE0, 0x07, 0x00, 0x3C, 0x0C, 0xF9, 0xE3, 0xFF,
    0x0F, 0xF0, 0x1C, 0x00, 0x18, 0xC7, 0xEC, 0x7F, 0xC7, 0x7C, 0x26, 0x00, 0xF0, 0x1F, 0x83, 0xB8,
    0x30, 0x8F, 0xFE, 0xFF, 0xFF, 0xFE, 0xE0, 0x0E, 0x00, 0xE0, 0x0E, 0x00, 0xFF, 0x8F, 0xFC, 0xFF,
    0xCF, 0xF8, 0xE0, 0x0E, 0x00, 0xE0, 0x0E, 0x00, 0xFF, 0xEF, 0xFF, 0xFF, 0xE0, 0x0C, 0x41, 0xF3,
    0x0F, 0xF8, 0x67, 0xC0, 0x78, 0x07, 0x80, 0x7E, 0x03, 0x38, 0x0F, 0x81, 0xFE, 0x1F, 0xF8, 0xF1,
    0xEF, 0x07, 0x70, 0x3F, 0xFF, 0xFF, 0xFF, 0xE0, 0x07, 0x00, 0x3C, 0x0C, 0xF9, 0xE3, 0xFF, 0x0F,
    0xF0, 0x1C, 0x00, 0x06, 0x00, 0xF0, 0x1F, 0x83, 0xB8, 0x30, 0x8F, 0xFE, 0xFF, 0xFF, 0xFE, 0xE0,
    0x0E, 0x00, 0xE0, 0x0E, 0x00, 0xFF, 0x8F, 0xFC, 0xFF, 0xCF, 0xF8, 0xE0, 0x0E, 0x00, 0xE0, 0x0E,
    0x00, 0xFF, 0xEF, 0xFF, 0xFF, 0xE0, 0x00, 0x0E, 0x00, 0xE0, 0x0E, 0x00, 0x07, 0x00, 0x7C, 0x07,
    0xE0, 0x33, 0x80, 0x00, 0x07, 0x80, 0xFF, 0x0F, 0xFC, 0x78, 0xF7, 0x83, 0xB8, 0x1F, 0xFF, 0xFF,
    0xFF, 0xF0, 0x03, 0x80, 0x1E, 0x06, 0x7C, 0xF1, 0xFF, 0x87, 0xF8, 0x0E, 0x00, 0x70, 0x03, 0x80,
    0x1C, 0x00, 0x01, 0xEF, 0xC7, 0x18, 0x60, 0x0C, 0x38, 0xE3, 0x8E, 0x38, 0xE3, 0x8E, 0x38, 0xE3,
    0x8E, 0x38, 0xE3, 0x8E, 0x38, 0x07, 0xFE, 0x33, 0x98, 0x8E, 0x73, 0x9C, 0xE7, 0x39, 0xCE, 0x73,
    0x9C, 0xE0, 0x67, 0x77, 0x77, 0x77, 0x77, 0x77, 0x77, 0x77, 0x77, 0x07, 0x77, 0x6F, 0xF0, 0x4E,
    0xEE, 0xEE, 0xEE, 0xEE, 0xEE, 0xEE, 0x07, 0xFF, 0x07, 0xF0, 0x0F, 0xFE, 0x0F, 0xFF, 0x8F, 0xC3,
    0xE7, 0x80, 0xF7, 0x80, 0x3F, 0xC0, 0x1F, 0xC0, 0x07, 0xE0, 0x03, 0xF0, 0x01, 0xF8, 0x00, 0xFC,
    0x00, 0x7F, 0x00, 0x7B, 0xC0, 0x39, 0xF0, 0x7C, 0x7F, 0xFC, 0x1F, 0xFC, 0x07, 0xFC, 0x00, 0x70,
    0x00, 0x38, 0x00, 0x1C, 0x00, 0x0E, 0x00, 0x07, 0x80, 0x7F, 0x83, 0xFF, 0x1E, 0x3E, 0xF0, 0x7B,
    0x80, 0xEE, 0x03, 0xF8, 0x0F, 0xE0, 0x3F, 0x80, 0xEF, 0x07, 0x9F, 0x7E, 0x3F, 0xF0, 0x7F, 0x80,
    0x70, 0x01, 0xC0, 0x07, 0x00, 0x1C, 0x00, 0x00, 0x00, 0x01, 0xE0, 0x00, 0xF8, 0x00, 0x0C, 0x00,
    0x0C, 0x00, 0x06, 0x00, 0x00, 0x00, 0x0F, 0xE0, 0x1F, 0xFC, 0x1F, 0xFF, 0x1F, 0x87, 0xCF, 0x01,
    0xEF, 0x00, 0x7F, 0x80, 0x3F, 0x80, 0x0F, 0xC0, 0x07, 0xE0, 0x03, 0xF0, 0x01, 0xF8, 0x00, 0xFE,
    0x00, 0xF7, 0x80, 0x73, 0xE0, 0xF8, 0xFF, 0xF8, 0x3F, 0xF8, 0x0F, 0xF8, 0x00, 0xE0, 0x00, 0x00,
    0x00, 0x3E, 0x00, 0xF8, 0x00, 0x60, 0x03, 0x80, 0x0C, 0x00, 0x78, 0x07, 0xF8, 0x3F, 0xF1, 0xE3,
    0xEF, 0x07, 0xB8, 0x0E, 0xE0, 0x3F, 0x80, 0xFE, 0x03, 0xF8, 0x0E, 0xF0, 0x79, 0xF7, 0xE3, 0xFF,
    0x07, 0xF8, 0x07, 0x00, 0x00, 0x03, 0x00, 0x47, 0xC0, 0xFF, 0xC0, 0xFF, 0x80, 0x77, 0x00, 0x20,
    0x80, 0x1F, 0xC0, 0x3F, 0xF8, 0x3F, 0xFE, 0x3F, 0x0F, 0x9E, 0x03, 0xDE, 0x00, 0xFF, 0x00, 0x7F,
    0x00, 0x1F, 0x80, 0x0F, 0xC0, 0x07, 0xE0, 0x03, 0xF0, 0x01, 0xFC, 0x01, 0xEF, 0x00, 0xE7, 0xC1,
    0xF1, 0xFF, 0xF0, 0x7F, 0xF0, 0x1F, 0xF0, 0x01, 0xC0, 0x00, 0x00, 0x00, 0x00, 0x60, 0x03, 0x81,
    0xDE, 0x0F, 0xF0, 0x3F, 0x81, 0xDC, 0x00, 0x00, 0x07, 0x80, 0x7F, 0x83, 0xFF, 0x1E, 0x3E, 0xF0,
    0x7B, 0x80, 0xEE, 0x03, 0xF8, 0x0F, 0xE0, 0x3F, 0x80, 0xEF, 0x07, 0x9F, 0x7E, 0x3F, 0xF0, 0x7F,
    0x80, 0x70, 0x00, 0x00, 0xE0, 0x00, 0x7C, 0x00, 0x3E, 0x00, 0x7F, 0x00, 0x7F, 0x00, 0x3B, 0x80,
    0x10, 0x40, 0x0F, 0xE0, 0x1F, 0xFC, 0x1F, 0xFF, 0x1F, 0x87, 0xCF, 0x01, 0xEF, 0x00, 0x7F, 0x80,
    0x3F, 0x80, 0x0F, 0xC0, 0x07, 0xE0, 0x03, 0xF0, 0x01, 0xF8, 0x00, 0xFE, 0x00, 0xF7, 0x80, 0x73,
    0xE0, 0xF8, 0xFF, 0xF8, 0x3F, 0xF8, 0x0F, 0xF8, 0x00, 0xE0, 0x00, 0x03, 0x80, 0x0F, 0x00, 0x1E,
    0x01, 0xD8, 0x0F, 0x80, 0x7F, 0x01, 0xDC, 0x00, 0x00, 0x07, 0x80, 0x7F, 0x83, 0xFF, 0x1E, 0x3E,
    0xF0, 0x7B, 0x80, 0xEE, 0x03, 0xF8, 0x0F, 0xE0, 0x3F, 0x80, 0xEF, 0x07, 0x9F, 0x7E, 0x3F, 0xF0,
    0x7F, 0x80, 0x70, 0x00, 0x00, 0x00, 0x00, 0x1E, 0x00, 0x1F, 0x80, 0x01, 0xC0, 0x1C, 0xC0, 0x1F,
    0x60, 0x1F, 0xC0, 0x0E, 0xE0, 0x00, 0x00, 0x03, 0xF8, 0x07, 0xFF, 0x07, 0xFF, 0xC7, 0xE1, 0xF3,
    0xC0, 0x7B, 0xC0, 0x1F, 0xE0, 0x0F, 0xE0, 0x03, 0xF0, 0x01, 0xF8, 0x00, 0xFC, 0x00, 0x7E, 0x00,
    0x3F, 0x80, 0x3D, 0xE0, 0x1C, 0xF8, 0x3E, 0x3F, 0xFE, 0x0F, 0xFE, 0x03, 0xFE, 0x00, 0x38, 0x00,
    0x00, 0x00, 0x03, 0xC0, 0x0F, 0x81, 0xC6, 0x0F, 0xB0, 0x3F, 0xC1, 0xCC, 0x00, 0x00, 0x07, 0x80,
    0x7F, 0x83, 0xFF, 0x1E, 0x3E, 0xF0, 0x7B, 0x80, 0xEE, 0x03, 0xF8, 0x0F, 0xE0, 0x3F, 0x80, 0xEF,
    0x07, 0x9F, 0x7E, 0x3F, 0xF0, 0x7F, 0x80, 0x70, 0x00, 0x03, 0x18, 0x07, 0xEC, 0x03, 0xFE, 0x01,
    0xDF, 0x00, 0x48, 0x00, 0x1F, 0x00, 0x1F, 0xC0, 0x0E, 0xE0, 0x04, 0x10, 0x03, 0xF8, 0x07, 0xFF,
    0x07, 0xFF, 0xC7, 0xE1, 0xF3, 0xC0, 0x7B, 0xC0, 0x1F, 0xE0, 0x0F, 0xE0, 0x03, 0xF0, 0x01, 0xF8,
    0x00, 0xFC, 0x00, 0x7E, 0x00, 0x3F, 0x80, 0x3D, 0xE0, 0x1C, 0xF8, 0x3E, 0x3F, 0xFE, 0x0F, 0xFE,
    0x03, 0xFE, 0x00, 0x38, 0x00, 0x0C, 0x60, 0x7D, 0xC3, 0xFF, 0x0E, 0xF8, 0x17, 0x80, 0x3E, 0x00,
    0xFC, 0x07, 0x30, 0x0F, 0x80, 0x7F, 0x83, 0xFF, 0x1E, 0x3E, 0xF0, 0x7B, 0x80, 0xEE, 0x03, 0xF8,
    0x0F, 0xE0, 0x3F, 0x80, 0xEF, 0x07, 0x9F, 0x7E, 0x3F, 0xF0, 0x7F, 0x80, 0x70, 0x00, 0x00, 0x80,
    0x01, 0xF0, 0x01, 0xFC, 0x00, 0xEE, 0x00, 0x41, 0x00, 0x3F, 0x80, 0x7F, 0xF0, 0x7F, 0xFC, 0x7E,
    0x1F, 0x3C, 0x07, 0xBC, 0x01, 0xFE, 0x00, 0xFE, 0x00, 0x3F, 0x00, 0x1F, 0x80, 0x0F, 0xC0, 0x07,
    0xE0, 0x03, 0xF8, 0x03, 0xDE, 0x01, 0xCF, 0x83, 0xE3, 0xFF, 0xE0, 0xFF, 0xE0, 0x3F, 0xE0, 0x03,
    0x80, 0x01, 0xC0, 0x00, 0xE0, 0x00, 0x70, 0x00, 0x03, 0x00, 0x1E, 0x00, 0xFC, 0x07, 0x30, 0x00,
    0x00, 0x1E, 0x01, 0xFE, 0x0F, 0xFC, 0x78, 0xFB, 0xC1, 0xEE, 0x03, 0xB8, 0x0F, 0xE0, 0x3F, 0x80,
    0xFE, 0x03, 0xBC, 0x1E, 0x7D, 0xF8, 0xFF, 0xC1, 0xFE, 0x01, 0xC0, 0x07, 0x00, 0x1C, 0x00, 0x70,
    0x00, 0x00, 0x38, 0x00, 0x3E, 0x00, 0x3F, 0x80, 0x19, 0xC0, 0x7F, 0xE0, 0xFF, 0xE0, 0xFF, 0xF8,
    0xFC, 0x3E, 0x78, 0x0F, 0x78, 0x03, 0xFC, 0x01, 0xFC, 0x00, 0x7E, 0x00, 0x3F, 0x00, 0x1F, 0x80,
    0x0F, 0xC0, 0x07, 0xF0, 0x07, 0xBC, 0x03, 0x9F, 0x07, 0xC7, 0xFF, 0xC1, 0xFF, 0xC0, 0x7F, 0xC0,
    0x07, 0x00, 0x00, 0x00, 0x07, 0x00, 0x1D, 0x80, 0xE7, 0x03, 0x1C, 0x1F, 0xE1, 0xFF, 0x8F, 0xFC,
    0x78, 0xFB, 0xC1, 0xEE, 0x03, 0xB8, 0x0F, 0xE0, 0x3F, 0x80, 0xFE, 0x03, 0xBC, 0x1E, 0x7D, 0xF8,
    0xFF, 0xC1, 0xFE, 0x01, 0xC0, 0x0E, 0x00, 0x07, 0xC2, 0x01, 0xF3, 0x80, 0x31, 0xC0, 0x7F, 0xE0,
    0xFF, 0xE0, 0xFF, 0xF8, 0xFC, 0x3E, 0x78, 0x0F, 0x78, 0x03, 0xFC, 0x01, 0xFC, 0x00, 0x7E, 0x00,
    0x3F, 0x00, 0x1F, 0x80, 0x0F, 0xC0, 0x07, 0xF0, 0x07, 0xBC, 0x03, 0x9F, 0x07, 0xC7, 0xFF, 0xC1,
    0xFF, 0xC0, 0x7F, 0xC0, 0x07, 0x00, 0x1C, 0x00, 0x78, 0x60, 0xF1, 0xC1, 0xC7, 0x07, 0xF8, 0x7F,
    0xE3, 0xFF, 0x1E, 0x3E, 0xF0, 0x7B, 0x80, 0xEE, 0x03, 0xF8, 0x0F, 0xE0, 0x3F, 0x80, 0xEF, 0x07,
    0x9F, 0x7E, 0x3F, 0xF0, 0x7F, 0x80, 0x70, 0x00, 0x00, 0x00, 0x01, 0xE0, 0x00, 0xF8, 0x00, 0x0C,
    0x00, 0x0C, 0x40, 0x06, 0x70, 0x00, 0x38, 0x0F, 0xFC, 0x1F, 0xFC, 0x1F, 0xFF, 0x1F, 0x87, 0xCF,
    0x01, 0xEF, 0x00, 0x7F, 0x80, 0x3F, 0x80, 0x0F, 0xC0, 0x07, 0xE0, 0x03, 0xF0, 0x01, 0xF8, 0x00,
    0xFE, 0x00, 0xF7, 0x80, 0x73, 0xE0, 0xF8, 0xFF, 0xF8, 0x3F, 0xF8, 0x0F, 0xF8, 0x00, 0xE0, 0x00,
    0x00, 0x00, 0x3C, 0x00, 0xF8, 0x00, 0x66, 0x03, 0x1C, 0x0C, 0x70, 0x7F, 0x87, 0xFE, 0x3F, 0xF1,
    0xE3, 0xEF, 0x07, 0xB8, 0x0E, 0xE0, 0x3F, 0x80, 0xFE, 0x03, 0xF8, 0x0E, 0xF0, 0x79, 0xF7, 0xE3,
    0xFF, 0x07, 0xF8, 0x07, 0x00, 0x06, 0x10, 0x07, 0xDC, 0x07, 0xFF, 0x01, 0x9F, 0xC0, 0x82, 0xE0,
    0x3F, 0xF0, 0x7F, 0xF0, 0x7F, 0xFC, 0x7E, 0x1F, 0x3C, 0x07, 0xBC, 0x01, 0xFE, 0x00, 0xFE, 0x00,
    0x3F, 0x00, 0x1F, 0x80, 0x0F, 0xC0, 0x07, 0xE0, 0x03, 0xF8, 0x03, 0xDE, 0x01, 0xCF, 0x83, 0xE3,
    0xFF, 0xE0, 0xFF, 0xE0, 0x3F, 0xE0, 0x03, 0x80, 0x0C, 0x60, 0xFD, 0x83, 0xFF, 0x8C, 0xFF, 0x10,
    0x9C, 0x1F, 0xE1, 0xFF, 0x8F, 0xFC, 0x78, 0xFB, 0xC1, 0xEE, 0x03, 0xB8, 0x0F, 0xE0, 0x3F, 0x80,
    0xFE, 0x03, 0xBC, 0x1E, 0x7D, 0xF8, 0xFF, 0xC1, 0xFE, 0x01, 0xC0, 0x00, 0x04, 0x00, 0x07, 0x00,
    0x03, 0x80, 0xFF, 0xC1, 0xFF, 0xC1, 0xFF, 0xF1, 0xF8, 0x7C, 0xF0, 0x1E, 0xF0, 0x07, 0xF8, 0x03,
    0xF8, 0x00, 0xFC, 0x00, 0x7E, 0x00, 0x3F, 0x00, 0x1F, 0x80, 0x0F, 0xE0, 0x0F, 0x78, 0x07, 0x3E,
    0x0F, 0x8F, 0xFF, 0x83, 0xFF, 0x80, 0xFF, 0x80, 0x0E, 0x00, 0x07, 0x00, 0x03, 0x80, 0x01, 0xC0,
    0x00, 0x00, 0x18, 0x00, 0x70, 0x01, 0xC1, 0xFE, 0x1F, 0xF8, 0xFF, 0xC7, 0x8F, 0xBC, 0x1E, 0xE0,
    0x3B, 0x80, 0xFE, 0x03, 0xF8, 0x0F, 0xE0, 0x3B, 0xC1, 0xE7, 0xDF, 0x8F, 0xFC, 0x1F, 0xE0, 0x1C,
    0x00, 0x70, 0x01, 0xC0, 0x07, 0x00, 0xC0, 0x1B, 0x80, 0x7E, 0x01, 0xF8, 0x07, 0xE0, 0x1F, 0x80,
    0x7E, 0x01, 0xF8, 0x07, 0xE0, 0x1F, 0x80, 0x7E, 0x01, 0xF8, 0x07, 0xE0, 0x1F, 0xC0, 0xFF, 0x87,
    0x9F, 0xFE, 0x3F, 0xF0, 0x7F, 0x80, 0x30, 0x01, 0xE0, 0x07, 0x80, 0x1C, 0x00, 0x00, 0x06, 0x07,
    0xF0, 0x7F, 0x07, 0xF0, 0x7F, 0x07, 0xF0, 0x7F, 0x07, 0xF0, 0x7F, 0x07, 0x70, 0x77, 0xDF, 0x3F,
    0xE1, 0xFC, 0x06, 0x00, 0x70, 0x07, 0x00, 0x70, 0x00, 0x00, 0x3E, 0x00, 0xF8, 0x00, 0x60, 0x03,
    0x80, 0x0C, 0x00, 0x00, 0x30, 0x06, 0xE0, 0x1F, 0x80, 0x7E, 0x01, 0xF8, 0x07, 0xE0, 0x1F, 0x80,
    0x7E, 0x01, 0xF8, 0x07, 0xE0, 0x1F, 0x80, 0x7E, 0x01, 0xF8, 0x07, 0xF0, 0x3F, 0xE1, 0xE7, 0xFF,
    0x8F, 0xFC, 0x1F, 0xE0, 0x08, 0x00, 0x00, 0x00, 0xF0, 0x1F, 0x80, 0x38, 0x03, 0x00, 0x70, 0x00,
    0x06, 0x07, 0xF0, 0x7F, 0x07, 0xF0, 0x7F, 0x07, 0xF0, 0x7F, 0x07, 0xF0, 0x7F, 0x07, 0x70, 0x77,
    0xDF, 0x3F, 0xE1, 0xFC, 0x06, 0x00, 0x00, 0xE0, 0x00, 0xF0, 0x80, 0xF0, 0xE0, 0x70, 0x7C, 0x01,
    0xFF, 0x00, 0xFB, 0x80, 0x79, 0xC0, 0x38, 0xE0, 0x1C, 0x70, 0x0E, 0x38, 0x07, 0x1C, 0x03, 0x8E,
    0x01, 0xC7, 0x00, 0xE3, 0x80, 0x71, 0xC0, 0x38, 0xE0, 0x1C, 0x78, 0x1E, 0x3E, 0x1E, 0x0F, 0xFF,
    0x03, 0xFF, 0x00, 0xFF, 0x00, 0x08, 0x00, 0x00, 0x00, 0x03, 0x80, 0x07, 0x10, 0x1C, 0x70, 0x30,
    0xE0, 0x47, 0xD8, 0x1F, 0x78, 0x3C, 0xF0, 0x71, 0xE0, 0xE3, 0xC1, 0xC7, 0x83, 0x8F, 0x07, 0x1E,
    0x0E, 0x3C, 0x1C, 0x38, 0x38, 0x7D, 0xF0, 0x7F, 0xC0, 0x7F, 0x00, 0x30, 0x00, 0x1C, 0x00, 0x0F,
    0x00, 0x83, 0xC0, 0xE0, 0x60, 0x7C, 0x01, 0xFF, 0x00, 0xFB, 0x80, 0x79, 0xC0, 0x38, 0xE0, 0x1C,
    0x70, 0x0E, 0x38, 0x07, 0x1C, 0x03, 0x8E, 0x01, 0xC7, 0x00, 0xE3, 0x80, 0x71, 0xC0, 0x38, 0xE0,
    0x1C, 0x78, 0x1E, 0x3E, 0x1E, 0x0F, 0xFF, 0x03, 0xFF, 0x00, 0xFF, 0x00, 0x08, 0x00, 0x1C, 0x00,
    0x3C, 0x08, 0x3C, 0x38, 0x38, 0x70, 0x03, 0xEC, 0x0F, 0xBC, 0x1E, 0x78, 0x38, 0xF0, 0x71, 0xE0,
    0xE3, 0xC1, 0xC7, 0x83, 0x8F, 0x07, 0x1E, 0x0E, 0x1C, 0x1C, 0x3E, 0xF8, 0x3F, 0xE0, 0x3F, 0x80,
    0x18, 0x00, 0x00, 0x00, 0x07, 0xC0, 0x03, 0xE0, 0x00, 0x30, 0x00, 0x38, 0x10, 0x18, 0x1C, 0x00,
    0x0F, 0x80, 0x3F, 0xE0, 0x1F, 0x70, 0x0F, 0x38, 0x07, 0x1C, 0x03, 0x8E, 0x01, 0xC7, 0x00, 0xE3,
    0x80, 0x71, 0xC0, 0x38, 0xE0, 0x1C, 0x70, 0x0E, 0x38, 0x07, 0x1C, 0x03, 0x8F, 0x03, 0xC7, 0xC3,
    0xC1, 0xFF, 0xE0, 0x7F, 0xE0, 0x1F, 0xE0, 0x01, 0x00, 0x00, 0x00, 0x00, 0x1E, 0x00, 0x3E, 0x00,
    0x0C, 0x20, 0x30, 0xE0, 0x61, 0xC0, 0x0F, 0xB0, 0x3E, 0xF0, 0x79, 0xE0, 0xE3, 0xC1, 0xC7, 0x83,
    0x8F, 0x07, 0x1E, 0x0E, 0x3C, 0x1C, 0x78, 0x38, 0x70, 0x70, 0xFB, 0xE0, 0xFF, 0x80, 0xFE, 0x00,
    0x60, 0x00, 0x0C, 0x20, 0x0F, 0xB8, 0x0F, 0xFC, 0x47, 0x7C, 0x71, 0x00, 0x3E, 0x00, 0xFF, 0x80,
    0x7D, 0xC0, 0x3C, 0xE0, 0x1C, 0x70, 0x0E, 0x38, 0x07, 0x1C, 0x03, 0x8E, 0x01, 0xC7, 0x00, 0xE3,
    0x80, 0x71, 0xC0, 0x38, 0xE0, 0x1C, 0x70, 0x0E, 0x3C, 0x0F, 0x1F, 0x0F, 0x07, 0xFF, 0x81, 0xFF,
    0x80, 0x7F, 0x80, 0x04, 0x00, 0x0C, 0x60, 0x7E, 0xC0, 0xFF, 0x91, 0x9F, 0x71, 0x08, 0xE0, 0x07,
    0xD8, 0x1F, 0x78, 0x3C, 0xF0, 0x71, 0xE0, 0xE3, 0xC1, 0xC7, 0x83, 0x8F, 0x07, 0x1E, 0x0E, 0x3C,
    0x1C, 0x38, 0x38, 0x7D, 0xF0, 0x7F, 0xC0, 0x7F, 0x00, 0x30, 0x00, 0x00, 0x01, 0x00, 0x01, 0xC0,
    0x00, 0xF8, 0x03, 0xFE, 0x01, 0xF7, 0x00, 0xF3, 0x80, 0x71, 0xC0, 0x38, 0xE0, 0x1C, 0x70, 0x0E,
    0x38, 0x07, 0x1C, 0x03, 0x8E, 0x01, 0xC7, 0x00, 0xE3, 0x80, 0x71, 0xC0, 0x38, 0xF0, 0x3C, 0x7C,
    0x3C, 0x1F, 0xFE, 0x07, 0xFE, 0x01, 0xFE, 0x00, 0x18, 0x00, 0x1E, 0x00, 0x0F, 0x00, 0x03, 0x00,
    0x00, 0x00, 0x04, 0x00, 0x1C, 0x00, 0x38, 0x01, 0xF6, 0x07, 0xDE, 0x0F, 0x3C, 0x1C, 0x78, 0x38,
    0xF0, 0x71, 0xE0, 0xE3, 0xC1, 0xC7, 0x83, 0x8F, 0x07, 0x0E, 0x0E, 0x1F, 0x7C, 0x1F, 0xF0, 0x1F,
    0xC0, 0x0C, 0x00, 0x1C, 0x00, 0x38, 0x00, 0x70, 0x00, 0x1C, 0x00, 0x3C, 0x00, 0x3C, 0x00, 0x18,
    0x06, 0x00, 0xDE, 0x03, 0xFC, 0x0F, 0x3C, 0x1E, 0x3C, 0x78, 0x7D, 0xE0, 0x7B, 0xC0, 0x7F, 0x00,
    0x7C, 0x00, 0xF0, 0x00, 0xE0, 0x01, 0xC0, 0x03, 0x80, 0x07, 0x00, 0x0E, 0x00, 0x1C, 0x00, 0x38,
    0x00, 0x70, 0x00, 0x38, 0x03, 0xC0, 0x1E, 0x00, 0x60, 0x60, 0x2F, 0x07, 0xF0, 0x7F, 0x07, 0xF0,
    0x7F, 0x07, 0xF0, 0x7F, 0x07, 0xF0, 0x7F, 0x07, 0xF0, 0xF7, 0x9F, 0x7F, 0xF3, 0xFF, 0x0C, 0x70,
    0x0F, 0x7F, 0xE7, 0xFC, 0x3F, 0x80, 0x60, 0x0D, 0xE0, 0x3F, 0xC0, 0xF3, 0xC1, 0xE3, 0xC7, 0x87,
    0xDE, 0x07, 0xBC, 0x07, 0xF0, 0x07, 0xC0, 0x0F, 0x00, 0x0E, 0x00, 0x1C, 0x00, 0x38, 0x00, 0x70,
    0x00, 0xE0, 0x01, 0xC0, 0x03, 0x80, 0x07, 0x00, 0x00, 0x00, 0x1C, 0x00, 0x38, 0x00, 0x70, 0x00,
    0x60, 0x21, 0xE0, 0xE3, 0xC1, 0xC7, 0x83, 0x8F, 0x07, 0x1E, 0x0E, 0x3C, 0x1C, 0x78, 0x38, 0xF0,
    0x71, 0xE0, 0xE3, 0xC3, 0xC3, 0xCF, 0x87, 0xFF, 0x07, 0xFE, 0x03, 0x1C, 0x00, 0x7E, 0x7F, 0xFE,
    0xFF, 0xBC, 0xFE, 0x00, 0x00, 0x00, 0x0F, 0x00, 0x3F, 0x00, 0x0E, 0x00, 0x18, 0x00, 0x30, 0x00,
    0x00, 0x30, 0x06, 0xF0, 0x1F, 0xE0, 0x79, 0xE0, 0xF1, 0xE3, 0xC3, 0xEF, 0x03, 0xDE, 0x03, 0xF8,
    0x03, 0xE0, 0x07, 0x80, 0x07, 0x00, 0x0E, 0x00, 0x1C, 0x00, 0x38, 0x00, 0x70, 0x00, 0xE0, 0x01,
    0xC0, 0x03, 0x80, 0x00, 0x00, 0xF0, 0x1F, 0x80, 0x38, 0x03, 0x00, 0x70, 0x60, 0x2F, 0x07, 0xF0,
    0x7F, 0x07, 0xF0, 0x7F, 0x07, 0xF0, 0x7F, 0x07, 0xF0, 0x7F, 0x07, 0xF0, 0xF7, 0x9F, 0x7F, 0xF3,
    0xFF, 0x0C, 0x70, 0x0F, 0x7F, 0xE7, 0xFC, 0x3F, 0x80, 0x0C, 0x20, 0x3E, 0xE0, 0x7F, 0xC0, 0xCF,
    0x81, 0x84, 0x0C, 0x01, 0xBC, 0x07, 0xF8, 0x1E, 0x78, 0x3C, 0x78, 0xF0, 0xFB, 0xC0, 0xF7, 0x80,
    0xFE, 0x00, 0xF8, 0x01, 0xE0, 0x01, 0xC0, 0x03, 0x80, 0x07, 0x00, 0x0E, 0x00, 0x1C, 0x00, 0x38,
    0x00, 0x70, 0x00, 0xE0, 0x00, 0x08, 0x43, 0xEE, 0x3F, 0xE3, 0x3E, 0x00, 0x86, 0x02, 0xF0, 0x7F,
    0x07, 0xF0, 0x7F, 0x07, 0xF0, 0x7F, 0x07, 0xF0, 0x7F, 0x07, 0xF0, 0x7F, 0x0F, 0x79, 0xF7, 0xFF,
    0x3F, 0xF0, 0xC7, 0x00, 0xF7, 0xFE, 0x7F, 0xC3, 0xF8, 0xFF, 0xFF, 0x7E, 0x7F, 0xDF, 0xFF, 0xFF,
    0x80, 0x7F, 0xDF, 0xFF, 0xFF, 0x80, 0x7F, 0xFF, 0xEF, 0xFF, 0xFF, 0xFF, 0xFF, 0xF0, 0x7F, 0xFF,
    0xEF, 0xFF, 0xFF, 0xFF, 0xFF, 0xF0, 0x3B, 0xDD, 0xF7, 0xBC, 0x00, 0x77, 0xDE, 0x77, 0xB8, 0x00,
    0x33, 0xDE, 0x77, 0xB8, 0x80, 0x31, 0x9E, 0xFE, 0x73, 0xFF, 0xFF, 0xDE, 0xF0, 0x00, 0x73, 0xBF,
    0xF7, 0xFC, 0xE7, 0x7B, 0x9C, 0xE0, 0x00, 0x33, 0x9F, 0xF7, 0xFC, 0xE7, 0x7B, 0xDC, 0xE2, 0x20,
    0x00, 0x0E, 0x07, 0x03, 0x8F, 0xFF, 0xFF, 0xFE, 0x38, 0x1C, 0x0E, 0x07, 0x03, 0x81, 0xC0, 0xE0,
    0x00, 0x1C, 0x1C, 0x1C, 0xFF, 0xFF, 0x7E, 0xFF, 0xFF, 0xFF, 0x1C, 0x1C, 0x1C, 0x1C, 0x00, 0x08,
    0x3E, 0x7F, 0x7F, 0x7F, 0x7F, 0x7E, 0x1C, 0x00, 0x07, 0x39, 0xFD, 0xDF, 0xCE, 0x70, 0x1E, 0x03,
    0x00, 0x01, 0xF8, 0x38, 0x00, 0x1F, 0xC1, 0xC0, 0x00, 0xE7, 0x1C, 0x00, 0x06, 0x39, 0xE0, 0x00,
    0x31, 0xCE, 0x00, 0x01, 0xCE, 0xE0, 0x00, 0x0F, 0xEF, 0x00, 0x00, 0x3F, 0x73, 0x01, 0x80, 0xF7,
    0x3E, 0x3F, 0x00, 0x7B, 0xF9, 0xFC, 0x03, 0xB9, 0xDC, 0xE0, 0x39, 0xC6, 0xE7, 0x03, 0xCE, 0x3F,
    0x38, 0x1C, 0x71, 0xB9, 0xC1, 0xC3, 0x9D, 0xCE, 0x1E, 0x0F, 0xE7, 0xF0, 0xE0, 0x3E, 0x1F, 0x00,
    0x00, 0x40, 0x60, 0x31, 0x9E, 0xF7, 0x39, 0xCE, 0x73, 0x98, 0xE6, 0x31, 0x8C, 0x0C, 0x73, 0xDE,
    0x73, 0xC7, 0x1E, 0x3C, 0x70, 0xC0, 0x63, 0xC7, 0x0E, 0x3C, 0x73, 0xCE, 0x73, 0xC6, 0x00, 0x00,
    0x18, 0x01, 0xC0, 0x0E, 0x00, 0xE0, 0x0F, 0x00, 0x70, 0x07, 0x00, 0x78, 0x03, 0x80, 0x38, 0x03,
    0xC0, 0x1C, 0x01, 0xC0, 0x1E, 0x00, 0xE0, 0x0E, 0x00, 0xF0, 0x07, 0x00, 0x00, 0x00, 0x00, 0x1F,
    0x1F, 0xCE, 0xEE, 0x3F, 0x1F, 0x8E, 0xEE, 0x7F, 0x1F, 0x02, 0x00, 0x06, 0x07, 0x07, 0x87, 0xC7,
    0x63, 0xFD, 0xFE, 0x0C, 0x06, 0x00, 0x00, 0x7E, 0xFF, 0x87, 0xEF, 0xE9, 0xC3, 0xFF, 0xFC, 0x60,
    0x00, 0x1E, 0x3E, 0x70, 0x7C, 0xFE, 0xF7, 0x67, 0x7E, 0x3E, 0x18, 0xFD, 0xFC, 0x70, 0xE1, 0x87,
    0x0E, 0x38, 0x70, 0x00, 0x7D, 0xFF, 0xBF, 0xF7, 0xDF, 0xFB, 0xFF, 0x7C, 0x70, 0x00, 0x3E, 0x7E,
    0x67, 0x67, 0x7F, 0x3F, 0x0E, 0x7E, 0x7C, 0x30, 0x00, 0x1F, 0x1F, 0xCE, 0xEE, 0x3F, 0x1F, 0x8E,
    0xEE, 0x7F, 0x1F, 0x02, 0x00, 0x19, 0xF7, 0xDF, 0x1C, 0x71, 0xC7, 0x1C, 0x00, 0x00, 0xFB, 0xFE,
    0x70, 0xE3, 0x8E, 0x38, 0xFF, 0xFC, 0xFD, 0xF8, 0xF3, 0xC7, 0xCF, 0xC3, 0xFF, 0xFC, 0x60, 0x06,
    0x07, 0x07, 0x87, 0xC7, 0x63, 0xFD, 0xFE, 0x0C, 0x06, 0x00, 0x00, 0x7E, 0xFF, 0x87, 0xEF, 0xE9,
    0xC3, 0xFF, 0xFC, 0x60, 0x00, 0x1E, 0x3E, 0x70, 0x7C, 0xFE, 0xF7, 0x67, 0x7E, 0x3E, 0x18, 0xFD,
    0xFC, 0x70, 0xE1, 0x87, 0x0E, 0x38, 0x70, 0x00, 0x7D, 0xFF, 0xBF, 0xF7, 0xDF, 0xFB, 0xFF, 0x7C,
    0x70, 0x00, 0x3E, 0x7E, 0x67, 0x67, 0x7F, 0x3F, 0x0E, 0x7E, 0x7C, 0x30, 0x00, 0x00, 0x00, 0x06,
    0x20, 0x03, 0x9C, 0x07, 0xEE, 0x07, 0xFF, 0x87, 0xFF, 0xC1, 0xFF, 0xF0, 0xF3, 0xB8, 0x79, 0xEE,
    0x1E, 0x77, 0x07, 0x3D, 0xC1, 0xCE, 0xE0, 0x77, 0xB8, 0x1D, 0xDC, 0x07, 0xF7, 0x01, 0xFB, 0x80,
    0x3E, 0xE0, 0x0F, 0xF1, 0x03, 0xFF, 0xE0, 0xFF, 0xF8, 0x7F, 0xFC, 0x1D, 0xF8, 0x07, 0x70, 0x01,
    0x98, 0x00, 0x00, 0x00, 0x00, 0x3F, 0xF8, 0xFF, 0xE3, 0xFF, 0x8E, 0x00, 0x38, 0x00, 0xE0, 0x03,
    0x80, 0x0E, 0x00, 0x3F, 0xF0, 0xFF, 0xC3, 0xFE, 0x0E, 0x00, 0xFE, 0x03, 0xF8, 0x0F, 0xE0, 0x0E,
    0x00, 0x38, 0x00, 0xE0, 0x00, 0x07, 0xE0, 0x0F, 0xF8, 0x1F, 0xF8, 0x1E, 0x38, 0x3C, 0x00, 0x3C,
    0x00, 0x3C, 0x00, 0x7F, 0xC0, 0x7F, 0xE0, 0x7F, 0xE0, 0x7F, 0xC0, 0xFF, 0xE0, 0xFF, 0xE0, 0x0E,
    0x00, 0x1E, 0x00, 0x7F, 0x86, 0xFF, 0xFF, 0xFF, 0xFE, 0x00, 0x7C, 0x18, 0x01, 0x81, 0xC0, 0x1C,
    0x1E, 0x01, 0xC1, 0xF0, 0x1C, 0x1F, 0x81, 0xC1, 0xF8, 0x1C, 0x1F, 0xC1, 0xC3, 0xDE, 0x1E, 0xFF,
    0xFF, 0xF7, 0xFF, 0xFF, 0x3C, 0x79, 0xE1, 0xC3, 0xDC, 0x1C, 0x1F, 0xC1, 0xC1, 0xFC, 0x1C, 0x0F,
    0xC1, 0xC0, 0x7C, 0x1C, 0x03, 0xC1, 0xC0, 0x38, 0x1F, 0xF0, 0x07, 0xFE, 0x01, 0xFF, 0xC0, 0x70,
    0x78, 0x3F, 0xFF, 0x3F, 0xFF, 0xEF, 0xFF, 0xF8, 0xFF, 0xFC, 0x1C, 0x1E, 0x07, 0xFF, 0x01, 0xFF,
    0x80, 0x7F, 0xC0, 0x1C, 0x00, 0x07, 0x00, 0x01, 0xC0, 0x00, 0x70, 0x00, 0x1C, 0x00, 0x07, 0x00,
    0x00, 0x60, 0x00, 0x06, 0xF0, 0x00, 0x0F, 0xF0, 0x00, 0x0E, 0x70, 0x00, 0x0E, 0x78, 0x18, 0x1E,
    0x78, 0x3C, 0x1C, 0x38, 0x3C, 0x1C, 0x7C, 0x7E, 0x3C, 0xFF, 0xFF, 0xFE, 0xFF, 0xFF, 0xFE, 0x7E,
    0xEF, 0x7C, 0x1E, 0xE7, 0x70, 0x0F, 0xC7, 0xF0, 0x0F, 0xC3, 0xF0, 0x0F, 0xC3, 0xE0, 0x07, 0x81,
    0xE0, 0x07, 0x81, 0xE0, 0x07, 0x01, 0xC0, 0x01, 0x80, 0x70, 0x3F, 0x07, 0xF0, 0xFE, 0x77, 0x1F,
    0xE7, 0xFC, 0xE3, 0x9C, 0x73, 0x8E, 0x73, 0xCF, 0xF8, 0xFF, 0x06, 0x00, 0x00, 0xFF, 0xDF, 0xF8,
    0x00, 0xF8, 0x03, 0xFE, 0x0F, 0xFF, 0x0F, 0x8E, 0x1E, 0x00, 0x1C, 0x00, 0xFF, 0xC0, 0xFF, 0xE0,
    0xFF, 0xC0, 0x38, 0x00, 0xFF, 0xE0, 0xFF, 0xE0, 0xFF, 0xC0, 0x1C, 0x00, 0x1F, 0x00, 0x0F, 0xFE,
    0x07, 0xFF, 0x03, 0xFE, 0x00, 0x70, 0x18, 0x03, 0x0E, 0x03, 0xC7, 0x03, 0xE3, 0x83, 0xE1, 0xC3,
    0xE0, 0xE3, 0xC0, 0x73, 0xC0, 0xFB, 0xFE, 0xFF, 0xFF, 0xBF, 0xFF, 0x87, 0xFE, 0x03, 0xCF, 0x01,
    0xC3, 0xC0, 0xE0, 0xF0, 0x70, 0x7C, 0x38, 0x1F, 0x1C, 0x07, 0x8E, 0x01, 0xC0, 0x00, 0x00, 0x1F,
    0xF0, 0x0F, 0xFC, 0x07, 0xFF, 0x0F, 0xFF, 0xFF, 0xFF, 0xFB, 0xFF, 0xF9, 0xFF, 0xFF, 0xFF, 0xFF,
    0x3C, 0x1F, 0x0F, 0xFE, 0x07, 0xFE, 0x03, 0xFE, 0x01, 0xC0, 0x00, 0xE0, 0x00, 0x70, 0x00, 0x38,
    0x00, 0x1C, 0x00, 0x0E, 0x00, 0x00, 0x01, 0x80, 0x01, 0xC0, 0x03, 0xF8, 0x0F, 0xFC, 0x1F, 0xFE,
    0x3F, 0xDC, 0x7B, 0xC0, 0xF3, 0xC0, 0xF3, 0xC0, 0xE3, 0xC0, 0xE3, 0xFC, 0xE3, 0xFE, 0xE3, 0xFF,
    0xF3, 0xFF, 0xF3, 0xCF, 0x7B, 0xCF, 0x7F, 0xCF, 0x3F, 0xFF, 0x1F, 0xFE, 0x07, 0xFC, 0x03, 0xE0,
    0x03, 0xC0, 0x01, 0xC0, 0x01, 0x80, 0x00, 0x80, 0x03, 0x80, 0x07, 0x00, 0x1F, 0x80, 0xFF, 0xC7,
    0xFF, 0x8F, 0xF7, 0x3C, 0xE0, 0xF1, 0xC1, 0xE3, 0x83, 0x87, 0x07, 0x0E, 0x0E, 0x1C, 0x1C, 0x38,
    0x38, 0x70, 0x78, 0xE0, 0x79, 0xC0, 0xFB, 0x90, 0xFF, 0xF0, 0xFF, 0xE0, 0xFF, 0x80, 0x38, 0x00,
    0x70, 0x00, 0xE0, 0x00, 0x80, 0xFF, 0xFF, 0xFF, 0xFF, 0xF0, 0x78, 0xFF, 0xFF, 0xFF, 0xFF, 0xF0,
    0x3C, 0x07, 0x8F, 0xF8, 0xFF, 0x07, 0xF8, 0x03, 0xC0, 0x3C, 0x01, 0xC0, 0x1C, 0x01, 0xE0, 0x0E,
    0x0C, 0x00, 0x1C, 0x00, 0x78, 0x00, 0xF6, 0x01, 0xFE, 0x03, 0xF8, 0x0F, 0xC0, 0x3F, 0x78, 0xFF,
    0xF0, 0xFF, 0xC0, 0x7E, 0x03, 0xF0, 0x07, 0xE1, 0xC7, 0xC3, 0x87, 0x8F, 0x0F, 0xFC, 0x1F, 0xF0,
    0x1F, 0xC0, 0x1C, 0x00, 0x00, 0x00, 0x1C, 0x00, 0x70, 0x03, 0xE0, 0x1F, 0xE1, 0xFF, 0xC7, 0xFF,
    0xBD, 0xEE, 0xE7, 0xBF, 0x9E, 0x7E, 0x79, 0xF9, 0xE7, 0xE7, 0x9F, 0x9C, 0x7E, 0x31, 0xF8, 0x07,
    0xE0, 0x1F, 0x80, 0x7E, 0x01, 0xF8, 0x07, 0xE0, 0x1C, 0x00, 0x00, 0x3F, 0xE0, 0xFF, 0xC3, 0xFF,
    0x8E, 0x0F, 0x38, 0x1C, 0xE0, 0x73, 0x81, 0xCE, 0x07, 0x38, 0x3F, 0xFF, 0xEF, 0xFF, 0x1F, 0xF8,
    0x7C, 0x03, 0xF8, 0x0F, 0xE0, 0x0E, 0x00, 0x38, 0x00, 0xE0, 0x00, 0x0C, 0x00, 0xF8, 0x03, 0xF0,
    0x0F, 0x80, 0x1E, 0x03, 0xF8, 0x7F, 0xC7, 0xFF, 0x78, 0xFF, 0x83, 0xF8, 0x0F, 0xC0, 0x7E, 0x03,
    0xF0, 0x1F, 0x80, 0xFE, 0x0F, 0x7D, 0xF1, 0xFF, 0x07, 0xF0, 0x04, 0x00, 0x00, 0x04, 0x1F, 0xDC,
    0x7F, 0xF9, 0xFF, 0xE3, 0x87, 0xCF, 0x1F, 0x9C, 0x7F, 0xB9, 0xEF, 0x77, 0x9E, 0xFE, 0x38, 0xF8,
    0xF1, 0xF3, 0xE7, 0xFF, 0x8F, 0xFE, 0x18, 0x60, 0x00, 0x00, 0xC0, 0x00, 0xF0, 0x00, 0x78, 0x00,
    0x7C, 0x00, 0x3F, 0x00, 0x1F, 0x80, 0x1C, 0xE0, 0x0E, 0x70, 0x0E, 0x3C, 0x07, 0x0E, 0x07, 0x07,
    0x83, 0x81, 0xC3, 0x80, 0xE1, 0xC0, 0x38, 0xE0, 0x1C, 0xFF, 0xFF, 0x7F, 0xFF, 0xBF, 0xFF, 0xC0,
    0x7F, 0xFF, 0xBF, 0xFF, 0xE7, 0xFF, 0xF8, 0x70, 0x38, 0x1C, 0x0E, 0x07, 0x03, 0x81, 0xC0, 0xE0,
    0x70, 0x38, 0x1C, 0x0E, 0x07, 0x03, 0x81, 0xC0, 0xE0, 0x70, 0x38, 0x1C, 0x0E, 0x07, 0x03, 0x81,
    0xC0, 0xE0, 0x70, 0x38, 0x1C, 0x0E, 0x07, 0x03, 0x81, 0xC0, 0xE0, 0x70, 0x38, 0x1C, 0x0E, 0x07,
    0x03, 0x81, 0xC0, 0xE0, 0xFF, 0xEF, 0xFE, 0xFF, 0xC7, 0x80, 0x3C, 0x01, 0xC0, 0x0E, 0x00, 0x70,
    0x07, 0x80, 0x70, 0x0E, 0x01, 0xE0, 0x3C, 0x07, 0x80, 0xF0, 0x0F, 0xFE, 0xFF, 0xE0, 0x7F, 0xF7,
    0xFF, 0xFF, 0xFC, 0x00, 0x00, 0x00, 0x70, 0x03, 0xC0, 0x0E, 0x00, 0x78, 0x01, 0xC0, 0x0F, 0x00,
    0x38, 0x01, 0xE0, 0x07, 0x00, 0x3C, 0x00, 0xE0, 0x07, 0x80, 0x1C, 0x00, 0xF0, 0x03, 0x80, 0x1E,
    0x00, 0x70, 0x03, 0xC0, 0x0E, 0x00, 0x78, 0x01, 0xC0, 0x0F, 0x00, 0x38, 0x00, 0x40, 0x00, 0x7F,
    0xF7, 0x00, 0x06, 0x00, 0x1C, 0x00, 0x38, 0x00, 0x70, 0x01, 0xC0, 0x03, 0x80, 0x07, 0x0C, 0x1C,
    0x78, 0x39, 0xF8, 0xE3, 0xF1, 0xC0, 0x73, 0x80, 0xEE, 0x00, 0xFC, 0x01, 0xF8, 0x01, 0xE0, 0x03,
    0xC0, 0x03, 0x00, 0x3E, 0x07, 0xC7, 0xF1, 0xFE, 0xFF, 0xBF, 0xEE, 0x1F, 0x87, 0xE0, 0xF0, 0x7E,
    0x1F, 0x07, 0xE1, 0xF8, 0x7F, 0xF9, 0xFE, 0x7F, 0x0F, 0xE3, 0xE0, 0x7C, 0x00, 0x78, 0x03, 0xF0,
    0x1F, 0xC0, 0x7A, 0x01, 0xC0, 0x0F, 0x00, 0x3C, 0x00, 0xE0, 0x03, 0x80, 0x0E, 0x00, 0x78, 0x01,
    0xE0, 0x07, 0x80, 0x1C, 0x00, 0x70, 0x01, 0xC0, 0x0F, 0x00, 0x3C, 0x00, 0xE0, 0x1F, 0x80, 0xFE,
    0x03, 0xF0, 0x03, 0x00, 0x00, 0x7C, 0x3F, 0xF7, 0xFF, 0xFE, 0x7F, 0x40, 0xC7, 0xC3, 0xFF, 0x7F,
    0xFF, 0xE7, 0xF4, 0x0C, 0x00, 0xC0, 0x0E, 0x00, 0x71, 0xFF, 0xEF, 0xFF, 0xFF, 0xF8, 0x1C, 0x01,
    0xC0, 0xFF, 0xFF, 0xFF, 0xDF, 0xFC, 0x70, 0x03, 0x80, 0x00, 0x00, 0x00, 0x78, 0x0F, 0xE0, 0xFF,
    0x1F, 0xE0, 0xFE, 0x03, 0xFC, 0x03, 0xFC, 0x01, 0xFE, 0x01, 0xF8, 0x00, 0xC7, 0xFF, 0x3F, 0xFE,
    0xFF, 0xF8, 0xFF, 0xC0, 0x00, 0x03, 0xC0, 0x1F, 0xC0, 0x7F, 0x80, 0x7F, 0x80, 0xFC, 0x0F, 0xE3,
    0xFC, 0x7F, 0x83, 0xE0, 0x18, 0x00, 0xFF, 0xEF, 0xFF, 0xFF, 0xFC, 0x00, 0x00, 0x03, 0x80, 0x1F,
    0x9C, 0x7F, 0x78, 0xF0, 0xF1, 0xC0, 0x03, 0x80, 0x9F, 0xF3, 0xFF, 0xEF, 0x7F, 0x9E, 0x38, 0x3C,
    0x70, 0x78, 0xE0, 0xF1, 0xC1, 0xE3, 0x83, 0xC7, 0x07, 0x8E, 0x0F, 0x1C, 0x1E, 0x38, 0x1C, 0x70,
    0x38, 0x03, 0x86, 0x1F, 0x9C, 0x7F, 0x38, 0xF0, 0x71, 0xC0, 0xE3, 0x81, 0xDF, 0xF3, 0xFF, 0xE7,
    0x7F, 0x8E, 0x38, 0x1C, 0x70, 0x38, 0xE0, 0x71, 0xC0, 0xE3, 0x81, 0xC7, 0x03, 0x8E, 0x07, 0x1C,
    0x0E, 0x38, 0x1C, 0x70, 0x38,
};

static const EpdGlyph quicksand_sb_12_regularGlyphs[] = {
    { 0, 0, 111, 0, 0, 0, 0 }, // U+000D
    { 0, 0, 111, 0, 0, 0, 0 }, // U+0020
    { 4, 18, 96, 1, 18, 9, 0 }, // !
    { 10, 8, 166, 0, 18, 10, 9 }, // "
    { 17, 18, 272, 0, 18, 39, 19 }, // #
    { 14, 24, 234, 0, 20, 42, 58 }, // $
    { 20, 19, 321, 0, 18, 48, 100 }, // %
    { 17, 19, 280, 0, 18, 41, 148 }, // &
    { 5, 8, 82, 0, 18, 5, 189 }, // '
    { 9, 23, 145, 0, 18, 26, 194 }, // (
    { 9, 23, 145, 0, 18, 26, 220 }, // )
    { 8, 9, 138, 0, 18, 9, 246 }, // *
    { 13, 13, 229, 1, 15, 22, 255 }, // +
    { 5, 7, 99, 0, 3, 5, 277 }, // ,
    { 8, 3, 158, 1, 9, 3, 282 }, // -
    { 4, 4, 90, 1, 4, 2, 285 }, // .
    { 14, 24, 221, 0, 20, 42, 287 }, // /
    { 14, 19, 243, 1, 18, 34, 329 }, // 0
    { 8, 18, 153, 0, 18, 18, 363 }, // 1
    { 12, 18, 226, 1, 18, 27, 381 }, // 2
    { 12, 19, 213, 1, 18, 29, 408 }, // 3
    { 14, 18, 227, 0, 18, 32, 437 }, // 4
    { 12, 19, 226, 1, 18, 29, 469 }, // 5
    { 12, 19, 219, 1, 18, 29, 498 }, // 6
    { 12, 19, 215, 1, 18, 29, 527 }, // 7
    { 12, 19, 218, 1, 18, 29, 556 }, // 8
    { 12, 19, 226, 1, 18, 29, 585 }, // 9
    { 4, 14, 98, 1, 14, 7, 614 }, // :
    { 5, 18, 105, 1, 14, 12, 621 }, // ;
    { 12, 14, 210, 0, 15, 21, 633 }, // <
    { 13, 8, 234, 1, 12, 13, 654 }, // =
    { 12, 13, 211, 1, 15, 20, 667 }, // >
    { 12, 19, 205, 0, 19, 29, 687 }, // ?
    { 23, 23, 387, 1, 18, 67, 716 }, // @
    { 16, 19, 257, 0, 18, 38, 783 }, // A
    { 14, 18, 262, 2, 18, 32, 821 }, // B
    { 15, 19, 254, 1, 18, 36, 853 }, // C
    { 15, 18, 286, 2, 18, 34, 889 }, // D
    { 12, 18, 228, 2, 18, 27, 923 }, // E
    { 12, 18, 225, 2, 18, 27, 950 }, // F
    { 16, 19, 278, 1, 18, 38, 977 }, // G
    { 14, 18, 288, 2, 18, 32, 1015 }, // H
    { 3, 18, 107, 2, 18, 7, 1047 }, // I
    { 11, 19, 224, 1, 18, 27, 1054 }, // J
    { 14, 19, 265, 2, 18, 34, 1081 }, // K
    { 11, 18, 221, 2, 18, 25, 1115 }, // L
    { 17, 18, 329, 2, 18, 39, 1140 }, // M
    { 15, 18, 293, 2, 18, 34, 1179 }, // N
    { 17, 19, 304, 1, 18, 41, 1213 }, // O
    { 12, 18, 240, 2, 18, 27, 1254 }, // P
    { 19, 23, 305, 1, 18, 55, 1281 }, // Q
    { 15, 19, 272, 2, 18, 36, 1336 }, // R
    { 14, 19, 234, 0, 18, 34, 1372 }, // S
    { 15, 18, 248, 0, 18, 34, 1406 }, // T
    { 14, 19, 283, 2, 18, 34, 1440 }, // U
    { 17, 18, 270, 0, 18, 39, 1474 }, // V
    { 24, 18, 380, 0, 18, 54, 1513 }, // W
    { 14, 19, 256, 1, 18, 34, 1567 }, // X
    { 15, 18, 234, 0, 18, 34, 1601 }, // Y
    { 15, 18, 259, 1, 18, 34, 1635 }, // Z
    { 8, 23, 162, 2, 18, 23, 1669 }, // [
    { 14, 25, 221, 0, 21, 44, 1692 }, // <backslash>
    { 9, 23, 162, 0, 18, 26, 1736 }, // ]
    { 13, 11, 234, 1, 19, 18, 1762 }, // ^
    { 15, 3, 277, 1, -1, 6, 1780 }, // _
    { 6, 4, 99, 0, 18, 3, 1786 }, // `
    { 13, 15, 248, 1, 14, 25, 1789 }, // a
    { 14, 20, 248, 1, 19, 35, 1814 }, // b
    { 12, 15, 208, 1, 14, 23, 1849 }, // c
    { 13, 20, 248, 1, 19, 33, 1872 }, // d
    { 13, 15, 233, 1, 14, 25, 1905 }, // e
    { 11, 19, 164, 0, 19, 27, 1930 }, // f
    { 14, 19, 253, 1, 14, 34, 1957 }, // g
    { 12, 19, 232, 1, 19, 29, 1991 }, // h
    { 4, 18, 92, 1, 18, 9, 2020 }, // i
    { 6, 23, 109, -1, 18, 18, 2029 }, // j
    { 12, 19, 223, 1, 19, 29, 2047 }, // k
    { 4, 19, 103, 1, 19, 10, 2076 }, // l
    { 21, 14, 368, 1, 14, 37, 2086 }, // m
    { 13, 14, 236, 1, 14, 23, 2123 }, // n
    { 14, 15, 247, 1, 14, 27, 2146 }, // o
    { 14, 19, 248, 1, 14, 34, 2173 }, // p
    { 13, 19, 248, 1, 14, 31, 2207 }, // q
    { 9, 14, 167, 1, 14, 16, 2238 }, // r
    { 11, 15, 191, 0, 14, 21, 2254 }, // s
    { 9, 17, 154, 0, 17, 20, 2275 }, // t
    { 12, 15, 232, 1, 14, 23, 2295 }, // u
    { 13, 15, 220, 0, 14, 25, 2318 }, // v
    { 19, 15, 305, 0, 14, 36, 2343 }, // w
    { 12, 15, 194, 0, 14, 23, 2379 }, // x
    { 12, 19, 232, 1, 14, 29, 2402 }, // y
    { 12, 14, 193, 0, 14, 21, 2431 }, // z
    { 10, 24, 164, 0, 18, 30, 2452 }, // {
    { 4, 24, 94, 1, 20, 12, 2482 }, // |
    { 10, 24, 164, 0, 18, 30, 2494 }, // }
    { 11, 5, 206, 1, 11, 7, 2524 }, // ~
    { 0, 0, 111, 0, 0, 0, 2531 }, // U+00A0
    { 4, 19, 96, 1, 14, 10, 2531 }, // U+00A1
    { 13, 18, 206, 0, 18, 30, 2541 }, // U+00A2
    { 16, 19, 248, 0, 18, 38, 2571 }, // U+00A3
    { 12, 11, 220, 1, 13, 17, 2609 }, // U+00A4
    { 15, 18, 234, 0, 18, 34, 2626 }, // U+00A5
    { 4, 24, 96, 1, 20, 12, 2660 }, // U+00A6
    { 13, 22, 220, 0, 18, 36, 2672 }, // U+00A7
    { 8, 3, 166, 1, 18, 3, 2708 }, // U+00A8
    { 19, 19, 314, 0, 18, 46, 2711 }, // U+00A9
    { 9, 10, 141, 0, 19, 12, 2757 }, // U+00AA
    { 12, 11, 190, 0, 12, 17, 2769 }, // U+00AB
    { 15, 8, 268, 1, 11, 15, 2786 }, // U+00AC
    { 8, 3, 158, 1, 9, 3, 2801 }, // U+00AD
    { 12, 12, 202, 0, 18, 18, 2804 }, // U+00AE
    { 9, 3, 171, 1, 17, 4, 2822 }, // U+00AF
    { 9, 9, 149, 0, 18, 11, 2826 }, // U+00B0
    { 13, 14, 224, 1, 16, 23, 2837 }, // U+00B1
    { 7, 10, 139, 1, 20, 9, 2860 }, // U+00B2
    { 7, 10, 136, 1, 19, 9, 2869 }, // U+00B3
    { 5, 6, 107, 1, 20, 4, 2878 }, // U+00B4
    { 11, 17, 236, 2, 13, 24, 2882 }, // U+00B5
    { 14, 20, 252, 0, 18, 35, 2906 }, // U+00B6
    { 4, 4, 85, 1, 10, 2, 2941 }, // U+00B7
    { 4, 5, 107, 1, 1, 3, 2943 }, // U+00B8
    { 6, 10, 115, 0, 20, 8, 2946 }, // U+00B9
    { 9, 9, 140, 0, 18, 11, 2954 }, // U+00BA
    { 12, 11, 192, 0, 12, 17, 2965 }, // U+00BB
    { 18, 19, 312, 1, 18, 43, 2982 }, // U+00BC
    { 18, 19, 314, 1, 18, 43, 3025 }, // U+00BD
    { 19, 19, 323, 1, 18, 46, 3068 }, // U+00BE
    { 12, 20, 204, 0, 14, 30, 3114 }, // U+00BF
    { 16, 23, 257, 0, 22, 46, 3144 }, // U+00C0
    { 16, 23, 257, 0, 22, 46, 3190 }, // U+00C1
    { 16, 24, 257, 0, 23, 48, 3236 }, // U+00C2
    { 16, 24, 257, 0, 23, 48, 3284 }, // U+00C3
    { 16, 23, 257, 0, 22, 46, 3332 }, // U+00C4
    { 16, 23, 258, 0, 22, 46, 3378 }, // U+00C5
    { 22, 19, 358, 0, 18, 53, 3424 }, // U+00C6
    { 15, 22, 254, 1, 18, 42, 3477 }, // U+00C7
    { 12, 22, 228, 2, 22, 33, 3519 }, // U+00C8
    { 12, 22, 228, 2, 22, 33, 3552 }, // U+00C9
    { 12, 23, 228, 2, 23, 35, 3585 }, // U+00CA
    { 12, 22, 228, 2, 22, 33, 3620 }, // U+00CB
    { 6, 22, 107, -1, 22, 17, 3653 }, // U+00CC
    { 6, 22, 107, 2, 22, 17, 3670 }, // U+00CD
    { 8, 23, 107, -1, 23, 23, 3687 }, // U+00CE
    { 9, 22, 107, -1, 22, 25, 3710 }, // U+00CF
    { 17, 18, 286, 0, 18, 39, 3735 }, // U+00D0
    { 15, 23, 293, 2, 23, 44, 3774 }, // U+00D1
    { 17, 23, 304, 1, 22, 49, 3818 }, // U+00D2
    { 17, 23, 304, 1, 22, 49, 3867 }, // U+00D3
    { 17, 24, 304, 1, 23, 51, 3916 }, // U+00D4
    { 17, 24, 304, 1, 23, 51, 3967 }, // U+00D5
    { 17, 23, 304, 1, 22, 49, 4018 }, // U+00D6
    { 10, 10, 195, 1, 13, 13, 4067 }, // U+00D7
    { 17, 20, 294, 1, 19, 43, 4080 }, // U+00D8
    { 14, 23, 283, 2, 22, 41, 4123 }, // U+00D9
    { 14, 23, 283, 2, 22, 41, 4164 }, // U+00DA
    { 14, 24, 283, 2, 23, 42, 4205 }, // U+00DB
    { 14, 23, 283, 2, 22, 41, 4247 }, // U+00DC
    { 15, 22, 234, 0, 22, 42, 4288 }, // U+00DD
    { 12, 19, 239, 2, 19, 29, 4330 }, // U+00DE
    { 16, 20, 259, 0, 19, 40, 4359 }, // U+00DF
    { 13, 19, 248, 1, 18, 31, 4399 }, // U+00E0
    { 13, 20, 248, 1, 19, 33, 4430 }, // U+00E1
    { 13, 20, 248, 1, 19, 33, 4463 }, // U+00E2
    { 13, 20, 248, 1, 19, 33, 4496 }, // U+00E3
    { 13, 19, 248, 1, 18, 31, 4529 }, // U+00E4
    { 13, 21, 248, 1, 20, 35, 4560 }, // U+00E5
    { 21, 15, 367, 1, 14, 40, 4595 }, // U+00E6
    { 12, 18, 208, 1, 14, 27, 4635 }, // U+00E7
    { 13, 19, 233, 1, 18, 31, 4662 }, // U+00E8
    { 13, 20, 233, 1, 19, 33, 4693 }, // U+00E9
    { 13, 20, 233, 1, 19, 33, 4726 }, // U+00EA
    { 13, 19, 233, 1, 18, 31, 4759 }, // U+00EB
    { 6, 18, 92, -1, 18, 14, 4790 }, // U+00EC
    { 6, 19, 92, 1, 19, 15, 4804 }, // U+00ED
    { 8, 19, 92, -1, 19, 19, 4819 }, // U+00EE
    { 8, 18, 92, -1, 18, 18, 4838 }, // U+00EF
    { 13, 20, 233, 1, 19, 33, 4856 }, // U+00F0
    { 13, 19, 236, 1, 19, 31, 4889 }, // U+00F1
    { 14, 19, 247, 1, 18, 34, 4920 }, // U+00F2
    { 14, 21, 247, 1, 20, 37, 4954 }, // U+00F3
    { 14, 20, 247, 1, 19, 35, 4991 }, // U+00F4
    { 14, 20, 247, 1, 19, 35, 5026 }, // U+00F5
    { 14, 19, 247, 1, 18, 34, 5061 }, // U+00F6
    { 13, 13, 240, 1, 15, 22, 5095 }, // U+00F7
    { 14, 15, 247, 1, 14, 27, 5117 }, // U+00F8
    { 12, 19, 232, 1, 18, 29, 5144 }, // U+00F9
    { 12, 20, 232, 1, 19, 30, 5173 }, // U+00FA
    { 12, 20, 232, 1, 19, 30, 5203 }, // U+00FB
    { 12, 19, 232, 1, 18, 29, 5233 }, // U+00FC
    { 12, 24, 232, 1, 19, 36, 5262 }, // U+00FD
    { 14, 24, 248, 1, 19, 42, 5298 }, // U+00FE
    { 12, 23, 232, 1, 18, 35, 5340 }, // U+00FF
    { 16, 22, 257, 0, 21, 44, 5375 }, // U+0100
    { 13, 18, 248, 1, 17, 30, 5419 }, // U+0101
    { 16, 24, 257, 0, 23, 48, 5449 }, // U+0102
    { 13, 19, 248, 1, 18, 31, 5497 }, // U+0103
    { 17, 24, 258, 0, 18, 51, 5528 }, // U+0104
    { 14, 20, 248, 1, 14, 35, 5579 }, // U+0105
    { 15, 23, 254, 1, 22, 44, 5614 }, // U+0106
    { 12, 20, 208, 1, 19, 30, 5658 }, // U+0107
    { 15, 24, 254, 1, 23, 45, 5688 }, // U+0108
    { 12, 20, 208, 1, 19, 30, 5733 }, // U+0109
    { 15, 23, 254, 1, 22, 44, 5763 }, // U+010A
    { 12, 19, 208, 1, 18, 29, 5807 }, // U+010B
    { 15, 23, 254, 1, 22, 44, 5836 }, // U+010C
    { 12, 20, 208, 1, 19, 30, 5880 }, // U+010D
    { 15, 22, 286, 2, 22, 42, 5910 }, // U+010E
    { 18, 20, 272, 1, 19, 45, 5952 }, // U+010F
    { 17, 18, 286, 0, 18, 39, 5997 }, // U+0110
    { 15, 20, 248, 1, 19, 38, 6036 }, // U+0111
    { 12, 21, 228, 2, 21, 32, 6074 }, // U+0112
    { 13, 18, 233, 1, 17, 30, 6106 }, // U+0113
    { 12, 23, 228, 2, 23, 35, 6136 }, // U+0114
    { 13, 19, 233, 1, 18, 31, 6171 }, // U+0115
    { 12, 22, 228, 2, 22, 33, 6202 }, // U+0116
    { 13, 19, 233, 1, 18, 31, 6235 }, // U+0117
    { 12, 24, 230, 2, 18, 36, 6266 }, // U+0118
    { 13, 20, 233, 1, 14, 33, 6302 }, // U+0119
    { 12, 22, 228, 2, 22, 33, 6335 }, // U+011A
    { 13, 20, 233, 1, 19, 33, 6368 }, // U+011B
    { 16, 24, 278, 1, 23, 48, 6401 }, // U+011C
    { 14, 24, 253, 1, 19, 42, 6449 }, // U+011D
    { 16, 24, 278, 1, 23, 48, 6491 }, // U+011E
    { 14, 23, 253, 1, 18, 41, 6539 }, // U+011F
    { 16, 23, 278, 1, 22, 46, 6580 }, // U+0120
    { 14, 23, 253, 1, 18, 41, 6626 }, // U+0121
    { 16, 23, 278, 1, 18, 46, 6667 }, // U+0122
    { 14, 26, 253, 1, 21, 46, 6713 }, // U+0123
    { 14, 23, 288, 2, 23, 41, 6759 }, // U+0124
    { 14, 24, 232, -1, 24, 42, 6800 }, // U+0125
    { 18, 18, 326, 1, 18, 41, 6842 }, // U+0126
    { 14, 19, 232, -1, 19, 34, 6883 }, // U+0127
    { 10, 23, 107, -2, 23, 29, 6917 }, // U+0128
    { 10, 19, 92, -2, 19, 24, 6946 }, // U+0129
    { 9, 21, 107, -1, 21, 24, 6970 }, // U+012A
    { 9, 17, 92, -2, 17, 20, 6994 }, // U+012B
    { 9, 23, 107, -1, 23, 26, 7014 }, // U+012C
    { 9, 18, 92, -2, 18, 21, 7040 }, // U+012D
    { 7, 24, 106, -1, 18, 21, 7061 }, // U+012E
    { 6, 24, 92, -1, 18, 18, 7082 }, // U+012F
    { 4, 22, 107, 1, 22, 11, 7100 }, // U+0130
    { 4, 14, 92, 1, 14, 7, 7111 }, // U+0131
    { 11, 19, 236, 2, 18, 27, 7118 }, // U+0132
    { 9, 23, 192, 1, 18, 26, 7145 }, // U+0133
    { 14, 24, 224, 1, 23, 42, 7171 }, // U+0134
    { 8, 24, 106, -1, 19, 24, 7213 }, // U+0135
    { 14, 23, 265, 2, 18, 41, 7237 }, // U+0136
    { 12, 27, 223, 1, 19, 41, 7278 }, // U+0137
    { 12, 14, 223, 1, 14, 21, 7319 }, // U+0138
    { 11, 22, 221, 2, 22, 31, 7340 }, // U+0139
    { 7, 23, 103, 1, 23, 21, 7371 }, // U+013A
    { 11, 23, 221, 2, 18, 32, 7392 }, // U+013B
    { 5, 27, 103, 0, 19, 17, 7424 }, // U+013C
    { 11, 19, 221, 2, 19, 27, 7441 }, // U+013D
    { 9, 19, 122, 1, 19, 22, 7468 }, // U+013E
    { 11, 18, 216, 2, 18, 25, 7490 }, // U+013F
    { 9, 19, 147, 1, 19, 22, 7515 }, // U+0140
    { 15, 18, 246, 0, 18, 34, 7537 }, // U+0141
    { 8, 19, 103, -1, 19, 19, 7571 }, // U+0142
    { 15, 22, 293, 2, 22, 42, 7590 }, // U+0143
    { 13, 19, 236, 1, 19, 31, 7632 }, // U+0144
    { 15, 23, 293, 2, 18, 44, 7663 }, // U+0145
    { 13, 22, 236, 1, 14, 36, 7707 }, // U+0146
    { 15, 22, 293, 2, 22, 42, 7743 }, // U+0147
    { 13, 19, 236, 1, 19, 31, 7785 }, // U+0148
    { 15, 18, 248, -1, 18, 34, 7816 }, // U+0149
    { 15, 23, 301, 2, 18, 44, 7850 }, // U+014A
    { 13, 19, 236, 1, 14, 31, 7894 }, // U+014B
    { 17, 22, 304, 1, 21, 47, 7925 }, // U+014C
    { 14, 18, 247, 1, 17, 32, 7972 }, // U+014D
    { 17, 24, 304, 1, 23, 51, 8004 }, // U+014E
    { 14, 19, 247, 1, 18, 34, 8055 }, // U+014F
    { 17, 24, 304, 1, 23, 51, 8089 }, // U+0150
    { 14, 20, 247, 1, 19, 35, 8140 }, // U+0151
    { 23, 18, 390, 1, 18, 52, 8175 }, // U+0152
    { 24, 15, 406, 1, 14, 45, 8227 }, // U+0153
    { 15, 23, 272, 2, 22, 44, 8272 }, // U+0154
    { 9, 19, 167, 1, 19, 22, 8316 }, // U+0155
    { 15, 23, 272, 2, 18, 44, 8338 }, // U+0156
    { 10, 22, 167, 0, 14, 28, 8382 }, // U+0157
    { 15, 23, 272, 2, 22, 44, 8410 }, // U+0158
    { 9, 19, 167, 1, 19, 22, 8454 }, // U+0159
    { 14, 23, 234, 0, 22, 41, 8476 }, // U+015A
    { 11, 20, 191, 0, 19, 28, 8517 }, // U+015B
    { 14, 24, 234, 0, 23, 42, 8545 }, // U+015C
    { 11, 20, 191, 0, 19, 28, 8587 }, // U+015D
    { 14, 22, 234, 0, 18, 39, 8615 }, // U+015E
    { 11, 18, 191, 0, 14, 25, 8654 }, // U+015F
    { 14, 23, 234, 0, 22, 41, 8679 }, // U+0160
    { 11, 20, 191, 0, 19, 28, 8720 }, // U+0161
    { 15, 22, 248, 0, 18, 42, 8748 }, // U+0162
    { 9, 21, 154, 0, 17, 24, 8790 }, // U+0163
    { 15, 22, 248, 0, 22, 42, 8814 }, // U+0164
    { 11, 20, 154, 0, 20, 28, 8856 }, // U+0165
    { 15, 18, 248, 0, 18, 34, 8884 }, // U+0166
    { 9, 17, 154, 0, 17, 20, 8918 }, // U+0167
    { 14, 24, 283, 2, 23, 42, 8938 }, // U+0168
    { 12, 20, 232, 1, 19, 30, 8980 }, // U+0169
    { 14, 22, 283, 2, 21, 39, 9010 }, // U+016A
    { 12, 18, 232, 1, 17, 27, 9049 }, // U+016B
    { 14, 24, 283, 2, 23, 42, 9076 }, // U+016C
    { 12, 19, 232, 1, 18, 29, 9118 }, // U+016D
    { 14, 25, 283, 2, 24, 44, 9147 }, // U+016E
    { 12, 21, 232, 1, 20, 32, 9191 }, // U+016F
    { 14, 24, 283, 2, 23, 42, 9223 }, // U+0170
    { 12, 20, 232, 1, 19, 30, 9265 }, // U+0171
    { 14, 24, 283, 2, 18, 42, 9295 }, // U+0172
    { 12, 20, 232, 1, 14, 30, 9337 }, // U+0173
    { 24, 23, 380, 0, 23, 69, 9367 }, // U+0174
    { 19, 20, 305, 0, 19, 48, 9436 }, // U+0175
    { 15, 23, 234, 0, 23, 44, 9484 }, // U+0176
    { 12, 24, 232, 1, 19, 36, 9528 }, // U+0177
    { 15, 22, 234, 0, 22, 42, 9564 }, // U+0178
    { 15, 22, 259, 1, 22, 42, 9606 }, // U+0179
    { 12, 19, 193, 0, 19, 29, 9648 }, // U+017A
    { 15, 22, 259, 1, 22, 42, 9677 }, // U+017B
    { 12, 18, 193, 0, 18, 27, 9719 }, // U+017C
    { 15, 22, 259, 1, 22, 42, 9746 }, // U+017D
    { 12, 19, 193, 0, 19, 29, 9788 }, // U+017E
    { 17, 22, 304, 1, 21, 47, 9817 }, // U+01A0
    { 14, 18, 247, 1, 17, 32, 9864 }, // U+01A1
    { 17, 22, 283, 2, 21, 47, 9896 }, // U+01AF
    { 15, 18, 232, 1, 17, 34, 9943 }, // U+01B0
    { 32, 22, 545, 2, 22, 88, 9977 }, // U+01C4
    { 28, 19, 480, 2, 19, 67, 10065 }, // U+01C5
    { 26, 20, 441, 1, 19, 65, 10132 }, // U+01C6
    { 24, 19, 444, 2, 18, 57, 10197 }, // U+01C7
    { 17, 23, 330, 2, 18, 49, 10254 }, // U+01C8
    { 10, 24, 206, 1, 19, 30, 10303 }, // U+01C9
    { 29, 19, 516, 2, 18, 69, 10333 }, // U+01CA
    { 22, 23, 402, 2, 18, 64, 10402 }, // U+01CB
    { 19, 23, 345, 1, 18, 55, 10466 }, // U+01CC
    { 16, 23, 257, 0, 22, 46, 10521 }, // U+01CD
    { 13, 20, 248, 1, 19, 33, 10567 }, // U+01CE
    { 8, 22, 107, -1, 22, 22, 10600 }, // U+01CF
    { 8, 19, 92, -1, 19, 19, 10622 }, // U+01D0
    { 17, 23, 304, 1, 22, 49, 10641 }, // U+01D1
    { 14, 20, 247, 1, 19, 35, 10690 }, // U+01D2
    { 14, 23, 283, 2, 22, 41, 10725 }, // U+01D3
    { 12, 20, 232, 1, 19, 30, 10766 }, // U+01D4
    { 16, 23, 278, 1, 22, 46, 10796 }, // U+01E6
    { 14, 24, 253, 1, 19, 42, 10842 }, // U+01E7
    { 17, 24, 304, 1, 18, 51, 10884 }, // U+01EA
    { 15, 20, 243, 0, 14, 38, 10935 }, // U+01EB
    { 28, 18, 479, 2, 18, 63, 10973 }, // U+01F2
    { 16, 27, 258, 0, 26, 54, 11036 }, // U+01FA
    { 13, 25, 247, 1, 24, 41, 11090 }, // U+01FB
    { 22, 23, 358, 0, 22, 64, 11131 }, // U+01FC
    { 21, 21, 367, 1, 20, 56, 11195 }, // U+01FD
    { 17, 23, 294, 1, 22, 49, 11251 }, // U+01FE
    { 14, 20, 247, 1, 19, 35, 11300 }, // U+01FF
    { 16, 24, 257, 0, 23, 48, 11335 }, // U+0200
    { 13, 20, 248, 1, 19, 33, 11383 }, // U+0201
    { 16, 24, 257, 0, 23, 48, 11416 }, // U+0202
    { 13, 20, 248, 1, 19, 33, 11464 }, // U+0203
    { 13, 23, 228, 1, 23, 38, 11497 }, // U+0204
    { 13, 20, 233, 1, 19, 33, 11535 }, // U+0205
    { 12, 23, 228, 2, 23, 35, 11568 }, // U+0206
    { 13, 20, 233, 1, 19, 33, 11603 }, // U+0207
    { 10, 23, 107, -3, 23, 29, 11636 }, // U+0208
    { 10, 19, 92, -3, 19, 24, 11665 }, // U+0209
    { 9, 23, 107, -1, 23, 26, 11689 }, // U+020A
    { 8, 19, 92, -1, 19, 19, 11715 }, // U+020B
    { 17, 24, 304, 1, 23, 51, 11734 }, // U+020C
    { 14, 20, 247, 1, 19, 35, 11785 }, // U+020D
    { 17, 24, 304, 1, 23, 51, 11820 }, // U+020E
    { 14, 20, 247, 1, 19, 35, 11871 }, // U+020F
    { 15, 24, 272, 2, 23, 45, 11906 }, // U+0210
    { 11, 19, 167, -1, 19, 27, 11951 }, // U+0211
    { 15, 24, 272, 2, 23, 45, 11978 }, // U+0212
    { 9, 19, 167, 1, 19, 22, 12023 }, // U+0213
    { 14, 24, 283, 2, 23, 42, 12045 }, // U+0214
    { 12, 20, 232, 1, 19, 30, 12087 }, // U+0215
    { 14, 24, 283, 2, 23, 42, 12117 }, // U+0216
    { 12, 20, 232, 1, 19, 30, 12159 }, // U+0217
    { 14, 23, 234, 0, 18, 41, 12189 }, // U+0218
    { 11, 22, 191, 0, 14, 31, 12230 }, // U+0219
    { 15, 23, 248, 0, 18, 44, 12261 }, // U+021A
    { 9, 25, 154, 0, 17, 29, 12305 }, // U+021B
    { 6, 4, 0, 0, 18, 3, 12334 }, // U+0300
    { 5, 6, 0, 1, 20, 4, 12337 }, // U+0301
    { 7, 5, 0, 1, 19, 5, 12341 }, // U+0302
    { 9, 5, 0, 1, 19, 6, 12346 }, // U+0303
    { 9, 3, 0, 1, 17, 4, 12352 }, // U+0304
    { 8, 4, 0, 1, 18, 4, 12356 }, // U+0306
    { 4, 4, 0, 1, 18, 2, 12360 }, // U+0307
    { 8, 3, 0, 1, 18, 3, 12362 }, // U+0308
    { 5, 6, 0, 1, 20, 4, 12365 }, // U+0309
    { 6, 6, 0, 1, 20, 5, 12369 }, // U+030A
    { 9, 5, 0, 1, 19, 6, 12374 }, // U+030B
    { 7, 5, 0, 1, 19, 5, 12380 }, // U+030C
    { 10, 5, 0, 0, 19, 7, 12385 }, // U+030F
    { 9, 5, 0, 1, 19, 6, 12392 }, // U+0311
    { 5, 7, 0, 5, 21, 5, 12398 }, // U+0312
    { 6, 6, 0, 1, 16, 5, 12403 }, // U+031B
    { 4, 3, 0, 1, -1, 2, 12408 }, // U+0323
    { 8, 3, 0, 1, -1, 3, 12410 }, // U+0324
    { 5, 7, 0, 0, -1, 5, 12413 }, // U+0326
    { 5, 5, 0, 1, 1, 4, 12418 }, // U+0327
    { 6, 8, 0, 1, 2, 6, 12422 }, // U+0328
    { 7, 4, 0, 1, -1, 4, 12428 }, // U+032D
    { 9, 5, 0, 1, 0, 6, 12432 }, // U+032E
    { 9, 3, 0, 1, -1, 4, 12438 }, // U+0331
    { 8, 3, 0, 1, 9, 3, 12442 }, // U+0335
    { 16, 22, 257, 0, 18, 44, 12445 }, // U+1EA0
    { 13, 18, 248, 1, 14, 30, 12489 }, // U+1EA1
    { 16, 26, 257, 0, 25, 52, 12519 }, // U+1EA2
    { 13, 21, 248, 1, 20, 35, 12571 }, // U+1EA3
    { 16, 25, 257, 0, 24, 50, 12606 }, // U+1EA4
    { 14, 23, 248, 1, 22, 41, 12656 }, // U+1EA5
    { 16, 27, 257, 0, 26, 54, 12697 }, // U+1EA6
    { 13, 23, 248, 1, 22, 38, 12751 }, // U+1EA7
    { 16, 27, 257, 0, 26, 54, 12789 }, // U+1EA8
    { 13, 23, 248, 1, 22, 38, 12843 }, // U+1EA9
    { 16, 28, 257, 0, 27, 56, 12881 }, // U+1EAA
    { 13, 23, 248, 1, 22, 38, 12937 }, // U+1EAB
    { 16, 27, 257, 0, 23, 54, 12975 }, // U+1EAC
    { 13, 23, 248, 1, 19, 38, 13029 }, // U+1EAD
    { 16, 28, 257, 0, 27, 56, 13067 }, // U+1EAE
    { 13, 24, 248, 1, 23, 39, 13123 }, // U+1EAF
    { 16, 28, 257, 0, 27, 56, 13162 }, // U+1EB0
    { 13, 23, 248, 1, 22, 38, 13218 }, // U+1EB1
    { 16, 30, 257, 0, 29, 60, 13256 }, // U+1EB2
    { 13, 25, 248, 1, 24, 41, 13316 }, // U+1EB3
    { 16, 29, 257, 0, 28, 58, 13357 }, // U+1EB4
    { 13, 24, 248, 1, 23, 39, 13415 }, // U+1EB5
    { 16, 27, 257, 0, 23, 54, 13454 }, // U+1EB6
    { 13, 22, 248, 1, 18, 36, 13508 }, // U+1EB7
    { 12, 22, 228, 2, 18, 33, 13544 }, // U+1EB8
    { 13, 18, 233, 1, 14, 30, 13577 }, // U+1EB9
    { 12, 25, 228, 2, 25, 38, 13607 }, // U+1EBA
    { 13, 21, 233, 1, 20, 35, 13645 }, // U+1EBB
    { 12, 23, 228, 2, 23, 35, 13680 }, // U+1EBC
    { 13, 20, 233, 1, 19, 33, 13715 }, // U+1EBD
    { 14, 24, 228, 2, 24, 42, 13748 }, // U+1EBE
    { 13, 23, 233, 1, 22, 38, 13790 }, // U+1EBF
    { 12, 26, 228, 2, 26, 39, 13828 }, // U+1EC0
    { 13, 23, 233, 1, 22, 38, 13867 }, // U+1EC1
    { 12, 30, 228, 2, 30, 45, 13905 }, // U+1EC2
    { 13, 23, 233, 1, 22, 38, 13950 }, // U+1EC3
    { 12, 27, 228, 2, 27, 41, 13988 }, // U+1EC4
    { 13, 23, 233, 1, 22, 38, 14029 }, // U+1EC5
    { 12, 27, 228, 2, 23, 41, 14067 }, // U+1EC6
    { 13, 23, 233, 1, 19, 38, 14108 }, // U+1EC7
    { 6, 25, 107, 0, 25, 19, 14146 }, // U+1EC8
    { 5, 20, 92, 0, 20, 13, 14165 }, // U+1EC9
    { 4, 22, 107, 1, 18, 11, 14178 }, // U+1ECA
    { 4, 22, 92, 1, 18, 11, 14189 }, // U+1ECB
    { 17, 22, 304, 1, 18, 47, 14200 }, // U+1ECC
    { 14, 18, 247, 1, 14, 32, 14247 }, // U+1ECD
    { 17, 26, 304, 1, 25, 56, 14279 }, // U+1ECE
    { 14, 21, 247, 1, 20, 37, 14335 }, // U+1ECF
    { 17, 25, 304, 1, 24, 54, 14372 }, // U+1ED0
    { 14, 23, 247, 1, 22, 41, 14426 }, // U+1ED1
    { 17, 26, 304, 1, 25, 56, 14467 }, // U+1ED2
    { 14, 23, 247, 1, 22, 41, 14523 }, // U+1ED3
    { 17, 28, 304, 1, 27, 60, 14564 }, // U+1ED4
    { 14, 23, 247, 1, 22, 41, 14624 }, // U+1ED5
    { 17, 28, 304, 1, 27, 60, 14665 }, // U+1ED6
    { 14, 23, 247, 1, 22, 41, 14725 }, // U+1ED7
    { 17, 27, 304, 1, 23, 58, 14766 }, // U+1ED8
    { 14, 23, 247, 1, 19, 41, 14824 }, // U+1ED9
    { 17, 23, 304, 1, 22, 49, 14865 }, // U+1EDA
    { 14, 20, 247, 1, 19, 35, 14914 }, // U+1EDB
    { 17, 23, 304, 1, 22, 49, 14949 }, // U+1EDC
    { 14, 19, 247, 1, 18, 34, 14998 }, // U+1EDD
    { 17, 26, 304, 1, 25, 56, 15032 }, // U+1EDE
    { 14, 21, 247, 1, 20, 37, 15088 }, // U+1EDF
    { 17, 24, 304, 1, 23, 51, 15125 }, // U+1EE0
    { 14, 20, 247, 1, 19, 35, 15176 }, // U+1EE1
    { 17, 25, 304, 1, 21, 54, 15211 }, // U+1EE2
    { 14, 21, 247, 1, 17, 37, 15265 }, // U+1EE3
    { 14, 22, 283, 2, 18, 39, 15302 }, // U+1EE4
    { 12, 18, 232, 1, 14, 27, 15341 }, // U+1EE5
    { 14, 26, 283, 2, 25, 46, 15368 }, // U+1EE6
    { 12, 21, 232, 1, 20, 32, 15414 }, // U+1EE7
    { 17, 23, 283, 2, 22, 49, 15446 }, // U+1EE8
    { 15, 20, 232, 1, 19, 38, 15495 }, // U+1EE9
    { 17, 23, 283, 2, 22, 49, 15533 }, // U+1EEA
    { 15, 19, 232, 1, 18, 36, 15582 }, // U+1EEB
    { 17, 26, 283, 2, 25, 56, 15618 }, // U+1EEC
    { 15, 21, 232, 1, 20, 40, 15674 }, // U+1EED
    { 17, 24, 283, 2, 23, 51, 15714 }, // U+1EEE
    { 15, 20, 232, 1, 19, 38, 15765 }, // U+1EEF
    { 17, 25, 283, 2, 21, 54, 15803 }, // U+1EF0
    { 15, 21, 232, 1, 17, 40, 15857 }, // U+1EF1
    { 15, 22, 234, 0, 22, 42, 15897 }, // U+1EF2
    { 12, 23, 232, 1, 18, 35, 15939 }, // U+1EF3
    { 15, 22, 234, 0, 18, 42, 15974 }, // U+1EF4
    { 15, 19, 232, 1, 14, 36, 16016 }, // U+1EF5
    { 15, 25, 234, 0, 25, 47, 16052 }, // U+1EF6
    { 12, 25, 232, 1, 20, 38, 16099 }, // U+1EF7
    { 15, 23, 234, 0, 23, 44, 16137 }, // U+1EF8
    { 12, 24, 232, 1, 19, 36, 16181 }, // U+1EF9
    { 0, 0, 220, 0, 0, 0, 16217 }, // U+2007
    { 0, 0, 104, 0, 0, 0, 16217 }, // U+2008
    { 0, 0, 82, 0, 0, 0, 16217 }, // U+2009
    { 0, 0, 41, 0, 0, 0, 16217 }, // U+200A
    { 0, 0, 0, 0, 0, 0, 16217 }, // U+200B
    { 8, 3, 158, 1, 9, 3, 16217 }, // U+2010
    { 11, 3, 206, 1, 9, 5, 16220 }, // U+2012
    { 11, 3, 206, 1, 9, 5, 16225 }, // U+2013
    { 20, 3, 348, 1, 9, 8, 16230 }, // U+2014
    { 20, 3, 348, 1, 9, 8, 16238 }, // U+2015
    { 5, 7, 102, 0, 18, 5, 16246 }, // U+2018
    { 5, 7, 99, 0, 18, 5, 16251 }, // U+2019
    { 5, 7, 100, 0, 3, 5, 16256 }, // U+201A
    { 10, 7, 168, 0, 18, 9, 16261 }, // U+201C
    { 10, 7, 168, 0, 18, 9, 16270 }, // U+201D
    { 10, 7, 158, 0, 3, 9, 16279 }, // U+201E
    { 9, 14, 177, 1, 19, 16, 16288 }, // U+2020
    { 8, 15, 162, 1, 19, 15, 16304 }, // U+2021
    { 8, 8, 139, 0, 13, 8, 16319 }, // U+2022
    { 13, 4, 241, 1, 4, 7, 16327 }, // U+2026
    { 29, 19, 462, 0, 18, 69, 16334 }, // U+2030
    { 10, 8, 166, 0, 18, 10, 16403 }, // U+2033
    { 6, 11, 110, 0, 12, 9, 16413 }, // U+2039
    { 6, 11, 110, 0, 12, 9, 16422 }, // U+203A
    { 13, 19, 215, 0, 18, 31, 16431 }, // U+2044
    { 9, 11, 147, 0, 20, 13, 16462 }, // U+2070
    { 9, 10, 159, 0, 19, 12, 16475 }, // U+2074
    { 7, 10, 144, 1, 19, 9, 16487 }, // U+2075
    { 8, 11, 131, 0, 20, 11, 16496 }, // U+2076
    { 7, 10, 132, 1, 19, 9, 16507 }, // U+2077
    { 7, 10, 144, 1, 19, 9, 16516 }, // U+2078
    { 8, 11, 134, 0, 20, 11, 16525 }, // U+2079
    { 9, 11, 147, 0, 5, 13, 16536 }, // U+2080
    { 6, 10, 115, 0, 4, 8, 16549 }, // U+2081
    { 7, 10, 139, 1, 5, 9, 16557 }, // U+2082
    { 7, 10, 136, 1, 4, 9, 16566 }, // U+2083
    { 9, 10, 159, 0, 4, 12, 16575 }, // U+2084
    { 7, 10, 144, 1, 4, 9, 16587 }, // U+2085
    { 8, 11, 131, 0, 5, 11, 16596 }, // U+2086
    { 7, 10, 132, 1, 4, 9, 16607 }, // U+2087
    { 7, 10, 144, 1, 4, 9, 16616 }, // U+2088
    { 8, 11, 134, 0, 5, 11, 16625 }, // U+2089
    { 18, 25, 254, 0, 21, 57, 16636 }, // U+20A1
    { 14, 18, 225, 0, 18, 32, 16693 }, // U+20A3
    { 16, 19, 248, 0, 18, 38, 16725 }, // U+20A4
    { 20, 18, 293, -1, 18, 45, 16763 }, // U+20A6
    { 18, 18, 240, -1, 18, 41, 16808 }, // U+20A7
    { 24, 18, 380, 0, 18, 54, 16849 }, // U+20A9
    { 11, 18, 196, 1, 18, 25, 16903 }, // U+20AB
    { 16, 19, 257, 0, 18, 38, 16928 }, // U+20AC
    { 17, 19, 265, -1, 18, 41, 16966 }, // U+20AD
    { 17, 18, 240, -1, 18, 39, 17007 }, // U+20B1
    { 16, 24, 278, 1, 20, 48, 17046 }, // U+20B2
    { 15, 25, 254, 1, 21, 47, 17094 }, // U+20B5
    { 12, 18, 223, 1, 18, 27, 17141 }, // U+20B9
    { 15, 19, 245, 0, 18, 36, 17168 }, // U+20BA
    { 14, 22, 283, 2, 21, 39, 17204 }, // U+20BC
    { 14, 18, 240, 0, 18, 32, 17243 }, // U+20BD
    { 13, 20, 239, 1, 19, 33, 17275 }, // U+2202
    { 15, 15, 249, 0, 14, 29, 17308 }, // U+2205
    { 17, 18, 285, 0, 18, 39, 17337 }, // U+2206
    { 18, 23, 284, 0, 18, 52, 17376 }, // U+220F
    { 12, 17, 210, 1, 17, 26, 17428 }, // U+2211
    { 13, 3, 234, 1, 10, 5, 17454 }, // U+2212
    { 14, 25, 222, 0, 21, 44, 17459 }, // U+2215
    { 4, 4, 99, 1, 10, 2, 17503 }, // U+2219
    { 15, 18, 271, 1, 18, 34, 17505 }, // U+221A
    { 20, 10, 346, 1, 11, 25, 17539 }, // U+221E
    { 14, 23, 223, 0, 19, 41, 17564 }, // U+222B
    { 12, 10, 225, 1, 13, 15, 17605 }, // U+2248
    { 13, 14, 234, 1, 15, 23, 17620 }, // U+2260
    { 14, 14, 252, 1, 15, 25, 17643 }, // U+2264
    { 13, 15, 252, 1, 16, 25, 17668 }, // U+2265
    { 15, 19, 256, 0, 19, 36, 17693 }, // U+FB01
    { 15, 19, 267, 0, 19, 36, 17729 }, // U+FB02
};

static const EpdUnicodeInterval quicksand_sb_12_regularIntervals[] = {
    { 0xD, 0xD, 0x0 },
    { 0x20, 0x7E, 0x1 },
    { 0xA0, 0xFF, 0x60 },
    { 0x100, 0x17E, 0xC0 },
    { 0x1A0, 0x1A1, 0x13F },
    { 0x1AF, 0x1B0, 0x141 },
    { 0x1C4, 0x1D4, 0x143 },
    { 0x1E6, 0x1E7, 0x154 },
    { 0x1EA, 0x1EB, 0x156 },
    { 0x1F2, 0x1F2, 0x158 },
    { 0x1FA, 0x21B, 0x159 },
    { 0x300, 0x304, 0x17B },
    { 0x306, 0x30C, 0x180 },
    { 0x30F, 0x30F, 0x187 },
    { 0x311, 0x312, 0x188 },
    { 0x31B, 0x31B, 0x18A },
    { 0x323, 0x324, 0x18B },
    { 0x326, 0x328, 0x18D },
    { 0x32D, 0x32E, 0x190 },
    { 0x331, 0x331, 0x192 },
    { 0x335, 0x335, 0x193 },
    { 0x1EA0, 0x1EF9, 0x194 },
    { 0x2007, 0x200B, 0x1EE },
    { 0x2010, 0x2010, 0x1F3 },
    { 0x2012, 0x2015, 0x1F4 },
    { 0x2018, 0x201A, 0x1F8 },
    { 0x201C, 0x201E, 0x1FB },
    { 0x2020, 0x2022, 0x1FE },
    { 0x2026, 0x2026, 0x201 },
    { 0x2030, 0x2030, 0x202 },
    { 0x2033, 0x2033, 0x203 },
    { 0x2039, 0x203A, 0x204 },
    { 0x2044, 0x2044, 0x206 },
    { 0x2070, 0x2070, 0x207 },
    { 0x2074, 0x2079, 0x208 },
    { 0x2080, 0x2089, 0x20E },
    { 0x20A1, 0x20A1, 0x218 },
    { 0x20A3, 0x20A4, 0x219 },
    { 0x20A6, 0x20A7, 0x21B },
    { 0x20A9, 0x20A9, 0x21D },
    { 0x20AB, 0x20AD, 0x21E },
    { 0x20B1, 0x20B2, 0x221 },
    { 0x20B5, 0x20B5, 0x223 },
    { 0x20B9, 0x20BA, 0x224 },
    { 0x20BC, 0x20BD, 0x226 },
    { 0x2202, 0x2202, 0x228 },
    { 0x2205, 0x2206, 0x229 },
    { 0x220F, 0x220F, 0x22B },
    { 0x2211, 0x2212, 0x22C },
    { 0x2215, 0x2215, 0x22E },
    { 0x2219, 0x221A, 0x22F },
    { 0x221E, 0x221E, 0x231 },
    { 0x222B, 0x222B, 0x232 },
    { 0x2248, 0x2248, 0x233 },
    { 0x2260, 0x2260, 0x234 },
    { 0x2264, 0x2265, 0x235 },
    { 0xFB01, 0xFB02, 0x237 },
};

static const EpdKernClassEntry quicksand_sb_12_regularKernLeftClasses[] = {
    { 0x0026, 1 }, // &
    { 0x0028, 2 }, // (
    { 0x002A, 3 }, // *
    { 0x002B, 4 }, // +
    { 0x002C, 5 }, // ,
    { 0x002D, 4 }, // -
    { 0x002E, 6 }, // .
    { 0x002F, 7 }, // /
    { 0x0030, 8 }, // 0
    { 0x0031, 9 }, // 1
    { 0x0032, 10 }, // 2
    { 0x0034, 11 }, // 4
    { 0x0035, 12 }, // 5
    { 0x0036, 13 }, // 6
    { 0x0037, 14 }, // 7
    { 0x0038, 15 }, // 8
    { 0x0039, 16 }, // 9
    { 0x003E, 17 }, // >
    { 0x003F, 18 }, // ?
    { 0x0040, 19 }, // @
    { 0x0041, 20 }, // A
    { 0x0042, 21 }, // B
    { 0x0044, 8 }, // D
    { 0x0045, 22 }, // E
    { 0x0046, 23 }, // F
    { 0x0047, 24 }, // G
    { 0x004A, 25 }, // J
    { 0x004B, 26 }, // K
    { 0x004C, 27 }, // L
    { 0x004F, 8 }, // O
    { 0x0050, 28 }, // P
    { 0x0051, 29 }, // Q
    { 0x0052, 30 }, // R
    { 0x0053, 31 }, // S
    { 0x0054, 32 }, // T
    { 0x0055, 33 }, // U
    { 0x0056, 34 }, // V
    { 0x0057, 35 }, // W
    { 0x0058, 36 }, // X
    { 0x0059, 37 }, // Y
    { 0x005A, 38 }, // Z
    { 0x005C, 39 }, // <backslash>
    { 0x005F, 40 }, // _
    { 0x0061, 41 }, // a
    { 0x0062, 42 }, // b
    { 0x0063, 43 }, // c
    { 0x0064, 44 }, // d
    { 0x0065, 45 }, // e
    { 0x0066, 46 }, // f
    { 0x0067, 47 }, // g
    { 0x0068, 48 }, // h
    { 0x0069, 49 }, // i
    { 0x006A, 50 }, // j
    { 0x006B, 51 }, // k
    { 0x006C, 52 }, // l
    { 0x006D, 48 }, // m
    { 0x006E, 48 }, // n
    { 0x006F, 42 }, // o
    { 0x0070, 42 }, // p
    { 0x0071, 53 }, // q
    { 0x0072, 54 }, // r
    { 0x0073, 55 }, // s
    { 0x0074, 56 }, // t
    { 0x0075, 57 }, // u
    { 0x0076, 58 }, // v
    { 0x0077, 59 }, // w
    { 0x0078, 60 }, // x
    { 0x0079, 61 }, // y
    { 0x007A, 62 }, // z
    { 0x007E, 4 }, // ~
    { 0x00A1, 63 }, // U+00A1
    { 0x00B7, 64 }, // U+00B7
    { 0x00BF, 65 }, // U+00BF
    { 0x00D9, 33 }, // U+00D9
    { 0x00DA, 33 }, // U+00DA
    { 0x00DB, 33 }, // U+00DB
    { 0x00DC, 33 }, // U+00DC
    { 0x00DD, 37 }, // U+00DD
    { 0x00DE, 66 }, // U+00DE
    { 0x00DF, 67 }, // U+00DF
    { 0x00E0, 41 }, // U+00E0
    { 0x00E1, 41 }, // U+00E1
    { 0x00E2, 41 }, // U+00E2
    { 0x00E3, 41 }, // U+00E3
    { 0x00E4, 41 }, // U+00E4
    { 0x00E5, 41 }, // U+00E5
    { 0x00E8, 45 }, // U+00E8
    { 0x00E9, 45 }, // U+00E9
    { 0x00EA, 45 }, // U+00EA
    { 0x00EB, 45 }, // U+00EB
    { 0x00F0, 68 }, // U+00F0
    { 0x00F2, 42 }, // U+00F2
    { 0x00F3, 42 }, // U+00F3
    { 0x00F4, 42 }, // U+00F4
    { 0x00F5, 42 }, // U+00F5
    { 0x00F6, 42 }, // U+00F6
    { 0x00F7, 69 }, // U+00F7
    { 0x00F8, 42 }, // U+00F8
    { 0x00F9, 57 }, // U+00F9
    { 0x00FA, 57 }, // U+00FA
    { 0x00FB, 57 }, // U+00FB
    { 0x00FC, 57 }, // U+00FC
    { 0x00FD, 61 }, // U+00FD
    { 0x00FF, 61 }, // U+00FF
    { 0x0101, 41 }, // U+0101
    { 0x0103, 41 }, // U+0103
    { 0x0105, 41 }, // U+0105
    { 0x010F, 70 }, // U+010F
    { 0x0113, 45 }, // U+0113
    { 0x0114, 22 }, // U+0114
    { 0x0115, 45 }, // U+0115
    { 0x0117, 45 }, // U+0117
    { 0x0119, 45 }, // U+0119
    { 0x011B, 45 }, // U+011B
    { 0x013E, 71 }, // U+013E
    { 0x014D, 42 }, // U+014D
    { 0x014F, 42 }, // U+014F
    { 0x0151, 42 }, // U+0151
    { 0x0153, 42 }, // U+0153
    { 0x0165, 72 }, // U+0165
    { 0x0169, 57 }, // U+0169
    { 0x016A, 33 }, // U+016A
    { 0x016B, 57 }, // U+016B
    { 0x016D, 57 }, // U+016D
    { 0x016E, 33 }, // U+016E
    { 0x016F, 57 }, // U+016F
    { 0x0170, 33 }, // U+0170
    { 0x0171, 57 }, // U+0171
    { 0x0172, 33 }, // U+0172
    { 0x0173, 57 }, // U+0173
    { 0x0176, 37 }, // U+0176
    { 0x0177, 61 }, // U+0177
    { 0x0178, 37 }, // U+0178
    { 0x01A1, 42 }, // U+01A1
    { 0x01B0, 57 }, // U+01B0
    { 0x01CD, 20 }, // U+01CD
    { 0x01CE, 41 }, // U+01CE
    { 0x01D2, 42 }, // U+01D2
    { 0x01D4, 57 }, // U+01D4
    { 0x01EB, 42 }, // U+01EB
    { 0x01FB, 41 }, // U+01FB
    { 0x01FF, 42 }, // U+01FF
    { 0x0200, 20 }, // U+0200
    { 0x0201, 41 }, // U+0201
    { 0x0202, 20 }, // U+0202
    { 0x0203, 41 }, // U+0203
    { 0x0204, 22 }, // U+0204
    { 0x0205, 45 }, // U+0205
    { 0x0206, 22 }, // U+0206
    { 0x0207, 45 }, // U+0207
    { 0x020D, 42 }, // U+020D
    { 0x020F, 42 }, // U+020F
    { 0x0215, 57 }, // U+0215
    { 0x0217, 57 }, // U+0217
    { 0x1EA0, 20 }, // U+1EA0
    { 0x1EA1, 41 }, // U+1EA1
    { 0x1EA2, 20 }, // U+1EA2
    { 0x1EA3, 41 }, // U+1EA3
    { 0x1EA4, 20 }, // U+1EA4
    { 0x1EA5, 41 }, // U+1EA5
    { 0x1EA6, 20 }, // U+1EA6
    { 0x1EA7, 41 }, // U+1EA7
    { 0x1EA8, 20 }, // U+1EA8
    { 0x1EA9, 41 }, // U+1EA9
    { 0x1EAA, 20 }, // U+1EAA
    { 0x1EAB, 41 }, // U+1EAB
    { 0x1EAC, 20 }, // U+1EAC
    { 0x1EAD, 41 }, // U+1EAD
    { 0x1EAE, 20 }, // U+1EAE
    { 0x1EAF, 41 }, // U+1EAF
    { 0x1EB0, 20 }, // U+1EB0
    { 0x1EB1, 41 }, // U+1EB1
    { 0x1EB2, 20 }, // U+1EB2
    { 0x1EB3, 41 }, // U+1EB3
    { 0x1EB4, 20 }, // U+1EB4
    { 0x1EB5, 41 }, // U+1EB5
    { 0x1EB6, 20 }, // U+1EB6
    { 0x1EB7, 41 }, // U+1EB7
    { 0x1EB8, 22 }, // U+1EB8
    { 0x1EB9, 45 }, // U+1EB9
    { 0x1EBA, 22 }, // U+1EBA
    { 0x1EBB, 45 }, // U+1EBB
    { 0x1EBC, 22 }, // U+1EBC
    { 0x1EBD, 45 }, // U+1EBD
    { 0x1EBE, 22 }, // U+1EBE
    { 0x1EBF, 45 }, // U+1EBF
    { 0x1EC0, 22 }, // U+1EC0
    { 0x1EC1, 45 }, // U+1EC1
    { 0x1EC2, 22 }, // U+1EC2
    { 0x1EC3, 45 }, // U+1EC3
    { 0x1EC4, 22 }, // U+1EC4
    { 0x1EC5, 45 }, // U+1EC5
    { 0x1EC6, 22 }, // U+1EC6
    { 0x1EC7, 45 }, // U+1EC7
    { 0x1ECD, 42 }, // U+1ECD
    { 0x1ECF, 42 }, // U+1ECF
    { 0x1ED1, 42 }, // U+1ED1
    { 0x1ED3, 42 }, // U+1ED3
    { 0x1ED5, 42 }, // U+1ED5
    { 0x1ED7, 42 }, // U+1ED7
    { 0x1ED9, 42 }, // U+1ED9
    { 0x1EDB, 42 }, // U+1EDB
    { 0x1EDD, 42 }, // U+1EDD
    { 0x1EDF, 42 }, // U+1EDF
    { 0x1EE1, 42 }, // U+1EE1
    { 0x1EE3, 42 }, // U+1EE3
    { 0x1EE5, 57 }, // U+1EE5
    { 0x1EE7, 57 }, // U+1EE7
    { 0x1EE9, 57 }, // U+1EE9
    { 0x1EEB, 57 }, // U+1EEB
    { 0x1EED, 57 }, // U+1EED
    { 0x1EEF, 57 }, // U+1EEF
    { 0x1EF1, 57 }, // U+1EF1
    { 0x1EF2, 37 }, // U+1EF2
    { 0x1EF3, 61 }, // U+1EF3
    { 0x1EF5, 61 }, // U+1EF5
    { 0x2013, 73 }, // U+2013
    { 0x2014, 4 }, // U+2014
    { 0x2018, 74 }, // U+2018
    { 0x2019, 75 }, // U+2019
    { 0x201A, 76 }, // U+201A
    { 0x201C, 74 }, // U+201C
    { 0x201D, 75 }, // U+201D
    { 0x201E, 76 }, // U+201E
    { 0x2022, 77 }, // U+2022
    { 0x2212, 4 }, // U+2212
    { 0x2248, 4 }, // U+2248
    { 0x2260, 4 }, // U+2260
};

static const EpdKernClassEntry quicksand_sb_12_regularKernRightClasses[] = {
    { 0x0021, 1 }, // !
    { 0x0022, 2 }, // "
    { 0x0026, 3 }, // &
    { 0x0029, 4 }, // )
    { 0x002A, 5 }, // *
    { 0x002C, 6 }, // ,
    { 0x002E, 7 }, // .
    { 0x002F, 8 }, // /
    { 0x0031, 9 }, // 1
    { 0x0034, 10 }, // 4
    { 0x0035, 11 }, // 5
    { 0x0036, 12 }, // 6
    { 0x0037, 13 }, // 7
    { 0x0039, 14 }, // 9
    { 0x003F, 15 }, // ?
    { 0x0040, 16 }, // @
    { 0x0041, 17 }, // A
    { 0x0043, 18 }, // C
    { 0x0047, 18 }, // G
    { 0x004A, 19 }, // J
    { 0x004F, 18 }, // O
    { 0x0051, 18 }, // Q
    { 0x0053, 20 }, // S
    { 0x0054, 21 }, // T
    { 0x0055, 22 }, // U
    { 0x0056, 23 }, // V
    { 0x0057, 24 }, // W
    { 0x0058, 25 }, // X
    { 0x0059, 26 }, // Y
    { 0x005A, 27 }, // Z
    { 0x005C, 28 }, // <backslash>
    { 0x005D, 29 }, // ]
    { 0x005F, 30 }, // _
    { 0x0061, 31 }, // a
    { 0x0062, 32 }, // b
    { 0x0063, 33 }, // c
    { 0x0064, 33 }, // d
    { 0x0065, 33 }, // e
    { 0x0066, 34 }, // f
    { 0x0067, 35 }, // g
    { 0x0068, 32 }, // h
    { 0x006A, 36 }, // j
    { 0x006B, 32 }, // k
    { 0x006C, 32 }, // l
    { 0x006D, 37 }, // m
    { 0x006E, 37 }, // n
    { 0x006F, 33 }, // o
    { 0x0070, 38 }, // p
    { 0x0071, 33 }, // q
    { 0x0072, 37 }, // r
    { 0x0073, 39 }, // s
    { 0x0074, 40 }, // t
    { 0x0075, 41 }, // u
    { 0x0076, 42 }, // v
    { 0x0077, 43 }, // w
    { 0x0078, 44 }, // x
    { 0x0079, 45 }, // y
    { 0x007A, 46 }, // z
    { 0x00A1, 47 }, // U+00A1
    { 0x00B7, 48 }, // U+00B7
    { 0x00BF, 49 }, // U+00BF
    { 0x00D0, 50 }, // U+00D0
    { 0x00D9, 22 }, // U+00D9
    { 0x00DA, 22 }, // U+00DA
    { 0x00DB, 22 }, // U+00DB
    { 0x00DC, 22 }, // U+00DC
    { 0x00DD, 26 }, // U+00DD
    { 0x00DF, 51 }, // U+00DF
    { 0x00E0, 31 }, // U+00E0
    { 0x00E1, 31 }, // U+00E1
    { 0x00E2, 31 }, // U+00E2
    { 0x00E3, 31 }, // U+00E3
    { 0x00E4, 31 }, // U+00E4
    { 0x00E5, 31 }, // U+00E5
    { 0x00E8, 33 }, // U+00E8
    { 0x00E9, 33 }, // U+00E9
    { 0x00EA, 33 }, // U+00EA
    { 0x00EB, 33 }, // U+00EB
    { 0x00F0, 52 }, // U+00F0
    { 0x00F9, 41 }, // U+00F9
    { 0x00FA, 41 }, // U+00FA
    { 0x00FB, 41 }, // U+00FB
    { 0x00FC, 41 }, // U+00FC
    { 0x00FD, 45 }, // U+00FD
    { 0x00FE, 53 }, // U+00FE
    { 0x00FF, 45 }, // U+00FF
    { 0x0101, 31 }, // U+0101
    { 0x0103, 31 }, // U+0103
    { 0x0105, 31 }, // U+0105
    { 0x0113, 33 }, // U+0113
    { 0x0115, 33 }, // U+0115
    { 0x0117, 33 }, // U+0117
    { 0x0119, 33 }, // U+0119
    { 0x011B, 33 }, // U+011B
    { 0x0127, 54 }, // U+0127
    { 0x013E, 32 }, // U+013E
    { 0x0169, 41 }, // U+0169
    { 0x016A, 22 }, // U+016A
    { 0x016B, 41 }, // U+016B
    { 0x016D, 41 }, // U+016D
    { 0x016E, 22 }, // U+016E
    { 0x016F, 41 }, // U+016F
    { 0x0170, 22 }, // U+0170
    { 0x0171, 41 }, // U+0171
    { 0x0172, 22 }, // U+0172
    { 0x0173, 41 }, // U+0173
    { 0x0176, 26 }, // U+0176
    { 0x0177, 45 }, // U+0177
    { 0x0178, 26 }, // U+0178
    { 0x01B0, 41 }, // U+01B0
    { 0x01CD, 17 }, // U+01CD
    { 0x01CE, 31 }, // U+01CE
    { 0x01D4, 41 }, // U+01D4
    { 0x01FB, 31 }, // U+01FB
    { 0x0200, 17 }, // U+0200
    { 0x0201, 31 }, // U+0201
    { 0x0202, 17 }, // U+0202
    { 0x0203, 31 }, // U+0203
    { 0x0205, 33 }, // U+0205
    { 0x0207, 33 }, // U+0207
    { 0x0215, 41 }, // U+0215
    { 0x0217, 41 }, // U+0217
    { 0x1EA0, 17 }, // U+1EA0
    { 0x1EA1, 31 }, // U+1EA1
    { 0x1EA2, 17 }, // U+1EA2
    { 0x1EA3, 31 }, // U+1EA3
    { 0x1EA4, 17 }, // U+1EA4
    { 0x1EA5, 31 }, // U+1EA5
    { 0x1EA6, 17 }, // U+1EA6
    { 0x1EA7, 31 }, // U+1EA7
    { 0x1EA8, 17 }, // U+1EA8
    { 0x1EA9, 31 }, // U+1EA9
    { 0x1EAA, 17 }, // U+1EAA
    { 0x1EAB, 31 }, // U+1EAB
    { 0x1EAC, 17 }, // U+1EAC
    { 0x1EAD, 31 }, // U+1EAD
    { 0x1EAE, 17 }, // U+1EAE
    { 0x1EAF, 31 }, // U+1EAF
    { 0x1EB0, 17 }, // U+1EB0
    { 0x1EB1, 31 }, // U+1EB1
    { 0x1EB2, 17 }, // U+1EB2
    { 0x1EB3, 31 }, // U+1EB3
    { 0x1EB4, 17 }, // U+1EB4
    { 0x1EB5, 31 }, // U+1EB5
    { 0x1EB6, 17 }, // U+1EB6
    { 0x1EB7, 31 }, // U+1EB7
    { 0x1EB9, 33 }, // U+1EB9
    { 0x1EBB, 33 }, // U+1EBB
    { 0x1EBD, 33 }, // U+1EBD
    { 0x1EBF, 33 }, // U+1EBF
    { 0x1EC1, 33 }, // U+1EC1
    { 0x1EC3, 33 }, // U+1EC3
    { 0x1EC5, 33 }, // U+1EC5
    { 0x1EC7, 33 }, // U+1EC7
    { 0x1EE5, 41 }, // U+1EE5
    { 0x1EE7, 41 }, // U+1EE7
    { 0x1EE9, 41 }, // U+1EE9
    { 0x1EEB, 41 }, // U+1EEB
    { 0x1EED, 41 }, // U+1EED
    { 0x1EEF, 41 }, // U+1EEF
    { 0x1EF1, 41 }, // U+1EF1
    { 0x1EF2, 26 }, // U+1EF2
    { 0x1EF3, 45 }, // U+1EF3
    { 0x1EF5, 45 }, // U+1EF5
    { 0x201C, 55 }, // U+201C
    { 0x201D, 56 }, // U+201D
    { 0x2022, 57 }, // U+2022
};

static const int8_t quicksand_sb_12_regularKernMatrix[] = {
       0,    0,    0,   -6,    0,    0,    0,    0,    0,    0,    0,    0,    0,    0,    0,    0,    0,    0,    0,    0,    0,    0,   -5,    0,    0,    0,    0,    0,    0,    0,    0,    0,    0,    0,    0,    0,    0,    0,    0,    0,    0,   -4,    0,    0,    0,    0,    0,    0,    0,    0,    0,   -4,    0,    0,    0,    0,    0,
       0,    0,    0,    0,    0,    0,    0,    0,    0,    0,    0,    0,    0,    0,    0,    0,    0,    0,    0,    0,    0,    0,    0,    0,    0,    0,    0,    0,    0,    0,    0,    0,    0,    0,    0,    0,    0,    0,    0,    0,    0,    0,    0,    0,    0,    0,    0,    0,    0,    0,    0,    0,    6,    0,    0,    0,    0,
       0,    0,    0,    0,    0,    0,    0,    0,    0,    0,    0,    0,    0,    0,    0,    0,    0,    0,    0,    0,    0,    0,    0,    0,    0,    0,    0,    0,    0,    0,    0,    0,    0,    0,    0,    0,    0,    0,    0,    0,    0,    2,    0,    0,    0,    0,    0,    0,    0,    0,    0,  -10,    0,    0,    0,    0,    0,
       0,    0,    0,    0,    0,    0,    0,    0,  -17,    0,    0,    0,    0,    0,    0,    0,    0,    0,    0,    0,    0,    0,    0,    0,    0,    0,    0,    0,    0,    0,    0,    0,    0,    0,    0,    0,    0,    0,    0,    0,    0,    0,    0,    0,    0,    0,    0,    0,    0,    0,    0,    0,    0,    0,    0,    0,    0,
       0,    0,    0,    0,    0,    0,    0,    0,  -25,    0,    0,    0,    0,    0,    0,    0,    0,    0,    0,    0,    0,    0,    0,    0,    0,    0,    0,    0,    0,    0,    0,    0,    0,    0,    0,    5,    0,    0,    0,    0,    0,    0,    0,    0,    0,    0,    0,    0,    0,    0,    0,    0,    0,    0,    0,    0,    0,
       0,    0,    0,    0,    0,    0,    0,    0,  -19,  -12,    0,    0,    0,    0,    0,    0,    0,    0,    0,    0,    0,    0,    0,    0,    0,    0,    0,    0,    0,    0,    0,    0,    0,    0,    0,    0,    0,    0,    0,    0,    0,    0,    0,    0,    0,    0,    0,    0,    0,    0,    0,    0,    0,    0,    0,    0,    0,
       0,    0,    0,    0,    0,    0,    0,  -37,    0,    0,    0,    0,    0,    0,    0,    0,    0,    0,    0,    0,    0,    0,    0,    0,    0,    0,    0,    0,    0,    0,    0,    0,    0,    0,    0,    0,    0,    0,    0,    0,    0,    0,    0,   -2,    0,    0,    0,    0,    0,    0,   -5,  -13,    0,    0,    0,    0,    0,
       0,    0,    0,    0,    0,    0,    0,    0,    0,    0,    0,    0,  -18,    0,    0,    0,   -2,    0,   -6,    0,   -8,    0,   -4,   -2,  -12,  -10,   -6,    0,    0,    0,    0,    0,    3,    0,    0,    0,    0,    0,    0,    0,    0,    0,    0,   -4,    0,    0,    0,    0,    0,    0,    0,    0,    0,    0,    0,    0,    0,
       0,    0,    0,    0,    0,    0,    0,    0,    0,   -2,    0,    0,    0,    0,    0,    0,    0,    0,    0,    0,    0,    0,    0,    0,    0,    0,    0,    0,    0,    0,    0,    0,    0,    0,    0,    0,    0,    0,    0,    0,    0,    0,    0,    0,    0,    0,    0,    0,    0,    0,    0,    0,    0,    0,    0,    0,    0,
       0,    0,    0,    0,    0,    0,    0,    0,    0,   -2,    0,    0,   -2,    0,    0,    0,    0,    0,    0,    0,    0,    0,    0,    0,    0,    0,    0,    0,    0,    0,    0,    0,    0,    0,    0,    0,    0,    0,    0,    0,    0,    0,    0,    0,    0,    0,    0,    0,    0,    0,    0,    0,    0,    0,    0,    0,    0,
       0,    0,    0,    0,    0,    0,    0,    0,   -9,    0,    1,    0,  -12,   -8,    0,    0,    0,    0,    0,    0,    0,    0,    0,    0,    0,    0,    0,    0,    0,    0,    0,    0,    0,    0,    0,    0,    0,    0,    0,    0,    0,    0,    0,    0,    0,    0,    0,    0,    0,    0,    0,    0,    0,    0,    0,    0,    0,
       0,    0,    0,    0,    0,    0,  -14,    0,    0,    0,    0,    0,    0,    0,    0,    0,    0,    0,    0,    0,    0,    0,    0,    0,    0,    0,    0,    0,    0,    0,    0,    0,    0,    0,    0,    0,    0,    0,    0,    0,    0,    0,    0,    0,    0,    0,    0,    0,    0,    0,    0,    0,    0,    0,    0,    0,    0,
       0,    0,    0,    0,    0,    0,    0,    0,   -6,    2,    0,    0,    0,    0,    0,    0,    0,    0,    0,    0,    0,    0,    0,    0,    0,    0,    0,    0,    0,    0,    0,    0,    0,    0,    0,    0,    0,    0,    0,    0,    0,    0,    0,    0,    0,    0,    0,    0,    0,    0,    0,    0,    0,    0,    0,    0,    0,
       0,    0,    0,    0,    0,  -14,  -27,    0,   17,  -16,    0,  -12,    0,    0,    0,    0,    0,   -8,    0,    0,    0,    0,    0,    0,    0,    0,    0,    0,    0,    0,    0,    0,    0,    0,    0,    0,    0,    0,    0,    0,    0,    0,    0,    0,    0,    0,    0,    0,    0,    0,    0,    0,    0,    0,    0,    0,    0,
       0,    0,    0,    0,    0,    0,    0,    0,    0,    0,    0,    0,   -4,    0,    0,    0,    0,    0,    0,    0,    0,    0,    0,    0,    0,    0,    0,    0,    0,    0,    0,    0,    0,    0,    0,    0,    0,    0,    0,    0,    0,    0,    0,    0,    0,    0,    0,    0,    0,    0,    0,    0,    0,    0,    0,    0,    0,
       0,    0,    0,    0,    0,   -8,  -16,    0,    1,    0,    0,    0,  -12,    0,    0,    0,    0,    0,    0,    0,    0,    0,    0,    0,    0,    0,    0,    0,    0,    0,    0,    0,    0,    0,    0,    0,    0,    0,    0,    0,    0,    0,    0,    0,    0,    0,    0,    0,    0,    0,    0,    0,    0,    0,    0,    0,    0,
       0,    0,    0,    0,    0,    0,    0,    0,   -9,    0,    0,    0,    0,    0,    0,    0,    0,    0,    0,    0,    0,    0,    0,    0,    0,    0,    0,    0,    0,    0,    0,    0,    0,    0,    0,    0,    0,    0,    0,    0,    0,    0,    0,    0,    0,    0,    0,    0,    0,    0,    0,    0,    0,    0,    0,    0,    0,
       0,    0,    0,    0,    0,    0,    0,    0,    0,    0,    0,    0,    0,    0,    0,    0,    0,    0,    0,    0,    0,    0,    0,    0,    0,    0,    0,    0,    0,    0,    0,    0,    0,    0,    0,    0,    0,    0,    0,    0,    0,    0,    0,    0,    0,    0,    0,    0,    0,    0,    0,   -6,    0,    0,    0,    0,    0,
       0,    0,    0,    0,    0,    0,    0,    0,    0,    0,    0,    0,    0,    0,    0,    0,    0,    0,    0,    0,    0,    0,   -2,    0,    0,    0,    0,    0,    0,    0,    0,    0,    0,    0,    0,    0,    0,    0,    0,    0,    0,    0,    0,   -1,    0,    0,    0,    0,    0,    0,    0,    0,    0,    0,    0,    0,    0,
       0,    0,    0,    0,    0,    0,    0,    0,    0,    0,    0,    0,    0,    0,    0,    0,    0,   -2,    0,    0,  -20,   -4,  -37,   -9,    0,  -17,    0,    0,    0,    0,    8,    0,    0,    0,    0,    0,    0,    0,    0,   -2,   -4,  -11,   -4,    0,  -10,    0,    0,    0,    0,    0,    0,    0,    0,    0,    0,    0,    0,
       0,    0,    0,    0,    0,    0,    0,    0,    0,    0,    0,    0,    0,    0,    0,    0,    0,    0,    0,    0,   -6,    0,   -3,   -2,   -5,   -9,    0,    0,    0,    0,    0,   -1,    0,    0,   -2,    0,    0,    0,    0,    0,    0,    0,    0,   -1,    0,    0,    0,    0,    0,    0,    0,    0,    0,    0,    0,    0,    0,
       0,    0,    0,    0,    0,    0,    0,    0,    0,    0,    0,    0,    0,    0,    0,    0,    0,    0,   -4,    0,    0,    0,    0,    0,    0,    0,    0,    0,    0,    0,    0,    0,   -2,    0,   -4,    0,    0,    0,    0,    0,   -4,   -6,    0,    0,   -4,    0,    0,    0,    0,    0,    0,    0,    0,    0,    0,    0,    0,
       0,    0,    0,    0,    0,    0,    0,    0,    0,    0,    0,    0,    0,    0,    0,    0,  -13,   -4,  -48,   -2,    6,    0,    0,    0,   -2,    0,    0,    0,    0,    0,   -8,    0,   -6,    0,   -4,    0,   -4,   -4,   -4,    0,   -6,   -2,    0,   -6,    0,   -2,    0,    0,    0,    0,    0,    0,    0,    0,    0,    0,    0,
       0,    0,    0,    0,    0,    0,    0,    0,    0,    0,    0,    0,    0,    0,    0,    0,    0,    0,    0,    0,  -10,    0,   -6,   -4,    0,  -10,    0,    0,    0,    0,    6,    0,    0,    0,    0,    0,    0,    0,    0,    0,    0,    0,    0,    0,    0,    0,    0,    0,    0,    0,    0,    0,    0,    0,    0,    0,    0,
       0,    0,    0,    0,    0,    0,    0,    0,    0,    0,    0,    0,    0,    0,    0,    0,   -6,    0,    0,    0,    0,    0,    0,    0,    0,    0,    0,    0,    0,    0,    0,    0,    0,    0,    0,    0,    0,    0,    0,    0,    0,    0,    0,    0,    0,    0,    0,    0,    0,    0,    0,    0,    0,    0,    0,    0,    0,
       0,    0,    0,    0,    0,    0,    0,    0,    0,    0,    0,    0,    0,    0,    0,    0,    0,  -12,   -2,   -4,    0,   -6,   -2,   -2,    0,    8,    0,    0,    0,    0,    0,    0,   -8,    0,    0,    0,   -3,   -3,   -2,   -1,   -5,   -3,   -6,    0,   -8,    0,    0,    0,    0,    0,    0,    0,    0,    0,    0,    0,    0,
       0,    0,    0,    0,    0,    0,    0,    0,    0,    0,    0,    0,    0,    0,    0,    0,    0,   -4,    0,    0,  -34,   -8,  -20,  -12,    0,  -24,    0,    0,    0,    0,    0,    0,    0,    0,    0,    0,    0,    0,    0,   -2,    0,  -10,   -2,    0,   -9,    8,    0,    0,    0,    0,    0,    0,    0,    0,    0,    0,    0,
       0,    0,    0,    0,    0,  -50,  -40,    0,    0,    0,    0,    0,    0,    0,    0,    0,  -16,    0,  -30,    0,    0,    0,    0,    3,   -6,    0,   -6,    0,    0,    0,   -2,    0,   -4,    3,   -4,    0,    0,    0,    0,    6,   -2,    4,    6,    0,    4,    0,    0,    0,    0,    0,    0,    0,    0,    0,    0,    0,    0,
       0,    0,    0,    0,    0,    0,    0,    0,    0,    0,    0,    0,  -18,    0,    0,    0,   -2,    0,   -6,    0,   -8,    0,   -4,   -2,  -12,  -10,   -6,    0,    0,   -3,    0,    0,    3,    0,    0,    0,    0,    0,    0,    0,    0,    0,    0,   -4,    0,    0,    0,    0,    0,    0,    0,    0,    0,    0,    0,    0,    0,
       0,    0,    0,    0,    0,    0,    0,    0,    0,    0,    0,    0,    0,    0,    0,    0,    0,   -4,    0,    0,   -6,   -2,   -6,    0,    0,   -8,    0,    0,    0,    0,    2,    0,   -2,    0,    0,    0,    0,    0,    0,    0,   -4,    0,    0,    0,    0,    0,    0,    0,    0,    0,    0,    0,    0,    0,    0,    0,    0,
       0,    0,    0,    0,    0,    0,    0,    0,    0,    0,    0,    0,    0,    0,    0,    0,    0,    0,    0,    0,    0,    0,    0,    0,   -6,   -6,    0,    0,    0,    0,    0,    0,    0,    0,    0,    0,    0,    0,    0,    0,    0,    0,    0,    0,    0,    0,    0,    0,    0,    0,    0,    0,    0,    0,    0,    0,    0,
       0,    0,    0,    0,    0,    0,  -40,    0,    0,    0,    0,    0,    0,    0,    0,    0,  -20,   -8,  -26,    0,   12,    0,    4,    4,    0,    4,    0,    0,    0,    0,  -40,    0,  -48,    0,  -18,    0,  -24,   -8,  -42,    0,  -48,   -4,  -48,   -6,  -15,  -48,    0,    0,    0,    0,    0,    0,    0,    2,    0,    0,    0,
       0,    0,    0,    0,    0,    0,    0,    0,    0,    0,    0,    0,    0,    0,    0,    0,   -4,    0,   -4,   -4,    0,    0,    0,    0,   -4,   -4,    0,    0,    0,    0,    0,    0,    0,    0,    0,    0,    0,    0,    0,    0,    0,    0,    0,   -2,    0,    0,    0,    0,    0,    0,    0,    0,    0,    0,    0,    0,    0,
       0,    0,   -2,    0,    0,    0,    0,   -6,    0,    0,    0,    0,    0,    0,    2,   -2,  -14,   -4,  -22,   -4,    4,    0,    0,    0,    0,    0,    0,    0,    0,  -10,   -5,    0,   -9,    0,   -8,    0,   -5,   -5,   -6,    0,   -4,    0,    0,    0,    0,   -2,   -2,   -4,   -7,    0,    0,    0,    0,    0,    0,    0,   -3,
       0,    0,    0,    0,    0,    0,    0,    0,    0,    0,    0,    0,    0,    0,    0,    0,   -9,   -2,  -12,   -4,    4,    0,    0,    0,    0,    0,    0,    0,    0,    0,   -4,    0,   -6,    0,   -8,    0,   -1,   -1,    0,    0,   -4,    0,    0,    0,    0,    0,    0,    0,    0,    0,    0,    0,    0,    0,    0,    0,    0,
       0,    0,    0,    0,    0,    0,    0,    0,    0,    0,    0,    0,    0,    0,    0,    0,    0,  -11,    0,   -6,    0,   -4,    0,    0,    0,    0,    0,    0,    0,    0,    0,    0,   -6,    0,   -1,    0,    0,    0,    0,    0,   -4,  -10,   -7,    0,  -10,    0,    0,    0,    0,    0,    0,    0,    0,    0,    0,    0,    0,
       0,    0,    0,    0,    0,    0,    0,    0,    0,    0,    0,    0,    0,    0,    0,    0,  -17,  -10,  -28,  -10,    4,   -4,    0,    0,    0,    0,    0,    0,    0,    0,  -13,    0,  -16,    0,  -15,    0,   -9,   -8,  -14,    0,   -8,   -4,   -4,   -8,   -4,   -4,    0,    0,    0,    0,    0,    0,    0,    0,    0,    0,    0,
       0,    0,    0,    0,    0,    0,    0,    0,    0,    0,    0,    0,    0,    0,    0,    0,    0,   -2,    0,    0,    0,    0,    0,    0,    0,    0,    0,    0,    0,    0,    0,    0,   -2,    0,    0,    0,    0,    0,    0,    0,   -2,   -2,    0,    0,    0,    0,    0,    0,    0,    0,    0,    0,    0,    0,    0,    0,    0,
       0,    0,    0,    0,    0,    0,    0,    0,    0,    0,    0,    0,    0,    0,    0,    0,    0,    0,    0,    0,    0,    0,   -6,    0,    0,    0,    0,  -37,    0,    0,    0,    0,    0,    0,    0,    0,    0,    0,    0,    0,    0,   -2,    0,    0,    0,    0,    0,    0,    0,    0,   -2,   -9,    0,    0,    0,    0,    0,
       0,    0,    0,    0,    0,    0,    0,    0,    0,    0,    0,    0,    0,    0,    0,    0,    0,    0,    0,    0,    0,    0,  -10,    0,    0,    0,    0,    0,    0,    0,    0,    0,    0,    0,    0,    0,    0,    0,    0,    0,    0,   -7,    0,    0,    0,    0,    0,    0,    0,    0,    0,  -14,    3,    0,    0,    0,    0,
       0,    0,    0,    0,    0,    0,    0,    0,    0,    0,    0,    0,    0,    0,    0,    0,    8,   -8,    0,    0,  -26,   -4,  -11,   -4,    0,  -21,    0,    0,    0,    0,    4,    0,    0,    0,    0,    0,    0,    0,    0,    0,   -4,   -5,   -2,    0,    0,    0,    0,    0,    0,    0,    0,    0,    0,    0,    0,    0,    0,
       0,    0,    0,    0,    0,    0,    0,    0,    0,    0,    0,    0,    0,    0,    0,    0,    0,    0,    0,    0,  -19,    0,   -9,   -6,   -6,  -16,   -4,    0,    0,    0,    0,    0,    0,    0,    0,    0,    0,    0,    0,    0,    0,   -2,    0,   -2,    0,   -4,    0,    0,    0,    0,    0,    0,    0,    0,    0,    0,    0,
       0,    0,    0,    0,    0,    0,    0,    0,    0,    0,    0,    0,    0,    0,    0,    0,    0,    0,    0,    0,  -12,    0,   -6,   -4,   -2,  -14,    0,    0,    0,    0,    0,    0,    0,    0,    0,    0,    0,    0,    0,    0,    0,    0,    0,    0,    0,    0,    0,    0,    0,    0,    0,    0,    0,    0,    0,    0,    0,
       0,    0,    0,    0,    0,    0,    0,    0,    0,    0,    0,    0,    0,    0,    0,    0,    0,    0,    0,    0,    0,    0,    0,    0,    0,    0,    0,    0,    0,    0,    0,    0,    0,    0,    0,    0,    0,    0,    0,    0,    6,    0,    0,    0,    0,    0,    0,    0,    0,    0,    0,    0,    0,    0,    0,    0,    0,
       0,    0,    0,    0,    0,    0,    0,    0,    0,    0,    0,    0,    0,    0,    0,    0,    0,    0,    0,    0,  -18,    0,   -8,   -4,   -4,  -14,    0,    0,    0,    0,    2,    0,    0,    0,   -2,    0,    0,    0,    0,    0,    0,   -2,    0,   -1,   -2,    0,    0,    0,    0,    0,    0,    0,    0,    0,    0,    0,    0,
       0,    0,    0,    0,    0,    0,    0,    0,    0,    0,    0,    0,    0,    0,    0,    0,   -8,    0,    0,    0,   24,    0,   22,   20,   20,   20,   20,    0,    0,    0,    0,    0,  -13,    0,    0,    0,    0,    0,    0,    1,    0,    4,    1,    0,    0,    2,    0,    0,    0,    0,    0,    0,    0,    6,    0,    0,    0,
       0,    0,    0,    0,    0,   -2,    0,    0,    0,    0,    0,    0,    0,    0,    0,    0,   -6,   -4,    0,   -2,    0,    0,    0,    0,    0,   -6,    0,    0,    0,    0,   -2,    0,   -8,    0,    0,    4,    0,    0,   -4,    0,   -3,    0,    0,    0,    0,    0,    0,    0,    0,    0,    0,    0,    0,    0,    0,    0,    0,
       0,    0,    0,    0,    0,    0,    0,    0,    0,    0,    0,    0,    0,    0,    0,    0,    0,    0,    0,    0,  -12,    0,   -6,    0,    0,  -10,    0,    0,    0,    0,    0,    0,    0,    0,    0,    0,    0,    0,    0,    0,    0,   -2,    0,    0,   -2,    0,    0,    0,    0,    0,    0,    0,    0,    0,    0,    0,    0,
       0,    0,    0,    0,    0,    0,    0,    0,    0,    0,    0,    0,    0,    0,    0,    0,    0,    0,    0,    0,  -12,    0,    0,    0,    0,    0,    0,    0,    0,    0,    0,    0,    0,    0,    0,    0,    0,    0,    0,    0,    0,    0,    0,    0,    0,    0,    0,    0,    0,    0,    0,    0,    0,    0,    0,    0,    0,
       0,    0,    0,    0,    0,    0,    0,    0,    0,    0,    0,    0,    0,    0,    0,    0,    0,    0,    0,    0,  -12,   -4,    0,    0,    0,    0,    0,    0,    0,    0,    0,    0,    0,    0,    0,    2,    0,    0,    0,    0,    0,    0,    0,    0,    0,    0,    0,    0,    0,    0,    0,    0,    0,    0,    0,    0,    0,
       0,    0,    0,    0,    0,    0,    0,    0,    0,    0,    0,    0,    0,    0,    0,    0,    0,   -4,    0,    0,    0,    0,    0,    0,    0,   -8,    0,    0,    0,    0,   -2,   -2,   -9,    0,    0,   -2,    0,    0,   -2,    0,   -2,    0,    0,    0,    0,    0,    0,    0,    0,    0,    0,    0,    0,    0,    0,    0,    0,
       0,    0,    0,    0,    0,    0,    0,    0,    0,    0,    0,    0,    0,    0,    0,    0,    0,   -8,    0,    0,  -10,    0,  -12,   -8,    0,  -12,    0,    0,    0,    0,    0,    0,   -4,    0,   -4,   -6,    0,    0,    0,   -1,   -2,  -10,   -6,    0,   -6,    0,    0,    0,    0,    0,    0,    0,    0,    0,    0,    0,    0,
       0,    0,    0,    0,    0,    0,    0,    0,    0,    0,    0,    0,    0,    0,    0,    0,    0,    0,    0,    0,   -8,    0,   -7,    0,    0,   -6,    0,   -2,    0,    0,    0,    0,    0,    0,    0,    0,    0,    0,    0,    0,    0,    0,    0,    0,    0,    0,    0,    0,    0,    0,    0,    0,    0,    0,    0,    0,    0,
       0,    0,    0,    0,    0,    0,  -46,    0,    0,    0,    0,    0,    0,    0,    0,    0,  -12,    0,    0,    0,   -4,    0,    0,    0,   -6,    0,    0,    0,    0,    0,   -5,    0,   -9,    0,   -6,   -4,    0,    0,    0,    0,    0,   20,   20,    0,    0,    0,    0,    0,    0,    0,    0,    0,    0,    0,    0,    0,    0,
       0,    0,    0,    0,    0,    0,    0,    0,    0,    0,    0,    0,    0,    0,    0,    0,    0,   -2,    0,    0,  -18,    0,   -2,    0,   -2,   -8,    0,    0,    0,    0,    3,    0,    0,    0,    0,    0,    0,    0,    0,    0,    0,    0,    0,   -2,    0,    0,    0,    0,    0,    0,    0,    0,    0,    0,    0,    0,    0,
       0,    0,    0,    0,    0,    0,    0,    0,    0,    0,    0,    0,    0,    0,    0,    0,    0,    0,    0,    0,    0,    0,    0,    0,    0,    0,    0,    0,    0,    0,    0,    0,   -2,  -10,   -2,    0,    0,    0,    8,    0,    0,    0,   16,    0,    0,    0,    0,    0,    0,    0,    0,    0,    0,    0,    0,    0,    0,
       0,    0,    0,    0,    0,    0,    0,    0,    0,    0,    0,    0,    0,    0,    0,    0,    0,    0,    0,    0,  -12,    0,   -4,   -4,    0,   -6,    0,    0,    0,    0,    0,    0,    0,    0,   -4,    0,    0,    0,    0,    0,    0,    0,    0,    0,    0,    0,    0,    0,    0,    0,    0,    0,    0,    0,    0,    0,    0,
       0,    0,    0,    0,    2,    0,    0,   -2,    0,    0,    0,    0,    0,    0,    2,    0,  -10,    0,    0,    0,   -4,    0,    0,    0,  -10,   -4,   -8,    0,    0,   -7,   -1,    0,   -2,    0,   -2,    0,    0,    0,   -2,   20,    0,   20,    0,    0,    0,    0,    0,    0,   -4,    0,    0,   -2,    0,    0,    0,    0,    0,
       0,    0,    0,    0,    0,    0,    0,    0,    0,    0,    0,    0,    0,    0,    0,    0,   -2,    0,    0,    0,   -4,    0,    0,    0,   -7,   -4,   -2,    0,    0,    0,    2,    0,    0,    0,    0,    0,    0,    0,   -2,   20,    0,   16,    0,    0,    0,    0,    0,    0,    0,    0,    0,    0,    0,    0,    0,    0,    0,
       0,    0,   -1,    0,    0,    0,    0,    0,    0,    0,    0,    0,    0,    0,    0,    0,    0,   -4,    0,    0,   -6,   -2,    0,    0,    0,   -8,    0,   -2,    0,    0,    0,    0,   -2,    0,    0,    0,    0,    0,   -2,   20,   -2,    0,    0,    0,    0,    0,    0,   -2,    0,    0,    0,   -1,    0,    0,    0,    0,    0,
       0,    0,    0,    0,    0,    0,    0,    0,    0,    0,    0,    0,    0,    0,    0,    0,  -10,    0,    0,    0,   -4,    0,    0,    0,   -8,   -4,   -4,    0,    0,    0,    0,    0,   -2,    0,   -6,    0,    0,    0,   -4,    0,    0,    0,    0,    0,    0,    0,    0,    0,    0,    0,    0,    0,    0,    0,    0,    0,    0,
       0,    0,    0,    0,    0,    0,    0,    0,    0,    0,    0,    0,    0,    0,    0,    0,    0,    0,    0,    0,   -4,    0,    0,    0,    0,   -4,    0,    0,    0,    0,    0,    0,   -4,    0,    0,    0,    0,    0,    0,    0,    0,    0,    0,    0,    0,    0,    0,    0,    0,    0,    0,    0,    0,    0,    0,    0,    0,
       0,    0,    0,    0,    0,    0,    0,    0,    0,    0,    0,    0,    0,    0,    0,    0,    0,    0,    0,    0,    0,    0,   -2,    0,    0,    0,    0,    0,    0,    0,    0,    0,    0,    0,    0,    0,    0,    0,    0,    0,    0,    0,    0,    0,    0,    0,    0,    0,    0,    0,    0,    0,    0,    0,    0,    0,    0,
       0,    0,    0,    0,    0,    0,    0,    0,    0,    0,    0,    0,    0,    0,    0,    0,    0,    0,    0,    0,    0,    0,   -4,    0,    0,    0,    0,    0,    0,    0,    0,    0,    0,    0,    0,    0,    0,    0,    0,    0,    0,    0,    0,   -2,    0,    0,    0,    0,    0,    0,    0,    4,    0,    0,    0,    0,    0,
       0,    0,    0,    0,    0,    0,    0,    0,    0,    0,    0,    0,    0,    0,    0,    0,    0,    0,    0,    0,    0,    0,   -6,    0,    0,    0,    0,    0,    0,    0,    0,    0,    0,    0,    0,    0,    0,    0,    0,    0,    0,   -3,    0,    0,    0,    0,    0,    0,    0,    0,    0,  -12,    0,    0,    0,    0,    0,
       4,    0,    0,    0,   -2,    0,    0,  -16,    0,    0,    0,    0,    0,    0,    0,    0,    0,    0,    0,    0,    0,    0,    0,    0,    0,    0,    0,   -8,    0,  -22,    0,    0,    0,    0,    0,    0,    0,    0,    0,    0,    0,    1,    0,   -1,    0,    0,    8,   10,   -8,    0,    0,    0,    0,    0,    0,    0,    2,
       0,    0,    0,    0,   -8,    0,    0,   -5,    0,    0,    0,    0,    0,    0,    0,    0,    0,    0,    0,    0,    0,    0,    0,    0,    0,    0,    0,   -2,    0,  -14,    0,    0,    0,    0,    0,    0,    0,    0,    0,    0,    0,   -1,    0,   -1,    0,    0,    0,    4,    0,    0,    0,    0,    0,    0,    0,    0,    0,
       0,    0,    0,    0,   -6,    0,    0,  -12,    0,    0,    0,    0,    0,    0,    0,    0,    0,    0,    0,    0,    0,    0,    0,    0,    0,    0,    0,    0,    0,  -22,    0,    0,    0,    0,    0,    0,    0,    0,    0,    0,    0,    0,    0,   -1,    0,    0,    0,    4,   -8,    0,    0,    0,    0,    0,    0,    0,    0,
       0,    0,    0,    0,    0,    0,    0,    0,  -12,    0,    0,    0,    0,    0,    0,    0,    0,    0,    0,    0,    0,    0,    0,    0,    0,    0,    0,    0,    0,    0,    0,    0,    0,    0,    0,    0,    0,    0,    0,    0,    0,    0,    0,    0,    0,    0,    0,    0,    0,    0,    0,    0,    0,    0,    0,    0,    0,
       0,   39,    0,   50,   29,    0,    0,    0,    0,    0,    0,    0,    0,    0,    0,    0,    0,    0,    0,    0,    0,    0,    0,    0,    0,    0,    0,   44,   53,    0,    0,   12,    0,    0,    0,    0,    0,    0,    0,    0,    0,    0,    0,    0,    0,    0,    0,    0,    0,    0,    0,    4,   24,    0,   36,   44,    0,
       0,   25,    0,   42,   11,    0,    0,    0,    0,    0,    0,    0,    0,    0,    0,    0,    0,    0,    0,    0,    0,    0,    0,    0,    0,    0,    0,   34,   40,    0,    0,   12,    0,    0,    0,    0,    0,    0,    0,    0,    0,    0,    0,    0,    0,    0,    0,    0,    0,    0,    0,    4,   24,    0,   26,   31,    0,
       0,    0,    0,   13,    0,    0,    0,    0,    0,    0,    0,    0,    0,    0,    0,    0,    0,    0,    0,    0,    0,    0,    0,    0,    0,    0,    0,    0,    8,    0,    0,    0,    0,    0,    0,    0,    0,    0,    0,    0,    0,    0,    0,    0,    0,    0,    0,    0,    0,    0,    0,    0,    0,    0,    4,    5,    0,
       0,    0,    0,    0,    0,    0,    0,    0,  -17,    0,    0,    0,    0,    0,    0,    0,    0,    0,    0,    0,    0,    0,    0,    0,    0,    0,    0,    0,    0,    0,    0,    0,    0,    0,    0,    0,    0,    0,    0,    0,    0,    0,    0,    0,    0,    0,    0,    0,    0,    2,    0,    0,    0,    0,    0,    0,    0,
       0,    0,    0,    0,    0,    0,    0,    0,    0,  -16,    0,    0,    0,  -10,    0,    0,    0,    0,    0,    0,    0,    0,    0,    0,    0,    0,    0,    0,    0,    0,    0,    0,    0,    0,    0,    0,    0,    0,    0,    0,    0,    0,    0,    0,    0,    0,    0,    0,    0,    0,    0,    0,    0,    0,    0,    0,    0,
       0,    0,    0,    0,    0,    0,    0,    0,    0,  -24,    0,  -17,    0,  -10,    0,    0,    0,    0,    0,    0,    0,    0,    0,    0,    0,    0,    0,    0,    0,    0,    0,    0,    0,    0,    0,    0,    0,    0,    0,    0,    0,    0,    0,    0,    0,    0,    0,    0,    0,    0,    0,    0,    0,    0,    0,    0,    0,
       0,    0,    0,    0,    0,    0,    0,    0,    0,    0,    0,    0,    0,    0,    0,    0,    0,    0,    0,    0,    0,    0,    0,    0,    0,    0,    0,    0,    0,    0,    0,    0,    0,    0,    0,    1,    0,    0,    0,    0,    0,    0,    0,    0,    0,    0,    0,    0,    0,    0,    0,    0,    0,    0,    0,    0,    0,
       0,    0,    0,    0,    0,    0,    0,    0,    0,    0,    0,    0,    0,    0,    0,    0,    0,    0,    0,    0,    0,    0,   -3,    0,    0,    0,    0,    0,    0,    0,    0,    0,    0,    0,    0,    0,    0,    0,    0,    0,    0,    0,    0,    0,    0,    0,    0,    0,    0,    2,    0,    0,    0,    0,    0,    0,    0,
};

static const EpdLigaturePair quicksand_sb_12_regularLigaturePairs[] = {
    { 0x00660069, 0xFB01 }, // f i -> U+FB01
    { 0x0066006C, 0xFB02 }, // f l -> U+FB02
};

static const EpdFontData quicksand_sb_12_regular = {
    quicksand_sb_12_regularBitmaps,
    quicksand_sb_12_regularGlyphs,
    quicksand_sb_12_regularIntervals,
    57,
    31,
    25,
    -7,
    false,
    nullptr,
    0,
    nullptr,
    quicksand_sb_12_regularKernLeftClasses,
    quicksand_sb_12_regularKernRightClasses,
    quicksand_sb_12_regularKernMatrix,
    228,
    167,
    77,
    57,
    quicksand_sb_12_regularLigaturePairs,
    2,
};
