/**
 * generated by fontconvert.py
 * name: quicksand_sb_8_regular
 * size: 8
 * mode: 1-bit
 * Command used: fontconvert.py quicksand_sb_8_regular 8 ../builtinFonts/source/Quicksand/Quicksand-SemiBold.ttf
 */
#pragma once
#include "EpdFontData.h"

static const uint8_t quicksand_sb_8_regularBitmaps[8580] = {
    0xFF, 0xFF, 0xCF, 0x6E, 0xDB, 0xB6, 0x6C, 0xC0, 0x00, 0x18, 0xC3, 0x18, 0x67, 0x3F, 0xF7, 0xFE,
    0x73, 0x0E, 0x63, 0xFE, 0xFF, 0xCF, 0xF8, 0xCC, 0x19, 0x80, 0x04, 0x03, 0x03, 0xF1, 0xFE, 0x6F,
    0x9B, 0x07, 0xC1, 0xF8, 0x3F, 0x83, 0xE0, 0xDB, 0xB6, 0xFF, 0x9F, 0xC0, 0xC0, 0x30, 0x0C, 0x00,
    0x78, 0x63, 0xE7, 0x3B, 0x31, 0x9B, 0x8E, 0xF8, 0x3F, 0x90, 0xFF, 0xC1, 0xDF, 0x0D, 0x98, 0xEC,
    0xCE, 0x3E, 0x61, 0xE0, 0x00, 0x00, 0x1F, 0x03, 0xF8, 0x39, 0x83, 0x80, 0x38, 0x07, 0xC0, 0x7E,
    0x6E, 0x7E, 0xE3, 0xCE, 0x1C, 0x7F, 0xE3, 0xF7, 0x08, 0x00, 0x6F, 0xEC, 0x00, 0x0C, 0x73, 0x9C,
    0x61, 0x8E, 0x38, 0xE3, 0x86, 0x1C, 0x30, 0xF1, 0xC0, 0xC3, 0x87, 0x0E, 0x18, 0x71, 0xC7, 0x1C,
    0x71, 0x8E, 0x33, 0xCE, 0x00, 0x33, 0xE7, 0xBE, 0xF8, 0xC0, 0x0C, 0x03, 0x00, 0xC1, 0xFE, 0xFF,
    0x9F, 0xE0, 0xC0, 0x30, 0x0C, 0x00, 0x6F, 0x7E, 0x40, 0x7D, 0xF0, 0x0D, 0x80, 0x00, 0x80, 0xC0,
    0xE0, 0x60, 0x70, 0x30, 0x38, 0x18, 0x1C, 0x0C, 0x0E, 0x06, 0x07, 0x03, 0x03, 0x81, 0x80, 0x00,
    0x00, 0x1E, 0x0F, 0xC7, 0x39, 0x86, 0x61, 0xF8, 0x7E, 0x1F, 0x87, 0x61, 0x9C, 0xE7, 0xF8, 0xFC,
    0x04, 0x00, 0x1B, 0xFF, 0xB1, 0x8C, 0x63, 0x18, 0xC6, 0x30, 0x3E, 0x3F, 0x98, 0xC8, 0x70, 0x30,
    0x38, 0x1C, 0x1C, 0x1C, 0x1C, 0x1F, 0xEF, 0xF0, 0x7F, 0x7F, 0x83, 0x83, 0x83, 0xC1, 0xF0, 0xFC,
    0x06, 0x03, 0x01, 0x9F, 0xCF, 0xC1, 0x00, 0x06, 0x01, 0xC0, 0xF0, 0x7C, 0x3F, 0x1D, 0xC6, 0x73,
    0xFE, 0xFF, 0x81, 0xC0, 0x70, 0x18, 0x7E, 0xFE, 0xC0, 0xC0, 0xFC, 0xFE, 0xC7, 0x07, 0x07, 0x07,
    0xFE, 0xFC, 0x00, 0x0E, 0x0F, 0x0F, 0x06, 0x07, 0xE3, 0xF9, 0xDC, 0xC7, 0x61, 0xB1, 0xDF, 0xC7,
    0xC0, 0x80, 0x7F, 0xBF, 0xC0, 0xC0, 0xE0, 0x70, 0x70, 0x38, 0x18, 0x1C, 0x0C, 0x0E, 0x06, 0x00,
    0x00, 0x1E, 0x3F, 0x9D, 0xCC, 0x66, 0x33, 0xF9, 0xFC, 0xC6, 0xE3, 0xB1, 0xDF, 0xC7, 0xC0, 0x00,
    0x3E, 0x3F, 0x9C, 0xEC, 0x76, 0x3B, 0x9D, 0xFE, 0x7E, 0x07, 0x07, 0x0F, 0x87, 0x80, 0x00, 0xFC,
    0x03, 0xC0, 0x77, 0x20, 0x00, 0x06, 0x73, 0x60, 0x03, 0x0F, 0x3E, 0x78, 0xF0, 0x78, 0x3E, 0x0F,
    0x03, 0x7F, 0xBF, 0xC0, 0x0F, 0xF7, 0xF8, 0x60, 0x3C, 0x0F, 0x81, 0xE0, 0x78, 0xF8, 0xF0, 0xE0,
    0x60, 0x00, 0x18, 0x7E, 0xFF, 0x43, 0x03, 0x03, 0x1F, 0x1E, 0x38, 0x18, 0x00, 0x38, 0x38, 0x03,
    0xF8, 0x0F, 0xFC, 0x1C, 0x06, 0x31, 0xB6, 0x67, 0xF3, 0x66, 0x73, 0x4E, 0x73, 0xCC, 0x72, 0xCC,
    0x66, 0xCF, 0xFE, 0x67, 0xFC, 0x60, 0x00, 0x70, 0x30, 0x3F, 0xF0, 0x0F, 0xC0, 0x0C, 0x01, 0xC0,
    0x78, 0x0F, 0x81, 0xB0, 0x76, 0x0C, 0xE3, 0xFC, 0x7F, 0xCF, 0xFB, 0x83, 0xE0, 0x70, 0x00, 0xFF,
    0x3F, 0xEE, 0x3B, 0x8E, 0xE3, 0xBF, 0xCF, 0xFB, 0x86, 0xE1, 0xF8, 0x6F, 0xFB, 0xFC, 0x0F, 0x87,
    0xF9, 0xE3, 0x38, 0x06, 0x01, 0xC0, 0x38, 0x07, 0x00, 0x60, 0x0E, 0x00, 0xFF, 0x0F, 0xE0, 0x20,
    0xFF, 0x1F, 0xF3, 0x0F, 0x60, 0xEC, 0x0D, 0x81, 0xF0, 0x3E, 0x06, 0xC0, 0xD8, 0x3B, 0xFE, 0x7F,
    0x80, 0xFF, 0xFF, 0xC0, 0xC0, 0xC0, 0xFE, 0xFE, 0xC0, 0xC0, 0xC0, 0xFF, 0xFF, 0xFF, 0xFF, 0xC0,
    0xC0, 0xC0, 0xFE, 0xFE, 0xC0, 0xC0, 0xC0, 0xC0, 0xC0, 0x0F, 0xC7, 0xF8, 0xE3, 0x38, 0x06, 0x01,
    0xC3, 0xB8, 0xFF, 0x1F, 0x70, 0x6F, 0x0C, 0xFF, 0x8F, 0xE0, 0x20, 0xC0, 0xF0, 0x3C, 0x0F, 0x03,
    0xC0, 0xFF, 0xFF, 0xFF, 0x03, 0xC0, 0xF0, 0x3C, 0x0F, 0x03, 0xDB, 0x6D, 0xB6, 0xDB, 0x60, 0x03,
    0x03, 0x03, 0x03, 0x03, 0x03, 0x03, 0x03, 0x03, 0x67, 0x7F, 0x7E, 0x08, 0xC1, 0xB0, 0xFC, 0x7B,
    0x3C, 0xDE, 0x3F, 0x0F, 0xE3, 0xB8, 0xE7, 0x30, 0xEC, 0x3F, 0x07, 0x00, 0x00, 0xC0, 0xC0, 0xC0,
    0xC0, 0xC0, 0xC0, 0xC0, 0xC0, 0xC0, 0xC0, 0xFF, 0xFF, 0xC0, 0x2E, 0x07, 0xF0, 0xFF, 0x1F, 0xF9,
    0xFD, 0xFF, 0xDF, 0x7C, 0xE7, 0xC6, 0x7C, 0x07, 0xC0, 0x7C, 0x07, 0xC0, 0xF8, 0x3F, 0x0F, 0xE3,
    0xF8, 0xF7, 0x3C, 0xEF, 0x1F, 0xC7, 0xF0, 0xFC, 0x1F, 0x03, 0x0F, 0x83, 0xFE, 0x78, 0xE7, 0x07,
    0x60, 0x3E, 0x03, 0xE0, 0x3E, 0x03, 0x60, 0x77, 0x0E, 0x3F, 0xE1, 0xFC, 0x02, 0x00, 0xFE, 0x7F,
    0xB0, 0xD8, 0x7C, 0x3E, 0x3B, 0xFD, 0xFC, 0xC0, 0x60, 0x30, 0x18, 0x00, 0x0F, 0x80, 0xFF, 0x87,
    0x8E, 0x1C, 0x1C, 0x60, 0x33, 0x80, 0xCE, 0x03, 0x38, 0x0C, 0x60, 0x71, 0xC3, 0x83, 0xFE, 0x07,
    0xF0, 0x1F, 0x08, 0x7F, 0xE1, 0x3F, 0x80, 0x10, 0xFF, 0x3F, 0xEC, 0x3B, 0x07, 0xC1, 0xB0, 0xEF,
    0xF3, 0xFE, 0xC1, 0xB0, 0x6C, 0x1F, 0x07, 0x00, 0x00, 0x3F, 0x1F, 0xE6, 0x39, 0x80, 0x70, 0x1F,
    0x83, 0xF8, 0x0E, 0x01, 0xB8, 0x6F, 0xF9, 0xFC, 0x0C, 0x00, 0xFF, 0xFF, 0xF0, 0xC0, 0x30, 0x0C,
    0x03, 0x00, 0xC0, 0x30, 0x0C, 0x03, 0x00, 0xC0, 0x30, 0xC0, 0xF0, 0x7C, 0x1F, 0x07, 0xC1, 0xF0,
    0x7C, 0x1F, 0x07, 0xE1, 0xF8, 0x67, 0xF8, 0xFC, 0x00, 0x00, 0xC0, 0x7C, 0x1D, 0x83, 0xB8, 0x67,
    0x1C, 0x73, 0x0E, 0xE0, 0xD8, 0x1F, 0x01, 0xE0, 0x38, 0x07, 0x00, 0xC0, 0x03, 0xE0, 0x07, 0xE1,
    0x86, 0x61, 0x86, 0x73, 0xCE, 0x73, 0xCC, 0x37, 0xCC, 0x3E, 0xFC, 0x3E, 0x78, 0x1E, 0x78, 0x1C,
    0x38, 0x1C, 0x30, 0x60, 0xF8, 0x77, 0x1C, 0xEE, 0x1F, 0x07, 0x80, 0xE0, 0x7C, 0x3B, 0x9C, 0xE6,
    0x1F, 0x83, 0x00, 0x00, 0xC0, 0xF8, 0x77, 0x39, 0xCC, 0x3F, 0x07, 0x80, 0xC0, 0x30, 0x0C, 0x03,
    0x00, 0xC0, 0x30, 0x7F, 0xCF, 0xF8, 0x07, 0x01, 0xC0, 0x70, 0x1C, 0x03, 0x80, 0xE0, 0x38, 0x0E,
    0x01, 0xFF, 0x7F, 0xE0, 0xFB, 0xFC, 0x30, 0xC3, 0x0C, 0x30, 0xC3, 0x0C, 0x30, 0xC3, 0xEF, 0xDE,
    0x40, 0x60, 0x38, 0x0C, 0x07, 0x01, 0x80, 0xE0, 0x30, 0x1C, 0x06, 0x03, 0x80, 0xC0, 0x70, 0x18,
    0x0E, 0x03, 0x00, 0x00, 0xFF, 0xF1, 0xC7, 0x1C, 0x71, 0xC7, 0x1C, 0x71, 0xC7, 0x1D, 0xFF, 0xDE,
    0x00, 0x0E, 0x07, 0x87, 0xE7, 0x73, 0x9D, 0x86, 0x80, 0x7F, 0xEF, 0xFC, 0xEE, 0x30, 0x3F, 0x9F,
    0xF7, 0x3F, 0x87, 0xE1, 0xF8, 0x76, 0x1D, 0xFF, 0x3F, 0x82, 0x00, 0xC0, 0x60, 0x30, 0x18, 0x0F,
    0xE7, 0xFB, 0x8F, 0x87, 0xC1, 0xE0, 0xF8, 0xFF, 0xEF, 0xE0, 0x40, 0x3F, 0x3F, 0x9C, 0x5C, 0x0E,
    0x07, 0x01, 0x80, 0xFF, 0x3F, 0x06, 0x00, 0x00, 0x80, 0x70, 0x1C, 0x07, 0x3F, 0xDF, 0xF7, 0x3F,
    0x87, 0xE1, 0xF8, 0x76, 0x1D, 0xFF, 0x3F, 0x82, 0x00, 0x3E, 0x3F, 0x98, 0xFF, 0xFF, 0xFF, 0x01,
    0x84, 0xFF, 0x3F, 0x02, 0x00, 0x0C, 0x3C, 0xF1, 0x8F, 0xDF, 0xCC, 0x18, 0x30, 0x60, 0xC1, 0x83,
    0x00, 0x3F, 0xDF, 0xF7, 0x1F, 0x87, 0xE1, 0xF8, 0x76, 0x1D, 0xFF, 0x3F, 0xC2, 0x73, 0xF8, 0xFC,
    0x0E, 0x00, 0xC0, 0xC0, 0xC0, 0xC0, 0xFE, 0xFE, 0xE7, 0xC7, 0xC7, 0xC7, 0xC7, 0xC7, 0xC3, 0x6C,
    0x36, 0xDB, 0x6D, 0xB0, 0x31, 0x80, 0x63, 0x18, 0xC6, 0x31, 0x8C, 0x63, 0x3B, 0xC8, 0x40, 0xC0,
    0xC0, 0xC0, 0xC7, 0xCF, 0xDE, 0xF8, 0xF8, 0xFC, 0xCE, 0xC7, 0xC7, 0x7F, 0xFF, 0xFF, 0xC0, 0xFE,
    0xF3, 0xFF, 0xEE, 0x71, 0xB1, 0xC7, 0xC7, 0x1F, 0x1C, 0x7C, 0x71, 0xF1, 0xC7, 0xC3, 0x18, 0xFE,
    0xFF, 0xE7, 0xC3, 0xC3, 0xC3, 0xC3, 0xC3, 0xC3, 0x3F, 0x1F, 0xE7, 0x1B, 0x87, 0xE0, 0xF8, 0x76,
    0x1D, 0xFE, 0x3F, 0x01, 0x00, 0xFE, 0x7F, 0xB8, 0xF8, 0x7C, 0x1E, 0x0F, 0x8F, 0xFE, 0xFE, 0x64,
    0x30, 0x18, 0x0C, 0x00, 0x3F, 0x9F, 0xF7, 0x3F, 0x87, 0xE1, 0xF8, 0x76, 0x1D, 0xFF, 0x3F, 0xC2,
    0x70, 0x1C, 0x07, 0x00, 0x80, 0xFF, 0xFE, 0x30, 0xC3, 0x0C, 0x30, 0xC0, 0x3E, 0x7E, 0x62, 0x70,
    0x7E, 0x1E, 0xC7, 0xFF, 0x7E, 0x08, 0x30, 0xCF, 0xFF, 0x30, 0xC3, 0x0C, 0x30, 0xF3, 0xC0, 0xC3,
    0xC7, 0xC7, 0xC7, 0xC7, 0xC7, 0xC7, 0xFE, 0x7E, 0x10, 0xC1, 0xF1, 0xD8, 0xCE, 0x63, 0x71, 0xF0,
    0x78, 0x38, 0x1C, 0x00, 0x00, 0xC0, 0x37, 0x11, 0x99, 0xCC, 0xEE, 0xE7, 0xF6, 0x1F, 0xF0, 0xF7,
    0x87, 0x38, 0x18, 0xC0, 0x00, 0x00, 0xC3, 0xE7, 0x7E, 0x3C, 0x3C, 0x3C, 0x7E, 0xE7, 0xC3, 0x00,
    0xC3, 0xC7, 0xC7, 0xC7, 0xC7, 0xC7, 0xC7, 0xFF, 0x7F, 0x17, 0xFE, 0xFE, 0x38, 0x7F, 0x7F, 0x0E,
    0x1C, 0x1C, 0x38, 0x70, 0xFF, 0xFF, 0x0E, 0x3C, 0xE1, 0xC3, 0x87, 0x0C, 0x78, 0xF0, 0x60, 0xE1,
    0xC3, 0x87, 0x07, 0x82, 0x3F, 0xFF, 0xFF, 0xFF, 0xC0, 0xE1, 0xE0, 0xE1, 0xC3, 0x87, 0x06, 0x0F,
    0x1E, 0x70, 0xE1, 0xC3, 0x8E, 0x3C, 0x60, 0x7B, 0x7F, 0x5F, 0xF0, 0xFF, 0xFF, 0x0C, 0x0F, 0x0F,
    0xCF, 0xE6, 0xC7, 0x63, 0xB1, 0xD8, 0x7F, 0x3F, 0x87, 0x81, 0x80, 0x1F, 0x07, 0xF0, 0xC6, 0x38,
    0x07, 0x01, 0xFE, 0x3F, 0x81, 0xC0, 0x38, 0x07, 0x03, 0xFF, 0x7F, 0xE0, 0x38, 0x63, 0x3F, 0x9F,
    0xCE, 0xE7, 0x73, 0xF9, 0xFC, 0xC6, 0xC0, 0xF8, 0x77, 0x39, 0xCC, 0x3F, 0x07, 0x87, 0xF8, 0xFC,
    0x7F, 0x9F, 0xE0, 0xC0, 0x30, 0x3F, 0xFF, 0x0F, 0xFF, 0xC0, 0x1E, 0x1F, 0x9C, 0xCE, 0x07, 0xE3,
    0xF9, 0xBF, 0xC7, 0x7F, 0xBF, 0x83, 0xD8, 0x6F, 0xF3, 0xF0, 0x70, 0x6D, 0xB0, 0x0F, 0x81, 0xFF,
    0x1C, 0xDC, 0xDF, 0x6D, 0xC9, 0xEC, 0x0F, 0x60, 0x7B, 0x03, 0x6F, 0xB3, 0x3D, 0x8E, 0x38, 0x3F,
    0x80, 0x00, 0x00, 0x01, 0xFF, 0xF3, 0xCF, 0xF6, 0x80, 0x33, 0x76, 0x6E, 0xEC, 0xEE, 0x76, 0x37,
    0x00, 0x00, 0x0F, 0xFD, 0xFF, 0x80, 0x70, 0x0E, 0x01, 0xC0, 0x7D, 0xF0, 0x3C, 0x77, 0xFF, 0xFD,
    0xFD, 0xFF, 0x7E, 0x3C, 0x7C, 0xFC, 0xE0, 0x7B, 0xFC, 0xF3, 0x7C, 0xC0, 0x0C, 0x06, 0x03, 0x0F,
    0xF7, 0xF8, 0x60, 0x30, 0x00, 0xFF, 0xBF, 0xC0, 0x03, 0xDE, 0x33, 0xB9, 0xE0, 0x7B, 0xDE, 0xF5,
    0xBC, 0x80, 0x7F, 0x40, 0xC3, 0xC3, 0xC3, 0xC3, 0xC3, 0xC3, 0xE7, 0xFF, 0xFF, 0xD0, 0xC0, 0xC0,
    0x3F, 0x9F, 0xEF, 0xFB, 0xFE, 0xFF, 0x9F, 0xE7, 0xF8, 0x7E, 0x07, 0x81, 0xE0, 0x78, 0x7E, 0x1C,
    0x00, 0x00, 0x1D, 0x80, 0x26, 0xE4, 0x7F, 0x73, 0x33, 0x00, 0x7B, 0xFC, 0xF3, 0xF8, 0xC0, 0xCC,
    0xEE, 0x76, 0x37, 0x77, 0x6E, 0xEC, 0x00, 0x70, 0x67, 0x87, 0x1C, 0x30, 0x63, 0x03, 0x38, 0x19,
    0x80, 0x19, 0xC1, 0xDE, 0x0C, 0xF0, 0xCF, 0x8E, 0x7E, 0x60, 0x60, 0x00, 0x00, 0x70, 0x47, 0x86,
    0x1C, 0x70, 0x63, 0x03, 0x30, 0x1B, 0x80, 0x1B, 0xC1, 0x9F, 0x1C, 0x38, 0xC3, 0x8C, 0x3C, 0x61,
    0xF0, 0x00, 0x00, 0x78, 0x63, 0xC3, 0x1E, 0x30, 0xF3, 0x85, 0x98, 0x3D, 0x80, 0x9C, 0xC0, 0xCE,
    0x0C, 0xF0, 0xEF, 0xC6, 0x7E, 0x60, 0x60, 0x00, 0x00, 0x0C, 0x1C, 0x08, 0x0C, 0x0C, 0x3C, 0x78,
    0xE0, 0xE0, 0xE3, 0x7F, 0x7F, 0x1C, 0x18, 0x03, 0x80, 0x30, 0x06, 0x00, 0xE0, 0x3C, 0x07, 0xC0,
    0xD8, 0x3B, 0x06, 0x71, 0xFE, 0x3F, 0xE7, 0xFD, 0xC1, 0xF0, 0x38, 0x00, 0x03, 0x00, 0xE0, 0x18,
    0x06, 0x00, 0xE0, 0x3C, 0x07, 0xC0, 0xD8, 0x3B, 0x06, 0x71, 0xFE, 0x3F, 0xE7, 0xFD, 0xC1, 0xF0,
    0x38, 0x00, 0x04, 0x01, 0xC0, 0x7C, 0x08, 0x80, 0xC0, 0x1C, 0x07, 0x80, 0xF8, 0x1B, 0x07, 0x60,
    0xCE, 0x3F, 0xC7, 0xFC, 0xFF, 0xB8, 0x3E, 0x07, 0x00, 0x00, 0x1D, 0x87, 0xF0, 0xCC, 0x06, 0x00,
    0xE0, 0x3C, 0x07, 0xC0, 0xD8, 0x3B, 0x06, 0x71, 0xFE, 0x3F, 0xE7, 0xFD, 0xC1, 0xF0, 0x38, 0x00,
    0x1B, 0x03, 0x60, 0x48, 0x06, 0x00, 0xE0, 0x3C, 0x07, 0xC0, 0xD8, 0x3B, 0x06, 0x71, 0xFE, 0x3F,
    0xE7, 0xFD, 0xC1, 0xF0, 0x38, 0x00, 0x04, 0x03, 0xC0, 0x6C, 0x0F, 0x00, 0xE0, 0x3C, 0x07, 0xC0,
    0xD8, 0x3B, 0x06, 0x71, 0xFE, 0x3F, 0xE7, 0xFD, 0xC1, 0xF0, 0x38, 0x00, 0x01, 0xFC, 0x07, 0xF8,
    0x0E, 0x00, 0x3C, 0x00, 0xF8, 0x03, 0xBF, 0x86, 0x7F, 0x1C, 0xC0, 0x7F, 0x80, 0xFF, 0x03, 0x87,
    0xF6, 0x0F, 0xE0, 0x00, 0x00, 0x0F, 0x87, 0xF9, 0xE3, 0x38, 0x06, 0x01, 0xC0, 0x38, 0x07, 0x00,
    0x60, 0x0E, 0x00, 0xFF, 0x0F, 0xE0, 0x60, 0x1C, 0x01, 0x00, 0x60, 0x78, 0x18, 0xFF, 0xFF, 0xC0,
    0xC0, 0xC0, 0xFE, 0xFE, 0xC0, 0xC0, 0xC0, 0xFF, 0xFF, 0x06, 0x0E, 0x1C, 0xFF, 0xFF, 0xC0, 0xC0,
    0xC0, 0xFE, 0xFE, 0xC0, 0xC0, 0xC0, 0xFF, 0xFF, 0x08, 0x3C, 0x3E, 0x20, 0xFF, 0xFF, 0xC0, 0xC0,
    0xC0, 0xFE, 0xFE, 0xC0, 0xC0, 0xC0, 0xFF, 0xFF, 0x36, 0x7E, 0x24, 0xFF, 0xFF, 0xC0, 0xC0, 0xC0,
    0xFE, 0xFE, 0xC0, 0xC0, 0xC0, 0xFF, 0xFF, 0x67, 0x8C, 0x63, 0x18, 0xC6, 0x31, 0x8C, 0x63, 0x18,
    0xC0, 0x37, 0xEC, 0xCC, 0xCC, 0xCC, 0xCC, 0xCC, 0xC0, 0x10, 0xE7, 0xD0, 0x30, 0xC3, 0x0C, 0x30,
    0xC3, 0x0C, 0x30, 0xC3, 0x0C, 0x6F, 0xB4, 0x8C, 0x30, 0xC3, 0x0C, 0x30, 0xC3, 0x0C, 0x30, 0xC3,
    0x00, 0x7F, 0x87, 0xFC, 0x61, 0xE6, 0x0E, 0x60, 0x6F, 0x87, 0xF8, 0x76, 0x06, 0x60, 0x66, 0x0E,
    0x7F, 0xC7, 0xF8, 0x3F, 0x0F, 0xC3, 0x73, 0x03, 0xE0, 0xFC, 0x3F, 0x8F, 0xE3, 0xDC, 0xF3, 0xBC,
    0x7F, 0x1F, 0xC3, 0xF0, 0x7C, 0x0C, 0x0C, 0x00, 0xE0, 0x06, 0x00, 0xF8, 0x3F, 0xE7, 0x8E, 0x70,
    0x76, 0x03, 0xE0, 0x3E, 0x03, 0xE0, 0x36, 0x07, 0x70, 0xE3, 0xFE, 0x1F, 0xC0, 0x20, 0x01, 0x80,
    0x38, 0x03, 0x00, 0xF8, 0x3F, 0xE7, 0x8E, 0x70, 0x76, 0x03, 0xE0, 0x3E, 0x03, 0xE0, 0x36, 0x07,
    0x70, 0xE3, 0xFE, 0x1F, 0xC0, 0x20, 0x02, 0x00, 0x70, 0x0F, 0x80, 0x88, 0x0F, 0x83, 0xFE, 0x78,
    0xE7, 0x07, 0x60, 0x3E, 0x03, 0xE0, 0x3E, 0x03, 0x60, 0x77, 0x0E, 0x3F, 0xE1, 0xFC, 0x02, 0x00,
    0x1E, 0xC1, 0xFC, 0x19, 0x80, 0xF8, 0x3F, 0xE7, 0x8E, 0x70, 0x76, 0x03, 0xE0, 0x3E, 0x03, 0xE0,
    0x36, 0x07, 0x70, 0xE3, 0xFE, 0x1F, 0xC0, 0x20, 0x0D, 0x81, 0xD8, 0x09, 0x00, 0xF8, 0x3F, 0xE7,
    0x8E, 0x70, 0x76, 0x03, 0xE0, 0x3E, 0x03, 0xE0, 0x36, 0x07, 0x70, 0xE3, 0xFE, 0x1F, 0xC0, 0x20,
    0x62, 0x77, 0x7E, 0x3C, 0x3E, 0x7E, 0x66, 0x00, 0x30, 0xFF, 0x3F, 0xE7, 0x8E, 0x71, 0xF6, 0x3B,
    0xE7, 0x3E, 0x63, 0xEE, 0x37, 0xC7, 0x78, 0xE7, 0xFE, 0x7F, 0xC4, 0x20, 0x30, 0x0E, 0x01, 0xC3,
    0x03, 0xC1, 0xF0, 0x7C, 0x1F, 0x07, 0xC1, 0xF0, 0x7C, 0x1F, 0x87, 0xE1, 0x9F, 0xE3, 0xF0, 0x00,
    0x03, 0x01, 0xC0, 0xE3, 0x03, 0xC1, 0xF0, 0x7C, 0x1F, 0x07, 0xC1, 0xF0, 0x7C, 0x1F, 0x87, 0xE1,
    0x9F, 0xE3, 0xF0, 0x00, 0x08, 0x07, 0x83, 0xE0, 0x08, 0xC0, 0xF0, 0x7C, 0x1F, 0x07, 0xC1, 0xF0,
    0x7C, 0x1F, 0x07, 0xE1, 0xF8, 0x67, 0xF8, 0xFC, 0x00, 0x00, 0x37, 0x0F, 0xC1, 0x23, 0x03, 0xC1,
    0xF0, 0x7C, 0x1F, 0x07, 0xC1, 0xF0, 0x7C, 0x1F, 0x87, 0xE1, 0x9F, 0xE3, 0xF0, 0x00, 0x03, 0x03,
    0xC0, 0xC3, 0x03, 0xE1, 0xDC, 0xE7, 0x30, 0xFC, 0x1E, 0x03, 0x00, 0xC0, 0x30, 0x0C, 0x03, 0x00,
    0xC0, 0x40, 0x60, 0x30, 0x1F, 0xCF, 0xF6, 0x1F, 0x0F, 0x87, 0xFF, 0x7F, 0x3E, 0x18, 0x0C, 0x00,
    0x06, 0x03, 0xF0, 0xFE, 0x18, 0xC7, 0x19, 0xEE, 0x1D, 0xE1, 0x8E, 0x70, 0xCE, 0x1D, 0xC3, 0x3F,
    0xE3, 0xF8, 0x04, 0x00, 0x38, 0x07, 0x00, 0xC0, 0xFE, 0x7F, 0xDC, 0xFE, 0x1F, 0x87, 0xE1, 0xD8,
    0x77, 0xFC, 0xFE, 0x08, 0x00, 0x06, 0x01, 0x80, 0xE0, 0x00, 0x3F, 0x9F, 0xF7, 0x3F, 0x87, 0xE1,
    0xF8, 0x76, 0x1D, 0xFF, 0x3F, 0x82, 0x00, 0x0C, 0x07, 0x81, 0xE0, 0x00, 0x3F, 0x9F, 0xF7, 0x3F,
    0x87, 0xE1, 0xF8, 0x76, 0x1D, 0xFF, 0x3F, 0x82, 0x00, 0x11, 0x0F, 0xC3, 0xF0, 0x00, 0x3F, 0x9F,
    0xF7, 0x3F, 0x87, 0xE1, 0xF8, 0x76, 0x1D, 0xFF, 0x3F, 0x82, 0x00, 0x3F, 0x0F, 0xC0, 0x00, 0xFE,
    0x7F, 0xDC, 0xFE, 0x1F, 0x87, 0xE1, 0xD8, 0x77, 0xFC, 0xFE, 0x08, 0x00, 0x1E, 0x07, 0x81, 0xE0,
    0x30, 0x3F, 0x9F, 0xF7, 0x3F, 0x87, 0xE1, 0xF8, 0x76, 0x1D, 0xFF, 0x3F, 0x82, 0x00, 0x3E, 0xF8,
    0xFF, 0xFB, 0x8E, 0x38, 0xFF, 0xF7, 0xFF, 0xEE, 0x70, 0x38, 0xE1, 0x3F, 0xFE, 0x7E, 0xFC, 0x20,
    0x40, 0x3F, 0x3F, 0x9C, 0x5C, 0x0E, 0x07, 0x01, 0x80, 0xFF, 0x3F, 0x0E, 0x06, 0x03, 0x00, 0x38,
    0x1E, 0x03, 0x07, 0xC7, 0xF3, 0x1F, 0xFF, 0xFF, 0xE0, 0x30, 0x9F, 0xE7, 0xE0, 0x40, 0x06, 0x03,
    0x03, 0x00, 0x03, 0xE3, 0xF9, 0x8F, 0xFF, 0xFF, 0xF0, 0x18, 0x4F, 0xF3, 0xF0, 0x20, 0x0C, 0x0F,
    0x0F, 0x80, 0x03, 0xE3, 0xF9, 0x8F, 0xFF, 0xFF, 0xF0, 0x18, 0x4F, 0xF3, 0xF0, 0x20, 0x37, 0x1B,
    0x80, 0x07, 0xC7, 0xF3, 0x1F, 0xFF, 0xFF, 0xE0, 0x30, 0x9F, 0xE7, 0xE0, 0x40, 0xE7, 0x33, 0x33,
    0x33, 0x33, 0x33, 0x66, 0xC0, 0xCC, 0xCC, 0xCC, 0xCC, 0xC0, 0x31, 0xEF, 0x80, 0x30, 0xC3, 0x0C,
    0x30, 0xC3, 0x0C, 0x30, 0xDF, 0xF0, 0x0C, 0x30, 0xC3, 0x0C, 0x30, 0xC3, 0x0C, 0x18, 0x0E, 0x87,
    0xE7, 0xE3, 0xFB, 0xFD, 0xCF, 0xC3, 0xE1, 0xF0, 0xD8, 0xEF, 0xE3, 0xF0, 0x00, 0x02, 0x7E, 0x7E,
    0x00, 0xFE, 0xFF, 0xE7, 0xC3, 0xC3, 0xC3, 0xC3, 0xC3, 0xC3, 0x38, 0x07, 0x00, 0xC0, 0xFC, 0x7F,
    0x9C, 0x6E, 0x1F, 0x83, 0xE1, 0xD8, 0x77, 0xF8, 0xFC, 0x04, 0x00, 0x03, 0x01, 0xC0, 0xE0, 0x10,
    0x3F, 0x1F, 0xE7, 0x1B, 0x87, 0xE0, 0xF8, 0x76, 0x1D, 0xFE, 0x3F, 0x01, 0x00, 0x04, 0x07, 0x81,
    0xF0, 0x00, 0x3F, 0x1F, 0xE7, 0x1B, 0x87, 0xE0, 0xF8, 0x76, 0x1D, 0xFE, 0x3F, 0x01, 0x00, 0x01,
    0x0F, 0xC3, 0xF0, 0x00, 0x3F, 0x1F, 0xE7, 0x1B, 0x87, 0xE0, 0xF8, 0x76, 0x1D, 0xFE, 0x3F, 0x01,
    0x00, 0x3B, 0x0E, 0xC0, 0x00, 0xFC, 0x7F, 0x9C, 0x6E, 0x1F, 0x83, 0xE1, 0xD8, 0x77, 0xF8, 0xFC,
    0x04, 0x00, 0x0C, 0x03, 0x00, 0xC1, 0xFE, 0x7F, 0x9F, 0xE0, 0xC0, 0x30, 0x0C, 0x00, 0x00, 0x8F,
    0xF7, 0xF9, 0xCE, 0xE7, 0xFB, 0xBF, 0xDD, 0xE7, 0x7F, 0x9F, 0xC4, 0x40, 0x70, 0x78, 0x18, 0xC3,
    0xC7, 0xC7, 0xC7, 0xC7, 0xC7, 0xC7, 0xFE, 0x7E, 0x10, 0x0C, 0x0C, 0x18, 0x00, 0xC3, 0xC7, 0xC7,
    0xC7, 0xC7, 0xC7, 0xC7, 0xFE, 0x7E, 0x10, 0x18, 0x3C, 0x7C, 0x00, 0xC3, 0xC7, 0xC7, 0xC7, 0xC7,
    0xC7, 0xC7, 0xFE, 0x7E, 0x10, 0x6E, 0x6E, 0x00, 0xC3, 0xC7, 0xC7, 0xC7, 0xC7, 0xC7, 0xC7, 0xFE,
    0x7E, 0x10, 0x0C, 0x0C, 0x18, 0x00, 0xC3, 0xC7, 0xC7, 0xC7, 0xC7, 0xC7, 0xC7, 0xFF, 0x7F, 0x17,
    0xFE, 0xFE, 0x38, 0xC0, 0x60, 0x30, 0x18, 0x0F, 0xE7, 0xFB, 0x8F, 0x87, 0xC1, 0xE0, 0xF8, 0xFF,
    0xEF, 0xE6, 0x43, 0x01, 0x80, 0xC0, 0x00, 0x6E, 0x6E, 0x00, 0xC3, 0xC7, 0xC7, 0xC7, 0xC7, 0xC7,
    0xC7, 0xFF, 0x7F, 0x17, 0xFE, 0xFE, 0x38, 0x3F, 0x03, 0xE0, 0x30, 0x07, 0x01, 0xE0, 0x3E, 0x06,
    0xC1, 0xD8, 0x33, 0x8F, 0xF1, 0xFF, 0x3F, 0xEE, 0x0F, 0x81, 0xC0, 0x00, 0x1E, 0x0F, 0xC1, 0xE0,
    0xFE, 0x7F, 0xDC, 0xFE, 0x1F, 0x87, 0xE1, 0xD8, 0x77, 0xFC, 0xFE, 0x08, 0x00, 0x13, 0x03, 0xE0,
    0x38, 0x06, 0x00, 0xE0, 0x3C, 0x07, 0xC0, 0xD8, 0x3B, 0x06, 0x71, 0xFE, 0x3F, 0xE7, 0xFD, 0xC1,
    0xF0, 0x38, 0x00, 0x33, 0x0F, 0xC1, 0xE0, 0xFE, 0x7F, 0xDC, 0xFE, 0x1F, 0x87, 0xE1, 0xD8, 0x77,
    0xFC, 0xFE, 0x08, 0x00, 0x0C, 0x01, 0xC0, 0x78, 0x0F, 0x81, 0xB0, 0x77, 0x0C, 0xE3, 0xFC, 0x7F,
    0xCF, 0xFB, 0x83, 0xE0, 0x70, 0x1C, 0x03, 0xC0, 0x78, 0x06, 0x3F, 0x9F, 0xF7, 0x3F, 0x87, 0xE1,
    0xF8, 0x76, 0x1D, 0xFF, 0x3F, 0xC2, 0xE0, 0x78, 0x0F, 0x03, 0x80, 0x01, 0x80, 0x70, 0x1C, 0x07,
    0xC3, 0xFC, 0xF1, 0x9C, 0x03, 0x00, 0xE0, 0x1C, 0x03, 0x80, 0x30, 0x07, 0x00, 0x7F, 0x87, 0xF0,
    0x10, 0x06, 0x03, 0x03, 0x80, 0x03, 0xF3, 0xF9, 0xC5, 0xC0, 0xE0, 0x70, 0x18, 0x0F, 0xF3, 0xF0,
    0x60, 0x02, 0x01, 0xE0, 0x3E, 0x04, 0x00, 0xF8, 0x7F, 0x9E, 0x33, 0x80, 0x60, 0x1C, 0x03, 0x80,
    0x70, 0x06, 0x00, 0xE0, 0x0F, 0xF0, 0xFE, 0x02, 0x00, 0x0C, 0x0F, 0x07, 0x80, 0x03, 0xF3, 0xF9,
    0xC5, 0xC0, 0xE0, 0x70, 0x18, 0x0F, 0xF3, 0xF0, 0x60, 0x06, 0x00, 0xC0, 0x18, 0x07, 0xC3, 0xFC,
    0xF1, 0x9C, 0x03, 0x00, 0xE0, 0x1C, 0x03, 0x80, 0x30, 0x07, 0x00, 0x7F, 0x87, 0xF0, 0x10, 0x0C,
    0x06, 0x00, 0x07, 0xE7, 0xF3, 0x8B, 0x81, 0xC0, 0xE0, 0x30, 0x1F, 0xE7, 0xE0, 0xC0, 0x0D, 0x81,
    0xE0, 0x1C, 0x07, 0xC3, 0xFC, 0xF1, 0x9C, 0x03, 0x00, 0xE0, 0x1C, 0x03, 0x80, 0x30, 0x07, 0x00,
    0x7F, 0x87, 0xF0, 0x10, 0x00, 0x0F, 0x87, 0x80, 0x03, 0xF3, 0xF9, 0xC5, 0xC0, 0xE0, 0x70, 0x18,
    0x0F, 0xF3, 0xF0, 0x60, 0x26, 0x07, 0x80, 0x60, 0x7F, 0x8F, 0xF9, 0x87, 0xB0, 0x76, 0x06, 0xC0,
    0xF8, 0x1F, 0x03, 0x60, 0x6C, 0x1D, 0xFF, 0x3F, 0xC0, 0x00, 0xB0, 0x0F, 0xC0, 0x76, 0x03, 0xE3,
    0xFE, 0x3F, 0xE1, 0xCF, 0x1C, 0x38, 0xE1, 0xC7, 0x0E, 0x18, 0x70, 0xFF, 0x83, 0xF8, 0x04, 0x00,
    0x7F, 0x87, 0xFC, 0x61, 0xE6, 0x0E, 0x60, 0x6F, 0x87, 0xF8, 0x76, 0x06, 0x60, 0x66, 0x0E, 0x7F,
    0xC7, 0xF8, 0x00, 0x80, 0x38, 0x0F, 0x81, 0xF3, 0xFC, 0xFF, 0x9C, 0xF7, 0x0E, 0xE1, 0xDC, 0x39,
    0x87, 0x3F, 0xE3, 0xF8, 0x10, 0x00, 0x7E, 0x7E, 0xFF, 0xFF, 0xC0, 0xC0, 0xC0, 0xFE, 0xFE, 0xC0,
    0xC0, 0xC0, 0xFF, 0xFF, 0x1E, 0x1F, 0x87, 0x87, 0xC7, 0xF3, 0x1F, 0xFF, 0xFF, 0xE0, 0x30, 0x9F,
    0xE7, 0xE0, 0x40, 0x66, 0x3E, 0x3C, 0xFF, 0xFF, 0xC0, 0xC0, 0xC0, 0xFE, 0xFE, 0xC0, 0xC0, 0xC0,
    0xFF, 0xFF, 0x33, 0x1F, 0x07, 0x87, 0xC7, 0xF3, 0x1F, 0xFF, 0xFF, 0xE0, 0x30, 0x9F, 0xE7, 0xE0,
    0x40, 0x18, 0x18, 0x18, 0xFF, 0xFF, 0xC0, 0xC0, 0xC0, 0xFE, 0xFE, 0xC0, 0xC0, 0xC0, 0xFF, 0xFF,
    0x0C, 0x06, 0x00, 0x07, 0xC7, 0xF3, 0x1F, 0xFF, 0xFF, 0xE0, 0x30, 0x9F, 0xE7, 0xE0, 0x40, 0xFF,
    0xFF, 0xC0, 0xC0, 0xC0, 0xFE, 0xFE, 0xC0, 0xC0, 0xC0, 0xFF, 0xFF, 0x0E, 0x0F, 0x0F, 0x06, 0x3E,
    0x3F, 0x98, 0xFF, 0xFF, 0xFF, 0x01, 0x84, 0xFF, 0x3F, 0x03, 0x01, 0xE0, 0xF0, 0x30, 0x26, 0x3C,
    0x1C, 0xFF, 0xFF, 0xC0, 0xC0, 0xC0, 0xFE, 0xFE, 0xC0, 0xC0, 0xC0, 0xFF, 0xFF, 0x00, 0x1F, 0x07,
    0x81, 0x03, 0xE3, 0xF9, 0x8F, 0xFF, 0xFF, 0xF0, 0x18, 0x4F, 0xF3, 0xF0, 0x20, 0x02, 0x00, 0xE0,
    0x3E, 0x04, 0x40, 0xFC, 0x7F, 0x8E, 0x33, 0x80, 0x60, 0x1C, 0x3B, 0x8F, 0xF1, 0xF7, 0x06, 0xF0,
    0xCF, 0xF8, 0xFE, 0x02, 0x00, 0x04, 0x03, 0x81, 0xF0, 0x00, 0x3F, 0xDF, 0xF7, 0x1F, 0x87, 0xE1,
    0xF8, 0x76, 0x1D, 0xFF, 0x3F, 0xC2, 0x73, 0xF8, 0xFC, 0x0E, 0x00, 0x09, 0x81, 0xF0, 0x1C, 0x07,
    0xE3, 0xFC, 0x71, 0x9C, 0x03, 0x00, 0xE1, 0xDC, 0x7F, 0x8F, 0xB8, 0x37, 0x86, 0x7F, 0xC7, 0xF0,
    0x10, 0x33, 0x07, 0xC0, 0xE0, 0xFF, 0x7F, 0xDC, 0x7E, 0x1F, 0x87, 0xE1, 0xD8, 0x77, 0xFC, 0xFF,
    0x09, 0xCF, 0xE3, 0xF0, 0x38, 0x02, 0x00, 0xE0, 0x18, 0x07, 0xE3, 0xFC, 0x71, 0x9C, 0x03, 0x00,
    0xE1, 0xDC, 0x7F, 0x8F, 0xB8, 0x37, 0x86, 0x7F, 0xC7, 0xF0, 0x10, 0x0C, 0x03, 0x80, 0x00, 0xFF,
    0x7F, 0xDC, 0x7E, 0x1F, 0x87, 0xE1, 0xD8, 0x77, 0xFC, 0xFF, 0x09, 0xCF, 0xE3, 0xF0, 0x38, 0x0F,
    0xC7, 0xF8, 0xE3, 0x38, 0x06, 0x01, 0xC3, 0xB8, 0xFF, 0x1F, 0x70, 0x6F, 0x0C, 0xFF, 0x8F, 0xE0,
    0x30, 0x0E, 0x01, 0xC0, 0x10, 0x06, 0x03, 0x80, 0xE0, 0x38, 0x04, 0x0F, 0xF7, 0xFD, 0xC7, 0xE1,
    0xF8, 0x7E, 0x1D, 0x87, 0x7F, 0xCF, 0xF0, 0x9C, 0xFE, 0x3F, 0x03, 0x80, 0x08, 0x07, 0x83, 0xF0,
    0x00, 0xC0, 0xF0, 0x3C, 0x0F, 0x03, 0xC0, 0xFF, 0xFF, 0xFF, 0x03, 0xC0, 0xF0, 0x3C, 0x0F, 0x03,
    0x20, 0x1E, 0x0F, 0xC0, 0xC0, 0x30, 0x0C, 0x03, 0x00, 0xFE, 0x3F, 0x8E, 0x73, 0x1C, 0xC7, 0x31,
    0xCC, 0x73, 0x1C, 0xC3, 0x30, 0x31, 0x83, 0x9F, 0xFE, 0xFF, 0xF3, 0x07, 0x1F, 0xF8, 0xFF, 0xC6,
    0x0E, 0x30, 0x71, 0x83, 0x8C, 0x1C, 0x60, 0xE0, 0x30, 0x0C, 0x07, 0xC1, 0xF0, 0x3F, 0x8F, 0xE3,
    0x9C, 0xC7, 0x31, 0xCC, 0x73, 0x1C, 0xC7, 0x30, 0xC0, 0xF5, 0xFB, 0x31, 0x83, 0x06, 0x0C, 0x18,
    0x30, 0x60, 0xC1, 0x83, 0x06, 0x0C, 0x00, 0x22, 0xFD, 0xF8, 0x01, 0x83, 0x06, 0x0C, 0x18, 0x30,
    0x60, 0xC1, 0x80, 0xFD, 0xF8, 0xC1, 0x83, 0x06, 0x0C, 0x18, 0x30, 0x60, 0xC1, 0x83, 0x06, 0x00,
    0x7B, 0xF7, 0x8C, 0x30, 0xC3, 0x0C, 0x30, 0xC3, 0x0C, 0xCD, 0xF3, 0x8C, 0x30, 0xC3, 0x0C, 0x30,
    0xC3, 0x0C, 0x30, 0xC3, 0x00, 0xCF, 0xE7, 0x8C, 0x30, 0xC3, 0x0C, 0x30, 0xC3, 0x0C, 0x31, 0xCE,
    0x73, 0x9C, 0xE7, 0x39, 0xCE, 0x66, 0x79, 0xE6, 0x31, 0x80, 0x63, 0x18, 0xC6, 0x31, 0x8C, 0x66,
    0x79, 0xE6, 0x5F, 0x6D, 0xB6, 0xDB, 0x6D, 0xB0, 0xFF, 0xFF, 0xC0, 0xC3, 0xE7, 0xE7, 0xE7, 0xE7,
    0xE7, 0xE7, 0xC7, 0x07, 0xC7, 0xFE, 0x7C, 0x10, 0x66, 0xDC, 0x03, 0x36, 0xED, 0xDB, 0xB7, 0x6E,
    0xDD, 0xBB, 0x70, 0xE3, 0xC7, 0x0C, 0x01, 0x01, 0xE0, 0x7C, 0x10, 0x03, 0x00, 0xC0, 0x30, 0x0C,
    0x03, 0x00, 0xC0, 0x30, 0x0C, 0x03, 0x19, 0xC7, 0xF1, 0xF8, 0x08, 0x00, 0x11, 0xE7, 0xC0, 0x30,
    0xC3, 0x0C, 0x30, 0xC3, 0x0C, 0x30, 0xC7, 0x3C, 0x40, 0xC1, 0xB0, 0xFC, 0x7B, 0x3C, 0xDE, 0x3F,
    0x0F, 0xE3, 0xB8, 0xE7, 0x30, 0xEC, 0x3F, 0x07, 0x18, 0x07, 0x01, 0xC0, 0x00, 0x40, 0xC0, 0xC0,
    0xC0, 0xC7, 0xCF, 0xDE, 0xF8, 0xF8, 0xFC, 0xCE, 0xC7, 0xC7, 0x38, 0x38, 0x18, 0x38, 0x00, 0xC7,
    0xCF, 0xDE, 0xF8, 0xF8, 0xFC, 0xCE, 0xC7, 0xC7, 0x30, 0x70, 0xE0, 0xC0, 0xC0, 0xC0, 0xC0, 0xC0,
    0xC0, 0xC0, 0xC0, 0xC0, 0xC0, 0xFF, 0xFF, 0x37, 0xE4, 0xCC, 0xCC, 0xCC, 0xCC, 0xCC, 0xCC, 0xC0,
    0xC0, 0xC0, 0xC0, 0xC0, 0xC0, 0xC0, 0xC0, 0xC0, 0xC0, 0xFF, 0xFF, 0x18, 0x38, 0x38, 0x10, 0x26,
    0x66, 0x66, 0x66, 0x66, 0x66, 0x66, 0xF7, 0x64, 0x0C, 0xDE, 0xC6, 0xCC, 0xC8, 0xC0, 0xC0, 0xC0,
    0xC0, 0xC0, 0xC0, 0xFF, 0xFF, 0x5B, 0xFD, 0xF6, 0xD3, 0x0C, 0x30, 0xC3, 0x0C, 0x30, 0xC0, 0xC0,
    0xC0, 0xC0, 0xC0, 0xC0, 0xC6, 0xC6, 0xC0, 0xC0, 0xC0, 0xFF, 0xFF, 0x43, 0x0C, 0x30, 0xC3, 0x0D,
    0xF6, 0xC3, 0x0C, 0x30, 0xC0, 0x30, 0x0C, 0x03, 0x00, 0xD0, 0x3E, 0x1F, 0x0F, 0x00, 0xC0, 0x30,
    0x0C, 0x03, 0xFC, 0xFF, 0x10, 0xC3, 0x0C, 0x30, 0xF7, 0xFC, 0x30, 0xC3, 0x0C, 0x30, 0x03, 0x01,
    0xC0, 0xE3, 0x03, 0xE0, 0xFC, 0x3F, 0x8F, 0xE3, 0xDC, 0xF3, 0xBC, 0x7F, 0x1F, 0xC3, 0xF0, 0x7C,
    0x0C, 0x06, 0x0E, 0x1C, 0x08, 0xFE, 0xFF, 0xE7, 0xC3, 0xC3, 0xC3, 0xC3, 0xC3, 0xC3, 0xC0, 0xF8,
    0x3F, 0x0F, 0xE3, 0xF8, 0xF7, 0x3C, 0xEF, 0x1F, 0xC7, 0xF0, 0xFC, 0x1F, 0x03, 0x0C, 0x03, 0x80,
    0xE0, 0x20, 0xFE, 0xFF, 0xE7, 0xC3, 0xC3, 0xC3, 0xC3, 0xC3, 0xC3, 0x38, 0x38, 0x18, 0x38, 0x00,
    0x13, 0x07, 0x80, 0xC3, 0x03, 0xE0, 0xFC, 0x3F, 0x8F, 0xE3, 0xDC, 0xF3, 0xBC, 0x7F, 0x1F, 0xC3,
    0xF0, 0x7C, 0x0C, 0x00, 0x3E, 0x3C, 0x00, 0xFE, 0xFF, 0xE7, 0xC3, 0xC3, 0xC3, 0xC3, 0xC3, 0xC3,
    0x60, 0x1C, 0x03, 0x00, 0x7F, 0xEF, 0xFC, 0x71, 0x8E, 0x39, 0xC7, 0x38, 0xE7, 0x1C, 0xE3, 0x9C,
    0x60, 0xC0, 0xDC, 0x1F, 0xC3, 0xFC, 0x7F, 0x8F, 0xB9, 0xF3, 0xBE, 0x3F, 0xC3, 0xF8, 0x7F, 0x07,
    0xE0, 0x70, 0x0E, 0x03, 0x80, 0xF0, 0x08, 0xFE, 0xFF, 0xE7, 0xC3, 0xC3, 0xC3, 0xC3, 0xC3, 0xC3,
    0x03, 0x0F, 0x0E, 0x0C, 0x1F, 0x80, 0xF8, 0x0F, 0x83, 0xFE, 0x78, 0xE7, 0x07, 0x60, 0x3E, 0x03,
    0xE0, 0x3E, 0x03, 0x60, 0x77, 0x0E, 0x3F, 0xE1, 0xFC, 0x02, 0x00, 0x1E, 0x0F, 0xC1, 0xE0, 0xFC,
    0x7F, 0x9C, 0x6E, 0x1F, 0x83, 0xE1, 0xD8, 0x77, 0xF8, 0xFC, 0x04, 0x00, 0x19, 0x80, 0xF8, 0x07,
    0x00, 0xF8, 0x3F, 0xE7, 0x8E, 0x70, 0x76, 0x03, 0xE0, 0x3E, 0x03, 0xE0, 0x36, 0x07, 0x70, 0xE3,
    0xFE, 0x1F, 0xC0, 0x20, 0x33, 0x0F, 0xC1, 0xE0, 0xFC, 0x7F, 0x9C, 0x6E, 0x1F, 0x83, 0xE1, 0xD8,
    0x77, 0xF8, 0xFC, 0x04, 0x00, 0x00, 0x00, 0x6C, 0x0F, 0xC0, 0xD8, 0x0F, 0x83, 0xFE, 0x78, 0xE7,
    0x07, 0x60, 0x3E, 0x03, 0xE0, 0x3E, 0x03, 0x60, 0x77, 0x0E, 0x3F, 0xE1, 0xFC, 0x02, 0x00, 0x09,
    0x07, 0xE1, 0xB0, 0x48, 0x3F, 0x1F, 0xE7, 0x1B, 0x87, 0xE0, 0xF8, 0x76, 0x1D, 0xFE, 0x3F, 0x01,
    0x00, 0x1F, 0xFF, 0x3F, 0xFF, 0x78, 0xC0, 0x60, 0xC0, 0x60, 0xC0, 0xE0, 0xFE, 0xE0, 0xFE, 0xE0,
    0xC0, 0x60, 0xC0, 0x70, 0xC0, 0x3F, 0xFF, 0x1F, 0xFF, 0x3F, 0x3E, 0x3F, 0xFF, 0x9C, 0x78, 0xDC,
    0x3F, 0xEE, 0x1F, 0xF7, 0x0E, 0x01, 0x87, 0x88, 0xFF, 0xFE, 0x3F, 0x7E, 0x02, 0x04, 0x00, 0x06,
    0x03, 0xC0, 0xC3, 0xFC, 0xFF, 0xB0, 0xEC, 0x1F, 0x06, 0xC3, 0xBF, 0xCF, 0xFB, 0x06, 0xC1, 0xB0,
    0x7C, 0x1C, 0x00, 0x18, 0xE3, 0x08, 0xFF, 0xFE, 0x30, 0xC3, 0x0C, 0x30, 0xC0, 0xFF, 0x3F, 0xEC,
    0x3B, 0x07, 0xC1, 0xB0, 0xEF, 0xF3, 0xFE, 0xC1, 0xB0, 0x6C, 0x1F, 0x07, 0x0C, 0x07, 0x01, 0xC0,
    0x20, 0x7E, 0xFD, 0xC3, 0x06, 0x0C, 0x18, 0x30, 0x61, 0xC3, 0x83, 0x0E, 0x00, 0x00, 0x36, 0x0F,
    0x81, 0xC3, 0xFC, 0xFF, 0xB0, 0xEC, 0x1F, 0x06, 0xC3, 0xBF, 0xCF, 0xFB, 0x06, 0xC1, 0xB0, 0x7C,
    0x1C, 0x00, 0x03, 0xE7, 0x08, 0xFF, 0xFE, 0x30, 0xC3, 0x0C, 0x30, 0xC0, 0x03, 0x03, 0xC0, 0xC0,
    0xFC, 0x7F, 0x98, 0xE6, 0x01, 0xC0, 0x7E, 0x0F, 0xE0, 0x38, 0x06, 0xE1, 0xBF, 0xE7, 0xF0, 0x30,
    0x0C, 0x0C, 0x1C, 0x00, 0x3E, 0x7E, 0x62, 0x70, 0x7E, 0x1E, 0xC7, 0xFF, 0x7E, 0x08, 0x08, 0x07,
    0x83, 0xE0, 0x08, 0x3F, 0x1F, 0xE6, 0x39, 0x80, 0x70, 0x1F, 0x83, 0xF8, 0x0E, 0x01, 0xB8, 0x6F,
    0xF9, 0xFC, 0x0C, 0x00, 0x18, 0x3C, 0x3C, 0x00, 0x3E, 0x7E, 0x62, 0x70, 0x7E, 0x1E, 0xC7, 0xFF,
    0x7E, 0x08, 0x3F, 0x1F, 0xE6, 0x39, 0x80, 0x70, 0x1F, 0x83, 0xF8, 0x0E, 0x01, 0xB8, 0x6F, 0xF9,
    0xFC, 0x1C, 0x06, 0x01, 0x80, 0x3E, 0x7E, 0x62, 0x70, 0x7E, 0x1E, 0xC7, 0xFF, 0x7E, 0x18, 0x38,
    0x10, 0x32, 0x07, 0x80, 0xC0, 0xFC, 0x7F, 0x98, 0xE6, 0x01, 0xC0, 0x7E, 0x0F, 0xE0, 0x38, 0x06,
    0xE1, 0xBF, 0xE7, 0xF0, 0x30, 0x00, 0x3C, 0x3C, 0x00, 0x3E, 0x7E, 0x62, 0x70, 0x7E, 0x1E, 0xC7,
    0xFF, 0x7E, 0x08, 0xFF, 0xFF, 0xF0, 0xC0, 0x30, 0x0C, 0x03, 0x00, 0xC0, 0x30, 0x0C, 0x03, 0x00,
    0xC0, 0x30, 0x0C, 0x06, 0x01, 0x80, 0x30, 0xCF, 0xFF, 0x30, 0xC3, 0x0C, 0x30, 0xF3, 0xC6, 0x30,
    0xC0, 0x13, 0x07, 0x80, 0xC3, 0xFF, 0xFF, 0xC3, 0x00, 0xC0, 0x30, 0x0C, 0x03, 0x00, 0xC0, 0x30,
    0x0C, 0x03, 0x00, 0xC0, 0x0E, 0x1C, 0x19, 0xF3, 0xDF, 0xBF, 0x18, 0x30, 0x60, 0xC1, 0x83, 0xC7,
    0x80, 0xFF, 0xFF, 0xF0, 0xC0, 0x30, 0x0C, 0x07, 0xC1, 0xF0, 0x30, 0x0C, 0x03, 0x00, 0xC0, 0x30,
    0x30, 0xCF, 0xFF, 0x30, 0xC7, 0xDF, 0x30, 0xF3, 0xC0, 0x3F, 0x0F, 0xC2, 0x63, 0x03, 0xC1, 0xF0,
    0x7C, 0x1F, 0x07, 0xC1, 0xF0, 0x7C, 0x1F, 0x87, 0xE1, 0x9F, 0xE3, 0xF0, 0x00, 0x22, 0x7E, 0x7E,
    0x00, 0xC3, 0xC7, 0xC7, 0xC7, 0xC7, 0xC7, 0xC7, 0xFE, 0x7E, 0x10, 0x3F, 0x0F, 0xCC, 0x0F, 0x07,
    0xC1, 0xF0, 0x7C, 0x1F, 0x07, 0xC1, 0xF0, 0x7E, 0x1F, 0x86, 0x7F, 0x8F, 0xC0, 0x00, 0x3C, 0x7E,
    0x3C, 0xC3, 0xC7, 0xC7, 0xC7, 0xC7, 0xC7, 0xC7, 0xFE, 0x7E, 0x10, 0x33, 0x0F, 0xC1, 0xE3, 0x03,
    0xC1, 0xF0, 0x7C, 0x1F, 0x07, 0xC1, 0xF0, 0x7C, 0x1F, 0x87, 0xE1, 0x9F, 0xE3, 0xF0, 0x00, 0x66,
    0x7C, 0x3C, 0xC3, 0xC7, 0xC7, 0xC7, 0xC7, 0xC7, 0xC7, 0xFE, 0x7E, 0x10, 0x1E, 0x07, 0x81, 0xE0,
    0x30, 0xC0, 0xF0, 0x7C, 0x1F, 0x07, 0xC1, 0xF0, 0x7C, 0x1F, 0x07, 0xE1, 0xF8, 0x67, 0xF8, 0xFC,
    0x00, 0x00, 0x3C, 0x3C, 0x3C, 0x18, 0xC3, 0xC7, 0xC7, 0xC7, 0xC7, 0xC7, 0xC7, 0xFE, 0x7E, 0x10,
    0x00, 0x07, 0xE1, 0xB0, 0x48, 0xC0, 0xF0, 0x7C, 0x1F, 0x07, 0xC1, 0xF0, 0x7C, 0x1F, 0x07, 0xE1,
    0xF8, 0x67, 0xF8, 0xFC, 0x00, 0x00, 0x12, 0x3E, 0x3E, 0x20, 0xC3, 0xC7, 0xC7, 0xC7, 0xC7, 0xC7,
    0xC7, 0xFE, 0x7E, 0x10, 0xC0, 0xF0, 0x7C, 0x1F, 0x07, 0xC1, 0xF0, 0x7C, 0x1F, 0x07, 0xE1, 0xF8,
    0x67, 0xF8, 0xFC, 0x0E, 0x03, 0x40, 0xF0, 0x18, 0xC3, 0xC7, 0xC7, 0xC7, 0xC7, 0xC7, 0xC7, 0xFE,
    0x7E, 0x18, 0x1A, 0x1E, 0x0C, 0x01, 0x00, 0x03, 0xC0, 0x07, 0xC0, 0x00, 0x40, 0xC0, 0x03, 0xE0,
    0x07, 0xE1, 0x86, 0x61, 0x86, 0x73, 0xCE, 0x73, 0xCC, 0x37, 0xCC, 0x3E, 0xFC, 0x3E, 0x78, 0x1E,
    0x78, 0x1C, 0x38, 0x1C, 0x30, 0x02, 0x00, 0x38, 0x03, 0xE0, 0x00, 0x0C, 0x03, 0x71, 0x19, 0x9C,
    0xCE, 0xEE, 0x7F, 0x61, 0xFF, 0x0F, 0x78, 0x73, 0x81, 0x8C, 0x00, 0x00, 0x08, 0x07, 0x83, 0xE0,
    0x08, 0xC0, 0xF8, 0x77, 0x39, 0xCC, 0x3F, 0x07, 0x80, 0xC0, 0x30, 0x0C, 0x03, 0x00, 0xC0, 0x30,
    0x18, 0x3C, 0x7C, 0x00, 0xC3, 0xC7, 0xC7, 0xC7, 0xC7, 0xC7, 0xC7, 0xFF, 0x7F, 0x17, 0xFE, 0xFE,
    0x38, 0x36, 0x0F, 0xC1, 0x23, 0x03, 0xE1, 0xDC, 0xE7, 0x30, 0xFC, 0x1E, 0x03, 0x00, 0xC0, 0x30,
    0x0C, 0x03, 0x00, 0xC0, 0x03, 0x00, 0xE0, 0x18, 0x3F, 0xE7, 0xFC, 0x03, 0x80, 0xE0, 0x38, 0x0E,
    0x01, 0xC0, 0x70, 0x1C, 0x07, 0x00, 0xFF, 0xBF, 0xF0, 0x06, 0x0E, 0x1C, 0x08, 0x7F, 0x7F, 0x0E,
    0x1C, 0x1C, 0x38, 0x70, 0xFF, 0xFF, 0x04, 0x01, 0xC0, 0x30, 0x3F, 0xE7, 0xFC, 0x03, 0x80, 0xE0,
    0x38, 0x0E, 0x01, 0xC0, 0x70, 0x1C, 0x07, 0x00, 0xFF, 0xBF, 0xF0, 0x18, 0x18, 0x00, 0x7F, 0x7F,
    0x0E, 0x1C, 0x1C, 0x38, 0x70, 0xFF, 0xFF, 0x1B, 0x03, 0xE0, 0x38, 0x3F, 0xE7, 0xFC, 0x03, 0x80,
    0xE0, 0x38, 0x0E, 0x01, 0xC0, 0x70, 0x1C, 0x07, 0x00, 0xFF, 0xBF, 0xF0, 0x00, 0x3E, 0x3C, 0x00,
    0x7F, 0x7F, 0x0E, 0x1C, 0x1C, 0x38, 0x70, 0xFF, 0xFF, 0x00, 0x40, 0x06, 0x0F, 0xE3, 0xFE, 0x78,
    0xE7, 0x07, 0x60, 0x3E, 0x03, 0xE0, 0x3E, 0x03, 0x60, 0x77, 0x0E, 0x3F, 0xE1, 0xFC, 0x02, 0x00,
    0x00, 0x80, 0x33, 0xFD, 0xFE, 0x71, 0xB8, 0x7E, 0x0F, 0x87, 0x61, 0xDF, 0xE3, 0xF0, 0x10, 0x00,
    0x20, 0x03, 0xC0, 0xFC, 0x1E, 0xC1, 0xCC, 0x1C, 0xC1, 0xCC, 0x1C, 0xC1, 0xCC, 0x1C, 0xE1, 0xCE,
    0x18, 0x7F, 0x83, 0xF0, 0x00, 0x00, 0x00, 0x80, 0x3C, 0x3F, 0x1E, 0xC7, 0x31, 0xCC, 0x73, 0x1C,
    0xC7, 0x3F, 0x87, 0xE0, 0x40, 0x00, 0x03, 0x60, 0x00, 0x0F, 0x80, 0x00, 0x1C, 0x3F, 0xC3, 0xFE,
    0xFF, 0x8F, 0xFB, 0x0F, 0x00, 0xEC, 0x1C, 0x07, 0x30, 0x30, 0x38, 0xC0, 0xE1, 0xC3, 0x03, 0x87,
    0x0C, 0x0C, 0x38, 0x30, 0x31, 0xC0, 0xC1, 0xCE, 0x03, 0xFE, 0x3F, 0xEF, 0xF1, 0xFF, 0x80, 0x00,
    0x00, 0x1F, 0xE0, 0xFB, 0xFE, 0x1E, 0x61, 0xE0, 0x0C, 0x1C, 0xFF, 0x81, 0x9F, 0xF0, 0x38, 0x76,
    0x07, 0x1C, 0xC0, 0xC3, 0x98, 0x18, 0xE3, 0x07, 0x38, 0x7F, 0xCF, 0xEF, 0xF1, 0xFE, 0x00, 0x80,
    0x00, 0x73, 0xE0, 0x1C, 0x70, 0x07, 0x08, 0x3F, 0xDF, 0xDF, 0xF7, 0xF7, 0x3C, 0x1B, 0x87, 0x0E,
    0xE1, 0xC7, 0x38, 0x73, 0x86, 0x1C, 0xC1, 0xFF, 0x7F, 0x3F, 0x9F, 0xC2, 0x00, 0x00, 0xC0, 0x03,
    0x60, 0x01, 0xF0, 0x00, 0xF8, 0x00, 0x7C, 0x00, 0x3E, 0x00, 0x1F, 0x00, 0x0F, 0x80, 0x07, 0xC0,
    0x03, 0xE0, 0x31, 0xBF, 0xDF, 0xDF, 0xE7, 0xC0, 0x00, 0x80, 0xC0, 0x7C, 0x07, 0xC0, 0x0C, 0x06,
    0xC0, 0x7C, 0x07, 0xC0, 0x7C, 0x07, 0xC0, 0x7C, 0x07, 0xFF, 0x7F, 0xF7, 0x00, 0x70, 0x0E, 0x00,
    0xE0, 0x08, 0x41, 0x9B, 0x3E, 0x0C, 0xD9, 0xB3, 0x66, 0xCD, 0x9B, 0x36, 0x6C, 0xC1, 0x87, 0x1E,
    0x10, 0xC0, 0xC0, 0x6E, 0x0C, 0x07, 0xF0, 0xC0, 0x7F, 0x8C, 0x07, 0xF8, 0xC0, 0x7D, 0xCC, 0x07,
    0xCE, 0xC0, 0x7C, 0x7C, 0x07, 0xC7, 0xC0, 0x7C, 0x3C, 0xC6, 0xC1, 0xCF, 0xEC, 0x0C, 0x7C, 0x00,
    0x01, 0x00, 0xC0, 0xCF, 0xC1, 0x9F, 0xC3, 0x07, 0xC6, 0x6F, 0x8C, 0xFB, 0x99, 0xF3, 0xB3, 0xE3,
    0xE7, 0xC7, 0xCF, 0x87, 0x9F, 0x07, 0x3E, 0x06, 0x70, 0x00, 0xE0, 0x03, 0x80, 0x07, 0x00, 0x08,
    0x00, 0x30, 0x03, 0x00, 0x0F, 0xE3, 0xFF, 0x3E, 0x73, 0xC3, 0x3C, 0x33, 0xC3, 0x3C, 0x33, 0xC3,
    0x3C, 0x33, 0x00, 0x30, 0x07, 0x00, 0xF0, 0x04, 0x1B, 0x03, 0xE0, 0x38, 0x06, 0x00, 0xE0, 0x3C,
    0x07, 0xC0, 0xD8, 0x3B, 0x06, 0x71, 0xFE, 0x3F, 0xE7, 0xFD, 0xC1, 0xF0, 0x38, 0x00, 0x00, 0x07,
    0xC1, 0xE0, 0x00, 0x3F, 0x9F, 0xF7, 0x3F, 0x87, 0xE1, 0xF8, 0x76, 0x1D, 0xFF, 0x3F, 0x82, 0x00,
    0x6D, 0xF3, 0x8C, 0x30, 0xC3, 0x0C, 0x30, 0xC3, 0x0C, 0x30, 0xC3, 0x00, 0x03, 0xE7, 0x80, 0x30,
    0xC3, 0x0C, 0x30, 0xC3, 0x0C, 0x30, 0x0D, 0x80, 0xF8, 0x07, 0x00, 0xF8, 0x3F, 0xE7, 0x8E, 0x70,
    0x76, 0x03, 0xE0, 0x3E, 0x03, 0xE0, 0x36, 0x07, 0x70, 0xE3, 0xFE, 0x1F, 0xC0, 0x20, 0x00, 0x07,
    0xC1, 0xE0, 0x00, 0x3F, 0x1F, 0xE7, 0x1B, 0x87, 0xE0, 0xF8, 0x76, 0x1D, 0xFE, 0x3F, 0x01, 0x00,
    0x32, 0x07, 0x80, 0xC3, 0x03, 0xC1, 0xF0, 0x7C, 0x1F, 0x07, 0xC1, 0xF0, 0x7C, 0x1F, 0x87, 0xE1,
    0x9F, 0xE3, 0xF0, 0x00, 0x00, 0x7C, 0x3C, 0x10, 0xC3, 0xC7, 0xC7, 0xC7, 0xC7, 0xC7, 0xC7, 0xFE,
    0x7E, 0x10, 0x0D, 0x81, 0xF0, 0x1C, 0x07, 0xE3, 0xFC, 0x71, 0x9C, 0x03, 0x00, 0xE1, 0xDC, 0x7F,
    0x8F, 0xB8, 0x37, 0x86, 0x7F, 0xC7, 0xF0, 0x10, 0x00, 0x07, 0xC0, 0xE0, 0x10, 0x3F, 0xDF, 0xF7,
    0x1F, 0x87, 0xE1, 0xF8, 0x76, 0x1D, 0xFF, 0x3F, 0xC2, 0x73, 0xF8, 0xFC, 0x0E, 0x00, 0x0F, 0x83,
    0xFE, 0x78, 0xE7, 0x07, 0x60, 0x3E, 0x03, 0xE0, 0x3E, 0x03, 0x60, 0x77, 0x0E, 0x3F, 0xE1, 0xFC,
    0x07, 0x00, 0x78, 0x07, 0x80, 0x30, 0x3F, 0x1F, 0xE7, 0x1B, 0x87, 0xE1, 0xF8, 0x76, 0x1D, 0xFE,
    0x3F, 0x03, 0x00, 0xF0, 0x3C, 0x06, 0x00, 0xFF, 0x00, 0x1F, 0xF0, 0x03, 0x0F, 0x00, 0x60, 0xE7,
    0xFC, 0x0C, 0xFF, 0x81, 0xC3, 0xB0, 0x38, 0xE6, 0x06, 0x1C, 0xC0, 0xC7, 0x18, 0x39, 0xC3, 0xFE,
    0x7F, 0x7F, 0x8F, 0xF0, 0x03, 0x00, 0xE0, 0x18, 0x02, 0x01, 0xE0, 0x36, 0x07, 0x80, 0x70, 0x1E,
    0x03, 0xE0, 0x6C, 0x1D, 0x83, 0x38, 0xFF, 0x1F, 0xF3, 0xFE, 0xE0, 0xF8, 0x1C, 0x00, 0x00, 0x03,
    0x01, 0xC0, 0xE0, 0x78, 0x1E, 0x07, 0x80, 0xC0, 0xFE, 0x7F, 0xDC, 0xFE, 0x1F, 0x87, 0xE1, 0xD8,
    0x77, 0xFC, 0xFE, 0x08, 0x00, 0x00, 0x18, 0x00, 0x70, 0x01, 0xC0, 0x0F, 0xE0, 0x3F, 0xC0, 0x70,
    0x01, 0xE0, 0x07, 0xC0, 0x1D, 0xFC, 0x33, 0xF8, 0xE6, 0x03, 0xFC, 0x07, 0xF8, 0x1C, 0x3F, 0xB0,
    0x7F, 0x00, 0x00, 0x00, 0xC0, 0x03, 0x80, 0x0E, 0x00, 0x08, 0x03, 0xEF, 0x8F, 0xFF, 0xB8, 0xE3,
    0x8F, 0xFF, 0x7F, 0xFE, 0xE7, 0x03, 0x8E, 0x13, 0xFF, 0xE7, 0xEF, 0xC2, 0x04, 0x00, 0x01, 0x80,
    0x38, 0x07, 0x30, 0xFF, 0x3F, 0xE7, 0x8E, 0x71, 0xF6, 0x3B, 0xE7, 0x3E, 0x63, 0xEE, 0x37, 0xC7,
    0x78, 0xE7, 0xFE, 0x7F, 0xC4, 0x20, 0x03, 0x01, 0xC0, 0xE0, 0x12, 0x3F, 0xDF, 0xE7, 0x3B, 0x9F,
    0xEE, 0xFF, 0x77, 0x9D, 0xFE, 0x7F, 0x11, 0x00, 0x00, 0x0F, 0xC1, 0xFC, 0x0C, 0x80, 0xC0, 0x1C,
    0x07, 0x80, 0xF8, 0x1B, 0x07, 0x60, 0xCE, 0x3F, 0xC7, 0xFC, 0xFF, 0xB8, 0x3E, 0x07, 0x00, 0x00,
    0x2C, 0x1F, 0x83, 0xF0, 0x00, 0x3F, 0x9F, 0xF7, 0x3F, 0x87, 0xE1, 0xF8, 0x76, 0x1D, 0xFF, 0x3F,
    0x82, 0x00, 0x00, 0x03, 0xE0, 0x6C, 0x08, 0x80, 0xC0, 0x1C, 0x07, 0x80, 0xF8, 0x1B, 0x07, 0x60,
    0xCE, 0x3F, 0xC7, 0xFC, 0xFF, 0xB8, 0x3E, 0x07, 0x00, 0x00, 0x0C, 0x07, 0xC3, 0x30, 0x00, 0x3F,
    0x9F, 0xF7, 0x3F, 0x87, 0xE1, 0xF8, 0x76, 0x1D, 0xFF, 0x3F, 0x82, 0x00, 0x00, 0xDC, 0xFE, 0x26,
    0xFF, 0xFF, 0xC0, 0xC0, 0xC0, 0xFE, 0xFE, 0xC0, 0xC0, 0xC0, 0xFF, 0xFF, 0x6C, 0x3F, 0x0F, 0x80,
    0x03, 0xE3, 0xF9, 0x8F, 0xFF, 0xFF, 0xF0, 0x18, 0x4F, 0xF3, 0xF0, 0x20, 0x00, 0x3C, 0x7E, 0x00,
    0xFF, 0xFF, 0xC0, 0xC0, 0xC0, 0xFE, 0xFE, 0xC0, 0xC0, 0xC0, 0xFF, 0xFF, 0x0C, 0x1F, 0x0C, 0xC0,
    0x03, 0xE3, 0xF9, 0x8F, 0xFF, 0xFF, 0xF0, 0x18, 0x4F, 0xF3, 0xF0, 0x20, 0x01, 0xFB, 0xF9, 0xB1,
    0x83, 0x06, 0x0C, 0x18, 0x30, 0x60, 0xC1, 0x83, 0x06, 0x0C, 0xD9, 0xF9, 0xF0, 0x01, 0x83, 0x06,
    0x0C, 0x18, 0x30, 0x60, 0xC1, 0x80, 0x01, 0xFF, 0xD0, 0x30, 0xC3, 0x0C, 0x30, 0xC3, 0x0C, 0x30,
    0xC3, 0x0C, 0x33, 0xEC, 0xC0, 0x30, 0xC3, 0x0C, 0x30, 0xC3, 0x0C, 0x30, 0x00, 0x03, 0xF0, 0x3F,
    0x80, 0xC8, 0x0F, 0x83, 0xFE, 0x78, 0xE7, 0x07, 0x60, 0x3E, 0x03, 0xE0, 0x3E, 0x03, 0x60, 0x77,
    0x0E, 0x3F, 0xE1, 0xFC, 0x02, 0x00, 0x24, 0x1F, 0x83, 0xF0, 0x00, 0x3F, 0x1F, 0xE7, 0x1B, 0x87,
    0xE0, 0xF8, 0x76, 0x1D, 0xFE, 0x3F, 0x01, 0x00, 0x00, 0x00, 0xF8, 0x0F, 0x80, 0x88, 0x0F, 0x83,
    0xFE, 0x78, 0xE7, 0x07, 0x60, 0x3E, 0x03, 0xE0, 0x3E, 0x03, 0x60, 0x77, 0x0E, 0x3F, 0xE1, 0xFC,
    0x02, 0x00, 0x0C, 0x07, 0xC3, 0x30, 0x00, 0x3F, 0x1F, 0xE7, 0x1B, 0x87, 0xE0, 0xF8, 0x76, 0x1D,
    0xFE, 0x3F, 0x01, 0x00, 0x00, 0x3B, 0x07, 0xE0, 0xC8, 0xFF, 0x3F, 0xEC, 0x3B, 0x07, 0xC1, 0xB0,
    0xEF, 0xF3, 0xFE, 0xC1, 0xB0, 0x6C, 0x1F, 0x07, 0x00, 0x00, 0x48, 0x7C, 0x7E, 0x00, 0x3F, 0x3F,
    0x38, 0x30, 0x30, 0x30, 0x30, 0x30, 0x30, 0x00, 0x0F, 0x83, 0xE0, 0x88, 0xFF, 0x3F, 0xEC, 0x3B,
    0x07, 0xC1, 0xB0, 0xEF, 0xF3, 0xFE, 0xC1, 0xB0, 0x6C, 0x1F, 0x07, 0x00, 0x00, 0x38, 0xF9, 0xB0,
    0x07, 0xEF, 0xDC, 0x30, 0x60, 0xC1, 0x83, 0x06, 0x00, 0x00, 0x1B, 0x87, 0xF0, 0x48, 0xC0, 0xF0,
    0x7C, 0x1F, 0x07, 0xC1, 0xF0, 0x7C, 0x1F, 0x07, 0xE1, 0xF8, 0x67, 0xF8, 0xFC, 0x00, 0x00, 0xD8,
    0xFC, 0x7C, 0x00, 0xC3, 0xC7, 0xC7, 0xC7, 0xC7, 0xC7, 0xC7, 0xFE, 0x7E, 0x10, 0x00, 0x07, 0x83,
    0xF0, 0x00, 0xC0, 0xF0, 0x7C, 0x1F, 0x07, 0xC1, 0xF0, 0x7C, 0x1F, 0x07, 0xE1, 0xF8, 0x67, 0xF8,
    0xFC, 0x00, 0x00, 0x18, 0x7C, 0x66, 0x00, 0xC3, 0xC7, 0xC7, 0xC7, 0xC7, 0xC7, 0xC7, 0xFE, 0x7E,
    0x10, 0x3F, 0x1F, 0xE6, 0x39, 0x80, 0x70, 0x1F, 0x83, 0xF8, 0x0E, 0x01, 0xB8, 0x6F, 0xF9, 0xFC,
    0x0C, 0x03, 0x00, 0xC0, 0x20, 0x3E, 0x7E, 0x62, 0x70, 0x7E, 0x1E, 0xC7, 0xFF, 0x7E, 0x18, 0x38,
    0x18, 0x38, 0x00, 0xFF, 0xFF, 0xF0, 0xC0, 0x30, 0x0C, 0x03, 0x00, 0xC0, 0x30, 0x0C, 0x03, 0x00,
    0xC0, 0x30, 0x0C, 0x03, 0x80, 0xE0, 0x20, 0x30, 0xCF, 0xFF, 0x30, 0xC3, 0x0C, 0x30, 0xF3, 0xCE,
    0x38, 0x63, 0x80, 0xEE, 0x30, 0x7F, 0x40, 0x31, 0xE7, 0x80, 0x20, 0xFF, 0xF8, 0x00, 0x7C, 0xFC,
    0xE0, 0x4D, 0xF3, 0x80, 0x6C, 0x00, 0x6D, 0xB0, 0x77, 0x32, 0x73, 0xDE, 0xE0, 0x24, 0xF9, 0xF2,
    0x00, 0x01, 0xE7, 0x80, 0xD9, 0xF9, 0xF0, 0x00, 0x38, 0xF9, 0xB0, 0x00, 0x6E, 0xEE, 0x40, 0x26,
    0xEE, 0x00, 0x1D, 0x80, 0x4F, 0xB6, 0xC0, 0x6F, 0x7E, 0x40, 0x26, 0x64, 0x33, 0x3D, 0xF2, 0x00,
    0x01, 0xE7, 0x92, 0x4C, 0xF9, 0xE0, 0x7E, 0xF8, 0x7D, 0xF0, 0x0C, 0x01, 0xC0, 0x78, 0x0F, 0x81,
    0xB0, 0x76, 0x0C, 0xE3, 0xFC, 0x7F, 0xCF, 0xFB, 0x83, 0xE0, 0x70, 0x40, 0x1C, 0x01, 0x00, 0x3F,
    0x9F, 0xF7, 0x3F, 0x87, 0xE1, 0xF8, 0x76, 0x1D, 0xFF, 0x3F, 0x83, 0x00, 0xC0, 0x30, 0x0E, 0x03,
    0xC0, 0x18, 0x02, 0x00, 0xC0, 0x1C, 0x07, 0x80, 0xF8, 0x1B, 0x07, 0x60, 0xCE, 0x3F, 0xC7, 0xFC,
    0xFF, 0xB8, 0x3E, 0x07, 0x00, 0x00, 0x1C, 0x07, 0x80, 0x60, 0x10, 0x3F, 0x9F, 0xF7, 0x3F, 0x87,
    0xE1, 0xF8, 0x76, 0x1D, 0xFF, 0x3F, 0x82, 0x00, 0x00, 0x60, 0x9C, 0x3F, 0x0F, 0x81, 0x10, 0x18,
    0x03, 0x80, 0xF0, 0x1F, 0x03, 0x60, 0xEC, 0x19, 0xC7, 0xF8, 0xFF, 0x9F, 0xF7, 0x07, 0xC0, 0xE0,
    0x00, 0x00, 0xC3, 0x71, 0xF8, 0x7C, 0x00, 0x0F, 0xE7, 0xFD, 0xCF, 0xE1, 0xF8, 0x7E, 0x1D, 0x87,
    0x7F, 0xCF, 0xE0, 0x80, 0x06, 0x00, 0xE0, 0x3E, 0x0F, 0x81, 0x10, 0x18, 0x03, 0x80, 0xF0, 0x1F,
    0x03, 0x60, 0xEC, 0x19, 0xC7, 0xF8, 0xFF, 0x9F, 0xF7, 0x07, 0xC0, 0xE0, 0x00, 0x06, 0x03, 0xC1,
    0xF0, 0xF8, 0x00, 0x0F, 0xE7, 0xFD, 0xCF, 0xE1, 0xF8, 0x7E, 0x1D, 0x87, 0x7F, 0xCF, 0xE0, 0x80,
    0x01, 0x80, 0xF8, 0x3B, 0x0F, 0xC1, 0x10, 0x18, 0x03, 0x80, 0xF0, 0x1F, 0x03, 0x60, 0xEC, 0x19,
    0xC7, 0xF8, 0xFF, 0x9F, 0xF7, 0x07, 0xC0, 0xE0, 0x00, 0x03, 0x83, 0xE1, 0xF8, 0x7C, 0x00, 0x0F,
    0xE7, 0xFD, 0xCF, 0xE1, 0xF8, 0x7E, 0x1D, 0x87, 0x7F, 0xCF, 0xE0, 0x80, 0x1D, 0x87, 0xF0, 0xFC,
    0x0F, 0x81, 0x10, 0x18, 0x03, 0x80, 0xF0, 0x1F, 0x03, 0x60, 0xEC, 0x19, 0xC7, 0xF8, 0xFF, 0x9F,
    0xF7, 0x07, 0xC0, 0xE0, 0x00, 0x01, 0x0F, 0xC3, 0xF0, 0x78, 0x1E, 0x00, 0x03, 0xF9, 0xFF, 0x73,
    0xF8, 0x7E, 0x1F, 0x87, 0x61, 0xDF, 0xF3, 0xF8, 0x20, 0x04, 0x01, 0xC0, 0x7C, 0x08, 0x80, 0xC0,
    0x1C, 0x07, 0x80, 0xF8, 0x1B, 0x07, 0x60, 0xCE, 0x3F, 0xC7, 0xFC, 0xFF, 0xB8, 0x3E, 0x07, 0x04,
    0x01, 0xC0, 0x10, 0x00, 0x0C, 0x07, 0x81, 0xE0, 0x00, 0x3F, 0x9F, 0xF7, 0x3F, 0x87, 0xE1, 0xF8,
    0x76, 0x1D, 0xFF, 0x3F, 0x83, 0x00, 0xC0, 0x30, 0x03, 0x00, 0xE0, 0x18, 0x09, 0x81, 0xF0, 0x1C,
    0x03, 0x00, 0x70, 0x1E, 0x03, 0xE0, 0x6C, 0x1D, 0x83, 0x38, 0xFF, 0x1F, 0xF3, 0xFE, 0xE0, 0xF8,
    0x1C, 0x00, 0x00, 0x03, 0x01, 0xC0, 0x60, 0xDC, 0x1F, 0x07, 0x83, 0xF9, 0xFF, 0x73, 0xF8, 0x7E,
    0x1F, 0x87, 0x61, 0xDF, 0xF3, 0xF8, 0x20, 0x18, 0x03, 0x80, 0x30, 0x09, 0x81, 0xF0, 0x1C, 0x03,
    0x00, 0x70, 0x1E, 0x03, 0xE0, 0x6C, 0x1D, 0x83, 0x38, 0xFF, 0x1F, 0xF3, 0xFE, 0xE0, 0xF8, 0x1C,
    0x00, 0x00, 0x18, 0x07, 0x00, 0xC0, 0xCC, 0x1F, 0x03, 0x83, 0xF9, 0xFF, 0x73, 0xF8, 0x7E, 0x1F,
    0x87, 0x61, 0xDF, 0xF3, 0xF8, 0x20, 0x0E, 0x03, 0xC0, 0x18, 0x02, 0x01, 0x30, 0x3E, 0x03, 0x80,
    0x60, 0x0E, 0x03, 0xC0, 0x7C, 0x0D, 0x83, 0xB0, 0x67, 0x1F, 0xE3, 0xFE, 0x7F, 0xDC, 0x1F, 0x03,
    0x80, 0x00, 0x1C, 0x07, 0x80, 0x60, 0xDC, 0x1F, 0x07, 0x83, 0xF9, 0xFF, 0x73, 0xF8, 0x7E, 0x1F,
    0x87, 0x61, 0xDF, 0xF3, 0xF8, 0x20, 0x1D, 0x87, 0xF0, 0xCC, 0x09, 0x81, 0xF0, 0x1C, 0x03, 0x00,
    0x70, 0x1E, 0x03, 0xE0, 0x6C, 0x1D, 0x83, 0x38, 0xFF, 0x1F, 0xF3, 0xFE, 0xE0, 0xF8, 0x1C, 0x00,
    0x00, 0x11, 0x0F, 0xC3, 0xF0, 0x00, 0x33, 0x0F, 0x81, 0xE0, 0xFE, 0x7F, 0xDC, 0xFE, 0x1F, 0x87,
    0xE1, 0xD8, 0x77, 0xFC, 0xFE, 0x08, 0x00, 0x13, 0x03, 0xE0, 0x38, 0x06, 0x00, 0xE0, 0x3C, 0x07,
    0xC0, 0xD8, 0x3B, 0x06, 0x71, 0xFE, 0x3F, 0xE7, 0xFD, 0xC1, 0xF0, 0x38, 0x20, 0x0E, 0x00, 0x80,
    0x33, 0x0F, 0xC1, 0xE0, 0xFE, 0x7F, 0xDC, 0xFE, 0x1F, 0x87, 0xE1, 0xD8, 0x77, 0xFC, 0xFE, 0x0C,
    0x03, 0x00, 0xC0, 0xFF, 0xFF, 0xC0, 0xC0, 0xC0, 0xFE, 0xFE, 0xC0, 0xC0, 0xC0, 0xFF, 0xFF, 0x18,
    0x18, 0x18, 0x3E, 0x3F, 0x98, 0xFF, 0xFF, 0xFF, 0x01, 0x84, 0xFF, 0x3F, 0x06, 0x03, 0x01, 0x80,
    0x18, 0x3C, 0x0C, 0x08, 0xFF, 0xFF, 0xC0, 0xC0, 0xC0, 0xFE, 0xFE, 0xC0, 0xC0, 0xC0, 0xFF, 0xFF,
    0x1C, 0x0F, 0x03, 0x01, 0x83, 0xE3, 0xF9, 0x8F, 0xFF, 0xFF, 0xF0, 0x18, 0x4F, 0xF3, 0xF0, 0x20,
    0x7A, 0x7E, 0x6E, 0xFF, 0xFF, 0xC0, 0xC0, 0xC0, 0xFE, 0xFE, 0xC0, 0xC0, 0xC0, 0xFF, 0xFF, 0x11,
    0x1F, 0x8F, 0xC0, 0x03, 0xE3, 0xF9, 0x8F, 0xFF, 0xFF, 0xF0, 0x18, 0x4F, 0xF3, 0xF0, 0x20, 0x08,
    0xCF, 0x73, 0xF8, 0x80, 0xFF, 0x3F, 0xCC, 0x03, 0x00, 0xC0, 0x3F, 0x8F, 0xE3, 0x00, 0xC0, 0x30,
    0x0F, 0xF3, 0xFC, 0x01, 0x83, 0x61, 0xF8, 0xF8, 0x00, 0x0F, 0x87, 0xF1, 0x8E, 0xFF, 0xBF, 0xEE,
    0x01, 0x84, 0x7F, 0x8F, 0xC0, 0x40, 0x0C, 0x0E, 0x3E, 0x3E, 0x20, 0xFF, 0xFF, 0xC0, 0xC0, 0xC0,
    0xFE, 0xFE, 0xC0, 0xC0, 0xC0, 0xFF, 0xFF, 0x0E, 0x07, 0x87, 0xC7, 0xC0, 0x01, 0xF1, 0xFC, 0xC7,
    0xFF, 0xFF, 0xF8, 0x0C, 0x27, 0xF9, 0xF8, 0x10, 0x18, 0x3C, 0x0C, 0x08, 0x08, 0x3C, 0x3E, 0x20,
    0xFF, 0xFF, 0xC0, 0xC0, 0xC0, 0xFE, 0xFE, 0xC0, 0xC0, 0xC0, 0xFF, 0xFF, 0x03, 0x87, 0xC7, 0xE7,
    0xE0, 0x01, 0xF1, 0xFC, 0xC7, 0xFF, 0xFF, 0xF8, 0x0C, 0x27, 0xF9, 0xF8, 0x10, 0x7A, 0x7E, 0x6E,
    0x3C, 0x3E, 0x20, 0xFF, 0xFF, 0xC0, 0xC0, 0xC0, 0xFE, 0xFE, 0xC0, 0xC0, 0xC0, 0xFF, 0xFF, 0x11,
    0x1F, 0x8F, 0xC3, 0xC3, 0xE0, 0x00, 0xF8, 0xFE, 0x63, 0xFF, 0xFF, 0xFC, 0x06, 0x13, 0xFC, 0xFC,
    0x08, 0x08, 0x3C, 0x3E, 0x20, 0xFF, 0xFF, 0xC0, 0xC0, 0xC0, 0xFE, 0xFE, 0xC0, 0xC0, 0xC0, 0xFF,
    0xFF, 0x18, 0x18, 0x18, 0x0C, 0x0F, 0x0F, 0x80, 0x03, 0xE3, 0xF9, 0x8F, 0xFF, 0xFF, 0xF0, 0x18,
    0x4F, 0xF3, 0xF0, 0x60, 0x30, 0x18, 0x7F, 0x32, 0x66, 0x66, 0x66, 0x66, 0x66, 0x66, 0xEF, 0x66,
    0x66, 0x66, 0x66, 0x66, 0x60, 0xDB, 0x6D, 0xB6, 0xDB, 0x6D, 0xF0, 0x6C, 0x36, 0xDB, 0x6D, 0xB0,
    0xD8, 0x0F, 0x83, 0xFE, 0x78, 0xE7, 0x07, 0x60, 0x3E, 0x03, 0xE0, 0x3E, 0x03, 0x60, 0x77, 0x0E,
    0x3F, 0xE1, 0xFC, 0x06, 0x00, 0x70, 0x06, 0x00, 0x3F, 0x1F, 0xE7, 0x1B, 0x87, 0xE0, 0xF8, 0x76,
    0x1D, 0xFE, 0x3F, 0x03, 0x00, 0xC0, 0x30, 0x07, 0x00, 0xF0, 0x03, 0x00, 0x20, 0x0F, 0x83, 0xFE,
    0x78, 0xE7, 0x07, 0x60, 0x3E, 0x03, 0xE0, 0x3E, 0x03, 0x60, 0x77, 0x0E, 0x3F, 0xE1, 0xFC, 0x02,
    0x00, 0x1C, 0x07, 0x80, 0x60, 0x10, 0x3F, 0x1F, 0xE7, 0x1B, 0x87, 0xE0, 0xF8, 0x76, 0x1D, 0xFE,
    0x3F, 0x01, 0x00, 0x00, 0x30, 0x27, 0x07, 0xE0, 0xF8, 0x08, 0x80, 0xF8, 0x3F, 0xE7, 0x8E, 0x70,
    0x76, 0x03, 0xE0, 0x3E, 0x03, 0xE0, 0x36, 0x07, 0x70, 0xE3, 0xFE, 0x1F, 0xC0, 0x20, 0x00, 0xC3,
    0x71, 0xF8, 0x7C, 0x00, 0x0F, 0xC7, 0xF9, 0xC6, 0xE1, 0xF8, 0x3E, 0x1D, 0x87, 0x7F, 0x8F, 0xC0,
    0x40, 0x03, 0x00, 0x38, 0x07, 0xC0, 0xF8, 0x08, 0x80, 0xF8, 0x3F, 0xE7, 0x8E, 0x70, 0x76, 0x03,
    0xE0, 0x3E, 0x03, 0xE0, 0x36, 0x07, 0x70, 0xE3, 0xFE, 0x1F, 0xC0, 0x20, 0x06, 0x01, 0xC0, 0xF0,
    0x78, 0x1E, 0x00, 0x03, 0xF1, 0xFE, 0x71, 0xB8, 0x7E, 0x0F, 0x87, 0x61, 0xDF, 0xE3, 0xF0, 0x10,
    0x01, 0xC0, 0x3E, 0x07, 0xC0, 0xFC, 0x00, 0x00, 0xF8, 0x3F, 0xE7, 0x8E, 0x70, 0x76, 0x03, 0xE0,
    0x3E, 0x03, 0xE0, 0x36, 0x07, 0x70, 0xE3, 0xFE, 0x1F, 0xC0, 0x20, 0x03, 0x83, 0xE1, 0xF8, 0x7E,
    0x00, 0x0F, 0xC7, 0xF9, 0xC6, 0xE1, 0xF8, 0x3E, 0x1D, 0x87, 0x7F, 0x8F, 0xC0, 0x40, 0x0E, 0xC1,
    0xFC, 0x1F, 0x80, 0xF8, 0x08, 0x80, 0xF8, 0x3F, 0xE7, 0x8E, 0x70, 0x76, 0x03, 0xE0, 0x3E, 0x03,
    0xE0, 0x36, 0x07, 0x70, 0xE3, 0xFE, 0x1F, 0xC0, 0x20, 0x01, 0x0F, 0xC3, 0xF0, 0x78, 0x1F, 0x00,
    0x03, 0xF1, 0xFE, 0x71, 0xB8, 0x7E, 0x0F, 0x87, 0x61, 0xDF, 0xE3, 0xF0, 0x10, 0x02, 0x00, 0x70,
    0x0F, 0x80, 0x88, 0x0F, 0x83, 0xFE, 0x78, 0xE7, 0x07, 0x60, 0x3E, 0x03, 0xE0, 0x3E, 0x03, 0x60,
    0x77, 0x0E, 0x3F, 0xE1, 0xFC, 0x06, 0x00, 0x70, 0x06, 0x00, 0x04, 0x07, 0x81, 0xF0, 0x00, 0x3F,
    0x1F, 0xE7, 0x1B, 0x87, 0xE0, 0xF8, 0x76, 0x1D, 0xFE, 0x3F, 0x03, 0x00, 0xC0, 0x30, 0x01, 0x80,
    0x3C, 0x03, 0x60, 0xFE, 0x3F, 0xE7, 0x8E, 0x70, 0x76, 0x03, 0xE0, 0x3E, 0x03, 0xE0, 0x36, 0x07,
    0x70, 0xE3, 0xFE, 0x1F, 0xC0, 0x20, 0x06, 0x01, 0x80, 0xE8, 0x03, 0x3F, 0xDF, 0xE7, 0x1B, 0x87,
    0xE0, 0xF8, 0x76, 0x1D, 0xFE, 0x3F, 0x01, 0x00, 0x0C, 0x00, 0xE4, 0x06, 0x60, 0xFE, 0x3F, 0xE7,
    0x8E, 0x70, 0x76, 0x03, 0xE0, 0x3E, 0x03, 0xE0, 0x36, 0x07, 0x70, 0xE3, 0xFE, 0x1F, 0xC0, 0x20,
    0x38, 0x07, 0x20, 0xCC, 0xFF, 0x7F, 0x9C, 0x6E, 0x1F, 0x83, 0xE1, 0xD8, 0x77, 0xF8, 0xFC, 0x04,
    0x00, 0x07, 0x00, 0xF0, 0x03, 0x40, 0x26, 0x0F, 0xE3, 0xFE, 0x78, 0xE7, 0x07, 0x60, 0x3E, 0x03,
    0xE0, 0x3E, 0x03, 0x60, 0x77, 0x0E, 0x3F, 0xE1, 0xFC, 0x02, 0x00, 0x1C, 0x07, 0x80, 0x48, 0x33,
    0x3F, 0xDF, 0xE7, 0x1B, 0x87, 0xE0, 0xF8, 0x76, 0x1D, 0xFE, 0x3F, 0x01, 0x00, 0x1F, 0x81, 0xFC,
    0x1B, 0xE0, 0xFE, 0x3F, 0xE7, 0x8E, 0x70, 0x76, 0x03, 0xE0, 0x3E, 0x03, 0xE0, 0x36, 0x07, 0x70,
    0xE3, 0xFE, 0x1F, 0xC0, 0x20, 0x11, 0x0F, 0xC3, 0xF8, 0x03, 0x3F, 0xDF, 0xE7, 0x1B, 0x87, 0xE0,
    0xF8, 0x76, 0x1D, 0xFE, 0x3F, 0x01, 0x00, 0x00, 0x40, 0x06, 0x0F, 0xE3, 0xFE, 0x78, 0xE7, 0x07,
    0x60, 0x3E, 0x03, 0xE0, 0x3E, 0x03, 0x60, 0x77, 0x0E, 0x3F, 0xE1, 0xFC, 0x06, 0x00, 0x70, 0x06,
    0x00, 0x00, 0x80, 0x33, 0xFD, 0xFE, 0x71, 0xB8, 0x7E, 0x0F, 0x87, 0x61, 0xDF, 0xE3, 0xF0, 0x30,
    0x0C, 0x03, 0x00, 0xC0, 0xF0, 0x7C, 0x1F, 0x07, 0xC1, 0xF0, 0x7C, 0x1F, 0x07, 0xE1, 0xF8, 0x67,
    0xF8, 0xFC, 0x0C, 0x03, 0x00, 0xC0, 0xC3, 0xC7, 0xC7, 0xC7, 0xC7, 0xC7, 0xC7, 0xFE, 0x7E, 0x18,
    0x18, 0x18, 0x1C, 0x07, 0x80, 0xC0, 0x30, 0xC0, 0xF0, 0x7C, 0x1F, 0x07, 0xC1, 0xF0, 0x7C, 0x1F,
    0x07, 0xE1, 0xF8, 0x67, 0xF8, 0xFC, 0x00, 0x00, 0x38, 0x3C, 0x18, 0x18, 0xC3, 0xC7, 0xC7, 0xC7,
    0xC7, 0xC7, 0xC7, 0xFE, 0x7E, 0x10, 0x03, 0x00, 0x72, 0x0E, 0x3C, 0x0F, 0xC1, 0xEC, 0x1C, 0xC1,
    0xCC, 0x1C, 0xC1, 0xCC, 0x1C, 0xC1, 0xCE, 0x1C, 0xE1, 0x87, 0xF8, 0x3F, 0x00, 0x00, 0x0C, 0x03,
    0x01, 0xC8, 0x03, 0xC3, 0xF1, 0xEC, 0x73, 0x1C, 0xC7, 0x31, 0xCC, 0x73, 0xF8, 0x7E, 0x04, 0x00,
    0x30, 0x03, 0x82, 0x0C, 0x3C, 0x0F, 0xC1, 0xEC, 0x1C, 0xC1, 0xCC, 0x1C, 0xC1, 0xCC, 0x1C, 0xC1,
    0xCE, 0x1C, 0xE1, 0x87, 0xF8, 0x3F, 0x00, 0x00, 0x70, 0x0E, 0x21, 0x8F, 0x0F, 0xC7, 0xB1, 0xCC,
    0x73, 0x1C, 0xC7, 0x31, 0xCF, 0xE1, 0xF8, 0x10, 0x00, 0x1C, 0x01, 0xE0, 0x06, 0x20, 0xC3, 0xC0,
    0xFC, 0x1E, 0xC1, 0xCC, 0x1C, 0xC1, 0xCC, 0x1C, 0xC1, 0xCC, 0x1C, 0xE1, 0xCE, 0x18, 0x7F, 0x83,
    0xF0, 0x00, 0x00, 0x38, 0x0F, 0x00, 0x88, 0x63, 0xC3, 0xF1, 0xEC, 0x73, 0x1C, 0xC7, 0x31, 0xCC,
    0x73, 0xF8, 0x7E, 0x04, 0x00, 0x3F, 0x03, 0xF2, 0x26, 0x3C, 0x0F, 0xC1, 0xEC, 0x1C, 0xC1, 0xCC,
    0x1C, 0xC1, 0xCC, 0x1C, 0xC1, 0xCE, 0x1C, 0xE1, 0x87, 0xF8, 0x3F, 0x00, 0x00, 0x22, 0x1F, 0x87,
    0xE8, 0x03, 0xC3, 0xF1, 0xEC, 0x73, 0x1C, 0xC7, 0x31, 0xCC, 0x73, 0xF8, 0x7E, 0x04, 0x00, 0x00,
    0x20, 0x03, 0xC0, 0xFC, 0x1E, 0xC1, 0xCC, 0x1C, 0xC1, 0xCC, 0x1C, 0xC1, 0xCC, 0x1C, 0xE1, 0xCE,
    0x18, 0x7F, 0x83, 0xF0, 0x0C, 0x00, 0xC0, 0x0C, 0x00, 0x00, 0x80, 0x3C, 0x3F, 0x1E, 0xC7, 0x31,
    0xCC, 0x73, 0x1C, 0xC7, 0x3F, 0x87, 0xE0, 0x60, 0x18, 0x06, 0x00, 0x30, 0x0E, 0x01, 0xC3, 0x03,
    0xE1, 0xDC, 0xE7, 0x30, 0xFC, 0x1E, 0x03, 0x00, 0xC0, 0x30, 0x0C, 0x03, 0x00, 0xC0, 0x70, 0x78,
    0x18, 0xC3, 0xC7, 0xC7, 0xC7, 0xC7, 0xC7, 0xC7, 0xFF, 0x7F, 0x17, 0xFE, 0xFE, 0x38, 0xC0, 0xF8,
    0x77, 0x39, 0xCC, 0x3F, 0x07, 0x80, 0xC0, 0x30, 0x0C, 0x03, 0x00, 0xC0, 0x30, 0x0C, 0x03, 0x00,
    0xC0, 0xC3, 0x31, 0xCC, 0x73, 0x1C, 0xC7, 0x31, 0xCC, 0x73, 0xFC, 0x7F, 0x05, 0xCF, 0xFF, 0xFE,
    0x38, 0x00, 0x1C, 0x07, 0x80, 0xC0, 0x30, 0xC0, 0xF8, 0x77, 0x39, 0xCC, 0x3F, 0x07, 0x80, 0xC0,
    0x30, 0x0C, 0x03, 0x00, 0xC0, 0x30, 0x38, 0x3C, 0x18, 0x18, 0xC3, 0xC7, 0xC7, 0xC7, 0xC7, 0xC7,
    0xC7, 0xFF, 0x7F, 0x17, 0xFE, 0xFE, 0x38, 0x3B, 0x0F, 0xC2, 0x63, 0x03, 0xE1, 0xDC, 0xE7, 0x30,
    0xFC, 0x1E, 0x03, 0x00, 0xC0, 0x30, 0x0C, 0x03, 0x00, 0xC0, 0x22, 0x7E, 0x7E, 0x00, 0xC3, 0xC7,
    0xC7, 0xC7, 0xC7, 0xC7, 0xC7, 0xFF, 0x7F, 0x17, 0xFE, 0xFE, 0x38, 0x7D, 0xF0, 0x7F, 0x7F, 0x7F,
    0x7F, 0x7F, 0xFD, 0xFF, 0xF0, 0x7F, 0xFD, 0xFF, 0xF0, 0x6E, 0xEE, 0x00, 0xEF, 0x6E, 0x00, 0x6F,
    0x76, 0x40, 0x6D, 0xDB, 0xFF, 0x70, 0x00, 0xED, 0xFD, 0xBF, 0x60, 0x00, 0x6D, 0xFD, 0xDB, 0x64,
    0x80, 0x00, 0x30, 0xE3, 0xF7, 0xE7, 0x0E, 0x1C, 0x38, 0x20, 0x00, 0xE3, 0xBF, 0x7D, 0xF7, 0xCE,
    0x38, 0xC0, 0x01, 0xEF, 0xBF, 0x78, 0xC0, 0x00, 0x1B, 0x66, 0xD8, 0x78, 0x60, 0x0F, 0x9C, 0x03,
    0xB3, 0x00, 0x66, 0xE0, 0x0E, 0xF8, 0x00, 0xFE, 0x41, 0x0F, 0xFC, 0xF0, 0x77, 0xFF, 0x0D, 0x9E,
    0x63, 0xB3, 0xCC, 0xE3, 0xFF, 0x98, 0x79, 0xE0, 0x00, 0x00, 0x6E, 0xDB, 0xB6, 0x6C, 0xC0, 0x00,
    0x37, 0x6E, 0xE7, 0x30, 0xCE, 0x73, 0x76, 0xC0, 0x01, 0x81, 0xC0, 0xC0, 0xE0, 0xE0, 0x60, 0x70,
    0x70, 0x30, 0x38, 0x38, 0x18, 0x00, 0x00, 0x01, 0xEF, 0xF3, 0xCF, 0xF7, 0x80, 0x18, 0xE7, 0xBF,
    0xFC, 0x60, 0x00, 0x79, 0xE7, 0x9E, 0x59, 0xE2, 0x00, 0x03, 0xDD, 0xFF, 0xED, 0xE4, 0xFB, 0xC6,
    0x63, 0x30, 0x00, 0x79, 0xE7, 0x9E, 0xFD, 0xE0, 0x00, 0x01, 0xEF, 0xBE, 0x78, 0xE7, 0x18, 0x01,
    0xEF, 0xF3, 0xCF, 0xF7, 0x80, 0x7F, 0x73, 0x33, 0x00, 0x03, 0xDE, 0x33, 0xB9, 0xE0, 0x7B, 0xDE,
    0xF5, 0xBC, 0x80, 0x18, 0xE7, 0xBF, 0xFC, 0x60, 0x00, 0x79, 0xE7, 0x9E, 0x59, 0xE2, 0x00, 0x03,
    0xDD, 0xFF, 0xED, 0xE4, 0xFB, 0xC6, 0x63, 0x30, 0x00, 0x79, 0xE7, 0x9E, 0xFD, 0xE0, 0x00, 0x01,
    0xEF, 0xBE, 0x78, 0xE7, 0x18, 0x01, 0x80, 0x1B, 0x0F, 0xF3, 0xFE, 0x7F, 0xE7, 0x6C, 0x6F, 0xCE,
    0xD8, 0xFF, 0x8F, 0xB0, 0x7F, 0x07, 0x60, 0x7F, 0xC7, 0xFC, 0xFE, 0x0D, 0x80, 0x00, 0x00, 0x7F,
    0xBF, 0xD8, 0x0C, 0x06, 0x03, 0xF9, 0xFC, 0xC0, 0xF8, 0x7C, 0x18, 0x0C, 0x00, 0x1F, 0x07, 0xF0,
    0xC6, 0x38, 0x07, 0x01, 0xFE, 0x3F, 0x87, 0xF8, 0xFF, 0x07, 0x03, 0xFF, 0x7F, 0xE0, 0x38, 0x30,
    0x30, 0xE0, 0xC3, 0xC3, 0x0F, 0x8C, 0x3E, 0x31, 0xFF, 0xF7, 0xFF, 0xCC, 0x7C, 0x31, 0xF0, 0xC3,
    0xC3, 0x07, 0x0C, 0x0C, 0x3F, 0x83, 0xFC, 0x30, 0xC7, 0xFF, 0x7F, 0xF3, 0x1C, 0x3F, 0xC3, 0xF8,
    0x30, 0x03, 0x00, 0x30, 0x03, 0x00, 0xC0, 0x03, 0xE0, 0x07, 0xE1, 0x86, 0x61, 0x86, 0x73, 0xCE,
    0xFF, 0xFF, 0xFF, 0xFF, 0x3E, 0xFC, 0x3E, 0x78, 0x1E, 0x78, 0x1C, 0x38, 0x1C, 0x30, 0x06, 0x0E,
    0x1F, 0x3E, 0x7E, 0xEE, 0xE6, 0xEE, 0x7E, 0x34, 0x7E, 0xFE, 0x0F, 0xC3, 0xF8, 0xF3, 0x18, 0x0F,
    0xE1, 0xFC, 0x3F, 0x87, 0xF0, 0xFE, 0x07, 0x00, 0x7F, 0x07, 0xE0, 0x30, 0x30, 0x63, 0x0F, 0x31,
    0xE3, 0x3C, 0x37, 0x87, 0xFE, 0x7F, 0xE3, 0xB8, 0x39, 0xC3, 0x0E, 0x30, 0xF3, 0x07, 0x00, 0x00,
    0x3F, 0x83, 0xFC, 0x7F, 0xF7, 0xFF, 0x7F, 0xF7, 0xFF, 0x3F, 0xC3, 0xF8, 0x30, 0x03, 0x00, 0x30,
    0x03, 0x00, 0x02, 0x00, 0xC0, 0x3F, 0x1F, 0xE3, 0xEC, 0xEC, 0x19, 0x87, 0x3E, 0xE7, 0xFC, 0xFD,
    0xD9, 0xBF, 0x33, 0xFE, 0x3F, 0x81, 0x80, 0x30, 0x06, 0x00, 0x06, 0x00, 0xC0, 0x3E, 0x1F, 0xE7,
    0xEC, 0xEC, 0x19, 0x87, 0x30, 0xE6, 0x1C, 0xC1, 0x98, 0x3B, 0x03, 0xFC, 0x3F, 0x81, 0x80, 0x30,
    0x00, 0x00, 0x7F, 0xFF, 0xC3, 0x9F, 0xF7, 0xF8, 0x73, 0xF0, 0xFC, 0x06, 0x03, 0x01, 0xC0, 0xE0,
    0x30, 0x0E, 0x03, 0xE0, 0xF8, 0x7A, 0x3F, 0xC7, 0xE1, 0xE0, 0x79, 0xCE, 0xF3, 0xF8, 0xFC, 0x18,
    0x00, 0x0C, 0x03, 0x01, 0xE1, 0xFE, 0x7F, 0xBB, 0x7C, 0xDF, 0x37, 0xCD, 0xF3, 0x7C, 0x1F, 0x07,
    0xC1, 0xF0, 0x70, 0x00, 0x7F, 0x1F, 0xE6, 0x19, 0x87, 0x61, 0xD8, 0xEF, 0xFB, 0xFC, 0xF8, 0x3E,
    0x06, 0x01, 0x80, 0x18, 0x07, 0x81, 0xF0, 0x0C, 0x3F, 0x9F, 0xE7, 0x3B, 0x87, 0xE1, 0xF8, 0x66,
    0x19, 0xFE, 0x3F, 0x00, 0x00, 0x1E, 0xCF, 0xF7, 0x39, 0x9F, 0xEE, 0xDF, 0x77, 0x9D, 0xFE, 0xFF,
    0x11, 0x00, 0x06, 0x00, 0x60, 0x0F, 0x00, 0xF0, 0x1F, 0x81, 0x98, 0x39, 0xC3, 0x0C, 0x70, 0xC6,
    0x06, 0x7F, 0xEF, 0xFF, 0xFF, 0xFF, 0xFF, 0x30, 0xC3, 0x0C, 0x30, 0xC3, 0x0C, 0x30, 0xC3, 0x0C,
    0x30, 0xC3, 0x0C, 0x30, 0xC3, 0x0C, 0x30, 0xC3, 0x0C, 0x30, 0xC3, 0x08, 0x7F, 0x7F, 0x9F, 0x8E,
    0x03, 0x80, 0xE0, 0x38, 0x38, 0x38, 0x38, 0x3F, 0xDF, 0xE0, 0x7F, 0xBF, 0xDF, 0xE0, 0x00, 0x80,
    0xC0, 0xE0, 0x60, 0x70, 0x30, 0x38, 0x18, 0x1C, 0x0C, 0x0E, 0x06, 0x07, 0x03, 0x03, 0x81, 0x80,
    0x00, 0x00, 0x6F, 0x60, 0x00, 0x60, 0x0C, 0x03, 0x80, 0x60, 0x0C, 0xE3, 0x3E, 0x62, 0xDC, 0x1F,
    0x01, 0xE0, 0x3C, 0x03, 0x00, 0x18, 0x31, 0xF3, 0xE7, 0xFF, 0xF9, 0xE3, 0xE7, 0x8D, 0xFF, 0xF7,
    0xCF, 0x84, 0x0C, 0x03, 0x81, 0xF0, 0xF8, 0x38, 0x0C, 0x03, 0x00, 0xC0, 0x70, 0x1C, 0x07, 0x01,
    0xC0, 0x60, 0x18, 0x3E, 0x0F, 0x01, 0x00, 0x71, 0xBF, 0xDF, 0xEC, 0x67, 0xDF, 0xFD, 0x1C, 0x03,
    0x03, 0x1F, 0xEF, 0xF0, 0xC3, 0xFD, 0xFE, 0x60, 0x30, 0x00, 0x07, 0x1F, 0xBF, 0x1F, 0x07, 0xE0,
    0x78, 0x05, 0xFF, 0xFF, 0x80, 0x00, 0x1E, 0x07, 0xE0, 0x3E, 0x07, 0xCF, 0xC7, 0x80, 0x80, 0x7F,
    0xDF, 0xE0, 0x0C, 0x07, 0xB3, 0xCC, 0xC0, 0xFC, 0xFF, 0xB3, 0x0C, 0xC3, 0x30, 0xCC, 0x33, 0x0C,
    0xC3, 0x30, 0xC0, 0x0C, 0xC7, 0xB3, 0xCC, 0xC3, 0xFC, 0xFF, 0xB3, 0x0C, 0xC3, 0x30, 0xCC, 0x33,
    0x0C, 0xC3, 0x30, 0xC0,
};

static const EpdGlyph quicksand_sb_8_regularGlyphs[] = {
    { 0, 0, 74, 0, 0, 0, 0 }, // U+000D
    { 0, 0, 74, 0, 0, 0, 0 }, // U+0020
    { 2, 12, 64, 1, 12, 3, 0 }, // !
    { 7, 6, 110, 0, 12, 6, 3 }, // "
    { 11, 12, 181, 0, 12, 17, 9 }, // #
    { 10, 17, 156, 0, 14, 22, 26 }, // $
    { 13, 13, 214, 0, 12, 22, 48 }, // %
    { 12, 13, 186, 0, 12, 20, 70 }, // &
    { 3, 6, 55, 0, 12, 3, 90 }, // '
    { 6, 16, 97, 0, 12, 12, 93 }, // (
    { 6, 16, 97, 0, 12, 12, 105 }, // )
    { 6, 6, 92, 0, 12, 5, 117 }, // *
    { 10, 9, 153, 0, 10, 12, 122 }, // +
    { 4, 5, 66, 0, 2, 3, 134 }, // ,
    { 6, 2, 105, 0, 6, 2, 137 }, // -
    { 3, 3, 60, 0, 3, 2, 139 }, // .
    { 9, 17, 148, 0, 14, 20, 141 }, // /
    { 10, 13, 162, 0, 12, 17, 161 }, // 0
    { 5, 12, 102, 0, 12, 8, 178 }, // 1
    { 9, 12, 150, 0, 12, 14, 186 }, // 2
    { 9, 13, 142, 0, 12, 15, 200 }, // 3
    { 10, 12, 152, 0, 12, 15, 215 }, // 4
    { 8, 13, 151, 1, 12, 13, 230 }, // 5
    { 9, 13, 146, 0, 12, 15, 243 }, // 6
    { 9, 13, 143, 0, 12, 15, 258 }, // 7
    { 9, 13, 145, 0, 12, 15, 273 }, // 8
    { 9, 13, 151, 0, 12, 15, 288 }, // 9
    { 2, 9, 65, 1, 9, 3, 303 }, // :
    { 4, 12, 70, 0, 9, 6, 306 }, // ;
    { 8, 9, 140, 0, 10, 9, 312 }, // <
    { 9, 5, 156, 0, 8, 6, 321 }, // =
    { 9, 9, 141, 0, 10, 11, 327 }, // >
    { 8, 13, 137, 0, 13, 13, 338 }, // ?
    { 16, 15, 258, 0, 12, 30, 351 }, // @
    { 11, 13, 171, 0, 12, 18, 381 }, // A
    { 10, 12, 174, 1, 12, 15, 399 }, // B
    { 11, 13, 170, 0, 12, 18, 414 }, // C
    { 11, 12, 191, 1, 12, 17, 432 }, // D
    { 8, 12, 152, 1, 12, 12, 449 }, // E
    { 8, 12, 150, 1, 12, 12, 461 }, // F
    { 11, 13, 186, 0, 12, 18, 473 }, // G
    { 10, 12, 192, 1, 12, 15, 491 }, // H
    { 3, 12, 71, 1, 12, 5, 506 }, // I
    { 8, 13, 149, 0, 12, 13, 511 }, // J
    { 10, 13, 177, 1, 12, 17, 524 }, // K
    { 8, 12, 147, 1, 12, 12, 541 }, // L
    { 12, 12, 219, 1, 12, 18, 553 }, // M
    { 10, 12, 196, 1, 12, 15, 571 }, // N
    { 12, 13, 203, 0, 12, 20, 586 }, // O
    { 9, 12, 160, 1, 12, 14, 606 }, // P
    { 14, 16, 203, 0, 12, 28, 620 }, // Q
    { 10, 13, 182, 1, 12, 17, 648 }, // R
    { 10, 13, 156, 0, 12, 17, 665 }, // S
    { 10, 12, 165, 0, 12, 15, 682 }, // T
    { 10, 13, 189, 1, 12, 17, 697 }, // U
    { 11, 12, 180, 0, 12, 17, 714 }, // V
    { 16, 12, 254, 0, 12, 24, 731 }, // W
    { 10, 13, 170, 0, 12, 17, 755 }, // X
    { 10, 12, 156, 0, 12, 15, 772 }, // Y
    { 11, 12, 173, 0, 12, 17, 787 }, // Z
    { 6, 16, 108, 1, 12, 12, 804 }, // [
    { 9, 17, 148, 0, 14, 20, 816 }, // <backslash>
    { 6, 16, 108, 0, 12, 12, 836 }, // ]
    { 9, 8, 156, 0, 13, 9, 848 }, // ^
    { 11, 2, 185, 0, -1, 3, 857 }, // _
    { 4, 3, 66, 0, 12, 2, 860 }, // `
    { 10, 10, 166, 0, 9, 13, 862 }, // a
    { 9, 14, 166, 1, 13, 16, 875 }, // b
    { 9, 10, 138, 0, 9, 12, 891 }, // c
    { 10, 14, 166, 0, 13, 18, 903 }, // d
    { 9, 10, 155, 0, 9, 12, 921 }, // e
    { 7, 13, 110, 0, 13, 12, 933 }, // f
    { 10, 13, 169, 0, 9, 17, 945 }, // g
    { 8, 13, 155, 1, 13, 13, 962 }, // h
    { 3, 12, 61, 0, 12, 5, 975 }, // i
    { 5, 16, 73, -1, 12, 10, 980 }, // j
    { 8, 13, 149, 1, 13, 13, 990 }, // k
    { 2, 13, 69, 1, 13, 4, 1003 }, // l
    { 14, 9, 245, 1, 9, 16, 1007 }, // m
    { 8, 9, 157, 1, 9, 9, 1023 }, // n
    { 10, 10, 165, 0, 9, 13, 1032 }, // o
    { 9, 13, 166, 1, 9, 15, 1045 }, // p
    { 10, 13, 166, 0, 9, 17, 1060 }, // q
    { 6, 9, 112, 1, 9, 7, 1077 }, // r
    { 8, 10, 128, 0, 9, 10, 1084 }, // s
    { 6, 11, 103, 0, 11, 9, 1094 }, // t
    { 8, 10, 155, 1, 9, 10, 1103 }, // u
    { 9, 10, 147, 0, 9, 12, 1113 }, // v
    { 13, 10, 204, 0, 9, 17, 1125 }, // w
    { 8, 10, 130, 0, 9, 10, 1142 }, // x
    { 8, 13, 155, 1, 9, 13, 1152 }, // y
    { 8, 9, 129, 0, 9, 9, 1165 }, // z
    { 7, 16, 109, 0, 12, 14, 1174 }, // {
    { 2, 17, 62, 1, 14, 5, 1188 }, // |
    { 7, 16, 109, 0, 12, 14, 1193 }, // }
    { 8, 3, 137, 0, 7, 3, 1207 }, // ~
    { 0, 0, 74, 0, 0, 0, 1210 }, // U+00A0
    { 2, 12, 64, 1, 9, 3, 1210 }, // U+00A1
    { 9, 12, 137, 0, 12, 14, 1213 }, // U+00A2
    { 11, 13, 166, 0, 12, 18, 1227 }, // U+00A3
    { 9, 8, 147, 0, 9, 9, 1245 }, // U+00A4
    { 10, 12, 156, 0, 12, 15, 1254 }, // U+00A5
    { 2, 17, 64, 1, 14, 5, 1269 }, // U+00A6
    { 9, 15, 147, 0, 12, 17, 1274 }, // U+00A7
    { 6, 2, 111, 0, 12, 2, 1291 }, // U+00A8
    { 13, 13, 209, 0, 12, 22, 1293 }, // U+00A9
    { 6, 7, 94, 0, 13, 6, 1315 }, // U+00AA
    { 8, 8, 127, 0, 8, 8, 1321 }, // U+00AB
    { 11, 6, 179, 0, 8, 9, 1329 }, // U+00AC
    { 6, 2, 105, 0, 6, 2, 1338 }, // U+00AD
    { 8, 8, 135, 0, 12, 8, 1340 }, // U+00AE
    { 7, 3, 114, 0, 12, 3, 1348 }, // U+00AF
    { 6, 6, 99, 0, 12, 5, 1351 }, // U+00B0
    { 9, 10, 149, 0, 11, 12, 1356 }, // U+00B1
    { 5, 7, 93, 0, 14, 5, 1368 }, // U+00B2
    { 5, 7, 91, 0, 13, 5, 1373 }, // U+00B3
    { 3, 4, 71, 1, 13, 2, 1378 }, // U+00B4
    { 8, 12, 157, 1, 9, 12, 1380 }, // U+00B5
    { 10, 14, 168, 0, 12, 18, 1392 }, // U+00B6
    { 3, 3, 57, 0, 7, 2, 1410 }, // U+00B7
    { 4, 4, 71, 0, 1, 2, 1412 }, // U+00B8
    { 4, 7, 77, 0, 13, 4, 1414 }, // U+00B9
    { 6, 6, 93, 0, 12, 5, 1418 }, // U+00BA
    { 8, 8, 128, 0, 8, 8, 1423 }, // U+00BB
    { 13, 13, 208, 0, 12, 22, 1431 }, // U+00BC
    { 13, 13, 209, 0, 12, 22, 1453 }, // U+00BD
    { 13, 13, 216, 0, 12, 22, 1475 }, // U+00BE
    { 8, 13, 136, 0, 9, 13, 1497 }, // U+00BF
    { 11, 16, 171, 0, 15, 22, 1510 }, // U+00C0
    { 11, 16, 171, 0, 15, 22, 1532 }, // U+00C1
    { 11, 17, 171, 0, 16, 24, 1554 }, // U+00C2
    { 11, 16, 171, 0, 15, 22, 1578 }, // U+00C3
    { 11, 16, 171, 0, 15, 22, 1600 }, // U+00C4
    { 11, 16, 172, 0, 15, 22, 1622 }, // U+00C5
    { 15, 13, 239, 0, 12, 25, 1644 }, // U+00C6
    { 11, 15, 170, 0, 12, 21, 1669 }, // U+00C7
    { 8, 15, 152, 1, 15, 15, 1690 }, // U+00C8
    { 8, 15, 152, 1, 15, 15, 1705 }, // U+00C9
    { 8, 16, 152, 1, 16, 16, 1720 }, // U+00CA
    { 8, 15, 152, 1, 15, 15, 1736 }, // U+00CB
    { 5, 15, 71, -1, 15, 10, 1751 }, // U+00CC
    { 4, 15, 71, 1, 15, 8, 1761 }, // U+00CD
    { 6, 16, 71, -1, 16, 12, 1769 }, // U+00CE
    { 6, 15, 71, -1, 15, 12, 1781 }, // U+00CF
    { 12, 12, 191, 0, 12, 18, 1793 }, // U+00D0
    { 10, 15, 196, 1, 15, 19, 1811 }, // U+00D1
    { 12, 16, 203, 0, 15, 24, 1830 }, // U+00D2
    { 12, 16, 203, 0, 15, 24, 1854 }, // U+00D3
    { 12, 17, 203, 0, 16, 26, 1878 }, // U+00D4
    { 12, 16, 203, 0, 15, 24, 1904 }, // U+00D5
    { 12, 16, 203, 0, 15, 24, 1928 }, // U+00D6
    { 8, 7, 130, 0, 9, 7, 1952 }, // U+00D7
    { 12, 14, 196, 0, 13, 21, 1959 }, // U+00D8
    { 10, 16, 189, 1, 15, 20, 1980 }, // U+00D9
    { 10, 16, 189, 1, 15, 20, 2000 }, // U+00DA
    { 10, 17, 189, 1, 16, 22, 2020 }, // U+00DB
    { 10, 16, 189, 1, 15, 20, 2042 }, // U+00DC
    { 10, 15, 156, 0, 15, 19, 2062 }, // U+00DD
    { 9, 13, 160, 1, 13, 15, 2081 }, // U+00DE
    { 11, 14, 173, 0, 13, 20, 2096 }, // U+00DF
    { 10, 13, 166, 0, 12, 17, 2116 }, // U+00E0
    { 10, 14, 166, 0, 13, 18, 2133 }, // U+00E1
    { 10, 14, 166, 0, 13, 18, 2151 }, // U+00E2
    { 10, 14, 166, 0, 13, 18, 2169 }, // U+00E3
    { 10, 13, 166, 0, 12, 17, 2187 }, // U+00E4
    { 10, 14, 166, 0, 13, 18, 2204 }, // U+00E5
    { 15, 10, 245, 0, 9, 19, 2222 }, // U+00E6
    { 9, 12, 138, 0, 9, 14, 2241 }, // U+00E7
    { 9, 13, 155, 0, 12, 15, 2255 }, // U+00E8
    { 9, 14, 155, 0, 13, 16, 2270 }, // U+00E9
    { 9, 14, 155, 0, 13, 16, 2286 }, // U+00EA
    { 9, 13, 155, 0, 12, 15, 2302 }, // U+00EB
    { 4, 12, 61, -1, 12, 6, 2317 }, // U+00EC
    { 4, 13, 61, 1, 13, 7, 2323 }, // U+00ED
    { 6, 13, 61, -1, 13, 10, 2330 }, // U+00EE
    { 6, 12, 61, -1, 12, 9, 2340 }, // U+00EF
    { 9, 14, 155, 0, 13, 16, 2349 }, // U+00F0
    { 8, 13, 157, 1, 13, 13, 2365 }, // U+00F1
    { 10, 13, 165, 0, 12, 17, 2378 }, // U+00F2
    { 10, 14, 165, 0, 13, 18, 2395 }, // U+00F3
    { 10, 14, 165, 0, 13, 18, 2413 }, // U+00F4
    { 10, 14, 165, 0, 13, 18, 2431 }, // U+00F5
    { 10, 13, 165, 0, 12, 17, 2449 }, // U+00F6
    { 10, 9, 160, 0, 10, 12, 2466 }, // U+00F7
    { 10, 11, 165, 0, 10, 14, 2478 }, // U+00F8
    { 8, 13, 155, 1, 12, 13, 2492 }, // U+00F9
    { 8, 14, 155, 1, 13, 14, 2505 }, // U+00FA
    { 8, 14, 155, 1, 13, 14, 2519 }, // U+00FB
    { 8, 13, 155, 1, 12, 13, 2533 }, // U+00FC
    { 8, 17, 155, 1, 13, 17, 2546 }, // U+00FD
    { 9, 17, 166, 1, 13, 20, 2563 }, // U+00FE
    { 8, 16, 155, 1, 12, 16, 2583 }, // U+00FF
    { 11, 15, 171, 0, 14, 21, 2599 }, // U+0100
    { 10, 13, 166, 0, 12, 17, 2620 }, // U+0101
    { 11, 16, 171, 0, 15, 22, 2637 }, // U+0102
    { 10, 13, 166, 0, 12, 17, 2659 }, // U+0103
    { 11, 16, 172, 0, 12, 22, 2676 }, // U+0104
    { 10, 13, 165, 0, 9, 17, 2698 }, // U+0105
    { 11, 16, 170, 0, 15, 22, 2715 }, // U+0106
    { 9, 14, 138, 0, 13, 16, 2737 }, // U+0107
    { 11, 17, 170, 0, 16, 24, 2753 }, // U+0108
    { 9, 14, 138, 0, 13, 16, 2777 }, // U+0109
    { 11, 16, 170, 0, 15, 22, 2793 }, // U+010A
    { 9, 13, 138, 0, 12, 15, 2815 }, // U+010B
    { 11, 16, 170, 0, 15, 22, 2830 }, // U+010C
    { 9, 14, 138, 0, 13, 16, 2852 }, // U+010D
    { 11, 15, 191, 1, 15, 21, 2868 }, // U+010E
    { 13, 14, 182, 0, 13, 23, 2889 }, // U+010F
    { 12, 12, 191, 0, 12, 18, 2912 }, // U+0110
    { 11, 14, 166, 0, 13, 20, 2930 }, // U+0111
    { 8, 14, 152, 1, 14, 14, 2950 }, // U+0112
    { 9, 13, 155, 0, 12, 15, 2964 }, // U+0113
    { 8, 15, 152, 1, 15, 15, 2979 }, // U+0114
    { 9, 13, 155, 0, 12, 15, 2994 }, // U+0115
    { 8, 15, 152, 1, 15, 15, 3009 }, // U+0116
    { 9, 13, 155, 0, 12, 15, 3024 }, // U+0117
    { 8, 16, 153, 1, 12, 16, 3039 }, // U+0118
    { 9, 13, 155, 0, 9, 15, 3055 }, // U+0119
    { 8, 15, 152, 1, 15, 15, 3070 }, // U+011A
    { 9, 14, 155, 0, 13, 16, 3085 }, // U+011B
    { 11, 17, 186, 0, 16, 24, 3101 }, // U+011C
    { 10, 17, 169, 0, 13, 22, 3125 }, // U+011D
    { 11, 16, 186, 0, 15, 22, 3147 }, // U+011E
    { 10, 16, 169, 0, 12, 20, 3169 }, // U+011F
    { 11, 16, 186, 0, 15, 22, 3189 }, // U+0120
    { 10, 16, 169, 0, 12, 20, 3211 }, // U+0121
    { 11, 16, 186, 0, 12, 22, 3231 }, // U+0122
    { 10, 18, 169, 0, 14, 23, 3253 }, // U+0123
    { 10, 16, 192, 1, 16, 20, 3276 }, // U+0124
    { 10, 16, 155, -1, 16, 20, 3296 }, // U+0125
    { 13, 12, 217, 0, 12, 20, 3316 }, // U+0126
    { 10, 13, 155, -1, 13, 17, 3336 }, // U+0127
    { 7, 15, 71, -1, 15, 14, 3353 }, // U+0128
    { 7, 13, 61, -2, 13, 12, 3367 }, // U+0129
    { 7, 14, 71, -1, 14, 13, 3379 }, // U+012A
    { 6, 12, 61, -1, 12, 9, 3392 }, // U+012B
    { 6, 15, 71, -1, 15, 12, 3401 }, // U+012C
    { 6, 12, 61, -1, 12, 9, 3413 }, // U+012D
    { 5, 16, 71, -1, 12, 10, 3422 }, // U+012E
    { 5, 16, 61, -1, 12, 10, 3432 }, // U+012F
    { 3, 15, 71, 1, 15, 6, 3442 }, // U+0130
    { 2, 9, 61, 1, 9, 3, 3448 }, // U+0131
    { 8, 13, 158, 1, 12, 13, 3451 }, // U+0132
    { 7, 16, 128, 0, 12, 14, 3464 }, // U+0133
    { 10, 17, 149, 0, 16, 22, 3478 }, // U+0134
    { 6, 17, 70, -1, 13, 13, 3500 }, // U+0135
    { 10, 16, 177, 1, 12, 20, 3513 }, // U+0136
    { 8, 18, 149, 1, 13, 18, 3533 }, // U+0137
    { 8, 9, 149, 1, 9, 9, 3551 }, // U+0138
    { 8, 15, 147, 1, 15, 15, 3560 }, // U+0139
    { 4, 16, 69, 1, 16, 8, 3575 }, // U+013A
    { 8, 16, 147, 1, 12, 16, 3583 }, // U+013B
    { 4, 18, 69, 0, 13, 9, 3599 }, // U+013C
    { 8, 13, 147, 1, 13, 13, 3608 }, // U+013D
    { 6, 13, 81, 1, 13, 10, 3621 }, // U+013E
    { 8, 12, 144, 1, 12, 12, 3631 }, // U+013F
    { 6, 13, 98, 1, 13, 10, 3643 }, // U+0140
    { 10, 12, 164, 0, 12, 15, 3653 }, // U+0141
    { 6, 13, 69, -1, 13, 10, 3668 }, // U+0142
    { 10, 15, 196, 1, 15, 19, 3678 }, // U+0143
    { 8, 13, 157, 1, 13, 13, 3697 }, // U+0144
    { 10, 16, 196, 1, 12, 20, 3710 }, // U+0145
    { 8, 14, 157, 1, 9, 14, 3730 }, // U+0146
    { 10, 15, 196, 1, 15, 19, 3744 }, // U+0147
    { 8, 13, 157, 1, 13, 13, 3763 }, // U+0148
    { 11, 12, 165, -1, 12, 17, 3776 }, // U+0149
    { 11, 16, 201, 1, 12, 22, 3793 }, // U+014A
    { 8, 13, 157, 1, 9, 13, 3815 }, // U+014B
    { 12, 15, 203, 0, 14, 23, 3828 }, // U+014C
    { 10, 13, 165, 0, 12, 17, 3851 }, // U+014D
    { 12, 16, 203, 0, 15, 24, 3868 }, // U+014E
    { 10, 13, 165, 0, 12, 17, 3892 }, // U+014F
    { 12, 17, 203, 0, 16, 26, 3909 }, // U+0150
    { 10, 14, 165, 0, 13, 18, 3935 }, // U+0151
    { 16, 12, 260, 0, 12, 24, 3953 }, // U+0152
    { 17, 10, 270, 0, 9, 22, 3977 }, // U+0153
    { 10, 16, 182, 1, 15, 20, 3999 }, // U+0154
    { 6, 13, 112, 1, 13, 10, 4019 }, // U+0155
    { 10, 16, 182, 1, 12, 20, 4029 }, // U+0156
    { 7, 14, 112, 0, 9, 13, 4049 }, // U+0157
    { 10, 16, 182, 1, 15, 20, 4062 }, // U+0158
    { 6, 13, 112, 1, 13, 10, 4082 }, // U+0159
    { 10, 16, 156, 0, 15, 20, 4092 }, // U+015A
    { 8, 14, 128, 0, 13, 14, 4112 }, // U+015B
    { 10, 17, 156, 0, 16, 22, 4126 }, // U+015C
    { 8, 14, 128, 0, 13, 14, 4148 }, // U+015D
    { 10, 15, 156, 0, 12, 19, 4162 }, // U+015E
    { 8, 12, 128, 0, 9, 12, 4181 }, // U+015F
    { 10, 16, 156, 0, 15, 20, 4193 }, // U+0160
    { 8, 14, 128, 0, 13, 14, 4213 }, // U+0161
    { 10, 15, 165, 0, 12, 19, 4227 }, // U+0162
    { 6, 14, 103, 0, 11, 11, 4246 }, // U+0163
    { 10, 15, 165, 0, 15, 19, 4257 }, // U+0164
    { 7, 14, 103, 0, 14, 13, 4276 }, // U+0165
    { 10, 12, 165, 0, 12, 15, 4289 }, // U+0166
    { 6, 11, 103, 0, 11, 9, 4304 }, // U+0167
    { 10, 16, 189, 1, 15, 20, 4313 }, // U+0168
    { 8, 14, 155, 1, 13, 14, 4333 }, // U+0169
    { 10, 15, 189, 1, 14, 19, 4347 }, // U+016A
    { 8, 13, 155, 1, 12, 13, 4366 }, // U+016B
    { 10, 16, 189, 1, 15, 20, 4379 }, // U+016C
    { 8, 13, 155, 1, 12, 13, 4399 }, // U+016D
    { 10, 17, 189, 1, 16, 22, 4412 }, // U+016E
    { 8, 14, 155, 1, 13, 14, 4434 }, // U+016F
    { 10, 17, 189, 1, 16, 22, 4448 }, // U+0170
    { 8, 14, 155, 1, 13, 14, 4470 }, // U+0171
    { 10, 16, 189, 1, 12, 20, 4484 }, // U+0172
    { 8, 13, 155, 1, 9, 13, 4504 }, // U+0173
    { 16, 16, 254, 0, 16, 32, 4517 }, // U+0174
    { 13, 14, 204, 0, 13, 23, 4549 }, // U+0175
    { 10, 16, 156, 0, 16, 20, 4572 }, // U+0176
    { 8, 17, 155, 1, 13, 17, 4592 }, // U+0177
    { 10, 15, 156, 0, 15, 19, 4609 }, // U+0178
    { 11, 15, 173, 0, 15, 21, 4628 }, // U+0179
    { 8, 13, 129, 0, 13, 13, 4649 }, // U+017A
    { 11, 15, 173, 0, 15, 21, 4662 }, // U+017B
    { 8, 12, 129, 0, 12, 12, 4683 }, // U+017C
    { 11, 15, 173, 0, 15, 21, 4695 }, // U+017D
    { 8, 13, 129, 0, 13, 13, 4716 }, // U+017E
    { 12, 15, 203, 0, 14, 23, 4729 }, // U+01A0
    { 10, 12, 165, 0, 11, 15, 4752 }, // U+01A1
    { 12, 15, 189, 1, 14, 23, 4767 }, // U+01AF
    { 10, 12, 155, 1, 11, 15, 4790 }, // U+01B0
    { 22, 15, 364, 1, 15, 42, 4805 }, // U+01C4
    { 19, 13, 320, 1, 13, 31, 4847 }, // U+01C5
    { 18, 14, 294, 0, 13, 32, 4878 }, // U+01C6
    { 17, 13, 296, 1, 12, 28, 4910 }, // U+01C7
    { 12, 16, 220, 1, 12, 24, 4938 }, // U+01C8
    { 7, 17, 138, 1, 13, 15, 4962 }, // U+01C9
    { 20, 13, 344, 1, 12, 33, 4977 }, // U+01CA
    { 15, 16, 268, 1, 12, 30, 5010 }, // U+01CB
    { 12, 16, 230, 1, 12, 24, 5040 }, // U+01CC
    { 11, 16, 171, 0, 15, 22, 5064 }, // U+01CD
    { 10, 14, 166, 0, 13, 18, 5086 }, // U+01CE
    { 6, 15, 71, -1, 15, 12, 5104 }, // U+01CF
    { 6, 13, 61, -1, 13, 10, 5116 }, // U+01D0
    { 12, 16, 203, 0, 15, 24, 5126 }, // U+01D1
    { 10, 14, 165, 0, 13, 18, 5150 }, // U+01D2
    { 10, 16, 189, 1, 15, 20, 5168 }, // U+01D3
    { 8, 14, 155, 1, 13, 14, 5188 }, // U+01D4
    { 11, 16, 186, 0, 15, 22, 5202 }, // U+01E6
    { 10, 17, 169, 0, 13, 22, 5224 }, // U+01E7
    { 12, 16, 203, 0, 12, 24, 5246 }, // U+01EA
    { 10, 13, 162, 0, 9, 17, 5270 }, // U+01EB
    { 19, 12, 320, 1, 12, 29, 5287 }, // U+01F2
    { 11, 19, 172, 0, 18, 27, 5316 }, // U+01FA
    { 10, 17, 165, 0, 16, 22, 5343 }, // U+01FB
    { 15, 16, 239, 0, 15, 30, 5365 }, // U+01FC
    { 15, 14, 245, 0, 13, 27, 5395 }, // U+01FD
    { 12, 16, 196, 0, 15, 24, 5422 }, // U+01FE
    { 10, 14, 165, 0, 13, 18, 5446 }, // U+01FF
    { 11, 17, 171, 0, 16, 24, 5464 }, // U+0200
    { 10, 14, 166, 0, 13, 18, 5488 }, // U+0201
    { 11, 17, 171, 0, 16, 24, 5506 }, // U+0202
    { 10, 14, 166, 0, 13, 18, 5530 }, // U+0203
    { 8, 16, 152, 1, 16, 16, 5548 }, // U+0204
    { 9, 14, 155, 0, 13, 16, 5564 }, // U+0205
    { 8, 16, 152, 1, 16, 16, 5580 }, // U+0206
    { 9, 14, 155, 0, 13, 16, 5596 }, // U+0207
    { 7, 16, 71, -2, 16, 14, 5612 }, // U+0208
    { 7, 13, 61, -2, 13, 12, 5626 }, // U+0209
    { 6, 16, 71, -1, 16, 12, 5638 }, // U+020A
    { 6, 13, 61, -1, 13, 10, 5650 }, // U+020B
    { 12, 17, 203, 0, 16, 26, 5660 }, // U+020C
    { 10, 14, 165, 0, 13, 18, 5686 }, // U+020D
    { 12, 17, 203, 0, 16, 26, 5704 }, // U+020E
    { 10, 14, 165, 0, 13, 18, 5730 }, // U+020F
    { 10, 17, 182, 1, 16, 22, 5748 }, // U+0210
    { 8, 13, 112, -1, 13, 13, 5770 }, // U+0211
    { 10, 17, 182, 1, 16, 22, 5783 }, // U+0212
    { 7, 13, 112, 0, 13, 12, 5805 }, // U+0213
    { 10, 17, 189, 1, 16, 22, 5817 }, // U+0214
    { 8, 14, 155, 1, 13, 14, 5839 }, // U+0215
    { 10, 17, 189, 1, 16, 22, 5853 }, // U+0216
    { 8, 14, 155, 1, 13, 14, 5875 }, // U+0217
    { 10, 16, 156, 0, 12, 20, 5889 }, // U+0218
    { 8, 14, 128, 0, 9, 14, 5909 }, // U+0219
    { 10, 16, 165, 0, 12, 20, 5923 }, // U+021A
    { 6, 16, 103, 0, 11, 12, 5943 }, // U+021B
    { 4, 3, 0, 0, 12, 2, 5955 }, // U+0300
    { 3, 4, 0, 1, 13, 2, 5957 }, // U+0301
    { 6, 4, 0, 0, 13, 3, 5959 }, // U+0302
    { 7, 4, 0, 0, 13, 4, 5962 }, // U+0303
    { 7, 3, 0, 0, 12, 3, 5966 }, // U+0304
    { 6, 3, 0, 0, 12, 3, 5969 }, // U+0306
    { 3, 3, 0, 0, 12, 2, 5972 }, // U+0307
    { 6, 2, 0, 0, 12, 2, 5974 }, // U+0308
    { 4, 4, 0, 0, 13, 2, 5976 }, // U+0309
    { 5, 4, 0, 0, 13, 3, 5978 }, // U+030A
    { 7, 4, 0, 0, 13, 4, 5981 }, // U+030B
    { 6, 4, 0, 0, 13, 3, 5985 }, // U+030C
    { 7, 4, 0, 0, 13, 4, 5988 }, // U+030F
    { 7, 4, 0, 0, 13, 4, 5992 }, // U+0311
    { 4, 5, 0, 3, 14, 3, 5996 }, // U+0312
    { 4, 5, 0, 1, 11, 3, 5999 }, // U+031B
    { 3, 3, 0, 0, 0, 2, 6002 }, // U+0323
    { 6, 3, 0, 0, 0, 3, 6004 }, // U+0324
    { 4, 5, 0, 0, 0, 3, 6007 }, // U+0326
    { 4, 4, 0, 0, 1, 2, 6010 }, // U+0327
    { 5, 5, 0, 0, 1, 4, 6012 }, // U+0328
    { 6, 4, 0, 0, 0, 3, 6016 }, // U+032D
    { 7, 3, 0, 0, 0, 3, 6019 }, // U+032E
    { 7, 2, 0, 0, -1, 2, 6022 }, // U+0331
    { 6, 2, 0, 0, 6, 2, 6024 }, // U+0335
    { 11, 15, 171, 0, 12, 21, 6026 }, // U+1EA0
    { 10, 12, 166, 0, 9, 15, 6047 }, // U+1EA1
    { 11, 17, 171, 0, 16, 24, 6062 }, // U+1EA2
    { 10, 14, 166, 0, 13, 18, 6086 }, // U+1EA3
    { 11, 18, 171, 0, 17, 25, 6104 }, // U+1EA4
    { 10, 15, 166, 0, 14, 19, 6129 }, // U+1EA5
    { 11, 18, 171, 0, 17, 25, 6148 }, // U+1EA6
    { 10, 15, 166, 0, 14, 19, 6173 }, // U+1EA7
    { 11, 18, 171, 0, 17, 25, 6192 }, // U+1EA8
    { 10, 15, 166, 0, 14, 19, 6217 }, // U+1EA9
    { 11, 18, 171, 0, 17, 25, 6236 }, // U+1EAA
    { 10, 16, 166, 0, 15, 20, 6261 }, // U+1EAB
    { 11, 19, 171, 0, 16, 27, 6281 }, // U+1EAC
    { 10, 16, 166, 0, 13, 20, 6308 }, // U+1EAD
    { 11, 19, 171, 0, 18, 27, 6328 }, // U+1EAE
    { 10, 16, 166, 0, 15, 20, 6355 }, // U+1EAF
    { 11, 19, 171, 0, 18, 27, 6375 }, // U+1EB0
    { 10, 16, 166, 0, 15, 20, 6402 }, // U+1EB1
    { 11, 20, 171, 0, 19, 28, 6422 }, // U+1EB2
    { 10, 16, 166, 0, 15, 20, 6450 }, // U+1EB3
    { 11, 19, 171, 0, 18, 27, 6470 }, // U+1EB4
    { 10, 17, 166, 0, 16, 22, 6497 }, // U+1EB5
    { 11, 18, 171, 0, 15, 25, 6519 }, // U+1EB6
    { 10, 15, 166, 0, 12, 19, 6544 }, // U+1EB7
    { 8, 15, 152, 1, 12, 15, 6563 }, // U+1EB8
    { 9, 12, 155, 0, 9, 14, 6578 }, // U+1EB9
    { 8, 16, 152, 1, 16, 16, 6592 }, // U+1EBA
    { 9, 14, 155, 0, 13, 16, 6608 }, // U+1EBB
    { 8, 15, 152, 1, 15, 15, 6624 }, // U+1EBC
    { 9, 14, 155, 0, 13, 16, 6639 }, // U+1EBD
    { 10, 16, 152, 1, 16, 20, 6655 }, // U+1EBE
    { 10, 15, 155, 0, 14, 19, 6675 }, // U+1EBF
    { 8, 17, 152, 1, 17, 17, 6694 }, // U+1EC0
    { 9, 15, 155, 0, 14, 17, 6711 }, // U+1EC1
    { 8, 20, 152, 1, 20, 20, 6728 }, // U+1EC2
    { 9, 15, 155, 0, 14, 17, 6748 }, // U+1EC3
    { 8, 18, 152, 1, 18, 18, 6765 }, // U+1EC4
    { 9, 16, 155, 0, 15, 18, 6783 }, // U+1EC5
    { 8, 19, 152, 1, 16, 19, 6801 }, // U+1EC6
    { 9, 16, 155, 0, 13, 18, 6820 }, // U+1EC7
    { 4, 16, 71, 0, 16, 8, 6838 }, // U+1EC8
    { 4, 13, 61, 0, 13, 7, 6846 }, // U+1EC9
    { 3, 15, 71, 1, 12, 6, 6853 }, // U+1ECA
    { 3, 15, 61, 0, 12, 6, 6859 }, // U+1ECB
    { 12, 15, 203, 0, 12, 23, 6865 }, // U+1ECC
    { 10, 12, 165, 0, 9, 15, 6888 }, // U+1ECD
    { 12, 17, 203, 0, 16, 26, 6903 }, // U+1ECE
    { 10, 14, 165, 0, 13, 18, 6929 }, // U+1ECF
    { 12, 18, 203, 0, 17, 27, 6947 }, // U+1ED0
    { 10, 15, 165, 0, 14, 19, 6974 }, // U+1ED1
    { 12, 18, 203, 0, 17, 27, 6993 }, // U+1ED2
    { 10, 16, 165, 0, 15, 20, 7020 }, // U+1ED3
    { 12, 18, 203, 0, 17, 27, 7040 }, // U+1ED4
    { 10, 15, 165, 0, 14, 19, 7067 }, // U+1ED5
    { 12, 18, 203, 0, 17, 27, 7086 }, // U+1ED6
    { 10, 16, 165, 0, 15, 20, 7113 }, // U+1ED7
    { 12, 19, 203, 0, 16, 29, 7133 }, // U+1ED8
    { 10, 16, 165, 0, 13, 20, 7162 }, // U+1ED9
    { 12, 16, 203, 0, 15, 24, 7182 }, // U+1EDA
    { 10, 14, 165, 0, 13, 18, 7206 }, // U+1EDB
    { 12, 16, 203, 0, 15, 24, 7224 }, // U+1EDC
    { 10, 13, 165, 0, 12, 17, 7248 }, // U+1EDD
    { 12, 17, 203, 0, 16, 26, 7265 }, // U+1EDE
    { 10, 14, 165, 0, 13, 18, 7291 }, // U+1EDF
    { 12, 16, 203, 0, 15, 24, 7309 }, // U+1EE0
    { 10, 14, 165, 0, 13, 18, 7333 }, // U+1EE1
    { 12, 17, 203, 0, 14, 26, 7351 }, // U+1EE2
    { 10, 14, 165, 0, 11, 18, 7377 }, // U+1EE3
    { 10, 15, 189, 1, 12, 19, 7395 }, // U+1EE4
    { 8, 12, 155, 1, 9, 12, 7414 }, // U+1EE5
    { 10, 17, 189, 1, 16, 22, 7426 }, // U+1EE6
    { 8, 14, 155, 1, 13, 14, 7448 }, // U+1EE7
    { 12, 16, 189, 1, 15, 24, 7462 }, // U+1EE8
    { 10, 14, 155, 1, 13, 18, 7486 }, // U+1EE9
    { 12, 16, 189, 1, 15, 24, 7504 }, // U+1EEA
    { 10, 13, 155, 1, 12, 17, 7528 }, // U+1EEB
    { 12, 17, 189, 1, 16, 26, 7545 }, // U+1EEC
    { 10, 14, 155, 1, 13, 18, 7571 }, // U+1EED
    { 12, 16, 189, 1, 15, 24, 7589 }, // U+1EEE
    { 10, 14, 155, 1, 13, 18, 7613 }, // U+1EEF
    { 12, 17, 189, 1, 14, 26, 7631 }, // U+1EF0
    { 10, 14, 155, 1, 11, 18, 7657 }, // U+1EF1
    { 10, 15, 156, 0, 15, 19, 7675 }, // U+1EF2
    { 8, 16, 155, 1, 12, 16, 7694 }, // U+1EF3
    { 10, 15, 156, 0, 12, 19, 7710 }, // U+1EF4
    { 10, 13, 155, 1, 9, 17, 7729 }, // U+1EF5
    { 10, 16, 156, 0, 16, 20, 7746 }, // U+1EF6
    { 8, 17, 155, 1, 13, 17, 7766 }, // U+1EF7
    { 10, 15, 156, 0, 15, 19, 7783 }, // U+1EF8
    { 8, 17, 155, 1, 13, 17, 7802 }, // U+1EF9
    { 0, 0, 147, 0, 0, 0, 7819 }, // U+2007
    { 0, 0, 69, 0, 0, 0, 7819 }, // U+2008
    { 0, 0, 55, 0, 0, 0, 7819 }, // U+2009
    { 0, 0, 27, 0, 0, 0, 7819 }, // U+200A
    { 0, 0, 0, 0, 0, 0, 7819 }, // U+200B
    { 6, 2, 105, 0, 6, 2, 7819 }, // U+2010
    { 8, 2, 137, 0, 6, 2, 7821 }, // U+2012
    { 8, 2, 137, 0, 6, 2, 7823 }, // U+2013
    { 14, 2, 232, 0, 6, 4, 7825 }, // U+2014
    { 14, 2, 232, 0, 6, 4, 7829 }, // U+2015
    { 4, 5, 68, 0, 12, 3, 7833 }, // U+2018
    { 4, 5, 66, 0, 12, 3, 7836 }, // U+2019
    { 4, 5, 67, 0, 2, 3, 7839 }, // U+201A
    { 7, 5, 112, 0, 12, 5, 7842 }, // U+201C
    { 7, 5, 112, 0, 12, 5, 7847 }, // U+201D
    { 7, 5, 105, 0, 2, 5, 7852 }, // U+201E
    { 7, 10, 118, 0, 13, 9, 7857 }, // U+2020
    { 6, 10, 108, 0, 13, 8, 7866 }, // U+2021
    { 6, 6, 93, 0, 9, 5, 7874 }, // U+2022
    { 10, 3, 161, 0, 3, 4, 7879 }, // U+2026
    { 19, 13, 308, 0, 12, 31, 7883 }, // U+2030
    { 7, 6, 110, 0, 12, 6, 7914 }, // U+2033
    { 4, 8, 73, 0, 8, 4, 7920 }, // U+2039
    { 4, 8, 73, 0, 8, 4, 7924 }, // U+203A
    { 9, 13, 143, 0, 12, 15, 7928 }, // U+2044
    { 6, 8, 98, 0, 14, 6, 7943 }, // U+2070
    { 6, 7, 106, 0, 13, 6, 7949 }, // U+2074
    { 6, 7, 96, 0, 13, 6, 7955 }, // U+2075
    { 5, 8, 87, 0, 14, 5, 7961 }, // U+2076
    { 5, 7, 88, 0, 13, 5, 7966 }, // U+2077
    { 6, 7, 96, 0, 13, 6, 7971 }, // U+2078
    { 6, 8, 89, 0, 14, 6, 7977 }, // U+2079
    { 6, 8, 98, 0, 4, 6, 7983 }, // U+2080
    { 4, 7, 77, 0, 3, 4, 7989 }, // U+2081
    { 5, 7, 93, 0, 4, 5, 7993 }, // U+2082
    { 5, 7, 91, 0, 3, 5, 7998 }, // U+2083
    { 6, 7, 106, 0, 3, 6, 8003 }, // U+2084
    { 6, 7, 96, 0, 3, 6, 8009 }, // U+2085
    { 5, 8, 87, 0, 4, 5, 8015 }, // U+2086
    { 5, 7, 88, 0, 3, 5, 8020 }, // U+2087
    { 6, 7, 96, 0, 3, 6, 8025 }, // U+2088
    { 6, 8, 89, 0, 4, 6, 8031 }, // U+2089
    { 12, 17, 170, 0, 14, 26, 8037 }, // U+20A1
    { 9, 12, 150, 0, 12, 14, 8063 }, // U+20A3
    { 11, 13, 166, 0, 12, 18, 8077 }, // U+20A4
    { 14, 12, 196, -1, 12, 21, 8095 }, // U+20A6
    { 12, 12, 160, -1, 12, 18, 8116 }, // U+20A7
    { 16, 12, 254, 0, 12, 24, 8134 }, // U+20A9
    { 8, 12, 130, 0, 12, 12, 8158 }, // U+20AB
    { 11, 13, 171, 0, 12, 18, 8170 }, // U+20AC
    { 12, 13, 177, -1, 12, 20, 8188 }, // U+20AD
    { 12, 12, 160, -1, 12, 18, 8208 }, // U+20B1
    { 11, 17, 186, 0, 14, 24, 8226 }, // U+20B2
    { 11, 17, 170, 0, 14, 24, 8250 }, // U+20B5
    { 9, 12, 149, 0, 12, 14, 8274 }, // U+20B9
    { 10, 13, 163, 0, 12, 17, 8288 }, // U+20BA
    { 10, 15, 189, 1, 14, 19, 8305 }, // U+20BC
    { 10, 12, 160, 0, 12, 15, 8324 }, // U+20BD
    { 10, 14, 160, 0, 13, 18, 8339 }, // U+2202
    { 10, 10, 166, 0, 9, 13, 8357 }, // U+2205
    { 12, 12, 190, 0, 12, 18, 8370 }, // U+2206
    { 12, 16, 190, 0, 12, 24, 8388 }, // U+220F
    { 9, 12, 140, 0, 12, 14, 8412 }, // U+2211
    { 9, 3, 156, 0, 7, 4, 8426 }, // U+2212
    { 9, 17, 148, 0, 14, 20, 8430 }, // U+2215
    { 4, 3, 66, 0, 7, 2, 8450 }, // U+2219
    { 11, 12, 181, 0, 12, 17, 8452 }, // U+221A
    { 14, 8, 231, 0, 8, 14, 8469 }, // U+221E
    { 10, 16, 149, 0, 13, 20, 8483 }, // U+222B
    { 9, 7, 150, 0, 9, 8, 8503 }, // U+2248
    { 9, 9, 156, 0, 10, 11, 8511 }, // U+2260
    { 9, 9, 168, 1, 10, 11, 8522 }, // U+2264
    { 10, 10, 168, 0, 11, 13, 8533 }, // U+2265
    { 10, 13, 171, 0, 13, 17, 8546 }, // U+FB01
    { 10, 13, 178, 0, 13, 17, 8563 }, // U+FB02
};

static const EpdUnicodeInterval quicksand_sb_8_regularIntervals[] = {
    { 0xD, 0xD, 0x0 },
    { 0x20, 0x7E, 0x1 },
    { 0xA0, 0xFF, 0x60 },
    { 0x100, 0x17E, 0xC0 },
    { 0x1A0, 0x1A1, 0x13F },
    { 0x1AF, 0x1B0, 0x141 },
    { 0x1C4, 0x1D4, 0x143 },
    { 0x1E6, 0x1E7, 0x154 },
    { 0x1EA, 0x1EB, 0x156 },
    { 0x1F2, 0x1F2, 0x158 },
    { 0x1FA, 0x21B, 0x159 },
    { 0x300, 0x304, 0x17B },
    { 0x306, 0x30C, 0x180 },
    { 0x30F, 0x30F, 0x187 },
    { 0x311, 0x312, 0x188 },
    { 0x31B, 0x31B, 0x18A },
    { 0x323, 0x324, 0x18B },
    { 0x326, 0x328, 0x18D },
    { 0x32D, 0x32E, 0x190 },
    { 0x331, 0x331, 0x192 },
    { 0x335, 0x335, 0x193 },
    { 0x1EA0, 0x1EF9, 0x194 },
    { 0x2007, 0x200B, 0x1EE },
    { 0x2010, 0x2010, 0x1F3 },
    { 0x2012, 0x2015, 0x1F4 },
    { 0x2018, 0x201A, 0x1F8 },
    { 0x201C, 0x201E, 0x1FB },
    { 0x2020, 0x2022, 0x1FE },
    { 0x2026, 0x2026, 0x201 },
    { 0x2030, 0x2030, 0x202 },
    { 0x2033, 0x2033, 0x203 },
    { 0x2039, 0x203A, 0x204 },
    { 0x2044, 0x2044, 0x206 },
    { 0x2070, 0x2070, 0x207 },
    { 0x2074, 0x2079, 0x208 },
    { 0x2080, 0x2089, 0x20E },
    { 0x20A1, 0x20A1, 0x218 },
    { 0x20A3, 0x20A4, 0x219 },
    { 0x20A6, 0x20A7, 0x21B },
    { 0x20A9, 0x20A9, 0x21D },
    { 0x20AB, 0x20AD, 0x21E },
    { 0x20B1, 0x20B2, 0x221 },
    { 0x20B5, 0x20B5, 0x223 },
    { 0x20B9, 0x20BA, 0x224 },
    { 0x20BC, 0x20BD, 0x226 },
    { 0x2202, 0x2202, 0x228 },
    { 0x2205, 0x2206, 0x229 },
    { 0x220F, 0x220F, 0x22B },
    { 0x2211, 0x2212, 0x22C },
    { 0x2215, 0x2215, 0x22E },
    { 0x2219, 0x221A, 0x22F },
    { 0x221E, 0x221E, 0x231 },
    { 0x222B, 0x222B, 0x232 },
    { 0x2248, 0x2248, 0x233 },
    { 0x2260, 0x2260, 0x234 },
    { 0x2264, 0x2265, 0x235 },
    { 0xFB01, 0xFB02, 0x237 },
};

static const EpdKernClassEntry quicksand_sb_8_regularKernLeftClasses[] = {
    { 0x0026, 1 }, // &
    { 0x0028, 2 }, // (
    { 0x002A, 3 }, // *
    { 0x002B, 4 }, // +
    { 0x002C, 5 }, // ,
    { 0x002D, 4 }, // -
    { 0x002E, 6 }, // .
    { 0x002F, 7 }, // /
    { 0x0030, 8 }, // 0
    { 0x0031, 9 }, // 1
    { 0x0032, 10 }, // 2
    { 0x0034, 11 }, // 4
    { 0x0035, 12 }, // 5
    { 0x0036, 13 }, // 6
    { 0x0037, 14 }, // 7
    { 0x0038, 15 }, // 8
    { 0x0039, 16 }, // 9
    { 0x003E, 17 }, // >
    { 0x003F, 18 }, // ?
    { 0x0040, 19 }, // @
    { 0x0041, 20 }, // A
    { 0x0042, 21 }, // B
    { 0x0044, 8 }, // D
    { 0x0045, 22 }, // E
    { 0x0046, 23 }, // F
    { 0x0047, 24 }, // G
    { 0x004A, 25 }, // J
    { 0x004B, 26 }, // K
    { 0x004C, 27 }, // L
    { 0x004F, 8 }, // O
    { 0x0050, 28 }, // P
    { 0x0051, 29 }, // Q
    { 0x0052, 30 }, // R
    { 0x0053, 31 }, // S
    { 0x0054, 32 }, // T
    { 0x0055, 33 }, // U
    { 0x0056, 34 }, // V
    { 0x0057, 35 }, // W
    { 0x0058, 36 }, // X
    { 0x0059, 37 }, // Y
    { 0x005A, 38 }, // Z
    { 0x005C, 39 }, // <backslash>
    { 0x005F, 40 }, // _
    { 0x0061, 41 }, // a
    { 0x0062, 42 }, // b
    { 0x0063, 43 }, // c
    { 0x0064, 44 }, // d
    { 0x0065, 45 }, // e
    { 0x0066, 46 }, // f
    { 0x0067, 47 }, // g
    { 0x0068, 48 }, // h
    { 0x0069, 49 }, // i
    { 0x006A, 50 }, // j
    { 0x006B, 51 }, // k
    { 0x006C, 52 }, // l
    { 0x006D, 48 }, // m
    { 0x006E, 48 }, // n
    { 0x006F, 42 }, // o
    { 0x0070, 42 }, // p
    { 0x0071, 53 }, // q
    { 0x0072, 54 }, // r
    { 0x0073, 55 }, // s
    { 0x0074, 56 }, // t
    { 0x0075, 57 }, // u
    { 0x0076, 58 }, // v
    { 0x0077, 59 }, // w
    { 0x0078, 60 }, // x
    { 0x0079, 61 }, // y
    { 0x007A, 62 }, // z
    { 0x007E, 4 }, // ~
    { 0x00A1, 63 }, // U+00A1
    { 0x00B7, 64 }, // U+00B7
    { 0x00BF, 65 }, // U+00BF
    { 0x00D9, 33 }, // U+00D9
    { 0x00DA, 33 }, // U+00DA
    { 0x00DB, 33 }, // U+00DB
    { 0x00DC, 33 }, // U+00DC
    { 0x00DD, 37 }, // U+00DD
    { 0x00DE, 66 }, // U+00DE
    { 0x00DF, 67 }, // U+00DF
    { 0x00E0, 41 }, // U+00E0
    { 0x00E1, 41 }, // U+00E1
    { 0x00E2, 41 }, // U+00E2
    { 0x00E3, 41 }, // U+00E3
    { 0x00E4, 41 }, // U+00E4
    { 0x00E5, 41 }, // U+00E5
    { 0x00E8, 45 }, // U+00E8
    { 0x00E9, 45 }, // U+00E9
    { 0x00EA, 45 }, // U+00EA
    { 0x00EB, 45 }, // U+00EB
    { 0x00F0, 68 }, // U+00F0
    { 0x00F2, 42 }, // U+00F2
    { 0x00F3, 42 }, // U+00F3
    { 0x00F4, 42 }, // U+00F4
    { 0x00F5, 42 }, // U+00F5
    { 0x00F6, 42 }, // U+00F6
    { 0x00F7, 69 }, // U+00F7
    { 0x00F8, 42 }, // U+00F8
    { 0x00F9, 57 }, // U+00F9
    { 0x00FA, 57 }, // U+00FA
    { 0x00FB, 57 }, // U+00FB
    { 0x00FC, 57 }, // U+00FC
    { 0x00FD, 61 }, // U+00FD
    { 0x00FF, 61 }, // U+00FF
    { 0x0101, 41 }, // U+0101
    { 0x0103, 41 }, // U+0103
    { 0x0105, 41 }, // U+0105
    { 0x010F, 70 }, // U+010F
    { 0x0113, 45 }, // U+0113
    { 0x0114, 22 }, // U+0114
    { 0x0115, 45 }, // U+0115
    { 0x0117, 45 }, // U+0117
    { 0x0119, 45 }, // U+0119
    { 0x011B, 45 }, // U+011B
    { 0x013E, 71 }, // U+013E
    { 0x014D, 42 }, // U+014D
    { 0x014F, 42 }, // U+014F
    { 0x0151, 42 }, // U+0151
    { 0x0153, 42 }, // U+0153
    { 0x0165, 72 }, // U+0165
    { 0x0169, 57 }, // U+0169
    { 0x016A, 33 }, // U+016A
    { 0x016B, 57 }, // U+016B
    { 0x016D, 57 }, // U+016D
    { 0x016E, 33 }, // U+016E
    { 0x016F, 57 }, // U+016F
    { 0x0170, 33 }, // U+0170
    { 0x0171, 57 }, // U+0171
    { 0x0172, 33 }, // U+0172
    { 0x0173, 57 }, // U+0173
    { 0x0176, 37 }, // U+0176
    { 0x0177, 61 }, // U+0177
    { 0x0178, 37 }, // U+0178
    { 0x01A1, 42 }, // U+01A1
    { 0x01B0, 57 }, // U+01B0
    { 0x01CD, 20 }, // U+01CD
    { 0x01CE, 41 }, // U+01CE
    { 0x01D2, 42 }, // U+01D2
    { 0x01D4, 57 }, // U+01D4
    { 0x01EB, 42 }, // U+01EB
    { 0x01FB, 41 }, // U+01FB
    { 0x01FF, 42 }, // U+01FF
    { 0x0200, 20 }, // U+0200
    { 0x0201, 41 }, // U+0201
    { 0x0202, 20 }, // U+0202
    { 0x0203, 41 }, // U+0203
    { 0x0204, 22 }, // U+0204
    { 0x0205, 45 }, // U+0205
    { 0x0206, 22 }, // U+0206
    { 0x0207, 45 }, // U+0207
    { 0x020D, 42 }, // U+020D
    { 0x020F, 42 }, // U+020F
    { 0x0215, 57 }, // U+0215
    { 0x0217, 57 }, // U+0217
    { 0x1EA0, 20 }, // U+1EA0
    { 0x1EA1, 41 }, // U+1EA1
    { 0x1EA2, 20 }, // U+1EA2
    { 0x1EA3, 41 }, // U+1EA3
    { 0x1EA4, 20 }, // U+1EA4
    { 0x1EA5, 41 }, // U+1EA5
    { 0x1EA6, 20 }, // U+1EA6
    { 0x1EA7, 41 }, // U+1EA7
    { 0x1EA8, 20 }, // U+1EA8
    { 0x1EA9, 41 }, // U+1EA9
    { 0x1EAA, 20 }, // U+1EAA
    { 0x1EAB, 41 }, // U+1EAB
    { 0x1EAC, 20 }, // U+1EAC
    { 0x1EAD, 41 }, // U+1EAD
    { 0x1EAE, 20 }, // U+1EAE
    { 0x1EAF, 41 }, // U+1EAF
    { 0x1EB0, 20 }, // U+1EB0
    { 0x1EB1, 41 }, // U+1EB1
    { 0x1EB2, 20 }, // U+1EB2
    { 0x1EB3, 41 }, // U+1EB3
    { 0x1EB4, 20 }, // U+1EB4
    { 0x1EB5, 41 }, // U+1EB5
    { 0x1EB6, 20 }, // U+1EB6
    { 0x1EB7, 41 }, // U+1EB7
    { 0x1EB8, 22 }, // U+1EB8
    { 0x1EB9, 45 }, // U+1EB9
    { 0x1EBA, 22 }, // U+1EBA
    { 0x1EBB, 45 }, // U+1EBB
    { 0x1EBC, 22 }, // U+1EBC
    { 0x1EBD, 45 }, // U+1EBD
    { 0x1EBE, 22 }, // U+1EBE
    { 0x1EBF, 45 }, // U+1EBF
    { 0x1EC0, 22 }, // U+1EC0
    { 0x1EC1, 45 }, // U+1EC1
    { 0x1EC2, 22 }, // U+1EC2
    { 0x1EC3, 45 }, // U+1EC3
    { 0x1EC4, 22 }, // U+1EC4
    { 0x1EC5, 45 }, // U+1EC5
    { 0x1EC6, 22 }, // U+1EC6
    { 0x1EC7, 45 }, // U+1EC7
    { 0x1ECD, 42 }, // U+1ECD
    { 0x1ECF, 42 }, // U+1ECF
    { 0x1ED1, 42 }, // U+1ED1
    { 0x1ED3, 42 }, // U+1ED3
    { 0x1ED5, 42 }, // U+1ED5
    { 0x1ED7, 42 }, // U+1ED7
    { 0x1ED9, 42 }, // U+1ED9
    { 0x1EDB, 42 }, // U+1EDB
    { 0x1EDD, 42 }, // U+1EDD
    { 0x1EDF, 42 }, // U+1EDF
    { 0x1EE1, 42 }, // U+1EE1
    { 0x1EE3, 42 }, // U+1EE3
    { 0x1EE5, 57 }, // U+1EE5
    { 0x1EE7, 57 }, // U+1EE7
    { 0x1EE9, 57 }, // U+1EE9
    { 0x1EEB, 57 }, // U+1EEB
    { 0x1EED, 57 }, // U+1EED
    { 0x1EEF, 57 }, // U+1EEF
    { 0x1EF1, 57 }, // U+1EF1
    { 0x1EF2, 37 }, // U+1EF2
    { 0x1EF3, 61 }, // U+1EF3
    { 0x1EF5, 61 }, // U+1EF5
    { 0x2013, 73 }, // U+2013
    { 0x2014, 4 }, // U+2014
    { 0x2018, 74 }, // U+2018
    { 0x2019, 75 }, // U+2019
    { 0x201A, 76 }, // U+201A
    { 0x201C, 74 }, // U+201C
    { 0x201D, 75 }, // U+201D
    { 0x201E, 76 }, // U+201E
    { 0x2022, 77 }, // U+2022
    { 0x2212, 4 }, // U+2212
    { 0x2248, 4 }, // U+2248
    { 0x2260, 4 }, // U+2260
};

static const EpdKernClassEntry quicksand_sb_8_regularKernRightClasses[] = {
    { 0x0021, 1 }, // !
    { 0x0022, 2 }, // "
    { 0x0026, 3 }, // &
    { 0x0029, 4 }, // )
    { 0x002A, 5 }, // *
    { 0x002C, 6 }, // ,
    { 0x002E, 7 }, // .
    { 0x002F, 8 }, // /
    { 0x0031, 9 }, // 1
    { 0x0034, 10 }, // 4
    { 0x0035, 11 }, // 5
    { 0x0036, 12 }, // 6
    { 0x0037, 13 }, // 7
    { 0x0039, 14 }, // 9
    { 0x003F, 15 }, // ?
    { 0x0040, 16 }, // @
    { 0x0041, 17 }, // A
    { 0x0043, 18 }, // C
    { 0x0047, 18 }, // G
    { 0x004A, 19 }, // J
    { 0x004F, 18 }, // O
    { 0x0051, 18 }, // Q
    { 0x0053, 20 }, // S
    { 0x0054, 21 }, // T
    { 0x0055, 22 }, // U
    { 0x0056, 23 }, // V
    { 0x0057, 24 }, // W
    { 0x0058, 25 }, // X
    { 0x0059, 26 }, // Y
    { 0x005A, 27 }, // Z
    { 0x005C, 28 }, // <backslash>
    { 0x005D, 29 }, // ]
    { 0x005F, 30 }, // _
    { 0x0061, 31 }, // a
    { 0x0062, 32 }, // b
    { 0x0063, 33 }, // c
    { 0x0064, 33 }, // d
    { 0x0065, 33 }, // e
    { 0x0066, 34 }, // f
    { 0x0067, 35 }, // g
    { 0x0068, 32 }, // h
    { 0x006A, 36 }, // j
    { 0x006B, 32 }, // k
    { 0x006C, 32 }, // l
    { 0x006D, 37 }, // m
    { 0x006E, 37 }, // n
    { 0x006F, 33 }, // o
    { 0x0070, 38 }, // p
    { 0x0071, 33 }, // q
    { 0x0072, 37 }, // r
    { 0x0073, 39 }, // s
    { 0x0074, 40 }, // t
    { 0x0075, 41 }, // u
    { 0x0076, 42 }, // v
    { 0x0077, 43 }, // w
    { 0x0078, 44 }, // x
    { 0x0079, 45 }, // y
    { 0x007A, 46 }, // z
    { 0x00A1, 47 }, // U+00A1
    { 0x00B7, 48 }, // U+00B7
    { 0x00BF, 49 }, // U+00BF
    { 0x00D0, 50 }, // U+00D0
    { 0x00D9, 22 }, // U+00D9
    { 0x00DA, 22 }, // U+00DA
    { 0x00DB, 22 }, // U+00DB
    { 0x00DC, 22 }, // U+00DC
    { 0x00DD, 26 }, // U+00DD
    { 0x00DF, 51 }, // U+00DF
    { 0x00E0, 31 }, // U+00E0
    { 0x00E1, 31 }, // U+00E1
    { 0x00E2, 31 }, // U+00E2
    { 0x00E3, 31 }, // U+00E3
    { 0x00E4, 31 }, // U+00E4
    { 0x00E5, 31 }, // U+00E5
    { 0x00E8, 33 }, // U+00E8
    { 0x00E9, 33 }, // U+00E9
    { 0x00EA, 33 }, // U+00EA
    { 0x00EB, 33 }, // U+00EB
    { 0x00F0, 52 }, // U+00F0
    { 0x00F9, 41 }, // U+00F9
    { 0x00FA, 41 }, // U+00FA
    { 0x00FB, 41 }, // U+00FB
    { 0x00FC, 41 }, // U+00FC
    { 0x00FD, 45 }, // U+00FD
    { 0x00FE, 53 }, // U+00FE
    { 0x00FF, 45 }, // U+00FF
    { 0x0101, 31 }, // U+0101
    { 0x0103, 31 }, // U+0103
    { 0x0105, 31 }, // U+0105
    { 0x0113, 33 }, // U+0113
    { 0x0115, 33 }, // U+0115
    { 0x0117, 33 }, // U+0117
    { 0x0119, 33 }, // U+0119
    { 0x011B, 33 }, // U+011B
    { 0x0127, 54 }, // U+0127
    { 0x013E, 32 }, // U+013E
    { 0x0169, 41 }, // U+0169
    { 0x016A, 22 }, // U+016A
    { 0x016B, 41 }, // U+016B
    { 0x016D, 41 }, // U+016D
    { 0x016E, 22 }, // U+016E
    { 0x016F, 41 }, // U+016F
    { 0x0170, 22 }, // U+0170
    { 0x0171, 41 }, // U+0171
    { 0x0172, 22 }, // U+0172
    { 0x0173, 41 }, // U+0173
    { 0x0176, 26 }, // U+0176
    { 0x0177, 45 }, // U+0177
    { 0x0178, 26 }, // U+0178
    { 0x01B0, 41 }, // U+01B0
    { 0x01CD, 17 }, // U+01CD
    { 0x01CE, 31 }, // U+01CE
    { 0x01D4, 41 }, // U+01D4
    { 0x01FB, 31 }, // U+01FB
    { 0x0200, 17 }, // U+0200
    { 0x0201, 31 }, // U+0201
    { 0x0202, 17 }, // U+0202
    { 0x0203, 31 }, // U+0203
    { 0x0205, 33 }, // U+0205
    { 0x0207, 33 }, // U+0207
    { 0x0215, 41 }, // U+0215
    { 0x0217, 41 }, // U+0217
    { 0x1EA0, 17 }, // U+1EA0
    { 0x1EA1, 31 }, // U+1EA1
    { 0x1EA2, 17 }, // U+1EA2
    { 0x1EA3, 31 }, // U+1EA3
    { 0x1EA4, 17 }, // U+1EA4
    { 0x1EA5, 31 }, // U+1EA5
    { 0x1EA6, 17 }, // U+1EA6
    { 0x1EA7, 31 }, // U+1EA7
    { 0x1EA8, 17 }, // U+1EA8
    { 0x1EA9, 31 }, // U+1EA9
    { 0x1EAA, 17 }, // U+1EAA
    { 0x1EAB, 31 }, // U+1EAB
    { 0x1EAC, 17 }, // U+1EAC
    { 0x1EAD, 31 }, // U+1EAD
    { 0x1EAE, 17 }, // U+1EAE
    { 0x1EAF, 31 }, // U+1EAF
    { 0x1EB0, 17 }, // U+1EB0
    { 0x1EB1, 31 }, // U+1EB1
    { 0x1EB2, 17 }, // U+1EB2
    { 0x1EB3, 31 }, // U+1EB3
    { 0x1EB4, 17 }, // U+1EB4
    { 0x1EB5, 31 }, // U+1EB5
    { 0x1EB6, 17 }, // U+1EB6
    { 0x1EB7, 31 }, // U+1EB7
    { 0x1EB9, 33 }, // U+1EB9
    { 0x1EBB, 33 }, // U+1EBB
    { 0x1EBD, 33 }, // U+1EBD
    { 0x1EBF, 33 }, // U+1EBF
    { 0x1EC1, 33 }, // U+1EC1
    { 0x1EC3, 33 }, // U+1EC3
    { 0x1EC5, 33 }, // U+1EC5
    { 0x1EC7, 33 }, // U+1EC7
    { 0x1EE5, 41 }, // U+1EE5
    { 0x1EE7, 41 }, // U+1EE7
    { 0x1EE9, 41 }, // U+1EE9
    { 0x1EEB, 41 }, // U+1EEB
    { 0x1EED, 41 }, // U+1EED
    { 0x1EEF, 41 }, // U+1EEF
    { 0x1EF1, 41 }, // U+1EF1
    { 0x1EF2, 26 }, // U+1EF2
    { 0x1EF3, 45 }, // U+1EF3
    { 0x1EF5, 45 }, // U+1EF5
    { 0x201C, 55 }, // U+201C
    { 0x201D, 56 }, // U+201D
    { 0x2022, 57 }, // U+2022
};

static const int8_t quicksand_sb_8_regularKernMatrix[] = {
       0,    0,    0,   -4,    0,    0,    0,    0,    0,    0,    0,    0,    0,    0,    0,    0,    0,    0,    0,    0,    0,    0,   -3,    0,    0,    0,    0,    0,    0,    0,    0,    0,    0,    0,    0,    0,    0,    0,    0,    0,    0,   -2,    0,    0,    0,    0,    0,    0,    0,    0,    0,   -3,    0,    0,    0,    0,    0,
       0,    0,    0,    0,    0,    0,    0,    0,    0,    0,    0,    0,    0,    0,    0,    0,    0,    0,    0,    0,    0,    0,    0,    0,    0,    0,    0,    0,    0,    0,    0,    0,    0,    0,    0,    0,    0,    0,    0,    0,    0,    0,    0,    0,    0,    0,    0,    0,    0,    0,    0,    0,    4,    0,    0,    0,    0,
       0,    0,    0,    0,    0,    0,    0,    0,    0,    0,    0,    0,    0,    0,    0,    0,    0,    0,    0,    0,    0,    0,    0,    0,    0,    0,    0,    0,    0,    0,    0,    0,    0,    0,    0,    0,    0,    0,    0,    0,    0,    1,    0,    0,    0,    0,    0,    0,    0,    0,    0,   -7,    0,    0,    0,    0,    0,
       0,    0,    0,    0,    0,    0,    0,    0,  -11,    0,    0,    0,    0,    0,    0,    0,    0,    0,    0,    0,    0,    0,    0,    0,    0,    0,    0,    0,    0,    0,    0,    0,    0,    0,    0,    0,    0,    0,    0,    0,    0,    0,    0,    0,    0,    0,    0,    0,    0,    0,    0,    0,    0,    0,    0,    0,    0,
       0,    0,    0,    0,    0,    0,    0,    0,  -17,    0,    0,    0,    0,    0,    0,    0,    0,    0,    0,    0,    0,    0,    0,    0,    0,    0,    0,    0,    0,    0,    0,    0,    0,    0,    0,    3,    0,    0,    0,    0,    0,    0,    0,    0,    0,    0,    0,    0,    0,    0,    0,    0,    0,    0,    0,    0,    0,
       0,    0,    0,    0,    0,    0,    0,    0,  -13,   -8,    0,    0,    0,    0,    0,    0,    0,    0,    0,    0,    0,    0,    0,    0,    0,    0,    0,    0,    0,    0,    0,    0,    0,    0,    0,    0,    0,    0,    0,    0,    0,    0,    0,    0,    0,    0,    0,    0,    0,    0,    0,    0,    0,    0,    0,    0,    0,
       0,    0,    0,    0,    0,    0,    0,  -25,    0,    0,    0,    0,    0,    0,    0,    0,    0,    0,    0,    0,    0,    0,    0,    0,    0,    0,    0,    0,    0,    0,    0,    0,    0,    0,    0,    0,    0,    0,    0,    0,    0,    0,    0,   -1,    0,    0,    0,    0,    0,    0,   -3,   -9,    0,    0,    0,    0,    0,
       0,    0,    0,    0,    0,    0,    0,    0,    0,    0,    0,    0,  -12,    0,    0,    0,   -1,    0,   -4,    0,   -5,    0,   -3,   -1,   -8,   -7,   -4,    0,    0,    0,    0,    0,    2,    0,    0,    0,    0,    0,    0,    0,    0,    0,    0,   -3,    0,    0,    0,    0,    0,    0,    0,    0,    0,    0,    0,    0,    0,
       0,    0,    0,    0,    0,    0,    0,    0,    0,   -1,    0,    0,    0,    0,    0,    0,    0,    0,    0,    0,    0,    0,    0,    0,    0,    0,    0,    0,    0,    0,    0,    0,    0,    0,    0,    0,    0,    0,    0,    0,    0,    0,    0,    0,    0,    0,    0,    0,    0,    0,    0,    0,    0,    0,    0,    0,    0,
       0,    0,    0,    0,    0,    0,    0,    0,    0,   -1,    0,    0,   -2,    0,    0,    0,    0,    0,    0,    0,    0,    0,    0,    0,    0,    0,    0,    0,    0,    0,    0,    0,    0,    0,    0,    0,    0,    0,    0,    0,    0,    0,    0,    0,    0,    0,    0,    0,    0,    0,    0,    0,    0,    0,    0,    0,    0,
       0,    0,    0,    0,    0,    0,    0,    0,   -6,    0,    1,    0,   -8,   -5,    0,    0,    0,    0,    0,    0,    0,    0,    0,    0,    0,    0,    0,    0,    0,    0,    0,    0,    0,    0,    0,    0,    0,    0,    0,    0,    0,    0,    0,    0,    0,    0,    0,    0,    0,    0,    0,    0,    0,    0,    0,    0,    0,
       0,    0,    0,    0,    0,    0,   -9,    0,    0,    0,    0,    0,    0,    0,    0,    0,    0,    0,    0,    0,    0,    0,    0,    0,    0,    0,    0,    0,    0,    0,    0,    0,    0,    0,    0,    0,    0,    0,    0,    0,    0,    0,    0,    0,    0,    0,    0,    0,    0,    0,    0,    0,    0,    0,    0,    0,    0,
       0,    0,    0,    0,    0,    0,    0,    0,   -4,    1,    0,    0,    0,    0,    0,    0,    0,    0,    0,    0,    0,    0,    0,    0,    0,    0,    0,    0,    0,    0,    0,    0,    0,    0,    0,    0,    0,    0,    0,    0,    0,    0,    0,    0,    0,    0,    0,    0,    0,    0,    0,    0,    0,    0,    0,    0,    0,
       0,    0,    0,    0,    0,   -9,  -18,    0,   11,  -11,    0,   -8,    0,    0,    0,    0,    0,   -5,    0,    0,    0,    0,    0,    0,    0,    0,    0,    0,    0,    0,    0,    0,    0,    0,    0,    0,    0,    0,    0,    0,    0,    0,    0,    0,    0,    0,    0,    0,    0,    0,    0,    0,    0,    0,    0,    0,    0,
       0,    0,    0,    0,    0,    0,    0,    0,    0,    0,    0,    0,   -3,    0,    0,    0,    0,    0,    0,    0,    0,    0,    0,    0,    0,    0,    0,    0,    0,    0,    0,    0,    0,    0,    0,    0,    0,    0,    0,    0,    0,    0,    0,    0,    0,    0,    0,    0,    0,    0,    0,    0,    0,    0,    0,    0,    0,
       0,    0,    0,    0,    0,   -5,  -11,    0,    1,    0,    0,    0,   -8,    0,    0,    0,    0,    0,    0,    0,    0,    0,    0,    0,    0,    0,    0,    0,    0,    0,    0,    0,    0,    0,    0,    0,    0,    0,    0,    0,    0,    0,    0,    0,    0,    0,    0,    0,    0,    0,    0,    0,    0,    0,    0,    0,    0,
       0,    0,    0,    0,    0,    0,    0,    0,   -6,    0,    0,    0,    0,    0,    0,    0,    0,    0,    0,    0,    0,    0,    0,    0,    0,    0,    0,    0,    0,    0,    0,    0,    0,    0,    0,    0,    0,    0,    0,    0,    0,    0,    0,    0,    0,    0,    0,    0,    0,    0,    0,    0,    0,    0,    0,    0,    0,
       0,    0,    0,    0,    0,    0,    0,    0,    0,    0,    0,    0,    0,    0,    0,    0,    0,    0,    0,    0,    0,    0,    0,    0,    0,    0,    0,    0,    0,    0,    0,    0,    0,    0,    0,    0,    0,    0,    0,    0,    0,    0,    0,    0,    0,    0,    0,    0,    0,    0,    0,   -4,    0,    0,    0,    0,    0,
       0,    0,    0,    0,    0,    0,    0,    0,    0,    0,    0,    0,    0,    0,    0,    0,    0,    0,    0,    0,    0,    0,   -1,    0,    0,    0,    0,    0,    0,    0,    0,    0,    0,    0,    0,    0,    0,    0,    0,    0,    0,    0,    0,   -1,    0,    0,    0,    0,    0,    0,    0,    0,    0,    0,    0,    0,    0,
       0,    0,    0,    0,    0,    0,    0,    0,    0,    0,    0,    0,    0,    0,    0,    0,    0,   -1,    0,    0,  -13,   -3,  -25,   -6,    0,  -11,    0,    0,    0,    0,    5,    0,    0,    0,    0,    0,    0,    0,    0,   -1,   -3,   -7,   -2,    0,   -7,    0,    0,    0,    0,    0,    0,    0,    0,    0,    0,    0,    0,
       0,    0,    0,    0,    0,    0,    0,    0,    0,    0,    0,    0,    0,    0,    0,    0,    0,    0,    0,    0,   -4,    0,   -2,   -2,   -3,   -6,    0,    0,    0,    0,    0,   -1,    0,    0,   -1,    0,    0,    0,    0,    0,    0,    0,    0,   -1,    0,    0,    0,    0,    0,    0,    0,    0,    0,    0,    0,    0,    0,
       0,    0,    0,    0,    0,    0,    0,    0,    0,    0,    0,    0,    0,    0,    0,    0,    0,    0,   -3,    0,    0,    0,    0,    0,    0,    0,    0,    0,    0,    0,    0,    0,   -1,    0,   -3,    0,    0,    0,    0,    0,   -3,   -4,    0,    0,   -3,    0,    0,    0,    0,    0,    0,    0,    0,    0,    0,    0,    0,
       0,    0,    0,    0,    0,    0,    0,    0,    0,    0,    0,    0,    0,    0,    0,    0,   -9,   -2,  -32,   -1,    4,    0,    0,    0,   -1,    0,    0,    0,    0,    0,   -5,    0,   -4,    0,   -3,    0,   -2,   -2,   -3,    0,   -4,   -1,    0,   -4,    0,   -1,    0,    0,    0,    0,    0,    0,    0,    0,    0,    0,    0,
       0,    0,    0,    0,    0,    0,    0,    0,    0,    0,    0,    0,    0,    0,    0,    0,    0,    0,    0,    0,   -7,    0,   -4,   -3,    0,   -6,    0,    0,    0,    0,    4,    0,    0,    0,    0,    0,    0,    0,    0,    0,    0,    0,    0,    0,    0,    0,    0,    0,    0,    0,    0,    0,    0,    0,    0,    0,    0,
       0,    0,    0,    0,    0,    0,    0,    0,    0,    0,    0,    0,    0,    0,    0,    0,   -4,    0,    0,    0,    0,    0,    0,    0,    0,    0,    0,    0,    0,    0,    0,    0,    0,    0,    0,    0,    0,    0,    0,    0,    0,    0,    0,    0,    0,    0,    0,    0,    0,    0,    0,    0,    0,    0,    0,    0,    0,
       0,    0,    0,    0,    0,    0,    0,    0,    0,    0,    0,    0,    0,    0,    0,    0,    0,   -8,   -1,   -3,    0,   -4,   -1,   -1,    0,    5,    0,    0,    0,    0,    0,    0,   -6,    0,    0,    0,   -2,   -2,   -1,   -1,   -3,   -2,   -4,    0,   -5,    0,    0,    0,    0,    0,    0,    0,    0,    0,    0,    0,    0,
       0,    0,    0,    0,    0,    0,    0,    0,    0,    0,    0,    0,    0,    0,    0,    0,    0,   -3,    0,    0,  -23,   -5,  -13,   -8,    0,  -16,    0,    0,    0,    0,    0,    0,    0,    0,    0,    0,    0,    0,    0,   -1,    0,   -6,   -1,    0,   -6,    5,    0,    0,    0,    0,    0,    0,    0,    0,    0,    0,    0,
       0,    0,    0,    0,    0,  -33,  -27,    0,    0,    0,    0,    0,    0,    0,    0,    0,  -11,    0,  -20,    0,    0,    0,    0,    2,   -4,    0,   -4,    0,    0,    0,   -1,    0,   -3,    2,   -3,    0,    0,    0,    0,    4,   -1,    3,    4,    0,    3,    0,    0,    0,    0,    0,    0,    0,    0,    0,    0,    0,    0,
       0,    0,    0,    0,    0,    0,    0,    0,    0,    0,    0,    0,  -12,    0,    0,    0,   -1,    0,   -4,    0,   -5,    0,   -3,   -1,   -8,   -7,   -4,    0,    0,   -2,    0,    0,    2,    0,    0,    0,    0,    0,    0,    0,    0,    0,    0,   -3,    0,    0,    0,    0,    0,    0,    0,    0,    0,    0,    0,    0,    0,
       0,    0,    0,    0,    0,    0,    0,    0,    0,    0,    0,    0,    0,    0,    0,    0,    0,   -3,    0,    0,   -4,   -1,   -4,    0,    0,   -5,    0,    0,    0,    0,    1,    0,   -1,    0,    0,    0,    0,    0,    0,    0,   -3,    0,    0,    0,    0,    0,    0,    0,    0,    0,    0,    0,    0,    0,    0,    0,    0,
       0,    0,    0,    0,    0,    0,    0,    0,    0,    0,    0,    0,    0,    0,    0,    0,    0,    0,    0,    0,    0,    0,    0,    0,   -4,   -4,    0,    0,    0,    0,    0,    0,    0,    0,    0,    0,    0,    0,    0,    0,    0,    0,    0,    0,    0,    0,    0,    0,    0,    0,    0,    0,    0,    0,    0,    0,    0,
       0,    0,    0,    0,    0,    0,  -27,    0,    0,    0,    0,    0,    0,    0,    0,    0,  -13,   -5,  -17,    0,    8,    0,    3,    3,    0,    3,    0,    0,    0,    0,  -27,    0,  -32,    0,  -12,    0,  -16,   -5,  -28,    0,  -32,   -3,  -32,   -4,  -10,  -32,    0,    0,    0,    0,    0,    0,    0,    1,    0,    0,    0,
       0,    0,    0,    0,    0,    0,    0,    0,    0,    0,    0,    0,    0,    0,    0,    0,   -3,    0,   -3,   -3,    0,    0,    0,    0,   -3,   -3,    0,    0,    0,    0,    0,    0,    0,    0,    0,    0,    0,    0,    0,    0,    0,    0,    0,   -1,    0,    0,    0,    0,    0,    0,    0,    0,    0,    0,    0,    0,    0,
       0,    0,   -1,    0,    0,    0,    0,   -4,    0,    0,    0,    0,    0,    0,    2,   -1,   -9,   -3,  -15,   -3,    3,    0,    0,    0,    0,    0,    0,    0,    0,   -7,   -3,    0,   -6,    0,   -5,    0,   -3,   -3,   -4,    0,   -3,    0,    0,    0,    0,   -1,   -1,   -3,   -5,    0,    0,    0,    0,    0,    0,    0,   -2,
       0,    0,    0,    0,    0,    0,    0,    0,    0,    0,    0,    0,    0,    0,    0,    0,   -6,   -1,   -8,   -3,    3,    0,    0,    0,    0,    0,    0,    0,    0,    0,   -2,    0,   -4,    0,   -5,    0,   -1,   -1,    0,    0,   -3,    0,    0,    0,    0,    0,    0,    0,    0,    0,    0,    0,    0,    0,    0,    0,    0,
       0,    0,    0,    0,    0,    0,    0,    0,    0,    0,    0,    0,    0,    0,    0,    0,    0,   -7,    0,   -4,    0,   -3,    0,    0,    0,    0,    0,    0,    0,    0,    0,    0,   -4,    0,   -1,    0,    0,    0,    0,    0,   -3,   -7,   -5,    0,   -6,    0,    0,    0,    0,    0,    0,    0,    0,    0,    0,    0,    0,
       0,    0,    0,    0,    0,    0,    0,    0,    0,    0,    0,    0,    0,    0,    0,    0,  -11,   -7,  -19,   -7,    3,   -3,    0,    0,    0,    0,    0,    0,    0,    0,   -9,    0,  -11,    0,  -10,    0,   -6,   -6,  -10,    0,   -5,   -3,   -3,   -5,   -3,   -3,    0,    0,    0,    0,    0,    0,    0,    0,    0,    0,    0,
       0,    0,    0,    0,    0,    0,    0,    0,    0,    0,    0,    0,    0,    0,    0,    0,    0,   -1,    0,    0,    0,    0,    0,    0,    0,    0,    0,    0,    0,    0,    0,    0,   -1,    0,    0,    0,    0,    0,    0,    0,   -1,   -1,    0,    0,    0,    0,    0,    0,    0,    0,    0,    0,    0,    0,    0,    0,    0,
       0,    0,    0,    0,    0,    0,    0,    0,    0,    0,    0,    0,    0,    0,    0,    0,    0,    0,    0,    0,    0,    0,   -4,    0,    0,    0,    0,  -25,    0,    0,    0,    0,    0,    0,    0,    0,    0,    0,    0,    0,    0,   -2,    0,    0,    0,    0,    0,    0,    0,    0,   -2,   -6,    0,    0,    0,    0,    0,
       0,    0,    0,    0,    0,    0,    0,    0,    0,    0,    0,    0,    0,    0,    0,    0,    0,    0,    0,    0,    0,    0,   -7,    0,    0,    0,    0,    0,    0,    0,    0,    0,    0,    0,    0,    0,    0,    0,    0,    0,    0,   -5,    0,    0,    0,    0,    0,    0,    0,    0,    0,   -9,    2,    0,    0,    0,    0,
       0,    0,    0,    0,    0,    0,    0,    0,    0,    0,    0,    0,    0,    0,    0,    0,    5,   -5,    0,    0,  -17,   -3,   -7,   -3,    0,  -14,    0,    0,    0,    0,    3,    0,    0,    0,    0,    0,    0,    0,    0,    0,   -3,   -3,   -2,    0,    0,    0,    0,    0,    0,    0,    0,    0,    0,    0,    0,    0,    0,
       0,    0,    0,    0,    0,    0,    0,    0,    0,    0,    0,    0,    0,    0,    0,    0,    0,    0,    0,    0,  -13,    0,   -6,   -4,   -4,  -10,   -3,    0,    0,    0,    0,    0,    0,    0,    0,    0,    0,    0,    0,    0,    0,   -1,    0,   -1,    0,   -3,    0,    0,    0,    0,    0,    0,    0,    0,    0,    0,    0,
       0,    0,    0,    0,    0,    0,    0,    0,    0,    0,    0,    0,    0,    0,    0,    0,    0,    0,    0,    0,   -8,    0,   -4,   -3,   -1,   -9,    0,    0,    0,    0,    0,    0,    0,    0,    0,    0,    0,    0,    0,    0,    0,    0,    0,    0,    0,    0,    0,    0,    0,    0,    0,    0,    0,    0,    0,    0,    0,
       0,    0,    0,    0,    0,    0,    0,    0,    0,    0,    0,    0,    0,    0,    0,    0,    0,    0,    0,    0,    0,    0,    0,    0,    0,    0,    0,    0,    0,    0,    0,    0,    0,    0,    0,    0,    0,    0,    0,    0,    4,    0,    0,    0,    0,    0,    0,    0,    0,    0,    0,    0,    0,    0,    0,    0,    0,
       0,    0,    0,    0,    0,    0,    0,    0,    0,    0,    0,    0,    0,    0,    0,    0,    0,    0,    0,    0,  -12,    0,   -5,   -3,   -3,   -9,    0,    0,    0,    0,    1,    0,    0,    0,   -1,    0,    0,    0,    0,    0,    0,   -1,    0,   -1,   -1,    0,    0,    0,    0,    0,    0,    0,    0,    0,    0,    0,    0,
       0,    0,    0,    0,    0,    0,    0,    0,    0,    0,    0,    0,    0,    0,    0,    0,   -5,    0,    0,    0,   16,    0,   15,   13,   13,   13,   13,    0,    0,    0,    0,    0,   -9,    0,    0,    0,    0,    0,    0,    1,    0,    3,    1,    0,    0,    1,    0,    0,    0,    0,    0,    0,    0,    4,    0,    0,    0,
       0,    0,    0,    0,    0,   -1,    0,    0,    0,    0,    0,    0,    0,    0,    0,    0,   -4,   -3,    0,   -1,    0,    0,    0,    0,    0,   -4,    0,    0,    0,    0,   -1,    0,   -5,    0,    0,    3,    0,    0,   -3,    0,   -2,    0,    0,    0,    0,    0,    0,    0,    0,    0,    0,    0,    0,    0,    0,    0,    0,
       0,    0,    0,    0,    0,    0,    0,    0,    0,    0,    0,    0,    0,    0,    0,    0,    0,    0,    0,    0,   -8,    0,   -4,    0,    0,   -7,    0,    0,    0,    0,    0,    0,    0,    0,    0,    0,    0,    0,    0,    0,    0,   -1,    0,    0,   -1,    0,    0,    0,    0,    0,    0,    0,    0,    0,    0,    0,    0,
       0,    0,    0,    0,    0,    0,    0,    0,    0,    0,    0,    0,    0,    0,    0,    0,    0,    0,    0,    0,   -8,    0,    0,    0,    0,    0,    0,    0,    0,    0,    0,    0,    0,    0,    0,    0,    0,    0,    0,    0,    0,    0,    0,    0,    0,    0,    0,    0,    0,    0,    0,    0,    0,    0,    0,    0,    0,
       0,    0,    0,    0,    0,    0,    0,    0,    0,    0,    0,    0,    0,    0,    0,    0,    0,    0,    0,    0,   -8,   -3,    0,    0,    0,    0,    0,    0,    0,    0,    0,    0,    0,    0,    0,    1,    0,    0,    0,    0,    0,    0,    0,    0,    0,    0,    0,    0,    0,    0,    0,    0,    0,    0,    0,    0,    0,
       0,    0,    0,    0,    0,    0,    0,    0,    0,    0,    0,    0,    0,    0,    0,    0,    0,   -3,    0,    0,    0,    0,    0,    0,    0,   -5,    0,    0,    0,    0,   -1,   -1,   -6,    0,    0,   -1,    0,    0,   -1,    0,   -1,    0,    0,    0,    0,    0,    0,    0,    0,    0,    0,    0,    0,    0,    0,    0,    0,
       0,    0,    0,    0,    0,    0,    0,    0,    0,    0,    0,    0,    0,    0,    0,    0,    0,   -5,    0,    0,   -7,    0,   -8,   -5,    0,   -8,    0,    0,    0,    0,    0,    0,   -3,    0,   -3,   -4,    0,    0,    0,   -1,   -1,   -7,   -4,    0,   -4,    0,    0,    0,    0,    0,    0,    0,    0,    0,    0,    0,    0,
       0,    0,    0,    0,    0,    0,    0,    0,    0,    0,    0,    0,    0,    0,    0,    0,    0,    0,    0,    0,   -5,    0,   -5,    0,    0,   -4,    0,   -1,    0,    0,    0,    0,    0,    0,    0,    0,    0,    0,    0,    0,    0,    0,    0,    0,    0,    0,    0,    0,    0,    0,    0,    0,    0,    0,    0,    0,    0,
       0,    0,    0,    0,    0,    0,  -31,    0,    0,    0,    0,    0,    0,    0,    0,    0,   -8,    0,    0,    0,   -3,    0,    0,    0,   -4,    0,    0,    0,    0,    0,   -3,    0,   -6,    0,   -4,   -3,    0,    0,    0,    0,    0,   13,   13,    0,    0,    0,    0,    0,    0,    0,    0,    0,    0,    0,    0,    0,    0,
       0,    0,    0,    0,    0,    0,    0,    0,    0,    0,    0,    0,    0,    0,    0,    0,    0,   -1,    0,    0,  -12,    0,   -1,    0,   -1,   -5,    0,    0,    0,    0,    2,    0,    0,    0,    0,    0,    0,    0,    0,    0,    0,    0,    0,   -1,    0,    0,    0,    0,    0,    0,    0,    0,    0,    0,    0,    0,    0,
       0,    0,    0,    0,    0,    0,    0,    0,    0,    0,    0,    0,    0,    0,    0,    0,    0,    0,    0,    0,    0,    0,    0,    0,    0,    0,    0,    0,    0,    0,    0,    0,   -1,   -7,   -1,    0,    0,    0,    5,    0,    0,    0,   11,    0,    0,    0,    0,    0,    0,    0,    0,    0,    0,    0,    0,    0,    0,
       0,    0,    0,    0,    0,    0,    0,    0,    0,    0,    0,    0,    0,    0,    0,    0,    0,    0,    0,    0,   -8,    0,   -3,   -3,    0,   -4,    0,    0,    0,    0,    0,    0,    0,    0,   -3,    0,    0,    0,    0,    0,    0,    0,    0,    0,    0,    0,    0,    0,    0,    0,    0,    0,    0,    0,    0,    0,    0,
       0,    0,    0,    0,    1,    0,    0,   -2,    0,    0,    0,    0,    0,    0,    1,    0,   -7,    0,    0,    0,   -3,    0,    0,    0,   -7,   -3,   -5,    0,    0,   -5,   -1,    0,   -1,    0,   -1,    0,    0,    0,   -1,   13,    0,   13,    0,    0,    0,    0,    0,    0,   -3,    0,    0,   -1,    0,    0,    0,    0,    0,
       0,    0,    0,    0,    0,    0,    0,    0,    0,    0,    0,    0,    0,    0,    0,    0,   -1,    0,    0,    0,   -3,    0,    0,    0,   -5,   -3,   -1,    0,    0,    0,    1,    0,    0,    0,    0,    0,    0,    0,   -1,   13,    0,   11,    0,    0,    0,    0,    0,    0,    0,    0,    0,    0,    0,    0,    0,    0,    0,
       0,    0,   -1,    0,    0,    0,    0,    0,    0,    0,    0,    0,    0,    0,    0,    0,    0,   -3,    0,    0,   -4,   -1,    0,    0,    0,   -5,    0,   -1,    0,    0,    0,    0,   -1,    0,    0,    0,    0,    0,   -1,   13,   -1,    0,    0,    0,    0,    0,    0,   -1,    0,    0,    0,   -1,    0,    0,    0,    0,    0,
       0,    0,    0,    0,    0,    0,    0,    0,    0,    0,    0,    0,    0,    0,    0,    0,   -7,    0,    0,    0,   -3,    0,    0,    0,   -5,   -3,   -3,    0,    0,    0,    0,    0,   -1,    0,   -4,    0,    0,    0,   -3,    0,    0,    0,    0,    0,    0,    0,    0,    0,    0,    0,    0,    0,    0,    0,    0,    0,    0,
       0,    0,    0,    0,    0,    0,    0,    0,    0,    0,    0,    0,    0,    0,    0,    0,    0,    0,    0,    0,   -3,    0,    0,    0,    0,   -3,    0,    0,    0,    0,    0,    0,   -3,    0,    0,    0,    0,    0,    0,    0,    0,    0,    0,    0,    0,    0,    0,    0,    0,    0,    0,    0,    0,    0,    0,    0,    0,
       0,    0,    0,    0,    0,    0,    0,    0,    0,    0,    0,    0,    0,    0,    0,    0,    0,    0,    0,    0,    0,    0,   -1,    0,    0,    0,    0,    0,    0,    0,    0,    0,    0,    0,    0,    0,    0,    0,    0,    0,    0,    0,    0,    0,    0,    0,    0,    0,    0,    0,    0,    0,    0,    0,    0,    0,    0,
       0,    0,    0,    0,    0,    0,    0,    0,    0,    0,    0,    0,    0,    0,    0,    0,    0,    0,    0,    0,    0,    0,   -3,    0,    0,    0,    0,    0,    0,    0,    0,    0,    0,    0,    0,    0,    0,    0,    0,    0,    0,    0,    0,   -1,    0,    0,    0,    0,    0,    0,    0,    3,    0,    0,    0,    0,    0,
       0,    0,    0,    0,    0,    0,    0,    0,    0,    0,    0,    0,    0,    0,    0,    0,    0,    0,    0,    0,    0,    0,   -4,    0,    0,    0,    0,    0,    0,    0,    0,    0,    0,    0,    0,    0,    0,    0,    0,    0,    0,   -2,    0,    0,    0,    0,    0,    0,    0,    0,    0,   -8,    0,    0,    0,    0,    0,
       3,    0,    0,    0,   -1,    0,    0,  -11,    0,    0,    0,    0,    0,    0,    0,    0,    0,    0,    0,    0,    0,    0,    0,    0,    0,    0,    0,   -5,    0,  -14,    0,    0,    0,    0,    0,    0,    0,    0,    0,    0,    0,    1,    0,   -1,    0,    0,    5,    7,   -5,    0,    0,    0,    0,    0,    0,    0,    1,
       0,    0,    0,    0,   -5,    0,    0,   -3,    0,    0,    0,    0,    0,    0,    0,    0,    0,    0,    0,    0,    0,    0,    0,    0,    0,    0,    0,   -1,    0,   -9,    0,    0,    0,    0,    0,    0,    0,    0,    0,    0,    0,   -1,    0,   -1,    0,    0,    0,    3,    0,    0,    0,    0,    0,    0,    0,    0,    0,
       0,    0,    0,    0,   -4,    0,    0,   -8,    0,    0,    0,    0,    0,    0,    0,    0,    0,    0,    0,    0,    0,    0,    0,    0,    0,    0,    0,    0,    0,  -14,    0,    0,    0,    0,    0,    0,    0,    0,    0,    0,    0,    0,    0,   -1,    0,    0,    0,    3,   -5,    0,    0,    0,    0,    0,    0,    0,    0,
       0,    0,    0,    0,    0,    0,    0,    0,   -8,    0,    0,    0,    0,    0,    0,    0,    0,    0,    0,    0,    0,    0,    0,    0,    0,    0,    0,    0,    0,    0,    0,    0,    0,    0,    0,    0,    0,    0,    0,    0,    0,    0,    0,    0,    0,    0,    0,    0,    0,    0,    0,    0,    0,    0,    0,    0,    0,
       0,   26,    0,   34,   19,    0,    0,    0,    0,    0,    0,    0,    0,    0,    0,    0,    0,    0,    0,    0,    0,    0,    0,    0,    0,    0,    0,   29,   35,    0,    0,    8,    0,    0,    0,    0,    0,    0,    0,    0,    0,    0,    0,    0,    0,    0,    0,    0,    0,    0,    0,    3,   16,    0,   24,   29,    0,
       0,   17,    0,   28,    7,    0,    0,    0,    0,    0,    0,    0,    0,    0,    0,    0,    0,    0,    0,    0,    0,    0,    0,    0,    0,    0,    0,   23,   27,    0,    0,    8,    0,    0,    0,    0,    0,    0,    0,    0,    0,    0,    0,    0,    0,    0,    0,    0,    0,    0,    0,    3,   16,    0,   18,   21,    0,
       0,    0,    0,    9,    0,    0,    0,    0,    0,    0,    0,    0,    0,    0,    0,    0,    0,    0,    0,    0,    0,    0,    0,    0,    0,    0,    0,    0,    5,    0,    0,    0,    0,    0,    0,    0,    0,    0,    0,    0,    0,    0,    0,    0,    0,    0,    0,    0,    0,    0,    0,    0,    0,    0,    3,    3,    0,
       0,    0,    0,    0,    0,    0,    0,    0,  -11,    0,    0,    0,    0,    0,    0,    0,    0,    0,    0,    0,    0,    0,    0,    0,    0,    0,    0,    0,    0,    0,    0,    0,    0,    0,    0,    0,    0,    0,    0,    0,    0,    0,    0,    0,    0,    0,    0,    0,    0,    2,    0,    0,    0,    0,    0,    0,    0,
       0,    0,    0,    0,    0,    0,    0,    0,    0,  -11,    0,    0,    0,   -7,    0,    0,    0,    0,    0,    0,    0,    0,    0,    0,    0,    0,    0,    0,    0,    0,    0,    0,    0,    0,    0,    0,    0,    0,    0,    0,    0,    0,    0,    0,    0,    0,    0,    0,    0,    0,    0,    0,    0,    0,    0,    0,    0,
       0,    0,    0,    0,    0,    0,    0,    0,    0,  -16,    0,  -11,    0,   -7,    0,    0,    0,    0,    0,    0,    0,    0,    0,    0,    0,    0,    0,    0,    0,    0,    0,    0,    0,    0,    0,    0,    0,    0,    0,    0,    0,    0,    0,    0,    0,    0,    0,    0,    0,    0,    0,    0,    0,    0,    0,    0,    0,
       0,    0,    0,    0,    0,    0,    0,    0,    0,    0,    0,    0,    0,    0,    0,    0,    0,    0,    0,    0,    0,    0,    0,    0,    0,    0,    0,    0,    0,    0,    0,    0,    0,    0,    0,    1,    0,    0,    0,    0,    0,    0,    0,    0,    0,    0,    0,    0,    0,    0,    0,    0,    0,    0,    0,    0,    0,
       0,    0,    0,    0,    0,    0,    0,    0,    0,    0,    0,    0,    0,    0,    0,    0,    0,    0,    0,    0,    0,    0,   -2,    0,    0,    0,    0,    0,    0,    0,    0,    0,    0,    0,    0,    0,    0,    0,    0,    0,    0,    0,    0,    0,    0,    0,    0,    0,    0,    2,    0,    0,    0,    0,    0,    0,    0,
};

static const EpdLigaturePair quicksand_sb_8_regularLigaturePairs[] = {
    { 0x00660069, 0xFB01 }, // f i -> U+FB01
    { 0x0066006C, 0xFB02 }, // f l -> U+FB02
};

static const EpdFontData quicksand_sb_8_regular = {
    quicksand_sb_8_regularBitmaps,
    quicksand_sb_8_regularGlyphs,
    quicksand_sb_8_regularIntervals,
    57,
    21,
    17,
    -5,
    false,
    nullptr,
    0,
    nullptr,
    quicksand_sb_8_regularKernLeftClasses,
    quicksand_sb_8_regularKernRightClasses,
    quicksand_sb_8_regularKernMatrix,
    228,
    167,
    77,
    57,
    quicksand_sb_8_regularLigaturePairs,
    2,
};
