/**
 * generated by fontconvert.py
 * name: quicksand_12_regular
 * size: 12
 * mode: 1-bit
 * Command used: fontconvert.py quicksand_12_regular 12 ../builtinFonts/source/Quicksand/Quicksand-Regular.ttf
 */
#pragma once
#include "EpdFontData.h"

static const uint8_t quicksand_12_regularBitmaps[16752] = {
    0x5B, 0x6D, 0xB6, 0xDB, 0x6C, 0x06, 0xFC, 0x67, 0xE7, 0xE6, 0xC6, 0xC6, 0xC6, 0xCC, 0x00, 0x02,
    0x0C, 0x06, 0x0C, 0x06, 0x1C, 0x06, 0x1C, 0x0E, 0x18, 0x7F, 0xFF, 0x3F, 0xFF, 0x0C, 0x18, 0x0C,
    0x38, 0x0C, 0x38, 0x0C, 0x30, 0x1C, 0x30, 0xFF, 0xFE, 0x7F, 0xFE, 0x18, 0x70, 0x18, 0x60, 0x18,
    0x60, 0x18, 0x60, 0x03, 0x00, 0x18, 0x00, 0xC0, 0x1F, 0x81, 0xFF, 0x1D, 0xBD, 0xCC, 0x6E, 0x60,
    0x73, 0x01, 0x98, 0x0F, 0xC0, 0x3F, 0x00, 0x7E, 0x01, 0xF8, 0x0C, 0xE0, 0x63, 0x03, 0x1B, 0x18,
    0xDC, 0xCE, 0xFF, 0xE1, 0xFE, 0x01, 0x80, 0x0C, 0x00, 0x60, 0x03, 0x00, 0x38, 0x06, 0x1F, 0x03,
    0x8C, 0x60, 0xC3, 0x18, 0x70, 0xC6, 0x38, 0x31, 0x8C, 0x0C, 0x67, 0x03, 0xB9, 0x80, 0x7C, 0xC0,
    0x0E, 0x73, 0xC0, 0x19, 0xF8, 0x0C, 0xE6, 0x07, 0x31, 0xC1, 0x8C, 0x70, 0xC3, 0x1C, 0x70, 0xE6,
    0x18, 0x1F, 0x8C, 0x07, 0xC0, 0x00, 0x40, 0x07, 0xE0, 0x07, 0xF8, 0x03, 0x0E, 0x03, 0x83, 0x01,
    0x80, 0x00, 0xE0, 0x00, 0x30, 0x00, 0x3C, 0x00, 0x3F, 0x00, 0x39, 0x80, 0x18, 0xE1, 0x9C, 0x38,
    0xCE, 0x0F, 0x67, 0x03, 0xF1, 0x80, 0x70, 0xE0, 0x7C, 0x3F, 0xFF, 0x0F, 0xF1, 0xC0, 0xC0, 0x00,
    0x7F, 0xED, 0xB0, 0x03, 0x07, 0x0E, 0x18, 0x38, 0x70, 0x60, 0x60, 0xE0, 0xC0, 0xC0, 0xC0, 0xC0,
    0xC0, 0xE0, 0x60, 0x60, 0x70, 0x30, 0x38, 0x1C, 0x0F, 0x03, 0xE0, 0x78, 0x0E, 0x03, 0x80, 0xC0,
    0x30, 0x18, 0x0E, 0x03, 0x01, 0x80, 0xC0, 0x60, 0x30, 0x18, 0x0C, 0x0E, 0x06, 0x03, 0x03, 0x03,
    0x83, 0x83, 0x83, 0x80, 0x18, 0x18, 0xFF, 0x7E, 0x3C, 0xFE, 0xDA, 0x18, 0x06, 0x00, 0x60, 0x06,
    0x00, 0x60, 0x06, 0x00, 0x60, 0xFF, 0xFF, 0xFF, 0x06, 0x00, 0x60, 0x06, 0x00, 0x60, 0x06, 0x00,
    0x77, 0x37, 0x60, 0xFE, 0xFF, 0xDF, 0x00, 0x00, 0x18, 0x01, 0xC0, 0x0C, 0x00, 0xE0, 0x06, 0x00,
    0x70, 0x03, 0x00, 0x38, 0x01, 0x80, 0x1C, 0x00, 0xC0, 0x0E, 0x00, 0x60, 0x07, 0x00, 0x30, 0x03,
    0x80, 0x18, 0x01, 0xC0, 0x0C, 0x00, 0xE0, 0x06, 0x00, 0x70, 0x03, 0x00, 0x00, 0x00, 0x0F, 0x80,
    0xFE, 0x0E, 0x38, 0xE0, 0xE6, 0x03, 0x70, 0x1B, 0x80, 0xF8, 0x07, 0xC0, 0x1E, 0x00, 0xF0, 0x0F,
    0xC0, 0x7E, 0x03, 0xB0, 0x19, 0x81, 0xCE, 0x0C, 0x3F, 0xE0, 0xFE, 0x01, 0xC0, 0x04, 0x3C, 0xFF,
    0xFE, 0xE1, 0xC3, 0x87, 0x0E, 0x1C, 0x38, 0x70, 0xE1, 0xC3, 0x87, 0x0E, 0x0C, 0x1F, 0x83, 0xFC,
    0x70, 0xEE, 0x06, 0xC0, 0x60, 0x06, 0x00, 0x60, 0x0E, 0x00, 0xC0, 0x1C, 0x03, 0x80, 0x70, 0x0E,
    0x01, 0xC0, 0x38, 0x07, 0x80, 0x7F, 0xFF, 0xFF, 0xFF, 0xDF, 0xF8, 0x07, 0x01, 0xC0, 0x70, 0x1C,
    0x07, 0x00, 0xFC, 0x1F, 0xC0, 0x38, 0x03, 0x80, 0x30, 0x06, 0x00, 0xC0, 0x3E, 0x0E, 0xFF, 0xCF,
    0xE0, 0x70, 0x00, 0x00, 0xC0, 0x06, 0x00, 0x70, 0x07, 0x80, 0x7C, 0x03, 0x60, 0x33, 0x03, 0x98,
    0x38, 0xC3, 0x86, 0x18, 0x31, 0xFF, 0xFF, 0xFF, 0x80, 0x60, 0x03, 0x00, 0x18, 0x00, 0xC0, 0x06,
    0x00, 0x3F, 0xE7, 0xFE, 0x7F, 0xC6, 0x00, 0x60, 0x06, 0x00, 0x7F, 0x0F, 0xFC, 0xE1, 0xE0, 0x0E,
    0x00, 0x60, 0x07, 0x00, 0x70, 0x06, 0x00, 0x6C, 0x0E, 0xFF, 0xC7, 0xF8, 0x00, 0x00, 0x00, 0x00,
    0x38, 0x07, 0x80, 0xE0, 0x1C, 0x03, 0x80, 0x30, 0x07, 0x00, 0x7F, 0x87, 0xFE, 0xF0, 0xEE, 0x07,
    0xE0, 0x3C, 0x03, 0xC0, 0x3E, 0x07, 0x70, 0x63, 0xFE, 0x1F, 0xC0, 0x60, 0x7F, 0xEF, 0xFE, 0x00,
    0x60, 0x0E, 0x00, 0xC0, 0x1C, 0x01, 0x80, 0x38, 0x03, 0x00, 0x30, 0x07, 0x00, 0x60, 0x0E, 0x00,
    0xC0, 0x1C, 0x01, 0x80, 0x18, 0x03, 0x80, 0x00, 0x00, 0x0F, 0x03, 0xF8, 0x79, 0xC6, 0x0E, 0xE0,
    0x6E, 0x06, 0x60, 0x67, 0x0C, 0x3F, 0xC3, 0xFC, 0x71, 0xEE, 0x06, 0xC0, 0x6C, 0x06, 0xE0, 0x66,
    0x0E, 0x7F, 0xC3, 0xF8, 0x04, 0x00, 0x1F, 0x83, 0xFC, 0x70, 0xE6, 0x06, 0xE0, 0x3C, 0x03, 0xC0,
    0x3E, 0x07, 0x60, 0x77, 0x9F, 0x3F, 0xE0, 0xF6, 0x00, 0xC0, 0x1C, 0x03, 0x80, 0x70, 0x1F, 0x01,
    0xC0, 0x10, 0x00, 0xFF, 0x00, 0x00, 0x03, 0x7E, 0x6E, 0x60, 0x00, 0x00, 0x00, 0x0E, 0xE7, 0x6C,
    0x00, 0x20, 0x0F, 0x01, 0xE0, 0x78, 0x1E, 0x07, 0xC0, 0x70, 0x07, 0x80, 0x3E, 0x00, 0xF0, 0x03,
    0xC0, 0x0F, 0x00, 0x70, 0x7F, 0xDF, 0xFD, 0xFF, 0x00, 0x00, 0x01, 0xFF, 0xFF, 0xF8, 0x40, 0x0F,
    0x00, 0x7C, 0x01, 0xF0, 0x07, 0x80, 0x1E, 0x00, 0xF0, 0x1E, 0x07, 0xC0, 0xF0, 0x3C, 0x0F, 0x00,
    0xE0, 0x00, 0x1E, 0x0F, 0xF3, 0xCF, 0x60, 0x60, 0x0E, 0x01, 0xC0, 0x38, 0x06, 0x01, 0xC0, 0xF0,
    0x3C, 0x06, 0x00, 0xC0, 0x18, 0x02, 0x00, 0x00, 0x0C, 0x01, 0x80, 0x30, 0x00, 0x00, 0x7F, 0x80,
    0x07, 0xFF, 0xC0, 0x1E, 0x01, 0xC0, 0x70, 0x00, 0xC1, 0x80, 0x01, 0xC6, 0x0F, 0xB1, 0x98, 0x3F,
    0xE3, 0x30, 0xE3, 0xC6, 0xC3, 0x83, 0x8D, 0x86, 0x06, 0x1B, 0x1C, 0x0C, 0x36, 0x30, 0x18, 0x6C,
    0x60, 0x71, 0xD8, 0xE1, 0xE3, 0x30, 0xC7, 0xCC, 0x61, 0xFD, 0xF8, 0xC1, 0xE1, 0xC0, 0xC0, 0x00,
    0x01, 0xC0, 0x00, 0x01, 0xC0, 0x18, 0x01, 0xFF, 0xF0, 0x00, 0xFF, 0x80, 0x00, 0x00, 0x00, 0x00,
    0x01, 0x80, 0x01, 0x80, 0x03, 0xC0, 0x03, 0xC0, 0x07, 0xE0, 0x06, 0x60, 0x06, 0x60, 0x0E, 0x70,
    0x0C, 0x30, 0x1C, 0x38, 0x18, 0x18, 0x1F, 0xFC, 0x3F, 0xFC, 0x30, 0x0C, 0x70, 0x0E, 0x60, 0x06,
    0x60, 0x07, 0xE0, 0x03, 0x00, 0x00, 0xFF, 0xC3, 0xFF, 0x8C, 0x07, 0x30, 0x0C, 0xC0, 0x3B, 0x00,
    0xEC, 0x03, 0x30, 0x1C, 0xFF, 0xE3, 0xFF, 0xCC, 0x03, 0xB0, 0x06, 0xC0, 0x1B, 0x00, 0x6C, 0x01,
    0xB0, 0x0E, 0xFF, 0xF3, 0xFF, 0x80, 0x03, 0xF0, 0x1F, 0xF8, 0x78, 0x79, 0xC0, 0x07, 0x00, 0x0C,
    0x00, 0x38, 0x00, 0x60, 0x00, 0xC0, 0x01, 0x80, 0x03, 0x00, 0x06, 0x00, 0x0E, 0x00, 0x0C, 0x00,
    0x1C, 0x00, 0x1C, 0x03, 0x1F, 0xFE, 0x0F, 0xF0, 0x07, 0x00, 0xFF, 0xC1, 0xFF, 0xE3, 0x01, 0xE6,
    0x00, 0xEC, 0x00, 0xD8, 0x01, 0xF0, 0x03, 0xE0, 0x03, 0xC0, 0x07, 0x80, 0x0F, 0x00, 0x1E, 0x00,
    0x3C, 0x00, 0xF8, 0x01, 0xB0, 0x07, 0x60, 0x1C, 0xFF, 0xF1, 0xFF, 0xC0, 0xFF, 0xEF, 0xFE, 0xC0,
    0x0C, 0x00, 0xC0, 0x0C, 0x00, 0xC0, 0x0C, 0x00, 0xFF, 0xCF, 0xFC, 0xC0, 0x0C, 0x00, 0xC0, 0x0C,
    0x00, 0xC0, 0x0C, 0x00, 0xFF, 0xEF, 0xFE, 0xFF, 0xFF, 0xFF, 0x00, 0x60, 0x0C, 0x01, 0x80, 0x30,
    0x06, 0x00, 0xFF, 0xDF, 0xFB, 0x00, 0x60, 0x0C, 0x01, 0x80, 0x30, 0x06, 0x00, 0xC0, 0x18, 0x00,
    0x03, 0xF8, 0x1F, 0xF8, 0x78, 0x39, 0xC0, 0x07, 0x00, 0x0C, 0x00, 0x38, 0x00, 0x60, 0x00, 0xC0,
    0x01, 0x81, 0xFF, 0x03, 0xFE, 0x00, 0x3E, 0x00, 0x6C, 0x00, 0xDC, 0x01, 0x9E, 0x03, 0x1F, 0xFE,
    0x0F, 0xF8, 0x03, 0x80, 0xC0, 0x0F, 0x00, 0x3C, 0x00, 0xF0, 0x03, 0xC0, 0x0F, 0x00, 0x3C, 0x00,
    0xF0, 0x03, 0xFF, 0xFF, 0xFF, 0xFC, 0x00, 0xF0, 0x03, 0xC0, 0x0F, 0x00, 0x3C, 0x00, 0xF0, 0x03,
    0xC0, 0x0F, 0x00, 0x30, 0xFF, 0xFF, 0xFF, 0xFF, 0xF0, 0x00, 0x60, 0x0C, 0x01, 0x80, 0x30, 0x06,
    0x00, 0xC0, 0x18, 0x03, 0x00, 0x60, 0x0C, 0x01, 0x80, 0x30, 0x06, 0x00, 0xF8, 0x1B, 0x07, 0x7F,
    0xC7, 0xF0, 0x38, 0x00, 0xC0, 0x0B, 0x00, 0x7C, 0x03, 0xB0, 0x1C, 0xC0, 0xE3, 0x07, 0x0C, 0x78,
    0x33, 0x80, 0xDE, 0x03, 0xFC, 0x0F, 0x38, 0x38, 0x70, 0xC0, 0xE3, 0x03, 0x8C, 0x07, 0x30, 0x0E,
    0xC0, 0x1F, 0x00, 0x30, 0x00, 0x00, 0xC0, 0x18, 0x03, 0x00, 0x60, 0x0C, 0x01, 0x80, 0x30, 0x06,
    0x00, 0xC0, 0x18, 0x03, 0x00, 0x60, 0x0C, 0x01, 0x80, 0x30, 0x06, 0x00, 0xFF, 0xFF, 0xFC, 0xC0,
    0x01, 0x70, 0x01, 0xF8, 0x01, 0xFE, 0x00, 0xFF, 0x80, 0xFE, 0xC0, 0xFF, 0x70, 0x6F, 0x9C, 0x77,
    0xC6, 0x73, 0xE3, 0xB1, 0xF0, 0xF8, 0xF8, 0x38, 0x7C, 0x18, 0x3E, 0x00, 0x1F, 0x00, 0x0F, 0x80,
    0x07, 0xC0, 0x03, 0xE0, 0x01, 0xC0, 0xC0, 0x0F, 0x80, 0x3E, 0x00, 0xFC, 0x03, 0xF8, 0x0F, 0x70,
    0x3C, 0xC0, 0xF3, 0x83, 0xC7, 0x0F, 0x0E, 0x3C, 0x18, 0xF0, 0x73, 0xC0, 0xEF, 0x01, 0xFC, 0x03,
    0xF0, 0x0F, 0xC0, 0x1F, 0x00, 0x30, 0x07, 0xF0, 0x0F, 0xFE, 0x0F, 0x07, 0x87, 0x00, 0xE7, 0x00,
    0x37, 0x00, 0x1F, 0x80, 0x07, 0x80, 0x03, 0xC0, 0x01, 0xE0, 0x00, 0xF0, 0x00, 0x78, 0x00, 0x3E,
    0x00, 0x3B, 0x00, 0x19, 0xC0, 0x1C, 0x70, 0x1C, 0x1F, 0xFC, 0x07, 0xFC, 0x00, 0x70, 0x00, 0xFF,
    0x8F, 0xFE, 0xC0, 0xEC, 0x07, 0xC0, 0x3C, 0x03, 0xC0, 0x3C, 0x07, 0xC0, 0xEF, 0xFE, 0xFF, 0x8C,
    0x00, 0xC0, 0x0C, 0x00, 0xC0, 0x0C, 0x00, 0xC0, 0x0C, 0x00, 0x07, 0xF0, 0x03, 0xFF, 0x80, 0xF0,
    0x78, 0x1C, 0x03, 0x87, 0x00, 0x31, 0xC0, 0x07, 0x38, 0x00, 0x66, 0x00, 0x0C, 0xC0, 0x01, 0x98,
    0x00, 0x33, 0x00, 0x06, 0x60, 0x00, 0xCE, 0x00, 0x38, 0xC0, 0x06, 0x1C, 0x01, 0xC1, 0xC0, 0x70,
    0x1F, 0xFC, 0x01, 0xFF, 0x00, 0x0F, 0x00, 0x07, 0xF0, 0x30, 0xFF, 0x9E, 0x00, 0x7F, 0x80, 0x03,
    0xC0, 0xFF, 0xC3, 0xFF, 0xCC, 0x07, 0x30, 0x0E, 0xC0, 0x1B, 0x00, 0x6C, 0x01, 0xB0, 0x0E, 0xC0,
    0x73, 0xFF, 0x8F, 0xFF, 0x30, 0x0C, 0xC0, 0x3B, 0x00, 0xEC, 0x03, 0xB0, 0x06, 0xC0, 0x1B, 0x00,
    0x70, 0x0F, 0xC0, 0xFF, 0x8E, 0x1E, 0xE0, 0x37, 0x00, 0x38, 0x00, 0xC0, 0x07, 0x80, 0x1F, 0x80,
    0x3F, 0x00, 0x3C, 0x00, 0x70, 0x01, 0x80, 0x0D, 0x80, 0x6E, 0x07, 0x7F, 0xF0, 0xFF, 0x00, 0xC0,
    0x7F, 0xFC, 0xFF, 0xFC, 0x0E, 0x00, 0x1C, 0x00, 0x38, 0x00, 0x70, 0x00, 0xE0, 0x01, 0xC0, 0x03,
    0x80, 0x07, 0x00, 0x0E, 0x00, 0x1C, 0x00, 0x38, 0x00, 0x70, 0x00, 0xE0, 0x01, 0xC0, 0x03, 0x80,
    0x07, 0x00, 0xC0, 0x0F, 0x00, 0x3C, 0x00, 0xF0, 0x03, 0xC0, 0x0F, 0x00, 0x3C, 0x00, 0xF0, 0x03,
    0xC0, 0x0F, 0x00, 0x3C, 0x00, 0xF0, 0x03, 0xC0, 0x0F, 0x80, 0x76, 0x01, 0x9C, 0x0E, 0x3F, 0xF0,
    0x7F, 0x80, 0x30, 0x00, 0x40, 0x03, 0x60, 0x03, 0x60, 0x07, 0x70, 0x06, 0x30, 0x0E, 0x38, 0x0C,
    0x18, 0x0C, 0x18, 0x1C, 0x1C, 0x18, 0x0C, 0x38, 0x0E, 0x30, 0x06, 0x30, 0x07, 0x70, 0x03, 0x60,
    0x03, 0xE0, 0x03, 0xC0, 0x01, 0xC0, 0x01, 0x80, 0x40, 0x00, 0x02, 0xE0, 0x00, 0x07, 0x60, 0x00,
    0x06, 0x70, 0x00, 0x06, 0x70, 0x18, 0x0E, 0x30, 0x1C, 0x0C, 0x38, 0x3C, 0x0C, 0x18, 0x3C, 0x1C,
    0x18, 0x3E, 0x18, 0x1C, 0x66, 0x18, 0x0C, 0x67, 0x38, 0x0C, 0xE3, 0x30, 0x0E, 0xC3, 0x30, 0x06,
    0xC3, 0xF0, 0x07, 0x81, 0xE0, 0x07, 0x81, 0xE0, 0x03, 0x80, 0xE0, 0x03, 0x00, 0xC0, 0x60, 0x04,
    0xC0, 0x1D, 0xC0, 0x71, 0xC0, 0xC1, 0x83, 0x03, 0x8E, 0x03, 0xB8, 0x03, 0xE0, 0x03, 0x80, 0x07,
    0x00, 0x1F, 0x00, 0x37, 0x00, 0xC6, 0x03, 0x8E, 0x0E, 0x0E, 0x18, 0x0E, 0x70, 0x0C, 0xC0, 0x1C,
    0x00, 0x00, 0xC0, 0x0F, 0x80, 0x77, 0x03, 0x8C, 0x0C, 0x38, 0x70, 0x73, 0x80, 0xEC, 0x03, 0xF0,
    0x07, 0x80, 0x0C, 0x00, 0x30, 0x00, 0xC0, 0x03, 0x00, 0x0C, 0x00, 0x30, 0x00, 0xC0, 0x03, 0x00,
    0x0C, 0x00, 0x7F, 0xFD, 0xFF, 0xF0, 0x01, 0xC0, 0x0E, 0x00, 0x70, 0x01, 0x80, 0x0E, 0x00, 0x70,
    0x03, 0x80, 0x0C, 0x00, 0x70, 0x03, 0x80, 0x1C, 0x00, 0x60, 0x03, 0x80, 0x1C, 0x00, 0xFF, 0xFF,
    0xFF, 0xF0, 0xFE, 0xFE, 0xC0, 0xC0, 0xC0, 0xC0, 0xC0, 0xC0, 0xC0, 0xC0, 0xC0, 0xC0, 0xC0, 0xC0,
    0xC0, 0xC0, 0xC0, 0xC0, 0xC0, 0xC0, 0xC0, 0xFE, 0xFE, 0x00, 0x06, 0x00, 0x38, 0x00, 0xC0, 0x07,
    0x00, 0x18, 0x00, 0xE0, 0x03, 0x00, 0x1C, 0x00, 0x60, 0x03, 0x80, 0x0C, 0x00, 0x70, 0x01, 0x80,
    0x0E, 0x00, 0x30, 0x01, 0xC0, 0x06, 0x00, 0x38, 0x00, 0xC0, 0x07, 0x00, 0x18, 0x00, 0xE0, 0x03,
    0x00, 0x08, 0x7F, 0x7F, 0x03, 0x03, 0x03, 0x03, 0x03, 0x03, 0x03, 0x03, 0x03, 0x03, 0x03, 0x03,
    0x03, 0x03, 0x03, 0x03, 0x03, 0x03, 0x03, 0x7F, 0x7F, 0x0E, 0x01, 0xC0, 0x7C, 0x0D, 0x83, 0xB8,
    0xE3, 0x18, 0x77, 0x07, 0xC0, 0x60, 0x00, 0x7F, 0xFD, 0xFF, 0xFC, 0xCC, 0xE3, 0x00, 0x00, 0x00,
    0xFD, 0x8F, 0xFE, 0xE0, 0xFE, 0x03, 0xE0, 0x1F, 0x00, 0xF8, 0x07, 0xC0, 0x3E, 0x01, 0xF8, 0x0E,
    0xE0, 0xF3, 0xFF, 0x8F, 0xD8, 0x18, 0x00, 0x40, 0x03, 0x00, 0x18, 0x00, 0xC0, 0x06, 0x00, 0x30,
    0x01, 0xBF, 0x0F, 0xFC, 0x70, 0x73, 0x81, 0xD8, 0x06, 0xC0, 0x36, 0x01, 0xB0, 0x0D, 0x80, 0x6C,
    0x07, 0x70, 0x73, 0xFF, 0x9B, 0xF0, 0x06, 0x00, 0x00, 0x01, 0xFC, 0x3F, 0xE7, 0x06, 0x60, 0x0C,
    0x00, 0xC0, 0x0C, 0x00, 0xC0, 0x0C, 0x00, 0xE0, 0x07, 0x02, 0x3F, 0xE1, 0xFC, 0x07, 0x00, 0x00,
    0x10, 0x01, 0xC0, 0x0E, 0x00, 0x70, 0x03, 0x80, 0x1C, 0x7E, 0xE7, 0xFF, 0x70, 0x7F, 0x01, 0xF0,
    0x0F, 0x80, 0x7C, 0x03, 0xE0, 0x1F, 0x00, 0xFC, 0x07, 0x70, 0x79, 0xFF, 0xC7, 0xEC, 0x0C, 0x00,
    0x00, 0x01, 0xF8, 0x3F, 0xE7, 0x0E, 0xE0, 0x7C, 0x03, 0xFF, 0xFF, 0xFF, 0xC0, 0x0C, 0x00, 0xE0,
    0x07, 0x07, 0x3F, 0xE1, 0xFC, 0x07, 0x00, 0x07, 0x07, 0xC7, 0x43, 0x01, 0x80, 0xC1, 0xFD, 0xFF,
    0x18, 0x0C, 0x06, 0x03, 0x01, 0x80, 0xC0, 0x60, 0x30, 0x18, 0x0C, 0x06, 0x00, 0x00, 0x00, 0xFE,
    0xCF, 0xFE, 0xE0, 0xFE, 0x03, 0xE0, 0x0F, 0x00, 0x78, 0x03, 0xC0, 0x1E, 0x00, 0xF8, 0x0E, 0xE0,
    0xF3, 0xFF, 0x8F, 0xEC, 0x18, 0x60, 0x07, 0x20, 0x71, 0xFF, 0x07, 0xF0, 0x40, 0x06, 0x00, 0x60,
    0x06, 0x00, 0x60, 0x06, 0x00, 0x6F, 0xC7, 0xFE, 0x70, 0xE6, 0x06, 0x60, 0x76, 0x07, 0x60, 0x76,
    0x07, 0x60, 0x76, 0x07, 0x60, 0x76, 0x07, 0x60, 0x70, 0xFD, 0x06, 0xDB, 0x6D, 0xB6, 0xDB, 0x60,
    0x18, 0x61, 0x80, 0x18, 0x61, 0x86, 0x18, 0x61, 0x86, 0x18, 0x61, 0x86, 0x18, 0x61, 0x8E, 0xF3,
    0x80, 0xC0, 0x18, 0x03, 0x00, 0x60, 0x0C, 0x01, 0x80, 0x30, 0x36, 0x0E, 0xC3, 0x98, 0xE3, 0x38,
    0x7E, 0x0F, 0xC1, 0xFC, 0x31, 0xC6, 0x1C, 0xC3, 0x98, 0x3B, 0x03, 0x80, 0xFF, 0xFF, 0xFF, 0xFF,
    0xFC, 0x6F, 0x87, 0xC7, 0xFD, 0xFE, 0x70, 0xF8, 0x76, 0x07, 0x03, 0x60, 0x70, 0x36, 0x06, 0x03,
    0x60, 0x60, 0x36, 0x06, 0x03, 0x60, 0x60, 0x36, 0x06, 0x03, 0x60, 0x60, 0x36, 0x06, 0x03, 0x60,
    0x60, 0x30, 0x00, 0x06, 0xFC, 0x7F, 0xE7, 0x06, 0x60, 0x76, 0x03, 0x60, 0x36, 0x03, 0x60, 0x36,
    0x03, 0x60, 0x36, 0x03, 0x60, 0x36, 0x03, 0x00, 0x00, 0xFE, 0x0F, 0xF8, 0xE0, 0xE6, 0x03, 0xE0,
    0x0F, 0x00, 0x78, 0x03, 0xC0, 0x1E, 0x00, 0xF8, 0x0E, 0xE0, 0xE3, 0xFE, 0x0F, 0xE0, 0x1C, 0x00,
    0x6F, 0xC3, 0xFF, 0x1E, 0x1C, 0xE0, 0x76, 0x01, 0xB0, 0x0D, 0x80, 0x6C, 0x03, 0x60, 0x1B, 0x01,
    0xDC, 0x1C, 0xFF, 0xE6, 0xFC, 0x31, 0x81, 0x80, 0x0C, 0x00, 0x60, 0x03, 0x00, 0x00, 0x00, 0x00,
    0xFD, 0x8F, 0xFE, 0xE0, 0xFE, 0x03, 0xE0, 0x1F, 0x00, 0xF8, 0x07, 0xC0, 0x3E, 0x01, 0xF8, 0x0E,
    0xE0, 0xF3, 0xFF, 0x8F, 0xDC, 0x18, 0xE0, 0x07, 0x00, 0x38, 0x01, 0xC0, 0x0C, 0x00, 0x37, 0xDF,
    0xCE, 0x07, 0x03, 0x01, 0x80, 0xC0, 0x60, 0x30, 0x18, 0x0C, 0x06, 0x03, 0x00, 0x00, 0x0F, 0xC7,
    0xFB, 0x83, 0xE0, 0x38, 0x07, 0x80, 0xFC, 0x0F, 0x80, 0x70, 0x0F, 0x03, 0xF3, 0x9F, 0xE0, 0xC0,
    0x10, 0x18, 0x18, 0x18, 0xFF, 0xFF, 0x18, 0x18, 0x18, 0x18, 0x18, 0x18, 0x18, 0x18, 0x18, 0x1E,
    0x1E, 0x60, 0x26, 0x07, 0x60, 0x76, 0x07, 0x60, 0x76, 0x07, 0x60, 0x76, 0x07, 0x60, 0x76, 0x07,
    0x70, 0x63, 0xFE, 0x1F, 0xC0, 0x60, 0x00, 0x03, 0x01, 0xD8, 0x0C, 0xE0, 0x63, 0x07, 0x18, 0x30,
    0xE3, 0x83, 0x18, 0x1C, 0xC0, 0x6C, 0x03, 0xE0, 0x0F, 0x00, 0x70, 0x01, 0x80, 0x00, 0x00, 0x00,
    0x00, 0x18, 0x00, 0x36, 0x00, 0x0D, 0x81, 0x07, 0x70, 0xE1, 0x8C, 0x38, 0x63, 0x1F, 0x38, 0xE6,
    0xCC, 0x1B, 0xB3, 0x06, 0xCF, 0xC1, 0xF1, 0xE0, 0x3C, 0x78, 0x0E, 0x0E, 0x01, 0x83, 0x00, 0x00,
    0x00, 0x60, 0x67, 0x06, 0x70, 0xE3, 0x9C, 0x1F, 0x80, 0xF0, 0x07, 0x00, 0xF0, 0x1F, 0x81, 0x9C,
    0x30, 0xC7, 0x0E, 0x60, 0x70, 0x00, 0x60, 0x76, 0x07, 0x60, 0x76, 0x07, 0x60, 0x76, 0x07, 0x60,
    0x76, 0x07, 0x60, 0x76, 0x07, 0x60, 0xF7, 0xFF, 0x3F, 0xF0, 0xE6, 0x00, 0x64, 0x0E, 0x7F, 0xC3,
    0xF8, 0xFF, 0xDF, 0xF0, 0x18, 0x0E, 0x07, 0x03, 0x80, 0xC0, 0x70, 0x38, 0x1C, 0x06, 0x03, 0xFF,
    0xFF, 0xC0, 0x01, 0xC1, 0xF0, 0xF0, 0x30, 0x0C, 0x03, 0x00, 0xC0, 0x30, 0x0C, 0x07, 0x03, 0x83,
    0xC0, 0x78, 0x07, 0x00, 0xC0, 0x30, 0x0C, 0x03, 0x00, 0xC0, 0x30, 0x0E, 0x01, 0xE0, 0x3C, 0x5F,
    0xFF, 0xFF, 0xFF, 0xFF, 0xFF, 0xFF, 0xFF, 0xFF, 0x40, 0xE0, 0x3C, 0x03, 0x80, 0x70, 0x0C, 0x03,
    0x00, 0xC0, 0x30, 0x0C, 0x03, 0x00, 0xF0, 0x1E, 0x07, 0x83, 0x80, 0xC0, 0x30, 0x0C, 0x03, 0x00,
    0xC0, 0x70, 0x18, 0x3C, 0x0E, 0x00, 0x70, 0xFF, 0xFC, 0xFA, 0x0C, 0xDF, 0x01, 0xB6, 0xDB, 0x6D,
    0xB6, 0xD8, 0x02, 0x00, 0xC0, 0x1C, 0x0F, 0xF3, 0xEE, 0xEC, 0x79, 0x86, 0x30, 0xC6, 0x18, 0xC3,
    0x18, 0x63, 0x0E, 0x60, 0xEC, 0xCF, 0xF8, 0xFE, 0x06, 0x00, 0xC0, 0x07, 0xE0, 0x3F, 0xE0, 0x70,
    0xE1, 0xC0, 0xC3, 0x00, 0x06, 0x00, 0x0C, 0x00, 0x18, 0x00, 0xFF, 0xE1, 0xFF, 0xC0, 0x60, 0x00,
    0xC0, 0x01, 0x80, 0x03, 0x00, 0x06, 0x00, 0x0C, 0x00, 0x7F, 0x8F, 0xFF, 0xFE, 0x03, 0xE0, 0x00,
    0x37, 0xBF, 0xFD, 0xCE, 0x61, 0x98, 0x76, 0x19, 0xCE, 0xFF, 0xF7, 0xB0, 0x00, 0xC0, 0x0F, 0x80,
    0x77, 0x03, 0x8C, 0x0C, 0x38, 0x70, 0x73, 0x80, 0xCC, 0x03, 0xF0, 0x07, 0x80, 0xFF, 0xC3, 0xFF,
    0x00, 0xC0, 0x3F, 0xE0, 0xFF, 0xC1, 0xFF, 0x00, 0xC0, 0x03, 0x00, 0x0C, 0x00, 0x5F, 0xFF, 0xFF,
    0xFD, 0x00, 0x17, 0xFF, 0xFF, 0xFF, 0x40, 0x0F, 0x83, 0xFC, 0x38, 0xE7, 0x00, 0x70, 0x07, 0x00,
    0x3C, 0x03, 0xF8, 0x7F, 0xEE, 0x0E, 0xC0, 0x7E, 0x07, 0x78, 0x63, 0xFC, 0x1F, 0x80, 0x3C, 0x00,
    0xE0, 0x0E, 0xC0, 0xCF, 0x1C, 0x7F, 0x81, 0xF0, 0x42, 0x66, 0x66, 0x03, 0xF0, 0x03, 0xFF, 0x01,
    0xC0, 0xE0, 0xC0, 0x1C, 0x61, 0xF3, 0x99, 0xFE, 0x6C, 0x61, 0x0F, 0x30, 0x03, 0xCC, 0x00, 0xF3,
    0x00, 0x3C, 0xC0, 0x0F, 0x38, 0x03, 0xC7, 0xB9, 0xD8, 0xFE, 0x67, 0x04, 0x38, 0xE0, 0x1C, 0x1F,
    0xFE, 0x01, 0xFE, 0x00, 0x00, 0x00, 0x3F, 0x7F, 0xE3, 0xC3, 0xC3, 0xE3, 0x67, 0x7F, 0x10, 0x08,
    0x43, 0x9C, 0xE7, 0x38, 0xC6, 0x31, 0xCE, 0x18, 0xC3, 0x9C, 0x39, 0xC3, 0x1C, 0x31, 0x80, 0xFF,
    0xFF, 0xFF, 0xF0, 0x00, 0xC0, 0x03, 0x00, 0x0C, 0x00, 0x30, 0x00, 0xC0, 0x01, 0xFE, 0xFF, 0x1F,
    0x03, 0xFC, 0x60, 0xED, 0xF6, 0xDB, 0x2D, 0xF3, 0xDF, 0x3D, 0xB6, 0xDB, 0x66, 0x0C, 0x3F, 0xC0,
    0xF0, 0xFF, 0xFF, 0x3C, 0x7E, 0x67, 0xC3, 0xC3, 0x67, 0x7E, 0x1C, 0x04, 0x01, 0xC0, 0x38, 0x07,
    0x07, 0xFF, 0xFF, 0xDF, 0xF0, 0x70, 0x0E, 0x00, 0xC0, 0x00, 0x7F, 0xFF, 0xFE, 0x31, 0xEF, 0xF3,
    0x18, 0xE7, 0x3E, 0xFC, 0xFD, 0xE3, 0x1E, 0x7C, 0x3D, 0xFE, 0x30, 0x31, 0x9C, 0xC0, 0x00, 0xC0,
    0xD8, 0x1B, 0x03, 0x60, 0x6C, 0x0D, 0x81, 0xB0, 0x36, 0x06, 0xC0, 0xD8, 0x1B, 0x07, 0x7F, 0xEF,
    0xFD, 0x90, 0x30, 0x06, 0x00, 0xC0, 0x00, 0x1F, 0xF3, 0xFF, 0xDF, 0xE7, 0xFF, 0x3F, 0xF9, 0xFF,
    0xCF, 0xFE, 0x7F, 0xF3, 0xFF, 0x9B, 0xFC, 0xCF, 0xE6, 0x0F, 0x30, 0x19, 0x80, 0xCC, 0x06, 0x60,
    0x33, 0x01, 0x98, 0x5C, 0xC7, 0xC0, 0x1C, 0x00, 0xFF, 0x80, 0x11, 0x9C, 0xC6, 0x00, 0x33, 0x9C,
    0x63, 0x18, 0xC6, 0x00, 0x3C, 0x3F, 0x98, 0xD8, 0x6C, 0x3F, 0x19, 0xDC, 0x7C, 0x08, 0x00, 0xC6,
    0x31, 0x8E, 0x71, 0xCE, 0x39, 0x86, 0x73, 0x9D, 0xCE, 0x67, 0x31, 0x8C, 0x60, 0x70, 0x09, 0xE0,
    0x33, 0xC0, 0xE1, 0x81, 0x83, 0x06, 0x06, 0x1C, 0x0C, 0x30, 0x18, 0xC0, 0x03, 0x80, 0x06, 0x00,
    0x18, 0x30, 0x70, 0xE0, 0xC3, 0xC3, 0x8F, 0x8E, 0x1B, 0x18, 0x7F, 0x70, 0x3C, 0xC0, 0x18, 0x00,
    0x00, 0x70, 0x19, 0xE0, 0x33, 0xC0, 0xE1, 0x83, 0x83, 0x06, 0x06, 0x1C, 0x0C, 0x70, 0x18, 0xC0,
    0x03, 0x80, 0x0E, 0x30, 0x19, 0xF0, 0x73, 0x71, 0xC4, 0xE3, 0x01, 0x8E, 0x07, 0x38, 0x1C, 0x60,
    0x7C, 0xC0, 0xFC, 0x00, 0x00, 0xFC, 0x04, 0x3C, 0x06, 0x0C, 0x07, 0x0F, 0x03, 0x07, 0xC3, 0x00,
    0x63, 0x83, 0x71, 0x81, 0xF1, 0x80, 0x31, 0xC0, 0x00, 0xC0, 0x00, 0xC1, 0x80, 0xE1, 0xC0, 0x61,
    0xE0, 0x60, 0xF0, 0x70, 0xD8, 0x30, 0xFF, 0x30, 0x1E, 0x18, 0x03, 0x00, 0x00, 0x00, 0x06, 0x01,
    0xC0, 0x18, 0x00, 0x00, 0x00, 0x0C, 0x01, 0x80, 0x30, 0x1E, 0x0F, 0x81, 0xC0, 0x70, 0x0C, 0x01,
    0x80, 0x30, 0x07, 0x06, 0x71, 0xCF, 0xF0, 0x7C, 0x00, 0x0E, 0x00, 0x0F, 0x00, 0x03, 0x80, 0x00,
    0x00, 0x01, 0x80, 0x01, 0x80, 0x03, 0xC0, 0x03, 0xC0, 0x07, 0xE0, 0x06, 0x60, 0x06, 0x60, 0x0E,
    0x70, 0x0C, 0x30, 0x1C, 0x38, 0x18, 0x18, 0x1F, 0xFC, 0x3F, 0xFC, 0x30, 0x0C, 0x70, 0x0E, 0x60,
    0x06, 0x60, 0x07, 0xE0, 0x03, 0x00, 0x00, 0x00, 0x30, 0x00, 0xF0, 0x01, 0xC0, 0x00, 0x00, 0x01,
    0x80, 0x01, 0x80, 0x03, 0xC0, 0x03, 0xC0, 0x07, 0xE0, 0x06, 0x60, 0x06, 0x60, 0x0E, 0x70, 0x0C,
    0x30, 0x1C, 0x38, 0x18, 0x18, 0x1F, 0xFC, 0x3F, 0xFC, 0x30, 0x0C, 0x70, 0x0E, 0x60, 0x06, 0x60,
    0x07, 0xE0, 0x03, 0x00, 0x00, 0x01, 0x80, 0x03, 0xC0, 0x07, 0xE0, 0x06, 0x20, 0x00, 0x00, 0x01,
    0x80, 0x01, 0x80, 0x03, 0xC0, 0x03, 0xC0, 0x07, 0xE0, 0x06, 0x60, 0x06, 0x60, 0x0E, 0x70, 0x0C,
    0x30, 0x1C, 0x38, 0x18, 0x18, 0x1F, 0xFC, 0x3F, 0xFC, 0x30, 0x0C, 0x70, 0x0E, 0x60, 0x06, 0x60,
    0x07, 0xE0, 0x03, 0x00, 0x00, 0x00, 0x10, 0x0F, 0xB0, 0x0F, 0xF0, 0x0C, 0xE0, 0x00, 0x00, 0x01,
    0x80, 0x01, 0x80, 0x03, 0xC0, 0x03, 0xC0, 0x07, 0xE0, 0x06, 0x60, 0x06, 0x60, 0x0E, 0x70, 0x0C,
    0x30, 0x1C, 0x38, 0x18, 0x18, 0x1F, 0xFC, 0x3F, 0xFC, 0x30, 0x0C, 0x70, 0x0E, 0x60, 0x06, 0x60,
    0x07, 0xE0, 0x03, 0x00, 0x00, 0x06, 0x60, 0x06, 0x70, 0x06, 0x60, 0x00, 0x00, 0x01, 0x80, 0x01,
    0x80, 0x03, 0xC0, 0x03, 0xC0, 0x07, 0xE0, 0x06, 0x60, 0x06, 0x60, 0x0E, 0x70, 0x0C, 0x30, 0x1C,
    0x38, 0x18, 0x18, 0x1F, 0xFC, 0x3F, 0xFC, 0x30, 0x0C, 0x70, 0x0E, 0x60, 0x06, 0x60, 0x07, 0xE0,
    0x03, 0x00, 0x00, 0x01, 0x80, 0x03, 0xE0, 0x06, 0x60, 0x06, 0x60, 0x03, 0xE0, 0x01, 0xC0, 0x03,
    0xC0, 0x03, 0xC0, 0x07, 0xE0, 0x06, 0x60, 0x06, 0x60, 0x0E, 0x70, 0x0C, 0x30, 0x1C, 0x38, 0x18,
    0x18, 0x1F, 0xFC, 0x3F, 0xFC, 0x30, 0x0C, 0x70, 0x0E, 0x60, 0x06, 0x60, 0x07, 0xE0, 0x03, 0x00,
    0x00, 0x00, 0x1F, 0xFC, 0x00, 0x7F, 0xF0, 0x03, 0x80, 0x00, 0x1E, 0x00, 0x00, 0x78, 0x00, 0x03,
    0x60, 0x00, 0x1D, 0x80, 0x00, 0xE6, 0x00, 0x03, 0x1F, 0xF8, 0x1C, 0x7F, 0xE0, 0xE1, 0x80, 0x03,
    0x06, 0x00, 0x1F, 0xF8, 0x00, 0xFF, 0xE0, 0x03, 0x01, 0x80, 0x18, 0x06, 0x00, 0xE0, 0x1F, 0xFF,
    0x00, 0x7F, 0xF0, 0x00, 0x00, 0x00, 0x03, 0xF0, 0x1F, 0xF8, 0x78, 0x79, 0xC0, 0x07, 0x00, 0x0C,
    0x00, 0x38, 0x00, 0x60, 0x00, 0xC0, 0x01, 0x80, 0x03, 0x00, 0x06, 0x00, 0x0E, 0x00, 0x0C, 0x00,
    0x1C, 0x00, 0x1C, 0x03, 0x1F, 0xFE, 0x0F, 0xF0, 0x07, 0x00, 0x0C, 0x00, 0x38, 0x00, 0x60, 0x00,
    0x38, 0x03, 0xC0, 0x0E, 0x00, 0x00, 0xFF, 0xEF, 0xFE, 0xC0, 0x0C, 0x00, 0xC0, 0x0C, 0x00, 0xC0,
    0x0C, 0x00, 0xFF, 0xCF, 0xFC, 0xC0, 0x0C, 0x00, 0xC0, 0x0C, 0x00, 0xC0, 0x0C, 0x00, 0xFF, 0xEF,
    0xFE, 0x01, 0xC0, 0x3C, 0x07, 0x00, 0x00, 0xFF, 0xEF, 0xFE, 0xC0, 0x0C, 0x00, 0xC0, 0x0C, 0x00,
    0xC0, 0x0C, 0x00, 0xFF, 0xCF, 0xFC, 0xC0, 0x0C, 0x00, 0xC0, 0x0C, 0x00, 0xC0, 0x0C, 0x00, 0xFF,
    0xEF, 0xFE, 0x06, 0x00, 0xF0, 0x1F, 0x81, 0x98, 0x00, 0x0F, 0xFE, 0xFF, 0xEC, 0x00, 0xC0, 0x0C,
    0x00, 0xC0, 0x0C, 0x00, 0xC0, 0x0F, 0xFC, 0xFF, 0xCC, 0x00, 0xC0, 0x0C, 0x00, 0xC0, 0x0C, 0x00,
    0xC0, 0x0F, 0xFE, 0xFF, 0xE0, 0x19, 0x83, 0x9C, 0x19, 0x80, 0x00, 0xFF, 0xEF, 0xFE, 0xC0, 0x0C,
    0x00, 0xC0, 0x0C, 0x00, 0xC0, 0x0C, 0x00, 0xFF, 0xCF, 0xFC, 0xC0, 0x0C, 0x00, 0xC0, 0x0C, 0x00,
    0xC0, 0x0C, 0x00, 0xFF, 0xEF, 0xFE, 0xE7, 0x8E, 0x01, 0x8C, 0x63, 0x18, 0xC6, 0x31, 0x8C, 0x63,
    0x18, 0xC6, 0x31, 0x8C, 0x1B, 0xF8, 0x0C, 0x63, 0x18, 0xC6, 0x31, 0x8C, 0x63, 0x18, 0xC6, 0x31,
    0x8C, 0x60, 0x30, 0xF3, 0xF6, 0x20, 0x06, 0x0C, 0x18, 0x30, 0x60, 0xC1, 0x83, 0x06, 0x0C, 0x18,
    0x30, 0x60, 0xC1, 0x83, 0x06, 0x0C, 0x00, 0x66, 0x67, 0x66, 0x00, 0x18, 0x18, 0x18, 0x18, 0x18,
    0x18, 0x18, 0x18, 0x18, 0x18, 0x18, 0x18, 0x18, 0x18, 0x18, 0x18, 0x18, 0x18, 0x3F, 0xF0, 0x1F,
    0xFE, 0x0C, 0x07, 0x86, 0x00, 0xE3, 0x00, 0x31, 0x80, 0x1C, 0xC0, 0x0E, 0x60, 0x03, 0xFC, 0x01,
    0xFE, 0x00, 0xCC, 0x00, 0x66, 0x00, 0x33, 0x00, 0x39, 0x80, 0x18, 0xC0, 0x1C, 0x60, 0x1C, 0x3F,
    0xFC, 0x1F, 0xFC, 0x00, 0x00, 0x20, 0x7D, 0x81, 0xFE, 0x06, 0x70, 0x00, 0x03, 0x00, 0x3E, 0x00,
    0xF8, 0x03, 0xF0, 0x0F, 0xE0, 0x3D, 0xC0, 0xF3, 0x03, 0xCE, 0x0F, 0x1C, 0x3C, 0x38, 0xF0, 0x63,
    0xC1, 0xCF, 0x03, 0xBC, 0x07, 0xF0, 0x0F, 0xC0, 0x3F, 0x00, 0x7C, 0x00, 0xC0, 0x06, 0x00, 0x03,
    0xC0, 0x00, 0xE0, 0x00, 0x00, 0x00, 0x7F, 0x00, 0xFF, 0xE0, 0xF0, 0x78, 0x70, 0x0E, 0x70, 0x03,
    0x70, 0x01, 0xF8, 0x00, 0x78, 0x00, 0x3C, 0x00, 0x1E, 0x00, 0x0F, 0x00, 0x07, 0x80, 0x03, 0xE0,
    0x03, 0xB0, 0x01, 0x9C, 0x01, 0xC7, 0x01, 0xC1, 0xFF, 0xC0, 0x7F, 0xC0, 0x07, 0x00, 0x00, 0x30,
    0x00, 0x38, 0x00, 0x38, 0x00, 0x00, 0x00, 0x7F, 0x00, 0xFF, 0xE0, 0xF0, 0x78, 0x70, 0x0E, 0x70,
    0x03, 0x70, 0x01, 0xF8, 0x00, 0x78, 0x00, 0x3C, 0x00, 0x1E, 0x00, 0x0F, 0x00, 0x07, 0x80, 0x03,
    0xE0, 0x03, 0xB0, 0x01, 0x9C, 0x01, 0xC7, 0x01, 0xC1, 0xFF, 0xC0, 0x7F, 0xC0, 0x07, 0x00, 0x00,
    0xC0, 0x00, 0xF0, 0x00, 0xF8, 0x00, 0xC6, 0x00, 0x00, 0x00, 0x3F, 0x80, 0x7F, 0xF0, 0x78, 0x3C,
    0x38, 0x07, 0x38, 0x01, 0xB8, 0x00, 0xFC, 0x00, 0x3C, 0x00, 0x1E, 0x00, 0x0F, 0x00, 0x07, 0x80,
    0x03, 0xC0, 0x01, 0xF0, 0x01, 0xD8, 0x00, 0xCE, 0x00, 0xE3, 0x80, 0xE0, 0xFF, 0xE0, 0x3F, 0xE0,
    0x03, 0x80, 0x00, 0x00, 0x03, 0xCC, 0x03, 0xFE, 0x00, 0x8E, 0x00, 0x00, 0x00, 0x3F, 0x80, 0x7F,
    0xF0, 0x78, 0x3C, 0x38, 0x07, 0x38, 0x01, 0xB8, 0x00, 0xFC, 0x00, 0x3C, 0x00, 0x1E, 0x00, 0x0F,
    0x00, 0x07, 0x80, 0x03, 0xC0, 0x01, 0xF0, 0x01, 0xD8, 0x00, 0xCE, 0x00, 0xE3, 0x80, 0xE0, 0xFF,
    0xE0, 0x3F, 0xE0, 0x03, 0x80, 0x07, 0x30, 0x03, 0xB8, 0x01, 0xCC, 0x00, 0x00, 0x00, 0x7F, 0x00,
    0xFF, 0xE0, 0xF0, 0x78, 0x70, 0x0E, 0x70, 0x03, 0x70, 0x01, 0xF8, 0x00, 0x78, 0x00, 0x3C, 0x00,
    0x1E, 0x00, 0x0F, 0x00, 0x07, 0x80, 0x03, 0xE0, 0x03, 0xB0, 0x01, 0x9C, 0x01, 0xC7, 0x01, 0xC1,
    0xFF, 0xC0, 0x7F, 0xC0, 0x07, 0x00, 0xC0, 0xF8, 0x77, 0x78, 0xFC, 0x1E, 0x0F, 0x87, 0xF3, 0xCE,
    0xE1, 0xC0, 0x20, 0x00, 0x00, 0x03, 0xF9, 0xC7, 0xFF, 0xC7, 0x83, 0xC3, 0x80, 0xF3, 0x80, 0xFB,
    0x80, 0xEF, 0xC0, 0xE3, 0xC0, 0x61, 0xE0, 0x60, 0xF0, 0x70, 0x78, 0x70, 0x3C, 0x70, 0x1F, 0x30,
    0x1D, 0xB0, 0x0C, 0xF8, 0x0E, 0x38, 0x0E, 0x3F, 0xFE, 0x3B, 0xFE, 0x08, 0x38, 0x00, 0x1C, 0x00,
    0x78, 0x00, 0x70, 0x00, 0x00, 0xC0, 0x0F, 0x00, 0x3C, 0x00, 0xF0, 0x03, 0xC0, 0x0F, 0x00, 0x3C,
    0x00, 0xF0, 0x03, 0xC0, 0x0F, 0x00, 0x3C, 0x00, 0xF0, 0x03, 0xC0, 0x0F, 0x80, 0x76, 0x01, 0x9C,
    0x0E, 0x3F, 0xF0, 0x7F, 0x80, 0x30, 0x00, 0x00, 0xE0, 0x07, 0x80, 0x38, 0x00, 0x00, 0xC0, 0x0F,
    0x00, 0x3C, 0x00, 0xF0, 0x03, 0xC0, 0x0F, 0x00, 0x3C, 0x00, 0xF0, 0x03, 0xC0, 0x0F, 0x00, 0x3C,
    0x00, 0xF0, 0x03, 0xC0, 0x0F, 0x80, 0x76, 0x01, 0x9C, 0x0E, 0x3F, 0xF0, 0x7F, 0x80, 0x30, 0x00,
    0x03, 0x00, 0x1E, 0x00, 0xFC, 0x02, 0x30, 0x00, 0x03, 0x00, 0x3C, 0x00, 0xF0, 0x03, 0xC0, 0x0F,
    0x00, 0x3C, 0x00, 0xF0, 0x03, 0xC0, 0x0F, 0x00, 0x3C, 0x00, 0xF0, 0x03, 0xC0, 0x0F, 0x00, 0x3E,
    0x01, 0xD8, 0x06, 0x70, 0x38, 0xFF, 0xC1, 0xFE, 0x00, 0xC0, 0x0C, 0xC0, 0x73, 0x00, 0xCC, 0x00,
    0x00, 0xC0, 0x0F, 0x00, 0x3C, 0x00, 0xF0, 0x03, 0xC0, 0x0F, 0x00, 0x3C, 0x00, 0xF0, 0x03, 0xC0,
    0x0F, 0x00, 0x3C, 0x00, 0xF0, 0x03, 0xC0, 0x0F, 0x80, 0x76, 0x01, 0x9C, 0x0E, 0x3F, 0xF0, 0x7F,
    0x80, 0x30, 0x00, 0x00, 0xE0, 0x07, 0x80, 0x38, 0x00, 0x00, 0xC0, 0x0F, 0x80, 0x77, 0x03, 0x8C,
    0x0C, 0x38, 0x70, 0x73, 0x80, 0xEC, 0x03, 0xF0, 0x07, 0x80, 0x0C, 0x00, 0x30, 0x00, 0xC0, 0x03,
    0x00, 0x0C, 0x00, 0x30, 0x00, 0xC0, 0x03, 0x00, 0x0C, 0x00, 0xC0, 0x0C, 0x00, 0xC0, 0x0C, 0x00,
    0xFF, 0x8F, 0xFE, 0xC0, 0xEC, 0x07, 0xC0, 0x3C, 0x03, 0xC0, 0x7C, 0x06, 0xFF, 0xEF, 0xFC, 0xFF,
    0x0C, 0x00, 0xC0, 0x0C, 0x00, 0xC0, 0x00, 0x01, 0x80, 0x1F, 0xC0, 0x7F, 0xC0, 0xC1, 0x81, 0x83,
    0x07, 0x06, 0x1C, 0x1C, 0x78, 0xF0, 0x30, 0xF0, 0x60, 0x70, 0xC0, 0x71, 0x80, 0x63, 0x00, 0xC6,
    0x01, 0x8C, 0x03, 0x18, 0x06, 0x30, 0x1C, 0x66, 0x70, 0xCF, 0xC0, 0x0E, 0x00, 0x18, 0x00, 0xE0,
    0x03, 0x80, 0x0C, 0x00, 0x00, 0x0F, 0xD8, 0xFF, 0xEE, 0x0F, 0xE0, 0x3E, 0x01, 0xF0, 0x0F, 0x80,
    0x7C, 0x03, 0xE0, 0x1F, 0x80, 0xEE, 0x0F, 0x3F, 0xF8, 0xFD, 0x81, 0x80, 0x01, 0x80, 0x1C, 0x00,
    0xC0, 0x0C, 0x00, 0x00, 0x0F, 0xD8, 0xFF, 0xEE, 0x0F, 0xE0, 0x3E, 0x01, 0xF0, 0x0F, 0x80, 0x7C,
    0x03, 0xE0, 0x1F, 0x80, 0xEE, 0x0F, 0x3F, 0xF8, 0xFD, 0x81, 0x80, 0x07, 0x00, 0x7C, 0x07, 0x70,
    0x31, 0x80, 0x00, 0x0F, 0xD8, 0xFF, 0xEE, 0x0F, 0xE0, 0x3E, 0x01, 0xF0, 0x0F, 0x80, 0x7C, 0x03,
    0xE0, 0x1F, 0x80, 0xEE, 0x0F, 0x3F, 0xF8, 0xFD, 0x81, 0x80, 0x1C, 0x41, 0xFF, 0x0C, 0xF0, 0x21,
    0x00, 0x00, 0x0F, 0xD8, 0xFF, 0xEE, 0x0F, 0xE0, 0x3E, 0x01, 0xF0, 0x0F, 0x80, 0x7C, 0x03, 0xE0,
    0x1F, 0x80, 0xEE, 0x0F, 0x3F, 0xF8, 0xFD, 0x81, 0x80, 0x08, 0x80, 0xEE, 0x07, 0x70, 0x00, 0x00,
    0x00, 0x0F, 0xD8, 0xFF, 0xEE, 0x0F, 0xE0, 0x3E, 0x01, 0xF0, 0x0F, 0x80, 0x7C, 0x03, 0xE0, 0x1F,
    0x80, 0xEE, 0x0F, 0x3F, 0xF8, 0xFD, 0x81, 0x80, 0x07, 0x00, 0x7C, 0x06, 0x60, 0x1B, 0x00, 0xF8,
    0x01, 0x00, 0x7E, 0xC7, 0xFF, 0x70, 0x7F, 0x01, 0xF0, 0x0F, 0x80, 0x7C, 0x03, 0xE0, 0x1F, 0x00,
    0xFC, 0x07, 0x70, 0x79, 0xFF, 0xC7, 0xEC, 0x0C, 0x00, 0x00, 0x00, 0x00, 0xFC, 0xFE, 0x1F, 0xFF,
    0xF9, 0xC1, 0xE0, 0xEC, 0x0E, 0x03, 0x00, 0x70, 0x1C, 0x7F, 0xFF, 0xEF, 0xFF, 0xFE, 0xF0, 0xE0,
    0x06, 0x03, 0x00, 0x30, 0x38, 0x01, 0x83, 0xE0, 0x6F, 0xFB, 0xFF, 0x3F, 0x8F, 0xF0, 0x70, 0x0C,
    0x00, 0x00, 0x01, 0xFC, 0x3F, 0xE7, 0x06, 0x60, 0x0C, 0x00, 0xC0, 0x0C, 0x00, 0xC0, 0x0C, 0x00,
    0xE0, 0x07, 0x02, 0x3F, 0xE1, 0xFC, 0x07, 0x00, 0xE0, 0x0C, 0x00, 0xC0, 0x18, 0x01, 0xC0, 0x0C,
    0x00, 0x60, 0x00, 0x01, 0xF8, 0x3F, 0xE7, 0x0E, 0xE0, 0x7C, 0x03, 0xFF, 0xFF, 0xFF, 0xC0, 0x0C,
    0x00, 0xE0, 0x07, 0x07, 0x3F, 0xE1, 0xFC, 0x07, 0x00, 0x01, 0x80, 0x38, 0x03, 0x00, 0x60, 0x00,
    0x01, 0xF8, 0x3F, 0xE7, 0x0E, 0xE0, 0x7C, 0x03, 0xFF, 0xFF, 0xFF, 0xC0, 0x0C, 0x00, 0xE0, 0x07,
    0x07, 0x3F, 0xE1, 0xFC, 0x07, 0x00, 0x07, 0x00, 0xF8, 0x1D, 0x81, 0x08, 0x00, 0x01, 0xF8, 0x3F,
    0xE7, 0x0E, 0xE0, 0x7C, 0x03, 0xFF, 0xFF, 0xFF, 0xC0, 0x0C, 0x00, 0xE0, 0x07, 0x07, 0x3F, 0xE1,
    0xFC, 0x07, 0x00, 0x08, 0x81, 0x9C, 0x19, 0xC0, 0x00, 0x00, 0x01, 0xF8, 0x3F, 0xE7, 0x0E, 0xE0,
    0x7C, 0x03, 0xFF, 0xFF, 0xFF, 0xC0, 0x0C, 0x00, 0xE0, 0x07, 0x07, 0x3F, 0xE1, 0xFC, 0x07, 0x00,
    0x47, 0x1C, 0x60, 0x0C, 0x63, 0x18, 0xC6, 0x31, 0x8C, 0x63, 0x18, 0xC0, 0x31, 0x9C, 0xC0, 0x31,
    0x8C, 0x63, 0x18, 0xC6, 0x31, 0x8C, 0x63, 0x00, 0x38, 0xF9, 0xBA, 0x10, 0x03, 0x06, 0x0C, 0x18,
    0x30, 0x60, 0xC1, 0x83, 0x06, 0x0C, 0x18, 0x30, 0x45, 0xDF, 0x98, 0x00, 0x03, 0x06, 0x0C, 0x18,
    0x30, 0x60, 0xC1, 0x83, 0x06, 0x0C, 0x18, 0x30, 0x18, 0x00, 0xF0, 0x03, 0xFC, 0x0F, 0xC1, 0xFC,
    0x04, 0x70, 0x7F, 0x87, 0xFE, 0x70, 0xF3, 0x03, 0xB0, 0x0D, 0x80, 0x6C, 0x03, 0x60, 0x1B, 0x00,
    0xCC, 0x0E, 0x70, 0xE1, 0xFE, 0x07, 0xE0, 0x00, 0x00, 0x0C, 0x61, 0xFE, 0x33, 0xC1, 0x08, 0x00,
    0x06, 0xFC, 0x7F, 0xE7, 0x06, 0x60, 0x76, 0x03, 0x60, 0x36, 0x03, 0x60, 0x36, 0x03, 0x60, 0x36,
    0x03, 0x60, 0x36, 0x03, 0x08, 0x00, 0xE0, 0x03, 0x80, 0x0C, 0x00, 0x00, 0x0F, 0xE0, 0xFF, 0x8E,
    0x0E, 0x60, 0x3E, 0x00, 0xF0, 0x07, 0x80, 0x3C, 0x01, 0xE0, 0x0F, 0x80, 0xEE, 0x0E, 0x3F, 0xE0,
    0xFE, 0x01, 0xC0, 0x01, 0x80, 0x0C, 0x00, 0xE0, 0x06, 0x00, 0x00, 0x0F, 0xE0, 0xFF, 0x8E, 0x0E,
    0x60, 0x3E, 0x00, 0xF0, 0x07, 0x80, 0x3C, 0x01, 0xE0, 0x0F, 0x80, 0xEE, 0x0E, 0x3F, 0xE0, 0xFE,
    0x01, 0xC0, 0x07, 0x00, 0x7C, 0x07, 0x70, 0x30, 0x80, 0x00, 0x0F, 0xE0, 0xFF, 0x8E, 0x0E, 0x60,
    0x3E, 0x00, 0xF0, 0x07, 0x80, 0x3C, 0x01, 0xE0, 0x0F, 0x80, 0xEE, 0x0E, 0x3F, 0xE0, 0xFE, 0x01,
    0xC0, 0x0C, 0x60, 0xFB, 0x0C, 0xF0, 0x21, 0x00, 0x00, 0x0F, 0xE0, 0xFF, 0x8E, 0x0E, 0x60, 0x3E,
    0x00, 0xF0, 0x07, 0x80, 0x3C, 0x01, 0xE0, 0x0F, 0x80, 0xEE, 0x0E, 0x3F, 0xE0, 0xFE, 0x01, 0xC0,
    0x08, 0x80, 0xEE, 0x07, 0x70, 0x00, 0x00, 0x00, 0x0F, 0xE0, 0xFF, 0x8E, 0x0E, 0x60, 0x3E, 0x00,
    0xF0, 0x07, 0x80, 0x3C, 0x01, 0xE0, 0x0F, 0x80, 0xEE, 0x0E, 0x3F, 0xE0, 0xFE, 0x01, 0xC0, 0x06,
    0x00, 0xE0, 0x06, 0x00, 0x00, 0x00, 0x0F, 0xFF, 0xFF, 0xF0, 0x00, 0x00, 0x00, 0x60, 0x06, 0x00,
    0x00, 0x00, 0x18, 0xFF, 0xCF, 0xFC, 0xE0, 0xE6, 0x0F, 0xE0, 0xEF, 0x0E, 0x78, 0xE3, 0xCE, 0x1E,
    0x60, 0xFE, 0x0E, 0xF0, 0xE7, 0xFE, 0x7F, 0xE3, 0x1C, 0x00, 0x18, 0x01, 0xC0, 0x0C, 0x00, 0x60,
    0x00, 0x06, 0x02, 0x60, 0x76, 0x07, 0x60, 0x76, 0x07, 0x60, 0x76, 0x07, 0x60, 0x76, 0x07, 0x60,
    0x77, 0x06, 0x3F, 0xE1, 0xFC, 0x06, 0x00, 0x01, 0x80, 0x38, 0x03, 0x00, 0x60, 0x00, 0x06, 0x02,
    0x60, 0x76, 0x07, 0x60, 0x76, 0x07, 0x60, 0x76, 0x07, 0x60, 0x76, 0x07, 0x60, 0x77, 0x06, 0x3F,
    0xE1, 0xFC, 0x06, 0x00, 0x07, 0x00, 0xF0, 0x19, 0x81, 0x08, 0x00, 0x06, 0x02, 0x60, 0x76, 0x07,
    0x60, 0x76, 0x07, 0x60, 0x76, 0x07, 0x60, 0x76, 0x07, 0x60, 0x77, 0x06, 0x3F, 0xE1, 0xFC, 0x06,
    0x00, 0x10, 0x81, 0x9C, 0x19, 0xC0, 0x00, 0x00, 0x06, 0x02, 0x60, 0x76, 0x07, 0x60, 0x76, 0x07,
    0x60, 0x76, 0x07, 0x60, 0x76, 0x07, 0x60, 0x77, 0x06, 0x3F, 0xE1, 0xFC, 0x06, 0x00, 0x01, 0x80,
    0x38, 0x03, 0x00, 0x60, 0x00, 0x06, 0x07, 0x60, 0x76, 0x07, 0x60, 0x76, 0x07, 0x60, 0x76, 0x07,
    0x60, 0x76, 0x07, 0x60, 0x76, 0x0F, 0x7F, 0xF3, 0xFF, 0x0E, 0x60, 0x06, 0x40, 0xE7, 0xFC, 0x3F,
    0x80, 0x40, 0x03, 0x00, 0x18, 0x00, 0xC0, 0x06, 0x00, 0x30, 0x01, 0xBF, 0x0F, 0xFC, 0x78, 0x73,
    0x81, 0xD8, 0x06, 0xC0, 0x36, 0x01, 0xB0, 0x0D, 0x80, 0x6C, 0x07, 0x70, 0x73, 0xFF, 0x9B, 0xF0,
    0xC6, 0x06, 0x00, 0x30, 0x01, 0x80, 0x0C, 0x00, 0x10, 0x81, 0x9C, 0x19, 0xC0, 0x00, 0x00, 0x06,
    0x07, 0x60, 0x76, 0x07, 0x60, 0x76, 0x07, 0x60, 0x76, 0x07, 0x60, 0x76, 0x07, 0x60, 0x76, 0x0F,
    0x7F, 0xF3, 0xFF, 0x0E, 0x60, 0x06, 0x40, 0xE7, 0xFC, 0x3F, 0x80, 0x00, 0x00, 0x0F, 0xF0, 0x07,
    0xF0, 0x00, 0x00, 0x01, 0x80, 0x01, 0x80, 0x03, 0xC0, 0x03, 0xC0, 0x07, 0xE0, 0x06, 0x60, 0x06,
    0x60, 0x0E, 0x70, 0x0C, 0x30, 0x1C, 0x38, 0x18, 0x18, 0x1F, 0xFC, 0x3F, 0xFC, 0x30, 0x0C, 0x70,
    0x0E, 0x60, 0x06, 0x60, 0x07, 0xE0, 0x03, 0x00, 0x00, 0x3F, 0xC1, 0xFE, 0x00, 0x00, 0x00, 0x01,
    0xFB, 0x1F, 0xFD, 0xC1, 0xFC, 0x07, 0xC0, 0x3E, 0x01, 0xF0, 0x0F, 0x80, 0x7C, 0x03, 0xF0, 0x1D,
    0xC1, 0xE7, 0xFF, 0x1F, 0xB0, 0x30, 0x00, 0x0C, 0x30, 0x0E, 0x30, 0x07, 0xE0, 0x03, 0xC0, 0x00,
    0x00, 0x01, 0x80, 0x01, 0x80, 0x03, 0xC0, 0x03, 0xC0, 0x07, 0xE0, 0x06, 0x60, 0x06, 0x60, 0x0E,
    0x70, 0x0C, 0x30, 0x1C, 0x38, 0x18, 0x18, 0x1F, 0xFC, 0x3F, 0xFC, 0x30, 0x0C, 0x70, 0x0E, 0x60,
    0x06, 0x60, 0x07, 0xE0, 0x03, 0x00, 0x00, 0x10, 0x00, 0xC6, 0x06, 0x70, 0x3F, 0x00, 0x70, 0x00,
    0x00, 0x7E, 0xC7, 0xFF, 0x70, 0x7F, 0x01, 0xF0, 0x0F, 0x80, 0x7C, 0x03, 0xE0, 0x1F, 0x00, 0xFC,
    0x07, 0x70, 0x79, 0xFF, 0xC7, 0xEC, 0x0C, 0x00, 0x01, 0x80, 0x00, 0xC0, 0x00, 0xF0, 0x00, 0x78,
    0x00, 0x7E, 0x00, 0x33, 0x00, 0x19, 0x80, 0x1C, 0xE0, 0x0C, 0x30, 0x0E, 0x1C, 0x06, 0x06, 0x03,
    0xFF, 0x83, 0xFF, 0xC1, 0x80, 0x61, 0xC0, 0x38, 0xC0, 0x0C, 0x60, 0x07, 0x70, 0x03, 0x80, 0x03,
    0x80, 0x03, 0x80, 0x01, 0x80, 0x00, 0x78, 0x00, 0x3C, 0x00, 0x00, 0xFD, 0x8F, 0xFE, 0xE0, 0xFE,
    0x03, 0xE0, 0x1F, 0x00, 0xF8, 0x07, 0xC0, 0x3E, 0x01, 0xF8, 0x0E, 0xE0, 0xF3, 0xFF, 0x8F, 0xDC,
    0x19, 0xC0, 0x18, 0x00, 0xC0, 0x07, 0xC0, 0x1E, 0x00, 0x38, 0x00, 0xE0, 0x03, 0x80, 0x00, 0x00,
    0x3F, 0x01, 0xFF, 0x87, 0x87, 0x9C, 0x00, 0x70, 0x00, 0xC0, 0x03, 0x80, 0x06, 0x00, 0x0C, 0x00,
    0x18, 0x00, 0x30, 0x00, 0x60, 0x00, 0xE0, 0x00, 0xC0, 0x01, 0xC0, 0x01, 0xC0, 0x31, 0xFF, 0xE0,
    0xFF, 0x00, 0x70, 0x00, 0x01, 0x80, 0x18, 0x03, 0x80, 0x30, 0x00, 0x01, 0xFC, 0x3F, 0xE7, 0x06,
    0x60, 0x0C, 0x00, 0xC0, 0x0C, 0x00, 0xC0, 0x0C, 0x00, 0xE0, 0x07, 0x02, 0x3F, 0xE1, 0xFC, 0x07,
    0x00, 0x00, 0xC0, 0x03, 0xC0, 0x0F, 0xC0, 0x31, 0x80, 0x00, 0x00, 0x7E, 0x03, 0xFF, 0x0F, 0x0F,
    0x38, 0x00, 0xE0, 0x01, 0x80, 0x07, 0x00, 0x0C, 0x00, 0x18, 0x00, 0x30, 0x00, 0x60, 0x00, 0xC0,
    0x01, 0xC0, 0x01, 0x80, 0x03, 0x80, 0x03, 0x80, 0x63, 0xFF, 0xC1, 0xFE, 0x00, 0xE0, 0x07, 0x00,
    0xF8, 0x1D, 0xC1, 0x84, 0x00, 0x01, 0xFC, 0x3F, 0xE7, 0x06, 0x60, 0x0C, 0x00, 0xC0, 0x0C, 0x00,
    0xC0, 0x0C, 0x00, 0xE0, 0x07, 0x02, 0x3F, 0xE1, 0xFC, 0x07, 0x00, 0x01, 0x80, 0x03, 0x80, 0x07,
    0x00, 0x00, 0x00, 0x3F, 0x01, 0xFF, 0x87, 0x87, 0x9C, 0x00, 0x70, 0x00, 0xC0, 0x03, 0x80, 0x06,
    0x00, 0x0C, 0x00, 0x18, 0x00, 0x30, 0x00, 0x60, 0x00, 0xE0, 0x00, 0xC0, 0x01, 0xC0, 0x01, 0xC0,
    0x31, 0xFF, 0xE0, 0xFF, 0x00, 0x70, 0x00, 0x07, 0x00, 0x70, 0x02, 0x00, 0x00, 0x1F, 0xC3, 0xFE,
    0x70, 0x66, 0x00, 0xC0, 0x0C, 0x00, 0xC0, 0x0C, 0x00, 0xC0, 0x0E, 0x00, 0x70, 0x23, 0xFE, 0x1F,
    0xC0, 0x70, 0x00, 0x10, 0x0E, 0x60, 0x0F, 0x80, 0x0E, 0x00, 0x00, 0x00, 0x7E, 0x03, 0xFF, 0x0F,
    0x0F, 0x38, 0x00, 0xE0, 0x01, 0x80, 0x07, 0x00, 0x0C, 0x00, 0x18, 0x00, 0x30, 0x00, 0x60, 0x00,
    0xC0, 0x01, 0xC0, 0x01, 0x80, 0x03, 0x80, 0x03, 0x80, 0x63, 0xFF, 0xC1, 0xFE, 0x00, 0xE0, 0x18,
    0xC1, 0xDC, 0x0F, 0x80, 0x70, 0x00, 0x01, 0xFC, 0x3F, 0xE7, 0x06, 0x60, 0x0C, 0x00, 0xC0, 0x0C,
    0x00, 0xC0, 0x0C, 0x00, 0xE0, 0x07, 0x02, 0x3F, 0xE1, 0xFC, 0x07, 0x00, 0x00, 0x80, 0x73, 0x00,
    0x7C, 0x00, 0x70, 0x00, 0x00, 0x1F, 0xF8, 0x3F, 0xFC, 0x60, 0x3C, 0xC0, 0x1D, 0x80, 0x1B, 0x00,
    0x3E, 0x00, 0x7C, 0x00, 0x78, 0x00, 0xF0, 0x01, 0xE0, 0x03, 0xC0, 0x07, 0x80, 0x1F, 0x00, 0x36,
    0x00, 0xEC, 0x03, 0x9F, 0xFE, 0x3F, 0xF8, 0x00, 0x00, 0x17, 0x00, 0x1F, 0xC0, 0x0E, 0xE0, 0x07,
    0x60, 0x03, 0xE0, 0x01, 0xC0, 0x7E, 0xE0, 0x7F, 0xF0, 0x70, 0x78, 0x70, 0x1C, 0x30, 0x0E, 0x18,
    0x07, 0x0C, 0x03, 0x86, 0x01, 0xC3, 0x00, 0xE1, 0xC0, 0x70, 0x70, 0x78, 0x1F, 0xFC, 0x07, 0xEC,
    0x00, 0xC0, 0x00, 0x3F, 0xF0, 0x1F, 0xFE, 0x0C, 0x07, 0x86, 0x00, 0xE3, 0x00, 0x31, 0x80, 0x1C,
    0xC0, 0x0E, 0x60, 0x03, 0xFC, 0x01, 0xFE, 0x00, 0xCC, 0x00, 0x66, 0x00, 0x33, 0x00, 0x39, 0x80,
    0x18, 0xC0, 0x1C, 0x60, 0x1C, 0x3F, 0xFC, 0x1F, 0xFC, 0x00, 0x00, 0x10, 0x00, 0xE0, 0x0F, 0xC0,
    0x3F, 0x00, 0x38, 0x00, 0xE1, 0xFB, 0x8F, 0xFE, 0x70, 0x7B, 0x80, 0xEC, 0x03, 0xB0, 0x0E, 0xC0,
    0x3B, 0x00, 0xEC, 0x03, 0xB8, 0x0E, 0x70, 0x78, 0xFF, 0xE1, 0xFB, 0x01, 0x80, 0x00, 0x03, 0xFC,
    0x3F, 0xC0, 0x00, 0xFF, 0xEF, 0xFE, 0xC0, 0x0C, 0x00, 0xC0, 0x0C, 0x00, 0xC0, 0x0C, 0x00, 0xFF,
    0xCF, 0xFC, 0xC0, 0x0C, 0x00, 0xC0, 0x0C, 0x00, 0xC0, 0x0C, 0x00, 0xFF, 0xEF, 0xFE, 0x3F, 0xC3,
    0xFC, 0x00, 0x00, 0x00, 0x1F, 0x83, 0xFE, 0x70, 0xEE, 0x07, 0xC0, 0x3F, 0xFF, 0xFF, 0xFC, 0x00,
    0xC0, 0x0E, 0x00, 0x70, 0x73, 0xFE, 0x1F, 0xC0, 0x70, 0x30, 0xC3, 0x1C, 0x1F, 0x80, 0xF0, 0x00,
    0x0F, 0xFE, 0xFF, 0xEC, 0x00, 0xC0, 0x0C, 0x00, 0xC0, 0x0C, 0x00, 0xC0, 0x0F, 0xFC, 0xFF, 0xCC,
    0x00, 0xC0, 0x0C, 0x00, 0xC0, 0x0C, 0x00, 0xC0, 0x0F, 0xFE, 0xFF, 0xE0, 0x10, 0x03, 0x0C, 0x19,
    0x81, 0xF8, 0x0F, 0x00, 0x00, 0x1F, 0x83, 0xFE, 0x70, 0xEE, 0x07, 0xC0, 0x3F, 0xFF, 0xFF, 0xFC,
    0x00, 0xC0, 0x0E, 0x00, 0x70, 0x73, 0xFE, 0x1F, 0xC0, 0x70, 0x06, 0x00, 0x60, 0x06, 0x00, 0x00,
    0xFF, 0xEF, 0xFE, 0xC0, 0x0C, 0x00, 0xC0, 0x0C, 0x00, 0xC0, 0x0C, 0x00, 0xFF, 0xCF, 0xFC, 0xC0,
    0x0C, 0x00, 0xC0, 0x0C, 0x00, 0xC0, 0x0C, 0x00, 0xFF, 0xEF, 0xFE, 0x06, 0x00, 0x70, 0x06, 0x00,
    0x00, 0x1F, 0x83, 0xFE, 0x70, 0xEE, 0x07, 0xC0, 0x3F, 0xFF, 0xFF, 0xFC, 0x00, 0xC0, 0x0E, 0x00,
    0x70, 0x73, 0xFE, 0x1F, 0xC0, 0x70, 0xFF, 0xEF, 0xFE, 0xC0, 0x0C, 0x00, 0xC0, 0x0C, 0x00, 0xC0,
    0x0C, 0x00, 0xFF, 0xCF, 0xFC, 0xC0, 0x0C, 0x00, 0xC0, 0x0C, 0x00, 0xC0, 0x0C, 0x00, 0xFF, 0xEF,
    0xFE, 0x01, 0xC0, 0x38, 0x03, 0x00, 0x1E, 0x01, 0xE0, 0x00, 0x01, 0xF8, 0x3F, 0xE7, 0x0E, 0xE0,
    0x7C, 0x03, 0xFF, 0xFF, 0xFF, 0xC0, 0x0C, 0x00, 0xE0, 0x07, 0x07, 0x3F, 0xE1, 0xFC, 0x07, 0x80,
    0x18, 0x01, 0x80, 0x1F, 0x00, 0xE0, 0x00, 0x81, 0x98, 0x1F, 0x00, 0xF0, 0x00, 0x0F, 0xFE, 0xFF,
    0xEC, 0x00, 0xC0, 0x0C, 0x00, 0xC0, 0x0C, 0x00, 0xC0, 0x0F, 0xFC, 0xFF, 0xCC, 0x00, 0xC0, 0x0C,
    0x00, 0xC0, 0x0C, 0x00, 0xC0, 0x0F, 0xFE, 0xFF, 0xE0, 0x10, 0x81, 0xD8, 0x0F, 0x00, 0x70, 0x00,
    0x01, 0xF8, 0x3F, 0xE7, 0x0E, 0xE0, 0x7C, 0x03, 0xFF, 0xFF, 0xFF, 0xC0, 0x0C, 0x00, 0xE0, 0x07,
    0x07, 0x3F, 0xE1, 0xFC, 0x07, 0x00, 0x00, 0x80, 0x03, 0x80, 0x0F, 0x80, 0x31, 0x80, 0x00, 0x00,
    0x7F, 0x03, 0xFF, 0x0F, 0x07, 0x38, 0x00, 0xE0, 0x01, 0x80, 0x07, 0x00, 0x0C, 0x00, 0x18, 0x00,
    0x30, 0x3F, 0xE0, 0x7F, 0xC0, 0x07, 0xC0, 0x0D, 0x80, 0x1B, 0x80, 0x33, 0xC0, 0x63, 0xFF, 0xC1,
    0xFF, 0x00, 0x70, 0x03, 0x00, 0x3C, 0x03, 0x30, 0x10, 0x80, 0x00, 0x0F, 0xEC, 0xFF, 0xEE, 0x0F,
    0xE0, 0x3E, 0x00, 0xF0, 0x07, 0x80, 0x3C, 0x01, 0xE0, 0x0F, 0x80, 0xEE, 0x0F, 0x3F, 0xF8, 0xFE,
    0xC1, 0x86, 0x00, 0x72, 0x07, 0x1F, 0xF0, 0x7F, 0x00, 0x04, 0x10, 0x0C, 0x60, 0x1F, 0xC0, 0x1F,
    0x00, 0x00, 0x00, 0x7F, 0x03, 0xFF, 0x0F, 0x07, 0x38, 0x00, 0xE0, 0x01, 0x80, 0x07, 0x00, 0x0C,
    0x00, 0x18, 0x00, 0x30, 0x3F, 0xE0, 0x7F, 0xC0, 0x07, 0xC0, 0x0D, 0x80, 0x1B, 0x80, 0x33, 0xC0,
    0x63, 0xFF, 0xC1, 0xFF, 0x00, 0x70, 0x00, 0x40, 0xC6, 0x07, 0x30, 0x1F, 0x00, 0x70, 0x00, 0x00,
    0x7F, 0x67, 0xFF, 0x70, 0x7F, 0x01, 0xF0, 0x07, 0x80, 0x3C, 0x01, 0xE0, 0x0F, 0x00, 0x7C, 0x07,
    0x70, 0x79, 0xFF, 0xC7, 0xF6, 0x0C, 0x30, 0x03, 0x90, 0x38, 0xFF, 0x83, 0xF8, 0x00, 0x80, 0x03,
    0x80, 0x07, 0x00, 0x00, 0x00, 0x3F, 0x81, 0xFF, 0x87, 0x83, 0x9C, 0x00, 0x70, 0x00, 0xC0, 0x03,
    0x80, 0x06, 0x00, 0x0C, 0x00, 0x18, 0x1F, 0xF0, 0x3F, 0xE0, 0x03, 0xE0, 0x06, 0xC0, 0x0D, 0xC0,
    0x19, 0xE0, 0x31, 0xFF, 0xE0, 0xFF, 0x80, 0x38, 0x00, 0x03, 0x00, 0x38, 0x00, 0xC0, 0x00, 0x01,
    0xFD, 0x9F, 0xFD, 0xC1, 0xFC, 0x07, 0xC0, 0x1E, 0x00, 0xF0, 0x07, 0x80, 0x3C, 0x01, 0xF0, 0x1D,
    0xC1, 0xE7, 0xFF, 0x1F, 0xD8, 0x30, 0xC0, 0x0E, 0x40, 0xE3, 0xFE, 0x0F, 0xE0, 0x03, 0xF8, 0x1F,
    0xF8, 0x78, 0x39, 0xC0, 0x07, 0x00, 0x0C, 0x00, 0x38, 0x00, 0x60, 0x00, 0xC0, 0x01, 0x81, 0xFF,
    0x03, 0xFE, 0x00, 0x3E, 0x00, 0x6C, 0x00, 0xDC, 0x01, 0x9E, 0x03, 0x1F, 0xFE, 0x0F, 0xF8, 0x03,
    0x80, 0x0E, 0x00, 0x1E, 0x00, 0x38, 0x00, 0x70, 0x00, 0x00, 0x00, 0x1C, 0x01, 0xC0, 0x0C, 0x00,
    0x78, 0x01, 0x80, 0x00, 0x03, 0xFB, 0x3F, 0xFB, 0x83, 0xF8, 0x0F, 0x80, 0x3C, 0x01, 0xE0, 0x0F,
    0x00, 0x78, 0x03, 0xE0, 0x3B, 0x83, 0xCF, 0xFE, 0x3F, 0xB0, 0x61, 0x80, 0x1C, 0x81, 0xC7, 0xFC,
    0x1F, 0xC0, 0x03, 0x00, 0x1E, 0x00, 0xFC, 0x03, 0x30, 0x00, 0x03, 0x00, 0x3C, 0x00, 0xF0, 0x03,
    0xC0, 0x0F, 0x00, 0x3C, 0x00, 0xF0, 0x03, 0xC0, 0x0F, 0xFF, 0xFF, 0xFF, 0xF0, 0x03, 0xC0, 0x0F,
    0x00, 0x3C, 0x00, 0xF0, 0x03, 0xC0, 0x0F, 0x00, 0x3C, 0x00, 0xC0, 0x18, 0x00, 0xF0, 0x07, 0xE0,
    0x31, 0x80, 0x10, 0x00, 0x60, 0x01, 0x80, 0x06, 0x00, 0x18, 0x00, 0x60, 0x01, 0xBF, 0x07, 0xFE,
    0x1C, 0x38, 0x60, 0x61, 0x81, 0xC6, 0x07, 0x18, 0x1C, 0x60, 0x71, 0x81, 0xC6, 0x07, 0x18, 0x1C,
    0x60, 0x71, 0x81, 0xC0, 0x20, 0x06, 0x38, 0x03, 0x1C, 0x01, 0x8E, 0x00, 0xCF, 0xFF, 0xFF, 0xFF,
    0xFD, 0xC0, 0x18, 0xE0, 0x0C, 0x7F, 0xFE, 0x3F, 0xFF, 0x1C, 0x01, 0x8E, 0x00, 0xC7, 0x00, 0x63,
    0x80, 0x31, 0xC0, 0x18, 0xE0, 0x0C, 0x70, 0x06, 0x38, 0x03, 0x00, 0x20, 0x01, 0x80, 0x0C, 0x01,
    0xF8, 0x0F, 0xC0, 0x18, 0x00, 0xDF, 0x87, 0xFE, 0x38, 0x71, 0x81, 0x8C, 0x0E, 0x60, 0x73, 0x03,
    0x98, 0x1C, 0xC0, 0xE6, 0x07, 0x30, 0x39, 0x81, 0xCC, 0x0E, 0x01, 0x3D, 0xBF, 0xD9, 0xC0, 0x00,
    0xC0, 0x60, 0x30, 0x18, 0x0C, 0x06, 0x03, 0x01, 0x80, 0xC0, 0x60, 0x30, 0x18, 0x0C, 0x06, 0x03,
    0x01, 0x80, 0xC0, 0x60, 0x31, 0xBE, 0xDB, 0xC8, 0x40, 0x00, 0x60, 0x30, 0x18, 0x0C, 0x06, 0x03,
    0x01, 0x80, 0xC0, 0x60, 0x30, 0x18, 0x0C, 0x06, 0x00, 0x00, 0x7F, 0x9F, 0xC0, 0x01, 0x80, 0xC0,
    0x60, 0x30, 0x18, 0x0C, 0x06, 0x03, 0x01, 0x80, 0xC0, 0x60, 0x30, 0x18, 0x0C, 0x06, 0x03, 0x01,
    0x80, 0xC0, 0x7F, 0xBF, 0xC0, 0x00, 0x00, 0xC0, 0x60, 0x30, 0x18, 0x0C, 0x06, 0x03, 0x01, 0x80,
    0xC0, 0x60, 0x30, 0x18, 0x0C, 0x00, 0x43, 0xE3, 0x7E, 0x3C, 0x00, 0x18, 0x18, 0x18, 0x18, 0x18,
    0x18, 0x18, 0x18, 0x18, 0x18, 0x18, 0x18, 0x18, 0x18, 0x18, 0x18, 0x18, 0x18, 0x01, 0x8F, 0xBB,
    0xE3, 0x80, 0x06, 0x0C, 0x18, 0x30, 0x60, 0xC1, 0x83, 0x06, 0x0C, 0x18, 0x30, 0x60, 0x31, 0x8C,
    0x63, 0x18, 0xC6, 0x31, 0x8C, 0x63, 0x18, 0xC6, 0x33, 0xB9, 0x8C, 0x7D, 0xC0, 0x38, 0xE1, 0x00,
    0x18, 0x61, 0x86, 0x18, 0x61, 0x86, 0x18, 0x61, 0x86, 0x39, 0xCC, 0x30, 0xF9, 0xE0, 0xDF, 0x0D,
    0xB6, 0xDB, 0x6D, 0xB6, 0xDB, 0x6D, 0x80, 0x6D, 0xB6, 0xDB, 0x6D, 0xB6, 0x40, 0x7C, 0x0F, 0x81,
    0xF0, 0x3E, 0x07, 0xC0, 0xF8, 0x1F, 0x03, 0xE0, 0x7C, 0x0F, 0x81, 0xF0, 0x30, 0x06, 0x00, 0xF0,
    0x3F, 0x06, 0x7F, 0xC7, 0xF0, 0x30, 0x00, 0xE3, 0x71, 0xD0, 0x40, 0x06, 0x33, 0x19, 0x8C, 0xC6,
    0x63, 0x31, 0x98, 0xCC, 0x66, 0x33, 0x19, 0x8C, 0xC6, 0x63, 0x01, 0x80, 0xC0, 0xE0, 0xF0, 0xF0,
    0x00, 0x60, 0x03, 0xC0, 0x1F, 0x80, 0x63, 0x00, 0x00, 0x01, 0x80, 0x06, 0x00, 0x18, 0x00, 0x60,
    0x01, 0x80, 0x06, 0x00, 0x18, 0x00, 0x60, 0x01, 0x80, 0x06, 0x00, 0x18, 0x00, 0x60, 0x01, 0x80,
    0x06, 0x38, 0x18, 0x60, 0xE1, 0xFF, 0x03, 0xF8, 0x03, 0x80, 0x18, 0x3C, 0x66, 0x42, 0x00, 0x18,
    0x18, 0x18, 0x18, 0x18, 0x18, 0x18, 0x18, 0x18, 0x18, 0x18, 0x18, 0x18, 0x18, 0x18, 0x38, 0xF0,
    0xE0, 0xC0, 0x0B, 0x00, 0x7C, 0x03, 0xB0, 0x1C, 0xC0, 0xE3, 0x07, 0x0C, 0x78, 0x33, 0x80, 0xDE,
    0x03, 0xFC, 0x0F, 0x38, 0x38, 0x70, 0xC0, 0xE3, 0x03, 0x8C, 0x07, 0x30, 0x0E, 0xC0, 0x1F, 0x00,
    0x30, 0x00, 0x03, 0x80, 0x0F, 0x00, 0x38, 0x00, 0xE0, 0x00, 0xC0, 0x18, 0x03, 0x00, 0x60, 0x0C,
    0x01, 0x80, 0x30, 0x36, 0x0E, 0xC3, 0x98, 0xE3, 0x38, 0x7E, 0x0F, 0xC1, 0xFC, 0x31, 0xC6, 0x1C,
    0xC3, 0x98, 0x3B, 0x03, 0x8E, 0x01, 0xC0, 0x18, 0x07, 0x00, 0xC0, 0xC0, 0xD8, 0x3B, 0x0E, 0x63,
    0x8C, 0xE1, 0xF8, 0x3F, 0x07, 0xF0, 0xC7, 0x18, 0x73, 0x0E, 0x60, 0xEC, 0x0E, 0x38, 0x0F, 0x03,
    0x80, 0x00, 0x0C, 0x01, 0x80, 0x30, 0x06, 0x00, 0xC0, 0x18, 0x03, 0x00, 0x60, 0x0C, 0x01, 0x80,
    0x30, 0x06, 0x00, 0xC0, 0x18, 0x03, 0x00, 0x60, 0x0F, 0xFF, 0xFF, 0xC0, 0x3B, 0xF8, 0x0C, 0x63,
    0x18, 0xC6, 0x31, 0x8C, 0x63, 0x18, 0xC6, 0x31, 0x8C, 0x63, 0x00, 0xC0, 0x18, 0x03, 0x00, 0x60,
    0x0C, 0x01, 0x80, 0x30, 0x06, 0x00, 0xC0, 0x18, 0x03, 0x00, 0x60, 0x0C, 0x01, 0x80, 0x30, 0x06,
    0x00, 0xFF, 0xFF, 0xFC, 0x00, 0x07, 0x00, 0xE0, 0x1C, 0x03, 0x00, 0x66, 0x66, 0x66, 0x66, 0x66,
    0x66, 0x66, 0x66, 0x66, 0x6E, 0xE7, 0x6C, 0x07, 0x18, 0xE3, 0x0E, 0x63, 0x8C, 0x61, 0x80, 0x30,
    0x06, 0x00, 0xC0, 0x18, 0x03, 0x00, 0x60, 0x0C, 0x01, 0x80, 0x30, 0x06, 0x00, 0xC0, 0x1F, 0xFF,
    0xFF, 0x80, 0xDB, 0xFC, 0xF7, 0xFB, 0x0C, 0x30, 0xC3, 0x0C, 0x30, 0xC3, 0x0C, 0x30, 0xC3, 0x0C,
    0x00, 0xC0, 0x18, 0x03, 0x00, 0x60, 0x0C, 0x01, 0x80, 0x30, 0x06, 0x0C, 0xC1, 0x98, 0x33, 0x00,
    0x60, 0x0C, 0x01, 0x80, 0x30, 0x06, 0x00, 0xFF, 0xFF, 0xFC, 0xC3, 0x0C, 0x30, 0xC3, 0x0C, 0x30,
    0xCF, 0x7C, 0xF0, 0xC3, 0x0C, 0x30, 0xC3, 0x0C, 0x00, 0x10, 0x01, 0x80, 0x0C, 0x00, 0x60, 0x03,
    0x00, 0x18, 0x00, 0xF8, 0x07, 0xC0, 0xF8, 0x07, 0x80, 0x0C, 0x00, 0x60, 0x03, 0x00, 0x18, 0x00,
    0xC0, 0x06, 0x00, 0x3F, 0xF9, 0xFF, 0xC0, 0x18, 0x18, 0x18, 0x18, 0x18, 0x18, 0x18, 0x1E, 0x3E,
    0x78, 0x78, 0x18, 0x18, 0x18, 0x18, 0x18, 0x18, 0x18, 0x18, 0x00, 0x60, 0x07, 0x80, 0x38, 0x00,
    0x00, 0xC0, 0x0F, 0x80, 0x3E, 0x00, 0xFC, 0x03, 0xF8, 0x0F, 0x70, 0x3C, 0xC0, 0xF3, 0x83, 0xC7,
    0x0F, 0x0E, 0x3C, 0x18, 0xF0, 0x73, 0xC0, 0xEF, 0x01, 0xFC, 0x03, 0xF0, 0x0F, 0xC0, 0x1F, 0x00,
    0x30, 0x01, 0x80, 0x18, 0x03, 0x80, 0x30, 0x00, 0x06, 0xFC, 0x7F, 0xE7, 0x06, 0x60, 0x76, 0x03,
    0x60, 0x36, 0x03, 0x60, 0x36, 0x03, 0x60, 0x36, 0x03, 0x60, 0x36, 0x03, 0xC0, 0x0F, 0x80, 0x3E,
    0x00, 0xFC, 0x03, 0xF8, 0x0F, 0x70, 0x3C, 0xC0, 0xF3, 0x83, 0xC7, 0x0F, 0x0E, 0x3C, 0x18, 0xF0,
    0x73, 0xC0, 0xEF, 0x01, 0xFC, 0x03, 0xF0, 0x0F, 0xC0, 0x1F, 0x00, 0x30, 0x00, 0x00, 0xE0, 0x03,
    0x80, 0x0E, 0x00, 0x30, 0x00, 0x00, 0x06, 0xFC, 0x7F, 0xE7, 0x06, 0x60, 0x76, 0x03, 0x60, 0x36,
    0x03, 0x60, 0x36, 0x03, 0x60, 0x36, 0x03, 0x60, 0x36, 0x03, 0x06, 0x00, 0xF0, 0x03, 0x00, 0x70,
    0x0E, 0x00, 0x00, 0x00, 0x33, 0x00, 0x7C, 0x00, 0xE0, 0x00, 0x03, 0x00, 0x3E, 0x00, 0xF8, 0x03,
    0xF0, 0x0F, 0xE0, 0x3D, 0xC0, 0xF3, 0x03, 0xCE, 0x0F, 0x1C, 0x3C, 0x38, 0xF0, 0x63, 0xC1, 0xCF,
    0x03, 0xBC, 0x07, 0xF0, 0x0F, 0xC0, 0x3F, 0x00, 0x7C, 0x00, 0xC0, 0x18, 0xC1, 0xDC, 0x0F, 0x80,
    0x70, 0x00, 0x06, 0xFC, 0x7F, 0xE7, 0x06, 0x60, 0x76, 0x03, 0x60, 0x36, 0x03, 0x60, 0x36, 0x03,
    0x60, 0x36, 0x03, 0x60, 0x36, 0x03, 0x60, 0x01, 0xC0, 0x03, 0x80, 0x07, 0x00, 0x0C, 0x00, 0x19,
    0x3F, 0x37, 0xFF, 0x0F, 0x06, 0x1C, 0x0C, 0x38, 0x1C, 0x70, 0x38, 0xE0, 0x71, 0xC0, 0xE3, 0x81,
    0xC7, 0x03, 0x8E, 0x07, 0x1C, 0x0E, 0x30, 0x1C, 0xC0, 0x05, 0xC0, 0x1F, 0x80, 0x3F, 0x80, 0x7F,
    0x80, 0xFB, 0x81, 0xF3, 0x83, 0xE3, 0x07, 0xC7, 0x0F, 0x87, 0x1F, 0x07, 0x3E, 0x06, 0x7C, 0x0E,
    0xF8, 0x0F, 0xF0, 0x0F, 0xE0, 0x0F, 0xC0, 0x0F, 0x80, 0x1C, 0x00, 0x38, 0x00, 0x70, 0x00, 0xC0,
    0x0F, 0x80, 0x1E, 0x00, 0x00, 0x06, 0xFC, 0x7F, 0xE7, 0x06, 0x60, 0x76, 0x03, 0x60, 0x36, 0x03,
    0x60, 0x36, 0x03, 0x60, 0x36, 0x03, 0x60, 0x36, 0x03, 0x00, 0x30, 0x03, 0x00, 0x70, 0x3E, 0x03,
    0xC0, 0x00, 0x00, 0x07, 0xFC, 0x01, 0xFC, 0x00, 0x00, 0x00, 0x7F, 0x00, 0xFF, 0xE0, 0xF0, 0x78,
    0x70, 0x0E, 0x70, 0x03, 0x70, 0x01, 0xF8, 0x00, 0x78, 0x00, 0x3C, 0x00, 0x1E, 0x00, 0x0F, 0x00,
    0x07, 0x80, 0x03, 0xE0, 0x03, 0xB0, 0x01, 0x9C, 0x01, 0xC7, 0x01, 0xC1, 0xFF, 0xC0, 0x7F, 0xC0,
    0x07, 0x00, 0x1F, 0xC0, 0xFE, 0x00, 0x00, 0x00, 0x01, 0xFC, 0x1F, 0xF1, 0xC1, 0xCC, 0x07, 0xC0,
    0x1E, 0x00, 0xF0, 0x07, 0x80, 0x3C, 0x01, 0xF0, 0x1D, 0xC1, 0xC7, 0xFC, 0x1F, 0xC0, 0x38, 0x00,
    0x04, 0x10, 0x03, 0x18, 0x01, 0xFC, 0x00, 0x7C, 0x00, 0x00, 0x00, 0x3F, 0x80, 0x7F, 0xF0, 0x78,
    0x3C, 0x38, 0x07, 0x38, 0x01, 0xB8, 0x00, 0xFC, 0x00, 0x3C, 0x00, 0x1E, 0x00, 0x0F, 0x00, 0x07,
    0x80, 0x03, 0xC0, 0x01, 0xF0, 0x01, 0xD8, 0x00, 0xCE, 0x00, 0xE3, 0x80, 0xE0, 0xFF, 0xE0, 0x3F,
    0xE0, 0x03, 0x80, 0x00, 0x00, 0xC6, 0x06, 0x70, 0x1F, 0x00, 0x70, 0x00, 0x00, 0x7F, 0x07, 0xFC,
    0x70, 0x73, 0x01, 0xF0, 0x07, 0x80, 0x3C, 0x01, 0xE0, 0x0F, 0x00, 0x7C, 0x07, 0x70, 0x71, 0xFF,
    0x07, 0xF0, 0x0E, 0x00, 0x01, 0x98, 0x01, 0xDC, 0x00, 0xCC, 0x00, 0xCC, 0x00, 0x7F, 0x00, 0xFF,
    0xE0, 0xF0, 0x78, 0x70, 0x0E, 0x70, 0x03, 0x70, 0x01, 0xF8, 0x00, 0x78, 0x00, 0x3C, 0x00, 0x1E,
    0x00, 0x0F, 0x00, 0x07, 0x80, 0x03, 0xE0, 0x03, 0xB0, 0x01, 0x9C, 0x01, 0xC7, 0x01, 0xC1, 0xFF,
    0xC0, 0x7F, 0xC0, 0x07, 0x00, 0x06, 0x60, 0x37, 0x03, 0x70, 0x13, 0x00, 0x00, 0x0F, 0xE0, 0xFF,
    0x8E, 0x0E, 0x60, 0x3E, 0x00, 0xF0, 0x07, 0x80, 0x3C, 0x01, 0xE0, 0x0F, 0x80, 0xEE, 0x0E, 0x3F,
    0xE0, 0xFE, 0x01, 0xC0, 0x07, 0xFF, 0xFE, 0x3F, 0xFF, 0xFC, 0xF0, 0x30, 0x03, 0x80, 0x60, 0x06,
    0x00, 0xC0, 0x1C, 0x01, 0x80, 0x30, 0x03, 0x00, 0x60, 0x06, 0x00, 0xC0, 0x0F, 0xFD, 0x80, 0x1F,
    0xFB, 0x00, 0x30, 0x06, 0x00, 0x60, 0x0E, 0x00, 0xC0, 0x0C, 0x01, 0x80, 0x1C, 0x03, 0x00, 0x1C,
    0x06, 0x00, 0x3F, 0xFF, 0xFE, 0x1F, 0xFF, 0xFC, 0x00, 0x00, 0x00, 0x1F, 0xC3, 0xF8, 0x3F, 0xE7,
    0xFC, 0x70, 0x7E, 0x0C, 0x60, 0x3C, 0x06, 0xC0, 0x1C, 0x06, 0xC0, 0x1F, 0xFE, 0xC0, 0x1F, 0xFE,
    0xC0, 0x18, 0x00, 0xC0, 0x1C, 0x00, 0xE0, 0x3C, 0x00, 0x70, 0x7E, 0x06, 0x3F, 0xE7, 0xFE, 0x1F,
    0xC3, 0xF8, 0x07, 0x00, 0x60, 0x00, 0xC0, 0x0F, 0x00, 0x38, 0x00, 0x00, 0xFF, 0xC3, 0xFF, 0xCC,
    0x07, 0x30, 0x0E, 0xC0, 0x1B, 0x00, 0x6C, 0x01, 0xB0, 0x0E, 0xC0, 0x73, 0xFF, 0x8F, 0xFF, 0x30,
    0x0C, 0xC0, 0x3B, 0x00, 0xEC, 0x03, 0xB0, 0x06, 0xC0, 0x1B, 0x00, 0x70, 0x06, 0x07, 0x07, 0x03,
    0x00, 0x03, 0x7D, 0xFC, 0xE0, 0x70, 0x30, 0x18, 0x0C, 0x06, 0x03, 0x01, 0x80, 0xC0, 0x60, 0x30,
    0x00, 0xFF, 0xC3, 0xFF, 0xCC, 0x07, 0x30, 0x0E, 0xC0, 0x1B, 0x00, 0x6C, 0x01, 0xB0, 0x0E, 0xC0,
    0x73, 0xFF, 0x8F, 0xFF, 0x30, 0x0C, 0xC0, 0x3B, 0x00, 0xEC, 0x03, 0xB0, 0x06, 0xC0, 0x1B, 0x00,
    0x70, 0x00, 0x01, 0xC0, 0x07, 0x00, 0x1C, 0x00, 0x60, 0x00, 0x00, 0x37, 0xDF, 0xCE, 0x07, 0x03,
    0x01, 0x80, 0xC0, 0x60, 0x30, 0x18, 0x0C, 0x06, 0x03, 0x03, 0x81, 0xC0, 0x60, 0x70, 0x30, 0x00,
    0x00, 0x00, 0x67, 0x00, 0xF8, 0x01, 0xC0, 0x00, 0x03, 0xFF, 0x0F, 0xFF, 0x30, 0x1C, 0xC0, 0x3B,
    0x00, 0x6C, 0x01, 0xB0, 0x06, 0xC0, 0x3B, 0x01, 0xCF, 0xFE, 0x3F, 0xFC, 0xC0, 0x33, 0x00, 0xEC,
    0x03, 0xB0, 0x0E, 0xC0, 0x1B, 0x00, 0x6C, 0x01, 0xC0, 0x42, 0x37, 0x1F, 0x07, 0x00, 0x03, 0x7D,
    0xFC, 0xE0, 0x70, 0x30, 0x18, 0x0C, 0x06, 0x03, 0x01, 0x80, 0xC0, 0x60, 0x30, 0x00, 0x00, 0xE0,
    0x0F, 0x00, 0xE0, 0x00, 0x00, 0xFC, 0x0F, 0xF8, 0xE1, 0xEE, 0x03, 0x70, 0x03, 0x80, 0x0C, 0x00,
    0x78, 0x01, 0xF8, 0x03, 0xF0, 0x03, 0xC0, 0x07, 0x00, 0x18, 0x00, 0xD8, 0x06, 0xE0, 0x77, 0xFF,
    0x0F, 0xF0, 0x0C, 0x00, 0x03, 0x01, 0xC0, 0xE0, 0x30, 0x00, 0x0F, 0xC7, 0xFB, 0x83, 0xE0, 0x38,
    0x07, 0x80, 0xFC, 0x0F, 0x80, 0x70, 0x0F, 0x03, 0xF3, 0x9F, 0xE0, 0xC0, 0x03, 0x00, 0x3C, 0x03,
    0xF0, 0x19, 0x80, 0x00, 0x07, 0xE0, 0x7F, 0xC7, 0x0F, 0x70, 0x1B, 0x80, 0x1C, 0x00, 0x60, 0x03,
    0xC0, 0x0F, 0xC0, 0x1F, 0x80, 0x1E, 0x00, 0x38, 0x00, 0xC0, 0x06, 0xC0, 0x37, 0x03, 0xBF, 0xF8,
    0x7F, 0x80, 0x60, 0x0C, 0x07, 0x83, 0x30, 0x84, 0x00, 0x0F, 0xC7, 0xFB, 0x83, 0xE0, 0x38, 0x07,
    0x80, 0xFC, 0x0F, 0x80, 0x70, 0x0F, 0x03, 0xF3, 0x9F, 0xE0, 0xC0, 0x0F, 0xC0, 0xFF, 0x8E, 0x1E,
    0xE0, 0x37, 0x00, 0x38, 0x00, 0xC0, 0x07, 0x80, 0x1F, 0x80, 0x3F, 0x00, 0x3C, 0x00, 0x70, 0x01,
    0x80, 0x0D, 0x80, 0x6E, 0x07, 0x7F, 0xF0, 0xFF, 0x01, 0xC0, 0x0C, 0x00, 0xE0, 0x06, 0x00, 0x00,
    0x0F, 0xC7, 0xFB, 0x83, 0xE0, 0x38, 0x07, 0x80, 0xFC, 0x0F, 0x80, 0x70, 0x0F, 0x03, 0xF3, 0x9F,
    0xE0, 0xE0, 0x30, 0x1C, 0x06, 0x00, 0x00, 0x40, 0x66, 0x03, 0xF0, 0x0F, 0x00, 0x00, 0x07, 0xE0,
    0x7F, 0xC7, 0x0F, 0x70, 0x1B, 0x80, 0x1C, 0x00, 0x60, 0x03, 0xC0, 0x0F, 0xC0, 0x1F, 0x80, 0x1E,
    0x00, 0x38, 0x00, 0xC0, 0x06, 0xC0, 0x37, 0x03, 0xBF, 0xF8, 0x7F, 0x80, 0x60, 0x21, 0x0C, 0xC1,
    0xE0, 0x70, 0x00, 0x0F, 0xC7, 0xFB, 0x83, 0xE0, 0x38, 0x07, 0x80, 0xFC, 0x0F, 0x80, 0x70, 0x0F,
    0x03, 0xF3, 0x9F, 0xE0, 0xC0, 0x7F, 0xFC, 0xFF, 0xFC, 0x0E, 0x00, 0x1C, 0x00, 0x38, 0x00, 0x70,
    0x00, 0xE0, 0x01, 0xC0, 0x03, 0x80, 0x07, 0x00, 0x0E, 0x00, 0x1C, 0x00, 0x38, 0x00, 0x70, 0x00,
    0xE0, 0x01, 0xC0, 0x03, 0x80, 0x07, 0x00, 0x0C, 0x00, 0x38, 0x00, 0x60, 0x00, 0xC0, 0x00, 0x10,
    0x18, 0x18, 0x18, 0xFF, 0xFF, 0x18, 0x18, 0x18, 0x18, 0x18, 0x18, 0x18, 0x18, 0x18, 0x1E, 0x1E,
    0x0E, 0x0C, 0x1C, 0x18, 0x00, 0x00, 0x1D, 0xC0, 0x1F, 0x00, 0x1C, 0x00, 0x00, 0x0F, 0xFF, 0x9F,
    0xFF, 0x81, 0xC0, 0x03, 0x80, 0x07, 0x00, 0x0E, 0x00, 0x1C, 0x00, 0x38, 0x00, 0x70, 0x00, 0xE0,
    0x01, 0xC0, 0x03, 0x80, 0x07, 0x00, 0x0E, 0x00, 0x1C, 0x00, 0x38, 0x00, 0x70, 0x00, 0xE0, 0x00,
    0x03, 0x81, 0xC0, 0x62, 0x71, 0xB0, 0xC0, 0x61, 0xFE, 0xFF, 0x0C, 0x06, 0x03, 0x01, 0x80, 0xC0,
    0x60, 0x30, 0x18, 0x0C, 0x07, 0x83, 0xC0, 0x7F, 0xFC, 0xFF, 0xFC, 0x0E, 0x00, 0x1C, 0x00, 0x38,
    0x00, 0x70, 0x00, 0xE0, 0x01, 0xC0, 0x03, 0x80, 0x0F, 0xC0, 0x1F, 0x80, 0x1C, 0x00, 0x38, 0x00,
    0x70, 0x00, 0xE0, 0x01, 0xC0, 0x03, 0x80, 0x07, 0x00, 0x10, 0x18, 0x18, 0x18, 0xFF, 0xFF, 0x18,
    0x18, 0x18, 0x18, 0x7E, 0x7E, 0x18, 0x18, 0x18, 0x1E, 0x1E, 0x00, 0x00, 0x7D, 0x81, 0xFE, 0x06,
    0x70, 0x00, 0x03, 0x00, 0x3C, 0x00, 0xF0, 0x03, 0xC0, 0x0F, 0x00, 0x3C, 0x00, 0xF0, 0x03, 0xC0,
    0x0F, 0x00, 0x3C, 0x00, 0xF0, 0x03, 0xC0, 0x0F, 0x00, 0x3E, 0x01, 0xD8, 0x06, 0x70, 0x38, 0xFF,
    0xC1, 0xFE, 0x00, 0xC0, 0x1C, 0x43, 0xFC, 0x37, 0xC2, 0x10, 0x00, 0x06, 0x02, 0x60, 0x76, 0x07,
    0x60, 0x76, 0x07, 0x60, 0x76, 0x07, 0x60, 0x76, 0x07, 0x60, 0x77, 0x06, 0x3F, 0xE1, 0xFC, 0x06,
    0x00, 0x00, 0x00, 0x7F, 0x81, 0xFE, 0x00, 0x00, 0xC0, 0x0F, 0x00, 0x3C, 0x00, 0xF0, 0x03, 0xC0,
    0x0F, 0x00, 0x3C, 0x00, 0xF0, 0x03, 0xC0, 0x0F, 0x00, 0x3C, 0x00, 0xF0, 0x03, 0xC0, 0x0F, 0x80,
    0x76, 0x01, 0x9C, 0x0E, 0x3F, 0xF0, 0x7F, 0x80, 0x30, 0x00, 0x3F, 0xC3, 0xFC, 0x00, 0x00, 0x00,
    0x60, 0x26, 0x07, 0x60, 0x76, 0x07, 0x60, 0x76, 0x07, 0x60, 0x76, 0x07, 0x60, 0x76, 0x07, 0x70,
    0x63, 0xFE, 0x1F, 0xC0, 0x60, 0x18, 0x60, 0x63, 0x80, 0xFC, 0x01, 0xE0, 0x00, 0x03, 0x00, 0x3C,
    0x00, 0xF0, 0x03, 0xC0, 0x0F, 0x00, 0x3C, 0x00, 0xF0, 0x03, 0xC0, 0x0F, 0x00, 0x3C, 0x00, 0xF0,
    0x03, 0xC0, 0x0F, 0x00, 0x3E, 0x01, 0xD8, 0x06, 0x70, 0x38, 0xFF, 0xC1, 0xFE, 0x00, 0xC0, 0x00,
    0x83, 0x0C, 0x19, 0x81, 0xF8, 0x0E, 0x00, 0x00, 0x60, 0x26, 0x07, 0x60, 0x76, 0x07, 0x60, 0x76,
    0x07, 0x60, 0x76, 0x07, 0x60, 0x76, 0x07, 0x70, 0x63, 0xFE, 0x1F, 0xC0, 0x60, 0x03, 0x00, 0x3E,
    0x00, 0xCC, 0x03, 0x30, 0x07, 0x80, 0x0C, 0x0C, 0x00, 0xF0, 0x03, 0xC0, 0x0F, 0x00, 0x3C, 0x00,
    0xF0, 0x03, 0xC0, 0x0F, 0x00, 0x3C, 0x00, 0xF0, 0x03, 0xC0, 0x0F, 0x00, 0x3C, 0x00, 0xF8, 0x07,
    0x60, 0x19, 0xC0, 0xE3, 0xFF, 0x07, 0xF8, 0x03, 0x00, 0x0F, 0x00, 0xF8, 0x19, 0x81, 0xD8, 0x0F,
    0x00, 0x00, 0x60, 0x26, 0x07, 0x60, 0x76, 0x07, 0x60, 0x76, 0x07, 0x60, 0x76, 0x07, 0x60, 0x76,
    0x07, 0x70, 0x63, 0xFE, 0x1F, 0xC0, 0x60, 0x06, 0x60, 0x19, 0x80, 0xEC, 0x03, 0x20, 0xC0, 0x0F,
    0x00, 0x3C, 0x00, 0xF0, 0x03, 0xC0, 0x0F, 0x00, 0x3C, 0x00, 0xF0, 0x03, 0xC0, 0x0F, 0x00, 0x3C,
    0x00, 0xF0, 0x03, 0xC0, 0x0F, 0x80, 0x76, 0x01, 0x9C, 0x0E, 0x3F, 0xF0, 0x7F, 0x80, 0x30, 0x00,
    0x06, 0xC0, 0xEC, 0x0D, 0xC1, 0x98, 0x00, 0x06, 0x02, 0x60, 0x76, 0x07, 0x60, 0x76, 0x07, 0x60,
    0x76, 0x07, 0x60, 0x76, 0x07, 0x60, 0x77, 0x06, 0x3F, 0xE1, 0xFC, 0x06, 0x00, 0xC0, 0x0F, 0x00,
    0x3C, 0x00, 0xF0, 0x03, 0xC0, 0x0F, 0x00, 0x3C, 0x00, 0xF0, 0x03, 0xC0, 0x0F, 0x00, 0x3C, 0x00,
    0xF0, 0x03, 0xC0, 0x0F, 0x80, 0x76, 0x01, 0x9C, 0x0E, 0x3F, 0xF0, 0x7F, 0x80, 0x38, 0x00, 0xC0,
    0x03, 0x00, 0x0F, 0x80, 0x1E, 0x00, 0x60, 0x26, 0x07, 0x60, 0x76, 0x07, 0x60, 0x76, 0x07, 0x60,
    0x76, 0x07, 0x60, 0x76, 0x07, 0x70, 0x63, 0xFE, 0x1F, 0xC0, 0x70, 0x07, 0x00, 0x70, 0x03, 0xE0,
    0x1C, 0x00, 0x18, 0x00, 0x00, 0x3C, 0x00, 0x00, 0x7E, 0x00, 0x00, 0x62, 0x00, 0x00, 0x00, 0x00,
    0x40, 0x00, 0x02, 0xE0, 0x00, 0x07, 0x60, 0x00, 0x06, 0x70, 0x00, 0x06, 0x70, 0x18, 0x0E, 0x30,
    0x1C, 0x0C, 0x38, 0x3C, 0x0C, 0x18, 0x3C, 0x1C, 0x18, 0x3E, 0x18, 0x1C, 0x66, 0x18, 0x0C, 0x67,
    0x38, 0x0C, 0xE3, 0x30, 0x0E, 0xC3, 0x30, 0x06, 0xC3, 0xF0, 0x07, 0x81, 0xE0, 0x07, 0x81, 0xE0,
    0x03, 0x80, 0xE0, 0x03, 0x00, 0xC0, 0x00, 0xE0, 0x00, 0x7C, 0x00, 0x3B, 0x80, 0x0C, 0x60, 0x60,
    0x00, 0xD8, 0x00, 0x36, 0x04, 0x1D, 0xC3, 0x86, 0x30, 0xE1, 0x8C, 0x7C, 0xE3, 0x9B, 0x30, 0x6E,
    0xCC, 0x1B, 0x3F, 0x07, 0xC7, 0x80, 0xF1, 0xE0, 0x38, 0x38, 0x06, 0x0C, 0x00, 0x00, 0x00, 0x03,
    0x00, 0x1E, 0x00, 0xFC, 0x03, 0x30, 0x00, 0x03, 0x00, 0x3E, 0x01, 0xDC, 0x0E, 0x30, 0x30, 0xE1,
    0xC1, 0xCE, 0x03, 0xB0, 0x0F, 0xC0, 0x1E, 0x00, 0x30, 0x00, 0xC0, 0x03, 0x00, 0x0C, 0x00, 0x30,
    0x00, 0xC0, 0x03, 0x00, 0x0C, 0x00, 0x30, 0x00, 0x07, 0x00, 0xF0, 0x19, 0x81, 0x08, 0x00, 0x06,
    0x07, 0x60, 0x76, 0x07, 0x60, 0x76, 0x07, 0x60, 0x76, 0x07, 0x60, 0x76, 0x07, 0x60, 0x76, 0x0F,
    0x7F, 0xF3, 0xFF, 0x0E, 0x60, 0x06, 0x40, 0xE7, 0xFC, 0x3F, 0x80, 0x0C, 0xC0, 0x73, 0x80, 0xCC,
    0x00, 0x00, 0xC0, 0x0F, 0x80, 0x77, 0x03, 0x8C, 0x0C, 0x38, 0x70, 0x73, 0x80, 0xEC, 0x03, 0xF0,
    0x07, 0x80, 0x0C, 0x00, 0x30, 0x00, 0xC0, 0x03, 0x00, 0x0C, 0x00, 0x30, 0x00, 0xC0, 0x03, 0x00,
    0x0C, 0x00, 0x00, 0x60, 0x07, 0x80, 0x38, 0x00, 0x00, 0x7F, 0xFD, 0xFF, 0xF0, 0x01, 0xC0, 0x0E,
    0x00, 0x70, 0x01, 0x80, 0x0E, 0x00, 0x70, 0x03, 0x80, 0x0C, 0x00, 0x70, 0x03, 0x80, 0x1C, 0x00,
    0x60, 0x03, 0x80, 0x1C, 0x00, 0xFF, 0xFF, 0xFF, 0xF0, 0x03, 0x00, 0xC0, 0x60, 0x30, 0x00, 0x3F,
    0xF7, 0xFC, 0x06, 0x03, 0x81, 0xC0, 0xE0, 0x30, 0x1C, 0x0E, 0x07, 0x01, 0x80, 0xFF, 0xFF, 0xF0,
    0x03, 0x00, 0x0C, 0x00, 0x30, 0x00, 0x00, 0x7F, 0xFD, 0xFF, 0xF0, 0x01, 0xC0, 0x0E, 0x00, 0x70,
    0x01, 0x80, 0x0E, 0x00, 0x70, 0x03, 0x80, 0x0C, 0x00, 0x70, 0x03, 0x80, 0x1C, 0x00, 0x60, 0x03,
    0x80, 0x1C, 0x00, 0xFF, 0xFF, 0xFF, 0xF0, 0x0E, 0x03, 0x80, 0x40, 0x00, 0xFF, 0xDF, 0xF0, 0x18,
    0x0E, 0x07, 0x03, 0x80, 0xC0, 0x70, 0x38, 0x1C, 0x06, 0x03, 0xFF, 0xFF, 0xC0, 0x00, 0x40, 0x33,
    0x00, 0x7C, 0x01, 0xE0, 0x00, 0x01, 0xFF, 0xF7, 0xFF, 0xC0, 0x07, 0x00, 0x38, 0x01, 0xC0, 0x06,
    0x00, 0x38, 0x01, 0xC0, 0x0E, 0x00, 0x30, 0x01, 0xC0, 0x0E, 0x00, 0x70, 0x01, 0x80, 0x0E, 0x00,
    0x70, 0x03, 0xFF, 0xFF, 0xFF, 0xC0, 0x31, 0x8E, 0xE1, 0xF0, 0x38, 0x00, 0x3F, 0xF7, 0xFC, 0x06,
    0x03, 0x81, 0xC0, 0xE0, 0x30, 0x1C, 0x0E, 0x07, 0x01, 0x80, 0xFF, 0xFF, 0xF0, 0x00, 0x04, 0x00,
    0x03, 0x00, 0x03, 0x00, 0xFF, 0x81, 0xFF, 0xC1, 0xE0, 0xF0, 0xE0, 0x1C, 0xE0, 0x06, 0xE0, 0x03,
    0xF0, 0x00, 0xF0, 0x00, 0x78, 0x00, 0x3C, 0x00, 0x1E, 0x00, 0x0F, 0x00, 0x07, 0xC0, 0x07, 0x60,
    0x03, 0x38, 0x03, 0x8E, 0x03, 0x83, 0xFF, 0x80, 0xFF, 0x80, 0x0E, 0x00, 0x00, 0x10, 0x00, 0xC0,
    0x06, 0x3F, 0xE3, 0xFE, 0x38, 0x39, 0x80, 0xF8, 0x03, 0xC0, 0x1E, 0x00, 0xF0, 0x07, 0x80, 0x3E,
    0x03, 0xB8, 0x38, 0xFF, 0x83, 0xF8, 0x07, 0x00, 0x00, 0x01, 0x00, 0x00, 0xC0, 0x00, 0xF8, 0x01,
    0xEC, 0x00, 0xE6, 0x00, 0x63, 0x00, 0x31, 0x80, 0x18, 0xC0, 0x0C, 0x60, 0x06, 0x30, 0x03, 0x18,
    0x01, 0x8C, 0x00, 0xC6, 0x00, 0x63, 0x00, 0x31, 0x80, 0x18, 0xE0, 0x1C, 0x30, 0x0C, 0x1C, 0x0E,
    0x07, 0xFE, 0x01, 0xFE, 0x00, 0x18, 0x00, 0x00, 0x04, 0x00, 0x18, 0x00, 0x33, 0x01, 0xE6, 0x07,
    0x8C, 0x0E, 0x18, 0x1C, 0x30, 0x38, 0x60, 0x70, 0xC0, 0xE1, 0x81, 0xC3, 0x03, 0x86, 0x07, 0x0E,
    0x0C, 0x0F, 0xF8, 0x0F, 0xE0, 0x06, 0x00, 0x00, 0x00, 0x00, 0x20, 0x00, 0x00, 0x0C, 0xC0, 0x00,
    0x00, 0x0F, 0x80, 0x00, 0x00, 0x1E, 0x00, 0x00, 0x00, 0x00, 0x1F, 0xF8, 0x07, 0xFF, 0xFF, 0xFC,
    0x0F, 0xFF, 0xE0, 0x3C, 0x00, 0x07, 0xC0, 0x1C, 0x00, 0x1D, 0x80, 0x18, 0x00, 0x73, 0x00, 0x38,
    0x00, 0xC6, 0x00, 0x70, 0x03, 0x8C, 0x00, 0x60, 0x0E, 0x18, 0x00, 0xC0, 0x38, 0x30, 0x01, 0x80,
    0x60, 0x60, 0x03, 0x01, 0xC0, 0xC0, 0x06, 0x07, 0x01, 0x80, 0x1C, 0x1C, 0x03, 0x00, 0x30, 0x30,
    0x06, 0x00, 0xE0, 0xE0, 0x0C, 0x03, 0x83, 0x80, 0x1F, 0xFE, 0x0F, 0xFF, 0xFF, 0xF8, 0x1F, 0xFF,
    0x80, 0xFF, 0xC0, 0x10, 0xDF, 0xFE, 0x03, 0xBB, 0x01, 0xE0, 0x3E, 0x60, 0x0E, 0x03, 0x8C, 0x00,
    0xC0, 0x01, 0x80, 0x1C, 0xFF, 0xF0, 0x03, 0x8F, 0xFE, 0x00, 0x30, 0x06, 0xC0, 0x06, 0x01, 0xD8,
    0x00, 0xC0, 0x73, 0x00, 0x18, 0x1C, 0x60, 0x03, 0x03, 0x0C, 0x00, 0xE0, 0xE1, 0x80, 0x18, 0x38,
    0x30, 0x07, 0x0E, 0x06, 0x01, 0xC1, 0x80, 0xFF, 0xF0, 0x7F, 0xFF, 0xFC, 0x0F, 0xFC, 0x00, 0x10,
    0x00, 0x00, 0x1C, 0x31, 0x80, 0x0E, 0x1D, 0xC0, 0x07, 0x07, 0xC0, 0x03, 0x81, 0xC0, 0x01, 0xC0,
    0x00, 0x7E, 0xE3, 0xFE, 0x7F, 0xF1, 0xFF, 0x70, 0x78, 0x03, 0x70, 0x1C, 0x03, 0xB0, 0x0E, 0x03,
    0x98, 0x07, 0x01, 0x8C, 0x03, 0x81, 0xC6, 0x01, 0xC1, 0xC3, 0x00, 0xE1, 0xC1, 0xC0, 0x70, 0xC0,
    0x70, 0x78, 0xE0, 0x1F, 0xFC, 0xFF, 0xC7, 0xEC, 0x7F, 0xE0, 0xC0, 0x00, 0x00, 0xC0, 0x00, 0x02,
    0xC0, 0x00, 0x07, 0xC0, 0x00, 0x07, 0xC0, 0x00, 0x07, 0xC0, 0x00, 0x07, 0xC0, 0x00, 0x07, 0xC0,
    0x00, 0x07, 0xC0, 0x00, 0x07, 0xC0, 0x00, 0x07, 0xC0, 0x00, 0x07, 0xC0, 0x00, 0x07, 0xC0, 0x00,
    0x07, 0xC0, 0x00, 0x07, 0xC0, 0x00, 0x07, 0xC0, 0x06, 0x06, 0xC0, 0x07, 0x0E, 0xFF, 0xE3, 0xFC,
    0xFF, 0xE1, 0xF8, 0x00, 0x00, 0x60, 0xC0, 0x00, 0xC0, 0x07, 0xC0, 0x07, 0xC0, 0x02, 0xC0, 0x00,
    0xC0, 0x06, 0xC0, 0x06, 0xC0, 0x06, 0xC0, 0x06, 0xC0, 0x06, 0xC0, 0x06, 0xC0, 0x06, 0xC0, 0x06,
    0xC0, 0x06, 0xC0, 0x06, 0xC0, 0x06, 0xFF, 0xE6, 0xFF, 0xE6, 0x00, 0x06, 0x00, 0x06, 0x00, 0x06,
    0x00, 0x1E, 0x00, 0x1C, 0xC0, 0xC0, 0xC7, 0xC7, 0xC2, 0xC0, 0xC2, 0xC7, 0xC7, 0xC7, 0xC7, 0xC7,
    0xC7, 0xC7, 0xC7, 0xC7, 0xC7, 0xC7, 0xC7, 0x07, 0x07, 0x06, 0x1E, 0x1C, 0xC0, 0x0C, 0x00, 0x17,
    0x00, 0x60, 0x01, 0xF8, 0x03, 0x00, 0x0F, 0xE0, 0x18, 0x00, 0x7F, 0x80, 0xC0, 0x03, 0xEE, 0x06,
    0x00, 0x1F, 0x30, 0x30, 0x00, 0xF9, 0xC1, 0x80, 0x07, 0xC7, 0x0C, 0x00, 0x3E, 0x1C, 0x60, 0x01,
    0xF0, 0x63, 0x00, 0x0F, 0x83, 0x98, 0x00, 0x7C, 0x0E, 0xC0, 0x03, 0xE0, 0x3E, 0x00, 0x1B, 0x00,
    0xF0, 0xC0, 0xD8, 0x07, 0x87, 0x0E, 0xC0, 0x1C, 0x3F, 0xE6, 0x00, 0x60, 0xFE, 0x00, 0x00, 0x00,
    0xC0, 0xC0, 0x0C, 0x07, 0x00, 0x61, 0xB8, 0x03, 0x0F, 0xE0, 0x18, 0x2F, 0x80, 0xC0, 0x6E, 0x06,
    0x1B, 0x30, 0x30, 0xD9, 0xC1, 0x86, 0xC7, 0x0C, 0x36, 0x1C, 0x61, 0xB0, 0x63, 0x0D, 0x83, 0x98,
    0x6C, 0x0E, 0xC3, 0x60, 0x3E, 0x1B, 0x00, 0xF0, 0xD8, 0x07, 0x86, 0xC0, 0x1C, 0x36, 0x00, 0x61,
    0x80, 0x00, 0x0C, 0x00, 0x00, 0x60, 0x00, 0x07, 0x00, 0x00, 0x78, 0x00, 0x07, 0x80, 0x00, 0x01,
    0xC0, 0x00, 0x70, 0x00, 0x08, 0x00, 0x00, 0x6F, 0xC0, 0x9F, 0xF8, 0x77, 0x06, 0x1D, 0x81, 0xC7,
    0x60, 0x31, 0xD8, 0x0C, 0x76, 0x03, 0x1D, 0x80, 0xC7, 0x60, 0x31, 0xD8, 0x0C, 0x76, 0x03, 0x1D,
    0x80, 0xC7, 0x60, 0x31, 0xC0, 0x00, 0x70, 0x00, 0x1C, 0x00, 0x06, 0x00, 0x07, 0x80, 0x01, 0xC0,
    0x00, 0x00, 0x06, 0x60, 0x03, 0xE0, 0x01, 0xC0, 0x00, 0x00, 0x01, 0x80, 0x01, 0x80, 0x03, 0xC0,
    0x03, 0xC0, 0x07, 0xE0, 0x06, 0x60, 0x06, 0x60, 0x0E, 0x70, 0x0C, 0x30, 0x1C, 0x38, 0x18, 0x18,
    0x1F, 0xFC, 0x3F, 0xFC, 0x30, 0x0C, 0x70, 0x0E, 0x60, 0x06, 0x60, 0x07, 0xE0, 0x03, 0x00, 0x00,
    0x10, 0xC0, 0xEE, 0x03, 0xE0, 0x0E, 0x00, 0x00, 0x0F, 0xD8, 0xFF, 0xEE, 0x0F, 0xE0, 0x3E, 0x01,
    0xF0, 0x0F, 0x80, 0x7C, 0x03, 0xE0, 0x1F, 0x80, 0xEE, 0x0F, 0x3F, 0xF8, 0xFD, 0x81, 0x80, 0x01,
    0x99, 0xF1, 0xC0, 0x06, 0x0C, 0x18, 0x30, 0x60, 0xC1, 0x83, 0x06, 0x0C, 0x18, 0x30, 0x60, 0xC1,
    0x83, 0x06, 0x0C, 0x00, 0x43, 0xDD, 0xF1, 0xC0, 0x03, 0x06, 0x0C, 0x18, 0x30, 0x60, 0xC1, 0x83,
    0x06, 0x0C, 0x18, 0x30, 0x00, 0x00, 0x03, 0xB8, 0x00, 0xF8, 0x00, 0x38, 0x00, 0x00, 0x00, 0x3F,
    0x80, 0x7F, 0xF0, 0x78, 0x3C, 0x38, 0x07, 0x38, 0x01, 0xB8, 0x00, 0xFC, 0x00, 0x3C, 0x00, 0x1E,
    0x00, 0x0F, 0x00, 0x07, 0x80, 0x03, 0xC0, 0x01, 0xF0, 0x01, 0xD8, 0x00, 0xCE, 0x00, 0xE3, 0x80,
    0xE0, 0xFF, 0xE0, 0x3F, 0xE0, 0x03, 0x80, 0x18, 0xC0, 0xEE, 0x03, 0xE0, 0x0E, 0x00, 0x00, 0x0F,
    0xE0, 0xFF, 0x8E, 0x0E, 0x60, 0x3E, 0x00, 0xF0, 0x07, 0x80, 0x3C, 0x01, 0xE0, 0x0F, 0x80, 0xEE,
    0x0E, 0x3F, 0xE0, 0xFE, 0x01, 0xC0, 0x00, 0x40, 0x33, 0x00, 0xF8, 0x01, 0xC0, 0x00, 0x03, 0x00,
    0x3C, 0x00, 0xF0, 0x03, 0xC0, 0x0F, 0x00, 0x3C, 0x00, 0xF0, 0x03, 0xC0, 0x0F, 0x00, 0x3C, 0x00,
    0xF0, 0x03, 0xC0, 0x0F, 0x00, 0x3E, 0x01, 0xD8, 0x06, 0x70, 0x38, 0xFF, 0xC1, 0xFE, 0x00, 0xC0,
    0x10, 0x81, 0x98, 0x0F, 0x00, 0x60, 0x00, 0x06, 0x02, 0x60, 0x76, 0x07, 0x60, 0x76, 0x07, 0x60,
    0x76, 0x07, 0x60, 0x76, 0x07, 0x60, 0x77, 0x06, 0x3F, 0xE1, 0xFC, 0x06, 0x00, 0x00, 0x00, 0x0E,
    0xE0, 0x0F, 0x80, 0x0E, 0x00, 0x00, 0x00, 0x7F, 0x03, 0xFF, 0x0F, 0x07, 0x38, 0x00, 0xE0, 0x01,
    0x80, 0x07, 0x00, 0x0C, 0x00, 0x18, 0x00, 0x30, 0x3F, 0xE0, 0x7F, 0xC0, 0x07, 0xC0, 0x0D, 0x80,
    0x1B, 0x80, 0x33, 0xC0, 0x63, 0xFF, 0xC1, 0xFF, 0x00, 0x70, 0x08, 0x40, 0x66, 0x01, 0xE0, 0x0E,
    0x00, 0x00, 0x0F, 0xEC, 0xFF, 0xEE, 0x0F, 0xE0, 0x3E, 0x00, 0xF0, 0x07, 0x80, 0x3C, 0x01, 0xE0,
    0x0F, 0x80, 0xEE, 0x0F, 0x3F, 0xF8, 0xFE, 0xC1, 0x86, 0x00, 0x72, 0x07, 0x1F, 0xF0, 0x7F, 0x00,
    0x07, 0xF0, 0x0F, 0xFE, 0x0F, 0x07, 0x87, 0x00, 0xE7, 0x00, 0x37, 0x00, 0x1F, 0x80, 0x07, 0x80,
    0x03, 0xC0, 0x01, 0xE0, 0x00, 0xF0, 0x00, 0x78, 0x00, 0x3E, 0x00, 0x3B, 0x00, 0x19, 0xC0, 0x1C,
    0x70, 0x1C, 0x1F, 0xFC, 0x07, 0xFC, 0x00, 0x70, 0x00, 0x30, 0x00, 0x18, 0x00, 0x0F, 0x80, 0x03,
    0x80, 0x00, 0x00, 0xFE, 0x0F, 0xF8, 0xE0, 0xEE, 0x03, 0x60, 0x0F, 0x00, 0x78, 0x03, 0xC0, 0x1E,
    0x00, 0xF8, 0x0E, 0xE0, 0xE3, 0xFE, 0x0F, 0xE0, 0x1C, 0x00, 0xC0, 0x06, 0x00, 0x3E, 0x00, 0xF0,
    0xFF, 0xC0, 0x00, 0x1F, 0xFE, 0x00, 0x03, 0x01, 0xE0, 0x00, 0x60, 0x0E, 0x00, 0x0C, 0x00, 0xC0,
    0x01, 0x80, 0x1C, 0xFF, 0xF0, 0x03, 0x8F, 0xFE, 0x00, 0x30, 0x06, 0xC0, 0x06, 0x01, 0x98, 0x00,
    0xC0, 0x73, 0x00, 0x18, 0x1C, 0x60, 0x03, 0x03, 0x0C, 0x00, 0xE0, 0xE1, 0x80, 0x18, 0x38, 0x30,
    0x07, 0x0E, 0x06, 0x01, 0xC1, 0x80, 0xFF, 0xF0, 0x7F, 0xFF, 0xFC, 0x0F, 0xFC, 0x00, 0x30, 0x00,
    0xF0, 0x01, 0xC0, 0x00, 0x00, 0x01, 0x80, 0x03, 0xE0, 0x06, 0x60, 0x06, 0x60, 0x03, 0xE0, 0x01,
    0xC0, 0x03, 0xC0, 0x03, 0xC0, 0x07, 0xE0, 0x06, 0x60, 0x06, 0x60, 0x0E, 0x70, 0x0C, 0x30, 0x1C,
    0x38, 0x18, 0x18, 0x1F, 0xFC, 0x3F, 0xFC, 0x30, 0x0C, 0x70, 0x0E, 0x60, 0x06, 0x60, 0x07, 0xE0,
    0x03, 0x00, 0x00, 0x00, 0xE0, 0x0E, 0x00, 0xE0, 0x00, 0x00, 0x78, 0x07, 0xC0, 0x33, 0x01, 0xB0,
    0x07, 0x80, 0x10, 0x07, 0xEC, 0x7F, 0xF7, 0x07, 0xF0, 0x1F, 0x00, 0xF8, 0x07, 0xC0, 0x3E, 0x01,
    0xF0, 0x0F, 0xC0, 0x77, 0x07, 0x9F, 0xFC, 0x7E, 0xC0, 0xC0, 0x00, 0x00, 0x60, 0x00, 0x03, 0x80,
    0x00, 0x1C, 0x00, 0x00, 0x00, 0x00, 0x1F, 0xFC, 0x00, 0x7F, 0xF0, 0x03, 0x80, 0x00, 0x1E, 0x00,
    0x00, 0x78, 0x00, 0x03, 0x60, 0x00, 0x1D, 0x80, 0x00, 0xE6, 0x00, 0x03, 0x1F, 0xF8, 0x1C, 0x7F,
    0xE0, 0xE1, 0x80, 0x03, 0x06, 0x00, 0x1F, 0xF8, 0x00, 0xFF, 0xE0, 0x03, 0x01, 0x80, 0x18, 0x06,
    0x00, 0xE0, 0x1F, 0xFF, 0x00, 0x7F, 0xF0, 0x00, 0x00, 0x00, 0x00, 0x18, 0x00, 0x01, 0xC0, 0x00,
    0x0C, 0x00, 0x00, 0xC0, 0x00, 0x00, 0x00, 0x0F, 0xCF, 0xE1, 0xFF, 0xFF, 0x9C, 0x1E, 0x0E, 0xC0,
    0xE0, 0x30, 0x07, 0x01, 0xC7, 0xFF, 0xFE, 0xFF, 0xFF, 0xEF, 0x0E, 0x00, 0x60, 0x30, 0x03, 0x03,
    0x80, 0x18, 0x3E, 0x06, 0xFF, 0xBF, 0xF3, 0xF8, 0xFF, 0x07, 0x00, 0xC0, 0x00, 0x30, 0x00, 0x78,
    0x00, 0x70, 0x00, 0x00, 0x00, 0x7F, 0x38, 0xFF, 0xF8, 0xF0, 0x78, 0x70, 0x1E, 0x70, 0x1F, 0x70,
    0x1D, 0xF8, 0x1C, 0x78, 0x0C, 0x3C, 0x0C, 0x1E, 0x0E, 0x0F, 0x0E, 0x07, 0x8E, 0x03, 0xE6, 0x03,
    0xB6, 0x01, 0x9F, 0x01, 0xC7, 0x01, 0xC7, 0xFF, 0xC7, 0x7F, 0xC1, 0x07, 0x00, 0x01, 0x80, 0x0C,
    0x00, 0xE0, 0x06, 0x00, 0x01, 0x8F, 0xFC, 0xFF, 0xCE, 0x0E, 0x60, 0xFE, 0x0E, 0xF0, 0xE7, 0x8E,
    0x3C, 0xE1, 0xE6, 0x0F, 0xE0, 0xEF, 0x0E, 0x7F, 0xE7, 0xFE, 0x31, 0xC0, 0x19, 0xC0, 0x1F, 0xE0,
    0x07, 0x70, 0x00, 0x00, 0x01, 0x80, 0x01, 0x80, 0x03, 0xC0, 0x03, 0xC0, 0x07, 0xE0, 0x06, 0x60,
    0x06, 0x60, 0x0E, 0x70, 0x0C, 0x30, 0x1C, 0x38, 0x18, 0x18, 0x1F, 0xFC, 0x3F, 0xFC, 0x30, 0x0C,
    0x70, 0x0E, 0x60, 0x06, 0x60, 0x07, 0xE0, 0x03, 0x00, 0x00, 0x33, 0x01, 0xD8, 0x07, 0xE0, 0x19,
    0x00, 0x00, 0x00, 0x00, 0x7E, 0xC7, 0xFF, 0x70, 0x7F, 0x01, 0xF0, 0x0F, 0x80, 0x7C, 0x03, 0xE0,
    0x1F, 0x00, 0xFC, 0x07, 0x70, 0x79, 0xFF, 0xC7, 0xEC, 0x0C, 0x00, 0x03, 0xC0, 0x07, 0xE0, 0x06,
    0x70, 0x04, 0x20, 0x01, 0x80, 0x01, 0x80, 0x03, 0xC0, 0x03, 0xC0, 0x07, 0xE0, 0x06, 0x60, 0x06,
    0x60, 0x0E, 0x70, 0x0C, 0x30, 0x1C, 0x38, 0x18, 0x18, 0x1F, 0xFC, 0x3F, 0xFC, 0x30, 0x0C, 0x70,
    0x0E, 0x60, 0x06, 0x60, 0x07, 0xE0, 0x03, 0x00, 0x00, 0x02, 0x00, 0x7C, 0x07, 0x70, 0x31, 0x81,
    0x84, 0x00, 0x00, 0x7E, 0xC7, 0xFF, 0x70, 0x7F, 0x01, 0xF0, 0x0F, 0x80, 0x7C, 0x03, 0xE0, 0x1F,
    0x00, 0xFC, 0x07, 0x70, 0x79, 0xFF, 0xC7, 0xEC, 0x0C, 0x00, 0x67, 0x07, 0xF8, 0x39, 0xC0, 0x00,
    0xFF, 0xEF, 0xFE, 0xC0, 0x0C, 0x00, 0xC0, 0x0C, 0x00, 0xC0, 0x0C, 0x00, 0xFF, 0xCF, 0xFC, 0xC0,
    0x0C, 0x00, 0xC0, 0x0C, 0x00, 0xC0, 0x0C, 0x00, 0xFF, 0xEF, 0xFE, 0x36, 0x03, 0xF0, 0x1B, 0x80,
    0xD8, 0x00, 0x00, 0x00, 0x1F, 0x83, 0xFE, 0x70, 0xEE, 0x07, 0xC0, 0x3F, 0xFF, 0xFF, 0xFC, 0x00,
    0xC0, 0x0E, 0x00, 0x70, 0x73, 0xFE, 0x1F, 0xC0, 0x70, 0x0F, 0x01, 0xF8, 0x39, 0x81, 0x08, 0xFF,
    0xEF, 0xFE, 0xC0, 0x0C, 0x00, 0xC0, 0x0C, 0x00, 0xC0, 0x0C, 0x00, 0xFF, 0xCF, 0xFC, 0xC0, 0x0C,
    0x00, 0xC0, 0x0C, 0x00, 0xC0, 0x0C, 0x00, 0xFF, 0xEF, 0xFE, 0x02, 0x00, 0xF8, 0x1D, 0xC1, 0x8C,
    0x10, 0xC0, 0x00, 0x1F, 0x83, 0xFE, 0x70, 0xEE, 0x07, 0xC0, 0x3F, 0xFF, 0xFF, 0xFC, 0x00, 0xC0,
    0x0E, 0x00, 0x70, 0x73, 0xFE, 0x1F, 0xC0, 0x70, 0xEE, 0x7F, 0x8E, 0xE0, 0x00, 0xC0, 0x60, 0x30,
    0x18, 0x0C, 0x06, 0x03, 0x01, 0x80, 0xC0, 0x60, 0x30, 0x18, 0x0C, 0x06, 0x03, 0x01, 0x80, 0xC0,
    0x60, 0xCC, 0xEE, 0x76, 0x33, 0x00, 0x00, 0x0C, 0x0C, 0x0C, 0x0C, 0x0C, 0x0C, 0x0C, 0x0C, 0x0C,
    0x0C, 0x0C, 0x0C, 0x0C, 0x3C, 0x7E, 0x67, 0x43, 0x18, 0x18, 0x18, 0x18, 0x18, 0x18, 0x18, 0x18,
    0x18, 0x18, 0x18, 0x18, 0x18, 0x18, 0x18, 0x18, 0x18, 0x18, 0x18, 0x7C, 0x6E, 0xC6, 0xC2, 0x00,
    0x18, 0x18, 0x18, 0x18, 0x18, 0x18, 0x18, 0x18, 0x18, 0x18, 0x18, 0x18, 0x18, 0x0C, 0xC0, 0x07,
    0x70, 0x01, 0xDC, 0x00, 0x00, 0x00, 0x7F, 0x00, 0xFF, 0xE0, 0xF0, 0x78, 0x70, 0x0E, 0x70, 0x03,
    0x70, 0x01, 0xF8, 0x00, 0x78, 0x00, 0x3C, 0x00, 0x1E, 0x00, 0x0F, 0x00, 0x07, 0x80, 0x03, 0xE0,
    0x03, 0xB0, 0x01, 0x9C, 0x01, 0xC7, 0x01, 0xC1, 0xFF, 0xC0, 0x7F, 0xC0, 0x07, 0x00, 0x33, 0x01,
    0xD8, 0x07, 0x60, 0x19, 0x80, 0x00, 0x00, 0x00, 0x7F, 0x07, 0xFC, 0x70, 0x73, 0x01, 0xF0, 0x07,
    0x80, 0x3C, 0x01, 0xE0, 0x0F, 0x00, 0x7C, 0x07, 0x70, 0x71, 0xFF, 0x07, 0xF0, 0x0E, 0x00, 0x01,
    0xC0, 0x03, 0xF8, 0x01, 0x8C, 0x00, 0xC6, 0x00, 0x7F, 0x00, 0xFF, 0xE0, 0xF0, 0x78, 0x70, 0x0E,
    0x70, 0x03, 0x70, 0x01, 0xF8, 0x00, 0x78, 0x00, 0x3C, 0x00, 0x1E, 0x00, 0x0F, 0x00, 0x07, 0x80,
    0x03, 0xE0, 0x03, 0xB0, 0x01, 0x9C, 0x01, 0xC7, 0x01, 0xC1, 0xFF, 0xC0, 0x7F, 0xC0, 0x07, 0x00,
    0x02, 0x00, 0x7C, 0x07, 0x70, 0x31, 0x81, 0x84, 0x00, 0x00, 0x7F, 0x07, 0xFC, 0x70, 0x73, 0x01,
    0xF0, 0x07, 0x80, 0x3C, 0x01, 0xE0, 0x0F, 0x00, 0x7C, 0x07, 0x70, 0x71, 0xFF, 0x07, 0xF0, 0x0E,
    0x00, 0x73, 0x01, 0xEE, 0x01, 0xDC, 0x00, 0x00, 0xFF, 0xC3, 0xFF, 0xCC, 0x07, 0x30, 0x0E, 0xC0,
    0x1B, 0x00, 0x6C, 0x01, 0xB0, 0x0E, 0xC0, 0x73, 0xFF, 0x8F, 0xFF, 0x30, 0x0C, 0xC0, 0x3B, 0x00,
    0xEC, 0x03, 0xB0, 0x06, 0xC0, 0x1B, 0x00, 0x70, 0xCC, 0x3B, 0x87, 0x60, 0xCC, 0x00, 0x00, 0x03,
    0x7C, 0xFE, 0x38, 0x0E, 0x03, 0x00, 0xC0, 0x30, 0x0C, 0x03, 0x00, 0xC0, 0x30, 0x0C, 0x03, 0x00,
    0x0F, 0x00, 0x7E, 0x01, 0x8C, 0x04, 0x30, 0xFF, 0xC3, 0xFF, 0xCC, 0x07, 0x30, 0x0E, 0xC0, 0x1B,
    0x00, 0x6C, 0x01, 0xB0, 0x0E, 0xC0, 0x73, 0xFF, 0x8F, 0xFF, 0x30, 0x0C, 0xC0, 0x3B, 0x00, 0xEC,
    0x03, 0xB0, 0x06, 0xC0, 0x1B, 0x00, 0x70, 0x18, 0x3F, 0x1F, 0x9C, 0xE4, 0x20, 0x01, 0xBE, 0xFE,
    0x70, 0x38, 0x18, 0x0C, 0x06, 0x03, 0x01, 0x80, 0xC0, 0x60, 0x30, 0x18, 0x00, 0x33, 0x00, 0xFF,
    0x01, 0xCE, 0x00, 0x00, 0xC0, 0x0F, 0x00, 0x3C, 0x00, 0xF0, 0x03, 0xC0, 0x0F, 0x00, 0x3C, 0x00,
    0xF0, 0x03, 0xC0, 0x0F, 0x00, 0x3C, 0x00, 0xF0, 0x03, 0xC0, 0x0F, 0x80, 0x76, 0x01, 0x9C, 0x0E,
    0x3F, 0xF0, 0x7F, 0x80, 0x30, 0x00, 0x36, 0x03, 0x70, 0x1B, 0x80, 0xD8, 0x00, 0x00, 0x00, 0x60,
    0x26, 0x07, 0x60, 0x76, 0x07, 0x60, 0x76, 0x07, 0x60, 0x76, 0x07, 0x60, 0x76, 0x07, 0x70, 0x63,
    0xFE, 0x1F, 0xC0, 0x60, 0x07, 0x80, 0x3F, 0x01, 0xCC, 0x06, 0x10, 0xC0, 0x0F, 0x00, 0x3C, 0x00,
    0xF0, 0x03, 0xC0, 0x0F, 0x00, 0x3C, 0x00, 0xF0, 0x03, 0xC0, 0x0F, 0x00, 0x3C, 0x00, 0xF0, 0x03,
    0xC0, 0x0F, 0x80, 0x76, 0x01, 0x9C, 0x0E, 0x3F, 0xF0, 0x7F, 0x80, 0x30, 0x00, 0x02, 0x00, 0xF8,
    0x1D, 0xC1, 0x8C, 0x10, 0xC0, 0x00, 0x60, 0x26, 0x07, 0x60, 0x76, 0x07, 0x60, 0x76, 0x07, 0x60,
    0x76, 0x07, 0x60, 0x76, 0x07, 0x70, 0x63, 0xFE, 0x1F, 0xC0, 0x60, 0x0F, 0xC0, 0xFF, 0x8E, 0x1E,
    0xE0, 0x37, 0x00, 0x38, 0x00, 0xC0, 0x07, 0x80, 0x1F, 0x80, 0x3F, 0x00, 0x3C, 0x00, 0x70, 0x01,
    0x80, 0x0D, 0x80, 0x6E, 0x07, 0x7F, 0xF0, 0xFF, 0x00, 0xC0, 0x07, 0x00, 0x38, 0x01, 0xC0, 0x0C,
    0x00, 0x00, 0x0F, 0xC7, 0xFB, 0x83, 0xE0, 0x38, 0x07, 0x80, 0xFC, 0x0F, 0x80, 0x70, 0x0F, 0x03,
    0xF3, 0x9F, 0xE1, 0xC0, 0x70, 0x0E, 0x03, 0x01, 0x80, 0x7F, 0xFC, 0xFF, 0xFC, 0x0E, 0x00, 0x1C,
    0x00, 0x38, 0x00, 0x70, 0x00, 0xE0, 0x01, 0xC0, 0x03, 0x80, 0x07, 0x00, 0x0E, 0x00, 0x1C, 0x00,
    0x38, 0x00, 0x70, 0x00, 0xE0, 0x01, 0xC0, 0x03, 0x80, 0x07, 0x00, 0x00, 0x00, 0x1C, 0x00, 0x38,
    0x00, 0x70, 0x00, 0xC0, 0x00, 0x10, 0x18, 0x18, 0x18, 0xFF, 0xFF, 0x18, 0x18, 0x18, 0x18, 0x18,
    0x18, 0x18, 0x18, 0x18, 0x1E, 0x1E, 0x1C, 0x1E, 0x0E, 0x0C, 0x1C, 0xCC, 0xE3, 0x00, 0x31, 0x9C,
    0xC0, 0x00, 0x38, 0xFB, 0xB4, 0x20, 0x71, 0xFF, 0xDF, 0x84, 0xFF, 0xFF, 0x01, 0x8F, 0x9B, 0xE3,
    0x80, 0xFD, 0x00, 0x42, 0x66, 0x66, 0x31, 0xE4, 0x86, 0x10, 0x7B, 0xEC, 0xF7, 0x78, 0x00, 0x36,
    0xEF, 0xB6, 0x40, 0x85, 0x99, 0xE1, 0x80, 0x6C, 0x6E, 0x77, 0x13, 0x18, 0x7C, 0x6E, 0xC6, 0x42,
    0x07, 0xEC, 0xF6, 0x10, 0xC6, 0xE6, 0x00, 0x1F, 0x80, 0xEF, 0xDF, 0x10, 0x77, 0x37, 0x60, 0x37,
    0x6E, 0xC0, 0x37, 0x31, 0x8F, 0xB8, 0x10, 0x71, 0xF6, 0x70, 0xC7, 0x8F, 0xFB, 0xE0, 0x00, 0x7E,
    0xFF, 0x00, 0xFF, 0xF0, 0x01, 0x80, 0x01, 0x80, 0x03, 0xC0, 0x03, 0xC0, 0x07, 0xE0, 0x06, 0x60,
    0x06, 0x60, 0x0E, 0x70, 0x0C, 0x30, 0x1C, 0x38, 0x18, 0x18, 0x1F, 0xFC, 0x3F, 0xFC, 0x30, 0x0C,
    0x70, 0x0E, 0x60, 0x06, 0x60, 0x07, 0xE0, 0x03, 0x00, 0x00, 0x01, 0x80, 0x01, 0x80, 0x01, 0x80,
    0x00, 0x00, 0xFD, 0x8F, 0xFE, 0xE0, 0xFE, 0x03, 0xE0, 0x1F, 0x00, 0xF8, 0x07, 0xC0, 0x3E, 0x01,
    0xF8, 0x0E, 0xE0, 0xF3, 0xFF, 0x8F, 0xD8, 0x18, 0x00, 0x00, 0x07, 0x00, 0x38, 0x00, 0x01, 0x80,
    0x03, 0xC0, 0x02, 0x40, 0x00, 0xC0, 0x00, 0x80, 0x00, 0x00, 0x01, 0x80, 0x01, 0x80, 0x03, 0xC0,
    0x03, 0xC0, 0x07, 0xE0, 0x06, 0x60, 0x06, 0x60, 0x0E, 0x70, 0x0C, 0x30, 0x1C, 0x38, 0x18, 0x18,
    0x1F, 0xFC, 0x3F, 0xFC, 0x30, 0x0C, 0x70, 0x0E, 0x60, 0x06, 0x60, 0x07, 0xE0, 0x03, 0x00, 0x00,
    0x07, 0x00, 0x7C, 0x02, 0x60, 0x06, 0x00, 0x30, 0x00, 0x00, 0x7E, 0xC7, 0xFF, 0x70, 0x7F, 0x01,
    0xF0, 0x0F, 0x80, 0x7C, 0x03, 0xE0, 0x1F, 0x00, 0xFC, 0x07, 0x70, 0x79, 0xFF, 0xC7, 0xEC, 0x0C,
    0x00, 0x00, 0x06, 0x01, 0x8E, 0x03, 0xDC, 0x07, 0xE0, 0x06, 0x20, 0x00, 0x00, 0x01, 0x80, 0x01,
    0x80, 0x03, 0xC0, 0x03, 0xC0, 0x07, 0xE0, 0x06, 0x60, 0x06, 0x60, 0x0E, 0x70, 0x0C, 0x30, 0x1C,
    0x38, 0x18, 0x18, 0x1F, 0xFC, 0x3F, 0xFC, 0x30, 0x0C, 0x70, 0x0E, 0x60, 0x06, 0x60, 0x07, 0xE0,
    0x03, 0x00, 0x00, 0x00, 0x30, 0x01, 0x81, 0xD8, 0x1F, 0x81, 0xD8, 0x08, 0x40, 0x00, 0x03, 0xF6,
    0x3F, 0xFB, 0x83, 0xF8, 0x0F, 0x80, 0x7C, 0x03, 0xE0, 0x1F, 0x00, 0xF8, 0x07, 0xE0, 0x3B, 0x83,
    0xCF, 0xFE, 0x3F, 0x60, 0x60, 0x00, 0x01, 0xC0, 0x01, 0xE0, 0x01, 0xF0, 0x03, 0xC0, 0x07, 0xE0,
    0x06, 0x20, 0x00, 0x00, 0x01, 0x80, 0x01, 0x80, 0x03, 0xC0, 0x03, 0xC0, 0x07, 0xE0, 0x06, 0x60,
    0x06, 0x60, 0x0E, 0x70, 0x0C, 0x30, 0x1C, 0x38, 0x18, 0x18, 0x1F, 0xFC, 0x3F, 0xFC, 0x30, 0x0C,
    0x70, 0x0E, 0x60, 0x06, 0x60, 0x07, 0xE0, 0x03, 0x00, 0x00, 0x03, 0x00, 0x1C, 0x00, 0x70, 0x0F,
    0x80, 0xF0, 0x0C, 0xC0, 0x42, 0x00, 0x00, 0x1F, 0xB1, 0xFF, 0xDC, 0x1F, 0xC0, 0x7C, 0x03, 0xE0,
    0x1F, 0x00, 0xF8, 0x07, 0xC0, 0x3F, 0x01, 0xDC, 0x1E, 0x7F, 0xF1, 0xFB, 0x03, 0x00, 0x00, 0x18,
    0x00, 0x3C, 0x01, 0xAC, 0x03, 0xCC, 0x07, 0xF8, 0x06, 0x20, 0x00, 0x00, 0x01, 0x80, 0x01, 0x80,
    0x03, 0xC0, 0x03, 0xC0, 0x07, 0xE0, 0x06, 0x60, 0x06, 0x60, 0x0E, 0x70, 0x0C, 0x30, 0x1C, 0x38,
    0x18, 0x18, 0x1F, 0xFC, 0x3F, 0xFC, 0x30, 0x0C, 0x70, 0x0E, 0x60, 0x06, 0x60, 0x07, 0xE0, 0x03,
    0x00, 0x00, 0x00, 0xE0, 0x0F, 0x80, 0x2C, 0x0E, 0x60, 0xFE, 0x0E, 0xE0, 0x42, 0x00, 0x00, 0x1F,
    0xB1, 0xFF, 0xDC, 0x1F, 0xC0, 0x7C, 0x03, 0xE0, 0x1F, 0x00, 0xF8, 0x07, 0xC0, 0x3F, 0x01, 0xDC,
    0x1E, 0x7F, 0xF1, 0xFB, 0x03, 0x00, 0x00, 0x10, 0x0F, 0xB0, 0x0F, 0xF0, 0x0D, 0xE0, 0x03, 0xC0,
    0x07, 0xE0, 0x06, 0x20, 0x01, 0x80, 0x01, 0x80, 0x03, 0xC0, 0x03, 0xC0, 0x07, 0xE0, 0x06, 0x60,
    0x06, 0x60, 0x0E, 0x70, 0x0C, 0x30, 0x1C, 0x38, 0x18, 0x18, 0x1F, 0xFC, 0x3F, 0xFC, 0x30, 0x0C,
    0x70, 0x0E, 0x60, 0x06, 0x60, 0x07, 0xE0, 0x03, 0x00, 0x00, 0x0C, 0x60, 0xFF, 0x0C, 0xF0, 0x21,
    0x00, 0x70, 0x07, 0xC0, 0x77, 0x03, 0x18, 0x1F, 0xB1, 0xFF, 0xDC, 0x1F, 0xC0, 0x7C, 0x03, 0xE0,
    0x1F, 0x00, 0xF8, 0x07, 0xC0, 0x3F, 0x01, 0xDC, 0x1E, 0x7F, 0xF1, 0xFB, 0x03, 0x00, 0x01, 0x80,
    0x03, 0xC0, 0x07, 0xE0, 0x06, 0x20, 0x00, 0x00, 0x01, 0x80, 0x01, 0x80, 0x03, 0xC0, 0x03, 0xC0,
    0x07, 0xE0, 0x06, 0x60, 0x06, 0x60, 0x0E, 0x70, 0x0C, 0x30, 0x1C, 0x38, 0x18, 0x18, 0x1F, 0xFC,
    0x3F, 0xFC, 0x30, 0x0C, 0x70, 0x0E, 0x60, 0x06, 0x60, 0x07, 0xE0, 0x03, 0x00, 0x00, 0x01, 0x80,
    0x01, 0x80, 0x01, 0x80, 0x07, 0x00, 0x7C, 0x07, 0x70, 0x31, 0x80, 0x00, 0x0F, 0xD8, 0xFF, 0xEE,
    0x0F, 0xE0, 0x3E, 0x01, 0xF0, 0x0F, 0x80, 0x7C, 0x03, 0xE0, 0x1F, 0x80, 0xEE, 0x0F, 0x3F, 0xF8,
    0xFD, 0x81, 0x80, 0x00, 0x00, 0x70, 0x03, 0x80, 0x00, 0x30, 0x00, 0xF0, 0x01, 0xC0, 0x00, 0x00,
    0x0C, 0x30, 0x0E, 0x30, 0x07, 0xE0, 0x03, 0xC0, 0x00, 0x00, 0x01, 0x80, 0x01, 0x80, 0x03, 0xC0,
    0x03, 0xC0, 0x07, 0xE0, 0x06, 0x60, 0x06, 0x60, 0x0E, 0x70, 0x0C, 0x30, 0x1C, 0x38, 0x18, 0x18,
    0x1F, 0xFC, 0x3F, 0xFC, 0x30, 0x0C, 0x70, 0x0E, 0x60, 0x06, 0x60, 0x07, 0xE0, 0x03, 0x00, 0x00,
    0x01, 0x80, 0x0E, 0x00, 0xE0, 0x06, 0x01, 0x8C, 0x0E, 0x60, 0x3E, 0x00, 0xE0, 0x00, 0x00, 0xFD,
    0x8F, 0xFE, 0xE0, 0xFE, 0x03, 0xE0, 0x1F, 0x00, 0xF8, 0x07, 0xC0, 0x3E, 0x01, 0xF8, 0x0E, 0xE0,
    0xF3, 0xFF, 0x8F, 0xD8, 0x18, 0x00, 0x0E, 0x00, 0x0F, 0x00, 0x03, 0x80, 0x00, 0x00, 0x0C, 0x30,
    0x0E, 0x30, 0x07, 0xE0, 0x03, 0xC0, 0x00, 0x00, 0x01, 0x80, 0x01, 0x80, 0x03, 0xC0, 0x03, 0xC0,
    0x07, 0xE0, 0x06, 0x60, 0x06, 0x60, 0x0E, 0x70, 0x0C, 0x30, 0x1C, 0x38, 0x18, 0x18, 0x1F, 0xFC,
    0x3F, 0xFC, 0x30, 0x0C, 0x70, 0x0E, 0x60, 0x06, 0x60, 0x07, 0xE0, 0x03, 0x00, 0x00, 0x08, 0x00,
    0x60, 0x03, 0x80, 0x0E, 0x01, 0x8C, 0x0E, 0xE0, 0x3E, 0x00, 0xE0, 0x00, 0x00, 0xFD, 0x8F, 0xFE,
    0xE0, 0xFE, 0x03, 0xE0, 0x1F, 0x00, 0xF8, 0x07, 0xC0, 0x3E, 0x01, 0xF8, 0x0E, 0xE0, 0xF3, 0xFF,
    0x8F, 0xD8, 0x18, 0x00, 0x01, 0x80, 0x03, 0xC0, 0x02, 0x40, 0x00, 0xC0, 0x00, 0x80, 0x00, 0x00,
    0x0C, 0x30, 0x0E, 0x30, 0x07, 0xE0, 0x03, 0xC0, 0x00, 0x00, 0x01, 0x80, 0x01, 0x80, 0x03, 0xC0,
    0x03, 0xC0, 0x07, 0xE0, 0x06, 0x60, 0x06, 0x60, 0x0E, 0x70, 0x0C, 0x30, 0x1C, 0x38, 0x18, 0x18,
    0x1F, 0xFC, 0x3F, 0xFC, 0x30, 0x0C, 0x70, 0x0E, 0x60, 0x06, 0x60, 0x07, 0xE0, 0x03, 0x00, 0x00,
    0x07, 0x00, 0x78, 0x02, 0x60, 0x06, 0x01, 0xAC, 0x0C, 0xE0, 0x3E, 0x00, 0xE0, 0x00, 0x00, 0xFD,
    0x8F, 0xFE, 0xE0, 0xFE, 0x03, 0xE0, 0x1F, 0x00, 0xF8, 0x07, 0xC0, 0x3E, 0x01, 0xF8, 0x0E, 0xE0,
    0xF3, 0xFF, 0x8F, 0xD8, 0x18, 0x00, 0x00, 0x10, 0x0F, 0xB0, 0x0F, 0xF0, 0x0C, 0xE0, 0x00, 0x00,
    0x0C, 0x30, 0x0E, 0x30, 0x07, 0xE0, 0x03, 0xC0, 0x00, 0x00, 0x01, 0x80, 0x01, 0x80, 0x03, 0xC0,
    0x03, 0xC0, 0x07, 0xE0, 0x06, 0x60, 0x06, 0x60, 0x0E, 0x70, 0x0C, 0x30, 0x1C, 0x38, 0x18, 0x18,
    0x1F, 0xFC, 0x3F, 0xFC, 0x30, 0x0C, 0x70, 0x0E, 0x60, 0x06, 0x60, 0x07, 0xE0, 0x03, 0x00, 0x00,
    0x0C, 0x60, 0xFF, 0x0C, 0xF0, 0x21, 0x01, 0x8C, 0x0C, 0xE0, 0x3E, 0x00, 0xE0, 0x00, 0x00, 0xFD,
    0x8F, 0xFE, 0xE0, 0xFE, 0x03, 0xE0, 0x1F, 0x00, 0xF8, 0x07, 0xC0, 0x3E, 0x01, 0xF8, 0x0E, 0xE0,
    0xF3, 0xFF, 0x8F, 0xD8, 0x18, 0x00, 0x0C, 0x30, 0x0E, 0x30, 0x07, 0xE0, 0x03, 0xC0, 0x00, 0x00,
    0x01, 0x80, 0x01, 0x80, 0x03, 0xC0, 0x03, 0xC0, 0x07, 0xE0, 0x06, 0x60, 0x06, 0x60, 0x0E, 0x70,
    0x0C, 0x30, 0x1C, 0x38, 0x18, 0x18, 0x1F, 0xFC, 0x3F, 0xFC, 0x30, 0x0C, 0x70, 0x0E, 0x60, 0x06,
    0x60, 0x07, 0xE0, 0x03, 0x00, 0x00, 0x01, 0x80, 0x01, 0x80, 0x01, 0x80, 0x10, 0x00, 0xC6, 0x06,
    0x70, 0x3F, 0x00, 0x70, 0x00, 0x00, 0x7E, 0xC7, 0xFF, 0x70, 0x7F, 0x01, 0xF0, 0x0F, 0x80, 0x7C,
    0x03, 0xE0, 0x1F, 0x00, 0xFC, 0x07, 0x70, 0x79, 0xFF, 0xC7, 0xEC, 0x0C, 0x00, 0x00, 0x03, 0x80,
    0x1C, 0x00, 0xFF, 0xEF, 0xFE, 0xC0, 0x0C, 0x00, 0xC0, 0x0C, 0x00, 0xC0, 0x0C, 0x00, 0xFF, 0xCF,
    0xFC, 0xC0, 0x0C, 0x00, 0xC0, 0x0C, 0x00, 0xC0, 0x0C, 0x00, 0xFF, 0xEF, 0xFE, 0x00, 0x00, 0x60,
    0x0E, 0x00, 0x60, 0x00, 0x01, 0xF8, 0x3F, 0xE7, 0x0E, 0xE0, 0x7C, 0x03, 0xFF, 0xFF, 0xFF, 0xC0,
    0x0C, 0x00, 0xE0, 0x07, 0x07, 0x3F, 0xE1, 0xFC, 0x07, 0x00, 0x00, 0x06, 0x00, 0x60, 0x06, 0x00,
    0xF0, 0x0B, 0x00, 0x30, 0x06, 0x00, 0x00, 0xFF, 0xEF, 0xFE, 0xC0, 0x0C, 0x00, 0xC0, 0x0C, 0x00,
    0xC0, 0x0C, 0x00, 0xFF, 0xCF, 0xFC, 0xC0, 0x0C, 0x00, 0xC0, 0x0C, 0x00, 0xC0, 0x0C, 0x00, 0xFF,
    0xEF, 0xFE, 0x06, 0x00, 0xF0, 0x09, 0x00, 0x30, 0x02, 0x00, 0x00, 0x1F, 0x83, 0xFE, 0x70, 0xEE,
    0x07, 0xC0, 0x3F, 0xFF, 0xFF, 0xFC, 0x00, 0xC0, 0x0E, 0x00, 0x70, 0x73, 0xFE, 0x1F, 0xC0, 0x70,
    0x00, 0x03, 0xEC, 0x3F, 0xC3, 0x38, 0x00, 0x0F, 0xFE, 0xFF, 0xEC, 0x00, 0xC0, 0x0C, 0x00, 0xC0,
    0x0C, 0x00, 0xC0, 0x0F, 0xFC, 0xFF, 0xCC, 0x00, 0xC0, 0x0C, 0x00, 0xC0, 0x0C, 0x00, 0xC0, 0x0F,
    0xFE, 0xFF, 0xE0, 0x1C, 0x43, 0xFC, 0x37, 0xC0, 0x10, 0x00, 0x01, 0xF8, 0x3F, 0xE7, 0x0E, 0xE0,
    0x7C, 0x03, 0xFF, 0xFF, 0xFF, 0xC0, 0x0C, 0x00, 0xE0, 0x07, 0x07, 0x3F, 0xE1, 0xFC, 0x07, 0x00,
    0x00, 0x18, 0x18, 0xE0, 0xF7, 0x07, 0xE0, 0x19, 0x80, 0x00, 0x0F, 0xFE, 0x3F, 0xF8, 0xC0, 0x03,
    0x00, 0x0C, 0x00, 0x30, 0x00, 0xC0, 0x03, 0x00, 0x0F, 0xFC, 0x3F, 0xF0, 0xC0, 0x03, 0x00, 0x0C,
    0x00, 0x30, 0x00, 0xC0, 0x03, 0x00, 0x0F, 0xFE, 0x3F, 0xF8, 0x00, 0x30, 0x07, 0x06, 0x60, 0xFC,
    0x19, 0x81, 0x08, 0x00, 0x01, 0xF8, 0x3F, 0xE7, 0x0E, 0xE0, 0x7C, 0x03, 0xFF, 0xFF, 0xFF, 0xC0,
    0x0C, 0x00, 0xE0, 0x07, 0x07, 0x3F, 0xE1, 0xFC, 0x07, 0x00, 0x07, 0x00, 0x78, 0x07, 0xC0, 0xF0,
    0x1F, 0x81, 0x98, 0x00, 0x0F, 0xFE, 0xFF, 0xEC, 0x00, 0xC0, 0x0C, 0x00, 0xC0, 0x0C, 0x00, 0xC0,
    0x0F, 0xFC, 0xFF, 0xCC, 0x00, 0xC0, 0x0C, 0x00, 0xC0, 0x0C, 0x00, 0xC0, 0x0F, 0xFE, 0xFF, 0xE0,
    0x03, 0x00, 0x38, 0x01, 0x80, 0x6C, 0x0F, 0x01, 0x98, 0x10, 0x80, 0x00, 0x1F, 0x83, 0xFE, 0x70,
    0xEE, 0x07, 0xC0, 0x3F, 0xFF, 0xFF, 0xFC, 0x00, 0xC0, 0x0E, 0x00, 0x70, 0x73, 0xFE, 0x1F, 0xC0,
    0x70, 0x06, 0x00, 0xF0, 0x0B, 0x00, 0x30, 0x06, 0x00, 0x00, 0x06, 0x00, 0xF0, 0x1F, 0x81, 0x98,
    0x00, 0x0F, 0xFE, 0xFF, 0xEC, 0x00, 0xC0, 0x0C, 0x00, 0xC0, 0x0C, 0x00, 0xC0, 0x0F, 0xFC, 0xFF,
    0xCC, 0x00, 0xC0, 0x0C, 0x00, 0xC0, 0x0C, 0x00, 0xC0, 0x0F, 0xFE, 0xFF, 0xE0, 0x00, 0xE0, 0x1F,
    0x00, 0x30, 0x77, 0x0F, 0x61, 0x98, 0x10, 0x80, 0x00, 0x1F, 0x83, 0xFE, 0x70, 0xEE, 0x07, 0xC0,
    0x3F, 0xFF, 0xFF, 0xFC, 0x00, 0xC0, 0x0E, 0x00, 0x70, 0x73, 0xFE, 0x1F, 0xC0, 0x70, 0x00, 0x03,
    0xEC, 0x3F, 0xC3, 0x78, 0x0F, 0x01, 0xF8, 0x19, 0x80, 0x00, 0xFF, 0xEF, 0xFE, 0xC0, 0x0C, 0x00,
    0xC0, 0x0C, 0x00, 0xC0, 0x0C, 0x00, 0xFF, 0xCF, 0xFC, 0xC0, 0x0C, 0x00, 0xC0, 0x0C, 0x00, 0xC0,
    0x0C, 0x00, 0xFF, 0xEF, 0xFE, 0x1C, 0x43, 0xFC, 0x37, 0xC0, 0x00, 0x07, 0x00, 0xF0, 0x19, 0x81,
    0x08, 0x1F, 0x83, 0xFE, 0x70, 0xEE, 0x07, 0xC0, 0x3F, 0xFF, 0xFF, 0xFC, 0x00, 0xC0, 0x0E, 0x00,
    0x70, 0x73, 0xFE, 0x1F, 0xC0, 0x70, 0x06, 0x00, 0xF0, 0x1F, 0x81, 0x98, 0x00, 0x0F, 0xFE, 0xFF,
    0xEC, 0x00, 0xC0, 0x0C, 0x00, 0xC0, 0x0C, 0x00, 0xC0, 0x0F, 0xFC, 0xFF, 0xCC, 0x00, 0xC0, 0x0C,
    0x00, 0xC0, 0x0C, 0x00, 0xC0, 0x0F, 0xFE, 0xFF, 0xE0, 0x00, 0x06, 0x00, 0xE0, 0x06, 0x00, 0x07,
    0x00, 0xF8, 0x1D, 0x81, 0x08, 0x00, 0x01, 0xF8, 0x3F, 0xE7, 0x0E, 0xE0, 0x7C, 0x03, 0xFF, 0xFF,
    0xFF, 0xC0, 0x0C, 0x00, 0xE0, 0x07, 0x07, 0x3F, 0xE1, 0xFC, 0x07, 0x00, 0x00, 0x06, 0x00, 0x60,
    0x31, 0xE4, 0x86, 0x10, 0x03, 0x0C, 0x30, 0xC3, 0x0C, 0x30, 0xC3, 0x0C, 0x30, 0xC3, 0x0C, 0x30,
    0xC3, 0x0C, 0x77, 0xC6, 0x73, 0x00, 0xC6, 0x31, 0x8C, 0x63, 0x18, 0xC6, 0x31, 0x8C, 0xDB, 0x6D,
    0xB6, 0xDB, 0x6D, 0xB6, 0xD8, 0x6F, 0x80, 0xFD, 0x06, 0xDB, 0x6D, 0xB6, 0xDB, 0x60, 0x7E, 0x07,
    0xF0, 0x0F, 0xFE, 0x0F, 0x07, 0x87, 0x00, 0xE7, 0x00, 0x37, 0x00, 0x1F, 0x80, 0x07, 0x80, 0x03,
    0xC0, 0x01, 0xE0, 0x00, 0xF0, 0x00, 0x78, 0x00, 0x3E, 0x00, 0x3B, 0x00, 0x19, 0xC0, 0x1C, 0x70,
    0x1C, 0x1F, 0xFC, 0x07, 0xFC, 0x00, 0x70, 0x00, 0x38, 0x00, 0x1C, 0x00, 0x06, 0x00, 0x00, 0x00,
    0xFE, 0x0F, 0xF8, 0xE0, 0xE6, 0x03, 0xE0, 0x0F, 0x00, 0x78, 0x03, 0xC0, 0x1E, 0x00, 0xF8, 0x0E,
    0xE0, 0xE3, 0xFE, 0x0F, 0xE0, 0x1C, 0x00, 0x40, 0x07, 0x00, 0x38, 0x00, 0x01, 0xC0, 0x01, 0xF0,
    0x00, 0x18, 0x00, 0x1C, 0x00, 0x0C, 0x00, 0x00, 0x00, 0x1F, 0xC0, 0x3F, 0xF8, 0x3C, 0x1E, 0x1C,
    0x03, 0x9C, 0x00, 0xDC, 0x00, 0x7E, 0x00, 0x1E, 0x00, 0x0F, 0x00, 0x07, 0x80, 0x03, 0xC0, 0x01,
    0xE0, 0x00, 0xF8, 0x00, 0xEC, 0x00, 0x67, 0x00, 0x71, 0xC0, 0x70, 0x7F, 0xF0, 0x1F, 0xF0, 0x01,
    0xC0, 0x00, 0x07, 0x00, 0x7C, 0x00, 0x60, 0x06, 0x00, 0x30, 0x00, 0x00, 0x7F, 0x07, 0xFC, 0x70,
    0x73, 0x01, 0xF0, 0x07, 0x80, 0x3C, 0x01, 0xE0, 0x0F, 0x00, 0x7C, 0x07, 0x70, 0x71, 0xFF, 0x07,
    0xF0, 0x0E, 0x00, 0x00, 0x07, 0x00, 0x67, 0x80, 0x7F, 0x00, 0x7E, 0x00, 0x63, 0x00, 0x00, 0x00,
    0x1F, 0xC0, 0x3F, 0xF8, 0x3C, 0x1E, 0x1C, 0x03, 0x9C, 0x00, 0xDC, 0x00, 0x7E, 0x00, 0x1E, 0x00,
    0x0F, 0x00, 0x07, 0x80, 0x03, 0xC0, 0x01, 0xE0, 0x00, 0xF8, 0x00, 0xEC, 0x00, 0x67, 0x00, 0x71,
    0xC0, 0x70, 0x7F, 0xF0, 0x1F, 0xF0, 0x01, 0xC0, 0x00, 0x00, 0x30, 0x01, 0x80, 0x1C, 0x0E, 0xC0,
    0xF8, 0x0E, 0xE0, 0x63, 0x00, 0x00, 0x1F, 0xC1, 0xFF, 0x1C, 0x1C, 0xC0, 0x7C, 0x01, 0xE0, 0x0F,
    0x00, 0x78, 0x03, 0xC0, 0x1F, 0x01, 0xDC, 0x1C, 0x7F, 0xC1, 0xFC, 0x03, 0x80, 0x00, 0xC0, 0x00,
    0x78, 0x00, 0x3C, 0x00, 0x3C, 0x00, 0x3E, 0x00, 0x31, 0x80, 0x00, 0x00, 0x0F, 0xE0, 0x1F, 0xFC,
    0x1E, 0x0F, 0x0E, 0x01, 0xCE, 0x00, 0x6E, 0x00, 0x3F, 0x00, 0x0F, 0x00, 0x07, 0x80, 0x03, 0xC0,
    0x01, 0xE0, 0x00, 0xF0, 0x00, 0x7C, 0x00, 0x76, 0x00, 0x33, 0x80, 0x38, 0xE0, 0x38, 0x3F, 0xF8,
    0x0F, 0xF8, 0x00, 0xE0, 0x00, 0x01, 0x00, 0x1C, 0x00, 0x70, 0x0F, 0x80, 0xF8, 0x0E, 0xC0, 0x42,
    0x00, 0x00, 0x1F, 0xC1, 0xFF, 0x1C, 0x1C, 0xC0, 0x7C, 0x01, 0xE0, 0x0F, 0x00, 0x78, 0x03, 0xC0,
    0x1F, 0x01, 0xDC, 0x1C, 0x7F, 0xC1, 0xFC, 0x03, 0x80, 0x00, 0x18, 0x00, 0x1E, 0x00, 0x0B, 0x00,
    0x39, 0x80, 0x3F, 0x80, 0x3B, 0x80, 0x18, 0xC0, 0x00, 0x00, 0x07, 0xF0, 0x0F, 0xFE, 0x0F, 0x07,
    0x87, 0x00, 0xE7, 0x00, 0x37, 0x00, 0x1F, 0x80, 0x07, 0x80, 0x03, 0xC0, 0x01, 0xE0, 0x00, 0xF0,
    0x00, 0x78, 0x00, 0x3E, 0x00, 0x3B, 0x00, 0x19, 0xC0, 0x1C, 0x70, 0x1C, 0x1F, 0xFC, 0x07, 0xFC,
    0x00, 0x70, 0x00, 0x00, 0x60, 0x07, 0x80, 0x2C, 0x0E, 0x60, 0xFE, 0x0E, 0xE0, 0x63, 0x00, 0x00,
    0x1F, 0xC1, 0xFF, 0x1C, 0x1C, 0xC0, 0x7C, 0x01, 0xE0, 0x0F, 0x00, 0x78, 0x03, 0xC0, 0x1F, 0x01,
    0xDC, 0x1C, 0x7F, 0xC1, 0xFC, 0x03, 0x80, 0x00, 0x00, 0x03, 0xCC, 0x01, 0xFE, 0x00, 0x9E, 0x00,
    0x1E, 0x00, 0x1F, 0x00, 0x18, 0xC0, 0x00, 0x00, 0x07, 0xF0, 0x0F, 0xFE, 0x0F, 0x07, 0x87, 0x00,
    0xE7, 0x00, 0x37, 0x00, 0x1F, 0x80, 0x07, 0x80, 0x03, 0xC0, 0x01, 0xE0, 0x00, 0xF0, 0x00, 0x78,
    0x00, 0x3E, 0x00, 0x3B, 0x00, 0x19, 0xC0, 0x1C, 0x70, 0x1C, 0x1F, 0xFC, 0x07, 0xFC, 0x00, 0x70,
    0x00, 0x0C, 0x60, 0xFB, 0x0C, 0xF0, 0x2F, 0x00, 0xF8, 0x0E, 0xE0, 0x61, 0x00, 0x00, 0x1F, 0xC1,
    0xFF, 0x1C, 0x1C, 0xC0, 0x7C, 0x01, 0xE0, 0x0F, 0x00, 0x78, 0x03, 0xC0, 0x1F, 0x01, 0xDC, 0x1C,
    0x7F, 0xC1, 0xFC, 0x03, 0x80, 0x00, 0xC0, 0x00, 0xF0, 0x00, 0xF8, 0x00, 0xC6, 0x00, 0x00, 0x00,
    0x3F, 0x80, 0x7F, 0xF0, 0x78, 0x3C, 0x38, 0x07, 0x38, 0x01, 0xB8, 0x00, 0xFC, 0x00, 0x3C, 0x00,
    0x1E, 0x00, 0x0F, 0x00, 0x07, 0x80, 0x03, 0xC0, 0x01, 0xF0, 0x01, 0xD8, 0x00, 0xCE, 0x00, 0xE3,
    0x80, 0xE0, 0xFF, 0xE0, 0x3F, 0xE0, 0x03, 0x80, 0x01, 0xC0, 0x00, 0xE0, 0x00, 0x30, 0x00, 0x07,
    0x00, 0x7C, 0x07, 0x70, 0x30, 0x80, 0x00, 0x0F, 0xE0, 0xFF, 0x8E, 0x0E, 0x60, 0x3E, 0x00, 0xF0,
    0x07, 0x80, 0x3C, 0x01, 0xE0, 0x0F, 0x80, 0xEE, 0x0E, 0x3F, 0xE0, 0xFE, 0x01, 0xC0, 0x04, 0x00,
    0x70, 0x03, 0x80, 0x00, 0x30, 0x00, 0x3A, 0x00, 0x39, 0x80, 0x01, 0x80, 0x7F, 0xC0, 0xFF, 0xE0,
    0xF0, 0x78, 0x70, 0x0E, 0x70, 0x03, 0x70, 0x01, 0xF8, 0x00, 0x78, 0x00, 0x3C, 0x00, 0x1E, 0x00,
    0x0F, 0x00, 0x07, 0x80, 0x03, 0xE0, 0x03, 0xB0, 0x01, 0x9C, 0x01, 0xC7, 0x01, 0xC1, 0xFF, 0xC0,
    0x7F, 0xC0, 0x07, 0x00, 0x01, 0x80, 0x0C, 0x00, 0xE4, 0x06, 0x30, 0x01, 0x8F, 0xF8, 0xFF, 0x8E,
    0x0E, 0x60, 0x3E, 0x00, 0xF0, 0x07, 0x80, 0x3C, 0x01, 0xE0, 0x0F, 0x80, 0xEE, 0x0E, 0x3F, 0xE0,
    0xFE, 0x01, 0xC0, 0x06, 0x00, 0x03, 0xC2, 0x00, 0xE1, 0x80, 0x01, 0x80, 0x7F, 0xC0, 0xFF, 0xE0,
    0xF0, 0x78, 0x70, 0x0E, 0x70, 0x03, 0x70, 0x01, 0xF8, 0x00, 0x78, 0x00, 0x3C, 0x00, 0x1E, 0x00,
    0x0F, 0x00, 0x07, 0x80, 0x03, 0xE0, 0x03, 0xB0, 0x01, 0x9C, 0x01, 0xC7, 0x01, 0xC1, 0xFF, 0xC0,
    0x7F, 0xC0, 0x07, 0x00, 0x08, 0x00, 0xE0, 0x03, 0x84, 0x0C, 0x30, 0x01, 0x8F, 0xF8, 0xFF, 0x8E,
    0x0E, 0x60, 0x3E, 0x00, 0xF0, 0x07, 0x80, 0x3C, 0x01, 0xE0, 0x0F, 0x80, 0xEE, 0x0E, 0x3F, 0xE0,
    0xFE, 0x01, 0xC0, 0x01, 0xC0, 0x01, 0xF0, 0x00, 0x18, 0x00, 0x1C, 0x80, 0x0C, 0x60, 0x00, 0x60,
    0x1F, 0xF0, 0x3F, 0xF8, 0x3C, 0x1E, 0x1C, 0x03, 0x9C, 0x00, 0xDC, 0x00, 0x7E, 0x00, 0x1E, 0x00,
    0x0F, 0x00, 0x07, 0x80, 0x03, 0xC0, 0x01, 0xE0, 0x00, 0xF8, 0x00, 0xEC, 0x00, 0x67, 0x00, 0x71,
    0xC0, 0x70, 0x7F, 0xF0, 0x1F, 0xF0, 0x01, 0xC0, 0x00, 0x07, 0x00, 0x7C, 0x00, 0x60, 0x06, 0x20,
    0x31, 0x80, 0x0C, 0x7F, 0xC7, 0xFC, 0x70, 0x73, 0x01, 0xF0, 0x07, 0x80, 0x3C, 0x01, 0xE0, 0x0F,
    0x00, 0x7C, 0x07, 0x70, 0x71, 0xFF, 0x07, 0xF0, 0x0E, 0x00, 0x00, 0x10, 0x03, 0xCC, 0x03, 0xFD,
    0x01, 0x8E, 0xC0, 0x00, 0xC0, 0x3F, 0xE0, 0x7F, 0xF0, 0x78, 0x3C, 0x38, 0x07, 0x38, 0x01, 0xB8,
    0x00, 0xFC, 0x00, 0x3C, 0x00, 0x1E, 0x00, 0x0F, 0x00, 0x07, 0x80, 0x03, 0xC0, 0x01, 0xF0, 0x01,
    0xD8, 0x00, 0xCE, 0x00, 0xE3, 0x80, 0xE0, 0xFF, 0xE0, 0x3F, 0xE0, 0x03, 0x80, 0x0C, 0x60, 0xFF,
    0x0C, 0xF4, 0x21, 0x30, 0x01, 0x8F, 0xF8, 0xFF, 0x8E, 0x0E, 0x60, 0x3E, 0x00, 0xF0, 0x07, 0x80,
    0x3C, 0x01, 0xE0, 0x0F, 0x80, 0xEE, 0x0E, 0x3F, 0xE0, 0xFE, 0x01, 0xC0, 0x00, 0x04, 0x00, 0x03,
    0x00, 0x03, 0x00, 0xFF, 0x81, 0xFF, 0xC1, 0xE0, 0xF0, 0xE0, 0x1C, 0xE0, 0x06, 0xE0, 0x03, 0xF0,
    0x00, 0xF0, 0x00, 0x78, 0x00, 0x3C, 0x00, 0x1E, 0x00, 0x0F, 0x00, 0x07, 0xC0, 0x07, 0x60, 0x03,
    0x38, 0x03, 0x8E, 0x03, 0x83, 0xFF, 0x80, 0xFF, 0x80, 0x0E, 0x00, 0x07, 0x00, 0x03, 0x80, 0x00,
    0xC0, 0x00, 0x00, 0x10, 0x00, 0xC0, 0x06, 0x3F, 0xE3, 0xFE, 0x38, 0x39, 0x80, 0xF8, 0x03, 0xC0,
    0x1E, 0x00, 0xF0, 0x07, 0x80, 0x3E, 0x03, 0xB8, 0x38, 0xFF, 0x83, 0xF8, 0x07, 0x00, 0x10, 0x01,
    0xC0, 0x0E, 0x00, 0xC0, 0x0F, 0x00, 0x3C, 0x00, 0xF0, 0x03, 0xC0, 0x0F, 0x00, 0x3C, 0x00, 0xF0,
    0x03, 0xC0, 0x0F, 0x00, 0x3C, 0x00, 0xF0, 0x03, 0xC0, 0x0F, 0x80, 0x76, 0x01, 0x9C, 0x0E, 0x3F,
    0xF0, 0x7F, 0x80, 0x30, 0x00, 0xC0, 0x03, 0x00, 0x0C, 0x00, 0x60, 0x26, 0x07, 0x60, 0x76, 0x07,
    0x60, 0x76, 0x07, 0x60, 0x76, 0x07, 0x60, 0x76, 0x07, 0x70, 0x63, 0xFE, 0x1F, 0xC0, 0x60, 0x00,
    0x00, 0x60, 0x06, 0x00, 0x03, 0x00, 0x1E, 0x00, 0x58, 0x00, 0x60, 0x03, 0x00, 0x00, 0x0C, 0x00,
    0xF0, 0x03, 0xC0, 0x0F, 0x00, 0x3C, 0x00, 0xF0, 0x03, 0xC0, 0x0F, 0x00, 0x3C, 0x00, 0xF0, 0x03,
    0xC0, 0x0F, 0x00, 0x3C, 0x00, 0xF8, 0x07, 0x60, 0x19, 0xC0, 0xE3, 0xFF, 0x07, 0xF8, 0x03, 0x00,
    0x06, 0x00, 0xF0, 0x09, 0x00, 0x30, 0x02, 0x00, 0x00, 0x60, 0x26, 0x07, 0x60, 0x76, 0x07, 0x60,
    0x76, 0x07, 0x60, 0x76, 0x07, 0x60, 0x76, 0x07, 0x70, 0x63, 0xFE, 0x1F, 0xC0, 0x60, 0x00, 0xE0,
    0x00, 0xF0, 0x80, 0xE0, 0x60, 0x00, 0x7C, 0x00, 0xF6, 0x00, 0x73, 0x00, 0x31, 0x80, 0x18, 0xC0,
    0x0C, 0x60, 0x06, 0x30, 0x03, 0x18, 0x01, 0x8C, 0x00, 0xC6, 0x00, 0x63, 0x00, 0x31, 0x80, 0x18,
    0xC0, 0x0C, 0x70, 0x0E, 0x18, 0x06, 0x0E, 0x07, 0x03, 0xFF, 0x00, 0xFF, 0x00, 0x0C, 0x00, 0x01,
    0x80, 0x03, 0x00, 0x0E, 0x10, 0x18, 0x60, 0x00, 0xCC, 0x07, 0x98, 0x1E, 0x30, 0x38, 0x60, 0x70,
    0xC0, 0xE1, 0x81, 0xC3, 0x03, 0x86, 0x07, 0x0C, 0x0E, 0x18, 0x1C, 0x38, 0x30, 0x3F, 0xE0, 0x3F,
    0x80, 0x18, 0x00, 0x1C, 0x00, 0x0F, 0x00, 0x81, 0xC0, 0x60, 0x00, 0x7C, 0x00, 0xF6, 0x00, 0x73,
    0x00, 0x31, 0x80, 0x18, 0xC0, 0x0C, 0x60, 0x06, 0x30, 0x03, 0x18, 0x01, 0x8C, 0x00, 0xC6, 0x00,
    0x63, 0x00, 0x31, 0x80, 0x18, 0xC0, 0x0C, 0x70, 0x0E, 0x18, 0x06, 0x0E, 0x07, 0x03, 0xFF, 0x00,
    0xFF, 0x00, 0x0C, 0x00, 0x08, 0x00, 0x38, 0x00, 0x38, 0x10, 0x30, 0x60, 0x00, 0xCC, 0x07, 0x98,
    0x1E, 0x30, 0x38, 0x60, 0x70, 0xC0, 0xE1, 0x81, 0xC3, 0x03, 0x86, 0x07, 0x0C, 0x0E, 0x18, 0x1C,
    0x38, 0x30, 0x3F, 0xE0, 0x3F, 0x80, 0x18, 0x00, 0x03, 0x00, 0x03, 0xC0, 0x01, 0x60, 0x00, 0x30,
    0x20, 0x30, 0x18, 0x00, 0x1F, 0x00, 0x3D, 0x80, 0x1C, 0xC0, 0x0C, 0x60, 0x06, 0x30, 0x03, 0x18,
    0x01, 0x8C, 0x00, 0xC6, 0x00, 0x63, 0x00, 0x31, 0x80, 0x18, 0xC0, 0x0C, 0x60, 0x06, 0x30, 0x03,
    0x1C, 0x03, 0x86, 0x01, 0x83, 0x81, 0xC0, 0xFF, 0xC0, 0x3F, 0xC0, 0x03, 0x00, 0x00, 0x07, 0x00,
    0x1F, 0x00, 0x06, 0x00, 0x18, 0x20, 0x30, 0xC0, 0x01, 0x98, 0x0F, 0x30, 0x3C, 0x60, 0x70, 0xC0,
    0xE1, 0x81, 0xC3, 0x03, 0x86, 0x07, 0x0C, 0x0E, 0x18, 0x1C, 0x30, 0x38, 0x70, 0x60, 0x7F, 0xC0,
    0x7F, 0x00, 0x30, 0x00, 0x00, 0x00, 0x0F, 0xB0, 0x07, 0xF8, 0x43, 0x38, 0x30, 0x00, 0x3E, 0x00,
    0x7B, 0x00, 0x39, 0x80, 0x18, 0xC0, 0x0C, 0x60, 0x06, 0x30, 0x03, 0x18, 0x01, 0x8C, 0x00, 0xC6,
    0x00, 0x63, 0x00, 0x31, 0x80, 0x18, 0xC0, 0x0C, 0x60, 0x06, 0x38, 0x07, 0x0C, 0x03, 0x07, 0x03,
    0x81, 0xFF, 0x80, 0x7F, 0x80, 0x06, 0x00, 0x0C, 0x60, 0x3F, 0xC0, 0xCF, 0x10, 0x84, 0x60, 0x00,
    0xCC, 0x07, 0x98, 0x1E, 0x30, 0x38, 0x60, 0x70, 0xC0, 0xE1, 0x81, 0xC3, 0x03, 0x86, 0x07, 0x0C,
    0x0E, 0x18, 0x1C, 0x38, 0x30, 0x3F, 0xE0, 0x3F, 0x80, 0x18, 0x00, 0x00, 0x01, 0x00, 0x00, 0xC0,
    0x00, 0xF8, 0x01, 0xEC, 0x00, 0xE6, 0x00, 0x63, 0x00, 0x31, 0x80, 0x18, 0xC0, 0x0C, 0x60, 0x06,
    0x30, 0x03, 0x18, 0x01, 0x8C, 0x00, 0xC6, 0x00, 0x63, 0x00, 0x31, 0x80, 0x18, 0xE0, 0x1C, 0x30,
    0x0C, 0x1C, 0x0E, 0x07, 0xFE, 0x01, 0xFE, 0x00, 0x18, 0x00, 0x0C, 0x00, 0x06, 0x00, 0x03, 0x00,
    0x00, 0x00, 0x04, 0x00, 0x18, 0x00, 0x33, 0x01, 0xE6, 0x07, 0x8C, 0x0E, 0x18, 0x1C, 0x30, 0x38,
    0x60, 0x70, 0xC0, 0xE1, 0x81, 0xC3, 0x03, 0x86, 0x07, 0x0E, 0x0C, 0x0F, 0xF8, 0x0F, 0xE0, 0x06,
    0x00, 0x04, 0x00, 0x1C, 0x00, 0x38, 0x00, 0x1C, 0x00, 0x78, 0x00, 0x70, 0x00, 0x00, 0xC0, 0x0F,
    0x80, 0x77, 0x03, 0x8C, 0x0C, 0x38, 0x70, 0x73, 0x80, 0xEC, 0x03, 0xF0, 0x07, 0x80, 0x0C, 0x00,
    0x30, 0x00, 0xC0, 0x03, 0x00, 0x0C, 0x00, 0x30, 0x00, 0xC0, 0x03, 0x00, 0x0C, 0x00, 0x18, 0x01,
    0xC0, 0x0C, 0x00, 0x60, 0x00, 0x06, 0x07, 0x60, 0x76, 0x07, 0x60, 0x76, 0x07, 0x60, 0x76, 0x07,
    0x60, 0x76, 0x07, 0x60, 0x76, 0x0F, 0x7F, 0xF3, 0xFF, 0x0E, 0x60, 0x06, 0x40, 0xE7, 0xFC, 0x3F,
    0x80, 0xC0, 0x0F, 0x80, 0x77, 0x03, 0x8C, 0x0C, 0x38, 0x70, 0x73, 0x80, 0xEC, 0x03, 0xF0, 0x07,
    0x80, 0x0C, 0x00, 0x30, 0x00, 0xC0, 0x03, 0x00, 0x0C, 0x00, 0x30, 0x00, 0xC0, 0x03, 0x00, 0x0C,
    0x00, 0x00, 0x00, 0xC0, 0x03, 0x00, 0x0C, 0x00, 0x60, 0x73, 0x03, 0x98, 0x1C, 0xC0, 0xE6, 0x07,
    0x30, 0x39, 0x81, 0xCC, 0x0E, 0x60, 0x73, 0x03, 0x98, 0x3C, 0xFF, 0xE3, 0xFF, 0x07, 0x30, 0x01,
    0x88, 0x1C, 0x7F, 0xD9, 0xFC, 0xC0, 0x03, 0x00, 0x1E, 0x00, 0x58, 0x00, 0x60, 0x03, 0x00, 0x00,
    0x0C, 0x00, 0xF8, 0x07, 0x70, 0x38, 0xC0, 0xC3, 0x87, 0x07, 0x38, 0x0E, 0xC0, 0x3F, 0x00, 0x78,
    0x00, 0xC0, 0x03, 0x00, 0x0C, 0x00, 0x30, 0x00, 0xC0, 0x03, 0x00, 0x0C, 0x00, 0x30, 0x00, 0xC0,
    0x06, 0x00, 0xF0, 0x09, 0x00, 0x30, 0x02, 0x00, 0x00, 0x60, 0x76, 0x07, 0x60, 0x76, 0x07, 0x60,
    0x76, 0x07, 0x60, 0x76, 0x07, 0x60, 0x76, 0x07, 0x60, 0xF7, 0xFF, 0x3F, 0xF0, 0xE6, 0x00, 0x64,
    0x0E, 0x7F, 0xC3, 0xF8, 0x00, 0x00, 0x7D, 0x81, 0xFE, 0x06, 0x70, 0x00, 0x03, 0x00, 0x3E, 0x01,
    0xDC, 0x0E, 0x30, 0x30, 0xE1, 0xC1, 0xCE, 0x03, 0xB0, 0x0F, 0xC0, 0x1E, 0x00, 0x30, 0x00, 0xC0,
    0x03, 0x00, 0x0C, 0x00, 0x30, 0x00, 0xC0, 0x03, 0x00, 0x0C, 0x00, 0x30, 0x00, 0x1C, 0x43, 0xFC,
    0x37, 0xC2, 0x10, 0x00, 0x06, 0x07, 0x60, 0x76, 0x07, 0x60, 0x76, 0x07, 0x60, 0x76, 0x07, 0x60,
    0x76, 0x07, 0x60, 0x76, 0x0F, 0x7F, 0xF3, 0xFF, 0x0E, 0x60, 0x06, 0x40, 0xE7, 0xFC, 0x3F, 0x80,
    0xFE, 0xFF, 0x7F, 0xDF, 0xFD, 0xFF, 0x00, 0x7F, 0xDF, 0xFD, 0xFF, 0x00, 0x7F, 0xFF, 0xDF, 0xFF,
    0xFD, 0xFF, 0xFF, 0x00, 0x7F, 0xFF, 0xDF, 0xFF, 0xFD, 0xFF, 0xFF, 0x00, 0x37, 0x67, 0x70, 0x6F,
    0x37, 0xE0, 0x73, 0x8C, 0xE6, 0x00, 0x33, 0x77, 0x66, 0x77, 0x77, 0x66, 0xFF, 0x33, 0x77, 0xEE,
    0x76, 0x7F, 0x33, 0x77, 0x6E, 0x18, 0x18, 0x18, 0x18, 0xFF, 0xFF, 0x18, 0x18, 0x18, 0x18, 0x18,
    0x18, 0x18, 0x00, 0x18, 0x18, 0x18, 0x18, 0xFF, 0xFE, 0x18, 0xFE, 0xFF, 0x18, 0x18, 0x18, 0x18,
    0x18, 0x7D, 0xFB, 0xFF, 0xFF, 0xEF, 0x8E, 0x00, 0xC6, 0x3E, 0x67, 0xC6, 0x70, 0x38, 0x06, 0x00,
    0x1F, 0x03, 0x80, 0x0C, 0x60, 0xC0, 0x03, 0x18, 0x70, 0x00, 0xC6, 0x38, 0x00, 0x31, 0x8C, 0x00,
    0x0C, 0x67, 0x00, 0x03, 0xBB, 0x80, 0x00, 0x7C, 0xC0, 0x00, 0x0E, 0x73, 0xC3, 0xC0, 0x39, 0xF9,
    0xF8, 0x0C, 0xE6, 0x67, 0x07, 0x31, 0xF8, 0xC3, 0x8C, 0x7C, 0x30, 0xC3, 0x1F, 0x0C, 0x70, 0xE6,
    0x67, 0x38, 0x1F, 0x9F, 0x8C, 0x07, 0xC3, 0xE0, 0x00, 0x40, 0x60, 0x67, 0xE7, 0xE6, 0xC6, 0xC6,
    0xC6, 0xCC, 0x00, 0x0C, 0x71, 0x8E, 0x71, 0x87, 0x0C, 0x18, 0x70, 0xC0, 0x61, 0x87, 0x0E, 0x1C,
    0x31, 0xCE, 0x31, 0x86, 0x00, 0x00, 0x18, 0x00, 0xC0, 0x0C, 0x00, 0xE0, 0x06, 0x00, 0x60, 0x07,
    0x00, 0x30, 0x03, 0x00, 0x38, 0x01, 0x80, 0x18, 0x01, 0xC0, 0x0C, 0x00, 0xC0, 0x0E, 0x00, 0x60,
    0x06, 0x00, 0x00, 0x00, 0x08, 0x3E, 0x76, 0x67, 0xE3, 0xC3, 0x67, 0x66, 0x3E, 0x18, 0x0C, 0x1C,
    0x3C, 0x3C, 0x6C, 0xFE, 0x3C, 0x0C, 0x00, 0x7D, 0xF7, 0x3F, 0xCC, 0x3C, 0xFE, 0x30, 0x00, 0x38,
    0xE3, 0x87, 0xDF, 0xBB, 0xB6, 0x7C, 0x20, 0xFF, 0xF1, 0x86, 0x30, 0xC6, 0x18, 0x00, 0x00, 0xF9,
    0xBB, 0x37, 0xCF, 0xD9, 0xB3, 0x7C, 0x30, 0x01, 0xEF, 0xF3, 0xFD, 0xF1, 0x9E, 0xF1, 0x00, 0x08,
    0x3E, 0x76, 0x67, 0xE3, 0xC3, 0x67, 0x66, 0x3E, 0x18, 0x33, 0x9C, 0x63, 0x18, 0xC6, 0x00, 0x31,
    0xEF, 0xF3, 0x18, 0xE7, 0x3E, 0xFC, 0xFD, 0xE3, 0x1E, 0x7C, 0x3D, 0xFE, 0x30, 0x0C, 0x1C, 0x3C,
    0x3C, 0x6C, 0xFE, 0x3C, 0x0C, 0x00, 0x7D, 0xF7, 0x3F, 0xCC, 0x3C, 0xFE, 0x30, 0x00, 0x38, 0xE3,
    0x87, 0xDF, 0xBB, 0xB6, 0x7C, 0x20, 0xFF, 0xF1, 0x86, 0x30, 0xC6, 0x18, 0x00, 0x00, 0xF9, 0xBB,
    0x37, 0xCF, 0xD9, 0xB3, 0x7C, 0x30, 0x01, 0xEF, 0xF3, 0xFD, 0xF1, 0x9E, 0xF1, 0x00, 0x00, 0x39,
    0x00, 0x19, 0xC0, 0xFC, 0xC1, 0xFF, 0xE1, 0xEF, 0xE1, 0xC6, 0x71, 0xC7, 0x30, 0xC3, 0x38, 0xE3,
    0x98, 0x61, 0x9C, 0x31, 0xCC, 0x18, 0xCE, 0x0C, 0xE6, 0x06, 0x67, 0x03, 0xF3, 0x00, 0xF3, 0x80,
    0x79, 0x80, 0x1D, 0xC3, 0x1F, 0xFF, 0x8C, 0xFF, 0x0E, 0x7C, 0x06, 0x70, 0x03, 0x30, 0x00, 0x10,
    0x00, 0x3F, 0xF9, 0xFF, 0xCC, 0x00, 0x60, 0x03, 0x00, 0x18, 0x00, 0xC0, 0x06, 0x00, 0x3F, 0xF1,
    0xFF, 0x8C, 0x00, 0x60, 0x0F, 0xC0, 0x7E, 0x00, 0xC0, 0x06, 0x00, 0x30, 0x01, 0x80, 0x00, 0x07,
    0xE0, 0x3F, 0xE0, 0x70, 0xE1, 0xC0, 0xC3, 0x00, 0x06, 0x00, 0x0C, 0x00, 0x18, 0x00, 0xFF, 0xE1,
    0xFF, 0xC0, 0x60, 0x07, 0xFF, 0x0F, 0xFE, 0x03, 0x00, 0x06, 0x00, 0x0C, 0x00, 0x7F, 0x8F, 0xFF,
    0xFE, 0x03, 0xE0, 0x30, 0x03, 0x0E, 0x00, 0xC3, 0x80, 0x30, 0xF0, 0x0C, 0x3E, 0x03, 0x0D, 0xC0,
    0xC3, 0x30, 0x30, 0xCE, 0x0C, 0xFF, 0xFF, 0xFF, 0xFF, 0xF3, 0x06, 0x30, 0xC1, 0xCC, 0x30, 0x3B,
    0x0C, 0x07, 0xC3, 0x00, 0xF0, 0xC0, 0x3C, 0x30, 0x07, 0x0C, 0x00, 0xC0, 0x3F, 0xE0, 0x3F, 0xF8,
    0x30, 0x38, 0x30, 0x1C, 0x30, 0x0C, 0xFF, 0xFF, 0xFF, 0xFE, 0x30, 0x1C, 0x30, 0x38, 0x3F, 0xF8,
    0x3F, 0xE0, 0x30, 0x00, 0x30, 0x00, 0x30, 0x00, 0x30, 0x00, 0x30, 0x00, 0x30, 0x00, 0x30, 0x00,
    0x40, 0x00, 0x02, 0xE0, 0x00, 0x07, 0x60, 0x00, 0x06, 0x70, 0x00, 0x06, 0x70, 0x18, 0x0E, 0x30,
    0x1C, 0x0C, 0x38, 0x3C, 0x0C, 0x18, 0x3C, 0x1C, 0xFF, 0xFF, 0xFF, 0xFF, 0xFF, 0xFF, 0x0C, 0x67,
    0x38, 0x0C, 0xE3, 0x30, 0x0E, 0xC3, 0x30, 0x06, 0xC3, 0xF0, 0x07, 0x81, 0xE0, 0x07, 0x81, 0xE0,
    0x03, 0x80, 0xE0, 0x03, 0x00, 0xC0, 0x01, 0x00, 0x70, 0x1F, 0x07, 0xE0, 0x38, 0x07, 0x1F, 0xE3,
    0xFC, 0xC3, 0x98, 0x73, 0x06, 0x61, 0xCE, 0x38, 0xFF, 0x0F, 0x40, 0x00, 0xFF, 0x9F, 0xF8, 0x00,
    0x00, 0x00, 0xFC, 0x03, 0xFF, 0x07, 0x87, 0x0E, 0x00, 0x1C, 0x00, 0x18, 0x00, 0x18, 0x00, 0xFF,
    0xC0, 0xFF, 0xC0, 0x38, 0x00, 0x7F, 0xC0, 0xFF, 0xC0, 0x18, 0x00, 0x1C, 0x00, 0x0C, 0x00, 0x0F,
    0x03, 0x07, 0xFF, 0x01, 0xFE, 0x00, 0x30, 0x30, 0x02, 0x30, 0x07, 0x30, 0x0E, 0x30, 0x1C, 0x30,
    0x38, 0x30, 0x70, 0x31, 0xE0, 0x7F, 0xFC, 0xFF, 0xFC, 0xFF, 0xFC, 0x3C, 0xE0, 0x38, 0x70, 0x30,
    0x38, 0x30, 0x38, 0x30, 0x1C, 0x30, 0x0E, 0x30, 0x07, 0x30, 0x03, 0x00, 0x00, 0x3F, 0xE0, 0x3F,
    0xF8, 0x30, 0x38, 0xFF, 0xFF, 0xFF, 0xFE, 0x30, 0x0C, 0xFF, 0xFE, 0xFF, 0xFF, 0x30, 0x38, 0x3F,
    0xF8, 0x3F, 0xE0, 0x30, 0x00, 0x30, 0x00, 0x30, 0x00, 0x30, 0x00, 0x30, 0x00, 0x30, 0x00, 0x30,
    0x00, 0x00, 0xC0, 0x01, 0x80, 0x03, 0x00, 0x1F, 0xC0, 0xFF, 0xC3, 0xD9, 0xCE, 0x30, 0x38, 0x60,
    0x60, 0xC1, 0xC1, 0x83, 0x03, 0x06, 0x06, 0x0C, 0x0F, 0xF8, 0x1F, 0xF0, 0x31, 0xF0, 0x63, 0x60,
    0xC6, 0xE1, 0x8C, 0xF3, 0x18, 0xFF, 0xF0, 0x7F, 0xC0, 0x1C, 0x00, 0x30, 0x00, 0x60, 0x00, 0xC0,
    0x00, 0xC0, 0x01, 0x80, 0x03, 0x00, 0x1F, 0x80, 0xFF, 0xC3, 0xDB, 0xCE, 0x30, 0x38, 0x60, 0x60,
    0xC1, 0xC1, 0x83, 0x03, 0x06, 0x06, 0x0C, 0x0C, 0x18, 0x18, 0x30, 0x30, 0x70, 0x60, 0x60, 0xC0,
    0xE1, 0x80, 0xE3, 0x18, 0xFF, 0xF0, 0x7F, 0x80, 0x38, 0x00, 0x30, 0x00, 0x60, 0x00, 0xC0, 0xFF,
    0xFF, 0xFF, 0x03, 0x80, 0x1C, 0xFF, 0xFF, 0xFF, 0x01, 0xC0, 0x1C, 0x03, 0x8F, 0xF0, 0xFF, 0x00,
    0x38, 0x01, 0x80, 0x1C, 0x01, 0xC0, 0x1C, 0x00, 0xC0, 0x0E, 0x18, 0x00, 0xC0, 0x06, 0x20, 0x37,
    0x01, 0xF0, 0x0F, 0x30, 0x73, 0x8F, 0x38, 0xFF, 0x86, 0xF0, 0x07, 0x00, 0xF0, 0x07, 0x81, 0x2C,
    0x1C, 0x61, 0xC3, 0x1E, 0x1F, 0xC0, 0xFC, 0x03, 0x00, 0x03, 0x00, 0x0C, 0x00, 0x78, 0x07, 0xF8,
    0x3F, 0xF1, 0xCC, 0xEE, 0x31, 0xB0, 0xC7, 0xC3, 0x1F, 0x0C, 0x3C, 0x30, 0xF0, 0xC3, 0xC3, 0x0F,
    0x0C, 0x3C, 0x00, 0xF0, 0x03, 0xC0, 0x0F, 0x00, 0x3C, 0x00, 0xF0, 0x03, 0x00, 0x08, 0x3F, 0xE0,
    0xFF, 0xE3, 0x03, 0x8C, 0x07, 0x30, 0x0C, 0xC0, 0x33, 0x00, 0xCC, 0x07, 0x30, 0x3B, 0xFF, 0xEF,
    0xFE, 0x0C, 0x00, 0x30, 0x03, 0xF0, 0x0F, 0xC0, 0x0C, 0x00, 0x30, 0x00, 0xC0, 0x00, 0x00, 0x00,
    0xF0, 0x03, 0xC0, 0x07, 0x00, 0x0C, 0x00, 0x70, 0x7F, 0x87, 0xFE, 0x70, 0xF7, 0x03, 0xB0, 0x0F,
    0x80, 0x7C, 0x03, 0xE0, 0x1B, 0x00, 0xCC, 0x0E, 0x70, 0x61, 0xFF, 0x07, 0xE0, 0x00, 0x00, 0x00,
    0x00, 0x1F, 0xDC, 0x7F, 0xF1, 0xC1, 0xC3, 0x07, 0x8E, 0x1D, 0x98, 0x73, 0x31, 0xC6, 0x67, 0x0C,
    0xDC, 0x19, 0xF0, 0x71, 0xC1, 0xC7, 0xFF, 0x1D, 0xFC, 0x00, 0xE0, 0x00, 0x00, 0x80, 0x00, 0xE0,
    0x00, 0x70, 0x00, 0x7C, 0x00, 0x36, 0x00, 0x1B, 0x80, 0x18, 0xC0, 0x0C, 0x70, 0x0C, 0x18, 0x06,
    0x0E, 0x07, 0x03, 0x03, 0x01, 0x83, 0x80, 0x61, 0x80, 0x30, 0xC0, 0x1C, 0xC0, 0x06, 0x7F, 0xFF,
    0xFF, 0xFF, 0xC0, 0x7F, 0xFF, 0x7F, 0xFF, 0x38, 0x0C, 0x38, 0x0C, 0x38, 0x0C, 0x38, 0x0C, 0x38,
    0x0C, 0x38, 0x0C, 0x38, 0x0C, 0x38, 0x0C, 0x38, 0x0C, 0x38, 0x0C, 0x38, 0x0C, 0x38, 0x0C, 0x38,
    0x0C, 0x38, 0x0C, 0x38, 0x0C, 0x38, 0x0C, 0x38, 0x0C, 0x38, 0x0C, 0x38, 0x0C, 0x38, 0x0C, 0x18,
    0x0C, 0x7F, 0xFF, 0xFF, 0x80, 0x38, 0x03, 0x80, 0x38, 0x03, 0x80, 0x30, 0x03, 0x00, 0x70, 0x1C,
    0x07, 0x01, 0xC0, 0x30, 0x0C, 0x03, 0x80, 0xFF, 0xFF, 0xFC, 0x00, 0x1F, 0xFF, 0xFF, 0x80, 0x00,
    0x00, 0x00, 0xC0, 0x06, 0x00, 0x60, 0x03, 0x00, 0x30, 0x03, 0x80, 0x18, 0x01, 0xC0, 0x0C, 0x00,
    0xE0, 0x06, 0x00, 0x70, 0x03, 0x00, 0x38, 0x01, 0x80, 0x1C, 0x00, 0xC0, 0x0E, 0x00, 0x60, 0x07,
    0x00, 0x30, 0x03, 0x80, 0x18, 0x00, 0x40, 0x00, 0x5F, 0xA0, 0x00, 0x00, 0x00, 0x0C, 0x00, 0x38,
    0x00, 0x60, 0x00, 0xC0, 0x03, 0x80, 0x06, 0x0C, 0x0C, 0x7C, 0x38, 0xD8, 0x60, 0x38, 0xC0, 0x33,
    0x80, 0x76, 0x00, 0x6C, 0x00, 0xF8, 0x01, 0xE0, 0x01, 0xC0, 0x03, 0x80, 0x3E, 0x07, 0xC7, 0xF0,
    0xFE, 0xE3, 0x9C, 0x7C, 0x1F, 0x83, 0xC0, 0xF0, 0x3C, 0x0F, 0x03, 0xC1, 0xF8, 0x3E, 0x39, 0xC7,
    0x7F, 0x0F, 0xE3, 0xE0, 0x7C, 0x00, 0x00, 0x07, 0xC0, 0x7E, 0x03, 0x00, 0x38, 0x01, 0x80, 0x0C,
    0x00, 0x60, 0x03, 0x00, 0x38, 0x01, 0xC0, 0x0C, 0x00, 0x60, 0x03, 0x00, 0x38, 0x01, 0xC0, 0x0E,
    0x00, 0x60, 0x07, 0x01, 0xF0, 0x0F, 0x00, 0x00, 0x00, 0x0F, 0x8F, 0xFF, 0xE3, 0xF0, 0x00, 0xF0,
    0xFF, 0xFE, 0x7F, 0x80, 0x80, 0x01, 0x80, 0x71, 0xFF, 0x7F, 0xF7, 0xFC, 0x18, 0x03, 0x07, 0xFF,
    0xFF, 0xE6, 0x01, 0xC0, 0x30, 0x00, 0x00, 0x30, 0x0F, 0x81, 0xF8, 0x7E, 0x0F, 0xC0, 0x78, 0x01,
    0xF8, 0x03, 0xF0, 0x03, 0xF0, 0x03, 0x80, 0x00, 0xFF, 0xEF, 0xFF, 0x80, 0xF0, 0x03, 0xE0, 0x07,
    0xE0, 0x07, 0xC0, 0x0F, 0x00, 0xF8, 0x1F, 0x87, 0xE0, 0xFC, 0x07, 0x00, 0x00, 0x01, 0xFF, 0xEF,
    0xFF, 0x00, 0x07, 0x00, 0x7C, 0x07, 0x4E, 0x30, 0x71, 0x81, 0x0C, 0x01, 0xFC, 0x7F, 0xF3, 0x18,
    0x18, 0xC0, 0xC6, 0x06, 0x30, 0x31, 0x81, 0x8C, 0x0C, 0x60, 0x63, 0x03, 0x18, 0x18, 0xC0, 0xC6,
    0x06, 0x07, 0x18, 0x7C, 0xC7, 0x46, 0x30, 0x31, 0x81, 0x8C, 0x0D, 0xFC, 0x7F, 0xF3, 0x18, 0x18,
    0xC0, 0xC6, 0x06, 0x30, 0x31, 0x81, 0x8C, 0x0C, 0x60, 0x63, 0x03, 0x18, 0x18, 0xC0, 0xC6, 0x06,
};

static const EpdGlyph quicksand_12_regularGlyphs[] = {
    { 0, 0, 109, 0, 0, 0, 0 }, // U+000D
    { 0, 0, 109, 0, 0, 0, 0 }, // U+0020
    { 3, 18, 74, 1, 18, 7, 0 }, // !
    { 8, 8, 153, 1, 18, 8, 7 }, // "
    { 16, 18, 262, 0, 18, 36, 15 }, // #
    { 13, 25, 225, 0, 21, 41, 51 }, // $
    { 18, 19, 310, 1, 18, 43, 92 }, // %
    { 17, 19, 272, 0, 18, 41, 135 }, // &
    { 3, 8, 77, 1, 18, 3, 176 }, // '
    { 8, 23, 150, 1, 18, 23, 179 }, // (
    { 9, 23, 150, 0, 18, 26, 202 }, // )
    { 8, 8, 124, 0, 18, 8, 228 }, // *
    { 12, 13, 225, 1, 15, 20, 236 }, // +
    { 4, 5, 78, 0, 2, 3, 256 }, // ,
    { 8, 2, 156, 1, 9, 2, 259 }, // -
    { 3, 3, 72, 1, 3, 2, 261 }, // .
    { 13, 24, 209, 0, 20, 39, 263 }, // /
    { 13, 19, 238, 1, 18, 31, 302 }, // 0
    { 7, 18, 148, 0, 18, 16, 333 }, // 1
    { 12, 18, 222, 1, 18, 27, 349 }, // 2
    { 11, 19, 210, 1, 18, 27, 376 }, // 3
    { 13, 18, 211, 0, 18, 30, 403 }, // 4
    { 12, 19, 218, 1, 18, 29, 433 }, // 5
    { 12, 20, 215, 1, 19, 30, 462 }, // 6
    { 12, 19, 205, 1, 18, 29, 492 }, // 7
    { 12, 19, 216, 1, 18, 29, 521 }, // 8
    { 12, 19, 223, 1, 18, 29, 550 }, // 9
    { 3, 13, 75, 1, 13, 5, 579 }, // :
    { 4, 16, 80, 1, 13, 8, 584 }, // ;
    { 12, 13, 209, 0, 15, 20, 592 }, // <
    { 11, 7, 208, 1, 12, 10, 612 }, // =
    { 12, 13, 212, 1, 15, 20, 622 }, // >
    { 11, 19, 194, 1, 19, 27, 642 }, // ?
    { 23, 23, 389, 1, 18, 67, 669 }, // @
    { 16, 19, 259, 0, 18, 38, 736 }, // A
    { 14, 18, 260, 2, 18, 32, 774 }, // B
    { 15, 19, 261, 1, 18, 36, 806 }, // C
    { 15, 18, 288, 2, 18, 34, 842 }, // D
    { 12, 18, 227, 2, 18, 27, 876 }, // E
    { 11, 18, 226, 2, 18, 25, 903 }, // F
    { 15, 19, 278, 1, 18, 36, 928 }, // G
    { 14, 18, 288, 2, 18, 32, 964 }, // H
    { 2, 18, 100, 2, 18, 5, 996 }, // I
    { 11, 19, 229, 1, 18, 27, 1001 }, // J
    { 14, 19, 270, 2, 18, 34, 1028 }, // K
    { 11, 18, 213, 2, 18, 25, 1062 }, // L
    { 17, 18, 331, 2, 18, 39, 1087 }, // M
    { 14, 18, 291, 2, 18, 32, 1126 }, // N
    { 17, 19, 306, 1, 18, 41, 1158 }, // O
    { 12, 18, 238, 2, 18, 27, 1199 }, // P
    { 19, 23, 310, 1, 18, 55, 1226 }, // Q
    { 14, 18, 268, 2, 18, 32, 1281 }, // R
    { 13, 19, 225, 0, 18, 31, 1313 }, // S
    { 15, 18, 242, 0, 18, 34, 1344 }, // T
    { 14, 19, 285, 2, 18, 34, 1378 }, // U
    { 16, 18, 266, 0, 18, 36, 1412 }, // V
    { 24, 18, 386, 0, 18, 54, 1448 }, // W
    { 15, 19, 242, 0, 18, 36, 1502 }, // X
    { 14, 18, 224, 0, 18, 32, 1538 }, // Y
    { 14, 18, 258, 1, 18, 32, 1570 }, // Z
    { 8, 23, 159, 2, 18, 23, 1602 }, // [
    { 13, 25, 209, 0, 21, 41, 1625 }, // <backslash>
    { 8, 23, 159, 0, 18, 23, 1666 }, // ]
    { 11, 10, 207, 1, 19, 14, 1689 }, // ^
    { 15, 2, 267, 1, -2, 4, 1703 }, // _
    { 4, 5, 90, 1, 18, 3, 1707 }, // `
    { 13, 15, 242, 1, 14, 25, 1710 }, // a
    { 13, 20, 242, 1, 19, 33, 1735 }, // b
    { 12, 15, 207, 1, 14, 23, 1768 }, // c
    { 13, 20, 242, 1, 19, 33, 1791 }, // d
    { 12, 15, 226, 1, 14, 23, 1824 }, // e
    { 9, 19, 144, 0, 19, 22, 1847 }, // f
    { 13, 19, 250, 1, 14, 31, 1869 }, // g
    { 12, 19, 227, 1, 19, 29, 1900 }, // h
    { 3, 17, 86, 1, 17, 7, 1929 }, // i
    { 6, 22, 108, -1, 17, 17, 1936 }, // j
    { 11, 19, 214, 2, 19, 27, 1953 }, // k
    { 2, 19, 92, 2, 19, 5, 1980 }, // l
    { 20, 13, 365, 1, 13, 33, 1985 }, // m
    { 12, 14, 231, 1, 14, 21, 2018 }, // n
    { 13, 15, 242, 1, 14, 25, 2039 }, // o
    { 13, 18, 242, 1, 13, 30, 2064 }, // p
    { 13, 19, 242, 1, 14, 31, 2094 }, // q
    { 9, 14, 154, 1, 14, 16, 2125 }, // r
    { 10, 15, 188, 1, 14, 19, 2141 }, // s
    { 8, 17, 136, 0, 17, 17, 2160 }, // t
    { 12, 14, 228, 1, 13, 21, 2177 }, // u
    { 13, 15, 212, 0, 14, 25, 2198 }, // v
    { 18, 15, 301, 0, 14, 34, 2223 }, // w
    { 12, 14, 194, 0, 13, 21, 2257 }, // x
    { 12, 18, 227, 1, 13, 27, 2278 }, // y
    { 10, 13, 192, 1, 13, 17, 2305 }, // z
    { 10, 23, 171, 0, 18, 29, 2322 }, // {
    { 3, 25, 82, 1, 20, 10, 2351 }, // |
    { 10, 23, 171, 1, 18, 29, 2361 }, // }
    { 10, 4, 185, 1, 10, 5, 2390 }, // ~
    { 0, 0, 109, 0, 0, 0, 2395 }, // U+00A0
    { 3, 18, 74, 1, 13, 7, 2395 }, // U+00A1
    { 11, 18, 206, 1, 18, 25, 2402 }, // U+00A2
    { 15, 19, 246, 1, 18, 36, 2427 }, // U+00A3
    { 10, 11, 197, 1, 13, 14, 2463 }, // U+00A4
    { 14, 18, 224, 0, 18, 32, 2477 }, // U+00A5
    { 3, 25, 83, 1, 20, 10, 2509 }, // U+00A6
    { 12, 22, 213, 1, 18, 33, 2519 }, // U+00A7
    { 8, 3, 160, 1, 18, 3, 2552 }, // U+00A8
    { 18, 19, 318, 1, 18, 43, 2555 }, // U+00A9
    { 8, 9, 140, 0, 18, 9, 2598 }, // U+00AA
    { 11, 11, 182, 0, 12, 16, 2607 }, // U+00AB
    { 14, 8, 260, 1, 11, 14, 2623 }, // U+00AC
    { 8, 2, 156, 1, 9, 2, 2637 }, // U+00AD
    { 12, 12, 214, 1, 18, 18, 2639 }, // U+00AE
    { 8, 2, 158, 1, 16, 2, 2657 }, // U+00AF
    { 8, 8, 133, 0, 18, 8, 2659 }, // U+00B0
    { 11, 13, 209, 1, 16, 18, 2667 }, // U+00B1
    { 6, 9, 127, 1, 21, 7, 2685 }, // U+00B2
    { 6, 9, 125, 1, 20, 7, 2692 }, // U+00B3
    { 5, 5, 112, 1, 18, 4, 2699 }, // U+00B4
    { 11, 17, 222, 2, 13, 24, 2703 }, // U+00B5
    { 13, 20, 249, 1, 18, 33, 2727 }, // U+00B6
    { 3, 3, 78, 1, 9, 2, 2760 }, // U+00B7
    { 5, 5, 111, 0, 1, 4, 2762 }, // U+00B8
    { 5, 9, 89, 0, 20, 6, 2766 }, // U+00B9
    { 9, 9, 140, 0, 18, 11, 2772 }, // U+00BA
    { 10, 11, 179, 1, 12, 14, 2783 }, // U+00BB
    { 15, 19, 275, 1, 18, 36, 2797 }, // U+00BC
    { 15, 19, 266, 1, 18, 36, 2833 }, // U+00BD
    { 17, 19, 295, 1, 18, 41, 2869 }, // U+00BE
    { 11, 19, 190, 1, 14, 27, 2910 }, // U+00BF
    { 16, 23, 259, 0, 22, 46, 2937 }, // U+00C0
    { 16, 23, 259, 0, 22, 46, 2983 }, // U+00C1
    { 16, 24, 259, 0, 23, 48, 3029 }, // U+00C2
    { 16, 24, 259, 0, 23, 48, 3077 }, // U+00C3
    { 16, 23, 259, 0, 22, 46, 3125 }, // U+00C4
    { 16, 23, 259, 0, 22, 46, 3171 }, // U+00C5
    { 22, 19, 368, 0, 18, 53, 3217 }, // U+00C6
    { 15, 22, 261, 1, 18, 42, 3270 }, // U+00C7
    { 12, 22, 227, 2, 22, 33, 3312 }, // U+00C8
    { 12, 22, 227, 2, 22, 33, 3345 }, // U+00C9
    { 12, 23, 227, 2, 23, 35, 3378 }, // U+00CA
    { 12, 22, 227, 2, 22, 33, 3413 }, // U+00CB
    { 5, 22, 100, -1, 22, 14, 3446 }, // U+00CC
    { 5, 22, 100, 2, 22, 14, 3460 }, // U+00CD
    { 7, 23, 100, 0, 23, 21, 3474 }, // U+00CE
    { 8, 22, 100, -1, 22, 22, 3495 }, // U+00CF
    { 17, 18, 288, 0, 18, 39, 3517 }, // U+00D0
    { 14, 23, 291, 2, 23, 41, 3556 }, // U+00D1
    { 17, 23, 306, 1, 22, 49, 3597 }, // U+00D2
    { 17, 23, 306, 1, 22, 49, 3646 }, // U+00D3
    { 17, 24, 306, 1, 23, 51, 3695 }, // U+00D4
    { 17, 24, 306, 1, 23, 51, 3746 }, // U+00D5
    { 17, 23, 306, 1, 22, 49, 3797 }, // U+00D6
    { 10, 10, 185, 1, 13, 13, 3846 }, // U+00D7
    { 17, 20, 290, 1, 19, 43, 3859 }, // U+00D8
    { 14, 23, 285, 2, 22, 41, 3902 }, // U+00D9
    { 14, 23, 285, 2, 22, 41, 3943 }, // U+00DA
    { 14, 24, 285, 2, 23, 42, 3984 }, // U+00DB
    { 14, 23, 285, 2, 22, 41, 4026 }, // U+00DC
    { 14, 22, 224, 0, 22, 39, 4067 }, // U+00DD
    { 12, 19, 235, 2, 19, 29, 4106 }, // U+00DE
    { 15, 20, 242, 0, 19, 38, 4135 }, // U+00DF
    { 13, 19, 242, 1, 18, 31, 4173 }, // U+00E0
    { 13, 19, 242, 1, 18, 31, 4204 }, // U+00E1
    { 13, 19, 242, 1, 18, 31, 4235 }, // U+00E2
    { 13, 19, 242, 1, 18, 31, 4266 }, // U+00E3
    { 13, 19, 242, 1, 18, 31, 4297 }, // U+00E4
    { 13, 20, 242, 1, 19, 33, 4328 }, // U+00E5
    { 21, 15, 361, 1, 14, 40, 4361 }, // U+00E6
    { 12, 18, 207, 1, 14, 27, 4401 }, // U+00E7
    { 12, 19, 226, 1, 18, 29, 4428 }, // U+00E8
    { 12, 19, 226, 1, 18, 29, 4457 }, // U+00E9
    { 12, 19, 226, 1, 18, 29, 4486 }, // U+00EA
    { 12, 19, 226, 1, 18, 29, 4515 }, // U+00EB
    { 5, 18, 86, -1, 18, 12, 4544 }, // U+00EC
    { 5, 18, 86, 1, 18, 12, 4556 }, // U+00ED
    { 7, 18, 86, -1, 18, 16, 4568 }, // U+00EE
    { 7, 18, 86, -1, 18, 16, 4584 }, // U+00EF
    { 13, 20, 229, 1, 19, 33, 4600 }, // U+00F0
    { 12, 18, 231, 1, 18, 27, 4633 }, // U+00F1
    { 13, 19, 242, 1, 18, 31, 4660 }, // U+00F2
    { 13, 19, 242, 1, 18, 31, 4691 }, // U+00F3
    { 13, 19, 242, 1, 18, 31, 4722 }, // U+00F4
    { 13, 19, 242, 1, 18, 31, 4753 }, // U+00F5
    { 13, 19, 242, 1, 18, 31, 4784 }, // U+00F6
    { 12, 12, 225, 1, 14, 18, 4815 }, // U+00F7
    { 13, 15, 242, 1, 14, 25, 4833 }, // U+00F8
    { 12, 19, 228, 1, 18, 29, 4858 }, // U+00F9
    { 12, 19, 228, 1, 18, 29, 4887 }, // U+00FA
    { 12, 19, 228, 1, 18, 29, 4916 }, // U+00FB
    { 12, 19, 228, 1, 18, 29, 4945 }, // U+00FC
    { 12, 23, 227, 1, 18, 35, 4974 }, // U+00FD
    { 13, 24, 242, 1, 19, 39, 5009 }, // U+00FE
    { 12, 23, 227, 1, 18, 35, 5048 }, // U+00FF
    { 16, 23, 259, 0, 22, 46, 5083 }, // U+0100
    { 13, 18, 242, 1, 17, 30, 5129 }, // U+0101
    { 16, 24, 259, 0, 23, 48, 5159 }, // U+0102
    { 13, 20, 242, 1, 19, 33, 5207 }, // U+0103
    { 17, 23, 259, 0, 18, 49, 5240 }, // U+0104
    { 13, 19, 242, 1, 14, 31, 5289 }, // U+0105
    { 15, 23, 261, 1, 22, 44, 5320 }, // U+0106
    { 12, 19, 207, 1, 18, 29, 5364 }, // U+0107
    { 15, 24, 261, 1, 23, 45, 5393 }, // U+0108
    { 12, 19, 207, 1, 18, 29, 5438 }, // U+0109
    { 15, 23, 261, 1, 22, 44, 5467 }, // U+010A
    { 12, 18, 207, 1, 17, 27, 5511 }, // U+010B
    { 15, 24, 261, 1, 23, 45, 5538 }, // U+010C
    { 12, 19, 207, 1, 18, 29, 5583 }, // U+010D
    { 15, 23, 288, 2, 23, 44, 5612 }, // U+010E
    { 17, 20, 250, 1, 19, 43, 5656 }, // U+010F
    { 17, 18, 288, 0, 18, 39, 5699 }, // U+0110
    { 14, 20, 242, 1, 19, 35, 5738 }, // U+0111
    { 12, 22, 227, 2, 22, 33, 5773 }, // U+0112
    { 12, 18, 226, 1, 17, 27, 5806 }, // U+0113
    { 12, 23, 227, 2, 23, 35, 5833 }, // U+0114
    { 12, 20, 226, 1, 19, 30, 5868 }, // U+0115
    { 12, 22, 227, 2, 22, 33, 5898 }, // U+0116
    { 12, 18, 226, 1, 17, 27, 5931 }, // U+0117
    { 12, 23, 232, 2, 18, 35, 5958 }, // U+0118
    { 12, 19, 226, 1, 14, 29, 5993 }, // U+0119
    { 12, 23, 227, 2, 23, 35, 6022 }, // U+011A
    { 12, 19, 226, 1, 18, 29, 6057 }, // U+011B
    { 15, 24, 278, 1, 23, 45, 6086 }, // U+011C
    { 13, 23, 250, 1, 18, 38, 6131 }, // U+011D
    { 15, 24, 278, 1, 23, 45, 6169 }, // U+011E
    { 13, 24, 250, 1, 19, 39, 6214 }, // U+011F
    { 15, 23, 278, 1, 22, 44, 6253 }, // U+0120
    { 13, 22, 250, 1, 17, 36, 6297 }, // U+0121
    { 15, 23, 278, 1, 18, 44, 6333 }, // U+0122
    { 13, 25, 250, 1, 20, 41, 6377 }, // U+0123
    { 14, 23, 288, 2, 23, 41, 6418 }, // U+0124
    { 14, 23, 227, -1, 23, 41, 6459 }, // U+0125
    { 17, 18, 333, 2, 18, 39, 6500 }, // U+0126
    { 13, 19, 227, 0, 19, 31, 6539 }, // U+0127
    { 9, 23, 100, -1, 23, 26, 6570 }, // U+0128
    { 9, 18, 86, -2, 18, 21, 6596 }, // U+0129
    { 9, 22, 100, -1, 22, 25, 6617 }, // U+012A
    { 9, 17, 86, -2, 17, 20, 6642 }, // U+012B
    { 8, 23, 100, -1, 23, 23, 6662 }, // U+012C
    { 7, 19, 86, -1, 19, 17, 6685 }, // U+012D
    { 5, 23, 94, 0, 18, 15, 6702 }, // U+012E
    { 6, 22, 86, -1, 17, 17, 6717 }, // U+012F
    { 3, 22, 100, 2, 22, 9, 6734 }, // U+0130
    { 3, 13, 86, 1, 13, 5, 6743 }, // U+0131
    { 11, 19, 240, 2, 18, 27, 6748 }, // U+0132
    { 9, 22, 190, 1, 17, 25, 6775 }, // U+0133
    { 14, 24, 229, 1, 23, 42, 6800 }, // U+0134
    { 8, 23, 96, -1, 18, 23, 6842 }, // U+0135
    { 14, 23, 270, 2, 18, 41, 6865 }, // U+0136
    { 11, 24, 214, 2, 19, 33, 6906 }, // U+0137
    { 11, 13, 214, 2, 13, 18, 6939 }, // U+0138
    { 11, 22, 213, 2, 22, 31, 6957 }, // U+0139
    { 5, 23, 92, 2, 23, 15, 6988 }, // U+013A
    { 11, 23, 213, 2, 18, 32, 7003 }, // U+013B
    { 4, 24, 92, 1, 19, 12, 7035 }, // U+013C
    { 11, 19, 213, 2, 19, 27, 7047 }, // U+013D
    { 6, 19, 97, 2, 19, 15, 7074 }, // U+013E
    { 11, 18, 215, 2, 18, 25, 7089 }, // U+013F
    { 6, 19, 123, 2, 19, 15, 7114 }, // U+0140
    { 13, 18, 232, 1, 18, 30, 7129 }, // U+0141
    { 8, 19, 92, -1, 19, 19, 7159 }, // U+0142
    { 14, 22, 291, 2, 22, 39, 7178 }, // U+0143
    { 12, 18, 231, 1, 18, 27, 7217 }, // U+0144
    { 14, 23, 291, 2, 18, 41, 7244 }, // U+0145
    { 12, 19, 231, 1, 14, 29, 7285 }, // U+0146
    { 14, 23, 291, 2, 23, 41, 7314 }, // U+0147
    { 12, 18, 231, 1, 18, 27, 7355 }, // U+0148
    { 15, 18, 243, -1, 18, 34, 7382 }, // U+0149
    { 15, 23, 299, 2, 18, 44, 7416 }, // U+014A
    { 12, 19, 231, 1, 14, 29, 7460 }, // U+014B
    { 17, 23, 306, 1, 22, 49, 7489 }, // U+014C
    { 13, 18, 242, 1, 17, 30, 7538 }, // U+014D
    { 17, 24, 306, 1, 23, 51, 7568 }, // U+014E
    { 13, 20, 242, 1, 19, 33, 7619 }, // U+014F
    { 17, 23, 306, 1, 22, 49, 7652 }, // U+0150
    { 13, 19, 242, 1, 18, 31, 7701 }, // U+0151
    { 23, 18, 396, 1, 18, 52, 7732 }, // U+0152
    { 24, 15, 404, 1, 14, 45, 7784 }, // U+0153
    { 14, 22, 268, 2, 22, 39, 7829 }, // U+0154
    { 9, 18, 154, 1, 18, 21, 7868 }, // U+0155
    { 14, 23, 268, 2, 18, 41, 7889 }, // U+0156
    { 9, 19, 154, 1, 14, 22, 7930 }, // U+0157
    { 14, 23, 268, 2, 23, 41, 7952 }, // U+0158
    { 9, 18, 154, 1, 18, 21, 7993 }, // U+0159
    { 13, 23, 225, 0, 22, 38, 8014 }, // U+015A
    { 10, 19, 188, 1, 18, 24, 8052 }, // U+015B
    { 13, 24, 225, 0, 23, 39, 8076 }, // U+015C
    { 10, 19, 188, 1, 18, 24, 8115 }, // U+015D
    { 13, 22, 225, 0, 18, 36, 8139 }, // U+015E
    { 10, 18, 188, 1, 14, 23, 8175 }, // U+015F
    { 13, 24, 225, 0, 23, 39, 8198 }, // U+0160
    { 10, 19, 188, 1, 18, 24, 8237 }, // U+0161
    { 15, 22, 242, 0, 18, 42, 8261 }, // U+0162
    { 8, 21, 136, 0, 17, 21, 8303 }, // U+0163
    { 15, 23, 242, 0, 23, 44, 8324 }, // U+0164
    { 9, 20, 136, 0, 20, 23, 8368 }, // U+0165
    { 15, 18, 242, 0, 18, 34, 8391 }, // U+0166
    { 8, 17, 136, 0, 17, 17, 8425 }, // U+0167
    { 14, 24, 285, 2, 23, 42, 8442 }, // U+0168
    { 12, 19, 228, 1, 18, 29, 8484 }, // U+0169
    { 14, 23, 285, 2, 22, 41, 8513 }, // U+016A
    { 12, 18, 228, 1, 17, 27, 8554 }, // U+016B
    { 14, 24, 285, 2, 23, 42, 8581 }, // U+016C
    { 12, 20, 228, 1, 19, 30, 8623 }, // U+016D
    { 14, 25, 285, 2, 24, 44, 8653 }, // U+016E
    { 12, 20, 228, 1, 19, 30, 8697 }, // U+016F
    { 14, 23, 285, 2, 22, 41, 8727 }, // U+0170
    { 12, 19, 228, 1, 18, 29, 8768 }, // U+0171
    { 14, 23, 285, 2, 18, 41, 8797 }, // U+0172
    { 12, 18, 228, 1, 13, 27, 8838 }, // U+0173
    { 24, 23, 386, 0, 23, 69, 8865 }, // U+0174
    { 18, 18, 301, 0, 17, 41, 8934 }, // U+0175
    { 14, 23, 224, 0, 23, 41, 8975 }, // U+0176
    { 12, 23, 227, 1, 18, 35, 9016 }, // U+0177
    { 14, 22, 224, 0, 22, 39, 9051 }, // U+0178
    { 14, 22, 258, 1, 22, 39, 9090 }, // U+0179
    { 10, 18, 192, 1, 18, 23, 9129 }, // U+017A
    { 14, 22, 258, 1, 22, 39, 9152 }, // U+017B
    { 10, 17, 192, 1, 17, 22, 9191 }, // U+017C
    { 14, 23, 258, 1, 23, 41, 9213 }, // U+017D
    { 10, 18, 192, 1, 18, 23, 9254 }, // U+017E
    { 17, 22, 306, 1, 21, 47, 9277 }, // U+01A0
    { 13, 17, 242, 1, 16, 28, 9324 }, // U+01A1
    { 17, 22, 285, 2, 21, 47, 9352 }, // U+01AF
    { 15, 17, 228, 1, 16, 32, 9399 }, // U+01B0
    { 31, 23, 545, 2, 23, 90, 9431 }, // U+01C4
    { 27, 18, 479, 2, 18, 61, 9521 }, // U+01C5
    { 25, 20, 434, 1, 19, 63, 9582 }, // U+01C6
    { 24, 19, 442, 2, 18, 57, 9645 }, // U+01C7
    { 16, 23, 321, 2, 18, 46, 9702 }, // U+01C8
    { 8, 24, 194, 2, 19, 24, 9748 }, // U+01C9
    { 29, 19, 520, 2, 18, 69, 9772 }, // U+01CA
    { 21, 23, 399, 2, 18, 61, 9841 }, // U+01CB
    { 18, 22, 339, 1, 17, 50, 9902 }, // U+01CC
    { 16, 24, 259, 0, 23, 48, 9952 }, // U+01CD
    { 13, 19, 242, 1, 18, 31, 10000 }, // U+01CE
    { 7, 23, 100, 0, 23, 21, 10031 }, // U+01CF
    { 7, 18, 86, -1, 18, 16, 10052 }, // U+01D0
    { 17, 24, 306, 1, 23, 51, 10068 }, // U+01D1
    { 13, 19, 242, 1, 18, 31, 10119 }, // U+01D2
    { 14, 24, 285, 2, 23, 42, 10150 }, // U+01D3
    { 12, 19, 228, 1, 18, 29, 10192 }, // U+01D4
    { 15, 24, 278, 1, 23, 45, 10221 }, // U+01E6
    { 13, 23, 250, 1, 18, 38, 10266 }, // U+01E7
    { 17, 23, 306, 1, 18, 49, 10304 }, // U+01EA
    { 13, 19, 238, 1, 14, 31, 10353 }, // U+01EB
    { 27, 18, 479, 2, 18, 61, 10384 }, // U+01F2
    { 16, 27, 259, 0, 26, 54, 10445 }, // U+01FA
    { 13, 24, 242, 1, 23, 39, 10499 }, // U+01FB
    { 22, 23, 368, 0, 22, 64, 10538 }, // U+01FC
    { 21, 19, 361, 1, 18, 50, 10602 }, // U+01FD
    { 17, 23, 290, 1, 22, 49, 10652 }, // U+01FE
    { 13, 19, 242, 1, 18, 31, 10701 }, // U+01FF
    { 16, 23, 259, 0, 22, 46, 10732 }, // U+0200
    { 13, 20, 242, 1, 19, 33, 10778 }, // U+0201
    { 16, 23, 259, 0, 22, 46, 10811 }, // U+0202
    { 13, 20, 242, 1, 19, 33, 10857 }, // U+0203
    { 12, 22, 227, 2, 22, 33, 10890 }, // U+0204
    { 12, 20, 226, 1, 19, 30, 10923 }, // U+0205
    { 12, 22, 227, 2, 22, 33, 10953 }, // U+0206
    { 12, 20, 226, 1, 19, 30, 10986 }, // U+0207
    { 9, 22, 100, -2, 22, 25, 11016 }, // U+0208
    { 8, 19, 86, -2, 19, 19, 11041 }, // U+0209
    { 8, 22, 100, -1, 22, 22, 11060 }, // U+020A
    { 8, 19, 86, -1, 19, 19, 11082 }, // U+020B
    { 17, 23, 306, 1, 22, 49, 11101 }, // U+020C
    { 13, 20, 242, 1, 19, 33, 11150 }, // U+020D
    { 17, 23, 306, 1, 22, 49, 11183 }, // U+020E
    { 13, 20, 242, 1, 19, 33, 11232 }, // U+020F
    { 14, 22, 268, 2, 22, 39, 11265 }, // U+0210
    { 10, 19, 154, 0, 19, 24, 11304 }, // U+0211
    { 14, 22, 268, 2, 22, 39, 11328 }, // U+0212
    { 9, 19, 154, 1, 19, 22, 11367 }, // U+0213
    { 14, 23, 285, 2, 22, 41, 11389 }, // U+0214
    { 12, 20, 228, 1, 19, 30, 11430 }, // U+0215
    { 14, 23, 285, 2, 22, 41, 11460 }, // U+0216
    { 12, 20, 228, 1, 19, 30, 11501 }, // U+0217
    { 13, 23, 225, 0, 18, 38, 11531 }, // U+0218
    { 10, 19, 188, 1, 14, 24, 11569 }, // U+0219
    { 15, 23, 242, 0, 18, 44, 11593 }, // U+021A
    { 8, 22, 136, 0, 17, 22, 11637 }, // U+021B
    { 4, 5, 0, 1, 18, 3, 11659 }, // U+0300
    { 5, 5, 0, 1, 18, 4, 11662 }, // U+0301
    { 7, 4, 0, 1, 18, 4, 11666 }, // U+0302
    { 8, 4, 0, 1, 18, 4, 11670 }, // U+0303
    { 8, 2, 0, 1, 16, 2, 11674 }, // U+0304
    { 7, 5, 0, 1, 18, 5, 11676 }, // U+0306
    { 3, 3, 0, 1, 17, 2, 11681 }, // U+0307
    { 8, 3, 0, 1, 18, 3, 11683 }, // U+0308
    { 6, 5, 0, 1, 19, 4, 11686 }, // U+0309
    { 6, 6, 0, 1, 19, 5, 11690 }, // U+030A
    { 7, 4, 0, 1, 18, 4, 11695 }, // U+030B
    { 7, 4, 0, 1, 18, 4, 11699 }, // U+030C
    { 8, 4, 0, 0, 18, 4, 11703 }, // U+030F
    { 8, 5, 0, 1, 19, 5, 11707 }, // U+0311
    { 4, 6, 0, 2, 20, 3, 11712 }, // U+0312
    { 5, 5, 0, 1, 16, 4, 11715 }, // U+031B
    { 3, 3, 0, 1, -1, 2, 11719 }, // U+0323
    { 7, 3, 0, 1, -1, 3, 11721 }, // U+0324
    { 4, 5, 0, 0, 0, 3, 11724 }, // U+0326
    { 4, 5, 0, 1, 1, 3, 11727 }, // U+0327
    { 5, 6, 0, 1, 1, 4, 11730 }, // U+0328
    { 7, 4, 0, 1, -1, 4, 11734 }, // U+032D
    { 7, 5, 0, 1, 0, 5, 11738 }, // U+032E
    { 8, 3, 0, 1, -1, 3, 11743 }, // U+0331
    { 6, 2, 0, 1, 8, 2, 11746 }, // U+0335
    { 16, 22, 259, 0, 18, 44, 11748 }, // U+1EA0
    { 13, 18, 242, 1, 14, 30, 11792 }, // U+1EA1
    { 16, 25, 259, 0, 24, 50, 11822 }, // U+1EA2
    { 13, 20, 242, 1, 19, 33, 11872 }, // U+1EA3
    { 16, 25, 259, 0, 24, 50, 11905 }, // U+1EA4
    { 13, 21, 242, 1, 20, 35, 11955 }, // U+1EA5
    { 16, 26, 259, 0, 25, 52, 11990 }, // U+1EA6
    { 13, 22, 242, 1, 21, 36, 12042 }, // U+1EA7
    { 16, 26, 259, 0, 25, 52, 12078 }, // U+1EA8
    { 13, 22, 242, 1, 21, 36, 12130 }, // U+1EA9
    { 16, 26, 259, 0, 25, 52, 12166 }, // U+1EAA
    { 13, 22, 242, 1, 21, 36, 12218 }, // U+1EAB
    { 16, 27, 259, 0, 23, 54, 12254 }, // U+1EAC
    { 13, 22, 242, 1, 18, 36, 12308 }, // U+1EAD
    { 16, 28, 259, 0, 27, 56, 12344 }, // U+1EAE
    { 13, 23, 242, 1, 22, 38, 12400 }, // U+1EAF
    { 16, 28, 259, 0, 27, 56, 12438 }, // U+1EB0
    { 13, 23, 242, 1, 22, 38, 12494 }, // U+1EB1
    { 16, 30, 259, 0, 29, 60, 12532 }, // U+1EB2
    { 13, 23, 242, 1, 22, 38, 12592 }, // U+1EB3
    { 16, 29, 259, 0, 28, 58, 12630 }, // U+1EB4
    { 13, 23, 242, 1, 22, 38, 12688 }, // U+1EB5
    { 16, 27, 259, 0, 23, 54, 12726 }, // U+1EB6
    { 13, 23, 242, 1, 19, 38, 12780 }, // U+1EB7
    { 12, 22, 227, 2, 18, 33, 12818 }, // U+1EB8
    { 12, 18, 226, 1, 14, 27, 12851 }, // U+1EB9
    { 12, 24, 227, 2, 24, 36, 12878 }, // U+1EBA
    { 12, 20, 226, 1, 19, 30, 12914 }, // U+1EBB
    { 12, 23, 227, 2, 23, 35, 12944 }, // U+1EBC
    { 12, 19, 226, 1, 18, 29, 12979 }, // U+1EBD
    { 14, 24, 227, 2, 24, 42, 13008 }, // U+1EBE
    { 12, 21, 226, 1, 20, 32, 13050 }, // U+1EBF
    { 12, 25, 227, 2, 25, 38, 13082 }, // U+1EC0
    { 12, 22, 226, 1, 21, 33, 13120 }, // U+1EC1
    { 12, 29, 227, 2, 29, 44, 13153 }, // U+1EC2
    { 12, 22, 226, 1, 21, 33, 13197 }, // U+1EC3
    { 12, 26, 227, 2, 26, 39, 13230 }, // U+1EC4
    { 12, 22, 226, 1, 21, 33, 13269 }, // U+1EC5
    { 12, 27, 227, 2, 23, 41, 13302 }, // U+1EC6
    { 12, 22, 226, 1, 18, 33, 13343 }, // U+1EC7
    { 6, 24, 100, 0, 24, 18, 13376 }, // U+1EC8
    { 5, 19, 86, 0, 19, 12, 13394 }, // U+1EC9
    { 3, 22, 100, 2, 18, 9, 13406 }, // U+1ECA
    { 3, 21, 86, 1, 17, 8, 13415 }, // U+1ECB
    { 17, 22, 306, 1, 18, 47, 13423 }, // U+1ECC
    { 13, 18, 242, 1, 14, 30, 13470 }, // U+1ECD
    { 17, 25, 306, 1, 24, 54, 13500 }, // U+1ECE
    { 13, 20, 242, 1, 19, 33, 13554 }, // U+1ECF
    { 17, 25, 306, 1, 24, 54, 13587 }, // U+1ED0
    { 13, 22, 242, 1, 21, 36, 13641 }, // U+1ED1
    { 17, 26, 306, 1, 25, 56, 13677 }, // U+1ED2
    { 13, 22, 242, 1, 21, 36, 13733 }, // U+1ED3
    { 17, 27, 306, 1, 26, 58, 13769 }, // U+1ED4
    { 13, 22, 242, 1, 21, 36, 13827 }, // U+1ED5
    { 17, 27, 306, 1, 26, 58, 13863 }, // U+1ED6
    { 13, 22, 242, 1, 21, 36, 13921 }, // U+1ED7
    { 17, 27, 306, 1, 23, 58, 13957 }, // U+1ED8
    { 13, 22, 242, 1, 18, 36, 14015 }, // U+1ED9
    { 17, 23, 306, 1, 22, 49, 14051 }, // U+1EDA
    { 13, 19, 242, 1, 18, 31, 14100 }, // U+1EDB
    { 17, 23, 306, 1, 22, 49, 14131 }, // U+1EDC
    { 13, 19, 242, 1, 18, 31, 14180 }, // U+1EDD
    { 17, 25, 306, 1, 24, 54, 14211 }, // U+1EDE
    { 13, 20, 242, 1, 19, 33, 14265 }, // U+1EDF
    { 17, 24, 306, 1, 23, 51, 14298 }, // U+1EE0
    { 13, 19, 242, 1, 18, 31, 14349 }, // U+1EE1
    { 17, 25, 306, 1, 21, 54, 14380 }, // U+1EE2
    { 13, 20, 242, 1, 16, 33, 14434 }, // U+1EE3
    { 14, 22, 285, 2, 18, 39, 14467 }, // U+1EE4
    { 12, 17, 228, 1, 13, 26, 14506 }, // U+1EE5
    { 14, 25, 285, 2, 24, 44, 14532 }, // U+1EE6
    { 12, 20, 228, 1, 19, 30, 14576 }, // U+1EE7
    { 17, 23, 285, 2, 22, 49, 14606 }, // U+1EE8
    { 15, 19, 228, 1, 18, 36, 14655 }, // U+1EE9
    { 17, 23, 285, 2, 22, 49, 14691 }, // U+1EEA
    { 15, 19, 228, 1, 18, 36, 14740 }, // U+1EEB
    { 17, 25, 285, 2, 24, 54, 14776 }, // U+1EEC
    { 15, 20, 228, 1, 19, 38, 14830 }, // U+1EED
    { 17, 24, 285, 2, 23, 51, 14868 }, // U+1EEE
    { 15, 19, 228, 1, 18, 36, 14919 }, // U+1EEF
    { 17, 25, 285, 2, 21, 54, 14955 }, // U+1EF0
    { 15, 20, 228, 1, 16, 38, 15009 }, // U+1EF1
    { 14, 22, 224, 0, 22, 39, 15047 }, // U+1EF2
    { 12, 23, 227, 1, 18, 35, 15086 }, // U+1EF3
    { 14, 22, 224, 0, 18, 39, 15121 }, // U+1EF4
    { 13, 18, 227, 1, 13, 30, 15160 }, // U+1EF5
    { 14, 24, 224, 0, 24, 42, 15190 }, // U+1EF6
    { 12, 24, 227, 1, 19, 36, 15232 }, // U+1EF7
    { 14, 23, 224, 0, 23, 41, 15268 }, // U+1EF8
    { 12, 23, 227, 1, 18, 35, 15309 }, // U+1EF9
    { 0, 0, 220, 0, 0, 0, 15344 }, // U+2007
    { 0, 0, 104, 0, 0, 0, 15344 }, // U+2008
    { 0, 0, 82, 0, 0, 0, 15344 }, // U+2009
    { 0, 0, 41, 0, 0, 0, 15344 }, // U+200A
    { 0, 0, 0, 0, 0, 0, 15344 }, // U+200B
    { 8, 2, 156, 1, 9, 2, 15344 }, // U+2010
    { 11, 3, 204, 1, 8, 5, 15346 }, // U+2012
    { 11, 3, 204, 1, 8, 5, 15351 }, // U+2013
    { 19, 3, 335, 1, 8, 8, 15356 }, // U+2014
    { 19, 3, 335, 1, 8, 8, 15364 }, // U+2015
    { 4, 5, 86, 0, 18, 3, 15372 }, // U+2018
    { 4, 5, 78, 0, 18, 3, 15375 }, // U+2019
    { 5, 5, 80, 0, 2, 4, 15378 }, // U+201A
    { 8, 5, 140, 0, 18, 5, 15382 }, // U+201C
    { 8, 5, 140, 0, 18, 5, 15387 }, // U+201D
    { 8, 5, 126, 0, 2, 5, 15392 }, // U+201E
    { 8, 14, 162, 1, 18, 14, 15397 }, // U+2020
    { 8, 14, 156, 1, 18, 14, 15411 }, // U+2021
    { 7, 7, 137, 1, 12, 7, 15425 }, // U+2022
    { 12, 3, 224, 1, 3, 5, 15432 }, // U+2026
    { 26, 19, 442, 1, 18, 62, 15437 }, // U+2030
    { 8, 8, 153, 1, 18, 8, 15499 }, // U+2033
    { 6, 11, 110, 0, 12, 9, 15507 }, // U+2039
    { 6, 11, 110, 0, 12, 9, 15516 }, // U+203A
    { 13, 19, 212, 0, 18, 31, 15525 }, // U+2044
    { 8, 10, 131, 0, 21, 10, 15556 }, // U+2070
    { 8, 9, 126, 0, 20, 9, 15566 }, // U+2074
    { 6, 9, 130, 1, 20, 7, 15575 }, // U+2075
    { 7, 10, 111, 0, 21, 9, 15582 }, // U+2076
    { 6, 9, 116, 1, 20, 7, 15591 }, // U+2077
    { 7, 10, 121, 0, 21, 9, 15598 }, // U+2078
    { 6, 10, 120, 1, 21, 8, 15607 }, // U+2079
    { 8, 10, 131, 0, 4, 10, 15615 }, // U+2080
    { 5, 9, 89, 0, 3, 6, 15625 }, // U+2081
    { 6, 9, 127, 1, 4, 7, 15631 }, // U+2082
    { 6, 9, 125, 1, 3, 7, 15638 }, // U+2083
    { 8, 9, 126, 0, 3, 9, 15645 }, // U+2084
    { 6, 9, 130, 1, 3, 7, 15654 }, // U+2085
    { 7, 10, 111, 0, 4, 9, 15661 }, // U+2086
    { 6, 9, 116, 1, 3, 7, 15670 }, // U+2087
    { 7, 10, 121, 0, 4, 9, 15677 }, // U+2088
    { 6, 10, 120, 1, 4, 8, 15686 }, // U+2089
    { 17, 24, 261, 1, 20, 51, 15694 }, // U+20A1
    { 13, 18, 226, 0, 18, 30, 15745 }, // U+20A3
    { 15, 19, 246, 1, 18, 36, 15775 }, // U+20A4
    { 18, 18, 291, 0, 18, 41, 15811 }, // U+20A6
    { 16, 18, 238, 0, 18, 36, 15852 }, // U+20A7
    { 24, 18, 386, 0, 18, 54, 15888 }, // U+20A9
    { 11, 19, 184, 1, 18, 27, 15942 }, // U+20AB
    { 16, 19, 268, 0, 18, 38, 15969 }, // U+20AC
    { 16, 19, 270, 0, 18, 38, 16007 }, // U+20AD
    { 16, 18, 238, 0, 18, 36, 16045 }, // U+20B1
    { 15, 25, 278, 1, 21, 47, 16081 }, // U+20B2
    { 15, 25, 261, 1, 21, 47, 16128 }, // U+20B5
    { 12, 18, 228, 1, 18, 27, 16175 }, // U+20B9
    { 13, 19, 228, 1, 18, 31, 16202 }, // U+20BA
    { 14, 21, 285, 2, 20, 37, 16233 }, // U+20BC
    { 14, 18, 238, 0, 18, 32, 16270 }, // U+20BD
    { 13, 20, 232, 1, 19, 33, 16302 }, // U+2202
    { 15, 15, 240, 0, 14, 29, 16335 }, // U+2205
    { 17, 18, 277, 0, 18, 39, 16364 }, // U+2206
    { 16, 23, 265, 0, 18, 46, 16403 }, // U+220F
    { 11, 18, 208, 1, 18, 25, 16449 }, // U+2211
    { 11, 3, 207, 1, 10, 5, 16474 }, // U+2212
    { 13, 25, 211, 0, 21, 41, 16479 }, // U+2215
    { 3, 4, 83, 1, 10, 2, 16520 }, // U+2219
    { 15, 18, 251, 0, 18, 34, 16522 }, // U+221A
    { 20, 10, 350, 1, 11, 25, 16556 }, // U+221E
    { 13, 21, 203, 0, 19, 35, 16581 }, // U+222B
    { 11, 9, 210, 1, 13, 13, 16616 }, // U+2248
    { 11, 12, 208, 1, 14, 17, 16629 }, // U+2260
    { 13, 13, 237, 1, 15, 22, 16646 }, // U+2264
    { 13, 13, 237, 1, 15, 22, 16668 }, // U+2265
    { 13, 19, 229, 0, 19, 31, 16690 }, // U+FB01
    { 13, 19, 236, 0, 19, 31, 16721 }, // U+FB02
};

static const EpdUnicodeInterval quicksand_12_regularIntervals[] = {
    { 0xD, 0xD, 0x0 },
    { 0x20, 0x7E, 0x1 },
    { 0xA0, 0xFF, 0x60 },
    { 0x100, 0x17E, 0xC0 },
    { 0x1A0, 0x1A1, 0x13F },
    { 0x1AF, 0x1B0, 0x141 },
    { 0x1C4, 0x1D4, 0x143 },
    { 0x1E6, 0x1E7, 0x154 },
    { 0x1EA, 0x1EB, 0x156 },
    { 0x1F2, 0x1F2, 0x158 },
    { 0x1FA, 0x21B, 0x159 },
    { 0x300, 0x304, 0x17B },
    { 0x306, 0x30C, 0x180 },
    { 0x30F, 0x30F, 0x187 },
    { 0x311, 0x312, 0x188 },
    { 0x31B, 0x31B, 0x18A },
    { 0x323, 0x324, 0x18B },
    { 0x326, 0x328, 0x18D },
    { 0x32D, 0x32E, 0x190 },
    { 0x331, 0x331, 0x192 },
    { 0x335, 0x335, 0x193 },
    { 0x1EA0, 0x1EF9, 0x194 },
    { 0x2007, 0x200B, 0x1EE },
    { 0x2010, 0x2010, 0x1F3 },
    { 0x2012, 0x2015, 0x1F4 },
    { 0x2018, 0x201A, 0x1F8 },
    { 0x201C, 0x201E, 0x1FB },
    { 0x2020, 0x2022, 0x1FE },
    { 0x2026, 0x2026, 0x201 },
    { 0x2030, 0x2030, 0x202 },
    { 0x2033, 0x2033, 0x203 },
    { 0x2039, 0x203A, 0x204 },
    { 0x2044, 0x2044, 0x206 },
    { 0x2070, 0x2070, 0x207 },
    { 0x2074, 0x2079, 0x208 },
    { 0x2080, 0x2089, 0x20E },
    { 0x20A1, 0x20A1, 0x218 },
    { 0x20A3, 0x20A4, 0x219 },
    { 0x20A6, 0x20A7, 0x21B },
    { 0x20A9, 0x20A9, 0x21D },
    { 0x20AB, 0x20AD, 0x21E },
    { 0x20B1, 0x20B2, 0x221 },
    { 0x20B5, 0x20B5, 0x223 },
    { 0x20B9, 0x20BA, 0x224 },
    { 0x20BC, 0x20BD, 0x226 },
    { 0x2202, 0x2202, 0x228 },
    { 0x2205, 0x2206, 0x229 },
    { 0x220F, 0x220F, 0x22B },
    { 0x2211, 0x2212, 0x22C },
    { 0x2215, 0x2215, 0x22E },
    { 0x2219, 0x221A, 0x22F },
    { 0x221E, 0x221E, 0x231 },
    { 0x222B, 0x222B, 0x232 },
    { 0x2248, 0x2248, 0x233 },
    { 0x2260, 0x2260, 0x234 },
    { 0x2264, 0x2265, 0x235 },
    { 0xFB01, 0xFB02, 0x237 },
};

static const EpdKernClassEntry quicksand_12_regularKernLeftClasses[] = {
    { 0x0026, 1 }, // &
    { 0x0028, 2 }, // (
    { 0x002A, 3 }, // *
    { 0x002B, 4 }, // +
    { 0x002C, 5 }, // ,
    { 0x002D, 4 }, // -
    { 0x002E, 6 }, // .
    { 0x002F, 7 }, // /
    { 0x0030, 8 }, // 0
    { 0x0031, 9 }, // 1
    { 0x0032, 10 }, // 2
    { 0x0034, 11 }, // 4
    { 0x0035, 12 }, // 5
    { 0x0036, 13 }, // 6
    { 0x0037, 14 }, // 7
    { 0x0038, 15 }, // 8
    { 0x0039, 16 }, // 9
    { 0x003E, 17 }, // >
    { 0x003F, 18 }, // ?
    { 0x0040, 19 }, // @
    { 0x0041, 20 }, // A
    { 0x0042, 21 }, // B
    { 0x0044, 8 }, // D
    { 0x0045, 22 }, // E
    { 0x0046, 23 }, // F
    { 0x0047, 24 }, // G
    { 0x004A, 25 }, // J
    { 0x004B, 26 }, // K
    { 0x004C, 27 }, // L
    { 0x004F, 8 }, // O
    { 0x0050, 28 }, // P
    { 0x0051, 29 }, // Q
    { 0x0052, 30 }, // R
    { 0x0053, 31 }, // S
    { 0x0054, 32 }, // T
    { 0x0055, 33 }, // U
    { 0x0056, 34 }, // V
    { 0x0057, 35 }, // W
    { 0x0058, 36 }, // X
    { 0x0059, 37 }, // Y
    { 0x005A, 38 }, // Z
    { 0x005C, 39 }, // <backslash>
    { 0x005F, 40 }, // _
    { 0x0061, 41 }, // a
    { 0x0062, 42 }, // b
    { 0x0063, 43 }, // c
    { 0x0064, 44 }, // d
    { 0x0065, 45 }, // e
    { 0x0066, 46 }, // f
    { 0x0067, 47 }, // g
    { 0x0068, 48 }, // h
    { 0x0069, 49 }, // i
    { 0x006A, 50 }, // j
    { 0x006B, 51 }, // k
    { 0x006C, 52 }, // l
    { 0x006D, 48 }, // m
    { 0x006E, 48 }, // n
    { 0x006F, 42 }, // o
    { 0x0070, 42 }, // p
    { 0x0071, 53 }, // q
    { 0x0072, 54 }, // r
    { 0x0073, 55 }, // s
    { 0x0074, 56 }, // t
    { 0x0075, 57 }, // u
    { 0x0076, 58 }, // v
    { 0x0077, 59 }, // w
    { 0x0078, 60 }, // x
    { 0x0079, 61 }, // y
    { 0x007A, 62 }, // z
    { 0x007E, 4 }, // ~
    { 0x00A1, 63 }, // U+00A1
    { 0x00B7, 64 }, // U+00B7
    { 0x00BF, 65 }, // U+00BF
    { 0x00D9, 33 }, // U+00D9
    { 0x00DA, 33 }, // U+00DA
    { 0x00DB, 33 }, // U+00DB
    { 0x00DC, 33 }, // U+00DC
    { 0x00DD, 37 }, // U+00DD
    { 0x00DE, 66 }, // U+00DE
    { 0x00DF, 67 }, // U+00DF
    { 0x00E0, 41 }, // U+00E0
    { 0x00E1, 41 }, // U+00E1
    { 0x00E2, 41 }, // U+00E2
    { 0x00E3, 41 }, // U+00E3
    { 0x00E4, 41 }, // U+00E4
    { 0x00E5, 41 }, // U+00E5
    { 0x00E8, 45 }, // U+00E8
    { 0x00E9, 45 }, // U+00E9
    { 0x00EA, 45 }, // U+00EA
    { 0x00EB, 45 }, // U+00EB
    { 0x00F0, 68 }, // U+00F0
    { 0x00F2, 42 }, // U+00F2
    { 0x00F3, 42 }, // U+00F3
    { 0x00F4, 42 }, // U+00F4
    { 0x00F5, 42 }, // U+00F5
    { 0x00F6, 42 }, // U+00F6
    { 0x00F7, 69 }, // U+00F7
    { 0x00F8, 42 }, // U+00F8
    { 0x00F9, 57 }, // U+00F9
    { 0x00FA, 57 }, // U+00FA
    { 0x00FB, 57 }, // U+00FB
    { 0x00FC, 57 }, // U+00FC
    { 0x00FD, 61 }, // U+00FD
    { 0x00FF, 61 }, // U+00FF
    { 0x0101, 41 }, // U+0101
    { 0x0103, 41 }, // U+0103
    { 0x0105, 41 }, // U+0105
    { 0x010F, 70 }, // U+010F
    { 0x0113, 45 }, // U+0113
    { 0x0114, 22 }, // U+0114
    { 0x0115, 45 }, // U+0115
    { 0x0117, 45 }, // U+0117
    { 0x0119, 45 }, // U+0119
    { 0x011B, 45 }, // U+011B
    { 0x013E, 71 }, // U+013E
    { 0x014D, 42 }, // U+014D
    { 0x014F, 42 }, // U+014F
    { 0x0151, 42 }, // U+0151
    { 0x0153, 42 }, // U+0153
    { 0x0165, 72 }, // U+0165
    { 0x0169, 57 }, // U+0169
    { 0x016A, 33 }, // U+016A
    { 0x016B, 57 }, // U+016B
    { 0x016D, 57 }, // U+016D
    { 0x016E, 33 }, // U+016E
    { 0x016F, 57 }, // U+016F
    { 0x0170, 33 }, // U+0170
    { 0x0171, 57 }, // U+0171
    { 0x0172, 33 }, // U+0172
    { 0x0173, 57 }, // U+0173
    { 0x0176, 37 }, // U+0176
    { 0x0177, 61 }, // U+0177
    { 0x0178, 37 }, // U+0178
    { 0x01A1, 42 }, // U+01A1
    { 0x01B0, 57 }, // U+01B0
    { 0x01CD, 20 }, // U+01CD
    { 0x01CE, 41 }, // U+01CE
    { 0x01D2, 42 }, // U+01D2
    { 0x01D4, 57 }, // U+01D4
    { 0x01EB, 42 }, // U+01EB
    { 0x01FB, 41 }, // U+01FB
    { 0x01FF, 42 }, // U+01FF
    { 0x0200, 20 }, // U+0200
    { 0x0201, 41 }, // U+0201
    { 0x0202, 20 }, // U+0202
    { 0x0203, 41 }, // U+0203
    { 0x0204, 22 }, // U+0204
    { 0x0205, 45 }, // U+0205
    { 0x0206, 22 }, // U+0206
    { 0x0207, 45 }, // U+0207
    { 0x020D, 42 }, // U+020D
    { 0x020F, 42 }, // U+020F
    { 0x0215, 57 }, // U+0215
    { 0x0217, 57 }, // U+0217
    { 0x1EA0, 20 }, // U+1EA0
    { 0x1EA1, 41 }, // U+1EA1
    { 0x1EA2, 20 }, // U+1EA2
    { 0x1EA3, 41 }, // U+1EA3
    { 0x1EA4, 20 }, // U+1EA4
    { 0x1EA5, 41 }, // U+1EA5
    { 0x1EA6, 20 }, // U+1EA6
    { 0x1EA7, 41 }, // U+1EA7
    { 0x1EA8, 20 }, // U+1EA8
    { 0x1EA9, 41 }, // U+1EA9
    { 0x1EAA, 20 }, // U+1EAA
    { 0x1EAB, 41 }, // U+1EAB
    { 0x1EAC, 20 }, // U+1EAC
    { 0x1EAD, 41 }, // U+1EAD
    { 0x1EAE, 20 }, // U+1EAE
    { 0x1EAF, 41 }, // U+1EAF
    { 0x1EB0, 20 }, // U+1EB0
    { 0x1EB1, 41 }, // U+1EB1
    { 0x1EB2, 20 }, // U+1EB2
    { 0x1EB3, 41 }, // U+1EB3
    { 0x1EB4, 20 }, // U+1EB4
    { 0x1EB5, 41 }, // U+1EB5
    { 0x1EB6, 20 }, // U+1EB6
    { 0x1EB7, 41 }, // U+1EB7
    { 0x1EB8, 22 }, // U+1EB8
    { 0x1EB9, 45 }, // U+1EB9
    { 0x1EBA, 22 }, // U+1EBA
    { 0x1EBB, 45 }, // U+1EBB
    { 0x1EBC, 22 }, // U+1EBC
    { 0x1EBD, 45 }, // U+1EBD
    { 0x1EBE, 22 }, // U+1EBE
    { 0x1EBF, 45 }, // U+1EBF
    { 0x1EC0, 22 }, // U+1EC0
    { 0x1EC1, 45 }, // U+1EC1
    { 0x1EC2, 22 }, // U+1EC2
    { 0x1EC3, 45 }, // U+1EC3
    { 0x1EC4, 22 }, // U+1EC4
    { 0x1EC5, 45 }, // U+1EC5
    { 0x1EC6, 22 }, // U+1EC6
    { 0x1EC7, 45 }, // U+1EC7
    { 0x1ECD, 42 }, // U+1ECD
    { 0x1ECF, 42 }, // U+1ECF
    { 0x1ED1, 42 }, // U+1ED1
    { 0x1ED3, 42 }, // U+1ED3
    { 0x1ED5, 42 }, // U+1ED5
    { 0x1ED7, 42 }, // U+1ED7
    { 0x1ED9, 42 }, // U+1ED9
    { 0x1EDB, 42 }, // U+1EDB
    { 0x1EDD, 42 }, // U+1EDD
    { 0x1EDF, 42 }, // U+1EDF
    { 0x1EE1, 42 }, // U+1EE1
    { 0x1EE3, 42 }, // U+1EE3
    { 0x1EE5, 57 }, // U+1EE5
    { 0x1EE7, 57 }, // U+1EE7
    { 0x1EE9, 57 }, // U+1EE9
    { 0x1EEB, 57 }, // U+1EEB
    { 0x1EED, 57 }, // U+1EED
    { 0x1EEF, 57 }, // U+1EEF
    { 0x1EF1, 57 }, // U+1EF1
    { 0x1EF2, 37 }, // U+1EF2
    { 0x1EF3, 61 }, // U+1EF3
    { 0x1EF5, 61 }, // U+1EF5
    { 0x2013, 73 }, // U+2013
    { 0x2014, 4 }, // U+2014
    { 0x2018, 74 }, // U+2018
    { 0x2019, 75 }, // U+2019
    { 0x201A, 76 }, // U+201A
    { 0x201C, 74 }, // U+201C
    { 0x201D, 75 }, // U+201D
    { 0x201E, 76 }, // U+201E
    { 0x2022, 77 }, // U+2022
    { 0x2212, 4 }, // U+2212
    { 0x2248, 4 }, // U+2248
    { 0x2260, 4 }, // U+2260
};

static const EpdKernClassEntry quicksand_12_regularKernRightClasses[] = {
    { 0x0021, 1 }, // !
    { 0x0022, 2 }, // "
    { 0x0026, 3 }, // &
    { 0x0029, 4 }, // )
    { 0x002A, 5 }, // *
    { 0x002C, 6 }, // ,
    { 0x002E, 7 }, // .
    { 0x002F, 8 }, // /
    { 0x0031, 9 }, // 1
    { 0x0034, 10 }, // 4
    { 0x0035, 11 }, // 5
    { 0x0036, 12 }, // 6
    { 0x0037, 13 }, // 7
    { 0x0039, 14 }, // 9
    { 0x003F, 15 }, // ?
    { 0x0040, 16 }, // @
    { 0x0041, 17 }, // A
    { 0x0043, 18 }, // C
    { 0x0047, 18 }, // G
    { 0x004A, 19 }, // J
    { 0x004F, 18 }, // O
    { 0x0051, 18 }, // Q
    { 0x0053, 20 }, // S
    { 0x0054, 21 }, // T
    { 0x0055, 22 }, // U
    { 0x0056, 23 }, // V
    { 0x0057, 24 }, // W
    { 0x0058, 25 }, // X
    { 0x0059, 26 }, // Y
    { 0x005A, 27 }, // Z
    { 0x005C, 28 }, // <backslash>
    { 0x005D, 29 }, // ]
    { 0x005F, 30 }, // _
    { 0x0061, 31 }, // a
    { 0x0062, 32 }, // b
    { 0x0063, 33 }, // c
    { 0x0064, 33 }, // d
    { 0x0065, 33 }, // e
    { 0x0066, 34 }, // f
    { 0x0067, 35 }, // g
    { 0x0068, 32 }, // h
    { 0x006A, 36 }, // j
    { 0x006B, 32 }, // k
    { 0x006C, 32 }, // l
    { 0x006D, 37 }, // m
    { 0x006E, 37 }, // n
    { 0x006F, 33 }, // o
    { 0x0070, 38 }, // p
    { 0x0071, 33 }, // q
    { 0x0072, 37 }, // r
    { 0x0073, 39 }, // s
    { 0x0074, 40 }, // t
    { 0x0075, 41 }, // u
    { 0x0076, 42 }, // v
    { 0x0077, 43 }, // w
    { 0x0078, 44 }, // x
    { 0x0079, 45 }, // y
    { 0x007A, 46 }, // z
    { 0x00A1, 47 }, // U+00A1
    { 0x00B7, 48 }, // U+00B7
    { 0x00BF, 49 }, // U+00BF
    { 0x00D0, 50 }, // U+00D0
    { 0x00D9, 22 }, // U+00D9
    { 0x00DA, 22 }, // U+00DA
    { 0x00DB, 22 }, // U+00DB
    { 0x00DC, 22 }, // U+00DC
    { 0x00DD, 26 }, // U+00DD
    { 0x00DF, 51 }, // U+00DF
    { 0x00E0, 31 }, // U+00E0
    { 0x00E1, 31 }, // U+00E1
    { 0x00E2, 31 }, // U+00E2
    { 0x00E3, 31 }, // U+00E3
    { 0x00E4, 31 }, // U+00E4
    { 0x00E5, 31 }, // U+00E5
    { 0x00E8, 33 }, // U+00E8
    { 0x00E9, 33 }, // U+00E9
    { 0x00EA, 33 }, // U+00EA
    { 0x00EB, 33 }, // U+00EB
    { 0x00F0, 52 }, // U+00F0
    { 0x00F9, 41 }, // U+00F9
    { 0x00FA, 41 }, // U+00FA
    { 0x00FB, 41 }, // U+00FB
    { 0x00FC, 41 }, // U+00FC
    { 0x00FD, 45 }, // U+00FD
    { 0x00FE, 53 }, // U+00FE
    { 0x00FF, 45 }, // U+00FF
    { 0x0101, 31 }, // U+0101
    { 0x0103, 31 }, // U+0103
    { 0x0105, 31 }, // U+0105
    { 0x0113, 33 }, // U+0113
    { 0x0115, 33 }, // U+0115
    { 0x0117, 33 }, // U+0117
    { 0x0119, 33 }, // U+0119
    { 0x011B, 33 }, // U+011B
    { 0x0127, 54 }, // U+0127
    { 0x013E, 32 }, // U+013E
    { 0x0169, 41 }, // U+0169
    { 0x016A, 22 }, // U+016A
    { 0x016B, 41 }, // U+016B
    { 0x016D, 41 }, // U+016D
    { 0x016E, 22 }, // U+016E
    { 0x016F, 41 }, // U+016F
    { 0x0170, 22 }, // U+0170
    { 0x0171, 41 }, // U+0171
    { 0x0172, 22 }, // U+0172
    { 0x0173, 41 }, // U+0173
    { 0x0176, 26 }, // U+0176
    { 0x0177, 45 }, // U+0177
    { 0x0178, 26 }, // U+0178
    { 0x01B0, 41 }, // U+01B0
    { 0x01CD, 17 }, // U+01CD
    { 0x01CE, 31 }, // U+01CE
    { 0x01D4, 41 }, // U+01D4
    { 0x01FB, 31 }, // U+01FB
    { 0x0200, 17 }, // U+0200
    { 0x0201, 31 }, // U+0201
    { 0x0202, 17 }, // U+0202
    { 0x0203, 31 }, // U+0203
    { 0x0205, 33 }, // U+0205
    { 0x0207, 33 }, // U+0207
    { 0x0215, 41 }, // U+0215
    { 0x0217, 41 }, // U+0217
    { 0x1EA0, 17 }, // U+1EA0
    { 0x1EA1, 31 }, // U+1EA1
    { 0x1EA2, 17 }, // U+1EA2
    { 0x1EA3, 31 }, // U+1EA3
    { 0x1EA4, 17 }, // U+1EA4
    { 0x1EA5, 31 }, // U+1EA5
    { 0x1EA6, 17 }, // U+1EA6
    { 0x1EA7, 31 }, // U+1EA7
    { 0x1EA8, 17 }, // U+1EA8
    { 0x1EA9, 31 }, // U+1EA9
    { 0x1EAA, 17 }, // U+1EAA
    { 0x1EAB, 31 }, // U+1EAB
    { 0x1EAC, 17 }, // U+1EAC
    { 0x1EAD, 31 }, // U+1EAD
    { 0x1EAE, 17 }, // U+1EAE
    { 0x1EAF, 31 }, // U+1EAF
    { 0x1EB0, 17 }, // U+1EB0
    { 0x1EB1, 31 }, // U+1EB1
    { 0x1EB2, 17 }, // U+1EB2
    { 0x1EB3, 31 }, // U+1EB3
    { 0x1EB4, 17 }, // U+1EB4
    { 0x1EB5, 31 }, // U+1EB5
    { 0x1EB6, 17 }, // U+1EB6
    { 0x1EB7, 31 }, // U+1EB7
    { 0x1EB9, 33 }, // U+1EB9
    { 0x1EBB, 33 }, // U+1EBB
    { 0x1EBD, 33 }, // U+1EBD
    { 0x1EBF, 33 }, // U+1EBF
    { 0x1EC1, 33 }, // U+1EC1
    { 0x1EC3, 33 }, // U+1EC3
    { 0x1EC5, 33 }, // U+1EC5
    { 0x1EC7, 33 }, // U+1EC7
    { 0x1EE5, 41 }, // U+1EE5
    { 0x1EE7, 41 }, // U+1EE7
    { 0x1EE9, 41 }, // U+1EE9
    { 0x1EEB, 41 }, // U+1EEB
    { 0x1EED, 41 }, // U+1EED
    { 0x1EEF, 41 }, // U+1EEF
    { 0x1EF1, 41 }, // U+1EF1
    { 0x1EF2, 26 }, // U+1EF2
    { 0x1EF3, 45 }, // U+1EF3
    { 0x1EF5, 45 }, // U+1EF5
    { 0x201C, 55 }, // U+201C
    { 0x201D, 56 }, // U+201D
    { 0x2022, 57 }, // U+2022
};

static const int8_t quicksand_12_regularKernMatrix[] = {
       0,    0,    0,   -6,    0,    0,    0,    0,    0,    0,    0,    0,    0,    0,    0,    0,    0,    0,    0,    0,    0,    0,  -14,    0,    0,    0,    0,    0,    0,    0,    0,    0,    0,    0,    0,    0,    0,    0,    0,    0,    0,  -10,    0,    0,    0,    0,    0,    0,    0,    0,    0,   -4,    0,    0,    0,    0,    0,
       0,    0,    0,    0,    0,    0,    0,    0,    0,    0,    0,    0,    0,    0,    0,    0,    0,    0,    0,    0,    0,    0,    0,    0,    0,    0,    0,    0,    0,    0,    0,    0,    0,    0,    0,    0,    0,    0,    0,    0,    0,    0,    0,    0,    0,    0,    0,    0,    0,    0,    0,    0,    6,    0,    0,    0,    0,
       0,    0,    0,    0,    0,    0,    0,    0,    0,    0,    0,    0,    0,    0,    0,    0,    0,    0,    0,    0,    0,    0,    0,    0,    0,    0,    0,    0,    0,    0,    0,    0,    0,    0,    0,    0,    0,    0,    0,    0,    0,    6,    0,    0,    0,    0,    0,    0,    0,    0,    0,  -10,    0,    0,    0,    0,    0,
       0,    0,    0,    0,    0,    0,    0,    0,  -19,    0,    0,    0,    0,    0,    0,    0,    0,    0,    0,    0,    0,    0,    0,    0,    0,    0,    0,    0,    0,    0,    0,    0,    0,    0,    0,    0,    0,    0,    0,    0,    0,    0,    0,    0,    0,    0,    0,    0,    0,    0,    0,    0,    0,    0,    0,    0,    0,
       0,    0,    0,    0,    0,    0,    0,    0,  -19,    0,    0,    0,    0,    0,    0,    0,    0,    0,    0,    0,    0,    0,    0,    0,    0,    0,    0,    0,    0,    0,    0,    0,    0,    0,    0,    4,    0,    0,    0,    0,    0,    0,    0,    0,    0,    0,    0,    0,    0,    0,    0,    0,    0,    0,    0,    0,    0,
       0,    0,    0,    0,    0,    0,    0,    0,  -17,  -12,    0,    0,    0,    0,    0,    0,    0,    0,    0,    0,    0,    0,    0,    0,    0,    0,    0,    0,    0,    0,    0,    0,    0,    0,    0,    0,    0,    0,    0,    0,    0,    0,    0,    0,    0,    0,    0,    0,    0,    0,    0,    0,    0,    0,    0,    0,    0,
       0,    0,    0,    0,    0,    0,    0,  -37,    0,    0,    0,    0,    0,    0,    0,    0,    0,    0,    0,    0,    0,    0,    0,    0,    0,    0,    0,    0,    0,    0,    0,    0,    0,    0,    0,    0,    0,    0,    0,    0,    0,   -1,    0,   -6,    0,    0,    0,    0,    0,    0,   -5,  -13,    0,    0,    0,    0,    0,
       0,    0,    0,    0,    0,    0,    0,    0,    0,    0,    0,    0,  -22,    0,    0,    0,   -2,    0,   -6,    0,   -8,    0,   -4,   -2,  -12,  -10,   -6,    0,    0,    0,    0,    0,    3,    0,    0,    0,    0,    0,    0,    0,    0,    0,    0,   -4,    0,    0,    0,    0,    0,    0,    0,    0,    0,    0,    0,    0,    0,
       0,    0,    0,    0,    0,    0,    0,    0,    0,   -6,    0,    0,    0,    0,    0,    0,    0,    0,    0,    0,    0,    0,    0,    0,    0,    0,    0,    0,    0,    0,    0,    0,    0,    0,    0,    0,    0,    0,    0,    0,    0,    0,    0,    0,    0,    0,    0,    0,    0,    0,    0,    0,    0,    0,    0,    0,    0,
       0,    0,    0,    0,    0,    0,    0,    0,    0,   -6,    0,    0,   -8,    0,    0,    0,    0,    0,    0,    0,    0,    0,    0,    0,    0,    0,    0,    0,    0,    0,    0,    0,    0,    0,    0,    0,    0,    0,    0,    0,    0,    0,    0,    0,    0,    0,    0,    0,    0,    0,    0,    0,    0,    0,    0,    0,    0,
       0,    0,    0,    0,    0,    0,    0,    0,   -3,    0,    3,    0,  -12,   -8,    0,    0,    0,    0,    0,    0,    0,    0,    0,    0,    0,    0,    0,    0,    0,    0,    0,    0,    0,    0,    0,    0,    0,    0,    0,    0,    0,    0,    0,    0,    0,    0,    0,    0,    0,    0,    0,    0,    0,    0,    0,    0,    0,
       0,    0,    0,    0,    0,    0,  -10,    0,    0,    0,    0,    0,    0,    0,    0,    0,    0,    0,    0,    0,    0,    0,    0,    0,    0,    0,    0,    0,    0,    0,    0,    0,    0,    0,    0,    0,    0,    0,    0,    0,    0,    0,    0,    0,    0,    0,    0,    0,    0,    0,    0,    0,    0,    0,    0,    0,    0,
       0,    0,    0,    0,    0,    0,    0,    0,   -2,    6,    0,    0,    0,    0,    0,    0,    0,    0,    0,    0,    0,    0,    0,    0,    0,    0,    0,    0,    0,    0,    0,    0,    0,    0,    0,    0,    0,    0,    0,    0,    0,    0,    0,    0,    0,    0,    0,    0,    0,    0,    0,    0,    0,    0,    0,    0,    0,
       0,    0,    0,    0,    0,  -18,  -25,    0,   19,  -16,    0,  -12,    0,    0,    0,    0,    0,   -8,    0,    0,    0,    0,    0,    0,    0,    0,    0,    0,    0,    0,    0,    0,    0,    0,    0,    0,    0,    0,    0,    0,    0,    0,    0,    0,    0,    0,    0,    0,    0,    0,    0,    0,    0,    0,    0,    0,    0,
       0,    0,    0,    0,    0,    0,    0,    0,    0,    0,    0,    0,  -12,    0,    0,    0,    0,    0,    0,    0,    0,    0,    0,    0,    0,    0,    0,    0,    0,    0,    0,    0,    0,    0,    0,    0,    0,    0,    0,    0,    0,    0,    0,    0,    0,    0,    0,    0,    0,    0,    0,    0,    0,    0,    0,    0,    0,
       0,    0,    0,    0,    0,   -8,  -16,    0,    3,    0,    0,    0,  -12,    0,    0,    0,    0,    0,    0,    0,    0,    0,    0,    0,    0,    0,    0,    0,    0,    0,    0,    0,    0,    0,    0,    0,    0,    0,    0,    0,    0,    0,    0,    0,    0,    0,    0,    0,    0,    0,    0,    0,    0,    0,    0,    0,    0,
       0,    0,    0,    0,    0,    0,    0,    0,   -3,    0,    0,    0,    0,    0,    0,    0,    0,    0,    0,    0,    0,    0,    0,    0,    0,    0,    0,    0,    0,    0,    0,    0,    0,    0,    0,    0,    0,    0,    0,    0,    0,    0,    0,    0,    0,    0,    0,    0,    0,    0,    0,    0,    0,    0,    0,    0,    0,
       0,    0,    0,    0,    0,    0,    0,    0,    0,    0,    0,    0,    0,    0,    0,    0,    0,    0,    0,    0,    0,    0,    0,    0,    0,    0,    0,    0,    0,    0,    0,    0,    0,    0,    0,    0,    0,    0,    0,    0,    0,    0,    0,    0,    0,    0,    0,    0,    0,    0,    0,   -6,    0,    0,    0,    0,    0,
       0,    0,    0,    0,    0,    0,    0,    0,    0,    0,    0,    0,    0,    0,    0,    0,    0,    0,    0,    0,    0,    0,   -6,    0,    0,    0,    0,    0,    0,    0,    0,    0,    0,    0,    0,    0,    0,    0,    0,    0,    0,    0,    0,   -3,    0,    0,    0,    0,    0,    0,    0,    0,    0,    0,    0,    0,    0,
       0,    0,    0,    0,    0,    0,    0,    0,    0,    0,    0,    0,    0,    0,    0,    0,    0,   -2,    0,    0,  -20,   -4,  -37,   -9,    0,  -17,    0,    0,    0,    0,    8,    0,    0,    0,    0,    0,    0,    0,    0,   -2,   -4,  -11,   -4,    0,  -10,    0,    0,    0,    0,    0,    0,    0,    0,    0,    0,    0,    0,
       0,    0,    0,    0,    0,    0,    0,    0,    0,    0,    0,    0,    0,    0,    0,    0,    0,    0,    0,    0,   -6,    0,   -3,   -2,   -5,   -9,    0,    0,    0,    0,    0,   -1,    0,    0,   -2,    0,    0,    0,    0,    0,    0,    0,    0,   -1,    0,    0,    0,    0,    0,    0,    0,    0,    0,    0,    0,    0,    0,
       0,    0,    0,    0,    0,    0,    0,    0,    0,    0,    0,    0,    0,    0,    0,    0,    0,    0,   -4,    0,    0,    0,    0,    0,    0,    0,    0,    0,    0,    0,    0,    0,   -2,    0,   -4,    0,    0,    0,    0,    0,   -4,   -6,    0,    0,   -4,    0,    0,    0,    0,    0,    0,    0,    0,    0,    0,    0,    0,
       0,    0,    0,    0,    0,    0,    0,    0,    0,    0,    0,    0,    0,    0,    0,    0,  -13,   -4,  -48,   -2,    6,    0,    0,    0,   -2,    0,    0,    0,    0,    0,   -8,    0,   -6,    0,   -4,    0,   -4,   -4,   -4,    0,   -6,   -2,    0,   -6,    0,   -2,    0,    0,    0,    0,    0,    0,    0,    0,    0,    0,    0,
       0,    0,    0,    0,    0,    0,    0,    0,    0,    0,    0,    0,    0,    0,    0,    0,    0,    0,    0,    0,  -10,    0,   -6,   -4,    0,  -10,    0,    0,    0,    0,    6,    0,    0,    0,    0,    0,    0,    0,    0,    0,    0,    0,    0,    0,    0,    0,    0,    0,    0,    0,    0,    0,    0,    0,    0,    0,    0,
       0,    0,    0,    0,    0,    0,    0,    0,    0,    0,    0,    0,    0,    0,    0,    0,   -6,    0,    0,    0,    0,    0,    0,    0,    0,    0,    0,    0,    0,    0,    0,    0,    0,    0,    0,    0,    0,    0,    0,    0,    0,    0,    0,    0,    0,    0,    0,    0,    0,    0,    0,    0,    0,    0,    0,    0,    0,
       0,    0,    0,    0,    0,    0,    0,    0,    0,    0,    0,    0,    0,    0,    0,    0,    0,  -12,   -2,   -4,    0,   -6,   -2,   -2,    0,    8,    0,    0,    0,    0,    0,    0,   -8,    0,    0,    0,   -3,   -3,   -2,   -1,   -5,   -3,   -6,    0,   -8,    0,    0,    0,    0,    0,    0,    0,    0,    0,    0,    0,    0,
       0,    0,    0,    0,    0,    0,    0,    0,    0,    0,    0,    0,    0,    0,    0,    0,    0,   -4,    0,    0,  -24,   -8,  -20,  -12,    0,  -24,    0,    0,    0,    0,    0,    0,    0,    0,    0,    0,    0,    0,    0,   -2,    0,  -10,   -2,    0,   -9,    8,    0,    0,    0,    0,    0,    0,    0,    0,    0,    0,    0,
       0,    0,    0,    0,    0,  -70,  -40,    0,    0,    0,    0,    0,    0,    0,    0,    0,  -16,    0,  -30,    0,    0,    0,    0,    3,   -6,    0,   -6,    0,    0,    0,   -2,    0,   -4,    3,   -4,    0,    0,    0,    0,    6,   -2,    4,    6,    0,    4,    0,    0,    0,    0,    0,    0,    0,    0,    0,    0,    0,    0,
       0,    0,    0,    0,    0,    0,    0,    0,    0,    0,    0,    0,  -22,    0,    0,    0,   -2,    0,   -6,    0,   -8,    0,   -4,   -2,  -12,  -10,   -6,    0,    0,  -10,    0,    0,    3,    0,    0,    0,    0,    0,    0,    0,    0,    0,    0,   -4,    0,    0,    0,    0,    0,    0,    0,    0,    0,    0,    0,    0,    0,
       0,    0,    0,    0,    0,    0,    0,    0,    0,    0,    0,    0,    0,    0,    0,    0,    0,   -4,    0,    0,   -6,   -2,   -6,    0,    0,   -8,    0,    0,    0,    0,    2,    0,   -2,    0,    0,    0,    0,    0,    0,    0,   -4,    0,    0,    0,    0,    0,    0,    0,    0,    0,    0,    0,    0,    0,    0,    0,    0,
       0,    0,    0,    0,    0,    0,    0,    0,    0,    0,    0,    0,    0,    0,    0,    0,    0,    0,    0,    0,    0,    0,    0,    0,   -6,   -6,    0,    0,    0,    0,    0,    0,    0,    0,    0,    0,    0,    0,    0,    0,    0,    0,    0,    0,    0,    0,    0,    0,    0,    0,    0,    0,    0,    0,    0,    0,    0,
       0,    0,    0,    0,    0,    0,  -40,    0,    0,    0,    0,    0,    0,    0,    0,    0,  -20,   -8,  -26,    0,   12,    0,    4,    4,    0,    4,    0,    0,    0,    0,  -40,    0,  -48,    0,  -18,    0,  -24,   -8,  -46,    0,  -48,   -4,  -48,   -6,  -37,  -48,    0,    0,    0,    0,    0,    0,    0,    4,    0,    0,    0,
       0,    0,    0,    0,    0,    0,    0,    0,    0,    0,    0,    0,    0,    0,    0,    0,   -4,    0,   -4,   -4,    0,    0,    0,    0,   -4,   -4,    0,    0,    0,    0,    0,    0,    0,    0,    0,    0,    0,    0,    0,    0,    0,    0,    0,   -2,    0,    0,    0,    0,    0,    0,    0,    0,    0,    0,    0,    0,    0,
       0,    0,   -6,    0,    0,    0,    0,  -20,    0,    0,    0,    0,    0,    0,    7,   -6,  -14,   -4,  -22,   -4,    4,    0,    0,    0,    0,    0,    0,    0,    0,  -30,   -5,    0,   -9,    0,   -8,    0,   -5,   -5,   -6,    0,   -4,    0,    0,    0,    0,   -2,   -6,  -12,  -21,    0,    0,    0,    0,    0,    0,    0,   -8,
       0,    0,    0,    0,    0,    0,    0,    0,    0,    0,    0,    0,    0,    0,    0,    0,   -9,   -2,  -12,   -4,    4,    0,    0,    0,    0,    0,    0,    0,    0,    0,   -4,    0,   -6,    0,   -8,    0,   -1,   -1,    0,    0,   -4,    0,    0,    0,    0,    0,    0,    0,    0,    0,    0,    0,    0,    0,    0,    0,    0,
       0,    0,    0,    0,    0,    0,    0,    0,    0,    0,    0,    0,    0,    0,    0,    0,    0,  -11,    0,   -6,    0,   -4,    0,    0,    0,    0,    0,    0,    0,    0,    0,    0,   -6,    0,   -1,    0,    0,    0,    0,    0,   -4,  -10,   -7,    0,  -10,    0,    0,    0,    0,    0,    0,    0,    0,    0,    0,    0,    0,
       0,    0,    0,    0,    0,    0,    0,    0,    0,    0,    0,    0,    0,    0,    0,    0,  -17,  -10,  -28,  -10,    4,   -4,    0,    0,    0,    0,    0,    0,    0,    0,  -13,    0,  -16,    0,  -15,    0,   -9,   -8,  -14,    0,   -8,   -4,   -4,   -8,   -4,   -4,    0,    0,    0,    0,    0,    0,    0,    0,    0,    0,    0,
       0,    0,    0,    0,    0,    0,    0,    0,    0,    0,    0,    0,    0,    0,    0,    0,    0,   -2,    0,    0,    0,    0,    0,    0,    0,    0,    0,    0,    0,    0,    0,    0,   -2,    0,    0,    0,    0,    0,    0,    0,   -2,   -2,    0,    0,    0,    0,    0,    0,    0,    0,    0,    0,    0,    0,    0,    0,    0,
       0,    0,    0,    0,    0,    0,    0,    0,    0,    0,    0,    0,    0,    0,    0,    0,    0,    0,    0,    0,    0,    0,  -20,    0,    0,    0,    0,  -37,    0,    0,    0,    0,    0,    0,    0,    0,    0,    0,    0,    0,    0,   -8,    0,    0,    0,    0,    0,    0,    0,    0,   -2,   -9,    0,    0,    0,    0,    0,
       0,    0,    0,    0,    0,    0,    0,    0,    0,    0,    0,    0,    0,    0,    0,    0,    0,    0,    0,    0,    0,    0,  -30,    0,    0,    0,    0,    0,    0,    0,    0,    0,    0,    0,    0,    0,    0,    0,    0,    0,    0,  -22,    0,    0,    0,    0,    0,    0,    0,    0,    0,  -14,    3,    0,    0,    0,    0,
       0,    0,    0,    0,    0,    0,    0,    0,    0,    0,    0,    0,    0,    0,    0,    0,    8,   -8,    0,    0,  -26,   -4,  -11,   -4,    0,  -21,    0,    0,    0,    0,    4,    0,    0,    0,    0,    0,    0,    0,    0,    0,   -4,   -5,   -2,    0,    0,    0,    0,    0,    0,    0,    0,    0,    0,    0,    0,    0,    0,
       0,    0,    0,    0,    0,    0,    0,    0,    0,    0,    0,    0,    0,    0,    0,    0,    0,    0,    0,    0,  -19,    0,   -9,   -6,   -6,  -16,   -4,    0,    0,    0,    0,    0,    0,    0,    0,    0,    0,    0,    0,    0,    0,   -2,    0,   -4,    0,   -4,    0,    0,    0,    0,    0,    0,    0,    0,    0,    0,    0,
       0,    0,    0,    0,    0,    0,    0,    0,    0,    0,    0,    0,    0,    0,    0,    0,    0,    0,    0,    0,  -12,    0,   -6,   -4,   -2,  -14,    0,    0,    0,    0,    0,    0,    0,    0,    0,    0,    0,    0,    0,    0,    0,    0,    0,    0,    0,    0,    0,    0,    0,    0,    0,    0,    0,    0,    0,    0,    0,
       0,    0,    0,    0,    0,    0,    0,    0,    0,    0,    0,    0,    0,    0,    0,    0,    0,    0,    0,    0,    0,    0,    0,    0,    0,    0,    0,    0,    0,    0,    0,    0,    0,    0,    0,    0,    0,    0,    0,    0,    6,    0,    0,    0,    0,    0,    0,    0,    0,    0,    0,    0,    0,    0,    0,    0,    0,
       0,    0,    0,    0,    0,    0,    0,    0,    0,    0,    0,    0,    0,    0,    0,    0,    0,    0,    0,    0,  -18,    0,   -8,   -4,   -4,  -14,    0,    0,    0,    0,    2,    0,    0,    0,   -2,    0,    0,    0,    0,    0,    0,   -2,    0,   -3,   -2,    0,    0,    0,    0,    0,    0,    0,    0,    0,    0,    0,    0,
       0,    0,    0,    0,    0,    0,    0,    0,    0,    0,    0,    0,    0,    0,    0,    0,   -8,    0,    0,    0,   24,    0,   22,   20,   20,   20,   20,    0,    0,    0,    0,    0,  -15,    0,    0,    0,    0,    0,    0,    1,    0,    4,    1,    0,    0,    2,    0,    0,    0,    0,    0,    0,    0,   18,    0,    0,    0,
       0,    0,    0,    0,    0,   -2,    0,    0,    0,    0,    0,    0,    0,    0,    0,    0,   -6,   -4,    0,   -2,    0,    0,    0,    0,    0,   -6,    0,    0,    0,    0,   -2,    0,   -8,    0,    0,    4,    0,    0,   -4,    0,   -3,    0,    0,    0,    0,    0,    0,    0,    0,    0,    0,    0,    0,    0,    0,    0,    0,
       0,    0,    0,    0,    0,    0,    0,    0,    0,    0,    0,    0,    0,    0,    0,    0,    0,    0,    0,    0,  -12,    0,   -6,    0,    0,  -10,    0,    0,    0,    0,    0,    0,    0,    0,    0,    0,    0,    0,    0,    0,    0,   -2,    0,    0,   -2,    0,    0,    0,    0,    0,    0,    0,    0,    0,    0,    0,    0,
       0,    0,    0,    0,    0,    0,    0,    0,    0,    0,    0,    0,    0,    0,    0,    0,    0,    0,    0,    0,  -12,    0,    0,    0,    0,    0,    0,    0,    0,    0,    0,    0,    0,    0,    0,    0,    0,    0,    0,    0,    0,    0,    0,    0,    0,    0,    0,    0,    0,    0,    0,    0,    0,    0,    0,    0,    0,
       0,    0,    0,    0,    0,    0,    0,    0,    0,    0,    0,    0,    0,    0,    0,    0,    0,    0,    0,    0,  -12,   -4,    0,    0,    0,    0,    0,    0,    0,    0,    0,    0,    0,    0,    0,    2,    0,    0,    0,    0,    0,    0,    0,    0,    0,    0,    0,    0,    0,    0,    0,    0,    0,    0,    0,    0,    0,
       0,    0,    0,    0,    0,    0,    0,    0,    0,    0,    0,    0,    0,    0,    0,    0,    0,   -4,    0,    0,    0,    0,    0,    0,    0,   -8,    0,    0,    0,    0,   -2,   -2,   -9,    0,    0,   -2,    0,    0,   -2,    0,   -2,    0,    0,    0,    0,    0,    0,    0,    0,    0,    0,    0,    0,    0,    0,    0,    0,
       0,    0,    0,    0,    0,    0,    0,    0,    0,    0,    0,    0,    0,    0,    0,    0,    0,   -8,    0,    0,  -10,    0,  -12,   -8,    0,  -12,    0,    0,    0,    0,    0,    0,   -4,    0,   -4,   -6,    0,    0,    0,   -1,   -2,  -10,   -6,    0,   -6,    0,    0,    0,    0,    0,    0,    0,    0,    0,    0,    0,    0,
       0,    0,    0,    0,    0,    0,    0,    0,    0,    0,    0,    0,    0,    0,    0,    0,    0,    0,    0,    0,   -8,    0,   -5,    0,    0,   -6,    0,   -6,    0,    1,    0,    0,    0,    0,    0,    0,    0,    0,    0,    0,    0,    0,    0,    0,    0,    0,    0,    0,    0,    0,    0,    0,    0,    0,    0,    0,    0,
       0,    0,    0,    0,    0,    0,  -42,    0,    0,    0,    0,    0,    0,    0,    0,    0,  -12,    0,    0,    0,   -4,    0,    0,    0,   -6,    0,    0,    0,    0,    0,   -5,    0,   -9,    0,   -6,   -4,    0,    0,    0,    0,    0,   20,   20,    0,    0,    0,    0,    0,    0,    0,    0,    0,    0,    0,    0,    0,    0,
       0,    0,    0,    0,    0,    0,    0,    0,    0,    0,    0,    0,    0,    0,    0,    0,    0,   -2,    0,    0,  -18,    0,   -2,    0,   -2,   -8,    0,    0,    0,    0,    3,    0,    0,    0,    0,    0,    0,    0,    0,    0,    0,    0,    0,   -2,    0,    0,    0,    0,    0,    0,    0,    0,    0,    0,    0,    0,    0,
       0,    0,    0,    0,    0,    0,    0,    0,    0,    0,    0,    0,    0,    0,    0,    0,    0,    0,    0,    0,    0,    0,    0,    0,    0,    0,    0,    0,    0,    0,    0,    0,   -2,  -10,   -2,    0,    0,    0,    8,    0,    0,    0,   16,    0,    0,    0,    0,    0,    0,    0,    0,    0,    0,    0,    0,    0,    0,
       0,    0,    0,    0,    0,    0,    0,    0,    0,    0,    0,    0,    0,    0,    0,    0,    0,    0,    0,    0,  -12,    0,   -4,   -4,    0,   -6,    0,    0,    0,    0,    0,    0,    0,    0,   -4,    0,    0,    0,    0,    0,    0,    0,    0,    0,    0,    0,    0,    0,    0,    0,    0,    0,    0,    0,    0,    0,    0,
       0,    0,   -2,    0,    6,    0,    0,   -8,    0,    0,    0,    0,    0,    0,    4,    0,  -10,    0,    0,    0,   -4,    0,    0,    0,  -10,   -4,   -8,   -1,    0,  -22,   -1,    0,   -2,    0,   -2,    0,    0,    0,   -2,   20,    0,   20,    0,    0,    0,    0,    0,    0,  -12,    0,    0,   -4,    0,    0,    0,    0,    0,
       0,    0,    0,    0,    0,    0,    0,    0,    0,    0,    0,    0,    0,    0,    0,    0,   -2,    0,    0,    0,   -4,    0,    0,    0,   -7,   -4,   -2,    0,    0,    0,    2,    0,    0,    0,    0,    0,    0,    0,   -2,   20,    0,   16,    0,    0,    0,    0,    0,    0,    0,    0,    0,    0,    0,    0,    0,    0,    0,
       0,    0,   -3,    0,    0,    0,    0,    0,    0,    0,    0,    0,    0,    0,    0,    0,    0,   -4,    0,    0,   -6,   -2,    0,    0,    0,   -8,    0,   -6,    0,    0,    0,    0,   -4,    0,    0,    0,    0,    0,   -2,   20,   -2,    0,    0,    0,    0,    0,    0,   -6,    0,    0,    0,   -3,    0,    0,    0,    0,    0,
       0,    0,    0,    0,    0,    0,    0,    0,    0,    0,    0,    0,    0,    0,    0,    0,  -10,    0,    0,    0,   -4,    0,    0,    0,   -8,   -4,   -4,    0,    0,    0,    0,    0,   -2,    0,   -6,    0,    0,    0,   -4,    0,    0,    0,    0,    0,    0,    0,    0,    0,    0,    0,    0,    0,    0,    0,    0,    0,    0,
       0,    0,    0,    0,    0,    0,    0,    0,    0,    0,    0,    0,    0,    0,    0,    0,    0,    0,    0,    0,   -4,    0,    0,    0,    0,   -4,    0,    0,    0,    0,    0,    0,   -4,    0,    0,    0,    0,    0,    0,    0,    0,    0,    0,    0,    0,    0,    0,    0,    0,    0,    0,    0,    0,    0,    0,    0,    0,
       0,    0,    0,    0,    0,    0,    0,    0,    0,    0,    0,    0,    0,    0,    0,    0,    0,    0,    0,    0,    0,    0,   -6,    0,    0,    0,    0,    0,    0,    0,    0,    0,    0,    0,    0,    0,    0,    0,    0,    0,    0,    0,    0,    0,    0,    0,    0,    0,    0,    0,    0,    0,    0,    0,    0,    0,    0,
       0,    0,    0,    0,    0,    0,    0,    0,    0,    0,    0,    0,    0,    0,    0,    0,    0,    0,    0,    0,    0,    0,  -12,    0,    0,    0,    0,    0,    0,    0,    0,    0,    0,    0,    0,    0,    0,    0,    0,    0,    0,    0,    0,   -6,    0,    0,    0,    0,    0,    0,    0,    4,    0,    0,    0,    0,    0,
       0,    0,    0,    0,    0,    0,    0,    0,    0,    0,    0,    0,    0,    0,    0,    0,    0,    0,    0,    0,    0,    0,  -17,    0,    0,    0,    0,    0,    0,    0,    0,    0,    0,    0,    0,    0,    0,    0,    0,    0,    0,   -9,    0,    0,    0,    0,    0,    0,    0,    0,    0,  -12,    0,    0,    0,    0,    0,
       4,    0,    0,    0,   -2,    0,    0,  -16,    0,    0,    0,    0,    0,    0,    0,    0,    0,    0,    0,    0,    0,    0,    0,    0,    0,    0,    0,   -8,    0,  -22,    0,    0,    0,    0,    0,    0,    0,    0,    0,    0,    0,    3,    0,   -3,    0,    0,    8,   10,   -8,    0,    0,    0,    0,    0,    0,    0,    2,
       0,    0,    0,    0,   -8,    0,    0,   -5,    0,    0,    0,    0,    0,    0,    0,    0,    0,    0,    0,    0,    0,    0,    0,    0,    0,    0,    0,   -2,    0,  -14,    0,    0,    0,    0,    0,    0,    0,    0,    0,    0,    0,   -3,    0,   -3,    0,    0,    0,    4,    0,    0,    0,    0,    0,    0,    0,    0,    0,
       0,    0,    0,    0,   -6,    0,    0,  -12,    0,    0,    0,    0,    0,    0,    0,    0,    0,    0,    0,    0,    0,    0,    0,    0,    0,    0,    0,    0,    0,  -22,    0,    0,    0,    0,    0,    0,    0,    0,    0,    0,    0,    0,    0,   -3,    0,    0,    0,    4,   -8,    0,    0,    0,    0,    0,    0,    0,    0,
       0,    0,    0,    0,    0,    0,    0,    0,   -4,    0,    0,    0,    0,    0,    0,    0,    0,    0,    0,    0,    0,    0,    0,    0,    0,    0,    0,    0,    0,    0,    0,    0,    0,    0,    0,    0,    0,    0,    0,    0,    0,    0,    0,    0,    0,    0,    0,    0,    0,    0,    0,    0,    0,    0,    0,    0,    0,
       0,   39,    0,   50,   29,    0,    0,    0,    0,    0,    0,    0,    0,    0,    0,    0,    0,    0,    0,    0,    0,    0,    0,    0,    0,    0,    0,   44,   53,    0,    0,    4,    0,    0,    0,    0,    0,    0,    0,    0,    0,    0,    0,    0,    0,    0,    0,    0,    0,    0,    0,    4,   24,    0,   36,   44,    0,
       0,   25,    0,   42,   11,    0,    0,    0,    0,    0,    0,    0,    0,    0,    0,    0,    0,    0,    0,    0,    0,    0,    0,    0,    0,    0,    0,   34,   40,    0,    0,    4,    0,    0,    0,    0,    0,    0,    0,    0,    0,    0,    0,    0,    0,    0,    0,    0,    0,    0,    0,    4,   24,    0,   26,   31,    0,
       0,    0,    0,   13,    0,    0,    0,    0,    0,    0,    0,    0,    0,    0,    0,    0,    0,    0,    0,    0,    0,    0,    0,    0,    0,    0,    0,    0,    8,    0,    0,    0,    0,    0,    0,    0,    0,    0,    0,    0,    0,    0,    0,    0,    0,    0,    0,    0,    0,    0,    0,    0,    0,    0,    4,    5,    0,
       0,    0,    0,    0,    0,    0,    0,    0,  -19,    0,    0,    0,    0,    0,    0,    0,    0,    0,    0,    0,    0,    0,    0,    0,    0,    0,    0,    0,    0,    0,    0,    0,    0,    0,    0,    0,    0,    0,    0,    0,    0,    0,    0,    0,    0,    0,    0,    0,    0,    2,    0,    0,    0,    0,    0,    0,    0,
       0,    0,    0,    0,    0,    0,    0,    0,    0,  -16,    0,    0,    0,  -14,    0,    0,    0,    0,    0,    0,    0,    0,    0,    0,    0,    0,    0,    0,    0,    0,    0,    0,    0,    0,    0,    0,    0,    0,    0,    0,    0,    0,    0,    0,    0,    0,    0,    0,    0,    0,    0,    0,    0,    0,    0,    0,    0,
       0,    0,    0,    0,    0,    0,    0,    0,    0,  -24,    0,  -19,    0,  -14,    0,    0,    0,    0,    0,    0,    0,    0,    0,    0,    0,    0,    0,    0,    0,    0,    0,    0,    0,    0,    0,    0,    0,    0,    0,    0,    0,    0,    0,    0,    0,    0,    0,    0,    0,    0,    0,    0,    0,    0,    0,    0,    0,
       0,    0,    0,    0,    0,    0,    0,    0,    0,    0,    0,    0,    0,    0,    0,    0,    0,    0,    0,    0,    0,    0,    0,    0,    0,    0,    0,    0,    0,    0,    0,    0,    0,    0,    0,    2,    0,    0,    0,    0,    0,    0,    0,    0,    0,    0,    0,    0,    0,    0,    0,    0,    0,    0,    0,    0,    0,
       0,    0,    0,    0,    0,    0,    0,    0,    0,    0,    0,    0,    0,    0,    0,    0,    0,    0,    0,    0,    0,    0,   -8,    0,    0,    0,    0,    0,    0,    0,    0,    0,    0,    0,    0,    0,    0,    0,    0,    0,    0,    0,    0,    0,    0,    0,    0,    0,    0,    2,    0,    0,    0,    0,    0,    0,    0,
};

static const EpdLigaturePair quicksand_12_regularLigaturePairs[] = {
    { 0x00660069, 0xFB01 }, // f i -> U+FB01
    { 0x0066006C, 0xFB02 }, // f l -> U+FB02
};

static const EpdFontData quicksand_12_regular = {
    quicksand_12_regularBitmaps,
    quicksand_12_regularGlyphs,
    quicksand_12_regularIntervals,
    57,
    31,
    25,
    -7,
    false,
    nullptr,
    0,
    nullptr,
    quicksand_12_regularKernLeftClasses,
    quicksand_12_regularKernRightClasses,
    quicksand_12_regularKernMatrix,
    228,
    167,
    77,
    57,
    quicksand_12_regularLigaturePairs,
    2,
};
