/**
 * generated by fontconvert.py
 * name: quicksand_10_medium
 * size: 10
 * mode: 1-bit
 * Command used: fontconvert.py quicksand_10_medium 10 ../builtinFonts/source/Quicksand/Quicksand-Medium.ttf
 */
#pragma once
#include "EpdFontData.h"

static const uint8_t quicksand_10_mediumBitmaps[12605] = {
    0xDB, 0x6D, 0xB6, 0xDB, 0x05, 0xF0, 0x77, 0x77, 0x66, 0x66, 0x66, 0x44, 0x00, 0x0C, 0x30, 0x30,
    0xC0, 0xC7, 0x03, 0x1C, 0x7F, 0xFD, 0xFF, 0xE1, 0xC6, 0x06, 0x18, 0x18, 0xE1, 0xFF, 0xCF, 0xFF,
    0x9F, 0xFC, 0x38, 0xC0, 0xC3, 0x03, 0x0C, 0x00, 0x06, 0x00, 0xC0, 0x7E, 0x1F, 0xF7, 0x6E, 0xCC,
    0xD9, 0x83, 0xB0, 0x3E, 0x03, 0xF0, 0x1F, 0x03, 0x70, 0x66, 0x8C, 0xF9, 0xBB, 0xFF, 0x3F, 0xC0,
    0xC0, 0x18, 0x03, 0x00, 0x20, 0x3C, 0x08, 0x7E, 0x18, 0x66, 0x38, 0x66, 0x30, 0xE6, 0x70, 0x66,
    0xE0, 0x7E, 0xC0, 0x3D, 0xDC, 0x03, 0xBE, 0x03, 0x77, 0x07, 0x63, 0x0E, 0x63, 0x0C, 0x73, 0x1C,
    0x3F, 0x18, 0x3E, 0x00, 0x08, 0x0F, 0xC0, 0x7F, 0x81, 0xC6, 0x06, 0x08, 0x18, 0x00, 0x70, 0x03,
    0xC0, 0x1F, 0x80, 0x67, 0x1B, 0x8E, 0x6E, 0x1F, 0xB8, 0x3C, 0x70, 0x79, 0xFF, 0xF3, 0xFC, 0xC1,
    0x80, 0x77, 0x66, 0x64, 0x00, 0x06, 0x0E, 0x1C, 0x38, 0x38, 0x70, 0x70, 0x60, 0x60, 0x60, 0x60,
    0x60, 0x60, 0x70, 0x30, 0x38, 0x1C, 0x0E, 0x06, 0xC1, 0xE1, 0xE0, 0xC1, 0xC1, 0x83, 0x87, 0x06,
    0x0C, 0x18, 0x70, 0xE1, 0x87, 0x0C, 0x39, 0xE3, 0x80, 0x10, 0xAB, 0xF9, 0xCF, 0xDA, 0x84, 0x00,
    0x00, 0x00, 0x60, 0x06, 0x00, 0x60, 0x06, 0x07, 0xFE, 0x7F, 0xE0, 0x60, 0x06, 0x00, 0x60, 0x06,
    0x00, 0x00, 0x6F, 0x37, 0x60, 0xFD, 0xFB, 0xF0, 0xDB, 0x00, 0x00, 0x60, 0x0C, 0x03, 0x80, 0x60,
    0x1C, 0x03, 0x00, 0xE0, 0x18, 0x07, 0x00, 0xC0, 0x38, 0x06, 0x01, 0xC0, 0x30, 0x0E, 0x01, 0x80,
    0x70, 0x0C, 0x03, 0x80, 0x60, 0x00, 0x1F, 0x07, 0xF1, 0xCF, 0x70, 0xEE, 0x0D, 0x81, 0xF0, 0x3E,
    0x07, 0xC0, 0xF8, 0x1F, 0x83, 0xF0, 0x67, 0x1C, 0xFF, 0x0F, 0xC0, 0x60, 0x0C, 0xF7, 0xFF, 0x4C,
    0x30, 0xC3, 0x0C, 0x30, 0xC3, 0x0C, 0x30, 0xC0, 0x3E, 0x1F, 0xEE, 0x3B, 0x06, 0x01, 0x80, 0x60,
    0x38, 0x0E, 0x07, 0x03, 0x81, 0xC0, 0xE0, 0x70, 0x3F, 0xFF, 0xFC, 0x7F, 0x9F, 0xF0, 0x38, 0x1C,
    0x0E, 0x07, 0x81, 0xF8, 0x7F, 0x01, 0xC0, 0x30, 0x0C, 0x03, 0x61, 0xDF, 0xE7, 0xF0, 0x30, 0x01,
    0x80, 0x70, 0x1E, 0x03, 0xC0, 0xF8, 0x3B, 0x0E, 0x63, 0x8C, 0x61, 0x9F, 0xFF, 0xFF, 0x80, 0xC0,
    0x18, 0x03, 0x00, 0x60, 0x7F, 0x9F, 0xE6, 0x03, 0x80, 0xE0, 0x3F, 0x8F, 0xF3, 0x8E, 0x01, 0xC0,
    0x70, 0x1C, 0x07, 0xC3, 0xBF, 0xE7, 0xE0, 0x00, 0x07, 0x07, 0xC1, 0xC0, 0xE0, 0x70, 0x1B, 0x0F,
    0xF3, 0xFE, 0xE1, 0xF0, 0x7C, 0x0F, 0x07, 0xE1, 0xDF, 0xE3, 0xF0, 0x30, 0xFF, 0xBF, 0xF0, 0x18,
    0x0E, 0x03, 0x01, 0xC0, 0x70, 0x18, 0x0E, 0x03, 0x01, 0xC0, 0x60, 0x38, 0x0C, 0x03, 0x00, 0x00,
    0x1E, 0x1F, 0xCF, 0x7B, 0x86, 0xC1, 0xB8, 0x67, 0x79, 0xFC, 0x7F, 0xB8, 0x6C, 0x1F, 0x07, 0xE1,
    0x9F, 0xE3, 0xF0, 0x00, 0x3E, 0x1F, 0xEE, 0x3B, 0x87, 0xC0, 0xF0, 0x7E, 0x1F, 0xCF, 0x7F, 0xCF,
    0xE0, 0x38, 0x1C, 0x0F, 0x0F, 0x83, 0x80, 0x00, 0xDF, 0x00, 0x00, 0x5F, 0x80, 0xEE, 0x60, 0x00,
    0x00, 0x0E, 0xE6, 0xEC, 0x01, 0xC1, 0xF0, 0xF0, 0xF0, 0xF8, 0x3C, 0x07, 0xC0, 0x7C, 0x07, 0x80,
    0x70, 0x08, 0xFF, 0xFF, 0xF0, 0x00, 0x00, 0xFF, 0xFF, 0xF0, 0x00, 0x38, 0x0F, 0x80, 0xF8, 0x0F,
    0x01, 0xF0, 0x3C, 0x3C, 0x3E, 0x3E, 0x0E, 0x00, 0x00, 0x1E, 0x0F, 0xC7, 0xF9, 0x87, 0x01, 0xC0,
    0x30, 0x1C, 0x0E, 0x0F, 0x87, 0x81, 0xC0, 0x30, 0x00, 0x02, 0x01, 0xC0, 0x30, 0x00, 0xFF, 0x00,
    0x3F, 0xF8, 0x0F, 0x01, 0xC1, 0xC0, 0x0E, 0x38, 0xF6, 0x63, 0x1F, 0xE7, 0x63, 0x8E, 0x36, 0x30,
    0xE3, 0x67, 0x0E, 0x66, 0x60, 0xC6, 0xC6, 0x1C, 0x6E, 0x73, 0xCC, 0x63, 0xFF, 0xC6, 0x3E, 0xF0,
    0x70, 0x00, 0x03, 0x00, 0x00, 0x1C, 0x1C, 0x00, 0xFF, 0x80, 0x03, 0xE0, 0x00, 0x03, 0x00, 0x38,
    0x01, 0xE0, 0x1F, 0x00, 0xD8, 0x06, 0xE0, 0x73, 0x03, 0x1C, 0x38, 0x61, 0xFF, 0x0F, 0xFC, 0xE0,
    0x66, 0x03, 0xF0, 0x0F, 0x00, 0x60, 0x00, 0x7F, 0x8F, 0xFC, 0xE1, 0xEE, 0x06, 0xE0, 0x6E, 0x0E,
    0xFF, 0xCF, 0xFC, 0xFF, 0xEE, 0x07, 0xE0, 0x7E, 0x07, 0xE0, 0x7F, 0xFE, 0x7F, 0xC0, 0x07, 0xE0,
    0x7F, 0xCF, 0x8E, 0x70, 0x07, 0x00, 0x30, 0x01, 0x80, 0x0C, 0x00, 0x60, 0x03, 0x00, 0x1C, 0x00,
    0xE0, 0x03, 0xC1, 0x8F, 0xFC, 0x3F, 0xC0, 0x30, 0x7F, 0x83, 0xFF, 0x8E, 0x0F, 0x38, 0x1C, 0xE0,
    0x3B, 0x80, 0x6E, 0x01, 0xB8, 0x06, 0xE0, 0x1B, 0x80, 0x6E, 0x03, 0xB8, 0x0E, 0xE0, 0x73, 0xFF,
    0x87, 0xFC, 0x00, 0x7F, 0xFF, 0xFE, 0x03, 0x80, 0xE0, 0x38, 0x0F, 0xFB, 0xFE, 0xFF, 0xB8, 0x0E,
    0x03, 0x80, 0xE0, 0x3F, 0xF7, 0xFC, 0x7F, 0xFF, 0xFE, 0x03, 0x80, 0xE0, 0x38, 0x0F, 0xF3, 0xFE,
    0xFF, 0xB8, 0x0E, 0x03, 0x80, 0xE0, 0x38, 0x06, 0x00, 0x07, 0xF0, 0x3F, 0xE3, 0xE3, 0x8E, 0x00,
    0x70, 0x01, 0xC0, 0x06, 0x00, 0x18, 0x3E, 0x60, 0xFD, 0x81, 0xF7, 0x01, 0xCE, 0x07, 0x3C, 0x1C,
    0x7F, 0xF0, 0xFF, 0x80, 0x70, 0x60, 0x37, 0x01, 0xF8, 0x0F, 0xC0, 0x7E, 0x03, 0xF0, 0x1F, 0xFF,
    0xFF, 0xFF, 0xFF, 0xFF, 0x01, 0xF8, 0x0F, 0xC0, 0x7E, 0x03, 0xF0, 0x1D, 0x80, 0xC0, 0x7F, 0xFF,
    0xFF, 0xFF, 0xFF, 0xD8, 0x01, 0x80, 0xC0, 0x60, 0x30, 0x18, 0x0C, 0x06, 0x03, 0x01, 0x80, 0xC0,
    0x78, 0x3E, 0x3F, 0xF9, 0xF8, 0x30, 0x60, 0x37, 0x03, 0xB8, 0x39, 0xC3, 0x8E, 0x38, 0x73, 0x83,
    0xB8, 0x1F, 0xE0, 0xFF, 0x07, 0x9C, 0x38, 0x71, 0xC1, 0xCE, 0x0E, 0x70, 0x39, 0x80, 0xC0, 0x00,
    0x60, 0x38, 0x0E, 0x03, 0x80, 0xE0, 0x38, 0x0E, 0x03, 0x80, 0xE0, 0x38, 0x0E, 0x03, 0x80, 0xE0,
    0x3F, 0xF7, 0xFC, 0x60, 0x05, 0xC0, 0x1F, 0xC0, 0x7F, 0xC0, 0xFF, 0x83, 0xFF, 0x8F, 0xFB, 0x9B,
    0xF3, 0x77, 0xE7, 0xCF, 0xC7, 0x1F, 0x86, 0x3F, 0x00, 0x7E, 0x00, 0xFC, 0x01, 0xD8, 0x03, 0x80,
    0x60, 0x17, 0x01, 0xFC, 0x0F, 0xF0, 0x7F, 0xC3, 0xFE, 0x1F, 0xB8, 0xFC, 0xE7, 0xE3, 0xBF, 0x1D,
    0xF8, 0x7F, 0xC1, 0xFE, 0x07, 0xF0, 0x3D, 0x80, 0xE0, 0x07, 0xE0, 0x3F, 0xF0, 0xF0, 0xF1, 0xC0,
    0xE7, 0x00, 0xEC, 0x01, 0xD8, 0x01, 0xB0, 0x03, 0x60, 0x06, 0xC0, 0x0D, 0xC0, 0x3B, 0x80, 0x63,
    0x83, 0xC3, 0xFF, 0x03, 0xFC, 0x00, 0xC0, 0x7F, 0x1F, 0xFB, 0x87, 0x70, 0x7E, 0x0F, 0xC1, 0xF8,
    0x3F, 0xFE, 0xFF, 0x9F, 0xC3, 0x80, 0x70, 0x0E, 0x01, 0xC0, 0x18, 0x00, 0x07, 0xE0, 0x0F, 0xFC,
    0x0F, 0x0F, 0x07, 0x03, 0x87, 0x00, 0xE3, 0x00, 0x71, 0x80, 0x18, 0xC0, 0x0C, 0x60, 0x06, 0x30,
    0x03, 0x1C, 0x03, 0x8E, 0x01, 0x83, 0x83, 0xC0, 0xFF, 0xC0, 0x3F, 0xC0, 0x0F, 0x00, 0x0F, 0xE3,
    0x86, 0xFF, 0xC0, 0x1F, 0x80, 0x7F, 0x87, 0xFF, 0x38, 0x39, 0xC0, 0xEE, 0x07, 0x70, 0x3B, 0x81,
    0x9F, 0xFC, 0xFF, 0xC7, 0x0F, 0x38, 0x19, 0xC0, 0xCE, 0x07, 0x70, 0x39, 0x80, 0xC0, 0x1F, 0x87,
    0xFD, 0xC3, 0xB0, 0x36, 0x00, 0xE0, 0x0F, 0x80, 0xFC, 0x07, 0xC0, 0x1C, 0x01, 0xA0, 0x3E, 0x0E,
    0xFF, 0xCF, 0xF0, 0x30, 0x7F, 0xF7, 0xFF, 0x81, 0xC0, 0x0E, 0x00, 0x70, 0x03, 0x80, 0x1C, 0x00,
    0xE0, 0x07, 0x00, 0x38, 0x01, 0xC0, 0x0E, 0x00, 0x70, 0x03, 0x80, 0x1C, 0x00, 0x60, 0x3E, 0x03,
    0xE0, 0x3E, 0x03, 0xE0, 0x3E, 0x03, 0xE0, 0x3E, 0x03, 0xE0, 0x3E, 0x03, 0x60, 0x36, 0x07, 0x70,
    0xF3, 0xFE, 0x1F, 0xC0, 0x20, 0x40, 0x0B, 0x80, 0x76, 0x01, 0x9C, 0x0E, 0x30, 0x30, 0xE1, 0xC3,
    0x86, 0x06, 0x18, 0x1C, 0xE0, 0x33, 0x00, 0xFC, 0x01, 0xE0, 0x07, 0x80, 0x1E, 0x00, 0x30, 0x00,
    0xC0, 0x00, 0x3E, 0x00, 0x07, 0x60, 0x00, 0x67, 0x06, 0x0E, 0x70, 0x60, 0xE3, 0x0F, 0x0C, 0x38,
    0xF1, 0xC3, 0x9F, 0x9C, 0x19, 0x99, 0x81, 0xD9, 0xB8, 0x1F, 0x9F, 0x80, 0xF0, 0xF0, 0x0F, 0x0F,
    0x00, 0xE0, 0x70, 0x06, 0x06, 0x00, 0x60, 0x33, 0x01, 0x9C, 0x1C, 0x71, 0xC1, 0xCC, 0x0E, 0xE0,
    0x3E, 0x00, 0xE0, 0x0F, 0x80, 0x7C, 0x07, 0x70, 0x71, 0xC3, 0x07, 0x38, 0x39, 0x80, 0xC0, 0x00,
    0xC0, 0x3E, 0x07, 0x70, 0xE7, 0x0E, 0x39, 0xC1, 0xF8, 0x0F, 0x00, 0xF0, 0x06, 0x00, 0x60, 0x06,
    0x00, 0x60, 0x06, 0x00, 0x60, 0x06, 0x00, 0x7F, 0xFF, 0xFF, 0x00, 0xE0, 0x1C, 0x01, 0xC0, 0x38,
    0x07, 0x00, 0xE0, 0x0E, 0x01, 0xC0, 0x38, 0x07, 0x00, 0x70, 0x0F, 0xFE, 0xFF, 0xF0, 0x7F, 0xFF,
    0x87, 0x0E, 0x1C, 0x38, 0x70, 0xE1, 0xC3, 0x87, 0x0E, 0x1C, 0x38, 0x70, 0xE1, 0xFF, 0xF8, 0xC0,
    0x1C, 0x01, 0x80, 0x38, 0x03, 0x00, 0x70, 0x06, 0x00, 0xE0, 0x0C, 0x01, 0xC0, 0x18, 0x03, 0x80,
    0x30, 0x07, 0x00, 0x60, 0x0E, 0x00, 0xC0, 0x1C, 0x01, 0x80, 0x30, 0x7F, 0xFC, 0x18, 0x30, 0x60,
    0xC1, 0x83, 0x06, 0x0C, 0x18, 0x30, 0x60, 0xC1, 0x83, 0x06, 0xFF, 0xF8, 0x0C, 0x07, 0x03, 0xE0,
    0xFC, 0x77, 0x18, 0xEE, 0x1B, 0x07, 0x00, 0x80, 0x00, 0x0F, 0xFF, 0xFF, 0xF0, 0xEE, 0x31, 0x00,
    0x01, 0xFE, 0x3F, 0xF7, 0x0F, 0x60, 0x76, 0x07, 0x60, 0x76, 0x07, 0x60, 0x77, 0x0F, 0x3F, 0xF1,
    0xFF, 0x06, 0x00, 0x40, 0x1C, 0x03, 0x80, 0x70, 0x0E, 0x01, 0xFF, 0x3F, 0xF7, 0x86, 0xE0, 0xFC,
    0x0F, 0x81, 0xF0, 0x3E, 0x0F, 0xE1, 0xFF, 0xF7, 0xFC, 0x06, 0x00, 0x00, 0x03, 0xF8, 0xFF, 0x38,
    0x27, 0x00, 0xC0, 0x18, 0x03, 0x00, 0x60, 0x0E, 0x08, 0xFF, 0x0F, 0xE0, 0x60, 0x00, 0x20, 0x07,
    0x00, 0x70, 0x07, 0x00, 0x71, 0xFF, 0x3F, 0xF7, 0x0F, 0x60, 0x76, 0x07, 0x60, 0x76, 0x07, 0x60,
    0x77, 0x0F, 0x3F, 0xF1, 0xFF, 0x06, 0x00, 0x00, 0x03, 0xF0, 0xFF, 0x38, 0x76, 0x06, 0xFF, 0xDF,
    0xFB, 0x00, 0x60, 0x0E, 0x0C, 0xFF, 0x8F, 0xE0, 0x20, 0x06, 0x1F, 0x1F, 0x38, 0x38, 0x7F, 0xFF,
    0x38, 0x38, 0x38, 0x38, 0x38, 0x38, 0x38, 0x38, 0x18, 0x00, 0x01, 0xFB, 0x3F, 0xF7, 0x0F, 0x60,
    0x76, 0x07, 0x60, 0x36, 0x03, 0x60, 0x77, 0x0F, 0x3F, 0xF1, 0xFF, 0x06, 0x70, 0x06, 0x3F, 0xE1,
    0xFC, 0x02, 0x00, 0x40, 0x38, 0x0E, 0x03, 0x80, 0xE0, 0x3F, 0xCF, 0xFB, 0xC7, 0xE1, 0xF8, 0x7E,
    0x1F, 0x87, 0xE1, 0xF8, 0x7E, 0x1F, 0x07, 0x5F, 0x0D, 0xFF, 0xFF, 0xFF, 0xF0, 0x11, 0xC6, 0x01,
    0x9C, 0xE7, 0x39, 0xCE, 0x73, 0x9C, 0xE7, 0x3B, 0xBC, 0x00, 0x40, 0x38, 0x0E, 0x03, 0x80, 0xE0,
    0x38, 0x6E, 0x3B, 0x9C, 0xEE, 0x3F, 0x0F, 0xC3, 0xF8, 0xE7, 0x38, 0xEE, 0x3F, 0x87, 0x5F, 0xFF,
    0xFF, 0xFF, 0xFF, 0xFF, 0xDF, 0x3E, 0x7F, 0xFF, 0xBC, 0x78, 0xFC, 0x38, 0x7E, 0x1C, 0x3F, 0x0E,
    0x1F, 0x87, 0x0F, 0xC3, 0x87, 0xE1, 0xC3, 0xF0, 0xE1, 0xF0, 0x70, 0x60, 0x00, 0x37, 0xEF, 0xFB,
    0xC7, 0xE1, 0xF8, 0x3E, 0x0F, 0x83, 0xE0, 0xF8, 0x3E, 0x0F, 0x03, 0x00, 0x01, 0xF8, 0x3F, 0xE7,
    0x0E, 0x70, 0x76, 0x03, 0x60, 0x36, 0x03, 0x60, 0x77, 0x06, 0x3F, 0xE1, 0xFC, 0x06, 0x00, 0xDF,
    0x9F, 0xFB, 0xC7, 0x70, 0x7E, 0x07, 0xC0, 0xF8, 0x1F, 0x07, 0xF0, 0xFF, 0xFB, 0xFE, 0x72, 0x0E,
    0x01, 0xC0, 0x38, 0x00, 0x00, 0x00, 0x01, 0xFE, 0x3F, 0xF7, 0x0F, 0x60, 0x76, 0x07, 0x60, 0x76,
    0x07, 0x60, 0x77, 0x0F, 0x3F, 0xF1, 0xFF, 0x06, 0x70, 0x07, 0x00, 0x70, 0x07, 0x00, 0x00, 0x00,
    0xDE, 0xFE, 0xF0, 0xE0, 0xE0, 0xE0, 0xE0, 0xE0, 0xE0, 0xE0, 0xC0, 0x00, 0x1F, 0x9F, 0xEC, 0x36,
    0x03, 0xE0, 0xFC, 0x1F, 0x01, 0xF0, 0xDF, 0xE7, 0xE0, 0xC0, 0x30, 0x60, 0xE7, 0xFF, 0xE7, 0x0E,
    0x1C, 0x38, 0x70, 0xE1, 0xC3, 0xE3, 0xC0, 0xC0, 0xF8, 0x7E, 0x1F, 0x87, 0xE1, 0xF8, 0x7E, 0x1F,
    0x87, 0xE1, 0xDF, 0xE3, 0xF0, 0x30, 0xE0, 0x6C, 0x1D, 0xC3, 0x38, 0xE3, 0x18, 0x73, 0x06, 0xE0,
    0xF8, 0x0F, 0x01, 0xC0, 0x38, 0x00, 0x00, 0xE0, 0x06, 0xE0, 0x06, 0x61, 0x8E, 0x73, 0x8E, 0x33,
    0xCC, 0x33, 0xDC, 0x3E, 0xFC, 0x1E, 0x78, 0x1E, 0x78, 0x1C, 0x70, 0x0C, 0x30, 0x00, 0x00, 0xE0,
    0xF8, 0x77, 0x38, 0xFC, 0x1E, 0x07, 0x81, 0xE0, 0xFC, 0x73, 0x98, 0x7E, 0x1C, 0x00, 0xC0, 0xF8,
    0x7E, 0x1F, 0x87, 0xE1, 0xF8, 0x7E, 0x1F, 0x87, 0xE1, 0xDF, 0xF7, 0xFC, 0x67, 0x01, 0x9F, 0xE7,
    0xF0, 0x20, 0x7F, 0x9F, 0xE0, 0x38, 0x1C, 0x0E, 0x03, 0x81, 0xC0, 0xE0, 0x70, 0x1F, 0xE7, 0xF8,
    0x03, 0x07, 0x87, 0x03, 0x01, 0x80, 0xC0, 0x60, 0x30, 0x38, 0x78, 0x3E, 0x03, 0x01, 0x80, 0xC0,
    0x60, 0x30, 0x1C, 0x07, 0x01, 0xC0, 0x20, 0x5B, 0xFF, 0xFF, 0xFF, 0xFF, 0xFF, 0xFF, 0xE4, 0xE0,
    0x3C, 0x06, 0x03, 0x81, 0xC0, 0xE0, 0x70, 0x18, 0x0E, 0x03, 0xC3, 0xC1, 0x81, 0xC0, 0xE0, 0x70,
    0x38, 0x1C, 0x3C, 0x3C, 0x00, 0x00, 0x01, 0x7D, 0xBF, 0xD9, 0xE0, 0xDF, 0x0D, 0xB6, 0xDB, 0x6D,
    0xB0, 0x06, 0x00, 0xC0, 0x7E, 0x1F, 0xE7, 0x6C, 0xCC, 0x19, 0x83, 0x30, 0x66, 0x0C, 0xC1, 0xD9,
    0x1F, 0xE1, 0xFC, 0x0E, 0x01, 0x80, 0x0F, 0xC0, 0xFF, 0x07, 0x3C, 0x70, 0x43, 0x80, 0x1C, 0x01,
    0xFE, 0x0F, 0xF8, 0x7F, 0x80, 0xE0, 0x07, 0x00, 0x38, 0x01, 0x80, 0x3F, 0xDF, 0xFF, 0xE8, 0x1C,
    0xC1, 0x7F, 0xFF, 0xCC, 0x66, 0x33, 0x19, 0xFD, 0xFF, 0xDD, 0x80, 0xC0, 0x3E, 0x07, 0x70, 0xE7,
    0x0E, 0x39, 0xC1, 0xF8, 0x0F, 0x03, 0xFC, 0x3F, 0xE3, 0xFC, 0x3F, 0xC3, 0xFE, 0x06, 0x00, 0x60,
    0x06, 0x00, 0x5F, 0xFF, 0xFF, 0xC0, 0x0D, 0xFF, 0xFF, 0xF4, 0x0F, 0x87, 0xF8, 0xE7, 0x18, 0x03,
    0x80, 0x7C, 0x0F, 0xE3, 0xFE, 0x60, 0xEE, 0x1D, 0xF3, 0x1F, 0xE0, 0xFC, 0x03, 0x90, 0x33, 0x8E,
    0x7F, 0x87, 0xE0, 0xCD, 0xDB, 0x30, 0x07, 0xE0, 0x0F, 0xF8, 0x3C, 0x1C, 0x31, 0xCE, 0x67, 0xF6,
    0x6E, 0x23, 0x6C, 0x03, 0xCC, 0x03, 0x4C, 0x03, 0x6E, 0x03, 0x67, 0xF6, 0x73, 0xE6, 0x38, 0x0C,
    0x1E, 0x78, 0x0F, 0xF0, 0x00, 0x00, 0x7F, 0xFF, 0x1E, 0x3C, 0x7F, 0xDF, 0x80, 0x19, 0x9D, 0xDC,
    0xCC, 0xEE, 0xE7, 0x39, 0xCC, 0x77, 0x19, 0x80, 0xFF, 0xFF, 0xFF, 0x00, 0x30, 0x03, 0x00, 0x30,
    0x03, 0x00, 0x00, 0xFD, 0xFB, 0xF0, 0x1F, 0x07, 0xF1, 0xFB, 0x2F, 0xED, 0xE5, 0xBC, 0x96, 0xB3,
    0xDE, 0x3F, 0x83, 0xE0, 0xFF, 0xFC, 0x3C, 0xFF, 0x9E, 0x3E, 0x6F, 0x8E, 0x00, 0x06, 0x01, 0xC0,
    0x38, 0x3F, 0xE7, 0xFE, 0x1C, 0x03, 0x80, 0x30, 0x00, 0x0F, 0xFD, 0xFF, 0x80, 0x27, 0xF6, 0x33,
    0xBB, 0xDF, 0xFB, 0xDD, 0xF1, 0xEF, 0xE4, 0x27, 0x6C, 0x00, 0x40, 0xF8, 0x7E, 0x1F, 0x87, 0xE1,
    0xF8, 0x7E, 0x1F, 0x87, 0xE1, 0xFF, 0xFF, 0xFF, 0xA0, 0xE0, 0x38, 0x04, 0x00, 0x1F, 0xE3, 0xFF,
    0x7F, 0x77, 0xF7, 0x7F, 0x77, 0xF7, 0x7F, 0x77, 0xF7, 0x3F, 0x70, 0xF7, 0x03, 0x70, 0x37, 0x03,
    0x70, 0x37, 0x0B, 0x21, 0xF0, 0x04, 0x00, 0xDF, 0x00, 0x33, 0x66, 0x00, 0x3F, 0x73, 0x33, 0x30,
    0x3C, 0xFF, 0x1E, 0x3C, 0x6F, 0xDF, 0x00, 0x66, 0x19, 0xC7, 0x30, 0xEE, 0x19, 0xCE, 0xE7, 0x31,
    0x9C, 0x66, 0x00, 0x30, 0x18, 0xF0, 0x71, 0xE0, 0xC1, 0xC3, 0x03, 0x8E, 0x07, 0x18, 0x06, 0x60,
    0x01, 0xC0, 0x03, 0x18, 0x0C, 0x78, 0x39, 0xF0, 0x63, 0xE1, 0xCF, 0xE7, 0x0F, 0x8C, 0x06, 0x00,
    0x00, 0x30, 0x10, 0xF0, 0x61, 0xE1, 0xC1, 0xC3, 0x03, 0x8C, 0x07, 0x38, 0x06, 0x60, 0x01, 0xC8,
    0x07, 0x7C, 0x0C, 0xD8, 0x38, 0x30, 0xE0, 0xE1, 0x83, 0x87, 0x0F, 0x8C, 0x1F, 0x00, 0x00, 0xF8,
    0x31, 0xF0, 0x61, 0xC1, 0xC7, 0xC7, 0x01, 0x8C, 0x1B, 0x38, 0x3E, 0xE0, 0x31, 0x80, 0x07, 0x18,
    0x1C, 0x70, 0x31, 0xE0, 0xE3, 0xC3, 0x8F, 0xC6, 0x1F, 0x8C, 0x06, 0x00, 0x00, 0x04, 0x03, 0x80,
    0xE0, 0x00, 0x06, 0x01, 0x80, 0x60, 0x78, 0x3C, 0x1C, 0x06, 0x03, 0x80, 0x60, 0x1C, 0x77, 0xFC,
    0xFC, 0x00, 0x00, 0x1C, 0x00, 0x70, 0x01, 0xC0, 0x06, 0x00, 0x70, 0x03, 0xC0, 0x3E, 0x01, 0xB0,
    0x0D, 0xC0, 0xE6, 0x06, 0x38, 0x70, 0xC3, 0xFE, 0x1F, 0xF9, 0xC0, 0xCC, 0x07, 0xE0, 0x1E, 0x00,
    0xC0, 0x00, 0x00, 0xC0, 0x0E, 0x00, 0xE0, 0x06, 0x00, 0x70, 0x03, 0xC0, 0x3E, 0x01, 0xB0, 0x0D,
    0xC0, 0xE6, 0x06, 0x38, 0x70, 0xC3, 0xFE, 0x1F, 0xF9, 0xC0, 0xCC, 0x07, 0xE0, 0x1E, 0x00, 0xC0,
    0x00, 0x07, 0x00, 0x7C, 0x03, 0x70, 0x00, 0x00, 0x30, 0x03, 0x80, 0x1E, 0x01, 0xF0, 0x0D, 0x80,
    0x6E, 0x07, 0x30, 0x31, 0xC3, 0x86, 0x1F, 0xF0, 0xFF, 0xCE, 0x06, 0x60, 0x3F, 0x00, 0xF0, 0x06,
    0x00, 0x00, 0x0E, 0x40, 0xFF, 0x06, 0xF0, 0x00, 0x00, 0x30, 0x03, 0x80, 0x1E, 0x01, 0xF0, 0x0D,
    0x80, 0x6E, 0x07, 0x30, 0x31, 0xC3, 0x86, 0x1F, 0xF0, 0xFF, 0xCE, 0x06, 0x60, 0x3F, 0x00, 0xF0,
    0x06, 0x00, 0x00, 0x00, 0x00, 0x6E, 0x03, 0x70, 0x00, 0x00, 0x30, 0x03, 0x80, 0x1E, 0x01, 0xF0,
    0x0D, 0x80, 0x6E, 0x07, 0x30, 0x31, 0xC3, 0x86, 0x1F, 0xF0, 0xFF, 0xCE, 0x06, 0x60, 0x3F, 0x00,
    0xF0, 0x06, 0x00, 0x00, 0x07, 0x00, 0x7C, 0x03, 0x60, 0x0F, 0x00, 0x70, 0x03, 0xC0, 0x3E, 0x01,
    0xB0, 0x0D, 0xC0, 0xE6, 0x06, 0x38, 0x70, 0xC3, 0xFE, 0x1F, 0xF9, 0xC0, 0xCC, 0x07, 0xE0, 0x1E,
    0x00, 0xC0, 0x00, 0x00, 0x7F, 0xC0, 0x3F, 0xF0, 0x0E, 0x00, 0x07, 0x80, 0x03, 0xE0, 0x00, 0xD8,
    0x00, 0x77, 0xF8, 0x39, 0xFE, 0x0C, 0x7F, 0x87, 0x18, 0x03, 0xFE, 0x01, 0xFF, 0x80, 0x70, 0x60,
    0x38, 0x1F, 0xFC, 0x07, 0xFC, 0x00, 0x00, 0x07, 0xE0, 0x7F, 0xCF, 0x8E, 0x70, 0x07, 0x00, 0x30,
    0x01, 0x80, 0x0C, 0x00, 0x60, 0x03, 0x00, 0x1C, 0x00, 0xE0, 0x03, 0xC1, 0x8F, 0xFC, 0x3F, 0xC0,
    0x30, 0x03, 0x00, 0x18, 0x00, 0x00, 0x38, 0x0F, 0x00, 0xC1, 0xFF, 0xFF, 0xF8, 0x0E, 0x03, 0x80,
    0xE0, 0x3F, 0xEF, 0xFB, 0xFE, 0xE0, 0x38, 0x0E, 0x03, 0x80, 0xFF, 0xDF, 0xF0, 0x01, 0x81, 0xE0,
    0x61, 0xFF, 0xFF, 0xF8, 0x0E, 0x03, 0x80, 0xE0, 0x3F, 0xEF, 0xFB, 0xFE, 0xE0, 0x38, 0x0E, 0x03,
    0x80, 0xFF, 0xDF, 0xF0, 0x0E, 0x07, 0xC1, 0xB8, 0x00, 0x7F, 0xFF, 0xFE, 0x03, 0x80, 0xE0, 0x38,
    0x0F, 0xFB, 0xFE, 0xFF, 0xB8, 0x0E, 0x03, 0x80, 0xE0, 0x3F, 0xF7, 0xFC, 0x00, 0x0E, 0xE3, 0xB8,
    0x00, 0x7F, 0xFF, 0xFE, 0x03, 0x80, 0xE0, 0x38, 0x0F, 0xFB, 0xFE, 0xFF, 0xB8, 0x0E, 0x03, 0x80,
    0xE0, 0x3F, 0xF7, 0xFC, 0xE7, 0x8E, 0x33, 0x9C, 0xE7, 0x39, 0xCE, 0x73, 0x9C, 0xE7, 0x38, 0xC0,
    0x19, 0xDC, 0xCE, 0x73, 0x9C, 0xE7, 0x39, 0xCE, 0x73, 0x9C, 0xE3, 0x00, 0x38, 0xF9, 0xB8, 0x01,
    0x87, 0x0E, 0x1C, 0x38, 0x70, 0xE1, 0xC3, 0x87, 0x0E, 0x1C, 0x38, 0x70, 0x60, 0x00, 0xDD, 0xB8,
    0x01, 0x87, 0x0E, 0x1C, 0x38, 0x70, 0xE1, 0xC3, 0x87, 0x0E, 0x1C, 0x38, 0x70, 0x60, 0x3F, 0xC0,
    0xFF, 0xE1, 0xC1, 0xE3, 0x81, 0xC7, 0x01, 0xCE, 0x01, 0x9C, 0x03, 0x7E, 0x06, 0xFC, 0x0C, 0xE0,
    0x19, 0xC0, 0x73, 0x80, 0xE7, 0x03, 0x8F, 0xFE, 0x0F, 0xF8, 0x00, 0x0C, 0x40, 0xFE, 0x06, 0xF0,
    0x00, 0x06, 0x01, 0x70, 0x1F, 0xC0, 0xFF, 0x07, 0xFC, 0x3F, 0xE1, 0xFB, 0x8F, 0xCE, 0x7E, 0x3B,
    0xF1, 0xDF, 0x87, 0xFC, 0x1F, 0xE0, 0x7F, 0x03, 0xD8, 0x0E, 0x06, 0x00, 0x0E, 0x00, 0x0E, 0x00,
    0x3F, 0x01, 0xFF, 0x87, 0x87, 0x8E, 0x07, 0x38, 0x07, 0x60, 0x0E, 0xC0, 0x0D, 0x80, 0x1B, 0x00,
    0x36, 0x00, 0x6E, 0x01, 0xDC, 0x03, 0x1C, 0x1E, 0x1F, 0xF8, 0x1F, 0xE0, 0x06, 0x00, 0x00, 0x60,
    0x01, 0xC0, 0x07, 0x00, 0x3F, 0x01, 0xFF, 0x87, 0x87, 0x8E, 0x07, 0x38, 0x07, 0x60, 0x0E, 0xC0,
    0x0D, 0x80, 0x1B, 0x00, 0x36, 0x00, 0x6E, 0x01, 0xDC, 0x03, 0x1C, 0x1E, 0x1F, 0xF8, 0x1F, 0xE0,
    0x06, 0x00, 0x01, 0x80, 0x07, 0x80, 0x1B, 0x80, 0x00, 0x00, 0x7E, 0x03, 0xFF, 0x0F, 0x0F, 0x1C,
    0x0E, 0x70, 0x0E, 0xC0, 0x1D, 0x80, 0x1B, 0x00, 0x36, 0x00, 0x6C, 0x00, 0xDC, 0x03, 0xB8, 0x06,
    0x38, 0x3C, 0x3F, 0xF0, 0x3F, 0xC0, 0x0C, 0x00, 0x07, 0x30, 0x1F, 0xE0, 0x37, 0x80, 0x00, 0x00,
    0x7E, 0x03, 0xFF, 0x0F, 0x0F, 0x1C, 0x0E, 0x70, 0x0E, 0xC0, 0x1D, 0x80, 0x1B, 0x00, 0x36, 0x00,
    0x6C, 0x00, 0xDC, 0x03, 0xB8, 0x06, 0x38, 0x3C, 0x3F, 0xF0, 0x3F, 0xC0, 0x0C, 0x00, 0x00, 0x00,
    0x0C, 0xC0, 0x19, 0x80, 0x00, 0x00, 0x7E, 0x03, 0xFF, 0x0F, 0x0F, 0x1C, 0x0E, 0x70, 0x0E, 0xC0,
    0x1D, 0x80, 0x1B, 0x00, 0x36, 0x00, 0x6C, 0x00, 0xDC, 0x03, 0xB8, 0x06, 0x38, 0x3C, 0x3F, 0xF0,
    0x3F, 0xC0, 0x0C, 0x00, 0xC3, 0xE7, 0x7E, 0x3C, 0x3C, 0x7E, 0xE7, 0xC3, 0x00, 0x00, 0x04, 0x0F,
    0xDC, 0x7F, 0xF1, 0xE1, 0xE3, 0x83, 0xCE, 0x0F, 0xD8, 0x3B, 0xB0, 0xE3, 0x61, 0x86, 0xC7, 0x0D,
    0x9C, 0x1B, 0xF0, 0x77, 0xC0, 0xC7, 0x87, 0x8F, 0xFE, 0x3F, 0xF8, 0x61, 0x80, 0x18, 0x01, 0xE0,
    0x06, 0x06, 0x03, 0xE0, 0x3E, 0x03, 0xE0, 0x3E, 0x03, 0xE0, 0x3E, 0x03, 0xE0, 0x3E, 0x03, 0xE0,
    0x36, 0x03, 0x60, 0x77, 0x0F, 0x3F, 0xE1, 0xFC, 0x02, 0x00, 0x01, 0xC0, 0x3C, 0x03, 0x06, 0x03,
    0xE0, 0x3E, 0x03, 0xE0, 0x3E, 0x03, 0xE0, 0x3E, 0x03, 0xE0, 0x3E, 0x03, 0xE0, 0x36, 0x03, 0x60,
    0x77, 0x0F, 0x3F, 0xE1, 0xFC, 0x02, 0x00, 0x07, 0x00, 0xF8, 0x1D, 0x80, 0x00, 0x60, 0x3E, 0x03,
    0xE0, 0x3E, 0x03, 0xE0, 0x3E, 0x03, 0xE0, 0x3E, 0x03, 0xE0, 0x3E, 0x03, 0x60, 0x36, 0x07, 0x70,
    0xF3, 0xFE, 0x1F, 0xC0, 0x20, 0x00, 0x01, 0xDC, 0x1D, 0xC0, 0x00, 0x60, 0x3E, 0x03, 0xE0, 0x3E,
    0x03, 0xE0, 0x3E, 0x03, 0xE0, 0x3E, 0x03, 0xE0, 0x3E, 0x03, 0x60, 0x36, 0x07, 0x70, 0xF3, 0xFE,
    0x1F, 0xC0, 0x20, 0x01, 0x80, 0x38, 0x07, 0x0C, 0x03, 0xE0, 0x77, 0x0E, 0x70, 0xE3, 0x9C, 0x1F,
    0x80, 0xF0, 0x0F, 0x00, 0x60, 0x06, 0x00, 0x60, 0x06, 0x00, 0x60, 0x06, 0x00, 0x60, 0x40, 0x1C,
    0x03, 0x80, 0x7F, 0x8F, 0xFD, 0xFF, 0xB8, 0x3F, 0x07, 0xE0, 0xFC, 0x1F, 0xFF, 0x7F, 0xCF, 0xE1,
    0xC0, 0x38, 0x03, 0x00, 0x03, 0x00, 0x7E, 0x07, 0xF8, 0x71, 0xC3, 0x06, 0x38, 0x73, 0xCF, 0x0E,
    0x3C, 0x30, 0xF1, 0x81, 0x8C, 0x0C, 0x60, 0x73, 0x03, 0x18, 0x18, 0xDF, 0xC6, 0xFC, 0x01, 0x80,
    0x18, 0x01, 0xC0, 0x0E, 0x00, 0x20, 0x1F, 0xE3, 0xFF, 0x70, 0xF6, 0x07, 0x60, 0x76, 0x07, 0x60,
    0x76, 0x07, 0x70, 0xF3, 0xFF, 0x1F, 0xF0, 0x60, 0x01, 0x80, 0x38, 0x03, 0x80, 0x70, 0x00, 0x01,
    0xFE, 0x3F, 0xF7, 0x0F, 0x60, 0x76, 0x07, 0x60, 0x76, 0x07, 0x60, 0x77, 0x0F, 0x3F, 0xF1, 0xFF,
    0x06, 0x00, 0x00, 0x00, 0x70, 0x0F, 0x81, 0x98, 0x00, 0x01, 0xFE, 0x3F, 0xF7, 0x0F, 0x60, 0x76,
    0x07, 0x60, 0x76, 0x07, 0x60, 0x77, 0x0F, 0x3F, 0xF1, 0xFF, 0x06, 0x00, 0x00, 0x01, 0xEC, 0x1F,
    0xC1, 0x38, 0x00, 0x01, 0xFE, 0x3F, 0xF7, 0x0F, 0x60, 0x76, 0x07, 0x60, 0x76, 0x07, 0x60, 0x77,
    0x0F, 0x3F, 0xF1, 0xFF, 0x06, 0x00, 0x19, 0x81, 0xD8, 0x19, 0x80, 0x00, 0x1F, 0xE3, 0xFF, 0x70,
    0xF6, 0x07, 0x60, 0x76, 0x07, 0x60, 0x76, 0x07, 0x70, 0xF3, 0xFF, 0x1F, 0xF0, 0x60, 0x0F, 0x00,
    0xF8, 0x0D, 0x80, 0xF0, 0x06, 0x01, 0xFE, 0x3F, 0xF7, 0x0F, 0x60, 0x76, 0x07, 0x60, 0x76, 0x07,
    0x60, 0x77, 0x0F, 0x3F, 0xF1, 0xFF, 0x06, 0x00, 0x00, 0x00, 0x0F, 0xDF, 0x8F, 0xFF, 0xF3, 0x8F,
    0x0E, 0xC1, 0x81, 0x8F, 0xFF, 0xE7, 0xFF, 0xFB, 0x86, 0x00, 0xC1, 0x80, 0x30, 0xF0, 0x6F, 0xFF,
    0xF9, 0xF9, 0xFC, 0x10, 0x08, 0x00, 0x00, 0x03, 0xF8, 0xFF, 0x38, 0x27, 0x00, 0xC0, 0x18, 0x03,
    0x00, 0x60, 0x0E, 0x08, 0xFF, 0x0F, 0xE0, 0x60, 0x1C, 0x03, 0x00, 0x00, 0x18, 0x03, 0x80, 0x38,
    0x01, 0x01, 0xF8, 0x7F, 0x9C, 0x3B, 0x03, 0x7F, 0xEF, 0xFD, 0x80, 0x30, 0x07, 0x06, 0x7F, 0xC7,
    0xF0, 0x10, 0x01, 0x00, 0x70, 0x0C, 0x03, 0x00, 0x00, 0x3F, 0x0F, 0xF3, 0x87, 0x60, 0x6F, 0xFD,
    0xFF, 0xB0, 0x06, 0x00, 0xE0, 0xCF, 0xF8, 0xFE, 0x02, 0x00, 0x00, 0x01, 0xE0, 0x3E, 0x0C, 0xC0,
    0x00, 0x3F, 0x0F, 0xF3, 0x87, 0x60, 0x6F, 0xFD, 0xFF, 0xB0, 0x06, 0x00, 0xE0, 0xCF, 0xF8, 0xFE,
    0x02, 0x00, 0x19, 0x83, 0xB0, 0x66, 0x00, 0x01, 0xF8, 0x7F, 0x9C, 0x3B, 0x03, 0x7F, 0xEF, 0xFD,
    0x80, 0x30, 0x07, 0x06, 0x7F, 0xC7, 0xF0, 0x10, 0xE7, 0x0C, 0x23, 0x1C, 0xE7, 0x39, 0xCE, 0x73,
    0x9C, 0xC0, 0x33, 0x7E, 0x0C, 0xEE, 0xEE, 0xEE, 0xEE, 0xEC, 0x00, 0xE7, 0xF3, 0x00, 0xC3, 0x8E,
    0x38, 0xE3, 0x8E, 0x38, 0xE3, 0x8C, 0xCD, 0xDF, 0x30, 0x03, 0x07, 0x0E, 0x1C, 0x38, 0x70, 0xE1,
    0xC3, 0x87, 0x0C, 0x00, 0x0C, 0x01, 0xE0, 0x0F, 0xE1, 0xFC, 0x1F, 0xC1, 0xFE, 0x3F, 0xE7, 0x9E,
    0x70, 0xE6, 0x06, 0x60, 0x66, 0x06, 0x70, 0x67, 0x0E, 0x3F, 0xC1, 0xF8, 0x00, 0x00, 0x00, 0x0F,
    0x63, 0xF8, 0x9C, 0x00, 0x37, 0xEF, 0xFB, 0xC7, 0xE1, 0xF8, 0x3E, 0x0F, 0x83, 0xE0, 0xF8, 0x3E,
    0x0F, 0x03, 0x1C, 0x01, 0xC0, 0x06, 0x00, 0x20, 0x1F, 0x83, 0xFE, 0x70, 0xE7, 0x07, 0x60, 0x36,
    0x03, 0x60, 0x36, 0x07, 0x70, 0x63, 0xFE, 0x1F, 0xC0, 0x60, 0x01, 0x80, 0x18, 0x03, 0x80, 0x30,
    0x00, 0x01, 0xF8, 0x3F, 0xE7, 0x0E, 0x70, 0x76, 0x03, 0x60, 0x36, 0x03, 0x60, 0x77, 0x06, 0x3F,
    0xE1, 0xFC, 0x06, 0x00, 0x00, 0x00, 0x70, 0x0F, 0x80, 0x98, 0x00, 0x01, 0xF8, 0x3F, 0xE7, 0x0E,
    0x70, 0x76, 0x03, 0x60, 0x36, 0x03, 0x60, 0x77, 0x06, 0x3F, 0xE1, 0xFC, 0x06, 0x00, 0x00, 0x01,
    0xEC, 0x1F, 0xC1, 0x38, 0x00, 0x01, 0xF8, 0x3F, 0xE7, 0x0E, 0x70, 0x76, 0x03, 0x60, 0x36, 0x03,
    0x60, 0x77, 0x06, 0x3F, 0xE1, 0xFC, 0x06, 0x00, 0x1D, 0x81, 0xDC, 0x09, 0x80, 0x00, 0x1F, 0x83,
    0xFE, 0x70, 0xE7, 0x07, 0x60, 0x36, 0x03, 0x60, 0x36, 0x07, 0x70, 0x63, 0xFE, 0x1F, 0xC0, 0x60,
    0x0C, 0x01, 0xC0, 0x30, 0x00, 0x0F, 0xFD, 0xFF, 0x80, 0x00, 0x60, 0x0C, 0x01, 0x80, 0x00, 0x21,
    0xFF, 0x3F, 0xE7, 0x0E, 0x71, 0xF6, 0x3B, 0x67, 0x36, 0xE3, 0x7C, 0x77, 0x86, 0x3F, 0xE7, 0xFC,
    0x66, 0x00, 0x30, 0x0E, 0x01, 0xC0, 0x00, 0xC0, 0xF8, 0x7E, 0x1F, 0x87, 0xE1, 0xF8, 0x7E, 0x1F,
    0x87, 0xE1, 0xDF, 0xE3, 0xF0, 0x30, 0x02, 0x01, 0xC0, 0x60, 0x30, 0x00, 0x30, 0x3E, 0x1F, 0x87,
    0xE1, 0xF8, 0x7E, 0x1F, 0x87, 0xE1, 0xF8, 0x77, 0xF8, 0xFC, 0x0C, 0x00, 0x00, 0x07, 0x83, 0xF0,
    0xCC, 0x00, 0x30, 0x3E, 0x1F, 0x87, 0xE1, 0xF8, 0x7E, 0x1F, 0x87, 0xE1, 0xF8, 0x77, 0xF8, 0xFC,
    0x0C, 0x00, 0x33, 0x0C, 0xC3, 0x30, 0x00, 0xC0, 0xF8, 0x7E, 0x1F, 0x87, 0xE1, 0xF8, 0x7E, 0x1F,
    0x87, 0xE1, 0xDF, 0xE3, 0xF0, 0x30, 0x02, 0x01, 0xC0, 0x60, 0x30, 0x00, 0x30, 0x3E, 0x1F, 0x87,
    0xE1, 0xF8, 0x7E, 0x1F, 0x87, 0xE1, 0xF8, 0x77, 0xFD, 0xFF, 0x19, 0xC0, 0x67, 0xF9, 0xFC, 0x08,
    0x00, 0x40, 0x1C, 0x03, 0x80, 0x70, 0x0E, 0x01, 0xFF, 0x3F, 0xF7, 0x8E, 0xE0, 0xFC, 0x0F, 0x81,
    0xF0, 0x3E, 0x0F, 0xE1, 0xFF, 0xF7, 0xFC, 0xE4, 0x1C, 0x03, 0x80, 0x70, 0x00, 0x00, 0x33, 0x0C,
    0xC3, 0x30, 0x00, 0xC0, 0xF8, 0x7E, 0x1F, 0x87, 0xE1, 0xF8, 0x7E, 0x1F, 0x87, 0xE1, 0xDF, 0xF7,
    0xFC, 0x67, 0x01, 0x9F, 0xE7, 0xF0, 0x20, 0x1F, 0xC0, 0xFE, 0x00, 0x00, 0x06, 0x00, 0x70, 0x03,
    0xC0, 0x3E, 0x01, 0xB0, 0x0D, 0xC0, 0xE6, 0x06, 0x38, 0x70, 0xC3, 0xFE, 0x1F, 0xF9, 0xC0, 0xCC,
    0x07, 0xE0, 0x1E, 0x00, 0xC0, 0x00, 0x1F, 0xC1, 0xFC, 0x00, 0x01, 0xFE, 0x3F, 0xF7, 0x0F, 0x60,
    0x76, 0x07, 0x60, 0x76, 0x07, 0x60, 0x77, 0x0F, 0x3F, 0xF1, 0xFF, 0x06, 0x00, 0x18, 0xC0, 0x7E,
    0x03, 0xE0, 0x00, 0x00, 0x30, 0x03, 0x80, 0x1E, 0x01, 0xF0, 0x0D, 0x80, 0x6E, 0x07, 0x30, 0x31,
    0xC3, 0x86, 0x1F, 0xF0, 0xFF, 0xCE, 0x06, 0x60, 0x3F, 0x00, 0xF0, 0x06, 0x00, 0x00, 0x18, 0x81,
    0x98, 0x1F, 0x80, 0x70, 0x1F, 0xE3, 0xFF, 0x70, 0xF6, 0x07, 0x60, 0x76, 0x07, 0x60, 0x76, 0x07,
    0x70, 0xF3, 0xFF, 0x1F, 0xF0, 0x60, 0x03, 0x00, 0x1C, 0x00, 0x78, 0x03, 0xE0, 0x0D, 0x80, 0x37,
    0x01, 0xCC, 0x06, 0x38, 0x38, 0x60, 0xFF, 0x83, 0xFF, 0x1C, 0x0C, 0x60, 0x3B, 0x80, 0x6C, 0x03,
    0x80, 0x1C, 0x00, 0x60, 0x01, 0xF0, 0x07, 0x80, 0x00, 0x00, 0x01, 0xFE, 0x3F, 0xF7, 0x0F, 0x60,
    0x76, 0x07, 0x60, 0x76, 0x07, 0x60, 0x77, 0x0F, 0x3F, 0xF1, 0xFF, 0x06, 0xE0, 0x18, 0x01, 0xF0,
    0x0F, 0x00, 0x40, 0x00, 0x60, 0x07, 0x00, 0x70, 0x0F, 0xC0, 0xFF, 0x9F, 0x1C, 0xE0, 0x0E, 0x00,
    0x60, 0x03, 0x00, 0x18, 0x00, 0xC0, 0x06, 0x00, 0x38, 0x01, 0xC0, 0x07, 0x83, 0x1F, 0xF8, 0x7F,
    0x80, 0x60, 0x01, 0x80, 0x30, 0x0E, 0x03, 0x80, 0x00, 0x3F, 0x8F, 0xF3, 0x82, 0x70, 0x0C, 0x01,
    0x80, 0x30, 0x06, 0x00, 0xE0, 0x8F, 0xF0, 0xFE, 0x06, 0x00, 0x01, 0x80, 0x1E, 0x01, 0xB8, 0x00,
    0x00, 0x7E, 0x07, 0xFC, 0xF8, 0xE7, 0x00, 0x70, 0x03, 0x00, 0x18, 0x00, 0xC0, 0x06, 0x00, 0x30,
    0x01, 0xC0, 0x0E, 0x00, 0x3C, 0x18, 0xFF, 0xC3, 0xFC, 0x03, 0x00, 0x00, 0x00, 0xE0, 0x3E, 0x0C,
    0xC0, 0x00, 0x3F, 0x8F, 0xF3, 0x82, 0x70, 0x0C, 0x01, 0x80, 0x30, 0x06, 0x00, 0xE0, 0x8F, 0xF0,
    0xFE, 0x06, 0x00, 0x03, 0x80, 0x1C, 0x00, 0x00, 0x0F, 0xC0, 0xFF, 0x9F, 0x1C, 0xE0, 0x0E, 0x00,
    0x60, 0x03, 0x00, 0x18, 0x00, 0xC0, 0x06, 0x00, 0x38, 0x01, 0xC0, 0x07, 0x83, 0x1F, 0xF8, 0x7F,
    0x80, 0x60, 0x02, 0x00, 0xE0, 0x18, 0x00, 0x01, 0xFC, 0x7F, 0x9C, 0x13, 0x80, 0x60, 0x0C, 0x01,
    0x80, 0x30, 0x07, 0x04, 0x7F, 0x87, 0xF0, 0x30, 0x00, 0x00, 0x33, 0x00, 0xF0, 0x07, 0x00, 0x00,
    0x03, 0xF0, 0x3F, 0xE7, 0xC7, 0x38, 0x03, 0x80, 0x18, 0x00, 0xC0, 0x06, 0x00, 0x30, 0x01, 0x80,
    0x0E, 0x00, 0x70, 0x01, 0xE0, 0xC7, 0xFE, 0x1F, 0xE0, 0x18, 0x00, 0x19, 0x81, 0xF0, 0x1C, 0x00,
    0x01, 0xFC, 0x7F, 0x9C, 0x13, 0x80, 0x60, 0x0C, 0x01, 0x80, 0x30, 0x07, 0x04, 0x7F, 0x87, 0xF0,
    0x30, 0x00, 0x00, 0xEC, 0x01, 0xF0, 0x03, 0x80, 0x00, 0x01, 0xFE, 0x0F, 0xFE, 0x38, 0x3C, 0xE0,
    0x73, 0x80, 0xEE, 0x01, 0xB8, 0x06, 0xE0, 0x1B, 0x80, 0x6E, 0x01, 0xB8, 0x0E, 0xE0, 0x3B, 0x81,
    0xCF, 0xFE, 0x1F, 0xF0, 0x00, 0x2E, 0x00, 0x7E, 0x00, 0x76, 0x00, 0x7E, 0x00, 0x7C, 0x1F, 0xF0,
    0x3F, 0xF0, 0x70, 0xF0, 0x60, 0x70, 0x60, 0x70, 0x60, 0x70, 0x60, 0x70, 0x60, 0x70, 0x70, 0xF0,
    0x3F, 0xF0, 0x1F, 0xF0, 0x06, 0x00, 0x3F, 0xC0, 0xFF, 0xE1, 0xC1, 0xE3, 0x81, 0xC7, 0x01, 0xCE,
    0x01, 0x9C, 0x03, 0x7E, 0x06, 0xFC, 0x0C, 0xE0, 0x19, 0xC0, 0x73, 0x80, 0xE7, 0x03, 0x8F, 0xFE,
    0x0F, 0xF8, 0x00, 0x00, 0x20, 0x03, 0x80, 0x7E, 0x03, 0xF0, 0x07, 0x0F, 0xF8, 0xFF, 0xCE, 0x1E,
    0x60, 0x73, 0x03, 0x98, 0x1C, 0xC0, 0xE6, 0x07, 0x38, 0x78, 0xFF, 0xC3, 0xFE, 0x06, 0x00, 0x3F,
    0x8F, 0xE0, 0x01, 0xFF, 0xFF, 0xF8, 0x0E, 0x03, 0x80, 0xE0, 0x3F, 0xEF, 0xFB, 0xFE, 0xE0, 0x38,
    0x0E, 0x03, 0x80, 0xFF, 0xDF, 0xF0, 0x1F, 0x87, 0xF0, 0x00, 0x0F, 0xC3, 0xFC, 0xE1, 0xD8, 0x1B,
    0xFF, 0x7F, 0xEC, 0x01, 0x80, 0x38, 0x33, 0xFE, 0x3F, 0x80, 0x80, 0x31, 0x8F, 0xE1, 0xF0, 0x00,
    0x7F, 0xFF, 0xFE, 0x03, 0x80, 0xE0, 0x38, 0x0F, 0xFB, 0xFE, 0xFF, 0xB8, 0x0E, 0x03, 0x80, 0xE0,
    0x3F, 0xF7, 0xFC, 0x11, 0x83, 0x30, 0x7E, 0x07, 0x81, 0xF8, 0x7F, 0x9C, 0x3B, 0x03, 0x7F, 0xEF,
    0xFD, 0x80, 0x30, 0x07, 0x06, 0x7F, 0xC7, 0xF0, 0x10, 0x0E, 0x03, 0x80, 0x41, 0xFF, 0xFF, 0xF8,
    0x0E, 0x03, 0x80, 0xE0, 0x3F, 0xEF, 0xFB, 0xFE, 0xE0, 0x38, 0x0E, 0x03, 0x80, 0xFF, 0xDF, 0xF0,
    0x06, 0x00, 0xC0, 0x18, 0x00, 0x01, 0xF8, 0x7F, 0x9C, 0x3B, 0x03, 0x7F, 0xEF, 0xFD, 0x80, 0x30,
    0x07, 0x06, 0x7F, 0xC7, 0xF0, 0x10, 0x7F, 0xFF, 0xFE, 0x03, 0x80, 0xE0, 0x38, 0x0F, 0xFB, 0xFE,
    0xFF, 0xB8, 0x0E, 0x03, 0x80, 0xE0, 0x3F, 0xF7, 0xFC, 0x0E, 0x07, 0x01, 0xF0, 0x3C, 0x00, 0x00,
    0x03, 0xF0, 0xFF, 0x38, 0x76, 0x06, 0xFF, 0xDF, 0xFB, 0x00, 0x60, 0x0E, 0x0C, 0xFF, 0x8F, 0xE0,
    0x38, 0x06, 0x00, 0xF8, 0x0F, 0x00, 0x00, 0x00, 0x06, 0xE1, 0xF0, 0x38, 0x00, 0x1F, 0xFF, 0xFF,
    0x80, 0xE0, 0x38, 0x0E, 0x03, 0xFE, 0xFF, 0xBF, 0xEE, 0x03, 0x80, 0xE0, 0x38, 0x0F, 0xFD, 0xFF,
    0x19, 0x83, 0xE0, 0x3C, 0x00, 0x01, 0xF8, 0x7F, 0x9C, 0x3B, 0x03, 0x7F, 0xEF, 0xFD, 0x80, 0x30,
    0x07, 0x06, 0x7F, 0xC7, 0xF0, 0x10, 0x01, 0x80, 0x0F, 0x00, 0x6E, 0x00, 0x00, 0x07, 0xF0, 0x3F,
    0xE3, 0xE3, 0x8E, 0x00, 0x70, 0x01, 0xC0, 0x06, 0x00, 0x18, 0x3E, 0x60, 0xFD, 0x81, 0xF7, 0x01,
    0xCE, 0x07, 0x3C, 0x1C, 0x7F, 0xF0, 0xFF, 0x80, 0x70, 0x00, 0x00, 0x70, 0x0F, 0x80, 0xCC, 0x00,
    0x01, 0xFB, 0x3F, 0xF7, 0x0F, 0x60, 0x76, 0x07, 0x60, 0x36, 0x03, 0x60, 0x77, 0x0F, 0x3F, 0xF1,
    0xFF, 0x06, 0x70, 0x06, 0x3F, 0xE1, 0xFC, 0x02, 0x00, 0x06, 0x60, 0x1F, 0x80, 0x3C, 0x00, 0x00,
    0x07, 0xF0, 0x3F, 0xE3, 0xE3, 0x8E, 0x00, 0x70, 0x01, 0xC0, 0x06, 0x00, 0x18, 0x3E, 0x60, 0xFD,
    0x81, 0xF7, 0x01, 0xCE, 0x07, 0x3C, 0x1C, 0x7F, 0xF0, 0xFF, 0x80, 0x70, 0x18, 0xC1, 0xDC, 0x0F,
    0x80, 0x70, 0x1F, 0xB3, 0xFF, 0x70, 0xF6, 0x07, 0x60, 0x76, 0x03, 0x60, 0x36, 0x07, 0x70, 0xF3,
    0xFF, 0x1F, 0xF0, 0x67, 0x00, 0x63, 0xFE, 0x1F, 0xC0, 0x20, 0x01, 0x80, 0x06, 0x00, 0x00, 0x01,
    0xFC, 0x0F, 0xF8, 0xF8, 0xE3, 0x80, 0x1C, 0x00, 0x70, 0x01, 0x80, 0x06, 0x0F, 0x98, 0x3F, 0x60,
    0x7D, 0xC0, 0x73, 0x81, 0xCF, 0x07, 0x1F, 0xFC, 0x3F, 0xE0, 0x1C, 0x00, 0x02, 0x00, 0x70, 0x07,
    0x00, 0x00, 0x1F, 0xB3, 0xFF, 0x70, 0xF6, 0x07, 0x60, 0x76, 0x03, 0x60, 0x36, 0x07, 0x70, 0xF3,
    0xFF, 0x1F, 0xF0, 0x67, 0x00, 0x63, 0xFE, 0x1F, 0xC0, 0x20, 0x07, 0xF0, 0x3F, 0xE3, 0xE3, 0x8E,
    0x00, 0x70, 0x01, 0xC0, 0x06, 0x00, 0x18, 0x3E, 0x60, 0xFD, 0x81, 0xF7, 0x01, 0xCE, 0x07, 0x3C,
    0x1C, 0x7F, 0xF0, 0xFF, 0x80, 0x70, 0x01, 0xC0, 0x07, 0x00, 0x18, 0x00, 0x03, 0x00, 0x70, 0x06,
    0x00, 0x70, 0x07, 0x00, 0x00, 0x1F, 0xB3, 0xFF, 0x70, 0xF6, 0x07, 0x60, 0x76, 0x03, 0x60, 0x36,
    0x07, 0x70, 0xF3, 0xFF, 0x1F, 0xF0, 0x67, 0x00, 0x63, 0xFE, 0x1F, 0xC0, 0x20, 0x07, 0x00, 0x7C,
    0x07, 0x60, 0x00, 0x06, 0x03, 0x70, 0x1F, 0x80, 0xFC, 0x07, 0xE0, 0x3F, 0x01, 0xFF, 0xFF, 0xFF,
    0xFF, 0xFF, 0xF0, 0x1F, 0x80, 0xFC, 0x07, 0xE0, 0x3F, 0x01, 0xD8, 0x0C, 0x38, 0x07, 0xC0, 0xEC,
    0x01, 0x00, 0x38, 0x03, 0x80, 0x38, 0x03, 0x80, 0x3F, 0xC3, 0xFE, 0x3C, 0x73, 0x87, 0x38, 0x73,
    0x87, 0x38, 0x73, 0x87, 0x38, 0x73, 0x87, 0x30, 0x70, 0x30, 0x18, 0x60, 0x38, 0xC0, 0x77, 0xFF,
    0xFF, 0xFF, 0xE6, 0x03, 0x8F, 0xFF, 0x1F, 0xFE, 0x3F, 0xFC, 0x60, 0x38, 0xC0, 0x71, 0x80, 0xE3,
    0x01, 0xC6, 0x03, 0x8C, 0x07, 0x00, 0x20, 0x0E, 0x01, 0xC0, 0x7C, 0x0F, 0x80, 0xFF, 0x1F, 0xF3,
    0xC7, 0x70, 0xEE, 0x1D, 0xC3, 0xB8, 0x77, 0x0E, 0xE1, 0xDC, 0x3B, 0x07, 0x72, 0xFF, 0xDE, 0x00,
    0x18, 0x38, 0x38, 0x38, 0x38, 0x38, 0x38, 0x38, 0x38, 0x38, 0x38, 0x38, 0x38, 0x38, 0x18, 0x00,
    0x7B, 0x7F, 0x4E, 0x00, 0x18, 0x1C, 0x1C, 0x1C, 0x1C, 0x1C, 0x1C, 0x1C, 0x1C, 0x1C, 0x18, 0xFE,
    0xFE, 0x00, 0x18, 0x38, 0x38, 0x38, 0x38, 0x38, 0x38, 0x38, 0x38, 0x38, 0x38, 0x38, 0x38, 0x38,
    0x18, 0xFF, 0xFC, 0x01, 0x83, 0x87, 0x0E, 0x1C, 0x38, 0x70, 0xE1, 0xC3, 0x86, 0x00, 0xC6, 0xFD,
    0xF0, 0x01, 0x87, 0x0E, 0x1C, 0x38, 0x70, 0xE1, 0xC3, 0x87, 0x0E, 0x1C, 0x38, 0x70, 0x60, 0xC5,
    0x9B, 0xF1, 0xC3, 0x07, 0x0E, 0x1C, 0x38, 0x70, 0xE1, 0xC3, 0x87, 0x0C, 0x00, 0x18, 0xE3, 0x8E,
    0x38, 0xE3, 0x8E, 0x38, 0xE3, 0x8E, 0x38, 0xE3, 0x9C, 0x61, 0xE7, 0x80, 0x11, 0xCC, 0x03, 0x1C,
    0xE7, 0x39, 0xCE, 0x73, 0x9C, 0xCE, 0xE7, 0xDE, 0x00, 0xFC, 0x3F, 0xFF, 0xFF, 0xFF, 0xFF, 0xEC,
    0xDF, 0xFF, 0xFF, 0xFF, 0x00, 0x60, 0xD8, 0x76, 0x1D, 0x87, 0x61, 0xD8, 0x76, 0x1D, 0x87, 0x61,
    0xD8, 0x70, 0x1D, 0x07, 0x61, 0xDF, 0xE3, 0xF0, 0x30, 0x47, 0xCF, 0x18, 0x0C, 0x7C, 0xF9, 0xF3,
    0xE7, 0xCF, 0x9F, 0x3E, 0x7C, 0xF1, 0x83, 0x0E, 0x3C, 0x70, 0x00, 0x01, 0x80, 0x78, 0x1D, 0x80,
    0x00, 0x18, 0x03, 0x00, 0x60, 0x0C, 0x01, 0x80, 0x30, 0x06, 0x00, 0xC0, 0x18, 0x03, 0x00, 0x66,
    0x0C, 0xE3, 0x9F, 0xE1, 0xF8, 0x0C, 0x00, 0x00, 0x71, 0xF3, 0x30, 0x03, 0x0E, 0x1C, 0x38, 0x70,
    0xE1, 0xC3, 0x87, 0x0E, 0x1C, 0x38, 0x71, 0xC7, 0x80, 0x00, 0x60, 0x37, 0x03, 0xB8, 0x39, 0xC3,
    0x8E, 0x38, 0x73, 0x83, 0xB8, 0x1F, 0xE0, 0xFF, 0x07, 0x9C, 0x38, 0x71, 0xC1, 0xCE, 0x0E, 0x70,
    0x39, 0x80, 0xC0, 0x80, 0x0E, 0x00, 0x30, 0x03, 0x80, 0x40, 0x38, 0x0E, 0x03, 0x80, 0xE0, 0x38,
    0x6E, 0x3B, 0x9C, 0xEE, 0x3F, 0x0F, 0xC3, 0xF8, 0xE7, 0x38, 0xEE, 0x3F, 0x87, 0x1C, 0x07, 0x00,
    0xC0, 0x70, 0x18, 0x00, 0x61, 0xB8, 0xEE, 0x73, 0xB8, 0xFC, 0x3F, 0x0F, 0xE3, 0x9C, 0xE3, 0xB8,
    0xFE, 0x1C, 0x18, 0x1E, 0x06, 0x01, 0x80, 0xE0, 0x38, 0x0E, 0x03, 0x80, 0xE0, 0x38, 0x0E, 0x03,
    0x80, 0xE0, 0x38, 0x0E, 0x03, 0x80, 0xFF, 0xDF, 0xF0, 0x1B, 0xD8, 0x8E, 0x73, 0x9C, 0xE7, 0x39,
    0xCE, 0x73, 0x9C, 0xE7, 0x38, 0x60, 0x38, 0x0E, 0x03, 0x80, 0xE0, 0x38, 0x0E, 0x03, 0x80, 0xE0,
    0x38, 0x0E, 0x03, 0x80, 0xE0, 0x3F, 0xF7, 0xFC, 0x00, 0x0E, 0x03, 0x81, 0xC0, 0x27, 0x77, 0x77,
    0x77, 0x77, 0x77, 0x77, 0x77, 0x77, 0x37, 0x60, 0x07, 0x19, 0xCE, 0x33, 0x9C, 0xE6, 0x38, 0x0E,
    0x03, 0x80, 0xE0, 0x38, 0x0E, 0x03, 0x80, 0xE0, 0x38, 0x0F, 0xFD, 0xFF, 0x5D, 0xFB, 0xB7, 0xEF,
    0x9C, 0x38, 0x70, 0xE1, 0xC3, 0x87, 0x0E, 0x1C, 0x38, 0x70, 0x60, 0x38, 0x0E, 0x03, 0x80, 0xE0,
    0x38, 0x4E, 0x3B, 0x8E, 0xE0, 0x38, 0x0E, 0x03, 0x80, 0xE0, 0x3F, 0xF7, 0xFC, 0x41, 0xC3, 0x87,
    0x0E, 0x1C, 0x3B, 0x77, 0xED, 0xC3, 0x87, 0x0E, 0x1C, 0x38, 0x70, 0x18, 0x01, 0x80, 0x18, 0x01,
    0x80, 0x18, 0x01, 0xF0, 0x3E, 0x07, 0x80, 0x78, 0x01, 0x80, 0x18, 0x01, 0x80, 0x18, 0x01, 0xFF,
    0x1F, 0xF0, 0x10, 0x70, 0xE1, 0xC3, 0x87, 0x0F, 0x9F, 0xF8, 0xF0, 0xE1, 0xC3, 0x87, 0x0E, 0x1C,
    0x00, 0xC0, 0x1E, 0x00, 0xE0, 0xC0, 0x2E, 0x03, 0xF8, 0x1F, 0xE0, 0xFF, 0x87, 0xFC, 0x3F, 0x71,
    0xF9, 0xCF, 0xC7, 0x7E, 0x3B, 0xF0, 0xFF, 0x83, 0xFC, 0x0F, 0xE0, 0x7B, 0x01, 0xC0, 0x03, 0x00,
    0xC0, 0x70, 0x38, 0x00, 0x37, 0xEF, 0xFB, 0xC7, 0xE1, 0xF8, 0x3E, 0x0F, 0x83, 0xE0, 0xF8, 0x3E,
    0x0F, 0x03, 0x60, 0x17, 0x01, 0xFC, 0x0F, 0xF0, 0x7F, 0xC3, 0xFE, 0x1F, 0xB8, 0xFC, 0xE7, 0xE3,
    0xBF, 0x1D, 0xF8, 0x7F, 0xC1, 0xFE, 0x07, 0xF0, 0x3D, 0x80, 0xE0, 0x40, 0x07, 0x00, 0x18, 0x01,
    0xC0, 0x00, 0x37, 0xEF, 0xFB, 0xC7, 0xE1, 0xF8, 0x3E, 0x0F, 0x83, 0xE0, 0xF8, 0x3E, 0x0F, 0x03,
    0x0C, 0x07, 0x80, 0x60, 0x70, 0x18, 0x00, 0x00, 0x00, 0x6E, 0x03, 0xE0, 0x0E, 0x00, 0x00, 0x30,
    0x0B, 0x80, 0xFE, 0x07, 0xF8, 0x3F, 0xE1, 0xFF, 0x0F, 0xDC, 0x7E, 0x73, 0xF1, 0xDF, 0x8E, 0xFC,
    0x3F, 0xE0, 0xFF, 0x03, 0xF8, 0x1E, 0xC0, 0x70, 0x33, 0x07, 0xC0, 0xE0, 0x00, 0xDF, 0xBF, 0xEF,
    0x1F, 0x87, 0xE0, 0xF8, 0x3E, 0x0F, 0x83, 0xE0, 0xF8, 0x3C, 0x0C, 0x60, 0x07, 0x00, 0x38, 0x01,
    0x80, 0x0D, 0xBE, 0x6F, 0xF8, 0x70, 0xC3, 0x07, 0x18, 0x38, 0xC1, 0xC6, 0x0E, 0x30, 0x71, 0x83,
    0x8C, 0x1C, 0x60, 0xE0, 0x60, 0x1F, 0x00, 0xFC, 0x07, 0xF0, 0x3F, 0xC1, 0xF7, 0x0F, 0xB8, 0x7C,
    0xE3, 0xE3, 0x9F, 0x0E, 0xF8, 0x37, 0xC1, 0xFE, 0x07, 0xF0, 0x1D, 0x80, 0x60, 0x03, 0x00, 0x18,
    0x07, 0xC0, 0x3C, 0x00, 0x80, 0x00, 0x37, 0xEF, 0xFB, 0xC7, 0xE1, 0xF8, 0x3E, 0x0F, 0x83, 0xE0,
    0xF8, 0x3E, 0x0F, 0x03, 0x00, 0xC0, 0x70, 0x7C, 0x1E, 0x02, 0x00, 0x0F, 0xF0, 0x0F, 0xC0, 0x00,
    0x00, 0x3F, 0x01, 0xFF, 0x87, 0x87, 0x8E, 0x07, 0x38, 0x07, 0x60, 0x0E, 0xC0, 0x0D, 0x80, 0x1B,
    0x00, 0x36, 0x00, 0x6E, 0x01, 0xDC, 0x03, 0x1C, 0x1E, 0x1F, 0xF8, 0x1F, 0xE0, 0x06, 0x00, 0x1F,
    0xC1, 0xFC, 0x00, 0x00, 0x00, 0x1F, 0x83, 0xFE, 0x70, 0xE7, 0x07, 0x60, 0x36, 0x03, 0x60, 0x36,
    0x07, 0x70, 0x63, 0xFE, 0x1F, 0xC0, 0x60, 0x06, 0x60, 0x0F, 0xC0, 0x0F, 0x00, 0x00, 0x00, 0x7E,
    0x03, 0xFF, 0x0F, 0x0F, 0x1C, 0x0E, 0x70, 0x0E, 0xC0, 0x1D, 0x80, 0x1B, 0x00, 0x36, 0x00, 0x6C,
    0x00, 0xDC, 0x03, 0xB8, 0x06, 0x38, 0x3C, 0x3F, 0xF0, 0x3F, 0xC0, 0x0C, 0x00, 0x18, 0x81, 0x98,
    0x0F, 0x80, 0x70, 0x00, 0x01, 0xF8, 0x3F, 0xE7, 0x0E, 0x70, 0x76, 0x03, 0x60, 0x36, 0x03, 0x60,
    0x77, 0x06, 0x3F, 0xE1, 0xFC, 0x06, 0x00, 0x00, 0x00, 0x07, 0x60, 0x0D, 0xC0, 0x33, 0x00, 0x00,
    0x00, 0xFC, 0x07, 0xFE, 0x1E, 0x1E, 0x38, 0x1C, 0xE0, 0x1D, 0x80, 0x3B, 0x00, 0x36, 0x00, 0x6C,
    0x00, 0xD8, 0x01, 0xB8, 0x07, 0x70, 0x0C, 0x70, 0x78, 0x7F, 0xE0, 0x7F, 0x80, 0x18, 0x00, 0x00,
    0x00, 0x6C, 0x0F, 0xC0, 0xD8, 0x00, 0x01, 0xF8, 0x3F, 0xE7, 0x0E, 0x70, 0x76, 0x03, 0x60, 0x36,
    0x03, 0x60, 0x77, 0x06, 0x3F, 0xE1, 0xFC, 0x06, 0x00, 0x07, 0xFF, 0xF1, 0xFF, 0xFF, 0x3E, 0x38,
    0x03, 0x03, 0x80, 0x70, 0x38, 0x06, 0x03, 0x80, 0x60, 0x3F, 0xC6, 0x03, 0xFE, 0x60, 0x3F, 0xC6,
    0x03, 0x80, 0x60, 0x38, 0x07, 0x03, 0x80, 0x38, 0x38, 0x01, 0xFF, 0xFF, 0x0F, 0xFF, 0xF0, 0x00,
    0x00, 0x00, 0xFC, 0x7E, 0x0F, 0xFF, 0xF8, 0xE1, 0xF0, 0xE7, 0x07, 0x83, 0x30, 0x1F, 0xF9, 0x80,
    0xFF, 0xCC, 0x06, 0x00, 0x60, 0x78, 0x03, 0x83, 0xC1, 0x8F, 0xFF, 0xFC, 0x3F, 0x9F, 0xC0, 0x60,
    0x10, 0x00, 0x01, 0x80, 0x1C, 0x01, 0xC0, 0xFF, 0x0F, 0xFE, 0x70, 0x73, 0x81, 0xDC, 0x0E, 0xE0,
    0x77, 0x03, 0x3F, 0xF9, 0xFF, 0x8E, 0x1E, 0x70, 0x33, 0x81, 0x9C, 0x0E, 0xE0, 0x73, 0x01, 0x80,
    0x08, 0x1C, 0x18, 0x38, 0x00, 0xDE, 0xFE, 0xF0, 0xE0, 0xE0, 0xE0, 0xE0, 0xE0, 0xE0, 0xE0, 0xC0,
    0x7F, 0x87, 0xFF, 0x38, 0x39, 0xC0, 0xEE, 0x07, 0x70, 0x3B, 0x81, 0x9F, 0xFC, 0xFF, 0xC7, 0x0F,
    0x38, 0x19, 0xC0, 0xCE, 0x07, 0x70, 0x39, 0x80, 0xC0, 0x00, 0x07, 0x00, 0x38, 0x01, 0x80, 0x00,
    0x37, 0x9F, 0xCF, 0x07, 0x03, 0x81, 0xC0, 0xE0, 0x70, 0x38, 0x1C, 0x0C, 0x06, 0x07, 0x80, 0xC0,
    0xE0, 0x60, 0x00, 0x00, 0x00, 0xCC, 0x03, 0xC0, 0x0C, 0x00, 0x00, 0x3F, 0xC3, 0xFF, 0x9C, 0x1C,
    0xE0, 0x77, 0x03, 0xB8, 0x1D, 0xC0, 0xCF, 0xFE, 0x7F, 0xE3, 0x87, 0x9C, 0x0C, 0xE0, 0x67, 0x03,
    0xB8, 0x1C, 0xC0, 0x60, 0xCC, 0x7C, 0x38, 0x00, 0xDE, 0xFE, 0xF0, 0xE0, 0xE0, 0xE0, 0xE0, 0xE0,
    0xE0, 0xE0, 0xC0, 0x01, 0x80, 0x70, 0x1C, 0x0F, 0xC3, 0xFE, 0xE1, 0xD8, 0x1B, 0x00, 0x70, 0x07,
    0xC0, 0x7E, 0x03, 0xE0, 0x0E, 0x00, 0xD0, 0x1F, 0x07, 0x7F, 0xE7, 0xF8, 0x18, 0x00, 0x02, 0x03,
    0x81, 0x81, 0x80, 0x01, 0xF9, 0xFE, 0xC3, 0x60, 0x3E, 0x0F, 0xC1, 0xF0, 0x1F, 0x0D, 0xFE, 0x7E,
    0x0C, 0x00, 0x06, 0x01, 0xE0, 0x6E, 0x00, 0x01, 0xF8, 0x7F, 0xDC, 0x3B, 0x03, 0x60, 0x0E, 0x00,
    0xF8, 0x0F, 0xC0, 0x7C, 0x01, 0xC0, 0x1A, 0x03, 0xE0, 0xEF, 0xFC, 0xFF, 0x03, 0x00, 0x00, 0x0F,
    0x0F, 0x86, 0x60, 0x01, 0xF9, 0xFE, 0xC3, 0x60, 0x3E, 0x0F, 0xC1, 0xF0, 0x1F, 0x0D, 0xFE, 0x7E,
    0x0C, 0x00, 0x1F, 0x87, 0xFD, 0xC3, 0xB0, 0x36, 0x00, 0xE0, 0x0F, 0x80, 0xFC, 0x07, 0xC0, 0x1C,
    0x01, 0xA0, 0x3E, 0x0E, 0xFF, 0xCF, 0xF0, 0x70, 0x0C, 0x03, 0x80, 0x00, 0x00, 0x00, 0x1F, 0x9F,
    0xEC, 0x36, 0x03, 0xE0, 0xFC, 0x1F, 0x01, 0xF0, 0xDF, 0xE7, 0xE0, 0xC0, 0xE0, 0x70, 0x00, 0x00,
    0x03, 0x30, 0x3C, 0x03, 0x00, 0x00, 0x3F, 0x0F, 0xFB, 0x87, 0x60, 0x6C, 0x01, 0xC0, 0x1F, 0x01,
    0xF8, 0x0F, 0x80, 0x38, 0x03, 0x40, 0x7C, 0x1D, 0xFF, 0x9F, 0xE0, 0x60, 0x33, 0x1F, 0x07, 0x80,
    0x03, 0xF3, 0xFD, 0x86, 0xC0, 0x7C, 0x1F, 0x83, 0xE0, 0x3E, 0x1B, 0xFC, 0xFC, 0x18, 0x7F, 0xF7,
    0xFF, 0x81, 0xC0, 0x0E, 0x00, 0x70, 0x03, 0x80, 0x1C, 0x00, 0xE0, 0x07, 0x00, 0x38, 0x01, 0xC0,
    0x0E, 0x00, 0x70, 0x03, 0x80, 0x1C, 0x00, 0xC0, 0x0E, 0x00, 0x60, 0x00, 0x00, 0x30, 0x60, 0xE7,
    0xFF, 0xE7, 0x0E, 0x1C, 0x38, 0x70, 0xE1, 0xC3, 0xE3, 0xC3, 0x0C, 0x18, 0x00, 0x00, 0x00, 0xEC,
    0x03, 0xE0, 0x0E, 0x00, 0x00, 0x3F, 0xFB, 0xFF, 0xC0, 0xE0, 0x07, 0x00, 0x38, 0x01, 0xC0, 0x0E,
    0x00, 0x70, 0x03, 0x80, 0x1C, 0x00, 0xE0, 0x07, 0x00, 0x38, 0x01, 0xC0, 0x0E, 0x00, 0x07, 0x07,
    0x03, 0x37, 0x36, 0x38, 0xFE, 0xFE, 0x38, 0x38, 0x38, 0x38, 0x38, 0x38, 0x38, 0x3E, 0x1E, 0x7F,
    0xF7, 0xFF, 0x81, 0xC0, 0x0E, 0x00, 0x70, 0x03, 0x80, 0x1C, 0x01, 0xF0, 0x0F, 0x80, 0x38, 0x01,
    0xC0, 0x0E, 0x00, 0x70, 0x03, 0x80, 0x1C, 0x00, 0x30, 0x60, 0xE7, 0xFF, 0xE7, 0x0E, 0x1C, 0x7E,
    0xFC, 0xE1, 0xC3, 0xE3, 0xC0, 0x0C, 0xC1, 0xFC, 0x1B, 0xC0, 0x00, 0x60, 0x3E, 0x03, 0xE0, 0x3E,
    0x03, 0xE0, 0x3E, 0x03, 0xE0, 0x3E, 0x03, 0xE0, 0x3E, 0x03, 0x60, 0x36, 0x07, 0x70, 0xF3, 0xFE,
    0x1F, 0xC0, 0x20, 0x00, 0x0F, 0x67, 0xF9, 0x9C, 0x00, 0x30, 0x3E, 0x1F, 0x87, 0xE1, 0xF8, 0x7E,
    0x1F, 0x87, 0xE1, 0xF8, 0x77, 0xF8, 0xFC, 0x0C, 0x00, 0x1F, 0xC1, 0xFC, 0x00, 0x06, 0x03, 0xE0,
    0x3E, 0x03, 0xE0, 0x3E, 0x03, 0xE0, 0x3E, 0x03, 0xE0, 0x3E, 0x03, 0xE0, 0x36, 0x03, 0x60, 0x77,
    0x0F, 0x3F, 0xE1, 0xFC, 0x02, 0x00, 0x3F, 0x1F, 0xC0, 0x03, 0x03, 0xE1, 0xF8, 0x7E, 0x1F, 0x87,
    0xE1, 0xF8, 0x7E, 0x1F, 0x87, 0x7F, 0x8F, 0xC0, 0xC0, 0x18, 0xC1, 0xFC, 0x0F, 0x80, 0x00, 0x60,
    0x3E, 0x03, 0xE0, 0x3E, 0x03, 0xE0, 0x3E, 0x03, 0xE0, 0x3E, 0x03, 0xE0, 0x3E, 0x03, 0x60, 0x36,
    0x07, 0x70, 0xF3, 0xFE, 0x1F, 0xC0, 0x20, 0x23, 0x0C, 0xC3, 0xF0, 0x70, 0xC0, 0xF8, 0x7E, 0x1F,
    0x87, 0xE1, 0xF8, 0x7E, 0x1F, 0x87, 0xE1, 0xDF, 0xE3, 0xF0, 0x30, 0x07, 0x00, 0xF8, 0x0D, 0x80,
    0xF8, 0x07, 0x06, 0x03, 0xE0, 0x3E, 0x03, 0xE0, 0x3E, 0x03, 0xE0, 0x3E, 0x03, 0xE0, 0x3E, 0x03,
    0xE0, 0x36, 0x03, 0x60, 0x77, 0x0F, 0x3F, 0xE1, 0xFC, 0x02, 0x00, 0x1E, 0x07, 0x83, 0x30, 0x78,
    0x0C, 0x30, 0x3E, 0x1F, 0x87, 0xE1, 0xF8, 0x7E, 0x1F, 0x87, 0xE1, 0xF8, 0x77, 0xF8, 0xFC, 0x0C,
    0x00, 0x00, 0x00, 0x6E, 0x0E, 0xC0, 0xD8, 0x00, 0x06, 0x03, 0xE0, 0x3E, 0x03, 0xE0, 0x3E, 0x03,
    0xE0, 0x3E, 0x03, 0xE0, 0x3E, 0x03, 0xE0, 0x36, 0x03, 0x60, 0x77, 0x0F, 0x3F, 0xE1, 0xFC, 0x02,
    0x00, 0x00, 0x07, 0x61, 0xB8, 0xCC, 0x00, 0x30, 0x3E, 0x1F, 0x87, 0xE1, 0xF8, 0x7E, 0x1F, 0x87,
    0xE1, 0xF8, 0x77, 0xF8, 0xFC, 0x0C, 0x00, 0x60, 0x3E, 0x03, 0xE0, 0x3E, 0x03, 0xE0, 0x3E, 0x03,
    0xE0, 0x3E, 0x03, 0xE0, 0x3E, 0x03, 0x60, 0x36, 0x07, 0x70, 0xF3, 0xFE, 0x1F, 0xC0, 0x30, 0x03,
    0x00, 0x3C, 0x03, 0xC0, 0x00, 0xC0, 0xF8, 0x7E, 0x1F, 0x87, 0xE1, 0xF8, 0x7E, 0x1F, 0x87, 0xE1,
    0xDF, 0xE3, 0xF0, 0x38, 0x0C, 0x03, 0xE0, 0x78, 0x00, 0x00, 0x60, 0x00, 0x0F, 0x00, 0x01, 0xF8,
    0x00, 0x00, 0x00, 0xC0, 0x00, 0x3E, 0x00, 0x07, 0x60, 0x00, 0x67, 0x06, 0x0E, 0x70, 0x60, 0xE3,
    0x0F, 0x0C, 0x38, 0xF1, 0xC3, 0x9F, 0x9C, 0x19, 0x99, 0x81, 0xD9, 0xB8, 0x1F, 0x9F, 0x80, 0xF0,
    0xF0, 0x0F, 0x0F, 0x00, 0xE0, 0x70, 0x06, 0x06, 0x00, 0x00, 0x00, 0x03, 0xC0, 0x07, 0xC0, 0x06,
    0x60, 0x00, 0x00, 0xE0, 0x06, 0xE0, 0x06, 0x61, 0x8E, 0x73, 0x8E, 0x33, 0xCC, 0x33, 0xDC, 0x3E,
    0xFC, 0x1E, 0x78, 0x1E, 0x78, 0x1C, 0x70, 0x0C, 0x30, 0x00, 0x00, 0x06, 0x00, 0xF0, 0x1B, 0x80,
    0x00, 0xC0, 0x3E, 0x07, 0x70, 0xE7, 0x0E, 0x39, 0xC1, 0xF8, 0x0F, 0x00, 0xF0, 0x06, 0x00, 0x60,
    0x06, 0x00, 0x60, 0x06, 0x00, 0x60, 0x06, 0x00, 0x00, 0x07, 0x83, 0xF0, 0xCC, 0x00, 0x30, 0x3E,
    0x1F, 0x87, 0xE1, 0xF8, 0x7E, 0x1F, 0x87, 0xE1, 0xF8, 0x77, 0xFD, 0xFF, 0x19, 0xC0, 0x67, 0xF9,
    0xFC, 0x08, 0x00, 0x00, 0x01, 0x98, 0x19, 0x80, 0x00, 0xC0, 0x3E, 0x07, 0x70, 0xE7, 0x0E, 0x39,
    0xC1, 0xF8, 0x0F, 0x00, 0xF0, 0x06, 0x00, 0x60, 0x06, 0x00, 0x60, 0x06, 0x00, 0x60, 0x06, 0x00,
    0x01, 0x80, 0x38, 0x07, 0x07, 0xFF, 0xFF, 0xF0, 0x0E, 0x01, 0xC0, 0x1C, 0x03, 0x80, 0x70, 0x0E,
    0x00, 0xE0, 0x1C, 0x03, 0x80, 0x70, 0x07, 0x00, 0xFF, 0xEF, 0xFF, 0x03, 0x01, 0xC0, 0x70, 0x38,
    0x00, 0x1F, 0xE7, 0xF8, 0x0E, 0x07, 0x03, 0x80, 0xE0, 0x70, 0x38, 0x1C, 0x07, 0xF9, 0xFE, 0x0E,
    0x00, 0xE0, 0x00, 0x07, 0xFF, 0xFF, 0xF0, 0x0E, 0x01, 0xC0, 0x1C, 0x03, 0x80, 0x70, 0x0E, 0x00,
    0xE0, 0x1C, 0x03, 0x80, 0x70, 0x07, 0x00, 0xFF, 0xEF, 0xFF, 0x04, 0x03, 0x80, 0xC0, 0x00, 0x7F,
    0x9F, 0xE0, 0x38, 0x1C, 0x0E, 0x03, 0x81, 0xC0, 0xE0, 0x70, 0x1F, 0xE7, 0xF8, 0x00, 0x01, 0xB8,
    0x1F, 0x00, 0xE0, 0x00, 0x07, 0xFF, 0xFF, 0xF0, 0x0E, 0x01, 0xC0, 0x1C, 0x03, 0x80, 0x70, 0x0E,
    0x00, 0xE0, 0x1C, 0x03, 0x80, 0x70, 0x07, 0x00, 0xFF, 0xEF, 0xFF, 0x33, 0x07, 0xC0, 0xE0, 0x00,
    0x7F, 0x9F, 0xE0, 0x38, 0x1C, 0x0E, 0x03, 0x81, 0xC0, 0xE0, 0x70, 0x1F, 0xE7, 0xF8, 0x00, 0x18,
    0x00, 0x30, 0x1F, 0xE0, 0xFF, 0xC3, 0xC3, 0xC7, 0x03, 0x9C, 0x03, 0xB0, 0x07, 0x60, 0x06, 0xC0,
    0x0D, 0x80, 0x1B, 0x00, 0x37, 0x00, 0xEE, 0x01, 0x8E, 0x0F, 0x0F, 0xFC, 0x0F, 0xF0, 0x03, 0x00,
    0x00, 0x30, 0x03, 0x1F, 0xF3, 0xFE, 0x70, 0xE7, 0x07, 0x60, 0x36, 0x03, 0x60, 0x36, 0x07, 0x70,
    0x63, 0xFE, 0x1F, 0xC0, 0x60, 0x00, 0x06, 0x00, 0x1D, 0x80, 0xF7, 0x01, 0xEE, 0x03, 0x1C, 0x06,
    0x38, 0x0C, 0x70, 0x18, 0xE0, 0x31, 0xC0, 0x63, 0x80, 0xC7, 0x01, 0x86, 0x03, 0x0C, 0x0E, 0x1C,
    0x3C, 0x1F, 0xF0, 0x1F, 0xC0, 0x04, 0x00, 0x00, 0x30, 0x03, 0xC0, 0xFE, 0x1E, 0xE1, 0xCE, 0x1C,
    0xE1, 0xCE, 0x1C, 0xE1, 0xCE, 0x1C, 0xE1, 0xC7, 0xF8, 0x3F, 0x00, 0xC0, 0x00, 0x00, 0x00, 0x00,
    0x00, 0x06, 0xE0, 0x00, 0x00, 0xF8, 0x00, 0x00, 0x0E, 0x00, 0x00, 0x00, 0x00, 0xFF, 0x01, 0xFF,
    0xFF, 0xF8, 0x7F, 0xFF, 0x07, 0x80, 0x0E, 0xE0, 0x70, 0x03, 0x9C, 0x07, 0x00, 0x73, 0x80, 0x60,
    0x1C, 0x70, 0x0C, 0x07, 0x0E, 0x01, 0x81, 0xC1, 0xC0, 0x30, 0x38, 0x38, 0x06, 0x0E, 0x07, 0x01,
    0xC3, 0x80, 0xE0, 0x38, 0xE0, 0x1C, 0x0E, 0x1C, 0x03, 0xFF, 0x87, 0xFF, 0x3F, 0xE0, 0xFF, 0xF0,
    0x7F, 0x80, 0xCC, 0xFF, 0xE0, 0x7C, 0xE0, 0xF0, 0x38, 0xE0, 0x70, 0x00, 0xE0, 0x39, 0xFE, 0xE0,
    0x19, 0xFE, 0xE0, 0x18, 0x0E, 0xE0, 0x18, 0x1C, 0xE0, 0x18, 0x38, 0xE0, 0x18, 0x30, 0xE0, 0x38,
    0x70, 0xE0, 0x38, 0xE0, 0xE0, 0x71, 0xC0, 0xFF, 0xE1, 0xFE, 0x7F, 0xC1, 0xFE, 0x00, 0x20, 0x00,
    0x01, 0xC6, 0x60, 0x07, 0x0F, 0x80, 0x1C, 0x3C, 0x00, 0x70, 0x00, 0x7F, 0xCF, 0xF3, 0xFF, 0x3F,
    0xDC, 0x3C, 0x07, 0x60, 0x70, 0x39, 0x81, 0xC1, 0xC6, 0x07, 0x0E, 0x18, 0x1C, 0x38, 0x60, 0x71,
    0xC1, 0xC3, 0xCE, 0x03, 0xFF, 0x7F, 0xC7, 0xFD, 0xFF, 0x06, 0x00, 0x00, 0x60, 0x00, 0x37, 0x00,
    0x01, 0xF8, 0x00, 0x0F, 0xC0, 0x00, 0x7E, 0x00, 0x03, 0xF0, 0x00, 0x1F, 0x80, 0x00, 0xFC, 0x00,
    0x07, 0xE0, 0x00, 0x3F, 0x00, 0x01, 0xF8, 0x00, 0x0F, 0xC0, 0x10, 0x7E, 0x01, 0xC7, 0x7F, 0xE7,
    0xF9, 0xFF, 0x1F, 0x80, 0x00, 0x20, 0x60, 0x0F, 0x80, 0x3E, 0x00, 0xF8, 0x00, 0xE0, 0x0F, 0x80,
    0x3E, 0x00, 0xF8, 0x03, 0xE0, 0x0F, 0x80, 0x3E, 0x00, 0xF8, 0x03, 0xE0, 0x0F, 0xFF, 0x37, 0xFC,
    0xC0, 0x03, 0x00, 0x1C, 0x00, 0xF0, 0x03, 0x80, 0x00, 0x40, 0xE2, 0xE7, 0xE7, 0xE0, 0xE6, 0xE7,
    0xE7, 0xE7, 0xE7, 0xE7, 0xE7, 0xE7, 0xE7, 0xE7, 0xE7, 0x07, 0x07, 0x1E, 0x1C, 0x00, 0x60, 0x10,
    0x03, 0x70, 0x1C, 0x01, 0xFC, 0x0E, 0x00, 0xFF, 0x07, 0x00, 0x7F, 0xC3, 0x80, 0x3F, 0xE1, 0xC0,
    0x1F, 0xB8, 0xE0, 0x0F, 0xCE, 0x70, 0x07, 0xE3, 0xB8, 0x03, 0xF1, 0xDC, 0x01, 0xF8, 0x7E, 0x00,
    0xFC, 0x1F, 0x10, 0x6E, 0x07, 0x9C, 0x77, 0x03, 0xC7, 0xF9, 0x80, 0xE3, 0xF8, 0x00, 0x00, 0x20,
    0x60, 0x10, 0xF8, 0x0E, 0x3F, 0x03, 0x8F, 0xE0, 0xE0, 0xFC, 0x38, 0xFF, 0x0E, 0x3E, 0xE3, 0x8F,
    0x9C, 0xE3, 0xE3, 0xB8, 0xF8, 0xEE, 0x3E, 0x1F, 0x8F, 0x83, 0xE3, 0xE0, 0x78, 0xF8, 0x1E, 0x36,
    0x03, 0x8C, 0x00, 0x03, 0x00, 0x01, 0xC0, 0x00, 0xF0, 0x00, 0x78, 0x00, 0x00, 0x00, 0x06, 0x00,
    0x1C, 0x00, 0x18, 0x00, 0x0D, 0xF8, 0x7F, 0xF0, 0xFC, 0x71, 0xF0, 0xE3, 0xE0, 0xC7, 0xC1, 0x8F,
    0x83, 0x1F, 0x06, 0x3E, 0x0C, 0x7C, 0x18, 0xF0, 0x31, 0x80, 0x03, 0x00, 0x0E, 0x00, 0x3C, 0x00,
    0xF0, 0x00, 0x00, 0x00, 0x00, 0x6E, 0x03, 0xE0, 0x0E, 0x00, 0x00, 0x01, 0x80, 0x1C, 0x00, 0xF0,
    0x0F, 0x80, 0x6C, 0x03, 0x70, 0x39, 0x81, 0x8E, 0x1C, 0x30, 0xFF, 0x87, 0xFE, 0x70, 0x33, 0x01,
    0xF8, 0x07, 0x80, 0x30, 0x00, 0x00, 0x19, 0x80, 0xF8, 0x07, 0x00, 0x00, 0x1F, 0xE3, 0xFF, 0x70,
    0xF6, 0x07, 0x60, 0x76, 0x07, 0x60, 0x76, 0x07, 0x70, 0xF3, 0xFF, 0x1F, 0xF0, 0x60, 0x00, 0xDD,
    0xF1, 0xC0, 0x03, 0x0E, 0x1C, 0x38, 0x70, 0xE1, 0xC3, 0x87, 0x0E, 0x1C, 0x38, 0x70, 0xE0, 0xC0,
    0xCD, 0xF3, 0x80, 0x30, 0xE3, 0x8E, 0x38, 0xE3, 0x8E, 0x38, 0xE3, 0x00, 0x00, 0x00, 0x0C, 0xC0,
    0x0F, 0x00, 0x0C, 0x00, 0x00, 0x00, 0xFC, 0x07, 0xFE, 0x1E, 0x1E, 0x38, 0x1C, 0xE0, 0x1D, 0x80,
    0x3B, 0x00, 0x36, 0x00, 0x6C, 0x00, 0xD8, 0x01, 0xB8, 0x07, 0x70, 0x0C, 0x70, 0x78, 0x7F, 0xE0,
    0x7F, 0x80, 0x18, 0x00, 0x1D, 0x80, 0xF8, 0x07, 0x00, 0x00, 0x1F, 0x83, 0xFE, 0x70, 0xE7, 0x07,
    0x60, 0x36, 0x03, 0x60, 0x36, 0x07, 0x70, 0x63, 0xFE, 0x1F, 0xC0, 0x60, 0x00, 0x01, 0xD8, 0x0F,
    0x80, 0x70, 0x00, 0x06, 0x03, 0xE0, 0x3E, 0x03, 0xE0, 0x3E, 0x03, 0xE0, 0x3E, 0x03, 0xE0, 0x3E,
    0x03, 0xE0, 0x36, 0x03, 0x60, 0x77, 0x0F, 0x3F, 0xE1, 0xFC, 0x02, 0x00, 0x33, 0x0F, 0x81, 0xE0,
    0x00, 0xC0, 0xF8, 0x7E, 0x1F, 0x87, 0xE1, 0xF8, 0x7E, 0x1F, 0x87, 0xE1, 0xDF, 0xE3, 0xF0, 0x30,
    0x00, 0x00, 0x19, 0x80, 0x3C, 0x00, 0x60, 0x00, 0x00, 0x1F, 0xC0, 0xFF, 0x8F, 0x8E, 0x38, 0x01,
    0xC0, 0x07, 0x00, 0x18, 0x00, 0x60, 0xF9, 0x83, 0xF6, 0x07, 0xDC, 0x07, 0x38, 0x1C, 0xF0, 0x71,
    0xFF, 0xC3, 0xFE, 0x01, 0xC0, 0x0D, 0xC0, 0xF8, 0x07, 0x00, 0x00, 0x1F, 0xB3, 0xFF, 0x70, 0xF6,
    0x07, 0x60, 0x76, 0x03, 0x60, 0x36, 0x07, 0x70, 0xF3, 0xFF, 0x1F, 0xF0, 0x67, 0x00, 0x63, 0xFE,
    0x1F, 0xC0, 0x20, 0x07, 0xE0, 0x3F, 0xF0, 0xF0, 0xF1, 0xC0, 0xE7, 0x00, 0xEC, 0x01, 0xD8, 0x01,
    0xB0, 0x03, 0x60, 0x06, 0xC0, 0x0D, 0xC0, 0x3B, 0x80, 0x63, 0x83, 0xC3, 0xFF, 0x03, 0xFC, 0x01,
    0xC0, 0x03, 0x00, 0x07, 0xC0, 0x07, 0x80, 0x00, 0x00, 0x00, 0x01, 0xF8, 0x3F, 0xE7, 0x0E, 0x60,
    0x76, 0x07, 0x60, 0x36, 0x03, 0x60, 0x77, 0x0E, 0x3F, 0xE1, 0xFC, 0x07, 0x00, 0x60, 0x07, 0xC0,
    0x78, 0x00, 0x00, 0x7F, 0x80, 0x00, 0xFF, 0xE0, 0x00, 0xE0, 0xF0, 0x00, 0xE0, 0x70, 0x00, 0xE0,
    0x39, 0xFE, 0xE0, 0x19, 0xFE, 0xE0, 0x18, 0x0E, 0xE0, 0x18, 0x1C, 0xE0, 0x18, 0x38, 0xE0, 0x18,
    0x30, 0xE0, 0x38, 0x70, 0xE0, 0x38, 0xE0, 0xE0, 0x71, 0xC0, 0xFF, 0xE1, 0xFE, 0x7F, 0xC3, 0xFE,
    0x00, 0xC0, 0x0E, 0x00, 0xE0, 0x00, 0x00, 0x70, 0x07, 0xC0, 0x36, 0x00, 0xF0, 0x07, 0x00, 0x3C,
    0x03, 0xE0, 0x1B, 0x00, 0xDC, 0x0E, 0x60, 0x63, 0x87, 0x0C, 0x3F, 0xE1, 0xFF, 0x9C, 0x0C, 0xC0,
    0x7E, 0x01, 0xE0, 0x0C, 0x00, 0x00, 0x01, 0xC0, 0x3C, 0x03, 0x00, 0x00, 0x07, 0x00, 0xF8, 0x0D,
    0x80, 0xF8, 0x06, 0x01, 0xFE, 0x3F, 0xF7, 0x0F, 0x60, 0x76, 0x07, 0x60, 0x76, 0x07, 0x60, 0x77,
    0x0F, 0x3F, 0xF1, 0xFF, 0x06, 0x00, 0x00, 0x03, 0x00, 0x01, 0xC0, 0x00, 0xE0, 0x01, 0xFF, 0x00,
    0xFF, 0xC0, 0x38, 0x00, 0x1E, 0x00, 0x0F, 0x80, 0x03, 0x60, 0x01, 0xDF, 0xE0, 0xE7, 0xF8, 0x31,
    0xFE, 0x1C, 0x60, 0x0F, 0xF8, 0x07, 0xFE, 0x01, 0xC1, 0x80, 0xE0, 0x7F, 0xF0, 0x1F, 0xF0, 0x00,
    0x00, 0x00, 0x40, 0x00, 0x38, 0x00, 0x0C, 0x00, 0x07, 0x00, 0x00, 0x00, 0x0F, 0xDF, 0x8F, 0xFF,
    0xF3, 0x8F, 0x0E, 0xC1, 0x81, 0x8F, 0xFF, 0xE7, 0xFF, 0xFB, 0x86, 0x00, 0xC1, 0x80, 0x30, 0xF0,
    0x6F, 0xFF, 0xF9, 0xF9, 0xFC, 0x10, 0x08, 0x00, 0x00, 0x60, 0x03, 0xC0, 0x07, 0x10, 0x3F, 0x71,
    0xFF, 0xC7, 0x87, 0x8E, 0x0F, 0x38, 0x3F, 0x60, 0xEE, 0xC3, 0x8D, 0x86, 0x1B, 0x1C, 0x36, 0x70,
    0x6F, 0xC1, 0xDF, 0x03, 0x1E, 0x1E, 0x3F, 0xF8, 0xFF, 0xE1, 0x86, 0x00, 0x01, 0x80, 0x18, 0x03,
    0x80, 0x30, 0x00, 0x21, 0xFF, 0x3F, 0xE7, 0x0E, 0x71, 0xF6, 0x3B, 0x67, 0x36, 0xE3, 0x7C, 0x77,
    0x86, 0x3F, 0xE7, 0xFC, 0x66, 0x00, 0x33, 0x01, 0xDC, 0x07, 0x70, 0x08, 0x00, 0x30, 0x03, 0x80,
    0x1E, 0x01, 0xF0, 0x0D, 0x80, 0x6E, 0x07, 0x30, 0x31, 0xC3, 0x86, 0x1F, 0xF0, 0xFF, 0xCE, 0x06,
    0x60, 0x3F, 0x00, 0xF0, 0x06, 0x00, 0x00, 0x00, 0x03, 0x70, 0x3F, 0x80, 0xD8, 0x00, 0x01, 0xFE,
    0x3F, 0xF7, 0x0F, 0x60, 0x76, 0x07, 0x60, 0x76, 0x07, 0x60, 0x77, 0x0F, 0x3F, 0xF1, 0xFF, 0x06,
    0x00, 0x07, 0x00, 0x7E, 0x07, 0x30, 0x10, 0x80, 0x30, 0x03, 0x80, 0x1E, 0x01, 0xF0, 0x0D, 0x80,
    0x6E, 0x07, 0x30, 0x31, 0xC3, 0x86, 0x1F, 0xF0, 0xFF, 0xCE, 0x06, 0x60, 0x3F, 0x00, 0xF0, 0x06,
    0x00, 0x00, 0x06, 0x00, 0xF8, 0x1D, 0x81, 0x8C, 0x00, 0x01, 0xFE, 0x3F, 0xF7, 0x0F, 0x60, 0x76,
    0x07, 0x60, 0x76, 0x07, 0x60, 0x77, 0x0F, 0x3F, 0xF1, 0xFF, 0x06, 0x00, 0x66, 0x1D, 0xC3, 0xB8,
    0x20, 0x7F, 0xFF, 0xFE, 0x03, 0x80, 0xE0, 0x38, 0x0F, 0xFB, 0xFE, 0xFF, 0xB8, 0x0E, 0x03, 0x80,
    0xE0, 0x3F, 0xF7, 0xFC, 0x00, 0x06, 0xE0, 0xFC, 0x0E, 0xC0, 0x00, 0x3F, 0x0F, 0xF3, 0x87, 0x60,
    0x6F, 0xFD, 0xFF, 0xB0, 0x06, 0x00, 0xE0, 0xCF, 0xF8, 0xFE, 0x02, 0x00, 0x0E, 0x07, 0xC3, 0xB8,
    0x44, 0x7F, 0xFF, 0xFE, 0x03, 0x80, 0xE0, 0x38, 0x0F, 0xFB, 0xFE, 0xFF, 0xB8, 0x0E, 0x03, 0x80,
    0xE0, 0x3F, 0xF7, 0xFC, 0x06, 0x01, 0xF0, 0x76, 0x0C, 0xC0, 0x00, 0x3F, 0x0F, 0xF3, 0x87, 0x60,
    0x6F, 0xFD, 0xFF, 0xB0, 0x06, 0x00, 0xE0, 0xCF, 0xF8, 0xFE, 0x02, 0x00, 0xCC, 0xEE, 0x77, 0x10,
    0x0C, 0x1C, 0x1C, 0x1C, 0x1C, 0x1C, 0x1C, 0x1C, 0x1C, 0x1C, 0x1C, 0x1C, 0x1C, 0x1C, 0x0C, 0x01,
    0xFB, 0xF9, 0xB0, 0x03, 0x07, 0x0E, 0x1C, 0x38, 0x70, 0xE1, 0xC3, 0x87, 0x0C, 0x38, 0xFF, 0x9A,
    0x11, 0x87, 0x0E, 0x1C, 0x38, 0x70, 0xE1, 0xC3, 0x87, 0x0E, 0x1C, 0x38, 0x70, 0x60, 0x30, 0xFB,
    0xBE, 0x30, 0x06, 0x0E, 0x1C, 0x38, 0x70, 0xE1, 0xC3, 0x87, 0x0E, 0x18, 0x09, 0x80, 0x3B, 0x80,
    0x3B, 0x80, 0x11, 0x00, 0x7E, 0x03, 0xFF, 0x0F, 0x0F, 0x1C, 0x0E, 0x70, 0x0E, 0xC0, 0x1D, 0x80,
    0x1B, 0x00, 0x36, 0x00, 0x6C, 0x00, 0xDC, 0x03, 0xB8, 0x06, 0x38, 0x3C, 0x3F, 0xF0, 0x3F, 0xC0,
    0x0C, 0x00, 0x00, 0x03, 0xF0, 0x3F, 0x80, 0xD8, 0x00, 0x00, 0x00, 0x1F, 0x83, 0xFE, 0x70, 0xE7,
    0x07, 0x60, 0x36, 0x03, 0x60, 0x36, 0x07, 0x70, 0x63, 0xFE, 0x1F, 0xC0, 0x60, 0x03, 0x80, 0x0F,
    0xC0, 0x19, 0x80, 0x21, 0x00, 0x7E, 0x03, 0xFF, 0x0F, 0x0F, 0x1C, 0x0E, 0x70, 0x0E, 0xC0, 0x1D,
    0x80, 0x1B, 0x00, 0x36, 0x00, 0x6C, 0x00, 0xDC, 0x03, 0xB8, 0x06, 0x38, 0x3C, 0x3F, 0xF0, 0x3F,
    0xC0, 0x0C, 0x00, 0x07, 0x00, 0xF8, 0x1D, 0xC1, 0x8C, 0x00, 0x01, 0xF8, 0x3F, 0xE7, 0x0E, 0x70,
    0x76, 0x03, 0x60, 0x36, 0x03, 0x60, 0x77, 0x06, 0x3F, 0xE1, 0xFC, 0x06, 0x00, 0x26, 0x03, 0xB8,
    0x0E, 0xE0, 0x11, 0x07, 0xF8, 0x7F, 0xF3, 0x83, 0x9C, 0x0E, 0xE0, 0x77, 0x03, 0xB8, 0x19, 0xFF,
    0xCF, 0xFC, 0x70, 0xF3, 0x81, 0x9C, 0x0C, 0xE0, 0x77, 0x03, 0x98, 0x0C, 0x00, 0x6E, 0x3F, 0x86,
    0xC0, 0x03, 0x79, 0xFC, 0xF0, 0x70, 0x38, 0x1C, 0x0E, 0x07, 0x03, 0x81, 0xC0, 0xC0, 0x0E, 0x00,
    0xFC, 0x06, 0x60, 0x21, 0x07, 0xF8, 0x7F, 0xF3, 0x83, 0x9C, 0x0E, 0xE0, 0x77, 0x03, 0xB8, 0x19,
    0xFF, 0xCF, 0xFC, 0x70, 0xF3, 0x81, 0x9C, 0x0C, 0xE0, 0x77, 0x03, 0x98, 0x0C, 0x30, 0x7C, 0xEC,
    0xC6, 0x00, 0xDE, 0xFE, 0xF0, 0xE0, 0xE0, 0xE0, 0xE0, 0xE0, 0xE0, 0xE0, 0xC0, 0x32, 0x03, 0xF8,
    0x3F, 0xC0, 0x48, 0x60, 0x3E, 0x03, 0xE0, 0x3E, 0x03, 0xE0, 0x3E, 0x03, 0xE0, 0x3E, 0x03, 0xE0,
    0x3E, 0x03, 0x60, 0x36, 0x07, 0x70, 0xF3, 0xFE, 0x1F, 0xC0, 0x20, 0x00, 0x1B, 0x87, 0xE0, 0xEC,
    0x00, 0x30, 0x3E, 0x1F, 0x87, 0xE1, 0xF8, 0x7E, 0x1F, 0x87, 0xE1, 0xF8, 0x77, 0xF8, 0xFC, 0x0C,
    0x00, 0x07, 0x00, 0xF8, 0x19, 0xC0, 0x88, 0x60, 0x3E, 0x03, 0xE0, 0x3E, 0x03, 0xE0, 0x3E, 0x03,
    0xE0, 0x3E, 0x03, 0xE0, 0x3E, 0x03, 0x60, 0x36, 0x07, 0x70, 0xF3, 0xFE, 0x1F, 0xC0, 0x20, 0x0C,
    0x07, 0xC3, 0x30, 0xCC, 0x00, 0x30, 0x3E, 0x1F, 0x87, 0xE1, 0xF8, 0x7E, 0x1F, 0x87, 0xE1, 0xF8,
    0x77, 0xF8, 0xFC, 0x0C, 0x00, 0x1F, 0x87, 0xFD, 0xC3, 0xB0, 0x36, 0x00, 0xE0, 0x0F, 0x80, 0xFC,
    0x07, 0xC0, 0x1C, 0x01, 0xA0, 0x3E, 0x0E, 0xFF, 0xCF, 0xF0, 0x30, 0x07, 0x00, 0xE0, 0x18, 0x00,
    0x00, 0x1F, 0x9F, 0xEC, 0x36, 0x03, 0xE0, 0xFC, 0x1F, 0x01, 0xF0, 0xDF, 0xE7, 0xE1, 0xC0, 0xF0,
    0x38, 0x38, 0x18, 0x00, 0x7F, 0xF7, 0xFF, 0x81, 0xC0, 0x0E, 0x00, 0x70, 0x03, 0x80, 0x1C, 0x00,
    0xE0, 0x07, 0x00, 0x38, 0x01, 0xC0, 0x0E, 0x00, 0x70, 0x03, 0x80, 0x1C, 0x00, 0x40, 0x07, 0x00,
    0x38, 0x01, 0xC0, 0x30, 0x60, 0xE7, 0xFF, 0xE7, 0x0E, 0x1C, 0x38, 0x70, 0xE1, 0xC3, 0xE3, 0xC6,
    0x1E, 0x0C, 0x30, 0x60, 0xEE, 0x31, 0x27, 0x6C, 0x00, 0x01, 0xCF, 0xB3, 0x00, 0x7B, 0x7F, 0x6E,
    0xFF, 0xFC, 0x85, 0x9B, 0xF3, 0xC0, 0xDB, 0x00, 0xCD, 0xDB, 0x30, 0x77, 0x8C, 0x62, 0x00, 0xF7,
    0xF7, 0xE6, 0x00, 0x00, 0xDB, 0xF6, 0xC0, 0x6E, 0xF8, 0xE0, 0x00, 0xFC, 0x7E, 0x36, 0x30, 0xFB,
    0xB6, 0x20, 0x6E, 0xCE, 0xE0, 0x33, 0xFE, 0xDB, 0x00, 0x03, 0x3C, 0xC0, 0x6F, 0x37, 0x60, 0x2F,
    0xE0, 0x39, 0xC6, 0x1E, 0x78, 0x00, 0x73, 0xED, 0xC0, 0xCD, 0x9B, 0xF1, 0x80, 0xFF, 0xFC, 0xFB,
    0xE0, 0x03, 0x00, 0x38, 0x01, 0xE0, 0x1F, 0x00, 0xD8, 0x06, 0xE0, 0x73, 0x03, 0x1C, 0x38, 0x61,
    0xFF, 0x0F, 0xFC, 0xE0, 0x66, 0x03, 0xF0, 0x0F, 0x00, 0x60, 0x00, 0x07, 0x00, 0x38, 0x00, 0x00,
    0x01, 0xFE, 0x3F, 0xF7, 0x0F, 0x60, 0x76, 0x07, 0x60, 0x76, 0x07, 0x60, 0x77, 0x0F, 0x3F, 0xF1,
    0xFF, 0x06, 0x00, 0x60, 0x07, 0x00, 0x20, 0x07, 0x00, 0x7C, 0x00, 0x60, 0x06, 0x00, 0x00, 0x01,
    0x80, 0x1C, 0x00, 0xF0, 0x0F, 0x80, 0x6C, 0x03, 0x70, 0x39, 0x81, 0x8E, 0x1C, 0x30, 0xFF, 0x87,
    0xFE, 0x70, 0x33, 0x01, 0xF8, 0x07, 0x80, 0x30, 0x00, 0x00, 0x07, 0x00, 0xF0, 0x03, 0x00, 0x30,
    0x02, 0x01, 0xFE, 0x3F, 0xF7, 0x0F, 0x60, 0x76, 0x07, 0x60, 0x76, 0x07, 0x60, 0x77, 0x0F, 0x3F,
    0xF1, 0xFF, 0x06, 0x00, 0x00, 0x18, 0x3B, 0xC3, 0xFC, 0x1B, 0x80, 0x00, 0x01, 0x80, 0x1C, 0x00,
    0xF0, 0x0F, 0x80, 0x6C, 0x03, 0x70, 0x39, 0x81, 0x8E, 0x1C, 0x30, 0xFF, 0x87, 0xFE, 0x70, 0x33,
    0x01, 0xF8, 0x07, 0x80, 0x30, 0x00, 0x00, 0x00, 0x20, 0x07, 0x00, 0xE0, 0xFC, 0x0F, 0x81, 0x98,
    0x00, 0x01, 0xFE, 0x3F, 0xF7, 0x0F, 0x60, 0x76, 0x07, 0x60, 0x76, 0x07, 0x60, 0x77, 0x0F, 0x3F,
    0xF1, 0xFF, 0x06, 0x00, 0x03, 0x80, 0x1E, 0x01, 0xF0, 0x1F, 0x00, 0xDC, 0x00, 0x00, 0x0C, 0x00,
    0xE0, 0x07, 0x80, 0x7C, 0x03, 0x60, 0x1B, 0x81, 0xCC, 0x0C, 0x70, 0xE1, 0x87, 0xFC, 0x3F, 0xF3,
    0x81, 0x98, 0x0F, 0xC0, 0x3C, 0x01, 0x80, 0x00, 0x03, 0x00, 0x38, 0x01, 0xC0, 0xF8, 0x1F, 0x81,
    0x98, 0x00, 0x01, 0xFE, 0x3F, 0xF7, 0x0F, 0x60, 0x76, 0x07, 0x60, 0x76, 0x07, 0x60, 0x77, 0x0F,
    0x3F, 0xF1, 0xFF, 0x06, 0x00, 0x00, 0xE0, 0x07, 0x81, 0xCC, 0x1F, 0x40, 0xDE, 0x00, 0x00, 0x0C,
    0x00, 0xE0, 0x07, 0x80, 0x7C, 0x03, 0x60, 0x1B, 0x81, 0xCC, 0x0C, 0x70, 0xE1, 0x87, 0xFC, 0x3F,
    0xF3, 0x81, 0x98, 0x0F, 0xC0, 0x3C, 0x01, 0x80, 0x00, 0x00, 0xE0, 0x1E, 0x00, 0x60, 0x76, 0x0F,
    0xC1, 0x98, 0x00, 0x01, 0xFE, 0x3F, 0xF7, 0x0F, 0x60, 0x76, 0x07, 0x60, 0x76, 0x07, 0x60, 0x77,
    0x0F, 0x3F, 0xF1, 0xFF, 0x06, 0x00, 0x0E, 0x40, 0xFF, 0x06, 0xF0, 0x0E, 0x00, 0xF8, 0x06, 0xE0,
    0x0C, 0x00, 0xE0, 0x07, 0x80, 0x7C, 0x03, 0x60, 0x1B, 0x81, 0xCC, 0x0C, 0x70, 0xE1, 0x87, 0xFC,
    0x3F, 0xF3, 0x81, 0x98, 0x0F, 0xC0, 0x3C, 0x01, 0x80, 0x00, 0x00, 0x01, 0xEC, 0x1F, 0xC1, 0x38,
    0x00, 0x00, 0x70, 0x0F, 0x81, 0x98, 0x1F, 0xE3, 0xFF, 0x70, 0xF6, 0x07, 0x60, 0x76, 0x07, 0x60,
    0x76, 0x07, 0x70, 0xF3, 0xFF, 0x1F, 0xF0, 0x60, 0x07, 0x00, 0x7C, 0x03, 0x70, 0x00, 0x00, 0x30,
    0x03, 0x80, 0x1E, 0x01, 0xF0, 0x0D, 0x80, 0x6E, 0x07, 0x30, 0x31, 0xC3, 0x86, 0x1F, 0xF0, 0xFF,
    0xCE, 0x06, 0x60, 0x3F, 0x00, 0xF0, 0x06, 0x00, 0x00, 0x70, 0x03, 0x80, 0x00, 0x00, 0x70, 0x0F,
    0x81, 0x98, 0x00, 0x01, 0xFE, 0x3F, 0xF7, 0x0F, 0x60, 0x76, 0x07, 0x60, 0x76, 0x07, 0x60, 0x77,
    0x0F, 0x3F, 0xF1, 0xFF, 0x06, 0x00, 0x60, 0x07, 0x00, 0x20, 0x00, 0xC0, 0x0E, 0x00, 0xE0, 0x31,
    0x80, 0xFC, 0x07, 0xC0, 0x00, 0x00, 0x60, 0x07, 0x00, 0x3C, 0x03, 0xE0, 0x1B, 0x00, 0xDC, 0x0E,
    0x60, 0x63, 0x87, 0x0C, 0x3F, 0xE1, 0xFF, 0x9C, 0x0C, 0xC0, 0x7E, 0x01, 0xE0, 0x0C, 0x00, 0x00,
    0x00, 0x80, 0x18, 0x03, 0x81, 0xBC, 0x19, 0xC0, 0xF8, 0x07, 0x00, 0x00, 0x1F, 0xE3, 0xFF, 0x70,
    0xF6, 0x07, 0x60, 0x76, 0x07, 0x60, 0x76, 0x07, 0x70, 0xF3, 0xFF, 0x1F, 0xF0, 0x60, 0x1C, 0x00,
    0x70, 0x01, 0xC0, 0x31, 0x80, 0xFC, 0x07, 0xC0, 0x00, 0x00, 0x60, 0x07, 0x00, 0x3C, 0x03, 0xE0,
    0x1B, 0x00, 0xDC, 0x0E, 0x60, 0x63, 0x87, 0x0C, 0x3F, 0xE1, 0xFF, 0x9C, 0x0C, 0xC0, 0x7E, 0x01,
    0xE0, 0x0C, 0x00, 0x00, 0x0C, 0x00, 0xE0, 0x1E, 0xC1, 0xFC, 0x0F, 0x80, 0x70, 0x00, 0x01, 0xFE,
    0x3F, 0xF7, 0x0F, 0x60, 0x76, 0x07, 0x60, 0x76, 0x07, 0x60, 0x77, 0x0F, 0x3F, 0xF1, 0xFF, 0x06,
    0x00, 0x07, 0x00, 0x7C, 0x00, 0x60, 0x06, 0x00, 0x00, 0x0C, 0x60, 0x3F, 0x01, 0xF0, 0x00, 0x00,
    0x18, 0x01, 0xC0, 0x0F, 0x00, 0xF8, 0x06, 0xC0, 0x37, 0x03, 0x98, 0x18, 0xE1, 0xC3, 0x0F, 0xF8,
    0x7F, 0xE7, 0x03, 0x30, 0x1F, 0x80, 0x78, 0x03, 0x00, 0x00, 0x07, 0x00, 0xF0, 0x03, 0x01, 0xB8,
    0x1B, 0xC0, 0xF8, 0x07, 0x00, 0x00, 0x1F, 0xE3, 0xFF, 0x70, 0xF6, 0x07, 0x60, 0x76, 0x07, 0x60,
    0x76, 0x07, 0x70, 0xF3, 0xFF, 0x1F, 0xF0, 0x60, 0x0E, 0x40, 0xFF, 0x06, 0xF0, 0x00, 0x01, 0x8C,
    0x07, 0xE0, 0x3E, 0x00, 0x00, 0x03, 0x00, 0x38, 0x01, 0xE0, 0x1F, 0x00, 0xD8, 0x06, 0xE0, 0x73,
    0x03, 0x1C, 0x38, 0x61, 0xFF, 0x0F, 0xFC, 0xE0, 0x66, 0x03, 0xF0, 0x0F, 0x00, 0x60, 0x00, 0x00,
    0x01, 0xEC, 0x3F, 0xC1, 0x38, 0x18, 0x81, 0x98, 0x1F, 0x80, 0x70, 0x1F, 0xE3, 0xFF, 0x70, 0xF6,
    0x07, 0x60, 0x76, 0x07, 0x60, 0x76, 0x07, 0x70, 0xF3, 0xFF, 0x1F, 0xF0, 0x60, 0x18, 0xC0, 0x7E,
    0x03, 0xE0, 0x00, 0x00, 0x30, 0x03, 0x80, 0x1E, 0x01, 0xF0, 0x0D, 0x80, 0x6E, 0x07, 0x30, 0x31,
    0xC3, 0x86, 0x1F, 0xF0, 0xFF, 0xCE, 0x06, 0x60, 0x3F, 0x00, 0xF0, 0x06, 0x00, 0x00, 0x70, 0x03,
    0x80, 0x18, 0x81, 0x98, 0x1F, 0x80, 0x70, 0x1F, 0xE3, 0xFF, 0x70, 0xF6, 0x07, 0x60, 0x76, 0x07,
    0x60, 0x76, 0x07, 0x70, 0xF3, 0xFF, 0x1F, 0xF0, 0x60, 0x06, 0x00, 0x70, 0x02, 0x00, 0x7F, 0xFF,
    0xFE, 0x03, 0x80, 0xE0, 0x38, 0x0F, 0xFB, 0xFE, 0xFF, 0xB8, 0x0E, 0x03, 0x80, 0xE0, 0x3F, 0xF7,
    0xFC, 0x00, 0x0E, 0x03, 0x80, 0x00, 0x03, 0xF0, 0xFF, 0x38, 0x76, 0x06, 0xFF, 0xDF, 0xFB, 0x00,
    0x60, 0x0E, 0x0C, 0xFF, 0x8F, 0xE0, 0x20, 0x0C, 0x01, 0x80, 0x30, 0x0E, 0x07, 0xC0, 0x20, 0x18,
    0x04, 0x1F, 0xFF, 0xFF, 0x80, 0xE0, 0x38, 0x0E, 0x03, 0xFE, 0xFF, 0xBF, 0xEE, 0x03, 0x80, 0xE0,
    0x38, 0x0F, 0xFD, 0xFF, 0x0E, 0x01, 0xE0, 0x0C, 0x03, 0x00, 0x20, 0x3F, 0x0F, 0xF3, 0x87, 0x60,
    0x6F, 0xFD, 0xFF, 0xB0, 0x06, 0x00, 0xE0, 0xCF, 0xF8, 0xFE, 0x02, 0x00, 0x18, 0x8F, 0xE3, 0x78,
    0x00, 0x7F, 0xFF, 0xFE, 0x03, 0x80, 0xE0, 0x38, 0x0F, 0xFB, 0xFE, 0xFF, 0xB8, 0x0E, 0x03, 0x80,
    0xE0, 0x3F, 0xF7, 0xFC, 0x00, 0x03, 0xD8, 0xFF, 0x19, 0xC0, 0x00, 0x3F, 0x0F, 0xF3, 0x87, 0x60,
    0x6F, 0xFD, 0xFF, 0xB0, 0x06, 0x00, 0xE0, 0xCF, 0xF8, 0xFE, 0x02, 0x00, 0x00, 0x30, 0xE7, 0x1F,
    0xE1, 0xB8, 0x00, 0x07, 0xFC, 0xFF, 0xCE, 0x00, 0xE0, 0x0E, 0x00, 0xE0, 0x0F, 0xF8, 0xFF, 0x8F,
    0xF8, 0xE0, 0x0E, 0x00, 0xE0, 0x0E, 0x00, 0xFF, 0xC7, 0xFC, 0x00, 0x20, 0x06, 0x00, 0xE0, 0xFC,
    0x1F, 0x01, 0x98, 0x00, 0x01, 0xF8, 0x3F, 0xC7, 0x0E, 0x60, 0x67, 0xFE, 0x7F, 0xE6, 0x00, 0x60,
    0x07, 0x06, 0x3F, 0xE1, 0xFC, 0x02, 0x00, 0x06, 0x01, 0xE0, 0xF8, 0x7C, 0x1B, 0x80, 0x07, 0xFF,
    0xFF, 0xE0, 0x38, 0x0E, 0x03, 0x80, 0xFF, 0xBF, 0xEF, 0xFB, 0x80, 0xE0, 0x38, 0x0E, 0x03, 0xFF,
    0x7F, 0xC0, 0x03, 0x00, 0x70, 0x06, 0x07, 0xC1, 0xF0, 0x33, 0x00, 0x00, 0xFC, 0x3F, 0xCE, 0x1D,
    0x81, 0xBF, 0xF7, 0xFE, 0xC0, 0x18, 0x03, 0x83, 0x3F, 0xE3, 0xF8, 0x08, 0x00, 0x0E, 0x07, 0xC0,
    0x20, 0x18, 0x04, 0x03, 0x81, 0xF0, 0x6E, 0x00, 0x1F, 0xFF, 0xFF, 0x80, 0xE0, 0x38, 0x0E, 0x03,
    0xFE, 0xFF, 0xBF, 0xEE, 0x03, 0x80, 0xE0, 0x38, 0x0F, 0xFD, 0xFF, 0x01, 0xC0, 0x3C, 0x01, 0x87,
    0xE1, 0xFC, 0x33, 0x00, 0x00, 0xFC, 0x3F, 0xCE, 0x1D, 0x81, 0xBF, 0xF7, 0xFE, 0xC0, 0x18, 0x03,
    0x83, 0x3F, 0xE3, 0xF8, 0x08, 0x00, 0x18, 0x8F, 0xE3, 0x78, 0x38, 0x1F, 0x06, 0xE0, 0x01, 0xFF,
    0xFF, 0xF8, 0x0E, 0x03, 0x80, 0xE0, 0x3F, 0xEF, 0xFB, 0xFE, 0xE0, 0x38, 0x0E, 0x03, 0x80, 0xFF,
    0xDF, 0xF0, 0x00, 0x03, 0xD8, 0xFF, 0x19, 0xC0, 0x00, 0x1E, 0x07, 0xE0, 0xCC, 0x1F, 0x87, 0xF9,
    0xC3, 0xB0, 0x37, 0xFE, 0xFF, 0xD8, 0x03, 0x00, 0x70, 0x67, 0xFC, 0x7F, 0x01, 0x00, 0x0E, 0x07,
    0xC1, 0xB8, 0x00, 0x7F, 0xFF, 0xFE, 0x03, 0x80, 0xE0, 0x38, 0x0F, 0xFB, 0xFE, 0xFF, 0xB8, 0x0E,
    0x03, 0x80, 0xE0, 0x3F, 0xF7, 0xFC, 0x00, 0x0E, 0x03, 0x80, 0x00, 0x01, 0xE0, 0x3E, 0x0C, 0xC0,
    0x00, 0x3F, 0x0F, 0xF3, 0x87, 0x60, 0x6F, 0xFD, 0xFF, 0xB0, 0x06, 0x00, 0xE0, 0xCF, 0xF8, 0xFE,
    0x02, 0x00, 0xC0, 0x18, 0x03, 0x00, 0x77, 0xC6, 0x60, 0x19, 0xCE, 0x73, 0x9C, 0xE7, 0x39, 0xCE,
    0x73, 0x9C, 0x60, 0x7F, 0x33, 0x26, 0x77, 0x77, 0x77, 0x77, 0x76, 0x7F, 0xFF, 0xFF, 0xFF, 0xFF,
    0xD8, 0xFC, 0x5F, 0x0D, 0xFF, 0xFF, 0xFF, 0xF0, 0xFD, 0x00, 0x07, 0xE0, 0x3F, 0xF0, 0xF0, 0xF1,
    0xC0, 0xE7, 0x00, 0xEC, 0x01, 0xD8, 0x01, 0xB0, 0x03, 0x60, 0x06, 0xC0, 0x0D, 0xC0, 0x3B, 0x80,
    0x63, 0x83, 0xC3, 0xFF, 0x03, 0xFC, 0x00, 0xC0, 0x01, 0x80, 0x03, 0x00, 0x00, 0x01, 0xF8, 0x3F,
    0xE7, 0x0E, 0x70, 0x76, 0x03, 0x60, 0x36, 0x03, 0x60, 0x77, 0x06, 0x3F, 0xE1, 0xFC, 0x06, 0x00,
    0x70, 0x07, 0x00, 0x20, 0x03, 0x80, 0x07, 0x80, 0x03, 0x00, 0x0C, 0x00, 0x08, 0x00, 0xFC, 0x07,
    0xFE, 0x1E, 0x1E, 0x38, 0x1C, 0xE0, 0x1D, 0x80, 0x3B, 0x00, 0x36, 0x00, 0x6C, 0x00, 0xD8, 0x01,
    0xB8, 0x07, 0x70, 0x0C, 0x70, 0x78, 0x7F, 0xE0, 0x7F, 0x80, 0x18, 0x00, 0x07, 0x00, 0xF0, 0x03,
    0x00, 0x30, 0x02, 0x01, 0xF8, 0x3F, 0xE7, 0x0E, 0x70, 0x76, 0x03, 0x60, 0x36, 0x03, 0x60, 0x77,
    0x06, 0x3F, 0xE1, 0xFC, 0x06, 0x00, 0x00, 0x0C, 0x03, 0x38, 0x0F, 0xE0, 0x37, 0x00, 0x00, 0x00,
    0xFC, 0x07, 0xFE, 0x1E, 0x1E, 0x38, 0x1C, 0xE0, 0x1D, 0x80, 0x3B, 0x00, 0x36, 0x00, 0x6C, 0x00,
    0xD8, 0x01, 0xB8, 0x07, 0x70, 0x0C, 0x70, 0x78, 0x7F, 0xE0, 0x7F, 0x80, 0x18, 0x00, 0x00, 0x20,
    0x07, 0x00, 0x60, 0x7C, 0x0F, 0x81, 0x98, 0x00, 0x01, 0xF8, 0x3F, 0xE7, 0x0E, 0x70, 0x76, 0x03,
    0x60, 0x36, 0x03, 0x60, 0x77, 0x06, 0x3F, 0xE1, 0xFC, 0x06, 0x00, 0x00, 0xC0, 0x01, 0xC0, 0x07,
    0xC0, 0x1E, 0x00, 0x6E, 0x00, 0x00, 0x01, 0xF8, 0x0F, 0xFC, 0x3C, 0x3C, 0x70, 0x39, 0xC0, 0x3B,
    0x00, 0x76, 0x00, 0x6C, 0x00, 0xD8, 0x01, 0xB0, 0x03, 0x70, 0x0E, 0xE0, 0x18, 0xE0, 0xF0, 0xFF,
    0xC0, 0xFF, 0x00, 0x30, 0x00, 0x03, 0x00, 0x38, 0x01, 0xC0, 0xF0, 0x0F, 0x81, 0x98, 0x00, 0x01,
    0xF8, 0x3F, 0xE7, 0x0E, 0x70, 0x76, 0x03, 0x60, 0x36, 0x03, 0x60, 0x77, 0x06, 0x3F, 0xE1, 0xFC,
    0x06, 0x00, 0x00, 0x70, 0x00, 0xF0, 0x00, 0x60, 0x1F, 0x80, 0x7F, 0x00, 0xCC, 0x00, 0x00, 0x03,
    0xF0, 0x1F, 0xF8, 0x78, 0x78, 0xE0, 0x73, 0x80, 0x76, 0x00, 0xEC, 0x00, 0xD8, 0x01, 0xB0, 0x03,
    0x60, 0x06, 0xE0, 0x1D, 0xC0, 0x31, 0xC1, 0xE1, 0xFF, 0x81, 0xFE, 0x00, 0x60, 0x00, 0x00, 0xE0,
    0x1E, 0x00, 0x60, 0x76, 0x0F, 0xC1, 0x98, 0x00, 0x01, 0xF8, 0x3F, 0xE7, 0x0E, 0x70, 0x76, 0x03,
    0x60, 0x36, 0x03, 0x60, 0x77, 0x06, 0x3F, 0xE1, 0xFC, 0x06, 0x00, 0x07, 0x30, 0x1F, 0xE0, 0x37,
    0x80, 0x0C, 0x00, 0x3C, 0x00, 0xDC, 0x00, 0x00, 0x03, 0xF0, 0x1F, 0xF8, 0x78, 0x78, 0xE0, 0x73,
    0x80, 0x76, 0x00, 0xEC, 0x00, 0xD8, 0x01, 0xB0, 0x03, 0x60, 0x06, 0xE0, 0x1D, 0xC0, 0x31, 0xC1,
    0xE1, 0xFF, 0x81, 0xFE, 0x00, 0x60, 0x00, 0x00, 0x01, 0xEC, 0x1F, 0xC1, 0xB8, 0x07, 0x00, 0xF8,
    0x19, 0x80, 0x00, 0x1F, 0x83, 0xFE, 0x70, 0xE7, 0x07, 0x60, 0x36, 0x03, 0x60, 0x36, 0x07, 0x70,
    0x63, 0xFE, 0x1F, 0xC0, 0x60, 0x01, 0x80, 0x07, 0x80, 0x1B, 0x80, 0x00, 0x00, 0x7E, 0x03, 0xFF,
    0x0F, 0x0F, 0x1C, 0x0E, 0x70, 0x0E, 0xC0, 0x1D, 0x80, 0x1B, 0x00, 0x36, 0x00, 0x6C, 0x00, 0xDC,
    0x03, 0xB8, 0x06, 0x38, 0x3C, 0x3F, 0xF0, 0x3F, 0xC0, 0x0C, 0x00, 0x18, 0x00, 0x30, 0x00, 0x00,
    0x00, 0x70, 0x0F, 0x80, 0x98, 0x00, 0x01, 0xF8, 0x3F, 0xE7, 0x0E, 0x70, 0x76, 0x03, 0x60, 0x36,
    0x03, 0x60, 0x77, 0x06, 0x3F, 0xE1, 0xFC, 0x06, 0x00, 0x70, 0x07, 0x00, 0x20, 0x00, 0x60, 0x01,
    0xF0, 0x07, 0x60, 0x3F, 0xC1, 0xFF, 0x87, 0x87, 0x8E, 0x07, 0x38, 0x07, 0x60, 0x0E, 0xC0, 0x0D,
    0x80, 0x1B, 0x00, 0x36, 0x00, 0x6E, 0x01, 0xDC, 0x03, 0x1C, 0x1E, 0x1F, 0xF8, 0x1F, 0xE0, 0x06,
    0x00, 0x01, 0x80, 0x38, 0x03, 0x80, 0x73, 0x00, 0x31, 0xFF, 0x3F, 0xE7, 0x0E, 0x70, 0x76, 0x03,
    0x60, 0x36, 0x03, 0x60, 0x77, 0x06, 0x3F, 0xE1, 0xFC, 0x06, 0x00, 0x06, 0x00, 0x0E, 0x30, 0x0E,
    0x60, 0x3F, 0xC1, 0xFF, 0x87, 0x87, 0x8E, 0x07, 0x38, 0x07, 0x60, 0x0E, 0xC0, 0x0D, 0x80, 0x1B,
    0x00, 0x36, 0x00, 0x6E, 0x01, 0xDC, 0x03, 0x1C, 0x1E, 0x1F, 0xF8, 0x1F, 0xE0, 0x06, 0x00, 0x18,
    0x01, 0xC0, 0x0E, 0x30, 0x23, 0x1F, 0xF3, 0xFE, 0x70, 0xE7, 0x07, 0x60, 0x36, 0x03, 0x60, 0x36,
    0x07, 0x70, 0x63, 0xFE, 0x1F, 0xC0, 0x60, 0x03, 0x80, 0x07, 0x80, 0x03, 0x00, 0x0C, 0xC0, 0x09,
    0x80, 0xFF, 0x07, 0xFE, 0x1E, 0x1E, 0x38, 0x1C, 0xE0, 0x1D, 0x80, 0x3B, 0x00, 0x36, 0x00, 0x6C,
    0x00, 0xD8, 0x01, 0xB8, 0x07, 0x70, 0x0C, 0x70, 0x78, 0x7F, 0xE0, 0x7F, 0x80, 0x18, 0x00, 0x07,
    0x00, 0xF0, 0x03, 0x00, 0x33, 0x02, 0x31, 0xFF, 0x3F, 0xE7, 0x0E, 0x70, 0x76, 0x03, 0x60, 0x36,
    0x03, 0x60, 0x77, 0x06, 0x3F, 0xE1, 0xFC, 0x06, 0x00, 0x07, 0x20, 0x1F, 0xE0, 0x37, 0xE0, 0x00,
    0xC0, 0x7F, 0x83, 0xFF, 0x0F, 0x0F, 0x1C, 0x0E, 0x70, 0x0E, 0xC0, 0x1D, 0x80, 0x1B, 0x00, 0x36,
    0x00, 0x6C, 0x00, 0xDC, 0x03, 0xB8, 0x06, 0x38, 0x3C, 0x3F, 0xF0, 0x3F, 0xC0, 0x0C, 0x00, 0x00,
    0x01, 0xEC, 0x1F, 0xC1, 0x3B, 0x00, 0x31, 0xFF, 0x3F, 0xE7, 0x0E, 0x70, 0x76, 0x03, 0x60, 0x36,
    0x03, 0x60, 0x77, 0x06, 0x3F, 0xE1, 0xFC, 0x06, 0x00, 0x00, 0x18, 0x00, 0x30, 0x1F, 0xE0, 0xFF,
    0xC3, 0xC3, 0xC7, 0x03, 0x9C, 0x03, 0xB0, 0x07, 0x60, 0x06, 0xC0, 0x0D, 0x80, 0x1B, 0x00, 0x37,
    0x00, 0xEE, 0x01, 0x8E, 0x0F, 0x0F, 0xFC, 0x0F, 0xF0, 0x03, 0x00, 0x06, 0x00, 0x0C, 0x00, 0x00,
    0x30, 0x03, 0x1F, 0xF3, 0xFE, 0x70, 0xE7, 0x07, 0x60, 0x36, 0x03, 0x60, 0x36, 0x07, 0x70, 0x63,
    0xFE, 0x1F, 0xC0, 0x60, 0x06, 0x00, 0x70, 0x02, 0x00, 0x60, 0x3E, 0x03, 0xE0, 0x3E, 0x03, 0xE0,
    0x3E, 0x03, 0xE0, 0x3E, 0x03, 0xE0, 0x3E, 0x03, 0x60, 0x36, 0x07, 0x70, 0xF3, 0xFE, 0x1F, 0xC0,
    0x20, 0x07, 0x00, 0x70, 0xC0, 0xF8, 0x7E, 0x1F, 0x87, 0xE1, 0xF8, 0x7E, 0x1F, 0x87, 0xE1, 0xDF,
    0xE3, 0xF0, 0x30, 0x0C, 0x03, 0x00, 0xC0, 0x07, 0x00, 0xF0, 0x03, 0x00, 0x30, 0x02, 0x06, 0x03,
    0xE0, 0x3E, 0x03, 0xE0, 0x3E, 0x03, 0xE0, 0x3E, 0x03, 0xE0, 0x3E, 0x03, 0xE0, 0x36, 0x03, 0x60,
    0x77, 0x0F, 0x3F, 0xE1, 0xFC, 0x02, 0x00, 0x1C, 0x07, 0x80, 0x60, 0x30, 0x04, 0x30, 0x3E, 0x1F,
    0x87, 0xE1, 0xF8, 0x7E, 0x1F, 0x87, 0xE1, 0xF8, 0x77, 0xF8, 0xFC, 0x0C, 0x00, 0x00, 0xC0, 0x07,
    0x8C, 0x0C, 0x3B, 0x01, 0xEE, 0x03, 0xDC, 0x06, 0x38, 0x0C, 0x70, 0x18, 0xE0, 0x31, 0xC0, 0x63,
    0x80, 0xC7, 0x01, 0x8E, 0x03, 0x0C, 0x06, 0x18, 0x1C, 0x38, 0x78, 0x3F, 0xE0, 0x3F, 0x80, 0x08,
    0x00, 0x03, 0x00, 0x70, 0x07, 0x00, 0xE3, 0x00, 0x3C, 0x0F, 0xE1, 0xEE, 0x1C, 0xE1, 0xCE, 0x1C,
    0xE1, 0xCE, 0x1C, 0xE1, 0xCE, 0x1C, 0x7F, 0x83, 0xF0, 0x0C, 0x00, 0x1C, 0x00, 0x3C, 0x0C, 0x18,
    0x3B, 0x01, 0xEE, 0x03, 0xDC, 0x06, 0x38, 0x0C, 0x70, 0x18, 0xE0, 0x31, 0xC0, 0x63, 0x80, 0xC7,
    0x01, 0x8E, 0x03, 0x0C, 0x06, 0x18, 0x1C, 0x38, 0x78, 0x3F, 0xE0, 0x3F, 0x80, 0x08, 0x00, 0x30,
    0x03, 0x80, 0x1C, 0x30, 0x43, 0xC0, 0xFE, 0x1E, 0xE1, 0xCE, 0x1C, 0xE1, 0xCE, 0x1C, 0xE1, 0xCE,
    0x1C, 0xE1, 0xC7, 0xF8, 0x3F, 0x00, 0xC0, 0x07, 0x00, 0x1E, 0x00, 0x0C, 0x00, 0x18, 0x30, 0x20,
    0xEC, 0x07, 0xB8, 0x0F, 0x70, 0x18, 0xE0, 0x31, 0xC0, 0x63, 0x80, 0xC7, 0x01, 0x8E, 0x03, 0x1C,
    0x06, 0x38, 0x0C, 0x30, 0x18, 0x60, 0x70, 0xE1, 0xE0, 0xFF, 0x80, 0xFE, 0x00, 0x20, 0x00, 0x0E,
    0x01, 0xE0, 0x06, 0x00, 0x63, 0x04, 0x3C, 0x0F, 0xE1, 0xEE, 0x1C, 0xE1, 0xCE, 0x1C, 0xE1, 0xCE,
    0x1C, 0xE1, 0xCE, 0x1C, 0x7F, 0x83, 0xF0, 0x0C, 0x00, 0x0C, 0xC0, 0x3F, 0x80, 0x6F, 0x18, 0x00,
    0x76, 0x03, 0xDC, 0x07, 0xB8, 0x0C, 0x70, 0x18, 0xE0, 0x31, 0xC0, 0x63, 0x80, 0xC7, 0x01, 0x8E,
    0x03, 0x1C, 0x06, 0x18, 0x0C, 0x30, 0x38, 0x70, 0xF0, 0x7F, 0xC0, 0x7F, 0x00, 0x10, 0x00, 0x00,
    0x03, 0xD8, 0x3F, 0x82, 0x73, 0x00, 0x3C, 0x0F, 0xE1, 0xEE, 0x1C, 0xE1, 0xCE, 0x1C, 0xE1, 0xCE,
    0x1C, 0xE1, 0xCE, 0x1C, 0x7F, 0x83, 0xF0, 0x0C, 0x00, 0x00, 0x06, 0x00, 0x1D, 0x80, 0xF7, 0x01,
    0xEE, 0x03, 0x1C, 0x06, 0x38, 0x0C, 0x70, 0x18, 0xE0, 0x31, 0xC0, 0x63, 0x80, 0xC7, 0x01, 0x86,
    0x03, 0x0C, 0x0E, 0x1C, 0x3C, 0x1F, 0xF0, 0x1F, 0xC0, 0x04, 0x00, 0x1C, 0x00, 0x38, 0x00, 0x00,
    0x30, 0x03, 0xC0, 0xFE, 0x1E, 0xE1, 0xCE, 0x1C, 0xE1, 0xCE, 0x1C, 0xE1, 0xCE, 0x1C, 0xE1, 0xC7,
    0xF8, 0x3F, 0x00, 0xC0, 0x0C, 0x00, 0xE0, 0x04, 0x00, 0x18, 0x01, 0xC0, 0x0E, 0x0C, 0x03, 0xE0,
    0x77, 0x0E, 0x70, 0xE3, 0x9C, 0x1F, 0x80, 0xF0, 0x0F, 0x00, 0x60, 0x06, 0x00, 0x60, 0x06, 0x00,
    0x60, 0x06, 0x00, 0x60, 0x30, 0x0E, 0x01, 0xC0, 0x00, 0xC0, 0xF8, 0x7E, 0x1F, 0x87, 0xE1, 0xF8,
    0x7E, 0x1F, 0x87, 0xE1, 0xDF, 0xF7, 0xFC, 0x67, 0x01, 0x9F, 0xE7, 0xF0, 0x20, 0xC0, 0x3E, 0x07,
    0x70, 0xE7, 0x0E, 0x39, 0xC1, 0xF8, 0x0F, 0x00, 0xF0, 0x06, 0x00, 0x60, 0x06, 0x00, 0x60, 0x06,
    0x00, 0x60, 0x06, 0x00, 0x00, 0x06, 0x00, 0x60, 0xC0, 0xCE, 0x1C, 0xE1, 0xCE, 0x1C, 0xE1, 0xCE,
    0x1C, 0xE1, 0xCE, 0x1C, 0xE1, 0xC7, 0xFC, 0x7F, 0xC1, 0x9C, 0x01, 0x87, 0xFE, 0x7F, 0x70, 0x86,
    0x0E, 0x00, 0xF0, 0x03, 0x00, 0x60, 0x02, 0x0C, 0x03, 0xE0, 0x77, 0x0E, 0x70, 0xE3, 0x9C, 0x1F,
    0x80, 0xF0, 0x0F, 0x00, 0x60, 0x06, 0x00, 0x60, 0x06, 0x00, 0x60, 0x06, 0x00, 0x60, 0x1C, 0x07,
    0x80, 0x60, 0x30, 0x04, 0x30, 0x3E, 0x1F, 0x87, 0xE1, 0xF8, 0x7E, 0x1F, 0x87, 0xE1, 0xF8, 0x77,
    0xFD, 0xFF, 0x19, 0xC0, 0x67, 0xF9, 0xFC, 0x08, 0x00, 0x1C, 0xC3, 0xFC, 0x37, 0x80, 0x00, 0xC0,
    0x3E, 0x07, 0x70, 0xE7, 0x0E, 0x39, 0xC1, 0xF8, 0x0F, 0x00, 0xF0, 0x06, 0x00, 0x60, 0x06, 0x00,
    0x60, 0x06, 0x00, 0x60, 0x06, 0x00, 0x00, 0x0F, 0x67, 0xF9, 0x9C, 0x00, 0x30, 0x3E, 0x1F, 0x87,
    0xE1, 0xF8, 0x7E, 0x1F, 0x87, 0xE1, 0xF8, 0x77, 0xFD, 0xFF, 0x19, 0xC0, 0x67, 0xF9, 0xFC, 0x08,
    0x00, 0xFD, 0xFB, 0xF0, 0xFF, 0xFF, 0xC0, 0x00, 0xFF, 0xFF, 0xC0, 0x00, 0xFF, 0xFF, 0xFF, 0xFF,
    0x00, 0x00, 0xFF, 0xFF, 0xFF, 0xFF, 0x00, 0x00, 0x37, 0xEF, 0x60, 0x6F, 0x36, 0x40, 0x7F, 0x37,
    0x60, 0x76, 0x6E, 0xEC, 0xFF, 0x66, 0x6E, 0xFF, 0x37, 0x6E, 0x4C, 0x6E, 0xFE, 0x36, 0x7E, 0x6C,
    0x30, 0x70, 0xE7, 0xFF, 0xE7, 0x0E, 0x1C, 0x38, 0x70, 0xC0, 0x30, 0x60, 0xC7, 0xFF, 0xC6, 0x3F,
    0xFE, 0x30, 0x60, 0xC0, 0x00, 0x00, 0xF9, 0xF7, 0xF7, 0xEF, 0x8E, 0x00, 0xCC, 0xF3, 0x3C, 0xCC,
    0x3C, 0x08, 0x00, 0xFC, 0x30, 0x01, 0x98, 0xE0, 0x03, 0x31, 0x80, 0x0E, 0x66, 0x00, 0x0C, 0xDC,
    0x00, 0x1F, 0xB0, 0x00, 0x1E, 0xCE, 0x1C, 0x03, 0xBE, 0x7C, 0x06, 0xEE, 0xDC, 0x1D, 0x8F, 0x98,
    0x73, 0x1E, 0x30, 0xC7, 0x3E, 0x63, 0x87, 0xEF, 0xC6, 0x0F, 0x9F, 0x00, 0x04, 0x08, 0x77, 0x77,
    0x66, 0x66, 0x66, 0x44, 0x00, 0x19, 0xCC, 0xEE, 0x39, 0xC7, 0x18, 0xC7, 0x1C, 0x71, 0x9D, 0xCC,
    0xE0, 0x00, 0x60, 0x1C, 0x03, 0x00, 0xE0, 0x38, 0x06, 0x01, 0xC0, 0x70, 0x0C, 0x03, 0x80, 0xE0,
    0x18, 0x07, 0x01, 0xC0, 0x30, 0x00, 0x00, 0x10, 0xF9, 0xFF, 0x3C, 0x7C, 0xDF, 0xBE, 0x10, 0x00,
    0x38, 0x71, 0xE6, 0xDF, 0xDF, 0x86, 0x00, 0xFB, 0xEF, 0x3E, 0x1B, 0x6F, 0x88, 0x00, 0xF7, 0x9E,
    0xFF, 0xBE, 0xDE, 0x30, 0x7D, 0xF1, 0xC6, 0x38, 0xC3, 0x00, 0x10, 0xF9, 0xB3, 0xE7, 0xCD, 0x9B,
    0x3E, 0x10, 0x01, 0xE6, 0xFB, 0x7C, 0xF3, 0x9E, 0x20, 0x10, 0xF9, 0xFF, 0x3C, 0x7C, 0xDF, 0xBE,
    0x10, 0x3F, 0x73, 0x33, 0x30, 0x27, 0xF6, 0x33, 0xBB, 0xDF, 0xFB, 0xDD, 0xF1, 0xEF, 0xE4, 0x00,
    0x38, 0x71, 0xE6, 0xDF, 0xDF, 0x86, 0x00, 0xFB, 0xEF, 0x3E, 0x1B, 0x6F, 0x88, 0x00, 0xF7, 0x9E,
    0xFF, 0xBE, 0xDE, 0x30, 0x7D, 0xF1, 0xC6, 0x38, 0xC3, 0x00, 0x10, 0xF9, 0xB3, 0xE7, 0xCD, 0x9B,
    0x3E, 0x10, 0x01, 0xE6, 0xFB, 0x7C, 0xF3, 0x9E, 0x20, 0x00, 0x60, 0x00, 0xDC, 0x1F, 0xB0, 0x7F,
    0xE3, 0xFF, 0x87, 0x37, 0x1C, 0xEC, 0x31, 0xB8, 0x67, 0x60, 0xCD, 0xC1, 0xBB, 0x03, 0x6E, 0x07,
    0xD8, 0x0F, 0x70, 0x0F, 0xC6, 0x1F, 0xFC, 0x7F, 0xF0, 0xDF, 0x03, 0xB0, 0x02, 0x60, 0x00, 0x3F,
    0xEF, 0xFD, 0xC0, 0x38, 0x07, 0x00, 0xE0, 0x1F, 0xE3, 0xFE, 0x7F, 0xCE, 0x03, 0xF0, 0x7E, 0x07,
    0x00, 0xE0, 0x0C, 0x00, 0x0F, 0xC0, 0xFF, 0x07, 0x3C, 0x70, 0x43, 0x80, 0x1C, 0x01, 0xFE, 0x0F,
    0xF8, 0x7F, 0x87, 0xFE, 0x1F, 0xF0, 0x38, 0x01, 0x80, 0x3F, 0xDF, 0xFF, 0xE8, 0x1C, 0x30, 0x08,
    0x70, 0x1C, 0x78, 0x1C, 0x7C, 0x1C, 0x7E, 0x1C, 0x7E, 0x1C, 0xFF, 0xFE, 0xFF, 0xFF, 0x73, 0xDE,
    0x71, 0xDC, 0x70, 0xFC, 0x70, 0x7C, 0x70, 0x3C, 0x70, 0x3C, 0x30, 0x1C, 0x1F, 0xC0, 0x7F, 0xE0,
    0xE1, 0xC1, 0xC1, 0xC7, 0xFF, 0xCF, 0xFF, 0x8E, 0x0E, 0x1F, 0xF8, 0x3F, 0xE0, 0x7F, 0x00, 0xE0,
    0x01, 0xC0, 0x03, 0x80, 0x07, 0x00, 0x06, 0x00, 0x00, 0xC0, 0x00, 0x3E, 0x00, 0x07, 0x60, 0x00,
    0x67, 0x06, 0x0E, 0x70, 0x60, 0xE3, 0x0F, 0x0C, 0x7F, 0xFF, 0xEF, 0xFF, 0xFF, 0x79, 0x99, 0xE1,
    0xD9, 0xB8, 0x1F, 0x9F, 0x80, 0xF0, 0xF0, 0x0F, 0x0F, 0x00, 0xE0, 0x70, 0x06, 0x06, 0x00, 0x03,
    0x00, 0xC0, 0xFC, 0x3F, 0x1B, 0x0F, 0xC7, 0xF1, 0x8C, 0xE3, 0x18, 0xC7, 0xF0, 0xFC, 0x00, 0x1F,
    0xE7, 0xF8, 0x03, 0xF0, 0x3F, 0xE1, 0xF3, 0x87, 0x00, 0x38, 0x03, 0xFC, 0x0F, 0xF8, 0x1F, 0xC0,
    0xFF, 0x03, 0xFE, 0x07, 0xF0, 0x0E, 0x00, 0x1C, 0x18, 0x3F, 0xE0, 0x7F, 0x80, 0x30, 0x30, 0x19,
    0xC0, 0xE7, 0x07, 0x1C, 0x38, 0x71, 0xC1, 0xCE, 0x0F, 0xFF, 0x3F, 0xFE, 0x7F, 0x81, 0xE7, 0x07,
    0x0E, 0x1C, 0x1C, 0x70, 0x71, 0xC0, 0xE3, 0x01, 0x80, 0x00, 0x1F, 0xC0, 0xFF, 0xC3, 0x87, 0x9F,
    0xFF, 0x38, 0x39, 0xFF, 0xF7, 0xFF, 0xCF, 0xFC, 0x3F, 0xE0, 0xFE, 0x03, 0x80, 0x0E, 0x00, 0x38,
    0x00, 0xE0, 0x01, 0x80, 0x00, 0x01, 0x80, 0x06, 0x00, 0x7F, 0x03, 0xFE, 0x3F, 0xB8, 0xE6, 0x07,
    0x18, 0x1C, 0x60, 0x61, 0x81, 0x87, 0xE6, 0x1F, 0xD8, 0x7F, 0x71, 0x9C, 0xE6, 0x73, 0xD9, 0xC7,
    0xFF, 0x0F, 0xF8, 0x07, 0x00, 0x18, 0x00, 0x60, 0x01, 0x80, 0x01, 0x80, 0x0C, 0x01, 0xF8, 0x1F,
    0xF3, 0xFB, 0x9C, 0xC1, 0xC6, 0x0C, 0x30, 0x61, 0x83, 0x0C, 0x18, 0x60, 0xC3, 0x07, 0x18, 0x38,
    0xC0, 0xF6, 0x63, 0xFF, 0x0F, 0xF0, 0x0C, 0x00, 0x60, 0x03, 0x00, 0xFF, 0xFF, 0xF0, 0xF3, 0xFE,
    0xFF, 0xFF, 0xF0, 0x73, 0xF8, 0xFE, 0x03, 0x80, 0x70, 0x1C, 0x03, 0x00, 0xE0, 0x38, 0x18, 0x01,
    0x80, 0x19, 0x81, 0xF8, 0x1F, 0x03, 0xCC, 0x7B, 0xCF, 0xF0, 0x1E, 0x03, 0xC0, 0x7C, 0x31, 0xC7,
    0x1C, 0xE1, 0xFC, 0x1F, 0x80, 0xC0, 0x06, 0x00, 0x70, 0x0F, 0x83, 0xFC, 0x3F, 0xE7, 0x77, 0x67,
    0x3E, 0x73, 0xE7, 0x3E, 0x73, 0xE7, 0x3E, 0x63, 0xE0, 0x3E, 0x03, 0xE0, 0x3E, 0x03, 0x60, 0x30,
    0x00, 0x3F, 0x87, 0xFE, 0x70, 0xE7, 0x07, 0x70, 0x77, 0x07, 0x70, 0x7F, 0xFE, 0xFF, 0xC7, 0xF0,
    0x78, 0x0F, 0xC0, 0xF8, 0x07, 0x00, 0x30, 0x00, 0x08, 0x01, 0xF0, 0x0F, 0x80, 0x3C, 0x01, 0xC1,
    0xFE, 0x3F, 0xE7, 0x0E, 0x60, 0x76, 0x07, 0x60, 0x76, 0x07, 0x60, 0x67, 0x0E, 0x3F, 0xC1, 0xF8,
    0x00, 0x00, 0x0F, 0xB1, 0xFF, 0x8E, 0x38, 0xE3, 0xE6, 0x3B, 0x33, 0x99, 0xB8, 0xCF, 0x8E, 0x78,
    0x63, 0xFF, 0x3F, 0xF0, 0x84, 0x00, 0x03, 0x00, 0x0E, 0x00, 0x78, 0x01, 0xF0, 0x06, 0xC0, 0x3B,
    0x00, 0xC6, 0x07, 0x18, 0x18, 0x70, 0xE0, 0xC3, 0x03, 0x9C, 0x06, 0x60, 0x1D, 0xFF, 0xFF, 0xFF,
    0xC0, 0x7F, 0xFF, 0xFF, 0xF3, 0x83, 0x0E, 0x0C, 0x38, 0x30, 0xE0, 0xC3, 0x83, 0x0E, 0x0C, 0x38,
    0x30, 0xE0, 0xC3, 0x83, 0x0E, 0x0C, 0x38, 0x30, 0xE0, 0xC3, 0x83, 0x0E, 0x0C, 0x38, 0x30, 0xE0,
    0xC3, 0x83, 0x00, 0x00, 0x3F, 0x9F, 0xF7, 0xF8, 0xE0, 0x1C, 0x07, 0x00, 0xE0, 0x1C, 0x07, 0x03,
    0x81, 0xC0, 0xE0, 0x70, 0x1F, 0xF7, 0xFC, 0xFF, 0xFF, 0xF0, 0x00, 0x60, 0x0C, 0x03, 0x80, 0x60,
    0x1C, 0x03, 0x00, 0xE0, 0x18, 0x07, 0x00, 0xC0, 0x38, 0x06, 0x01, 0xC0, 0x30, 0x0E, 0x01, 0x80,
    0x70, 0x0C, 0x03, 0x80, 0x60, 0x00, 0xFF, 0x80, 0x00, 0x18, 0x00, 0xC0, 0x0E, 0x00, 0x60, 0x03,
    0x00, 0x38, 0xE1, 0x8F, 0x0C, 0x7C, 0xE0, 0x66, 0x03, 0xB0, 0x0F, 0x80, 0x78, 0x01, 0xC0, 0x0C,
    0x00, 0x00, 0x00, 0x0F, 0x87, 0xC7, 0xF3, 0xF9, 0x8F, 0xC6, 0x61, 0xE1, 0xD8, 0x78, 0x76, 0x3F,
    0x19, 0xFC, 0xFE, 0x3E, 0x1F, 0x00, 0x00, 0x00, 0x00, 0xC0, 0x7C, 0x0F, 0x83, 0x80, 0x70, 0x0C,
    0x01, 0x80, 0x30, 0x0E, 0x01, 0xC0, 0x38, 0x06, 0x00, 0xC0, 0x18, 0x07, 0x00, 0xE0, 0xF8, 0x1F,
    0x00, 0x00, 0x00, 0x60, 0xBF, 0x3F, 0xFB, 0x1E, 0x70, 0xBF, 0xFF, 0xFA, 0x0E, 0x03, 0x01, 0xCF,
    0xFF, 0xFF, 0x0C, 0x06, 0x0F, 0xFF, 0xFF, 0x30, 0x18, 0x02, 0x00, 0x00, 0x40, 0x78, 0x7F, 0x3F,
    0x0F, 0x01, 0xF8, 0x0F, 0xE0, 0x3E, 0x00, 0xCF, 0xFB, 0xFF, 0xBF, 0xE0, 0x40, 0x1F, 0x01, 0xFC,
    0x07, 0xE0, 0x1E, 0x1F, 0x9F, 0xC7, 0xC0, 0x40, 0x1F, 0xFB, 0xFF, 0xBF, 0xE0, 0x06, 0x01, 0xF2,
    0x1F, 0x73, 0x86, 0x38, 0x07, 0xF6, 0xFF, 0x73, 0x87, 0x38, 0x73, 0x87, 0x38, 0x73, 0x87, 0x38,
    0x73, 0x87, 0x38, 0x71, 0x86, 0x06, 0x21, 0xF7, 0x1F, 0x73, 0x87, 0x38, 0x77, 0xF7, 0xFF, 0x73,
    0x87, 0x38, 0x73, 0x87, 0x38, 0x73, 0x87, 0x38, 0x73, 0x87, 0x38, 0x71, 0x87,
};

static const EpdGlyph quicksand_10_mediumGlyphs[] = {
    { 0, 0, 92, 0, 0, 0, 0 }, // U+000D
    { 0, 0, 92, 0, 0, 0, 0 }, // U+0020
    { 3, 15, 71, 1, 15, 6, 0 }, // !
    { 8, 7, 133, 0, 15, 7, 6 }, // "
    { 14, 15, 222, 0, 15, 27, 13 }, // #
    { 11, 21, 191, 0, 17, 29, 40 }, // $
    { 16, 16, 263, 0, 15, 32, 69 }, // %
    { 14, 16, 230, 0, 15, 28, 101 }, // &
    { 4, 7, 67, 0, 15, 4, 129 }, // '
    { 8, 19, 123, 0, 15, 19, 133 }, // (
    { 7, 19, 123, 0, 15, 17, 152 }, // )
    { 7, 7, 109, 0, 15, 7, 169 }, // *
    { 12, 12, 189, 0, 13, 18, 176 }, // +
    { 4, 5, 74, 0, 2, 3, 194 }, // ,
    { 7, 3, 131, 1, 8, 3, 197 }, // -
    { 3, 3, 68, 1, 3, 2, 200 }, // .
    { 11, 20, 179, 0, 17, 28, 202 }, // /
    { 11, 16, 200, 1, 15, 22, 230 }, // 0
    { 6, 15, 125, 0, 15, 12, 252 }, // 1
    { 10, 15, 186, 1, 15, 19, 264 }, // 2
    { 10, 16, 176, 0, 15, 20, 283 }, // 3
    { 11, 15, 182, 0, 15, 21, 303 }, // 4
    { 10, 16, 185, 1, 15, 20, 324 }, // 5
    { 10, 16, 181, 1, 15, 20, 344 }, // 6
    { 10, 16, 175, 1, 15, 20, 364 }, // 7
    { 10, 16, 181, 1, 15, 20, 384 }, // 8
    { 10, 16, 187, 1, 15, 20, 404 }, // 9
    { 3, 11, 72, 1, 11, 5, 424 }, // :
    { 4, 14, 77, 1, 11, 7, 429 }, // ;
    { 10, 11, 175, 0, 12, 14, 436 }, // <
    { 10, 6, 184, 1, 10, 8, 450 }, // =
    { 10, 12, 176, 1, 13, 15, 458 }, // >
    { 10, 16, 166, 0, 16, 20, 473 }, // ?
    { 20, 19, 323, 0, 15, 48, 493 }, // @
    { 13, 16, 215, 0, 15, 26, 541 }, // A
    { 12, 15, 218, 1, 15, 23, 567 }, // B
    { 13, 16, 215, 0, 15, 26, 590 }, // C
    { 14, 15, 239, 1, 15, 27, 616 }, // D
    { 10, 15, 190, 1, 15, 19, 643 }, // E
    { 10, 15, 188, 1, 15, 19, 662 }, // F
    { 14, 16, 232, 0, 15, 28, 681 }, // G
    { 13, 15, 240, 1, 15, 25, 709 }, // H
    { 3, 15, 86, 1, 15, 6, 734 }, // I
    { 9, 16, 188, 1, 15, 18, 740 }, // J
    { 13, 16, 223, 1, 15, 26, 758 }, // K
    { 10, 15, 181, 1, 15, 19, 784 }, // L
    { 15, 15, 275, 1, 15, 29, 803 }, // M
    { 13, 15, 243, 1, 15, 25, 832 }, // N
    { 15, 16, 255, 0, 15, 30, 857 }, // O
    { 11, 15, 200, 1, 15, 21, 887 }, // P
    { 17, 19, 256, 0, 15, 41, 908 }, // Q
    { 13, 15, 225, 1, 15, 25, 949 }, // R
    { 11, 16, 191, 0, 15, 22, 974 }, // S
    { 13, 15, 204, 0, 15, 25, 996 }, // T
    { 12, 16, 237, 1, 15, 24, 1021 }, // U
    { 14, 15, 223, 0, 15, 27, 1045 }, // V
    { 20, 15, 320, 0, 15, 38, 1072 }, // W
    { 13, 16, 207, 0, 15, 26, 1110 }, // X
    { 12, 15, 191, 0, 15, 23, 1136 }, // Y
    { 12, 15, 215, 1, 15, 23, 1159 }, // Z
    { 7, 19, 133, 1, 15, 17, 1182 }, // [
    { 11, 20, 179, 0, 17, 28, 1199 }, // <backslash>
    { 7, 19, 133, 0, 15, 17, 1227 }, // ]
    { 10, 9, 184, 1, 16, 12, 1244 }, // ^
    { 12, 3, 226, 1, -1, 5, 1256 }, // _
    { 4, 4, 79, 0, 15, 2, 1261 }, // `
    { 12, 13, 205, 0, 12, 20, 1263 }, // a
    { 11, 17, 205, 1, 16, 24, 1283 }, // b
    { 11, 13, 173, 0, 12, 18, 1307 }, // c
    { 12, 17, 205, 0, 16, 26, 1325 }, // d
    { 11, 13, 191, 0, 12, 18, 1351 }, // e
    { 8, 16, 129, 0, 16, 16, 1369 }, // f
    { 12, 17, 210, 0, 12, 26, 1385 }, // g
    { 10, 16, 191, 1, 16, 20, 1411 }, // h
    { 3, 15, 74, 1, 15, 6, 1431 }, // i
    { 5, 20, 91, -1, 15, 13, 1437 }, // j
    { 10, 16, 182, 1, 16, 20, 1450 }, // k
    { 3, 16, 81, 1, 16, 6, 1470 }, // l
    { 17, 11, 305, 1, 11, 24, 1476 }, // m
    { 10, 12, 195, 1, 12, 15, 1500 }, // n
    { 12, 13, 204, 0, 12, 20, 1515 }, // o
    { 11, 16, 205, 1, 11, 22, 1535 }, // p
    { 12, 17, 205, 0, 12, 26, 1557 }, // q
    { 8, 12, 134, 1, 12, 12, 1583 }, // r
    { 9, 13, 158, 0, 12, 15, 1595 }, // s
    { 7, 14, 121, 0, 14, 13, 1610 }, // t
    { 10, 12, 192, 1, 11, 15, 1623 }, // u
    { 11, 12, 180, 0, 11, 17, 1638 }, // v
    { 16, 12, 252, 0, 11, 24, 1655 }, // w
    { 10, 12, 162, 0, 11, 15, 1679 }, // x
    { 10, 16, 192, 1, 11, 20, 1694 }, // y
    { 10, 11, 160, 0, 11, 14, 1714 }, // z
    { 9, 20, 140, 0, 15, 23, 1728 }, // {
    { 3, 21, 73, 1, 17, 8, 1751 }, // |
    { 9, 20, 140, 0, 15, 23, 1759 }, // }
    { 9, 4, 163, 1, 9, 5, 1782 }, // ~
    { 0, 0, 92, 0, 0, 0, 1787 }, // U+00A0
    { 3, 15, 71, 1, 11, 6, 1787 }, // U+00A1
    { 11, 15, 171, 0, 15, 21, 1793 }, // U+00A2
    { 13, 16, 206, 0, 15, 26, 1814 }, // U+00A3
    { 9, 9, 174, 1, 11, 11, 1840 }, // U+00A4
    { 12, 15, 191, 0, 15, 23, 1851 }, // U+00A5
    { 3, 21, 75, 1, 17, 8, 1874 }, // U+00A6
    { 11, 18, 181, 0, 15, 25, 1882 }, // U+00A7
    { 7, 3, 136, 1, 15, 3, 1907 }, // U+00A8
    { 16, 16, 263, 0, 15, 32, 1910 }, // U+00A9
    { 7, 7, 117, 0, 15, 7, 1942 }, // U+00AA
    { 9, 9, 155, 0, 10, 11, 1949 }, // U+00AB
    { 12, 7, 220, 1, 9, 11, 1960 }, // U+00AC
    { 7, 3, 131, 1, 8, 3, 1971 }, // U+00AD
    { 11, 10, 173, 0, 15, 14, 1974 }, // U+00AE
    { 7, 2, 137, 1, 14, 2, 1988 }, // U+00AF
    { 7, 7, 118, 0, 15, 7, 1990 }, // U+00B0
    { 11, 11, 180, 0, 13, 16, 1997 }, // U+00B1
    { 5, 8, 111, 1, 17, 5, 2013 }, // U+00B2
    { 5, 8, 109, 1, 16, 5, 2018 }, // U+00B3
    { 4, 5, 92, 1, 16, 3, 2023 }, // U+00B4
    { 10, 15, 190, 1, 11, 19, 2026 }, // U+00B5
    { 12, 17, 209, 0, 15, 26, 2045 }, // U+00B6
    { 3, 3, 68, 1, 8, 2, 2071 }, // U+00B7
    { 4, 5, 91, 0, 1, 3, 2073 }, // U+00B8
    { 4, 8, 85, 0, 17, 4, 2076 }, // U+00B9
    { 7, 7, 116, 0, 15, 7, 2080 }, // U+00BA
    { 10, 9, 155, 0, 10, 12, 2087 }, // U+00BB
    { 15, 16, 245, 0, 15, 30, 2099 }, // U+00BC
    { 15, 16, 242, 0, 15, 30, 2129 }, // U+00BD
    { 15, 16, 258, 1, 15, 30, 2159 }, // U+00BE
    { 10, 17, 164, 0, 12, 22, 2189 }, // U+00BF
    { 13, 19, 215, 0, 18, 31, 2211 }, // U+00C0
    { 13, 19, 215, 0, 18, 31, 2242 }, // U+00C1
    { 13, 20, 215, 0, 19, 33, 2273 }, // U+00C2
    { 13, 20, 215, 0, 19, 33, 2306 }, // U+00C3
    { 13, 20, 215, 0, 19, 33, 2339 }, // U+00C4
    { 13, 19, 215, 0, 18, 31, 2372 }, // U+00C5
    { 18, 16, 303, 0, 15, 36, 2403 }, // U+00C6
    { 13, 19, 215, 0, 15, 31, 2439 }, // U+00C7
    { 10, 18, 190, 1, 18, 23, 2470 }, // U+00C8
    { 10, 18, 190, 1, 18, 23, 2493 }, // U+00C9
    { 10, 19, 190, 1, 19, 24, 2516 }, // U+00CA
    { 10, 19, 190, 1, 19, 24, 2540 }, // U+00CB
    { 5, 18, 86, -1, 18, 12, 2564 }, // U+00CC
    { 5, 18, 86, 1, 18, 12, 2576 }, // U+00CD
    { 7, 19, 86, -1, 19, 17, 2588 }, // U+00CE
    { 7, 19, 86, -1, 19, 17, 2605 }, // U+00CF
    { 15, 15, 239, 0, 15, 29, 2622 }, // U+00D0
    { 13, 19, 243, 1, 19, 31, 2651 }, // U+00D1
    { 15, 19, 255, 0, 18, 36, 2682 }, // U+00D2
    { 15, 19, 255, 0, 18, 36, 2718 }, // U+00D3
    { 15, 20, 255, 0, 19, 38, 2754 }, // U+00D4
    { 15, 20, 255, 0, 19, 38, 2792 }, // U+00D5
    { 15, 20, 255, 0, 19, 38, 2830 }, // U+00D6
    { 8, 9, 159, 1, 11, 9, 2868 }, // U+00D7
    { 15, 17, 243, 0, 16, 32, 2877 }, // U+00D8
    { 12, 19, 237, 1, 18, 29, 2909 }, // U+00D9
    { 12, 19, 237, 1, 18, 29, 2938 }, // U+00DA
    { 12, 20, 237, 1, 19, 30, 2967 }, // U+00DB
    { 12, 20, 237, 1, 19, 30, 2997 }, // U+00DC
    { 12, 18, 191, 0, 18, 27, 3027 }, // U+00DD
    { 11, 16, 198, 1, 16, 22, 3054 }, // U+00DE
    { 13, 17, 209, 0, 16, 28, 3076 }, // U+00DF
    { 12, 16, 205, 0, 15, 24, 3104 }, // U+00E0
    { 12, 17, 205, 0, 16, 26, 3128 }, // U+00E1
    { 12, 17, 205, 0, 16, 26, 3154 }, // U+00E2
    { 12, 17, 205, 0, 16, 26, 3180 }, // U+00E3
    { 12, 16, 205, 0, 15, 24, 3206 }, // U+00E4
    { 12, 17, 205, 0, 16, 26, 3230 }, // U+00E5
    { 18, 13, 304, 1, 12, 30, 3256 }, // U+00E6
    { 11, 16, 173, 0, 12, 22, 3286 }, // U+00E7
    { 11, 16, 191, 0, 15, 22, 3308 }, // U+00E8
    { 11, 17, 191, 0, 16, 24, 3330 }, // U+00E9
    { 11, 17, 191, 0, 16, 24, 3354 }, // U+00EA
    { 11, 16, 191, 0, 15, 22, 3378 }, // U+00EB
    { 5, 15, 74, -1, 15, 10, 3400 }, // U+00EC
    { 4, 16, 74, 1, 16, 8, 3410 }, // U+00ED
    { 6, 16, 74, -1, 16, 12, 3418 }, // U+00EE
    { 7, 15, 74, -1, 15, 14, 3430 }, // U+00EF
    { 12, 17, 193, 0, 16, 26, 3444 }, // U+00F0
    { 10, 16, 195, 1, 16, 20, 3470 }, // U+00F1
    { 12, 16, 204, 0, 15, 24, 3490 }, // U+00F2
    { 12, 17, 204, 0, 16, 26, 3514 }, // U+00F3
    { 12, 17, 204, 0, 16, 26, 3540 }, // U+00F4
    { 12, 17, 204, 0, 16, 26, 3566 }, // U+00F5
    { 12, 16, 204, 0, 15, 24, 3592 }, // U+00F6
    { 11, 10, 194, 1, 12, 14, 3616 }, // U+00F7
    { 12, 13, 204, 0, 12, 20, 3630 }, // U+00F8
    { 10, 16, 192, 1, 15, 20, 3650 }, // U+00F9
    { 10, 17, 192, 1, 16, 22, 3670 }, // U+00FA
    { 10, 17, 192, 1, 16, 22, 3692 }, // U+00FB
    { 10, 16, 192, 1, 15, 20, 3714 }, // U+00FC
    { 10, 21, 192, 1, 16, 27, 3734 }, // U+00FD
    { 11, 21, 205, 1, 16, 29, 3761 }, // U+00FE
    { 10, 20, 192, 1, 15, 25, 3790 }, // U+00FF
    { 13, 19, 215, 0, 18, 31, 3815 }, // U+0100
    { 12, 15, 205, 0, 14, 23, 3846 }, // U+0101
    { 13, 20, 215, 0, 19, 33, 3869 }, // U+0102
    { 12, 16, 205, 0, 15, 24, 3902 }, // U+0103
    { 14, 20, 215, 0, 15, 35, 3926 }, // U+0104
    { 12, 17, 204, 0, 12, 26, 3961 }, // U+0105
    { 13, 19, 215, 0, 18, 31, 3987 }, // U+0106
    { 11, 17, 173, 0, 16, 24, 4018 }, // U+0107
    { 13, 20, 215, 0, 19, 33, 4042 }, // U+0108
    { 11, 17, 173, 0, 16, 24, 4075 }, // U+0109
    { 13, 19, 215, 0, 18, 31, 4099 }, // U+010A
    { 11, 16, 173, 0, 15, 22, 4130 }, // U+010B
    { 13, 21, 215, 0, 20, 35, 4152 }, // U+010C
    { 11, 16, 173, 0, 15, 22, 4187 }, // U+010D
    { 14, 20, 239, 1, 20, 35, 4209 }, // U+010E
    { 16, 17, 218, 0, 16, 34, 4244 }, // U+010F
    { 15, 15, 239, 0, 15, 29, 4278 }, // U+0110
    { 13, 17, 205, 0, 16, 28, 4307 }, // U+0111
    { 10, 18, 190, 1, 18, 23, 4335 }, // U+0112
    { 11, 15, 191, 0, 14, 21, 4358 }, // U+0113
    { 10, 19, 190, 1, 19, 24, 4379 }, // U+0114
    { 11, 16, 191, 0, 15, 22, 4403 }, // U+0115
    { 10, 18, 190, 1, 18, 23, 4425 }, // U+0116
    { 11, 16, 191, 0, 15, 22, 4448 }, // U+0117
    { 10, 20, 192, 1, 15, 25, 4470 }, // U+0118
    { 11, 17, 191, 0, 12, 24, 4495 }, // U+0119
    { 10, 20, 190, 1, 20, 25, 4519 }, // U+011A
    { 11, 16, 191, 0, 15, 22, 4544 }, // U+011B
    { 14, 20, 232, 0, 19, 35, 4566 }, // U+011C
    { 12, 21, 210, 0, 16, 32, 4601 }, // U+011D
    { 14, 20, 232, 0, 19, 35, 4633 }, // U+011E
    { 12, 20, 210, 0, 15, 30, 4668 }, // U+011F
    { 14, 19, 232, 0, 18, 34, 4698 }, // U+0120
    { 12, 20, 210, 0, 15, 30, 4732 }, // U+0121
    { 14, 19, 232, 0, 15, 34, 4762 }, // U+0122
    { 12, 22, 210, 0, 17, 33, 4796 }, // U+0123
    { 13, 19, 240, 1, 19, 31, 4829 }, // U+0124
    { 12, 19, 191, -1, 19, 29, 4860 }, // U+0125
    { 15, 15, 274, 1, 15, 29, 4889 }, // U+0126
    { 11, 16, 191, 0, 16, 22, 4918 }, // U+0127
    { 8, 19, 86, -1, 19, 19, 4940 }, // U+0128
    { 8, 16, 74, -2, 16, 16, 4959 }, // U+0129
    { 8, 18, 86, -1, 18, 18, 4975 }, // U+012A
    { 7, 14, 74, -1, 14, 13, 4993 }, // U+012B
    { 7, 19, 86, -1, 19, 17, 5006 }, // U+012C
    { 7, 15, 74, -1, 15, 14, 5023 }, // U+012D
    { 6, 20, 83, -1, 15, 15, 5037 }, // U+012E
    { 5, 20, 74, -1, 15, 13, 5052 }, // U+012F
    { 3, 18, 86, 1, 18, 7, 5065 }, // U+0130
    { 3, 11, 74, 1, 11, 5, 5072 }, // U+0131
    { 10, 16, 198, 1, 15, 20, 5077 }, // U+0132
    { 7, 20, 159, 1, 15, 18, 5097 }, // U+0133
    { 11, 20, 188, 1, 19, 28, 5115 }, // U+0134
    { 7, 21, 84, -1, 16, 19, 5143 }, // U+0135
    { 13, 19, 223, 1, 15, 31, 5162 }, // U+0136
    { 10, 21, 182, 1, 16, 27, 5193 }, // U+0137
    { 10, 11, 182, 1, 11, 14, 5220 }, // U+0138
    { 10, 18, 181, 1, 18, 23, 5234 }, // U+0139
    { 5, 19, 81, 1, 19, 12, 5257 }, // U+013A
    { 10, 19, 181, 1, 15, 24, 5269 }, // U+013B
    { 4, 21, 81, 0, 16, 11, 5293 }, // U+013C
    { 10, 16, 181, 1, 16, 20, 5304 }, // U+013D
    { 7, 16, 91, 1, 16, 14, 5324 }, // U+013E
    { 10, 15, 180, 1, 15, 19, 5338 }, // U+013F
    { 7, 16, 113, 1, 16, 14, 5357 }, // U+0140
    { 12, 15, 199, 0, 15, 23, 5371 }, // U+0141
    { 7, 16, 81, -1, 16, 14, 5394 }, // U+0142
    { 13, 18, 243, 1, 18, 30, 5408 }, // U+0143
    { 10, 16, 195, 1, 16, 20, 5438 }, // U+0144
    { 13, 19, 243, 1, 15, 31, 5458 }, // U+0145
    { 10, 17, 195, 1, 12, 22, 5489 }, // U+0146
    { 13, 20, 243, 1, 20, 33, 5511 }, // U+0147
    { 10, 15, 195, 1, 15, 19, 5544 }, // U+0148
    { 13, 15, 204, -1, 15, 25, 5563 }, // U+0149
    { 13, 20, 250, 1, 15, 33, 5588 }, // U+014A
    { 10, 17, 195, 1, 12, 22, 5621 }, // U+014B
    { 15, 19, 255, 0, 18, 36, 5643 }, // U+014C
    { 12, 16, 204, 0, 15, 24, 5679 }, // U+014D
    { 15, 20, 255, 0, 19, 38, 5703 }, // U+014E
    { 12, 17, 204, 0, 16, 26, 5741 }, // U+014F
    { 15, 21, 255, 0, 20, 40, 5767 }, // U+0150
    { 12, 17, 204, 0, 16, 26, 5807 }, // U+0151
    { 20, 15, 328, 0, 15, 38, 5833 }, // U+0152
    { 21, 13, 337, 0, 12, 35, 5871 }, // U+0153
    { 13, 18, 225, 1, 18, 30, 5906 }, // U+0154
    { 8, 16, 134, 1, 16, 16, 5936 }, // U+0155
    { 13, 19, 225, 1, 15, 31, 5952 }, // U+0156
    { 9, 17, 134, 0, 12, 20, 5983 }, // U+0157
    { 13, 20, 225, 1, 20, 33, 6003 }, // U+0158
    { 8, 15, 134, 1, 15, 15, 6036 }, // U+0159
    { 11, 19, 191, 0, 18, 27, 6051 }, // U+015A
    { 9, 17, 158, 0, 16, 20, 6078 }, // U+015B
    { 11, 20, 191, 0, 19, 28, 6098 }, // U+015C
    { 9, 17, 158, 0, 16, 20, 6126 }, // U+015D
    { 11, 19, 191, 0, 15, 27, 6146 }, // U+015E
    { 9, 16, 158, 0, 12, 18, 6173 }, // U+015F
    { 11, 21, 191, 0, 20, 29, 6191 }, // U+0160
    { 9, 16, 158, 0, 15, 18, 6220 }, // U+0161
    { 13, 19, 204, 0, 15, 31, 6238 }, // U+0162
    { 7, 18, 121, 0, 14, 16, 6269 }, // U+0163
    { 13, 20, 204, 0, 20, 33, 6285 }, // U+0164
    { 8, 17, 121, 0, 17, 17, 6318 }, // U+0165
    { 13, 15, 204, 0, 15, 25, 6335 }, // U+0166
    { 7, 14, 121, 0, 14, 13, 6360 }, // U+0167
    { 12, 20, 237, 1, 19, 30, 6373 }, // U+0168
    { 10, 17, 192, 1, 16, 22, 6403 }, // U+0169
    { 12, 19, 237, 1, 18, 29, 6425 }, // U+016A
    { 10, 15, 192, 1, 14, 19, 6454 }, // U+016B
    { 12, 20, 237, 1, 19, 30, 6473 }, // U+016C
    { 10, 16, 192, 1, 15, 20, 6503 }, // U+016D
    { 12, 21, 237, 1, 20, 32, 6523 }, // U+016E
    { 10, 17, 192, 1, 16, 22, 6555 }, // U+016F
    { 12, 21, 237, 1, 20, 32, 6577 }, // U+0170
    { 10, 17, 192, 1, 16, 22, 6609 }, // U+0171
    { 12, 20, 237, 1, 15, 30, 6631 }, // U+0172
    { 10, 16, 192, 1, 11, 20, 6661 }, // U+0173
    { 20, 19, 320, 0, 19, 48, 6681 }, // U+0174
    { 16, 17, 252, 0, 16, 34, 6729 }, // U+0175
    { 12, 19, 191, 0, 19, 29, 6763 }, // U+0176
    { 10, 21, 192, 1, 16, 27, 6792 }, // U+0177
    { 12, 19, 191, 0, 19, 29, 6819 }, // U+0178
    { 12, 18, 215, 1, 18, 27, 6848 }, // U+0179
    { 10, 16, 160, 0, 16, 20, 6875 }, // U+017A
    { 12, 18, 215, 1, 18, 27, 6895 }, // U+017B
    { 10, 15, 160, 0, 15, 19, 6922 }, // U+017C
    { 12, 20, 215, 1, 20, 30, 6941 }, // U+017D
    { 10, 15, 160, 0, 15, 19, 6971 }, // U+017E
    { 15, 18, 255, 0, 17, 34, 6990 }, // U+01A0
    { 12, 14, 204, 0, 13, 21, 7024 }, // U+01A1
    { 15, 18, 237, 1, 17, 34, 7045 }, // U+01AF
    { 12, 14, 192, 1, 13, 21, 7079 }, // U+01B0
    { 27, 20, 454, 1, 20, 68, 7100 }, // U+01C4
    { 24, 15, 399, 1, 15, 45, 7168 }, // U+01C5
    { 22, 17, 365, 0, 16, 47, 7213 }, // U+01C6
    { 21, 16, 369, 1, 15, 42, 7260 }, // U+01C7
    { 14, 20, 271, 1, 15, 35, 7302 }, // U+01C8
    { 8, 21, 167, 1, 16, 21, 7337 }, // U+01C9
    { 25, 16, 432, 1, 15, 50, 7358 }, // U+01CA
    { 18, 20, 334, 1, 15, 45, 7408 }, // U+01CB
    { 15, 20, 285, 1, 15, 38, 7453 }, // U+01CC
    { 13, 21, 215, 0, 20, 35, 7491 }, // U+01CD
    { 12, 16, 205, 0, 15, 24, 7526 }, // U+01CE
    { 7, 20, 86, -1, 20, 18, 7550 }, // U+01CF
    { 6, 15, 74, -1, 15, 12, 7568 }, // U+01D0
    { 15, 21, 255, 0, 20, 40, 7580 }, // U+01D1
    { 12, 16, 204, 0, 15, 24, 7620 }, // U+01D2
    { 12, 21, 237, 1, 20, 32, 7644 }, // U+01D3
    { 10, 16, 192, 1, 15, 20, 7676 }, // U+01D4
    { 14, 21, 232, 0, 20, 37, 7696 }, // U+01E6
    { 12, 20, 210, 0, 15, 30, 7733 }, // U+01E7
    { 15, 20, 255, 0, 15, 38, 7763 }, // U+01EA
    { 12, 17, 201, 0, 12, 26, 7801 }, // U+01EB
    { 24, 15, 399, 1, 15, 45, 7827 }, // U+01F2
    { 13, 23, 215, 0, 22, 38, 7872 }, // U+01FA
    { 12, 21, 204, 0, 20, 32, 7910 }, // U+01FB
    { 18, 19, 303, 0, 18, 43, 7942 }, // U+01FC
    { 18, 17, 304, 1, 16, 39, 7985 }, // U+01FD
    { 15, 19, 243, 0, 18, 36, 8024 }, // U+01FE
    { 12, 17, 204, 0, 16, 26, 8060 }, // U+01FF
    { 13, 20, 215, 0, 19, 33, 8086 }, // U+0200
    { 12, 17, 205, 0, 16, 26, 8119 }, // U+0201
    { 13, 20, 215, 0, 19, 33, 8145 }, // U+0202
    { 12, 17, 205, 0, 16, 26, 8178 }, // U+0203
    { 10, 19, 190, 1, 19, 24, 8204 }, // U+0204
    { 11, 17, 191, 0, 16, 24, 8228 }, // U+0205
    { 10, 19, 190, 1, 19, 24, 8252 }, // U+0206
    { 11, 17, 191, 0, 16, 24, 8276 }, // U+0207
    { 8, 19, 86, -2, 19, 19, 8300 }, // U+0208
    { 7, 16, 74, -2, 16, 14, 8319 }, // U+0209
    { 7, 19, 86, -1, 19, 17, 8333 }, // U+020A
    { 7, 16, 74, -1, 16, 14, 8350 }, // U+020B
    { 15, 20, 255, 0, 19, 38, 8364 }, // U+020C
    { 12, 18, 204, 0, 17, 27, 8402 }, // U+020D
    { 15, 20, 255, 0, 19, 38, 8429 }, // U+020E
    { 12, 17, 204, 0, 16, 26, 8467 }, // U+020F
    { 13, 19, 225, 1, 19, 31, 8493 }, // U+0210
    { 9, 16, 134, 0, 16, 18, 8524 }, // U+0211
    { 13, 19, 225, 1, 19, 31, 8542 }, // U+0212
    { 8, 16, 134, 1, 16, 16, 8573 }, // U+0213
    { 12, 20, 237, 1, 19, 30, 8589 }, // U+0214
    { 10, 17, 192, 1, 16, 22, 8619 }, // U+0215
    { 12, 20, 237, 1, 19, 30, 8641 }, // U+0216
    { 10, 17, 192, 1, 16, 22, 8671 }, // U+0217
    { 11, 19, 191, 0, 15, 27, 8693 }, // U+0218
    { 9, 17, 158, 0, 12, 20, 8720 }, // U+0219
    { 13, 19, 204, 0, 15, 31, 8740 }, // U+021A
    { 7, 19, 121, 0, 14, 17, 8771 }, // U+021B
    { 4, 4, 0, 0, 15, 2, 8788 }, // U+0300
    { 4, 5, 0, 1, 16, 3, 8790 }, // U+0301
    { 6, 4, 0, 1, 16, 3, 8793 }, // U+0302
    { 8, 4, 0, 0, 16, 4, 8796 }, // U+0303
    { 7, 2, 0, 1, 14, 2, 8800 }, // U+0304
    { 7, 4, 0, 1, 15, 4, 8802 }, // U+0306
    { 3, 3, 0, 1, 15, 2, 8806 }, // U+0307
    { 7, 3, 0, 1, 15, 3, 8808 }, // U+0308
    { 5, 5, 0, 1, 16, 4, 8811 }, // U+0309
    { 5, 5, 0, 1, 16, 4, 8815 }, // U+030A
    { 7, 4, 0, 1, 16, 4, 8819 }, // U+030B
    { 7, 3, 0, 0, 15, 3, 8823 }, // U+030C
    { 8, 4, 0, 0, 16, 4, 8826 }, // U+030F
    { 7, 4, 0, 1, 16, 4, 8830 }, // U+0311
    { 4, 5, 0, 3, 17, 3, 8834 }, // U+0312
    { 4, 4, 0, 1, 13, 2, 8837 }, // U+031B
    { 3, 3, 0, 1, -1, 2, 8839 }, // U+0323
    { 6, 3, 0, 1, 0, 3, 8841 }, // U+0324
    { 4, 5, 0, 0, 0, 3, 8844 }, // U+0326
    { 3, 5, 0, 1, 1, 2, 8847 }, // U+0327
    { 6, 6, 0, 0, 1, 5, 8849 }, // U+0328
    { 6, 4, 0, 1, -1, 3, 8854 }, // U+032D
    { 7, 4, 0, 1, 0, 4, 8857 }, // U+032E
    { 7, 2, 0, 1, -1, 2, 8861 }, // U+0331
    { 6, 2, 0, 1, 7, 2, 8863 }, // U+0335
    { 13, 18, 215, 0, 15, 30, 8865 }, // U+1EA0
    { 12, 16, 205, 0, 12, 24, 8895 }, // U+1EA1
    { 13, 21, 215, 0, 20, 35, 8919 }, // U+1EA2
    { 12, 17, 205, 0, 16, 26, 8954 }, // U+1EA3
    { 13, 21, 215, 0, 20, 35, 8980 }, // U+1EA4
    { 12, 19, 205, 0, 18, 29, 9015 }, // U+1EA5
    { 13, 22, 215, 0, 21, 36, 9044 }, // U+1EA6
    { 12, 19, 205, 0, 18, 29, 9080 }, // U+1EA7
    { 13, 22, 215, 0, 21, 36, 9109 }, // U+1EA8
    { 12, 19, 205, 0, 18, 29, 9145 }, // U+1EA9
    { 13, 22, 215, 0, 21, 36, 9174 }, // U+1EAA
    { 12, 20, 205, 0, 19, 30, 9210 }, // U+1EAB
    { 13, 22, 215, 0, 19, 36, 9240 }, // U+1EAC
    { 12, 20, 205, 0, 16, 30, 9276 }, // U+1EAD
    { 13, 23, 215, 0, 22, 38, 9306 }, // U+1EAE
    { 12, 20, 205, 0, 19, 30, 9344 }, // U+1EAF
    { 13, 23, 215, 0, 22, 38, 9374 }, // U+1EB0
    { 12, 19, 205, 0, 18, 29, 9412 }, // U+1EB1
    { 13, 25, 215, 0, 24, 41, 9441 }, // U+1EB2
    { 12, 20, 205, 0, 19, 30, 9482 }, // U+1EB3
    { 13, 24, 215, 0, 23, 39, 9512 }, // U+1EB4
    { 12, 20, 205, 0, 19, 30, 9551 }, // U+1EB5
    { 13, 22, 215, 0, 19, 36, 9581 }, // U+1EB6
    { 12, 19, 205, 0, 15, 29, 9617 }, // U+1EB7
    { 10, 18, 190, 1, 15, 23, 9646 }, // U+1EB8
    { 11, 16, 191, 0, 12, 22, 9669 }, // U+1EB9
    { 10, 20, 190, 1, 20, 25, 9691 }, // U+1EBA
    { 11, 17, 191, 0, 16, 24, 9716 }, // U+1EBB
    { 10, 19, 190, 1, 19, 24, 9740 }, // U+1EBC
    { 11, 17, 191, 0, 16, 24, 9764 }, // U+1EBD
    { 12, 20, 190, 1, 20, 30, 9788 }, // U+1EBE
    { 12, 19, 191, 0, 18, 29, 9818 }, // U+1EBF
    { 10, 21, 190, 1, 21, 27, 9847 }, // U+1EC0
    { 11, 19, 191, 0, 18, 27, 9874 }, // U+1EC1
    { 10, 24, 190, 1, 24, 30, 9901 }, // U+1EC2
    { 11, 19, 191, 0, 18, 27, 9931 }, // U+1EC3
    { 10, 22, 190, 1, 22, 28, 9958 }, // U+1EC4
    { 11, 20, 191, 0, 19, 28, 9986 }, // U+1EC5
    { 10, 22, 190, 1, 19, 28, 10014 }, // U+1EC6
    { 11, 20, 191, 0, 16, 28, 10042 }, // U+1EC7
    { 5, 20, 86, 0, 20, 13, 10070 }, // U+1EC8
    { 4, 16, 74, 0, 16, 8, 10083 }, // U+1EC9
    { 3, 18, 86, 1, 15, 7, 10091 }, // U+1ECA
    { 3, 19, 74, 1, 15, 8, 10098 }, // U+1ECB
    { 15, 18, 255, 0, 15, 34, 10106 }, // U+1ECC
    { 12, 16, 204, 0, 12, 24, 10140 }, // U+1ECD
    { 15, 21, 255, 0, 20, 40, 10164 }, // U+1ECE
    { 12, 17, 204, 0, 16, 26, 10204 }, // U+1ECF
    { 15, 21, 255, 0, 20, 40, 10230 }, // U+1ED0
    { 12, 19, 204, 0, 18, 29, 10270 }, // U+1ED1
    { 15, 22, 255, 0, 21, 42, 10299 }, // U+1ED2
    { 12, 19, 204, 0, 18, 29, 10341 }, // U+1ED3
    { 15, 23, 255, 0, 22, 44, 10370 }, // U+1ED4
    { 12, 19, 204, 0, 18, 29, 10414 }, // U+1ED5
    { 15, 23, 255, 0, 22, 44, 10443 }, // U+1ED6
    { 12, 20, 204, 0, 19, 30, 10487 }, // U+1ED7
    { 15, 22, 255, 0, 19, 42, 10517 }, // U+1ED8
    { 12, 20, 204, 0, 16, 30, 10559 }, // U+1ED9
    { 15, 19, 255, 0, 18, 36, 10589 }, // U+1EDA
    { 12, 17, 204, 0, 16, 26, 10625 }, // U+1EDB
    { 15, 19, 255, 0, 18, 36, 10651 }, // U+1EDC
    { 12, 16, 204, 0, 15, 24, 10687 }, // U+1EDD
    { 15, 21, 255, 0, 20, 40, 10711 }, // U+1EDE
    { 12, 17, 204, 0, 16, 26, 10751 }, // U+1EDF
    { 15, 20, 255, 0, 19, 38, 10777 }, // U+1EE0
    { 12, 17, 204, 0, 16, 26, 10815 }, // U+1EE1
    { 15, 20, 255, 0, 17, 38, 10841 }, // U+1EE2
    { 12, 17, 204, 0, 13, 26, 10879 }, // U+1EE3
    { 12, 18, 237, 1, 15, 27, 10905 }, // U+1EE4
    { 10, 15, 192, 1, 11, 19, 10932 }, // U+1EE5
    { 12, 21, 237, 1, 20, 32, 10951 }, // U+1EE6
    { 10, 17, 192, 1, 16, 22, 10983 }, // U+1EE7
    { 15, 19, 237, 1, 18, 36, 11005 }, // U+1EE8
    { 12, 17, 192, 1, 16, 26, 11041 }, // U+1EE9
    { 15, 19, 237, 1, 18, 36, 11067 }, // U+1EEA
    { 12, 16, 192, 1, 15, 24, 11103 }, // U+1EEB
    { 15, 21, 237, 1, 20, 40, 11127 }, // U+1EEC
    { 12, 17, 192, 1, 16, 26, 11167 }, // U+1EED
    { 15, 20, 237, 1, 19, 38, 11193 }, // U+1EEE
    { 12, 17, 192, 1, 16, 26, 11231 }, // U+1EEF
    { 15, 20, 237, 1, 17, 38, 11257 }, // U+1EF0
    { 12, 17, 192, 1, 13, 26, 11295 }, // U+1EF1
    { 12, 18, 191, 0, 18, 27, 11321 }, // U+1EF2
    { 10, 20, 192, 1, 15, 25, 11348 }, // U+1EF3
    { 12, 18, 191, 0, 15, 27, 11373 }, // U+1EF4
    { 12, 16, 192, 1, 11, 24, 11400 }, // U+1EF5
    { 12, 20, 191, 0, 20, 30, 11424 }, // U+1EF6
    { 10, 21, 192, 1, 16, 27, 11454 }, // U+1EF7
    { 12, 19, 191, 0, 19, 29, 11481 }, // U+1EF8
    { 10, 21, 192, 1, 16, 27, 11510 }, // U+1EF9
    { 0, 0, 183, 0, 0, 0, 11537 }, // U+2007
    { 0, 0, 87, 0, 0, 0, 11537 }, // U+2008
    { 0, 0, 68, 0, 0, 0, 11537 }, // U+2009
    { 0, 0, 34, 0, 0, 0, 11537 }, // U+200A
    { 0, 0, 0, 0, 0, 0, 11537 }, // U+200B
    { 7, 3, 131, 1, 8, 3, 11537 }, // U+2010
    { 9, 3, 171, 1, 7, 4, 11540 }, // U+2012
    { 9, 3, 171, 1, 7, 4, 11544 }, // U+2013
    { 16, 3, 285, 1, 7, 6, 11548 }, // U+2014
    { 16, 3, 285, 1, 7, 6, 11554 }, // U+2015
    { 4, 5, 78, 0, 15, 3, 11560 }, // U+2018
    { 4, 5, 74, 0, 15, 3, 11563 }, // U+2019
    { 4, 5, 75, 0, 2, 3, 11566 }, // U+201A
    { 8, 5, 128, 0, 15, 5, 11569 }, // U+201C
    { 8, 5, 128, 0, 15, 5, 11574 }, // U+201D
    { 8, 5, 118, 0, 2, 5, 11579 }, // U+201E
    { 7, 11, 141, 1, 15, 10, 11584 }, // U+2020
    { 7, 12, 133, 1, 15, 11, 11594 }, // U+2021
    { 7, 7, 115, 0, 11, 7, 11605 }, // U+2022
    { 10, 3, 194, 1, 3, 4, 11612 }, // U+2026
    { 23, 16, 377, 0, 15, 46, 11616 }, // U+2030
    { 8, 7, 133, 0, 15, 7, 11662 }, // U+2033
    { 5, 9, 92, 0, 10, 6, 11669 }, // U+2039
    { 5, 9, 92, 0, 10, 6, 11675 }, // U+203A
    { 11, 16, 178, 0, 15, 22, 11681 }, // U+2044
    { 7, 9, 116, 0, 17, 8, 11703 }, // U+2070
    { 7, 9, 118, 0, 17, 8, 11711 }, // U+2074
    { 6, 8, 114, 1, 16, 6, 11719 }, // U+2075
    { 6, 9, 101, 0, 17, 7, 11725 }, // U+2076
    { 6, 8, 104, 0, 16, 6, 11732 }, // U+2077
    { 7, 9, 110, 0, 17, 8, 11738 }, // U+2078
    { 6, 9, 106, 0, 17, 7, 11746 }, // U+2079
    { 7, 9, 116, 0, 4, 8, 11753 }, // U+2080
    { 4, 8, 85, 0, 3, 4, 11761 }, // U+2081
    { 5, 8, 111, 1, 4, 5, 11765 }, // U+2082
    { 5, 8, 109, 1, 3, 5, 11770 }, // U+2083
    { 7, 9, 118, 0, 4, 8, 11775 }, // U+2084
    { 6, 8, 114, 1, 3, 6, 11783 }, // U+2085
    { 6, 9, 101, 0, 4, 7, 11789 }, // U+2086
    { 6, 8, 104, 0, 3, 6, 11796 }, // U+2087
    { 7, 9, 110, 0, 4, 8, 11802 }, // U+2088
    { 6, 9, 106, 0, 4, 7, 11810 }, // U+2089
    { 15, 20, 215, 0, 17, 38, 11817 }, // U+20A1
    { 11, 15, 188, 0, 15, 21, 11855 }, // U+20A3
    { 13, 16, 206, 0, 15, 26, 11876 }, // U+20A4
    { 16, 15, 243, 0, 15, 30, 11902 }, // U+20A6
    { 15, 15, 200, -1, 15, 29, 11932 }, // U+20A7
    { 20, 15, 320, 0, 15, 38, 11961 }, // U+20A9
    { 10, 15, 158, 0, 15, 19, 11999 }, // U+20AB
    { 14, 16, 219, 0, 15, 28, 12018 }, // U+20AC
    { 14, 16, 223, 0, 15, 28, 12046 }, // U+20AD
    { 14, 15, 200, -1, 15, 27, 12074 }, // U+20B1
    { 14, 21, 232, 0, 17, 37, 12101 }, // U+20B2
    { 13, 20, 215, 0, 17, 33, 12138 }, // U+20B5
    { 10, 15, 188, 1, 15, 19, 12171 }, // U+20B9
    { 12, 16, 197, 0, 15, 24, 12190 }, // U+20BA
    { 12, 18, 237, 1, 17, 27, 12214 }, // U+20BC
    { 12, 15, 200, 0, 15, 23, 12241 }, // U+20BD
    { 12, 17, 196, 0, 16, 26, 12264 }, // U+2202
    { 13, 12, 204, 0, 11, 20, 12290 }, // U+2205
    { 14, 15, 234, 0, 15, 27, 12310 }, // U+2206
    { 14, 20, 229, 0, 15, 35, 12337 }, // U+220F
    { 10, 15, 174, 0, 15, 19, 12372 }, // U+2211
    { 10, 2, 184, 1, 8, 3, 12391 }, // U+2212
    { 11, 20, 180, 0, 17, 28, 12394 }, // U+2215
    { 3, 3, 76, 1, 8, 2, 12422 }, // U+2219
    { 13, 15, 217, 0, 15, 25, 12424 }, // U+221A
    { 18, 10, 290, 0, 10, 23, 12449 }, // U+221E
    { 11, 19, 177, 0, 16, 27, 12472 }, // U+222B
    { 10, 8, 181, 1, 11, 10, 12499 }, // U+2248
    { 10, 11, 184, 1, 12, 14, 12509 }, // U+2260
    { 11, 12, 204, 1, 13, 17, 12523 }, // U+2264
    { 11, 12, 204, 1, 13, 17, 12540 }, // U+2265
    { 12, 16, 202, 0, 16, 24, 12557 }, // U+FB01
    { 12, 16, 210, 0, 16, 24, 12581 }, // U+FB02
};

static const EpdUnicodeInterval quicksand_10_mediumIntervals[] = {
    { 0xD, 0xD, 0x0 },
    { 0x20, 0x7E, 0x1 },
    { 0xA0, 0xFF, 0x60 },
    { 0x100, 0x17E, 0xC0 },
    { 0x1A0, 0x1A1, 0x13F },
    { 0x1AF, 0x1B0, 0x141 },
    { 0x1C4, 0x1D4, 0x143 },
    { 0x1E6, 0x1E7, 0x154 },
    { 0x1EA, 0x1EB, 0x156 },
    { 0x1F2, 0x1F2, 0x158 },
    { 0x1FA, 0x21B, 0x159 },
    { 0x300, 0x304, 0x17B },
    { 0x306, 0x30C, 0x180 },
    { 0x30F, 0x30F, 0x187 },
    { 0x311, 0x312, 0x188 },
    { 0x31B, 0x31B, 0x18A },
    { 0x323, 0x324, 0x18B },
    { 0x326, 0x328, 0x18D },
    { 0x32D, 0x32E, 0x190 },
    { 0x331, 0x331, 0x192 },
    { 0x335, 0x335, 0x193 },
    { 0x1EA0, 0x1EF9, 0x194 },
    { 0x2007, 0x200B, 0x1EE },
    { 0x2010, 0x2010, 0x1F3 },
    { 0x2012, 0x2015, 0x1F4 },
    { 0x2018, 0x201A, 0x1F8 },
    { 0x201C, 0x201E, 0x1FB },
    { 0x2020, 0x2022, 0x1FE },
    { 0x2026, 0x2026, 0x201 },
    { 0x2030, 0x2030, 0x202 },
    { 0x2033, 0x2033, 0x203 },
    { 0x2039, 0x203A, 0x204 },
    { 0x2044, 0x2044, 0x206 },
    { 0x2070, 0x2070, 0x207 },
    { 0x2074, 0x2079, 0x208 },
    { 0x2080, 0x2089, 0x20E },
    { 0x20A1, 0x20A1, 0x218 },
    { 0x20A3, 0x20A4, 0x219 },
    { 0x20A6, 0x20A7, 0x21B },
    { 0x20A9, 0x20A9, 0x21D },
    { 0x20AB, 0x20AD, 0x21E },
    { 0x20B1, 0x20B2, 0x221 },
    { 0x20B5, 0x20B5, 0x223 },
    { 0x20B9, 0x20BA, 0x224 },
    { 0x20BC, 0x20BD, 0x226 },
    { 0x2202, 0x2202, 0x228 },
    { 0x2205, 0x2206, 0x229 },
    { 0x220F, 0x220F, 0x22B },
    { 0x2211, 0x2212, 0x22C },
    { 0x2215, 0x2215, 0x22E },
    { 0x2219, 0x221A, 0x22F },
    { 0x221E, 0x221E, 0x231 },
    { 0x222B, 0x222B, 0x232 },
    { 0x2248, 0x2248, 0x233 },
    { 0x2260, 0x2260, 0x234 },
    { 0x2264, 0x2265, 0x235 },
    { 0xFB01, 0xFB02, 0x237 },
};

static const EpdKernClassEntry quicksand_10_mediumKernLeftClasses[] = {
    { 0x0026, 1 }, // &
    { 0x0028, 2 }, // (
    { 0x002A, 3 }, // *
    { 0x002B, 4 }, // +
    { 0x002C, 5 }, // ,
    { 0x002D, 4 }, // -
    { 0x002E, 6 }, // .
    { 0x002F, 7 }, // /
    { 0x0030, 8 }, // 0
    { 0x0031, 9 }, // 1
    { 0x0032, 10 }, // 2
    { 0x0034, 11 }, // 4
    { 0x0035, 12 }, // 5
    { 0x0036, 13 }, // 6
    { 0x0037, 14 }, // 7
    { 0x0038, 15 }, // 8
    { 0x0039, 16 }, // 9
    { 0x003E, 17 }, // >
    { 0x003F, 18 }, // ?
    { 0x0040, 19 }, // @
    { 0x0041, 20 }, // A
    { 0x0042, 21 }, // B
    { 0x0044, 8 }, // D
    { 0x0045, 22 }, // E
    { 0x0046, 23 }, // F
    { 0x0047, 24 }, // G
    { 0x004A, 25 }, // J
    { 0x004B, 26 }, // K
    { 0x004C, 27 }, // L
    { 0x004F, 8 }, // O
    { 0x0050, 28 }, // P
    { 0x0051, 29 }, // Q
    { 0x0052, 30 }, // R
    { 0x0053, 31 }, // S
    { 0x0054, 32 }, // T
    { 0x0055, 33 }, // U
    { 0x0056, 34 }, // V
    { 0x0057, 35 }, // W
    { 0x0058, 36 }, // X
    { 0x0059, 37 }, // Y
    { 0x005A, 38 }, // Z
    { 0x005C, 39 }, // <backslash>
    { 0x005F, 40 }, // _
    { 0x0061, 41 }, // a
    { 0x0062, 42 }, // b
    { 0x0063, 43 }, // c
    { 0x0064, 44 }, // d
    { 0x0065, 45 }, // e
    { 0x0066, 46 }, // f
    { 0x0067, 47 }, // g
    { 0x0068, 48 }, // h
    { 0x0069, 49 }, // i
    { 0x006A, 50 }, // j
    { 0x006B, 51 }, // k
    { 0x006C, 52 }, // l
    { 0x006D, 48 }, // m
    { 0x006E, 48 }, // n
    { 0x006F, 42 }, // o
    { 0x0070, 42 }, // p
    { 0x0071, 53 }, // q
    { 0x0072, 54 }, // r
    { 0x0073, 55 }, // s
    { 0x0074, 56 }, // t
    { 0x0075, 57 }, // u
    { 0x0076, 58 }, // v
    { 0x0077, 59 }, // w
    { 0x0078, 60 }, // x
    { 0x0079, 61 }, // y
    { 0x007A, 62 }, // z
    { 0x007E, 4 }, // ~
    { 0x00A1, 63 }, // U+00A1
    { 0x00B7, 64 }, // U+00B7
    { 0x00BF, 65 }, // U+00BF
    { 0x00D9, 33 }, // U+00D9
    { 0x00DA, 33 }, // U+00DA
    { 0x00DB, 33 }, // U+00DB
    { 0x00DC, 33 }, // U+00DC
    { 0x00DD, 37 }, // U+00DD
    { 0x00DE, 66 }, // U+00DE
    { 0x00DF, 67 }, // U+00DF
    { 0x00E0, 41 }, // U+00E0
    { 0x00E1, 41 }, // U+00E1
    { 0x00E2, 41 }, // U+00E2
    { 0x00E3, 41 }, // U+00E3
    { 0x00E4, 41 }, // U+00E4
    { 0x00E5, 41 }, // U+00E5
    { 0x00E8, 45 }, // U+00E8
    { 0x00E9, 45 }, // U+00E9
    { 0x00EA, 45 }, // U+00EA
    { 0x00EB, 45 }, // U+00EB
    { 0x00F0, 68 }, // U+00F0
    { 0x00F2, 42 }, // U+00F2
    { 0x00F3, 42 }, // U+00F3
    { 0x00F4, 42 }, // U+00F4
    { 0x00F5, 42 }, // U+00F5
    { 0x00F6, 42 }, // U+00F6
    { 0x00F7, 69 }, // U+00F7
    { 0x00F8, 42 }, // U+00F8
    { 0x00F9, 57 }, // U+00F9
    { 0x00FA, 57 }, // U+00FA
    { 0x00FB, 57 }, // U+00FB
    { 0x00FC, 57 }, // U+00FC
    { 0x00FD, 61 }, // U+00FD
    { 0x00FF, 61 }, // U+00FF
    { 0x0101, 41 }, // U+0101
    { 0x0103, 41 }, // U+0103
    { 0x0105, 41 }, // U+0105
    { 0x010F, 70 }, // U+010F
    { 0x0113, 45 }, // U+0113
    { 0x0114, 22 }, // U+0114
    { 0x0115, 45 }, // U+0115
    { 0x0117, 45 }, // U+0117
    { 0x0119, 45 }, // U+0119
    { 0x011B, 45 }, // U+011B
    { 0x013E, 71 }, // U+013E
    { 0x014D, 42 }, // U+014D
    { 0x014F, 42 }, // U+014F
    { 0x0151, 42 }, // U+0151
    { 0x0153, 42 }, // U+0153
    { 0x0165, 72 }, // U+0165
    { 0x0169, 57 }, // U+0169
    { 0x016A, 33 }, // U+016A
    { 0x016B, 57 }, // U+016B
    { 0x016D, 57 }, // U+016D
    { 0x016E, 33 }, // U+016E
    { 0x016F, 57 }, // U+016F
    { 0x0170, 33 }, // U+0170
    { 0x0171, 57 }, // U+0171
    { 0x0172, 33 }, // U+0172
    { 0x0173, 57 }, // U+0173
    { 0x0176, 37 }, // U+0176
    { 0x0177, 61 }, // U+0177
    { 0x0178, 37 }, // U+0178
    { 0x01A1, 42 }, // U+01A1
    { 0x01B0, 57 }, // U+01B0
    { 0x01CD, 20 }, // U+01CD
    { 0x01CE, 41 }, // U+01CE
    { 0x01D2, 42 }, // U+01D2
    { 0x01D4, 57 }, // U+01D4
    { 0x01EB, 42 }, // U+01EB
    { 0x01FB, 41 }, // U+01FB
    { 0x01FF, 42 }, // U+01FF
    { 0x0200, 20 }, // U+0200
    { 0x0201, 41 }, // U+0201
    { 0x0202, 20 }, // U+0202
    { 0x0203, 41 }, // U+0203
    { 0x0204, 22 }, // U+0204
    { 0x0205, 45 }, // U+0205
    { 0x0206, 22 }, // U+0206
    { 0x0207, 45 }, // U+0207
    { 0x020D, 42 }, // U+020D
    { 0x020F, 42 }, // U+020F
    { 0x0215, 57 }, // U+0215
    { 0x0217, 57 }, // U+0217
    { 0x1EA0, 20 }, // U+1EA0
    { 0x1EA1, 41 }, // U+1EA1
    { 0x1EA2, 20 }, // U+1EA2
    { 0x1EA3, 41 }, // U+1EA3
    { 0x1EA4, 20 }, // U+1EA4
    { 0x1EA5, 41 }, // U+1EA5
    { 0x1EA6, 20 }, // U+1EA6
    { 0x1EA7, 41 }, // U+1EA7
    { 0x1EA8, 20 }, // U+1EA8
    { 0x1EA9, 41 }, // U+1EA9
    { 0x1EAA, 20 }, // U+1EAA
    { 0x1EAB, 41 }, // U+1EAB
    { 0x1EAC, 20 }, // U+1EAC
    { 0x1EAD, 41 }, // U+1EAD
    { 0x1EAE, 20 }, // U+1EAE
    { 0x1EAF, 41 }, // U+1EAF
    { 0x1EB0, 20 }, // U+1EB0
    { 0x1EB1, 41 }, // U+1EB1
    { 0x1EB2, 20 }, // U+1EB2
    { 0x1EB3, 41 }, // U+1EB3
    { 0x1EB4, 20 }, // U+1EB4
    { 0x1EB5, 41 }, // U+1EB5
    { 0x1EB6, 20 }, // U+1EB6
    { 0x1EB7, 41 }, // U+1EB7
    { 0x1EB8, 22 }, // U+1EB8
    { 0x1EB9, 45 }, // U+1EB9
    { 0x1EBA, 22 }, // U+1EBA
    { 0x1EBB, 45 }, // U+1EBB
    { 0x1EBC, 22 }, // U+1EBC
    { 0x1EBD, 45 }, // U+1EBD
    { 0x1EBE, 22 }, // U+1EBE
    { 0x1EBF, 45 }, // U+1EBF
    { 0x1EC0, 22 }, // U+1EC0
    { 0x1EC1, 45 }, // U+1EC1
    { 0x1EC2, 22 }, // U+1EC2
    { 0x1EC3, 45 }, // U+1EC3
    { 0x1EC4, 22 }, // U+1EC4
    { 0x1EC5, 45 }, // U+1EC5
    { 0x1EC6, 22 }, // U+1EC6
    { 0x1EC7, 45 }, // U+1EC7
    { 0x1ECD, 42 }, // U+1ECD
    { 0x1ECF, 42 }, // U+1ECF
    { 0x1ED1, 42 }, // U+1ED1
    { 0x1ED3, 42 }, // U+1ED3
    { 0x1ED5, 42 }, // U+1ED5
    { 0x1ED7, 42 }, // U+1ED7
    { 0x1ED9, 42 }, // U+1ED9
    { 0x1EDB, 42 }, // U+1EDB
    { 0x1EDD, 42 }, // U+1EDD
    { 0x1EDF, 42 }, // U+1EDF
    { 0x1EE1, 42 }, // U+1EE1
    { 0x1EE3, 42 }, // U+1EE3
    { 0x1EE5, 57 }, // U+1EE5
    { 0x1EE7, 57 }, // U+1EE7
    { 0x1EE9, 57 }, // U+1EE9
    { 0x1EEB, 57 }, // U+1EEB
    { 0x1EED, 57 }, // U+1EED
    { 0x1EEF, 57 }, // U+1EEF
    { 0x1EF1, 57 }, // U+1EF1
    { 0x1EF2, 37 }, // U+1EF2
    { 0x1EF3, 61 }, // U+1EF3
    { 0x1EF5, 61 }, // U+1EF5
    { 0x2013, 73 }, // U+2013
    { 0x2014, 4 }, // U+2014
    { 0x2018, 74 }, // U+2018
    { 0x2019, 75 }, // U+2019
    { 0x201A, 76 }, // U+201A
    { 0x201C, 74 }, // U+201C
    { 0x201D, 75 }, // U+201D
    { 0x201E, 76 }, // U+201E
    { 0x2022, 77 }, // U+2022
    { 0x2212, 4 }, // U+2212
    { 0x2248, 4 }, // U+2248
    { 0x2260, 4 }, // U+2260
};

static const EpdKernClassEntry quicksand_10_mediumKernRightClasses[] = {
    { 0x0021, 1 }, // !
    { 0x0022, 2 }, // "
    { 0x0026, 3 }, // &
    { 0x0029, 4 }, // )
    { 0x002A, 5 }, // *
    { 0x002C, 6 }, // ,
    { 0x002E, 7 }, // .
    { 0x002F, 8 }, // /
    { 0x0031, 9 }, // 1
    { 0x0034, 10 }, // 4
    { 0x0035, 11 }, // 5
    { 0x0036, 12 }, // 6
    { 0x0037, 13 }, // 7
    { 0x0039, 14 }, // 9
    { 0x003F, 15 }, // ?
    { 0x0040, 16 }, // @
    { 0x0041, 17 }, // A
    { 0x0043, 18 }, // C
    { 0x0047, 18 }, // G
    { 0x004A, 19 }, // J
    { 0x004F, 18 }, // O
    { 0x0051, 18 }, // Q
    { 0x0053, 20 }, // S
    { 0x0054, 21 }, // T
    { 0x0055, 22 }, // U
    { 0x0056, 23 }, // V
    { 0x0057, 24 }, // W
    { 0x0058, 25 }, // X
    { 0x0059, 26 }, // Y
    { 0x005A, 27 }, // Z
    { 0x005C, 28 }, // <backslash>
    { 0x005D, 29 }, // ]
    { 0x005F, 30 }, // _
    { 0x0061, 31 }, // a
    { 0x0062, 32 }, // b
    { 0x0063, 33 }, // c
    { 0x0064, 33 }, // d
    { 0x0065, 33 }, // e
    { 0x0066, 34 }, // f
    { 0x0067, 35 }, // g
    { 0x0068, 32 }, // h
    { 0x006A, 36 }, // j
    { 0x006B, 32 }, // k
    { 0x006C, 32 }, // l
    { 0x006D, 37 }, // m
    { 0x006E, 37 }, // n
    { 0x006F, 33 }, // o
    { 0x0070, 38 }, // p
    { 0x0071, 33 }, // q
    { 0x0072, 37 }, // r
    { 0x0073, 39 }, // s
    { 0x0074, 40 }, // t
    { 0x0075, 41 }, // u
    { 0x0076, 42 }, // v
    { 0x0077, 43 }, // w
    { 0x0078, 44 }, // x
    { 0x0079, 45 }, // y
    { 0x007A, 46 }, // z
    { 0x00A1, 47 }, // U+00A1
    { 0x00B7, 48 }, // U+00B7
    { 0x00BF, 49 }, // U+00BF
    { 0x00D0, 50 }, // U+00D0
    { 0x00D9, 22 }, // U+00D9
    { 0x00DA, 22 }, // U+00DA
    { 0x00DB, 22 }, // U+00DB
    { 0x00DC, 22 }, // U+00DC
    { 0x00DD, 26 }, // U+00DD
    { 0x00DF, 51 }, // U+00DF
    { 0x00E0, 31 }, // U+00E0
    { 0x00E1, 31 }, // U+00E1
    { 0x00E2, 31 }, // U+00E2
    { 0x00E3, 31 }, // U+00E3
    { 0x00E4, 31 }, // U+00E4
    { 0x00E5, 31 }, // U+00E5
    { 0x00E8, 33 }, // U+00E8
    { 0x00E9, 33 }, // U+00E9
    { 0x00EA, 33 }, // U+00EA
    { 0x00EB, 33 }, // U+00EB
    { 0x00F0, 52 }, // U+00F0
    { 0x00F9, 41 }, // U+00F9
    { 0x00FA, 41 }, // U+00FA
    { 0x00FB, 41 }, // U+00FB
    { 0x00FC, 41 }, // U+00FC
    { 0x00FD, 45 }, // U+00FD
    { 0x00FE, 53 }, // U+00FE
    { 0x00FF, 45 }, // U+00FF
    { 0x0101, 31 }, // U+0101
    { 0x0103, 31 }, // U+0103
    { 0x0105, 31 }, // U+0105
    { 0x0113, 33 }, // U+0113
    { 0x0115, 33 }, // U+0115
    { 0x0117, 33 }, // U+0117
    { 0x0119, 33 }, // U+0119
    { 0x011B, 33 }, // U+011B
    { 0x0127, 54 }, // U+0127
    { 0x013E, 32 }, // U+013E
    { 0x0169, 41 }, // U+0169
    { 0x016A, 22 }, // U+016A
    { 0x016B, 41 }, // U+016B
    { 0x016D, 41 }, // U+016D
    { 0x016E, 22 }, // U+016E
    { 0x016F, 41 }, // U+016F
    { 0x0170, 22 }, // U+0170
    { 0x0171, 41 }, // U+0171
    { 0x0172, 22 }, // U+0172
    { 0x0173, 41 }, // U+0173
    { 0x0176, 26 }, // U+0176
    { 0x0177, 45 }, // U+0177
    { 0x0178, 26 }, // U+0178
    { 0x01B0, 41 }, // U+01B0
    { 0x01CD, 17 }, // U+01CD
    { 0x01CE, 31 }, // U+01CE
    { 0x01D4, 41 }, // U+01D4
    { 0x01FB, 31 }, // U+01FB
    { 0x0200, 17 }, // U+0200
    { 0x0201, 31 }, // U+0201
    { 0x0202, 17 }, // U+0202
    { 0x0203, 31 }, // U+0203
    { 0x0205, 33 }, // U+0205
    { 0x0207, 33 }, // U+0207
    { 0x0215, 41 }, // U+0215
    { 0x0217, 41 }, // U+0217
    { 0x1EA0, 17 }, // U+1EA0
    { 0x1EA1, 31 }, // U+1EA1
    { 0x1EA2, 17 }, // U+1EA2
    { 0x1EA3, 31 }, // U+1EA3
    { 0x1EA4, 17 }, // U+1EA4
    { 0x1EA5, 31 }, // U+1EA5
    { 0x1EA6, 17 }, // U+1EA6
    { 0x1EA7, 31 }, // U+1EA7
    { 0x1EA8, 17 }, // U+1EA8
    { 0x1EA9, 31 }, // U+1EA9
    { 0x1EAA, 17 }, // U+1EAA
    { 0x1EAB, 31 }, // U+1EAB
    { 0x1EAC, 17 }, // U+1EAC
    { 0x1EAD, 31 }, // U+1EAD
    { 0x1EAE, 17 }, // U+1EAE
    { 0x1EAF, 31 }, // U+1EAF
    { 0x1EB0, 17 }, // U+1EB0
    { 0x1EB1, 31 }, // U+1EB1
    { 0x1EB2, 17 }, // U+1EB2
    { 0x1EB3, 31 }, // U+1EB3
    { 0x1EB4, 17 }, // U+1EB4
    { 0x1EB5, 31 }, // U+1EB5
    { 0x1EB6, 17 }, // U+1EB6
    { 0x1EB7, 31 }, // U+1EB7
    { 0x1EB9, 33 }, // U+1EB9
    { 0x1EBB, 33 }, // U+1EBB
    { 0x1EBD, 33 }, // U+1EBD
    { 0x1EBF, 33 }, // U+1EBF
    { 0x1EC1, 33 }, // U+1EC1
    { 0x1EC3, 33 }, // U+1EC3
    { 0x1EC5, 33 }, // U+1EC5
    { 0x1EC7, 33 }, // U+1EC7
    { 0x1EE5, 41 }, // U+1EE5
    { 0x1EE7, 41 }, // U+1EE7
    { 0x1EE9, 41 }, // U+1EE9
    { 0x1EEB, 41 }, // U+1EEB
    { 0x1EED, 41 }, // U+1EED
    { 0x1EEF, 41 }, // U+1EEF
    { 0x1EF1, 41 }, // U+1EF1
    { 0x1EF2, 26 }, // U+1EF2
    { 0x1EF3, 45 }, // U+1EF3
    { 0x1EF5, 45 }, // U+1EF5
    { 0x201C, 55 }, // U+201C
    { 0x201D, 56 }, // U+201D
    { 0x2022, 57 }, // U+2022
};

static const int8_t quicksand_10_mediumKernMatrix[] = {
       0,    0,    0,   -5,    0,    0,    0,    0,    0,    0,    0,    0,    0,    0,    0,    0,    0,    0,    0,    0,    0,    0,   -8,    0,    0,    0,    0,    0,    0,    0,    0,    0,    0,    0,    0,    0,    0,    0,    0,    0,    0,   -6,    0,    0,    0,    0,    0,    0,    0,    0,    0,   -3,    0,    0,    0,    0,    0,
       0,    0,    0,    0,    0,    0,    0,    0,    0,    0,    0,    0,    0,    0,    0,    0,    0,    0,    0,    0,    0,    0,    0,    0,    0,    0,    0,    0,    0,    0,    0,    0,    0,    0,    0,    0,    0,    0,    0,    0,    0,    0,    0,    0,    0,    0,    0,    0,    0,    0,    0,    0,    5,    0,    0,    0,    0,
       0,    0,    0,    0,    0,    0,    0,    0,    0,    0,    0,    0,    0,    0,    0,    0,    0,    0,    0,    0,    0,    0,    0,    0,    0,    0,    0,    0,    0,    0,    0,    0,    0,    0,    0,    0,    0,    0,    0,    0,    0,    3,    0,    0,    0,    0,    0,    0,    0,    0,    0,   -8,    0,    0,    0,    0,    0,
       0,    0,    0,    0,    0,    0,    0,    0,  -15,    0,    0,    0,    0,    0,    0,    0,    0,    0,    0,    0,    0,    0,    0,    0,    0,    0,    0,    0,    0,    0,    0,    0,    0,    0,    0,    0,    0,    0,    0,    0,    0,    0,    0,    0,    0,    0,    0,    0,    0,    0,    0,    0,    0,    0,    0,    0,    0,
       0,    0,    0,    0,    0,    0,    0,    0,  -18,    0,    0,    0,    0,    0,    0,    0,    0,    0,    0,    0,    0,    0,    0,    0,    0,    0,    0,    0,    0,    0,    0,    0,    0,    0,    0,    4,    0,    0,    0,    0,    0,    0,    0,    0,    0,    0,    0,    0,    0,    0,    0,    0,    0,    0,    0,    0,    0,
       0,    0,    0,    0,    0,    0,    0,    0,  -15,  -10,    0,    0,    0,    0,    0,    0,    0,    0,    0,    0,    0,    0,    0,    0,    0,    0,    0,    0,    0,    0,    0,    0,    0,    0,    0,    0,    0,    0,    0,    0,    0,    0,    0,    0,    0,    0,    0,    0,    0,    0,    0,    0,    0,    0,    0,    0,    0,
       0,    0,    0,    0,    0,    0,    0,  -31,    0,    0,    0,    0,    0,    0,    0,    0,    0,    0,    0,    0,    0,    0,    0,    0,    0,    0,    0,    0,    0,    0,    0,    0,    0,    0,    0,    0,    0,    0,    0,    0,    0,   -1,    0,   -3,    0,    0,    0,    0,    0,    0,   -4,  -11,    0,    0,    0,    0,    0,
       0,    0,    0,    0,    0,    0,    0,    0,    0,    0,    0,    0,  -17,    0,    0,    0,   -2,    0,   -5,    0,   -7,    0,   -4,   -2,  -10,   -9,   -5,    0,    0,    0,    0,    0,    3,    0,    0,    0,    0,    0,    0,    0,    0,    0,    0,   -3,    0,    0,    0,    0,    0,    0,    0,    0,    0,    0,    0,    0,    0,
       0,    0,    0,    0,    0,    0,    0,    0,    0,   -3,    0,    0,    0,    0,    0,    0,    0,    0,    0,    0,    0,    0,    0,    0,    0,    0,    0,    0,    0,    0,    0,    0,    0,    0,    0,    0,    0,    0,    0,    0,    0,    0,    0,    0,    0,    0,    0,    0,    0,    0,    0,    0,    0,    0,    0,    0,    0,
       0,    0,    0,    0,    0,    0,    0,    0,    0,   -3,    0,    0,   -4,    0,    0,    0,    0,    0,    0,    0,    0,    0,    0,    0,    0,    0,    0,    0,    0,    0,    0,    0,    0,    0,    0,    0,    0,    0,    0,    0,    0,    0,    0,    0,    0,    0,    0,    0,    0,    0,    0,    0,    0,    0,    0,    0,    0,
       0,    0,    0,    0,    0,    0,    0,    0,   -5,    0,    2,    0,  -10,   -7,    0,    0,    0,    0,    0,    0,    0,    0,    0,    0,    0,    0,    0,    0,    0,    0,    0,    0,    0,    0,    0,    0,    0,    0,    0,    0,    0,    0,    0,    0,    0,    0,    0,    0,    0,    0,    0,    0,    0,    0,    0,    0,    0,
       0,    0,    0,    0,    0,    0,  -10,    0,    0,    0,    0,    0,    0,    0,    0,    0,    0,    0,    0,    0,    0,    0,    0,    0,    0,    0,    0,    0,    0,    0,    0,    0,    0,    0,    0,    0,    0,    0,    0,    0,    0,    0,    0,    0,    0,    0,    0,    0,    0,    0,    0,    0,    0,    0,    0,    0,    0,
       0,    0,    0,    0,    0,    0,    0,    0,   -3,    3,    0,    0,    0,    0,    0,    0,    0,    0,    0,    0,    0,    0,    0,    0,    0,    0,    0,    0,    0,    0,    0,    0,    0,    0,    0,    0,    0,    0,    0,    0,    0,    0,    0,    0,    0,    0,    0,    0,    0,    0,    0,    0,    0,    0,    0,    0,    0,
       0,    0,    0,    0,    0,  -13,  -22,    0,   15,  -13,    0,  -10,    0,    0,    0,    0,    0,   -7,    0,    0,    0,    0,    0,    0,    0,    0,    0,    0,    0,    0,    0,    0,    0,    0,    0,    0,    0,    0,    0,    0,    0,    0,    0,    0,    0,    0,    0,    0,    0,    0,    0,    0,    0,    0,    0,    0,    0,
       0,    0,    0,    0,    0,    0,    0,    0,    0,    0,    0,    0,   -7,    0,    0,    0,    0,    0,    0,    0,    0,    0,    0,    0,    0,    0,    0,    0,    0,    0,    0,    0,    0,    0,    0,    0,    0,    0,    0,    0,    0,    0,    0,    0,    0,    0,    0,    0,    0,    0,    0,    0,    0,    0,    0,    0,    0,
       0,    0,    0,    0,    0,   -7,  -13,    0,    2,    0,    0,    0,  -10,    0,    0,    0,    0,    0,    0,    0,    0,    0,    0,    0,    0,    0,    0,    0,    0,    0,    0,    0,    0,    0,    0,    0,    0,    0,    0,    0,    0,    0,    0,    0,    0,    0,    0,    0,    0,    0,    0,    0,    0,    0,    0,    0,    0,
       0,    0,    0,    0,    0,    0,    0,    0,   -5,    0,    0,    0,    0,    0,    0,    0,    0,    0,    0,    0,    0,    0,    0,    0,    0,    0,    0,    0,    0,    0,    0,    0,    0,    0,    0,    0,    0,    0,    0,    0,    0,    0,    0,    0,    0,    0,    0,    0,    0,    0,    0,    0,    0,    0,    0,    0,    0,
       0,    0,    0,    0,    0,    0,    0,    0,    0,    0,    0,    0,    0,    0,    0,    0,    0,    0,    0,    0,    0,    0,    0,    0,    0,    0,    0,    0,    0,    0,    0,    0,    0,    0,    0,    0,    0,    0,    0,    0,    0,    0,    0,    0,    0,    0,    0,    0,    0,    0,    0,   -5,    0,    0,    0,    0,    0,
       0,    0,    0,    0,    0,    0,    0,    0,    0,    0,    0,    0,    0,    0,    0,    0,    0,    0,    0,    0,    0,    0,   -3,    0,    0,    0,    0,    0,    0,    0,    0,    0,    0,    0,    0,    0,    0,    0,    0,    0,    0,    0,    0,   -2,    0,    0,    0,    0,    0,    0,    0,    0,    0,    0,    0,    0,    0,
       0,    0,    0,    0,    0,    0,    0,    0,    0,    0,    0,    0,    0,    0,    0,    0,    0,   -2,    0,    0,  -17,   -3,  -31,   -7,    0,  -14,    0,    0,    0,    0,    7,    0,    0,    0,    0,    0,    0,    0,    0,   -2,   -3,   -9,   -3,    0,   -8,    0,    0,    0,    0,    0,    0,    0,    0,    0,    0,    0,    0,
       0,    0,    0,    0,    0,    0,    0,    0,    0,    0,    0,    0,    0,    0,    0,    0,    0,    0,    0,    0,   -5,    0,   -3,   -2,   -4,   -8,    0,    0,    0,    0,    0,   -1,    0,    0,   -2,    0,    0,    0,    0,    0,    0,    0,    0,   -1,    0,    0,    0,    0,    0,    0,    0,    0,    0,    0,    0,    0,    0,
       0,    0,    0,    0,    0,    0,    0,    0,    0,    0,    0,    0,    0,    0,    0,    0,    0,    0,   -3,    0,    0,    0,    0,    0,    0,    0,    0,    0,    0,    0,    0,    0,   -2,    0,   -3,    0,    0,    0,    0,    0,   -3,   -5,    0,    0,   -3,    0,    0,    0,    0,    0,    0,    0,    0,    0,    0,    0,    0,
       0,    0,    0,    0,    0,    0,    0,    0,    0,    0,    0,    0,    0,    0,    0,    0,  -11,   -3,  -40,   -2,    5,    0,    0,    0,   -2,    0,    0,    0,    0,    0,   -7,    0,   -5,    0,   -3,    0,   -3,   -3,   -3,    0,   -5,   -2,    0,   -5,    0,   -2,    0,    0,    0,    0,    0,    0,    0,    0,    0,    0,    0,
       0,    0,    0,    0,    0,    0,    0,    0,    0,    0,    0,    0,    0,    0,    0,    0,    0,    0,    0,    0,   -8,    0,   -5,   -3,    0,   -8,    0,    0,    0,    0,    5,    0,    0,    0,    0,    0,    0,    0,    0,    0,    0,    0,    0,    0,    0,    0,    0,    0,    0,    0,    0,    0,    0,    0,    0,    0,    0,
       0,    0,    0,    0,    0,    0,    0,    0,    0,    0,    0,    0,    0,    0,    0,    0,   -5,    0,    0,    0,    0,    0,    0,    0,    0,    0,    0,    0,    0,    0,    0,    0,    0,    0,    0,    0,    0,    0,    0,    0,    0,    0,    0,    0,    0,    0,    0,    0,    0,    0,    0,    0,    0,    0,    0,    0,    0,
       0,    0,    0,    0,    0,    0,    0,    0,    0,    0,    0,    0,    0,    0,    0,    0,    0,  -10,   -2,   -3,    0,   -5,   -2,   -2,    0,    7,    0,    0,    0,    0,    0,    0,   -7,    0,    0,    0,   -3,   -3,   -1,   -1,   -4,   -2,   -5,    0,   -7,    0,    0,    0,    0,    0,    0,    0,    0,    0,    0,    0,    0,
       0,    0,    0,    0,    0,    0,    0,    0,    0,    0,    0,    0,    0,    0,    0,    0,    0,   -3,    0,    0,  -24,   -7,  -17,  -10,    0,  -20,    0,    0,    0,    0,    0,    0,    0,    0,    0,    0,    0,    0,    0,   -2,    0,   -8,   -2,    0,   -7,    7,    0,    0,    0,    0,    0,    0,    0,    0,    0,    0,    0,
       0,    0,    0,    0,    0,  -50,  -33,    0,    0,    0,    0,    0,    0,    0,    0,    0,  -13,    0,  -25,    0,    0,    0,    0,    3,   -5,    0,   -5,    0,    0,    0,   -2,    0,   -3,    3,   -3,    0,    0,    0,    0,    5,   -2,    3,    5,    0,    3,    0,    0,    0,    0,    0,    0,    0,    0,    0,    0,    0,    0,
       0,    0,    0,    0,    0,    0,    0,    0,    0,    0,    0,    0,  -17,    0,    0,    0,   -2,    0,   -5,    0,   -7,    0,   -4,   -2,  -10,   -9,   -5,    0,    0,   -6,    0,    0,    3,    0,    0,    0,    0,    0,    0,    0,    0,    0,    0,   -3,    0,    0,    0,    0,    0,    0,    0,    0,    0,    0,    0,    0,    0,
       0,    0,    0,    0,    0,    0,    0,    0,    0,    0,    0,    0,    0,    0,    0,    0,    0,   -3,    0,    0,   -5,   -2,   -5,    0,    0,   -7,    0,    0,    0,    0,    1,    0,   -2,    0,    0,    0,    0,    0,    0,    0,   -3,    0,    0,    0,    0,    0,    0,    0,    0,    0,    0,    0,    0,    0,    0,    0,    0,
       0,    0,    0,    0,    0,    0,    0,    0,    0,    0,    0,    0,    0,    0,    0,    0,    0,    0,    0,    0,    0,    0,    0,    0,   -5,   -5,    0,    0,    0,    0,    0,    0,    0,    0,    0,    0,    0,    0,    0,    0,    0,    0,    0,    0,    0,    0,    0,    0,    0,    0,    0,    0,    0,    0,    0,    0,    0,
       0,    0,    0,    0,    0,    0,  -33,    0,    0,    0,    0,    0,    0,    0,    0,    0,  -17,   -7,  -22,    0,   10,    0,    3,    3,    0,    3,    0,    0,    0,    0,  -33,    0,  -40,    0,  -15,    0,  -20,   -7,  -37,    0,  -40,   -3,  -40,   -5,  -22,  -40,    0,    0,    0,    0,    0,    0,    0,    3,    0,    0,    0,
       0,    0,    0,    0,    0,    0,    0,    0,    0,    0,    0,    0,    0,    0,    0,    0,   -3,    0,   -3,   -3,    0,    0,    0,    0,   -3,   -3,    0,    0,    0,    0,    0,    0,    0,    0,    0,    0,    0,    0,    0,    0,    0,    0,    0,   -2,    0,    0,    0,    0,    0,    0,    0,    0,    0,    0,    0,    0,    0,
       0,    0,   -3,    0,    0,    0,    0,  -11,    0,    0,    0,    0,    0,    0,    4,   -4,  -11,   -4,  -18,   -3,    3,    0,    0,    0,    0,    0,    0,    0,    0,  -17,   -4,    0,   -8,    0,   -7,    0,   -4,   -4,   -5,    0,   -3,    0,    0,    0,    0,   -2,   -3,   -7,  -12,    0,    0,    0,    0,    0,    0,    0,   -5,
       0,    0,    0,    0,    0,    0,    0,    0,    0,    0,    0,    0,    0,    0,    0,    0,   -7,   -2,  -10,   -3,    3,    0,    0,    0,    0,    0,    0,    0,    0,    0,   -3,    0,   -5,    0,   -7,    0,   -1,   -1,    0,    0,   -3,    0,    0,    0,    0,    0,    0,    0,    0,    0,    0,    0,    0,    0,    0,    0,    0,
       0,    0,    0,    0,    0,    0,    0,    0,    0,    0,    0,    0,    0,    0,    0,    0,    0,   -9,    0,   -5,    0,   -3,    0,    0,    0,    0,    0,    0,    0,    0,    0,    0,   -5,    0,   -1,    0,    0,    0,    0,    0,   -3,   -9,   -6,    0,   -8,    0,    0,    0,    0,    0,    0,    0,    0,    0,    0,    0,    0,
       0,    0,    0,    0,    0,    0,    0,    0,    0,    0,    0,    0,    0,    0,    0,    0,  -14,   -9,  -23,   -8,    3,   -3,    0,    0,    0,    0,    0,    0,    0,    0,  -11,    0,  -14,    0,  -13,    0,   -8,   -7,  -12,    0,   -7,   -3,   -3,   -7,   -3,   -3,    0,    0,    0,    0,    0,    0,    0,    0,    0,    0,    0,
       0,    0,    0,    0,    0,    0,    0,    0,    0,    0,    0,    0,    0,    0,    0,    0,    0,   -2,    0,    0,    0,    0,    0,    0,    0,    0,    0,    0,    0,    0,    0,    0,   -2,    0,    0,    0,    0,    0,    0,    0,   -2,   -2,    0,    0,    0,    0,    0,    0,    0,    0,    0,    0,    0,    0,    0,    0,    0,
       0,    0,    0,    0,    0,    0,    0,    0,    0,    0,    0,    0,    0,    0,    0,    0,    0,    0,    0,    0,    0,    0,  -11,    0,    0,    0,    0,  -31,    0,    0,    0,    0,    0,    0,    0,    0,    0,    0,    0,    0,    0,   -4,    0,    0,    0,    0,    0,    0,    0,    0,   -2,   -7,    0,    0,    0,    0,    0,
       0,    0,    0,    0,    0,    0,    0,    0,    0,    0,    0,    0,    0,    0,    0,    0,    0,    0,    0,    0,    0,    0,  -17,    0,    0,    0,    0,    0,    0,    0,    0,    0,    0,    0,    0,    0,    0,    0,    0,    0,    0,  -12,    0,    0,    0,    0,    0,    0,    0,    0,    0,  -11,    3,    0,    0,    0,    0,
       0,    0,    0,    0,    0,    0,    0,    0,    0,    0,    0,    0,    0,    0,    0,    0,    7,   -7,    0,    0,  -22,   -3,   -9,   -3,    0,  -18,    0,    0,    0,    0,    3,    0,    0,    0,    0,    0,    0,    0,    0,    0,   -3,   -4,   -2,    0,    0,    0,    0,    0,    0,    0,    0,    0,    0,    0,    0,    0,    0,
       0,    0,    0,    0,    0,    0,    0,    0,    0,    0,    0,    0,    0,    0,    0,    0,    0,    0,    0,    0,  -16,    0,   -8,   -5,   -5,  -13,   -3,    0,    0,    0,    0,    0,    0,    0,    0,    0,    0,    0,    0,    0,    0,   -2,    0,   -2,    0,   -3,    0,    0,    0,    0,    0,    0,    0,    0,    0,    0,    0,
       0,    0,    0,    0,    0,    0,    0,    0,    0,    0,    0,    0,    0,    0,    0,    0,    0,    0,    0,    0,  -10,    0,   -5,   -3,   -2,  -12,    0,    0,    0,    0,    0,    0,    0,    0,    0,    0,    0,    0,    0,    0,    0,    0,    0,    0,    0,    0,    0,    0,    0,    0,    0,    0,    0,    0,    0,    0,    0,
       0,    0,    0,    0,    0,    0,    0,    0,    0,    0,    0,    0,    0,    0,    0,    0,    0,    0,    0,    0,    0,    0,    0,    0,    0,    0,    0,    0,    0,    0,    0,    0,    0,    0,    0,    0,    0,    0,    0,    0,    5,    0,    0,    0,    0,    0,    0,    0,    0,    0,    0,    0,    0,    0,    0,    0,    0,
       0,    0,    0,    0,    0,    0,    0,    0,    0,    0,    0,    0,    0,    0,    0,    0,    0,    0,    0,    0,  -15,    0,   -7,   -3,   -3,  -12,    0,    0,    0,    0,    1,    0,    0,    0,   -2,    0,    0,    0,    0,    0,    0,   -2,    0,   -2,   -2,    0,    0,    0,    0,    0,    0,    0,    0,    0,    0,    0,    0,
       0,    0,    0,    0,    0,    0,    0,    0,    0,    0,    0,    0,    0,    0,    0,    0,   -7,    0,    0,    0,   20,    0,   18,   17,   17,   17,   17,    0,    0,    0,    0,    0,  -12,    0,    0,    0,    0,    0,    0,    1,    0,    3,    1,    0,    0,    1,    0,    0,    0,    0,    0,    0,    0,   10,    0,    0,    0,
       0,    0,    0,    0,    0,   -1,    0,    0,    0,    0,    0,    0,    0,    0,    0,    0,   -5,   -3,    0,   -2,    0,    0,    0,    0,    0,   -5,    0,    0,    0,    0,   -2,    0,   -7,    0,    0,    3,    0,    0,   -3,    0,   -3,    0,    0,    0,    0,    0,    0,    0,    0,    0,    0,    0,    0,    0,    0,    0,    0,
       0,    0,    0,    0,    0,    0,    0,    0,    0,    0,    0,    0,    0,    0,    0,    0,    0,    0,    0,    0,  -10,    0,   -5,    0,    0,   -8,    0,    0,    0,    0,    0,    0,    0,    0,    0,    0,    0,    0,    0,    0,    0,   -2,    0,    0,   -2,    0,    0,    0,    0,    0,    0,    0,    0,    0,    0,    0,    0,
       0,    0,    0,    0,    0,    0,    0,    0,    0,    0,    0,    0,    0,    0,    0,    0,    0,    0,    0,    0,  -10,    0,    0,    0,    0,    0,    0,    0,    0,    0,    0,    0,    0,    0,    0,    0,    0,    0,    0,    0,    0,    0,    0,    0,    0,    0,    0,    0,    0,    0,    0,    0,    0,    0,    0,    0,    0,
       0,    0,    0,    0,    0,    0,    0,    0,    0,    0,    0,    0,    0,    0,    0,    0,    0,    0,    0,    0,  -10,   -3,    0,    0,    0,    0,    0,    0,    0,    0,    0,    0,    0,    0,    0,    2,    0,    0,    0,    0,    0,    0,    0,    0,    0,    0,    0,    0,    0,    0,    0,    0,    0,    0,    0,    0,    0,
       0,    0,    0,    0,    0,    0,    0,    0,    0,    0,    0,    0,    0,    0,    0,    0,    0,   -3,    0,    0,    0,    0,    0,    0,    0,   -7,    0,    0,    0,    0,   -1,   -2,   -7,    0,    0,   -2,    0,    0,   -2,    0,   -2,    0,    0,    0,    0,    0,    0,    0,    0,    0,    0,    0,    0,    0,    0,    0,    0,
       0,    0,    0,    0,    0,    0,    0,    0,    0,    0,    0,    0,    0,    0,    0,    0,    0,   -7,    0,    0,   -8,    0,  -10,   -7,    0,  -10,    0,    0,    0,    0,    0,    0,   -3,    0,   -3,   -5,    0,    0,    0,   -1,   -2,   -8,   -5,    0,   -5,    0,    0,    0,    0,    0,    0,    0,    0,    0,    0,    0,    0,
       0,    0,    0,    0,    0,    0,    0,    0,    0,    0,    0,    0,    0,    0,    0,    0,    0,    0,    0,    0,   -7,    0,   -5,    0,    0,   -5,    0,   -3,    0,    1,    0,    0,    0,    0,    0,    0,    0,    0,    0,    0,    0,    0,    0,    0,    0,    0,    0,    0,    0,    0,    0,    0,    0,    0,    0,    0,    0,
       0,    0,    0,    0,    0,    0,  -37,    0,    0,    0,    0,    0,    0,    0,    0,    0,  -10,    0,    0,    0,   -3,    0,    0,    0,   -5,    0,    0,    0,    0,    0,   -4,    0,   -7,    0,   -5,   -3,    0,    0,    0,    0,    0,   17,   17,    0,    0,    0,    0,    0,    0,    0,    0,    0,    0,    0,    0,    0,    0,
       0,    0,    0,    0,    0,    0,    0,    0,    0,    0,    0,    0,    0,    0,    0,    0,    0,   -2,    0,    0,  -15,    0,   -2,    0,   -2,   -7,    0,    0,    0,    0,    3,    0,    0,    0,    0,    0,    0,    0,    0,    0,    0,    0,    0,   -2,    0,    0,    0,    0,    0,    0,    0,    0,    0,    0,    0,    0,    0,
       0,    0,    0,    0,    0,    0,    0,    0,    0,    0,    0,    0,    0,    0,    0,    0,    0,    0,    0,    0,    0,    0,    0,    0,    0,    0,    0,    0,    0,    0,    0,    0,   -2,   -8,   -2,    0,    0,    0,    7,    0,    0,    0,   13,    0,    0,    0,    0,    0,    0,    0,    0,    0,    0,    0,    0,    0,    0,
       0,    0,    0,    0,    0,    0,    0,    0,    0,    0,    0,    0,    0,    0,    0,    0,    0,    0,    0,    0,  -10,    0,   -3,   -3,    0,   -5,    0,    0,    0,    0,    0,    0,    0,    0,   -3,    0,    0,    0,    0,    0,    0,    0,    0,    0,    0,    0,    0,    0,    0,    0,    0,    0,    0,    0,    0,    0,    0,
       0,    0,   -1,    0,    3,    0,    0,   -4,    0,    0,    0,    0,    0,    0,    3,    0,   -8,    0,    0,    0,   -3,    0,    0,    0,   -9,   -3,   -7,   -1,    0,  -12,   -1,    0,   -2,    0,   -2,    0,    0,    0,   -2,   17,    0,   17,    0,    0,    0,    0,    0,    0,   -7,    0,    0,   -2,    0,    0,    0,    0,    0,
       0,    0,    0,    0,    0,    0,    0,    0,    0,    0,    0,    0,    0,    0,    0,    0,   -2,    0,    0,    0,   -3,    0,    0,    0,   -6,   -3,   -2,    0,    0,    0,    1,    0,    0,    0,    0,    0,    0,    0,   -2,   17,    0,   13,    0,    0,    0,    0,    0,    0,    0,    0,    0,    0,    0,    0,    0,    0,    0,
       0,    0,   -2,    0,    0,    0,    0,    0,    0,    0,    0,    0,    0,    0,    0,    0,    0,   -3,    0,    0,   -5,   -2,    0,    0,    0,   -7,    0,   -3,    0,    0,    0,    0,   -2,    0,    0,    0,    0,    0,   -2,   17,   -2,    0,    0,    0,    0,    0,    0,   -3,    0,    0,    0,   -2,    0,    0,    0,    0,    0,
       0,    0,    0,    0,    0,    0,    0,    0,    0,    0,    0,    0,    0,    0,    0,    0,   -8,    0,    0,    0,   -3,    0,    0,    0,   -7,   -3,   -3,    0,    0,    0,    0,    0,   -2,    0,   -5,    0,    0,    0,   -3,    0,    0,    0,    0,    0,    0,    0,    0,    0,    0,    0,    0,    0,    0,    0,    0,    0,    0,
       0,    0,    0,    0,    0,    0,    0,    0,    0,    0,    0,    0,    0,    0,    0,    0,    0,    0,    0,    0,   -3,    0,    0,    0,    0,   -3,    0,    0,    0,    0,    0,    0,   -3,    0,    0,    0,    0,    0,    0,    0,    0,    0,    0,    0,    0,    0,    0,    0,    0,    0,    0,    0,    0,    0,    0,    0,    0,
       0,    0,    0,    0,    0,    0,    0,    0,    0,    0,    0,    0,    0,    0,    0,    0,    0,    0,    0,    0,    0,    0,   -3,    0,    0,    0,    0,    0,    0,    0,    0,    0,    0,    0,    0,    0,    0,    0,    0,    0,    0,    0,    0,    0,    0,    0,    0,    0,    0,    0,    0,    0,    0,    0,    0,    0,    0,
       0,    0,    0,    0,    0,    0,    0,    0,    0,    0,    0,    0,    0,    0,    0,    0,    0,    0,    0,    0,    0,    0,   -7,    0,    0,    0,    0,    0,    0,    0,    0,    0,    0,    0,    0,    0,    0,    0,    0,    0,    0,    0,    0,   -3,    0,    0,    0,    0,    0,    0,    0,    3,    0,    0,    0,    0,    0,
       0,    0,    0,    0,    0,    0,    0,    0,    0,    0,    0,    0,    0,    0,    0,    0,    0,    0,    0,    0,    0,    0,  -10,    0,    0,    0,    0,    0,    0,    0,    0,    0,    0,    0,    0,    0,    0,    0,    0,    0,    0,   -5,    0,    0,    0,    0,    0,    0,    0,    0,    0,  -10,    0,    0,    0,    0,    0,
       3,    0,    0,    0,   -2,    0,    0,  -13,    0,    0,    0,    0,    0,    0,    0,    0,    0,    0,    0,    0,    0,    0,    0,    0,    0,    0,    0,   -7,    0,  -18,    0,    0,    0,    0,    0,    0,    0,    0,    0,    0,    0,    2,    0,   -2,    0,    0,    7,    8,   -7,    0,    0,    0,    0,    0,    0,    0,    1,
       0,    0,    0,    0,   -7,    0,    0,   -4,    0,    0,    0,    0,    0,    0,    0,    0,    0,    0,    0,    0,    0,    0,    0,    0,    0,    0,    0,   -2,    0,  -11,    0,    0,    0,    0,    0,    0,    0,    0,    0,    0,    0,   -2,    0,   -2,    0,    0,    0,    3,    0,    0,    0,    0,    0,    0,    0,    0,    0,
       0,    0,    0,    0,   -5,    0,    0,  -10,    0,    0,    0,    0,    0,    0,    0,    0,    0,    0,    0,    0,    0,    0,    0,    0,    0,    0,    0,    0,    0,  -18,    0,    0,    0,    0,    0,    0,    0,    0,    0,    0,    0,    0,    0,   -2,    0,    0,    0,    3,   -7,    0,    0,    0,    0,    0,    0,    0,    0,
       0,    0,    0,    0,    0,    0,    0,    0,   -7,    0,    0,    0,    0,    0,    0,    0,    0,    0,    0,    0,    0,    0,    0,    0,    0,    0,    0,    0,    0,    0,    0,    0,    0,    0,    0,    0,    0,    0,    0,    0,    0,    0,    0,    0,    0,    0,    0,    0,    0,    0,    0,    0,    0,    0,    0,    0,    0,
       0,   33,    0,   42,   24,    0,    0,    0,    0,    0,    0,    0,    0,    0,    0,    0,    0,    0,    0,    0,    0,    0,    0,    0,    0,    0,    0,   37,   44,    0,    0,    7,    0,    0,    0,    0,    0,    0,    0,    0,    0,    0,    0,    0,    0,    0,    0,    0,    0,    0,    0,    3,   20,    0,   30,   37,    0,
       0,   21,    0,   35,    9,    0,    0,    0,    0,    0,    0,    0,    0,    0,    0,    0,    0,    0,    0,    0,    0,    0,    0,    0,    0,    0,    0,   29,   33,    0,    0,    7,    0,    0,    0,    0,    0,    0,    0,    0,    0,    0,    0,    0,    0,    0,    0,    0,    0,    0,    0,    3,   20,    0,   22,   26,    0,
       0,    0,    0,   11,    0,    0,    0,    0,    0,    0,    0,    0,    0,    0,    0,    0,    0,    0,    0,    0,    0,    0,    0,    0,    0,    0,    0,    0,    7,    0,    0,    0,    0,    0,    0,    0,    0,    0,    0,    0,    0,    0,    0,    0,    0,    0,    0,    0,    0,    0,    0,    0,    0,    0,    4,    4,    0,
       0,    0,    0,    0,    0,    0,    0,    0,  -15,    0,    0,    0,    0,    0,    0,    0,    0,    0,    0,    0,    0,    0,    0,    0,    0,    0,    0,    0,    0,    0,    0,    0,    0,    0,    0,    0,    0,    0,    0,    0,    0,    0,    0,    0,    0,    0,    0,    0,    0,    2,    0,    0,    0,    0,    0,    0,    0,
       0,    0,    0,    0,    0,    0,    0,    0,    0,  -13,    0,    0,    0,  -10,    0,    0,    0,    0,    0,    0,    0,    0,    0,    0,    0,    0,    0,    0,    0,    0,    0,    0,    0,    0,    0,    0,    0,    0,    0,    0,    0,    0,    0,    0,    0,    0,    0,    0,    0,    0,    0,    0,    0,    0,    0,    0,    0,
       0,    0,    0,    0,    0,    0,    0,    0,    0,  -20,    0,  -15,    0,  -10,    0,    0,    0,    0,    0,    0,    0,    0,    0,    0,    0,    0,    0,    0,    0,    0,    0,    0,    0,    0,    0,    0,    0,    0,    0,    0,    0,    0,    0,    0,    0,    0,    0,    0,    0,    0,    0,    0,    0,    0,    0,    0,    0,
       0,    0,    0,    0,    0,    0,    0,    0,    0,    0,    0,    0,    0,    0,    0,    0,    0,    0,    0,    0,    0,    0,    0,    0,    0,    0,    0,    0,    0,    0,    0,    0,    0,    0,    0,    1,    0,    0,    0,    0,    0,    0,    0,    0,    0,    0,    0,    0,    0,    0,    0,    0,    0,    0,    0,    0,    0,
       0,    0,    0,    0,    0,    0,    0,    0,    0,    0,    0,    0,    0,    0,    0,    0,    0,    0,    0,    0,    0,    0,   -5,    0,    0,    0,    0,    0,    0,    0,    0,    0,    0,    0,    0,    0,    0,    0,    0,    0,    0,    0,    0,    0,    0,    0,    0,    0,    0,    2,    0,    0,    0,    0,    0,    0,    0,
};

static const EpdLigaturePair quicksand_10_mediumLigaturePairs[] = {
    { 0x00660069, 0xFB01 }, // f i -> U+FB01
    { 0x0066006C, 0xFB02 }, // f l -> U+FB02
};

static const EpdFontData quicksand_10_medium = {
    quicksand_10_mediumBitmaps,
    quicksand_10_mediumGlyphs,
    quicksand_10_mediumIntervals,
    57,
    26,
    21,
    -6,
    false,
    nullptr,
    0,
    nullptr,
    quicksand_10_mediumKernLeftClasses,
    quicksand_10_mediumKernRightClasses,
    quicksand_10_mediumKernMatrix,
    228,
    167,
    77,
    57,
    quicksand_10_mediumLigaturePairs,
    2,
};
