/**
 * generated by fontconvert.py
 * name: quicksand_8_medium
 * size: 8
 * mode: 1-bit
 * Command used: fontconvert.py quicksand_8_medium 8 ../builtinFonts/source/Quicksand/Quicksand-Medium.ttf
 */
#pragma once
#include "EpdFontData.h"

static const uint8_t quicksand_8_mediumBitmaps[8368] = {
    0x6D, 0xB6, 0xDB, 0x41, 0xB0, 0x6C, 0xD9, 0xB6, 0x6C, 0x80, 0x18, 0x83, 0x18, 0x66, 0x3F, 0xF7,
    0xFE, 0x73, 0x0C, 0x63, 0xFC, 0xFF, 0xC6, 0x60, 0xCC, 0x11, 0x80, 0x00, 0x06, 0x0F, 0xCF, 0xF6,
    0xDB, 0x61, 0xF0, 0xF8, 0x1F, 0x07, 0xC3, 0x79, 0xBF, 0xFB, 0xF8, 0x30, 0x18, 0x0C, 0x00, 0x78,
    0x63, 0xE7, 0x33, 0x31, 0x9B, 0x0C, 0xF8, 0x3D, 0x80, 0xDB, 0xC0, 0xDF, 0x0D, 0x98, 0xCC, 0xC6,
    0x36, 0x61, 0xE0, 0x00, 0x00, 0x1F, 0x03, 0xF8, 0x31, 0x83, 0x00, 0x38, 0x07, 0xC0, 0x6C, 0x4C,
    0x6C, 0xC3, 0xCE, 0x1C, 0x7F, 0xE3, 0xF6, 0x08, 0x00, 0x6D, 0xEC, 0x0C, 0x73, 0x9C, 0x61, 0x8E,
    0x30, 0xE1, 0x86, 0x18, 0x30, 0xE1, 0xC0, 0xC3, 0x83, 0x0E, 0x18, 0x60, 0xC3, 0x0C, 0x71, 0x86,
    0x31, 0xCE, 0x00, 0x23, 0xE7, 0xBE, 0xA8, 0x80, 0x0C, 0x06, 0x03, 0x0F, 0xEF, 0xF8, 0x60, 0x30,
    0x18, 0x0C, 0x00, 0x5D, 0xF0, 0x7D, 0xF0, 0x6C, 0x00, 0x80, 0xC0, 0xC0, 0x60, 0x60, 0x30, 0x30,
    0x18, 0x18, 0x0C, 0x0C, 0x06, 0x06, 0x03, 0x03, 0x01, 0x80, 0x00, 0x00, 0x1E, 0x0F, 0xC7, 0x39,
    0x86, 0x61, 0xB8, 0x7E, 0x1D, 0x86, 0x61, 0x98, 0x63, 0xF8, 0xFC, 0x04, 0x00, 0x1B, 0xFF, 0xB1,
    0x8C, 0x63, 0x18, 0xC6, 0x30, 0x3E, 0x3F, 0x98, 0xC0, 0x60, 0x30, 0x18, 0x18, 0x1C, 0x1C, 0x1C,
    0x1F, 0xCF, 0xF0, 0x7F, 0x7F, 0x0E, 0x1C, 0x3C, 0x3E, 0x07, 0x03, 0x03, 0x03, 0x67, 0x7E, 0x10,
    0x06, 0x03, 0x03, 0x83, 0xC3, 0xE3, 0xB1, 0x99, 0xFF, 0xFF, 0x83, 0x01, 0x80, 0xC0, 0x7E, 0xFE,
    0xC0, 0xC0, 0xFC, 0xFE, 0x06, 0x03, 0x03, 0x06, 0xFE, 0xFC, 0x00, 0x0E, 0x0F, 0x0E, 0x06, 0x07,
    0xC3, 0xF9, 0xCC, 0xC3, 0x61, 0xB0, 0xDD, 0xC7, 0xC0, 0x80, 0x7F, 0x3F, 0xC0, 0xC0, 0xE0, 0x60,
    0x30, 0x30, 0x18, 0x18, 0x0C, 0x0E, 0x06, 0x00, 0x00, 0x1C, 0x3F, 0x98, 0xCC, 0x66, 0x33, 0xF9,
    0xFC, 0xC6, 0xE3, 0xB1, 0x9F, 0xC7, 0xC0, 0x00, 0x3E, 0x3F, 0x98, 0xEC, 0x36, 0x1B, 0x1D, 0xFE,
    0x7E, 0x03, 0x03, 0x07, 0x87, 0x00, 0x00, 0xF8, 0x03, 0xC0, 0x66, 0x00, 0x00, 0x06, 0x73, 0x60,
    0x03, 0x0F, 0x3C, 0x78, 0xE0, 0x78, 0x1C, 0x0F, 0x03, 0x7F, 0xBF, 0xC0, 0x0F, 0xF7, 0xF8, 0xC0,
    0xF0, 0x78, 0x1E, 0x07, 0x1E, 0x78, 0xE0, 0xC0, 0x18, 0x7E, 0xE7, 0x43, 0x03, 0x03, 0x0E, 0x1C,
    0x18, 0x18, 0x00, 0x18, 0x18, 0x03, 0xF8, 0x0F, 0xFC, 0x18, 0x06, 0x31, 0xF2, 0x67, 0xF3, 0x66,
    0x73, 0x4C, 0x33, 0xCC, 0x72, 0xCC, 0x66, 0xCE, 0xEE, 0x47, 0xFC, 0x60, 0x00, 0x70, 0x20, 0x3F,
    0xF0, 0x0F, 0xC0, 0x0C, 0x01, 0xC0, 0x38, 0x0F, 0x81, 0xB0, 0x66, 0x0C, 0x61, 0xFC, 0x7F, 0xCC,
    0x1B, 0x03, 0x60, 0x30, 0x00, 0xFF, 0x3F, 0xCC, 0x3B, 0x06, 0xC3, 0xBF, 0xCF, 0xFB, 0x06, 0xC1,
    0xF0, 0x6F, 0xFB, 0xFC, 0x0F, 0xC7, 0xF8, 0xC1, 0x30, 0x06, 0x01, 0xC0, 0x38, 0x03, 0x00, 0x60,
    0x0E, 0x00, 0xFF, 0x0F, 0xE0, 0x20, 0xFF, 0x1F, 0xF3, 0x07, 0x60, 0x6C, 0x0D, 0x81, 0xF0, 0x3E,
    0x06, 0xC0, 0xD8, 0x3B, 0xFE, 0x7F, 0x80, 0xFF, 0xFF, 0xC0, 0xC0, 0xC0, 0xFE, 0xFE, 0xC0, 0xC0,
    0xC0, 0xFF, 0xFF, 0xFF, 0xFF, 0xC0, 0xC0, 0xC0, 0xFE, 0xFE, 0xC0, 0xC0, 0xC0, 0xC0, 0xC0, 0x0F,
    0xC7, 0xF8, 0xE0, 0x30, 0x06, 0x01, 0xC0, 0x38, 0xFB, 0x0F, 0x60, 0x6E, 0x0C, 0xFF, 0x8F, 0xE0,
    0x20, 0xC0, 0xF0, 0x3C, 0x0F, 0x03, 0xC0, 0xFF, 0xFF, 0xFF, 0x03, 0xC0, 0xF0, 0x3C, 0x0F, 0x03,
    0xFF, 0xFF, 0xFF, 0x03, 0x03, 0x03, 0x03, 0x03, 0x03, 0x03, 0x03, 0x03, 0x63, 0x7F, 0x3E, 0x08,
    0xC0, 0xB0, 0x6C, 0x33, 0x18, 0xDC, 0x3F, 0x0F, 0xC3, 0xB8, 0xC7, 0x30, 0xEC, 0x1B, 0x03, 0x00,
    0x00, 0xC0, 0xC0, 0xC0, 0xC0, 0xC0, 0xC0, 0xC0, 0xC0, 0xC0, 0xC0, 0xFE, 0xFF, 0xC0, 0x2E, 0x07,
    0xE0, 0xFF, 0x0F, 0xF9, 0xFD, 0xBB, 0xCF, 0x3C, 0xE3, 0xC6, 0x3C, 0x03, 0xC0, 0x3C, 0x03, 0xC0,
    0xF8, 0x3F, 0x0F, 0xC3, 0xD8, 0xF7, 0x3C, 0xEF, 0x1B, 0xC3, 0xF0, 0xFC, 0x1F, 0x03, 0x0F, 0x83,
    0xFE, 0x70, 0xE6, 0x07, 0x60, 0x3E, 0x03, 0xE0, 0x36, 0x03, 0x60, 0x37, 0x07, 0x3F, 0xE1, 0xFC,
    0x02, 0x00, 0xFE, 0x7F, 0xB0, 0xD8, 0x3C, 0x3E, 0x1B, 0xFD, 0xF8, 0xC0, 0x60, 0x30, 0x18, 0x00,
    0x0F, 0x80, 0xFF, 0x87, 0x0E, 0x18, 0x1C, 0x60, 0x33, 0x80, 0xCE, 0x03, 0x18, 0x0C, 0x60, 0x31,
    0xC1, 0xC3, 0xFE, 0x07, 0xF0, 0x1F, 0x08, 0x7F, 0xE0, 0x1F, 0x80, 0x00, 0xFF, 0x3F, 0xEC, 0x1B,
    0x06, 0xC1, 0xB0, 0xEF, 0xF3, 0xFE, 0xC1, 0xB0, 0x6C, 0x1B, 0x03, 0x3F, 0x3F, 0xD8, 0x6C, 0x07,
    0x03, 0xE0, 0x7C, 0x07, 0x01, 0xE0, 0xFF, 0xEF, 0xE0, 0x80, 0xFF, 0xFF, 0xF0, 0xC0, 0x30, 0x0C,
    0x03, 0x00, 0xC0, 0x30, 0x0C, 0x03, 0x00, 0xC0, 0x30, 0xC0, 0xF0, 0x3C, 0x0F, 0x03, 0xC0, 0xF0,
    0x3C, 0x0F, 0x03, 0xC0, 0xF8, 0x67, 0xF8, 0xFC, 0x00, 0x00, 0xC0, 0x7C, 0x0D, 0x83, 0x30, 0x63,
    0x1C, 0x63, 0x0E, 0x60, 0xD8, 0x1F, 0x01, 0xC0, 0x38, 0x03, 0x00, 0xC0, 0x03, 0xC0, 0x03, 0x60,
    0x06, 0x61, 0x86, 0x63, 0xC6, 0x33, 0xCC, 0x33, 0xCC, 0x36, 0x6C, 0x1E, 0x78, 0x1E, 0x78, 0x1C,
    0x38, 0x0C, 0x30, 0xC0, 0xF8, 0x77, 0x18, 0xCC, 0x1F, 0x07, 0x80, 0xE0, 0x78, 0x3B, 0x1C, 0xE6,
    0x1F, 0x03, 0x00, 0x00, 0xC0, 0xB8, 0x66, 0x38, 0xCC, 0x3E, 0x07, 0x80, 0xC0, 0x30, 0x0C, 0x03,
    0x00, 0xC0, 0x30, 0x7F, 0xCF, 0xF8, 0x07, 0x01, 0xC0, 0x70, 0x0C, 0x03, 0x00, 0xE0, 0x38, 0x06,
    0x01, 0xFF, 0x3F, 0xE0, 0xFB, 0xEC, 0x30, 0xC3, 0x0C, 0x30, 0xC3, 0x0C, 0x30, 0xC3, 0x0F, 0x9E,
    0x80, 0x60, 0x38, 0x0C, 0x07, 0x01, 0x80, 0xE0, 0x30, 0x1C, 0x06, 0x03, 0x80, 0xC0, 0x70, 0x18,
    0x0E, 0x03, 0x00, 0x00, 0xFF, 0xF0, 0xC3, 0x0C, 0x30, 0xC3, 0x0C, 0x30, 0xC3, 0x0C, 0x3F, 0xDE,
    0x08, 0x0E, 0x07, 0x86, 0xC7, 0x73, 0x19, 0x86, 0x7F, 0xCF, 0xFC, 0xC6, 0x20, 0x3F, 0xBF, 0xD8,
    0x6C, 0x3C, 0x1F, 0x0D, 0x86, 0xEF, 0x3F, 0x84, 0x00, 0x80, 0x60, 0x30, 0x18, 0x0F, 0xE7, 0xFB,
    0x8D, 0x83, 0xC1, 0xE0, 0xF0, 0xFE, 0xEF, 0xE0, 0x40, 0x1F, 0x3F, 0x98, 0x0C, 0x0C, 0x07, 0x01,
    0x80, 0xF6, 0x3F, 0x06, 0x00, 0x00, 0x80, 0xC0, 0x60, 0x33, 0xFB, 0xFD, 0x86, 0xC3, 0xC1, 0xF0,
    0xD8, 0x6E, 0xF3, 0xF8, 0x40, 0x1E, 0x3F, 0x98, 0xEF, 0xFF, 0xFF, 0x01, 0x80, 0xF7, 0x3F, 0x02,
    0x00, 0x0C, 0x78, 0xC1, 0x8F, 0xDF, 0x8C, 0x18, 0x30, 0x60, 0xC1, 0x83, 0x00, 0x1E, 0x9F, 0xF6,
    0x1D, 0x87, 0xC0, 0xF8, 0x36, 0x1D, 0xEF, 0x3F, 0xC2, 0x63, 0x38, 0xFC, 0x0C, 0x00, 0x80, 0xC0,
    0xC0, 0xC0, 0xFC, 0xFE, 0xC7, 0xC3, 0xC3, 0xC3, 0xC3, 0xC3, 0xC3, 0xF3, 0xFF, 0xFF, 0x33, 0x03,
    0x33, 0x33, 0x33, 0x33, 0x37, 0xF4, 0xC0, 0xC0, 0xC0, 0xC0, 0xC2, 0xCE, 0xDC, 0xF8, 0xF8, 0xFC,
    0xCC, 0xC6, 0xC3, 0xFF, 0xFF, 0xFF, 0xC0, 0xFC, 0xF3, 0xFF, 0xEC, 0x71, 0xB0, 0xC6, 0xC3, 0x1B,
    0x0C, 0x6C, 0x31, 0xB0, 0xC6, 0xC3, 0x18, 0xFE, 0xFE, 0xC3, 0xC3, 0xC3, 0xC3, 0xC3, 0xC3, 0xC3,
    0x1F, 0x0F, 0xE6, 0x19, 0x83, 0xC0, 0xF8, 0x36, 0x19, 0xEE, 0x3F, 0x01, 0x00, 0xFE, 0x7F, 0xB8,
    0xD8, 0x3C, 0x1E, 0x0F, 0x0F, 0xEE, 0xFE, 0x64, 0x30, 0x18, 0x08, 0x00, 0x3F, 0xBF, 0xD8, 0x6C,
    0x3C, 0x1F, 0x0D, 0x86, 0xEF, 0x3F, 0x84, 0xC0, 0x60, 0x30, 0x08, 0xFF, 0xFE, 0x30, 0xC3, 0x0C,
    0x30, 0xC0, 0x3C, 0x7E, 0x62, 0x70, 0x7C, 0x0E, 0x43, 0xE6, 0x7E, 0x08, 0x30, 0xCF, 0xFF, 0x30,
    0xC3, 0x0C, 0x30, 0xE3, 0x80, 0xC3, 0xC3, 0xC3, 0xC3, 0xC3, 0xC3, 0xC7, 0xFE, 0x7E, 0x00, 0xC1,
    0xF1, 0xD8, 0xCC, 0x63, 0x61, 0xB0, 0x70, 0x38, 0x1C, 0x00, 0x00, 0xC0, 0x37, 0x11, 0x99, 0x8C,
    0xCE, 0xE7, 0xF6, 0x1E, 0xF0, 0xF7, 0x87, 0x38, 0x18, 0xC0, 0x00, 0x00, 0xC3, 0xE7, 0x76, 0x3C,
    0x18, 0x3C, 0x7E, 0x67, 0xC3, 0x00, 0xC3, 0xC3, 0xC3, 0xC3, 0xC3, 0xC3, 0xC7, 0xEF, 0x7F, 0x17,
    0xCE, 0xFC, 0x38, 0x7F, 0x7F, 0x0E, 0x0C, 0x18, 0x38, 0x70, 0x7E, 0xFF, 0x0E, 0x38, 0xE1, 0x83,
    0x06, 0x0C, 0x70, 0xF0, 0x60, 0xC1, 0x83, 0x03, 0x07, 0x82, 0x3F, 0xFF, 0xFF, 0xFF, 0xC0, 0xE0,
    0xE0, 0xE0, 0xC1, 0x83, 0x06, 0x07, 0x1E, 0x30, 0x60, 0xC1, 0x86, 0x3C, 0x20, 0x72, 0x7F, 0x4E,
    0x6C, 0x26, 0xDB, 0x6D, 0xB0, 0x0C, 0x07, 0x0F, 0xCF, 0xE6, 0xC6, 0x63, 0x30, 0xD8, 0x6D, 0x1F,
    0x87, 0x81, 0x80, 0x1F, 0x07, 0xF0, 0xC6, 0x18, 0x03, 0x01, 0xFE, 0x1F, 0xC1, 0x80, 0x38, 0x06,
    0x01, 0xF1, 0x7F, 0xE0, 0x38, 0x40, 0x7F, 0x7E, 0x67, 0x66, 0x7E, 0x7F, 0x40, 0xC0, 0xB8, 0x66,
    0x38, 0xCC, 0x3E, 0x07, 0x87, 0xF8, 0xFC, 0x7F, 0x1F, 0xC0, 0xC0, 0x30, 0x3F, 0xFF, 0x0F, 0xFF,
    0xC0, 0x1E, 0x1F, 0x98, 0x4E, 0x03, 0xC3, 0xF9, 0x9E, 0xC3, 0x7F, 0x1F, 0x81, 0xC8, 0x6E, 0x73,
    0xF0, 0x70, 0xDE, 0xC0, 0x0F, 0x81, 0xFF, 0x1C, 0xDC, 0xDF, 0x65, 0xC9, 0xEC, 0x0F, 0x60, 0x7B,
    0x03, 0x6F, 0x93, 0x3D, 0x8E, 0x38, 0x3F, 0x80, 0x00, 0x00, 0x7F, 0x7C, 0xF3, 0xFD, 0xE0, 0x32,
    0x76, 0x6C, 0xCC, 0xEC, 0x76, 0x36, 0x00, 0x00, 0x0F, 0xFD, 0xFF, 0x80, 0x70, 0x0E, 0x00, 0x80,
    0x7D, 0xF0, 0x3E, 0x3B, 0xB7, 0xDB, 0xAD, 0xD2, 0xB9, 0xFC, 0x78, 0x7C, 0xF8, 0x7B, 0xFC, 0xF3,
    0x78, 0x80, 0x08, 0x06, 0x03, 0x0F, 0xF7, 0xF0, 0x60, 0x30, 0x00, 0xFF, 0xBF, 0x80, 0x73, 0xC6,
    0x66, 0x3C, 0x7B, 0xDC, 0xF1, 0xBC, 0x80, 0x4F, 0x40, 0xC2, 0xC3, 0xC3, 0xC3, 0xC3, 0xC3, 0xC7,
    0xEF, 0xFF, 0xD0, 0xC0, 0xC0, 0x3F, 0xBF, 0xDF, 0xFF, 0xFF, 0xFB, 0xFD, 0xFE, 0x3F, 0x07, 0x83,
    0xC1, 0xE2, 0xD1, 0xC0, 0x00, 0x6C, 0x26, 0xE4, 0x2F, 0xF3, 0x33, 0x00, 0x7B, 0xFC, 0xF3, 0xF8,
    0xC0, 0xCC, 0x6C, 0x76, 0x37, 0x36, 0x6E, 0xCC, 0x00, 0x20, 0x47, 0x0C, 0x71, 0x83, 0x18, 0x33,
    0x03, 0x60, 0x06, 0x60, 0xCE, 0x19, 0xE1, 0x9E, 0x31, 0xF3, 0x06, 0x00, 0x00, 0x20, 0xC7, 0x0C,
    0x71, 0x83, 0x38, 0x33, 0x03, 0x60, 0x0E, 0xE0, 0xDF, 0x18, 0x73, 0x86, 0x30, 0xC6, 0x1F, 0x00,
    0x00, 0x78, 0x63, 0xC7, 0x1C, 0x30, 0xF3, 0x01, 0xB8, 0x3D, 0x80, 0x98, 0x81, 0xCE, 0x0C, 0xF0,
    0xCF, 0x8E, 0x7C, 0x60, 0x40, 0x00, 0x00, 0x00, 0x1C, 0x0C, 0x00, 0x0C, 0x0C, 0x3C, 0x78, 0xE0,
    0xC0, 0xE0, 0x77, 0x3E, 0x18, 0x10, 0x03, 0x00, 0x30, 0x06, 0x00, 0xE0, 0x1C, 0x07, 0xC0, 0xD8,
    0x33, 0x06, 0x30, 0xFE, 0x3F, 0xE6, 0x0D, 0x81, 0xB0, 0x18, 0x00, 0x01, 0x00, 0xE0, 0x18, 0x06,
    0x00, 0xE0, 0x1C, 0x07, 0xC0, 0xD8, 0x33, 0x06, 0x30, 0xFE, 0x3F, 0xE6, 0x0D, 0x81, 0xB0, 0x18,
    0x00, 0x0C, 0x03, 0xC0, 0x6C, 0x06, 0x00, 0xE0, 0x1C, 0x07, 0xC0, 0xD8, 0x33, 0x06, 0x30, 0xFE,
    0x3F, 0xE6, 0x0D, 0x81, 0xB0, 0x18, 0x00, 0x1D, 0x07, 0xE0, 0x48, 0x06, 0x00, 0xE0, 0x1C, 0x07,
    0xC0, 0xD8, 0x33, 0x06, 0x30, 0xFE, 0x3F, 0xE6, 0x0D, 0x81, 0xB0, 0x18, 0x00, 0x1B, 0x03, 0x60,
    0x00, 0x06, 0x00, 0xE0, 0x1C, 0x07, 0xC0, 0xD8, 0x33, 0x06, 0x30, 0xFE, 0x3F, 0xE6, 0x0D, 0x81,
    0xB0, 0x18, 0x00, 0x04, 0x01, 0xC0, 0x6C, 0x07, 0x00, 0xE0, 0x1C, 0x07, 0xC0, 0xD8, 0x33, 0x06,
    0x30, 0xFE, 0x3F, 0xE6, 0x0D, 0x81, 0xB0, 0x18, 0x00, 0x01, 0xFE, 0x07, 0xFC, 0x0E, 0x00, 0x3C,
    0x00, 0xF8, 0x01, 0xBF, 0x86, 0x7F, 0x1C, 0xC0, 0x3F, 0x80, 0xFF, 0x03, 0x87, 0xF6, 0x0F, 0xF0,
    0x00, 0x00, 0x0F, 0xC7, 0xF8, 0xC1, 0x30, 0x06, 0x01, 0xC0, 0x38, 0x03, 0x00, 0x60, 0x0E, 0x00,
    0xFF, 0x0F, 0xE0, 0x60, 0x0C, 0x01, 0x00, 0x20, 0x30, 0x38, 0xFF, 0xFF, 0xC0, 0xC0, 0xC0, 0xFE,
    0xFE, 0xC0, 0xC0, 0xC0, 0xFF, 0xFF, 0x00, 0x0E, 0x0C, 0xFF, 0xFF, 0xC0, 0xC0, 0xC0, 0xFE, 0xFE,
    0xC0, 0xC0, 0xC0, 0xFF, 0xFF, 0x18, 0x3C, 0x36, 0xFF, 0xFF, 0xC0, 0xC0, 0xC0, 0xFE, 0xFE, 0xC0,
    0xC0, 0xC0, 0xFF, 0xFF, 0x36, 0x36, 0x00, 0xFF, 0xFF, 0xC0, 0xC0, 0xC0, 0xFE, 0xFE, 0xC0, 0xC0,
    0xC0, 0xFF, 0xFF, 0x4E, 0x73, 0x33, 0x33, 0x33, 0x33, 0x33, 0x30, 0x07, 0x6C, 0xCC, 0xCC, 0xCC,
    0xCC, 0xCC, 0xC0, 0x31, 0xE4, 0xCC, 0x30, 0xC3, 0x0C, 0x30, 0xC3, 0x0C, 0x30, 0xC3, 0x00, 0x6D,
    0xB0, 0x0C, 0x30, 0xC3, 0x0C, 0x30, 0xC3, 0x0C, 0x30, 0xC3, 0x00, 0x7F, 0x87, 0xFC, 0x60, 0xE6,
    0x06, 0x60, 0x6F, 0x07, 0xF8, 0x76, 0x06, 0x60, 0x66, 0x0E, 0x7F, 0xC7, 0xF8, 0x3F, 0x0F, 0xC2,
    0x23, 0x03, 0xE0, 0xFC, 0x3F, 0x0F, 0x63, 0xDC, 0xF3, 0xBC, 0x6F, 0x0F, 0xC3, 0xF0, 0x7C, 0x0C,
    0x08, 0x00, 0xC0, 0x06, 0x00, 0xF8, 0x3F, 0xE7, 0x0E, 0x60, 0x76, 0x03, 0xE0, 0x3E, 0x03, 0x60,
    0x36, 0x03, 0x70, 0x73, 0xFE, 0x1F, 0xC0, 0x20, 0x00, 0x80, 0x38, 0x03, 0x00, 0xF8, 0x3F, 0xE7,
    0x0E, 0x60, 0x76, 0x03, 0xE0, 0x3E, 0x03, 0x60, 0x36, 0x03, 0x70, 0x73, 0xFE, 0x1F, 0xC0, 0x20,
    0x06, 0x00, 0xF0, 0x0D, 0x80, 0xF8, 0x3F, 0xE7, 0x0E, 0x60, 0x76, 0x03, 0xE0, 0x3E, 0x03, 0x60,
    0x36, 0x03, 0x70, 0x73, 0xFE, 0x1F, 0xC0, 0x20, 0x0E, 0x81, 0xF8, 0x09, 0x00, 0xF8, 0x3F, 0xE7,
    0x0E, 0x60, 0x76, 0x03, 0xE0, 0x3E, 0x03, 0x60, 0x36, 0x03, 0x70, 0x73, 0xFE, 0x1F, 0xC0, 0x20,
    0x0D, 0x80, 0xD8, 0x00, 0x00, 0xF8, 0x3F, 0xE7, 0x0E, 0x60, 0x76, 0x03, 0xE0, 0x3E, 0x03, 0x60,
    0x36, 0x03, 0x70, 0x73, 0xFE, 0x1F, 0xC0, 0x20, 0x42, 0x66, 0x3C, 0x3C, 0x3C, 0x66, 0x42, 0x00,
    0x00, 0xFB, 0x3F, 0xE7, 0x0E, 0x61, 0xF6, 0x3B, 0xE3, 0x3E, 0x63, 0x6C, 0x37, 0xC3, 0x78, 0x73,
    0xFE, 0x7F, 0xC4, 0x20, 0x10, 0x0E, 0x01, 0xC3, 0x03, 0xC0, 0xF0, 0x3C, 0x0F, 0x03, 0xC0, 0xF0,
    0x3C, 0x0F, 0x03, 0xE1, 0x9F, 0xE3, 0xF0, 0x00, 0x02, 0x01, 0xC0, 0xE3, 0x03, 0xC0, 0xF0, 0x3C,
    0x0F, 0x03, 0xC0, 0xF0, 0x3C, 0x0F, 0x03, 0xE1, 0x9F, 0xE3, 0xF0, 0x00, 0x0C, 0x07, 0x83, 0x23,
    0x03, 0xC0, 0xF0, 0x3C, 0x0F, 0x03, 0xC0, 0xF0, 0x3C, 0x0F, 0x03, 0xE1, 0x9F, 0xE3, 0xF0, 0x00,
    0x12, 0x0F, 0xC0, 0x03, 0x03, 0xC0, 0xF0, 0x3C, 0x0F, 0x03, 0xC0, 0xF0, 0x3C, 0x0F, 0x03, 0xE1,
    0x9F, 0xE3, 0xF0, 0x00, 0x02, 0x01, 0xC0, 0xE3, 0x02, 0xE1, 0x98, 0xE3, 0x30, 0xF8, 0x1E, 0x03,
    0x00, 0xC0, 0x30, 0x0C, 0x03, 0x00, 0xC0, 0x40, 0x60, 0x30, 0x1F, 0xCF, 0xF6, 0x1B, 0x0F, 0x86,
    0xFF, 0x7F, 0x30, 0x18, 0x0C, 0x00, 0x04, 0x07, 0xC3, 0xB8, 0xC6, 0x73, 0xBD, 0xC7, 0x79, 0xC7,
    0x70, 0xDC, 0x37, 0x0D, 0xE7, 0x6F, 0x80, 0x80, 0x18, 0x0C, 0x03, 0x07, 0xF7, 0xFB, 0x0D, 0x87,
    0x83, 0xE1, 0xB0, 0xDD, 0xE7, 0xF0, 0x80, 0x02, 0x03, 0x03, 0x81, 0x83, 0xFB, 0xFD, 0x86, 0xC3,
    0xC1, 0xF0, 0xD8, 0x6E, 0xF3, 0xF8, 0x40, 0x00, 0x0F, 0x07, 0x80, 0x03, 0xFB, 0xFD, 0x86, 0xC3,
    0xC1, 0xF0, 0xD8, 0x6E, 0xF3, 0xF8, 0x40, 0x00, 0x1F, 0x8F, 0xC0, 0x03, 0xFB, 0xFD, 0x86, 0xC3,
    0xC1, 0xF0, 0xD8, 0x6E, 0xF3, 0xF8, 0x40, 0x12, 0x1F, 0x80, 0x07, 0xF7, 0xFB, 0x0D, 0x87, 0x83,
    0xE1, 0xB0, 0xDD, 0xE7, 0xF0, 0x80, 0x0C, 0x0F, 0x07, 0x81, 0x83, 0xFB, 0xFD, 0x86, 0xC3, 0xC1,
    0xF0, 0xD8, 0x6E, 0xF3, 0xF8, 0x40, 0x3E, 0xF8, 0xFF, 0xF9, 0x8E, 0x30, 0x7F, 0xF7, 0xFF, 0xEC,
    0x60, 0x38, 0xE0, 0x37, 0xEE, 0x7C, 0xFC, 0x20, 0x40, 0x1F, 0x3F, 0x98, 0x0C, 0x0C, 0x07, 0x01,
    0x80, 0xF6, 0x3F, 0x06, 0x06, 0x03, 0x00, 0x30, 0x0C, 0x03, 0x03, 0xC7, 0xF3, 0x1D, 0xFF, 0xFF,
    0xE0, 0x30, 0x1E, 0xE7, 0xE0, 0x40, 0x02, 0x03, 0x03, 0x01, 0x01, 0xE3, 0xF9, 0x8E, 0xFF, 0xFF,
    0xF0, 0x18, 0x0F, 0x73, 0xF0, 0x20, 0x00, 0x0E, 0x07, 0x80, 0x01, 0xE3, 0xF9, 0x8E, 0xFF, 0xFF,
    0xF0, 0x18, 0x0F, 0x73, 0xF0, 0x20, 0x36, 0x1B, 0x00, 0x03, 0xC7, 0xF3, 0x1D, 0xFF, 0xFF, 0xE0,
    0x30, 0x1E, 0xE7, 0xE0, 0x40, 0xC6, 0x33, 0x33, 0x33, 0x33, 0x33, 0x2F, 0x4D, 0xB6, 0xDB, 0x6C,
    0x03, 0x9E, 0x03, 0x18, 0xC6, 0x31, 0x8C, 0x63, 0x00, 0xDB, 0x60, 0x0C, 0x30, 0xC3, 0x0C, 0x30,
    0xC3, 0x0C, 0x10, 0x0E, 0x83, 0xE7, 0xE1, 0xF1, 0xFD, 0x8E, 0xC3, 0xC1, 0xF0, 0xD8, 0x6F, 0xE3,
    0xE0, 0x00, 0x00, 0x7E, 0x7E, 0x00, 0xFE, 0xFE, 0xC3, 0xC3, 0xC3, 0xC3, 0xC3, 0xC3, 0xC3, 0x18,
    0x07, 0x00, 0xC0, 0x7C, 0x3F, 0x98, 0x66, 0x0F, 0x03, 0xE0, 0xD8, 0x67, 0xB8, 0xFC, 0x04, 0x00,
    0x02, 0x01, 0x80, 0x60, 0x30, 0x1F, 0x0F, 0xE6, 0x19, 0x83, 0xC0, 0xF8, 0x36, 0x19, 0xEE, 0x3F,
    0x01, 0x00, 0x00, 0x03, 0x81, 0xE0, 0x00, 0x1F, 0x0F, 0xE6, 0x19, 0x83, 0xC0, 0xF8, 0x36, 0x19,
    0xEE, 0x3F, 0x01, 0x00, 0x00, 0x0F, 0xC3, 0xF0, 0x00, 0x1F, 0x0F, 0xE6, 0x19, 0x83, 0xC0, 0xF8,
    0x36, 0x19, 0xEE, 0x3F, 0x01, 0x00, 0x1B, 0x0F, 0xC0, 0x00, 0x7C, 0x3F, 0x98, 0x66, 0x0F, 0x03,
    0xE0, 0xD8, 0x67, 0xB8, 0xFC, 0x04, 0x00, 0x0C, 0x06, 0x03, 0x0F, 0xE7, 0xF8, 0x00, 0x30, 0x18,
    0x08, 0x00, 0x00, 0x07, 0xF3, 0xF9, 0x8E, 0x67, 0xF3, 0x3F, 0xCD, 0xE6, 0x7B, 0x9F, 0xC4, 0x40,
    0x60, 0x30, 0x18, 0xC3, 0xC3, 0xC3, 0xC3, 0xC3, 0xC3, 0xC7, 0xFE, 0x7E, 0x00, 0x04, 0x0C, 0x18,
    0x10, 0xC3, 0xC3, 0xC3, 0xC3, 0xC3, 0xC3, 0xC7, 0xFE, 0x7E, 0x00, 0x00, 0x38, 0x3C, 0x00, 0xC3,
    0xC3, 0xC3, 0xC3, 0xC3, 0xC3, 0xC7, 0xFE, 0x7E, 0x00, 0x6C, 0x6C, 0x00, 0xC3, 0xC3, 0xC3, 0xC3,
    0xC3, 0xC3, 0xC7, 0xFE, 0x7E, 0x00, 0x04, 0x0C, 0x18, 0x10, 0xC3, 0xC3, 0xC3, 0xC3, 0xC3, 0xC3,
    0xC7, 0xEF, 0x7F, 0x17, 0xCE, 0xFC, 0x38, 0x80, 0x60, 0x30, 0x18, 0x0F, 0xE7, 0xFB, 0x8D, 0x83,
    0xC1, 0xE0, 0xF0, 0xFE, 0xEF, 0xE6, 0x43, 0x01, 0x80, 0x80, 0x00, 0x6C, 0x6C, 0x00, 0xC3, 0xC3,
    0xC3, 0xC3, 0xC3, 0xC3, 0xC7, 0xEF, 0x7F, 0x17, 0xCE, 0xFC, 0x38, 0x1F, 0x03, 0xE0, 0x30, 0x07,
    0x00, 0xE0, 0x3E, 0x06, 0xC1, 0x98, 0x31, 0x87, 0xF1, 0xFF, 0x30, 0x6C, 0x0D, 0x80, 0xC0, 0x00,
    0x3F, 0x0F, 0x0F, 0xEF, 0xF6, 0x1B, 0x0F, 0x07, 0xC3, 0x61, 0xBB, 0xCF, 0xE1, 0x00, 0x11, 0x03,
    0xE0, 0x38, 0x00, 0x00, 0xC0, 0x1C, 0x03, 0x80, 0xF8, 0x1B, 0x06, 0x60, 0xC6, 0x1F, 0xC7, 0xFC,
    0xC1, 0xB0, 0x36, 0x03, 0x00, 0x00, 0x33, 0x1F, 0x07, 0x87, 0xF7, 0xFB, 0x0D, 0x87, 0x83, 0xE1,
    0xB0, 0xDD, 0xE7, 0xF0, 0x80, 0x0C, 0x01, 0xC0, 0x38, 0x0F, 0x81, 0xB0, 0x66, 0x0C, 0x61, 0xFC,
    0x7F, 0xCC, 0x1B, 0x03, 0x60, 0x70, 0x1C, 0x03, 0x40, 0x78, 0x06, 0x3F, 0x9F, 0xE6, 0x19, 0x86,
    0xC1, 0xB8, 0x66, 0x19, 0xDE, 0x3F, 0x82, 0xE0, 0x30, 0x0F, 0x01, 0x80, 0x00, 0x80, 0x70, 0x0C,
    0x07, 0xE3, 0xFC, 0x60, 0x98, 0x03, 0x00, 0xE0, 0x1C, 0x01, 0x80, 0x30, 0x07, 0x00, 0x7F, 0x87,
    0xF0, 0x10, 0x02, 0x03, 0x03, 0x81, 0x81, 0xF3, 0xF9, 0x80, 0xC0, 0xC0, 0x70, 0x18, 0x0F, 0x63,
    0xF0, 0x60, 0x06, 0x01, 0xE0, 0x36, 0x07, 0xE3, 0xFC, 0x60, 0x98, 0x03, 0x00, 0xE0, 0x1C, 0x01,
    0x80, 0x30, 0x07, 0x00, 0x7F, 0x87, 0xF0, 0x10, 0x00, 0x07, 0x07, 0x80, 0x01, 0xF3, 0xF9, 0x80,
    0xC0, 0xC0, 0x70, 0x18, 0x0F, 0x63, 0xF0, 0x60, 0x02, 0x00, 0xC0, 0x08, 0x07, 0xE3, 0xFC, 0x60,
    0x98, 0x03, 0x00, 0xE0, 0x1C, 0x01, 0x80, 0x30, 0x07, 0x00, 0x7F, 0x87, 0xF0, 0x10, 0x0C, 0x06,
    0x00, 0x03, 0xE7, 0xF3, 0x01, 0x81, 0x80, 0xE0, 0x30, 0x1E, 0xC7, 0xE0, 0xC0, 0x09, 0x81, 0xF0,
    0x1C, 0x07, 0xE3, 0xFC, 0x60, 0x98, 0x03, 0x00, 0xE0, 0x1C, 0x01, 0x80, 0x30, 0x07, 0x00, 0x7F,
    0x87, 0xF0, 0x10, 0x1E, 0x0F, 0x03, 0x03, 0xE7, 0xF3, 0x01, 0x81, 0x80, 0xE0, 0x30, 0x1E, 0xC7,
    0xE0, 0xC0, 0x26, 0x07, 0x80, 0x70, 0x7F, 0x8F, 0xF9, 0x83, 0xB0, 0x36, 0x06, 0xC0, 0xF8, 0x1F,
    0x03, 0x60, 0x6C, 0x1D, 0xFF, 0x3F, 0xC0, 0x00, 0xB0, 0x0F, 0x80, 0x6C, 0x03, 0xE3, 0xF8, 0x3F,
    0xC1, 0x86, 0x0C, 0x30, 0xC1, 0x87, 0x0C, 0x18, 0x60, 0xEF, 0x03, 0xF8, 0x04, 0x00, 0x7F, 0x87,
    0xFC, 0x60, 0xE6, 0x06, 0x60, 0x6F, 0x07, 0xF8, 0x76, 0x06, 0x60, 0x66, 0x0E, 0x7F, 0xC7, 0xF8,
    0x00, 0x80, 0x30, 0x0F, 0x01, 0xE3, 0xF8, 0xFF, 0x18, 0x63, 0x0C, 0xC1, 0x9C, 0x31, 0x86, 0x3B,
    0xC3, 0xF8, 0x10, 0x00, 0x7E, 0x7E, 0xFF, 0xFF, 0xC0, 0xC0, 0xC0, 0xFE, 0xFE, 0xC0, 0xC0, 0xC0,
    0xFF, 0xFF, 0x3F, 0x1F, 0x07, 0x8F, 0xE6, 0x3B, 0xFF, 0xFF, 0xC0, 0x60, 0x3D, 0xCF, 0xC0, 0x80,
    0x26, 0x3E, 0x3C, 0x00, 0xFF, 0xFF, 0xC0, 0xC0, 0xC0, 0xFE, 0xFE, 0xC0, 0xC0, 0xC0, 0xFF, 0xFF,
    0x32, 0x1F, 0x07, 0x83, 0xC7, 0xF3, 0x1D, 0xFF, 0xFF, 0xE0, 0x30, 0x1E, 0xE7, 0xE0, 0x40, 0x08,
    0x18, 0x08, 0xFF, 0xFF, 0xC0, 0xC0, 0xC0, 0xFE, 0xFE, 0xC0, 0xC0, 0xC0, 0xFF, 0xFF, 0x0C, 0x06,
    0x00, 0x03, 0xC7, 0xF3, 0x1D, 0xFF, 0xFF, 0xE0, 0x30, 0x1E, 0xE7, 0xE0, 0x40, 0xFF, 0xFF, 0xC0,
    0xC0, 0xC0, 0xFE, 0xFE, 0xC0, 0xC0, 0xC0, 0xFF, 0xFF, 0x0E, 0x0D, 0x0F, 0x06, 0x1E, 0x3F, 0x98,
    0xEF, 0xFF, 0xFF, 0x01, 0x80, 0xF7, 0x3F, 0x03, 0x01, 0x80, 0xF0, 0x30, 0x26, 0x3E, 0x1C, 0xFF,
    0xFF, 0xC0, 0xC0, 0xC0, 0xFE, 0xFE, 0xC0, 0xC0, 0xC0, 0xFF, 0xFF, 0x36, 0x0F, 0x03, 0x03, 0xC7,
    0xF3, 0x1D, 0xFF, 0xFF, 0xE0, 0x30, 0x1E, 0xE7, 0xE0, 0x40, 0x06, 0x01, 0xE0, 0x36, 0x07, 0xE3,
    0xFC, 0x70, 0x18, 0x03, 0x00, 0xE0, 0x1C, 0x7D, 0x87, 0xB0, 0x37, 0x06, 0x7F, 0xC7, 0xF0, 0x10,
    0x00, 0x03, 0x81, 0xF0, 0x00, 0x1E, 0x9F, 0xF6, 0x1D, 0x87, 0xC0, 0xF8, 0x36, 0x1D, 0xEF, 0x3F,
    0xC2, 0x63, 0x38, 0xFC, 0x0C, 0x00, 0x08, 0x81, 0xF0, 0x1C, 0x00, 0x00, 0xFC, 0x7F, 0x8E, 0x03,
    0x00, 0x60, 0x1C, 0x03, 0x8F, 0xB0, 0xF6, 0x06, 0xE0, 0xCF, 0xF8, 0xFE, 0x02, 0x00, 0x13, 0x07,
    0xC1, 0xE0, 0x7A, 0x7F, 0xD8, 0x76, 0x1F, 0x03, 0xE0, 0xD8, 0x77, 0xBC, 0xFF, 0x09, 0x8C, 0xE3,
    0xF0, 0x30, 0x02, 0x00, 0xE0, 0x08, 0x07, 0xE3, 0xFC, 0x70, 0x18, 0x03, 0x00, 0xE0, 0x1C, 0x7D,
    0x87, 0xB0, 0x37, 0x06, 0x7F, 0xC7, 0xF0, 0x10, 0x0C, 0x03, 0x00, 0x00, 0x7A, 0x7F, 0xD8, 0x76,
    0x1F, 0x03, 0xE0, 0xD8, 0x77, 0xBC, 0xFF, 0x09, 0x8C, 0xE3, 0xF0, 0x30, 0x0F, 0xC7, 0xF8, 0xE0,
    0x30, 0x06, 0x01, 0xC0, 0x38, 0xFB, 0x0F, 0x60, 0x6E, 0x0C, 0xFF, 0x8F, 0xE0, 0x30, 0x0E, 0x01,
    0xC0, 0x00, 0x00, 0x03, 0x80, 0xC0, 0x38, 0x04, 0x07, 0xA7, 0xFD, 0x87, 0x61, 0xF0, 0x3E, 0x0D,
    0x87, 0x7B, 0xCF, 0xF0, 0x98, 0xCE, 0x3F, 0x03, 0x00, 0x0C, 0x07, 0x81, 0x23, 0x03, 0xC0, 0xF0,
    0x3C, 0x0F, 0x03, 0xFF, 0xFF, 0xFC, 0x0F, 0x03, 0xC0, 0xF0, 0x3C, 0x0C, 0x30, 0x1E, 0x0C, 0x80,
    0x80, 0x30, 0x0C, 0x03, 0x00, 0xFC, 0x3F, 0x8C, 0x73, 0x0C, 0xC3, 0x30, 0xCC, 0x33, 0x0C, 0xC3,
    0x60, 0x66, 0x06, 0xFF, 0xEF, 0xFF, 0x60, 0x67, 0xFE, 0x7F, 0xE6, 0x06, 0x60, 0x66, 0x06, 0x60,
    0x66, 0x06, 0x40, 0x30, 0x3C, 0x1E, 0x07, 0xE3, 0xF9, 0x8E, 0xC3, 0x61, 0xB0, 0xD8, 0x6C, 0x36,
    0x18, 0x77, 0xF0, 0x8C, 0x30, 0xC3, 0x0C, 0x30, 0xC3, 0x0C, 0x30, 0xC3, 0x00, 0x03, 0xFF, 0xC0,
    0x30, 0xC3, 0x0C, 0x30, 0xC3, 0x0C, 0x30, 0xFF, 0xF3, 0x0C, 0x30, 0xC3, 0x0C, 0x30, 0xC3, 0x0C,
    0x30, 0xC0, 0xFF, 0xE3, 0x0C, 0x30, 0xC3, 0x0C, 0x30, 0xC3, 0x00, 0x4D, 0xF7, 0x80, 0x30, 0xC3,
    0x0C, 0x30, 0xC3, 0x0C, 0x30, 0xC3, 0x0C, 0xCB, 0xE7, 0x8C, 0x30, 0xC3, 0x0C, 0x30, 0xC3, 0x0C,
    0x31, 0x8C, 0x63, 0x18, 0xC6, 0x31, 0x8C, 0x66, 0x29, 0xC4, 0x31, 0x80, 0x63, 0x18, 0xC6, 0x31,
    0x8C, 0x66, 0x69, 0xC4, 0x77, 0xFF, 0xFF, 0xFC, 0xFF, 0xFF, 0xC0, 0xC3, 0xC3, 0xC3, 0xC3, 0xC3,
    0xC3, 0xC3, 0xC3, 0x03, 0xC7, 0xFE, 0x7C, 0x10, 0xCB, 0x70, 0x32, 0xCF, 0x3C, 0xF3, 0xCF, 0x3C,
    0xF3, 0x1C, 0x63, 0x8C, 0x03, 0x01, 0xE0, 0x6C, 0x0C, 0x03, 0x00, 0xC0, 0x30, 0x0C, 0x03, 0x00,
    0xC0, 0x30, 0x0C, 0x63, 0x1F, 0xC3, 0xE0, 0x20, 0x00, 0xE7, 0x80, 0x30, 0xC3, 0x0C, 0x30, 0xC3,
    0x0C, 0x30, 0xC7, 0x3C, 0x40, 0xC0, 0xB0, 0x6C, 0x33, 0x18, 0xDC, 0x3F, 0x0F, 0xC3, 0xB8, 0xC7,
    0x30, 0xEC, 0x1B, 0x03, 0x08, 0x07, 0x01, 0xC0, 0x00, 0xC0, 0xC0, 0xC0, 0xC0, 0xC2, 0xCE, 0xDC,
    0xF8, 0xF8, 0xFC, 0xCC, 0xC6, 0xC3, 0x10, 0x38, 0x18, 0x30, 0x00, 0xC2, 0xCE, 0xDC, 0xF8, 0xF8,
    0xFC, 0xCC, 0xC6, 0xC3, 0x20, 0x70, 0xE0, 0xC0, 0xC0, 0xC0, 0xC0, 0xC0, 0xC0, 0xC0, 0xC0, 0xC0,
    0xC0, 0xFE, 0xFF, 0x27, 0xEC, 0xCC, 0xCC, 0xCC, 0xCC, 0xCC, 0xCC, 0xC0, 0xC0, 0xC0, 0xC0, 0xC0,
    0xC0, 0xC0, 0xC0, 0xC0, 0xC0, 0xFE, 0xFF, 0x18, 0x18, 0x18, 0x00, 0x66, 0x66, 0x66, 0x66, 0x66,
    0x66, 0x66, 0xE6, 0x60, 0x0C, 0xDC, 0xCC, 0xCC, 0xC0, 0xC0, 0xC0, 0xC0, 0xC0, 0xC0, 0xC0, 0xFE,
    0xFF, 0xF7, 0xF7, 0xEC, 0x63, 0x18, 0xC6, 0x31, 0x8C, 0x00, 0xC0, 0xC0, 0xC0, 0xC0, 0xC0, 0xC6,
    0xC6, 0xC0, 0xC0, 0xC0, 0xFE, 0xFF, 0xC6, 0x31, 0x8C, 0x63, 0x7B, 0xC6, 0x31, 0x8C, 0x00, 0x30,
    0x0C, 0x03, 0x00, 0xC0, 0x3C, 0x1E, 0x0F, 0x00, 0xC0, 0x30, 0x0C, 0x03, 0xF8, 0xFF, 0x30, 0xC3,
    0x0C, 0x30, 0xF7, 0x9C, 0x30, 0xC3, 0x0C, 0x30, 0x00, 0x01, 0xC0, 0xE3, 0x03, 0xE0, 0xFC, 0x3F,
    0x0F, 0x63, 0xDC, 0xF3, 0xBC, 0x6F, 0x0F, 0xC3, 0xF0, 0x7C, 0x0C, 0x04, 0x0C, 0x1C, 0x18, 0xFE,
    0xFE, 0xC3, 0xC3, 0xC3, 0xC3, 0xC3, 0xC3, 0xC3, 0xC0, 0xF8, 0x3F, 0x0F, 0xC3, 0xD8, 0xF7, 0x3C,
    0xEF, 0x1B, 0xC3, 0xF0, 0xFC, 0x1F, 0x03, 0x0C, 0x03, 0x80, 0xC0, 0x00, 0xFE, 0xFE, 0xC3, 0xC3,
    0xC3, 0xC3, 0xC3, 0xC3, 0xC3, 0x10, 0x38, 0x18, 0x38, 0x00, 0x12, 0x07, 0x80, 0xC3, 0x03, 0xE0,
    0xFC, 0x3F, 0x0F, 0x63, 0xDC, 0xF3, 0xBC, 0x6F, 0x0F, 0xC3, 0xF0, 0x7C, 0x0C, 0x34, 0x3C, 0x18,
    0xFE, 0xFE, 0xC3, 0xC3, 0xC3, 0xC3, 0xC3, 0xC3, 0xC3, 0x60, 0x38, 0x0C, 0x03, 0x5E, 0xFF, 0xCE,
    0x33, 0x0C, 0xC3, 0x30, 0xCC, 0x33, 0x0C, 0xC3, 0xC0, 0x5C, 0x1B, 0xC3, 0x78, 0x6D, 0x8D, 0xB9,
    0xB3, 0xB6, 0x3E, 0xC3, 0xD8, 0x3B, 0x07, 0x60, 0x60, 0x0C, 0x01, 0x80, 0xF0, 0x08, 0xFE, 0xFE,
    0xC3, 0xC3, 0xC3, 0xC3, 0xC3, 0xC3, 0xC3, 0x03, 0x07, 0x0E, 0x0C, 0x0F, 0x80, 0xF8, 0x0F, 0x83,
    0xFE, 0x70, 0xE6, 0x07, 0x60, 0x3E, 0x03, 0xE0, 0x36, 0x03, 0x60, 0x37, 0x07, 0x3F, 0xE1, 0xFC,
    0x02, 0x00, 0x3F, 0x07, 0xC1, 0xF0, 0xFE, 0x61, 0x98, 0x3C, 0x0F, 0x83, 0x61, 0x9E, 0xE3, 0xF0,
    0x10, 0x08, 0x80, 0xF8, 0x07, 0x00, 0x00, 0x0F, 0x83, 0xFE, 0x70, 0xE6, 0x07, 0x60, 0x3E, 0x03,
    0xE0, 0x36, 0x03, 0x60, 0x37, 0x07, 0x3F, 0xE1, 0xFC, 0x02, 0x00, 0x33, 0x07, 0xC1, 0xE0, 0x7C,
    0x3F, 0x98, 0x66, 0x0F, 0x03, 0xE0, 0xD8, 0x67, 0xB8, 0xFC, 0x04, 0x00, 0x06, 0xC0, 0x7C, 0x0D,
    0x80, 0x00, 0x0F, 0x83, 0xFE, 0x70, 0xE6, 0x07, 0x60, 0x3E, 0x03, 0xE0, 0x36, 0x03, 0x60, 0x37,
    0x07, 0x3F, 0xE1, 0xFC, 0x02, 0x00, 0x00, 0x03, 0xC1, 0xB0, 0x48, 0x1F, 0x0F, 0xE6, 0x19, 0x83,
    0xC0, 0xF8, 0x36, 0x19, 0xEE, 0x3F, 0x01, 0x00, 0x1F, 0xFF, 0x3F, 0xFF, 0x70, 0xC0, 0x60, 0xC0,
    0x60, 0xC0, 0xE0, 0xFE, 0xC0, 0xFE, 0xE0, 0xC0, 0x60, 0xC0, 0x70, 0xC0, 0x3F, 0xFE, 0x1F, 0xFF,
    0x1F, 0x3C, 0x1F, 0xFF, 0x98, 0x70, 0xCC, 0x1F, 0xEC, 0x0F, 0xF7, 0x06, 0x01, 0x87, 0x00, 0xF7,
    0xEE, 0x3F, 0x7E, 0x02, 0x04, 0x00, 0x02, 0x01, 0x80, 0xC3, 0xFC, 0xFF, 0xB0, 0x6C, 0x1B, 0x06,
    0xC3, 0xBF, 0xCF, 0xFB, 0x06, 0xC1, 0xB0, 0x6C, 0x0C, 0x10, 0xE3, 0x08, 0xFF, 0xFE, 0x30, 0xC3,
    0x0C, 0x30, 0xC0, 0xFF, 0x3F, 0xEC, 0x1B, 0x06, 0xC1, 0xB0, 0xEF, 0xF3, 0xFE, 0xC1, 0xB0, 0x6C,
    0x1B, 0x03, 0x08, 0x07, 0x01, 0xC0, 0x00, 0x7E, 0xFD, 0xC3, 0x06, 0x0C, 0x18, 0x30, 0x60, 0x83,
    0x83, 0x0E, 0x00, 0x00, 0x22, 0x0F, 0x81, 0xC3, 0xFC, 0xFF, 0xB0, 0x6C, 0x1B, 0x06, 0xC3, 0xBF,
    0xCF, 0xFB, 0x06, 0xC1, 0xB0, 0x6C, 0x0C, 0xD9, 0xC2, 0x3F, 0xFF, 0x8C, 0x30, 0xC3, 0x0C, 0x30,
    0x02, 0x03, 0x83, 0x87, 0xE7, 0xFB, 0x0D, 0x80, 0xE0, 0x7C, 0x0F, 0x80, 0xE0, 0x3C, 0x1F, 0xFD,
    0xFC, 0x10, 0x04, 0x0C, 0x1C, 0x18, 0x3C, 0x7E, 0x62, 0x70, 0x7C, 0x0E, 0x43, 0xE6, 0x7E, 0x08,
    0x0C, 0x0F, 0x0D, 0x87, 0xE7, 0xFB, 0x0D, 0x80, 0xE0, 0x7C, 0x0F, 0x80, 0xE0, 0x3C, 0x1F, 0xFD,
    0xFC, 0x10, 0x00, 0x3C, 0x3C, 0x00, 0x3C, 0x7E, 0x62, 0x70, 0x7C, 0x0E, 0x43, 0xE6, 0x7E, 0x08,
    0x3F, 0x3F, 0xD8, 0x6C, 0x07, 0x03, 0xE0, 0x7C, 0x07, 0x01, 0xE0, 0xFF, 0xEF, 0xE1, 0xC0, 0xC0,
    0x40, 0x3C, 0x7E, 0x62, 0x70, 0x7C, 0x0E, 0x43, 0xE6, 0x7E, 0x18, 0x18, 0x10, 0x32, 0x0F, 0x07,
    0x07, 0xE7, 0xFB, 0x0D, 0x80, 0xE0, 0x7C, 0x0F, 0x80, 0xE0, 0x3C, 0x1F, 0xFD, 0xFC, 0x10, 0x3C,
    0x3C, 0x18, 0x3C, 0x7E, 0x62, 0x70, 0x7C, 0x0E, 0x43, 0xE6, 0x7E, 0x08, 0xFF, 0xFF, 0xF0, 0xC0,
    0x30, 0x0C, 0x03, 0x00, 0xC0, 0x30, 0x0C, 0x03, 0x00, 0xC0, 0x30, 0x0C, 0x06, 0x01, 0x80, 0x30,
    0xCF, 0xFF, 0x30, 0xC3, 0x0C, 0x30, 0xE3, 0x86, 0x30, 0xC0, 0x12, 0x07, 0x80, 0xC3, 0xFF, 0xFF,
    0xC3, 0x00, 0xC0, 0x30, 0x0C, 0x03, 0x00, 0xC0, 0x30, 0x0C, 0x03, 0x00, 0xC0, 0x0C, 0x1C, 0x19,
    0xE3, 0x1F, 0xBF, 0x18, 0x30, 0x60, 0xC1, 0x83, 0x87, 0x00, 0xFF, 0xFF, 0xF0, 0xC0, 0x30, 0x0C,
    0x07, 0x81, 0xF0, 0x30, 0x0C, 0x03, 0x00, 0xC0, 0x30, 0x30, 0xCF, 0xFF, 0x30, 0xC7, 0x9E, 0x30,
    0xE3, 0x80, 0x3B, 0x0F, 0xC2, 0x23, 0x03, 0xC0, 0xF0, 0x3C, 0x0F, 0x03, 0xC0, 0xF0, 0x3C, 0x0F,
    0x03, 0xE1, 0x9F, 0xE3, 0xF0, 0x00, 0x00, 0x7E, 0x7E, 0x00, 0xC3, 0xC3, 0xC3, 0xC3, 0xC3, 0xC3,
    0xC7, 0xFE, 0x7E, 0x00, 0x3F, 0x0F, 0xCC, 0x0F, 0x03, 0xC0, 0xF0, 0x3C, 0x0F, 0x03, 0xC0, 0xF0,
    0x3C, 0x0F, 0x86, 0x7F, 0x8F, 0xC0, 0x00, 0x7E, 0x7C, 0xC3, 0xC3, 0xC3, 0xC3, 0xC3, 0xC3, 0xC7,
    0xFE, 0x7E, 0x00, 0x33, 0x0F, 0xC1, 0xE0, 0x00, 0xC0, 0xF0, 0x3C, 0x0F, 0x03, 0xC0, 0xF0, 0x3C,
    0x0F, 0x03, 0xC0, 0xF8, 0x67, 0xF8, 0xFC, 0x00, 0x00, 0x64, 0x7C, 0x3C, 0xC3, 0xC3, 0xC3, 0xC3,
    0xC3, 0xC3, 0xC7, 0xFE, 0x7E, 0x00, 0x1C, 0x07, 0x81, 0xE0, 0x30, 0xC0, 0xF0, 0x3C, 0x0F, 0x03,
    0xC0, 0xF0, 0x3C, 0x0F, 0x03, 0xC0, 0xF8, 0x67, 0xF8, 0xFC, 0x00, 0x00, 0x38, 0x3C, 0x3C, 0x38,
    0xC3, 0xC3, 0xC3, 0xC3, 0xC3, 0xC3, 0xC7, 0xFE, 0x7E, 0x00, 0x09, 0x07, 0xC1, 0xE0, 0x00, 0xC0,
    0xF0, 0x3C, 0x0F, 0x03, 0xC0, 0xF0, 0x3C, 0x0F, 0x03, 0xC0, 0xF8, 0x67, 0xF8, 0xFC, 0x00, 0x00,
    0x00, 0x36, 0x3E, 0x28, 0xC3, 0xC3, 0xC3, 0xC3, 0xC3, 0xC3, 0xC7, 0xFE, 0x7E, 0x00, 0xC0, 0xF0,
    0x3C, 0x0F, 0x03, 0xC0, 0xF0, 0x3C, 0x0F, 0x03, 0xC0, 0xF8, 0x67, 0xF8, 0xFC, 0x0C, 0x03, 0x40,
    0xF0, 0x08, 0xC3, 0xC3, 0xC3, 0xC3, 0xC3, 0xC3, 0xC7, 0xFE, 0x7E, 0x18, 0x1A, 0x1E, 0x04, 0x01,
    0x80, 0x03, 0xC0, 0x02, 0x40, 0xC0, 0x03, 0xC0, 0x03, 0x60, 0x06, 0x61, 0x86, 0x63, 0xC6, 0x33,
    0xCC, 0x33, 0xCC, 0x36, 0x6C, 0x1E, 0x78, 0x1E, 0x78, 0x1C, 0x38, 0x0C, 0x30, 0x00, 0x00, 0x38,
    0x03, 0xE0, 0x00, 0x0C, 0x03, 0x71, 0x19, 0x98, 0xCC, 0xEE, 0x7F, 0x61, 0xEF, 0x0F, 0x78, 0x73,
    0x81, 0x8C, 0x00, 0x00, 0x0C, 0x07, 0x83, 0x63, 0x02, 0xE1, 0x98, 0xE3, 0x30, 0xF8, 0x1E, 0x03,
    0x00, 0xC0, 0x30, 0x0C, 0x03, 0x00, 0xC0, 0x00, 0x38, 0x3C, 0x00, 0xC3, 0xC3, 0xC3, 0xC3, 0xC3,
    0xC3, 0xC7, 0xEF, 0x7F, 0x17, 0xCE, 0xFC, 0x38, 0x36, 0x0D, 0x80, 0x03, 0x02, 0xE1, 0x98, 0xE3,
    0x30, 0xF8, 0x1E, 0x03, 0x00, 0xC0, 0x30, 0x0C, 0x03, 0x00, 0xC0, 0x01, 0x00, 0xE0, 0x18, 0x3F,
    0xE7, 0xFC, 0x03, 0x80, 0xE0, 0x38, 0x06, 0x01, 0x80, 0x70, 0x1C, 0x03, 0x00, 0xFF, 0x9F, 0xF0,
    0x04, 0x0C, 0x0C, 0x08, 0x7F, 0x7F, 0x0E, 0x0C, 0x18, 0x38, 0x70, 0x7E, 0xFF, 0x04, 0x01, 0xC0,
    0x10, 0x3F, 0xE7, 0xFC, 0x03, 0x80, 0xE0, 0x38, 0x06, 0x01, 0x80, 0x70, 0x1C, 0x03, 0x00, 0xFF,
    0x9F, 0xF0, 0x18, 0x18, 0x00, 0x7F, 0x7F, 0x0E, 0x0C, 0x18, 0x38, 0x70, 0x7E, 0xFF, 0x11, 0x03,
    0xE0, 0x38, 0x3F, 0xE7, 0xFC, 0x03, 0x80, 0xE0, 0x38, 0x06, 0x01, 0x80, 0x70, 0x1C, 0x03, 0x00,
    0xFF, 0x9F, 0xF0, 0x36, 0x3C, 0x18, 0x7F, 0x7F, 0x0E, 0x0C, 0x18, 0x38, 0x70, 0x7E, 0xFF, 0x00,
    0x40, 0x06, 0x0F, 0xC3, 0xFE, 0x70, 0xE6, 0x07, 0x60, 0x3E, 0x03, 0xE0, 0x36, 0x03, 0x60, 0x37,
    0x07, 0x3F, 0xE1, 0xFC, 0x02, 0x00, 0x00, 0x80, 0x31, 0xF8, 0xFE, 0x61, 0x98, 0x3C, 0x0F, 0x83,
    0x61, 0x9E, 0xE3, 0xF0, 0x10, 0x00, 0x20, 0x03, 0xC0, 0xEC, 0x0E, 0xC0, 0xCC, 0x0C, 0xC0, 0xCC,
    0x0C, 0xC0, 0xCC, 0x0C, 0xC0, 0xCE, 0x18, 0x7F, 0x83, 0xF0, 0x00, 0x00, 0x00, 0x80, 0x3C, 0x3B,
    0x0E, 0xC3, 0x30, 0xCC, 0x33, 0x0C, 0xC7, 0x3F, 0x87, 0xE0, 0x00, 0x00, 0x02, 0x60, 0x00, 0x0F,
    0x80, 0x00, 0x1C, 0x3F, 0xC3, 0xFE, 0xFF, 0x8F, 0xFB, 0x07, 0x00, 0xCC, 0x0C, 0x07, 0x30, 0x30,
    0x38, 0xC0, 0xE0, 0xC3, 0x03, 0x86, 0x0C, 0x0C, 0x38, 0x30, 0x31, 0xC0, 0xC1, 0xC6, 0x03, 0xFE,
    0x3F, 0xEF, 0xF1, 0xFF, 0x80, 0xFF, 0x06, 0xDF, 0xF0, 0xF3, 0x07, 0x0C, 0x60, 0x67, 0xFC, 0x0C,
    0xFF, 0x81, 0xC3, 0xB0, 0x38, 0x66, 0x06, 0x18, 0xC0, 0xC7, 0x18, 0x39, 0xC3, 0xFE, 0x3F, 0x7F,
    0x8F, 0xF0, 0x00, 0x80, 0x00, 0x63, 0x60, 0x18, 0x70, 0x06, 0x08, 0x3F, 0x9F, 0xDF, 0xE7, 0xF6,
    0x18, 0x19, 0x86, 0x0C, 0xC1, 0x87, 0x38, 0x63, 0x86, 0x18, 0xC1, 0xDE, 0x7E, 0x3F, 0x9F, 0xC2,
    0x00, 0x00, 0xC0, 0x03, 0xC0, 0x03, 0xC0, 0x03, 0xC0, 0x03, 0xC0, 0x03, 0xC0, 0x03, 0xC0, 0x03,
    0xC0, 0x03, 0xC0, 0x03, 0xC0, 0x63, 0xFE, 0x7F, 0xFF, 0x3E, 0x00, 0x08, 0xC0, 0x78, 0x0F, 0x00,
    0x60, 0x3C, 0x07, 0x80, 0xF0, 0x1E, 0x03, 0xC0, 0x78, 0x0F, 0xF9, 0xFF, 0xB0, 0x06, 0x01, 0xC0,
    0x78, 0x04, 0xC3, 0x3C, 0xF0, 0xCF, 0x3C, 0xF3, 0xCF, 0x3C, 0xF3, 0xCC, 0x31, 0xCE, 0x10, 0xC0,
    0xC0, 0x2E, 0x0C, 0x07, 0xF0, 0xC0, 0x7F, 0x0C, 0x07, 0xD8, 0xC0, 0x7D, 0xCC, 0x07, 0xCE, 0xC0,
    0x7C, 0x6C, 0x07, 0xC3, 0xC0, 0x7C, 0x3C, 0xC6, 0xC1, 0xCF, 0xEC, 0x0C, 0x7C, 0x00, 0x01, 0x00,
    0xC0, 0xCD, 0xC1, 0x9B, 0xC3, 0x07, 0x86, 0x6D, 0x8C, 0xDB, 0x99, 0xB3, 0xB3, 0x63, 0x66, 0xC3,
    0xCD, 0x87, 0x9B, 0x07, 0x36, 0x06, 0x60, 0x00, 0xC0, 0x01, 0x80, 0x07, 0x00, 0x08, 0x00, 0x30,
    0x03, 0x00, 0x0F, 0xE3, 0xFE, 0x3C, 0x33, 0xC3, 0x3C, 0x33, 0xC3, 0x3C, 0x33, 0xC3, 0x3C, 0x33,
    0x00, 0x30, 0x07, 0x00, 0xE0, 0x04, 0x11, 0x03, 0xE0, 0x38, 0x06, 0x00, 0xE0, 0x1C, 0x07, 0xC0,
    0xD8, 0x33, 0x06, 0x30, 0xFE, 0x3F, 0xE6, 0x0D, 0x81, 0xB0, 0x18, 0x00, 0x1E, 0x0F, 0x03, 0x07,
    0xF7, 0xFB, 0x0D, 0x87, 0x83, 0xE1, 0xB0, 0xDD, 0xE7, 0xF0, 0x80, 0x4D, 0xE3, 0x8C, 0x30, 0xC3,
    0x0C, 0x30, 0xC3, 0x0C, 0x30, 0xC3, 0x00, 0xDB, 0xCC, 0x63, 0x18, 0xC6, 0x31, 0x8C, 0x60, 0x08,
    0x80, 0xF8, 0x07, 0x00, 0xF8, 0x3F, 0xE7, 0x0E, 0x60, 0x76, 0x03, 0xE0, 0x3E, 0x03, 0x60, 0x36,
    0x03, 0x70, 0x73, 0xFE, 0x1F, 0xC0, 0x20, 0x1A, 0x07, 0x80, 0xC0, 0x7C, 0x3F, 0x98, 0x66, 0x0F,
    0x03, 0xE0, 0xD8, 0x67, 0xB8, 0xFC, 0x04, 0x00, 0x12, 0x07, 0x80, 0xC3, 0x03, 0xC0, 0xF0, 0x3C,
    0x0F, 0x03, 0xC0, 0xF0, 0x3C, 0x0F, 0x03, 0xE1, 0x9F, 0xE3, 0xF0, 0x00, 0x6C, 0x3C, 0x18, 0xC3,
    0xC3, 0xC3, 0xC3, 0xC3, 0xC3, 0xC7, 0xFE, 0x7E, 0x00, 0x08, 0x81, 0xF0, 0x1C, 0x07, 0xE3, 0xFC,
    0x70, 0x18, 0x03, 0x00, 0xE0, 0x1C, 0x7D, 0x87, 0xB0, 0x37, 0x06, 0x7F, 0xC7, 0xF0, 0x10, 0x1B,
    0x07, 0x80, 0xC0, 0x7A, 0x7F, 0xD8, 0x76, 0x1F, 0x03, 0xE0, 0xD8, 0x77, 0xBC, 0xFF, 0x09, 0x8C,
    0xE3, 0xF0, 0x30, 0x0F, 0x83, 0xFE, 0x70, 0xE6, 0x07, 0x60, 0x3E, 0x03, 0xE0, 0x36, 0x03, 0x60,
    0x37, 0x07, 0x3F, 0xE1, 0xFC, 0x07, 0x00, 0x60, 0x07, 0x80, 0x30, 0x1E, 0x1F, 0xE6, 0x1B, 0x87,
    0xC0, 0xF8, 0x36, 0x19, 0xEE, 0x3F, 0x03, 0x00, 0xC0, 0x3C, 0x06, 0x00, 0xFF, 0x00, 0x1F, 0xF0,
    0x03, 0x07, 0x00, 0x60, 0x67, 0xFC, 0x0C, 0xFD, 0x81, 0xC3, 0xB0, 0x38, 0x66, 0x06, 0x18, 0xC0,
    0xC7, 0x18, 0x39, 0xC3, 0xFE, 0x3F, 0x7F, 0x8F, 0xF0, 0x01, 0x00, 0xE0, 0x18, 0x02, 0x00, 0xE0,
    0x36, 0x03, 0x80, 0x70, 0x0E, 0x03, 0xE0, 0x6C, 0x19, 0x83, 0x18, 0x7F, 0x1F, 0xF3, 0x06, 0xC0,
    0xD8, 0x0C, 0x00, 0x00, 0x00, 0x03, 0x83, 0x81, 0xC1, 0xE0, 0xF0, 0x38, 0x7F, 0x7F, 0xB0, 0xD8,
    0x78, 0x3E, 0x1B, 0x0D, 0xDE, 0x7F, 0x08, 0x00, 0x00, 0x00, 0x00, 0x70, 0x00, 0xC0, 0x0F, 0xF0,
    0x3F, 0xE0, 0x70, 0x01, 0xE0, 0x07, 0xC0, 0x0D, 0xFC, 0x33, 0xF8, 0xE6, 0x01, 0xFC, 0x07, 0xF8,
    0x1C, 0x3F, 0xB0, 0x7F, 0x80, 0x00, 0x00, 0x80, 0x03, 0x80, 0x06, 0x00, 0x08, 0x03, 0xEF, 0x8F,
    0xFF, 0x98, 0xE3, 0x07, 0xFF, 0x7F, 0xFE, 0xC6, 0x03, 0x8E, 0x03, 0x7E, 0xE7, 0xCF, 0xC2, 0x04,
    0x00, 0x00, 0x00, 0x38, 0x07, 0x00, 0xFB, 0x3F, 0xE7, 0x0E, 0x61, 0xF6, 0x3B, 0xE3, 0x3E, 0x63,
    0x6C, 0x37, 0xC3, 0x78, 0x73, 0xFE, 0x7F, 0xC4, 0x20, 0x02, 0x01, 0x80, 0x60, 0x30, 0x1F, 0xCF,
    0xE6, 0x39, 0x9F, 0xCC, 0xFF, 0x37, 0x99, 0xEE, 0x7F, 0x11, 0x00, 0x36, 0x07, 0xE0, 0x24, 0x06,
    0x00, 0xE0, 0x1C, 0x07, 0xC0, 0xD8, 0x33, 0x06, 0x30, 0xFE, 0x3F, 0xE6, 0x0D, 0x81, 0xB0, 0x18,
    0x00, 0x00, 0x1E, 0x0F, 0x83, 0x43, 0xFB, 0xFD, 0x86, 0xC3, 0xC1, 0xF0, 0xD8, 0x6E, 0xF3, 0xF8,
    0x40, 0x0E, 0x03, 0xE0, 0x44, 0x06, 0x00, 0xE0, 0x1C, 0x07, 0xC0, 0xD8, 0x33, 0x06, 0x30, 0xFE,
    0x3F, 0xE6, 0x0D, 0x81, 0xB0, 0x18, 0x00, 0x0C, 0x0F, 0x0C, 0xC0, 0x03, 0xFB, 0xFD, 0x86, 0xC3,
    0xC1, 0xF0, 0xD8, 0x6E, 0xF3, 0xF8, 0x40, 0xFC, 0x7E, 0x36, 0xFF, 0xFF, 0xC0, 0xC0, 0xC0, 0xFE,
    0xFE, 0xC0, 0xC0, 0xC0, 0xFF, 0xFF, 0x00, 0x3E, 0x0F, 0x82, 0x41, 0xE3, 0xF9, 0x8E, 0xFF, 0xFF,
    0xF0, 0x18, 0x0F, 0x73, 0xF0, 0x20, 0x3C, 0x3E, 0x26, 0xFF, 0xFF, 0xC0, 0xC0, 0xC0, 0xFE, 0xFE,
    0xC0, 0xC0, 0xC0, 0xFF, 0xFF, 0x0C, 0x0F, 0x0C, 0xC0, 0x01, 0xE3, 0xF9, 0x8E, 0xFF, 0xFF, 0xF0,
    0x18, 0x0F, 0x73, 0xF0, 0x20, 0xDC, 0xFC, 0xD8, 0xC1, 0x83, 0x06, 0x0C, 0x18, 0x30, 0x60, 0xC1,
    0x83, 0x06, 0x00, 0x03, 0xE7, 0xC9, 0x18, 0x61, 0x86, 0x18, 0x61, 0x86, 0x18, 0x79, 0xF4, 0xCC,
    0x30, 0xC3, 0x0C, 0x30, 0xC3, 0x0C, 0x30, 0xC3, 0x00, 0x31, 0xEC, 0xC0, 0x30, 0xC3, 0x0C, 0x30,
    0xC3, 0x0C, 0x30, 0x1B, 0x01, 0xF8, 0x0C, 0x80, 0xF8, 0x3F, 0xE7, 0x0E, 0x60, 0x76, 0x03, 0xE0,
    0x3E, 0x03, 0x60, 0x36, 0x03, 0x70, 0x73, 0xFE, 0x1F, 0xC0, 0x20, 0x00, 0x0F, 0x03, 0xE0, 0x28,
    0x1F, 0x0F, 0xE6, 0x19, 0x83, 0xC0, 0xF8, 0x36, 0x19, 0xEE, 0x3F, 0x01, 0x00, 0x07, 0x00, 0xF8,
    0x08, 0x80, 0xF8, 0x3F, 0xE7, 0x0E, 0x60, 0x76, 0x03, 0xE0, 0x3E, 0x03, 0x60, 0x36, 0x03, 0x70,
    0x73, 0xFE, 0x1F, 0xC0, 0x20, 0x0C, 0x07, 0x81, 0x30, 0x40, 0x1F, 0x0F, 0xE6, 0x19, 0x83, 0xC0,
    0xF8, 0x36, 0x19, 0xEE, 0x3F, 0x01, 0x00, 0x6C, 0x1F, 0x81, 0x23, 0xFC, 0xFF, 0xB0, 0x6C, 0x1B,
    0x06, 0xC3, 0xBF, 0xCF, 0xFB, 0x06, 0xC1, 0xB0, 0x6C, 0x0C, 0x01, 0xF3, 0xF1, 0x47, 0xEF, 0xDC,
    0x30, 0x60, 0xC1, 0x83, 0x06, 0x00, 0x1C, 0x0F, 0x82, 0x23, 0xFC, 0xFF, 0xB0, 0x6C, 0x1B, 0x06,
    0xC3, 0xBF, 0xCF, 0xFB, 0x06, 0xC1, 0xB0, 0x6C, 0x0C, 0x23, 0xED, 0xA0, 0xFF, 0xFE, 0x30, 0xC3,
    0x0C, 0x30, 0xC0, 0x6C, 0x1F, 0x81, 0x23, 0x03, 0xC0, 0xF0, 0x3C, 0x0F, 0x03, 0xC0, 0xF0, 0x3C,
    0x0F, 0x03, 0xE1, 0x9F, 0xE3, 0xF0, 0x00, 0x00, 0xF8, 0x7C, 0x24, 0xC3, 0xC3, 0xC3, 0xC3, 0xC3,
    0xC3, 0xC7, 0xFE, 0x7E, 0x00, 0x1E, 0x0F, 0xC3, 0x23, 0x03, 0xC0, 0xF0, 0x3C, 0x0F, 0x03, 0xC0,
    0xF0, 0x3C, 0x0F, 0x03, 0xE1, 0x9F, 0xE3, 0xF0, 0x00, 0x18, 0x3C, 0x66, 0x00, 0xC3, 0xC3, 0xC3,
    0xC3, 0xC3, 0xC3, 0xC7, 0xFE, 0x7E, 0x00, 0x3F, 0x3F, 0xD8, 0x6C, 0x07, 0x03, 0xE0, 0x7C, 0x07,
    0x01, 0xE0, 0xFF, 0xEF, 0xE0, 0xC0, 0x60, 0x30, 0x00, 0x3C, 0x7E, 0x62, 0x70, 0x7C, 0x0E, 0x43,
    0xE6, 0x7E, 0x18, 0x38, 0x18, 0x38, 0x00, 0xFF, 0xFF, 0xF0, 0xC0, 0x30, 0x0C, 0x03, 0x00, 0xC0,
    0x30, 0x0C, 0x03, 0x00, 0xC0, 0x30, 0x0C, 0x03, 0x80, 0xC0, 0x00, 0x30, 0xCF, 0xFF, 0x30, 0xC3,
    0x0C, 0x30, 0xE3, 0x84, 0x38, 0x63, 0x00, 0xC6, 0x20, 0x4F, 0x40, 0x03, 0x9E, 0x00, 0x00, 0xEF,
    0xF0, 0x00, 0x7C, 0xF8, 0x4D, 0xF7, 0x80, 0x7C, 0x00, 0xDE, 0xC0, 0xEE, 0x66, 0x73, 0xDE, 0xE0,
    0x01, 0xB7, 0x94, 0x5B, 0xCC, 0x03, 0x67, 0xC9, 0x11, 0xF6, 0xD0, 0x0F, 0x74, 0x2F, 0xE0, 0x6C,
    0x4B, 0xF4, 0x80, 0x5D, 0xF0, 0x26, 0x64, 0x33, 0x34, 0xE2, 0x00, 0x33, 0xD2, 0x4D, 0xF3, 0x80,
    0x7D, 0xF0, 0x7B, 0xC0, 0x0C, 0x01, 0xC0, 0x38, 0x0F, 0x81, 0xB0, 0x66, 0x0C, 0x61, 0xFC, 0x7F,
    0xCC, 0x1B, 0x03, 0x60, 0x30, 0x40, 0x1C, 0x01, 0x00, 0x3F, 0xBF, 0xD8, 0x6C, 0x3C, 0x1F, 0x0D,
    0x86, 0xEF, 0x3F, 0x84, 0x03, 0x01, 0x80, 0x0C, 0x01, 0xC0, 0x18, 0x02, 0x00, 0xC0, 0x1C, 0x03,
    0x80, 0xF8, 0x1B, 0x06, 0x60, 0xC6, 0x1F, 0xC7, 0xFC, 0xC1, 0xB0, 0x36, 0x03, 0x00, 0x00, 0x0C,
    0x0F, 0x01, 0x00, 0x83, 0xFB, 0xFD, 0x86, 0xC3, 0xC1, 0xF0, 0xD8, 0x6E, 0xF3, 0xF8, 0x40, 0x00,
    0x40, 0x1C, 0x37, 0x0F, 0x01, 0xB0, 0x18, 0x03, 0x80, 0x70, 0x1F, 0x03, 0x60, 0xCC, 0x18, 0xC3,
    0xF8, 0xFF, 0x98, 0x36, 0x06, 0xC0, 0x60, 0x00, 0x00, 0x80, 0x60, 0x38, 0x7C, 0x1E, 0x00, 0x03,
    0xF9, 0xFE, 0x61, 0x98, 0x6C, 0x1B, 0x86, 0x61, 0x9D, 0xE3, 0xF8, 0x20, 0x04, 0x00, 0xE0, 0x0C,
    0x06, 0x01, 0xE0, 0x36, 0x03, 0x00, 0x70, 0x0E, 0x03, 0xE0, 0x6C, 0x19, 0x83, 0x18, 0x7F, 0x1F,
    0xF3, 0x06, 0xC0, 0xD8, 0x0C, 0x00, 0x00, 0x06, 0x03, 0x07, 0xC3, 0xC0, 0x01, 0xFD, 0xFE, 0xC3,
    0x61, 0xE0, 0xF8, 0x6C, 0x37, 0x79, 0xFC, 0x20, 0x01, 0x80, 0x78, 0x33, 0x0F, 0xC1, 0xB0, 0x18,
    0x03, 0x80, 0x70, 0x1F, 0x03, 0x60, 0xCC, 0x18, 0xC3, 0xF8, 0xFF, 0x98, 0x36, 0x06, 0xC0, 0x60,
    0x00, 0x03, 0x01, 0xC7, 0xE3, 0xE0, 0x01, 0xFD, 0xFE, 0xC3, 0x61, 0xE0, 0xF8, 0x6C, 0x37, 0x79,
    0xFC, 0x20, 0x1D, 0x07, 0xE0, 0x78, 0x0F, 0x01, 0xB0, 0x18, 0x03, 0x80, 0x70, 0x1F, 0x03, 0x60,
    0xCC, 0x18, 0xC3, 0xF8, 0xFF, 0x98, 0x36, 0x06, 0xC0, 0x60, 0x00, 0x00, 0x1F, 0x8F, 0xC3, 0xC1,
    0xE0, 0x00, 0xFE, 0xFF, 0x61, 0xB0, 0xF0, 0x7C, 0x36, 0x1B, 0xBC, 0xFE, 0x10, 0x0C, 0x03, 0xC0,
    0x6C, 0x06, 0x00, 0xE0, 0x1C, 0x07, 0xC0, 0xD8, 0x33, 0x06, 0x30, 0xFE, 0x3F, 0xE6, 0x0D, 0x81,
    0xB0, 0x18, 0x20, 0x0E, 0x00, 0x80, 0x00, 0x0F, 0x07, 0x80, 0x03, 0xFB, 0xFD, 0x86, 0xC3, 0xC1,
    0xF0, 0xD8, 0x6E, 0xF3, 0xF8, 0x40, 0x30, 0x18, 0x01, 0x00, 0xE0, 0x18, 0x08, 0x81, 0xF0, 0x1C,
    0x00, 0x00, 0x60, 0x0E, 0x01, 0xC0, 0x7C, 0x0D, 0x83, 0x30, 0x63, 0x0F, 0xE3, 0xFE, 0x60, 0xD8,
    0x1B, 0x01, 0x80, 0x00, 0x02, 0x03, 0x05, 0xC3, 0xE1, 0xE0, 0x00, 0xFE, 0xFF, 0x61, 0xB0, 0xF0,
    0x7C, 0x36, 0x1B, 0xBC, 0xFE, 0x10, 0x10, 0x03, 0x00, 0x30, 0x08, 0x81, 0xF0, 0x1C, 0x00, 0x00,
    0x60, 0x0E, 0x01, 0xC0, 0x7C, 0x0D, 0x83, 0x30, 0x63, 0x0F, 0xE3, 0xFE, 0x60, 0xD8, 0x1B, 0x01,
    0x80, 0x00, 0x18, 0x0E, 0x07, 0xC3, 0xE1, 0xE0, 0x00, 0xFE, 0xFF, 0x61, 0xB0, 0xF0, 0x7C, 0x36,
    0x1B, 0xBC, 0xFE, 0x10, 0x0C, 0x01, 0xC0, 0x18, 0x0A, 0x81, 0xF0, 0x1C, 0x00, 0x00, 0x60, 0x0E,
    0x01, 0xC0, 0x7C, 0x0D, 0x83, 0x30, 0x63, 0x0F, 0xE3, 0xFE, 0x60, 0xD8, 0x1B, 0x01, 0x80, 0x00,
    0x0C, 0x0F, 0x01, 0x07, 0xE1, 0xF0, 0xF0, 0xFE, 0xFF, 0x61, 0xB0, 0xF0, 0x7C, 0x36, 0x1B, 0xBC,
    0xFE, 0x10, 0x1D, 0x07, 0xE0, 0x4C, 0x0F, 0x80, 0xE0, 0x00, 0x03, 0x00, 0x70, 0x0E, 0x03, 0xE0,
    0x6C, 0x19, 0x83, 0x18, 0x7F, 0x1F, 0xF3, 0x06, 0xC0, 0xD8, 0x0C, 0x00, 0x00, 0x00, 0x1F, 0x8F,
    0xC0, 0x03, 0x21, 0xF0, 0x78, 0x7F, 0x7F, 0xB0, 0xD8, 0x78, 0x3E, 0x1B, 0x0D, 0xDE, 0x7F, 0x08,
    0x00, 0x11, 0x03, 0xE0, 0x38, 0x00, 0x00, 0xC0, 0x1C, 0x03, 0x80, 0xF8, 0x1B, 0x06, 0x60, 0xC6,
    0x1F, 0xC7, 0xFC, 0xC1, 0xB0, 0x36, 0x03, 0x04, 0x01, 0xC0, 0x10, 0x00, 0x33, 0x1F, 0x07, 0x87,
    0xF7, 0xFB, 0x0D, 0x87, 0x83, 0xE1, 0xB0, 0xDD, 0xE7, 0xF0, 0x80, 0x60, 0x30, 0xFF, 0xFF, 0xC0,
    0xC0, 0xC0, 0xFE, 0xFE, 0xC0, 0xC0, 0xC0, 0xFF, 0xFF, 0x18, 0x18, 0x18, 0x1E, 0x3F, 0x98, 0xEF,
    0xFF, 0xFF, 0x01, 0x80, 0xF7, 0x3F, 0x02, 0x03, 0x01, 0x80, 0x18, 0x3C, 0x0C, 0x08, 0xFF, 0xFF,
    0xC0, 0xC0, 0xC0, 0xFE, 0xFE, 0xC0, 0xC0, 0xC0, 0xFF, 0xFF, 0x0C, 0x0E, 0x03, 0x01, 0x81, 0xE3,
    0xF9, 0x8E, 0xFF, 0xFF, 0xF0, 0x18, 0x0F, 0x73, 0xF0, 0x20, 0x3A, 0x7E, 0x24, 0xFF, 0xFF, 0xC0,
    0xC0, 0xC0, 0xFE, 0xFE, 0xC0, 0xC0, 0xC0, 0xFF, 0xFF, 0x00, 0x1F, 0x8F, 0xC0, 0x01, 0xE3, 0xF9,
    0x8E, 0xFF, 0xFF, 0xF0, 0x18, 0x0F, 0x73, 0xF0, 0x20, 0x00, 0x80, 0x71, 0xB8, 0xF0, 0x36, 0x3F,
    0xCF, 0xF3, 0x00, 0xC0, 0x30, 0x0F, 0xE3, 0xF8, 0xC0, 0x30, 0x0C, 0x03, 0xFC, 0xFF, 0x00, 0x00,
    0x80, 0xC0, 0xE3, 0xE3, 0xE0, 0x00, 0x78, 0xFE, 0x63, 0xBF, 0xFF, 0xFC, 0x06, 0x03, 0xDC, 0xFC,
    0x08, 0x08, 0x0C, 0x06, 0x18, 0x3C, 0x36, 0xFF, 0xFF, 0xC0, 0xC0, 0xC0, 0xFE, 0xFE, 0xC0, 0xC0,
    0xC0, 0xFF, 0xFF, 0x0C, 0x03, 0x07, 0xC7, 0xC0, 0x00, 0xF1, 0xFC, 0xC7, 0x7F, 0xFF, 0xF8, 0x0C,
    0x07, 0xB9, 0xF8, 0x10, 0x18, 0x3C, 0x0C, 0x08, 0x00, 0x18, 0x3C, 0x36, 0xFF, 0xFF, 0xC0, 0xC0,
    0xC0, 0xFE, 0xFE, 0xC0, 0xC0, 0xC0, 0xFF, 0xFF, 0x03, 0x03, 0xC7, 0x67, 0xE0, 0x00, 0xF1, 0xFC,
    0xC7, 0x7F, 0xFF, 0xF8, 0x0C, 0x07, 0xB9, 0xF8, 0x10, 0x3A, 0x7E, 0x3C, 0x3C, 0x36, 0xFF, 0xFF,
    0xC0, 0xC0, 0xC0, 0xFE, 0xFE, 0xC0, 0xC0, 0xC0, 0xFF, 0xFF, 0x00, 0x1F, 0x8F, 0xC3, 0x81, 0xE0,
    0x00, 0x78, 0xFE, 0x63, 0xBF, 0xFF, 0xFC, 0x06, 0x03, 0xDC, 0xFC, 0x08, 0x18, 0x3C, 0x36, 0xFF,
    0xFF, 0xC0, 0xC0, 0xC0, 0xFE, 0xFE, 0xC0, 0xC0, 0xC0, 0xFF, 0xFF, 0x18, 0x18, 0x18, 0x00, 0x0E,
    0x07, 0x80, 0x01, 0xE3, 0xF9, 0x8E, 0xFF, 0xFF, 0xF0, 0x18, 0x0F, 0x73, 0xF0, 0x20, 0x30, 0x18,
    0x6F, 0x32, 0x66, 0x66, 0x66, 0x66, 0x66, 0x66, 0x6F, 0x26, 0x66, 0x66, 0x66, 0x66, 0x60, 0xFF,
    0xFF, 0xFF, 0x7C, 0xF3, 0xFF, 0xFF, 0x3C, 0x0F, 0x83, 0xFE, 0x70, 0xE6, 0x07, 0x60, 0x3E, 0x03,
    0xE0, 0x36, 0x03, 0x60, 0x37, 0x07, 0x3F, 0xE1, 0xFC, 0x06, 0x00, 0x70, 0x02, 0x00, 0x1F, 0x0F,
    0xE6, 0x19, 0x83, 0xC0, 0xF8, 0x36, 0x19, 0xEE, 0x3F, 0x01, 0x00, 0xC0, 0x30, 0x06, 0x00, 0x70,
    0x03, 0x00, 0x20, 0x0F, 0x83, 0xFE, 0x70, 0xE6, 0x07, 0x60, 0x3E, 0x03, 0xE0, 0x36, 0x03, 0x60,
    0x37, 0x07, 0x3F, 0xE1, 0xFC, 0x02, 0x00, 0x0C, 0x07, 0x80, 0x60, 0x10, 0x1F, 0x0F, 0xE6, 0x19,
    0x83, 0xC0, 0xF8, 0x36, 0x19, 0xEE, 0x3F, 0x01, 0x00, 0x00, 0x20, 0x07, 0x06, 0xE0, 0xF0, 0x0D,
    0x80, 0xF8, 0x3F, 0xE7, 0x0E, 0x60, 0x76, 0x03, 0xE0, 0x3E, 0x03, 0x60, 0x36, 0x03, 0x70, 0x73,
    0xFE, 0x1F, 0xC0, 0x20, 0x00, 0x80, 0x60, 0x18, 0x7C, 0x1E, 0x00, 0x01, 0xF0, 0xFE, 0x61, 0x98,
    0x3C, 0x0F, 0x83, 0x61, 0x9E, 0xE3, 0xF0, 0x10, 0x00, 0x00, 0x38, 0x01, 0x80, 0x60, 0x0F, 0x00,
    0xD8, 0x0F, 0x83, 0xFE, 0x70, 0xE6, 0x07, 0x60, 0x3E, 0x03, 0xE0, 0x36, 0x03, 0x60, 0x37, 0x07,
    0x3F, 0xE1, 0xFC, 0x02, 0x00, 0x06, 0x01, 0xC1, 0xF0, 0x78, 0x00, 0x07, 0xC3, 0xF9, 0x86, 0x60,
    0xF0, 0x3E, 0x0D, 0x86, 0x7B, 0x8F, 0xC0, 0x40, 0x01, 0xC0, 0x1C, 0x07, 0xC0, 0xFC, 0x00, 0x00,
    0xF8, 0x3F, 0xE7, 0x0E, 0x60, 0x76, 0x03, 0xE0, 0x3E, 0x03, 0x60, 0x36, 0x03, 0x70, 0x73, 0xFE,
    0x1F, 0xC0, 0x20, 0x03, 0x80, 0xE0, 0xF8, 0x7C, 0x00, 0x07, 0xC3, 0xF9, 0x86, 0x60, 0xF0, 0x3E,
    0x0D, 0x86, 0x7B, 0x8F, 0xC0, 0x40, 0x0E, 0xC1, 0xF8, 0x0F, 0x00, 0xF0, 0x0D, 0x80, 0xF8, 0x3F,
    0xE7, 0x0E, 0x60, 0x76, 0x03, 0xE0, 0x3E, 0x03, 0x60, 0x36, 0x03, 0x70, 0x73, 0xFE, 0x1F, 0xC0,
    0x20, 0x00, 0x0F, 0x43, 0xF0, 0x78, 0x1E, 0x00, 0x01, 0xF0, 0xFE, 0x61, 0x98, 0x3C, 0x0F, 0x83,
    0x61, 0x9E, 0xE3, 0xF0, 0x10, 0x06, 0x00, 0xF0, 0x0D, 0x80, 0xF8, 0x3F, 0xE7, 0x0E, 0x60, 0x76,
    0x03, 0xE0, 0x3E, 0x03, 0x60, 0x36, 0x03, 0x70, 0x73, 0xFE, 0x1F, 0xC0, 0x60, 0x07, 0x00, 0x20,
    0x00, 0x03, 0x81, 0xE0, 0x00, 0x1F, 0x0F, 0xE6, 0x19, 0x83, 0xC0, 0xF8, 0x36, 0x19, 0xEE, 0x3F,
    0x01, 0x00, 0xC0, 0x30, 0x00, 0x80, 0x3C, 0x03, 0x60, 0xFC, 0x3F, 0xE7, 0x0E, 0x60, 0x76, 0x03,
    0xE0, 0x3E, 0x03, 0x60, 0x36, 0x03, 0x70, 0x73, 0xFE, 0x1F, 0xC0, 0x20, 0x02, 0x01, 0x80, 0xE8,
    0x33, 0x1F, 0x8F, 0xE6, 0x19, 0x83, 0xC0, 0xF8, 0x36, 0x19, 0xEE, 0x3F, 0x01, 0x00, 0x08, 0x00,
    0xC4, 0x06, 0x60, 0xFC, 0x3F, 0xE7, 0x0E, 0x60, 0x76, 0x03, 0xE0, 0x3E, 0x03, 0x60, 0x36, 0x03,
    0x70, 0x73, 0xFE, 0x1F, 0xC0, 0x20, 0x18, 0x06, 0x20, 0xCC, 0x7E, 0x3F, 0x98, 0x66, 0x0F, 0x03,
    0xE0, 0xD8, 0x67, 0xB8, 0xFC, 0x04, 0x00, 0x06, 0x00, 0x70, 0x03, 0x40, 0x26, 0x0F, 0xC3, 0xFE,
    0x70, 0xE6, 0x07, 0x60, 0x3E, 0x03, 0xE0, 0x36, 0x03, 0x60, 0x37, 0x07, 0x3F, 0xE1, 0xFC, 0x02,
    0x00, 0x0C, 0x07, 0x80, 0x68, 0x13, 0x1F, 0x8F, 0xE6, 0x19, 0x83, 0xC0, 0xF8, 0x36, 0x19, 0xEE,
    0x3F, 0x01, 0x00, 0x0E, 0x81, 0xFC, 0x09, 0x60, 0xFC, 0x3F, 0xE7, 0x0E, 0x60, 0x76, 0x03, 0xE0,
    0x3E, 0x03, 0x60, 0x36, 0x03, 0x70, 0x73, 0xFE, 0x1F, 0xC0, 0x20, 0x00, 0x0F, 0xC3, 0xF8, 0x03,
    0x1F, 0x8F, 0xE6, 0x19, 0x83, 0xC0, 0xF8, 0x36, 0x19, 0xEE, 0x3F, 0x01, 0x00, 0x00, 0x40, 0x06,
    0x0F, 0xC3, 0xFE, 0x70, 0xE6, 0x07, 0x60, 0x3E, 0x03, 0xE0, 0x36, 0x03, 0x60, 0x37, 0x07, 0x3F,
    0xE1, 0xFC, 0x06, 0x00, 0x70, 0x02, 0x00, 0x00, 0x80, 0x31, 0xF8, 0xFE, 0x61, 0x98, 0x3C, 0x0F,
    0x83, 0x61, 0x9E, 0xE3, 0xF0, 0x10, 0x0C, 0x03, 0x00, 0xC0, 0xF0, 0x3C, 0x0F, 0x03, 0xC0, 0xF0,
    0x3C, 0x0F, 0x03, 0xC0, 0xF8, 0x67, 0xF8, 0xFC, 0x0C, 0x03, 0x00, 0xC0, 0xC3, 0xC3, 0xC3, 0xC3,
    0xC3, 0xC3, 0xC7, 0xFE, 0x7E, 0x00, 0x18, 0x18, 0x0C, 0x07, 0x80, 0x40, 0x30, 0xC0, 0xF0, 0x3C,
    0x0F, 0x03, 0xC0, 0xF0, 0x3C, 0x0F, 0x03, 0xC0, 0xF8, 0x67, 0xF8, 0xFC, 0x00, 0x00, 0x18, 0x38,
    0x18, 0x18, 0xC3, 0xC3, 0xC3, 0xC3, 0xC3, 0xC3, 0xC7, 0xFE, 0x7E, 0x00, 0x02, 0x00, 0x72, 0x0E,
    0x3C, 0x0E, 0xC0, 0xEC, 0x0C, 0xC0, 0xCC, 0x0C, 0xC0, 0xCC, 0x0C, 0xC0, 0xCC, 0x0C, 0xE1, 0x87,
    0xF8, 0x3F, 0x00, 0x00, 0x04, 0x03, 0x01, 0xC8, 0x63, 0xC3, 0xB0, 0xEC, 0x33, 0x0C, 0xC3, 0x30,
    0xCC, 0x73, 0xF8, 0x7E, 0x00, 0x00, 0x10, 0x03, 0x82, 0x1C, 0x3C, 0x0E, 0xC0, 0xEC, 0x0C, 0xC0,
    0xCC, 0x0C, 0xC0, 0xCC, 0x0C, 0xC0, 0xCC, 0x0C, 0xE1, 0x87, 0xF8, 0x3F, 0x00, 0x00, 0x30, 0x0C,
    0x21, 0x8F, 0x0E, 0xC3, 0xB0, 0xCC, 0x33, 0x0C, 0xC3, 0x31, 0xCF, 0xE1, 0xF8, 0x00, 0x00, 0x0C,
    0x01, 0xE0, 0x06, 0x20, 0x43, 0xC0, 0xEC, 0x0E, 0xC0, 0xCC, 0x0C, 0xC0, 0xCC, 0x0C, 0xC0, 0xCC,
    0x0C, 0xC0, 0xCE, 0x18, 0x7F, 0x83, 0xF0, 0x00, 0x00, 0x18, 0x0F, 0x00, 0xC8, 0x23, 0xC3, 0xB0,
    0xEC, 0x33, 0x0C, 0xC3, 0x30, 0xCC, 0x73, 0xF8, 0x7E, 0x00, 0x00, 0x3B, 0x03, 0xF2, 0x22, 0x3C,
    0x0E, 0xC0, 0xEC, 0x0C, 0xC0, 0xCC, 0x0C, 0xC0, 0xCC, 0x0C, 0xC0, 0xCC, 0x0C, 0xE1, 0x87, 0xF8,
    0x3F, 0x00, 0x00, 0x00, 0x1F, 0x87, 0xE8, 0x03, 0xC3, 0xB0, 0xEC, 0x33, 0x0C, 0xC3, 0x30, 0xCC,
    0x73, 0xF8, 0x7E, 0x00, 0x00, 0x00, 0x20, 0x03, 0xC0, 0xEC, 0x0E, 0xC0, 0xCC, 0x0C, 0xC0, 0xCC,
    0x0C, 0xC0, 0xCC, 0x0C, 0xC0, 0xCE, 0x18, 0x7F, 0x83, 0xF0, 0x0C, 0x00, 0xC0, 0x0C, 0x00, 0x00,
    0x80, 0x3C, 0x3B, 0x0E, 0xC3, 0x30, 0xCC, 0x33, 0x0C, 0xC7, 0x3F, 0x87, 0xE0, 0x00, 0x18, 0x06,
    0x00, 0x00, 0x0E, 0x01, 0x83, 0x02, 0xE1, 0x98, 0xE3, 0x30, 0xF8, 0x1E, 0x03, 0x00, 0xC0, 0x30,
    0x0C, 0x03, 0x00, 0xC0, 0x60, 0x30, 0x10, 0xC3, 0xC3, 0xC3, 0xC3, 0xC3, 0xC3, 0xC7, 0xEF, 0x7F,
    0x17, 0xCE, 0xFC, 0x38, 0xC0, 0xB8, 0x66, 0x38, 0xCC, 0x3E, 0x07, 0x80, 0xC0, 0x30, 0x0C, 0x03,
    0x00, 0xC0, 0x30, 0x08, 0x03, 0x00, 0xC0, 0xC3, 0x61, 0xB0, 0xD8, 0x6C, 0x36, 0x1B, 0x1D, 0xDE,
    0x7F, 0x0B, 0xB3, 0x9F, 0xB3, 0x98, 0x1C, 0x07, 0x00, 0xC0, 0x30, 0xC0, 0xB8, 0x66, 0x38, 0xCC,
    0x3E, 0x07, 0x80, 0xC0, 0x30, 0x0C, 0x03, 0x00, 0xC0, 0x30, 0x38, 0x38, 0x18, 0x18, 0xC3, 0xC3,
    0xC3, 0xC3, 0xC3, 0xC3, 0xC7, 0xEF, 0x7F, 0x17, 0xCE, 0xFC, 0x38, 0x3B, 0x0F, 0xC2, 0x63, 0x02,
    0xE1, 0x98, 0xE3, 0x30, 0xF8, 0x1E, 0x03, 0x00, 0xC0, 0x30, 0x0C, 0x03, 0x00, 0xC0, 0x00, 0x7E,
    0x7E, 0x00, 0xC3, 0xC3, 0xC3, 0xC3, 0xC3, 0xC3, 0xC7, 0xEF, 0x7F, 0x17, 0xCE, 0xFC, 0x38, 0x7D,
    0xF0, 0x7E, 0x7F, 0x00, 0x7E, 0x7F, 0x00, 0x7F, 0xF9, 0xFF, 0xF0, 0x00, 0x00, 0x7F, 0xF9, 0xFF,
    0xF0, 0x00, 0x00, 0x7B, 0xB0, 0xFD, 0xE0, 0x7D, 0xF0, 0x6F, 0x6F, 0xDB, 0xFF, 0xF6, 0xF6, 0x4B,
    0xF6, 0xFF, 0x00, 0x10, 0x71, 0xF3, 0xE3, 0x87, 0x0E, 0x1C, 0x10, 0x30, 0xC7, 0xDF, 0x7D, 0xF3,
    0x0C, 0x30, 0x01, 0xEF, 0xBE, 0x78, 0xC0, 0x6D, 0xB6, 0xC0, 0x78, 0x60, 0x0F, 0x9C, 0x03, 0x33,
    0x00, 0x66, 0xC0, 0x0C, 0xF8, 0x00, 0xF6, 0x00, 0x0D, 0xBC, 0xF0, 0x77, 0xF6, 0x0D, 0x9E, 0x63,
    0x33, 0xCC, 0xE3, 0x7B, 0x18, 0x79, 0xE0, 0x00, 0x00, 0x6C, 0xD9, 0xB6, 0x6C, 0x80, 0x33, 0x6C,
    0x67, 0x30, 0xCE, 0x73, 0x36, 0xC0, 0x01, 0x81, 0xC0, 0xC0, 0xC0, 0xE0, 0x60, 0x60, 0x70, 0x30,
    0x30, 0x38, 0x18, 0x00, 0x00, 0x7B, 0xEC, 0xF3, 0xD9, 0xE0, 0x00, 0x10, 0xE7, 0xBE, 0xFC, 0x60,
    0x00, 0x7B, 0xDE, 0xF5, 0xBC, 0x80, 0x3B, 0xBD, 0xFD, 0xB8, 0x80, 0x7B, 0xC4, 0x63, 0x30, 0x00,
    0x73, 0xDE, 0xFD, 0xBC, 0x80, 0x77, 0xF6, 0xF3, 0xB9, 0x00, 0x7B, 0xEC, 0xF3, 0xD9, 0xE0, 0x00,
    0x2F, 0xF3, 0x33, 0x00, 0x73, 0xC6, 0x66, 0x3C, 0x7B, 0xDC, 0xF1, 0xBC, 0x80, 0x10, 0xE7, 0xBE,
    0xFC, 0x60, 0x00, 0x7B, 0xDE, 0xF5, 0xBC, 0x80, 0x3B, 0xBD, 0xFD, 0xB8, 0x80, 0x7B, 0xC4, 0x63,
    0x30, 0x00, 0x73, 0xDE, 0xFD, 0xBC, 0x80, 0x77, 0xF6, 0xF3, 0xB9, 0x00, 0x00, 0x80, 0x1B, 0x0F,
    0xF3, 0xFE, 0x33, 0xE6, 0x6C, 0x67, 0xCE, 0xD8, 0xEF, 0x87, 0xB0, 0x7F, 0x07, 0x60, 0x3F, 0xC7,
    0xFC, 0x7E, 0x0D, 0x80, 0x10, 0x00, 0x7F, 0xBF, 0xD8, 0x0C, 0x06, 0x03, 0xF9, 0xFD, 0xE0, 0xF8,
    0x30, 0x18, 0x0C, 0x00, 0x1F, 0x07, 0xF0, 0xC6, 0x18, 0x03, 0x01, 0xFE, 0x1F, 0xC7, 0xF8, 0xFF,
    0x06, 0x01, 0xF1, 0x7F, 0xE0, 0x38, 0x60, 0x63, 0x83, 0x1E, 0x18, 0xF0, 0xC6, 0xC6, 0x7F, 0xFB,
    0xFF, 0xCC, 0x6C, 0x61, 0xE3, 0x0F, 0x18, 0x38, 0xC0, 0xC0, 0x3F, 0x83, 0xFC, 0x30, 0xC7, 0xFF,
    0x7F, 0xF3, 0x0C, 0x3F, 0xC3, 0xF0, 0x30, 0x03, 0x00, 0x30, 0x03, 0x00, 0xC0, 0x03, 0xC0, 0x03,
    0x60, 0x06, 0x61, 0x86, 0x63, 0xC6, 0xFF, 0xFF, 0xFF, 0xFF, 0x36, 0x6C, 0x1E, 0x78, 0x1E, 0x78,
    0x1C, 0x38, 0x0C, 0x30, 0x06, 0x0E, 0x1F, 0x16, 0x7E, 0x6E, 0xC6, 0xE6, 0x7E, 0x3E, 0x00, 0xFE,
    0x0F, 0xC3, 0xFC, 0xE1, 0x18, 0x0F, 0xE1, 0xFC, 0x18, 0x07, 0xF0, 0x7C, 0x07, 0x00, 0x7F, 0x87,
    0xE0, 0x10, 0x60, 0x4C, 0x19, 0x86, 0x31, 0x86, 0xE1, 0xFF, 0xBF, 0xF3, 0xB8, 0x63, 0x8C, 0x39,
    0x83, 0x30, 0x30, 0x00, 0x3F, 0x83, 0xFC, 0x7F, 0xF7, 0xFE, 0x7F, 0xF7, 0xFE, 0x3F, 0xC3, 0xF0,
    0x30, 0x03, 0x00, 0x30, 0x03, 0x00, 0x00, 0x00, 0xC0, 0x3F, 0x1F, 0xE3, 0xE0, 0xCC, 0x19, 0x87,
    0x30, 0xE7, 0xEC, 0xFD, 0x99, 0xBB, 0x33, 0xFE, 0x3F, 0x81, 0x80, 0x30, 0x06, 0x00, 0x02, 0x00,
    0xC0, 0x3F, 0x1F, 0xE3, 0x64, 0xCC, 0x19, 0x87, 0x30, 0xE6, 0x0C, 0xC1, 0x98, 0x3B, 0x03, 0xFC,
    0x3F, 0x81, 0xC0, 0x30, 0x02, 0x00, 0x7F, 0xBF, 0xC1, 0x8F, 0xF7, 0xF0, 0x71, 0xF0, 0xFC, 0x06,
    0x03, 0x01, 0xC0, 0x60, 0x10, 0x0C, 0x03, 0xE0, 0xF0, 0x3B, 0x3F, 0xCF, 0xC1, 0xE0, 0x70, 0x8C,
    0x63, 0xF8, 0xF8, 0x10, 0x00, 0x0C, 0x03, 0x01, 0xE1, 0xFC, 0x6F, 0xB3, 0x7C, 0xCF, 0x33, 0xCC,
    0xF3, 0x3C, 0x0F, 0x03, 0xC0, 0xF0, 0x30, 0x00, 0x7F, 0x1F, 0xE6, 0x19, 0x83, 0x61, 0xD8, 0x6F,
    0xFB, 0xF8, 0xF0, 0x3E, 0x06, 0x01, 0x80, 0x00, 0x07, 0x00, 0xE0, 0x0C, 0x1F, 0x8F, 0xE6, 0x19,
    0x86, 0xC1, 0xB8, 0x66, 0x19, 0xFC, 0x3F, 0x00, 0x00, 0x1E, 0xCF, 0xF7, 0x39, 0x9F, 0xEE, 0xDF,
    0x37, 0x99, 0xEE, 0xFF, 0x01, 0x00, 0x06, 0x00, 0x60, 0x0F, 0x00, 0xF0, 0x1B, 0x81, 0x98, 0x31,
    0x83, 0x0C, 0x60, 0xC6, 0x06, 0xFF, 0xEF, 0xFE, 0xFF, 0xFF, 0xFC, 0xC3, 0x18, 0x63, 0x0C, 0x61,
    0x8C, 0x31, 0x86, 0x30, 0xC6, 0x18, 0xC3, 0x18, 0x63, 0x0C, 0x61, 0x8C, 0x31, 0x04, 0x7F, 0xFF,
    0x70, 0x30, 0x18, 0x0C, 0x0E, 0x1C, 0x38, 0x70, 0x7E, 0xFF, 0x7F, 0x3F, 0xC0, 0x00, 0x00, 0x80,
    0xC0, 0xE0, 0x60, 0x70, 0x30, 0x38, 0x18, 0x1C, 0x0C, 0x0E, 0x06, 0x07, 0x03, 0x03, 0x81, 0x80,
    0x00, 0x00, 0x6D, 0x80, 0x00, 0x40, 0x18, 0x03, 0x00, 0x60, 0x18, 0xE3, 0x3E, 0x60, 0xD8, 0x1F,
    0x01, 0xE0, 0x38, 0x03, 0x00, 0x18, 0x31, 0xF3, 0xE6, 0x7C, 0xF0, 0xE3, 0xC3, 0x8D, 0xBB, 0x37,
    0xC7, 0x84, 0x0C, 0x03, 0x03, 0xC3, 0xC1, 0x80, 0xC0, 0x60, 0x30, 0x38, 0x18, 0x0C, 0x06, 0x03,
    0x03, 0x87, 0x83, 0x80, 0x21, 0x3F, 0xD7, 0xC4, 0x27, 0xDA, 0xF8, 0x08, 0x02, 0x03, 0x1F, 0xEF,
    0xF1, 0x83, 0xFD, 0xFE, 0x60, 0x20, 0x00, 0x07, 0x0F, 0xBE, 0x1C, 0x07, 0xC0, 0xF8, 0x0D, 0xFE,
    0xFF, 0x00, 0x70, 0x0F, 0x80, 0xF8, 0x1E, 0x1F, 0x1E, 0x06, 0x01, 0xFE, 0x7F, 0x80, 0x0C, 0x0F,
    0x63, 0x18, 0xC0, 0xFD, 0xBF, 0x63, 0x18, 0xC6, 0x31, 0x8C, 0x63, 0x18, 0xC6, 0x31, 0x80, 0x0C,
    0x8F, 0x73, 0x1C, 0xC7, 0xFD, 0xFF, 0x73, 0x1C, 0xC7, 0x31, 0xCC, 0x73, 0x1C, 0xC7, 0x31, 0x80,
};

static const EpdGlyph quicksand_8_mediumGlyphs[] = {
    { 0, 0, 73, 0, 0, 0, 0 }, // U+000D
    { 0, 0, 73, 0, 0, 0, 0 }, // U+0020
    { 3, 12, 57, 0, 12, 5, 0 }, // !
    { 7, 5, 106, 0, 12, 5, 5 }, // "
    { 11, 12, 178, 0, 12, 17, 10 }, // #
    { 9, 17, 153, 0, 14, 20, 27 }, // $
    { 13, 13, 211, 0, 12, 22, 47 }, // %
    { 12, 13, 184, 0, 12, 20, 69 }, // &
    { 3, 5, 53, 0, 12, 2, 89 }, // '
    { 6, 16, 98, 0, 12, 12, 91 }, // (
    { 6, 16, 98, 0, 12, 12, 103 }, // )
    { 6, 6, 87, 0, 12, 5, 115 }, // *
    { 9, 9, 151, 0, 10, 11, 120 }, // +
    { 3, 5, 59, 0, 2, 2, 131 }, // ,
    { 6, 2, 105, 0, 6, 2, 133 }, // -
    { 3, 2, 54, 0, 2, 1, 135 }, // .
    { 9, 17, 144, 0, 14, 20, 136 }, // /
    { 10, 13, 160, 0, 12, 17, 156 }, // 0
    { 5, 12, 100, 0, 12, 8, 173 }, // 1
    { 9, 12, 149, 0, 12, 14, 181 }, // 2
    { 8, 13, 141, 0, 12, 13, 195 }, // 3
    { 9, 12, 146, 0, 12, 14, 208 }, // 4
    { 8, 13, 148, 1, 12, 13, 222 }, // 5
    { 9, 13, 145, 0, 12, 15, 235 }, // 6
    { 9, 13, 140, 0, 12, 15, 250 }, // 7
    { 9, 13, 145, 0, 12, 15, 265 }, // 8
    { 9, 13, 150, 0, 12, 15, 280 }, // 9
    { 2, 9, 58, 1, 9, 3, 295 }, // :
    { 4, 12, 62, 0, 9, 6, 298 }, // ;
    { 8, 9, 140, 0, 10, 9, 304 }, // <
    { 9, 5, 148, 0, 8, 6, 313 }, // =
    { 8, 9, 141, 1, 10, 9, 319 }, // >
    { 8, 13, 133, 0, 13, 13, 328 }, // ?
    { 16, 15, 259, 0, 12, 30, 341 }, // @
    { 11, 13, 172, 0, 12, 18, 371 }, // A
    { 10, 12, 174, 1, 12, 15, 389 }, // B
    { 11, 13, 172, 0, 12, 18, 404 }, // C
    { 11, 12, 192, 1, 12, 17, 422 }, // D
    { 8, 12, 152, 1, 12, 12, 439 }, // E
    { 8, 12, 151, 1, 12, 12, 451 }, // F
    { 11, 13, 185, 0, 12, 18, 463 }, // G
    { 10, 12, 192, 1, 12, 15, 481 }, // H
    { 2, 12, 69, 1, 12, 3, 496 }, // I
    { 8, 13, 151, 0, 12, 13, 499 }, // J
    { 10, 13, 178, 1, 12, 17, 512 }, // K
    { 8, 12, 145, 1, 12, 12, 529 }, // L
    { 12, 12, 220, 1, 12, 18, 541 }, // M
    { 10, 12, 195, 1, 12, 15, 559 }, // N
    { 12, 13, 204, 0, 12, 20, 574 }, // O
    { 9, 12, 160, 1, 12, 14, 594 }, // P
    { 14, 16, 205, 0, 12, 28, 608 }, // Q
    { 10, 12, 180, 1, 12, 15, 636 }, // R
    { 9, 13, 153, 0, 12, 15, 651 }, // S
    { 10, 12, 163, 0, 12, 15, 666 }, // T
    { 10, 13, 189, 1, 12, 17, 681 }, // U
    { 11, 12, 178, 0, 12, 17, 698 }, // V
    { 16, 12, 256, 0, 12, 24, 715 }, // W
    { 10, 13, 166, 0, 12, 17, 739 }, // X
    { 10, 12, 153, 0, 12, 15, 756 }, // Y
    { 11, 12, 172, 0, 12, 17, 771 }, // Z
    { 6, 16, 107, 1, 12, 12, 788 }, // [
    { 9, 17, 144, 0, 14, 20, 800 }, // <backslash>
    { 6, 16, 107, 0, 12, 12, 820 }, // ]
    { 9, 7, 147, 0, 13, 8, 832 }, // ^
    { 11, 2, 181, 0, -1, 3, 840 }, // _
    { 4, 3, 63, 0, 12, 2, 843 }, // `
    { 9, 10, 164, 0, 9, 12, 845 }, // a
    { 9, 14, 164, 1, 13, 16, 857 }, // b
    { 9, 10, 138, 0, 9, 12, 873 }, // c
    { 9, 14, 164, 0, 13, 16, 885 }, // d
    { 9, 10, 153, 0, 9, 12, 901 }, // e
    { 7, 13, 103, 0, 13, 12, 913 }, // f
    { 10, 13, 168, 0, 9, 17, 925 }, // g
    { 8, 13, 153, 1, 13, 13, 942 }, // h
    { 2, 12, 59, 1, 12, 3, 955 }, // i
    { 4, 16, 73, -1, 12, 8, 958 }, // j
    { 8, 13, 146, 1, 13, 13, 966 }, // k
    { 2, 13, 65, 1, 13, 4, 979 }, // l
    { 14, 9, 244, 1, 9, 16, 983 }, // m
    { 8, 9, 156, 1, 9, 9, 999 }, // n
    { 10, 10, 163, 0, 9, 13, 1008 }, // o
    { 9, 13, 164, 1, 9, 15, 1021 }, // p
    { 9, 13, 164, 0, 9, 15, 1036 }, // q
    { 6, 9, 107, 1, 9, 7, 1051 }, // r
    { 8, 10, 126, 0, 9, 10, 1058 }, // s
    { 6, 11, 97, 0, 11, 9, 1068 }, // t
    { 8, 10, 153, 1, 9, 10, 1077 }, // u
    { 9, 10, 144, 0, 9, 12, 1087 }, // v
    { 13, 10, 202, 0, 9, 17, 1099 }, // w
    { 8, 10, 129, 0, 9, 10, 1116 }, // x
    { 8, 13, 153, 1, 9, 13, 1126 }, // y
    { 8, 9, 128, 0, 9, 9, 1139 }, // z
    { 7, 16, 112, 0, 12, 14, 1148 }, // {
    { 2, 17, 58, 1, 14, 5, 1162 }, // |
    { 7, 16, 112, 0, 12, 14, 1167 }, // }
    { 8, 3, 130, 0, 7, 3, 1181 }, // ~
    { 0, 0, 73, 0, 0, 0, 1184 }, // U+00A0
    { 3, 12, 57, 0, 9, 5, 1184 }, // U+00A1
    { 9, 12, 137, 0, 12, 14, 1189 }, // U+00A2
    { 11, 13, 165, 0, 12, 18, 1203 }, // U+00A3
    { 8, 8, 139, 0, 9, 8, 1221 }, // U+00A4
    { 10, 12, 153, 0, 12, 15, 1229 }, // U+00A5
    { 2, 17, 60, 1, 14, 5, 1244 }, // U+00A6
    { 9, 15, 145, 0, 12, 17, 1249 }, // U+00A7
    { 5, 2, 109, 1, 12, 2, 1266 }, // U+00A8
    { 13, 13, 211, 0, 12, 22, 1268 }, // U+00A9
    { 6, 6, 94, 0, 12, 5, 1290 }, // U+00AA
    { 8, 8, 124, 0, 8, 8, 1295 }, // U+00AB
    { 11, 6, 176, 0, 8, 9, 1303 }, // U+00AC
    { 6, 2, 105, 0, 6, 2, 1312 }, // U+00AD
    { 9, 8, 138, 0, 12, 9, 1314 }, // U+00AE
    { 7, 2, 110, 0, 11, 2, 1323 }, // U+00AF
    { 6, 6, 94, 0, 12, 5, 1325 }, // U+00B0
    { 9, 10, 144, 0, 11, 12, 1330 }, // U+00B1
    { 5, 6, 89, 0, 14, 4, 1342 }, // U+00B2
    { 5, 7, 87, 0, 14, 5, 1346 }, // U+00B3
    { 3, 4, 73, 1, 13, 2, 1351 }, // U+00B4
    { 8, 12, 152, 1, 9, 12, 1353 }, // U+00B5
    { 9, 14, 167, 0, 12, 16, 1365 }, // U+00B6
    { 3, 2, 54, 0, 6, 1, 1381 }, // U+00B7
    { 4, 4, 73, 0, 1, 2, 1382 }, // U+00B8
    { 4, 7, 68, 0, 14, 4, 1384 }, // U+00B9
    { 6, 6, 93, 0, 12, 5, 1388 }, // U+00BA
    { 8, 8, 124, 0, 8, 8, 1393 }, // U+00BB
    { 12, 13, 196, 0, 12, 20, 1401 }, // U+00BC
    { 12, 13, 193, 0, 12, 20, 1421 }, // U+00BD
    { 13, 13, 206, 0, 12, 22, 1441 }, // U+00BE
    { 8, 14, 132, 0, 10, 14, 1463 }, // U+00BF
    { 11, 16, 172, 0, 15, 22, 1477 }, // U+00C0
    { 11, 16, 172, 0, 15, 22, 1499 }, // U+00C1
    { 11, 16, 172, 0, 15, 22, 1521 }, // U+00C2
    { 11, 16, 172, 0, 15, 22, 1543 }, // U+00C3
    { 11, 16, 172, 0, 15, 22, 1565 }, // U+00C4
    { 11, 16, 172, 0, 15, 22, 1587 }, // U+00C5
    { 15, 13, 242, 0, 12, 25, 1609 }, // U+00C6
    { 11, 15, 172, 0, 12, 21, 1634 }, // U+00C7
    { 8, 15, 152, 1, 15, 15, 1655 }, // U+00C8
    { 8, 15, 152, 1, 15, 15, 1670 }, // U+00C9
    { 8, 15, 152, 1, 15, 15, 1685 }, // U+00CA
    { 8, 15, 152, 1, 15, 15, 1700 }, // U+00CB
    { 4, 15, 69, -1, 15, 8, 1715 }, // U+00CC
    { 4, 15, 69, 1, 15, 8, 1723 }, // U+00CD
    { 6, 15, 69, -1, 15, 12, 1731 }, // U+00CE
    { 6, 15, 69, -1, 15, 12, 1743 }, // U+00CF
    { 12, 12, 192, 0, 12, 18, 1755 }, // U+00D0
    { 10, 15, 195, 1, 15, 19, 1773 }, // U+00D1
    { 12, 16, 204, 0, 15, 24, 1792 }, // U+00D2
    { 12, 16, 204, 0, 15, 24, 1816 }, // U+00D3
    { 12, 16, 204, 0, 15, 24, 1840 }, // U+00D4
    { 12, 16, 204, 0, 15, 24, 1864 }, // U+00D5
    { 12, 16, 204, 0, 15, 24, 1888 }, // U+00D6
    { 8, 7, 127, 0, 9, 7, 1912 }, // U+00D7
    { 12, 14, 195, 0, 13, 21, 1919 }, // U+00D8
    { 10, 16, 189, 1, 15, 20, 1940 }, // U+00D9
    { 10, 16, 189, 1, 15, 20, 1960 }, // U+00DA
    { 10, 16, 189, 1, 15, 20, 1980 }, // U+00DB
    { 10, 16, 189, 1, 15, 20, 2000 }, // U+00DC
    { 10, 15, 153, 0, 15, 19, 2020 }, // U+00DD
    { 9, 13, 158, 1, 13, 15, 2039 }, // U+00DE
    { 10, 14, 167, 0, 13, 18, 2054 }, // U+00DF
    { 9, 13, 164, 0, 12, 15, 2072 }, // U+00E0
    { 9, 14, 164, 0, 13, 16, 2087 }, // U+00E1
    { 9, 14, 164, 0, 13, 16, 2103 }, // U+00E2
    { 9, 14, 164, 0, 13, 16, 2119 }, // U+00E3
    { 9, 13, 164, 0, 12, 15, 2135 }, // U+00E4
    { 9, 14, 164, 0, 13, 16, 2150 }, // U+00E5
    { 15, 10, 243, 0, 9, 19, 2166 }, // U+00E6
    { 9, 12, 138, 0, 9, 14, 2185 }, // U+00E7
    { 9, 13, 153, 0, 12, 15, 2199 }, // U+00E8
    { 9, 14, 153, 0, 13, 16, 2214 }, // U+00E9
    { 9, 14, 153, 0, 13, 16, 2230 }, // U+00EA
    { 9, 13, 153, 0, 12, 15, 2246 }, // U+00EB
    { 4, 12, 59, -1, 12, 6, 2261 }, // U+00EC
    { 3, 13, 59, 1, 13, 5, 2267 }, // U+00ED
    { 5, 13, 59, -1, 13, 9, 2272 }, // U+00EE
    { 6, 12, 59, -1, 12, 9, 2281 }, // U+00EF
    { 9, 14, 154, 0, 13, 16, 2290 }, // U+00F0
    { 8, 13, 156, 1, 13, 13, 2306 }, // U+00F1
    { 10, 13, 163, 0, 12, 17, 2319 }, // U+00F2
    { 10, 14, 163, 0, 13, 18, 2336 }, // U+00F3
    { 10, 14, 163, 0, 13, 18, 2354 }, // U+00F4
    { 10, 14, 163, 0, 13, 18, 2372 }, // U+00F5
    { 10, 13, 163, 0, 12, 17, 2390 }, // U+00F6
    { 9, 9, 155, 0, 10, 11, 2407 }, // U+00F7
    { 10, 11, 163, 0, 10, 14, 2418 }, // U+00F8
    { 8, 13, 153, 1, 12, 13, 2432 }, // U+00F9
    { 8, 14, 153, 1, 13, 14, 2445 }, // U+00FA
    { 8, 14, 153, 1, 13, 14, 2459 }, // U+00FB
    { 8, 13, 153, 1, 12, 13, 2473 }, // U+00FC
    { 8, 17, 153, 1, 13, 17, 2486 }, // U+00FD
    { 9, 17, 164, 1, 13, 20, 2503 }, // U+00FE
    { 8, 16, 153, 1, 12, 16, 2523 }, // U+00FF
    { 11, 15, 172, 0, 14, 21, 2539 }, // U+0100
    { 9, 12, 164, 0, 11, 14, 2560 }, // U+0101
    { 11, 17, 172, 0, 16, 24, 2574 }, // U+0102
    { 9, 13, 164, 0, 12, 15, 2598 }, // U+0103
    { 11, 16, 172, 0, 12, 22, 2613 }, // U+0104
    { 10, 13, 164, 0, 9, 17, 2635 }, // U+0105
    { 11, 16, 172, 0, 15, 22, 2652 }, // U+0106
    { 9, 14, 138, 0, 13, 16, 2674 }, // U+0107
    { 11, 16, 172, 0, 15, 22, 2690 }, // U+0108
    { 9, 14, 138, 0, 13, 16, 2712 }, // U+0109
    { 11, 16, 172, 0, 15, 22, 2728 }, // U+010A
    { 9, 13, 138, 0, 12, 15, 2750 }, // U+010B
    { 11, 16, 172, 0, 15, 22, 2765 }, // U+010C
    { 9, 13, 138, 0, 12, 15, 2787 }, // U+010D
    { 11, 15, 192, 1, 15, 21, 2802 }, // U+010E
    { 13, 14, 174, 0, 13, 23, 2823 }, // U+010F
    { 12, 12, 192, 0, 12, 18, 2846 }, // U+0110
    { 11, 14, 164, 0, 13, 20, 2864 }, // U+0111
    { 8, 14, 152, 1, 14, 14, 2884 }, // U+0112
    { 9, 12, 153, 0, 11, 14, 2898 }, // U+0113
    { 8, 16, 152, 1, 16, 16, 2912 }, // U+0114
    { 9, 13, 153, 0, 12, 15, 2928 }, // U+0115
    { 8, 15, 152, 1, 15, 15, 2943 }, // U+0116
    { 9, 13, 153, 0, 12, 15, 2958 }, // U+0117
    { 8, 16, 154, 1, 12, 16, 2973 }, // U+0118
    { 9, 13, 153, 0, 9, 15, 2989 }, // U+0119
    { 8, 15, 152, 1, 15, 15, 3004 }, // U+011A
    { 9, 13, 153, 0, 12, 15, 3019 }, // U+011B
    { 11, 16, 185, 0, 15, 22, 3034 }, // U+011C
    { 10, 17, 168, 0, 13, 22, 3056 }, // U+011D
    { 11, 17, 185, 0, 16, 24, 3078 }, // U+011E
    { 10, 16, 168, 0, 12, 20, 3102 }, // U+011F
    { 11, 16, 185, 0, 15, 22, 3122 }, // U+0120
    { 10, 16, 168, 0, 12, 20, 3144 }, // U+0121
    { 11, 16, 185, 0, 12, 22, 3164 }, // U+0122
    { 10, 18, 168, 0, 14, 23, 3186 }, // U+0123
    { 10, 15, 192, 1, 15, 19, 3209 }, // U+0124
    { 10, 16, 153, -1, 16, 20, 3228 }, // U+0125
    { 12, 12, 220, 1, 12, 18, 3248 }, // U+0126
    { 9, 13, 153, 0, 13, 15, 3266 }, // U+0127
    { 6, 15, 69, -1, 15, 12, 3281 }, // U+0128
    { 6, 13, 59, -1, 13, 10, 3293 }, // U+0129
    { 6, 14, 69, -1, 14, 11, 3303 }, // U+012A
    { 6, 11, 59, -1, 11, 9, 3314 }, // U+012B
    { 6, 16, 69, -1, 16, 12, 3323 }, // U+012C
    { 6, 12, 59, -1, 12, 9, 3335 }, // U+012D
    { 5, 16, 67, -1, 12, 10, 3344 }, // U+012E
    { 5, 16, 59, -1, 12, 10, 3354 }, // U+012F
    { 2, 15, 69, 1, 15, 4, 3364 }, // U+0130
    { 2, 9, 59, 1, 9, 3, 3368 }, // U+0131
    { 8, 13, 159, 1, 12, 13, 3371 }, // U+0132
    { 6, 16, 128, 1, 12, 12, 3384 }, // U+0133
    { 10, 16, 151, 0, 15, 20, 3396 }, // U+0134
    { 6, 17, 67, -1, 13, 13, 3416 }, // U+0135
    { 10, 16, 178, 1, 12, 20, 3429 }, // U+0136
    { 8, 18, 146, 1, 13, 18, 3449 }, // U+0137
    { 8, 9, 146, 1, 9, 9, 3467 }, // U+0138
    { 8, 15, 145, 1, 15, 15, 3476 }, // U+0139
    { 4, 16, 65, 1, 16, 8, 3491 }, // U+013A
    { 8, 16, 145, 1, 12, 16, 3499 }, // U+013B
    { 4, 18, 65, 0, 13, 9, 3515 }, // U+013C
    { 8, 13, 145, 1, 13, 13, 3524 }, // U+013D
    { 5, 13, 73, 1, 13, 9, 3537 }, // U+013E
    { 8, 12, 144, 1, 12, 12, 3546 }, // U+013F
    { 5, 13, 90, 1, 13, 9, 3558 }, // U+0140
    { 10, 12, 159, 0, 12, 15, 3567 }, // U+0141
    { 6, 13, 65, -1, 13, 10, 3582 }, // U+0142
    { 10, 15, 195, 1, 15, 19, 3592 }, // U+0143
    { 8, 13, 156, 1, 13, 13, 3611 }, // U+0144
    { 10, 16, 195, 1, 12, 20, 3624 }, // U+0145
    { 8, 14, 156, 1, 9, 14, 3644 }, // U+0146
    { 10, 15, 195, 1, 15, 19, 3658 }, // U+0147
    { 8, 12, 156, 1, 12, 12, 3677 }, // U+0148
    { 10, 12, 164, -1, 12, 15, 3689 }, // U+0149
    { 11, 16, 200, 1, 12, 22, 3704 }, // U+014A
    { 8, 13, 156, 1, 9, 13, 3726 }, // U+014B
    { 12, 15, 204, 0, 14, 23, 3739 }, // U+014C
    { 10, 12, 163, 0, 11, 15, 3762 }, // U+014D
    { 12, 17, 204, 0, 16, 26, 3777 }, // U+014E
    { 10, 13, 163, 0, 12, 17, 3803 }, // U+014F
    { 12, 17, 204, 0, 16, 26, 3820 }, // U+0150
    { 10, 14, 163, 0, 13, 18, 3846 }, // U+0151
    { 16, 12, 262, 0, 12, 24, 3864 }, // U+0152
    { 17, 10, 270, 0, 9, 22, 3888 }, // U+0153
    { 10, 15, 180, 1, 15, 19, 3910 }, // U+0154
    { 6, 13, 107, 1, 13, 10, 3929 }, // U+0155
    { 10, 16, 180, 1, 12, 20, 3939 }, // U+0156
    { 7, 14, 107, 0, 9, 13, 3959 }, // U+0157
    { 10, 15, 180, 1, 15, 19, 3972 }, // U+0158
    { 6, 12, 107, 1, 12, 9, 3991 }, // U+0159
    { 9, 16, 153, 0, 15, 18, 4000 }, // U+015A
    { 8, 14, 126, 0, 13, 14, 4018 }, // U+015B
    { 9, 16, 153, 0, 15, 18, 4032 }, // U+015C
    { 8, 14, 126, 0, 13, 14, 4050 }, // U+015D
    { 9, 15, 153, 0, 12, 17, 4064 }, // U+015E
    { 8, 12, 126, 0, 9, 12, 4081 }, // U+015F
    { 9, 16, 153, 0, 15, 18, 4093 }, // U+0160
    { 8, 13, 126, 0, 12, 13, 4111 }, // U+0161
    { 10, 15, 163, 0, 12, 19, 4124 }, // U+0162
    { 6, 14, 97, 0, 11, 11, 4143 }, // U+0163
    { 10, 15, 163, 0, 15, 19, 4154 }, // U+0164
    { 7, 14, 97, 0, 14, 13, 4173 }, // U+0165
    { 10, 12, 163, 0, 12, 15, 4186 }, // U+0166
    { 6, 11, 97, 0, 11, 9, 4201 }, // U+0167
    { 10, 16, 189, 1, 15, 20, 4210 }, // U+0168
    { 8, 14, 153, 1, 13, 14, 4230 }, // U+0169
    { 10, 15, 189, 1, 14, 19, 4244 }, // U+016A
    { 8, 12, 153, 1, 11, 12, 4263 }, // U+016B
    { 10, 17, 189, 1, 16, 22, 4275 }, // U+016C
    { 8, 13, 153, 1, 12, 13, 4297 }, // U+016D
    { 10, 17, 189, 1, 16, 22, 4310 }, // U+016E
    { 8, 14, 153, 1, 13, 14, 4332 }, // U+016F
    { 10, 17, 189, 1, 16, 22, 4346 }, // U+0170
    { 8, 14, 153, 1, 13, 14, 4368 }, // U+0171
    { 10, 16, 189, 1, 12, 20, 4382 }, // U+0172
    { 8, 13, 153, 1, 9, 13, 4402 }, // U+0173
    { 16, 15, 256, 0, 15, 30, 4415 }, // U+0174
    { 13, 14, 202, 0, 13, 23, 4445 }, // U+0175
    { 10, 15, 153, 0, 15, 19, 4468 }, // U+0176
    { 8, 17, 153, 1, 13, 17, 4487 }, // U+0177
    { 10, 15, 153, 0, 15, 19, 4504 }, // U+0178
    { 11, 15, 172, 0, 15, 21, 4523 }, // U+0179
    { 8, 13, 128, 0, 13, 13, 4544 }, // U+017A
    { 11, 15, 172, 0, 15, 21, 4557 }, // U+017B
    { 8, 12, 128, 0, 12, 12, 4578 }, // U+017C
    { 11, 15, 172, 0, 15, 21, 4590 }, // U+017D
    { 8, 12, 128, 0, 12, 12, 4611 }, // U+017E
    { 12, 15, 204, 0, 14, 23, 4623 }, // U+01A0
    { 10, 12, 163, 0, 11, 15, 4646 }, // U+01A1
    { 12, 15, 189, 1, 14, 23, 4661 }, // U+01AF
    { 10, 12, 153, 1, 11, 15, 4684 }, // U+01B0
    { 22, 15, 364, 1, 15, 42, 4699 }, // U+01C4
    { 19, 12, 320, 1, 12, 29, 4741 }, // U+01C5
    { 18, 14, 292, 0, 13, 32, 4770 }, // U+01C6
    { 16, 13, 295, 1, 12, 26, 4802 }, // U+01C7
    { 11, 16, 217, 1, 12, 22, 4828 }, // U+01C8
    { 6, 17, 134, 1, 13, 13, 4850 }, // U+01C9
    { 20, 13, 345, 1, 12, 33, 4863 }, // U+01CA
    { 15, 16, 267, 1, 12, 30, 4896 }, // U+01CB
    { 12, 16, 228, 1, 12, 24, 4926 }, // U+01CC
    { 11, 16, 172, 0, 15, 22, 4950 }, // U+01CD
    { 9, 13, 164, 0, 12, 15, 4972 }, // U+01CE
    { 6, 15, 69, -1, 15, 12, 4987 }, // U+01CF
    { 5, 12, 59, -1, 12, 8, 4999 }, // U+01D0
    { 12, 16, 204, 0, 15, 24, 5007 }, // U+01D1
    { 10, 13, 163, 0, 12, 17, 5031 }, // U+01D2
    { 10, 16, 189, 1, 15, 20, 5048 }, // U+01D3
    { 8, 13, 153, 1, 12, 13, 5068 }, // U+01D4
    { 11, 16, 185, 0, 15, 22, 5081 }, // U+01E6
    { 10, 16, 168, 0, 12, 20, 5103 }, // U+01E7
    { 12, 16, 204, 0, 12, 24, 5123 }, // U+01EA
    { 10, 13, 161, 0, 9, 17, 5147 }, // U+01EB
    { 19, 12, 319, 1, 12, 29, 5164 }, // U+01F2
    { 11, 19, 172, 0, 18, 27, 5193 }, // U+01FA
    { 9, 17, 163, 0, 16, 20, 5220 }, // U+01FB
    { 15, 16, 242, 0, 15, 30, 5240 }, // U+01FC
    { 15, 14, 243, 0, 13, 27, 5270 }, // U+01FD
    { 12, 16, 195, 0, 15, 24, 5297 }, // U+01FE
    { 10, 14, 163, 0, 13, 18, 5321 }, // U+01FF
    { 11, 16, 172, 0, 15, 22, 5339 }, // U+0200
    { 9, 14, 164, 0, 13, 16, 5361 }, // U+0201
    { 11, 16, 172, 0, 15, 22, 5377 }, // U+0202
    { 9, 14, 164, 0, 13, 16, 5399 }, // U+0203
    { 8, 15, 152, 1, 15, 15, 5415 }, // U+0204
    { 9, 14, 153, 0, 13, 16, 5430 }, // U+0205
    { 8, 15, 152, 1, 15, 15, 5446 }, // U+0206
    { 9, 14, 153, 0, 13, 16, 5461 }, // U+0207
    { 7, 15, 69, -2, 15, 14, 5477 }, // U+0208
    { 6, 13, 59, -2, 13, 10, 5491 }, // U+0209
    { 6, 15, 69, -1, 15, 12, 5501 }, // U+020A
    { 6, 13, 59, -1, 13, 10, 5513 }, // U+020B
    { 12, 16, 204, 0, 15, 24, 5523 }, // U+020C
    { 10, 14, 163, 0, 13, 18, 5547 }, // U+020D
    { 12, 16, 204, 0, 15, 24, 5565 }, // U+020E
    { 10, 14, 163, 0, 13, 18, 5589 }, // U+020F
    { 10, 15, 180, 1, 15, 19, 5607 }, // U+0210
    { 7, 13, 107, 0, 13, 12, 5626 }, // U+0211
    { 10, 15, 180, 1, 15, 19, 5638 }, // U+0212
    { 6, 13, 107, 1, 13, 10, 5657 }, // U+0213
    { 10, 16, 189, 1, 15, 20, 5667 }, // U+0214
    { 8, 14, 153, 1, 13, 14, 5687 }, // U+0215
    { 10, 16, 189, 1, 15, 20, 5701 }, // U+0216
    { 8, 14, 153, 1, 13, 14, 5721 }, // U+0217
    { 9, 16, 153, 0, 12, 18, 5735 }, // U+0218
    { 8, 14, 126, 0, 9, 14, 5753 }, // U+0219
    { 10, 16, 163, 0, 12, 20, 5767 }, // U+021A
    { 6, 16, 97, 0, 11, 12, 5787 }, // U+021B
    { 4, 3, 0, 0, 12, 2, 5799 }, // U+0300
    { 3, 4, 0, 1, 13, 2, 5801 }, // U+0301
    { 5, 4, 0, 0, 13, 3, 5803 }, // U+0302
    { 7, 4, 0, 0, 13, 4, 5806 }, // U+0303
    { 7, 2, 0, 0, 11, 2, 5810 }, // U+0304
    { 6, 3, 0, 0, 12, 3, 5812 }, // U+0306
    { 3, 3, 0, 0, 12, 2, 5815 }, // U+0307
    { 5, 2, 0, 1, 12, 2, 5817 }, // U+0308
    { 4, 4, 0, 1, 13, 2, 5819 }, // U+0309
    { 5, 4, 0, 0, 13, 3, 5821 }, // U+030A
    { 6, 4, 0, 0, 13, 3, 5824 }, // U+030B
    { 5, 3, 0, 0, 12, 2, 5827 }, // U+030C
    { 6, 4, 0, 0, 13, 3, 5829 }, // U+030F
    { 6, 4, 0, 0, 13, 3, 5832 }, // U+0311
    { 3, 5, 0, 2, 14, 2, 5835 }, // U+0312
    { 3, 4, 0, 1, 11, 2, 5837 }, // U+031B
    { 3, 2, 0, 0, -1, 1, 5839 }, // U+0323
    { 6, 3, 0, 0, 0, 3, 5840 }, // U+0324
    { 3, 5, 0, 0, 0, 2, 5843 }, // U+0326
    { 4, 4, 0, 0, 1, 2, 5845 }, // U+0327
    { 5, 5, 0, 0, 1, 4, 5847 }, // U+0328
    { 5, 3, 0, 0, -1, 2, 5851 }, // U+032D
    { 6, 3, 0, 0, 0, 3, 5853 }, // U+032E
    { 6, 2, 0, 0, -1, 2, 5856 }, // U+0331
    { 5, 2, 0, 0, 6, 2, 5858 }, // U+0335
    { 11, 15, 172, 0, 12, 21, 5860 }, // U+1EA0
    { 9, 12, 164, 0, 9, 14, 5881 }, // U+1EA1
    { 11, 17, 172, 0, 16, 24, 5895 }, // U+1EA2
    { 9, 14, 164, 0, 13, 16, 5919 }, // U+1EA3
    { 11, 18, 172, 0, 17, 25, 5935 }, // U+1EA4
    { 10, 16, 164, 0, 15, 20, 5960 }, // U+1EA5
    { 11, 19, 172, 0, 18, 27, 5980 }, // U+1EA6
    { 9, 15, 164, 0, 14, 17, 6007 }, // U+1EA7
    { 11, 18, 172, 0, 17, 25, 6024 }, // U+1EA8
    { 9, 15, 164, 0, 14, 17, 6049 }, // U+1EA9
    { 11, 18, 172, 0, 17, 25, 6066 }, // U+1EAA
    { 9, 16, 164, 0, 15, 18, 6091 }, // U+1EAB
    { 11, 18, 172, 0, 15, 25, 6109 }, // U+1EAC
    { 9, 16, 164, 0, 13, 18, 6134 }, // U+1EAD
    { 11, 20, 172, 0, 19, 28, 6152 }, // U+1EAE
    { 9, 16, 164, 0, 15, 18, 6180 }, // U+1EAF
    { 11, 20, 172, 0, 19, 28, 6198 }, // U+1EB0
    { 9, 16, 164, 0, 15, 18, 6226 }, // U+1EB1
    { 11, 20, 172, 0, 19, 28, 6244 }, // U+1EB2
    { 9, 16, 164, 0, 15, 18, 6272 }, // U+1EB3
    { 11, 19, 172, 0, 18, 27, 6290 }, // U+1EB4
    { 9, 17, 164, 0, 16, 20, 6317 }, // U+1EB5
    { 11, 19, 172, 0, 16, 27, 6337 }, // U+1EB6
    { 9, 15, 164, 0, 12, 17, 6364 }, // U+1EB7
    { 8, 15, 152, 1, 12, 15, 6381 }, // U+1EB8
    { 9, 12, 153, 0, 9, 14, 6396 }, // U+1EB9
    { 8, 16, 152, 1, 16, 16, 6410 }, // U+1EBA
    { 9, 14, 153, 0, 13, 16, 6426 }, // U+1EBB
    { 8, 15, 152, 1, 15, 15, 6442 }, // U+1EBC
    { 9, 14, 153, 0, 13, 16, 6457 }, // U+1EBD
    { 10, 17, 152, 1, 17, 22, 6473 }, // U+1EBE
    { 9, 16, 153, 0, 15, 18, 6495 }, // U+1EBF
    { 8, 18, 152, 1, 18, 18, 6513 }, // U+1EC0
    { 9, 15, 153, 0, 14, 17, 6531 }, // U+1EC1
    { 8, 20, 152, 1, 20, 20, 6548 }, // U+1EC2
    { 9, 15, 153, 0, 14, 17, 6568 }, // U+1EC3
    { 8, 17, 152, 1, 17, 17, 6585 }, // U+1EC4
    { 9, 16, 153, 0, 15, 18, 6602 }, // U+1EC5
    { 8, 18, 152, 1, 15, 18, 6620 }, // U+1EC6
    { 9, 16, 153, 0, 13, 18, 6638 }, // U+1EC7
    { 4, 16, 69, 0, 16, 8, 6656 }, // U+1EC8
    { 4, 13, 59, 0, 13, 7, 6664 }, // U+1EC9
    { 2, 15, 69, 1, 12, 4, 6671 }, // U+1ECA
    { 2, 15, 59, 1, 12, 4, 6675 }, // U+1ECB
    { 12, 15, 204, 0, 12, 23, 6679 }, // U+1ECC
    { 10, 12, 163, 0, 9, 15, 6702 }, // U+1ECD
    { 12, 17, 204, 0, 16, 26, 6717 }, // U+1ECE
    { 10, 14, 163, 0, 13, 18, 6743 }, // U+1ECF
    { 12, 18, 204, 0, 17, 27, 6761 }, // U+1ED0
    { 10, 16, 163, 0, 15, 20, 6788 }, // U+1ED1
    { 12, 19, 204, 0, 18, 29, 6808 }, // U+1ED2
    { 10, 15, 163, 0, 14, 19, 6837 }, // U+1ED3
    { 12, 18, 204, 0, 17, 27, 6856 }, // U+1ED4
    { 10, 15, 163, 0, 14, 19, 6883 }, // U+1ED5
    { 12, 18, 204, 0, 17, 27, 6902 }, // U+1ED6
    { 10, 16, 163, 0, 15, 20, 6929 }, // U+1ED7
    { 12, 18, 204, 0, 15, 27, 6949 }, // U+1ED8
    { 10, 16, 163, 0, 13, 20, 6976 }, // U+1ED9
    { 12, 16, 204, 0, 15, 24, 6996 }, // U+1EDA
    { 10, 14, 163, 0, 13, 18, 7020 }, // U+1EDB
    { 12, 16, 204, 0, 15, 24, 7038 }, // U+1EDC
    { 10, 13, 163, 0, 12, 17, 7062 }, // U+1EDD
    { 12, 17, 204, 0, 16, 26, 7079 }, // U+1EDE
    { 10, 14, 163, 0, 13, 18, 7105 }, // U+1EDF
    { 12, 16, 204, 0, 15, 24, 7123 }, // U+1EE0
    { 10, 14, 163, 0, 13, 18, 7147 }, // U+1EE1
    { 12, 17, 204, 0, 14, 26, 7165 }, // U+1EE2
    { 10, 14, 163, 0, 11, 18, 7191 }, // U+1EE3
    { 10, 15, 189, 1, 12, 19, 7209 }, // U+1EE4
    { 8, 12, 153, 1, 9, 12, 7228 }, // U+1EE5
    { 10, 17, 189, 1, 16, 22, 7240 }, // U+1EE6
    { 8, 14, 153, 1, 13, 14, 7262 }, // U+1EE7
    { 12, 16, 189, 1, 15, 24, 7276 }, // U+1EE8
    { 10, 14, 153, 1, 13, 18, 7300 }, // U+1EE9
    { 12, 16, 189, 1, 15, 24, 7318 }, // U+1EEA
    { 10, 13, 153, 1, 12, 17, 7342 }, // U+1EEB
    { 12, 17, 189, 1, 16, 26, 7359 }, // U+1EEC
    { 10, 14, 153, 1, 13, 18, 7385 }, // U+1EED
    { 12, 16, 189, 1, 15, 24, 7403 }, // U+1EEE
    { 10, 14, 153, 1, 13, 18, 7427 }, // U+1EEF
    { 12, 17, 189, 1, 14, 26, 7445 }, // U+1EF0
    { 10, 14, 153, 1, 11, 18, 7471 }, // U+1EF1
    { 10, 15, 153, 0, 15, 19, 7489 }, // U+1EF2
    { 8, 16, 153, 1, 12, 16, 7508 }, // U+1EF3
    { 10, 15, 153, 0, 12, 19, 7524 }, // U+1EF4
    { 9, 13, 153, 1, 9, 15, 7543 }, // U+1EF5
    { 10, 16, 153, 0, 16, 20, 7558 }, // U+1EF6
    { 8, 17, 153, 1, 13, 17, 7578 }, // U+1EF7
    { 10, 15, 153, 0, 15, 19, 7595 }, // U+1EF8
    { 8, 17, 153, 1, 13, 17, 7614 }, // U+1EF9
    { 0, 0, 147, 0, 0, 0, 7631 }, // U+2007
    { 0, 0, 69, 0, 0, 0, 7631 }, // U+2008
    { 0, 0, 55, 0, 0, 0, 7631 }, // U+2009
    { 0, 0, 27, 0, 0, 0, 7631 }, // U+200A
    { 0, 0, 0, 0, 0, 0, 7631 }, // U+200B
    { 6, 2, 105, 0, 6, 2, 7631 }, // U+2010
    { 8, 3, 137, 0, 6, 3, 7633 }, // U+2012
    { 8, 3, 137, 0, 6, 3, 7636 }, // U+2013
    { 14, 3, 228, 0, 6, 6, 7639 }, // U+2014
    { 14, 3, 228, 0, 6, 6, 7645 }, // U+2015
    { 3, 4, 62, 0, 12, 2, 7651 }, // U+2018
    { 3, 4, 59, 0, 12, 2, 7653 }, // U+2019
    { 3, 5, 60, 0, 2, 2, 7655 }, // U+201A
    { 6, 4, 103, 0, 12, 3, 7657 }, // U+201C
    { 6, 4, 103, 0, 12, 3, 7660 }, // U+201D
    { 6, 5, 95, 0, 2, 4, 7663 }, // U+201E
    { 7, 9, 113, 0, 12, 8, 7667 }, // U+2020
    { 6, 9, 106, 0, 12, 7, 7675 }, // U+2021
    { 6, 6, 92, 0, 9, 5, 7682 }, // U+2022
    { 9, 2, 155, 0, 2, 3, 7687 }, // U+2026
    { 19, 13, 302, 0, 12, 31, 7690 }, // U+2030
    { 7, 5, 106, 0, 12, 5, 7721 }, // U+2033
    { 4, 8, 73, 0, 8, 4, 7726 }, // U+2039
    { 4, 8, 73, 0, 8, 4, 7730 }, // U+203A
    { 9, 13, 142, 0, 12, 15, 7734 }, // U+2044
    { 6, 7, 93, 0, 14, 6, 7749 }, // U+2070
    { 6, 7, 95, 0, 14, 6, 7755 }, // U+2074
    { 5, 7, 91, 0, 14, 5, 7761 }, // U+2075
    { 5, 7, 81, 0, 14, 5, 7766 }, // U+2076
    { 5, 7, 83, 0, 14, 5, 7771 }, // U+2077
    { 5, 7, 88, 0, 14, 5, 7776 }, // U+2078
    { 5, 7, 85, 0, 14, 5, 7781 }, // U+2079
    { 6, 7, 93, 0, 3, 6, 7786 }, // U+2080
    { 4, 7, 68, 0, 3, 4, 7792 }, // U+2081
    { 5, 6, 89, 0, 3, 4, 7796 }, // U+2082
    { 5, 7, 87, 0, 3, 5, 7800 }, // U+2083
    { 6, 7, 95, 0, 3, 6, 7805 }, // U+2084
    { 5, 7, 91, 0, 3, 5, 7811 }, // U+2085
    { 5, 7, 81, 0, 3, 5, 7816 }, // U+2086
    { 5, 7, 83, 0, 3, 5, 7821 }, // U+2087
    { 5, 7, 88, 0, 3, 5, 7826 }, // U+2088
    { 5, 7, 85, 0, 3, 5, 7831 }, // U+2089
    { 12, 17, 172, 0, 14, 26, 7836 }, // U+20A1
    { 9, 12, 151, 0, 12, 14, 7862 }, // U+20A3
    { 11, 13, 165, 0, 12, 18, 7876 }, // U+20A4
    { 13, 12, 195, 0, 12, 20, 7894 }, // U+20A6
    { 12, 12, 160, -1, 12, 18, 7914 }, // U+20A7
    { 16, 12, 256, 0, 12, 24, 7932 }, // U+20A9
    { 8, 12, 127, 0, 12, 12, 7956 }, // U+20AB
    { 11, 13, 175, 0, 12, 18, 7968 }, // U+20AC
    { 11, 13, 178, 0, 12, 18, 7986 }, // U+20AD
    { 12, 12, 160, -1, 12, 18, 8004 }, // U+20B1
    { 11, 17, 185, 0, 14, 24, 8022 }, // U+20B2
    { 11, 17, 172, 0, 14, 24, 8046 }, // U+20B5
    { 9, 12, 150, 0, 12, 14, 8070 }, // U+20B9
    { 10, 13, 158, 0, 12, 17, 8084 }, // U+20BA
    { 10, 15, 189, 1, 14, 19, 8101 }, // U+20BC
    { 10, 12, 160, 0, 12, 15, 8120 }, // U+20BD
    { 10, 14, 157, 0, 13, 18, 8135 }, // U+2202
    { 10, 10, 163, 0, 9, 13, 8153 }, // U+2205
    { 12, 12, 187, 0, 12, 18, 8166 }, // U+2206
    { 11, 16, 183, 0, 12, 22, 8184 }, // U+220F
    { 8, 12, 139, 0, 12, 12, 8206 }, // U+2211
    { 9, 3, 147, 0, 7, 4, 8218 }, // U+2212
    { 9, 17, 144, 0, 14, 20, 8222 }, // U+2215
    { 3, 3, 61, 0, 7, 2, 8242 }, // U+2219
    { 11, 12, 174, 0, 12, 17, 8244 }, // U+221A
    { 14, 8, 232, 0, 8, 14, 8261 }, // U+221E
    { 9, 15, 142, 0, 13, 17, 8275 }, // U+222B
    { 9, 7, 145, 0, 9, 8, 8292 }, // U+2248
    { 9, 9, 148, 0, 10, 11, 8300 }, // U+2260
    { 9, 9, 163, 1, 10, 11, 8311 }, // U+2264
    { 10, 9, 163, 0, 10, 12, 8322 }, // U+2265
    { 10, 13, 162, 0, 13, 17, 8334 }, // U+FB01
    { 10, 13, 168, 0, 13, 17, 8351 }, // U+FB02
};

static const EpdUnicodeInterval quicksand_8_mediumIntervals[] = {
    { 0xD, 0xD, 0x0 },
    { 0x20, 0x7E, 0x1 },
    { 0xA0, 0xFF, 0x60 },
    { 0x100, 0x17E, 0xC0 },
    { 0x1A0, 0x1A1, 0x13F },
    { 0x1AF, 0x1B0, 0x141 },
    { 0x1C4, 0x1D4, 0x143 },
    { 0x1E6, 0x1E7, 0x154 },
    { 0x1EA, 0x1EB, 0x156 },
    { 0x1F2, 0x1F2, 0x158 },
    { 0x1FA, 0x21B, 0x159 },
    { 0x300, 0x304, 0x17B },
    { 0x306, 0x30C, 0x180 },
    { 0x30F, 0x30F, 0x187 },
    { 0x311, 0x312, 0x188 },
    { 0x31B, 0x31B, 0x18A },
    { 0x323, 0x324, 0x18B },
    { 0x326, 0x328, 0x18D },
    { 0x32D, 0x32E, 0x190 },
    { 0x331, 0x331, 0x192 },
    { 0x335, 0x335, 0x193 },
    { 0x1EA0, 0x1EF9, 0x194 },
    { 0x2007, 0x200B, 0x1EE },
    { 0x2010, 0x2010, 0x1F3 },
    { 0x2012, 0x2015, 0x1F4 },
    { 0x2018, 0x201A, 0x1F8 },
    { 0x201C, 0x201E, 0x1FB },
    { 0x2020, 0x2022, 0x1FE },
    { 0x2026, 0x2026, 0x201 },
    { 0x2030, 0x2030, 0x202 },
    { 0x2033, 0x2033, 0x203 },
    { 0x2039, 0x203A, 0x204 },
    { 0x2044, 0x2044, 0x206 },
    { 0x2070, 0x2070, 0x207 },
    { 0x2074, 0x2079, 0x208 },
    { 0x2080, 0x2089, 0x20E },
    { 0x20A1, 0x20A1, 0x218 },
    { 0x20A3, 0x20A4, 0x219 },
    { 0x20A6, 0x20A7, 0x21B },
    { 0x20A9, 0x20A9, 0x21D },
    { 0x20AB, 0x20AD, 0x21E },
    { 0x20B1, 0x20B2, 0x221 },
    { 0x20B5, 0x20B5, 0x223 },
    { 0x20B9, 0x20BA, 0x224 },
    { 0x20BC, 0x20BD, 0x226 },
    { 0x2202, 0x2202, 0x228 },
    { 0x2205, 0x2206, 0x229 },
    { 0x220F, 0x220F, 0x22B },
    { 0x2211, 0x2212, 0x22C },
    { 0x2215, 0x2215, 0x22E },
    { 0x2219, 0x221A, 0x22F },
    { 0x221E, 0x221E, 0x231 },
    { 0x222B, 0x222B, 0x232 },
    { 0x2248, 0x2248, 0x233 },
    { 0x2260, 0x2260, 0x234 },
    { 0x2264, 0x2265, 0x235 },
    { 0xFB01, 0xFB02, 0x237 },
};

static const EpdKernClassEntry quicksand_8_mediumKernLeftClasses[] = {
    { 0x0026, 1 }, // &
    { 0x0028, 2 }, // (
    { 0x002A, 3 }, // *
    { 0x002B, 4 }, // +
    { 0x002C, 5 }, // ,
    { 0x002D, 4 }, // -
    { 0x002E, 6 }, // .
    { 0x002F, 7 }, // /
    { 0x0030, 8 }, // 0
    { 0x0031, 9 }, // 1
    { 0x0032, 10 }, // 2
    { 0x0034, 11 }, // 4
    { 0x0035, 12 }, // 5
    { 0x0036, 13 }, // 6
    { 0x0037, 14 }, // 7
    { 0x0038, 15 }, // 8
    { 0x0039, 16 }, // 9
    { 0x003E, 17 }, // >
    { 0x003F, 18 }, // ?
    { 0x0040, 19 }, // @
    { 0x0041, 20 }, // A
    { 0x0042, 21 }, // B
    { 0x0044, 8 }, // D
    { 0x0045, 22 }, // E
    { 0x0046, 23 }, // F
    { 0x0047, 24 }, // G
    { 0x004A, 25 }, // J
    { 0x004B, 26 }, // K
    { 0x004C, 27 }, // L
    { 0x004F, 8 }, // O
    { 0x0050, 28 }, // P
    { 0x0051, 29 }, // Q
    { 0x0052, 30 }, // R
    { 0x0053, 31 }, // S
    { 0x0054, 32 }, // T
    { 0x0055, 33 }, // U
    { 0x0056, 34 }, // V
    { 0x0057, 35 }, // W
    { 0x0058, 36 }, // X
    { 0x0059, 37 }, // Y
    { 0x005A, 38 }, // Z
    { 0x005C, 39 }, // <backslash>
    { 0x005F, 40 }, // _
    { 0x0061, 41 }, // a
    { 0x0062, 42 }, // b
    { 0x0063, 43 }, // c
    { 0x0064, 44 }, // d
    { 0x0065, 45 }, // e
    { 0x0066, 46 }, // f
    { 0x0067, 47 }, // g
    { 0x0068, 48 }, // h
    { 0x0069, 49 }, // i
    { 0x006A, 50 }, // j
    { 0x006B, 51 }, // k
    { 0x006C, 52 }, // l
    { 0x006D, 48 }, // m
    { 0x006E, 48 }, // n
    { 0x006F, 42 }, // o
    { 0x0070, 42 }, // p
    { 0x0071, 53 }, // q
    { 0x0072, 54 }, // r
    { 0x0073, 55 }, // s
    { 0x0074, 56 }, // t
    { 0x0075, 57 }, // u
    { 0x0076, 58 }, // v
    { 0x0077, 59 }, // w
    { 0x0078, 60 }, // x
    { 0x0079, 61 }, // y
    { 0x007A, 62 }, // z
    { 0x007E, 4 }, // ~
    { 0x00A1, 63 }, // U+00A1
    { 0x00B7, 64 }, // U+00B7
    { 0x00BF, 65 }, // U+00BF
    { 0x00D9, 33 }, // U+00D9
    { 0x00DA, 33 }, // U+00DA
    { 0x00DB, 33 }, // U+00DB
    { 0x00DC, 33 }, // U+00DC
    { 0x00DD, 37 }, // U+00DD
    { 0x00DE, 66 }, // U+00DE
    { 0x00DF, 67 }, // U+00DF
    { 0x00E0, 41 }, // U+00E0
    { 0x00E1, 41 }, // U+00E1
    { 0x00E2, 41 }, // U+00E2
    { 0x00E3, 41 }, // U+00E3
    { 0x00E4, 41 }, // U+00E4
    { 0x00E5, 41 }, // U+00E5
    { 0x00E8, 45 }, // U+00E8
    { 0x00E9, 45 }, // U+00E9
    { 0x00EA, 45 }, // U+00EA
    { 0x00EB, 45 }, // U+00EB
    { 0x00F0, 68 }, // U+00F0
    { 0x00F2, 42 }, // U+00F2
    { 0x00F3, 42 }, // U+00F3
    { 0x00F4, 42 }, // U+00F4
    { 0x00F5, 42 }, // U+00F5
    { 0x00F6, 42 }, // U+00F6
    { 0x00F7, 69 }, // U+00F7
    { 0x00F8, 42 }, // U+00F8
    { 0x00F9, 57 }, // U+00F9
    { 0x00FA, 57 }, // U+00FA
    { 0x00FB, 57 }, // U+00FB
    { 0x00FC, 57 }, // U+00FC
    { 0x00FD, 61 }, // U+00FD
    { 0x00FF, 61 }, // U+00FF
    { 0x0101, 41 }, // U+0101
    { 0x0103, 41 }, // U+0103
    { 0x0105, 41 }, // U+0105
    { 0x010F, 70 }, // U+010F
    { 0x0113, 45 }, // U+0113
    { 0x0114, 22 }, // U+0114
    { 0x0115, 45 }, // U+0115
    { 0x0117, 45 }, // U+0117
    { 0x0119, 45 }, // U+0119
    { 0x011B, 45 }, // U+011B
    { 0x013E, 71 }, // U+013E
    { 0x014D, 42 }, // U+014D
    { 0x014F, 42 }, // U+014F
    { 0x0151, 42 }, // U+0151
    { 0x0153, 42 }, // U+0153
    { 0x0165, 72 }, // U+0165
    { 0x0169, 57 }, // U+0169
    { 0x016A, 33 }, // U+016A
    { 0x016B, 57 }, // U+016B
    { 0x016D, 57 }, // U+016D
    { 0x016E, 33 }, // U+016E
    { 0x016F, 57 }, // U+016F
    { 0x0170, 33 }, // U+0170
    { 0x0171, 57 }, // U+0171
    { 0x0172, 33 }, // U+0172
    { 0x0173, 57 }, // U+0173
    { 0x0176, 37 }, // U+0176
    { 0x0177, 61 }, // U+0177
    { 0x0178, 37 }, // U+0178
    { 0x01A1, 42 }, // U+01A1
    { 0x01B0, 57 }, // U+01B0
    { 0x01CD, 20 }, // U+01CD
    { 0x01CE, 41 }, // U+01CE
    { 0x01D2, 42 }, // U+01D2
    { 0x01D4, 57 }, // U+01D4
    { 0x01EB, 42 }, // U+01EB
    { 0x01FB, 41 }, // U+01FB
    { 0x01FF, 42 }, // U+01FF
    { 0x0200, 20 }, // U+0200
    { 0x0201, 41 }, // U+0201
    { 0x0202, 20 }, // U+0202
    { 0x0203, 41 }, // U+0203
    { 0x0204, 22 }, // U+0204
    { 0x0205, 45 }, // U+0205
    { 0x0206, 22 }, // U+0206
    { 0x0207, 45 }, // U+0207
    { 0x020D, 42 }, // U+020D
    { 0x020F, 42 }, // U+020F
    { 0x0215, 57 }, // U+0215
    { 0x0217, 57 }, // U+0217
    { 0x1EA0, 20 }, // U+1EA0
    { 0x1EA1, 41 }, // U+1EA1
    { 0x1EA2, 20 }, // U+1EA2
    { 0x1EA3, 41 }, // U+1EA3
    { 0x1EA4, 20 }, // U+1EA4
    { 0x1EA5, 41 }, // U+1EA5
    { 0x1EA6, 20 }, // U+1EA6
    { 0x1EA7, 41 }, // U+1EA7
    { 0x1EA8, 20 }, // U+1EA8
    { 0x1EA9, 41 }, // U+1EA9
    { 0x1EAA, 20 }, // U+1EAA
    { 0x1EAB, 41 }, // U+1EAB
    { 0x1EAC, 20 }, // U+1EAC
    { 0x1EAD, 41 }, // U+1EAD
    { 0x1EAE, 20 }, // U+1EAE
    { 0x1EAF, 41 }, // U+1EAF
    { 0x1EB0, 20 }, // U+1EB0
    { 0x1EB1, 41 }, // U+1EB1
    { 0x1EB2, 20 }, // U+1EB2
    { 0x1EB3, 41 }, // U+1EB3
    { 0x1EB4, 20 }, // U+1EB4
    { 0x1EB5, 41 }, // U+1EB5
    { 0x1EB6, 20 }, // U+1EB6
    { 0x1EB7, 41 }, // U+1EB7
    { 0x1EB8, 22 }, // U+1EB8
    { 0x1EB9, 45 }, // U+1EB9
    { 0x1EBA, 22 }, // U+1EBA
    { 0x1EBB, 45 }, // U+1EBB
    { 0x1EBC, 22 }, // U+1EBC
    { 0x1EBD, 45 }, // U+1EBD
    { 0x1EBE, 22 }, // U+1EBE
    { 0x1EBF, 45 }, // U+1EBF
    { 0x1EC0, 22 }, // U+1EC0
    { 0x1EC1, 45 }, // U+1EC1
    { 0x1EC2, 22 }, // U+1EC2
    { 0x1EC3, 45 }, // U+1EC3
    { 0x1EC4, 22 }, // U+1EC4
    { 0x1EC5, 45 }, // U+1EC5
    { 0x1EC6, 22 }, // U+1EC6
    { 0x1EC7, 45 }, // U+1EC7
    { 0x1ECD, 42 }, // U+1ECD
    { 0x1ECF, 42 }, // U+1ECF
    { 0x1ED1, 42 }, // U+1ED1
    { 0x1ED3, 42 }, // U+1ED3
    { 0x1ED5, 42 }, // U+1ED5
    { 0x1ED7, 42 }, // U+1ED7
    { 0x1ED9, 42 }, // U+1ED9
    { 0x1EDB, 42 }, // U+1EDB
    { 0x1EDD, 42 }, // U+1EDD
    { 0x1EDF, 42 }, // U+1EDF
    { 0x1EE1, 42 }, // U+1EE1
    { 0x1EE3, 42 }, // U+1EE3
    { 0x1EE5, 57 }, // U+1EE5
    { 0x1EE7, 57 }, // U+1EE7
    { 0x1EE9, 57 }, // U+1EE9
    { 0x1EEB, 57 }, // U+1EEB
    { 0x1EED, 57 }, // U+1EED
    { 0x1EEF, 57 }, // U+1EEF
    { 0x1EF1, 57 }, // U+1EF1
    { 0x1EF2, 37 }, // U+1EF2
    { 0x1EF3, 61 }, // U+1EF3
    { 0x1EF5, 61 }, // U+1EF5
    { 0x2013, 73 }, // U+2013
    { 0x2014, 4 }, // U+2014
    { 0x2018, 74 }, // U+2018
    { 0x2019, 75 }, // U+2019
    { 0x201A, 76 }, // U+201A
    { 0x201C, 74 }, // U+201C
    { 0x201D, 75 }, // U+201D
    { 0x201E, 76 }, // U+201E
    { 0x2022, 77 }, // U+2022
    { 0x2212, 4 }, // U+2212
    { 0x2248, 4 }, // U+2248
    { 0x2260, 4 }, // U+2260
};

static const EpdKernClassEntry quicksand_8_mediumKernRightClasses[] = {
    { 0x0021, 1 }, // !
    { 0x0022, 2 }, // "
    { 0x0026, 3 }, // &
    { 0x0029, 4 }, // )
    { 0x002A, 5 }, // *
    { 0x002C, 6 }, // ,
    { 0x002E, 7 }, // .
    { 0x002F, 8 }, // /
    { 0x0031, 9 }, // 1
    { 0x0034, 10 }, // 4
    { 0x0035, 11 }, // 5
    { 0x0036, 12 }, // 6
    { 0x0037, 13 }, // 7
    { 0x0039, 14 }, // 9
    { 0x003F, 15 }, // ?
    { 0x0040, 16 }, // @
    { 0x0041, 17 }, // A
    { 0x0043, 18 }, // C
    { 0x0047, 18 }, // G
    { 0x004A, 19 }, // J
    { 0x004F, 18 }, // O
    { 0x0051, 18 }, // Q
    { 0x0053, 20 }, // S
    { 0x0054, 21 }, // T
    { 0x0055, 22 }, // U
    { 0x0056, 23 }, // V
    { 0x0057, 24 }, // W
    { 0x0058, 25 }, // X
    { 0x0059, 26 }, // Y
    { 0x005A, 27 }, // Z
    { 0x005C, 28 }, // <backslash>
    { 0x005D, 29 }, // ]
    { 0x005F, 30 }, // _
    { 0x0061, 31 }, // a
    { 0x0062, 32 }, // b
    { 0x0063, 33 }, // c
    { 0x0064, 33 }, // d
    { 0x0065, 33 }, // e
    { 0x0066, 34 }, // f
    { 0x0067, 35 }, // g
    { 0x0068, 32 }, // h
    { 0x006A, 36 }, // j
    { 0x006B, 32 }, // k
    { 0x006C, 32 }, // l
    { 0x006D, 37 }, // m
    { 0x006E, 37 }, // n
    { 0x006F, 33 }, // o
    { 0x0070, 38 }, // p
    { 0x0071, 33 }, // q
    { 0x0072, 37 }, // r
    { 0x0073, 39 }, // s
    { 0x0074, 40 }, // t
    { 0x0075, 41 }, // u
    { 0x0076, 42 }, // v
    { 0x0077, 43 }, // w
    { 0x0078, 44 }, // x
    { 0x0079, 45 }, // y
    { 0x007A, 46 }, // z
    { 0x00A1, 47 }, // U+00A1
    { 0x00B7, 48 }, // U+00B7
    { 0x00BF, 49 }, // U+00BF
    { 0x00D0, 50 }, // U+00D0
    { 0x00D9, 22 }, // U+00D9
    { 0x00DA, 22 }, // U+00DA
    { 0x00DB, 22 }, // U+00DB
    { 0x00DC, 22 }, // U+00DC
    { 0x00DD, 26 }, // U+00DD
    { 0x00DF, 51 }, // U+00DF
    { 0x00E0, 31 }, // U+00E0
    { 0x00E1, 31 }, // U+00E1
    { 0x00E2, 31 }, // U+00E2
    { 0x00E3, 31 }, // U+00E3
    { 0x00E4, 31 }, // U+00E4
    { 0x00E5, 31 }, // U+00E5
    { 0x00E8, 33 }, // U+00E8
    { 0x00E9, 33 }, // U+00E9
    { 0x00EA, 33 }, // U+00EA
    { 0x00EB, 33 }, // U+00EB
    { 0x00F0, 52 }, // U+00F0
    { 0x00F9, 41 }, // U+00F9
    { 0x00FA, 41 }, // U+00FA
    { 0x00FB, 41 }, // U+00FB
    { 0x00FC, 41 }, // U+00FC
    { 0x00FD, 45 }, // U+00FD
    { 0x00FE, 53 }, // U+00FE
    { 0x00FF, 45 }, // U+00FF
    { 0x0101, 31 }, // U+0101
    { 0x0103, 31 }, // U+0103
    { 0x0105, 31 }, // U+0105
    { 0x0113, 33 }, // U+0113
    { 0x0115, 33 }, // U+0115
    { 0x0117, 33 }, // U+0117
    { 0x0119, 33 }, // U+0119
    { 0x011B, 33 }, // U+011B
    { 0x0127, 54 }, // U+0127
    { 0x013E, 32 }, // U+013E
    { 0x0169, 41 }, // U+0169
    { 0x016A, 22 }, // U+016A
    { 0x016B, 41 }, // U+016B
    { 0x016D, 41 }, // U+016D
    { 0x016E, 22 }, // U+016E
    { 0x016F, 41 }, // U+016F
    { 0x0170, 22 }, // U+0170
    { 0x0171, 41 }, // U+0171
    { 0x0172, 22 }, // U+0172
    { 0x0173, 41 }, // U+0173
    { 0x0176, 26 }, // U+0176
    { 0x0177, 45 }, // U+0177
    { 0x0178, 26 }, // U+0178
    { 0x01B0, 41 }, // U+01B0
    { 0x01CD, 17 }, // U+01CD
    { 0x01CE, 31 }, // U+01CE
    { 0x01D4, 41 }, // U+01D4
    { 0x01FB, 31 }, // U+01FB
    { 0x0200, 17 }, // U+0200
    { 0x0201, 31 }, // U+0201
    { 0x0202, 17 }, // U+0202
    { 0x0203, 31 }, // U+0203
    { 0x0205, 33 }, // U+0205
    { 0x0207, 33 }, // U+0207
    { 0x0215, 41 }, // U+0215
    { 0x0217, 41 }, // U+0217
    { 0x1EA0, 17 }, // U+1EA0
    { 0x1EA1, 31 }, // U+1EA1
    { 0x1EA2, 17 }, // U+1EA2
    { 0x1EA3, 31 }, // U+1EA3
    { 0x1EA4, 17 }, // U+1EA4
    { 0x1EA5, 31 }, // U+1EA5
    { 0x1EA6, 17 }, // U+1EA6
    { 0x1EA7, 31 }, // U+1EA7
    { 0x1EA8, 17 }, // U+1EA8
    { 0x1EA9, 31 }, // U+1EA9
    { 0x1EAA, 17 }, // U+1EAA
    { 0x1EAB, 31 }, // U+1EAB
    { 0x1EAC, 17 }, // U+1EAC
    { 0x1EAD, 31 }, // U+1EAD
    { 0x1EAE, 17 }, // U+1EAE
    { 0x1EAF, 31 }, // U+1EAF
    { 0x1EB0, 17 }, // U+1EB0
    { 0x1EB1, 31 }, // U+1EB1
    { 0x1EB2, 17 }, // U+1EB2
    { 0x1EB3, 31 }, // U+1EB3
    { 0x1EB4, 17 }, // U+1EB4
    { 0x1EB5, 31 }, // U+1EB5
    { 0x1EB6, 17 }, // U+1EB6
    { 0x1EB7, 31 }, // U+1EB7
    { 0x1EB9, 33 }, // U+1EB9
    { 0x1EBB, 33 }, // U+1EBB
    { 0x1EBD, 33 }, // U+1EBD
    { 0x1EBF, 33 }, // U+1EBF
    { 0x1EC1, 33 }, // U+1EC1
    { 0x1EC3, 33 }, // U+1EC3
    { 0x1EC5, 33 }, // U+1EC5
    { 0x1EC7, 33 }, // U+1EC7
    { 0x1EE5, 41 }, // U+1EE5
    { 0x1EE7, 41 }, // U+1EE7
    { 0x1EE9, 41 }, // U+1EE9
    { 0x1EEB, 41 }, // U+1EEB
    { 0x1EED, 41 }, // U+1EED
    { 0x1EEF, 41 }, // U+1EEF
    { 0x1EF1, 41 }, // U+1EF1
    { 0x1EF2, 26 }, // U+1EF2
    { 0x1EF3, 45 }, // U+1EF3
    { 0x1EF5, 45 }, // U+1EF5
    { 0x201C, 55 }, // U+201C
    { 0x201D, 56 }, // U+201D
    { 0x2022, 57 }, // U+2022
};

static const int8_t quicksand_8_mediumKernMatrix[] = {
       0,    0,    0,   -4,    0,    0,    0,    0,    0,    0,    0,    0,    0,    0,    0,    0,    0,    0,    0,    0,    0,    0,   -6,    0,    0,    0,    0,    0,    0,    0,    0,    0,    0,    0,    0,    0,    0,    0,    0,    0,    0,   -5,    0,    0,    0,    0,    0,    0,    0,    0,    0,   -3,    0,    0,    0,    0,    0,
       0,    0,    0,    0,    0,    0,    0,    0,    0,    0,    0,    0,    0,    0,    0,    0,    0,    0,    0,    0,    0,    0,    0,    0,    0,    0,    0,    0,    0,    0,    0,    0,    0,    0,    0,    0,    0,    0,    0,    0,    0,    0,    0,    0,    0,    0,    0,    0,    0,    0,    0,    0,    4,    0,    0,    0,    0,
       0,    0,    0,    0,    0,    0,    0,    0,    0,    0,    0,    0,    0,    0,    0,    0,    0,    0,    0,    0,    0,    0,    0,    0,    0,    0,    0,    0,    0,    0,    0,    0,    0,    0,    0,    0,    0,    0,    0,    0,    0,    3,    0,    0,    0,    0,    0,    0,    0,    0,    0,   -7,    0,    0,    0,    0,    0,
       0,    0,    0,    0,    0,    0,    0,    0,  -12,    0,    0,    0,    0,    0,    0,    0,    0,    0,    0,    0,    0,    0,    0,    0,    0,    0,    0,    0,    0,    0,    0,    0,    0,    0,    0,    0,    0,    0,    0,    0,    0,    0,    0,    0,    0,    0,    0,    0,    0,    0,    0,    0,    0,    0,    0,    0,    0,
       0,    0,    0,    0,    0,    0,    0,    0,  -15,    0,    0,    0,    0,    0,    0,    0,    0,    0,    0,    0,    0,    0,    0,    0,    0,    0,    0,    0,    0,    0,    0,    0,    0,    0,    0,    3,    0,    0,    0,    0,    0,    0,    0,    0,    0,    0,    0,    0,    0,    0,    0,    0,    0,    0,    0,    0,    0,
       0,    0,    0,    0,    0,    0,    0,    0,  -12,   -8,    0,    0,    0,    0,    0,    0,    0,    0,    0,    0,    0,    0,    0,    0,    0,    0,    0,    0,    0,    0,    0,    0,    0,    0,    0,    0,    0,    0,    0,    0,    0,    0,    0,    0,    0,    0,    0,    0,    0,    0,    0,    0,    0,    0,    0,    0,    0,
       0,    0,    0,    0,    0,    0,    0,  -25,    0,    0,    0,    0,    0,    0,    0,    0,    0,    0,    0,    0,    0,    0,    0,    0,    0,    0,    0,    0,    0,    0,    0,    0,    0,    0,    0,    0,    0,    0,    0,    0,    0,   -1,    0,   -3,    0,    0,    0,    0,    0,    0,   -3,   -9,    0,    0,    0,    0,    0,
       0,    0,    0,    0,    0,    0,    0,    0,    0,    0,    0,    0,  -13,    0,    0,    0,   -1,    0,   -4,    0,   -5,    0,   -3,   -1,   -8,   -7,   -4,    0,    0,    0,    0,    0,    2,    0,    0,    0,    0,    0,    0,    0,    0,    0,    0,   -3,    0,    0,    0,    0,    0,    0,    0,    0,    0,    0,    0,    0,    0,
       0,    0,    0,    0,    0,    0,    0,    0,    0,   -3,    0,    0,    0,    0,    0,    0,    0,    0,    0,    0,    0,    0,    0,    0,    0,    0,    0,    0,    0,    0,    0,    0,    0,    0,    0,    0,    0,    0,    0,    0,    0,    0,    0,    0,    0,    0,    0,    0,    0,    0,    0,    0,    0,    0,    0,    0,    0,
       0,    0,    0,    0,    0,    0,    0,    0,    0,   -3,    0,    0,   -3,    0,    0,    0,    0,    0,    0,    0,    0,    0,    0,    0,    0,    0,    0,    0,    0,    0,    0,    0,    0,    0,    0,    0,    0,    0,    0,    0,    0,    0,    0,    0,    0,    0,    0,    0,    0,    0,    0,    0,    0,    0,    0,    0,    0,
       0,    0,    0,    0,    0,    0,    0,    0,   -4,    0,    1,    0,   -8,   -5,    0,    0,    0,    0,    0,    0,    0,    0,    0,    0,    0,    0,    0,    0,    0,    0,    0,    0,    0,    0,    0,    0,    0,    0,    0,    0,    0,    0,    0,    0,    0,    0,    0,    0,    0,    0,    0,    0,    0,    0,    0,    0,    0,
       0,    0,    0,    0,    0,    0,   -8,    0,    0,    0,    0,    0,    0,    0,    0,    0,    0,    0,    0,    0,    0,    0,    0,    0,    0,    0,    0,    0,    0,    0,    0,    0,    0,    0,    0,    0,    0,    0,    0,    0,    0,    0,    0,    0,    0,    0,    0,    0,    0,    0,    0,    0,    0,    0,    0,    0,    0,
       0,    0,    0,    0,    0,    0,    0,    0,   -3,    3,    0,    0,    0,    0,    0,    0,    0,    0,    0,    0,    0,    0,    0,    0,    0,    0,    0,    0,    0,    0,    0,    0,    0,    0,    0,    0,    0,    0,    0,    0,    0,    0,    0,    0,    0,    0,    0,    0,    0,    0,    0,    0,    0,    0,    0,    0,    0,
       0,    0,    0,    0,    0,  -11,  -17,    0,   12,  -11,    0,   -8,    0,    0,    0,    0,    0,   -5,    0,    0,    0,    0,    0,    0,    0,    0,    0,    0,    0,    0,    0,    0,    0,    0,    0,    0,    0,    0,    0,    0,    0,    0,    0,    0,    0,    0,    0,    0,    0,    0,    0,    0,    0,    0,    0,    0,    0,
       0,    0,    0,    0,    0,    0,    0,    0,    0,    0,    0,    0,   -5,    0,    0,    0,    0,    0,    0,    0,    0,    0,    0,    0,    0,    0,    0,    0,    0,    0,    0,    0,    0,    0,    0,    0,    0,    0,    0,    0,    0,    0,    0,    0,    0,    0,    0,    0,    0,    0,    0,    0,    0,    0,    0,    0,    0,
       0,    0,    0,    0,    0,   -5,  -11,    0,    1,    0,    0,    0,   -8,    0,    0,    0,    0,    0,    0,    0,    0,    0,    0,    0,    0,    0,    0,    0,    0,    0,    0,    0,    0,    0,    0,    0,    0,    0,    0,    0,    0,    0,    0,    0,    0,    0,    0,    0,    0,    0,    0,    0,    0,    0,    0,    0,    0,
       0,    0,    0,    0,    0,    0,    0,    0,   -4,    0,    0,    0,    0,    0,    0,    0,    0,    0,    0,    0,    0,    0,    0,    0,    0,    0,    0,    0,    0,    0,    0,    0,    0,    0,    0,    0,    0,    0,    0,    0,    0,    0,    0,    0,    0,    0,    0,    0,    0,    0,    0,    0,    0,    0,    0,    0,    0,
       0,    0,    0,    0,    0,    0,    0,    0,    0,    0,    0,    0,    0,    0,    0,    0,    0,    0,    0,    0,    0,    0,    0,    0,    0,    0,    0,    0,    0,    0,    0,    0,    0,    0,    0,    0,    0,    0,    0,    0,    0,    0,    0,    0,    0,    0,    0,    0,    0,    0,    0,   -4,    0,    0,    0,    0,    0,
       0,    0,    0,    0,    0,    0,    0,    0,    0,    0,    0,    0,    0,    0,    0,    0,    0,    0,    0,    0,    0,    0,   -3,    0,    0,    0,    0,    0,    0,    0,    0,    0,    0,    0,    0,    0,    0,    0,    0,    0,    0,    0,    0,   -1,    0,    0,    0,    0,    0,    0,    0,    0,    0,    0,    0,    0,    0,
       0,    0,    0,    0,    0,    0,    0,    0,    0,    0,    0,    0,    0,    0,    0,    0,    0,   -1,    0,    0,  -13,   -3,  -25,   -6,    0,  -11,    0,    0,    0,    0,    5,    0,    0,    0,    0,    0,    0,    0,    0,   -1,   -3,   -7,   -2,    0,   -7,    0,    0,    0,    0,    0,    0,    0,    0,    0,    0,    0,    0,
       0,    0,    0,    0,    0,    0,    0,    0,    0,    0,    0,    0,    0,    0,    0,    0,    0,    0,    0,    0,   -4,    0,   -2,   -2,   -3,   -6,    0,    0,    0,    0,    0,   -1,    0,    0,   -1,    0,    0,    0,    0,    0,    0,    0,    0,   -1,    0,    0,    0,    0,    0,    0,    0,    0,    0,    0,    0,    0,    0,
       0,    0,    0,    0,    0,    0,    0,    0,    0,    0,    0,    0,    0,    0,    0,    0,    0,    0,   -3,    0,    0,    0,    0,    0,    0,    0,    0,    0,    0,    0,    0,    0,   -1,    0,   -3,    0,    0,    0,    0,    0,   -3,   -4,    0,    0,   -3,    0,    0,    0,    0,    0,    0,    0,    0,    0,    0,    0,    0,
       0,    0,    0,    0,    0,    0,    0,    0,    0,    0,    0,    0,    0,    0,    0,    0,   -9,   -2,  -32,   -1,    4,    0,    0,    0,   -1,    0,    0,    0,    0,    0,   -5,    0,   -4,    0,   -3,    0,   -2,   -2,   -3,    0,   -4,   -1,    0,   -4,    0,   -1,    0,    0,    0,    0,    0,    0,    0,    0,    0,    0,    0,
       0,    0,    0,    0,    0,    0,    0,    0,    0,    0,    0,    0,    0,    0,    0,    0,    0,    0,    0,    0,   -7,    0,   -4,   -3,    0,   -6,    0,    0,    0,    0,    4,    0,    0,    0,    0,    0,    0,    0,    0,    0,    0,    0,    0,    0,    0,    0,    0,    0,    0,    0,    0,    0,    0,    0,    0,    0,    0,
       0,    0,    0,    0,    0,    0,    0,    0,    0,    0,    0,    0,    0,    0,    0,    0,   -4,    0,    0,    0,    0,    0,    0,    0,    0,    0,    0,    0,    0,    0,    0,    0,    0,    0,    0,    0,    0,    0,    0,    0,    0,    0,    0,    0,    0,    0,    0,    0,    0,    0,    0,    0,    0,    0,    0,    0,    0,
       0,    0,    0,    0,    0,    0,    0,    0,    0,    0,    0,    0,    0,    0,    0,    0,    0,   -8,   -1,   -3,    0,   -4,   -1,   -1,    0,    5,    0,    0,    0,    0,    0,    0,   -6,    0,    0,    0,   -2,   -2,   -1,   -1,   -3,   -2,   -4,    0,   -5,    0,    0,    0,    0,    0,    0,    0,    0,    0,    0,    0,    0,
       0,    0,    0,    0,    0,    0,    0,    0,    0,    0,    0,    0,    0,    0,    0,    0,    0,   -3,    0,    0,  -19,   -5,  -13,   -8,    0,  -16,    0,    0,    0,    0,    0,    0,    0,    0,    0,    0,    0,    0,    0,   -1,    0,   -6,   -1,    0,   -6,    5,    0,    0,    0,    0,    0,    0,    0,    0,    0,    0,    0,
       0,    0,    0,    0,    0,  -40,  -27,    0,    0,    0,    0,    0,    0,    0,    0,    0,  -11,    0,  -20,    0,    0,    0,    0,    2,   -4,    0,   -4,    0,    0,    0,   -1,    0,   -3,    2,   -3,    0,    0,    0,    0,    4,   -1,    3,    4,    0,    3,    0,    0,    0,    0,    0,    0,    0,    0,    0,    0,    0,    0,
       0,    0,    0,    0,    0,    0,    0,    0,    0,    0,    0,    0,  -13,    0,    0,    0,   -1,    0,   -4,    0,   -5,    0,   -3,   -1,   -8,   -7,   -4,    0,    0,   -5,    0,    0,    2,    0,    0,    0,    0,    0,    0,    0,    0,    0,    0,   -3,    0,    0,    0,    0,    0,    0,    0,    0,    0,    0,    0,    0,    0,
       0,    0,    0,    0,    0,    0,    0,    0,    0,    0,    0,    0,    0,    0,    0,    0,    0,   -3,    0,    0,   -4,   -1,   -4,    0,    0,   -5,    0,    0,    0,    0,    1,    0,   -1,    0,    0,    0,    0,    0,    0,    0,   -3,    0,    0,    0,    0,    0,    0,    0,    0,    0,    0,    0,    0,    0,    0,    0,    0,
       0,    0,    0,    0,    0,    0,    0,    0,    0,    0,    0,    0,    0,    0,    0,    0,    0,    0,    0,    0,    0,    0,    0,    0,   -4,   -4,    0,    0,    0,    0,    0,    0,    0,    0,    0,    0,    0,    0,    0,    0,    0,    0,    0,    0,    0,    0,    0,    0,    0,    0,    0,    0,    0,    0,    0,    0,    0,
       0,    0,    0,    0,    0,    0,  -27,    0,    0,    0,    0,    0,    0,    0,    0,    0,  -13,   -5,  -17,    0,    8,    0,    3,    3,    0,    3,    0,    0,    0,    0,  -27,    0,  -32,    0,  -12,    0,  -16,   -5,  -29,    0,  -32,   -3,  -32,   -4,  -17,  -32,    0,    0,    0,    0,    0,    0,    0,    2,    0,    0,    0,
       0,    0,    0,    0,    0,    0,    0,    0,    0,    0,    0,    0,    0,    0,    0,    0,   -3,    0,   -3,   -3,    0,    0,    0,    0,   -3,   -3,    0,    0,    0,    0,    0,    0,    0,    0,    0,    0,    0,    0,    0,    0,    0,    0,    0,   -1,    0,    0,    0,    0,    0,    0,    0,    0,    0,    0,    0,    0,    0,
       0,    0,   -3,    0,    0,    0,    0,   -9,    0,    0,    0,    0,    0,    0,    3,   -3,   -9,   -3,  -15,   -3,    3,    0,    0,    0,    0,    0,    0,    0,    0,  -14,   -3,    0,   -6,    0,   -5,    0,   -3,   -3,   -4,    0,   -3,    0,    0,    0,    0,   -1,   -3,   -5,   -9,    0,    0,    0,    0,    0,    0,    0,   -4,
       0,    0,    0,    0,    0,    0,    0,    0,    0,    0,    0,    0,    0,    0,    0,    0,   -6,   -1,   -8,   -3,    3,    0,    0,    0,    0,    0,    0,    0,    0,    0,   -2,    0,   -4,    0,   -5,    0,   -1,   -1,    0,    0,   -3,    0,    0,    0,    0,    0,    0,    0,    0,    0,    0,    0,    0,    0,    0,    0,    0,
       0,    0,    0,    0,    0,    0,    0,    0,    0,    0,    0,    0,    0,    0,    0,    0,    0,   -7,    0,   -4,    0,   -3,    0,    0,    0,    0,    0,    0,    0,    0,    0,    0,   -4,    0,   -1,    0,    0,    0,    0,    0,   -3,   -7,   -5,    0,   -6,    0,    0,    0,    0,    0,    0,    0,    0,    0,    0,    0,    0,
       0,    0,    0,    0,    0,    0,    0,    0,    0,    0,    0,    0,    0,    0,    0,    0,  -11,   -7,  -19,   -7,    3,   -3,    0,    0,    0,    0,    0,    0,    0,    0,   -9,    0,  -11,    0,  -10,    0,   -6,   -6,  -10,    0,   -5,   -3,   -3,   -5,   -3,   -3,    0,    0,    0,    0,    0,    0,    0,    0,    0,    0,    0,
       0,    0,    0,    0,    0,    0,    0,    0,    0,    0,    0,    0,    0,    0,    0,    0,    0,   -1,    0,    0,    0,    0,    0,    0,    0,    0,    0,    0,    0,    0,    0,    0,   -1,    0,    0,    0,    0,    0,    0,    0,   -1,   -1,    0,    0,    0,    0,    0,    0,    0,    0,    0,    0,    0,    0,    0,    0,    0,
       0,    0,    0,    0,    0,    0,    0,    0,    0,    0,    0,    0,    0,    0,    0,    0,    0,    0,    0,    0,    0,    0,   -9,    0,    0,    0,    0,  -25,    0,    0,    0,    0,    0,    0,    0,    0,    0,    0,    0,    0,    0,   -3,    0,    0,    0,    0,    0,    0,    0,    0,   -2,   -6,    0,    0,    0,    0,    0,
       0,    0,    0,    0,    0,    0,    0,    0,    0,    0,    0,    0,    0,    0,    0,    0,    0,    0,    0,    0,    0,    0,  -14,    0,    0,    0,    0,    0,    0,    0,    0,    0,    0,    0,    0,    0,    0,    0,    0,    0,    0,  -10,    0,    0,    0,    0,    0,    0,    0,    0,    0,   -9,    2,    0,    0,    0,    0,
       0,    0,    0,    0,    0,    0,    0,    0,    0,    0,    0,    0,    0,    0,    0,    0,    5,   -5,    0,    0,  -17,   -3,   -7,   -3,    0,  -14,    0,    0,    0,    0,    3,    0,    0,    0,    0,    0,    0,    0,    0,    0,   -3,   -3,   -2,    0,    0,    0,    0,    0,    0,    0,    0,    0,    0,    0,    0,    0,    0,
       0,    0,    0,    0,    0,    0,    0,    0,    0,    0,    0,    0,    0,    0,    0,    0,    0,    0,    0,    0,  -13,    0,   -6,   -4,   -4,  -10,   -3,    0,    0,    0,    0,    0,    0,    0,    0,    0,    0,    0,    0,    0,    0,   -1,    0,   -2,    0,   -3,    0,    0,    0,    0,    0,    0,    0,    0,    0,    0,    0,
       0,    0,    0,    0,    0,    0,    0,    0,    0,    0,    0,    0,    0,    0,    0,    0,    0,    0,    0,    0,   -8,    0,   -4,   -3,   -1,   -9,    0,    0,    0,    0,    0,    0,    0,    0,    0,    0,    0,    0,    0,    0,    0,    0,    0,    0,    0,    0,    0,    0,    0,    0,    0,    0,    0,    0,    0,    0,    0,
       0,    0,    0,    0,    0,    0,    0,    0,    0,    0,    0,    0,    0,    0,    0,    0,    0,    0,    0,    0,    0,    0,    0,    0,    0,    0,    0,    0,    0,    0,    0,    0,    0,    0,    0,    0,    0,    0,    0,    0,    4,    0,    0,    0,    0,    0,    0,    0,    0,    0,    0,    0,    0,    0,    0,    0,    0,
       0,    0,    0,    0,    0,    0,    0,    0,    0,    0,    0,    0,    0,    0,    0,    0,    0,    0,    0,    0,  -12,    0,   -5,   -3,   -3,   -9,    0,    0,    0,    0,    1,    0,    0,    0,   -1,    0,    0,    0,    0,    0,    0,   -1,    0,   -1,   -1,    0,    0,    0,    0,    0,    0,    0,    0,    0,    0,    0,    0,
       0,    0,    0,    0,    0,    0,    0,    0,    0,    0,    0,    0,    0,    0,    0,    0,   -5,    0,    0,    0,   16,    0,   15,   13,   13,   13,   13,    0,    0,    0,    0,    0,   -9,    0,    0,    0,    0,    0,    0,    1,    0,    3,    1,    0,    0,    1,    0,    0,    0,    0,    0,    0,    0,    8,    0,    0,    0,
       0,    0,    0,    0,    0,   -1,    0,    0,    0,    0,    0,    0,    0,    0,    0,    0,   -4,   -3,    0,   -1,    0,    0,    0,    0,    0,   -4,    0,    0,    0,    0,   -1,    0,   -5,    0,    0,    3,    0,    0,   -3,    0,   -2,    0,    0,    0,    0,    0,    0,    0,    0,    0,    0,    0,    0,    0,    0,    0,    0,
       0,    0,    0,    0,    0,    0,    0,    0,    0,    0,    0,    0,    0,    0,    0,    0,    0,    0,    0,    0,   -8,    0,   -4,    0,    0,   -7,    0,    0,    0,    0,    0,    0,    0,    0,    0,    0,    0,    0,    0,    0,    0,   -1,    0,    0,   -1,    0,    0,    0,    0,    0,    0,    0,    0,    0,    0,    0,    0,
       0,    0,    0,    0,    0,    0,    0,    0,    0,    0,    0,    0,    0,    0,    0,    0,    0,    0,    0,    0,   -8,    0,    0,    0,    0,    0,    0,    0,    0,    0,    0,    0,    0,    0,    0,    0,    0,    0,    0,    0,    0,    0,    0,    0,    0,    0,    0,    0,    0,    0,    0,    0,    0,    0,    0,    0,    0,
       0,    0,    0,    0,    0,    0,    0,    0,    0,    0,    0,    0,    0,    0,    0,    0,    0,    0,    0,    0,   -8,   -3,    0,    0,    0,    0,    0,    0,    0,    0,    0,    0,    0,    0,    0,    1,    0,    0,    0,    0,    0,    0,    0,    0,    0,    0,    0,    0,    0,    0,    0,    0,    0,    0,    0,    0,    0,
       0,    0,    0,    0,    0,    0,    0,    0,    0,    0,    0,    0,    0,    0,    0,    0,    0,   -3,    0,    0,    0,    0,    0,    0,    0,   -5,    0,    0,    0,    0,   -1,   -1,   -6,    0,    0,   -1,    0,    0,   -1,    0,   -1,    0,    0,    0,    0,    0,    0,    0,    0,    0,    0,    0,    0,    0,    0,    0,    0,
       0,    0,    0,    0,    0,    0,    0,    0,    0,    0,    0,    0,    0,    0,    0,    0,    0,   -5,    0,    0,   -7,    0,   -8,   -5,    0,   -8,    0,    0,    0,    0,    0,    0,   -3,    0,   -3,   -4,    0,    0,    0,   -1,   -1,   -7,   -4,    0,   -4,    0,    0,    0,    0,    0,    0,    0,    0,    0,    0,    0,    0,
       0,    0,    0,    0,    0,    0,    0,    0,    0,    0,    0,    0,    0,    0,    0,    0,    0,    0,    0,    0,   -5,    0,   -4,    0,    0,   -4,    0,   -3,    0,    1,    0,    0,    0,    0,    0,    0,    0,    0,    0,    0,    0,    0,    0,    0,    0,    0,    0,    0,    0,    0,    0,    0,    0,    0,    0,    0,    0,
       0,    0,    0,    0,    0,    0,  -29,    0,    0,    0,    0,    0,    0,    0,    0,    0,   -8,    0,    0,    0,   -3,    0,    0,    0,   -4,    0,    0,    0,    0,    0,   -3,    0,   -6,    0,   -4,   -3,    0,    0,    0,    0,    0,   13,   13,    0,    0,    0,    0,    0,    0,    0,    0,    0,    0,    0,    0,    0,    0,
       0,    0,    0,    0,    0,    0,    0,    0,    0,    0,    0,    0,    0,    0,    0,    0,    0,   -1,    0,    0,  -12,    0,   -1,    0,   -1,   -5,    0,    0,    0,    0,    2,    0,    0,    0,    0,    0,    0,    0,    0,    0,    0,    0,    0,   -1,    0,    0,    0,    0,    0,    0,    0,    0,    0,    0,    0,    0,    0,
       0,    0,    0,    0,    0,    0,    0,    0,    0,    0,    0,    0,    0,    0,    0,    0,    0,    0,    0,    0,    0,    0,    0,    0,    0,    0,    0,    0,    0,    0,    0,    0,   -1,   -7,   -1,    0,    0,    0,    5,    0,    0,    0,   11,    0,    0,    0,    0,    0,    0,    0,    0,    0,    0,    0,    0,    0,    0,
       0,    0,    0,    0,    0,    0,    0,    0,    0,    0,    0,    0,    0,    0,    0,    0,    0,    0,    0,    0,   -8,    0,   -3,   -3,    0,   -4,    0,    0,    0,    0,    0,    0,    0,    0,   -3,    0,    0,    0,    0,    0,    0,    0,    0,    0,    0,    0,    0,    0,    0,    0,    0,    0,    0,    0,    0,    0,    0,
       0,    0,   -1,    0,    3,    0,    0,   -3,    0,    0,    0,    0,    0,    0,    2,    0,   -7,    0,    0,    0,   -3,    0,    0,    0,   -7,   -3,   -5,   -1,    0,  -10,   -1,    0,   -1,    0,   -1,    0,    0,    0,   -1,   13,    0,   13,    0,    0,    0,    0,    0,    0,   -5,    0,    0,   -2,    0,    0,    0,    0,    0,
       0,    0,    0,    0,    0,    0,    0,    0,    0,    0,    0,    0,    0,    0,    0,    0,   -1,    0,    0,    0,   -3,    0,    0,    0,   -5,   -3,   -1,    0,    0,    0,    1,    0,    0,    0,    0,    0,    0,    0,   -1,   13,    0,   11,    0,    0,    0,    0,    0,    0,    0,    0,    0,    0,    0,    0,    0,    0,    0,
       0,    0,   -1,    0,    0,    0,    0,    0,    0,    0,    0,    0,    0,    0,    0,    0,    0,   -3,    0,    0,   -4,   -1,    0,    0,    0,   -5,    0,   -3,    0,    0,    0,    0,   -2,    0,    0,    0,    0,    0,   -1,   13,   -1,    0,    0,    0,    0,    0,    0,   -3,    0,    0,    0,   -1,    0,    0,    0,    0,    0,
       0,    0,    0,    0,    0,    0,    0,    0,    0,    0,    0,    0,    0,    0,    0,    0,   -7,    0,    0,    0,   -3,    0,    0,    0,   -5,   -3,   -3,    0,    0,    0,    0,    0,   -1,    0,   -4,    0,    0,    0,   -3,    0,    0,    0,    0,    0,    0,    0,    0,    0,    0,    0,    0,    0,    0,    0,    0,    0,    0,
       0,    0,    0,    0,    0,    0,    0,    0,    0,    0,    0,    0,    0,    0,    0,    0,    0,    0,    0,    0,   -3,    0,    0,    0,    0,   -3,    0,    0,    0,    0,    0,    0,   -3,    0,    0,    0,    0,    0,    0,    0,    0,    0,    0,    0,    0,    0,    0,    0,    0,    0,    0,    0,    0,    0,    0,    0,    0,
       0,    0,    0,    0,    0,    0,    0,    0,    0,    0,    0,    0,    0,    0,    0,    0,    0,    0,    0,    0,    0,    0,   -3,    0,    0,    0,    0,    0,    0,    0,    0,    0,    0,    0,    0,    0,    0,    0,    0,    0,    0,    0,    0,    0,    0,    0,    0,    0,    0,    0,    0,    0,    0,    0,    0,    0,    0,
       0,    0,    0,    0,    0,    0,    0,    0,    0,    0,    0,    0,    0,    0,    0,    0,    0,    0,    0,    0,    0,    0,   -5,    0,    0,    0,    0,    0,    0,    0,    0,    0,    0,    0,    0,    0,    0,    0,    0,    0,    0,    0,    0,   -3,    0,    0,    0,    0,    0,    0,    0,    3,    0,    0,    0,    0,    0,
       0,    0,    0,    0,    0,    0,    0,    0,    0,    0,    0,    0,    0,    0,    0,    0,    0,    0,    0,    0,    0,    0,   -8,    0,    0,    0,    0,    0,    0,    0,    0,    0,    0,    0,    0,    0,    0,    0,    0,    0,    0,   -4,    0,    0,    0,    0,    0,    0,    0,    0,    0,   -8,    0,    0,    0,    0,    0,
       3,    0,    0,    0,   -1,    0,    0,  -11,    0,    0,    0,    0,    0,    0,    0,    0,    0,    0,    0,    0,    0,    0,    0,    0,    0,    0,    0,   -5,    0,  -14,    0,    0,    0,    0,    0,    0,    0,    0,    0,    0,    0,    1,    0,   -1,    0,    0,    5,    7,   -5,    0,    0,    0,    0,    0,    0,    0,    1,
       0,    0,    0,    0,   -5,    0,    0,   -3,    0,    0,    0,    0,    0,    0,    0,    0,    0,    0,    0,    0,    0,    0,    0,    0,    0,    0,    0,   -1,    0,   -9,    0,    0,    0,    0,    0,    0,    0,    0,    0,    0,    0,   -1,    0,   -1,    0,    0,    0,    3,    0,    0,    0,    0,    0,    0,    0,    0,    0,
       0,    0,    0,    0,   -4,    0,    0,   -8,    0,    0,    0,    0,    0,    0,    0,    0,    0,    0,    0,    0,    0,    0,    0,    0,    0,    0,    0,    0,    0,  -14,    0,    0,    0,    0,    0,    0,    0,    0,    0,    0,    0,    0,    0,   -1,    0,    0,    0,    3,   -5,    0,    0,    0,    0,    0,    0,    0,    0,
       0,    0,    0,    0,    0,    0,    0,    0,   -5,    0,    0,    0,    0,    0,    0,    0,    0,    0,    0,    0,    0,    0,    0,    0,    0,    0,    0,    0,    0,    0,    0,    0,    0,    0,    0,    0,    0,    0,    0,    0,    0,    0,    0,    0,    0,    0,    0,    0,    0,    0,    0,    0,    0,    0,    0,    0,    0,
       0,   26,    0,   34,   19,    0,    0,    0,    0,    0,    0,    0,    0,    0,    0,    0,    0,    0,    0,    0,    0,    0,    0,    0,    0,    0,    0,   29,   35,    0,    0,    5,    0,    0,    0,    0,    0,    0,    0,    0,    0,    0,    0,    0,    0,    0,    0,    0,    0,    0,    0,    3,   16,    0,   24,   29,    0,
       0,   17,    0,   28,    7,    0,    0,    0,    0,    0,    0,    0,    0,    0,    0,    0,    0,    0,    0,    0,    0,    0,    0,    0,    0,    0,    0,   23,   27,    0,    0,    5,    0,    0,    0,    0,    0,    0,    0,    0,    0,    0,    0,    0,    0,    0,    0,    0,    0,    0,    0,    3,   16,    0,   18,   21,    0,
       0,    0,    0,    9,    0,    0,    0,    0,    0,    0,    0,    0,    0,    0,    0,    0,    0,    0,    0,    0,    0,    0,    0,    0,    0,    0,    0,    0,    5,    0,    0,    0,    0,    0,    0,    0,    0,    0,    0,    0,    0,    0,    0,    0,    0,    0,    0,    0,    0,    0,    0,    0,    0,    0,    3,    3,    0,
       0,    0,    0,    0,    0,    0,    0,    0,  -12,    0,    0,    0,    0,    0,    0,    0,    0,    0,    0,    0,    0,    0,    0,    0,    0,    0,    0,    0,    0,    0,    0,    0,    0,    0,    0,    0,    0,    0,    0,    0,    0,    0,    0,    0,    0,    0,    0,    0,    0,    2,    0,    0,    0,    0,    0,    0,    0,
       0,    0,    0,    0,    0,    0,    0,    0,    0,  -11,    0,    0,    0,   -8,    0,    0,    0,    0,    0,    0,    0,    0,    0,    0,    0,    0,    0,    0,    0,    0,    0,    0,    0,    0,    0,    0,    0,    0,    0,    0,    0,    0,    0,    0,    0,    0,    0,    0,    0,    0,    0,    0,    0,    0,    0,    0,    0,
       0,    0,    0,    0,    0,    0,    0,    0,    0,  -16,    0,  -12,    0,   -8,    0,    0,    0,    0,    0,    0,    0,    0,    0,    0,    0,    0,    0,    0,    0,    0,    0,    0,    0,    0,    0,    0,    0,    0,    0,    0,    0,    0,    0,    0,    0,    0,    0,    0,    0,    0,    0,    0,    0,    0,    0,    0,    0,
       0,    0,    0,    0,    0,    0,    0,    0,    0,    0,    0,    0,    0,    0,    0,    0,    0,    0,    0,    0,    0,    0,    0,    0,    0,    0,    0,    0,    0,    0,    0,    0,    0,    0,    0,    1,    0,    0,    0,    0,    0,    0,    0,    0,    0,    0,    0,    0,    0,    0,    0,    0,    0,    0,    0,    0,    0,
       0,    0,    0,    0,    0,    0,    0,    0,    0,    0,    0,    0,    0,    0,    0,    0,    0,    0,    0,    0,    0,    0,   -4,    0,    0,    0,    0,    0,    0,    0,    0,    0,    0,    0,    0,    0,    0,    0,    0,    0,    0,    0,    0,    0,    0,    0,    0,    0,    0,    2,    0,    0,    0,    0,    0,    0,    0,
};

static const EpdLigaturePair quicksand_8_mediumLigaturePairs[] = {
    { 0x00660069, 0xFB01 }, // f i -> U+FB01
    { 0x0066006C, 0xFB02 }, // f l -> U+FB02
};

static const EpdFontData quicksand_8_medium = {
    quicksand_8_mediumBitmaps,
    quicksand_8_mediumGlyphs,
    quicksand_8_mediumIntervals,
    57,
    21,
    17,
    -5,
    false,
    nullptr,
    0,
    nullptr,
    quicksand_8_mediumKernLeftClasses,
    quicksand_8_mediumKernRightClasses,
    quicksand_8_mediumKernMatrix,
    228,
    167,
    77,
    57,
    quicksand_8_mediumLigaturePairs,
    2,
};
