/**
 * generated by fontconvert.py
 * name: quicksand_16_bolditalic
 * size: 16
 * mode: 2-bit  compressed: true
 * Command used: fontconvert.py quicksand_16_bolditalic 16 ../builtinFonts/source/Quicksand/Quicksand-Bold.ttf --2bit --compress --pnum --darken-aa
 */
#pragma once
#include "EpdFontData.h"

static const uint8_t quicksand_16_bolditalicBitmaps[19952] = {
    0xB5, 0x5A, 0xBD, 0x93, 0xE5, 0x46, 0x11, 0x6F, 0x3D, 0xED, 0x9D, 0xF0, 0x2A, 0x10, 0x81, 0x0D,
    0x94, 0xAF, 0xB0, 0x08, 0x08, 0x0C, 0x2E, 0x5B, 0xFF, 0x00, 0xF6, 0x88, 0x22, 0x24, 0xB9, 0xC0,
    0x67, 0x42, 0x72, 0x1C, 0x38, 0x25, 0x80, 0x93, 0xC0, 0x01, 0xE9, 0x45, 0x04, 0x76, 0xC0, 0x06,
    0xA6, 0x0A, 0xEF, 0x55, 0xB1, 0x09, 0x01, 0x45, 0x9D, 0x3D, 0xC2, 0x04, 0x04, 0x0E, 0x2C, 0xEC,
    0x32, 0x09, 0x81, 0x55, 0xD8, 0x55, 0xE0, 0x0B, 0xF0, 0x60, 0x8B, 0x2A, 0xDD, 0x9D, 0xA4, 0xE1,
    0xF7, 0xEB, 0x91, 0xB4, 0xBB, 0xBE, 0xDD, 0xF3, 0xF9, 0x6B, 0xDF, 0x53, 0xBF, 0xF7, 0xA4, 0xF9,
    0xE8, 0xE9, 0xE9, 0x8F, 0x5F, 0xF7, 0xEC, 0x9E, 0x54, 0xA5, 0xAF, 0xF9, 0xB2, 0xB5, 0x2D, 0x6D,
    0x59, 0x95, 0x95, 0x98, 0x13, 0xAF, 0x6F, 0x08, 0xFF, 0xBE, 0x2B, 0xB6, 0xF6, 0x8D, 0xAF, 0x2B,
    0xB9, 0x20, 0x0F, 0x8A, 0x69, 0xBC, 0x54, 0xB8, 0x70, 0x4F, 0xAC, 0xCC, 0x62, 0xA3, 0x51, 0x66,
    0x5C, 0xE3, 0x6E, 0xC0, 0xE5, 0x64, 0xC0, 0x75, 0x10, 0xD5, 0x22, 0x91, 0x48, 0x29, 0x92, 0xB5,
    0x71, 0x0F, 0xDA, 0xC5, 0x83, 0x48, 0xDE, 0x26, 0xF8, 0x5E, 0x34, 0xA9, 0x5B, 0x68, 0xE6, 0xF1,
    0x57, 0x17, 0xA4, 0x4D, 0xAE, 0xF4, 0x82, 0x3D, 0x3C, 0x7A, 0x5F, 0x30, 0x70, 0xD1, 0xAC, 0xD4,
    0x63, 0x4A, 0xC1, 0x44, 0xA6, 0x5E, 0x68, 0x85, 0x86, 0xA3, 0xB0, 0xF9, 0xBC, 0x50, 0x8E, 0x30,
    0x08, 0xA6, 0x98, 0x65, 0xA1, 0x49, 0x1F, 0x4D, 0xA0, 0x0E, 0x8C, 0x49, 0xDC, 0xC9, 0xC0, 0x75,
    0xFC, 0x01, 0xD7, 0x6E, 0x22, 0x41, 0x03, 0x49, 0x3D, 0x88, 0xF7, 0xBD, 0x24, 0xE8, 0x2C, 0x9C,
    0xBD, 0x31, 0x77, 0x48, 0xDE, 0x9C, 0x8B, 0xBA, 0x7A, 0x6D, 0x8E, 0x04, 0x44, 0xC4, 0x28, 0xB9,
    0x03, 0x52, 0x60, 0x22, 0x72, 0xDC, 0xC9, 0x8E, 0x73, 0x72, 0xD2, 0x9A, 0x5F, 0x1B, 0x8C, 0x67,
    0x5B, 0x10, 0x83, 0x27, 0x73, 0xD1, 0x3D, 0xC5, 0x6F, 0xF6, 0x4D, 0xDC, 0xB3, 0x3A, 0x28, 0x87,
    0xCF, 0xC8, 0x71, 0xE4, 0x7D, 0x0B, 0x6E, 0xE6, 0x95, 0x03, 0xE5, 0x45, 0x46, 0x09, 0x7F, 0xD1,
    0xCB, 0x02, 0xF9, 0xA2, 0x65, 0x2D, 0x79, 0x2D, 0x06, 0xD3, 0x60, 0xD9, 0xD5, 0x07, 0x4E, 0x7C,
    0x29, 0x3E, 0x1E, 0x22, 0xB0, 0x3B, 0xEF, 0xC6, 0x18, 0xCD, 0xA7, 0xDD, 0x98, 0xF5, 0xFA, 0x91,
    0x43, 0x90, 0x73, 0x3C, 0x52, 0x3E, 0x36, 0x1E, 0xD0, 0x10, 0xFD, 0xFE, 0xCB, 0x75, 0x15, 0xFE,
    0xAD, 0x71, 0xFF, 0x1A, 0x96, 0xF6, 0xC3, 0xDE, 0xA2, 0xC7, 0xD3, 0xF9, 0x7F, 0x3D, 0x6F, 0x9B,
    0xBF, 0xCC, 0x16, 0x52, 0xB4, 0xBF, 0x72, 0xE8, 0x12, 0xF9, 0xD4, 0xE5, 0x8D, 0xC4, 0x63, 0xE6,
    0xB2, 0x46, 0xD2, 0x41, 0x3F, 0x72, 0xA7, 0x37, 0x4D, 0x93, 0xF4, 0x68, 0x62, 0xEB, 0xD8, 0x73,
    0x7A, 0x08, 0x0A, 0x0C, 0xFF, 0x0C, 0x03, 0x0C, 0x81, 0x57, 0xCC, 0x24, 0xCF, 0x5D, 0x53, 0x29,
    0xEA, 0xB8, 0x94, 0x82, 0x60, 0xB9, 0xE0, 0xC7, 0xD7, 0xE0, 0x0A, 0xDC, 0x26, 0x10, 0x89, 0xD7,
    0xC6, 0x4A, 0x71, 0x9F, 0xD4, 0x76, 0x7A, 0x67, 0xD0, 0xAE, 0xB3, 0x7C, 0x8F, 0x52, 0x2C, 0xAD,
    0x98, 0xCE, 0xB7, 0x54, 0x29, 0xD3, 0x7B, 0xA1, 0xB4, 0xB0, 0xB1, 0x12, 0x73, 0x93, 0x31, 0x39,
    0x28, 0x18, 0x1A, 0xD9, 0xD5, 0x42, 0x17, 0xE6, 0xEB, 0x8B, 0xB2, 0xD8, 0x0E, 0x3B, 0x37, 0x14,
    0x0E, 0x77, 0x6B, 0x4C, 0x16, 0x5D, 0x16, 0x0A, 0xD0, 0x34, 0x55, 0x03, 0x65, 0x56, 0xD5, 0x9C,
    0x20, 0xDC, 0x41, 0x0E, 0x84, 0x8A, 0x18, 0x3B, 0xC9, 0x7B, 0xA9, 0x20, 0xCE, 0x26, 0xF6, 0x92,
    0x8E, 0x02, 0x11, 0xA2, 0xAF, 0x69, 0xA1, 0xCC, 0x98, 0x58, 0x96, 0x65, 0x9E, 0x7C, 0x97, 0xBC,
    0x8F, 0xA7, 0x68, 0x83, 0x96, 0x68, 0x8F, 0x5E, 0x31, 0x1F, 0xB4, 0x62, 0xF4, 0x37, 0x34, 0x5D,
    0x64, 0x4F, 0xA4, 0xC2, 0xBA, 0x70, 0xAF, 0x97, 0x6C, 0x69, 0x10, 0xBA, 0x75, 0x90, 0xA6, 0x76,
    0x1B, 0xD8, 0x33, 0xC1, 0x33, 0x7D, 0x27, 0xFA, 0xC6, 0xCD, 0x0C, 0x6F, 0xB7, 0x30, 0x61, 0x9B,
    0xC8, 0x97, 0xC9, 0x2C, 0xF9, 0x48, 0x1E, 0x6D, 0x23, 0x4F, 0x05, 0xAD, 0xC0, 0xA2, 0x9C, 0x7C,
    0xD5, 0x95, 0xE3, 0x87, 0xAE, 0xF2, 0x5D, 0x3A, 0x53, 0x6D, 0xAD, 0xEF, 0xFE, 0xF8, 0xA1, 0xC3,
    0x7D, 0xBE, 0xA9, 0x47, 0x50, 0x06, 0x0E, 0x2C, 0x1C, 0xF7, 0x4C, 0x42, 0x1D, 0x6C, 0xA8, 0x8D,
    0x9D, 0x12, 0xFD, 0x79, 0x6E, 0x63, 0x5A, 0x50, 0x98, 0x39, 0xED, 0x8A, 0xC1, 0x8C, 0x06, 0x62,
    0xA4, 0xC6, 0xE5, 0xDD, 0xBE, 0x44, 0x57, 0x4A, 0xE3, 0xC1, 0xC9, 0x60, 0xFC, 0x90, 0xFB, 0x6E,
    0xBF, 0x34, 0x8D, 0x69, 0x4D, 0x4B, 0x33, 0x95, 0x94, 0xBD, 0x72, 0x7E, 0xA3, 0x3E, 0x4A, 0xC5,
    0xFD, 0xE6, 0xD6, 0x47, 0xF3, 0xC6, 0x1E, 0x07, 0xCE, 0xC8, 0x74, 0xDE, 0xDD, 0xA3, 0x59, 0xBC,
    0x35, 0xCB, 0xB6, 0x66, 0x34, 0x7E, 0xEC, 0xE9, 0xD2, 0x76, 0x37, 0xAE, 0x6D, 0x53, 0xB7, 0xB6,
    0x2D, 0xDA, 0xB5, 0xAD, 0x2D, 0x97, 0x66, 0xA2, 0x06, 0xF6, 0x6D, 0x15, 0xD2, 0xC5, 0x3F, 0x71,
    0x32, 0x58, 0x55, 0x44, 0x53, 0x4C, 0x82, 0x51, 0x5E, 0xF7, 0x65, 0x31, 0x40, 0x23, 0xB0, 0x9D,
    0x55, 0x8B, 0xFD, 0x32, 0x1D, 0xF6, 0xAD, 0x70, 0x76, 0x21, 0xB9, 0xF3, 0xA7, 0x89, 0x5D, 0x48,
    0xE1, 0xB8, 0xBF, 0x4E, 0x7B, 0x18, 0x6E, 0x57, 0x3E, 0xEE, 0x7C, 0x43, 0x6F, 0x86, 0xFD, 0xA7,
    0xA9, 0xD0, 0x1D, 0x41, 0xB5, 0xC9, 0xD2, 0xD3, 0xC1, 0x5E, 0xA0, 0x0A, 0xD6, 0x25, 0xDE, 0x15,
    0x14, 0x1F, 0xDF, 0xE6, 0xC7, 0x8E, 0x37, 0xEF, 0xF3, 0x8D, 0x25, 0xA6, 0x9D, 0xEC, 0xFF, 0x9B,
    0xCB, 0x83, 0x7A, 0x25, 0x34, 0xB5, 0x9C, 0xB3, 0x98, 0x01, 0x2A, 0x63, 0x5A, 0x78, 0x95, 0xA2,
    0xDC, 0x1D, 0xBB, 0x16, 0x15, 0xE6, 0xB4, 0xEE, 0x68, 0x46, 0x89, 0x1A, 0x4A, 0x09, 0x02, 0x80,
    0x59, 0x36, 0x8B, 0xFB, 0x2B, 0xF8, 0xD0, 0x3A, 0x5A, 0x24, 0x58, 0x4D, 0xE8, 0x40, 0x30, 0xE8,
    0xA4, 0xFA, 0x12, 0x48, 0xAE, 0xCB, 0x51, 0xD1, 0x79, 0x47, 0x2F, 0x0B, 0x05, 0xEA, 0x1F, 0x3E,
    0x54, 0x39, 0x36, 0xAA, 0xEC, 0xD9, 0x18, 0x86, 0xF6, 0xB7, 0xB8, 0x76, 0x18, 0x97, 0x77, 0x31,
    0x19, 0xBB, 0x96, 0x8F, 0x61, 0x8F, 0xC8, 0x06, 0x9D, 0x9E, 0x7E, 0x8E, 0x8F, 0xA0, 0x03, 0xC4,
    0xDC, 0x9B, 0xA0, 0x87, 0x75, 0x8A, 0xE9, 0xE4, 0xA1, 0x55, 0xD7, 0xC3, 0xDE, 0xA7, 0x64, 0x8B,
    0xDD, 0x69, 0xF6, 0x42, 0x0F, 0xA0, 0xCE, 0x00, 0x3C, 0x83, 0x14, 0x1F, 0x81, 0x54, 0x6F, 0x81,
    0xF8, 0xE7, 0x69, 0x6E, 0x98, 0x22, 0xA3, 0x5B, 0x2C, 0x1C, 0x08, 0x43, 0x43, 0xCF, 0x98, 0x30,
    0x52, 0xD1, 0x47, 0xC6, 0x85, 0x6E, 0xD5, 0xAA, 0x33, 0x48, 0xD4, 0xEB, 0xC4, 0x58, 0x24, 0xF9,
    0x19, 0x71, 0x0D, 0xE6, 0xE6, 0xE1, 0x01, 0x95, 0xAD, 0x2A, 0x83, 0x22, 0xD9, 0xC7, 0x0E, 0x64,
    0x09, 0x34, 0x0D, 0x2E, 0x57, 0xB5, 0xD5, 0xF0, 0xA0, 0x2E, 0x3A, 0x3E, 0xB9, 0x3E, 0x72, 0x37,
    0x3E, 0x29, 0xF9, 0xE0, 0xFF, 0xAE, 0x72, 0x6A, 0xC1, 0x49, 0x99, 0x51, 0x0B, 0xAE, 0xA8, 0xF6,
    0x51, 0x25, 0xAD, 0xCA, 0xB8, 0xA3, 0x62, 0xD0, 0x5B, 0xCE, 0x14, 0x3B, 0xB9, 0xF3, 0xEB, 0x92,
    0xE9, 0xD5, 0x25, 0x67, 0xAC, 0x31, 0x0C, 0x15, 0x86, 0xD1, 0xC9, 0x78, 0x4B, 0x97, 0x00, 0x01,
    0x56, 0x6D, 0xC4, 0xC8, 0x2B, 0x81, 0xC0, 0xF2, 0x16, 0xC2, 0x95, 0x43, 0x99, 0xE7, 0xE7, 0x26,
    0xAA, 0xC5, 0x40, 0x05, 0xEF, 0x38, 0x02, 0xA6, 0x54, 0x9F, 0x28, 0xC1, 0x41, 0x87, 0x0D, 0xAD,
    0x49, 0xCA, 0xFD, 0xC3, 0xEB, 0x9C, 0x54, 0x43, 0xD1, 0xB1, 0x82, 0x30, 0x9A, 0x04, 0x2D, 0xA9,
    0x68, 0x46, 0x5E, 0x49, 0x29, 0xC1, 0x8D, 0xAB, 0x32, 0xA5, 0x5B, 0xDB, 0x42, 0xDB, 0x76, 0x5B,
    0xDB, 0x7A, 0xF1, 0xF3, 0xC1, 0xD9, 0xAF, 0x31, 0x2D, 0x70, 0x80, 0x95, 0x52, 0x33, 0x60, 0x1E,
    0xAE, 0x98, 0x2D, 0x76, 0x3F, 0x45, 0xC4, 0x8A, 0xA7, 0xED, 0x72, 0xE9, 0x98, 0xCD, 0xB6, 0x47,
    0x9B, 0x16, 0xE1, 0xA4, 0x43, 0x9B, 0xC1, 0x74, 0xC9, 0x64, 0x9B, 0x1D, 0x23, 0xAC, 0x5E, 0xFC,
    0x8E, 0x7E, 0x33, 0x36, 0x74, 0xE4, 0x38, 0x1A, 0x76, 0xB1, 0x60, 0xB9, 0x34, 0x68, 0x14, 0xAF,
    0x39, 0x83, 0xE2, 0x89, 0x41, 0x8A, 0x01, 0x6C, 0x9A, 0x0E, 0x26, 0xB0, 0x09, 0x2B, 0x48, 0x2C,
    0x88, 0xAD, 0xDB, 0x81, 0x0C, 0xA9, 0xC6, 0x64, 0xCF, 0xF8, 0xE5, 0x29, 0x31, 0x48, 0xE2, 0xD2,
    0xBB, 0xE3, 0xA6, 0x7B, 0xFD, 0x62, 0x17, 0x31, 0x85, 0x50, 0x41, 0x08, 0x11, 0xD5, 0x74, 0xE7,
    0xD5, 0x54, 0xB8, 0x97, 0x5F, 0xDD, 0x70, 0x91, 0x6D, 0x4C, 0x29, 0x1F, 0xFB, 0x3B, 0x7E, 0xB2,
    0x5F, 0x17, 0x1D, 0x7C, 0x44, 0xA7, 0x7E, 0xF1, 0x63, 0x7F, 0x45, 0x6D, 0x1D, 0x94, 0xA5, 0x8F,
    0xFB, 0xC4, 0xC1, 0x8B, 0xD6, 0x8F, 0xF2, 0xE6, 0x83, 0x98, 0x61, 0x22, 0x0C, 0x50, 0xB9, 0x25,
    0xD0, 0x80, 0xCA, 0xD7, 0x3B, 0x2E, 0x8B, 0x51, 0x10, 0x4F, 0x78, 0x15, 0x6A, 0x7B, 0x43, 0x60,
    0x2D, 0x25, 0x57, 0x76, 0xE9, 0xA3, 0x5E, 0xF4, 0xD1, 0x6D, 0xCF, 0x3B, 0x1A, 0x84, 0xE3, 0x37,
    0xF7, 0xF0, 0xE1, 0xE1, 0x61, 0x7D, 0x3C, 0xB9, 0xFE, 0xD4, 0x07, 0x5B, 0x93, 0x4E, 0x1F, 0x7C,
    0x73, 0x71, 0xA3, 0xD5, 0xC0, 0x21, 0x6A, 0x65, 0x81, 0x81, 0x17, 0xC3, 0xD3, 0xE8, 0x69, 0x81,
    0x54, 0xD0, 0x59, 0xC8, 0x54, 0xEE, 0x5B, 0x4A, 0x86, 0x8F, 0x0C, 0x9A, 0x54, 0x68, 0xBA, 0x49,
    0xE3, 0xD2, 0x7B, 0x94, 0x18, 0x18, 0x54, 0xCC, 0x64, 0xD4, 0x59, 0xDD, 0x82, 0x32, 0x17, 0x0D,
    0xE2, 0xDC, 0xDE, 0xA2, 0x29, 0xA7, 0x89, 0x6A, 0x1A, 0x82, 0x9C, 0xEC, 0xEB, 0x3C, 0x5C, 0x18,
    0x59, 0x60, 0x68, 0x15, 0x46, 0xC9, 0xC5, 0xC1, 0xE7, 0xDB, 0x3A, 0xF6, 0xCB, 0xED, 0x41, 0xB7,
    0x92, 0x22, 0x88, 0xFA, 0xE2, 0xAB, 0xD7, 0xF4, 0x83, 0xFA, 0x1E, 0xFC, 0x97, 0xD7, 0x0D, 0x7D,
    0x4F, 0xBD, 0x5E, 0x36, 0x05, 0x5D, 0xAD, 0xDA, 0x10, 0x5C, 0xD4, 0xC9, 0x65, 0x0D, 0xDC, 0x4F,
    0xF5, 0x9A, 0x4B, 0xDB, 0x14, 0x26, 0x75, 0xA7, 0x8F, 0xBB, 0x8C, 0x5A, 0xDB, 0xC7, 0xAE, 0xA8,
    0x8D, 0x83, 0x11, 0x3A, 0x03, 0x4D, 0xCA, 0xF5, 0x13, 0xFA, 0x83, 0xCF, 0xAB, 0x90, 0x37, 0x3E,
    0xBB, 0x57, 0x80, 0xE5, 0xF2, 0x2E, 0x6D, 0x6F, 0xC4, 0x74, 0xC6, 0x59, 0x43, 0x87, 0x64, 0x9A,
    0xAC, 0xE6, 0x27, 0xC2, 0x8B, 0xDC, 0xD8, 0xCD, 0x50, 0xA5, 0x57, 0xE5, 0x15, 0xFA, 0x91, 0x3B,
    0xA3, 0x5C, 0x85, 0x44, 0x9F, 0xA3, 0x54, 0x24, 0x9F, 0x52, 0xF0, 0x57, 0x2C, 0x2B, 0xCA, 0x16,
    0x35, 0xD1, 0xB0, 0x56, 0x06, 0x0B, 0x4D, 0xD4, 0x6F, 0xBF, 0xFF, 0x8C, 0xD5, 0x28, 0x47, 0x1B,
    0x56, 0x49, 0xF9, 0xE0, 0xBB, 0x2E, 0xFC, 0x36, 0xF4, 0x78, 0x20, 0xEC, 0x79, 0x00, 0x59, 0x3A,
    0x8A, 0x46, 0x9F, 0x88, 0x8B, 0xC6, 0xAA, 0x49, 0x93, 0x05, 0x76, 0xA9, 0x11, 0x7F, 0xC4, 0x15,
    0x17, 0xFF, 0x54, 0xF4, 0xD6, 0x50, 0x42, 0x80, 0x4D, 0x04, 0xDB, 0x74, 0x29, 0x84, 0xDC, 0xC4,
    0xB2, 0xF4, 0x08, 0xB1, 0x5F, 0x31, 0xF2, 0xA8, 0x16, 0x33, 0x2A, 0x54, 0x9E, 0x35, 0xDC, 0x06,
    0x64, 0xCE, 0xE4, 0x41, 0x34, 0x25, 0xE0, 0x50, 0x57, 0x4F, 0xEC, 0xCF, 0x85, 0x2B, 0x57, 0x4A,
    0x6E, 0xFC, 0x48, 0x68, 0xE8, 0x95, 0x34, 0xF6, 0xE6, 0x11, 0x2D, 0x03, 0xCE, 0xD0, 0x12, 0x59,
    0x91, 0xF0, 0x27, 0x66, 0x7F, 0xFB, 0x19, 0x20, 0x41, 0x0E, 0xBD, 0x92, 0x15, 0xB2, 0x30, 0xD4,
    0x82, 0x64, 0x3D, 0xC9, 0x70, 0x8A, 0xE0, 0x01, 0xF7, 0x75, 0x6B, 0x5C, 0xAA, 0x9A, 0x89, 0x7C,
    0xED, 0x25, 0x15, 0x51, 0x4B, 0x79, 0x0D, 0x94, 0xF9, 0x18, 0xFB, 0xF9, 0x68, 0xC8, 0xB0, 0xD0,
    0x83, 0x10, 0x58, 0x4E, 0xFB, 0x2F, 0x7B, 0xEC, 0xF0, 0xB6, 0x9F, 0x4A, 0xF4, 0x69, 0xD0, 0x2D,
    0xB7, 0x06, 0xA5, 0xD4, 0xD7, 0x51, 0x17, 0xAF, 0x49, 0xC8, 0x18, 0xE6, 0xC0, 0x6C, 0xD0, 0xB7,
    0x0B, 0x97, 0xB9, 0xE8, 0x60, 0x7C, 0x83, 0x22, 0x62, 0xA2, 0x48, 0xB5, 0x2D, 0x7B, 0xF3, 0x3A,
    0x04, 0x49, 0xF0, 0x30, 0x92, 0xA6, 0x13, 0x29, 0x1C, 0x37, 0xE8, 0x4E, 0x29, 0x64, 0x6F, 0x83,
    0x38, 0xCF, 0xA6, 0x7C, 0x1A, 0x29, 0x0D, 0xED, 0xA1, 0x1B, 0x14, 0x83, 0x8E, 0x53, 0x05, 0x11,
    0xBB, 0x20, 0xB6, 0x20, 0x6E, 0xF2, 0xF0, 0x9E, 0x6E, 0xC2, 0x65, 0x7C, 0x9B, 0x78, 0x8F, 0x92,
    0xB5, 0x37, 0x0F, 0x5F, 0xE2, 0x78, 0x77, 0x5D, 0x10, 0x97, 0x0D, 0xB2, 0xE4, 0xD5, 0x9D, 0xD9,
    0x26, 0xB4, 0x1B, 0x75, 0x1C, 0x8C, 0xC7, 0xBD, 0x5D, 0xC6, 0xE7, 0xBD, 0x49, 0x9F, 0x21, 0x80,
    0x9E, 0xD3, 0xAF, 0x3E, 0x35, 0xFE, 0xDB, 0x57, 0xE4, 0xDC, 0x39, 0x78, 0xD1, 0xEE, 0x83, 0xAB,
    0x7A, 0x3F, 0x28, 0xBC, 0x53, 0xF5, 0x67, 0xE0, 0x27, 0x46, 0x89, 0xFD, 0xED, 0x67, 0x47, 0xEE,
    0x05, 0x70, 0x43, 0xA6, 0x40, 0x4F, 0xBD, 0x44, 0xD8, 0xA7, 0xB0, 0x6F, 0xAB, 0x21, 0x34, 0x72,
    0x78, 0x08, 0xCA, 0x70, 0x62, 0x09, 0x50, 0x1A, 0x0D, 0x2D, 0x0D, 0x6C, 0xFF, 0x27, 0x8A, 0xFD,
    0xF0, 0x0C, 0x30, 0x10, 0x34, 0x23, 0x74, 0x6B, 0x12, 0xE8, 0x8D, 0xB6, 0xA6, 0x28, 0x2B, 0x35,
    0xB8, 0x8C, 0x33, 0x2E, 0x09, 0x9C, 0xC6, 0xB4, 0x3D, 0xC6, 0x00, 0xB8, 0xBA, 0x68, 0xD4, 0x9D,
    0xB8, 0x1F, 0xE2, 0x17, 0xA1, 0x9D, 0x24, 0x6F, 0x5F, 0xF9, 0xD1, 0x7D, 0xF5, 0x45, 0xA2, 0x39,
    0x51, 0x18, 0xE3, 0x1E, 0xFC, 0xAB, 0x6D, 0xEE, 0xF3, 0x55, 0x9B, 0x05, 0x56, 0x11, 0x55, 0x31,
    0xCE, 0x7F, 0xD6, 0x2B, 0x1D, 0x1F, 0x07, 0xE4, 0x61, 0x7A, 0x66, 0x43, 0xAC, 0x60, 0x02, 0xA6,
    0x01, 0x80, 0xD0, 0x8D, 0xB2, 0x38, 0x80, 0x2C, 0x62, 0x35, 0x4B, 0x0A, 0xC4, 0xF0, 0x1B, 0x55,
    0x28, 0xA6, 0xC4, 0x55, 0x45, 0x0D, 0x75, 0x1F, 0xE2, 0xB3, 0x7F, 0xA1, 0x45, 0xBC, 0x31, 0x51,
    0x21, 0x66, 0xD5, 0x0A, 0x35, 0x10, 0xE8, 0xEC, 0x68, 0x09, 0x91, 0x91, 0x61, 0x2E, 0x3D, 0x12,
    0x6A, 0xF9, 0x4E, 0x9D, 0x45, 0x70, 0x02, 0xB4, 0xFF, 0x1C, 0x5C, 0x80, 0x1D, 0x2C, 0x6C, 0xE7,
    0x38, 0x2F, 0xA3, 0xCD, 0x3D, 0xB5, 0xE8, 0xD3, 0x5C, 0x01, 0xDE, 0x52, 0x8B, 0x27, 0x6A, 0xF4,
    0x9E, 0x4A, 0x8F, 0x33, 0xE8, 0xCA, 0x30, 0x2D, 0x5D, 0x30, 0x38, 0x60, 0x94, 0x1B, 0x99, 0x57,
    0x83, 0xE7, 0x99, 0x31, 0xD1, 0xFA, 0x32, 0x26, 0x6D, 0xE0, 0x5C, 0x6D, 0xD5, 0xE5, 0x77, 0x46,
    0xFB, 0xE3, 0xDE, 0xFC, 0x63, 0xB4, 0x3F, 0x1C, 0xED, 0xEB, 0xA3, 0xFD, 0x81, 0xF7, 0xE8, 0xFB,
    0x7D, 0x3F, 0x83, 0x96, 0x7E, 0x24, 0x25, 0xE8, 0xB1, 0x65, 0xD1, 0x91, 0xA6, 0x35, 0xA9, 0x8E,
    0x7F, 0x26, 0x4D, 0xB8, 0xDC, 0x65, 0xBD, 0x7B, 0x64, 0xA7, 0x52, 0x7F, 0x40, 0x66, 0x08, 0x0E,
    0x41, 0xA8, 0xB6, 0x96, 0x19, 0x2C, 0x58, 0x00, 0xC1, 0x13, 0x6F, 0x99, 0xD8, 0x58, 0x08, 0xD2,
    0xDB, 0xD8, 0x97, 0xDE, 0x02, 0xAE, 0x7B, 0x64, 0xC5, 0x0E, 0xC4, 0x0C, 0x20, 0xD9, 0x04, 0x02,
    0x5B, 0xB0, 0xD4, 0x6A, 0xCB, 0xC5, 0x5B, 0x7A, 0x0C, 0xCB, 0x38, 0x6F, 0x19, 0x31, 0x2C, 0xF5,
    0x9D, 0x59, 0xE8, 0x2B, 0x22, 0xCF, 0xBE, 0x14, 0x52, 0xFD, 0x5A, 0x02, 0x28, 0x8D, 0x34, 0x04,
    0xC4, 0xFE, 0xD6, 0x11, 0x41, 0x2E, 0x13, 0x0A, 0x3A, 0x46, 0xCB, 0x5C, 0x28, 0xA4, 0x45, 0x00,
    0xC2, 0xB4, 0x40, 0x55, 0x06, 0xAC, 0xC2, 0x9F, 0xA0, 0x76, 0xA3, 0xD9, 0xC8, 0xE8, 0x9B, 0x0D,
    0xEC, 0x95, 0xF7, 0x05, 0xA5, 0xEA, 0x08, 0xAC, 0x91, 0xE7, 0x22, 0xA3, 0xD7, 0x54, 0x82, 0x6E,
    0x4C, 0x7D, 0x2C, 0x2D, 0xDF, 0x2D, 0x78, 0x02, 0x3E, 0xAD, 0xA4, 0x5F, 0x7B, 0x7A, 0xC1, 0xC9,
    0xDC, 0x37, 0x92, 0x49, 0x7D, 0x2C, 0x50, 0x3B, 0xBD, 0x24, 0x93, 0x77, 0x10, 0xC4, 0x95, 0x85,
    0x58, 0x12, 0xC6, 0xAA, 0xC4, 0x6F, 0x11, 0x46, 0xBD, 0x66, 0xB7, 0x68, 0x62, 0x29, 0x9F, 0x44,
    0x82, 0x3B, 0x0A, 0xD2, 0x58, 0xC4, 0x11, 0xE4, 0xB1, 0x08, 0x64, 0x91, 0x88, 0x04, 0x91, 0x48,
    0x90, 0x89, 0x04, 0xA1, 0x48, 0x90, 0x8A, 0x04, 0xB1, 0x48, 0x90, 0x82, 0xF8, 0x53, 0x1F, 0xF6,
    0xF8, 0x03, 0x4D, 0x82, 0x70, 0x24, 0x48, 0x47, 0x82, 0x78, 0x24, 0xC8, 0x47, 0x82, 0x80, 0x64,
    0x91, 0xD0, 0x22, 0xA2, 0x45, 0x46, 0xAB, 0x90, 0x34, 0xA7, 0xE3, 0xCD, 0x5E, 0xF2, 0x92, 0x7E,
    0x8C, 0xA1, 0xA3, 0x0A, 0x5E, 0xAD, 0xF8, 0x75, 0xE8, 0x08, 0xF6, 0x35, 0xD9, 0xDF, 0xBD, 0x5A,
    0x6E, 0xD1, 0x7A, 0xD2, 0xF0, 0x51, 0x87, 0xD8, 0x7B, 0xF3, 0xD0, 0x6B, 0xC2, 0xBB, 0x99, 0x76,
    0xBA, 0x91, 0x10, 0x85, 0xF9, 0xD4, 0x74, 0x5B, 0x00, 0x5E, 0xFA, 0xA2, 0x5B, 0xBB, 0xC5, 0xED,
    0x8F, 0x11, 0x76, 0x4B, 0xE9, 0xD2, 0x62, 0x5F, 0xAC, 0x39, 0x3A, 0x90, 0xDC, 0xED, 0xBB, 0xCB,
    0x71, 0xB7, 0x7E, 0x04, 0x82, 0x18, 0x5E, 0x43, 0x68, 0xD1, 0x12, 0x8A, 0x95, 0x68, 0x06, 0x82,
    0x84, 0xF3, 0xAE, 0x72, 0x9C, 0x5C, 0x0A, 0xF1, 0x7B, 0x43, 0x84, 0x45, 0xF7, 0x14, 0xBF, 0xE1,
    0x06, 0x00, 0xC7, 0x7C, 0x74, 0x77, 0x39, 0x2E, 0x82, 0x16, 0x3D, 0x74, 0x05, 0x31, 0x8C, 0x82,
    0x19, 0x34, 0x75, 0xD4, 0x6F, 0xDF, 0xBD, 0xEE, 0x0F, 0x0F, 0x42, 0x86, 0xF4, 0xA5, 0x10, 0xE6,
    0x48, 0x7B, 0x8B, 0x7F, 0xD9, 0xD1, 0xA9, 0xC5, 0x1A, 0x49, 0x3E, 0x17, 0xA9, 0x48, 0x20, 0x30,
    0xF8, 0x47, 0x56, 0xBB, 0x80, 0xD3, 0xAD, 0x23, 0x66, 0x6B, 0x63, 0x1F, 0x32, 0xA9, 0x89, 0xB9,
    0x6E, 0x80, 0xF9, 0x4C, 0x34, 0xC0, 0x80, 0x82, 0xB6, 0x92, 0x14, 0x19, 0x4B, 0x2D, 0x21, 0x4B,
    0x8A, 0x14, 0xFF, 0xB1, 0xA4, 0xE0, 0x98, 0xD9, 0x86, 0xCA, 0x57, 0xA6, 0x5F, 0x10, 0x0D, 0x08,
    0x0A, 0x67, 0x05, 0x88, 0x27, 0xF1, 0x9F, 0x0D, 0xF8, 0xEF, 0x6F, 0x4A, 0x3F, 0xE4, 0xA6, 0xE6,
    0x1F, 0x29, 0xD0, 0x5C, 0x40, 0x67, 0x80, 0xA1, 0x9D, 0x2C, 0xE5, 0x87, 0x05, 0x68, 0x69, 0x7E,
    0x29, 0x5A, 0xEC, 0x0A, 0x00, 0x56, 0xAE, 0x05, 0x08, 0x1B, 0x3C, 0x2E, 0xCD, 0x41, 0x11, 0xBA,
    0x16, 0x0D, 0xF4, 0x93, 0xDE, 0x22, 0x61, 0x05, 0x06, 0x36, 0x91, 0x39, 0x7A, 0x8C, 0x41, 0x4B,
    0x68, 0x1D, 0xF8, 0xD3, 0xD8, 0x01, 0x0E, 0x2B, 0x5A, 0x14, 0x78, 0xC4, 0x7A, 0x99, 0x3B, 0x61,
    0xE1, 0x3B, 0x26, 0x79, 0xBB, 0xD9, 0x6B, 0x75, 0xEE, 0xF9, 0xD1, 0x3E, 0xCF, 0xF8, 0xF3, 0xD7,
    0xC1, 0xBC, 0xCE, 0x5A, 0xC2, 0x1B, 0xCE, 0xBC, 0xA3, 0x45, 0x32, 0x97, 0xD3, 0x96, 0x0B, 0xDF,
    0x66, 0x64, 0x37, 0xA7, 0x3B, 0x77, 0x5A, 0x91, 0x8D, 0xA9, 0x29, 0x69, 0xB0, 0x6A, 0x49, 0xE6,
    0xC0, 0x3C, 0x73, 0x7E, 0xBA, 0x05, 0x16, 0x11, 0xB0, 0x80, 0xAF, 0x2C, 0x88, 0x40, 0x74, 0x2F,
    0x90, 0xD5, 0x82, 0x77, 0xF8, 0xE0, 0xBC, 0x87, 0x0F, 0x36, 0x80, 0x8B, 0xE8, 0x13, 0xF9, 0xD7,
    0x98, 0xD6, 0xFD, 0x6B, 0x5A, 0xEC, 0x4E, 0xA7, 0x49, 0x74, 0xAC, 0x50, 0x92, 0x69, 0x39, 0xAB,
    0x26, 0x3D, 0x34, 0xF3, 0xD7, 0x99, 0x63, 0xFD, 0x00, 0xA1, 0x65, 0x26, 0x34, 0x61, 0x15, 0x00,
    0x0B, 0x2D, 0x06, 0x08, 0x24, 0x53, 0x85, 0x21, 0x22, 0x88, 0xC6, 0x0D, 0xFD, 0x7F, 0x6B, 0x83,
    0x23, 0x53, 0xB5, 0x4E, 0x3E, 0x70, 0x72, 0x96, 0x07, 0x98, 0xA7, 0xFD, 0x19, 0x1B, 0x6C, 0xDF,
    0xF5, 0xCB, 0xF0, 0xBA, 0x31, 0x49, 0x70, 0xAA, 0x6B, 0xA6, 0x2F, 0x67, 0xE4, 0x64, 0xE7, 0x93,
    0x9F, 0x63, 0x7A, 0x5A, 0x4E, 0xB6, 0x96, 0x5A, 0x66, 0x7E, 0x9B, 0x2E, 0x1E, 0x1E, 0xDA, 0x61,
    0xAB, 0x2B, 0xE9, 0xE2, 0x78, 0x0E, 0xA0, 0xF9, 0xC6, 0x79, 0xF7, 0xB9, 0x8A, 0xCA, 0x2D, 0x49,
    0x4B, 0x4C, 0x45, 0x4C, 0xB7, 0xFB, 0x66, 0xAB, 0xE9, 0x28, 0xD1, 0x9F, 0x17, 0x88, 0x39, 0xC7,
    0x8A, 0xEF, 0xBE, 0xAA, 0xE5, 0x0B, 0x78, 0x63, 0x1C, 0x8E, 0x0D, 0x38, 0x7B, 0xF9, 0x11, 0x59,
    0x80, 0x45, 0xF0, 0x36, 0x5A, 0x58, 0xD4, 0x12, 0x63, 0xBA, 0x15, 0x5A, 0x43, 0xE9, 0x5E, 0xA5,
    0xA0, 0x45, 0xC9, 0xD0, 0xB0, 0xD9, 0x1A, 0xBA, 0xB5, 0x94, 0xA5, 0xAD, 0x43, 0x76, 0xE9, 0xB7,
    0x04, 0x2D, 0x24, 0xB1, 0xDD, 0xDA, 0x3A, 0xD9, 0x1A, 0x46, 0xC7, 0x0D, 0xAB, 0xB3, 0x1A, 0x92,
    0x44, 0xF5, 0xB6, 0x78, 0xEE, 0x63, 0xFC, 0x05, 0xBC, 0x8B, 0x75, 0x34, 0x8C, 0x1C, 0x96, 0x96,
    0x85, 0x52, 0x60, 0x23, 0x7A, 0x10, 0x01, 0xA7, 0x4E, 0xAC, 0xF1, 0x06, 0xCB, 0x6D, 0xC8, 0x5B,
    0x92, 0x99, 0xF5, 0xA6, 0x31, 0xF2, 0x35, 0x82, 0x92, 0x02, 0x68, 0xE3, 0xB4, 0x6E, 0x8A, 0xC5,
    0x65, 0xDD, 0x05, 0x96, 0x3B, 0xF5, 0x48, 0xA7, 0x0C, 0xC1, 0xC6, 0xE8, 0x21, 0x0F, 0xA2, 0x0B,
    0x12, 0xA3, 0x3D, 0xA9, 0xE0, 0x88, 0x4D, 0x0F, 0x7F, 0x72, 0x63, 0x29, 0x82, 0xCC, 0x19, 0x54,
    0xD3, 0x7F, 0xE0, 0xE8, 0xF7, 0xE1, 0xAD, 0x8E, 0x80, 0x2F, 0x7B, 0x64, 0xAD, 0xA6, 0x0D, 0xD1,
    0xA3, 0x70, 0x96, 0xC5, 0x53, 0x46, 0xD5, 0x40, 0xF4, 0x27, 0xD4, 0xBF, 0xE0, 0x19, 0x06, 0xC0,
    0x06, 0xB0, 0x8E, 0xCB, 0xE7, 0x17, 0xBD, 0x63, 0x29, 0x87, 0x85, 0xA1, 0x0F, 0x1C, 0x76, 0x33,
    0x6D, 0x14, 0xA6, 0x7F, 0x47, 0x4E, 0x96, 0x8D, 0xCF, 0x26, 0x4C, 0x21, 0x3C, 0xF6, 0x3F, 0xA4,
    0x15, 0x1E, 0x1C, 0x60, 0x44, 0x2C, 0x8E, 0xE0, 0xBF, 0xC1, 0x33, 0xD3, 0x7A, 0xC6, 0x11, 0xCF,
    0x9D, 0x58, 0x09, 0x7E, 0xEA, 0x03, 0x6D, 0xC2, 0x33, 0x05, 0x3F, 0x3F, 0x4B, 0x3F, 0xC3, 0x42,
    0xA1, 0x25, 0x1A, 0xC9, 0xA0, 0xC8, 0x0F, 0x6A, 0xED, 0x37, 0xC4, 0x60, 0xAE, 0x71, 0xC4, 0x12,
    0xA7, 0xCC, 0x5F, 0x9F, 0xE0, 0xA7, 0x6E, 0xD0, 0x9D, 0xAD, 0x69, 0x0E, 0x85, 0xCD, 0x2B, 0xF8,
    0xD1, 0x50, 0xD0, 0x00, 0x5E, 0x7E, 0x34, 0xF7, 0x2F, 0xCC, 0x58, 0xD5, 0xBC, 0x63, 0xB8, 0xD2,
    0xDA, 0xB5, 0x0E, 0x78, 0xB1, 0x5E, 0x4B, 0xE3, 0x5A, 0xB1, 0xBB, 0x9B, 0x14, 0x73, 0xEE, 0xBE,
    0x3C, 0x99, 0xAE, 0x4B, 0x22, 0xD3, 0x58, 0x7B, 0x12, 0x2A, 0x03, 0x47, 0xAC, 0x43, 0x46, 0x5A,
    0x3E, 0xB0, 0x0D, 0x94, 0xD7, 0x28, 0x1C, 0x68, 0xFD, 0x4A, 0x90, 0xF8, 0x23, 0x09, 0x53, 0xA7,
    0x1E, 0xEA, 0x35, 0xBD, 0x3C, 0x01, 0x0D, 0x7B, 0xE1, 0xB8, 0x04, 0xA7, 0x75, 0xAD, 0x6E, 0xAD,
    0x98, 0xFF, 0x3E, 0xE8, 0x9F, 0x61, 0x2E, 0x46, 0x50, 0x5B, 0x6A, 0xB9, 0x86, 0xD7, 0x63, 0xFE,
    0x65, 0x4A, 0xBA, 0x5C, 0x40, 0x8A, 0x16, 0x8D, 0xA2, 0x4F, 0x73, 0xD1, 0xC8, 0x6E, 0x6C, 0xEB,
    0x98, 0x93, 0x0E, 0x93, 0xBF, 0x73, 0x4A, 0x56, 0x72, 0x2C, 0xAB, 0x9C, 0xC2, 0xC9, 0x4E, 0xCB,
    0x2A, 0x0B, 0x0F, 0x56, 0x59, 0xD9, 0xD3, 0xB2, 0x7A, 0x87, 0xB2, 0x82, 0xBD, 0x46, 0x97, 0x41,
    0x80, 0xA8, 0x5C, 0x72, 0x2B, 0xD2, 0xCA, 0x26, 0xE3, 0x89, 0xF2, 0x4B, 0xCF, 0x7B, 0xF1, 0x76,
    0xA9, 0xDA, 0x69, 0x17, 0x3D, 0xBC, 0xEB, 0x4A, 0xA0, 0x81, 0x55, 0xA8, 0xB9, 0x23, 0x51, 0x1C,
    0x01, 0x8A, 0x47, 0x04, 0xA2, 0x09, 0xE1, 0x60, 0xF2, 0x72, 0x3F, 0xD7, 0x6E, 0xBA, 0x2A, 0x32,
    0x98, 0xDA, 0x34, 0x78, 0x69, 0x50, 0xCD, 0x45, 0xBF, 0xDF, 0xE3, 0x55, 0x94, 0x32, 0xED, 0x18,
    0x2D, 0x03, 0x2A, 0xBB, 0x11, 0xCD, 0x91, 0xBF, 0xF7, 0x6B, 0xE7, 0xE3, 0x39, 0x27, 0x7F, 0xBD,
    0x6D, 0xBF, 0xA3, 0xC5, 0xC3, 0x6A, 0xD5, 0xE4, 0xBB, 0x2F, 0xE8, 0x58, 0x82, 0xD0, 0xC5, 0x24,
    0xAE, 0xEA, 0xED, 0x2F, 0x80, 0x11, 0x7F, 0x05, 0xC4, 0xF8, 0x9B, 0x51, 0x1D, 0x8C, 0x55, 0x24,
    0x4E, 0x24, 0x0F, 0x04, 0xFA, 0x2F, 0xA0, 0xD5, 0x5F, 0xE2, 0x79, 0x6D, 0xD1, 0xA7, 0x40, 0x7B,
    0x22, 0xC6, 0xDD, 0x8C, 0x88, 0x77, 0xE3, 0x11, 0xCC, 0x60, 0xEB, 0xFB, 0x7F, 0x99, 0x75, 0xAB,
    0x9F, 0x84, 0x48, 0x73, 0x58, 0xA9, 0x61, 0x01, 0x82, 0xC5, 0xFC, 0xDB, 0x3C, 0xD3, 0x40, 0x26,
    0x7E, 0x1B, 0x1F, 0xCC, 0x39, 0xF2, 0x9E, 0xA1, 0x1E, 0x18, 0x43, 0x63, 0x6E, 0x3A, 0x50, 0x8E,
    0x9F, 0xEB, 0x03, 0xBE, 0x34, 0x19, 0xB8, 0x0B, 0x3C, 0x7E, 0x0C, 0x1C, 0x34, 0xBE, 0xD0, 0x4D,
    0x1D, 0xC3, 0xA6, 0xC6, 0xB3, 0x6F, 0x80, 0x4B, 0x90, 0xB2, 0xA8, 0x0D, 0x7C, 0xF2, 0x35, 0x5F,
    0xDD, 0x94, 0x37, 0x67, 0xB0, 0xA4, 0xF5, 0xC5, 0x01, 0xD3, 0x1E, 0x69, 0x19, 0xC3, 0xEB, 0x41,
    0x16, 0x1D, 0x72, 0x46, 0x93, 0xCE, 0x7A, 0x96, 0x88, 0x07, 0x25, 0xFC, 0xA9, 0xA0, 0xBD, 0xD7,
    0x23, 0x4D, 0xA6, 0xE4, 0x5D, 0xE6, 0x5F, 0x64, 0xC5, 0x23, 0x0C, 0x3F, 0x9E, 0x34, 0x41, 0x65,
    0x58, 0x9D, 0xA3, 0xF9, 0x62, 0x9D, 0xA3, 0xA7, 0x73, 0xF4, 0x9C, 0xE3, 0x5C, 0xA7, 0xFC, 0xF8,
    0x89, 0x2A, 0xF9, 0x9C, 0x34, 0x5F, 0x82, 0x33, 0xE3, 0x21, 0xF5, 0xE5, 0x73, 0xFC, 0xE7, 0xE2,
    0x5D, 0x93, 0x5A, 0x25, 0x30, 0x79, 0x8D, 0x60, 0xFE, 0xD6, 0x0D, 0xAD, 0x0B, 0xE9, 0x49, 0xF1,
    0xDD, 0x87, 0xC5, 0x27, 0xDE, 0x57, 0x17, 0xCE, 0x2B, 0x3D, 0xF7, 0x68, 0x79, 0x5E, 0x91, 0xF7,
    0xF9, 0x50, 0x74, 0x3B, 0x57, 0x84, 0x24, 0x50, 0x0B, 0xE6, 0x49, 0x28, 0x7D, 0x74, 0xA1, 0xC2,
    0x9E, 0x8F, 0x0F, 0x10, 0xBC, 0xD7, 0xB8, 0xFA, 0x84, 0x20, 0x87, 0xEC, 0x32, 0x6A, 0x84, 0x7A,
    0xD3, 0xA3, 0xA7, 0xDD, 0xC3, 0xC3, 0xFE, 0x77, 0x4C, 0xE5, 0x98, 0x6D, 0x11, 0x1F, 0x85, 0x62,
    0xFA, 0x7D, 0x5D, 0xFF, 0xA1, 0xCA, 0xB0, 0x1C, 0xAE, 0xC5, 0xCC, 0x27, 0x45, 0xFE, 0x48, 0x35,
    0xC5, 0x35, 0x7F, 0xE2, 0x45, 0xCF, 0x03, 0x0F, 0x64, 0x1B, 0xE4, 0x17, 0xB7, 0xEC, 0x50, 0x6C,
    0x3C, 0xCE, 0x5A, 0xF8, 0xFC, 0x39, 0x1D, 0x8C, 0xD7, 0x72, 0x72, 0x1D, 0xAA, 0xC9, 0x88, 0x06,
    0x3C, 0xB3, 0x02, 0x00, 0x9D, 0x20, 0x56, 0x66, 0x12, 0x43, 0x3A, 0x20, 0x85, 0xC8, 0x98, 0x41,
    0x14, 0x4C, 0x20, 0x34, 0x7F, 0x50, 0xE7, 0x10, 0xFE, 0x8D, 0x80, 0xFB, 0xAD, 0xF8, 0x63, 0x3B,
    0x0E, 0x0B, 0x86, 0x13, 0xD0, 0xA6, 0x32, 0x4B, 0x07, 0xEE, 0xB5, 0x34, 0xEE, 0xEB, 0xB4, 0x05,
    0xD6, 0x6D, 0x32, 0x07, 0x86, 0xDA, 0x02, 0x99, 0x00, 0xB6, 0x7C, 0xC8, 0x5C, 0xEE, 0xAA, 0x91,
    0xBF, 0xEC, 0xC4, 0xA3, 0xA6, 0xD9, 0x57, 0xC8, 0x05, 0x58, 0x9C, 0x89, 0x09, 0x73, 0x60, 0x69,
    0x03, 0xE7, 0xE1, 0x59, 0x14, 0xB1, 0x68, 0x8E, 0xE9, 0xAA, 0x4E, 0x0F, 0x31, 0x9B, 0x94, 0xFF,
    0xA3, 0x52, 0x6F, 0x33, 0x3E, 0x21, 0xF2, 0xD3, 0xAA, 0x8E, 0x66, 0x0B, 0x2B, 0x35, 0x7D, 0x36,
    0xE6, 0x18, 0x35, 0xF1, 0x55, 0x1B, 0x8E, 0xA5, 0xE6, 0x70, 0x3A, 0x49, 0x88, 0x5A, 0x69, 0x95,
    0x82, 0xFF, 0x2B, 0x81, 0x81, 0x4C, 0x5F, 0xA0, 0x6D, 0xD5, 0xA1, 0x25, 0x0F, 0xAD, 0x16, 0x6B,
    0xFD, 0x94, 0x82, 0xC6, 0xDA, 0xE8, 0x19, 0xE0, 0xF4, 0x6E, 0xD9, 0x19, 0x1B, 0x3C, 0xF3, 0x1C,
    0x36, 0xF1, 0x1F, 0x4D, 0xF2, 0x10, 0x0F, 0xE2, 0x92, 0x31, 0x87, 0x53, 0x34, 0xA1, 0x16, 0xD7,
    0xB2, 0x16, 0x17, 0x1D, 0x1D, 0xC8, 0xFE, 0xE1, 0xE1, 0x41, 0x11, 0x10, 0xF2, 0x98, 0xAB, 0x31,
    0xB3, 0x22, 0x6A, 0x79, 0x6A, 0x53, 0x6F, 0x47, 0xB5, 0xAC, 0x23, 0x54, 0x9D, 0x66, 0x30, 0x7A,
    0x4B, 0xA3, 0x2E, 0x45, 0xA2, 0x35, 0xAF, 0x29, 0x14, 0x58, 0xA3, 0x50, 0x3B, 0x65, 0x6A, 0xC2,
    0x43, 0x25, 0xAD, 0x60, 0x34, 0xE7, 0x5F, 0xD8, 0x40, 0x2A, 0xA0, 0x99, 0x03, 0xB8, 0x67, 0x4D,
    0xEA, 0xEB, 0x7E, 0x39, 0x15, 0xAC, 0xEE, 0xD1, 0x8F, 0x18, 0xA8, 0x98, 0xC2, 0xFF, 0xBC, 0x68,
    0x12, 0x72, 0xA9, 0x7C, 0x5C, 0xFC, 0x67, 0x7E, 0x5D, 0x5D, 0xB2, 0x5A, 0x66, 0x8C, 0xCC, 0x40,
    0xB8, 0xC1, 0x7A, 0xA2, 0xA4, 0xC7, 0x1B, 0xF5, 0xD9, 0xD7, 0xCA, 0xC7, 0xCA, 0x43, 0xCA, 0xEA,
    0xC8, 0xFF, 0x96, 0x23, 0xB0, 0x73, 0xFA, 0x28, 0x66, 0x0B, 0x47, 0xE8, 0x55, 0xA8, 0xF1, 0x68,
    0x28, 0xBF, 0xF8, 0x92, 0xFC, 0xB4, 0xF0, 0x35, 0xE4, 0x3F, 0x4F, 0x30, 0xCE, 0xA9, 0xCA, 0xB1,
    0x17, 0x62, 0x7B, 0x66, 0x86, 0xFF, 0x07, 0xCD, 0x5A, 0x3D, 0x90, 0xDD, 0xD4, 0x15, 0xBE, 0x7A,
    0xF2, 0xFA, 0x41, 0x54, 0x88, 0x02, 0x33, 0xFC, 0x0C, 0x88, 0x82, 0xC2, 0x09, 0x60, 0xB5, 0x29,
    0xBC, 0x96, 0x8C, 0x67, 0x42, 0xE1, 0x22, 0x5B, 0x78, 0x2B, 0x17, 0x49, 0x41, 0x91, 0x81, 0xC2,
    0xAD, 0x0B, 0x63, 0x29, 0xB8, 0x4C, 0x81, 0x8B, 0xA4, 0x81, 0x02, 0x17, 0x2E, 0x82, 0x99, 0xC9,
    0x36, 0x29, 0x4C, 0xC6, 0xF6, 0x55, 0xF0, 0xA4, 0xCE, 0xCB, 0x64, 0x18, 0x8A, 0x14, 0x28, 0x81,
    0xCC, 0x64, 0xA0, 0x40, 0x19, 0x2B, 0x89, 0x6C, 0xAE, 0x74, 0xF2, 0x7D, 0xE7, 0x4A, 0x6F, 0xDF,
    0xC6, 0xFC, 0x18, 0xE2, 0x5D, 0x76, 0xDF, 0xD3, 0xD1, 0xEA, 0xE9, 0xEA, 0xDE, 0x73, 0xCE, 0x3D,
    0xFF, 0x47, 0xC6, 0x14, 0x46, 0x4A, 0xA9, 0x6C, 0xF9, 0x03, 0xC3, 0xBF, 0x27, 0x4D, 0xB6, 0xF2,
    0x29, 0x4C, 0x91, 0x17, 0xB9, 0xCD, 0x6D, 0x69, 0x4B, 0x8C, 0x2A, 0x0B, 0x73, 0xC0, 0x98, 0xB0,
    0x31, 0x66, 0xDE, 0x19, 0x13, 0xE1, 0x48, 0x65, 0x11, 0x88, 0x74, 0x91, 0x88, 0x4B, 0xE4, 0x73,
    0x97, 0xDD, 0x6A, 0xBB, 0xE2, 0x66, 0x6B, 0xEC, 0x85, 0xD6, 0xC8, 0x89, 0x9D, 0x07, 0x7F, 0xE3,
    0xBD, 0xEC, 0xA3, 0xF6, 0x6C, 0x2A, 0xFF, 0xEE, 0x63, 0x91, 0x61, 0x86, 0xE7, 0x4C, 0x21, 0xB5,
    0x89, 0x9C, 0x9F, 0x93, 0x73, 0x9B, 0xDF, 0x5C, 0x04, 0x88, 0x65, 0x00, 0xCC, 0x44, 0x2A, 0x63,
    0x44, 0x64, 0x61, 0x66, 0xF2, 0x27, 0x5B, 0x99, 0x50, 0x4C, 0x5C, 0x9A, 0xB0, 0x27, 0xAE, 0x3B,
    0x20, 0x47, 0x03, 0x1D, 0xCC, 0xC5, 0x87, 0x9A, 0x09, 0x1E, 0xB4, 0x9F, 0x94, 0x9C, 0x67, 0x61,
    0xFE, 0x17, 0x56, 0x4B, 0x18, 0xD8, 0x52, 0x9F, 0x1D, 0x72, 0x6B, 0x2C, 0xD6, 0x92, 0x11, 0x9E,
    0x0F, 0xAC, 0xE8, 0xE4, 0x5B, 0x17, 0xCD, 0x61, 0x63, 0x2E, 0xD9, 0x1F, 0x9D, 0x70, 0xF8, 0xDD,
    0xE1, 0xAE, 0xE3, 0xEC, 0xC9, 0x6D, 0x5B, 0xA7, 0x4D, 0xD2, 0x64, 0x8B, 0xB8, 0xC9, 0xEA, 0xB8,
    0x49, 0xF1, 0x49, 0x06, 0xA9, 0x79, 0x8F, 0xE3, 0x78, 0x14, 0x41, 0xD8, 0x81, 0x67, 0x1B, 0x6B,
    0x98, 0xE6, 0xE9, 0xAC, 0x34, 0x81, 0xB3, 0x0B, 0xA0, 0x5C, 0x34, 0x20, 0x39, 0xED, 0x4C, 0xDC,
    0xC5, 0xCE, 0x64, 0x0D, 0xA8, 0x2A, 0x16, 0x33, 0x72, 0xD8, 0xC8, 0x7B, 0x02, 0xB4, 0xFE, 0x83,
    0x75, 0x13, 0x21, 0x93, 0x41, 0x04, 0x38, 0x2C, 0xD5, 0x8C, 0x4C, 0xD0, 0xFF, 0xCC, 0xCB, 0xF2,
    0xB6, 0x31, 0x87, 0xE4, 0x57, 0x77, 0xDD, 0x38, 0x24, 0xBF, 0xC4, 0x32, 0x92, 0x13, 0x10, 0xEF,
    0xF3, 0xC6, 0x3C, 0x6F, 0x2C, 0x7E, 0xB8, 0xFB, 0x63, 0xCD, 0xA3, 0x66, 0xFA, 0x3B, 0x66, 0x6C,
    0xFE, 0x45, 0x63, 0x0A, 0x33, 0x31, 0x47, 0x51, 0x29, 0xC0, 0x12, 0x6E, 0x45, 0x19, 0xCA, 0x71,
    0xA9, 0xC0, 0xF6, 0xB4, 0x0C, 0xDD, 0xC4, 0xFA, 0x90, 0x8C, 0x0F, 0xC8, 0x7E, 0xE0, 0x33, 0x00,
    0x6D, 0x8C, 0x8B, 0x07, 0x60, 0x96, 0x36, 0x07, 0xC1, 0x91, 0x06, 0x44, 0x82, 0xDC, 0xB4, 0x4E,
    0xE5, 0x22, 0xD8, 0x45, 0x6C, 0xE7, 0x1C, 0x67, 0x14, 0x1C, 0xE4, 0xCC, 0x78, 0xA6, 0x4C, 0x72,
    0x08, 0x23, 0xF6, 0x47, 0xF2, 0xEC, 0xF6, 0x4C, 0xB8, 0x9D, 0x03, 0x04, 0x01, 0x32, 0x12, 0xF8,
    0xCD, 0xBC, 0x03, 0xD6, 0x1C, 0x77, 0xC5, 0xCD, 0xBE, 0xB8, 0x39, 0x64, 0x3F, 0xC7, 0xE2, 0xCF,
    0xFE, 0x03, 0x0F, 0xCE, 0x29, 0x1E, 0xDC, 0x6F, 0x8E, 0x2B, 0x67, 0x92, 0x87, 0x94, 0xCC, 0x2A,
    0xAE, 0xA3, 0x6E, 0xDE, 0xA4, 0xA5, 0x95, 0xD7, 0xBA, 0x2C, 0xC4, 0x8A, 0xEE, 0x7A, 0xD4, 0x9F,
    0x36, 0xAF, 0xBA, 0x98, 0x32, 0xE2, 0x52, 0x6C, 0x7D, 0xD6, 0x65, 0x60, 0x56, 0xBA, 0x0A, 0xFD,
    0xEF, 0xD7, 0x62, 0x2C, 0x77, 0xEC, 0x7C, 0x24, 0x36, 0xBF, 0x9E, 0xCD, 0xF8, 0x6C, 0x52, 0x15,
    0x90, 0xE2, 0xA8, 0x99, 0x5D, 0x8E, 0x6B, 0x8A, 0x5C, 0x51, 0x19, 0xF9, 0xF8, 0x09, 0x51, 0x99,
    0xC3, 0x72, 0x18, 0x43, 0x21, 0x5A, 0xDB, 0x50, 0x8E, 0x46, 0xBD, 0x4B, 0x21, 0x23, 0x9F, 0x3A,
    0x3B, 0x73, 0x62, 0xF8, 0xB5, 0xC6, 0x15, 0x27, 0x20, 0x35, 0x2E, 0x1D, 0xDC, 0xBC, 0x7D, 0xC9,
    0x1C, 0x35, 0x57, 0x8D, 0x04, 0x6E, 0x26, 0xA1, 0x0B, 0x5D, 0xDC, 0xC6, 0x2D, 0x84, 0xA7, 0x2E,
    0xAA, 0xA2, 0xC2, 0xD6, 0x94, 0x02, 0x19, 0xB5, 0x15, 0x05, 0x2B, 0x72, 0x71, 0x13, 0x0E, 0xD0,
    0x0E, 0x8C, 0xC3, 0x76, 0x3A, 0xF3, 0xB0, 0x79, 0x68, 0x6D, 0x73, 0x73, 0x73, 0x83, 0xE4, 0x82,
    0x6B, 0xC5, 0x0A, 0x4C, 0x15, 0x72, 0xCB, 0xBE, 0x04, 0x7A, 0xA1, 0x30, 0x67, 0x4D, 0xB0, 0x99,
    0x67, 0xD2, 0x14, 0xD2, 0x65, 0xD2, 0x25, 0xD8, 0xB2, 0xEF, 0x7D, 0xCC, 0x8D, 0xC8, 0xC3, 0xDB,
    0x67, 0xEA, 0xB8, 0x9A, 0xB5, 0x69, 0xD6, 0x5E, 0x3B, 0x7A, 0xEC, 0xDA, 0xFA, 0xB9, 0xA3, 0xCF,
    0x1D, 0x39, 0x9B, 0x75, 0xC9, 0xB9, 0xAC, 0x49, 0x8E, 0x1E, 0x3D, 0x7A, 0x64, 0x1D, 0x20, 0x3D,
    0xFC, 0x9C, 0x8B, 0x17, 0x21, 0x24, 0x16, 0xCA, 0x68, 0xB1, 0x77, 0x81, 0xA2, 0xA2, 0xC2, 0xC1,
    0x73, 0xF0, 0x2E, 0x36, 0xAC, 0xC2, 0xEC, 0xF6, 0xC5, 0xAE, 0x0F, 0x9C, 0x33, 0xFC, 0x0E, 0x33,
    0x57, 0x7C, 0xD6, 0xA6, 0x52, 0xCF, 0x55, 0x36, 0xFD, 0xDF, 0xAC, 0xA3, 0xD8, 0x50, 0x80, 0xE6,
    0x3B, 0x00, 0xC9, 0x28, 0xA9, 0x80, 0xB5, 0x82, 0x4C, 0x25, 0x7B, 0xE7, 0x10, 0xFF, 0x98, 0xB9,
    0x34, 0xCE, 0xC4, 0x21, 0x39, 0x07, 0x57, 0x0A, 0x38, 0x01, 0x67, 0x4F, 0x20, 0x45, 0x40, 0xE5,
    0xCC, 0xE2, 0x51, 0x6C, 0x78, 0xB2, 0xA0, 0xAE, 0x0B, 0x9F, 0xC4, 0xD6, 0x66, 0x30, 0x65, 0x9C,
    0xBA, 0x3A, 0x74, 0x0A, 0x84, 0xF3, 0xFB, 0x48, 0x6F, 0xA2, 0xC6, 0xA4, 0x2D, 0x69, 0x2A, 0x80,
    0x25, 0x54, 0x35, 0x2D, 0xDF, 0x85, 0x5E, 0xC0, 0x18, 0x74, 0x66, 0x0D, 0x68, 0x6F, 0x84, 0x6D,
    0xD4, 0x41, 0xC9, 0xAB, 0x2C, 0x5F, 0x9F, 0x16, 0xCE, 0xCD, 0xF5, 0x02, 0x2A, 0x4B, 0x59, 0xF8,
    0xEA, 0x23, 0xC0, 0x11, 0x4A, 0x01, 0x06, 0x14, 0xB7, 0xAD, 0x70, 0xBF, 0x0A, 0xE9, 0x71, 0x34,
    0xD7, 0x8B, 0x3F, 0xA8, 0x2C, 0x2D, 0x0F, 0x0A, 0x21, 0x8D, 0x85, 0xC1, 0x36, 0xE7, 0x54, 0x6B,
    0xD5, 0x16, 0xB2, 0xE1, 0xF5, 0x1A, 0xCF, 0x9D, 0x24, 0x57, 0x4E, 0xD6, 0xF2, 0x05, 0x40, 0x6F,
    0x64, 0x04, 0x29, 0xC1, 0x9C, 0xC0, 0xBC, 0x6C, 0x4F, 0x52, 0xDA, 0xEF, 0x0D, 0x58, 0x99, 0xFB,
    0x4D, 0x85, 0x62, 0x8C, 0x24, 0x3E, 0x0E, 0xA4, 0x2C, 0x3E, 0x44, 0x2B, 0x6C, 0xA2, 0x3A, 0xA9,
    0xB2, 0xAA, 0x28, 0x53, 0xDE, 0x7A, 0x68, 0xE6, 0x12, 0x67, 0xF1, 0xF9, 0x21, 0xB6, 0x78, 0xE5,
    0x73, 0xD5, 0xFC, 0x0E, 0xBA, 0xBC, 0x48, 0xA5, 0xC9, 0x3E, 0x80, 0xFD, 0xA3, 0xE8, 0x53, 0xFA,
    0x2F, 0x40, 0xFA, 0xBB, 0x58, 0x6A, 0xE8, 0xE7, 0x59, 0x8C, 0x19, 0x82, 0x9E, 0x86, 0x49, 0xA7,
    0x4F, 0x69, 0x3E, 0xC1, 0xDB, 0xD0, 0xCD, 0x5D, 0xD8, 0x13, 0xF2, 0x0A, 0xBF, 0x2E, 0x32, 0xDC,
    0xC5, 0xA8, 0x60, 0x30, 0x3D, 0x66, 0x7E, 0x08, 0x1F, 0x7E, 0x03, 0x48, 0x0F, 0x24, 0x20, 0xAE,
    0x4C, 0xE2, 0xD4, 0x86, 0x5B, 0x9C, 0xB0, 0x11, 0x3C, 0x41, 0xC6, 0x81, 0x8F, 0x3A, 0x05, 0xE7,
    0x85, 0x45, 0x77, 0x9C, 0x27, 0x35, 0xFC, 0x4E, 0xB9, 0x8C, 0x93, 0x2A, 0x03, 0x96, 0x33, 0xBF,
    0x35, 0xE6, 0xEA, 0xDC, 0x71, 0x42, 0x0C, 0xD4, 0x27, 0xB2, 0x05, 0xE7, 0xC5, 0xC0, 0xCC, 0xA9,
    0xD6, 0x0C, 0x8E, 0x6E, 0x26, 0x74, 0x74, 0x52, 0x2E, 0xBA, 0x33, 0xE4, 0x18, 0x18, 0x53, 0x2C,
    0xD3, 0x45, 0xC4, 0x13, 0x67, 0xC4, 0x82, 0x56, 0xE7, 0x35, 0x94, 0x8E, 0x6B, 0x4B, 0x31, 0x07,
    0xBA, 0x07, 0x3C, 0xBA, 0x99, 0x51, 0x74, 0x6D, 0x3E, 0xE1, 0x69, 0x3D, 0x9E, 0x40, 0x97, 0xAE,
    0xF4, 0x2E, 0x3C, 0xD5, 0x2B, 0xAD, 0xE0, 0xC9, 0x53, 0xD4, 0x41, 0xC1, 0xCC, 0x55, 0x2E, 0x5F,
    0x12, 0xCF, 0x8C, 0x96, 0xCF, 0x96, 0xD9, 0x4F, 0x6A, 0xCE, 0xF8, 0x00, 0x26, 0xE0, 0x40, 0xC8,
    0xBB, 0x3A, 0xE7, 0x4A, 0x67, 0xC4, 0x82, 0x98, 0x71, 0x46, 0x04, 0x4B, 0x13, 0xB5, 0xBA, 0x34,
    0xFD, 0x76, 0x4F, 0xCD, 0x69, 0x8C, 0x7A, 0xF1, 0x7A, 0xC4, 0xF6, 0xD0, 0x26, 0xB8, 0x9B, 0x43,
    0x03, 0x30, 0x72, 0xA1, 0xA7, 0xA4, 0x86, 0x5B, 0x51, 0x26, 0xD3, 0xAA, 0x62, 0xAE, 0xB8, 0x53,
    0x73, 0x92, 0xC1, 0x5E, 0x90, 0x28, 0xA9, 0x14, 0xF9, 0x18, 0xE6, 0x4A, 0x4F, 0xF4, 0xA8, 0xEB,
    0x67, 0x2A, 0x22, 0x5F, 0xC0, 0x4F, 0xC0, 0x71, 0x66, 0xE0, 0x9C, 0x19, 0x60, 0x28, 0xA2, 0x2E,
    0x24, 0x31, 0x49, 0x13, 0x89, 0xBA, 0xDE, 0x94, 0x27, 0x5B, 0x16, 0x96, 0x06, 0x2A, 0xE8, 0x0B,
    0xEA, 0x75, 0x38, 0x70, 0xE9, 0x6E, 0x4E, 0x7B, 0x9F, 0xC0, 0xCA, 0x00, 0x33, 0xCE, 0x88, 0x21,
    0x19, 0x67, 0x04, 0xAE, 0xC6, 0x73, 0x78, 0xFC, 0xFB, 0xD9, 0x64, 0xDD, 0x66, 0x4B, 0x60, 0x86,
    0xE5, 0xDD, 0xC3, 0xCB, 0x4B, 0x99, 0xC6, 0x71, 0xD1, 0x19, 0xED, 0x64, 0x44, 0xDF, 0x1E, 0x0F,
    0xB4, 0xF9, 0xCD, 0x14, 0x15, 0x68, 0x38, 0xB0, 0x02, 0x1A, 0xD8, 0xE9, 0x04, 0x46, 0x9A, 0x4E,
    0x08, 0xB6, 0x63, 0xF4, 0x58, 0x1D, 0x1D, 0x62, 0x69, 0x56, 0xFF, 0x12, 0xBD, 0xCC, 0x1A, 0xFD,
    0x5F, 0x8D, 0xD3, 0xDC, 0x1B, 0x5B, 0xF5, 0xA1, 0x94, 0x00, 0xFC, 0x3D, 0xE8, 0x8D, 0x86, 0x0E,
    0xB5, 0x1A, 0x7E, 0x70, 0xF7, 0x80, 0x56, 0xA3, 0x0E, 0xB4, 0xD1, 0xA7, 0x3A, 0xF5, 0x84, 0x2A,
    0x8C, 0xB7, 0x88, 0x79, 0xFA, 0x37, 0xCF, 0x2C, 0x5A, 0x4E, 0xEA, 0x0A, 0xFD, 0x3B, 0x91, 0x83,
    0xB9, 0x85, 0xAF, 0x1D, 0xC0, 0x24, 0xE2, 0x25, 0x2D, 0xBD, 0x20, 0x1E, 0x8B, 0x15, 0x26, 0x42,
    0x54, 0xD3, 0x85, 0x0E, 0xE3, 0xE0, 0x52, 0xF7, 0xA3, 0xF2, 0x53, 0x9D, 0x5F, 0x22, 0x3C, 0xBA,
    0xFF, 0xA5, 0x87, 0xF0, 0x48, 0x7B, 0x02, 0x52, 0xC5, 0x70, 0x6D, 0x1F, 0x63, 0x7E, 0xC4, 0x2C,
    0x31, 0xF1, 0x38, 0x8C, 0xAB, 0x2F, 0x6E, 0x28, 0xCA, 0x0F, 0xEC, 0x63, 0x9E, 0x6B, 0x90, 0x50,
    0xC7, 0xD4, 0xE1, 0x21, 0xA6, 0x7C, 0x6B, 0x9C, 0x7B, 0xA3, 0x20, 0x3C, 0xAF, 0x5A, 0x32, 0x86,
    0x67, 0xFB, 0x12, 0xFF, 0x00, 0x61, 0x08, 0x56, 0x59, 0xA8, 0x3E, 0xD5, 0xDB, 0x30, 0x2A, 0x5F,
    0xDD, 0x26, 0x6F, 0x7F, 0x72, 0xFE, 0xF1, 0x6D, 0x99, 0x99, 0x79, 0x4C, 0x6A, 0x8D, 0x43, 0x16,
    0x0A, 0x3F, 0x6F, 0x15, 0xC3, 0x7A, 0x9F, 0x49, 0x4B, 0xB0, 0xB9, 0x79, 0xCA, 0x68, 0x4E, 0xE4,
    0x03, 0xBC, 0x74, 0x3C, 0x17, 0xE3, 0x59, 0xEE, 0x5C, 0xF9, 0xF5, 0x92, 0x20, 0xA2, 0xE8, 0xCF,
    0xF1, 0x78, 0xCE, 0xC6, 0xB3, 0xFD, 0xCC, 0x9F, 0xC5, 0xA7, 0x49, 0xE1, 0xE0, 0x43, 0x57, 0x24,
    0x22, 0xDE, 0xA6, 0x35, 0x29, 0xB1, 0x04, 0xD6, 0x6A, 0x10, 0x8D, 0xFD, 0xC4, 0x36, 0x4A, 0xBC,
    0x8C, 0xE4, 0xFB, 0x73, 0x3C, 0x9E, 0x93, 0x7F, 0x6D, 0x9E, 0x19, 0x0D, 0x27, 0x9E, 0x83, 0x33,
    0xAF, 0x3C, 0x5E, 0x62, 0x94, 0x38, 0x73, 0x5D, 0x87, 0x0E, 0x2B, 0x02, 0xFF, 0xC8, 0x65, 0x35,
    0xBD, 0x0B, 0x1F, 0x32, 0x93, 0x0D, 0xA1, 0x0C, 0x5B, 0x88, 0x09, 0x72, 0x73, 0x49, 0x6D, 0x8E,
    0xDA, 0xCF, 0xAC, 0x36, 0x3E, 0x12, 0xF2, 0x3B, 0x20, 0x4B, 0x60, 0x97, 0x40, 0xEF, 0xEA, 0x38,
    0x7D, 0x42, 0x9F, 0x45, 0xF6, 0x10, 0xD4, 0xA1, 0xF2, 0x56, 0x81, 0xAE, 0x81, 0xD5, 0x2E, 0x1A,
    0xE5, 0xB2, 0xC6, 0x55, 0x66, 0xDB, 0x3D, 0x5C, 0x5B, 0xC1, 0x8B, 0x49, 0x27, 0xDD, 0x66, 0xC8,
    0x1D, 0x44, 0x7A, 0x06, 0xCD, 0xC4, 0xAF, 0x39, 0x23, 0xB0, 0x0D, 0xC4, 0x53, 0x3D, 0xA3, 0x4A,
    0x1C, 0x83, 0xFD, 0xE4, 0xCA, 0x65, 0xAE, 0x7F, 0xD7, 0x01, 0x9A, 0x70, 0x34, 0xE3, 0x51, 0x7F,
    0xE1, 0x18, 0x3F, 0xCE, 0xE9, 0x3C, 0x98, 0x4F, 0xB3, 0x15, 0x13, 0x55, 0x9E, 0x0E, 0xF0, 0x84,
    0x8B, 0xD3, 0xC3, 0x06, 0x7B, 0xB0, 0xEE, 0x41, 0x2C, 0x99, 0x30, 0xA3, 0x53, 0x77, 0x56, 0x86,
    0x5D, 0x52, 0x05, 0xE5, 0xAC, 0xDC, 0xF5, 0x75, 0x37, 0x02, 0x78, 0xF8, 0x64, 0x11, 0xBA, 0xB4,
    0xE6, 0x11, 0x7C, 0x1C, 0x95, 0x63, 0xA4, 0xBB, 0xCB, 0x7C, 0x3E, 0x4F, 0xFD, 0x6A, 0x12, 0x17,
    0xF8, 0x18, 0xB2, 0x9F, 0xC9, 0x3D, 0x7E, 0x06, 0x04, 0x60, 0xC7, 0xE8, 0x1C, 0xE1, 0x19, 0x99,
    0xBF, 0x56, 0x74, 0x88, 0x07, 0x54, 0x9A, 0x98, 0xFF, 0x7C, 0xEB, 0x6F, 0xC9, 0x68, 0x10, 0x51,
    0x30, 0xCB, 0x19, 0xCC, 0x58, 0x9A, 0xE2, 0x44, 0xF7, 0x8C, 0xF9, 0x29, 0xA3, 0xC5, 0x9E, 0x51,
    0xCC, 0xB7, 0xFF, 0x0E, 0x8C, 0x19, 0x0F, 0x98, 0x0D, 0x7B, 0xC2, 0xC9, 0x05, 0x07, 0x78, 0x24,
    0x68, 0xC7, 0x38, 0xF4, 0x7E, 0xCC, 0x8C, 0x08, 0x91, 0xA6, 0x48, 0xC6, 0x4C, 0x5F, 0x7A, 0x85,
    0xCC, 0xBA, 0xAF, 0x6C, 0xC9, 0x82, 0xF1, 0x97, 0x6D, 0x08, 0xD3, 0x96, 0x30, 0x66, 0xEC, 0x04,
    0x03, 0x43, 0x18, 0xF6, 0x0A, 0x61, 0x74, 0x5A, 0x40, 0x64, 0xC2, 0x0A, 0x3B, 0xC0, 0x08, 0x4A,
    0xEA, 0xEF, 0xCE, 0xFB, 0xED, 0xF1, 0x71, 0x47, 0x98, 0x71, 0x1E, 0xD8, 0x5F, 0x5D, 0x45, 0x6B,
    0x1D, 0xA2, 0x2B, 0x3A, 0xC5, 0xE1, 0xE2, 0x14, 0x7E, 0xD5, 0x09, 0x16, 0xEE, 0xD3, 0x52, 0xEB,
    0x13, 0x06, 0x92, 0x94, 0x23, 0x56, 0x06, 0xC2, 0xCF, 0x80, 0x6E, 0x06, 0x5F, 0x07, 0xA8, 0xFE,
    0x85, 0xDA, 0x66, 0x1A, 0x35, 0xD1, 0x08, 0x9C, 0x99, 0x8E, 0x70, 0x28, 0x00, 0xB2, 0x34, 0x8B,
    0x3B, 0x62, 0xB1, 0xCB, 0x62, 0x63, 0x98, 0x33, 0x0B, 0x8D, 0x14, 0x1B, 0x48, 0x25, 0x16, 0x34,
    0x01, 0x64, 0x1D, 0x40, 0xDC, 0x03, 0xC0, 0xCC, 0x58, 0xDA, 0x45, 0x4B, 0x59, 0x63, 0x68, 0x4A,
    0x10, 0x13, 0x84, 0xA2, 0xC1, 0x2C, 0x43, 0xAA, 0xEB, 0x23, 0x6E, 0x73, 0xF5, 0x26, 0xB1, 0x26,
    0x54, 0xD1, 0x98, 0x8D, 0xAB, 0x6B, 0x49, 0x2A, 0xEF, 0x4B, 0xF9, 0xF7, 0xCA, 0x65, 0xBD, 0xAB,
    0x41, 0x3D, 0x8D, 0x70, 0xA0, 0xEE, 0x21, 0x94, 0xDB, 0x5B, 0x92, 0xC7, 0xA4, 0xB8, 0xD2, 0xD4,
    0x81, 0x85, 0x14, 0xD8, 0xBC, 0x4C, 0xF5, 0x97, 0x56, 0x30, 0x76, 0xA4, 0x29, 0x72, 0xB2, 0x02,
    0xED, 0x12, 0xC6, 0xAE, 0x58, 0x70, 0x69, 0x3E, 0x95, 0xB4, 0x29, 0x6D, 0x7B, 0x13, 0x93, 0xF2,
    0x1A, 0xD6, 0x72, 0x2E, 0x55, 0xE8, 0x2B, 0x06, 0x9E, 0x9D, 0xA9, 0x9A, 0x75, 0xF0, 0x96, 0x86,
    0x72, 0xCD, 0xE7, 0xE9, 0xB1, 0xEA, 0xA7, 0x9A, 0x5B, 0x8F, 0x74, 0xA4, 0xC6, 0x33, 0x52, 0xFF,
    0x10, 0xE4, 0xFB, 0x17, 0xF3, 0x68, 0x25, 0x1E, 0x57, 0x57, 0xAD, 0x21, 0xBF, 0x99, 0xB7, 0x8C,
    0x47, 0x66, 0xF9, 0xC1, 0x7D, 0xCC, 0x73, 0x5F, 0x1B, 0x09, 0x6B, 0x4A, 0xD4, 0x85, 0x66, 0x1A,
    0x93, 0xBD, 0x45, 0x98, 0x1C, 0xE7, 0x72, 0x07, 0xCD, 0x3E, 0x96, 0x99, 0x7C, 0x4D, 0x05, 0x84,
    0x31, 0x0D, 0x26, 0x21, 0x6C, 0x09, 0x67, 0x75, 0xB2, 0x4D, 0xDE, 0x7E, 0xC4, 0xFC, 0x31, 0x13,
    0x94, 0x59, 0x1E, 0x35, 0xC5, 0x22, 0x6D, 0xB2, 0xD6, 0xD6, 0xB1, 0x16, 0x3A, 0x69, 0x21, 0x98,
    0xF6, 0xB6, 0x18, 0xDA, 0x13, 0xE5, 0x3C, 0xED, 0x64, 0x51, 0x00, 0xB3, 0xA2, 0x8C, 0x9B, 0x23,
    0x88, 0x1B, 0x55, 0x13, 0x1A, 0xD2, 0x04, 0xEF, 0x8D, 0x01, 0xAF, 0xB7, 0x5A, 0x8F, 0xAA, 0x03,
    0x35, 0x58, 0x4A, 0x53, 0x19, 0xD3, 0x7F, 0x90, 0xA6, 0xD8, 0x97, 0x42, 0x85, 0x34, 0xC9, 0x87,
    0xA0, 0x69, 0x26, 0xA4, 0x69, 0xEE, 0x48, 0x4D, 0xDC, 0x12, 0x66, 0x35, 0xA9, 0x91, 0x12, 0xF0,
    0x3D, 0x21, 0x4D, 0x1F, 0x38, 0xD2, 0x04, 0x2E, 0x81, 0x26, 0xC4, 0x09, 0x99, 0xA6, 0xFE, 0x13,
    0x4D, 0x91, 0xD2, 0x94, 0x28, 0x4D, 0x99, 0x06, 0x66, 0xD9, 0x6B, 0xA4, 0xE9, 0xD8, 0xAA, 0x34,
    0x99, 0xB1, 0x16, 0x3C, 0x45, 0x4F, 0xCB, 0x98, 0x29, 0x70, 0xDB, 0x15, 0x0A, 0xB3, 0x01, 0x13,
    0x39, 0x73, 0xF0, 0x4C, 0x21, 0xB9, 0xF9, 0xFF, 0x81, 0x82, 0x00, 0x81, 0x61, 0xE4, 0x40, 0x2E,
    0xF0, 0x1E, 0x60, 0x41, 0x19, 0x37, 0x2E, 0x42, 0xB5, 0xCF, 0x74, 0x1B, 0x26, 0x59, 0x16, 0x1D,
    0x0C, 0x6B, 0x10, 0xBE, 0x56, 0xE3, 0xEB, 0x2E, 0x44, 0x90, 0xC5, 0x14, 0xA6, 0x19, 0xDF, 0x31,
    0x6A, 0x57, 0xCD, 0x18, 0x17, 0x46, 0x14, 0xB7, 0x54, 0x55, 0xF1, 0x85, 0x8E, 0x8E, 0xE5, 0xE9,
    0xEF, 0x18, 0x35, 0xF8, 0x78, 0xB0, 0xEA, 0x04, 0x15, 0xE5, 0xC2, 0x04, 0x46, 0x5F, 0xFF, 0xDD,
    0x6F, 0xA8, 0x9B, 0x1A, 0x33, 0xF1, 0x32, 0xAE, 0x2F, 0x72, 0xBF, 0xA1, 0x0F, 0x6A, 0x27, 0x24,
    0x67, 0x27, 0xA4, 0x5A, 0xE9, 0x84, 0x24, 0x1D, 0x9C, 0xAE, 0x76, 0x42, 0xD8, 0xCD, 0xF8, 0x3D,
    0x26, 0xB5, 0x1F, 0x69, 0x99, 0x89, 0x85, 0x3E, 0xEA, 0xE0, 0xDC, 0x2B, 0x6C, 0xB5, 0xA3, 0xC3,
    0x71, 0xAF, 0x00, 0x79, 0xE9, 0x53, 0x66, 0x42, 0x42, 0x0B, 0x6B, 0x1E, 0xBC, 0x7F, 0xCA, 0x87,
    0x95, 0x04, 0x1D, 0x41, 0xAF, 0xBD, 0x1F, 0xDC, 0x0D, 0x58, 0x88, 0x37, 0x6C, 0x7C, 0x31, 0xA9,
    0x1B, 0x81, 0x25, 0x40, 0x28, 0xF9, 0xFE, 0x69, 0xED, 0x11, 0x0D, 0x1A, 0x6A, 0x12, 0xB0, 0x76,
    0x3A, 0xEC, 0x98, 0x79, 0x09, 0x32, 0xCF, 0x91, 0x97, 0x2F, 0x9A, 0xB1, 0xE6, 0x44, 0x45, 0x2D,
    0xC7, 0xA6, 0x56, 0x80, 0x88, 0x96, 0xE9, 0xA1, 0x26, 0x89, 0x5A, 0x00, 0xF4, 0xF0, 0x59, 0xAD,
    0x02, 0x8A, 0x0B, 0x18, 0x9D, 0x38, 0x76, 0xC7, 0xAC, 0x63, 0x9E, 0xF4, 0x84, 0x8B, 0xB0, 0x56,
    0x88, 0xDF, 0x3B, 0x1D, 0xD9, 0x13, 0x86, 0x5A, 0xD6, 0x0E, 0x14, 0x9A, 0xBB, 0xA0, 0xFE, 0x7E,
    0x23, 0xE4, 0x48, 0x22, 0x8B, 0x0D, 0x05, 0x23, 0x67, 0xB0, 0x25, 0x44, 0x2E, 0x38, 0xE5, 0x0D,
    0xC0, 0x54, 0x25, 0xD3, 0x14, 0xAB, 0x99, 0xF6, 0x2D, 0x98, 0xAA, 0xC0, 0x26, 0x1D, 0x62, 0xF6,
    0x98, 0x3E, 0x6B, 0x98, 0xC3, 0x62, 0xE7, 0xB7, 0x60, 0xC2, 0x5A, 0x84, 0x65, 0x19, 0x0D, 0x12,
    0xF6, 0x31, 0x6D, 0x6C, 0x0E, 0x1A, 0x84, 0x95, 0x51, 0x05, 0x7A, 0x09, 0xFA, 0x53, 0x7A, 0x02,
    0xD8, 0x70, 0x84, 0x56, 0x4D, 0x32, 0xBC, 0x29, 0x0D, 0x2D, 0x16, 0xA3, 0x39, 0xE4, 0xA2, 0x85,
    0x20, 0xFF, 0x09, 0xB4, 0x63, 0x12, 0x10, 0x99, 0xB9, 0x2E, 0xDC, 0x68, 0x39, 0x61, 0x2A, 0xC1,
    0xD9, 0x1D, 0xC9, 0xDA, 0x2E, 0xA3, 0xC1, 0x1A, 0xA9, 0x8F, 0xD1, 0x12, 0x72, 0x22, 0xFB, 0x31,
    0xD0, 0x58, 0x9F, 0xD5, 0xAB, 0x66, 0x74, 0xB7, 0x19, 0xA1, 0x42, 0x5A, 0x9E, 0x83, 0xA0, 0xB7,
    0x37, 0x7C, 0xC1, 0x31, 0xFC, 0x27, 0x77, 0xAD, 0xA1, 0x3F, 0xCB, 0xF7, 0x0A, 0x8D, 0x1B, 0x21,
    0xCB, 0xC4, 0x2C, 0xEC, 0x2A, 0x18, 0xC2, 0x76, 0x2F, 0x79, 0xB0, 0x31, 0x35, 0x15, 0xB5, 0xC8,
    0x9D, 0x9E, 0xA4, 0xE1, 0x9D, 0x03, 0x24, 0x6F, 0xD1, 0xCB, 0x53, 0xF9, 0x75, 0xA3, 0xF6, 0x6C,
    0x3F, 0x28, 0x86, 0x92, 0x17, 0xBD, 0x76, 0x1A, 0x6F, 0xB1, 0x52, 0x47, 0x87, 0x4B, 0x67, 0x5B,
    0x20, 0xC7, 0x1C, 0x90, 0x4B, 0xD0, 0xD1, 0x57, 0x73, 0x98, 0x03, 0xA3, 0xD9, 0x0A, 0xCC, 0x1C,
    0x73, 0x17, 0xAC, 0xA7, 0x8D, 0x64, 0x38, 0x73, 0xF1, 0xE7, 0xD4, 0x9F, 0xF3, 0xEC, 0xCE, 0x3B,
    0x72, 0xE5, 0xCA, 0xDB, 0xB0, 0x27, 0xBE, 0xEE, 0x6A, 0xD9, 0xB5, 0xD4, 0x73, 0x04, 0xA3, 0x70,
    0xD5, 0x14, 0x7F, 0xC7, 0xBC, 0xA7, 0x7B, 0x5A, 0x8A, 0x0F, 0x69, 0x93, 0xB0, 0xDE, 0xDC, 0xD7,
    0x33, 0x68, 0xA4, 0xC0, 0x94, 0x43, 0x66, 0x1B, 0x3F, 0xDF, 0x83, 0x77, 0x18, 0xD0, 0xC7, 0xF2,
    0x4E, 0x9F, 0x75, 0xE6, 0x1A, 0x43, 0x26, 0xCD, 0x84, 0x4B, 0x6F, 0x2C, 0xB5, 0xB0, 0x51, 0xFA,
    0xDF, 0x58, 0xE8, 0xCE, 0x5A, 0x73, 0x38, 0x91, 0x37, 0x90, 0x79, 0xAD, 0xF4, 0xE0, 0xB9, 0xC9,
    0x6C, 0x8D, 0x6A, 0x03, 0x94, 0xEC, 0xCE, 0x97, 0x1D, 0x0C, 0x1F, 0x29, 0x78, 0x1C, 0xB5, 0x22,
    0xA6, 0x15, 0xA2, 0x59, 0xB3, 0xDC, 0x05, 0x5D, 0x04, 0x0C, 0x99, 0xFB, 0x0A, 0xD7, 0x16, 0xB2,
    0xE5, 0x26, 0xD0, 0x32, 0x98, 0xAD, 0x0A, 0x24, 0xBB, 0xDA, 0x99, 0x5B, 0xC8, 0x04, 0x2A, 0xA4,
    0xF8, 0x57, 0x7C, 0x34, 0xE2, 0xEB, 0xEE, 0xAD, 0x39, 0x02, 0x22, 0xDF, 0x10, 0x6D, 0x1C, 0x33,
    0x1E, 0xEC, 0xA7, 0xAE, 0xC4, 0xA9, 0x65, 0xAA, 0x41, 0xDC, 0xD8, 0x8E, 0x98, 0x2C, 0x03, 0x7F,
    0xEB, 0xA7, 0xE8, 0x61, 0x2F, 0xD0, 0xD0, 0xAE, 0x63, 0xAC, 0x15, 0x3A, 0x65, 0x28, 0x13, 0xB8,
    0xAB, 0xF3, 0x6A, 0x87, 0x6A, 0xEC, 0x2A, 0x06, 0x81, 0x8B, 0x58, 0x51, 0x84, 0x89, 0x54, 0x80,
    0xCB, 0x66, 0xEF, 0x16, 0x3F, 0x60, 0xB2, 0x1C, 0x81, 0x6F, 0x37, 0xEF, 0x35, 0xB5, 0x3D, 0x67,
    0xE4, 0x6B, 0x3E, 0xD7, 0xA1, 0x06, 0x37, 0x8C, 0x84, 0xFD, 0xBC, 0x8B, 0xB5, 0xD4, 0x9D, 0x00,
    0x83, 0xAF, 0xFE, 0xA4, 0xEC, 0x29, 0xC5, 0x6C, 0x65, 0x97, 0x45, 0xBC, 0xB8, 0xE6, 0xA3, 0x6B,
    0x8D, 0xAF, 0xE9, 0xE6, 0xBE, 0xC9, 0x77, 0xD6, 0xF2, 0x4D, 0x01, 0x7B, 0xB3, 0xC7, 0x37, 0x7B,
    0xC1, 0x8D, 0x1C, 0x3A, 0xA7, 0xE1, 0xC0, 0x37, 0xFA, 0x82, 0xD6, 0xA7, 0x72, 0xCF, 0x1C, 0x16,
    0xCC, 0x1E, 0x53, 0xF7, 0x6D, 0xCC, 0x19, 0xDF, 0x0F, 0x82, 0x17, 0x96, 0x4F, 0xE1, 0x63, 0xB7,
    0xEE, 0x0C, 0x1A, 0x48, 0x68, 0x95, 0x34, 0x67, 0x64, 0x54, 0x26, 0xC3, 0x69, 0x44, 0xF3, 0xE0,
    0x7F, 0x55, 0x54, 0x3E, 0x70, 0xC8, 0x10, 0xD6, 0x83, 0xD3, 0xEC, 0x2E, 0xFB, 0x4B, 0xCB, 0xD6,
    0x21, 0xFD, 0x7C, 0x95, 0xB5, 0xA1, 0x7F, 0x8C, 0xAC, 0x9F, 0x5E, 0x77, 0xC8, 0xA8, 0xE9, 0x93,
    0x9A, 0xC3, 0x50, 0xB4, 0x73, 0xF9, 0xAB, 0xE3, 0xEB, 0x10, 0xF1, 0x9F, 0xA5, 0x8D, 0xAA, 0xA2,
    0x0E, 0x46, 0x0D, 0x5D, 0x47, 0x26, 0x20, 0xE9, 0xF8, 0xD2, 0x09, 0xEC, 0x91, 0xD4, 0xE1, 0x20,
    0xD5, 0x6C, 0x10, 0x36, 0x90, 0xCD, 0x3D, 0x1D, 0xC3, 0x79, 0xBA, 0xD9, 0x87, 0xCD, 0xE4, 0x72,
    0x65, 0x99, 0x29, 0x44, 0x6E, 0x87, 0x8E, 0x25, 0xD4, 0x7F, 0x0D, 0x24, 0x88, 0x2D, 0x85, 0xAC,
    0x62, 0xC9, 0x64, 0x01, 0x93, 0x83, 0xA4, 0x88, 0x1D, 0x47, 0x90, 0x16, 0xB7, 0x20, 0x32, 0xEA,
    0x14, 0xF0, 0xB2, 0x03, 0xA5, 0xC8, 0x03, 0x17, 0xB4, 0xBA, 0xAD, 0x61, 0x72, 0xF5, 0xA6, 0xBE,
    0x00, 0xA2, 0x8B, 0xBB, 0x1D, 0xAA, 0x6E, 0xCA, 0xB1, 0x22, 0xEB, 0x23, 0x01, 0xED, 0x2A, 0xAA,
    0xBE, 0x17, 0xE3, 0x06, 0xEE, 0x09, 0x1A, 0xC1, 0xA0, 0x75, 0xF4, 0x9C, 0xFA, 0x4E, 0x73, 0xF8,
    0x8B, 0x86, 0x91, 0xC0, 0x0E, 0x6D, 0xDB, 0x75, 0x46, 0x68, 0xE5, 0x65, 0x1D, 0x37, 0xBA, 0xC2,
    0xAF, 0x81, 0x48, 0xA0, 0x87, 0xD1, 0x65, 0xE5, 0x36, 0xDF, 0x2B, 0x34, 0x7C, 0x24, 0xC0, 0xDC,
    0x4C, 0x81, 0xDD, 0x19, 0x09, 0xEC, 0x36, 0x0F, 0x2E, 0x4F, 0x91, 0x80, 0x36, 0x26, 0xB5, 0x2F,
    0xE6, 0x1B, 0xE1, 0x2F, 0x2D, 0x4D, 0x1E, 0x6C, 0x19, 0xDB, 0x20, 0x8D, 0x02, 0xBD, 0x1C, 0x6F,
    0xBD, 0x34, 0x0D, 0xD6, 0xC7, 0xFC, 0x04, 0xC3, 0x34, 0x29, 0x9C, 0x57, 0x09, 0xEC, 0xFF, 0xD2,
    0x30, 0x0C, 0x67, 0x9B, 0x19, 0xE9, 0xB7, 0xC7, 0x3E, 0x24, 0xF6, 0x31, 0xE6, 0xD3, 0x97, 0x58,
    0x4A, 0xFB, 0xC7, 0x56, 0x8E, 0x23, 0x08, 0x92, 0x17, 0x7B, 0x60, 0xFF, 0x7A, 0x0B, 0xEC, 0xA5,
    0x06, 0xF6, 0xF0, 0xE5, 0x4D, 0x26, 0x13, 0xF6, 0xDA, 0xF0, 0xD0, 0x52, 0x73, 0xB6, 0x05, 0xEC,
    0x9F, 0x54, 0xEC, 0x73, 0xD6, 0x9B, 0xF8, 0x2E, 0x10, 0x51, 0x28, 0xC7, 0xCE, 0x82, 0xF7, 0x16,
    0xEB, 0x70, 0x1C, 0x82, 0x28, 0x86, 0x55, 0xD5, 0xAF, 0x3D, 0xF2, 0xB0, 0x97, 0x32, 0xEC, 0x6D,
    0x85, 0xE4, 0xEB, 0xB6, 0xED, 0x58, 0xB9, 0x88, 0xF4, 0x95, 0xAF, 0x61, 0x7C, 0xDF, 0x68, 0x6D,
    0xEC, 0xB3, 0x15, 0xA5, 0x5A, 0x2C, 0x06, 0x47, 0xDC, 0xA6, 0xB0, 0xBE, 0xFF, 0x6B, 0x51, 0x27,
    0xF9, 0x52, 0x04, 0xAE, 0x67, 0xAE, 0x30, 0xB3, 0x3A, 0x5E, 0xCA, 0xC2, 0xFD, 0x5C, 0x07, 0xE1,
    0x6E, 0x19, 0x75, 0x59, 0xC5, 0x63, 0xDE, 0xA6, 0xD5, 0x6E, 0xAC, 0x71, 0x9F, 0xF9, 0x36, 0x60,
    0x2D, 0x18, 0xDD, 0x68, 0xB0, 0xB7, 0xED, 0x00, 0x51, 0x18, 0x20, 0x13, 0xC3, 0x5C, 0x6E, 0xF5,
    0xE6, 0x10, 0xA5, 0x70, 0xEE, 0x92, 0x32, 0xD5, 0xB7, 0x06, 0x71, 0x2C, 0x12, 0x0A, 0xFB, 0xD6,
    0x25, 0xF3, 0xFD, 0x6D, 0x7B, 0xFB, 0xA5, 0x20, 0x62, 0x7E, 0x5D, 0x48, 0x6B, 0xB4, 0xDA, 0x2E,
    0xF4, 0xEA, 0x02, 0xAF, 0x52, 0xEA, 0x7B, 0x27, 0xDE, 0xA1, 0x8C, 0xFD, 0xD7, 0x64, 0x09, 0x70,
    0xA9, 0x37, 0x74, 0x08, 0x64, 0xBC, 0x92, 0xE1, 0x15, 0xBE, 0xE6, 0x04, 0xD2, 0xC5, 0xB2, 0xF7,
    0x16, 0x43, 0x4D, 0x84, 0x52, 0xFA, 0xA5, 0xEB, 0x3E, 0xEF, 0x3B, 0x63, 0xF7, 0x65, 0x1F, 0xBE,
    0x15, 0x6F, 0xFE, 0x0B, 0xCD, 0x5B, 0x3D, 0x8F, 0x1D, 0xD7, 0x79, 0x3E, 0x33, 0x97, 0xE4, 0xD8,
    0x9A, 0x62, 0x58, 0x58, 0x41, 0x2C, 0xC1, 0x1A, 0x17, 0x2E, 0x14, 0x07, 0xE1, 0xFC, 0x01, 0x89,
    0xE7, 0x3A, 0xFE, 0x01, 0x22, 0x10, 0x11, 0x2E, 0xED, 0x32, 0x88, 0x0B, 0xB5, 0x36, 0x40, 0x72,
    0x46, 0x52, 0x11, 0x20, 0x6C, 0x54, 0x5B, 0x85, 0x59, 0xB0, 0x90, 0x57, 0x05, 0x5D, 0xB2, 0x60,
    0x7C, 0xC6, 0x60, 0xA1, 0xC2, 0x85, 0x2E, 0x02, 0xB8, 0x72, 0xA1, 0x0B, 0xDB, 0x40, 0x10, 0x05,
    0x48, 0x26, 0xD1, 0x20, 0x98, 0x15, 0x66, 0xE6, 0xE4, 0x79, 0x9E, 0x73, 0xE6, 0xEE, 0xAE, 0x44,
    0x9A, 0x4B, 0x72, 0x97, 0xBB, 0xBB, 0x3B, 0xEF, 0xDC, 0x9D, 0xCF, 0xF3, 0x3E, 0xE7, 0x3D, 0xEF,
    0xF7, 0x35, 0x95, 0xF7, 0xC6, 0x18, 0xEB, 0x7D, 0x63, 0x4C, 0xF8, 0x1C, 0x7F, 0xBE, 0x29, 0x6A,
    0x1B, 0x52, 0xD7, 0x92, 0xFA, 0x0D, 0x48, 0xE2, 0x3B, 0xD0, 0x95, 0x68, 0xE6, 0x07, 0xD0, 0xDC,
    0x8F, 0xA0, 0xC5, 0x17, 0x33, 0x68, 0xF5, 0x47, 0x3D, 0xAD, 0xF5, 0x6B, 0x63, 0xEA, 0x96, 0xB7,
    0xF9, 0xB5, 0x25, 0x35, 0x76, 0x6B, 0xD2, 0xD9, 0x94, 0x1D, 0x6E, 0xF5, 0xBE, 0xC7, 0xAD, 0x1E,
    0xB7, 0x15, 0xA2, 0x25, 0xE8, 0x6C, 0xAA, 0x8D, 0x2E, 0xE3, 0xC5, 0x8D, 0x6B, 0x78, 0x7B, 0x78,
    0xD4, 0x2D, 0xD0, 0xB2, 0x89, 0x83, 0xF2, 0x78, 0x63, 0xCA, 0x7B, 0xF4, 0xE9, 0xD0, 0x4F, 0x35,
    0x17, 0x9B, 0xC4, 0xFB, 0xFF, 0xEE, 0xF8, 0xE0, 0xAE, 0xF0, 0xF7, 0x7C, 0x67, 0x7B, 0x8C, 0xD5,
    0x6E, 0x8C, 0xED, 0x30, 0x8E, 0xAA, 0x73, 0x6B, 0xBC, 0x1D, 0xE3, 0x2A, 0x02, 0xD1, 0xBF, 0x78,
    0x4F, 0xD5, 0xE1, 0x95, 0xB6, 0xB3, 0x9D, 0xF1, 0x5D, 0x39, 0x7F, 0xE8, 0xBB, 0x9C, 0x0F, 0x48,
    0xF9, 0x28, 0x53, 0xFB, 0xBC, 0x35, 0xC9, 0xB5, 0x83, 0x97, 0x98, 0x92, 0xB4, 0x75, 0xE4, 0xD7,
    0xCF, 0x42, 0x60, 0x14, 0x3E, 0x9B, 0x73, 0x8E, 0x5B, 0x6F, 0xEE, 0x1B, 0x33, 0xAD, 0x84, 0x5B,
    0xCF, 0xE9, 0xDE, 0xF2, 0xFD, 0xEB, 0x17, 0x04, 0xDE, 0x8B, 0x83, 0xA4, 0x78, 0x0C, 0x24, 0x9C,
    0x31, 0xBB, 0xF9, 0x0D, 0xDF, 0xC9, 0xF7, 0xE7, 0x13, 0x07, 0x51, 0x6C, 0xC5, 0xBC, 0x06, 0x54,
    0xFD, 0x81, 0xBB, 0x52, 0xE3, 0x2A, 0x74, 0x4D, 0x3A, 0x9F, 0x2E, 0x3A, 0xAE, 0x33, 0xC9, 0x3F,
    0x70, 0xD5, 0xE5, 0xC3, 0x32, 0x96, 0xE2, 0x8F, 0x1B, 0xBE, 0xBD, 0x23, 0x10, 0xF8, 0x3F, 0xE5,
    0x59, 0xF3, 0xAD, 0x20, 0x79, 0x04, 0xAD, 0x21, 0x5A, 0x80, 0xA3, 0x98, 0x96, 0x3B, 0x2E, 0xF2,
    0xF8, 0x5F, 0xDD, 0xE5, 0xB5, 0x18, 0x7A, 0xC5, 0x45, 0x41, 0x1C, 0x56, 0x7E, 0xBE, 0x37, 0x14,
    0xB8, 0xF4, 0x4E, 0x49, 0x40, 0x2D, 0x11, 0xB6, 0xBC, 0xBE, 0x6E, 0x97, 0x29, 0xF0, 0x3B, 0xE2,
    0x76, 0x44, 0x67, 0x75, 0x9D, 0xEE, 0xD0, 0xBD, 0xB9, 0x6F, 0x92, 0xED, 0x4A, 0xE0, 0x8A, 0x54,
    0x71, 0x09, 0x7E, 0x80, 0x97, 0x73, 0x72, 0x13, 0x0C, 0x2A, 0xC3, 0xD5, 0x05, 0xB6, 0x6A, 0x1B,
    0x66, 0x99, 0x13, 0xF7, 0x20, 0x82, 0xE7, 0x89, 0xDD, 0x08, 0xE8, 0xA6, 0xC2, 0x7F, 0x3C, 0xD9,
    0xC1, 0x3C, 0xE0, 0x0B, 0xF8, 0x3A, 0xCE, 0x0C, 0xB9, 0xE1, 0xC6, 0xCF, 0x3C, 0x06, 0x4C, 0x8D,
    0xED, 0xCD, 0xEB, 0xA5, 0xFF, 0xC5, 0x0C, 0xB4, 0x66, 0xAD, 0xF5, 0x1A, 0x60, 0x24, 0x6F, 0xE3,
    0x61, 0xAF, 0x52, 0x60, 0xDD, 0x96, 0xB3, 0x38, 0x10, 0x8A, 0x89, 0x28, 0xD4, 0xC6, 0x5C, 0x92,
    0x84, 0x9D, 0x25, 0x0C, 0x29, 0x87, 0xE2, 0xC9, 0x2E, 0x66, 0xFC, 0xAD, 0x8D, 0xB9, 0xB1, 0xDA,
    0x1E, 0x68, 0x8D, 0x93, 0x84, 0xE0, 0x95, 0xB5, 0x16, 0x85, 0x09, 0xD7, 0x85, 0x4F, 0x67, 0x2E,
    0x04, 0x29, 0xAE, 0x59, 0xC5, 0x2D, 0x1D, 0xCD, 0xA9, 0x70, 0x9E, 0x37, 0xD0, 0xBD, 0x79, 0xEF,
    0x39, 0xEF, 0x7C, 0x05, 0xD5, 0x58, 0xC0, 0xE0, 0xCC, 0xD9, 0xBF, 0x91, 0x6E, 0x8C, 0x7B, 0x6B,
    0x0B, 0xAD, 0xDA, 0x4A, 0x08, 0xB2, 0xE9, 0x54, 0x20, 0x48, 0xB6, 0x59, 0x4B, 0x49, 0x93, 0xC2,
    0xF2, 0x52, 0xDE, 0x36, 0xE8, 0x31, 0x59, 0xC2, 0x84, 0x07, 0x2E, 0x5E, 0xBF, 0x1E, 0xAC, 0x39,
    0x0E, 0x39, 0xCF, 0x8B, 0x48, 0xB7, 0xC6, 0x7D, 0xFE, 0x31, 0x00, 0xA3, 0xB2, 0x1A, 0x49, 0xA1,
    0xFF, 0x40, 0x57, 0x9E, 0x34, 0x15, 0xC5, 0x28, 0x5C, 0xD0, 0x97, 0x8F, 0xA6, 0x3C, 0x9B, 0x88,
    0x86, 0xEB, 0x57, 0x33, 0x69, 0xA1, 0xE7, 0xD4, 0xA3, 0xDE, 0xD2, 0x89, 0xB6, 0xA2, 0x1A, 0xC3,
    0x9F, 0x0F, 0x1B, 0xE8, 0x4B, 0x8D, 0x7C, 0x8B, 0xE2, 0x4F, 0xC2, 0xBB, 0xFC, 0x22, 0xEC, 0xFE,
    0x57, 0x98, 0x97, 0x5D, 0x11, 0x76, 0x36, 0xEC, 0xB8, 0x90, 0xE6, 0xF2, 0x7F, 0x46, 0x23, 0xB5,
    0x7B, 0x59, 0x1A, 0x9E, 0x2A, 0x86, 0xAA, 0x97, 0xF8, 0xC8, 0x70, 0x48, 0xFD, 0x0A, 0xB5, 0x8A,
    0x3B, 0xEA, 0x5C, 0x61, 0x59, 0x1C, 0xEC, 0xE2, 0x41, 0xA9, 0x62, 0xAD, 0x15, 0xDE, 0x20, 0x75,
    0x8C, 0xB7, 0x50, 0x21, 0x73, 0x6A, 0xF5, 0xE8, 0xA0, 0x94, 0x4D, 0x30, 0x5A, 0x66, 0xB1, 0xF9,
    0x2F, 0x5F, 0x7F, 0x5B, 0x50, 0x03, 0x40, 0x5C, 0x00, 0x75, 0x43, 0xEA, 0x9B, 0xD4, 0xEF, 0xDD,
    0xF3, 0x1B, 0xE0, 0x60, 0x5C, 0x47, 0x5A, 0xF5, 0xA4, 0xC5, 0x48, 0x9A, 0x8B, 0xAE, 0x26, 0xD1,
    0xB9, 0x02, 0xE8, 0xAB, 0xD9, 0x62, 0x0E, 0x49, 0x07, 0xD0, 0x1C, 0x42, 0x13, 0xCE, 0x66, 0xD3,
    0xC1, 0xF5, 0xC5, 0x40, 0x6A, 0xF9, 0x9C, 0x44, 0x16, 0x02, 0x38, 0x8A, 0xEA, 0x8D, 0xB2, 0xDA,
    0x14, 0x36, 0xA2, 0x78, 0x60, 0xB8, 0xCA, 0x60, 0x3D, 0xBD, 0x04, 0x94, 0xE2, 0x90, 0xE9, 0x73,
    0xE2, 0x06, 0xC1, 0xD7, 0x05, 0xF4, 0x22, 0x78, 0x01, 0xBB, 0x00, 0x5D, 0x40, 0x2E, 0x00, 0x17,
    0x20, 0x0A, 0x78, 0x05, 0x1A, 0x8E, 0x04, 0xCC, 0x02, 0x64, 0x01, 0xB1, 0x00, 0x58, 0xC0, 0x2B,
    0xC2, 0x15, 0xD0, 0x12, 0x58, 0x18, 0xC7, 0x16, 0xE7, 0x68, 0x23, 0x35, 0x38, 0x08, 0xE2, 0x35,
    0x88, 0xC0, 0x44, 0x61, 0xC0, 0x36, 0xBB, 0xCF, 0xF7, 0xEE, 0x4A, 0xE8, 0xBF, 0xBA, 0x61, 0xCD,
    0x62, 0xEB, 0xE2, 0xB6, 0x7D, 0xE4, 0x35, 0xE1, 0xBA, 0x51, 0xCF, 0xC1, 0xF3, 0xF0, 0x5C, 0xA0,
    0xE6, 0x65, 0xFF, 0xB5, 0x0E, 0xBB, 0x23, 0x9E, 0xA0, 0xD6, 0x94, 0x17, 0xE3, 0xA3, 0xF8, 0x06,
    0x27, 0x89, 0x7C, 0x07, 0xD7, 0xD6, 0x0D, 0x78, 0xE2, 0x33, 0x36, 0x7E, 0x21, 0x2D, 0x86, 0xB6,
    0x17, 0xD6, 0x7E, 0x50, 0xA9, 0xBD, 0xB9, 0x02, 0x47, 0xE0, 0x17, 0x5E, 0xBC, 0x12, 0xC4, 0x89,
    0x0F, 0x25, 0x57, 0x6F, 0x87, 0x37, 0xAC, 0x36, 0xAB, 0xED, 0xAA, 0x2F, 0xA8, 0x11, 0x5A, 0x2D,
    0xC4, 0x32, 0xB8, 0xA2, 0xA7, 0xCD, 0x73, 0xD2, 0x25, 0x80, 0x7E, 0xCC, 0x34, 0xB3, 0x94, 0x6B,
    0xAE, 0xA1, 0x72, 0x7E, 0x41, 0x8C, 0xA7, 0x77, 0x20, 0x78, 0x7D, 0xDC, 0x3A, 0xE9, 0x9B, 0xD3,
    0x66, 0xD8, 0xAC, 0x08, 0x6C, 0x36, 0x2E, 0x64, 0x75, 0xC4, 0xE5, 0x3F, 0x65, 0x86, 0x4F, 0x89,
    0x39, 0xBF, 0x63, 0x8E, 0x6B, 0x4C, 0x96, 0x93, 0xBE, 0xCC, 0x34, 0xCA, 0xAE, 0x25, 0x34, 0x6B,
    0xF5, 0xE6, 0x54, 0xF9, 0xE3, 0x6A, 0x79, 0xA7, 0x5D, 0x1C, 0x72, 0x2B, 0x3B, 0xF2, 0xCB, 0xC6,
    0xC8, 0x7C, 0x85, 0x77, 0x66, 0x58, 0x55, 0x30, 0x36, 0x32, 0x35, 0x94, 0x6F, 0x9A, 0x19, 0x1A,
    0x99, 0x17, 0x31, 0xE5, 0xF7, 0x69, 0xE4, 0x7C, 0x49, 0x3B, 0x48, 0x7F, 0xB7, 0x94, 0x7A, 0x1B,
    0xCD, 0x8B, 0x5C, 0xE1, 0x99, 0x54, 0x6D, 0xD5, 0x2B, 0x5C, 0x99, 0x14, 0xA8, 0x70, 0x14, 0xAB,
    0x9E, 0x96, 0x37, 0x69, 0x52, 0x22, 0xF6, 0xCA, 0x7F, 0x18, 0x13, 0x55, 0x4F, 0xB5, 0x68, 0xE8,
    0x09, 0x53, 0xF8, 0xE5, 0x4F, 0x47, 0xBA, 0x0B, 0xE6, 0x5A, 0x70, 0xD2, 0xF9, 0xAE, 0xC5, 0x95,
    0x08, 0xAE, 0xC5, 0x12, 0x00, 0xB5, 0x06, 0x63, 0x92, 0x96, 0x87, 0x81, 0xA5, 0x26, 0x71, 0xFC,
    0xDC, 0x62, 0xEE, 0xFF, 0xC9, 0xB7, 0xBC, 0xDE, 0xB7, 0xD5, 0x40, 0x5A, 0xCC, 0xA4, 0x19, 0x5C,
    0x9B, 0x68, 0x13, 0x60, 0x70, 0x69, 0x85, 0x18, 0xEB, 0x4C, 0x1A, 0xDB, 0x66, 0x67, 0xB1, 0x34,
    0x4C, 0xC2, 0x56, 0xF0, 0x60, 0xF5, 0x09, 0x1E, 0x73, 0x25, 0x39, 0xAA, 0x1D, 0xE7, 0x6C, 0x8B,
    0x5B, 0x3E, 0x3B, 0x12, 0xCC, 0x98, 0x83, 0x60, 0xA6, 0x64, 0xF4, 0x52, 0x1C, 0x0D, 0x66, 0x8A,
    0x70, 0x62, 0x09, 0x66, 0xDC, 0xD1, 0x60, 0xE6, 0x33, 0x06, 0x33, 0x50, 0x08, 0xC9, 0x35, 0x10,
    0xC8, 0x4A, 0x97, 0xED, 0x27, 0x7E, 0xC3, 0xB3, 0x6D, 0x1E, 0x2D, 0x18, 0xF8, 0xB8, 0xF4, 0xE5,
    0x12, 0x6C, 0x9A, 0xAC, 0xCD, 0x36, 0x74, 0xE5, 0x38, 0xC7, 0x52, 0xA1, 0x11, 0x5F, 0x53, 0x1D,
    0x5A, 0xDE, 0xE7, 0x12, 0xDF, 0xFB, 0xE6, 0x06, 0xAE, 0x4D, 0x46, 0x5A, 0xBE, 0x31, 0x2E, 0xA5,
    0xCC, 0x37, 0xE7, 0x02, 0xDA, 0x4B, 0x12, 0xDA, 0xA2, 0xFB, 0x2A, 0x95, 0x5B, 0x78, 0x4E, 0xC5,
    0x75, 0xD6, 0xDA, 0x5A, 0x88, 0x99, 0xCD, 0xF9, 0x91, 0xD4, 0xF3, 0x09, 0x58, 0xA6, 0xB7, 0x15,
    0x52, 0x87, 0x59, 0x50, 0x8A, 0x8A, 0xB3, 0x0B, 0x1D, 0x4F, 0x25, 0x89, 0x57, 0x76, 0x8A, 0x80,
    0x78, 0xAE, 0x38, 0xB2, 0x5C, 0x84, 0x2B, 0x6D, 0x45, 0x92, 0x2A, 0x76, 0xF8, 0xC7, 0xF3, 0x01,
    0xF4, 0xCF, 0x4D, 0x4C, 0x74, 0xE4, 0xE4, 0xB3, 0x54, 0x76, 0xEA, 0x3D, 0xB0, 0xF6, 0xD7, 0xE6,
    0x7B, 0xE6, 0x02, 0xCE, 0x5D, 0x86, 0x81, 0x4A, 0x46, 0x45, 0x1C, 0xC7, 0x21, 0x3E, 0xDA, 0x92,
    0xC3, 0xE4, 0xF7, 0xD7, 0x7F, 0x74, 0xAC, 0x7B, 0x61, 0x8E, 0x27, 0x8B, 0x57, 0x8E, 0xC9, 0x7D,
    0xE2, 0x3B, 0x2B, 0x21, 0x24, 0xC3, 0x88, 0x91, 0xCD, 0x4C, 0x72, 0xFC, 0xC4, 0x7C, 0xB0, 0xA0,
    0x76, 0xD7, 0xC4, 0x58, 0x77, 0xF5, 0x78, 0x02, 0xDF, 0x6C, 0x35, 0x81, 0x69, 0x86, 0x8E, 0xF0,
    0x16, 0xBF, 0xF4, 0x1D, 0x94, 0x73, 0xD5, 0x61, 0x62, 0x8A, 0x7E, 0x35, 0x91, 0x8C, 0x4F, 0x47,
    0xF2, 0x3E, 0x41, 0x10, 0xB1, 0x85, 0xF4, 0x71, 0x5D, 0xF3, 0x2D, 0x08, 0x05, 0xB8, 0x63, 0x32,
    0x2C, 0xEC, 0x2A, 0xAF, 0x14, 0x18, 0x39, 0xA7, 0xE8, 0x85, 0x5D, 0x3C, 0x78, 0xF4, 0x4A, 0x8E,
    0xCA, 0x3F, 0x6E, 0x37, 0x5D, 0xBF, 0xFE, 0x4E, 0xF7, 0xD5, 0x1B, 0x8E, 0xB7, 0xC3, 0x9C, 0xA7,
    0x98, 0xC5, 0x7C, 0x73, 0x18, 0xA4, 0x49, 0x61, 0xA9, 0x9C, 0xD6, 0x9E, 0x04, 0x9F, 0x5E, 0x9D,
    0x9B, 0x53, 0x05, 0x89, 0x32, 0xBF, 0x2D, 0x1A, 0x3B, 0x17, 0xF4, 0x07, 0xDA, 0xB9, 0xF6, 0xED,
    0xCD, 0xCC, 0x43, 0xB0, 0xF0, 0x73, 0x21, 0x7A, 0x3E, 0x8F, 0x75, 0x4B, 0x9E, 0x75, 0xA3, 0xB8,
    0x04, 0x01, 0xC9, 0x87, 0xBC, 0xB5, 0xBE, 0xD8, 0x60, 0x31, 0x6F, 0xEA, 0xCA, 0xB7, 0x57, 0x11,
    0xDC, 0x5D, 0x58, 0xA4, 0xA7, 0x8C, 0xB9, 0x9B, 0xE7, 0xD9, 0xAA, 0xB5, 0x12, 0xF6, 0xF0, 0x9A,
    0xD6, 0x76, 0x49, 0xDC, 0x9F, 0x32, 0x5F, 0xCE, 0x4F, 0x5A, 0x55, 0x4B, 0x82, 0xE3, 0x86, 0x34,
    0xCD, 0x53, 0xFD, 0xFD, 0x6B, 0x50, 0x5A, 0x0F, 0x7C, 0x3A, 0xD6, 0x7E, 0x28, 0xA9, 0x2F, 0x64,
    0xA1, 0x2E, 0x1B, 0xC3, 0xF8, 0xFA, 0x39, 0xFE, 0xB0, 0x5E, 0x47, 0x8C, 0xE8, 0x0D, 0x97, 0x4C,
    0x88, 0xB8, 0xF5, 0xE4, 0xE6, 0xD9, 0x07, 0x79, 0xD9, 0xCC, 0xA9, 0x3F, 0xEE, 0x6F, 0x31, 0xDB,
    0x3F, 0x3B, 0xD8, 0x2F, 0x8F, 0xC9, 0xAE, 0x67, 0x48, 0xE1, 0xC0, 0x95, 0xB0, 0x1A, 0x0F, 0x22,
    0x96, 0xA4, 0x5B, 0x8E, 0x1C, 0xFB, 0x0F, 0x5E, 0x78, 0xB5, 0x31, 0x35, 0x50, 0xC7, 0x98, 0x6A,
    0x60, 0x8F, 0x69, 0x86, 0x70, 0x9B, 0xEF, 0x2B, 0x1D, 0x5E, 0x37, 0x17, 0x31, 0xDB, 0x76, 0xED,
    0xDA, 0x63, 0xFE, 0x36, 0x16, 0x52, 0x67, 0xDB, 0xBF, 0xFC, 0x5B, 0xAD, 0x21, 0x41, 0xD7, 0x6C,
    0xB3, 0x1A, 0xEB, 0xF6, 0xE9, 0x36, 0xDE, 0xF3, 0xCD, 0x5D, 0x16, 0x30, 0x1B, 0xAF, 0xC0, 0x4C,
    0xD5, 0x4D, 0x35, 0x30, 0x00, 0x80, 0x78, 0x6E, 0x60, 0xCD, 0xD6, 0x29, 0xD5, 0xFE, 0x45, 0x18,
    0x84, 0xA6, 0x86, 0xB3, 0x8E, 0x11, 0x71, 0xC3, 0xE7, 0x83, 0x55, 0x71, 0x05, 0x23, 0xAC, 0x9B,
    0xDD, 0xB9, 0x67, 0xD8, 0xAA, 0xB5, 0x72, 0x69, 0x8D, 0xD2, 0xE5, 0x99, 0xE7, 0x1A, 0x09, 0x79,
    0x32, 0xFA, 0xF3, 0x2F, 0xF1, 0x55, 0x29, 0xF3, 0x52, 0xB2, 0xDE, 0x0A, 0x24, 0x14, 0x45, 0x4F,
    0x34, 0x91, 0x77, 0xA4, 0xDD, 0xAF, 0x2D, 0x81, 0xE6, 0x41, 0xDC, 0xF9, 0xDC, 0x04, 0x01, 0xCC,
    0xDF, 0xD1, 0x6C, 0x63, 0x88, 0x3D, 0x55, 0x73, 0xC7, 0x55, 0xDB, 0xB2, 0x80, 0x43, 0xE3, 0xC7,
    0x97, 0xBD, 0x4C, 0x19, 0x99, 0xE9, 0xBC, 0xC3, 0x75, 0xAF, 0x7E, 0xD7, 0x5D, 0xDD, 0xB9, 0xED,
    0x0F, 0x78, 0x3C, 0xF1, 0x4F, 0xF7, 0x87, 0xF5, 0x00, 0x05, 0x0A, 0xD5, 0xEA, 0x46, 0x66, 0x4A,
    0xDD, 0xC6, 0xFC, 0x4D, 0x50, 0x0E, 0x77, 0xA0, 0x1D, 0x56, 0x03, 0x53, 0x77, 0xB4, 0xA9, 0x96,
    0x9F, 0x18, 0x9C, 0xAD, 0xE8, 0xA5, 0x28, 0x9B, 0xC7, 0x01, 0xB6, 0x30, 0x78, 0xEE, 0x21, 0x93,
    0x87, 0x9F, 0x4E, 0x04, 0x68, 0x56, 0x9C, 0xA6, 0x5C, 0x22, 0x42, 0xAC, 0xD1, 0xD1, 0xE0, 0xDB,
    0xC1, 0xC4, 0x3B, 0x32, 0x26, 0x04, 0x53, 0x3A, 0x38, 0x7A, 0x14, 0x5C, 0x22, 0xFA, 0x06, 0x23,
    0xA6, 0x20, 0x1F, 0xA1, 0x33, 0xD2, 0xC8, 0x48, 0xB0, 0x89, 0xF2, 0x49, 0xA4, 0xAC, 0xAE, 0x2E,
    0xE0, 0xA4, 0x40, 0xFD, 0x3B, 0x74, 0x9F, 0x96, 0x3C, 0xE8, 0xD7, 0xB7, 0xCE, 0x35, 0x19, 0x1E,
    0xC8, 0x87, 0xD6, 0xBD, 0x7B, 0x17, 0xA1, 0xE5, 0x3F, 0xE3, 0xA5, 0xBF, 0x1C, 0x65, 0x48, 0x1C,
    0xF3, 0x9B, 0x00, 0x91, 0x6A, 0xC9, 0xFD, 0xBB, 0x5F, 0xBB, 0xF7, 0x70, 0xBE, 0x71, 0xB8, 0xA7,
    0xC2, 0xF5, 0x39, 0xEC, 0x7A, 0x3A, 0xDB, 0x5D, 0x41, 0x82, 0xD3, 0x4E, 0xE1, 0x80, 0x7D, 0xA0,
    0x11, 0xE2, 0x46, 0x1F, 0x29, 0x0F, 0x19, 0x45, 0x0D, 0xE2, 0x75, 0x39, 0x51, 0x5D, 0xBD, 0x3E,
    0x81, 0x77, 0xDE, 0xE4, 0x04, 0xE3, 0xF1, 0xE0, 0x1B, 0x88, 0x29, 0xE4, 0xFE, 0xC6, 0x69, 0xE8,
    0x69, 0x78, 0x54, 0x2E, 0x84, 0xE5, 0x93, 0xC2, 0xE8, 0x9B, 0x89, 0xCF, 0x7D, 0x35, 0xD8, 0xE6,
    0x1B, 0xE6, 0x35, 0x30, 0x85, 0xB1, 0x1D, 0xFB, 0xD7, 0x9E, 0xFE, 0xE8, 0xB4, 0xD8, 0x37, 0xC1,
    0x6F, 0x66, 0x1A, 0x33, 0x8D, 0xE8, 0xBF, 0x62, 0x98, 0xE5, 0xEE, 0x61, 0x3A, 0x8F, 0xFD, 0x2B,
    0x07, 0x17, 0x86, 0xDE, 0x0E, 0x76, 0xB4, 0xA3, 0x19, 0xD3, 0xB1, 0x40, 0x64, 0xF9, 0x52, 0x9C,
    0x6A, 0xB7, 0xBE, 0x00, 0xC9, 0xB4, 0x3F, 0x84, 0x60, 0xFE, 0xF6, 0x1E, 0x84, 0xB3, 0xC0, 0x56,
    0x41, 0x52, 0x99, 0xC9, 0x66, 0x06, 0xFB, 0xF2, 0x49, 0xF0, 0xF2, 0x5A, 0x36, 0xD4, 0x3F, 0x9E,
    0xDC, 0x3D, 0xEF, 0xFE, 0xC5, 0x03, 0x40, 0xF7, 0xEE, 0xE4, 0x6E, 0x8F, 0xEE, 0xF6, 0xD6, 0xBD,
    0x4B, 0xD9, 0x3D, 0xFE, 0x9F, 0x3D, 0x8E, 0x5C, 0xA4, 0x5C, 0xA8, 0xF0, 0xBE, 0xCB, 0xB8, 0x15,
    0xDB, 0xA7, 0x19, 0xED, 0x6B, 0x92, 0xF0, 0xC7, 0x0C, 0xE0, 0xAE, 0x7B, 0x7F, 0x74, 0xEF, 0xCF,
    0xEE, 0xFD, 0xC9, 0xBD, 0x37, 0x3E, 0x71, 0xA8, 0xA1, 0x30, 0x39, 0x2F, 0xD1, 0xC6, 0xA3, 0x49,
    0xC6, 0xA5, 0xC6, 0xEA, 0x38, 0xA3, 0x98, 0x84, 0x51, 0x4D, 0x19, 0xFC, 0x3F, 0x65, 0x70, 0x70,
    0xC5, 0x2D, 0xFF, 0x97, 0x1F, 0x40, 0x5D, 0x79, 0x50, 0x78, 0x91, 0xEA, 0xFC, 0x99, 0x49, 0x26,
    0x5A, 0xFB, 0x47, 0xFD, 0xFD, 0x3A, 0x65, 0x6A, 0x98, 0xC6, 0xDF, 0x61, 0xB1, 0xCE, 0xA6, 0x9E,
    0x1F, 0x77, 0x25, 0x9D, 0x85, 0x18, 0x3E, 0xA9, 0xD2, 0x2B, 0x83, 0xA0, 0x68, 0xCE, 0xC6, 0xAA,
    0x2B, 0xE7, 0xE2, 0x02, 0x27, 0xA3, 0x56, 0x05, 0xC4, 0x51, 0x5B, 0x38, 0x46, 0x82, 0x8E, 0x11,
    0x1B, 0x59, 0xF0, 0xB4, 0x1D, 0xDE, 0xE1, 0x8C, 0x77, 0x08, 0xE6, 0xBC, 0xC3, 0x43, 0xBC, 0x5B,
    0xF9, 0xB5, 0x77, 0x89, 0x6F, 0xBD, 0x83, 0x9A, 0x04, 0xB1, 0x03, 0x48, 0x31, 0x81, 0xC0, 0xC5,
    0x75, 0x44, 0xC1, 0x11, 0x01, 0x47, 0x87, 0xD8, 0x31, 0x55, 0xE3, 0xA8, 0x12, 0x1D, 0x43, 0x3D,
    0xEA, 0x44, 0xF8, 0x1E, 0xCC, 0x30, 0x15, 0xB1, 0x1A, 0x54, 0xAB, 0xE4, 0x6D, 0x98, 0x74, 0x88,
    0x26, 0xE1, 0xCD, 0x0C, 0xCF, 0xAE, 0x7C, 0x47, 0x44, 0xE0, 0x8C, 0x8D, 0xF0, 0x9A, 0x67, 0x84,
    0x8E, 0xB3, 0x5F, 0x27, 0x21, 0x9B, 0xF5, 0xE4, 0x6D, 0xBE, 0x05, 0xCE, 0xCF, 0x8E, 0xBF, 0xB8,
    0x34, 0x8F, 0x14, 0xDF, 0x54, 0x77, 0x39, 0x1C, 0x98, 0x9E, 0x14, 0x9B, 0x3B, 0xB5, 0xCF, 0x66,
    0x88, 0x9A, 0x4C, 0xB2, 0x36, 0x36, 0xC4, 0xBC, 0xEB, 0x52, 0xB5, 0xC6, 0xDB, 0xBF, 0xCD, 0xA5,
    0x4C, 0x6F, 0xB1, 0xFA, 0x37, 0x46, 0x31, 0x94, 0xD3, 0x95, 0x62, 0x6F, 0x7F, 0xD6, 0x02, 0xD1,
    0x03, 0x9C, 0xB9, 0x6A, 0xB5, 0x6C, 0xEC, 0xBC, 0x14, 0xFC, 0x4E, 0x14, 0xA5, 0x8B, 0x72, 0xC2,
    0x2A, 0x45, 0x4D, 0x4A, 0x92, 0x86, 0xD2, 0xF2, 0x42, 0xE5, 0x48, 0xDB, 0xE2, 0x07, 0xF4, 0x5C,
    0xEC, 0xA7, 0x58, 0x89, 0xB7, 0x2C, 0x03, 0xF9, 0x1B, 0x96, 0xC9, 0xD7, 0xEF, 0xD9, 0x21, 0x01,
    0x46, 0x76, 0x2B, 0xCD, 0xB0, 0xE1, 0x7C, 0xE2, 0xB6, 0xFA, 0xD9, 0x68, 0xC3, 0x79, 0xAA, 0x02,
    0xD6, 0x52, 0x85, 0x56, 0x85, 0x49, 0xB8, 0xBC, 0x9D, 0xE8, 0x28, 0x3A, 0x8B, 0x02, 0x0E, 0xD2,
    0x56, 0xB4, 0x23, 0x85, 0x79, 0x06, 0xBD, 0x3D, 0x93, 0xBE, 0xEF, 0xD7, 0xA0, 0x0D, 0xA2, 0x2F,
    0xBA, 0x86, 0x1D, 0x69, 0x39, 0x92, 0x66, 0x9E, 0x94, 0xD9, 0x18, 0x8C, 0x37, 0x50, 0x2B, 0x5A,
    0x88, 0x66, 0xA2, 0xA9, 0x28, 0x04, 0xD4, 0xEE, 0x32, 0x3B, 0x31, 0xBF, 0xD3, 0x28, 0x61, 0xA5,
    0xDC, 0xB9, 0x74, 0x54, 0x2D, 0x1D, 0x58, 0x0F, 0xE6, 0xA0, 0xE1, 0xE6, 0x04, 0x66, 0xC5, 0xDF,
    0x52, 0x56, 0x2C, 0xF1, 0xC1, 0x81, 0xA0, 0xE3, 0xE4, 0x46, 0x35, 0x3E, 0x24, 0xF4, 0x5D, 0x6E,
    0xA9, 0xE8, 0xD7, 0x52, 0x5A, 0xBC, 0x9A, 0x46, 0xB4, 0x92, 0xC2, 0xCF, 0x4F, 0xEF, 0x86, 0x92,
    0xA0, 0x52, 0x17, 0x10, 0xE3, 0x24, 0x04, 0xFF, 0x7E, 0xFF, 0x9E, 0x5F, 0x17, 0xF4, 0x0D, 0x5B,
    0x56, 0xB5, 0xDD, 0x36, 0x54, 0x43, 0x59, 0x8E, 0x2E, 0x07, 0xF2, 0x26, 0x97, 0x10, 0x4E, 0x9B,
    0x3F, 0x44, 0xDD, 0x8E, 0xC2, 0x9D, 0xE7, 0x8B, 0x06, 0xD9, 0xEC, 0x9E, 0xDE, 0xB4, 0xED, 0x98,
    0x89, 0x62, 0xDD, 0x0F, 0x90, 0x2A, 0x7E, 0xF7, 0x26, 0xE8, 0x69, 0x06, 0xA6, 0xA1, 0xAA, 0xAA,
    0xA2, 0xB4, 0x56, 0xBA, 0xAA, 0x1B, 0x21, 0x93, 0x76, 0x24, 0x9D, 0xAF, 0x9E, 0x1B, 0x15, 0x7B,
    0x78, 0x3F, 0xD3, 0x4F, 0x4C, 0x8C, 0xF9, 0x0D, 0xC6, 0xC5, 0x49, 0x63, 0xAA, 0x09, 0x33, 0xD3,
    0xE3, 0x49, 0xF9, 0x20, 0xC2, 0x7F, 0xE5, 0xC1, 0xF6, 0x90, 0xB5, 0x8A, 0xB9, 0x2A, 0xB7, 0x2D,
    0xFC, 0x87, 0xCC, 0xA1, 0x05, 0xF0, 0xC6, 0xAF, 0xD4, 0xEB, 0xA4, 0x5D, 0xA8, 0x5F, 0x8A, 0x8E,
    0x19, 0xFC, 0x4C, 0xC8, 0x2C, 0x39, 0xE7, 0xDE, 0x9C, 0x6F, 0xDC, 0xD4, 0xB9, 0x35, 0x33, 0x89,
    0xE2, 0x1E, 0xD1, 0xB9, 0xF5, 0x42, 0xC0, 0x33, 0xE5, 0xBB, 0x14, 0x6E, 0xFB, 0x90, 0xF3, 0xE6,
    0x6E, 0xF3, 0xF3, 0xCC, 0x12, 0x74, 0xD2, 0x17, 0x6B, 0x73, 0xF4, 0xE7, 0x5C, 0x42, 0x18, 0xC2,
    0x8F, 0xCE, 0xB2, 0xE8, 0x10, 0x5A, 0xB5, 0x22, 0x33, 0x76, 0xD5, 0xBD, 0x48, 0x49, 0x7C, 0xF9,
    0x3A, 0x7E, 0xD6, 0x2A, 0x3A, 0xA9, 0x27, 0x43, 0xFB, 0x50, 0xED, 0xF7, 0x21, 0x79, 0xCA, 0x5C,
    0x1D, 0x4C, 0x86, 0x42, 0xA5, 0x2A, 0x64, 0xD3, 0xA8, 0x56, 0xB5, 0xC7, 0x00, 0xB4, 0x77, 0xCB,
    0xBE, 0x81, 0x52, 0xD8, 0xFB, 0x88, 0x36, 0x53, 0xE3, 0x8D, 0xFB, 0x35, 0xB0, 0xD7, 0xFF, 0xE1,
    0xFC, 0xAF, 0x76, 0xF7, 0xD9, 0xF6, 0xE8, 0xF3, 0xCA, 0x21, 0xEC, 0x0B, 0xBF, 0x0E, 0xA1, 0x59,
    0x78, 0x3F, 0xDB, 0x55, 0x42, 0x0E, 0xD0, 0xC6, 0x7D, 0x16, 0x8E, 0x1F, 0x86, 0x49, 0x65, 0x4A,
    0xB0, 0x07, 0xB5, 0xA3, 0xFB, 0x18, 0xCD, 0x12, 0x2F, 0x66, 0xEF, 0x08, 0x99, 0xC7, 0xD3, 0x89,
    0xDA, 0x88, 0x08, 0x8F, 0xC0, 0x01, 0xD2, 0x49, 0xFA, 0x15, 0xD2, 0xE0, 0x03, 0x02, 0xCB, 0x5E,
    0xC7, 0xE7, 0x3D, 0x55, 0x11, 0x95, 0xD8, 0x26, 0x94, 0xD1, 0x17, 0x83, 0x82, 0x4F, 0x05, 0xA8,
    0xDF, 0x7F, 0xA7, 0xCF, 0x42, 0xC5, 0xB1, 0x23, 0xAC, 0x25, 0xF1, 0x03, 0xB2, 0xA9, 0x9A, 0x30,
    0xDF, 0x8E, 0xF3, 0x9C, 0xF4, 0x4B, 0xAD, 0x50, 0x95, 0x24, 0x36, 0x8A, 0x05, 0xFF, 0xF4, 0xBB,
    0xAA, 0xE6, 0xAE, 0xC9, 0xD1, 0x24, 0xD8, 0x95, 0x17, 0xDD, 0xBA, 0xCF, 0xF7, 0xBC, 0x1A, 0xF8,
    0x76, 0xF1, 0x70, 0xBE, 0x23, 0x61, 0x5E, 0x79, 0xD6, 0x6E, 0xD5, 0xD6, 0xA2, 0xAE, 0x96, 0x70,
    0x2F, 0x6E, 0xDB, 0xF0, 0x44, 0xB7, 0x5C, 0x72, 0x88, 0xF0, 0x36, 0x86, 0x7F, 0x80, 0x85, 0x3D,
    0x7B, 0x31, 0x51, 0x96, 0x34, 0xEC, 0x91, 0x2B, 0x3A, 0x1A, 0x58, 0x56, 0x29, 0xA3, 0x5B, 0xF2,
    0x66, 0x3E, 0xF9, 0x80, 0xF2, 0xFE, 0x03, 0xE5, 0xFF, 0x39, 0x89, 0xFC, 0x7B, 0x7C, 0x66, 0xEA,
    0xD6, 0x99, 0xB3, 0x32, 0x99, 0x60, 0x91, 0xD8, 0x0E, 0x14, 0x3B, 0x13, 0x95, 0xDD, 0x35, 0x77,
    0x96, 0xEE, 0x08, 0xB7, 0x29, 0xBE, 0x60, 0x21, 0x81, 0xDB, 0x87, 0xCC, 0x11, 0x68, 0x62, 0x0F,
    0xF7, 0x0E, 0x3C, 0x69, 0xCB, 0x0E, 0xBA, 0xE7, 0x94, 0x47, 0x56, 0xA3, 0x0F, 0xE6, 0xB4, 0x8E,
    0x0D, 0x66, 0xAB, 0xDE, 0x2C, 0x2D, 0x3D, 0xA1, 0xB9, 0xF4, 0x0D, 0xC3, 0xBA, 0xF9, 0xED, 0x3E,
    0xAE, 0xB7, 0x3C, 0xB4, 0x4A, 0x9A, 0x5D, 0x25, 0xFF, 0xEC, 0x00, 0x7B, 0x23, 0xDD, 0xD6, 0x6F,
    0x75, 0x96, 0xEB, 0x63, 0xBD, 0x5A, 0xF2, 0xA6, 0xCF, 0x36, 0xF1, 0x31, 0x97, 0xA2, 0x62, 0x8F,
    0x2A, 0x4E, 0x5C, 0x94, 0x9A, 0x0F, 0x25, 0xAD, 0x5E, 0xFA, 0xD2, 0x84, 0xF6, 0x5E, 0x69, 0x1F,
    0x36, 0x07, 0xB7, 0x76, 0xFF, 0x47, 0x20, 0x58, 0x50, 0x0D, 0x56, 0x61, 0x12, 0x7B, 0xDB, 0x44,
    0x06, 0xA5, 0xBF, 0xF6, 0xE5, 0x39, 0xA8, 0xBB, 0x69, 0x96, 0xE6, 0x04, 0x6C, 0xAF, 0x06, 0x9F,
    0x7C, 0xB3, 0xB4, 0xC1, 0x55, 0xDB, 0xAB, 0xFC, 0x84, 0x03, 0x6E, 0xE3, 0x66, 0xE8, 0x44, 0x1B,
    0xB4, 0x63, 0xB0, 0xE7, 0x1C, 0x81, 0x94, 0xDB, 0xA5, 0xD8, 0x4A, 0xAB, 0xAE, 0xDB, 0x35, 0x73,
    0x56, 0xC1, 0xC1, 0x8E, 0x33, 0x59, 0xD3, 0x0A, 0x28, 0x0B, 0xD8, 0x95, 0x7D, 0x39, 0x54, 0xDB,
    0xB4, 0xAB, 0xA4, 0xFD, 0x39, 0x82, 0x2D, 0x87, 0xBC, 0x56, 0x52, 0x25, 0xA3, 0x66, 0x29, 0x95,
    0x49, 0x64, 0x46, 0xD1, 0xF6, 0xD9, 0x68, 0x83, 0x72, 0xDC, 0xC8, 0x62, 0xB3, 0x0E, 0x96, 0x30,
    0x81, 0x97, 0xCF, 0x4B, 0x02, 0xAF, 0xE6, 0x20, 0x94, 0xC0, 0x53, 0x79, 0xE6, 0x4C, 0x61, 0x50,
    0x1A, 0x49, 0xB6, 0x1A, 0x13, 0x63, 0xD7, 0x49, 0x77, 0xC8, 0x42, 0x9E, 0x24, 0x04, 0x67, 0xC5,
    0xA4, 0x0A, 0x90, 0x6A, 0x3F, 0xB3, 0xBB, 0xE7, 0x57, 0x47, 0x9C, 0x80, 0x93, 0xE2, 0x72, 0x49,
    0xCA, 0x95, 0xDB, 0x20, 0x57, 0x45, 0x2C, 0xB3, 0xDF, 0x4F, 0x99, 0xB9, 0xA3, 0x92, 0xB0, 0xC1,
    0xFD, 0x35, 0x4B, 0xC3, 0xE5, 0x59, 0xAF, 0x01, 0x4E, 0x76, 0x0A, 0x66, 0x94, 0xD8, 0xB0, 0x63,
    0x6C, 0xD0, 0x3B, 0xF9, 0xC9, 0xA7, 0x1B, 0x71, 0x8D, 0xBA, 0x63, 0xF0, 0x8A, 0x2F, 0xF8, 0xE9,
    0xFB, 0x1F, 0xFB, 0xBD, 0x3B, 0x31, 0xBB, 0x7A, 0x1A, 0x24, 0x91, 0x87, 0xD0, 0x2F, 0xB5, 0xE4,
    0x72, 0xBB, 0x34, 0xCE, 0x2F, 0xD3, 0xA2, 0xAC, 0xA9, 0x72, 0x36, 0x71, 0x7B, 0xC5, 0x7F, 0xC4,
    0x3A, 0x36, 0xD5, 0x26, 0x75, 0x6F, 0x28, 0xF1, 0x1F, 0x6B, 0xFB, 0xAF, 0x90, 0x1A, 0xAA, 0x7D,
    0xE8, 0xBE, 0x55, 0x73, 0xF9, 0x26, 0x96, 0xBD, 0x9A, 0xD8, 0x0A, 0x8F, 0x9F, 0x9F, 0x99, 0xEE,
    0xEB, 0x2A, 0x7F, 0x8E, 0x2A, 0xFF, 0x2C, 0x30, 0x32, 0xBB, 0xB0, 0x86, 0xF0, 0xD4, 0xBD, 0x02,
    0x36, 0xF3, 0xB7, 0x34, 0x59, 0x83, 0x56, 0xCE, 0xEB, 0x98, 0x71, 0x5F, 0x41, 0x3E, 0x2E, 0x9C,
    0x28, 0x42, 0xCF, 0xC2, 0xAB, 0x97, 0xE8, 0x2B, 0x9E, 0xA0, 0x1F, 0xCC, 0x94, 0x08, 0x3B, 0x53,
    0x9F, 0x8E, 0xD7, 0xA7, 0x9C, 0xF1, 0x1C, 0x06, 0xB8, 0xD0, 0xB2, 0x99, 0xB1, 0xD8, 0x3E, 0x7A,
    0xFC, 0x8C, 0xC7, 0x24, 0xFD, 0x55, 0xA6, 0x6A, 0xAC, 0x3A, 0x60, 0x4D, 0xBA, 0x4F, 0x8D, 0x3A,
    0xD0, 0x8F, 0xF8, 0x49, 0x4C, 0x9F, 0x5F, 0xB3, 0x6B, 0xF8, 0x02, 0xB4, 0xB6, 0xEA, 0x0E, 0x78,
    0x2E, 0x22, 0x1F, 0x19, 0x3A, 0x22, 0x1F, 0x61, 0x57, 0x11, 0x61, 0xCC, 0xC6, 0xD1, 0x7F, 0xF1,
    0x9B, 0x95, 0x3A, 0x31, 0xD4, 0x88, 0x51, 0xFA, 0x43, 0x4E, 0x49, 0x3A, 0xAD, 0xE0, 0x98, 0x3E,
    0xEC, 0x18, 0x6C, 0x54, 0xB7, 0xE1, 0xE8, 0x34, 0xAE, 0x4D, 0x16, 0xE3, 0x0E, 0x25, 0x85, 0x11,
    0x4F, 0x2C, 0x49, 0x3E, 0x71, 0x83, 0x4F, 0xE0, 0x1B, 0x38, 0xC7, 0x2D, 0x5E, 0xBD, 0xEF, 0x86,
    0x6A, 0xB7, 0xD6, 0xE7, 0xD0, 0x5B, 0xEE, 0x42, 0xC4, 0x3C, 0xC7, 0x4F, 0xE6, 0xAC, 0x99, 0xCF,
    0xE5, 0xE9, 0xAB, 0xD7, 0x77, 0x17, 0x11, 0x9C, 0x28, 0xC3, 0xB1, 0xE6, 0x75, 0x03, 0x0C, 0xA7,
    0x63, 0x94, 0xCF, 0x32, 0x44, 0x74, 0xEB, 0x73, 0xC0, 0x7F, 0xD6, 0x66, 0x6D, 0xDE, 0x95, 0x3C,
    0xC7, 0x6E, 0x9D, 0x25, 0xEF, 0x73, 0xC2, 0x18, 0x7C, 0xCB, 0x44, 0x7E, 0xD5, 0xB4, 0x53, 0x7C,
    0x82, 0x97, 0x17, 0x3F, 0x24, 0xF9, 0x4F, 0xDA, 0x60, 0xB5, 0xCC, 0x2D, 0xCD, 0x52, 0x67, 0xBB,
    0x14, 0xD8, 0x5D, 0xC6, 0x78, 0x9C, 0x8E, 0xF9, 0x88, 0x05, 0x8B, 0xF5, 0x6A, 0xE6, 0xDF, 0x04,
    0xF3, 0x17, 0xBA, 0xD4, 0x4F, 0x41, 0x3A, 0xA0, 0x07, 0x34, 0xC8, 0x36, 0x86, 0xE0, 0x5B, 0xA6,
    0x44, 0xD7, 0x87, 0x7B, 0x83, 0xCF, 0x5C, 0x3F, 0x98, 0xEA, 0x07, 0x83, 0xA9, 0x1F, 0x8E, 0xC6,
    0xBF, 0xD5, 0x27, 0x53, 0xB9, 0x49, 0xFA, 0x72, 0x7D, 0x1A, 0xCB, 0xE5, 0x85, 0x33, 0x3A, 0xC7,
    0xD5, 0x18, 0xAC, 0xBF, 0x9A, 0x87, 0x6B, 0xF9, 0x37, 0xF7, 0xD6, 0xB1, 0x63, 0x57, 0x49, 0xD1,
    0x7C, 0x78, 0x1E, 0x36, 0xC7, 0xC8, 0x66, 0x2B, 0x36, 0xF3, 0x3E, 0x78, 0x1D, 0x94, 0xA7, 0xE2,
    0xFF, 0xF8, 0x15, 0x84, 0x3E, 0x7C, 0x69, 0x50, 0x99, 0xD8, 0x3C, 0x3A, 0x20, 0x36, 0x26, 0xF2,
    0xA2, 0x96, 0x4C, 0x63, 0x47, 0xCC, 0xAA, 0xAF, 0x74, 0x41, 0xBA, 0x4E, 0x77, 0x5F, 0x44, 0x34,
    0x1F, 0x84, 0x7C, 0xB6, 0xEA, 0xE0, 0x4A, 0x19, 0x84, 0x8E, 0xEB, 0x62, 0x94, 0xB3, 0x17, 0x12,
    0x4D, 0x19, 0xBF, 0x1E, 0x51, 0xF6, 0x0C, 0x47, 0x6D, 0x57, 0x0C, 0xFA, 0x36, 0xC4, 0x16, 0xF6,
    0x47, 0x75, 0xEF, 0x6C, 0xA4, 0xC4, 0xFB, 0x16, 0xB6, 0x10, 0x53, 0xCF, 0x6F, 0x84, 0x00, 0x1A,
    0x7D, 0x79, 0x03, 0xBC, 0xD0, 0xB8, 0x7A, 0x56, 0xD2, 0x58, 0x3B, 0xFF, 0x64, 0xB0, 0xBF, 0x63,
    0xCA, 0xFA, 0xD3, 0xCE, 0x7E, 0x26, 0x75, 0xD6, 0xA9, 0x00, 0x56, 0xD1, 0x15, 0xA4, 0x77, 0xCB,
    0x8E, 0x38, 0x7D, 0xB5, 0xA5, 0x51, 0xAD, 0x21, 0x57, 0x8E, 0x2C, 0x34, 0x9F, 0xA9, 0x5F, 0x6F,
    0x0C, 0x85, 0x12, 0xA6, 0x36, 0xAE, 0x1E, 0x34, 0x75, 0x5A, 0x31, 0xA9, 0xE4, 0x47, 0x3A, 0x12,
    0xFF, 0x74, 0x5B, 0x1C, 0x4D, 0xC4, 0xDD, 0x94, 0xAF, 0xAC, 0x30, 0x9D, 0x99, 0x16, 0x58, 0x6D,
    0xDF, 0xE4, 0x9B, 0xD5, 0x54, 0xB7, 0x45, 0x07, 0x8C, 0x37, 0x15, 0x78, 0xAA, 0x3A, 0x3B, 0x14,
    0x5D, 0xD9, 0xD5, 0x23, 0xFF, 0x73, 0x93, 0xDD, 0xE6, 0xE3, 0xEC, 0x6B, 0x70, 0x35, 0x3A, 0x26,
    0xD5, 0xC6, 0x9A, 0xF9, 0xEA, 0x81, 0x13, 0x0A, 0x2B, 0x47, 0x13, 0xD4, 0x95, 0xE0, 0xA9, 0x26,
    0x0C, 0x70, 0xC7, 0xF8, 0xBD, 0xC5, 0xB2, 0x39, 0x94, 0x42, 0xFB, 0xF9, 0x81, 0xD6, 0xDA, 0x44,
    0x31, 0xB1, 0x7F, 0x1F, 0x5B, 0xF9, 0x88, 0xFC, 0x77, 0x77, 0xAD, 0x7C, 0x53, 0x8D, 0x69, 0x1C,
    0xAB, 0x01, 0xFE, 0x6F, 0x31, 0x01, 0x5F, 0x40, 0x46, 0x99, 0xFE, 0x2D, 0xE4, 0xC7, 0xFD, 0xC9,
    0x47, 0xAD, 0x5F, 0xD0, 0x2B, 0xC9, 0x82, 0xEA, 0xDF, 0x15, 0x87, 0x9E, 0x50, 0x2E, 0x3C, 0x4A,
    0x6E, 0x46, 0xC0, 0x08, 0x17, 0x9D, 0x0E, 0x40, 0x75, 0x18, 0xA8, 0xA7, 0x94, 0x50, 0x20, 0xC8,
    0x2C, 0x3E, 0x22, 0xFC, 0x7D, 0x37, 0xC3, 0xC1, 0x99, 0x11, 0x5E, 0xCC, 0x99, 0xFF, 0x62, 0x32,
    0x2F, 0x33, 0xB0, 0xCF, 0xC6, 0xB2, 0xA9, 0xE4, 0xAC, 0xB3, 0xDD, 0x85, 0xAD, 0x1D, 0xC9, 0xBD,
    0x3B, 0x54, 0x45, 0x50, 0x5B, 0x35, 0x3B, 0x1A, 0xDD, 0x43, 0x82, 0x47, 0xA9, 0xB8, 0xC2, 0x9C,
    0xEE, 0xF2, 0xC5, 0xD8, 0x33, 0x41, 0x05, 0x9A, 0x7A, 0x69, 0xC9, 0x90, 0xC7, 0xC5, 0xBA, 0x58,
    0xA8, 0xC8, 0xC1, 0xF4, 0x24, 0x74, 0x28, 0xF5, 0x7D, 0x5A, 0xF6, 0x0D, 0xCE, 0xFC, 0x34, 0x5D,
    0xDA, 0xDB, 0x73, 0x4A, 0xAA, 0x75, 0xF1, 0x3B, 0xB4, 0xE1, 0x8B, 0xA8, 0xF3, 0x2E, 0xD9, 0xF6,
    0x88, 0xE3, 0xBB, 0x07, 0xFB, 0x4D, 0x6C, 0x4B, 0xCF, 0x77, 0xC7, 0x19, 0x40, 0xF5, 0x3B, 0x7F,
    0x75, 0xD4, 0xBF, 0x47, 0x93, 0x08, 0x1C, 0x4D, 0x4C, 0x22, 0xC4, 0x16, 0x92, 0x97, 0xF6, 0xF6,
    0xEE, 0x54, 0xE1, 0x62, 0x66, 0x00, 0xC7, 0xB0, 0xE8, 0xDD, 0x56, 0xD5, 0x98, 0x95, 0x0F, 0x69,
    0x26, 0x59, 0xA3, 0xAD, 0x56, 0x8F, 0x0E, 0xA9, 0xB5, 0x9F, 0x42, 0xAC, 0x02, 0xF8, 0x14, 0x9A,
    0x79, 0x7F, 0x75, 0xB4, 0xF1, 0x58, 0xE4, 0x2C, 0x19, 0xCF, 0x0F, 0xE5, 0xBE, 0xF2, 0x83, 0x05,
    0x75, 0x62, 0x0C, 0xBF, 0x49, 0x81, 0xB3, 0x9F, 0x0C, 0xF1, 0xDB, 0xC5, 0xC1, 0x83, 0x38, 0x6B,
    0xAE, 0xBF, 0x1E, 0x2F, 0xF7, 0x27, 0xCE, 0xF9, 0xFF, 0x03, 0xCD, 0x5A, 0x3D, 0xB3, 0xDE, 0x46,
    0x19, 0x5D, 0x49, 0x76, 0x44, 0xAC, 0x42, 0x14, 0xC9, 0x0C, 0x63, 0x86, 0xA8, 0x05, 0x0A, 0xEB,
    0x0F, 0x60, 0x4B, 0x09, 0x05, 0x05, 0x05, 0x2E, 0xE2, 0xA1, 0xA0, 0xA1, 0xA0, 0x22, 0x85, 0xDB,
    0x14, 0x49, 0x24, 0xD2, 0x50, 0x86, 0x9A, 0x14, 0xB8, 0x48, 0x11, 0x6E, 0x0A, 0x37, 0x29, 0x52,
    0x98, 0x91, 0x02, 0x85, 0x0B, 0x8A, 0x68, 0x68, 0x28, 0x28, 0x2C, 0x08, 0x30, 0x83, 0x0B, 0xA2,
    0x10, 0x31, 0xC8, 0x17, 0x49, 0xCB, 0x39, 0x67, 0x57, 0x7A, 0xEF, 0xF5, 0x64, 0x12, 0x87, 0xF8,
    0xE3, 0xBE, 0x63, 0x3D, 0xFB, 0xF8, 0x7D, 0xA5, 0xDD, 0x7D, 0x3E, 0xF6, 0x3C, 0x1F, 0xBA, 0xC6,
    0x18, 0xF3, 0xB4, 0xE1, 0xA7, 0x70, 0xB4, 0x24, 0x6D, 0x70, 0xBD, 0x74, 0xD3, 0x1A, 0x93, 0x58,
    0xBB, 0xE0, 0x4B, 0x6B, 0x27, 0x13, 0x58, 0x6B, 0x57, 0x13, 0xD9, 0x7B, 0x37, 0x6D, 0x99, 0x5A,
    0x13, 0xDA, 0x36, 0x9B, 0x71, 0x67, 0x5F, 0x0C, 0xB8, 0x61, 0x28, 0x7A, 0x63, 0xB2, 0xA9, 0x6A,
    0x8D, 0x49, 0xE7, 0x06, 0x34, 0x99, 0xED, 0x09, 0xDA, 0xEC, 0x34, 0x9D, 0xAB, 0x0E, 0x74, 0xE2,
    0x53, 0xD9, 0x98, 0x8F, 0x7C, 0x36, 0xC5, 0x3C, 0xB6, 0x4F, 0x6C, 0x1D, 0xDB, 0x36, 0xC2, 0x2A,
    0x58, 0x17, 0x04, 0x5F, 0xE6, 0xD6, 0xE2, 0xB6, 0xD0, 0x5A, 0x6E, 0xEA, 0xBC, 0x76, 0x66, 0xCC,
    0x0D, 0x5C, 0xD1, 0x48, 0x32, 0x81, 0x24, 0xA3, 0xC9, 0x78, 0x17, 0x1E, 0xE8, 0xF9, 0x6C, 0x9D,
    0xDA, 0x9B, 0xB6, 0xCD, 0x27, 0x63, 0x3B, 0x6C, 0xA9, 0x18, 0xB0, 0xA3, 0x74, 0x68, 0x6A, 0x93,
    0x8E, 0x98, 0x24, 0x99, 0x44, 0xF8, 0xDF, 0x09, 0x9B, 0x49, 0xC7, 0xA2, 0x33, 0xF9, 0x50, 0x8C,
    0x90, 0x22, 0xB5, 0x6F, 0xDA, 0x36, 0xE6, 0xDA, 0x81, 0x5F, 0x1A, 0x02, 0x99, 0x17, 0xCD, 0x61,
    0x4D, 0x13, 0xCC, 0xA4, 0xA1, 0x68, 0x34, 0x9F, 0xA3, 0x9A, 0x46, 0xA8, 0x2B, 0xB4, 0x9C, 0x3F,
    0xB2, 0x2D, 0x66, 0x8C, 0x66, 0xF3, 0xB0, 0x68, 0x25, 0x8A, 0x0D, 0x26, 0xA0, 0x03, 0x74, 0x65,
    0xF2, 0xD5, 0x34, 0x83, 0x49, 0xB1, 0xC7, 0xCE, 0x48, 0x54, 0xAA, 0x09, 0xD6, 0x81, 0x02, 0x7A,
    0x73, 0xE2, 0xF3, 0x13, 0x92, 0x79, 0xDB, 0x70, 0x34, 0x5F, 0xC6, 0x46, 0x67, 0x1A, 0x6C, 0x20,
    0xE9, 0x40, 0x56, 0xF3, 0x20, 0xA4, 0x8C, 0x16, 0x63, 0x6B, 0x90, 0xA6, 0xE5, 0x1E, 0xEE, 0x35,
    0x93, 0x33, 0x48, 0xC2, 0x0D, 0x04, 0xF0, 0x05, 0xD8, 0xE4, 0xEA, 0xBE, 0xEA, 0x18, 0x76, 0x1B,
    0xBB, 0x66, 0x3B, 0x5B, 0x71, 0x97, 0xEE, 0x93, 0xDB, 0xFD, 0xDE, 0x64, 0x3E, 0xEC, 0x16, 0x33,
    0x9C, 0xBF, 0x76, 0xCD, 0x88, 0x5E, 0x2B, 0xE5, 0x69, 0x78, 0x0A, 0xEB, 0x34, 0x96, 0x76, 0x27,
    0x1D, 0x49, 0x7A, 0xFF, 0xED, 0xDD, 0x77, 0xEC, 0x68, 0x2E, 0x1E, 0x1D, 0xD9, 0x0E, 0x7A, 0xCA,
    0x25, 0xA1, 0xAD, 0xC1, 0x26, 0xD4, 0x44, 0x62, 0xA5, 0x3D, 0xAE, 0x94, 0x49, 0x91, 0x21, 0x59,
    0x1A, 0x18, 0xAE, 0x47, 0x2F, 0xC2, 0x34, 0x62, 0x6B, 0xFA, 0xEF, 0xC6, 0xC6, 0xB8, 0xC9, 0xB3,
    0x74, 0x45, 0xCF, 0xE2, 0xA9, 0xED, 0x31, 0xEA, 0x17, 0x6C, 0x60, 0x4B, 0x3E, 0xE5, 0xE7, 0xE5,
    0x53, 0x5A, 0x6D, 0x35, 0xE9, 0xE2, 0x58, 0x8C, 0xC5, 0xE4, 0xD8, 0x6A, 0xA6, 0xB1, 0x8C, 0xF6,
    0x3F, 0xF0, 0xE8, 0xC0, 0x3F, 0x48, 0xE4, 0xDF, 0x92, 0xCD, 0x38, 0x16, 0x12, 0xFF, 0x55, 0x67,
    0xCB, 0x7A, 0xA5, 0x3D, 0x67, 0x46, 0xAF, 0x91, 0xFC, 0xF6, 0xE8, 0x8E, 0x1E, 0x8C, 0x3E, 0x18,
    0xA7, 0x8F, 0x98, 0xDB, 0x96, 0x3A, 0x02, 0xEE, 0x5A, 0xDA, 0x30, 0x6E, 0xC9, 0x7C, 0xDE, 0x38,
    0xE8, 0xE2, 0xE8, 0xE8, 0xC8, 0xA9, 0x22, 0xD2, 0xD2, 0xDC, 0xF1, 0xC6, 0x19, 0xFB, 0xC2, 0xCE,
    0x49, 0x78, 0xCF, 0x25, 0xCB, 0xC6, 0xE1, 0xF8, 0x78, 0xAE, 0x1A, 0x76, 0x1D, 0xB4, 0x5E, 0x05,
    0x91, 0xDD, 0x34, 0x40, 0x95, 0x3B, 0x05, 0x64, 0xD3, 0x2E, 0xFF, 0xB0, 0x89, 0x2F, 0x4D, 0x51,
    0xC2, 0x90, 0x1B, 0xDF, 0x85, 0x6F, 0x77, 0xD9, 0x5B, 0x89, 0x1E, 0x3A, 0x4F, 0x36, 0x4F, 0xD5,
    0xC1, 0x90, 0xF2, 0x88, 0xA7, 0x7D, 0x38, 0x17, 0xFC, 0x26, 0xE3, 0xA9, 0x36, 0x8E, 0x29, 0x66,
    0xCF, 0x64, 0x83, 0x67, 0xDC, 0xC7, 0x33, 0xF9, 0x9A, 0x0D, 0x17, 0x8E, 0x8E, 0x6E, 0x40, 0x8F,
    0x1F, 0x0D, 0x70, 0xD2, 0x39, 0xF6, 0xAA, 0x9D, 0x09, 0x07, 0xFA, 0xA6, 0x18, 0x03, 0xEB, 0x90,
    0xAA, 0x73, 0x9B, 0x94, 0xFF, 0x0C, 0x90, 0xA8, 0x6E, 0x4A, 0xCE, 0x03, 0xB9, 0x20, 0x66, 0x3A,
    0xD0, 0x07, 0x1C, 0x03, 0x74, 0x72, 0x3F, 0x35, 0xF0, 0x9A, 0x9A, 0x37, 0x43, 0xA6, 0x02, 0xFF,
    0x06, 0xEA, 0x00, 0x93, 0x58, 0x41, 0x57, 0xB6, 0xBE, 0xA9, 0x25, 0xC6, 0x64, 0x5B, 0x34, 0xE4,
    0x36, 0x0A, 0x1E, 0xCE, 0xCA, 0x26, 0x2D, 0x57, 0x37, 0x81, 0x3F, 0x29, 0xE7, 0xB6, 0xC1, 0x01,
    0x2D, 0x06, 0xEA, 0x97, 0x66, 0xAB, 0x37, 0xA6, 0x7D, 0x92, 0x8C, 0xCE, 0x92, 0x89, 0x5A, 0xCF,
    0xA4, 0x23, 0x44, 0x85, 0xC5, 0xA6, 0x94, 0xE0, 0x0F, 0x66, 0x49, 0x28, 0x0D, 0x99, 0x90, 0x58,
    0x40, 0x69, 0x21, 0xA4, 0x87, 0x66, 0x0A, 0x79, 0x4E, 0xC0, 0x43, 0xE9, 0xA2, 0x55, 0x53, 0x89,
    0x06, 0xB3, 0x9B, 0xFF, 0x04, 0x7D, 0x8F, 0x34, 0x5C, 0x44, 0xD7, 0x87, 0x40, 0xB1, 0x49, 0xD1,
    0x65, 0xA3, 0xB2, 0xC4, 0x2A, 0xB4, 0x76, 0x74, 0x91, 0xAB, 0xC8, 0x93, 0xAC, 0xA3, 0xF2, 0x1E,
    0x77, 0xF0, 0xBE, 0x85, 0x83, 0x07, 0xE4, 0x29, 0xF3, 0xB6, 0xA9, 0x8B, 0xCE, 0x5D, 0xE4, 0x69,
    0x19, 0x5E, 0x69, 0x89, 0xEF, 0x4E, 0xFC, 0xF6, 0xC5, 0xAF, 0x82, 0x68, 0xAE, 0xAB, 0x6A, 0x05,
    0x3F, 0x29, 0x01, 0xC7, 0x1A, 0x81, 0x4E, 0xF8, 0x0B, 0x69, 0x4E, 0xEE, 0x51, 0x52, 0x7B, 0x15,
    0x98, 0x78, 0xD0, 0xE1, 0xE3, 0xA1, 0x18, 0x89, 0x26, 0xE2, 0xA6, 0x66, 0xDE, 0xB9, 0x75, 0xE7,
    0x78, 0x42, 0x3D, 0xD7, 0x6E, 0x1C, 0x1E, 0xF1, 0x1C, 0xE3, 0xA1, 0xE3, 0x70, 0x44, 0x3D, 0x17,
    0xD9, 0xD2, 0x73, 0x81, 0x6D, 0x3D, 0x07, 0xCC, 0xDA, 0xB8, 0x62, 0xDA, 0xB8, 0x74, 0xD9, 0xB8,
    0xC8, 0x6E, 0x5C, 0x60, 0xFD, 0xAE, 0x78, 0xC6, 0xCD, 0xCB, 0x38, 0x24, 0x0D, 0xD3, 0x04, 0xCC,
    0x5D, 0x91, 0x83, 0x54, 0x04, 0xB4, 0xC6, 0xE8, 0x54, 0xE1, 0x80, 0x83, 0x03, 0x5E, 0x15, 0xF0,
    0xA1, 0x2B, 0x78, 0xEE, 0x37, 0x40, 0x9D, 0x71, 0x0B, 0x00, 0xCF, 0x1A, 0x2F, 0x79, 0xDE, 0x3A,
    0xB9, 0x8B, 0xCE, 0x49, 0x8D, 0x51, 0x32, 0xC3, 0x0A, 0x5E, 0xE2, 0x4D, 0x5E, 0x27, 0x2D, 0x2C,
    0x22, 0x59, 0x61, 0x15, 0x49, 0x8A, 0x51, 0x72, 0x62, 0x94, 0x94, 0x18, 0x25, 0x23, 0x46, 0x49,
    0x88, 0x51, 0xF2, 0x71, 0xA4, 0x74, 0x1C, 0x29, 0x1B, 0x47, 0x4A, 0xC6, 0x31, 0xF0, 0x23, 0xA5,
    0xD2, 0x58, 0xF8, 0x31, 0xF5, 0x63, 0xE4, 0x47, 0x4A, 0xD3, 0x3A, 0x59, 0x0A, 0x77, 0x72, 0xF6,
    0xB1, 0x72, 0xA3, 0x42, 0x05, 0x95, 0xE4, 0x43, 0x60, 0xEA, 0xE3, 0x5F, 0xEA, 0x83, 0x1F, 0x2C,
    0xEE, 0x6E, 0x2F, 0xFD, 0xF9, 0x3F, 0x39, 0xF8, 0x2F, 0xF7, 0xCF, 0x65, 0xE2, 0xFE, 0x25, 0x63,
    0x73, 0xB8, 0x6C, 0x55, 0x2B, 0x3B, 0x6A, 0x6A, 0xBB, 0x36, 0x1A, 0x7A, 0xF8, 0x37, 0x86, 0x36,
    0xD4, 0x50, 0x62, 0x6B, 0x18, 0xCC, 0x97, 0x1D, 0x38, 0xD9, 0x6B, 0xC6, 0xDC, 0xBA, 0x6F, 0x67,
    0x4E, 0x9A, 0xD8, 0x1D, 0x79, 0x1F, 0xD3, 0x8B, 0xC5, 0xA1, 0xB0, 0xB3, 0xE9, 0x05, 0xFC, 0x94,
    0x96, 0x97, 0x28, 0xEA, 0xC7, 0xAB, 0xEE, 0x55, 0x32, 0xE2, 0x0E, 0x9B, 0x03, 0x80, 0xF3, 0xBA,
    0xD1, 0xE7, 0x9D, 0xF5, 0xE1, 0x7B, 0x1D, 0x45, 0x77, 0x67, 0x24, 0x1A, 0x5B, 0x25, 0x79, 0x9A,
    0x21, 0xFD, 0x84, 0xB3, 0xE5, 0x7F, 0x51, 0x48, 0x6F, 0xB9, 0x81, 0xCA, 0x05, 0xB1, 0xB2, 0x70,
    0xFE, 0xD2, 0x33, 0x6D, 0x11, 0x92, 0x03, 0x8C, 0x4D, 0x2C, 0x2D, 0xA5, 0xA2, 0x99, 0x72, 0xD7,
    0xBC, 0xD3, 0x6D, 0x8A, 0x6C, 0x94, 0xA6, 0x6A, 0xDD, 0x54, 0xAF, 0x31, 0x90, 0x6C, 0x79, 0xCA,
    0x77, 0x42, 0x04, 0xFB, 0xEA, 0x07, 0x0C, 0x15, 0x34, 0x60, 0xCA, 0x75, 0x1C, 0x72, 0xEC, 0x9F,
    0x7C, 0x4D, 0x3B, 0x45, 0x1A, 0x45, 0x19, 0x45, 0x18, 0x45, 0x17, 0x45, 0x16, 0x45, 0x15, 0x85,
    0x0D, 0x05, 0x11, 0x11, 0xFD, 0x57, 0x11, 0x44, 0xD1, 0x43, 0x91, 0x43, 0x51, 0x23, 0xF1, 0xF1,
    0xF1, 0xA3, 0x41, 0x91, 0x42, 0x00, 0x7A, 0xD9, 0xBC, 0x5B, 0xFC, 0x7C, 0xCA, 0x2C, 0x66, 0x6F,
    0x99, 0xBE, 0x3C, 0x63, 0xCC, 0x57, 0x8D, 0x59, 0x18, 0x70, 0xFF, 0xFF, 0x7F, 0x2B, 0x33, 0xC2,
    0x97, 0xA3, 0xAE, 0xC9, 0x3A, 0x88, 0x95, 0x21, 0x7B, 0xD9, 0x52, 0xB0, 0x60, 0x60, 0x9E, 0xF9,
    0x85, 0xFE, 0x85, 0xB0, 0x73, 0xD4, 0x25, 0x54, 0xCC, 0x54, 0xD5, 0xC6, 0x83, 0x01, 0x63, 0x3E,
    0x95, 0x23, 0x33, 0x07, 0x72, 0x8F, 0x97, 0xDE, 0x92, 0xF1, 0xE8, 0x32, 0x05, 0x4D, 0x72, 0x26,
    0x4A, 0x88, 0xCB, 0x34, 0x70, 0xF1, 0xC6, 0xC0, 0xDF, 0xBA, 0xCD, 0xC0, 0xEB, 0x29, 0x03, 0x67,
    0xFC, 0x81, 0x8F, 0x73, 0x2A, 0xF3, 0xD0, 0x2B, 0x8A, 0xCB, 0xE6, 0x3D, 0xEC, 0xE0, 0xF6, 0xC4,
    0x85, 0x06, 0xA3, 0x94, 0x4E, 0xD9, 0x9C, 0x6C, 0x4D, 0x2C, 0xBC, 0xCA, 0xB2, 0x62, 0x66, 0x55,
    0x31, 0xAB, 0x18, 0xF8, 0x32, 0x44, 0x75, 0x84, 0xCA, 0x08, 0x55, 0x11, 0x2A, 0x22, 0x54, 0x43,
    0xB8, 0x12, 0x42, 0x15, 0xC4, 0x5E, 0x40, 0x84, 0x7D, 0xCA, 0x47, 0x80, 0xAE, 0xAB, 0xB3, 0x67,
    0x3E, 0x1C, 0x20, 0x08, 0x21, 0x1B, 0x36, 0x5B, 0xE8, 0x4D, 0x9F, 0x7B, 0xA1, 0x76, 0x60, 0xE9,
    0xC0, 0xCA, 0x81, 0x85, 0x03, 0xAD, 0xC0, 0xB2, 0x41, 0x55, 0x03, 0x8B, 0x86, 0xB0, 0x4F, 0x6A,
    0xD6, 0x26, 0xC2, 0x4C, 0xE7, 0x3E, 0x3E, 0xC5, 0x1B, 0x0F, 0xEE, 0x73, 0xF1, 0x1F, 0x82, 0x51,
    0x2B, 0x53, 0x51, 0x85, 0x96, 0xBB, 0x8D, 0xEC, 0xF1, 0x4B, 0x33, 0xBC, 0xAA, 0x46, 0xE9, 0xA0,
    0xC4, 0x5B, 0x99, 0xBA, 0xF2, 0xB1, 0x1D, 0x7C, 0x3D, 0x9A, 0xB4, 0x48, 0x83, 0x0D, 0x4F, 0x11,
    0x93, 0x99, 0x48, 0x39, 0x2F, 0xF8, 0x16, 0xEE, 0xF3, 0x53, 0x64, 0x9F, 0x0C, 0x2E, 0xB4, 0x2B,
    0x68, 0xCA, 0xC0, 0x02, 0x63, 0x75, 0xEE, 0x6E, 0xDC, 0xA3, 0x6A, 0x83, 0xE1, 0x99, 0xFA, 0x09,
    0x5C, 0x72, 0xAE, 0x1C, 0xEE, 0x52, 0x40, 0x67, 0xBD, 0x3D, 0x78, 0xAD, 0xC9, 0x78, 0xA1, 0xBD,
    0x0F, 0x1F, 0xE2, 0x1E, 0x8F, 0xDC, 0x39, 0x85, 0x0F, 0xE6, 0x80, 0x0F, 0x19, 0x01, 0x21, 0x3D,
    0x8D, 0x0F, 0xA9, 0xFB, 0x61, 0xC3, 0x87, 0xE6, 0x34, 0x3E, 0xDC, 0x21, 0x3E, 0x20, 0x23, 0x0D,
    0xAE, 0x82, 0x94, 0xB8, 0x25, 0xBE, 0x17, 0xD8, 0x8E, 0xBF, 0xB6, 0x24, 0x54, 0x12, 0xE4, 0x78,
    0xEA, 0xB8, 0x3C, 0x83, 0x87, 0x2E, 0xEF, 0x0F, 0x7D, 0x85, 0xCA, 0x45, 0x92, 0xEB, 0xE5, 0x5E,
    0x1A, 0x16, 0x52, 0x5D, 0x32, 0x1D, 0xAA, 0xC4, 0x9A, 0x3B, 0x9E, 0x04, 0xDF, 0x3A, 0x7A, 0x35,
    0x75, 0xD7, 0x1D, 0x74, 0xB7, 0xAB, 0x6D, 0x3C, 0x10, 0x1E, 0xBD, 0xA1, 0xEA, 0xBC, 0xEE, 0xBA,
    0x8C, 0x47, 0x2F, 0x39, 0x79, 0xF4, 0xB0, 0xF7, 0x60, 0xDD, 0xAA, 0xF7, 0x48, 0x64, 0xB9, 0xC5,
    0x2D, 0x2E, 0x5B, 0x32, 0x88, 0x6D, 0xBA, 0xAA, 0x4B, 0xBB, 0x95, 0x3E, 0x8D, 0xAF, 0xDF, 0xCA,
    0x9D, 0x73, 0xC7, 0xE4, 0xA1, 0x56, 0x5D, 0xE9, 0x13, 0xAD, 0xBA, 0xAE, 0xE8, 0xB4, 0x59, 0x17,
    0xD2, 0x8D, 0x2B, 0x9B, 0xA9, 0x8C, 0x13, 0x51, 0xFA, 0xA2, 0xD9, 0x23, 0x73, 0xE8, 0x22, 0x73,
    0x4F, 0xDD, 0x44, 0x9D, 0xE8, 0x7F, 0x47, 0x4D, 0xD0, 0x9F, 0xA9, 0x18, 0x6E, 0xC2, 0x61, 0x73,
    0x2A, 0x61, 0x83, 0xB6, 0xB4, 0xFA, 0x6E, 0x83, 0x23, 0x42, 0x7C, 0xA5, 0x66, 0xF9, 0xF7, 0x31,
    0x59, 0x1E, 0x83, 0x64, 0xBF, 0xDA, 0x02, 0x7E, 0xB8, 0x3C, 0x9E, 0x58, 0xEF, 0x12, 0x42, 0xBF,
    0xED, 0xC2, 0x35, 0x00, 0x02, 0x9F, 0x37, 0xC6, 0x1E, 0x54, 0x12, 0x9F, 0x29, 0x3B, 0x4C, 0x34,
    0xC1, 0xB5, 0x6B, 0x2F, 0xBA, 0x74, 0xD2, 0xC1, 0x66, 0xEE, 0xC7, 0xCA, 0x8F, 0xF6, 0xF8, 0xE8,
    0xED, 0xDD, 0x54, 0x9C, 0x65, 0xF0, 0xD9, 0xE7, 0xE0, 0x3D, 0xDB, 0x8D, 0xCD, 0x47, 0x6E, 0x44,
    0x46, 0x49, 0xE3, 0x45, 0x6B, 0x2E, 0x97, 0x4F, 0x66, 0x37, 0x66, 0x2A, 0x68, 0x71, 0x7B, 0xEF,
    0x22, 0x40, 0x73, 0x57, 0xDD, 0x0C, 0x62, 0x89, 0x33, 0xAC, 0x1B, 0x53, 0x3F, 0x66, 0xFF, 0xBE,
    0x76, 0x7D, 0x70, 0x22, 0xE4, 0x44, 0x4C, 0x88, 0xA0, 0x7D, 0x59, 0x23, 0xB3, 0x21, 0x49, 0x36,
    0x2A, 0x20, 0x4F, 0x7C, 0x02, 0x2F, 0x75, 0xE2, 0x23, 0x4C, 0x3A, 0x9C, 0xD2, 0x82, 0xA9, 0xFC,
    0xEF, 0xDB, 0x43, 0xD3, 0x29, 0x88, 0x45, 0x05, 0x50, 0x2D, 0x94, 0xCE, 0x7E, 0x42, 0xB0, 0xE6,
    0x22, 0xDC, 0x49, 0x85, 0xD2, 0x8F, 0x49, 0x31, 0x9D, 0xBE, 0x8D, 0x11, 0xEA, 0x78, 0x60, 0xE0,
    0xDE, 0xCF, 0x08, 0xA2, 0x7D, 0x3B, 0x09, 0x9E, 0x9F, 0x58, 0x37, 0xE6, 0x6E, 0x2C, 0x8B, 0xE3,
    0x77, 0xEC, 0xD1, 0xD1, 0xAF, 0xE1, 0xC1, 0xEE, 0x2C, 0x34, 0x75, 0xA8, 0x53, 0xDF, 0xE0, 0xCE,
    0x0E, 0xD1, 0xBA, 0xFA, 0x1B, 0xE6, 0xFD, 0xD1, 0x42, 0x5C, 0xB8, 0x43, 0xF9, 0xB0, 0x5E, 0x4C,
    0x3D, 0x85, 0xB8, 0x1A, 0x3A, 0xD1, 0xB3, 0x66, 0xB3, 0x67, 0x56, 0xEE, 0x47, 0x21, 0xD2, 0x11,
    0x4B, 0x25, 0x41, 0xAA, 0x13, 0x12, 0x32, 0xDD, 0x02, 0x42, 0x47, 0x13, 0x11, 0xFA, 0x0D, 0xB5,
    0x77, 0x6C, 0xEF, 0xDA, 0x43, 0x42, 0xE8, 0x3A, 0x65, 0x63, 0x89, 0x08, 0x9D, 0x5A, 0x22, 0x34,
    0xCC, 0x85, 0x23, 0x61, 0xEF, 0x00, 0xA1, 0x43, 0x4B, 0x84, 0x8E, 0x67, 0x62, 0x73, 0x3A, 0x92,
    0x16, 0x3D, 0xB1, 0x19, 0xD2, 0xCC, 0xCD, 0x6F, 0x2D, 0x11, 0xFA, 0x8F, 0x33, 0x11, 0x1A, 0x76,
    0x03, 0x42, 0x5B, 0x3A, 0x28, 0x1D, 0x7C, 0x43, 0x68, 0xC9, 0x2C, 0x4D, 0xCD, 0x5A, 0x16, 0x93,
    0xBF, 0x4E, 0x6C, 0xBB, 0xB2, 0x77, 0x56, 0xF5, 0xE1, 0x96, 0xA3, 0x61, 0x33, 0x88, 0xFA, 0x2B,
    0x0A, 0xD2, 0x82, 0xEE, 0x57, 0xDC, 0xE9, 0xAA, 0x31, 0xCD, 0x9F, 0xD4, 0x73, 0x1D, 0x04, 0x29,
    0x3E, 0x43, 0x8A, 0x98, 0x21, 0xC1, 0xD1, 0x2A, 0x60, 0x0C, 0x8E, 0x40, 0xF3, 0xC1, 0x68, 0x9F,
    0xB7, 0xC8, 0x90, 0xBE, 0xB7, 0x20, 0x43, 0x7A, 0x63, 0x64, 0x6D, 0xDA, 0x23, 0x43, 0x82, 0xDA,
    0x07, 0xC0, 0xBE, 0xCF, 0x90, 0xE4, 0x1F, 0x6A, 0x23, 0x14, 0x37, 0xE1, 0x89, 0xDF, 0x60, 0x86,
    0x14, 0x94, 0xCF, 0x69, 0x03, 0x85, 0x02, 0x4F, 0xA1, 0x1C, 0x29, 0x53, 0x8F, 0xED, 0x7D, 0x95,
    0x9D, 0xF5, 0x37, 0x0F, 0xFB, 0x3D, 0x8B, 0x45, 0xC4, 0x79, 0x66, 0xEC, 0xF9, 0xFB, 0x58, 0xAF,
    0xF8, 0x17, 0x96, 0xC8, 0x16, 0x6C, 0x29, 0xB4, 0x3C, 0x49, 0x45, 0x38, 0x3C, 0xBE, 0x4A, 0x82,
    0x51, 0x7E, 0xAF, 0xBF, 0x32, 0xEB, 0xF6, 0xC9, 0xD6, 0x7E, 0x6E, 0x32, 0x73, 0xDF, 0xE7, 0x4C,
    0xD6, 0x62, 0xC9, 0x2A, 0xC4, 0x52, 0x32, 0x8E, 0x1D, 0x2C, 0xEC, 0xF8, 0x8F, 0xA7, 0x91, 0xE0,
    0xD1, 0x6A, 0xF0, 0x6B, 0xE6, 0x5D, 0x6C, 0xED, 0x05, 0x6C, 0xA3, 0xF9, 0x03, 0x5B, 0xC2, 0x13,
    0x50, 0x30, 0x5E, 0x78, 0x32, 0x6E, 0xB9, 0x77, 0x02, 0x1E, 0x8F, 0x29, 0x59, 0x49, 0x30, 0x61,
    0xB3, 0x0F, 0xFE, 0x7D, 0x0C, 0x2C, 0x11, 0x70, 0x7E, 0x2A, 0xA1, 0x46, 0x94, 0xD0, 0x6E, 0x64,
    0xFA, 0x8C, 0x9B, 0x87, 0x0D, 0xE3, 0xF3, 0x0D, 0xB0, 0x5A, 0x41, 0xFF, 0x39, 0xE4, 0x81, 0xA6,
    0xF8, 0x2E, 0x94, 0x51, 0x7C, 0x88, 0xFD, 0x15, 0xC7, 0x80, 0xC1, 0x78, 0xAD, 0x60, 0xF0, 0x57,
    0xE3, 0x53, 0xAF, 0x03, 0x72, 0xF5, 0xBD, 0xA1, 0xBF, 0xD8, 0xD9, 0xE0, 0x26, 0xA6, 0x1A, 0x02,
    0x19, 0xAA, 0x69, 0x81, 0xB2, 0x85, 0x72, 0x83, 0xCE, 0x6E, 0xA4, 0x6D, 0xEE, 0xBA, 0x2C, 0xC6,
    0x63, 0x31, 0x22, 0xE8, 0x25, 0x18, 0xED, 0x97, 0xD6, 0x6C, 0x19, 0xD5, 0x72, 0xB2, 0x98, 0x51,
    0x02, 0xCD, 0xFC, 0x04, 0x08, 0x36, 0xA6, 0x7D, 0xD4, 0x45, 0xFB, 0xEA, 0xC8, 0xA7, 0xAE, 0xB2,
    0x0B, 0xCA, 0xF9, 0x71, 0xAD, 0x98, 0xF8, 0xAD, 0xC6, 0xF5, 0xCF, 0x4F, 0x5F, 0x6C, 0x15, 0xB9,
    0xAE, 0x38, 0xAF, 0xFE, 0x53, 0xEF, 0x71, 0xF7, 0xCD, 0x9A, 0x07, 0xF3, 0x09, 0x31, 0xE4, 0x1F,
    0x15, 0xE3, 0x25, 0xE5, 0x0B, 0xE7, 0x18, 0x64, 0x08, 0x86, 0xC7, 0x27, 0xFD, 0x33, 0x41, 0x6F,
    0x56, 0xA4, 0x93, 0xF6, 0x77, 0xC0, 0xB3, 0x8F, 0x61, 0x99, 0x19, 0x69, 0xE4, 0x18, 0x7A, 0xFF,
    0x2D, 0xDD, 0x8B, 0x2A, 0xBE, 0xED, 0x78, 0xA8, 0xD7, 0x24, 0x84, 0x3E, 0x87, 0x3C, 0xA6, 0x78,
    0x1D, 0xB0, 0xF9, 0x21, 0x44, 0x5A, 0x18, 0xEE, 0xE0, 0xCB, 0xAF, 0x1D, 0xB4, 0xAF, 0x50, 0xC3,
    0x54, 0xF7, 0xCB, 0x5C, 0x28, 0xF5, 0x43, 0x7A, 0xF6, 0x50, 0xD9, 0xC9, 0x86, 0xF3, 0x2D, 0xF8,
    0xBD, 0xFB, 0x3C, 0xA4, 0x96, 0x44, 0x68, 0xEB, 0x8C, 0x3D, 0xF3, 0xB9, 0x79, 0x7E, 0x79, 0xC5,
    0xBC, 0xEA, 0x27, 0x7F, 0x45, 0x6D, 0xBE, 0x2F, 0xF4, 0x0F, 0x19, 0xC6, 0xD5, 0x98, 0x25, 0xE5,
    0xC4, 0xD3, 0x19, 0x59, 0xF5, 0x54, 0xED, 0x6D, 0x81, 0x0A, 0x8F, 0x3B, 0xF2, 0xD5, 0x0B, 0x07,
    0xAF, 0x38, 0x8B, 0x8D, 0x89, 0x80, 0x3A, 0xCD, 0xDE, 0xA7, 0x7B, 0x7D, 0x4C, 0xA4, 0x5A, 0xE0,
    0x64, 0x08, 0x1A, 0x98, 0x25, 0x3F, 0x1D, 0x34, 0x1E, 0x71, 0x77, 0xC2, 0xB5, 0xF1, 0x42, 0x85,
    0x8B, 0x58, 0x2A, 0x4A, 0x07, 0xD6, 0x03, 0x49, 0x9B, 0xB4, 0xF7, 0x05, 0x8D, 0x33, 0xD9, 0xDF,
    0x51, 0x6B, 0xB2, 0xD0, 0x2B, 0x3B, 0x66, 0xB0, 0x3C, 0x9E, 0x08, 0x19, 0xEF, 0x3D, 0x3E, 0x0D,
    0x7E, 0x45, 0xED, 0x9D, 0x9F, 0xF1, 0x15, 0xD1, 0x9F, 0x99, 0x08, 0xCF, 0x28, 0xE7, 0xE2, 0x95,
    0x69, 0xFC, 0xAB, 0x5B, 0xD0, 0x00, 0x32, 0x96, 0x46, 0x2F, 0x88, 0x1A, 0x75, 0xC7, 0x99, 0x05,
    0x02, 0x78, 0xAC, 0x22, 0x96, 0x16, 0xA2, 0x26, 0x92, 0x9D, 0xB8, 0xC5, 0xF9, 0x6B, 0xD1, 0x37,
    0x7B, 0x39, 0xE7, 0x9E, 0xBD, 0xEB, 0x5E, 0x85, 0x2A, 0xDA, 0xA5, 0xF7, 0x11, 0x3E, 0x96, 0xAC,
    0x7A, 0x3D, 0x9D, 0x1B, 0x9E, 0x58, 0xD7, 0x64, 0x42, 0x1E, 0x0C, 0xA8, 0xB4, 0xBF, 0x5F, 0x4C,
    0xF5, 0x1F, 0x5B, 0x6A, 0x85, 0xF9, 0x84, 0x71, 0xA1, 0xF3, 0x68, 0xB6, 0x33, 0x94, 0x83, 0xEB,
    0xEF, 0x48, 0xF1, 0x4A, 0xBD, 0x52, 0x65, 0x17, 0x54, 0xD7, 0x03, 0xE0, 0x46, 0x30, 0x6D, 0x96,
    0xC8, 0x0F, 0x96, 0x08, 0x65, 0x89, 0x5B, 0x27, 0x0C, 0xF1, 0x44, 0xF5, 0x10, 0xAA, 0xBF, 0xC3,
    0x1C, 0x1C, 0x20, 0x5A, 0xAE, 0xE6, 0xB2, 0xAB, 0x86, 0x5D, 0x35, 0xF2, 0x02, 0x42, 0xC4, 0x07,
    0x2A, 0x96, 0xDB, 0x62, 0xBD, 0xAE, 0x32, 0x52, 0x5E, 0xEC, 0xDF, 0xE0, 0x30, 0x71, 0xF9, 0xBC,
    0x8B, 0x69, 0xCC, 0x79, 0xF3, 0xB2, 0x12, 0x24, 0x3E, 0x0D, 0xA7, 0xCB, 0xE6, 0x82, 0x80, 0xCA,
    0xE6, 0xEB, 0x15, 0xF3, 0xE3, 0xC3, 0x1B, 0xC1, 0x27, 0xD6, 0xF0, 0x3B, 0x99, 0x45, 0xD8, 0xCF,
    0xC8, 0x22, 0xD2, 0x12, 0x61, 0x90, 0x31, 0x53, 0x81, 0xB3, 0x7E, 0x60, 0xD2, 0x31, 0x23, 0x44,
    0x01, 0x53, 0xE6, 0x48, 0xAD, 0x50, 0x0A, 0x5D, 0x5F, 0x8D, 0x5E, 0x20, 0x86, 0xAA, 0x2E, 0xD5,
    0x02, 0x0A, 0x5E, 0xF4, 0xB6, 0x70, 0xDD, 0x50, 0x5A, 0xC3, 0x34, 0xFC, 0xD3, 0x85, 0x5B, 0xBE,
    0xDC, 0x38, 0x03, 0x6A, 0x62, 0x96, 0x13, 0xB8, 0x06, 0x4A, 0x9B, 0x0C, 0x19, 0x90, 0x30, 0x6E,
    0x1F, 0x49, 0x5F, 0xF4, 0xC2, 0xB1, 0xFA, 0xA1, 0x2E, 0x63, 0x56, 0xAA, 0xDC, 0x16, 0xF7, 0x7E,
    0x08, 0x02, 0xD8, 0xA9, 0xB1, 0xE5, 0xC0, 0x35, 0x38, 0x55, 0x91, 0xE9, 0x4F, 0x0D, 0x72, 0x7B,
    0x4F, 0xB5, 0x35, 0x63, 0x05, 0x27, 0xC9, 0x85, 0xC6, 0x5F, 0x57, 0x0F, 0xA1, 0x51, 0x02, 0xD3,
    0xAB, 0xB9, 0x75, 0x85, 0x1C, 0xBE, 0x68, 0xBA, 0x66, 0xBD, 0x29, 0xBF, 0x26, 0xF0, 0xF1, 0xC5,
    0xB4, 0x7A, 0x9B, 0x32, 0x82, 0xEB, 0x8B, 0xAD, 0x4A, 0xF8, 0x8D, 0x6F, 0x0E, 0xE9, 0xBB, 0xF0,
    0xC6, 0xF6, 0xE7, 0x1C, 0x44, 0x77, 0xDB, 0xE1, 0xC1, 0x21, 0x1B, 0xB3, 0x29, 0xEF, 0xC3, 0x21,
    0x17, 0xAA, 0x73, 0x0F, 0x3D, 0x37, 0xCD, 0x12, 0xBB, 0x77, 0xAF, 0xF7, 0xB2, 0xF9, 0x69, 0xAA,
    0xB8, 0xC6, 0x35, 0xC6, 0x73, 0xB1, 0x8B, 0x6A, 0xF7, 0x5A, 0xD9, 0xA4, 0xAD, 0x3B, 0x56, 0xCD,
    0xE4, 0xDA, 0xCD, 0x4C, 0xF0, 0x99, 0x32, 0xA9, 0x54, 0x6A, 0x55, 0x95, 0x3C, 0x7B, 0x0D, 0x59,
    0x24, 0x11, 0x7F, 0x22, 0x99, 0xC5, 0x7D, 0x1B, 0xD5, 0xFA, 0x0D, 0xBF, 0xD3, 0x47, 0x41, 0xCC,
    0xFE, 0xF7, 0x29, 0xC1, 0xB2, 0x69, 0x23, 0x70, 0xCD, 0xCC, 0xFD, 0x3D, 0x32, 0x55, 0xC2, 0x32,
    0xD4, 0x1E, 0xAE, 0x8B, 0xF6, 0x6D, 0xB6, 0x61, 0x88, 0x47, 0x04, 0x35, 0xD7, 0x57, 0x7B, 0xA0,
    0xEB, 0x9F, 0xAE, 0x09, 0x5E, 0xD9, 0xAD, 0x01, 0xE7, 0xBD, 0xAE, 0xD6, 0x5F, 0xAC, 0xE8, 0x3D,
    0x35, 0x2F, 0xD6, 0xE5, 0x89, 0x47, 0x21, 0xBE, 0x21, 0xC4, 0xFA, 0xFF, 0x03, 0x55, 0x90, 0x31,
    0x4E, 0x03, 0x31, 0x10, 0x45, 0x7F, 0xD6, 0x09, 0x91, 0x70, 0x61, 0x6A, 0x9A, 0xB4, 0x54, 0xD9,
    0x0B, 0xB0, 0x9A, 0xE5, 0x04, 0xC9, 0x31, 0x38, 0x44, 0x12, 0x6F, 0xE0, 0x02, 0x39, 0x02, 0x35,
    0x27, 0xA0, 0x88, 0xB0, 0xA5, 0x5C, 0x60, 0x3B, 0x5A, 0x0B, 0xD1, 0xE3, 0xC2, 0x12, 0x2E, 0xBC,
    0x1E, 0xBC, 0x24, 0x0D, 0x96, 0xAC, 0x91, 0xAD, 0x19, 0xFD, 0x37, 0x6F, 0x0A, 0x0D, 0xD3, 0x53,
    0x90, 0x09, 0x47, 0xAC, 0x45, 0x90, 0x51, 0xF9, 0xDA, 0x52, 0xDB, 0x00, 0xA8, 0x06, 0x48, 0x46,
    0xCD, 0x96, 0x56, 0x6E, 0x23, 0x1C, 0xCE, 0x47, 0x06, 0xD5, 0x12, 0x2B, 0x6B, 0x98, 0x6D, 0xAE,
    0xB9, 0xDB, 0x8A, 0x8C, 0x69, 0xF9, 0x27, 0x66, 0xE8, 0x72, 0xC7, 0x7A, 0x8F, 0x46, 0xB7, 0x99,
    0x38, 0x29, 0x0E, 0x15, 0x77, 0xD4, 0x69, 0xAB, 0x2D, 0x75, 0xF4, 0x90, 0xF4, 0x69, 0xD0, 0xA7,
    0x4C, 0xFB, 0xB4, 0x38, 0x98, 0xC0, 0xE9, 0x26, 0x21, 0x0A, 0x2F, 0x7A, 0x60, 0xD2, 0x42, 0xA5,
    0x32, 0x8C, 0x6D, 0x8D, 0x4D, 0x49, 0xD0, 0xA8, 0x33, 0x64, 0x1C, 0x13, 0xE7, 0x6E, 0xA7, 0x3C,
    0xD7, 0x9F, 0x99, 0x9E, 0x63, 0x33, 0xF6, 0xA2, 0xA9, 0x1C, 0xAD, 0x7C, 0x21, 0x53, 0xDC, 0x8A,
    0xA1, 0xC4, 0xB7, 0xD0, 0x22, 0xC0, 0x7C, 0x0C, 0xA0, 0x1F, 0xEE, 0x64, 0xD2, 0x3D, 0x8E, 0xD2,
    0x96, 0xE8, 0x02, 0x50, 0x30, 0x0A, 0x4C, 0x33, 0x0E, 0x29, 0x4F, 0x7D, 0xD9, 0x17, 0x26, 0x9A,
    0x48, 0xFE, 0xAA, 0xC3, 0x4B, 0x15, 0x45, 0x9C, 0x47, 0xE3, 0x8D, 0x33, 0xDD, 0x23, 0x96, 0xED,
    0x1F, 0xA8, 0x9D, 0x61, 0x89, 0xB7, 0x0B, 0xEA, 0xD3, 0x30, 0xC3, 0x5A, 0xBA, 0x3A, 0x52, 0xA2,
    0x01, 0xA9, 0x4A, 0x2A, 0x2C, 0xDC, 0x35, 0x84, 0x97, 0x6E, 0x51, 0x5A, 0x75, 0x57, 0x5F, 0xC4,
    0x98, 0xD1, 0x16, 0x7D, 0x95, 0x8A, 0x0C, 0xB0, 0xC6, 0x28, 0xA3, 0xEC, 0x10, 0x80, 0x35, 0x8A,
    0xA4, 0xC2, 0x4A, 0xDF, 0x56, 0x4B, 0x77, 0x37, 0x19, 0x77, 0xD8, 0x62, 0xA7, 0xF7, 0x67, 0x47,
    0x7E, 0xF2, 0xDE, 0xE2, 0x9F, 0xC2, 0x7C, 0x7E, 0x7A, 0xCD, 0x91, 0x38, 0xDC, 0xBE, 0x1E, 0x7E,
    0x01, 0xD5, 0x5A, 0x3D, 0x73, 0xDC, 0xC6, 0x19, 0x7E, 0x01, 0x50, 0x42, 0x14, 0x14, 0xB8, 0xC2,
    0x99, 0x49, 0x07, 0xFD, 0x02, 0xE1, 0x0F, 0x98, 0x02, 0x66, 0x32, 0x93, 0x26, 0x85, 0x58, 0xC4,
    0xFF, 0x40, 0x9D, 0xFF, 0x02, 0xAD, 0xC3, 0xA4, 0x75, 0x61, 0xD5, 0x71, 0xC3, 0x42, 0x95, 0x1B,
    0xB5, 0x2C, 0x64, 0x02, 0x19, 0x57, 0x99, 0x34, 0x18, 0xBB, 0xF2, 0xB8, 0xB9, 0x38, 0xAE, 0xD2,
    0x64, 0x1D, 0xA1, 0x00, 0x67, 0x00, 0xAC, 0x9F, 0xE7, 0x5D, 0xE0, 0xEE, 0x68, 0x91, 0x12, 0x6D,
    0x8B, 0xB8, 0xBB, 0xBB, 0xC1, 0xCB, 0xE3, 0x1D, 0xB0, 0xFB, 0xEE, 0xB3, 0xCF, 0xBE, 0x5F, 0xBB,
    0x22, 0x0F, 0x84, 0xAF, 0xAC, 0xA0, 0x2C, 0x2B, 0x4A, 0x5B, 0x43, 0x78, 0xD6, 0x40, 0x06, 0x2A,
    0x43, 0xDB, 0x42, 0x46, 0xB6, 0x83, 0x8C, 0x5F, 0x0F, 0x90, 0xE9, 0xF7, 0x96, 0x0F, 0x55, 0x36,
    0x17, 0x59, 0x56, 0x7C, 0xCC, 0xE6, 0x19, 0xA5, 0x64, 0x2B, 0xF1, 0x07, 0x49, 0x0C, 0x1E, 0xB5,
    0xB6, 0xC1, 0xA3, 0x16, 0x8F, 0xC5, 0x2A, 0x13, 0xC8, 0x41, 0xD2, 0x5A, 0x6F, 0xE3, 0xCD, 0x45,
    0x59, 0xF0, 0x71, 0xD7, 0xD4, 0x33, 0xC8, 0x44, 0xB5, 0xD8, 0xE8, 0xB3, 0xAC, 0x36, 0x32, 0xCB,
    0xA7, 0xDF, 0xD2, 0x21, 0xAE, 0x3D, 0x6B, 0xFF, 0x67, 0xD8, 0xB8, 0x89, 0xED, 0x4B, 0x6B, 0xB2,
    0x06, 0xFA, 0x66, 0xB5, 0x64, 0x06, 0xBA, 0xA4, 0xA6, 0xCC, 0xA1, 0x01, 0x74, 0x8B, 0x9D, 0xD0,
    0x7F, 0xD1, 0x57, 0x6A, 0xD0, 0x6D, 0x66, 0x32, 0x23, 0xD6, 0x24, 0xC3, 0xE7, 0xD6, 0x44, 0x6C,
    0xC0, 0x67, 0x53, 0xB2, 0xB4, 0x51, 0x25, 0xDE, 0x09, 0xDB, 0x3F, 0xC7, 0xE5, 0x73, 0x94, 0x3E,
    0x35, 0xF3, 0xF8, 0x49, 0xFE, 0x4A, 0x71, 0x21, 0x0A, 0x49, 0xA5, 0x72, 0xC5, 0x7F, 0xFE, 0xA4,
    0x32, 0x24, 0x60, 0x12, 0xAB, 0xCA, 0xB1, 0x6C, 0x5E, 0x7B, 0x09, 0xAD, 0xCF, 0x0E, 0x13, 0xED,
    0x89, 0xBF, 0x1E, 0xA5, 0xAA, 0x23, 0xC5, 0xAB, 0x69, 0xF0, 0xB2, 0x98, 0x01, 0x65, 0x8C, 0x5A,
    0x21, 0x49, 0x57, 0x13, 0x30, 0x8F, 0x02, 0x8E, 0xD9, 0x7E, 0xD3, 0x12, 0x9C, 0x1F, 0xF3, 0x35,
    0x2C, 0xF5, 0x85, 0x62, 0xF9, 0xBB, 0xBD, 0x85, 0x14, 0xAF, 0xE7, 0xEC, 0xBE, 0x61, 0xBF, 0xEC,
    0x3C, 0xA6, 0x1E, 0x69, 0x25, 0x7E, 0x07, 0xD6, 0xC6, 0xF6, 0x98, 0x58, 0xF3, 0xE1, 0x18, 0xAD,
    0x9D, 0x06, 0xF5, 0x16, 0x45, 0x66, 0x80, 0x59, 0x19, 0xAA, 0x20, 0xC7, 0xAD, 0xC2, 0xCE, 0x11,
    0x00, 0x31, 0x87, 0x3E, 0xE5, 0x23, 0x6F, 0x0D, 0xA4, 0x83, 0xF0, 0x60, 0x80, 0x3F, 0x52, 0xFB,
    0x40, 0xCB, 0x50, 0x52, 0x9B, 0x4C, 0x15, 0xE8, 0x41, 0xF2, 0x1E, 0x64, 0x8E, 0xAD, 0xEC, 0x12,
    0xF8, 0x48, 0x31, 0xCF, 0x3A, 0x95, 0x6A, 0x44, 0xE4, 0x31, 0xC1, 0xD6, 0x75, 0x66, 0x6B, 0x65,
    0xB9, 0x31, 0x87, 0xC4, 0xF2, 0x8B, 0xC9, 0xFC, 0x05, 0x54, 0xC7, 0x53, 0x3C, 0x31, 0x5E, 0xBF,
    0x8F, 0x73, 0x68, 0x92, 0xE0, 0x5E, 0xFE, 0x98, 0x3D, 0xC1, 0xC0, 0x3F, 0xF4, 0x57, 0x73, 0x12,
    0x3C, 0x5A, 0xD1, 0xFA, 0x66, 0x43, 0x8C, 0xFE, 0x4B, 0x4B, 0x2D, 0x2E, 0x96, 0x94, 0xCF, 0x02,
    0x0E, 0xE4, 0x8F, 0x8F, 0xF2, 0x43, 0x25, 0xB8, 0xF2, 0xBB, 0x38, 0x85, 0x1A, 0xED, 0x33, 0x36,
    0x35, 0x48, 0xF0, 0xA3, 0xED, 0xC5, 0x37, 0x09, 0x8C, 0x8D, 0x8E, 0xCA, 0xEF, 0x65, 0x4D, 0x75,
    0x34, 0xB6, 0x7C, 0xA2, 0x54, 0x9F, 0x0B, 0xFD, 0x47, 0x72, 0xA8, 0xC8, 0xDE, 0x10, 0x61, 0x28,
    0x9C, 0x6A, 0x22, 0x37, 0x64, 0x3E, 0x5E, 0x93, 0x79, 0xB7, 0xF1, 0x87, 0xDA, 0x0F, 0xE0, 0xA6,
    0x16, 0x5D, 0x65, 0xD2, 0xAD, 0x8D, 0xB8, 0xDC, 0xD3, 0x8F, 0x92, 0xE8, 0x17, 0xA5, 0x92, 0x62,
    0xD0, 0x1B, 0xF5, 0x9E, 0xB2, 0xDE, 0xF3, 0xB8, 0xE4, 0x26, 0x1F, 0x3A, 0xCE, 0xCB, 0xB1, 0x02,
    0x73, 0x2A, 0x32, 0xF8, 0xD0, 0x69, 0x49, 0xF5, 0x52, 0x6A, 0x1A, 0xDA, 0x62, 0x4E, 0x43, 0xE3,
    0xD4, 0xCD, 0xCC, 0x06, 0x7C, 0x37, 0x11, 0xB2, 0xDC, 0xF8, 0xA3, 0xC3, 0x9D, 0x83, 0xA3, 0xF5,
    0x32, 0x58, 0x5E, 0x71, 0xA7, 0x2E, 0x36, 0x3C, 0x25, 0xFC, 0xA5, 0x87, 0xFF, 0x33, 0xEA, 0x94,
    0x50, 0x49, 0x7F, 0x36, 0xF8, 0x7F, 0x61, 0xF0, 0x7D, 0xB8, 0x93, 0xA0, 0x01, 0x7A, 0xEC, 0x2C,
    0x10, 0xE7, 0x24, 0xCE, 0x75, 0x38, 0x78, 0x7D, 0x82, 0xAB, 0x3D, 0x3D, 0x1F, 0xD7, 0x40, 0x49,
    0xCD, 0x32, 0x42, 0x11, 0xDA, 0x7C, 0xF6, 0x90, 0xF2, 0x1D, 0x1E, 0x57, 0x0E, 0xDD, 0x18, 0x51,
    0x9B, 0xBC, 0xA5, 0x02, 0x1D, 0x7A, 0xC6, 0xD3, 0xD1, 0xF7, 0x10, 0xE1, 0x8A, 0x4B, 0x5F, 0xFD,
    0xC4, 0xCA, 0x43, 0x1F, 0x5D, 0x68, 0xA0, 0x29, 0x95, 0x2C, 0x39, 0xF8, 0x64, 0x98, 0x75, 0x0E,
    0x0E, 0x18, 0xDF, 0x1B, 0xBC, 0x6F, 0x43, 0xE7, 0xD7, 0x07, 0x50, 0x84, 0x8D, 0x3B, 0x76, 0x47,
    0x6B, 0x76, 0xEF, 0xC8, 0xF1, 0xDE, 0xFB, 0xE8, 0xA3, 0x93, 0xCC, 0xDA, 0x1E, 0x34, 0xB7, 0xB8,
    0x86, 0xF2, 0xBF, 0x5F, 0xBC, 0x20, 0x24, 0x6F, 0x5C, 0xD6, 0xD6, 0xB8, 0xCC, 0x78, 0xAD, 0xAE,
    0xBD, 0xC7, 0xDD, 0xD7, 0x69, 0x3B, 0x68, 0x2F, 0xB3, 0x6E, 0xC6, 0x24, 0xA9, 0x5D, 0x2A, 0xCC,
    0x2B, 0x9E, 0xA6, 0x2F, 0xD5, 0x84, 0x18, 0x73, 0x14, 0x3A, 0x94, 0x5F, 0x5A, 0x0C, 0xC5, 0xD3,
    0xA9, 0x28, 0xAB, 0x65, 0x01, 0x54, 0xD9, 0x46, 0x6D, 0x27, 0x51, 0x41, 0xB5, 0x2F, 0xDC, 0x2C,
    0x67, 0x6A, 0xC0, 0x1B, 0x04, 0x68, 0x89, 0xFD, 0xBB, 0x25, 0x85, 0x2D, 0x99, 0xDA, 0xB3, 0xD1,
    0xD5, 0x18, 0x50, 0xF8, 0x3F, 0x90, 0x02, 0xEC, 0x3F, 0xEC, 0xA6, 0x4F, 0x42, 0x24, 0x22, 0x3C,
    0xBC, 0x04, 0x27, 0x4A, 0x7C, 0xB3, 0xA0, 0xE9, 0xC7, 0x5F, 0x9F, 0xD6, 0xDE, 0xC5, 0x41, 0x77,
    0x0E, 0x88, 0xA6, 0x4E, 0x9A, 0x39, 0x69, 0xE2, 0x74, 0xF4, 0x78, 0xB2, 0x7E, 0xA2, 0x19, 0xAC,
    0x99, 0xF4, 0xBC, 0x63, 0x7C, 0x94, 0x04, 0x1E, 0xC8, 0xF2, 0x75, 0x0B, 0x86, 0xB7, 0xF1, 0x77,
    0x20, 0x5D, 0x55, 0xAE, 0xFC, 0xDC, 0x9B, 0x87, 0x13, 0xD7, 0x59, 0xA0, 0x60, 0x6D, 0x81, 0x66,
    0xA1, 0xC8, 0xE8, 0xFA, 0x03, 0x4E, 0x43, 0xDC, 0xCB, 0xFD, 0x15, 0xEE, 0x4F, 0x5A, 0xAC, 0xDE,
    0xE5, 0xF0, 0x01, 0xFB, 0x2D, 0x24, 0x68, 0x13, 0xAC, 0x9F, 0xC2, 0x2F, 0x14, 0x13, 0x21, 0x28,
    0x1C, 0x8D, 0xA5, 0x18, 0x84, 0xB8, 0xB8, 0xDE, 0xAE, 0x15, 0x50, 0x8A, 0xC2, 0xAC, 0xC5, 0xEA,
    0x2D, 0x37, 0x8F, 0x4F, 0x74, 0x63, 0xCB, 0xEC, 0x63, 0x82, 0xCA, 0xA3, 0x39, 0x09, 0xCD, 0x3A,
    0x6C, 0x5C, 0x39, 0x13, 0x13, 0xB6, 0x25, 0x8D, 0xF2, 0x2B, 0x5A, 0x12, 0x7C, 0x33, 0x30, 0x9C,
    0x6C, 0xC3, 0xEA, 0x8A, 0xB3, 0xBC, 0x73, 0xFC, 0x74, 0xF5, 0x78, 0xDA, 0x0D, 0xD7, 0x78, 0xA3,
    0x41, 0xEE, 0x7D, 0xDC, 0x90, 0x80, 0xCC, 0xCB, 0x41, 0x51, 0x24, 0x88, 0xC4, 0xF0, 0xEE, 0x69,
    0xF5, 0x01, 0x15, 0x52, 0xCB, 0xA6, 0xA1, 0xD4, 0x52, 0x31, 0xC3, 0xF7, 0xE1, 0x65, 0x3B, 0xFA,
    0xAF, 0x5D, 0x41, 0xF5, 0x0E, 0xA3, 0xB3, 0x7E, 0xED, 0x0C, 0x3A, 0x46, 0xBE, 0x2E, 0xDF, 0x88,
    0x88, 0x9D, 0xA7, 0xF5, 0x4B, 0x44, 0x41, 0x41, 0x87, 0xE8, 0x2C, 0x1E, 0x8E, 0x09, 0x1D, 0x10,
    0x2A, 0xB1, 0x1E, 0xE4, 0x7C, 0x0D, 0xDD, 0x8E, 0x6C, 0xD4, 0x9F, 0xFF, 0xBD, 0x23, 0x94, 0x9C,
    0xDD, 0x3A, 0x77, 0x76, 0x2B, 0xDC, 0xB2, 0x5B, 0xE9, 0x64, 0xB7, 0x42, 0x0D, 0x70, 0x1D, 0xD5,
    0x88, 0xCD, 0x55, 0xAA, 0xDD, 0x31, 0x5E, 0x3B, 0x63, 0xCF, 0x35, 0x3E, 0x5E, 0x1D, 0xAE, 0x46,
    0xFA, 0xD7, 0x11, 0x67, 0x97, 0x11, 0x40, 0xB4, 0xCA, 0xBA, 0x6C, 0x80, 0xDF, 0x7D, 0x05, 0x8F,
    0x4B, 0x13, 0x91, 0x07, 0x4D, 0xD4, 0xDD, 0xF2, 0xDD, 0x06, 0x26, 0x79, 0x5E, 0x36, 0xB6, 0x5B,
    0x74, 0x82, 0xCF, 0x2C, 0x13, 0x86, 0x55, 0x6C, 0xDE, 0xFE, 0x8E, 0xEA, 0x23, 0x84, 0x80, 0x65,
    0x75, 0xCB, 0x77, 0x91, 0xA9, 0x85, 0xE7, 0xE7, 0x2C, 0xCF, 0x8A, 0xAC, 0xC2, 0x5B, 0x43, 0xCA,
    0x44, 0xF4, 0xF3, 0x5B, 0xDE, 0x29, 0x10, 0xFD, 0x7D, 0x91, 0xD5, 0x78, 0x57, 0xAC, 0x99, 0x7C,
    0xFC, 0x42, 0x83, 0x5F, 0xAE, 0xEB, 0x8C, 0x51, 0xA7, 0xA7, 0x61, 0x6C, 0x60, 0x2F, 0x5F, 0xDA,
    0x1C, 0x93, 0xE3, 0xDB, 0x8A, 0x89, 0x7E, 0xA9, 0x7E, 0x17, 0x31, 0xA4, 0xF2, 0x87, 0x21, 0x6B,
    0xDC, 0x11, 0xE6, 0xA8, 0xB3, 0x5B, 0xB2, 0x5C, 0xCB, 0xB8, 0x63, 0x0A, 0x1D, 0xB7, 0x7C, 0x2A,
    0x69, 0x68, 0xF5, 0x33, 0x43, 0x3B, 0x6B, 0x57, 0x91, 0x2D, 0x42, 0x5B, 0x31, 0x7C, 0xB6, 0x9C,
    0x5A, 0x72, 0x23, 0xB5, 0x2E, 0x97, 0xD6, 0x48, 0xF7, 0x9E, 0x2E, 0x92, 0x58, 0xAD, 0x5E, 0x6A,
    0x36, 0x72, 0x1D, 0x15, 0x62, 0x3E, 0x19, 0x63, 0x73, 0x51, 0xB1, 0x0D, 0x92, 0xA2, 0x4A, 0x5B,
    0x78, 0x17, 0xE8, 0x96, 0x19, 0xA8, 0x16, 0x33, 0xE6, 0x8D, 0x1B, 0xB4, 0x16, 0xB5, 0x2A, 0xF8,
    0x6F, 0x0B, 0xAD, 0xE2, 0x06, 0xA4, 0x40, 0x30, 0xDC, 0x60, 0x38, 0xB1, 0xFD, 0xDC, 0x56, 0xE1,
    0x48, 0x8A, 0xEE, 0x8A, 0x49, 0x39, 0x9F, 0x3C, 0xBE, 0x0A, 0xAD, 0x88, 0x69, 0xB8, 0x25, 0xA9,
    0x42, 0xAC, 0x39, 0x83, 0x68, 0xCE, 0x20, 0x0B, 0x95, 0xBE, 0x7E, 0xE3, 0x8A, 0x8E, 0xC1, 0x16,
    0x7F, 0xF7, 0x12, 0xDA, 0x9F, 0xE7, 0xD7, 0x49, 0x3E, 0x6D, 0x80, 0x69, 0x84, 0x79, 0x3A, 0x6D,
    0x80, 0xDD, 0x35, 0xCA, 0x13, 0x6C, 0x6E, 0x57, 0x06, 0x77, 0x4B, 0x54, 0xB0, 0xCB, 0xCC, 0x10,
    0x75, 0xDB, 0x9D, 0xA8, 0xDA, 0x5C, 0x9A, 0x0D, 0xA9, 0xED, 0xE7, 0xF7, 0xF7, 0x16, 0xD2, 0x91,
    0x1F, 0x41, 0xBB, 0xB6, 0xEE, 0x1A, 0x85, 0xD5, 0xE0, 0x4E, 0xC6, 0xAD, 0x81, 0xC7, 0xD7, 0x6F,
    0x0D, 0xCC, 0x42, 0xE6, 0xF1, 0xF5, 0xA5, 0x2B, 0x54, 0xBB, 0x8D, 0x00, 0xB7, 0xB6, 0x34, 0xE9,
    0xFD, 0x5B, 0xAB, 0xF5, 0xBC, 0x85, 0x42, 0x2E, 0x07, 0x04, 0xF9, 0x56, 0xAD, 0x6E, 0x35, 0xD5,
    0xEA, 0x42, 0xDD, 0xFA, 0xFA, 0xF2, 0x8D, 0x02, 0xF6, 0xDC, 0x90, 0x87, 0x3F, 0x28, 0xC0, 0x6A,
    0x38, 0x34, 0x9C, 0x94, 0xA3, 0x6C, 0x5D, 0xC0, 0x4E, 0x56, 0x9A, 0xD8, 0xB5, 0xAC, 0xF4, 0xD2,
    0x1B, 0xC1, 0xEB, 0x94, 0x6A, 0x3D, 0x92, 0x3D, 0x37, 0x1C, 0x57, 0x36, 0xC0, 0x56, 0x53, 0x01,
    0x32, 0x04, 0xCB, 0x07, 0x44, 0x81, 0x91, 0x7D, 0x32, 0x41, 0xFE, 0x99, 0xEE, 0x19, 0x98, 0x39,
    0x09, 0xEE, 0xF7, 0xEC, 0x2F, 0xB6, 0x5F, 0x35, 0xEC, 0x90, 0xB5, 0x93, 0xE4, 0x3B, 0xEA, 0x8F,
    0x58, 0x10, 0xBD, 0xFB, 0xD1, 0x56, 0xD9, 0xFA, 0xB0, 0x68, 0xEE, 0x0A, 0x44, 0xC7, 0xDC, 0x00,
    0x5B, 0x3A, 0x04, 0x83, 0x06, 0x6A, 0xF9, 0x86, 0x41, 0xDC, 0x89, 0xBC, 0x73, 0xC7, 0xE6, 0xAE,
    0xD1, 0x3F, 0x5C, 0x64, 0x6F, 0x88, 0x30, 0x3C, 0x57, 0x47, 0xCC, 0xC9, 0x26, 0xC2, 0xF9, 0xA9,
    0xD9, 0x26, 0xF3, 0x6E, 0xE3, 0x8F, 0xB1, 0xCC, 0xAF, 0x05, 0x43, 0xCF, 0xFE, 0x93, 0xA8, 0x0E,
    0x34, 0x2C, 0x91, 0xA1, 0x21, 0xF4, 0x72, 0xDA, 0x91, 0x8F, 0x11, 0x22, 0x13, 0x6C, 0xDD, 0xA6,
    0x40, 0x90, 0xB2, 0x1F, 0x60, 0x7B, 0xB9, 0xAA, 0x39, 0xB9, 0x46, 0x8D, 0xCD, 0x97, 0xC5, 0x19,
    0x12, 0x6D, 0xEE, 0x78, 0xB5, 0xEA, 0x39, 0xA3, 0x86, 0x4B, 0xD7, 0xB0, 0x91, 0x15, 0xDB, 0x2B,
    0xEE, 0xC8, 0x56, 0xFC, 0xEC, 0x30, 0xC8, 0x03, 0x3D, 0x0C, 0x42, 0x18, 0x93, 0x4A, 0x61, 0x94,
    0xBD, 0x85, 0x91, 0x5E, 0x5A, 0x94, 0x0E, 0xBA, 0xED, 0x84, 0x71, 0x9D, 0xA1, 0x5B, 0x20, 0xE8,
    0x35, 0x73, 0x21, 0x78, 0x73, 0x08, 0xFC, 0x40, 0x9D, 0x58, 0xA6, 0x21, 0xB0, 0x3B, 0xAC, 0xB6,
    0xB7, 0x38, 0x86, 0xCD, 0xE4, 0x9E, 0xD5, 0x3B, 0x3B, 0xE7, 0xFC, 0x18, 0x60, 0x4A, 0x47, 0x3A,
    0x2A, 0x98, 0x8B, 0xB9, 0xE8, 0x18, 0x35, 0x2C, 0xA4, 0x64, 0xF6, 0x2F, 0xB5, 0x42, 0xC4, 0x2A,
    0x50, 0x6A, 0xBF, 0xC5, 0x67, 0xDF, 0x2E, 0x85, 0x27, 0x08, 0xF6, 0x1C, 0x4C, 0x57, 0xF1, 0x28,
    0x5E, 0x41, 0x8F, 0xA6, 0x67, 0x9E, 0x0E, 0xF1, 0x7F, 0xDB, 0x9D, 0x05, 0x26, 0x7D, 0xDD, 0x48,
    0x2E, 0xF3, 0xAD, 0xED, 0x71, 0xAB, 0x47, 0x36, 0xC7, 0x25, 0xF7, 0x17, 0xB4, 0x9B, 0xF3, 0xDB,
    0xB3, 0xE9, 0x18, 0xC0, 0x4C, 0xC0, 0x79, 0x2F, 0xA6, 0xCA, 0x47, 0x70, 0xA5, 0x06, 0xC2, 0x00,
    0xFB, 0x04, 0x30, 0xFA, 0x5D, 0xC9, 0x1A, 0x1F, 0xDA, 0xFB, 0x6D, 0x62, 0x49, 0x01, 0x85, 0xA2,
    0x0E, 0x98, 0x01, 0xB2, 0x41, 0x4A, 0xC3, 0x8D, 0xB3, 0x5A, 0x87, 0x25, 0x3A, 0x41, 0x89, 0x6A,
    0xB5, 0x98, 0x6A, 0xB4, 0x7A, 0xD4, 0xC3, 0x9D, 0xF7, 0xE8, 0xF5, 0x08, 0xC4, 0x39, 0xE6, 0xAB,
    0xC7, 0x35, 0xBC, 0xF3, 0xCA, 0x83, 0xDE, 0x16, 0x41, 0x5F, 0x56, 0xE8, 0xEE, 0xB2, 0x6C, 0x39,
    0x03, 0xE0, 0x40, 0xED, 0x71, 0x9B, 0xF0, 0x1E, 0x2B, 0x3C, 0xCF, 0x85, 0xBB, 0x78, 0x7A, 0xD1,
    0x25, 0xD1, 0x41, 0x6D, 0x32, 0xE3, 0x98, 0xF6, 0xD5, 0x53, 0x6F, 0xAB, 0xE9, 0xB1, 0x6E, 0xC0,
    0x7C, 0xB8, 0x75, 0x4A, 0x60, 0x37, 0xC0, 0x4C, 0x27, 0x30, 0x4A, 0xE3, 0x8C, 0x2F, 0x4D, 0xAF,
    0xD7, 0xB8, 0xCA, 0xC3, 0x58, 0x77, 0x78, 0xAF, 0x20, 0x8D, 0x67, 0x62, 0x03, 0x75, 0x39, 0x60,
    0xF7, 0x19, 0xF3, 0x74, 0x8F, 0xE7, 0x4F, 0x72, 0x5F, 0x6B, 0xE9, 0x41, 0x47, 0x30, 0xCA, 0x86,
    0x68, 0x58, 0xD2, 0x10, 0xD9, 0x81, 0x8E, 0x49, 0xDE, 0x97, 0x54, 0x70, 0x44, 0xD1, 0x11, 0x85,
    0x47, 0x14, 0x1F, 0xDD, 0x72, 0xAD, 0xC5, 0x21, 0xE4, 0x20, 0xDA, 0xC2, 0x68, 0x7D, 0x1A, 0x48,
    0xEB, 0x80, 0xD5, 0x98, 0xF8, 0x22, 0xB2, 0x7B, 0xCA, 0x45, 0xC5, 0x62, 0xAC, 0xE7, 0xA8, 0x7E,
    0xCC, 0x72, 0x3B, 0x6D, 0x80, 0xA1, 0xA8, 0x09, 0x8A, 0xDC, 0x46, 0x00, 0x38, 0x21, 0x72, 0x42,
    0xE8, 0x84, 0xD8, 0xB9, 0x35, 0x4E, 0xF4, 0x44, 0xE1, 0x1B, 0xF1, 0xDB, 0xB2, 0x48, 0xE3, 0x36,
    0x6F, 0xC3, 0x15, 0x0E, 0x2C, 0xA9, 0x41, 0x2F, 0xBE, 0xAE, 0xB6, 0xBD, 0x85, 0x31, 0x5F, 0xDB,
    0x22, 0x0D, 0x47, 0x71, 0xD3, 0x53, 0xA6, 0xDB, 0x1D, 0xB2, 0xBE, 0x99, 0x10, 0xD4, 0x4D, 0x87,
    0x71, 0x0F, 0x5C, 0x03, 0xF2, 0x71, 0xDF, 0x81, 0xA1, 0xF0, 0x19, 0x8F, 0x00, 0x50, 0x8F, 0xE3,
    0x7D, 0xC7, 0x91, 0x95, 0x6F, 0xE8, 0x35, 0xE5, 0x48, 0x8B, 0xCE, 0xED, 0xE5, 0x82, 0x8E, 0x86,
    0x74, 0xAC, 0x67, 0xA5, 0x63, 0x5A, 0xA7, 0xAA, 0x08, 0x50, 0xA2, 0x2F, 0xCC, 0xCF, 0xBC, 0xAE,
    0xB4, 0xD0, 0xA0, 0x8B, 0x7A, 0xC0, 0xF8, 0x70, 0x8F, 0x61, 0xD4, 0x40, 0x73, 0xF0, 0x79, 0xDF,
    0x37, 0x8D, 0xCB, 0xF3, 0x93, 0x7F, 0x59, 0xF3, 0x14, 0x59, 0x7E, 0xD5, 0x79, 0x22, 0x33, 0xC2,
    0x78, 0xA6, 0x59, 0x8D, 0xCE, 0xE3, 0xFE, 0x72, 0x6F, 0xE1, 0x8A, 0x7E, 0x6F, 0xC8, 0x8B, 0x71,
    0x10, 0x4F, 0xC7, 0xDD, 0xD9, 0xB9, 0x80, 0xBB, 0xFF, 0x7C, 0x4A, 0x00, 0x37, 0xC2, 0xCB, 0xAF,
    0x98, 0x49, 0xB7, 0x75, 0x33, 0xED, 0xCA, 0x8E, 0x08, 0x2F, 0x5C, 0x6C, 0xF7, 0x90, 0x8C, 0x55,
    0x9F, 0xD9, 0x2F, 0xD1, 0x78, 0x87, 0x28, 0x28, 0x69, 0xE3, 0x1E, 0xB7, 0x07, 0x56, 0xE8, 0xB6,
    0xFE, 0x01, 0x04, 0xCA, 0xFF, 0xD8, 0xF1, 0x80, 0x5E, 0x4C, 0x17, 0x19, 0xBA, 0xC8, 0x6B, 0xF2,
    0x01, 0x0E, 0x80, 0xDB, 0x8A, 0x4F, 0x9C, 0x09, 0x64, 0xBA, 0xC0, 0x63, 0x80, 0xB4, 0x7F, 0x7A,
    0xB6, 0x28, 0xFA, 0x55, 0xBE, 0x76, 0x00, 0x44, 0x83, 0xAD, 0xA2, 0xA1, 0xBC, 0x2C, 0x07, 0x84,
    0xA2, 0x03, 0x08, 0x3C, 0x84, 0xF6, 0x75, 0x2F, 0x7F, 0xA0, 0x87, 0x0D, 0xBB, 0xA4, 0x48, 0x3B,
    0x7C, 0x6F, 0x98, 0x05, 0x24, 0x8C, 0xD4, 0x5E, 0x9E, 0xED, 0x6E, 0xDC, 0x63, 0x5C, 0x7F, 0xF5,
    0x87, 0x0B, 0x37, 0x68, 0x4E, 0x7B, 0x2F, 0xB7, 0xA6, 0xC7, 0xC8, 0x91, 0x81, 0x1C, 0x81, 0x00,
    0x02, 0x42, 0x08, 0x18, 0x8E, 0x0F, 0x5C, 0xC5, 0x83, 0x28, 0x0A, 0x0E, 0x06, 0xE0, 0x70, 0x0E,
    0x20, 0x2C, 0x11, 0x7A, 0x4D, 0xF1, 0x75, 0x4F, 0x2C, 0x4E, 0x08, 0x06, 0xF8, 0x70, 0x39, 0x79,
    0x03, 0x75, 0x06, 0x5E, 0x5C, 0x4D, 0x55, 0x91, 0x6C, 0x9C, 0x91, 0x75, 0x26, 0xB0, 0x13, 0xD4,
    0xDE, 0x6F, 0x74, 0xF6, 0xAB, 0x18, 0xB3, 0x65, 0xE4, 0x61, 0xE3, 0x9D, 0x89, 0xF7, 0xFA, 0x12,
    0x2A, 0xB6, 0x24, 0xF1, 0xC3, 0x5D, 0xC2, 0xA3, 0xE5, 0xAC, 0x00, 0xC9, 0xC8, 0x57, 0x86, 0x06,
    0x22, 0xFD, 0xD4, 0x9A, 0xB8, 0x28, 0x2B, 0x6F, 0x54, 0x7A, 0x0E, 0x78, 0x7E, 0x02, 0xA5, 0x52,
    0x31, 0x8E, 0xD5, 0x30, 0x10, 0x1D, 0x27, 0xBB, 0x8A, 0x94, 0x14, 0x6E, 0xA8, 0x68, 0xD2, 0x22,
    0xA4, 0x95, 0x6F, 0xB0, 0xB6, 0x68, 0x28, 0x69, 0xE0, 0x3C, 0xB6, 0xC4, 0x05, 0xF6, 0x08, 0xBF,
    0xA0, 0x58, 0xEE, 0x80, 0xD6, 0x86, 0x5F, 0x50, 0xD0, 0x44, 0xFA, 0x17, 0x08, 0x2D, 0x0D, 0xD6,
    0x62, 0x09, 0x17, 0x8E, 0x87, 0x19, 0x87, 0xBF, 0x12, 0x42, 0x48, 0x48, 0x6B, 0xCD, 0xC4, 0x2F,
    0xCF, 0x33, 0x13, 0xCF, 0x9B, 0x88, 0x37, 0x46, 0x63, 0xB4, 0x98, 0x35, 0xE6, 0x19, 0x57, 0xA0,
    0xA5, 0x91, 0x09, 0x66, 0x30, 0xCD, 0xF8, 0x6F, 0x6E, 0xA7, 0x69, 0x25, 0xDB, 0xB6, 0xB2, 0xBF,
    0x95, 0xB9, 0x6D, 0xFF, 0x15, 0x72, 0x18, 0xB2, 0x4C, 0xDA, 0x69, 0xA3, 0x8B, 0xDE, 0x54, 0x99,
    0xD6, 0xCE, 0xCD, 0x89, 0xB1, 0xD8, 0x44, 0x99, 0xF2, 0x1C, 0xA5, 0x9B, 0x56, 0x95, 0x99, 0x81,
    0xD2, 0x15, 0x99, 0xE6, 0x75, 0x04, 0x71, 0xD3, 0xB9, 0x29, 0xCE, 0x8B, 0x8A, 0x3A, 0x68, 0x53,
    0xC1, 0xC3, 0x06, 0x3E, 0xD3, 0xFD, 0x0A, 0x46, 0x9D, 0x7D, 0x94, 0x8B, 0x72, 0x9D, 0x1B, 0x61,
    0x4E, 0x7E, 0xD1, 0xCC, 0x6D, 0x18, 0xC5, 0x36, 0x44, 0x51, 0x86, 0x38, 0x65, 0xB5, 0xCE, 0xD1,
    0x06, 0xE9, 0xAE, 0x41, 0xB9, 0x3B, 0xF0, 0xF7, 0x18, 0xF0, 0x07, 0xF9, 0x4F, 0x5C, 0xFA, 0x24,
    0x97, 0x21, 0xCE, 0x41, 0x2F, 0x68, 0xB4, 0xAB, 0xF0, 0x0C, 0x0E, 0x00, 0x17, 0xDC, 0x82, 0x01,
    0xB0, 0xE1, 0xC1, 0x15, 0xA2, 0xF1, 0x88, 0x81, 0x5A, 0x0A, 0xCF, 0xF1, 0xDB, 0x1F, 0x67, 0x7F,
    0x39, 0xE7, 0x72, 0x8D, 0x27, 0x00, 0xF8, 0xDB, 0x9E, 0xE2, 0x3B, 0x8B, 0xC5, 0xB3, 0x18, 0x99,
    0x5E, 0xE9, 0x49, 0x98, 0x18, 0xE2, 0x1F, 0x62, 0xD8, 0x2A, 0x67, 0x89, 0x03, 0xC8, 0x4A, 0x31,
    0xCE, 0xD3, 0x25, 0x71, 0x6D, 0xB6, 0x58, 0x0C, 0x0A, 0xCD, 0x50, 0x60, 0x34, 0xB7, 0xA3, 0xD3,
    0x9F, 0xEA, 0x1C, 0xF5, 0x09, 0x49, 0x8F, 0x53, 0x55, 0x51, 0x7D, 0x2C, 0x72, 0x11, 0xEF, 0x01,
    0x2E, 0x9B, 0xFE, 0x12, 0x1D, 0x75, 0xBA, 0x4F, 0x62, 0x05, 0x1D, 0x18, 0xD9, 0xEF, 0x11, 0xD0,
    0x30, 0xC2, 0x3E, 0x77, 0xB5, 0xC5, 0xD5, 0xAE, 0xF4, 0xA5, 0xA1, 0x8D, 0x85, 0x3E, 0x23, 0xB5,
    0xCF, 0xB1, 0xF6, 0x65, 0x4F, 0x05, 0xDF, 0xE7, 0x3D, 0x95, 0xEA, 0xDD, 0xEF, 0xA9, 0xA4, 0xC8,
    0xA9, 0x8C, 0x37, 0x30, 0x1E, 0x60, 0xC0, 0x57, 0xC9, 0x17, 0xB0, 0x1B, 0xC0, 0x6B, 0xF5, 0x15,
    0x51, 0x20, 0x72, 0xE4, 0xB1, 0xFA, 0xB7, 0xD5, 0x53, 0x01, 0x7C, 0x19, 0xF5, 0x31, 0xA9, 0x00,
    0x5D, 0xA5, 0x11, 0x7E, 0xA1, 0x59, 0x41, 0x5F, 0x64, 0x94, 0x0D, 0xC9, 0x74, 0x46, 0x6A, 0xA5,
    0xD3, 0xCF, 0x34, 0x0B, 0xBA, 0xF0, 0x90, 0xF4, 0x31, 0xD3, 0xC7, 0xD1, 0xF4, 0x88, 0x2F, 0x90,
    0xDA, 0xA1, 0xAF, 0x62, 0x05, 0xAE, 0xFC, 0x81, 0x6A, 0x67, 0x36, 0x5E, 0xC2, 0xB0, 0x5D, 0x92,
    0x68, 0x3A, 0x20, 0x89, 0x8F, 0xE0, 0x1D, 0x39, 0x85, 0x7B, 0x51, 0xA0, 0x92, 0x97, 0x2E, 0x93,
    0x47, 0xC8, 0xE4, 0x07, 0x41, 0xA2, 0x5C, 0xD1, 0x11, 0xF6, 0x9B, 0xCC, 0xFC, 0x2F, 0xD9, 0xA0,
    0x57, 0x99, 0x86, 0xD2, 0x23, 0xA9, 0x6F, 0xE1, 0xE2, 0x0A, 0xAC, 0x21, 0x2E, 0x32, 0xD7, 0x11,
    0xD7, 0xD7, 0xA9, 0x90, 0xD0, 0x8B, 0x75, 0xBA, 0x8D, 0x14, 0x44, 0xD3, 0x97, 0x65, 0x51, 0x0B,
    0x77, 0xC9, 0x88, 0xB5, 0x69, 0x8A, 0x36, 0x31, 0x9B, 0x8E, 0x4D, 0xC2, 0x47, 0x1E, 0x5A, 0x96,
    0xFC, 0x1A, 0xCE, 0xEB, 0x17, 0xE5, 0x51, 0x21, 0x56, 0xC5, 0x30, 0x10, 0x9C, 0x36, 0x0F, 0x2A,
    0x2A, 0x82, 0x81, 0x87, 0x8B, 0x47, 0x50, 0x8B, 0xDB, 0x38, 0x2C, 0xE2, 0x73, 0x03, 0xFC, 0xBF,
    0x01, 0xA9, 0xC7, 0x20, 0x39, 0x00, 0x02, 0x30, 0xB5, 0xA0, 0x92, 0x1B, 0x10, 0x83, 0x8F, 0xC6,
    0xFC, 0x08, 0x44, 0x45, 0xDA, 0x65, 0xF3, 0x31, 0x48, 0x3C, 0xD9, 0x11, 0x9B, 0x64, 0x33, 0xB3,
    0x3B, 0x69, 0x9E, 0xA1, 0x79, 0x24, 0x4E, 0x6E, 0x97, 0x59, 0xCD, 0x6B, 0x5B, 0x96, 0x3D, 0x56,
    0x55, 0xBC, 0x9A, 0x89, 0xB3, 0xE1, 0xD8, 0xB1, 0xC5, 0x06, 0xE8, 0x46, 0x98, 0x08, 0x8A, 0xE0,
    0xA8, 0x38, 0x6A, 0x8E, 0xC3, 0x7B, 0x74, 0xD3, 0xCC, 0xBC, 0x3A, 0x5E, 0xA0, 0x13, 0x74, 0x44,
    0x17, 0x9A, 0x6B, 0x6B, 0x38, 0x0D, 0x82, 0xCF, 0x91, 0x1E, 0x40, 0x7B, 0xF2, 0xF3, 0x6D, 0x46,
    0x5F, 0x71, 0x3B, 0x25, 0xC7, 0x61, 0x60, 0x34, 0x57, 0xC0, 0x0B, 0xFA, 0x9A, 0x07, 0xFA, 0x80,
    0x07, 0x98, 0x05, 0x81, 0xA7, 0xB4, 0xF4, 0x79, 0xE9, 0x93, 0x33, 0x91, 0x38, 0x68, 0x06, 0xEE,
    0x21, 0x4B, 0x5E, 0x79, 0x8E, 0x67, 0x53, 0xC0, 0x10, 0x40, 0x16, 0x0E, 0x58, 0xD0, 0x14, 0xA8,
    0x19, 0x4A, 0x88, 0x93, 0x28, 0xD7, 0xB2, 0xE6, 0xA9, 0x8E, 0x23, 0xEA, 0x74, 0x99, 0xA9, 0xCB,
    0x92, 0xEC, 0xB7, 0x91, 0x54, 0x76, 0x2A, 0xD3, 0x5D, 0x3D, 0xE9, 0x79, 0xC4, 0x0D, 0xDA, 0x47,
    0x18, 0xAE, 0xB4, 0xAB, 0x8E, 0x22, 0xB7, 0xEA, 0xCC, 0x9C, 0xA5, 0xD5, 0x7E, 0x97, 0x60, 0xC2,
    0x99, 0x0F, 0x8E, 0x41, 0x05, 0x87, 0x16, 0xCD, 0xDF, 0x2D, 0x3A, 0x6A, 0x8B, 0x29, 0x5E, 0xE2,
    0xA2, 0xE0, 0x77, 0xBC, 0xB6, 0xB3, 0xA8, 0x59, 0x19, 0x88, 0xB6, 0xF1, 0x54, 0xAC, 0xAA, 0x46,
    0x06, 0x30, 0x54, 0x81, 0xCE, 0xD5, 0x24, 0x27, 0x2D, 0x73, 0x38, 0xDE, 0xFC, 0xD8, 0x80, 0x93,
    0xA5, 0xFA, 0x35, 0x7C, 0xC1, 0xAF, 0xD2, 0xA3, 0x05, 0x8D, 0x18, 0xC6, 0x37, 0x6F, 0xE5, 0xCA,
    0xCF, 0x38, 0xB0, 0xFF, 0xF7, 0x37, 0xBE, 0x01, 0xAD, 0x56, 0x3D, 0x8F, 0x1C, 0x45, 0x10, 0xAD,
    0xDD, 0xB1, 0x59, 0xE1, 0x0D, 0xDA, 0x89, 0xC1, 0x22, 0x60, 0x12, 0x32, 0x82, 0xF9, 0x07, 0xF4,
    0x10, 0x11, 0xE2, 0x80, 0x23, 0x25, 0xF7, 0x2F, 0x20, 0x62, 0xC6, 0x24, 0xA4, 0xF7, 0x13, 0x1C,
    0x9F, 0x25, 0x9C, 0x92, 0x75, 0x9F, 0x2E, 0x70, 0x40, 0x70, 0xCB, 0x2F, 0xF0, 0x18, 0x48, 0xB8,
    0x0B, 0xAE, 0x85, 0x16, 0xD1, 0x32, 0x33, 0x53, 0xBC, 0x57, 0x3D, 0xB7, 0xF8, 0xD0, 0x09, 0x08,
    0x58, 0x69, 0x5E, 0xCD, 0x47, 0x75, 0x77, 0xF5, 0xAB, 0x57, 0xD5, 0x2B, 0x22, 0xEF, 0x0B, 0x7F,
    0xFE, 0xEB, 0x08, 0xEC, 0x3E, 0x49, 0x22, 0xEF, 0xA8, 0x4B, 0xB2, 0x56, 0xBD, 0xDA, 0x49, 0xA3,
    0xAA, 0x51, 0x00, 0xDA, 0x57, 0x44, 0x71, 0xFA, 0xC5, 0x8F, 0xB3, 0xD4, 0xA3, 0x3F, 0x1B, 0xC5,
    0xA7, 0xEE, 0x9B, 0x2C, 0x7E, 0xA0, 0x7B, 0x77, 0x3A, 0xD7, 0x83, 0x84, 0xB3, 0xD1, 0xC3, 0xFD,
    0x2C, 0x77, 0xBD, 0xE8, 0x79, 0x52, 0x91, 0x70, 0xFE, 0x6A, 0x06, 0x2A, 0xDC, 0xA5, 0x53, 0xB8,
    0x8B, 0xA7, 0x3B, 0x10, 0xEE, 0x52, 0x4F, 0x70, 0x97, 0xAD, 0x86, 0x27, 0x03, 0x50, 0x75, 0xC4,
    0xFC, 0xC4, 0xE6, 0x4A, 0x15, 0x33, 0xBF, 0x50, 0x3D, 0x96, 0xF0, 0xE9, 0x6F, 0x8F, 0x44, 0xD4,
    0xC1, 0x5D, 0xA6, 0x86, 0x41, 0x7E, 0xE0, 0x7A, 0x39, 0xFC, 0x1E, 0x1C, 0x1D, 0xB5, 0x0C, 0x30,
    0x21, 0x60, 0xDD, 0xAF, 0xCB, 0xDD, 0xC9, 0x49, 0xBF, 0xC6, 0xE2, 0x72, 0x3B, 0xE8, 0x4C, 0xD0,
    0x78, 0x00, 0x38, 0x1F, 0x7D, 0x56, 0xBE, 0x7A, 0xDD, 0x13, 0x46, 0x42, 0x66, 0x68, 0xC7, 0x37,
    0xC6, 0xCE, 0x5C, 0x72, 0xB4, 0x85, 0xBF, 0xC5, 0x17, 0x84, 0x3B, 0xDB, 0x20, 0x90, 0xC4, 0x20,
    0x76, 0x70, 0xFB, 0x21, 0x44, 0xA9, 0x40, 0x54, 0x2F, 0xD5, 0x44, 0xBF, 0x1B, 0x68, 0xE3, 0x41,
    0xEA, 0x60, 0x83, 0xD2, 0x35, 0xBE, 0x15, 0x2E, 0xFA, 0xEB, 0xF7, 0x1D, 0xB7, 0xBE, 0x60, 0x79,
    0x23, 0x24, 0x49, 0x56, 0xA1, 0xB7, 0xB1, 0x73, 0x1B, 0xC0, 0x27, 0x73, 0x51, 0xF0, 0xAB, 0x55,
    0x50, 0x9B, 0xFC, 0x39, 0x02, 0xBA, 0x2F, 0x76, 0xE1, 0x79, 0x35, 0x5A, 0xC8, 0x15, 0x4D, 0x2C,
    0x26, 0x15, 0x93, 0x8B, 0x99, 0x8A, 0x51, 0x33, 0xB3, 0x46, 0x9A, 0x31, 0x0C, 0x30, 0xCD, 0x1C,
    0x5E, 0x3F, 0xD3, 0xC1, 0xA6, 0xD7, 0xBC, 0x18, 0x6F, 0x26, 0xAD, 0x47, 0xD1, 0x9F, 0xE8, 0x29,
    0xFE, 0x77, 0x33, 0x4E, 0xCD, 0x6C, 0x8A, 0x59, 0x17, 0x23, 0x8B, 0xF1, 0xC5, 0xB8, 0x62, 0x36,
    0xB8, 0xB0, 0xA9, 0xF5, 0x9E, 0x59, 0x43, 0x4E, 0xC9, 0x58, 0x6B, 0xA9, 0x18, 0x0C, 0xF7, 0xC0,
    0x93, 0xE7, 0xF0, 0x9D, 0x64, 0x33, 0x99, 0xF4, 0x96, 0x20, 0x46, 0x5B, 0x7B, 0xEC, 0xD4, 0x52,
    0x3C, 0x93, 0xC6, 0x35, 0x45, 0x68, 0xA3, 0xB2, 0xA1, 0x09, 0x56, 0x7B, 0x22, 0x97, 0x30, 0x42,
    0xFE, 0x0B, 0x96, 0x64, 0xBE, 0x5D, 0xB4, 0x74, 0xEC, 0x4D, 0x58, 0x55, 0x0E, 0x24, 0x5C, 0xB6,
    0x63, 0xB7, 0xA3, 0x75, 0xA3, 0x1F, 0xCC, 0x66, 0x9F, 0x64, 0x13, 0xA5, 0x49, 0xF5, 0x5E, 0x20,
    0x62, 0x9F, 0x5C, 0xC6, 0x03, 0x2A, 0x00, 0x1B, 0xF4, 0x59, 0x42, 0xC4, 0x0E, 0x3B, 0x10, 0x14,
    0xEB, 0x59, 0x74, 0x5E, 0xE9, 0x50, 0x48, 0xD3, 0xDC, 0x2D, 0xB6, 0xD1, 0xCB, 0x59, 0x2F, 0x11,
    0x6C, 0x78, 0x91, 0xFD, 0xF7, 0x2C, 0x89, 0xF3, 0xE4, 0x5F, 0x9A, 0xD8, 0x52, 0x4D, 0xE5, 0x35,
    0xBA, 0x73, 0x14, 0x44, 0xAD, 0x71, 0x4B, 0xEB, 0x58, 0x77, 0x3B, 0xEA, 0xD0, 0xD2, 0x28, 0x1B,
    0x08, 0x88, 0x16, 0x59, 0x92, 0xD0, 0x22, 0xCB, 0x18, 0xF3, 0x11, 0x63, 0xBB, 0xC3, 0xE2, 0xC5,
    0x05, 0x91, 0xDC, 0x03, 0x9D, 0x0D, 0x8B, 0x08, 0xD7, 0x16, 0x7C, 0x4D, 0xA1, 0x47, 0x55, 0xF5,
    0x88, 0xA5, 0xEF, 0x2E, 0xB5, 0x0F, 0x51, 0x7B, 0x6D, 0x43, 0x8F, 0x3B, 0xBB, 0xF7, 0x7F, 0x68,
    0x0F, 0xAE, 0xE1, 0xD3, 0xC9, 0xEA, 0xBB, 0x3B, 0x87, 0xC2, 0x42, 0xCC, 0x3B, 0xB0, 0x9F, 0x68,
    0xF1, 0xF8, 0xB8, 0x25, 0x23, 0x26, 0xF7, 0x40, 0xA2, 0x2B, 0xEB, 0x0C, 0x4E, 0x5F, 0xE3, 0xBE,
    0x99, 0xE4, 0x1E, 0xF6, 0x90, 0x38, 0xCC, 0xA8, 0x6B, 0xB4, 0x94, 0x51, 0xA9, 0x23, 0x62, 0x6D,
    0x6F, 0x56, 0x2A, 0xB7, 0x7E, 0x2D, 0x6F, 0xCA, 0xD8, 0x65, 0x9E, 0x66, 0x66, 0x63, 0x72, 0xB6,
    0x4A, 0x59, 0xAB, 0xAC, 0x8B, 0x18, 0x2C, 0x71, 0x0F, 0x5A, 0x53, 0xFA, 0xBA, 0xA7, 0xD8, 0xDD,
    0x40, 0xAD, 0xFB, 0x44, 0x54, 0xDE, 0x57, 0xAC, 0x69, 0x71, 0x2C, 0x74, 0xF1, 0xD4, 0x95, 0x58,
    0x6D, 0x56, 0xA6, 0x37, 0x37, 0x71, 0x5D, 0x5F, 0xF6, 0x87, 0x1D, 0x16, 0xB4, 0x5C, 0xED, 0xD6,
    0xFA, 0x2B, 0x96, 0x02, 0xD7, 0xA6, 0xC9, 0x65, 0xAC, 0x29, 0xAD, 0xE4, 0x60, 0x99, 0x59, 0xE8,
    0x09, 0x8E, 0x12, 0x3B, 0x02, 0x24, 0x80, 0x3D, 0x6C, 0xE3, 0x3F, 0xAB, 0x3A, 0x00, 0x35, 0x95,
    0x2A, 0x6A, 0xE6, 0xA3, 0xCF, 0x75, 0xF8, 0x90, 0xE1, 0x1D, 0xBF, 0x19, 0xC3, 0xBB, 0x50, 0xF5,
    0xD4, 0xFE, 0x5F, 0xAA, 0x3E, 0xB4, 0x76, 0x53, 0x75, 0x67, 0xE4, 0x76, 0xBF, 0x94, 0x16, 0x98,
    0x8C, 0xF4, 0xD1, 0xA2, 0x9D, 0x48, 0xF0, 0x25, 0xC5, 0xA2, 0xF1, 0x91, 0xB8, 0x89, 0x9E, 0x7E,
    0x6F, 0x98, 0x88, 0x5D, 0x24, 0x06, 0x43, 0x8D, 0xDD, 0xC5, 0x09, 0x51, 0xA9, 0x24, 0x60, 0x2C,
    0xD8, 0xED, 0xBA, 0x0B, 0x8D, 0xF4, 0xD7, 0xD8, 0x64, 0xA2, 0x9B, 0x89, 0x1B, 0x7C, 0x2B, 0x4D,
    0x16, 0xB4, 0x76, 0xB6, 0x19, 0xC7, 0x15, 0x21, 0x05, 0x93, 0x55, 0xA9, 0xB0, 0x25, 0xB6, 0x92,
    0xFE, 0xF6, 0xAF, 0xE6, 0x5E, 0xB7, 0xD7, 0xDD, 0xAF, 0xC0, 0xCF, 0x16, 0xBB, 0x1D, 0x4B, 0x99,
    0x91, 0x8F, 0x08, 0xFC, 0x2A, 0x43, 0xB9, 0xF1, 0x69, 0xCD, 0x93, 0xC7, 0x27, 0xC2, 0x00, 0xE8,
    0x22, 0x20, 0x10, 0xF4, 0x00, 0xE1, 0x00, 0xF6, 0xD5, 0xFC, 0x6C, 0x84, 0x8D, 0xC5, 0x29, 0x74,
    0x3A, 0x54, 0x76, 0xFC, 0x94, 0x33, 0x68, 0x49, 0x02, 0xBA, 0xAA, 0xDF, 0xDD, 0x08, 0x03, 0x51,
    0xDD, 0x3D, 0xC2, 0x81, 0xC1, 0xED, 0xC8, 0xA1, 0x13, 0x97, 0x01, 0x26, 0x62, 0xCF, 0x23, 0x26,
    0x1C, 0x3E, 0x78, 0xDB, 0xB0, 0xCD, 0xB2, 0x2A, 0x2C, 0x90, 0x76, 0x56, 0x30, 0xCB, 0xE9, 0xBD,
    0x67, 0x56, 0x14, 0xD6, 0xDD, 0xDF, 0xD8, 0xAA, 0x01, 0xDB, 0x4E, 0x93, 0xAD, 0x05, 0xB1, 0x2F,
    0xED, 0x17, 0x5A, 0xEE, 0x1E, 0xB2, 0xFA, 0xF7, 0x01, 0x2F, 0xED, 0x60, 0x49, 0xAC, 0x5E, 0xEA,
    0x7D, 0xE6, 0xD3, 0xC0, 0x85, 0xE2, 0x53, 0xBC, 0x42, 0xC7, 0x79, 0xB8, 0x9C, 0x6D, 0xA6, 0xAC,
    0x16, 0xB9, 0x18, 0x64, 0x5F, 0xB3, 0xF9, 0x3B, 0x65, 0xF7, 0xF2, 0x91, 0xAD, 0x2C, 0x86, 0x5C,
    0x0E, 0x26, 0x3B, 0xD8, 0x3C, 0xA3, 0x6F, 0x98, 0xAD, 0x15, 0xE5, 0x2D, 0x5F, 0x12, 0xD8, 0x07,
    0xAC, 0x9A, 0x0D, 0x1A, 0x96, 0x2F, 0x37, 0x4D, 0xFE, 0xD8, 0x6D, 0x74, 0x68, 0x26, 0x0D, 0xC9,
    0xBF, 0xD2, 0x3A, 0x77, 0xA7, 0xEA, 0xC6, 0xF0, 0x44, 0x37, 0x63, 0xF8, 0x58, 0xAB, 0xDB, 0xA1,
    0x9D, 0x08, 0xF7, 0x09, 0xF2, 0x6F, 0xE0, 0x21, 0x82, 0x5C, 0x88, 0xE0, 0xD9, 0x5F, 0x91, 0x5D,
    0xFE, 0x79, 0xE8, 0x09, 0xBB, 0xED, 0x7C, 0x12, 0xD2, 0x76, 0x2F, 0xF5, 0x1E, 0xB0, 0xCD, 0x80,
    0xCD, 0x78, 0x0D, 0x5B, 0x82, 0xCB, 0x75, 0x46, 0xE1, 0x32, 0x33, 0x83, 0xC9, 0x52, 0x19, 0xB8,
    0x9D, 0xB4, 0x5B, 0xCB, 0x1F, 0x09, 0xB3, 0x02, 0x29, 0x55, 0x32, 0xB3, 0xE7, 0x90, 0x79, 0x83,
    0x8A, 0xCD, 0xE9, 0x4F, 0xCD, 0x54, 0x2D, 0x93, 0xD4, 0x40, 0x10, 0xED, 0x6C, 0xEE, 0x6E, 0x0B,
    0x22, 0x82, 0xE5, 0x28, 0x88, 0x41, 0xE0, 0xF2, 0x13, 0x26, 0x3F, 0xE1, 0x04, 0x5B, 0xFC, 0x07,
    0x0C, 0x16, 0x37, 0xF9, 0x09, 0xE7, 0x31, 0x27, 0x30, 0x9C, 0x39, 0x8B, 0x62, 0xC6, 0x61, 0x63,
    0x50, 0x88, 0x8B, 0x80, 0x42, 0x32, 0x22, 0x22, 0x45, 0x25, 0xDB, 0xBC, 0xD7, 0x9B, 0x04, 0x83,
    0xC1, 0xB1, 0xB5, 0x79, 0x3B, 0xD9, 0xFE, 0xEE, 0x7E, 0x3D, 0x52, 0xF4, 0x22, 0x52, 0x1F, 0x09,
    0x1A, 0x45, 0x4A, 0x4D, 0x38, 0xFA, 0x11, 0x50, 0x4C, 0x80, 0x9D, 0x52, 0xAA, 0x8D, 0xA8, 0x6A,
    0x9B, 0x03, 0x62, 0xA9, 0x77, 0xDA, 0xD5, 0xA3, 0x68, 0xEF, 0x7A, 0x71, 0xC9, 0x47, 0xA9, 0x52,
    0x68, 0xA5, 0x4C, 0x50, 0x5A, 0xC0, 0x5E, 0x03, 0x04, 0xBD, 0xEB, 0xC4, 0x75, 0x6E, 0x90, 0x00,
    0xB3, 0x77, 0xDA, 0xEC, 0x55, 0x8F, 0x92, 0xA9, 0x8E, 0x8C, 0xD6, 0xC1, 0xFD, 0x4B, 0x3C, 0xD9,
    0x07, 0xB9, 0xC1, 0xEB, 0x8F, 0x89, 0x31, 0x26, 0xC6, 0x18, 0x4A, 0x7D, 0xC5, 0x18, 0xB9, 0x26,
    0xD7, 0x23, 0x23, 0x17, 0x9D, 0x0E, 0x3E, 0xEA, 0xD7, 0xD1, 0x7F, 0xD6, 0x62, 0xF4, 0xF7, 0x53,
    0x31, 0x3A, 0x4D, 0xE5, 0xE0, 0x34, 0xD6, 0xA9, 0x52, 0xF1, 0x7D, 0x05, 0xF7, 0xD1, 0xC3, 0xD6,
    0x9C, 0x48, 0xA8, 0xB4, 0x97, 0x17, 0xE6, 0x5E, 0x1E, 0x12, 0xA4, 0x6E, 0x89, 0x2E, 0x12, 0x03,
    0x6B, 0x16, 0xAB, 0x34, 0xD3, 0x01, 0x98, 0x2B, 0x6B, 0xDD, 0xFF, 0x9A, 0x81, 0xA8, 0x81, 0xD8,
    0x07, 0x1A, 0x45, 0xD7, 0xD2, 0x88, 0x66, 0xA1, 0x29, 0x61, 0xA6, 0x90, 0x4B, 0x36, 0xCB, 0x7E,
    0x94, 0x7C, 0xE2, 0x17, 0x87, 0xDD, 0xCC, 0x3F, 0x29, 0x82, 0x42, 0x80, 0x91, 0x99, 0x7C, 0x39,
    0x1C, 0x7C, 0x0C, 0xC8, 0x46, 0x7B, 0xC3, 0xC4, 0xEC, 0xB4, 0x3B, 0x3F, 0xE0, 0xF3, 0xD2, 0xF1,
    0x3C, 0x1B, 0xAA, 0xE1, 0xB1, 0x22, 0x8E, 0x68, 0x54, 0x86, 0xF0, 0xFF, 0x0F, 0xFA, 0x16, 0x75,
    0xC9, 0x33, 0x91, 0xB7, 0x92, 0x1D, 0x0E, 0x57, 0xC8, 0x75, 0x0A, 0xCB, 0x83, 0xF1, 0x4B, 0x85,
    0xEE, 0xED, 0xE7, 0x13, 0x4D, 0x60, 0x81, 0x8E, 0xA5, 0x13, 0x71, 0x72, 0x30, 0x2A, 0x87, 0xA0,
    0xC4, 0xA8, 0x5D, 0x32, 0x19, 0x75, 0x28, 0xA2, 0x8A, 0xFF, 0x7E, 0xB8, 0xD2, 0xD5, 0x0F, 0x9E,
    0x9A, 0xAD, 0xF1, 0x6B, 0x97, 0x92, 0xBD, 0x92, 0x82, 0x0D, 0xA0, 0x8A, 0xEB, 0xE0, 0x3C, 0x67,
    0xC8, 0x48, 0x19, 0xF9, 0x9A, 0xDB, 0xCC, 0x46, 0x1B, 0x19, 0xD5, 0xFA, 0x7F, 0x54, 0x73, 0xAB,
    0x9A, 0x6C, 0x6A, 0x06, 0x45, 0x5A, 0x75, 0xEB, 0x2D, 0x72, 0x68, 0x56, 0x5D, 0x52, 0x44, 0x9E,
    0x13, 0x2E, 0x9A, 0xBA, 0x07, 0xFF, 0x07, 0x97, 0xAA, 0xCE, 0x28, 0x26, 0x99, 0x61, 0x69, 0x1C,
    0xB3, 0xAC, 0x17, 0xBE, 0x59, 0x24, 0x09, 0x26, 0x35, 0x27, 0x99, 0x79, 0xB1, 0x68, 0x92, 0x23,
    0xB5, 0x8F, 0x0C, 0x5A, 0x1C, 0x19, 0xD5, 0xA9, 0xD4, 0x9D, 0x78, 0x6D, 0x61, 0xEA, 0x7C, 0x64,
    0x2D, 0xD8, 0x2F, 0xCB, 0x88, 0x69, 0xEE, 0x8F, 0xF3, 0xC6, 0x57, 0xE1, 0x1E, 0xC1, 0x6F, 0xB2,
    0x18, 0xC6, 0x69, 0xCB, 0x58, 0x4A, 0xC6, 0x7B, 0xDD, 0xC8, 0xC5, 0x8D, 0xEC, 0xC1, 0x72, 0xAF,
    0x52, 0xE9, 0xB4, 0xC3, 0xEE, 0xA2, 0xD5, 0x05, 0xF8, 0xE8, 0xA2, 0xFF, 0x99, 0xB0, 0xA1, 0xD8,
    0xF6, 0x58, 0xE0, 0x27, 0x57, 0xC9, 0xF1, 0xB3, 0xE7, 0x8F, 0x87, 0x2E, 0xFE, 0x74, 0x31, 0xDC,
    0x0F, 0x55, 0x82, 0x01, 0x76, 0x16, 0x3B, 0x38, 0x61, 0x6B, 0x63, 0x8E, 0xA5, 0x72, 0xC8, 0xE2,
    0x31, 0x8A, 0xBF, 0x66, 0xA0, 0x73, 0xB6, 0x25, 0x8C, 0x4B, 0x42, 0x85, 0x72, 0xE0, 0x3C, 0x55,
    0xE9, 0x11, 0x72, 0xB1, 0x4E, 0x77, 0x5B, 0xBB, 0x6D, 0x34, 0x71, 0xE1, 0x89, 0xA8, 0x75, 0x7F,
    0x6B, 0xAB, 0x8D, 0x4B, 0x97, 0x0B, 0xC7, 0xD8, 0x63, 0xF4, 0x59, 0xC0, 0x46, 0x38, 0xAD, 0x77,
    0x52, 0x69, 0xC3, 0x04, 0xF3, 0xCE, 0x49, 0x25, 0xC7, 0x3D, 0x0E, 0xA4, 0x4B, 0xA0, 0x4F, 0xE6,
    0x27, 0xD9, 0x15, 0x3D, 0x7D, 0xC3, 0xEA, 0x57, 0x7A, 0x5D, 0x37, 0x4E, 0xE7, 0xAA, 0x25, 0xB1,
    0x5A, 0xFF, 0x44, 0xB5, 0x71, 0x12, 0x8E, 0xA8, 0x01, 0xF2, 0xDD, 0x7B, 0x79, 0x80, 0xAB, 0xA7,
    0xAD, 0x4C, 0x25, 0x9E, 0x54, 0xB0, 0x89, 0x2D, 0x54, 0x54, 0x9E, 0xCA, 0xC5, 0x28, 0xEB, 0x87,
    0xA7, 0x9D, 0x71, 0x64, 0x38, 0xD1, 0x83, 0x6B, 0xDB, 0x1B, 0x5B, 0x79, 0x4A, 0x97, 0xB7, 0x7A,
    0xDB, 0x4A, 0x36, 0x2D, 0x13, 0xBD, 0xBC, 0x3B, 0xDE, 0xB6, 0x6E, 0x23, 0xB4, 0x29, 0x9F, 0x18,
    0x30, 0xAF, 0x8E, 0x24, 0xC9, 0x9F, 0xCF, 0x27, 0xBB, 0x80, 0x51, 0x25, 0x6E, 0xB0, 0x2C, 0x60,
    0xB0, 0x35, 0x6E, 0x4A, 0x24, 0x71, 0xBD, 0x96, 0xA5, 0xB6, 0x65, 0xFA, 0x4D, 0x04, 0x25, 0x40,
    0xF9, 0xCD, 0xD6, 0x31, 0x39, 0x3B, 0xB9, 0x60, 0xA0, 0x68, 0x77, 0x8C, 0x01, 0x77, 0xA8, 0x31,
    0x41, 0xC5, 0x59, 0xB9, 0xD3, 0x15, 0x3F, 0x5A, 0x88, 0x9E, 0x47, 0x4A, 0x03, 0xEF, 0x7C, 0x5E,
    0xFC, 0xA0, 0x45, 0x93, 0xD1, 0x7D, 0xC5, 0x40, 0x35, 0x43, 0xDA, 0xA6, 0x9C, 0x6D, 0x19, 0xFE,
    0xCD, 0xFD, 0x6F, 0xA5, 0xCE, 0x41, 0x0A, 0xC2, 0x40, 0x10, 0x44, 0xD1, 0x9A, 0xB9, 0x48, 0xB6,
    0x82, 0x87, 0xC8, 0xE4, 0x60, 0x82, 0x78, 0x1B, 0x37, 0xAE, 0x5D, 0x04, 0x4C, 0x72, 0x82, 0xE0,
    0x79, 0x9C, 0xFE, 0xD6, 0x0C, 0x08, 0xAE, 0x75, 0xF3, 0x68, 0xBA, 0x1B, 0xAA, 0x94, 0x6E, 0x92,
    0x06, 0xD6, 0xAA, 0x91, 0x67, 0x08, 0x36, 0x53, 0x52, 0x4D, 0x78, 0xDF, 0x39, 0x72, 0xD5, 0x1D,
    0x98, 0xAA, 0xB9, 0xC4, 0x03, 0x72, 0x64, 0x94, 0x23, 0xFD, 0x48, 0x18, 0xCD, 0xD2, 0x4B, 0x0E,
    0x3F, 0xB4, 0xF4, 0xC5, 0x39, 0x23, 0xBB, 0xA5, 0xCF, 0x14, 0xD1, 0xC3, 0x3F, 0xB6, 0x0E, 0xF8,
    0x48, 0xE9, 0x9E, 0x91, 0x6B, 0x78, 0x93, 0xBF, 0x7E, 0xFE, 0x32, 0x9A, 0xAD, 0xD4, 0x49, 0x6F,
};

static const EpdGlyph quicksand_16_bolditalicGlyphs[] = {
    { 0, 0, 149, 0, 0, 0, 0 }, // U+000D
    { 0, 0, 149, 0, 0, 0, 0 }, // U+0020
    { 5, 24, 142, 2, 24, 30, 0 }, // !
    { 13, 11, 229, 1, 24, 36, 30 }, // "
    { 21, 24, 370, 1, 24, 126, 66 }, // #
    { 18, 32, 318, 1, 27, 144, 192 }, // $
    { 26, 25, 435, 1, 24, 163, 336 }, // %
    { 22, 25, 378, 1, 24, 138, 499 }, // &
    { 6, 11, 113, 1, 24, 17, 637 }, // '
    { 11, 31, 190, 1, 24, 86, 654 }, // (
    { 11, 31, 190, 0, 24, 86, 740 }, // )
    { 10, 12, 194, 1, 24, 30, 826 }, // *
    { 18, 18, 308, 1, 20, 81, 856 }, // +
    { 8, 9, 147, 0, 4, 18, 937 }, // ,
    { 11, 5, 211, 1, 13, 14, 955 }, // -
    { 6, 5, 133, 1, 5, 8, 969 }, // .
    { 17, 32, 303, 1, 27, 136, 977 }, // /
    { 19, 25, 327, 1, 24, 119, 1113 }, // 0
    { 11, 24, 207, 0, 24, 66, 1232 }, // 1
    { 17, 24, 303, 1, 24, 102, 1298 }, // 2
    { 16, 25, 286, 1, 24, 100, 1400 }, // 3
    { 19, 24, 314, 0, 24, 114, 1500 }, // 4
    { 16, 25, 307, 2, 24, 100, 1614 }, // 5
    { 17, 25, 295, 1, 24, 107, 1714 }, // 6
    { 17, 25, 293, 1, 24, 107, 1821 }, // 7
    { 16, 24, 292, 1, 24, 96, 1928 }, // 8
    { 17, 25, 303, 1, 24, 107, 2024 }, // 9
    { 5, 18, 146, 2, 18, 23, 2131 }, // :
    { 7, 23, 157, 2, 18, 41, 2154 }, // ;
    { 16, 18, 280, 0, 20, 72, 2195 }, // <
    { 18, 12, 330, 1, 17, 54, 2267 }, // =
    { 16, 18, 280, 1, 20, 72, 2321 }, // >
    { 17, 25, 281, 0, 25, 107, 2393 }, // ?
    { 30, 30, 514, 1, 24, 225, 2500 }, // @
    { 21, 25, 341, 0, 24, 132, 2725 }, // A
    { 19, 24, 349, 2, 24, 114, 2857 }, // B
    { 20, 25, 334, 1, 24, 125, 2971 }, // C
    { 21, 24, 381, 2, 24, 126, 3096 }, // D
    { 16, 24, 305, 2, 24, 96, 3222 }, // E
    { 16, 24, 300, 2, 24, 96, 3318 }, // F
    { 21, 25, 371, 1, 24, 132, 3414 }, // G
    { 20, 24, 383, 2, 24, 120, 3546 }, // H
    { 5, 24, 147, 2, 24, 30, 3666 }, // I
    { 15, 25, 294, 1, 24, 94, 3696 }, // J
    { 19, 24, 349, 2, 24, 114, 3790 }, // K
    { 16, 24, 300, 2, 24, 96, 3904 }, // L
    { 23, 24, 437, 2, 24, 138, 4000 }, // M
    { 20, 24, 392, 2, 24, 120, 4138 }, // N
    { 23, 25, 405, 1, 24, 144, 4258 }, // O
    { 17, 24, 322, 2, 24, 102, 4402 }, // P
    { 25, 31, 403, 1, 24, 194, 4504 }, // Q
    { 20, 25, 366, 2, 24, 125, 4698 }, // R
    { 18, 25, 318, 1, 24, 113, 4823 }, // S
    { 19, 24, 334, 1, 24, 114, 4936 }, // T
    { 19, 25, 376, 2, 24, 119, 5050 }, // U
    { 21, 24, 362, 1, 24, 126, 5169 }, // V
    { 31, 24, 503, 0, 24, 186, 5295 }, // W
    { 20, 25, 349, 1, 24, 125, 5481 }, // X
    { 20, 24, 318, 0, 24, 120, 5606 }, // Y
    { 20, 24, 346, 1, 24, 120, 5726 }, // Z
    { 11, 31, 217, 2, 24, 86, 5846 }, // [
    { 18, 32, 303, 0, 27, 144, 5932 }, // <backslash>
    { 11, 31, 217, 0, 24, 86, 6076 }, // ]
    { 18, 14, 330, 1, 24, 63, 6162 }, // ^
    { 21, 4, 375, 1, -2, 21, 6225 }, // _
    { 8, 6, 138, 0, 25, 12, 6246 }, // `
    { 18, 20, 335, 1, 19, 90, 6258 }, // a
    { 18, 26, 335, 2, 25, 117, 6348 }, // b
    { 16, 20, 277, 1, 19, 80, 6465 }, // c
    { 18, 26, 335, 1, 25, 117, 6545 }, // d
    { 18, 20, 315, 1, 19, 90, 6662 }, // e
    { 14, 25, 233, 1, 25, 88, 6752 }, // f
    { 19, 26, 340, 1, 19, 124, 6840 }, // g
    { 16, 25, 312, 2, 25, 100, 6964 }, // h
    { 6, 24, 126, 1, 24, 36, 7064 }, // i
    { 8, 31, 147, -1, 24, 62, 7100 }, // j
    { 16, 25, 303, 2, 25, 100, 7162 }, // k
    { 5, 25, 144, 2, 25, 32, 7262 }, // l
    { 27, 19, 492, 2, 19, 129, 7294 }, // m
    { 16, 19, 318, 2, 19, 76, 7423 }, // n
    { 19, 20, 333, 1, 19, 95, 7499 }, // o
    { 18, 26, 335, 2, 19, 117, 7594 }, // p
    { 18, 26, 335, 1, 19, 117, 7711 }, // q
    { 12, 19, 231, 2, 19, 57, 7828 }, // r
    { 15, 20, 257, 0, 19, 75, 7885 }, // s
    { 13, 22, 218, 0, 22, 72, 7960 }, // t
    { 16, 19, 313, 2, 18, 76, 8032 }, // u
    { 17, 19, 300, 1, 18, 81, 8108 }, // v
    { 24, 19, 410, 1, 18, 114, 8189 }, // w
    { 16, 19, 260, 0, 18, 76, 8303 }, // x
    { 16, 25, 313, 2, 18, 100, 8379 }, // y
    { 16, 18, 258, 0, 18, 72, 8479 }, // z
    { 13, 31, 214, 0, 24, 101, 8551 }, // {
    { 5, 32, 132, 2, 27, 40, 8652 }, // |
    { 14, 31, 214, 0, 24, 109, 8692 }, // }
    { 16, 7, 288, 1, 14, 28, 8801 }, // ~
    { 0, 0, 149, 0, 0, 0, 0 }, // U+00A0
    { 5, 25, 142, 2, 19, 32, 0 }, // U+00A1
    { 16, 24, 275, 1, 24, 96, 32 }, // U+00A2
    { 21, 25, 333, 0, 24, 132, 128 }, // U+00A3
    { 16, 16, 309, 2, 18, 64, 260 }, // U+00A4
    { 20, 24, 318, 0, 24, 120, 324 }, // U+00A5
    { 5, 32, 138, 2, 27, 40, 444 }, // U+00A6
    { 18, 29, 298, 0, 24, 131, 484 }, // U+00A7
    { 12, 4, 225, 1, 24, 12, 615 }, // U+00A8
    { 24, 25, 416, 1, 24, 150, 627 }, // U+00A9
    { 12, 12, 189, 0, 25, 36, 777 }, // U+00AA
    { 16, 15, 259, 0, 16, 60, 813 }, // U+00AB
    { 21, 11, 364, 1, 15, 58, 873 }, // U+00AC
    { 11, 5, 211, 1, 13, 14, 931 }, // U+00AD
    { 16, 16, 261, 0, 24, 64, 945 }, // U+00AE
    { 13, 3, 236, 1, 23, 10, 1009 }, // U+00AF
    { 12, 12, 210, 1, 24, 36, 1019 }, // U+00B0
    { 18, 20, 308, 1, 22, 90, 1055 }, // U+00B1
    { 10, 13, 194, 1, 26, 33, 1145 }, // U+00B2
    { 9, 14, 189, 2, 26, 32, 1178 }, // U+00B3
    { 7, 8, 139, 1, 27, 14, 1210 }, // U+00B4
    { 16, 24, 323, 2, 18, 96, 1224 }, // U+00B5
    { 18, 27, 337, 1, 24, 122, 1320 }, // U+00B6
    { 5, 6, 118, 1, 13, 8, 1442 }, // U+00B7
    { 7, 7, 139, 1, 1, 13, 1450 }, // U+00B8
    { 7, 13, 171, 1, 26, 23, 1463 }, // U+00B9
    { 12, 11, 187, 0, 24, 33, 1486 }, // U+00BA
    { 16, 15, 265, 1, 16, 60, 1519 }, // U+00BB
    { 26, 25, 441, 1, 24, 163, 1579 }, // U+00BC
    { 26, 25, 450, 1, 24, 163, 1742 }, // U+00BD
    { 26, 25, 450, 1, 24, 163, 1905 }, // U+00BE
    { 17, 26, 281, 0, 18, 111, 2068 }, // U+00BF
    { 21, 32, 341, 0, 31, 168, 2179 }, // U+00C0
    { 21, 31, 341, 0, 30, 163, 2347 }, // U+00C1
    { 21, 31, 341, 0, 30, 163, 2510 }, // U+00C2
    { 21, 32, 341, 0, 31, 168, 2673 }, // U+00C3
    { 21, 31, 341, 0, 30, 163, 2841 }, // U+00C4
    { 21, 30, 343, 0, 29, 158, 3004 }, // U+00C5
    { 29, 25, 471, 0, 24, 182, 3162 }, // U+00C6
    { 20, 30, 334, 1, 24, 150, 3344 }, // U+00C7
    { 16, 31, 305, 2, 31, 124, 3494 }, // U+00C8
    { 16, 30, 305, 2, 30, 120, 3618 }, // U+00C9
    { 16, 30, 305, 2, 30, 120, 3738 }, // U+00CA
    { 16, 30, 305, 2, 30, 120, 3858 }, // U+00CB
    { 8, 31, 147, -1, 31, 62, 3978 }, // U+00CC
    { 9, 30, 147, 2, 30, 68, 4040 }, // U+00CD
    { 11, 30, 147, -1, 30, 83, 4108 }, // U+00CE
    { 12, 30, 147, -1, 30, 90, 4191 }, // U+00CF
    { 24, 24, 381, -1, 24, 144, 4281 }, // U+00D0
    { 20, 31, 392, 2, 31, 155, 4425 }, // U+00D1
    { 23, 32, 405, 1, 31, 184, 4580 }, // U+00D2
    { 23, 31, 405, 1, 30, 179, 4764 }, // U+00D3
    { 23, 31, 405, 1, 30, 179, 4943 }, // U+00D4
    { 23, 32, 405, 1, 31, 184, 5122 }, // U+00D5
    { 23, 31, 405, 1, 30, 179, 5306 }, // U+00D6
    { 15, 14, 267, 1, 18, 53, 5485 }, // U+00D7
    { 23, 27, 394, 1, 25, 156, 5538 }, // U+00D8
    { 19, 32, 376, 2, 31, 152, 5694 }, // U+00D9
    { 19, 31, 376, 2, 30, 148, 5846 }, // U+00DA
    { 19, 31, 376, 2, 30, 148, 5994 }, // U+00DB
    { 19, 31, 376, 2, 30, 148, 6142 }, // U+00DC
    { 20, 30, 318, 0, 30, 150, 6290 }, // U+00DD
    { 17, 25, 322, 2, 25, 107, 6440 }, // U+00DE
    { 21, 26, 356, 1, 25, 137, 6547 }, // U+00DF
    { 18, 26, 335, 1, 25, 117, 6684 }, // U+00E0
    { 18, 27, 335, 1, 26, 122, 6801 }, // U+00E1
    { 18, 26, 335, 1, 25, 117, 6923 }, // U+00E2
    { 18, 27, 335, 1, 26, 122, 7040 }, // U+00E3
    { 18, 25, 335, 1, 24, 113, 7162 }, // U+00E4
    { 18, 28, 335, 1, 27, 126, 7275 }, // U+00E5
    { 29, 20, 494, 1, 19, 145, 7401 }, // U+00E6
    { 16, 25, 277, 1, 19, 100, 7546 }, // U+00E7
    { 18, 26, 315, 1, 25, 117, 7646 }, // U+00E8
    { 18, 27, 315, 1, 26, 122, 7763 }, // U+00E9
    { 18, 26, 315, 1, 25, 117, 7885 }, // U+00EA
    { 18, 25, 315, 1, 24, 113, 8002 }, // U+00EB
    { 8, 25, 126, -2, 25, 50, 8115 }, // U+00EC
    { 8, 26, 126, 1, 26, 52, 8165 }, // U+00ED
    { 10, 25, 126, -1, 25, 63, 8217 }, // U+00EE
    { 12, 24, 126, -2, 24, 72, 8280 }, // U+00EF
    { 18, 26, 312, 1, 25, 117, 8352 }, // U+00F0
    { 16, 26, 318, 2, 26, 104, 8469 }, // U+00F1
    { 19, 26, 333, 1, 25, 124, 8573 }, // U+00F2
    { 19, 27, 333, 1, 26, 129, 8697 }, // U+00F3
    { 19, 26, 333, 1, 25, 124, 8826 }, // U+00F4
    { 19, 27, 333, 1, 26, 129, 8950 }, // U+00F5
    { 19, 25, 333, 1, 24, 119, 9079 }, // U+00F6
    { 18, 18, 330, 1, 20, 81, 9198 }, // U+00F7
    { 19, 20, 333, 1, 19, 95, 9279 }, // U+00F8
    { 16, 26, 313, 2, 25, 104, 9374 }, // U+00F9
    { 16, 27, 313, 2, 26, 108, 9478 }, // U+00FA
    { 16, 26, 313, 2, 25, 104, 9586 }, // U+00FB
    { 16, 25, 313, 2, 24, 100, 9690 }, // U+00FC
    { 16, 33, 313, 2, 26, 132, 9790 }, // U+00FD
    { 18, 32, 335, 2, 25, 144, 9922 }, // U+00FE
    { 16, 31, 313, 2, 24, 124, 10066 }, // U+00FF
    { 21, 29, 341, 0, 28, 153, 0 }, // U+0100
    { 18, 24, 335, 1, 23, 108, 153 }, // U+0101
    { 21, 32, 341, 0, 31, 168, 261 }, // U+0102
    { 18, 25, 335, 1, 24, 113, 429 }, // U+0103
    { 22, 31, 343, 0, 24, 171, 542 }, // U+0104
    { 18, 27, 335, 1, 19, 122, 713 }, // U+0105
    { 20, 31, 334, 1, 30, 155, 835 }, // U+0106
    { 16, 27, 277, 1, 26, 108, 990 }, // U+0107
    { 20, 31, 334, 1, 30, 155, 1098 }, // U+0108
    { 16, 26, 277, 1, 25, 104, 1253 }, // U+0109
    { 20, 30, 334, 1, 29, 150, 1357 }, // U+010A
    { 16, 25, 277, 1, 24, 100, 1507 }, // U+010B
    { 20, 31, 334, 1, 30, 155, 1607 }, // U+010C
    { 16, 26, 277, 1, 25, 104, 1762 }, // U+010D
    { 21, 30, 381, 2, 30, 158, 1866 }, // U+010E
    { 26, 27, 378, 1, 26, 176, 2024 }, // U+010F
    { 24, 24, 381, -1, 24, 144, 2200 }, // U+0110
    { 21, 26, 335, 1, 25, 137, 2344 }, // U+0111
    { 16, 28, 305, 2, 28, 112, 2481 }, // U+0112
    { 18, 24, 315, 1, 23, 108, 2593 }, // U+0113
    { 16, 31, 305, 2, 31, 124, 2701 }, // U+0114
    { 18, 25, 315, 1, 24, 113, 2825 }, // U+0115
    { 16, 29, 305, 2, 29, 116, 2938 }, // U+0116
    { 18, 25, 315, 1, 24, 113, 3054 }, // U+0117
    { 16, 31, 305, 2, 24, 124, 3167 }, // U+0118
    { 18, 26, 315, 1, 19, 117, 3291 }, // U+0119
    { 16, 30, 305, 2, 30, 120, 3408 }, // U+011A
    { 18, 26, 315, 1, 25, 117, 3528 }, // U+011B
    { 21, 31, 371, 1, 30, 163, 3645 }, // U+011C
    { 19, 32, 340, 1, 25, 152, 3808 }, // U+011D
    { 21, 32, 371, 1, 31, 168, 3960 }, // U+011E
    { 19, 31, 340, 1, 24, 148, 4128 }, // U+011F
    { 21, 30, 371, 1, 29, 158, 4276 }, // U+0120
    { 19, 31, 340, 1, 24, 148, 4434 }, // U+0121
    { 21, 31, 371, 1, 24, 163, 4582 }, // U+0122
    { 19, 35, 340, 1, 28, 167, 4745 }, // U+0123
    { 20, 30, 383, 2, 30, 150, 4912 }, // U+0124
    { 19, 32, 312, -1, 32, 152, 5062 }, // U+0125
    { 25, 24, 429, 1, 24, 150, 5214 }, // U+0126
    { 19, 25, 312, -1, 25, 119, 5364 }, // U+0127
    { 13, 31, 147, -2, 31, 101, 5483 }, // U+0128
    { 14, 26, 126, -3, 26, 91, 5584 }, // U+0129
    { 13, 28, 147, -2, 28, 91, 5675 }, // U+012A
    { 12, 23, 126, -2, 23, 69, 5766 }, // U+012B
    { 12, 31, 147, -1, 31, 93, 5835 }, // U+012C
    { 12, 24, 126, -2, 24, 72, 5928 }, // U+012D
    { 8, 31, 149, -1, 24, 62, 6000 }, // U+012E
    { 9, 31, 126, -1, 24, 70, 6062 }, // U+012F
    { 5, 29, 147, 2, 29, 37, 6132 }, // U+0130
    { 5, 18, 126, 1, 18, 23, 6169 }, // U+0131
    { 16, 25, 313, 2, 24, 100, 6192 }, // U+0132
    { 13, 31, 256, 1, 24, 101, 6292 }, // U+0133
    { 18, 31, 294, 1, 30, 140, 6393 }, // U+0134
    { 11, 32, 147, -1, 25, 88, 6533 }, // U+0135
    { 19, 31, 349, 2, 24, 148, 6621 }, // U+0136
    { 16, 36, 303, 2, 25, 144, 6769 }, // U+0137
    { 16, 18, 303, 2, 18, 72, 6913 }, // U+0138
    { 16, 30, 300, 2, 30, 120, 6985 }, // U+0139
    { 8, 31, 144, 2, 31, 62, 7105 }, // U+013A
    { 16, 31, 300, 2, 24, 124, 7167 }, // U+013B
    { 8, 36, 144, 0, 25, 72, 7291 }, // U+013C
    { 16, 26, 300, 2, 26, 104, 7363 }, // U+013D
    { 12, 26, 180, 2, 26, 78, 7467 }, // U+013E
    { 16, 24, 289, 2, 24, 96, 7545 }, // U+013F
    { 12, 25, 212, 2, 25, 75, 7641 }, // U+0140
    { 19, 24, 338, 1, 24, 114, 7716 }, // U+0141
    { 11, 25, 144, -1, 25, 69, 7830 }, // U+0142
    { 20, 30, 392, 2, 30, 150, 7899 }, // U+0143
    { 16, 26, 318, 2, 26, 104, 8049 }, // U+0144
    { 20, 31, 392, 2, 24, 155, 8153 }, // U+0145
    { 16, 30, 318, 2, 19, 120, 8308 }, // U+0146
    { 20, 30, 392, 2, 30, 150, 8428 }, // U+0147
    { 16, 25, 318, 2, 25, 100, 8578 }, // U+0148
    { 21, 24, 333, -2, 24, 126, 8678 }, // U+0149
    { 21, 31, 403, 2, 24, 163, 8804 }, // U+014A
    { 16, 26, 318, 2, 19, 104, 8967 }, // U+014B
    { 23, 29, 405, 1, 28, 167, 9071 }, // U+014C
    { 19, 24, 333, 1, 23, 114, 9238 }, // U+014D
    { 23, 32, 405, 1, 31, 184, 9352 }, // U+014E
    { 19, 25, 333, 1, 24, 119, 9536 }, // U+014F
    { 23, 33, 405, 1, 32, 190, 9655 }, // U+0150
    { 19, 27, 333, 1, 26, 129, 9845 }, // U+0151
    { 30, 24, 516, 1, 24, 180, 9974 }, // U+0152
    { 32, 20, 541, 1, 19, 160, 10154 }, // U+0153
    { 20, 31, 366, 2, 30, 155, 10314 }, // U+0154
    { 12, 26, 231, 2, 26, 78, 10469 }, // U+0155
    { 20, 31, 366, 2, 24, 155, 10547 }, // U+0156
    { 14, 30, 231, 0, 19, 105, 10702 }, // U+0157
    { 20, 31, 366, 2, 30, 155, 10807 }, // U+0158
    { 12, 25, 231, 2, 25, 75, 10962 }, // U+0159
    { 18, 31, 318, 1, 30, 140, 11037 }, // U+015A
    { 15, 27, 257, 0, 26, 102, 11177 }, // U+015B
    { 18, 31, 318, 1, 30, 140, 11279 }, // U+015C
    { 15, 26, 257, 0, 25, 98, 11419 }, // U+015D
    { 18, 30, 318, 1, 24, 135, 11517 }, // U+015E
    { 15, 25, 257, 0, 19, 94, 11652 }, // U+015F
    { 18, 31, 318, 1, 30, 140, 11746 }, // U+0160
    { 15, 26, 257, 0, 25, 98, 11886 }, // U+0161
    { 19, 30, 334, 1, 24, 143, 11984 }, // U+0162
    { 13, 28, 218, 0, 22, 91, 12127 }, // U+0163
    { 19, 30, 334, 1, 30, 143, 12218 }, // U+0164
    { 15, 29, 218, 0, 29, 109, 12361 }, // U+0165
    { 19, 24, 334, 1, 24, 114, 12470 }, // U+0166
    { 13, 22, 218, 0, 22, 72, 12584 }, // U+0167
    { 19, 32, 376, 2, 31, 152, 12656 }, // U+0168
    { 16, 27, 313, 2, 26, 108, 12808 }, // U+0169
    { 19, 29, 376, 2, 28, 138, 12916 }, // U+016A
    { 16, 24, 313, 2, 23, 96, 13054 }, // U+016B
    { 19, 32, 376, 2, 31, 152, 13150 }, // U+016C
    { 16, 25, 313, 2, 24, 100, 13302 }, // U+016D
    { 19, 34, 376, 2, 33, 162, 13402 }, // U+016E
    { 16, 28, 313, 2, 27, 112, 13564 }, // U+016F
    { 19, 33, 376, 2, 32, 157, 13676 }, // U+0170
    { 16, 27, 313, 2, 26, 108, 13833 }, // U+0171
    { 19, 31, 376, 2, 24, 148, 13941 }, // U+0172
    { 16, 25, 313, 2, 18, 100, 14089 }, // U+0173
    { 31, 30, 503, 0, 30, 233, 14189 }, // U+0174
    { 24, 26, 410, 1, 25, 156, 14422 }, // U+0175
    { 20, 30, 318, 0, 30, 150, 14578 }, // U+0176
    { 16, 32, 313, 2, 25, 128, 14728 }, // U+0177
    { 20, 30, 318, 0, 30, 150, 14856 }, // U+0178
    { 20, 30, 346, 1, 30, 150, 15006 }, // U+0179
    { 16, 26, 258, 0, 26, 104, 15156 }, // U+017A
    { 20, 29, 346, 1, 29, 145, 15260 }, // U+017B
    { 16, 24, 258, 0, 24, 96, 15405 }, // U+017C
    { 20, 30, 346, 1, 30, 150, 15501 }, // U+017D
    { 16, 25, 258, 0, 25, 100, 15651 }, // U+017E
    { 23, 29, 405, 1, 28, 167, 0 }, // U+01A0
    { 19, 23, 333, 1, 22, 110, 167 }, // U+01A1
    { 23, 29, 376, 2, 28, 167, 277 }, // U+01AF
    { 20, 23, 313, 2, 22, 115, 444 }, // U+01B0
    { 43, 30, 727, 2, 30, 323, 559 }, // U+01C4
    { 38, 25, 639, 2, 25, 238, 882 }, // U+01C5
    { 36, 26, 593, 1, 25, 234, 1120 }, // U+01C6
    { 33, 25, 594, 2, 24, 207, 1354 }, // U+01C7
    { 24, 31, 446, 2, 24, 186, 1561 }, // U+01C8
    { 14, 32, 283, 2, 25, 112, 1747 }, // U+01C9
    { 39, 25, 686, 2, 24, 244, 1859 }, // U+01CA
    { 30, 31, 539, 2, 24, 233, 2103 }, // U+01CB
    { 25, 31, 464, 2, 24, 194, 2336 }, // U+01CC
    { 21, 31, 341, 0, 30, 163, 2530 }, // U+01CD
    { 18, 26, 335, 1, 25, 117, 2693 }, // U+01CE
    { 11, 30, 147, -1, 30, 83, 2810 }, // U+01CF
    { 10, 25, 126, -1, 25, 63, 2893 }, // U+01D0
    { 23, 31, 405, 1, 30, 179, 2956 }, // U+01D1
    { 19, 26, 333, 1, 25, 124, 3135 }, // U+01D2
    { 19, 31, 376, 2, 30, 148, 3259 }, // U+01D3
    { 16, 26, 313, 2, 25, 104, 3407 }, // U+01D4
    { 21, 31, 371, 1, 30, 163, 3511 }, // U+01E6
    { 19, 32, 340, 1, 25, 152, 3674 }, // U+01E7
    { 23, 31, 405, 1, 24, 179, 3826 }, // U+01EA
    { 19, 26, 327, 1, 19, 124, 4005 }, // U+01EB
    { 38, 24, 639, 2, 24, 228, 4129 }, // U+01F2
    { 21, 36, 343, 0, 35, 189, 4357 }, // U+01FA
    { 18, 34, 332, 1, 33, 153, 4546 }, // U+01FB
    { 29, 31, 471, 0, 30, 225, 4699 }, // U+01FC
    { 29, 27, 494, 1, 26, 196, 4924 }, // U+01FD
    { 23, 32, 394, 1, 30, 184, 5120 }, // U+01FE
    { 19, 27, 333, 1, 26, 129, 5304 }, // U+01FF
    { 21, 32, 341, 0, 31, 168, 5433 }, // U+0200
    { 18, 27, 335, 1, 26, 122, 5601 }, // U+0201
    { 21, 32, 341, 0, 31, 168, 5723 }, // U+0202
    { 18, 26, 335, 1, 25, 117, 5891 }, // U+0203
    { 17, 31, 305, 1, 31, 132, 6008 }, // U+0204
    { 18, 27, 315, 1, 26, 122, 6140 }, // U+0205
    { 16, 31, 305, 2, 31, 124, 6262 }, // U+0206
    { 18, 26, 315, 1, 25, 117, 6386 }, // U+0207
    { 14, 31, 147, -4, 31, 109, 6503 }, // U+0208
    { 14, 26, 126, -5, 26, 91, 6612 }, // U+0209
    { 12, 31, 147, -1, 31, 93, 6703 }, // U+020A
    { 12, 25, 126, -2, 25, 75, 6796 }, // U+020B
    { 23, 32, 405, 1, 31, 184, 6871 }, // U+020C
    { 19, 27, 333, 1, 26, 129, 7055 }, // U+020D
    { 23, 32, 405, 1, 31, 184, 7184 }, // U+020E
    { 19, 26, 333, 1, 25, 124, 7368 }, // U+020F
    { 20, 32, 366, 2, 31, 160, 7492 }, // U+0210
    { 15, 26, 231, -1, 26, 98, 7652 }, // U+0211
    { 20, 32, 366, 2, 31, 160, 7750 }, // U+0212
    { 13, 25, 231, 1, 25, 82, 7910 }, // U+0213
    { 19, 32, 376, 2, 31, 152, 7992 }, // U+0214
    { 17, 27, 313, 1, 26, 115, 8144 }, // U+0215
    { 19, 32, 376, 2, 31, 152, 8259 }, // U+0216
    { 16, 26, 313, 2, 25, 104, 8411 }, // U+0217
    { 18, 31, 318, 1, 24, 140, 8515 }, // U+0218
    { 15, 30, 257, 0, 19, 113, 8655 }, // U+0219
    { 19, 31, 334, 1, 24, 148, 8768 }, // U+021A
    { 13, 33, 218, 0, 22, 108, 8916 }, // U+021B
    { 8, 6, 0, 0, 25, 12, 0 }, // U+0300
    { 7, 8, 0, 1, 27, 14, 12 }, // U+0301
    { 10, 6, 0, 1, 25, 15, 26 }, // U+0302
    { 13, 7, 0, 1, 26, 23, 41 }, // U+0303
    { 13, 3, 0, 1, 23, 10, 64 }, // U+0304
    { 12, 5, 0, 1, 24, 15, 74 }, // U+0306
    { 5, 4, 0, 1, 24, 5, 89 }, // U+0307
    { 12, 4, 0, 1, 24, 12, 94 }, // U+0308
    { 7, 8, 0, 1, 26, 14, 106 }, // U+0309
    { 9, 8, 0, 1, 27, 18, 120 }, // U+030A
    { 12, 7, 0, 1, 26, 21, 138 }, // U+030B
    { 10, 5, 0, 1, 25, 13, 159 }, // U+030C
    { 14, 6, 0, 0, 26, 21, 172 }, // U+030F
    { 12, 5, 0, 1, 25, 15, 193 }, // U+0311
    { 7, 9, 0, 8, 28, 16, 208 }, // U+0312
    { 7, 8, 0, 2, 21, 14, 224 }, // U+031B
    { 5, 5, 0, 1, -1, 7, 238 }, // U+0323
    { 12, 5, 0, 1, -1, 15, 245 }, // U+0324
    { 8, 9, 0, 0, -2, 18, 260 }, // U+0326
    { 7, 7, 0, 1, 1, 13, 278 }, // U+0327
    { 9, 10, 0, 1, 3, 23, 291 }, // U+0328
    { 10, 6, 0, 1, -1, 15, 314 }, // U+032D
    { 12, 6, 0, 1, 0, 18, 329 }, // U+032E
    { 13, 4, 0, 1, -1, 13, 347 }, // U+0331
    { 11, 5, 0, 1, 13, 14, 360 }, // U+0335
    { 21, 29, 341, 0, 24, 153, 0 }, // U+1EA0
    { 18, 25, 335, 1, 19, 113, 153 }, // U+1EA1
    { 21, 33, 341, 0, 32, 174, 266 }, // U+1EA2
    { 18, 27, 335, 1, 26, 122, 440 }, // U+1EA3
    { 22, 34, 341, 0, 33, 187, 562 }, // U+1EA4
    { 19, 31, 335, 1, 30, 148, 749 }, // U+1EA5
    { 21, 37, 341, 0, 36, 195, 897 }, // U+1EA6
    { 18, 31, 335, 1, 30, 140, 1092 }, // U+1EA7
    { 21, 35, 341, 0, 34, 184, 1232 }, // U+1EA8
    { 18, 30, 335, 1, 29, 135, 1416 }, // U+1EA9
    { 21, 37, 341, 0, 36, 195, 1551 }, // U+1EAA
    { 18, 32, 335, 1, 31, 144, 1746 }, // U+1EAB
    { 21, 35, 341, 0, 30, 184, 1890 }, // U+1EAC
    { 18, 31, 335, 1, 25, 140, 2074 }, // U+1EAD
    { 21, 37, 341, 0, 36, 195, 2214 }, // U+1EAE
    { 18, 32, 335, 1, 31, 144, 2409 }, // U+1EAF
    { 21, 38, 341, 0, 37, 200, 2553 }, // U+1EB0
    { 18, 31, 335, 1, 30, 140, 2753 }, // U+1EB1
    { 21, 39, 341, 0, 38, 205, 2893 }, // U+1EB2
    { 18, 32, 335, 1, 31, 144, 3098 }, // U+1EB3
    { 21, 38, 341, 0, 37, 200, 3242 }, // U+1EB4
    { 18, 32, 335, 1, 31, 144, 3442 }, // U+1EB5
    { 21, 36, 341, 0, 31, 189, 3586 }, // U+1EB6
    { 18, 30, 335, 1, 24, 135, 3775 }, // U+1EB7
    { 16, 29, 305, 2, 24, 116, 3910 }, // U+1EB8
    { 18, 25, 315, 1, 19, 113, 4026 }, // U+1EB9
    { 16, 32, 305, 2, 32, 128, 4139 }, // U+1EBA
    { 18, 27, 315, 1, 26, 122, 4267 }, // U+1EBB
    { 16, 31, 305, 2, 31, 124, 4389 }, // U+1EBC
    { 18, 27, 315, 1, 26, 122, 4513 }, // U+1EBD
    { 20, 33, 305, 2, 33, 165, 4635 }, // U+1EBE
    { 19, 31, 315, 1, 30, 148, 4800 }, // U+1EBF
    { 16, 36, 305, 2, 36, 144, 4948 }, // U+1EC0
    { 18, 31, 315, 1, 30, 140, 5092 }, // U+1EC1
    { 16, 40, 305, 2, 40, 160, 5232 }, // U+1EC2
    { 18, 30, 315, 1, 29, 135, 5392 }, // U+1EC3
    { 16, 36, 305, 2, 36, 144, 5527 }, // U+1EC4
    { 18, 32, 315, 1, 31, 144, 5671 }, // U+1EC5
    { 16, 35, 305, 2, 30, 140, 5815 }, // U+1EC6
    { 18, 31, 315, 1, 25, 140, 5955 }, // U+1EC7
    { 8, 32, 147, 0, 32, 64, 6095 }, // U+1EC8
    { 7, 26, 126, 0, 26, 46, 6159 }, // U+1EC9
    { 5, 29, 147, 2, 24, 37, 6205 }, // U+1ECA
    { 6, 30, 126, 1, 24, 45, 6242 }, // U+1ECB
    { 23, 29, 405, 1, 24, 167, 6287 }, // U+1ECC
    { 19, 25, 333, 1, 19, 119, 6454 }, // U+1ECD
    { 23, 33, 405, 1, 32, 190, 6573 }, // U+1ECE
    { 19, 27, 333, 1, 26, 129, 6763 }, // U+1ECF
    { 23, 34, 405, 1, 33, 196, 6892 }, // U+1ED0
    { 19, 31, 333, 1, 30, 148, 7088 }, // U+1ED1
    { 23, 36, 405, 1, 35, 207, 7236 }, // U+1ED2
    { 19, 31, 333, 1, 30, 148, 7443 }, // U+1ED3
    { 23, 36, 405, 1, 35, 207, 7591 }, // U+1ED4
    { 19, 30, 333, 1, 29, 143, 7798 }, // U+1ED5
    { 23, 37, 405, 1, 36, 213, 7941 }, // U+1ED6
    { 19, 32, 333, 1, 31, 152, 8154 }, // U+1ED7
    { 23, 35, 405, 1, 30, 202, 8306 }, // U+1ED8
    { 19, 31, 333, 1, 25, 148, 8508 }, // U+1ED9
    { 23, 31, 405, 1, 30, 179, 8656 }, // U+1EDA
    { 19, 27, 333, 1, 26, 129, 8835 }, // U+1EDB
    { 23, 32, 405, 1, 31, 184, 8964 }, // U+1EDC
    { 19, 26, 333, 1, 25, 124, 9148 }, // U+1EDD
    { 23, 33, 405, 1, 32, 190, 9272 }, // U+1EDE
    { 19, 27, 333, 1, 26, 129, 9462 }, // U+1EDF
    { 23, 33, 405, 1, 32, 190, 9591 }, // U+1EE0
    { 19, 27, 333, 1, 26, 129, 9781 }, // U+1EE1
    { 23, 33, 405, 1, 28, 190, 9910 }, // U+1EE2
    { 19, 28, 333, 1, 22, 133, 10100 }, // U+1EE3
    { 19, 29, 376, 2, 24, 138, 10233 }, // U+1EE4
    { 16, 24, 313, 2, 18, 96, 10371 }, // U+1EE5
    { 19, 33, 376, 2, 32, 157, 10467 }, // U+1EE6
    { 16, 27, 313, 2, 26, 108, 10624 }, // U+1EE7
    { 23, 31, 376, 2, 30, 179, 10732 }, // U+1EE8
    { 20, 27, 313, 2, 26, 135, 10911 }, // U+1EE9
    { 23, 32, 376, 2, 31, 184, 11046 }, // U+1EEA
    { 20, 26, 313, 2, 25, 130, 11230 }, // U+1EEB
    { 23, 33, 376, 2, 32, 190, 11360 }, // U+1EEC
    { 20, 27, 313, 2, 26, 135, 11550 }, // U+1EED
    { 23, 32, 376, 2, 31, 184, 11685 }, // U+1EEE
    { 20, 27, 313, 2, 26, 135, 11869 }, // U+1EEF
    { 23, 33, 376, 2, 28, 190, 12004 }, // U+1EF0
    { 20, 28, 313, 2, 22, 140, 12194 }, // U+1EF1
    { 20, 31, 318, 0, 31, 155, 12334 }, // U+1EF2
    { 16, 32, 313, 2, 25, 128, 12489 }, // U+1EF3
    { 20, 29, 318, 0, 24, 145, 12617 }, // U+1EF4
    { 20, 25, 313, 2, 18, 125, 12762 }, // U+1EF5
    { 20, 32, 318, 0, 32, 160, 12887 }, // U+1EF6
    { 16, 33, 313, 2, 26, 132, 13047 }, // U+1EF7
    { 20, 31, 318, 0, 31, 155, 13179 }, // U+1EF8
    { 16, 33, 313, 2, 26, 132, 13334 }, // U+1EF9
    { 0, 0, 293, 0, 0, 0, 0 }, // U+2007
    { 0, 0, 139, 0, 0, 0, 0 }, // U+2008
    { 0, 0, 109, 0, 0, 0, 0 }, // U+2009
    { 0, 0, 54, 0, 0, 0, 0 }, // U+200A
    { 0, 0, 0, 0, 0, 0, 0 }, // U+200B
    { 11, 5, 211, 1, 13, 14, 0 }, // U+2010
    { 15, 5, 275, 1, 13, 19, 14 }, // U+2012
    { 15, 5, 275, 1, 13, 19, 33 }, // U+2013
    { 27, 5, 472, 1, 13, 34, 52 }, // U+2014
    { 27, 5, 472, 1, 13, 34, 86 }, // U+2015
    { 8, 9, 147, 0, 24, 18, 120 }, // U+2018
    { 8, 9, 147, 0, 24, 18, 138 }, // U+2019
    { 8, 9, 147, 0, 4, 18, 156 }, // U+201A
    { 15, 9, 243, 0, 24, 34, 174 }, // U+201C
    { 15, 9, 243, 0, 24, 34, 208 }, // U+201D
    { 14, 9, 231, 1, 4, 32, 242 }, // U+201E
    { 13, 18, 246, 1, 25, 59, 274 }, // U+2020
    { 12, 19, 220, 1, 25, 57, 333 }, // U+2021
    { 10, 10, 186, 1, 17, 25, 390 }, // U+2022
    { 18, 5, 333, 1, 5, 23, 415 }, // U+2026
    { 38, 25, 630, 1, 24, 238, 438 }, // U+2030
    { 13, 11, 229, 1, 24, 36, 676 }, // U+2033
    { 8, 15, 147, 0, 16, 30, 712 }, // U+2039
    { 8, 15, 147, 0, 16, 30, 742 }, // U+203A
    { 18, 25, 288, 0, 24, 113, 772 }, // U+2044
    { 11, 14, 206, 1, 26, 39, 0 }, // U+2070
    { 12, 13, 234, 1, 26, 39, 39 }, // U+2074
    { 10, 14, 202, 1, 25, 35, 78 }, // U+2075
    { 10, 14, 187, 1, 26, 35, 113 }, // U+2076
    { 10, 14, 186, 1, 25, 35, 148 }, // U+2077
    { 11, 14, 207, 1, 26, 39, 183 }, // U+2078
    { 10, 14, 187, 1, 26, 35, 222 }, // U+2079
    { 11, 14, 206, 1, 7, 39, 257 }, // U+2080
    { 7, 13, 171, 1, 6, 23, 296 }, // U+2081
    { 10, 13, 194, 1, 6, 33, 319 }, // U+2082
    { 9, 14, 189, 2, 7, 32, 352 }, // U+2083
    { 12, 13, 234, 1, 6, 39, 384 }, // U+2084
    { 10, 14, 202, 1, 6, 35, 423 }, // U+2085
    { 10, 14, 187, 1, 6, 35, 458 }, // U+2086
    { 10, 14, 186, 1, 6, 35, 493 }, // U+2087
    { 11, 14, 207, 1, 6, 39, 528 }, // U+2088
    { 10, 14, 187, 1, 6, 35, 567 }, // U+2089
    { 22, 32, 334, 1, 27, 176, 0 }, // U+20A1
    { 19, 24, 300, -1, 24, 114, 176 }, // U+20A3
    { 21, 25, 333, 0, 24, 132, 290 }, // U+20A4
    { 27, 24, 392, -1, 24, 162, 422 }, // U+20A6
    { 23, 24, 322, -1, 24, 138, 584 }, // U+20A7
    { 31, 24, 503, 0, 24, 186, 722 }, // U+20A9
    { 15, 24, 268, 1, 24, 90, 908 }, // U+20AB
    { 22, 25, 334, -1, 24, 138, 998 }, // U+20AC
    { 22, 24, 349, -1, 24, 132, 1136 }, // U+20AD
    { 23, 24, 322, -1, 24, 138, 1268 }, // U+20B1
    { 21, 32, 371, 1, 27, 168, 1406 }, // U+20B2
    { 20, 31, 334, 1, 27, 155, 1574 }, // U+20B5
    { 17, 25, 295, 1, 24, 107, 1729 }, // U+20B9
    { 20, 25, 338, 0, 24, 125, 1836 }, // U+20BA
    { 19, 28, 376, 2, 27, 133, 1961 }, // U+20BC
    { 19, 24, 322, 0, 24, 114, 2094 }, // U+20BD
    { 18, 26, 324, 1, 25, 117, 0 }, // U+2202
    { 19, 19, 339, 1, 18, 91, 117 }, // U+2205
    { 22, 24, 385, 1, 24, 132, 208 }, // U+2206
    { 24, 31, 392, 0, 24, 186, 340 }, // U+220F
    { 16, 23, 280, 1, 23, 92, 526 }, // U+2211
    { 18, 4, 330, 1, 13, 18, 618 }, // U+2212
    { 17, 32, 302, 1, 27, 136, 636 }, // U+2215
    { 7, 7, 142, 1, 14, 13, 772 }, // U+2219
    { 22, 24, 374, 1, 24, 132, 785 }, // U+221A
    { 27, 14, 459, 1, 15, 95, 917 }, // U+221E
    { 20, 32, 310, 0, 26, 160, 1012 }, // U+222B
    { 17, 14, 309, 1, 18, 60, 1172 }, // U+2248
    { 18, 19, 330, 1, 21, 86, 1232 }, // U+2260
    { 18, 19, 346, 2, 21, 86, 1318 }, // U+2264
    { 18, 19, 346, 2, 21, 86, 1404 }, // U+2265
    { 20, 25, 359, 1, 25, 125, 0 }, // U+FB01
    { 21, 25, 377, 1, 25, 132, 125 }, // U+FB02
};

static const EpdUnicodeInterval quicksand_16_bolditalicIntervals[] = {
    { 0xD, 0xD, 0x0 },
    { 0x20, 0x7E, 0x1 },
    { 0xA0, 0xFF, 0x60 },
    { 0x100, 0x17E, 0xC0 },
    { 0x1A0, 0x1A1, 0x13F },
    { 0x1AF, 0x1B0, 0x141 },
    { 0x1C4, 0x1D4, 0x143 },
    { 0x1E6, 0x1E7, 0x154 },
    { 0x1EA, 0x1EB, 0x156 },
    { 0x1F2, 0x1F2, 0x158 },
    { 0x1FA, 0x21B, 0x159 },
    { 0x300, 0x304, 0x17B },
    { 0x306, 0x30C, 0x180 },
    { 0x30F, 0x30F, 0x187 },
    { 0x311, 0x312, 0x188 },
    { 0x31B, 0x31B, 0x18A },
    { 0x323, 0x324, 0x18B },
    { 0x326, 0x328, 0x18D },
    { 0x32D, 0x32E, 0x190 },
    { 0x331, 0x331, 0x192 },
    { 0x335, 0x335, 0x193 },
    { 0x1EA0, 0x1EF9, 0x194 },
    { 0x2007, 0x200B, 0x1EE },
    { 0x2010, 0x2010, 0x1F3 },
    { 0x2012, 0x2015, 0x1F4 },
    { 0x2018, 0x201A, 0x1F8 },
    { 0x201C, 0x201E, 0x1FB },
    { 0x2020, 0x2022, 0x1FE },
    { 0x2026, 0x2026, 0x201 },
    { 0x2030, 0x2030, 0x202 },
    { 0x2033, 0x2033, 0x203 },
    { 0x2039, 0x203A, 0x204 },
    { 0x2044, 0x2044, 0x206 },
    { 0x2070, 0x2070, 0x207 },
    { 0x2074, 0x2079, 0x208 },
    { 0x2080, 0x2089, 0x20E },
    { 0x20A1, 0x20A1, 0x218 },
    { 0x20A3, 0x20A4, 0x219 },
    { 0x20A6, 0x20A7, 0x21B },
    { 0x20A9, 0x20A9, 0x21D },
    { 0x20AB, 0x20AD, 0x21E },
    { 0x20B1, 0x20B2, 0x221 },
    { 0x20B5, 0x20B5, 0x223 },
    { 0x20B9, 0x20BA, 0x224 },
    { 0x20BC, 0x20BD, 0x226 },
    { 0x2202, 0x2202, 0x228 },
    { 0x2205, 0x2206, 0x229 },
    { 0x220F, 0x220F, 0x22B },
    { 0x2211, 0x2212, 0x22C },
    { 0x2215, 0x2215, 0x22E },
    { 0x2219, 0x221A, 0x22F },
    { 0x221E, 0x221E, 0x231 },
    { 0x222B, 0x222B, 0x232 },
    { 0x2248, 0x2248, 0x233 },
    { 0x2260, 0x2260, 0x234 },
    { 0x2264, 0x2265, 0x235 },
    { 0xFB01, 0xFB02, 0x237 },
};

static const EpdFontGroup quicksand_16_bolditalicGroups[] = {
    { 0, 3959, 9578, 96, 0 },
    { 3959, 3485, 10906, 96, 96 },
    { 7444, 4182, 16607, 127, 192 },
    { 11626, 2979, 9664, 60, 319 },
    { 14605, 308, 424, 25, 379 },
    { 14913, 2333, 14322, 90, 404 },
    { 17246, 503, 950, 25, 494 },
    { 17749, 291, 689, 17, 519 },
    { 18040, 1068, 2357, 16, 536 },
    { 19108, 735, 1598, 15, 552 },
    { 19843, 109, 275, 2, 567 },
};

static const EpdKernClassEntry quicksand_16_bolditalicKernLeftClasses[] = {
    { 0x0026, 1 }, // &
    { 0x0028, 2 }, // (
    { 0x002A, 3 }, // *
    { 0x002B, 4 }, // +
    { 0x002C, 5 }, // ,
    { 0x002D, 4 }, // -
    { 0x002E, 6 }, // .
    { 0x002F, 7 }, // /
    { 0x0030, 8 }, // 0
    { 0x0034, 9 }, // 4
    { 0x0035, 10 }, // 5
    { 0x0036, 11 }, // 6
    { 0x0037, 12 }, // 7
    { 0x0039, 13 }, // 9
    { 0x003E, 14 }, // >
    { 0x003F, 15 }, // ?
    { 0x0041, 16 }, // A
    { 0x0042, 17 }, // B
    { 0x0044, 8 }, // D
    { 0x0045, 18 }, // E
    { 0x0046, 19 }, // F
    { 0x0047, 20 }, // G
    { 0x004A, 21 }, // J
    { 0x004B, 22 }, // K
    { 0x004C, 23 }, // L
    { 0x004F, 8 }, // O
    { 0x0050, 24 }, // P
    { 0x0051, 8 }, // Q
    { 0x0052, 25 }, // R
    { 0x0053, 26 }, // S
    { 0x0054, 27 }, // T
    { 0x0055, 28 }, // U
    { 0x0056, 29 }, // V
    { 0x0057, 30 }, // W
    { 0x0058, 31 }, // X
    { 0x0059, 32 }, // Y
    { 0x005A, 33 }, // Z
    { 0x005C, 34 }, // <backslash>
    { 0x005F, 35 }, // _
    { 0x0061, 36 }, // a
    { 0x0062, 37 }, // b
    { 0x0063, 38 }, // c
    { 0x0064, 39 }, // d
    { 0x0065, 40 }, // e
    { 0x0066, 41 }, // f
    { 0x0067, 42 }, // g
    { 0x0068, 43 }, // h
    { 0x0069, 44 }, // i
    { 0x006A, 45 }, // j
    { 0x006B, 46 }, // k
    { 0x006C, 47 }, // l
    { 0x006D, 43 }, // m
    { 0x006E, 43 }, // n
    { 0x006F, 37 }, // o
    { 0x0070, 37 }, // p
    { 0x0071, 48 }, // q
    { 0x0072, 49 }, // r
    { 0x0073, 50 }, // s
    { 0x0074, 51 }, // t
    { 0x0075, 52 }, // u
    { 0x0076, 53 }, // v
    { 0x0077, 54 }, // w
    { 0x0078, 55 }, // x
    { 0x0079, 56 }, // y
    { 0x007A, 57 }, // z
    { 0x007E, 4 }, // ~
    { 0x00B7, 58 }, // U+00B7
    { 0x00BF, 59 }, // U+00BF
    { 0x00D9, 28 }, // U+00D9
    { 0x00DA, 28 }, // U+00DA
    { 0x00DB, 28 }, // U+00DB
    { 0x00DC, 28 }, // U+00DC
    { 0x00DD, 32 }, // U+00DD
    { 0x00DE, 60 }, // U+00DE
    { 0x00DF, 61 }, // U+00DF
    { 0x00E0, 36 }, // U+00E0
    { 0x00E1, 36 }, // U+00E1
    { 0x00E2, 36 }, // U+00E2
    { 0x00E3, 36 }, // U+00E3
    { 0x00E4, 36 }, // U+00E4
    { 0x00E5, 36 }, // U+00E5
    { 0x00E8, 40 }, // U+00E8
    { 0x00E9, 40 }, // U+00E9
    { 0x00EA, 40 }, // U+00EA
    { 0x00EB, 40 }, // U+00EB
    { 0x00F0, 62 }, // U+00F0
    { 0x00F2, 37 }, // U+00F2
    { 0x00F3, 37 }, // U+00F3
    { 0x00F4, 37 }, // U+00F4
    { 0x00F5, 37 }, // U+00F5
    { 0x00F6, 37 }, // U+00F6
    { 0x00F7, 4 }, // U+00F7
    { 0x00F8, 37 }, // U+00F8
    { 0x00F9, 52 }, // U+00F9
    { 0x00FA, 52 }, // U+00FA
    { 0x00FB, 52 }, // U+00FB
    { 0x00FC, 52 }, // U+00FC
    { 0x00FD, 56 }, // U+00FD
    { 0x00FF, 56 }, // U+00FF
    { 0x0101, 36 }, // U+0101
    { 0x0103, 36 }, // U+0103
    { 0x0105, 36 }, // U+0105
    { 0x010F, 63 }, // U+010F
    { 0x0113, 40 }, // U+0113
    { 0x0114, 18 }, // U+0114
    { 0x0115, 40 }, // U+0115
    { 0x0117, 40 }, // U+0117
    { 0x0119, 40 }, // U+0119
    { 0x011B, 40 }, // U+011B
    { 0x013E, 64 }, // U+013E
    { 0x014D, 37 }, // U+014D
    { 0x014F, 37 }, // U+014F
    { 0x0151, 37 }, // U+0151
    { 0x0153, 37 }, // U+0153
    { 0x0165, 65 }, // U+0165
    { 0x0169, 52 }, // U+0169
    { 0x016A, 28 }, // U+016A
    { 0x016B, 52 }, // U+016B
    { 0x016D, 52 }, // U+016D
    { 0x016E, 28 }, // U+016E
    { 0x016F, 52 }, // U+016F
    { 0x0170, 28 }, // U+0170
    { 0x0171, 52 }, // U+0171
    { 0x0172, 28 }, // U+0172
    { 0x0173, 52 }, // U+0173
    { 0x0176, 32 }, // U+0176
    { 0x0177, 56 }, // U+0177
    { 0x0178, 32 }, // U+0178
    { 0x01A1, 37 }, // U+01A1
    { 0x01B0, 52 }, // U+01B0
    { 0x01CD, 16 }, // U+01CD
    { 0x01CE, 36 }, // U+01CE
    { 0x01D2, 37 }, // U+01D2
    { 0x01D4, 52 }, // U+01D4
    { 0x01EB, 37 }, // U+01EB
    { 0x01FB, 36 }, // U+01FB
    { 0x01FF, 37 }, // U+01FF
    { 0x0200, 16 }, // U+0200
    { 0x0201, 36 }, // U+0201
    { 0x0202, 16 }, // U+0202
    { 0x0203, 36 }, // U+0203
    { 0x0204, 18 }, // U+0204
    { 0x0205, 40 }, // U+0205
    { 0x0206, 18 }, // U+0206
    { 0x0207, 40 }, // U+0207
    { 0x020D, 37 }, // U+020D
    { 0x020F, 37 }, // U+020F
    { 0x0215, 52 }, // U+0215
    { 0x0217, 52 }, // U+0217
    { 0x1EA0, 16 }, // U+1EA0
    { 0x1EA1, 36 }, // U+1EA1
    { 0x1EA2, 16 }, // U+1EA2
    { 0x1EA3, 36 }, // U+1EA3
    { 0x1EA4, 16 }, // U+1EA4
    { 0x1EA5, 36 }, // U+1EA5
    { 0x1EA6, 16 }, // U+1EA6
    { 0x1EA7, 36 }, // U+1EA7
    { 0x1EA8, 16 }, // U+1EA8
    { 0x1EA9, 36 }, // U+1EA9
    { 0x1EAA, 16 }, // U+1EAA
    { 0x1EAB, 36 }, // U+1EAB
    { 0x1EAC, 16 }, // U+1EAC
    { 0x1EAD, 36 }, // U+1EAD
    { 0x1EAE, 16 }, // U+1EAE
    { 0x1EAF, 36 }, // U+1EAF
    { 0x1EB0, 16 }, // U+1EB0
    { 0x1EB1, 36 }, // U+1EB1
    { 0x1EB2, 16 }, // U+1EB2
    { 0x1EB3, 36 }, // U+1EB3
    { 0x1EB4, 16 }, // U+1EB4
    { 0x1EB5, 36 }, // U+1EB5
    { 0x1EB6, 16 }, // U+1EB6
    { 0x1EB7, 36 }, // U+1EB7
    { 0x1EB8, 18 }, // U+1EB8
    { 0x1EB9, 40 }, // U+1EB9
    { 0x1EBA, 18 }, // U+1EBA
    { 0x1EBB, 40 }, // U+1EBB
    { 0x1EBC, 18 }, // U+1EBC
    { 0x1EBD, 40 }, // U+1EBD
    { 0x1EBE, 18 }, // U+1EBE
    { 0x1EBF, 40 }, // U+1EBF
    { 0x1EC0, 18 }, // U+1EC0
    { 0x1EC1, 40 }, // U+1EC1
    { 0x1EC2, 18 }, // U+1EC2
    { 0x1EC3, 40 }, // U+1EC3
    { 0x1EC4, 18 }, // U+1EC4
    { 0x1EC5, 40 }, // U+1EC5
    { 0x1EC6, 18 }, // U+1EC6
    { 0x1EC7, 40 }, // U+1EC7
    { 0x1ECD, 37 }, // U+1ECD
    { 0x1ECF, 37 }, // U+1ECF
    { 0x1ED1, 37 }, // U+1ED1
    { 0x1ED3, 37 }, // U+1ED3
    { 0x1ED5, 37 }, // U+1ED5
    { 0x1ED7, 37 }, // U+1ED7
    { 0x1ED9, 37 }, // U+1ED9
    { 0x1EDB, 37 }, // U+1EDB
    { 0x1EDD, 37 }, // U+1EDD
    { 0x1EDF, 37 }, // U+1EDF
    { 0x1EE1, 37 }, // U+1EE1
    { 0x1EE3, 37 }, // U+1EE3
    { 0x1EE5, 52 }, // U+1EE5
    { 0x1EE7, 52 }, // U+1EE7
    { 0x1EE9, 52 }, // U+1EE9
    { 0x1EEB, 52 }, // U+1EEB
    { 0x1EED, 52 }, // U+1EED
    { 0x1EEF, 52 }, // U+1EEF
    { 0x1EF1, 52 }, // U+1EF1
    { 0x1EF2, 32 }, // U+1EF2
    { 0x1EF3, 56 }, // U+1EF3
    { 0x1EF5, 56 }, // U+1EF5
    { 0x2013, 66 }, // U+2013
    { 0x2014, 4 }, // U+2014
    { 0x2018, 67 }, // U+2018
    { 0x2019, 68 }, // U+2019
    { 0x201C, 67 }, // U+201C
    { 0x201D, 68 }, // U+201D
    { 0x2022, 69 }, // U+2022
    { 0x2212, 4 }, // U+2212
    { 0x2248, 4 }, // U+2248
    { 0x2260, 4 }, // U+2260
};

static const EpdKernClassEntry quicksand_16_bolditalicKernRightClasses[] = {
    { 0x0021, 1 }, // !
    { 0x0022, 2 }, // "
    { 0x0029, 3 }, // )
    { 0x002A, 4 }, // *
    { 0x002C, 5 }, // ,
    { 0x002E, 6 }, // .
    { 0x002F, 7 }, // /
    { 0x0031, 8 }, // 1
    { 0x0034, 9 }, // 4
    { 0x0036, 10 }, // 6
    { 0x0037, 11 }, // 7
    { 0x0039, 12 }, // 9
    { 0x0041, 13 }, // A
    { 0x0043, 14 }, // C
    { 0x0047, 14 }, // G
    { 0x004A, 15 }, // J
    { 0x004F, 14 }, // O
    { 0x0051, 14 }, // Q
    { 0x0053, 16 }, // S
    { 0x0054, 17 }, // T
    { 0x0055, 18 }, // U
    { 0x0056, 19 }, // V
    { 0x0057, 20 }, // W
    { 0x0058, 21 }, // X
    { 0x0059, 22 }, // Y
    { 0x005A, 23 }, // Z
    { 0x005C, 24 }, // <backslash>
    { 0x005D, 25 }, // ]
    { 0x005F, 26 }, // _
    { 0x0061, 27 }, // a
    { 0x0062, 28 }, // b
    { 0x0063, 29 }, // c
    { 0x0064, 29 }, // d
    { 0x0065, 29 }, // e
    { 0x0066, 30 }, // f
    { 0x0067, 31 }, // g
    { 0x0068, 28 }, // h
    { 0x006A, 32 }, // j
    { 0x006B, 28 }, // k
    { 0x006C, 28 }, // l
    { 0x006D, 33 }, // m
    { 0x006E, 33 }, // n
    { 0x006F, 29 }, // o
    { 0x0070, 34 }, // p
    { 0x0071, 29 }, // q
    { 0x0072, 33 }, // r
    { 0x0073, 35 }, // s
    { 0x0074, 36 }, // t
    { 0x0075, 37 }, // u
    { 0x0076, 38 }, // v
    { 0x0077, 39 }, // w
    { 0x0078, 40 }, // x
    { 0x0079, 41 }, // y
    { 0x007A, 42 }, // z
    { 0x00A1, 43 }, // U+00A1
    { 0x00B7, 44 }, // U+00B7
    { 0x00BF, 45 }, // U+00BF
    { 0x00D0, 46 }, // U+00D0
    { 0x00D9, 18 }, // U+00D9
    { 0x00DA, 18 }, // U+00DA
    { 0x00DB, 18 }, // U+00DB
    { 0x00DC, 18 }, // U+00DC
    { 0x00DD, 22 }, // U+00DD
    { 0x00DF, 47 }, // U+00DF
    { 0x00E0, 27 }, // U+00E0
    { 0x00E1, 27 }, // U+00E1
    { 0x00E2, 27 }, // U+00E2
    { 0x00E3, 27 }, // U+00E3
    { 0x00E4, 27 }, // U+00E4
    { 0x00E5, 27 }, // U+00E5
    { 0x00E8, 29 }, // U+00E8
    { 0x00E9, 29 }, // U+00E9
    { 0x00EA, 29 }, // U+00EA
    { 0x00EB, 29 }, // U+00EB
    { 0x00F0, 48 }, // U+00F0
    { 0x00F9, 37 }, // U+00F9
    { 0x00FA, 37 }, // U+00FA
    { 0x00FB, 37 }, // U+00FB
    { 0x00FC, 37 }, // U+00FC
    { 0x00FD, 41 }, // U+00FD
    { 0x00FE, 49 }, // U+00FE
    { 0x00FF, 41 }, // U+00FF
    { 0x0101, 27 }, // U+0101
    { 0x0103, 27 }, // U+0103
    { 0x0105, 27 }, // U+0105
    { 0x0113, 29 }, // U+0113
    { 0x0115, 29 }, // U+0115
    { 0x0117, 29 }, // U+0117
    { 0x0119, 29 }, // U+0119
    { 0x011B, 29 }, // U+011B
    { 0x013E, 28 }, // U+013E
    { 0x0169, 37 }, // U+0169
    { 0x016A, 18 }, // U+016A
    { 0x016B, 37 }, // U+016B
    { 0x016D, 37 }, // U+016D
    { 0x016E, 18 }, // U+016E
    { 0x016F, 37 }, // U+016F
    { 0x0170, 18 }, // U+0170
    { 0x0171, 37 }, // U+0171
    { 0x0172, 18 }, // U+0172
    { 0x0173, 37 }, // U+0173
    { 0x0176, 22 }, // U+0176
    { 0x0177, 41 }, // U+0177
    { 0x0178, 22 }, // U+0178
    { 0x01B0, 37 }, // U+01B0
    { 0x01CD, 13 }, // U+01CD
    { 0x01CE, 27 }, // U+01CE
    { 0x01D4, 37 }, // U+01D4
    { 0x01FB, 27 }, // U+01FB
    { 0x0200, 13 }, // U+0200
    { 0x0201, 27 }, // U+0201
    { 0x0202, 13 }, // U+0202
    { 0x0203, 27 }, // U+0203
    { 0x0205, 29 }, // U+0205
    { 0x0207, 29 }, // U+0207
    { 0x0215, 37 }, // U+0215
    { 0x0217, 37 }, // U+0217
    { 0x1EA0, 13 }, // U+1EA0
    { 0x1EA1, 27 }, // U+1EA1
    { 0x1EA2, 13 }, // U+1EA2
    { 0x1EA3, 27 }, // U+1EA3
    { 0x1EA4, 13 }, // U+1EA4
    { 0x1EA5, 27 }, // U+1EA5
    { 0x1EA6, 13 }, // U+1EA6
    { 0x1EA7, 27 }, // U+1EA7
    { 0x1EA8, 13 }, // U+1EA8
    { 0x1EA9, 27 }, // U+1EA9
    { 0x1EAA, 13 }, // U+1EAA
    { 0x1EAB, 27 }, // U+1EAB
    { 0x1EAC, 13 }, // U+1EAC
    { 0x1EAD, 27 }, // U+1EAD
    { 0x1EAE, 13 }, // U+1EAE
    { 0x1EAF, 27 }, // U+1EAF
    { 0x1EB0, 13 }, // U+1EB0
    { 0x1EB1, 27 }, // U+1EB1
    { 0x1EB2, 13 }, // U+1EB2
    { 0x1EB3, 27 }, // U+1EB3
    { 0x1EB4, 13 }, // U+1EB4
    { 0x1EB5, 27 }, // U+1EB5
    { 0x1EB6, 13 }, // U+1EB6
    { 0x1EB7, 27 }, // U+1EB7
    { 0x1EB9, 29 }, // U+1EB9
    { 0x1EBB, 29 }, // U+1EBB
    { 0x1EBD, 29 }, // U+1EBD
    { 0x1EBF, 29 }, // U+1EBF
    { 0x1EC1, 29 }, // U+1EC1
    { 0x1EC3, 29 }, // U+1EC3
    { 0x1EC5, 29 }, // U+1EC5
    { 0x1EC7, 29 }, // U+1EC7
    { 0x1EE5, 37 }, // U+1EE5
    { 0x1EE7, 37 }, // U+1EE7
    { 0x1EE9, 37 }, // U+1EE9
    { 0x1EEB, 37 }, // U+1EEB
    { 0x1EED, 37 }, // U+1EED
    { 0x1EEF, 37 }, // U+1EEF
    { 0x1EF1, 37 }, // U+1EF1
    { 0x1EF2, 22 }, // U+1EF2
    { 0x1EF3, 41 }, // U+1EF3
    { 0x1EF5, 41 }, // U+1EF5
    { 0x201C, 50 }, // U+201C
    { 0x201D, 51 }, // U+201D
    { 0x2022, 52 }, // U+2022
};

static const int8_t quicksand_16_bolditalicKernMatrix[] = {
       0,    0,   -8,    0,    0,    0,    0,    0,    0,    0,    0,    0,    0,    0,    0,    0,    0,    0,    0,    0,    0,    0,    0,    0,    0,    0,    0,    0,    0,    0,    0,    0,    0,    0,    0,    0,    0,    0,    0,    0,    0,    0,    0,    0,    0,    0,    0,   -5,    0,    0,    0,    0,
       0,    0,    0,    0,    0,    0,    0,    0,    0,    0,    0,    0,    0,    0,    0,    0,    0,    0,    0,    0,    0,    0,    0,    0,    0,    0,    0,    0,    0,    0,    0,    0,    0,    0,    0,    0,    0,    0,    0,    0,    0,    0,    0,    0,    0,    0,    0,    0,    8,    0,    0,    0,
       0,    0,    0,    0,    0,    0,    0,    0,    0,    0,    0,    0,    0,    0,    0,    0,    0,    0,    0,    0,    0,    0,    0,    0,    0,    0,    0,    0,    0,    0,    0,    0,    0,    0,    0,    0,    0,    0,    0,    0,    0,    0,    0,    0,    0,    0,    0,  -13,    0,    0,    0,    0,
       0,    0,    0,    0,    0,    0,    0,  -21,    0,    0,    0,    0,    0,    0,    0,    0,    0,    0,    0,    0,    0,    0,    0,    0,    0,    0,    0,    0,    0,    0,    0,    0,    0,    0,    0,    0,    0,    0,    0,    0,    0,    0,    0,    0,    0,    0,    0,    0,    0,    0,    0,    0,
       0,    0,    0,    0,    0,    0,    0,  -37,    0,    0,    0,    0,    0,    0,    0,    0,    0,    0,    0,    0,    0,    0,    0,    0,    0,    0,    0,    0,    0,    0,    0,    7,    0,    0,    0,    0,    0,    0,    0,    0,    0,    0,    0,    0,    0,    0,    0,    0,    0,    0,    0,    0,
       0,    0,    0,    0,    0,    0,    0,  -27,  -16,    0,    0,    0,    0,    0,    0,    0,    0,    0,    0,    0,    0,    0,    0,    0,    0,    0,    0,    0,    0,    0,    0,    0,    0,    0,    0,    0,    0,    0,    0,    0,    0,    0,    0,    0,    0,    0,    0,    0,    0,    0,    0,    0,
       0,    0,    0,    0,    0,    0,  -49,    0,    0,    0,    0,    0,    0,    0,    0,    0,    0,    0,    0,    0,    0,    0,    0,    0,    0,    0,    0,    0,    0,    0,    0,    0,    0,    0,    0,    0,    0,    0,    0,    0,    0,    0,    0,    0,    0,    0,   -6,  -17,    0,    0,    0,    0,
       0,    0,    0,    0,    0,    0,    0,    0,    0,    0,  -21,    0,   -3,    0,   -8,    0,  -11,    0,   -6,   -3,  -17,  -14,   -8,    0,    0,    0,    0,    0,    4,    0,    0,    0,    0,    0,    0,    0,    0,    0,    0,   -5,    0,   -1,    0,    0,    0,    0,    0,    0,    0,    0,    0,    0,
       0,    0,    0,    0,    0,    0,    0,  -16,    0,    0,  -16,  -11,    0,    0,    0,    0,    0,    0,    0,    0,    0,    0,    0,    0,    0,    0,    0,    0,    0,    0,    0,    0,    0,    0,    0,    0,    0,    0,    0,    0,    0,    0,    0,    0,    0,    0,    0,    0,    0,    0,    0,    0,
       0,    0,    0,    0,    0,  -21,    0,    0,    0,    0,    0,    0,    0,    0,    0,    0,    0,    0,    0,    0,    0,    0,    0,    0,    0,    0,    0,    0,    0,    0,    0,    0,    0,    0,    0,    0,    0,    0,    0,    0,    0,    0,    0,    0,    0,    0,    0,    0,    0,    0,    0,    0,
       0,    0,    0,    0,    0,    0,    0,  -11,    0,    0,    0,    0,    0,    0,    0,    0,    0,    0,    0,    0,    0,    0,    0,    0,    0,    0,    0,    0,    0,    0,    0,    0,    0,    0,    0,    0,    0,    0,    0,    0,    0,    0,    0,    0,    0,    0,    0,    0,    0,    0,    0,    0,
       0,    0,    0,    0,  -16,  -37,    0,   21,  -21,  -16,    0,    0,    0,  -11,    0,    0,    0,    0,    0,    0,    0,    0,    0,    0,    0,    0,    0,    0,    0,    0,    0,    0,    0,    0,    0,    0,    0,    0,    0,    0,    0,    0,    0,    0,    0,    0,    0,    0,    0,    0,    0,    0,
       0,    0,    0,    0,  -11,  -21,    0,    0,    0,    0,  -16,    0,    0,    0,    0,    0,    0,    0,    0,    0,    0,    0,    0,    0,    0,    0,    0,    0,    0,    0,    0,    0,    0,    0,    0,    0,    0,    0,    0,    0,    0,    0,    0,    0,    0,    0,    0,    0,    0,    0,    0,    0,
       0,    0,    0,    0,    0,    0,    0,  -16,    0,    0,    0,    0,    0,    0,    0,    0,    0,    0,    0,    0,    0,    0,    0,    0,    0,    0,    0,    0,    0,    0,    0,    0,    0,    0,    0,    0,    0,    0,    0,    0,    0,    0,    0,    0,    0,    0,    0,    0,    0,    0,    0,    0,
       0,    0,    0,    0,    0,    0,    0,    0,    0,    0,    0,    0,    0,    0,    0,    0,    0,    0,    0,    0,    0,    0,    0,    0,    0,    0,    0,    0,    0,    0,    0,    0,    0,    0,    0,    0,    0,    0,    0,    0,    0,    0,    0,    0,    0,    0,    0,   -8,    0,    0,    0,    0,
       0,    0,    0,    0,    0,    0,    0,    0,    0,    0,    0,    0,    0,   -3,    0,    0,  -27,   -5,  -49,  -12,    0,  -23,    0,    0,    0,    0,   11,    0,    0,    0,    0,    0,    0,    0,    0,   -3,   -5,  -15,   -5,    0,  -13,    0,    0,    0,    0,    0,    0,    0,    0,    0,    0,    0,
       0,    0,    0,    0,    0,    0,    0,    0,    0,    0,    0,    0,    0,    0,    0,    0,   -8,    0,   -4,   -3,   -6,  -12,    0,    0,    0,    0,    0,   -2,   -1,    0,   -3,    0,    0,    0,    0,    0,    0,    0,    0,   -2,    0,    0,    0,    0,    0,    0,    0,    0,    0,    0,    0,    0,
       0,    0,    0,    0,    0,    0,    0,    0,    0,    0,    0,    0,    0,    0,   -5,    0,    0,    0,    0,    0,    0,    0,    0,    0,    0,    0,    0,    0,   -3,    0,   -5,    0,    0,    0,    0,    0,   -5,   -8,    0,    0,   -5,    0,    0,    0,    0,    0,    0,    0,    0,    0,    0,    0,
       0,    0,    0,    0,    0,    0,    0,    0,    0,    0,    0,    0,  -17,   -5,  -64,   -3,    8,    0,    0,    0,   -3,    0,    0,    0,    0,    0,  -11,    0,   -8,    0,   -5,    0,   -5,   -5,   -5,    0,   -8,   -3,    0,   -8,    0,   -3,    0,    0,    0,    0,    0,    0,    0,    0,    0,    0,
       0,    0,    0,    0,    0,    0,    0,    0,    0,    0,    0,    0,    0,    0,    0,    0,  -13,    0,   -8,   -5,    0,  -13,    0,    0,    0,    0,    7,    0,    0,    0,    0,    0,    0,    0,    0,    0,    0,    0,    0,    0,    0,    0,    0,    0,    0,    0,    0,    0,    0,    0,    0,    0,
       0,    0,    0,    0,    0,    0,    0,    0,    0,    0,    0,    0,   -8,    0,    0,    0,    0,    0,    0,    0,    0,    0,    0,    0,    0,    0,    0,    0,    0,    0,    0,    0,    0,    0,    0,    0,    0,    0,    0,    0,    0,    0,    0,    0,    0,    0,    0,    0,    0,    0,    0,    0,
       0,    0,    0,    0,    0,    0,    0,    0,    0,    0,    0,    0,    0,  -16,   -3,   -5,    0,   -8,   -3,   -3,    0,   11,    0,    0,    0,    0,    0,    0,  -11,    0,    0,    0,   -4,   -4,   -2,   -2,   -6,   -4,   -7,    0,  -11,    0,    0,    0,    0,    0,    0,    0,    0,    0,    0,    0,
       0,    0,    0,    0,    0,    0,    0,    0,    0,    0,    0,    0,    0,   -5,    0,    0,  -53,  -11,  -27,  -16,    0,  -32,    0,    0,    0,    0,    0,    0,    0,    0,    0,    0,    0,    0,    0,   -3,    0,  -13,   -3,    0,  -12,   11,    0,    0,    0,    0,    0,    0,    0,    0,    0,    0,
       0,    0,    0,    0,  -53,  -53,    0,    0,    0,    0,    0,    0,  -21,    0,  -40,    0,    0,    0,    0,    4,   -8,    0,   -8,    0,    0,    0,   -3,    0,   -5,    4,   -5,    0,    0,    0,    0,    8,   -3,    5,    8,    0,    5,    0,    0,    0,    0,    0,    0,    0,    0,    0,    0,    0,
       0,    0,    0,    0,    0,    0,    0,    0,    0,    0,    0,    0,    0,   -5,    0,    0,   -8,   -3,   -8,   -1,    0,  -11,    0,    0,    0,    0,    2,    0,   -3,    0,    0,    0,    0,    0,    0,    0,   -5,    0,    0,    0,    0,    0,    0,    0,    0,    0,    0,    0,    0,    0,    0,    0,
       0,    0,    0,    0,    0,    0,    0,    0,    0,    0,    0,    0,    0,    0,    0,    0,    0,    0,    0,    0,   -8,   -8,    0,    0,    0,    0,    0,    0,    0,    0,    0,    0,    0,    0,    0,    0,    0,    0,    0,    0,    0,    0,    0,    0,    0,    0,    0,    0,    0,    0,    0,    0,
       0,    0,    0,    0,    0,  -53,    0,    0,    0,    0,    0,    0,  -27,  -11,  -35,    0,   16,    0,    5,    5,    0,    5,    0,    0,    0,    0,  -53,    0,  -64,    0,  -24,    0,  -32,  -11,  -53,    0,  -64,   -5,  -64,   -8,   -5,  -64,    0,    0,    0,    0,    0,    0,    0,    0,    0,    0,
       0,    0,    0,    0,    0,    0,    0,    0,    0,    0,    0,    0,   -5,    0,   -5,   -5,    0,    0,    0,    0,   -5,   -5,    0,    0,    0,    0,    0,    0,    0,    0,    0,    0,    0,    0,    0,    0,    0,    0,    0,   -3,    0,    0,    0,    0,    0,    0,    0,    0,    0,    0,    0,    0,
       0,    0,    0,    0,    0,    0,    0,    0,    0,    0,    0,    0,  -18,   -6,  -29,   -5,    5,    0,    0,    0,    0,    0,    0,    0,    0,    0,   -7,    0,  -12,    0,  -11,    0,   -7,   -7,   -8,    0,   -5,    0,    0,    0,    0,   -3,    0,    0,    0,    0,    0,    0,    0,    0,    0,    0,
       0,    0,    0,    0,    0,    0,    0,    0,    0,    0,    0,    0,  -12,   -3,  -16,   -5,    5,    0,    0,    0,    0,    0,    0,    0,    0,    0,   -5,    0,   -8,    0,  -11,    0,   -2,   -2,    0,    0,   -5,    0,    0,    0,    0,    0,    0,    0,    0,    0,    0,    0,    0,    0,    0,    0,
       0,    0,    0,    0,    0,    0,    0,    0,    0,    0,    0,    0,    0,  -14,    0,   -8,    0,   -5,    0,    0,    0,    0,    0,    0,    0,    0,    0,    0,   -9,    0,   -1,    0,    0,    0,    0,    0,   -5,  -14,   -9,    0,  -13,    0,    0,    0,    0,    0,    0,    0,    0,    0,    0,    0,
       0,    0,    0,    0,    0,    0,    0,    0,    0,    0,    0,    0,  -23,  -14,  -37,  -13,    5,   -5,    0,    0,    0,    0,    0,    0,    0,    0,  -17,    0,  -22,    0,  -20,    0,  -12,  -11,  -19,    0,  -11,   -5,   -5,  -11,   -5,   -5,    0,    0,    0,    0,    0,    0,    0,    0,    0,    0,
       0,    0,    0,    0,    0,    0,    0,    0,    0,    0,    0,    0,    0,   -3,    0,    0,    0,    0,    0,    0,    0,    0,    0,    0,    0,    0,    0,    0,   -3,    0,    0,    0,    0,    0,    0,    0,   -3,   -3,    0,    0,    0,    0,    0,    0,    0,    0,    0,    0,    0,    0,    0,    0,
       0,    0,    0,    0,    0,    0,    0,    0,    0,    0,    0,    0,    0,    0,    0,    0,    0,    0,    0,    0,    0,    0,    0,  -49,    0,    0,    0,    0,    0,    0,    0,    0,    0,    0,    0,    0,    0,    0,    0,    0,    0,    0,    0,    0,    0,    0,   -3,  -12,    0,    0,    0,    0,
       0,    0,    0,    0,    0,    0,    0,    0,    0,    0,    0,    0,    0,    0,    0,    0,    0,    0,    0,    0,    0,    0,    0,    0,    0,    0,    0,    0,    0,    0,    0,    0,    0,    0,    0,    0,    0,    0,    0,    0,    0,    0,    0,    0,    0,    0,    0,  -18,    4,    0,    0,    0,
       0,    0,    0,    0,    0,    0,    0,    0,    0,    0,    0,    0,   11,  -11,    0,    0,  -35,   -5,  -15,   -5,    0,  -28,    0,    0,    0,    0,    5,    0,    0,    0,    0,    0,    0,    0,    0,    0,   -5,   -6,   -3,    0,    0,    0,    0,    0,    0,    0,    0,    0,    0,    0,    0,    0,
       0,    0,    0,    0,    0,    0,    0,    0,    0,    0,    0,    0,    0,    0,    0,    0,  -26,    0,  -12,   -8,   -9,  -21,   -5,    0,    0,    0,    0,    0,    0,    0,    0,    0,    0,    0,    0,    0,    0,   -3,    0,    0,    0,   -5,    0,    0,    0,    0,    0,    0,    0,    0,    0,    0,
       0,    0,    0,    0,    0,    0,    0,    0,    0,    0,    0,    0,    0,    0,    0,    0,  -16,    0,   -8,   -5,   -3,  -19,    0,    0,    0,    0,    0,    0,    0,    0,    0,    0,    0,    0,    0,    0,    0,    0,    0,    0,    0,    0,    0,    0,    0,    0,    0,    0,    0,    0,    0,    0,
       0,    0,    0,    0,    0,    0,    0,    0,    0,    0,    0,    0,    0,    0,    0,    0,    0,    0,    0,    0,    0,    0,    0,    0,    0,    0,    0,    0,    0,    0,    0,    0,    0,    0,    0,    0,    9,    0,    0,    0,    0,    0,    0,    0,    0,    0,    0,    0,    0,    0,    0,    0,
       0,    0,    0,    0,    0,    0,    0,    0,    0,    0,    0,    0,    0,    0,    0,    0,  -24,    0,  -11,   -5,   -5,  -19,    0,    0,    0,    0,    2,    0,    0,    0,   -3,    0,    0,    0,    0,    0,    0,   -3,    0,    0,   -3,    0,    0,    0,    0,    0,    0,    0,    0,    0,    0,    0,
       0,    0,    0,    0,    0,    0,    0,    0,    0,    0,    0,    0,  -11,    0,    0,    0,   32,    0,   29,   27,   27,   27,   27,    0,    0,    0,    0,    0,  -16,    0,    0,    0,    0,    0,    0,    2,    0,    5,    1,    0,    0,    2,    0,    0,    0,    0,    0,    0,    0,    0,    0,    0,
       0,    0,    0,    0,   -3,    0,    0,    0,    0,    0,    0,    0,   -8,   -5,    0,   -3,    0,    0,    0,    0,    0,   -8,    0,    0,    0,    0,   -3,    0,  -11,    0,    0,    5,    0,    0,   -5,    0,   -4,    0,    0,    0,    0,    0,    0,    0,    0,    0,    0,    0,    0,    0,    0,    0,
       0,    0,    0,    0,    0,    0,    0,    0,    0,    0,    0,    0,    0,    0,    0,    0,  -16,    0,   -8,    0,    0,  -13,    0,    0,    0,    0,    0,    0,    0,    0,    0,    0,    0,    0,    0,    0,    0,   -3,    0,    0,   -3,    0,    0,    0,    0,    0,    0,    0,    0,    0,    0,    0,
       0,    0,    0,    0,    0,    0,    0,    0,    0,    0,    0,    0,    0,    0,    0,    0,  -16,    0,    0,    0,    0,    0,    0,    0,    0,    0,    0,    0,    0,    0,    0,    0,    0,    0,    0,    0,    0,    0,    0,    0,    0,    0,    0,    0,    0,    0,    0,    0,    0,    0,    0,    0,
       0,    0,    0,    0,    0,    0,    0,    0,    0,    0,    0,    0,    0,    0,    0,    0,  -16,   -5,    0,    0,    0,    0,    0,    0,    0,    0,    0,    0,    0,    0,    0,    3,    0,    0,    0,    0,    0,    0,    0,    0,    0,    0,    0,    0,    0,    0,    0,    0,    0,    0,    0,    0,
       0,    0,    0,    0,    0,    0,    0,    0,    0,    0,    0,    0,    0,   -5,    0,    0,    0,    0,    0,    0,    0,  -11,    0,    0,    0,    0,   -2,   -3,  -12,    0,    0,   -3,    0,    0,   -3,    0,   -3,    0,    0,    0,    0,    0,    0,    0,    0,    0,    0,    0,    0,    0,    0,    0,
       0,    0,    0,    0,    0,    0,    0,    0,    0,    0,    0,    0,    0,  -11,    0,    0,  -13,    0,  -16,  -11,    0,  -16,    0,    0,    0,    0,    0,    0,   -5,    0,   -5,   -7,    0,    0,    0,   -2,   -3,  -13,   -8,    0,   -8,    0,    0,    0,    0,    0,    0,    0,    0,    0,    0,    0,
       0,    0,    0,    0,    0,    0,    0,    0,    0,    0,    0,    0,    0,    0,    0,    0,  -11,    0,  -11,    0,    0,   -8,    0,    0,    0,    0,    0,    0,    0,    0,    0,    0,    0,    0,    0,    0,    0,    0,    0,    0,    0,    0,    0,    0,    0,    0,    0,    0,    0,    0,    0,    0,
       0,    0,    0,    0,    0,  -64,    0,    0,    0,    0,    0,    0,  -16,    0,    0,    0,   -5,    0,    0,    0,   -8,    0,    0,    0,    0,    0,   -6,    0,  -12,    0,   -8,   -5,    0,    0,    0,    0,    0,   27,   27,    0,    0,    0,    0,    0,    0,    0,    0,    0,    0,    0,    0,    0,
       0,    0,    0,    0,    0,    0,    0,    0,    0,    0,    0,    0,    0,   -3,    0,    0,  -24,    0,   -3,    0,   -3,  -11,    0,    0,    0,    0,    4,    0,    0,    0,    0,    0,    0,    0,    0,    0,    0,    0,    0,   -3,    0,    0,    0,    0,    0,    0,    0,    0,    0,    0,    0,    0,
       0,    0,    0,    0,    0,    0,    0,    0,    0,    0,    0,    0,    0,    0,    0,    0,    0,    0,    0,    0,    0,    0,    0,    0,    0,    0,    0,    0,   -3,  -13,   -3,    0,    0,    0,   11,    0,    0,    0,   21,    0,    0,    0,    0,    0,    0,    0,    0,    0,    0,    0,    0,    0,
       0,    0,    0,    0,    0,    0,    0,    0,    0,    0,    0,    0,    0,    0,    0,    0,  -16,    0,   -5,   -5,    0,   -8,    0,    0,    0,    0,    0,    0,    0,    0,   -5,    0,    0,    0,    0,    0,    0,    0,    0,    0,    0,    0,    0,    0,    0,    0,    0,    0,    0,    0,    0,    0,
       0,    0,    0,    0,    0,    0,    0,    0,    0,    0,    0,    0,  -13,    0,    0,    0,   -5,    0,    0,    0,  -14,   -5,  -11,    0,    0,    0,   -1,    0,   -3,    0,   -3,    0,    0,    0,   -3,   27,    0,   27,    0,    0,    0,    0,    0,    0,    0,    0,    0,    0,    0,    0,    0,    0,
       0,    0,    0,    0,    0,    0,    0,    0,    0,    0,    0,    0,   -3,    0,    0,    0,   -5,    0,    0,    0,   -9,   -5,   -3,    0,    0,    0,    2,    0,    0,    0,    0,    0,    0,    0,   -3,   27,    0,   21,    0,    0,    0,    0,    0,    0,    0,    0,    0,    0,    0,    0,    0,    0,
       0,    0,    0,    0,    0,    0,    0,    0,    0,    0,    0,    0,    0,   -5,    0,    0,   -8,   -3,    0,    0,    0,  -11,    0,    0,    0,    0,    0,    0,    0,    0,    0,    0,    0,    0,   -3,   27,   -3,    0,    0,    0,    0,    0,    0,    0,    0,    0,    0,    0,    0,    0,    0,    0,
       0,    0,    0,    0,    0,    0,    0,    0,    0,    0,    0,    0,  -13,    0,    0,    0,   -5,    0,    0,    0,  -11,   -5,   -5,    0,    0,    0,    0,    0,   -3,    0,   -8,    0,    0,    0,   -5,    0,    0,    0,    0,    0,    0,    0,    0,    0,    0,    0,    0,    0,    0,    0,    0,    0,
       0,    0,    0,    0,    0,    0,    0,    0,    0,    0,    0,    0,    0,    0,    0,    0,   -5,    0,    0,    0,    0,   -5,    0,    0,    0,    0,    0,    0,   -5,    0,    0,    0,    0,    0,    0,    0,    0,    0,    0,    0,    0,    0,    0,    0,    0,    0,    0,    0,    0,    0,    0,    0,
       0,    0,    0,    0,    0,    0,    0,    0,    0,    0,    0,    0,    0,    0,    0,    0,    0,    0,    0,    0,    0,    0,    0,    0,    0,    0,    0,    0,    0,    0,    0,    0,    0,    0,    0,    0,    0,    0,    0,    0,    0,    0,    0,    0,    0,    0,    0,    5,    0,    0,    0,    0,
       0,    0,    0,    0,    0,    0,    0,    0,    0,    0,    0,    0,    0,    0,    0,    0,    0,    0,    0,    0,    0,    0,    0,    0,    0,    0,    0,    0,    0,    0,    0,    0,    0,    0,    0,    0,    0,    0,    0,    0,    0,    0,    0,    0,    0,    0,    0,  -16,    0,    0,    0,    0,
       5,    0,    0,   -3,    0,    0,  -21,    0,    0,    0,    0,    0,    0,    0,    0,    0,    0,    0,    0,    0,    0,    0,    0,  -11,    0,  -29,    0,    0,    0,    0,    0,    0,    0,    0,    0,    0,    0,    0,    0,    0,    0,    0,   11,   13,  -11,    0,    0,    0,    0,    0,    0,    2,
       0,    0,    0,  -11,    0,    0,   -6,    0,    0,    0,    0,    0,    0,    0,    0,    0,    0,    0,    0,    0,    0,    0,    0,   -3,    0,  -18,    0,    0,    0,    0,    0,    0,    0,    0,    0,    0,    0,    0,    0,    0,    0,    0,    0,    5,    0,    0,    0,    0,    0,    0,    0,    0,
       0,    0,    0,   -8,    0,    0,  -15,    0,    0,    0,    0,    0,    0,    0,    0,    0,    0,    0,    0,    0,    0,    0,    0,    0,    0,  -29,    0,    0,    0,    0,    0,    0,    0,    0,    0,    0,    0,    0,    0,    0,    0,    0,    0,    5,  -11,    0,    0,    0,    0,    0,    0,    0,
       0,   52,   67,   38,    0,    0,    0,    0,    0,    0,    0,    0,    0,    0,    0,    0,    0,    0,    0,    0,    0,    0,    0,   59,   70,    0,    0,   21,    0,    0,    0,    0,    0,    0,    0,    0,    0,    0,    0,    0,    0,    0,    0,    0,    0,    0,    0,    5,   32,   48,   59,    0,
       0,   33,   57,   15,    0,    0,    0,    0,    0,    0,    0,    0,    0,    0,    0,    0,    0,    0,    0,    0,    0,    0,    0,   46,   53,    0,    0,   21,    0,    0,    0,    0,    0,    0,    0,    0,    0,    0,    0,    0,    0,    0,    0,    0,    0,    0,    0,    5,   32,   35,   42,    0,
       0,    0,   18,    0,    0,    0,    0,    0,    0,    0,    0,    0,    0,    0,    0,    0,    0,    0,    0,    0,    0,    0,    0,    0,   11,    0,    0,    0,    0,    0,    0,    0,    0,    0,    0,    0,    0,    0,    0,    0,    0,    0,    0,    0,    0,    0,    0,    0,    0,    6,    6,    0,
       0,    0,    0,    0,    0,    0,    0,  -21,    0,    0,    0,    0,    0,    0,    0,    0,    0,    0,    0,    0,    0,    0,    0,    0,    0,    0,    0,    0,    0,    0,    0,    0,    0,    0,    0,    0,    0,    0,    0,    0,    0,    0,    0,    0,    0,    3,    0,    0,    0,    0,    0,    0,
       0,    0,    0,    0,    0,    0,    0,    0,  -21,    0,    0,  -11,    0,    0,    0,    0,    0,    0,    0,    0,    0,    0,    0,    0,    0,    0,    0,    0,    0,    0,    0,    0,    0,    0,    0,    0,    0,    0,    0,    0,    0,    0,    0,    0,    0,    0,    0,    0,    0,    0,    0,    0,
       0,    0,    0,    0,    0,    0,    0,    0,  -32,  -21,    0,  -11,    0,    0,    0,    0,    0,    0,    0,    0,    0,    0,    0,    0,    0,    0,    0,    0,    0,    0,    0,    0,    0,    0,    0,    0,    0,    0,    0,    0,    0,    0,    0,    0,    0,    0,    0,    0,    0,    0,    0,    0,
       0,    0,    0,    0,    0,    0,    0,    0,    0,    0,    0,    0,    0,    0,    0,    0,    0,    0,    0,    0,    0,    0,    0,    0,    0,    0,    0,    0,    0,    0,    0,    0,    0,    0,    0,    0,    0,    0,    0,    0,    0,    0,    0,    0,    0,    3,    0,    0,    0,    0,    0,    0,
};

static const EpdLigaturePair quicksand_16_bolditalicLigaturePairs[] = {
    { 0x00660069, 0xFB01 }, // f i -> U+FB01
    { 0x0066006C, 0xFB02 }, // f l -> U+FB02
};

static const EpdFontData quicksand_16_bolditalic = {
    quicksand_16_bolditalicBitmaps,
    quicksand_16_bolditalicGlyphs,
    quicksand_16_bolditalicIntervals,
    57,
    42,
    34,
    -9,
    true,
    quicksand_16_bolditalicGroups,
    11,
    nullptr,
    quicksand_16_bolditalicKernLeftClasses,
    quicksand_16_bolditalicKernRightClasses,
    quicksand_16_bolditalicKernMatrix,
    221,
    162,
    69,
    52,
    quicksand_16_bolditalicLigaturePairs,
    2,
};
