/**
 * generated by fontconvert.py
 * name: quicksand_12_bold
 * size: 12
 * mode: 2-bit  compressed: true
 * Command used: fontconvert.py quicksand_12_bold 12 ../builtinFonts/source/Quicksand/Quicksand-Bold.ttf --2bit --compress --pnum --darken-aa
 */
#pragma once
#include "EpdFontData.h"

static const uint8_t quicksand_12_boldBitmaps[13980] = {
    0xB5, 0x58, 0x3D, 0x8C, 0xDC, 0xC6, 0x15, 0x7E, 0x24, 0xED, 0xDB, 0x44, 0x04, 0xC2, 0x2B, 0xCE,
    0xC0, 0x45, 0x2A, 0xE8, 0xC2, 0x85, 0x21, 0x23, 0x66, 0xAB, 0x42, 0xBB, 0x43, 0xB8, 0x49, 0xE1,
    0x22, 0x57, 0xF8, 0xD2, 0xA4, 0x90, 0x8B, 0x34, 0x51, 0x0A, 0xB5, 0x29, 0x74, 0x4B, 0xC6, 0x2E,
    0x52, 0xA4, 0xF0, 0xB9, 0x08, 0x52, 0x5A, 0x85, 0x0A, 0x7B, 0x5D, 0xA8, 0x55, 0x21, 0xED, 0x8C,
    0xE5, 0x52, 0x85, 0xA8, 0x2A, 0x45, 0x1A, 0x22, 0x11, 0x12, 0x20, 0x2A, 0xCC, 0xC0, 0x1B, 0x80,
    0x96, 0x86, 0x9C, 0x7C, 0xDF, 0xCC, 0xAE, 0xEE, 0x47, 0x27, 0x4B, 0x0E, 0x90, 0x5D, 0xBE, 0xD9,
    0xE5, 0xCC, 0x70, 0xE6, 0xCD, 0xFB, 0xFD, 0x1E, 0x77, 0x45, 0x49, 0x85, 0xAF, 0xF2, 0xDF, 0x99,
    0xFF, 0x4E, 0xE5, 0x67, 0xF2, 0x23, 0x11, 0xD9, 0xF5, 0x23, 0x33, 0x39, 0x17, 0x1D, 0xAA, 0x3F,
    0x74, 0x6A, 0xD2, 0xAA, 0xB4, 0x99, 0xA5, 0xE6, 0x32, 0xAE, 0xAC, 0xBC, 0x94, 0x0A, 0x26, 0x7D,
    0x28, 0x78, 0xAA, 0x5F, 0x37, 0xB3, 0x68, 0x25, 0x5B, 0xEE, 0xCB, 0x51, 0x32, 0xE7, 0x5C, 0xC9,
    0x46, 0xC4, 0x26, 0x1D, 0x9B, 0x56, 0xA4, 0x9F, 0x34, 0x12, 0xF5, 0xA9, 0x91, 0x77, 0x9C, 0xEB,
    0x45, 0x39, 0x37, 0xB2, 0x19, 0x24, 0xE9, 0xF2, 0x5A, 0x92, 0x36, 0x2F, 0x65, 0xD2, 0x14, 0x22,
    0x89, 0xC9, 0x25, 0x7C, 0xF8, 0xAB, 0x4A, 0x11, 0xDD, 0x60, 0xC1, 0x81, 0x93, 0xCB, 0x4A, 0xBB,
    0x7A, 0x54, 0xEF, 0xCB, 0x80, 0x7E, 0x0D, 0xAA, 0x5C, 0x29, 0x85, 0x7B, 0x24, 0x29, 0x16, 0xF3,
    0x37, 0x4A, 0x1B, 0x51, 0x57, 0xCC, 0x9B, 0xEA, 0x17, 0x66, 0xC4, 0x7F, 0xF2, 0xA1, 0x30, 0x96,
    0xBA, 0x55, 0x58, 0x8B, 0x54, 0x84, 0xE5, 0x63, 0x30, 0x2B, 0xD9, 0x28, 0x79, 0x59, 0x60, 0x92,
    0xCC, 0x32, 0xB3, 0x94, 0x83, 0xEC, 0x2B, 0x2B, 0x07, 0xE9, 0xD7, 0x1D, 0x6E, 0xEF, 0xB7, 0xA2,
    0xAE, 0x7D, 0x66, 0x24, 0x77, 0x6A, 0xAB, 0x9C, 0xF4, 0x4B, 0xD5, 0x49, 0x64, 0x9D, 0x95, 0xE4,
    0xDF, 0xFD, 0x81, 0xA4, 0x7F, 0xEB, 0x66, 0x92, 0xDF, 0xEB, 0x20, 0xB4, 0x18, 0xFF, 0x96, 0xD2,
    0xDF, 0x15, 0x2B, 0xDA, 0x4A, 0x27, 0x05, 0x0E, 0x2C, 0x91, 0xC8, 0xD6, 0x77, 0xE4, 0xDF, 0x35,
    0x22, 0xCE, 0xF1, 0x51, 0x08, 0x22, 0xB6, 0x72, 0xC8, 0x06, 0x9F, 0x81, 0x0D, 0x18, 0x96, 0x89,
    0x6B, 0x76, 0xB1, 0xC7, 0x6A, 0x26, 0xEA, 0xE3, 0x01, 0x8D, 0xE0, 0xA8, 0x50, 0x87, 0xC5, 0xBF,
    0x0C, 0x8D, 0x01, 0x87, 0xC5, 0xE8, 0x5C, 0x9D, 0x3A, 0x77, 0xCD, 0x44, 0xAE, 0x9F, 0x18, 0x79,
    0x1D, 0x8F, 0x9E, 0x13, 0x55, 0x07, 0x8D, 0x4D, 0xE5, 0xB2, 0x5C, 0xC2, 0x76, 0x38, 0x58, 0x2D,
    0xBA, 0x8C, 0x07, 0x99, 0xAC, 0x24, 0x6B, 0x25, 0x37, 0xEC, 0xC0, 0x81, 0x15, 0x44, 0xB3, 0xB9,
    0x54, 0xB8, 0x6A, 0x8E, 0x62, 0x0E, 0x66, 0x62, 0x3E, 0x9E, 0xE2, 0xD4, 0x2D, 0x79, 0x53, 0x70,
    0x12, 0xA9, 0x30, 0x8A, 0x21, 0xCF, 0x2E, 0x0E, 0xE5, 0xBB, 0x9E, 0x3D, 0xB9, 0xB9, 0x2A, 0xDF,
    0x3F, 0x70, 0x0E, 0x66, 0x62, 0x3E, 0x9E, 0x42, 0xC7, 0x5B, 0x60, 0xAD, 0x96, 0xA8, 0x91, 0x4B,
    0x7F, 0x05, 0xDB, 0x5C, 0x5F, 0x39, 0xFE, 0x47, 0x0F, 0xFA, 0xC1, 0xAD, 0x7F, 0xF8, 0x38, 0x55,
    0x50, 0x11, 0xD4, 0x44, 0x55, 0x19, 0xAE, 0x7A, 0x62, 0x1C, 0xF3, 0xF3, 0x52, 0x19, 0xD5, 0x26,
    0x4D, 0x66, 0x54, 0x49, 0xA3, 0xD4, 0x83, 0x1B, 0x2B, 0xFB, 0xB6, 0xD6, 0xF3, 0xA0, 0xC6, 0x04,
    0x2B, 0x4F, 0x60, 0x5E, 0x99, 0xC1, 0xDC, 0x3A, 0x3C, 0xC6, 0x21, 0x30, 0x1E, 0xC1, 0x26, 0x69,
    0x7E, 0xA7, 0x87, 0x55, 0x18, 0x26, 0x71, 0x98, 0x94, 0x36, 0x61, 0x4A, 0x51, 0x86, 0xE1, 0x29,
    0xE8, 0x35, 0x2E, 0xAF, 0x61, 0x9B, 0x30, 0xD7, 0x8C, 0xD6, 0xFA, 0x0F, 0x27, 0x55, 0xA9, 0x6A,
    0x2D, 0x85, 0x81, 0x8D, 0x9B, 0x41, 0xB2, 0xE6, 0x38, 0xB1, 0xCF, 0x41, 0xB0, 0xD0, 0x9E, 0x51,
    0x46, 0xC3, 0xAC, 0x1C, 0x0C, 0xCF, 0x4A, 0xEC, 0xB0, 0x3F, 0x75, 0xF6, 0x76, 0x34, 0xA6, 0xA3,
    0x1A, 0xF5, 0x38, 0x1D, 0xE5, 0xEC, 0xEF, 0x81, 0x2C, 0xCB, 0xD4, 0x75, 0xCA, 0xF5, 0xFA, 0x23,
    0x7B, 0x57, 0x86, 0x1D, 0xCA, 0x74, 0x24, 0xA7, 0x89, 0x95, 0x74, 0xE5, 0xE5, 0x0C, 0x23, 0x90,
    0x89, 0x95, 0xAC, 0x83, 0x68, 0x07, 0xED, 0x1C, 0xEC, 0xFB, 0xFC, 0xE2, 0x10, 0x3E, 0x85, 0xEB,
    0xFC, 0x2D, 0xF4, 0x1A, 0x71, 0x54, 0x4B, 0xEA, 0x4C, 0xE6, 0xBA, 0x8C, 0x0C, 0x58, 0x6F, 0x6F,
    0xB8, 0xEC, 0x5B, 0xB1, 0xD5, 0x9F, 0xF5, 0xDA, 0xB5, 0xB0, 0x79, 0xD9, 0x93, 0xA0, 0x30, 0x0C,
    0xD3, 0x0A, 0x52, 0x50, 0x0E, 0x52, 0xA0, 0x11, 0x7E, 0x69, 0x07, 0x49, 0xBB, 0x01, 0x07, 0x82,
    0xEF, 0xFD, 0xCB, 0x61, 0x07, 0xD7, 0x61, 0xBB, 0xEE, 0x8D, 0xFD, 0xB1, 0x0C, 0xF6, 0xBB, 0xA1,
    0xEB, 0xB2, 0xB5, 0xB8, 0x59, 0xB8, 0x11, 0x9C, 0xA8, 0xC5, 0xCD, 0xB5, 0x89, 0x2C, 0xCB, 0xCA,
    0x75, 0x95, 0xB3, 0xEA, 0x3D, 0x1A, 0xD8, 0xC6, 0x6C, 0x34, 0x64, 0x50, 0xDD, 0xB2, 0xCA, 0x75,
    0xB9, 0xAB, 0xC9, 0x40, 0x7C, 0x48, 0x87, 0x71, 0x5D, 0xE2, 0xEA, 0x0C, 0xE7, 0x6B, 0x44, 0xED,
    0xD3, 0x69, 0xB4, 0x5B, 0xE9, 0xC7, 0xD6, 0xC9, 0x38, 0x4A, 0x85, 0xED, 0x97, 0x52, 0x29, 0x19,
    0x8B, 0xC7, 0x36, 0x73, 0xAB, 0x18, 0x2E, 0xB5, 0x23, 0x6F, 0xEC, 0x7F, 0x20, 0xE0, 0xC6, 0xD3,
    0xF9, 0x85, 0x5B, 0x9F, 0x82, 0x1A, 0x85, 0xA7, 0xA7, 0xD0, 0x68, 0x06, 0x8D, 0x16, 0xC6, 0xDB,
    0xBA, 0x37, 0x2B, 0x48, 0x31, 0xE2, 0xF0, 0xDA, 0x26, 0x38, 0x05, 0xAE, 0x14, 0x3E, 0xBF, 0x81,
    0xB0, 0x9A, 0xC2, 0xAD, 0xD4, 0x5F, 0xAC, 0x16, 0xBB, 0x94, 0x01, 0xAD, 0xFA, 0xD8, 0xE6, 0xAE,
    0x2B, 0x70, 0x86, 0x3F, 0x43, 0x10, 0xA3, 0x95, 0x0A, 0xFE, 0xED, 0xA2, 0x41, 0x39, 0xF6, 0xC7,
    0xAE, 0x8E, 0x34, 0x54, 0x05, 0x39, 0xF6, 0xEA, 0xF7, 0x78, 0x64, 0x39, 0x50, 0x6E, 0x60, 0x54,
    0x57, 0x1F, 0x41, 0x25, 0x0E, 0x06, 0x13, 0x8F, 0x5E, 0xF4, 0x50, 0x5B, 0x81, 0xE3, 0x99, 0xD4,
    0xF1, 0x6F, 0x44, 0xBB, 0x52, 0x3E, 0xE0, 0xBE, 0x26, 0x47, 0x9F, 0xDD, 0x75, 0x1F, 0x8D, 0xB4,
    0x30, 0x70, 0xC6, 0x13, 0x9F, 0xA2, 0xAC, 0x4C, 0xD5, 0x4C, 0x4C, 0x6E, 0x14, 0x8E, 0xCE, 0xB8,
    0x0B, 0x89, 0x62, 0xBD, 0xAA, 0x87, 0xD8, 0x0A, 0xB0, 0x06, 0xB1, 0x75, 0x8C, 0x65, 0x11, 0x64,
    0x53, 0xD0, 0xE2, 0x82, 0x0F, 0x78, 0x03, 0x5E, 0xFB, 0x16, 0x78, 0xF2, 0xAB, 0xBE, 0xBE, 0xBF,
    0xFF, 0xAC, 0xEF, 0xE2, 0x62, 0x51, 0x5E, 0xF2, 0x61, 0xA8, 0x3A, 0xFE, 0x78, 0x32, 0xD2, 0x0E,
    0x5C, 0x9B, 0x22, 0xE0, 0xAE, 0x04, 0x8F, 0xFD, 0xCE, 0xCB, 0x08, 0x3B, 0x22, 0x24, 0xC2, 0x19,
    0xAA, 0xC7, 0x03, 0x3C, 0xD3, 0x9D, 0xF2, 0x55, 0xDC, 0xBF, 0x03, 0x55, 0x33, 0xD2, 0x72, 0xA7,
    0xB5, 0x83, 0x31, 0x43, 0x78, 0xB2, 0x41, 0xFE, 0xBE, 0x4F, 0x2E, 0xD0, 0x84, 0x62, 0xE6, 0x01,
    0x29, 0xBE, 0xFB, 0xA5, 0xF3, 0xDA, 0xC9, 0x8D, 0x77, 0x46, 0x38, 0x7A, 0xF1, 0x7E, 0xDC, 0x15,
    0x88, 0x9A, 0x75, 0x37, 0x4D, 0x46, 0xB4, 0xD7, 0xB3, 0x46, 0x95, 0xDD, 0x6D, 0x44, 0x00, 0xE9,
    0x56, 0x05, 0x62, 0x75, 0x87, 0xB8, 0x5B, 0xC5, 0x2D, 0xDA, 0x31, 0x31, 0x9D, 0x7A, 0x6F, 0x4C,
    0x6B, 0x68, 0xCA, 0x5D, 0x93, 0x3E, 0x73, 0x88, 0x9C, 0xD7, 0xA3, 0x9B, 0xE7, 0x0E, 0x7D, 0xAC,
    0xF1, 0x3E, 0x1F, 0x0B, 0x05, 0x5F, 0x95, 0x38, 0x9E, 0xA3, 0xB9, 0x16, 0x8C, 0xC9, 0xEB, 0x4F,
    0x0C, 0x4E, 0x53, 0x86, 0x07, 0x6C, 0x9D, 0x33, 0x47, 0xD8, 0x40, 0x4B, 0xF8, 0x9D, 0x55, 0x12,
    0xF7, 0xAA, 0x46, 0x7E, 0x32, 0x93, 0x2E, 0x6B, 0x90, 0xCF, 0x3A, 0x12, 0x36, 0xEA, 0x15, 0xCE,
    0x02, 0x01, 0x0F, 0x98, 0x59, 0xDD, 0x09, 0x61, 0x0D, 0x56, 0x78, 0xD3, 0xE7, 0x28, 0x45, 0x61,
    0x2F, 0x74, 0x83, 0xF8, 0xDD, 0xAE, 0xC9, 0x0B, 0x1F, 0xC4, 0xF1, 0x46, 0xFD, 0xE9, 0x1A, 0x18,
    0x4F, 0x56, 0x47, 0x94, 0xC2, 0xE1, 0xE9, 0xF4, 0x54, 0x12, 0x04, 0xB1, 0xF5, 0x05, 0xB5, 0xD6,
    0x24, 0xDC, 0x6F, 0xFC, 0xB2, 0x55, 0xAD, 0x0F, 0xC9, 0xF4, 0x21, 0x8A, 0xE9, 0x84, 0xE7, 0xF1,
    0x9E, 0xFD, 0x8A, 0xA1, 0x6B, 0x15, 0xD5, 0xE4, 0x2F, 0x66, 0xBA, 0xA9, 0xA8, 0x82, 0xBD, 0xE3,
    0x3C, 0xB5, 0x6A, 0x71, 0x8B, 0xFB, 0xE1, 0x54, 0x30, 0x62, 0x3C, 0x4A, 0x6F, 0x3C, 0x45, 0x2E,
    0xF4, 0xC7, 0x98, 0x93, 0xF6, 0x47, 0x3C, 0x0D, 0x58, 0xE7, 0x8B, 0xCD, 0x3A, 0xA2, 0xF8, 0xFF,
    0xB8, 0xEE, 0x17, 0x87, 0x18, 0xB3, 0x81, 0xB8, 0xDF, 0xE9, 0x18, 0x1F, 0xCE, 0xED, 0x9F, 0x3D,
    0xBF, 0xF8, 0x7C, 0x73, 0xFF, 0xFC, 0xDC, 0xFD, 0xBD, 0xA3, 0x75, 0x60, 0x45, 0xEA, 0xF9, 0x5C,
    0xB1, 0xC9, 0x09, 0x90, 0xD1, 0x48, 0x19, 0x75, 0x41, 0x46, 0xBF, 0xEA, 0x8A, 0x36, 0x38, 0xFA,
    0x91, 0x8C, 0x2E, 0xDE, 0x84, 0x05, 0xDB, 0x11, 0xD9, 0xD4, 0xC9, 0xC5, 0x01, 0x09, 0x6E, 0x80,
    0x8C, 0x86, 0xBC, 0x97, 0x01, 0x89, 0x74, 0x80, 0x25, 0xD8, 0x60, 0x07, 0x7B, 0x70, 0x3D, 0x79,
    0x4B, 0x79, 0x6D, 0x9F, 0x41, 0xFB, 0xFB, 0x88, 0x55, 0xEE, 0x88, 0x5E, 0x30, 0x0F, 0x3C, 0xDD,
    0xD9, 0x55, 0xA7, 0x3E, 0x33, 0x6F, 0xF8, 0x96, 0x66, 0xFF, 0xBD, 0xD7, 0x76, 0x6C, 0xED, 0x04,
    0xD1, 0x1B, 0xD1, 0xB2, 0xC9, 0xDD, 0x9A, 0xA5, 0x1B, 0xDE, 0xF8, 0x60, 0xB8, 0x4A, 0x0A, 0x98,
    0x90, 0xAE, 0x15, 0x42, 0xB4, 0x82, 0x1D, 0x2B, 0x05, 0x67, 0x47, 0xAA, 0x44, 0x08, 0x15, 0xF5,
    0x14, 0x40, 0xEA, 0xEB, 0x81, 0xA0, 0x81, 0xF1, 0xC3, 0x84, 0xB9, 0x19, 0xD5, 0xDC, 0x63, 0xF7,
    0xD5, 0xEE, 0x0B, 0x44, 0xF8, 0x4A, 0x14, 0xF0, 0x99, 0xFF, 0xDD, 0xA5, 0xA3, 0x28, 0x7A, 0x8A,
    0x22, 0x6C, 0x20, 0x07, 0x2D, 0x02, 0x8E, 0x6E, 0x55, 0x8F, 0x30, 0xA1, 0x86, 0x04, 0x8D, 0x4E,
    0x9F, 0xB6, 0x4A, 0x7D, 0x72, 0xBF, 0x55, 0x99, 0xFB, 0x23, 0x90, 0xA2, 0xC3, 0xE4, 0xC4, 0xA2,
    0x01, 0xE6, 0x03, 0x53, 0xDB, 0x6C, 0xE4, 0x78, 0x33, 0xA5, 0xB3, 0x63, 0xE5, 0x5D, 0xDC, 0xCD,
    0xB0, 0xEE, 0x1C, 0x86, 0x3E, 0xC7, 0x82, 0x73, 0xC4, 0xD1, 0x39, 0x50, 0xC3, 0x5C, 0x29, 0x33,
    0x57, 0x79, 0x3B, 0xC7, 0xA9, 0xE7, 0x58, 0x6A, 0x8E, 0x53, 0x82, 0x2A, 0x18, 0x68, 0x01, 0xCA,
    0x40, 0xC9, 0x88, 0x53, 0x8E, 0x53, 0x66, 0xA0, 0x0B, 0x44, 0x5B, 0x84, 0x10, 0x13, 0x07, 0xDB,
    0xC9, 0x86, 0x2B, 0x30, 0xA2, 0x26, 0x62, 0xC2, 0x06, 0xBA, 0x61, 0xFA, 0xA9, 0x47, 0xE6, 0x03,
    0xA6, 0xB8, 0x67, 0x0D, 0xD3, 0x38, 0x5C, 0xC7, 0x8F, 0xFA, 0xAC, 0x89, 0x38, 0xED, 0xC1, 0x2B,
    0x23, 0x28, 0x93, 0x36, 0x11, 0xA5, 0x48, 0x49, 0xDF, 0xDE, 0xD8, 0x38, 0xED, 0x16, 0xCA, 0xC0,
    0xB3, 0xDE, 0xAF, 0x3D, 0x31, 0x2C, 0x57, 0x6B, 0xFF, 0x26, 0x4E, 0x6D, 0xCF, 0x14, 0xE8, 0xD4,
    0x07, 0xBE, 0xFF, 0x1B, 0x9B, 0x74, 0x81, 0xD8, 0x0D, 0xF1, 0x0A, 0x3E, 0x81, 0xB8, 0xBA, 0x82,
    0x77, 0x40, 0xCA, 0x63, 0xB9, 0x76, 0xB9, 0x7A, 0x1D, 0x02, 0x18, 0x7A, 0xFA, 0x63, 0xB4, 0x09,
    0x3F, 0x9B, 0x10, 0xD5, 0xF8, 0x7B, 0xA4, 0xC8, 0x35, 0x61, 0x4E, 0x3C, 0xBC, 0x0B, 0xF3, 0x0E,
    0xC9, 0xE4, 0xF0, 0x08, 0x8A, 0x7F, 0xAA, 0xC1, 0x6B, 0xEA, 0xC3, 0x10, 0xDD, 0xAE, 0x7A, 0x24,
    0x47, 0x50, 0xFC, 0xB7, 0xE4, 0xA8, 0x22, 0xE4, 0x32, 0x6F, 0x42, 0x44, 0xB0, 0xA4, 0x93, 0x50,
    0x7C, 0x87, 0x22, 0x5D, 0xDC, 0xD8, 0xB8, 0xD5, 0xD6, 0xAD, 0x27, 0x87, 0x84, 0xA3, 0x3F, 0x98,
    0x90, 0xC1, 0x61, 0x41, 0x1F, 0xBE, 0xD0, 0x7D, 0xCF, 0xA2, 0x32, 0xEA, 0x95, 0x49, 0x56, 0x79,
    0x97, 0x33, 0x9C, 0x33, 0xCC, 0xD6, 0xCC, 0xED, 0x21, 0x0B, 0xCB, 0x8F, 0x03, 0x50, 0x09, 0x0D,
    0xF0, 0x34, 0x81, 0x32, 0xC0, 0x5D, 0x0B, 0x4F, 0x4D, 0x3B, 0x60, 0x8B, 0x64, 0xE5, 0x71, 0x3C,
    0x73, 0x86, 0x25, 0x60, 0x1C, 0x31, 0x0E, 0x70, 0x42, 0xD8, 0x48, 0x29, 0x14, 0x8C, 0x3E, 0x19,
    0x57, 0x4B, 0x91, 0xDB, 0x08, 0x8D, 0xA1, 0x15, 0xCC, 0x7D, 0x9B, 0xCB, 0xFF, 0x7A, 0xC9, 0xD6,
    0x72, 0x5E, 0x64, 0x2B, 0x66, 0x40, 0xAB, 0xEA, 0x89, 0x49, 0xFA, 0xC2, 0x64, 0x2D, 0x52, 0x8C,
    0xC9, 0xBB, 0xB4, 0xCB, 0xDA, 0x62, 0x95, 0xB5, 0xD0, 0x81, 0x65, 0x42, 0x5C, 0xDA, 0x02, 0xE3,
    0x76, 0xA9, 0xEA, 0x78, 0xB0, 0xAA, 0x62, 0x7A, 0x85, 0x6B, 0x00, 0x2F, 0xE5, 0x0C, 0x80, 0x0D,
    0x77, 0x52, 0x66, 0xC2, 0xB6, 0x26, 0xF0, 0xC9, 0x25, 0xEA, 0x08, 0xE9, 0x0E, 0x01, 0xCC, 0x3B,
    0xC0, 0xC4, 0x0E, 0xF5, 0x43, 0x9B, 0xB7, 0xAA, 0x4E, 0x57, 0x1A, 0xDE, 0x62, 0x43, 0x7A, 0xAE,
    0x18, 0x2D, 0x11, 0xFB, 0x34, 0xCA, 0x12, 0x16, 0x34, 0xFF, 0x81, 0x35, 0xB5, 0xC0, 0xAB, 0x40,
    0xAD, 0x15, 0x32, 0x21, 0x61, 0xFB, 0x6D, 0x3C, 0x4F, 0x66, 0xC1, 0xF7, 0x8D, 0x25, 0x22, 0x91,
    0x2E, 0x61, 0x09, 0x26, 0xEB, 0xB2, 0xAE, 0x30, 0x93, 0xBE, 0x02, 0x37, 0xE4, 0x82, 0xFB, 0x72,
    0xD7, 0x2E, 0x80, 0xE7, 0x17, 0x51, 0x8A, 0xDA, 0x62, 0xB1, 0xB8, 0x09, 0x69, 0x0F, 0xA4, 0x68,
    0x71, 0xAB, 0x0F, 0x0F, 0x31, 0x6D, 0xC1, 0x52, 0x62, 0x9C, 0x85, 0x67, 0xC8, 0xD6, 0x5D, 0xFA,
    0x54, 0x17, 0x13, 0x2E, 0xAC, 0x84, 0x89, 0xF7, 0xEA, 0xE7, 0xB0, 0x23, 0xA4, 0xDD, 0x97, 0x7D,
    0x89, 0x86, 0xB5, 0xAF, 0xB1, 0x2E, 0xAF, 0xEB, 0x81, 0x80, 0xAD, 0x02, 0x43, 0x2C, 0x08, 0x08,
    0x36, 0x58, 0x20, 0x78, 0x40, 0xB2, 0x5C, 0x4F, 0x28, 0xD6, 0x13, 0x58, 0x0E, 0x70, 0x02, 0x6A,
    0xC4, 0x30, 0xE1, 0xEE, 0x66, 0x42, 0x79, 0x6C, 0x02, 0x61, 0x44, 0x79, 0xF1, 0x0B, 0x24, 0x22,
    0xB8, 0xE0, 0x73, 0x15, 0xD2, 0x2B, 0x5C, 0x05, 0xF1, 0xAB, 0xA8, 0x31, 0x24, 0x2F, 0x44, 0x85,
    0x08, 0x4E, 0xCB, 0x72, 0x23, 0xFD, 0x16, 0x00, 0xBF, 0xA5, 0xDB, 0xE8, 0x12, 0x25, 0x87, 0x2F,
    0x37, 0xAE, 0x4B, 0xEA, 0xF1, 0xEA, 0x1B, 0xFB, 0xFB, 0x1F, 0x50, 0x08, 0x00, 0x71, 0x76, 0x1B,
    0x8C, 0x41, 0x71, 0x4D, 0x6C, 0x64, 0x81, 0x22, 0xD5, 0x7D, 0x63, 0x72, 0xBA, 0xF2, 0x43, 0x87,
    0x68, 0xA1, 0x58, 0xA0, 0x18, 0x7B, 0x8C, 0x46, 0x16, 0x27, 0x2C, 0xA7, 0x9E, 0xB2, 0x34, 0x70,
    0x26, 0x76, 0xF7, 0x6B, 0xBA, 0xE2, 0xEE, 0x5A, 0x44, 0xFA, 0x38, 0x01, 0x41, 0x69, 0x6D, 0x03,
    0xC6, 0x7E, 0xA4, 0x8D, 0xAE, 0xB3, 0x06, 0x98, 0xB3, 0x5D, 0xC2, 0xA8, 0x48, 0x1A, 0x42, 0xD4,
    0x34, 0x1B, 0x53, 0x18, 0xFD, 0xC4, 0xD5, 0x28, 0xE3, 0x64, 0x56, 0xF5, 0xBE, 0xF2, 0x95, 0xAB,
    0xF5, 0x84, 0x28, 0x79, 0x50, 0xED, 0x1D, 0x1D, 0xEA, 0x8E, 0xCD, 0xC5, 0x32, 0xBD, 0xDC, 0x51,
    0x4F, 0x60, 0x08, 0x43, 0x0C, 0x5B, 0x64, 0x59, 0x14, 0x97, 0xCF, 0x99, 0xCC, 0x22, 0x33, 0xFF,
    0xEB, 0x61, 0xE4, 0x6A, 0x89, 0xE0, 0x8A, 0x92, 0x94, 0xE1, 0xFA, 0x53, 0x07, 0xD5, 0xAA, 0x72,
    0x80, 0x62, 0xD7, 0x35, 0x66, 0x3D, 0x02, 0xFF, 0x7A, 0xD8, 0x54, 0xFE, 0x54, 0xD4, 0x13, 0xE7,
    0x2B, 0x3B, 0x72, 0xE2, 0x59, 0xD9, 0x3A, 0x24, 0xFA, 0x73, 0x36, 0x1A, 0xF6, 0xE2, 0x1E, 0x66,
    0xCF, 0x2C, 0x5B, 0x11, 0xF2, 0xDD, 0x08, 0xB7, 0x67, 0x5E, 0xA8, 0xF9, 0xE5, 0x6A, 0x8C, 0x23,
    0x3F, 0x46, 0xFA, 0x46, 0x00, 0x7D, 0xA8, 0x21, 0xA9, 0xC2, 0x97, 0x84, 0xD6, 0x53, 0xEA, 0x7F,
    0xA1, 0xC3, 0x06, 0x0C, 0x37, 0xD8, 0x94, 0x58, 0xB2, 0x89, 0xDD, 0x03, 0x14, 0x32, 0x99, 0xF9,
    0x09, 0x1C, 0x0F, 0xA6, 0x5D, 0xE6, 0x9E, 0x91, 0xF6, 0x25, 0xDA, 0x18, 0x45, 0x3F, 0x84, 0x46,
    0x50, 0x2C, 0x40, 0x28, 0x2F, 0xA4, 0x39, 0x68, 0x2A, 0xEF, 0xCA, 0xC1, 0xF2, 0xAE, 0xEC, 0x1C,
    0x2C, 0x8F, 0x3E, 0x97, 0x93, 0x8E, 0x5F, 0x1A, 0x6E, 0xF8, 0x77, 0xF6, 0x37, 0xEB, 0x2A, 0x68,
    0x76, 0x26, 0x67, 0x03, 0x88, 0xD7, 0xC2, 0x0E, 0x11, 0xEC, 0x13, 0x3E, 0xAA, 0xE0, 0xC9, 0x0A,
    0x00, 0x95, 0x71, 0x49, 0xF1, 0x15, 0x0C, 0xC1, 0xC9, 0x95, 0x2E, 0x8C, 0x45, 0x1E, 0x98, 0x00,
    0xB3, 0xE5, 0xF2, 0x1C, 0x3E, 0x52, 0xB3, 0x9D, 0x73, 0x87, 0x5B, 0x37, 0x64, 0xAE, 0x2D, 0x52,
    0x3E, 0x8E, 0x46, 0x53, 0x7B, 0xE8, 0x60, 0x56, 0x9A, 0xE9, 0xB4, 0xE4, 0x41, 0x8A, 0xFA, 0x55,
    0xDA, 0xB9, 0x6F, 0x79, 0xE0, 0x5C, 0x76, 0xCE, 0x61, 0xC5, 0x6A, 0x6D, 0xB8, 0x5E, 0x54, 0x5E,
    0x24, 0xE5, 0x8B, 0x08, 0xCF, 0x96, 0x53, 0xBE, 0x6B, 0xBA, 0x1A, 0x2A, 0xFD, 0x9C, 0x69, 0xFC,
    0xA1, 0xAE, 0xB5, 0x4F, 0xBE, 0x59, 0x0B, 0xF5, 0x3D, 0xA3, 0xB5, 0x0A, 0x0D, 0x54, 0x58, 0x1E,
    0xB7, 0x1B, 0x9C, 0x83, 0xA7, 0x78, 0x65, 0x67, 0xF1, 0xF3, 0xE0, 0x2C, 0x3A, 0x3A, 0x52, 0xF1,
    0x7C, 0x03, 0x11, 0x16, 0x91, 0xFC, 0x70, 0xDB, 0x7F, 0x60, 0x68, 0x4A, 0xA7, 0xC3, 0xEE, 0xCE,
    0xB9, 0x7A, 0x0E, 0x63, 0x44, 0x39, 0xFD, 0x15, 0xC1, 0xC5, 0x99, 0xD7, 0x3C, 0x6C, 0xBB, 0x40,
    0x62, 0x46, 0x4D, 0x8E, 0xF4, 0x88, 0x2C, 0xB9, 0x8D, 0xEC, 0x90, 0xBB, 0x92, 0x6E, 0x54, 0xD0,
    0x6F, 0xA7, 0x72, 0xA7, 0xFA, 0x14, 0xF1, 0x77, 0x35, 0xF1, 0xB5, 0x37, 0x10, 0x11, 0x4C, 0x08,
    0xD7, 0x84, 0x85, 0x86, 0xD1, 0xCE, 0x14, 0x63, 0x19, 0x7A, 0x4E, 0x5F, 0xAE, 0x46, 0xE5, 0x0B,
    0x5F, 0xDB, 0x81, 0xD1, 0xCC, 0xBF, 0xC7, 0x60, 0xAB, 0x35, 0xF9, 0xBB, 0xC7, 0x44, 0x37, 0xC8,
    0x4B, 0xC4, 0x36, 0x3B, 0xAC, 0x97, 0x23, 0xD4, 0x7C, 0x93, 0x00, 0xB6, 0xEA, 0x9C, 0x55, 0x70,
    0xC9, 0xB2, 0x2A, 0x85, 0x6C, 0x93, 0x15, 0x40, 0xD0, 0xD8, 0x33, 0x23, 0xE2, 0x34, 0x6D, 0xC8,
    0x1F, 0xA4, 0x2C, 0xD4, 0x77, 0xAC, 0xB1, 0xF7, 0x00, 0x12, 0xA3, 0x55, 0x25, 0xDB, 0x48, 0x61,
    0xA5, 0x4D, 0x90, 0xC1, 0x06, 0xA4, 0xD9, 0x7B, 0x0E, 0x25, 0xDD, 0xDF, 0x5D, 0x6E, 0xD2, 0x6F,
    0xBF, 0xD1, 0xE0, 0xF2, 0x81, 0x2B, 0x13, 0x77, 0xDF, 0x21, 0x04, 0xFF, 0x1C, 0xE1, 0xC1, 0x25,
    0x38, 0xB7, 0xE6, 0xFB, 0x84, 0xA9, 0xAC, 0xC2, 0x52, 0x38, 0xC2, 0x5D, 0x99, 0x69, 0x14, 0x48,
    0xF7, 0x6C, 0xF6, 0xB4, 0x9B, 0xD0, 0x83, 0x6B, 0xA4, 0xAF, 0xD8, 0x21, 0x56, 0x75, 0xF9, 0x3F,
    0x7B, 0x75, 0x6F, 0xD0, 0xE2, 0xAE, 0xFB, 0x02, 0xE5, 0x65, 0xE7, 0x3D, 0x3A, 0x33, 0xCF, 0x0B,
    0x48, 0xE7, 0xDF, 0x15, 0x21, 0xBF, 0xEF, 0x29, 0x40, 0x90, 0x11, 0xF7, 0xA1, 0x08, 0x4A, 0x43,
    0xD1, 0xAE, 0x88, 0x93, 0x86, 0x0B, 0x8E, 0x20, 0xC4, 0xBF, 0x24, 0xA9, 0xC3, 0x3B, 0x9E, 0xF0,
    0xA6, 0x0F, 0xA3, 0x15, 0xDF, 0xBE, 0x0C, 0x12, 0xD5, 0xC4, 0x81, 0xBA, 0x41, 0xCC, 0x65, 0x69,
    0xD1, 0x1F, 0x5D, 0x49, 0xCF, 0x8C, 0x8B, 0xD5, 0x30, 0xC8, 0x57, 0x7B, 0xFD, 0x89, 0x51, 0x56,
    0xE6, 0x7C, 0x0B, 0xD0, 0xFA, 0x62, 0x18, 0x87, 0x5E, 0x9E, 0xF5, 0x99, 0x12, 0x5A, 0x68, 0x78,
    0x7A, 0x78, 0x3B, 0xB8, 0x3A, 0x71, 0xF9, 0x25, 0x6A, 0xBE, 0xCC, 0xC1, 0x2A, 0x83, 0x0F, 0x8D,
    0xC7, 0x46, 0x01, 0x4E, 0xB0, 0x3D, 0xF6, 0x5E, 0xAE, 0x0B, 0xEF, 0x6D, 0xF5, 0xE8, 0x32, 0x92,
    0x18, 0x72, 0xD8, 0xED, 0xBC, 0xDF, 0x16, 0xF9, 0x2F, 0xBD, 0x59, 0x31, 0x8F, 0xDD, 0xC6, 0x11,
    0x1E, 0x92, 0x96, 0x18, 0x89, 0x80, 0xA9, 0xE2, 0x0E, 0x90, 0x25, 0xC0, 0x4C, 0xA1, 0x42, 0x31,
    0x2C, 0xF1, 0x0F, 0xBC, 0xBB, 0x5D, 0xC3, 0x40, 0x5C, 0x04, 0x08, 0xAE, 0xF0, 0x21, 0xA5, 0xD5,
    0x09, 0x51, 0x0A, 0x37, 0x2A, 0x54, 0x9C, 0x1E, 0x17, 0x51, 0xE1, 0x22, 0x85, 0x2E, 0x45, 0x6A,
    0xAB, 0x50, 0xA3, 0x4B, 0x21, 0x15, 0x29, 0xAE, 0x78, 0x7A, 0xDC, 0xB3, 0x8A, 0x14, 0x2E, 0x42,
    0xD9, 0x08, 0x52, 0xA4, 0x10, 0x95, 0x58, 0x08, 0x20, 0x15, 0xA2, 0x24, 0x06, 0xA0, 0xEF, 0x96,
    0xDC, 0x7C, 0xB3, 0xE4, 0xDD, 0x3D, 0x45, 0x67, 0x1B, 0xF2, 0x3B, 0xF9, 0xF1, 0xCD, 0xBE, 0xE3,
    0x72, 0x39, 0x3B, 0x3B, 0x3B, 0xF3, 0xCD, 0xCC, 0xDE, 0x2F, 0x28, 0xC3, 0xB5, 0x4C, 0xFC, 0x79,
    0x9F, 0xCE, 0xD1, 0x12, 0xFE, 0xE6, 0x4B, 0xB8, 0x6B, 0x78, 0x16, 0x4B, 0xA2, 0x44, 0x13, 0x65,
    0x0D, 0xF9, 0xD6, 0x52, 0x0C, 0x4A, 0x1E, 0x7C, 0x4E, 0xE2, 0xBA, 0x22, 0x11, 0xFF, 0x1F, 0xA1,
    0x2F, 0x79, 0x70, 0x9D, 0xC7, 0xC8, 0x00, 0xE3, 0x28, 0x6F, 0xFA, 0x77, 0x99, 0xC7, 0xE9, 0x6F,
    0x88, 0xFA, 0x7E, 0x1D, 0x36, 0xA9, 0x8E, 0x2A, 0x9F, 0xE2, 0x92, 0x28, 0x02, 0xA5, 0xDB, 0x37,
    0x28, 0xB3, 0x0D, 0x09, 0x5B, 0x93, 0x6F, 0x88, 0x3C, 0x10, 0x0D, 0xE4, 0x83, 0x85, 0xB0, 0x7F,
    0x9F, 0x58, 0x6B, 0xCD, 0xDD, 0xDF, 0x61, 0x10, 0x9D, 0x52, 0x78, 0xB2, 0xBC, 0xB0, 0x94, 0x5B,
    0x2B, 0x6C, 0x9B, 0xEC, 0x98, 0x74, 0xCB, 0xA4, 0xCA, 0x24, 0x5B, 0x26, 0xB1, 0x06, 0x3D, 0xE8,
    0x5F, 0xC2, 0x52, 0x88, 0xCE, 0x12, 0xDD, 0xC8, 0xC1, 0x20, 0x97, 0x41, 0x23, 0x74, 0x5C, 0xC5,
    0x65, 0x52, 0x44, 0xB5, 0x50, 0x81, 0xC9, 0x21, 0x8A, 0x71, 0x4B, 0x0A, 0xAD, 0x55, 0x11, 0x44,
    0xF2, 0x6F, 0x6F, 0x93, 0x77, 0xFB, 0x31, 0xDF, 0x6B, 0x26, 0x4A, 0x0A, 0x88, 0x0D, 0xD1, 0x23,
    0xD0, 0x52, 0x36, 0x7C, 0xCE, 0xB1, 0xA2, 0x76, 0x6F, 0xA0, 0x9B, 0xB4, 0x24, 0xCF, 0x76, 0x84,
    0x35, 0xC9, 0xA8, 0xFE, 0x54, 0xC5, 0x45, 0xD8, 0xAF, 0xA9, 0x93, 0x60, 0x64, 0x9C, 0x1E, 0xC4,
    0x13, 0xAB, 0x85, 0x4A, 0x0B, 0x08, 0xA0, 0x45, 0x97, 0xEA, 0x04, 0x7D, 0x21, 0xDE, 0xA1, 0xD4,
    0xD2, 0x02, 0x65, 0x12, 0x9A, 0x96, 0xE2, 0x51, 0x8E, 0x35, 0x76, 0x14, 0xB9, 0xE5, 0x49, 0x9A,
    0xA4, 0xD4, 0x0A, 0x89, 0x96, 0x7C, 0x70, 0xC2, 0xA3, 0x86, 0xBC, 0xEE, 0x03, 0x4B, 0x61, 0x09,
    0x91, 0xE2, 0xDF, 0xDB, 0x6B, 0x65, 0x1A, 0xDB, 0xA2, 0x1A, 0xA5, 0x5F, 0xA9, 0x7A, 0x04, 0x31,
    0xAE, 0xAC, 0xAD, 0x11, 0x8D, 0xAE, 0x70, 0x33, 0x42, 0xB3, 0x36, 0x12, 0x44, 0x9B, 0xCB, 0x89,
    0xD5, 0x55, 0x1C, 0xDA, 0x2F, 0xAA, 0x48, 0x5F, 0x8A, 0x74, 0x00, 0xF5, 0x4A, 0xCA, 0x9F, 0xB6,
    0x58, 0x96, 0x85, 0x8C, 0x98, 0x9C, 0x3F, 0xC9, 0x53, 0x29, 0xAC, 0xBC, 0x9B, 0x4A, 0x13, 0xF3,
    0x77, 0x92, 0xCA, 0xCC, 0xCA, 0xF4, 0x01, 0x79, 0xD8, 0x85, 0x72, 0x14, 0x54, 0x77, 0xE3, 0xFB,
    0x26, 0xBD, 0x57, 0x65, 0x71, 0x39, 0x85, 0xFC, 0x51, 0x99, 0xDE, 0xAB, 0xE3, 0x87, 0x06, 0xFD,
    0x5E, 0x71, 0x56, 0x58, 0x5B, 0xF3, 0xB6, 0x40, 0xE1, 0x66, 0x71, 0xF5, 0x37, 0xBC, 0x59, 0x33,
    0x44, 0x7F, 0xC1, 0xFE, 0xB7, 0xB6, 0xCB, 0x0C, 0x4D, 0x65, 0x64, 0xCB, 0x84, 0x36, 0x47, 0xF6,
    0xDC, 0xE5, 0x7F, 0xFC, 0xFA, 0xCE, 0x93, 0xF8, 0x8E, 0x8D, 0x2F, 0xFF, 0xF5, 0xED, 0xD1, 0xBD,
    0xB5, 0xE4, 0x83, 0x26, 0xB4, 0x05, 0xFD, 0x96, 0x16, 0x57, 0x61, 0x1C, 0x3A, 0xB7, 0x0A, 0xFB,
    0x1D, 0x5B, 0x12, 0x9F, 0xE8, 0x51, 0xA8, 0xD7, 0x42, 0xBD, 0x1C, 0xE9, 0x14, 0x3B, 0x04, 0x7D,
    0xAD, 0x10, 0x9D, 0x07, 0x57, 0xB1, 0x4F, 0x98, 0x57, 0x59, 0xF7, 0x96, 0x55, 0xB3, 0xFD, 0xF4,
    0x16, 0xD1, 0xA5, 0x8D, 0x0D, 0x30, 0xB4, 0x92, 0x69, 0x71, 0xF5, 0x63, 0x3A, 0xAA, 0x44, 0x95,
    0x37, 0x3F, 0x37, 0xD4, 0x04, 0x15, 0x16, 0x82, 0xED, 0xCF, 0xCD, 0xE2, 0x4A, 0x5E, 0x67, 0x75,
    0x54, 0xA4, 0xA5, 0x68, 0x16, 0x0C, 0x4D, 0xF2, 0x26, 0x2B, 0x8F, 0x50, 0x24, 0x13, 0x25, 0xE8,
    0x2E, 0x8B, 0x4F, 0x9B, 0x34, 0x82, 0xF4, 0xAF, 0x7C, 0x3B, 0x7C, 0x3B, 0xBF, 0xB3, 0x4F, 0x3B,
    0x6B, 0x3B, 0xDB, 0xAE, 0x99, 0x15, 0xB6, 0x54, 0x7C, 0x27, 0x78, 0xE7, 0xD4, 0xC6, 0x3A, 0x0C,
    0xA8, 0x4A, 0xEC, 0x4E, 0x25, 0xEC, 0xF3, 0x57, 0x28, 0x05, 0xC5, 0x20, 0x1F, 0x44, 0xDE, 0x01,
    0xE4, 0x83, 0xEC, 0xB3, 0x92, 0xA0, 0x16, 0x7A, 0x0F, 0xDB, 0xD4, 0x76, 0x13, 0x8A, 0x28, 0xA5,
    0x31, 0x26, 0xB8, 0x42, 0x6C, 0x94, 0xB9, 0xB6, 0xFA, 0xA2, 0x0E, 0x87, 0x2B, 0xD0, 0x30, 0x8B,
    0xB4, 0xA5, 0x2C, 0xA7, 0x09, 0x36, 0x30, 0xC6, 0x66, 0xC2, 0x62, 0x28, 0x86, 0x29, 0x49, 0x1A,
    0x05, 0x8A, 0x32, 0xB8, 0x98, 0xB8, 0x56, 0x53, 0xBC, 0x65, 0x28, 0xAC, 0xA6, 0x14, 0xD4, 0xC2,
    0xFD, 0xF2, 0xBD, 0xF8, 0xB0, 0xA2, 0xE5, 0xA8, 0xA0, 0xB3, 0x81, 0x72, 0xE6, 0xC0, 0x26, 0x7F,
    0x92, 0x72, 0x0D, 0xC7, 0x87, 0x0F, 0xB4, 0x74, 0x51, 0xC3, 0x17, 0x31, 0x47, 0x85, 0x26, 0x2E,
    0xD0, 0xC0, 0x9B, 0x43, 0xA8, 0x8F, 0x02, 0xDD, 0xFA, 0x12, 0x8E, 0x8A, 0xF1, 0x41, 0x95, 0x6A,
    0x8A, 0x0B, 0xBC, 0x94, 0x6C, 0xED, 0x68, 0x12, 0xC1, 0x7F, 0x0A, 0x6A, 0x61, 0xCA, 0x9E, 0x09,
    0x2D, 0xB4, 0x8D, 0xA1, 0x7E, 0x81, 0x86, 0xF6, 0x3E, 0x78, 0xE7, 0x0C, 0xCF, 0x31, 0xC1, 0x1C,
    0x60, 0x7F, 0xB1, 0x67, 0x0F, 0x29, 0xF7, 0xD9, 0x87, 0x7A, 0x8A, 0x39, 0xB6, 0xCC, 0x51, 0x05,
    0xF6, 0xA2, 0x06, 0x4A, 0xC0, 0x8C, 0x12, 0x7D, 0x66, 0xC2, 0xFB, 0x8B, 0x3D, 0x20, 0xBF, 0xC6,
    0x9B, 0x51, 0x81, 0x37, 0x53, 0x89, 0x37, 0x73, 0x13, 0x6A, 0xCA, 0x8C, 0x63, 0xBF, 0x28, 0xE9,
    0x18, 0xD9, 0x8A, 0x11, 0xAC, 0xC2, 0x48, 0x38, 0x30, 0xD6, 0x59, 0x04, 0x35, 0x61, 0xAF, 0x4B,
    0x3A, 0xD1, 0xB0, 0x57, 0x37, 0xF0, 0x05, 0x5B, 0x67, 0x9E, 0xCA, 0x4B, 0x13, 0x96, 0x47, 0x82,
    0x3A, 0xC1, 0xEC, 0x95, 0x60, 0xFF, 0x82, 0x73, 0x88, 0x0F, 0x5F, 0x94, 0x94, 0xB1, 0x07, 0x9B,
    0xC0, 0x1A, 0xBF, 0xA6, 0xA0, 0xF4, 0x4A, 0xC2, 0x2A, 0x66, 0x97, 0xD0, 0x03, 0x1B, 0x08, 0xAE,
    0x42, 0x47, 0x65, 0xFF, 0x37, 0xC8, 0x83, 0xE2, 0x62, 0x50, 0xFA, 0x5F, 0x62, 0x8F, 0x03, 0x88,
    0xF6, 0xE4, 0x8C, 0x13, 0x96, 0x95, 0x02, 0x18, 0x23, 0x38, 0xBB, 0x0F, 0xB0, 0xA3, 0x45, 0x74,
    0x5E, 0x00, 0xC1, 0x2B, 0x29, 0x1F, 0x80, 0xD6, 0xC3, 0xAF, 0xAF, 0x7A, 0x64, 0x8C, 0x2B, 0xF4,
    0x61, 0x9C, 0x30, 0x3D, 0x4D, 0xA1, 0x16, 0x23, 0x80, 0x69, 0x40, 0xB1, 0x2A, 0xD1, 0x61, 0x15,
    0x17, 0x00, 0x99, 0x8A, 0x09, 0x7C, 0x1B, 0x81, 0x1D, 0x19, 0x83, 0x1B, 0x63, 0x1B, 0x6C, 0xB1,
    0x47, 0x76, 0x68, 0xC3, 0xCD, 0xEE, 0x01, 0x90, 0x81, 0x02, 0xE4, 0xA9, 0xC3, 0xE5, 0x1F, 0x16,
    0xFB, 0x3C, 0x36, 0xD3, 0x7E, 0xCA, 0xC3, 0xE4, 0xBF, 0xE0, 0x03, 0xAD, 0xFF, 0xA0, 0x39, 0x70,
    0xF8, 0xFF, 0xB2, 0x92, 0xD6, 0x4F, 0x1E, 0x2E, 0x7F, 0x23, 0xF6, 0xE9, 0xB0, 0x65, 0xE7, 0xBD,
    0x64, 0x3E, 0xE7, 0x27, 0x8C, 0xCD, 0x00, 0xFD, 0xA6, 0xBF, 0x3F, 0x94, 0x7D, 0xF5, 0x37, 0x36,
    0xC0, 0x9E, 0xA3, 0x17, 0x98, 0xB9, 0x56, 0x3C, 0xBE, 0x85, 0x7E, 0x46, 0x0E, 0x98, 0x17, 0xB7,
    0x81, 0x6B, 0xE3, 0x07, 0x8F, 0x3E, 0xC6, 0xDC, 0x7F, 0xE3, 0x90, 0x9C, 0x71, 0x00, 0xA7, 0x36,
    0xB6, 0xDF, 0x22, 0xB8, 0xDC, 0xC6, 0x53, 0x80, 0x15, 0x87, 0x3A, 0xD7, 0x8A, 0xC7, 0xDC, 0x93,
    0xF3, 0x9D, 0x6A, 0xB9, 0xD5, 0x9B, 0x03, 0x7F, 0xF7, 0x39, 0x7A, 0x8B, 0x41, 0xB7, 0x08, 0x58,
    0xB2, 0xEE, 0xCF, 0x25, 0xDC, 0x85, 0x32, 0xC5, 0xE3, 0x89, 0xBA, 0xC1, 0x88, 0x77, 0x89, 0xEF,
    0xB9, 0x5F, 0xE0, 0xDD, 0xB4, 0xF6, 0x14, 0xAF, 0x04, 0xE9, 0x43, 0x85, 0x38, 0x0F, 0x97, 0x1E,
    0x62, 0x6B, 0xC2, 0x9A, 0xEE, 0x15, 0x1E, 0x42, 0x21, 0x01, 0xFB, 0x2F, 0x14, 0x41, 0x3F, 0x63,
    0x14, 0xBD, 0x05, 0x14, 0x43, 0xF8, 0x84, 0xB4, 0x82, 0xFF, 0x9E, 0x85, 0xFE, 0x8D, 0x75, 0x3C,
    0x33, 0x3D, 0x6D, 0xDC, 0x7C, 0xF9, 0x19, 0x13, 0xBF, 0x33, 0xBC, 0xEB, 0xDC, 0x8B, 0x73, 0x88,
    0x88, 0x53, 0x91, 0xC2, 0x39, 0xC3, 0xA1, 0xF1, 0xE6, 0x78, 0x04, 0x1C, 0xF3, 0xB1, 0xAC, 0xA0,
    0xA8, 0x9D, 0x8A, 0x0E, 0x8B, 0x77, 0x50, 0x22, 0x37, 0x79, 0x6E, 0x28, 0x78, 0xD8, 0x1C, 0x2A,
    0xDF, 0x33, 0x50, 0x70, 0xC6, 0x58, 0xAB, 0x3C, 0x58, 0xDA, 0x0F, 0x5C, 0x25, 0x5D, 0xF0, 0x9B,
    0xA8, 0x4E, 0xF5, 0x31, 0x04, 0x05, 0xF1, 0x03, 0xD7, 0x32, 0xF9, 0x80, 0x4F, 0x43, 0x69, 0x47,
    0x4B, 0x89, 0xB3, 0x7D, 0xC6, 0xEE, 0xD7, 0xFC, 0x96, 0x74, 0x35, 0x91, 0xD3, 0x54, 0xA1, 0xFD,
    0xD1, 0x1C, 0x3C, 0x76, 0x0B, 0xD8, 0x68, 0xCD, 0x0D, 0x92, 0xB3, 0xED, 0x0D, 0x64, 0x9D, 0x08,
    0x07, 0x1C, 0x66, 0x12, 0x8E, 0x18, 0x71, 0x09, 0x6B, 0x8B, 0x10, 0x8D, 0x5D, 0x23, 0xA3, 0x2A,
    0x41, 0xEA, 0x55, 0xF1, 0x03, 0xD7, 0x94, 0x1C, 0x54, 0x78, 0x70, 0xAE, 0xC0, 0xC0, 0x32, 0x17,
    0xC3, 0x4D, 0xC1, 0x50, 0x84, 0xB0, 0xF1, 0x99, 0xF6, 0x19, 0x8A, 0x9E, 0xC1, 0x90, 0xD7, 0xDF,
    0x81, 0x62, 0xE8, 0x24, 0x94, 0xBC, 0x0C, 0x43, 0x1F, 0xC3, 0x21, 0xC6, 0xA2, 0x01, 0xB5, 0x20,
    0x0B, 0x12, 0x7A, 0x2C, 0x92, 0x72, 0x2C, 0xA2, 0x7A, 0x2C, 0x02, 0x33, 0x46, 0xDA, 0x01, 0xCA,
    0x3A, 0x04, 0x01, 0x50, 0x0C, 0x0A, 0x3A, 0xF8, 0x72, 0x87, 0x64, 0x75, 0x0D, 0x3B, 0x33, 0x58,
    0x3F, 0xF6, 0x87, 0x7A, 0x04, 0x22, 0xE2, 0xA8, 0x7C, 0xFA, 0x5B, 0xF6, 0x69, 0x38, 0x61, 0xC8,
    0x6B, 0x8A, 0xDB, 0x4F, 0x38, 0x9C, 0x01, 0xCC, 0x33, 0xA4, 0x73, 0x32, 0xE7, 0xA0, 0xC2, 0xD9,
    0xA4, 0x6E, 0x39, 0x7A, 0xEC, 0x36, 0xA9, 0xEE, 0xD8, 0xF7, 0xDC, 0x53, 0x48, 0x66, 0x29, 0xAD,
    0x82, 0x8E, 0x1D, 0xDA, 0x70, 0x12, 0xCF, 0x7E, 0x6B, 0x59, 0xC1, 0xD2, 0x79, 0x35, 0x37, 0xA9,
    0x1A, 0x22, 0x90, 0x4B, 0xDD, 0x68, 0xFD, 0xCD, 0xCF, 0xEB, 0xF3, 0x02, 0x63, 0x9E, 0x2D, 0x65,
    0xB0, 0xE8, 0x6D, 0x86, 0xDE, 0xFC, 0xBC, 0x8B, 0xD8, 0x43, 0xB2, 0x5F, 0x73, 0xA0, 0x66, 0x60,
    0xAB, 0xB8, 0xB9, 0x70, 0xEC, 0xCD, 0xCF, 0xEB, 0x4C, 0x7A, 0xCA, 0x7A, 0xEE, 0x8D, 0xFB, 0x27,
    0x58, 0x2A, 0x12, 0x52, 0xAF, 0xB2, 0x61, 0x2D, 0x9E, 0x96, 0xB1, 0x55, 0x18, 0x15, 0xA2, 0x76,
    0xB3, 0x3A, 0xBB, 0x5E, 0x75, 0x41, 0x7D, 0x85, 0x2A, 0x0E, 0xDE, 0x12, 0x42, 0x00, 0x87, 0xAD,
    0x2B, 0x4B, 0xE0, 0x2E, 0x83, 0x10, 0x11, 0x0B, 0x91, 0x58, 0x08, 0x21, 0x32, 0x08, 0xD1, 0x42,
    0x88, 0xA0, 0xC1, 0xFC, 0x70, 0x16, 0xDD, 0x26, 0x1A, 0x42, 0x08, 0x16, 0xA2, 0x65, 0x21, 0x9A,
    0x5D, 0x21, 0x52, 0x16, 0x22, 0x63, 0x21, 0xEE, 0xB2, 0x10, 0x97, 0x9D, 0x10, 0x37, 0x86, 0x5A,
    0x8E, 0xB1, 0x38, 0xED, 0xD3, 0x1B, 0xF8, 0xCC, 0x05, 0xF1, 0x72, 0xE0, 0xFD, 0x7E, 0x92, 0x1E,
    0x0A, 0x38, 0x24, 0x69, 0x55, 0xC2, 0x21, 0x91, 0x03, 0x90, 0xDA, 0xCD, 0xF6, 0x5C, 0xB4, 0xE0,
    0x04, 0xCB, 0x83, 0x5A, 0x90, 0xE4, 0x91, 0x7F, 0xC8, 0xFC, 0x43, 0x8E, 0x60, 0x50, 0x15, 0xDF,
    0x37, 0x7D, 0xE4, 0x3D, 0x54, 0xFE, 0xE0, 0xE9, 0x99, 0xEC, 0xCD, 0xF0, 0x66, 0x6E, 0x8C, 0x29,
    0x01, 0xEC, 0x26, 0xC2, 0x1A, 0xFC, 0xBE, 0x28, 0x9E, 0xCE, 0x16, 0xC5, 0xC8, 0xDE, 0xC3, 0x26,
    0x53, 0x7E, 0x6B, 0xFB, 0xA2, 0x18, 0xD9, 0x36, 0x25, 0xD5, 0x5E, 0x3A, 0x7B, 0x20, 0x45, 0xCA,
    0x71, 0xDE, 0x0B, 0x30, 0xAB, 0xD2, 0x15, 0xA9, 0x7B, 0x81, 0x06, 0x1B, 0x0D, 0x7C, 0x9B, 0x21,
    0xA1, 0xFB, 0x00, 0xD4, 0xB9, 0x1A, 0x7F, 0x36, 0x38, 0xB9, 0x55, 0x7B, 0x37, 0xB9, 0x1E, 0x66,
    0x2B, 0x2C, 0xFD, 0xEE, 0xD3, 0x2A, 0x68, 0x82, 0x9A, 0x03, 0x50, 0x54, 0x21, 0x27, 0x87, 0x7C,
    0x28, 0xDD, 0xE4, 0xE9, 0x2A, 0x47, 0x4F, 0x82, 0xD2, 0xD3, 0x6B, 0x19, 0x9B, 0x41, 0xD9, 0x40,
    0xD3, 0xE0, 0xC5, 0x23, 0x13, 0xBC, 0xB0, 0x8D, 0xFF, 0x90, 0xED, 0xFF, 0x2D, 0xB7, 0x72, 0x04,
    0x82, 0x3E, 0xA1, 0x60, 0xBB, 0x7B, 0x17, 0xB4, 0x71, 0x14, 0x06, 0xFE, 0x94, 0xEB, 0x6F, 0x2D,
    0xEE, 0xA3, 0x68, 0x84, 0x4C, 0x48, 0x71, 0xB4, 0x99, 0xA1, 0x0E, 0x1E, 0x86, 0x8A, 0x5C, 0x8B,
    0x1D, 0xAB, 0x39, 0xF9, 0xF1, 0xED, 0x97, 0xAA, 0xAF, 0x93, 0x59, 0x77, 0xD0, 0x4B, 0xB0, 0xAB,
    0x97, 0x39, 0xF9, 0x0D, 0x89, 0x83, 0xB7, 0x83, 0x72, 0xAF, 0xA8, 0xFA, 0xAD, 0x9A, 0x83, 0x9F,
    0x7F, 0xF3, 0x7D, 0x44, 0x93, 0x65, 0x80, 0x00, 0xDE, 0xF8, 0xA8, 0x71, 0x15, 0xC9, 0x3C, 0xFC,
    0x5C, 0xF2, 0xF1, 0xCC, 0xB8, 0xDF, 0x79, 0x65, 0xDB, 0x5D, 0x2B, 0x3D, 0x2F, 0x7B, 0xE2, 0xBF,
    0xCF, 0xCF, 0xC7, 0xD3, 0xDB, 0x90, 0xEF, 0x49, 0xAC, 0xF6, 0x39, 0xDB, 0x92, 0x65, 0xD4, 0xB2,
    0xBF, 0xB4, 0xF7, 0x73, 0xC0, 0x0C, 0x80, 0x48, 0x9F, 0x20, 0x7E, 0x0F, 0xE3, 0x99, 0xB3, 0x6B,
    0xED, 0x9F, 0xEC, 0xEA, 0x2A, 0xD2, 0x52, 0x4E, 0x48, 0x8D, 0x67, 0xD5, 0x71, 0xB2, 0xB7, 0xED,
    0xB6, 0x95, 0x99, 0xFD, 0x27, 0x9F, 0x66, 0x75, 0x1E, 0x9F, 0xBB, 0xAC, 0xD0, 0x11, 0x3C, 0xBE,
    0xA4, 0x50, 0xF6, 0x25, 0xB6, 0x15, 0xE5, 0x24, 0x77, 0x99, 0xAC, 0xD9, 0xFD, 0x02, 0x5E, 0x32,
    0xB9, 0x20, 0xB6, 0x91, 0x3A, 0xB7, 0x5C, 0xBB, 0x5D, 0xE5, 0x5E, 0xCE, 0x2C, 0xEF, 0x38, 0x7D,
    0xA3, 0x88, 0xA6, 0x08, 0x26, 0xE2, 0xB5, 0xEE, 0x30, 0x0D, 0x9C, 0xF8, 0x0C, 0x08, 0x19, 0x07,
    0x27, 0x65, 0x7F, 0xB4, 0xF0, 0x42, 0x21, 0x5B, 0x84, 0x59, 0x27, 0x0F, 0x7C, 0xB4, 0x83, 0x44,
    0x2E, 0x49, 0x96, 0xEF, 0x90, 0xD8, 0xE6, 0x73, 0xB5, 0xA1, 0x24, 0x64, 0x29, 0xBC, 0xB2, 0xB7,
    0x35, 0x57, 0x86, 0xA8, 0xDE, 0x7E, 0xE7, 0xE1, 0xC7, 0xFA, 0xE6, 0xBC, 0x7B, 0x07, 0x85, 0xF8,
    0x56, 0xD9, 0xEF, 0xE9, 0x1C, 0xFC, 0xA2, 0x2F, 0x90, 0x26, 0x7D, 0x8D, 0xAA, 0xFC, 0xAB, 0x6A,
    0x6E, 0x5E, 0x27, 0x86, 0x5D, 0xF3, 0x95, 0x27, 0xC3, 0x22, 0x2A, 0x0F, 0xBA, 0xF8, 0x04, 0x21,
    0x2C, 0x63, 0x9D, 0xCA, 0x73, 0xD8, 0xFE, 0xAB, 0xE0, 0x7F, 0xD0, 0x35, 0x42, 0x25, 0x9A, 0xD4,
    0xC2, 0x5C, 0x39, 0xC7, 0x41, 0xE6, 0xBB, 0x79, 0x89, 0x78, 0xF8, 0xB2, 0xE4, 0x2B, 0xE4, 0xD5,
    0xBC, 0x8B, 0xDF, 0xFF, 0x65, 0xFF, 0x5F, 0xE7, 0xD3, 0x38, 0xAE, 0xAB, 0x3A, 0xCE, 0x1C, 0xB0,
    0x06, 0x58, 0x68, 0xD3, 0x72, 0x62, 0xE8, 0xCE, 0x44, 0x19, 0xDF, 0x32, 0x99, 0x23, 0x56, 0x0A,
    0x85, 0x24, 0x58, 0xF3, 0x71, 0x05, 0x7E, 0xF9, 0x5E, 0x66, 0xCA, 0xBA, 0xF3, 0xBD, 0xD8, 0xC5,
    0xE8, 0x1E, 0xA2, 0x3C, 0xF8, 0x6C, 0x64, 0x97, 0x9D, 0x2E, 0xE2, 0x8F, 0x8C, 0xB3, 0xA1, 0x85,
    0xE3, 0x37, 0x68, 0x0C, 0xEC, 0xCE, 0xC1, 0x2F, 0xBF, 0x0F, 0x02, 0x42, 0x82, 0xE4, 0x77, 0xD1,
    0x18, 0xB4, 0x44, 0x89, 0x0B, 0xF6, 0x41, 0x35, 0x83, 0x77, 0x6F, 0x3B, 0x4B, 0x86, 0x6C, 0x0D,
    0x17, 0x86, 0x24, 0xEE, 0xE7, 0x2A, 0x77, 0xD9, 0x43, 0x5C, 0x1A, 0x18, 0xD5, 0x2E, 0x61, 0xE6,
    0xC2, 0xF9, 0x17, 0x7C, 0xE1, 0x25, 0x7B, 0x81, 0x4D, 0xBB, 0x65, 0x3B, 0x1B, 0x1C, 0xCE, 0x6F,
    0xE7, 0xE1, 0xC7, 0x09, 0x0F, 0x67, 0xB5, 0xB3, 0x78, 0x37, 0x07, 0xBF, 0x83, 0x74, 0x37, 0x0F,
    0xBF, 0x57, 0xF0, 0x6E, 0x9E, 0xB5, 0xBE, 0xEB, 0xCE, 0x79, 0x06, 0xEA, 0xB3, 0xB0, 0x74, 0xFF,
    0xA0, 0xB2, 0x2F, 0xA5, 0x4F, 0xED, 0x8E, 0xD1, 0x7B, 0x63, 0xE8, 0xD2, 0x35, 0x77, 0xC4, 0x81,
    0x39, 0x15, 0xF0, 0x50, 0xE5, 0xBE, 0xD5, 0x6D, 0x68, 0x4B, 0x93, 0x7C, 0x59, 0x1A, 0xF1, 0xAB,
    0xB2, 0xED, 0xA2, 0xD2, 0x36, 0x98, 0xB3, 0xEA, 0xE7, 0xCC, 0x30, 0xE7, 0x14, 0x73, 0x9E, 0x39,
    0x42, 0xFB, 0xF8, 0xD3, 0xEC, 0xE3, 0xCF, 0x02, 0x8C, 0x6C, 0xDC, 0xDB, 0xCF, 0x81, 0x94, 0x0D,
    0xE4, 0xEE, 0x9E, 0xF4, 0xB6, 0x19, 0xB0, 0x6D, 0x2E, 0x1C, 0x80, 0x3F, 0xC9, 0x9C, 0xFC, 0x06,
    0xFC, 0xF1, 0x67, 0xF0, 0x67, 0x1E, 0x7E, 0x0E, 0x7F, 0xFE, 0xCD, 0xF8, 0x53, 0xCF, 0xCD, 0xEB,
    0xC7, 0xAC, 0x75, 0x9F, 0x27, 0xF3, 0xB3, 0xC3, 0x91, 0x1E, 0x72, 0xB8, 0x15, 0x41, 0xC7, 0x88,
    0xF3, 0x60, 0xE3, 0xF2, 0x9C, 0xC8, 0xF6, 0x79, 0xD2, 0x78, 0x38, 0x0C, 0xD9, 0xA3, 0xE3, 0xEB,
    0x94, 0xE7, 0x83, 0x9F, 0x7F, 0x93, 0xEB, 0x5C, 0xC5, 0x45, 0x0E, 0x01, 0xA6, 0xEE, 0x5C, 0x36,
    0xAC, 0x72, 0x0A, 0xCB, 0x1C, 0xF6, 0x96, 0x23, 0xCF, 0xCE, 0xB7, 0x61, 0x0B, 0x3C, 0x2E, 0x6B,
    0x28, 0xF7, 0xF6, 0x79, 0x30, 0x4F, 0xFE, 0x27, 0xC7, 0xEB, 0xEA, 0xE2, 0x75, 0x64, 0xFF, 0x1F,
    0xBD, 0x5A, 0x3D, 0x93, 0xDC, 0xC6, 0x11, 0x6D, 0x00, 0xE4, 0xAD, 0x44, 0x54, 0x09, 0x0C, 0x56,
    0xE5, 0x23, 0x55, 0x36, 0x14, 0x28, 0x50, 0xA9, 0x6C, 0x22, 0x55, 0x70, 0xBC, 0x01, 0x4B, 0x81,
    0x43, 0x5D, 0xA0, 0x8B, 0x1C, 0x88, 0x81, 0x23, 0xB9, 0x4A, 0x4E, 0x1C, 0x28, 0x20, 0x17, 0x28,
    0xFF, 0x01, 0x1F, 0xFF, 0xC1, 0x05, 0x0A, 0xA4, 0x55, 0x95, 0xA9, 0x40, 0x01, 0x83, 0xBB, 0x05,
    0x24, 0x07, 0x0A, 0x14, 0x08, 0xB4, 0xCB, 0xB1, 0x50, 0x96, 0x32, 0x06, 0x84, 0x2C, 0x58, 0x5A,
    0x1F, 0x01, 0x8C, 0xDF, 0x9B, 0xC1, 0xDE, 0x17, 0xF7, 0xC8, 0xFB, 0x80, 0xBC, 0x8B, 0x9E, 0xDD,
    0xC5, 0xEE, 0x0E, 0x5E, 0xCF, 0x4C, 0x77, 0xBF, 0xEE, 0x81, 0x68, 0x2D, 0xA2, 0x75, 0x2C, 0x2F,
    0xBF, 0x23, 0xE2, 0xA6, 0x22, 0x7E, 0x29, 0x12, 0x54, 0x22, 0x61, 0x2D, 0xA2, 0x1A, 0x2B, 0xB3,
    0x99, 0x48, 0xA3, 0xC4, 0x9D, 0xAB, 0xD4, 0xAB, 0xC2, 0x7C, 0x54, 0x05, 0x45, 0xA0, 0x75, 0x45,
    0x89, 0xB4, 0x9E, 0x2B, 0x71, 0x9A, 0x89, 0x48, 0x8B, 0x5F, 0x26, 0x3B, 0x22, 0xEB, 0x82, 0x87,
    0xB3, 0xB9, 0x21, 0xBE, 0x6E, 0x8C, 0x98, 0xC7, 0x74, 0x25, 0x1E, 0xE9, 0xC7, 0x79, 0xA8, 0x75,
    0xAE, 0x1E, 0xEA, 0x3C, 0x13, 0x95, 0xB7, 0x12, 0xE4, 0xCD, 0x21, 0xE9, 0x24, 0xCC, 0x93, 0x58,
    0xE5, 0xEA, 0x89, 0xCE, 0xD1, 0x77, 0xEE, 0xEA, 0xAF, 0x52, 0x19, 0xDB, 0xBF, 0x4B, 0x15, 0x88,
    0x74, 0x19, 0xF0, 0xB4, 0x16, 0x23, 0x1F, 0x03, 0xE2, 0x1D, 0xA5, 0x1F, 0xC8, 0x68, 0x6F, 0x2E,
    0xAE, 0x46, 0x5F, 0x7F, 0x4C, 0x2F, 0x86, 0x97, 0xB8, 0x2C, 0x48, 0x22, 0x33, 0xD0, 0x0C, 0x2E,
    0xDB, 0x10, 0x1D, 0xE1, 0x19, 0x7C, 0x42, 0x80, 0x42, 0x84, 0x42, 0x78, 0xB6, 0x21, 0x48, 0x21,
    0x4A, 0x21, 0x4C, 0x21, 0x4E, 0xD9, 0x11, 0x47, 0x13, 0x27, 0xFB, 0x0A, 0x72, 0x36, 0xDF, 0xB0,
    0xE1, 0x39, 0xAF, 0x95, 0x0B, 0x8C, 0xF1, 0xE3, 0x5C, 0xC6, 0x5D, 0x2C, 0x2E, 0x90, 0x7A, 0xFF,
    0x4E, 0x31, 0x00, 0xE8, 0x5C, 0x43, 0x81, 0x55, 0x74, 0xF8, 0x22, 0x31, 0x43, 0x70, 0x15, 0x6F,
    0x8E, 0x49, 0xC5, 0xE9, 0x95, 0x8F, 0x45, 0x32, 0x5D, 0x78, 0x1C, 0xCF, 0xEE, 0x93, 0x52, 0x41,
    0xCB, 0x04, 0xA7, 0x31, 0x33, 0xD2, 0x09, 0xD1, 0x1E, 0x08, 0x3F, 0xF3, 0xBC, 0x42, 0x8F, 0x51,
    0xED, 0xA4, 0xD4, 0xCD, 0xA5, 0x7E, 0x09, 0xFB, 0xDF, 0xE0, 0xA4, 0x42, 0x7D, 0x28, 0x4F, 0x85,
    0x30, 0xBD, 0xEF, 0xA5, 0x23, 0xDD, 0x84, 0xBA, 0x55, 0xE5, 0x4E, 0x66, 0x7A, 0x68, 0x16, 0x07,
    0x7A, 0x4A, 0xE2, 0xB1, 0xDA, 0x6B, 0x03, 0xDD, 0xBA, 0xBA, 0x96, 0xCB, 0x18, 0x88, 0x02, 0xDA,
    0xF7, 0x73, 0xFE, 0x20, 0xB2, 0xFA, 0x0F, 0x89, 0xED, 0x06, 0xBE, 0xCF, 0xDD, 0x27, 0xA5, 0x57,
    0x70, 0x0A, 0xCF, 0x86, 0xCD, 0xAC, 0xCB, 0xCA, 0x8A, 0x3B, 0xF0, 0x98, 0xA9, 0xC5, 0x71, 0x56,
    0x50, 0x57, 0x21, 0xBB, 0xCA, 0x0E, 0x58, 0x30, 0x3C, 0x30, 0x37, 0xDD, 0xF6, 0x7E, 0xAA, 0x04,
    0xAB, 0x27, 0x89, 0xCF, 0x8A, 0xCD, 0x89, 0xAF, 0x8A, 0xF7, 0x3D, 0x26, 0x53, 0x13, 0x00, 0x2E,
    0x70, 0x1D, 0xC7, 0xF4, 0x43, 0x51, 0x70, 0x4C, 0x90, 0x52, 0x4D, 0xEF, 0xD7, 0x4A, 0x3C, 0xD8,
    0x8C, 0xD3, 0x42, 0x83, 0x0E, 0x92, 0x1D, 0x13, 0x6D, 0xCF, 0xBB, 0xF8, 0x8D, 0x3F, 0xC7, 0x7F,
    0x2A, 0x45, 0x23, 0xD0, 0x44, 0xEE, 0xBE, 0x45, 0x17, 0xF1, 0x75, 0xCD, 0x66, 0x4E, 0xE3, 0x61,
    0xF3, 0x45, 0x25, 0xD3, 0xE0, 0xAB, 0x12, 0xE6, 0xF2, 0x45, 0x4C, 0x7B, 0x11, 0x1A, 0x8C, 0xD0,
    0x62, 0x84, 0x26, 0x23, 0xCD, 0xD1, 0x86, 0x66, 0x23, 0xB4, 0x1B, 0xA1, 0xE1, 0xD0, 0x4A, 0x73,
    0x31, 0xE6, 0x6E, 0xEC, 0xDD, 0x99, 0x4E, 0x63, 0xC1, 0x20, 0xD6, 0x6C, 0x3A, 0xF1, 0xF6, 0xA6,
    0x3A, 0xC6, 0xC2, 0x56, 0x39, 0x9A, 0xB0, 0x40, 0x13, 0x94, 0x58, 0xE4, 0x3E, 0x30, 0x99, 0x26,
    0xF6, 0xAB, 0xB0, 0xC3, 0x3B, 0x7E, 0x61, 0x9A, 0x12, 0x4D, 0xC4, 0x1F, 0x67, 0x29, 0x3A, 0xD0,
    0xEC, 0xA5, 0x61, 0x53, 0x10, 0x7D, 0x6C, 0xEC, 0xDD, 0xC1, 0x19, 0x97, 0xBE, 0x34, 0xAB, 0x01,
    0x3C, 0x3F, 0xAF, 0x6B, 0x5A, 0xB8, 0x64, 0xBA, 0xE7, 0xEB, 0xD3, 0x8F, 0x17, 0x23, 0x2C, 0x8A,
    0xEF, 0x7B, 0x63, 0x37, 0x32, 0xDD, 0xC2, 0x77, 0x8D, 0x15, 0xCE, 0xC4, 0xE1, 0xEF, 0x28, 0xFC,
    0x4F, 0xFF, 0x5F, 0xF6, 0x15, 0xC0, 0x61, 0x51, 0xEC, 0xB2, 0x8C, 0x65, 0x84, 0x85, 0x11, 0xF2,
    0xBF, 0xF7, 0xB4, 0xCC, 0x44, 0xC5, 0xAD, 0x44, 0x29, 0x34, 0xCB, 0x21, 0x69, 0xB7, 0xB9, 0x69,
    0x57, 0x53, 0x7C, 0x4D, 0xD4, 0x9E, 0xC6, 0xFF, 0x3A, 0xE1, 0x3A, 0xE0, 0x22, 0x7D, 0xCA, 0x15,
    0xBF, 0x6F, 0x16, 0xD3, 0x60, 0x58, 0xFD, 0xF8, 0x33, 0xF1, 0x1F, 0x71, 0x9E, 0xB0, 0x26, 0x66,
    0xF1, 0xC5, 0xB0, 0x5E, 0x63, 0xE7, 0xB1, 0x95, 0x6B, 0xC3, 0x61, 0x34, 0x01, 0x29, 0x91, 0x85,
    0x91, 0x5F, 0x08, 0xE3, 0x11, 0x4C, 0x9B, 0xEF, 0x9C, 0x1F, 0xD3, 0x88, 0x36, 0x84, 0xE5, 0x1E,
    0xFC, 0xD5, 0x06, 0x9D, 0x51, 0x73, 0x01, 0x6C, 0x73, 0xDB, 0x9F, 0x0F, 0x4B, 0xF7, 0xBF, 0xE1,
    0xA2, 0x84, 0xF5, 0x74, 0xA6, 0x3B, 0xE3, 0x09, 0xFE, 0x55, 0x63, 0xB9, 0xF7, 0x9E, 0x60, 0xC0,
    0x71, 0x75, 0xD3, 0x2D, 0xF1, 0x7E, 0x2A, 0xD1, 0x77, 0x6E, 0x5D, 0xD9, 0x45, 0xD7, 0xAA, 0x4B,
    0x1D, 0x30, 0x0E, 0x11, 0xC6, 0xE3, 0x66, 0x60, 0x17, 0xEA, 0x4A, 0x47, 0x8F, 0x5A, 0x59, 0x8F,
    0xFA, 0xBB, 0x2A, 0xC2, 0x4F, 0xD4, 0x11, 0x8F, 0xFA, 0xC6, 0x87, 0xAD, 0xE8, 0xA6, 0x13, 0xDD,
    0x6A, 0x79, 0xA3, 0xCD, 0x62, 0x69, 0xE9, 0x72, 0xC2, 0xB9, 0xB4, 0xBE, 0xD6, 0xAD, 0x43, 0xCB,
    0x8F, 0x68, 0xF8, 0x70, 0xF5, 0xAF, 0xE0, 0x8F, 0x0A, 0x6F, 0xBB, 0x4A, 0x9C, 0xF2, 0xB3, 0x1E,
    0xAF, 0x0B, 0xBF, 0xFA, 0xA8, 0x80, 0xED, 0x17, 0xEA, 0x61, 0x56, 0x64, 0x12, 0x15, 0xB0, 0xFD,
    0xA2, 0x31, 0xE2, 0x9B, 0xD7, 0x0E, 0x02, 0xDB, 0x2F, 0x80, 0x97, 0xB4, 0xA7, 0x70, 0xF5, 0xD7,
    0x85, 0x8C, 0x83, 0xFC, 0xA5, 0x38, 0xCA, 0xC1, 0x2C, 0xE0, 0xEE, 0xA8, 0x43, 0x4F, 0xA1, 0x3E,
    0x18, 0xC1, 0xA5, 0xDD, 0x4F, 0x8D, 0x0E, 0x2B, 0xDF, 0xC9, 0xD0, 0x3A, 0x78, 0xF9, 0x1A, 0xDC,
    0x21, 0xFC, 0x0D, 0xC7, 0x2C, 0x4A, 0x07, 0xC6, 0xBF, 0x05, 0x5A, 0x52, 0x5B, 0x71, 0xB6, 0x87,
    0x1D, 0xFB, 0x30, 0xB6, 0x78, 0xC3, 0x74, 0xF8, 0x71, 0x1F, 0x0C, 0x27, 0x74, 0x76, 0xB1, 0xFE,
    0x1C, 0xCA, 0x1D, 0x31, 0x14, 0xCE, 0x47, 0x47, 0x11, 0xD6, 0xF7, 0x4D, 0x74, 0x34, 0x81, 0x0E,
    0x49, 0x61, 0x43, 0xF6, 0xE5, 0x81, 0x75, 0x20, 0xFD, 0x5A, 0x50, 0xEE, 0x07, 0x37, 0xCC, 0x10,
    0x81, 0x30, 0xBE, 0xA6, 0x2C, 0xB3, 0x7D, 0x5A, 0x36, 0x37, 0x1B, 0xD8, 0xE0, 0x81, 0x9C, 0xF0,
    0x3B, 0xB8, 0xBE, 0x9D, 0x7D, 0x66, 0xD7, 0x1E, 0x30, 0x3B, 0x32, 0x4F, 0xE3, 0x32, 0xAA, 0xC3,
    0xF2, 0xB1, 0xF8, 0x88, 0x6F, 0x18, 0x93, 0xD2, 0x6F, 0xC3, 0xCA, 0xAF, 0x46, 0x15, 0x83, 0xEA,
    0x49, 0x32, 0x42, 0x98, 0xF5, 0x0A, 0xB7, 0x74, 0xC9, 0x6B, 0x11, 0x52, 0x95, 0x6D, 0x32, 0xD8,
    0x79, 0x09, 0xD1, 0x95, 0x79, 0x67, 0xBF, 0xF8, 0xE7, 0x66, 0xC2, 0x20, 0xAF, 0x0F, 0x37, 0xFB,
    0xFF, 0x58, 0xD6, 0x60, 0xDC, 0xA3, 0x23, 0x28, 0x13, 0x33, 0xC9, 0x98, 0x8C, 0xF6, 0x7C, 0x28,
    0x2F, 0xC7, 0x5B, 0xAA, 0xAE, 0x12, 0x5D, 0xAD, 0xA9, 0x6A, 0x15, 0x24, 0xE0, 0xF6, 0x21, 0x06,
    0x75, 0xCA, 0x63, 0x2E, 0xAF, 0xDC, 0x2A, 0xB2, 0x1F, 0x2B, 0x5C, 0xF9, 0x81, 0xCA, 0xAF, 0x0A,
    0x17, 0xB6, 0x53, 0x23, 0xED, 0x78, 0xCE, 0x01, 0x5A, 0x9E, 0x69, 0xB8, 0xC0, 0xFC, 0xE5, 0x4D,
    0xAA, 0xE4, 0x55, 0x67, 0x3C, 0x4A, 0xB9, 0xBC, 0x09, 0x5A, 0x08, 0xFA, 0xC5, 0x3C, 0xE5, 0xF4,
    0x17, 0xC5, 0xE3, 0x81, 0x9F, 0x26, 0x19, 0xBC, 0x75, 0xEF, 0x8B, 0xCE, 0x77, 0xF5, 0x35, 0x2F,
    0x57, 0xF7, 0x41, 0x8F, 0x62, 0x76, 0x7B, 0xFA, 0xAB, 0x6F, 0x61, 0xE0, 0x9F, 0xF9, 0x0C, 0x2A,
    0x95, 0xEE, 0x48, 0x5B, 0x65, 0x95, 0x32, 0x16, 0xE0, 0x97, 0x7E, 0xC1, 0x90, 0x65, 0xDE, 0x2D,
    0x79, 0x06, 0xB9, 0x92, 0x3B, 0xB2, 0xFB, 0x69, 0x52, 0xD3, 0xC4, 0x11, 0x40, 0xF0, 0xBC, 0x06,
    0x33, 0x51, 0xCF, 0x79, 0xAE, 0xCB, 0xF8, 0xEE, 0xEC, 0xE0, 0xB1, 0xF6, 0xA2, 0xAC, 0x2A, 0x49,
    0x9E, 0x71, 0xFC, 0x92, 0x74, 0x21, 0xB9, 0x04, 0x22, 0xEC, 0x74, 0x88, 0x84, 0x91, 0xAE, 0x46,
    0x18, 0xFA, 0xB1, 0xDC, 0x0D, 0xF2, 0x59, 0x50, 0xEC, 0x9A, 0x74, 0x71, 0xEC, 0xD8, 0x8F, 0xCF,
    0x39, 0xD6, 0x98, 0x8A, 0xE5, 0x74, 0x21, 0x3A, 0x67, 0xC2, 0xC9, 0x30, 0xFF, 0x40, 0x4C, 0x78,
    0x0E, 0x40, 0xF4, 0xC3, 0x51, 0x6E, 0x0D, 0xF2, 0xB6, 0x98, 0xEF, 0x9C, 0xD3, 0xCB, 0x55, 0xB8,
    0xAA, 0x66, 0x34, 0x17, 0x9B, 0x33, 0x14, 0x08, 0xB9, 0x66, 0x6D, 0x20, 0x8A, 0x06, 0x4D, 0x34,
    0x5B, 0x43, 0xFE, 0x27, 0xF1, 0xB3, 0x47, 0x3F, 0x29, 0xB3, 0x7C, 0x9D, 0x6E, 0x66, 0xDB, 0xE4,
    0xF6, 0xE2, 0x23, 0x29, 0x88, 0x4A, 0x58, 0x70, 0xAA, 0xDC, 0x56, 0x94, 0x5F, 0x8B, 0x42, 0xB8,
    0xE4, 0xAA, 0x53, 0xB8, 0x86, 0x7A, 0x82, 0x1C, 0xFA, 0x6F, 0x38, 0x8F, 0xEC, 0x15, 0x63, 0x94,
    0xDB, 0xDF, 0x06, 0x4C, 0x24, 0xE6, 0x70, 0x33, 0xE0, 0x18, 0x4C, 0xCD, 0xA1, 0x0E, 0x52, 0x6F,
    0xA1, 0x5A, 0x70, 0xF9, 0xAB, 0xC7, 0xE9, 0x83, 0x91, 0x4B, 0x90, 0x89, 0x60, 0x6C, 0x45, 0x81,
    0xF6, 0xA8, 0x10, 0x7D, 0x23, 0x4B, 0xC2, 0x22, 0x85, 0xC4, 0xF6, 0x7A, 0xEF, 0x56, 0xF6, 0x3B,
    0xC7, 0x5C, 0x0B, 0x33, 0x18, 0xDA, 0x61, 0xDA, 0x81, 0x7E, 0xDA, 0x8A, 0x44, 0x3D, 0xAD, 0x6B,
    0xAC, 0xDE, 0x97, 0xCE, 0xDB, 0xEF, 0x86, 0x8D, 0x78, 0xCC, 0xE1, 0x54, 0x9F, 0xA7, 0x2F, 0xC7,
    0x7D, 0x4A, 0x81, 0x4B, 0xB7, 0x34, 0x09, 0x73, 0xBC, 0xE1, 0xD6, 0x41, 0x15, 0xA5, 0x2F, 0x9C,
    0x62, 0x95, 0x72, 0x9D, 0x0E, 0x76, 0xDD, 0x71, 0x9F, 0x5D, 0x72, 0x7C, 0xDE, 0xB5, 0xE3, 0xB6,
    0x82, 0x75, 0xF8, 0xDC, 0x27, 0x23, 0x74, 0x9C, 0xE4, 0x49, 0xE1, 0x15, 0xB0, 0xB6, 0xF8, 0x92,
    0xD0, 0xFE, 0x57, 0x11, 0x3D, 0x54, 0xC0, 0x0A, 0x0A, 0x04, 0x41, 0x51, 0xF9, 0x25, 0x5E, 0xE3,
    0x33, 0xA3, 0x5A, 0x0D, 0x63, 0x85, 0x75, 0x93, 0x14, 0xCA, 0x2B, 0x14, 0xBA, 0x57, 0xB1, 0x5A,
    0x3D, 0xC8, 0xBF, 0x4F, 0x3A, 0xD6, 0x9F, 0x35, 0x1D, 0x57, 0x21, 0x9C, 0xCE, 0xC6, 0xBE, 0x3E,
    0x0F, 0xC0, 0xD2, 0x4B, 0x5C, 0x16, 0x82, 0x09, 0x73, 0xB6, 0x27, 0x00, 0xA0, 0x79, 0x3A, 0xF3,
    0xE3, 0x26, 0x78, 0xDB, 0x64, 0x91, 0x0E, 0xE8, 0xB7, 0x0F, 0x53, 0x5E, 0x14, 0xCB, 0x9E, 0x32,
    0x55, 0xAD, 0xE7, 0x86, 0x62, 0xF0, 0x75, 0xA9, 0xFF, 0x7D, 0x82, 0xF4, 0x29, 0x85, 0xF9, 0x26,
    0xB5, 0x24, 0x95, 0xFC, 0x62, 0x99, 0x0B, 0x5E, 0x56, 0x3A, 0x82, 0x36, 0xAB, 0x84, 0x07, 0x3A,
    0x32, 0x81, 0x03, 0x9D, 0xA8, 0x39, 0xA4, 0x85, 0x68, 0x88, 0xCA, 0x27, 0x2A, 0x2C, 0x27, 0x30,
    0xE2, 0x89, 0xF2, 0x9A, 0x09, 0x8C, 0x16, 0x92, 0x20, 0xA3, 0x8F, 0x20, 0x01, 0xC4, 0xEB, 0xA0,
    0x57, 0x07, 0x5A, 0x03, 0xA2, 0xF3, 0xA9, 0x18, 0x9F, 0xED, 0x55, 0x36, 0x87, 0x00, 0xF5, 0x1E,
    0x5F, 0xD9, 0x96, 0x49, 0xD2, 0x30, 0x98, 0x4B, 0xF6, 0x50, 0x33, 0x91, 0xA7, 0xC4, 0x27, 0x09,
    0xCC, 0x2E, 0xBE, 0x09, 0x63, 0x1A, 0x0E, 0x13, 0xB8, 0xD6, 0xA8, 0xEA, 0xB9, 0x68, 0x65, 0xF8,
    0xD1, 0x79, 0x31, 0x99, 0xC7, 0xC4, 0x0E, 0x9D, 0xA9, 0xC4, 0x31, 0xB5, 0x50, 0x7D, 0x19, 0xE6,
    0x55, 0xB1, 0x95, 0x9C, 0xBB, 0x38, 0x11, 0x35, 0x96, 0x28, 0xB9, 0xC3, 0x8D, 0xAD, 0x93, 0x6E,
    0x8B, 0xFB, 0x23, 0xF0, 0x93, 0x5E, 0x2A, 0xCB, 0x7D, 0xCF, 0xAB, 0xC7, 0x15, 0xB1, 0x14, 0x5A,
    0xF5, 0xF0, 0xD5, 0xF8, 0xCA, 0xD6, 0xCD, 0xDD, 0xAC, 0x59, 0x03, 0x87, 0x7D, 0x53, 0xA3, 0x23,
    0xAC, 0x20, 0x10, 0x5E, 0x25, 0xED, 0x33, 0xE4, 0x8E, 0xDC, 0x80, 0x6E, 0x2F, 0x70, 0x65, 0xB3,
    0xF8, 0x02, 0xDD, 0x14, 0x74, 0x53, 0xD0, 0x4D, 0x41, 0x37, 0x85, 0x93, 0x4A, 0x21, 0x2E, 0xAB,
    0xD1, 0x5C, 0x21, 0x08, 0x28, 0x20, 0x83, 0x28, 0x0D, 0xBD, 0x20, 0x23, 0x88, 0xC3, 0xCA, 0x50,
    0xB6, 0x7E, 0x60, 0x60, 0x70, 0x31, 0x23, 0x8C, 0x6C, 0x60, 0xCA, 0x60, 0xE7, 0xD3, 0x6D, 0x91,
    0xF4, 0xAB, 0xD8, 0x76, 0xC5, 0x92, 0x74, 0x4D, 0xBA, 0x97, 0xB2, 0x96, 0x8E, 0x15, 0x09, 0xE2,
    0x84, 0xF4, 0xED, 0xBF, 0x62, 0x3F, 0x8E, 0x58, 0x19, 0x0A, 0xDA, 0x77, 0x61, 0xF0, 0x05, 0x1C,
    0x79, 0x12, 0x23, 0x9D, 0x64, 0x25, 0x3B, 0xED, 0xC8, 0xD5, 0x5B, 0x46, 0xA1, 0x45, 0x13, 0xE5,
    0x1D, 0xF9, 0xBA, 0xF9, 0x16, 0xFA, 0x6A, 0x89, 0x2A, 0x84, 0xDE, 0x40, 0x9B, 0xEA, 0x8F, 0xC9,
    0x89, 0x35, 0xF3, 0x4C, 0x4A, 0x5F, 0x60, 0x1F, 0x2D, 0x0A, 0xEC, 0xEF, 0xC1, 0x56, 0x61, 0xDA,
    0x21, 0x7D, 0xC7, 0xC3, 0x2C, 0xCD, 0x4C, 0x87, 0x41, 0x09, 0x66, 0xBF, 0x2F, 0x3D, 0xBB, 0xCF,
    0xC1, 0xEE, 0xE3, 0xE3, 0x55, 0x17, 0xC3, 0xBD, 0xD0, 0x7F, 0x46, 0xBD, 0xB8, 0xF2, 0x16, 0xD9,
    0xE0, 0xCF, 0xAD, 0x88, 0x97, 0xDA, 0x14, 0x71, 0xBF, 0xF2, 0x7E, 0x11, 0x45, 0x9C, 0x98, 0x76,
    0xF8, 0x0F, 0xF4, 0x14, 0x7C, 0x89, 0x26, 0x7A, 0x1B, 0x93, 0xF1, 0xC2, 0x8B, 0xFF, 0x1F, 0x45,
    0x64, 0xED, 0x57, 0x22, 0x33, 0x66, 0x31, 0xBB, 0xC8, 0xD7, 0xEB, 0x8B, 0xCF, 0xCA, 0xF5, 0xE9,
    0x74, 0xBA, 0xE5, 0x98, 0xD4, 0xC4, 0x37, 0x6D, 0xB8, 0xF7, 0xC9, 0xDE, 0x74, 0xCB, 0x94, 0x15,
    0xB1, 0x4A, 0xD9, 0x76, 0xA6, 0x6D, 0x16, 0x2D, 0x74, 0x3B, 0xD4, 0xA6, 0xAD, 0x39, 0x3F, 0x33,
    0xAD, 0x8A, 0x4D, 0xCB, 0x52, 0xA3, 0xC9, 0x67, 0x4C, 0xFE, 0x49, 0x2E, 0x96, 0x99, 0xF6, 0xBD,
    0xD4, 0xFD, 0x88, 0x48, 0x23, 0x7A, 0x76, 0x9D, 0xE9, 0x12, 0x68, 0x3B, 0xBF, 0x06, 0xDE, 0xCA,
    0x69, 0x5A, 0x92, 0x8D, 0x96, 0x95, 0x43, 0x7D, 0xD0, 0xFE, 0x67, 0x73, 0xA3, 0x33, 0x24, 0x04,
    0xD8, 0x1B, 0x50, 0xB2, 0x3D, 0xAD, 0x3F, 0x99, 0x03, 0x7F, 0xC2, 0xBA, 0x70, 0x1D, 0x60, 0x94,
    0x59, 0x74, 0xEE, 0xC9, 0xC9, 0x0C, 0x5E, 0xAA, 0xB5, 0xBB, 0x17, 0x08, 0xC4, 0xD7, 0xA7, 0x1F,
    0x31, 0xC6, 0xA5, 0x7D, 0x6D, 0xB7, 0x22, 0x25, 0x3B, 0x24, 0xA0, 0x68, 0x7E, 0x5F, 0xBF, 0x35,
    0xBF, 0x29, 0xCC, 0x67, 0x68, 0xD1, 0x0B, 0x7E, 0xE3, 0xB6, 0x37, 0x0C, 0x49, 0xC0, 0xE3, 0x25,
    0x63, 0xD6, 0x33, 0xC3, 0xAB, 0x2A, 0x38, 0xAB, 0x74, 0x82, 0xD4, 0x56, 0x17, 0xD9, 0xE7, 0x9C,
    0xD1, 0xA5, 0xC7, 0xC4, 0xA4, 0xC7, 0x83, 0x81, 0x20, 0x8F, 0x24, 0x87, 0xE4, 0x58, 0xAC, 0xD8,
    0x32, 0xD9, 0x65, 0x77, 0x3B, 0xBC, 0x5F, 0x47, 0xBA, 0x8E, 0xAA, 0x8D, 0xC8, 0xB0, 0xE9, 0xA7,
    0x8F, 0x30, 0x15, 0x5B, 0x33, 0x8A, 0xB8, 0xD3, 0xC0, 0xC3, 0x37, 0x27, 0x95, 0x65, 0x43, 0xE4,
    0x32, 0xF3, 0x5D, 0x8C, 0x2E, 0x02, 0x5D, 0xC8, 0xA2, 0xC1, 0xB0, 0xC3, 0xF6, 0xFA, 0x15, 0x90,
    0x4D, 0x09, 0x1B, 0xBB, 0xA1, 0x74, 0x86, 0x61, 0x33, 0xDC, 0x82, 0xD1, 0x97, 0x91, 0x87, 0x95,
    0x06, 0x5A, 0x57, 0xB6, 0x85, 0x35, 0xD5, 0x9A, 0x4A, 0x5B, 0x72, 0x2F, 0x83, 0x15, 0xF9, 0x26,
    0x58, 0x19, 0x46, 0xF7, 0x1D, 0x0B, 0x64, 0xDF, 0x61, 0xD5, 0xC0, 0x8E, 0xFE, 0x40, 0x5B, 0x61,
    0x59, 0x2F, 0xCC, 0x5F, 0x35, 0x55, 0x6A, 0xC5, 0x2A, 0x5B, 0x4C, 0xAE, 0xE3, 0x73, 0xD5, 0x9B,
    0xCD, 0xB3, 0x82, 0x39, 0x34, 0x06, 0x14, 0x7C, 0xFC, 0x37, 0x22, 0x53, 0x7C, 0x53, 0x85, 0xBA,
    0x51, 0x71, 0x03, 0xFA, 0xA4, 0x98, 0x37, 0xC4, 0xAC, 0xD8, 0x31, 0xF8, 0x35, 0x37, 0x65, 0x27,
    0xB9, 0x87, 0x7C, 0xA7, 0x1E, 0x21, 0x5E, 0x8D, 0xCD, 0xA6, 0x8D, 0x98, 0xCA, 0x7C, 0x29, 0xDE,
    0xC3, 0xCA, 0x5A, 0xE0, 0x90, 0xD8, 0xDE, 0x47, 0xF7, 0xB1, 0xA7, 0xF3, 0xD1, 0x9F, 0x0B, 0xB3,
    0xDF, 0x76, 0x16, 0x6C, 0x43, 0xE1, 0xB8, 0x6B, 0x53, 0x08, 0xB7, 0x16, 0x9B, 0x33, 0x9F, 0x1E,
    0x04, 0x82, 0xE0, 0xAE, 0xF9, 0xEF, 0x9F, 0xB0, 0x66, 0x59, 0x67, 0xAD, 0x10, 0x1D, 0xA1, 0x48,
    0x96, 0xDA, 0x5A, 0xF6, 0x80, 0x23, 0xE5, 0xDE, 0xCA, 0x47, 0x8F, 0x0A, 0x17, 0x01, 0x51, 0xCB,
    0x59, 0x47, 0x0A, 0x6E, 0x6F, 0x7B, 0x51, 0x27, 0x5A, 0xB9, 0xBF, 0x07, 0x50, 0x34, 0xAA, 0x33,
    0x8A, 0xE1, 0x85, 0xA9, 0x4D, 0xBA, 0x18, 0xF5, 0x7F, 0x6D, 0x7C, 0xB4, 0xB7, 0xD8, 0x70, 0x4C,
    0x74, 0x9E, 0xE9, 0x3C, 0xEA, 0xE2, 0xE5, 0x35, 0x04, 0x9D, 0x7A, 0xDC, 0x0D, 0x8A, 0x65, 0x8D,
    0xE3, 0x45, 0x26, 0x0D, 0xCA, 0xB9, 0x01, 0x8B, 0xE4, 0xBE, 0xF1, 0xA1, 0x0D, 0xB4, 0x41, 0xA0,
    0x32, 0xF7, 0x44, 0x96, 0xE2, 0x37, 0xA6, 0x98, 0xBC, 0x23, 0xB7, 0xE6, 0xDE, 0x0F, 0x95, 0xF7,
    0x7D, 0x7C, 0x7A, 0x98, 0xCF, 0x85, 0xB1, 0x5F, 0x8C, 0x9A, 0x3F, 0x1B, 0xC6, 0xC9, 0x23, 0x14,
    0xEA, 0x34, 0x62, 0x11, 0x2B, 0x3E, 0x3E, 0x42, 0xE3, 0x15, 0x2C, 0xA2, 0xB7, 0xB9, 0x6F, 0x95,
    0x7A, 0x7F, 0xC7, 0x25, 0xD2, 0x55, 0x3A, 0xFC, 0xDB, 0x27, 0x16, 0x02, 0x97, 0x49, 0xEC, 0xCC,
    0x11, 0xD4, 0xEA, 0xB0, 0x0A, 0xB9, 0x47, 0xCF, 0xED, 0xC8, 0x54, 0x12, 0x4B, 0x6B, 0xDC, 0xF2,
    0x4D, 0x50, 0xD4, 0x3B, 0x12, 0x66, 0x8D, 0x04, 0xBE, 0x0D, 0xAA, 0x63, 0x64, 0xCE, 0x13, 0x4B,
    0xD4, 0x96, 0x4A, 0xD2, 0x8B, 0xF9, 0xF4, 0x88, 0xC1, 0xBA, 0xB1, 0x1B, 0x3E, 0x63, 0x93, 0xDD,
    0x18, 0x91, 0xCD, 0x77, 0x06, 0xC5, 0x79, 0x7C, 0x13, 0xEC, 0x22, 0x18, 0x8F, 0xDC, 0xEF, 0xC0,
    0xFE, 0xFD, 0xED, 0x45, 0x81, 0x75, 0x30, 0xBC, 0x47, 0x36, 0xC2, 0x38, 0x8D, 0x17, 0xC1, 0xEB,
    0xF4, 0x77, 0x3A, 0xAC, 0x43, 0xF7, 0xB5, 0x35, 0xFB, 0xCA, 0xCF, 0xCE, 0xB0, 0x98, 0xF7, 0xDD,
    0xFB, 0xB7, 0x56, 0xF8, 0x9E, 0xE7, 0x2E, 0x8E, 0xFD, 0xCB, 0x42, 0xA2, 0xBF, 0xE4, 0xB2, 0x0E,
    0x6F, 0xF1, 0xDA, 0xEA, 0xE0, 0x63, 0x2D, 0x1F, 0x20, 0x8E, 0x35, 0x33, 0xB8, 0xEC, 0x66, 0x3F,
    0x2C, 0x5D, 0x04, 0xF3, 0x39, 0xB1, 0xCD, 0x7B, 0x6C, 0xA5, 0xC5, 0xD6, 0xDA, 0x18, 0xC2, 0x64,
    0xDD, 0xFB, 0x89, 0x2C, 0x95, 0x9B, 0xCC, 0xF1, 0x85, 0xB0, 0x45, 0x8B, 0x4C, 0xEF, 0x4E, 0x9F,
    0x9C, 0xF6, 0x1B, 0xC2, 0xC6, 0x1B, 0xE3, 0x94, 0x51, 0xDD, 0x0E, 0xCA, 0x7C, 0x7D, 0x41, 0xCA,
    0x5F, 0x67, 0xF3, 0x7B, 0xDE, 0x13, 0x23, 0x0D, 0x43, 0x8D, 0xD3, 0xF0, 0x06, 0x02, 0xB7, 0x51,
    0xE9, 0x08, 0x98, 0xA3, 0x9C, 0x7B, 0xE7, 0x41, 0xCE, 0xC2, 0x79, 0x50, 0x46, 0x75, 0x50, 0x82,
    0xD3, 0x34, 0x21, 0x28, 0xF0, 0xAC, 0x89, 0xF0, 0x7D, 0x33, 0x53, 0xA9, 0xDB, 0x36, 0xE0, 0x32,
    0xA2, 0x6B, 0xE6, 0x2D, 0x9A, 0x7B, 0xEB, 0x92, 0x15, 0xCC, 0xEF, 0x54, 0xCE, 0x6D, 0x4A, 0x95,
    0x32, 0x29, 0x0F, 0x4D, 0x5A, 0xCE, 0x5A, 0xA6, 0xAD, 0xC6, 0x8D, 0x1E, 0x33, 0xB3, 0x7E, 0xAB,
    0x2F, 0x67, 0x5E, 0x62, 0x4D, 0x0E, 0x90, 0x9C, 0x3A, 0x91, 0xAB, 0x60, 0x4A, 0x71, 0xE3, 0x55,
    0x48, 0x04, 0x70, 0xCD, 0x2F, 0x74, 0x50, 0x04, 0xDF, 0xEA, 0x30, 0xF7, 0x7F, 0x78, 0xCC, 0xED,
    0xF9, 0xAF, 0x49, 0x00, 0xBE, 0xA2, 0x13, 0xF9, 0x2D, 0xAE, 0xA3, 0x3D, 0x6E, 0xC9, 0x73, 0x13,
    0xE6, 0xA6, 0xD4, 0x0B, 0x65, 0x99, 0xF3, 0x62, 0x34, 0xE8, 0x09, 0xEA, 0x3B, 0x0B, 0x1D, 0xB7,
    0x31, 0xFF, 0xF3, 0x2C, 0x46, 0xDF, 0x79, 0x50, 0x05, 0xE8, 0x7C, 0x34, 0x4F, 0x80, 0x9C, 0x88,
    0x89, 0x91, 0x08, 0x2B, 0x7B, 0x67, 0xCF, 0x49, 0xC2, 0x7E, 0x6F, 0xD8, 0x92, 0x80, 0xFB, 0xA4,
    0x10, 0xEF, 0xF3, 0xF2, 0x54, 0x2B, 0xE9, 0x60, 0xC6, 0x38, 0x5B, 0x9A, 0x37, 0x17, 0x21, 0x18,
    0x63, 0xBC, 0x36, 0x14, 0xB8, 0x5B, 0x87, 0xCF, 0xDC, 0x3E, 0xAD, 0x4D, 0x4D, 0xC8, 0xA9, 0xEF,
    0x02, 0xE5, 0xCC, 0xBC, 0x0E, 0x8A, 0x7B, 0x49, 0x39, 0x68, 0x65, 0x3A, 0xFD, 0x10, 0xAB, 0xB1,
    0xA5, 0x38, 0xD3, 0xFB, 0x73, 0xDB, 0x11, 0xF7, 0xAA, 0xB0, 0x0A, 0xDD, 0xCE, 0x6E, 0x31, 0x07,
    0xFD, 0xA9, 0xEC, 0xD8, 0x29, 0xDE, 0xC5, 0xA5, 0x59, 0xE9, 0xC6, 0x20, 0x93, 0x30, 0x56, 0x3D,
    0x61, 0x34, 0x3B, 0x51, 0x8A, 0x91, 0xB0, 0x7D, 0x85, 0xB7, 0x3A, 0xF0, 0xFE, 0x0B, 0xD6, 0x31,
    0x34, 0x37, 0xCA, 0x40, 0x75, 0x11, 0xE8, 0xF0, 0x6D, 0xA2, 0x3B, 0xDE, 0x1A, 0x72, 0xEC, 0x36,
    0x9D, 0xC1, 0x00, 0xDD, 0x35, 0xE9, 0xC8, 0xA4, 0x5F, 0x0E, 0xA7, 0x45, 0xB3, 0xE4, 0xFE, 0x9C,
    0xA1, 0x10, 0xB9, 0xB7, 0x8A, 0x23, 0x6C, 0xEC, 0xD4, 0xA0, 0xFE, 0x07, 0xBD, 0x58, 0x31, 0x73,
    0xDD, 0xC6, 0x11, 0x5E, 0x00, 0x22, 0xDF, 0x58, 0x98, 0x09, 0x58, 0xB0, 0xA0, 0xA5, 0x99, 0x40,
    0x85, 0x2B, 0xCD, 0x84, 0xF8, 0x03, 0x14, 0x0F, 0x93, 0x22, 0x4D, 0x1A, 0x16, 0x71, 0x95, 0xC2,
    0x29, 0x52, 0x29, 0x85, 0x52, 0xB8, 0x70, 0xE1, 0x10, 0xC8, 0xE4, 0x07, 0x98, 0x2A, 0x52, 0x87,
    0x85, 0x0B, 0xEB, 0xA5, 0x60, 0x0A, 0x15, 0x2E, 0x28, 0x02, 0x4A, 0x93, 0x42, 0x85, 0xC1, 0x3A,
    0x85, 0x91, 0x89, 0xD2, 0x44, 0x85, 0x31, 0xCA, 0x4B, 0x02, 0x53, 0x00, 0x2E, 0xDF, 0xB7, 0x77,
    0x8F, 0x94, 0x62, 0x8D, 0x25, 0x99, 0x4F, 0x7E, 0xC4, 0xED, 0xDD, 0x7B, 0x00, 0xEE, 0xBE, 0xDB,
    0xDD, 0x6F, 0x77, 0x8F, 0x22, 0xB2, 0x21, 0xF8, 0x1C, 0x53, 0x0C, 0x22, 0xD7, 0x9F, 0x41, 0x58,
    0xDB, 0xC9, 0xCC, 0xDA, 0x85, 0x24, 0xE3, 0x07, 0x83, 0x98, 0x26, 0xB0, 0x52, 0xE4, 0x52, 0xE5,
    0x95, 0x88, 0x29, 0x27, 0x91, 0xAC, 0x1E, 0x45, 0xD2, 0x73, 0x91, 0xD5, 0xF8, 0xCD, 0xD4, 0x7A,
    0xD7, 0xD4, 0x62, 0x25, 0xEB, 0xA2, 0x49, 0x12, 0x6B, 0x07, 0x09, 0xAD, 0x6D, 0x45, 0x0A, 0x9B,
    0x63, 0x76, 0x36, 0x91, 0x52, 0x24, 0x6A, 0xB5, 0xDD, 0x3E, 0x6A, 0x22, 0x6B, 0xEB, 0xD4, 0x5A,
    0x31, 0xA7, 0x55, 0x59, 0xE9, 0x64, 0x49, 0x3B, 0x48, 0x7C, 0xDE, 0x30, 0x4B, 0x53, 0xE4, 0xA6,
    0x36, 0x67, 0x36, 0x4F, 0xEC, 0x84, 0xE9, 0x16, 0x22, 0x6B, 0xB2, 0x9C, 0x48, 0x67, 0x82, 0xD8,
    0x12, 0xB9, 0xD3, 0x18, 0xE0, 0xAE, 0x21, 0x26, 0x31, 0xDC, 0xC9, 0x6B, 0x8B, 0x3C, 0xE8, 0x01,
    0x3E, 0x5A, 0x48, 0xDA, 0xA5, 0x1D, 0x51, 0x37, 0x02, 0x58, 0x98, 0xBD, 0x18, 0xE4, 0xFC, 0x73,
    0xC3, 0xAB, 0x68, 0xD8, 0x94, 0xB8, 0xDF, 0x17, 0xD3, 0x55, 0xD8, 0x2B, 0x9A, 0xFC, 0x7F, 0x2B,
    0x7C, 0xD3, 0x6F, 0x4F, 0xA8, 0x85, 0x01, 0xD3, 0x01, 0xE6, 0xA6, 0x9F, 0xE9, 0x4A, 0xE0, 0x07,
    0xD9, 0x07, 0xA5, 0x1B, 0x24, 0xD6, 0xFF, 0x12, 0x9D, 0x2F, 0x78, 0x28, 0x72, 0x6D, 0xFE, 0xA9,
    0x04, 0xF3, 0xF9, 0x3D, 0x31, 0xD6, 0xE6, 0x00, 0x64, 0x39, 0x68, 0xDD, 0x60, 0x7E, 0xB4, 0x90,
    0xDB, 0x7F, 0xE4, 0x46, 0xF9, 0xCA, 0x0C, 0xF8, 0x25, 0x80, 0x1D, 0x92, 0x4E, 0x74, 0xFF, 0xD8,
    0x0E, 0x07, 0xB0, 0x07, 0xF4, 0xAE, 0x83, 0x90, 0x3F, 0x72, 0x30, 0x1B, 0xFC, 0x00, 0xCF, 0x72,
    0x80, 0xC9, 0x1A, 0x71, 0x6F, 0x55, 0x25, 0x07, 0xE1, 0x10, 0xE0, 0x59, 0x0C, 0xE2, 0x5E, 0xE1,
    0x60, 0xD1, 0x0E, 0x3A, 0x19, 0x39, 0xA0, 0xA9, 0x08, 0x63, 0xA4, 0x96, 0x26, 0x05, 0x1A, 0x1C,
    0xFC, 0x5A, 0x91, 0x86, 0xFF, 0xE9, 0x14, 0xA8, 0x60, 0xAB, 0xC4, 0x09, 0xED, 0x38, 0x98, 0x3A,
    0x97, 0xDB, 0x18, 0x41, 0x26, 0x9C, 0x00, 0xAB, 0xF9, 0xBE, 0x8A, 0x7D, 0x8F, 0x75, 0x5D, 0x1F,
    0x2F, 0x5C, 0x9F, 0xB6, 0x1E, 0x5E, 0xED, 0xD0, 0x59, 0x07, 0x2E, 0x1C, 0x1C, 0xB6, 0xD9, 0xE2,
    0x1C, 0xDA, 0x12, 0x59, 0xE9, 0x81, 0x61, 0xA5, 0x30, 0xDF, 0xBA, 0x4A, 0xC5, 0xD6, 0x59, 0xA1,
    0x5D, 0x32, 0x6A, 0x17, 0xF5, 0xDA, 0x11, 0xCB, 0x5C, 0xBB, 0x99, 0xFD, 0xAA, 0xC6, 0x24, 0x78,
    0xF9, 0x21, 0x3A, 0x73, 0x6A, 0xEB, 0xCA, 0xB6, 0x95, 0xAE, 0x49, 0x57, 0xAC, 0x81, 0x63, 0x40,
    0x07, 0xDD, 0x0E, 0xEE, 0x75, 0x76, 0xD0, 0xDC, 0x04, 0x57, 0xC5, 0x43, 0xF4, 0xCC, 0x0A, 0x1A,
    0x7E, 0xC6, 0xD7, 0x5B, 0x2C, 0xFD, 0x67, 0x70, 0x26, 0xB4, 0x8F, 0x7E, 0x4B, 0xFE, 0x38, 0x7B,
    0x6F, 0x51, 0xAC, 0x73, 0x0B, 0x5C, 0x79, 0xD5, 0x5D, 0x00, 0xEA, 0x19, 0x8E, 0x0B, 0x6C, 0x7E,
    0xF2, 0xBA, 0x98, 0xA9, 0xB1, 0xA6, 0x00, 0x18, 0xF8, 0x59, 0x53, 0x10, 0x51, 0x67, 0x9E, 0x17,
    0x6A, 0x72, 0xC9, 0xCD, 0x37, 0x6E, 0xBC, 0x52, 0xD8, 0x89, 0xC2, 0xFA, 0x11, 0x9D, 0x96, 0x22,
    0xA6, 0x28, 0x48, 0xC6, 0x8A, 0x7A, 0xDD, 0xE5, 0x92, 0x26, 0x5C, 0x98, 0xA8, 0xA7, 0xE4, 0x6A,
    0x7B, 0x1C, 0x84, 0xFD, 0xB7, 0x5F, 0xBB, 0x61, 0x2F, 0xD0, 0x32, 0x8C, 0x6B, 0x3A, 0x3A, 0x66,
    0x96, 0x6F, 0x29, 0xFA, 0x90, 0x48, 0x77, 0x75, 0xD3, 0xB5, 0xEC, 0xA3, 0x6F, 0x4C, 0xEB, 0xFB,
    0xDE, 0xF7, 0xA3, 0xEF, 0xAD, 0xEF, 0x4D, 0xED, 0xFA, 0xB4, 0x75, 0x7D, 0xBC, 0x70, 0x7D, 0x34,
    0xB8, 0x5E, 0xAC, 0xEF, 0x8B, 0xC9, 0xF5, 0xD9, 0x14, 0x68, 0x9F, 0x4C, 0x71, 0x83, 0x80, 0x23,
    0xD1, 0x04, 0xDF, 0x2C, 0xB1, 0xE8, 0x14, 0xC1, 0xD7, 0x6F, 0x89, 0x7C, 0x2C, 0xD5, 0x42, 0x9E,
    0x53, 0xE9, 0x96, 0xEE, 0x6C, 0x17, 0x5B, 0x04, 0x26, 0x8C, 0x15, 0x91, 0xE2, 0xD9, 0x23, 0x1A,
    0xFC, 0x02, 0x2C, 0xB8, 0x0B, 0x24, 0x90, 0xC0, 0x01, 0x09, 0x14, 0x90, 0xC0, 0x00, 0x09, 0x04,
    0x94, 0xC5, 0x44, 0x99, 0xA9, 0x4C, 0x54, 0x46, 0x90, 0xBA, 0x6E, 0xCF, 0x55, 0xD5, 0x69, 0x25,
    0xD2, 0xA5, 0x67, 0x8E, 0x4F, 0x6A, 0x58, 0xF2, 0x16, 0x41, 0x24, 0xF7, 0x71, 0x5B, 0x82, 0x61,
    0x39, 0x42, 0xAC, 0xB9, 0x7A, 0x28, 0x1B, 0xFB, 0x88, 0x5F, 0x43, 0x05, 0x9F, 0x18, 0xAA, 0x53,
    0x0A, 0x18, 0x81, 0x22, 0x7F, 0x85, 0xD8, 0xA7, 0xB8, 0x25, 0xE9, 0xC5, 0xA4, 0xCA, 0xDE, 0x94,
    0x30, 0x32, 0xAE, 0x9C, 0x96, 0xB2, 0x01, 0x0D, 0x3C, 0xA0, 0x59, 0x07, 0x0D, 0x3A, 0x12, 0x96,
    0xAE, 0xC5, 0xAD, 0xFB, 0x9E, 0x2E, 0xDC, 0x3D, 0xB6, 0x93, 0x13, 0xA0, 0x02, 0x75, 0x7B, 0x53,
    0x46, 0x5D, 0x5A, 0xCF, 0xBA, 0xA4, 0x49, 0x1C, 0x71, 0xBB, 0xCC, 0x5A, 0x6C, 0x37, 0xA0, 0x45,
    0x46, 0x3C, 0x59, 0x1C, 0xAB, 0x91, 0xB1, 0x6A, 0x79, 0x28, 0xD1, 0x7F, 0x31, 0x8F, 0x65, 0x6C,
    0x72, 0x69, 0x43, 0xE6, 0xEB, 0x39, 0xE9, 0x0A, 0xAE, 0xD6, 0x4A, 0x54, 0x4F, 0xD1, 0xE1, 0xB9,
    0x46, 0x5A, 0x6A, 0xB6, 0x78, 0x66, 0x6B, 0xCC, 0x5F, 0x83, 0x8A, 0x25, 0x79, 0xB8, 0x11, 0xC8,
    0x6E, 0x26, 0xE9, 0x88, 0xB8, 0x81, 0x80, 0x85, 0xE9, 0xE9, 0xB4, 0x6F, 0x76, 0xB5, 0xF2, 0xCB,
    0xAD, 0xDF, 0x3C, 0x30, 0x7D, 0x82, 0x1D, 0x06, 0xF9, 0xAC, 0x89, 0xDB, 0x97, 0xFD, 0x45, 0x35,
    0xD7, 0x12, 0xAE, 0x26, 0x5C, 0x4F, 0xB8, 0x22, 0x83, 0x24, 0xC4, 0xF5, 0xAF, 0x85, 0x89, 0xB5,
    0x7E, 0x3B, 0x89, 0x95, 0x2A, 0x63, 0x0C, 0x76, 0x2A, 0xF3, 0x89, 0xE5, 0x36, 0x36, 0x6A, 0x7B,
    0xF9, 0x4E, 0x09, 0x76, 0xEF, 0x0A, 0xCC, 0xB6, 0xFF, 0x82, 0x89, 0xE1, 0xF3, 0xBF, 0x30, 0x6A,
    0xCC, 0xD7, 0x6C, 0xC8, 0xAC, 0x4C, 0xAC, 0xCC, 0xAB, 0x4C, 0xAB, 0x9A, 0x55, 0x7D, 0x52, 0x0D,
    0xD5, 0xC4, 0xAD, 0x04, 0x50, 0x08, 0x13, 0x95, 0x7A, 0xAD, 0x5C, 0x01, 0x79, 0xBE, 0x99, 0x52,
    0x5F, 0x2B, 0xB5, 0x6E, 0x42, 0xEF, 0x26, 0xCD, 0x41, 0x21, 0xD1, 0x24, 0x17, 0x20, 0x85, 0xAE,
    0x63, 0x5C, 0xD9, 0x2E, 0xA2, 0xBB, 0x4D, 0x3F, 0xEF, 0xB2, 0xD6, 0xA9, 0x86, 0xCB, 0x31, 0x7B,
    0x8D, 0x72, 0xF3, 0xD3, 0x51, 0xEC, 0x80, 0xE4, 0x32, 0x5A, 0xB9, 0x39, 0x22, 0x94, 0x8F, 0xD0,
    0xF2, 0x08, 0x57, 0x1F, 0xC1, 0xFD, 0x31, 0xA0, 0x9E, 0x33, 0x2A, 0x74, 0x4F, 0xE4, 0xE0, 0x43,
    0x09, 0xCE, 0xA0, 0x9B, 0xAA, 0xD5, 0xF4, 0xEA, 0xF4, 0x1B, 0x96, 0x33, 0xFB, 0xA4, 0x81, 0x7E,
    0x1B, 0xE8, 0xB7, 0xA9, 0x24, 0x6B, 0xA0, 0xDF, 0x66, 0xD0, 0x16, 0x6B, 0xEF, 0xF5, 0xDB, 0x40,
    0xBF, 0x74, 0xFB, 0x26, 0xB4, 0x5F, 0x34, 0xB2, 0x99, 0xD4, 0x3F, 0xC8, 0xB3, 0x1A, 0xEE, 0x9F,
    0xA7, 0xAA, 0xF3, 0xF6, 0x6D, 0xBA, 0xC7, 0xAC, 0x5D, 0x66, 0xBD, 0xE4, 0x4B, 0x7A, 0x24, 0x13,
    0x64, 0x34, 0x2E, 0x2B, 0x8D, 0x6B, 0x87, 0xB0, 0xC1, 0xC4, 0x55, 0xEB, 0x64, 0x71, 0xA7, 0xCD,
    0xEA, 0xB8, 0x33, 0x79, 0xB4, 0x50, 0xC2, 0x6A, 0x8B, 0x94, 0xB8, 0x59, 0x93, 0x40, 0x87, 0x95,
    0xB3, 0x61, 0x05, 0xFD, 0xC6, 0x8D, 0x9B, 0x94, 0x73, 0x72, 0xCA, 0xC8, 0xD5, 0x03, 0xAC, 0x05,
    0xC4, 0x95, 0x0D, 0xB9, 0xEF, 0x5B, 0xED, 0xDF, 0xA4, 0x16, 0x88, 0x2E, 0x57, 0x0B, 0x50, 0xAF,
    0x17, 0xB5, 0xC0, 0x3B, 0x2E, 0xD9, 0x05, 0xC4, 0xD8, 0x93, 0x28, 0x24, 0xB0, 0xF3, 0xE9, 0x6D,
    0x04, 0x9C, 0x9D, 0x1D, 0xE8, 0xB1, 0x77, 0xDF, 0x57, 0x10, 0xBA, 0xB4, 0x52, 0x64, 0xD4, 0x24,
    0xF1, 0xD3, 0xC6, 0x2D, 0xBF, 0xED, 0xF3, 0xE2, 0xD3, 0xD6, 0x35, 0x8E, 0xB7, 0x2F, 0x17, 0xD2,
    0x96, 0x35, 0xA9, 0x0F, 0xFB, 0x33, 0x4D, 0x12, 0x89, 0xA6, 0x84, 0xAB, 0xCA, 0xAF, 0xF9, 0x3C,
    0xA7, 0x61, 0x48, 0xAF, 0x54, 0xA5, 0xF9, 0xE7, 0x3D, 0x71, 0xE1, 0x01, 0xCE, 0x41, 0x19, 0xA9,
    0x4C, 0xBE, 0xFC, 0xC7, 0xCF, 0xA0, 0x81, 0x2F, 0xA8, 0xAB, 0x42, 0x35, 0x06, 0xBB, 0x7C, 0x8D,
    0x82, 0xF1, 0xA8, 0x61, 0x7D, 0xC4, 0x67, 0xB4, 0x24, 0xC6, 0xFB, 0xFC, 0xA5, 0xE2, 0xB7, 0x52,
    0x75, 0x5B, 0x7F, 0xEE, 0xE7, 0xF7, 0xC5, 0x6B, 0x2D, 0xE7, 0xD5, 0x55, 0x5A, 0x2F, 0x4B, 0x0C,
    0x28, 0x98, 0x20, 0xE7, 0xF9, 0x4D, 0x50, 0xD3, 0x3E, 0x85, 0x6B, 0xC3, 0x42, 0xF0, 0x37, 0xFB,
    0x13, 0x7B, 0xCA, 0xE2, 0x0A, 0x3E, 0x5B, 0x6F, 0x68, 0x3D, 0x85, 0x19, 0xA9, 0x07, 0x95, 0xF6,
    0xF7, 0xF6, 0xFD, 0xF7, 0xC1, 0x4F, 0x32, 0x75, 0x08, 0x6C, 0x79, 0x55, 0xEC, 0x91, 0x45, 0x84,
    0x2A, 0xEC, 0x5F, 0x81, 0x30, 0x45, 0x6D, 0xD3, 0x93, 0x94, 0x6B, 0x3E, 0x19, 0xFB, 0x24, 0xA1,
    0x8E, 0xAD, 0xF1, 0xB6, 0x9C, 0xE5, 0x20, 0x14, 0x12, 0x15, 0x26, 0x83, 0x8A, 0xB1, 0x9E, 0x27,
    0x54, 0x4C, 0x42, 0xA5, 0x16, 0x84, 0x32, 0x05, 0x08, 0x35, 0x82, 0x50, 0x51, 0x0F, 0x2E, 0xC5,
    0x30, 0xEF, 0x98, 0xD6, 0x20, 0x94, 0x21, 0xA1, 0x46, 0x12, 0xAA, 0x5F, 0x12, 0x2A, 0x23, 0xA1,
    0x0A, 0x3A, 0xF2, 0x03, 0x12, 0xEA, 0x43, 0x77, 0x90, 0xF9, 0x13, 0xF4, 0xD8, 0xBB, 0xF2, 0x27,
    0x26, 0x0F, 0xF0, 0xE3, 0xED, 0xDF, 0xD5, 0xD1, 0xB2, 0x16, 0x3D, 0xB5, 0x65, 0x15, 0xDA, 0x7A,
    0x9C, 0xD9, 0x76, 0x48, 0x1F, 0xB5, 0x83, 0xF9, 0x69, 0x3B, 0x4E, 0x71, 0x6B, 0x7B, 0xC4, 0x83,
    0xCE, 0xC5, 0xDB, 0x02, 0xB8, 0x4E, 0xA0, 0x91, 0xF7, 0xFC, 0x81, 0x26, 0x89, 0x50, 0xF1, 0xFC,
    0xA5, 0x97, 0xE4, 0xDF, 0x93, 0x04, 0xFD, 0xB6, 0xF8, 0x40, 0xB9, 0xB2, 0xB4, 0xCA, 0xCF, 0x2D,
    0x64, 0xA6, 0xE2, 0x4E, 0x2D, 0xD9, 0x57, 0x9D, 0x84, 0x7F, 0x5B, 0x5C, 0x3A, 0xB5, 0xBA, 0x93,
    0x4C, 0xCF, 0x38, 0x2B, 0xD2, 0x63, 0xF2, 0x83, 0xF5, 0xD5, 0xE3, 0xBE, 0x53, 0xC2, 0x65, 0x71,
    0x22, 0x3D, 0x43, 0x69, 0x58, 0x7E, 0xB4, 0x12, 0xCC, 0x1F, 0x01, 0xEA, 0x94, 0xA1, 0x84, 0x7F,
    0xD4, 0xC1, 0x7C, 0x9D, 0x8F, 0x5D, 0xEE, 0xB0, 0x65, 0xF4, 0x88, 0x75, 0x4F, 0xFD, 0xF7, 0xBC,
    0xCD, 0x0F, 0x70, 0x6F, 0x70, 0x0D, 0x31, 0xEE, 0x85, 0x7B, 0x2E, 0xCE, 0x9D, 0xBF, 0xCB, 0xCF,
    0xC7, 0x40, 0x5E, 0xF1, 0x0C, 0x04, 0x3D, 0xCF, 0x4E, 0x3B, 0x9F, 0x2F, 0x72, 0x30, 0xAA, 0x03,
    0x1F, 0x31, 0xC7, 0x5D, 0x2B, 0x27, 0x70, 0xDB, 0x51, 0xB2, 0x52, 0x3D, 0x1E, 0x3E, 0x33, 0xC1,
    0xE7, 0x19, 0x45, 0xAB, 0xFC, 0x5D, 0x81, 0x7F, 0xC8, 0x0B, 0xF9, 0xF8, 0x8A, 0x23, 0x6F, 0x84,
    0xEF, 0xCC, 0x2C, 0xA1, 0xBC, 0xB7, 0x5A, 0xCC, 0x27, 0xB9, 0xE6, 0xD2, 0xF8, 0x09, 0x92, 0x4F,
    0x7E, 0xFF, 0xF2, 0x78, 0x45, 0xEE, 0x67, 0x32, 0x81, 0x4B, 0x9F, 0x74, 0xF1, 0xC3, 0xCE, 0x1F,
    0x85, 0xCC, 0x1B, 0x5E, 0x6A, 0xFE, 0xDD, 0x24, 0x37, 0x7F, 0x68, 0xD2, 0x67, 0x8B, 0xB0, 0xFB,
    0xDC, 0x13, 0x1E, 0x79, 0x3E, 0x2B, 0x5F, 0x71, 0x25, 0xAC, 0x8B, 0x52, 0x1E, 0x85, 0xE4, 0x38,
    0x29, 0x6F, 0x84, 0xAE, 0xB0, 0xFC, 0x2E, 0x95, 0x5F, 0xC8, 0x12, 0x2A, 0x37, 0x47, 0xF5, 0x8E,
    0x8B, 0x71, 0x7B, 0x12, 0x2C, 0xF8, 0xE3, 0xB7, 0x5F, 0xE2, 0x8D, 0x1E, 0xFF, 0x98, 0x99, 0xE5,
    0xEF, 0x9A, 0x12, 0xE8, 0x1B, 0xC7, 0xE9, 0x92, 0x8B, 0x6F, 0xB7, 0x22, 0x54, 0xB6, 0x63, 0x2D,
    0x83, 0xB0, 0x9D, 0xC2, 0xAA, 0x61, 0xB7, 0xB8, 0x7C, 0x55, 0xA8, 0x13, 0x6B, 0x61, 0x6B, 0x74,
    0x2F, 0x09, 0x58, 0xEE, 0x54, 0xFB, 0x3D, 0x6C, 0x28, 0x73, 0x61, 0x20, 0x3A, 0x1B, 0x64, 0x56,
    0xEF, 0xAC, 0x60, 0x33, 0xC8, 0xC2, 0x08, 0xDD, 0xE6, 0x13, 0xB8, 0xF8, 0xBF, 0xB0, 0x5C, 0xB7,
    0xE3, 0x29, 0xF5, 0x19, 0x69, 0x51, 0xB2, 0x74, 0x41, 0xD9, 0xD2, 0x69, 0x09, 0x74, 0xD1, 0x50,
    0x1A, 0xC5, 0x3C, 0x01, 0xD7, 0xFE, 0x99, 0x46, 0xBF, 0xEB, 0xF9, 0x38, 0xF2, 0xCF, 0x86, 0xE3,
    0xB6, 0xFF, 0x87, 0x1A, 0x23, 0xC1, 0x36, 0x02, 0x41, 0x8D, 0x78, 0x1B, 0x69, 0x18, 0x08, 0xF2,
    0xCF, 0x66, 0x4F, 0x50, 0x5E, 0x8E, 0xF1, 0xB0, 0x89, 0x53, 0xF3, 0x4B, 0x2F, 0x54, 0x6C, 0x48,
    0x05, 0xC2, 0x93, 0x84, 0x01, 0x56, 0x94, 0x32, 0x21, 0x4F, 0xDF, 0xE5, 0x3B, 0x2B, 0xC7, 0xB7,
    0xFE, 0x58, 0x0C, 0x92, 0x50, 0x95, 0xDF, 0x8F, 0x73, 0x3D, 0x37, 0x96, 0xFB, 0xA8, 0x63, 0x6D,
    0x53, 0x3D, 0xA4, 0xBD, 0x5E, 0x7A, 0x21, 0x3A, 0xDF, 0x72, 0x3B, 0xFB, 0xE1, 0x0C, 0xCA, 0x7B,
    0x04, 0x43, 0x3F, 0x05, 0xC0, 0xC5, 0x8F, 0x96, 0xFF, 0xEF, 0x58, 0xD9, 0x19, 0xE1, 0x22, 0x8E,
    0xD6, 0x1A, 0x47, 0x23, 0x1F, 0x47, 0x2F, 0x75, 0x4E, 0xD0, 0x6A, 0x01, 0xEC, 0x84, 0x23, 0x04,
    0x0B, 0xE6, 0xAB, 0xB5, 0xD5, 0xE3, 0xDE, 0xBF, 0x88, 0xA5, 0xB1, 0x8F, 0xA5, 0x97, 0xC2, 0x5C,
    0x1D, 0xE0, 0xBB, 0xFE, 0x07, 0x2E, 0x2F, 0xEE, 0x56, 0x20, 0x51, 0x2C, 0xA4, 0x20, 0xAB, 0xA3,
    0xE2, 0x31, 0x78, 0x61, 0x1F, 0xA3, 0x12, 0x03, 0x8D, 0x7E, 0x45, 0xAA, 0x14, 0xAC, 0xF8, 0xEA,
    0x1B, 0x9A, 0xFF, 0x0C, 0xE3, 0x34, 0xE2, 0x3B, 0xDE, 0xA0, 0xD3, 0xBF, 0xEB, 0x2B, 0x25, 0x1E,
    0x82, 0xAE, 0xE7, 0x2E, 0xBC, 0xCE, 0x71, 0xAB, 0x43, 0x84, 0xC7, 0xA1, 0xDF, 0xC8, 0x86, 0x69,
    0x18, 0xEA, 0x18, 0xF4, 0x33, 0xEC, 0x65, 0xB8, 0x25, 0xC7, 0xC5, 0xDD, 0x21, 0xB3, 0x8B, 0x19,
    0x52, 0xCF, 0x26, 0x7D, 0x26, 0xB4, 0xBC, 0x24, 0x53, 0x3F, 0x18, 0x18, 0x0B, 0xAF, 0xCD, 0xE7,
    0x87, 0x40, 0x36, 0xB0, 0xAD, 0x1F, 0x9D, 0x01, 0x2A, 0xB3, 0xFE, 0x1B, 0x36, 0x78, 0x92, 0xAB,
    0xCA, 0x5B, 0xF7, 0xBF, 0xA4, 0x35, 0x5F, 0x55, 0xE5, 0x3E, 0x0A, 0xCF, 0x3A, 0xC4, 0x81, 0xBA,
    0x42, 0x6D, 0x3F, 0xE5, 0x2F, 0x0F, 0xD3, 0xB6, 0x8C, 0x10, 0x78, 0x2A, 0x7A, 0x71, 0xD0, 0xF3,
    0x7C, 0xC3, 0x03, 0xC9, 0xAE, 0x42, 0x5E, 0xF0, 0x7F, 0xC5, 0xFF, 0x03, 0x55, 0xCF, 0x31, 0x4E,
    0x03, 0x31, 0x10, 0x85, 0xE1, 0x17, 0xAC, 0x28, 0x20, 0x17, 0xDE, 0x86, 0xDA, 0x2D, 0xA2, 0xF1,
    0x05, 0x90, 0x67, 0xC4, 0x1D, 0xD2, 0xA7, 0x48, 0xC5, 0x09, 0x52, 0xA0, 0xD8, 0xE7, 0xA1, 0x4E,
    0xC9, 0xC6, 0x3E, 0x82, 0xB9, 0x81, 0x0B, 0x7A, 0x2C, 0xE1, 0x62, 0x8B, 0xDD, 0x35, 0x46, 0x54,
    0x34, 0xA3, 0x99, 0xE6, 0x1B, 0xFD, 0x03, 0x46, 0x04, 0x36, 0xE9, 0x26, 0x4A, 0xD6, 0x9E, 0xFA,
    0x75, 0x01, 0x20, 0xBD, 0x29, 0xE7, 0xA9, 0x3E, 0x01, 0x8F, 0xCF, 0x31, 0x7C, 0xE7, 0xD6, 0x52,
    0x75, 0x7E, 0x00, 0xEE, 0xF7, 0x68, 0x2D, 0x86, 0xE6, 0x2F, 0x92, 0xAF, 0x81, 0x69, 0x85, 0xFC,
    0xC4, 0xB8, 0x8E, 0xEF, 0x06, 0x0B, 0x71, 0x9F, 0x5B, 0x50, 0xB2, 0x05, 0x45, 0x24, 0xE1, 0x35,
    0xBB, 0x5C, 0x4B, 0x2D, 0x2E, 0x6B, 0x56, 0x92, 0x49, 0xC7, 0x2B, 0xE1, 0x17, 0x05, 0x0E, 0x0F,
    0xE3, 0x4C, 0x55, 0xE5, 0xBE, 0xBE, 0x5A, 0x04, 0xF2, 0xF4, 0x55, 0x76, 0x1F, 0xA5, 0x63, 0x9D,
    0xEC, 0x70, 0x95, 0xAC, 0xB8, 0x83, 0x58, 0xB8, 0x45, 0xE7, 0xEF, 0x00, 0x16, 0x59, 0x64, 0x13,
    0xC9, 0xDB, 0x7F, 0xFF, 0x34, 0x53, 0xA4, 0x2C, 0x92, 0x8A, 0xC4, 0xB7, 0x90, 0x30, 0x38, 0x63,
    0xC6, 0x09, 0x38, 0xEE, 0x26, 0x93, 0x2C, 0xEC, 0x89, 0x66, 0x5D, 0x7A, 0x51, 0xFC, 0x2B, 0x1A,
    0x36, 0x98, 0x14, 0xBB, 0x06, 0x33, 0x63, 0xC3, 0x78, 0x79, 0xE3, 0xDE, 0xE3, 0x1A, 0x03, 0x61,
    0x69, 0xAB, 0x99, 0x7E, 0x00, 0xBD, 0x99, 0x3D, 0x8C, 0xDC, 0x44, 0x14, 0xC7, 0xFF, 0xB6, 0x93,
    0xAC, 0x82, 0x15, 0x9C, 0xE2, 0x8A, 0x83, 0x10, 0x7C, 0x45, 0x0A, 0x8A, 0xB0, 0x6E, 0x29, 0x2E,
    0x67, 0x4B, 0x14, 0x94, 0x5C, 0x41, 0x6A, 0x22, 0xCA, 0x08, 0x29, 0xED, 0x49, 0x21, 0xB7, 0xD3,
    0x51, 0xA4, 0x59, 0x2A, 0x2A, 0xA4, 0x14, 0x69, 0x72, 0x0D, 0x4D, 0x0A, 0x8A, 0xB0, 0x6B, 0xA0,
    0xA0, 0x40, 0x02, 0x47, 0x34, 0x94, 0x56, 0x2A, 0xA4, 0x08, 0xE2, 0x62, 0x09, 0xCB, 0x9D, 0x77,
    0x87, 0xFF, 0x9B, 0xF1, 0x7E, 0xDC, 0xEA, 0xF2, 0x69, 0x7B, 0xF7, 0x34, 0xDE, 0xDB, 0xAF, 0x99,
    0xF7, 0x9B, 0xF7, 0xE6, 0x7D, 0x19, 0xAE, 0x02, 0xFC, 0x1C, 0x08, 0x0A, 0x20, 0x1C, 0x01, 0x71,
    0x69, 0xC7, 0x60, 0x00, 0x94, 0x31, 0xDC, 0x71, 0xAC, 0xBC, 0x22, 0x4C, 0x3B, 0x45, 0x90, 0x05,
    0x5A, 0x17, 0x32, 0x22, 0xAD, 0xC7, 0x31, 0x9C, 0x72, 0x1F, 0x98, 0xF0, 0x9B, 0xBD, 0x07, 0xC0,
    0x0E, 0x9C, 0xC4, 0xCE, 0x23, 0xC3, 0xCD, 0x80, 0x83, 0x33, 0x49, 0x47, 0x3F, 0x49, 0x43, 0xAD,
    0xD3, 0xF8, 0xA1, 0x4E, 0x87, 0x88, 0xD3, 0x09, 0x82, 0xB4, 0x5C, 0x1A, 0x53, 0x84, 0x69, 0x2F,
    0x89, 0xD3, 0xF8, 0x48, 0xA7, 0x9C, 0x37, 0x75, 0xF5, 0x2F, 0x0A, 0x1B, 0x00, 0x22, 0xCE, 0x15,
    0x2B, 0xFB, 0x2C, 0xF3, 0x46, 0x94, 0xAD, 0xCB, 0x01, 0x0E, 0x87, 0xF3, 0x3B, 0x29, 0xCC, 0xA3,
    0x29, 0xD9, 0xE5, 0x21, 0xEB, 0x6A, 0xAE, 0x75, 0xC4, 0xB9, 0x3D, 0x8E, 0x80, 0xAF, 0xDF, 0x44,
    0x3D, 0x0E, 0xE0, 0xAC, 0x5C, 0x62, 0xA0, 0x93, 0x69, 0x8A, 0xF8, 0xEF, 0x98, 0x2F, 0xA6, 0x14,
    0xFA, 0xBB, 0x08, 0x58, 0x20, 0x18, 0x06, 0x03, 0x61, 0x28, 0x0C, 0x82, 0xBD, 0x08, 0x88, 0x90,
    0x18, 0x14, 0x08, 0x0B, 0x04, 0x06, 0x42, 0x62, 0x2F, 0xC2, 0x03, 0x01, 0x82, 0x10, 0x41, 0x90,
    0x30, 0x67, 0x82, 0x55, 0x45, 0x47, 0xB6, 0x28, 0x45, 0x97, 0xDB, 0xA9, 0xFF, 0x82, 0x7B, 0x94,
    0x13, 0xB0, 0xB0, 0x1F, 0xD7, 0xA2, 0xBB, 0x03, 0x59, 0x97, 0xDB, 0xC6, 0x25, 0x74, 0x8A, 0xF0,
    0xA9, 0x95, 0x7A, 0x06, 0xD7, 0xA4, 0x76, 0x1C, 0x18, 0x04, 0x04, 0x9C, 0xC7, 0xE5, 0x27, 0xDD,
    0xCB, 0x5C, 0x36, 0x6D, 0x90, 0x45, 0xCC, 0x4C, 0x04, 0x7D, 0x77, 0x4C, 0x5D, 0xED, 0x51, 0xDE,
    0x02, 0xF1, 0x24, 0x6B, 0x85, 0xE5, 0x98, 0xA9, 0x75, 0xA8, 0x17, 0x9A, 0xDA, 0xF0, 0x57, 0x38,
    0x64, 0x71, 0xB3, 0xA2, 0x1E, 0xC7, 0x86, 0xCB, 0xA9, 0x6F, 0xA7, 0x9E, 0xBC, 0xF7, 0x88, 0x6B,
    0x7C, 0xFD, 0xE7, 0x42, 0xDE, 0x16, 0x58, 0xDC, 0xBB, 0x97, 0xE1, 0xEB, 0x1D, 0x9A, 0x22, 0x25,
    0xFC, 0x68, 0x0C, 0xA7, 0x4B, 0xAC, 0x61, 0xA5, 0x97, 0xBA, 0x2C, 0x9D, 0xAC, 0x3D, 0xD9, 0x57,
    0xBD, 0x55, 0x17, 0x46, 0x6E, 0xE7, 0xA8, 0xB0, 0x3A, 0xA8, 0x6B, 0x4F, 0xCB, 0x1E, 0xCC, 0x38,
    0x01, 0x9E, 0x61, 0x87, 0xE7, 0xC4, 0xA3, 0x07, 0x70, 0xF8, 0x7E, 0x41, 0x9D, 0x4F, 0x87, 0x7C,
    0x7B, 0x52, 0x9D, 0xFE, 0xA6, 0x6D, 0xEC, 0x3E, 0xD7, 0xE1, 0x5A, 0x1E, 0xE7, 0xF2, 0xC9, 0xE7,
    0x27, 0x3C, 0x27, 0xDB, 0xF0, 0x0E, 0x4B, 0x8A, 0xC1, 0xB9, 0x23, 0x55, 0x8F, 0xEF, 0x1A, 0xC4,
    0xDB, 0x70, 0xCF, 0xC8, 0x47, 0xA7, 0x64, 0xF6, 0xB3, 0x6D, 0xA6, 0xC4, 0xE2, 0xB8, 0x66, 0x5D,
    0xF1, 0x9A, 0x68, 0x96, 0xE9, 0x59, 0x91, 0xA6, 0x6D, 0xAE, 0x53, 0xC2, 0xA3, 0x16, 0x91, 0x47,
    0x74, 0x75, 0xDB, 0x72, 0xB9, 0xF4, 0xF0, 0xB8, 0xA1, 0xEA, 0xDB, 0xE3, 0xAA, 0x5F, 0xE8, 0x6F,
    0xB6, 0xCE, 0xE5, 0xE6, 0x1F, 0x20, 0x98, 0x7C, 0x81, 0x68, 0x58, 0x22, 0xF4, 0x47, 0x66, 0x7A,
    0x3F, 0xB9, 0x0F, 0xFF, 0x71, 0x01, 0x4F, 0x73, 0x8D, 0x41, 0x52, 0x37, 0xBA, 0xB6, 0xCB, 0xB0,
    0xE2, 0x23, 0x3A, 0x6A, 0x0F, 0x9D, 0xC3, 0xF1, 0x42, 0x27, 0x0D, 0xF9, 0x87, 0xB7, 0x0F, 0xEE,
    0x21, 0xD6, 0x3A, 0xE1, 0x40, 0x2C, 0xFF, 0x5B, 0x6F, 0x61, 0xC7, 0x41, 0x9F, 0x9F, 0x95, 0x76,
    0x1C, 0xDC, 0x3D, 0xFE, 0x99, 0x0C, 0xF9, 0x4D, 0xF5, 0x5B, 0x33, 0x6F, 0xAF, 0x3A, 0x1B, 0xEF,
    0x73, 0x5C, 0x4F, 0x18, 0x96, 0x0B, 0x84, 0xF2, 0xDB, 0xAF, 0x34, 0x06, 0x88, 0x93, 0x09, 0x0F,
    0x89, 0xA6, 0x1C, 0x1C, 0x6A, 0x7A, 0xF5, 0x2A, 0xA6, 0xE6, 0x08, 0xBF, 0x85, 0xF8, 0x50, 0xD3,
    0x87, 0x4F, 0xC9, 0xC6, 0xFD, 0x3A, 0x5D, 0x4D, 0xDE, 0xAB, 0x9E, 0x57, 0xC2, 0xD5, 0x3C, 0x33,
    0xE2, 0xA3, 0x49, 0xD9, 0xC5, 0x3D, 0x3A, 0x4F, 0x94, 0xB1, 0x7F, 0xB3, 0xC6, 0xC5, 0x9A, 0x0C,
    0xBB, 0x9B, 0xF0, 0x27, 0x57, 0x6C, 0x6C, 0xF2, 0x4B, 0x9C, 0xC1, 0x6E, 0x63, 0xF2, 0x1A, 0xDB,
    0x9E, 0x5A, 0xDB, 0x0E, 0x2A, 0xDB, 0xAE, 0x25, 0x2B, 0x70, 0x49, 0x32, 0x3D, 0x74, 0xBD, 0x12,
    0xC3, 0xDF, 0x72, 0x57, 0x3F, 0x65, 0xFC, 0x1C, 0x35, 0xBB, 0xC7, 0x36, 0xAD, 0xCD, 0x8C, 0xC3,
    0xEE, 0xF2, 0x53, 0xFD, 0x00, 0x1E, 0x75, 0xEA, 0xFD, 0x98, 0xD7, 0x97, 0xDF, 0x15, 0x9D, 0x71,
    0x9E, 0x0E, 0x63, 0x4E, 0xC4, 0xB3, 0x38, 0xFC, 0xC3, 0x9C, 0x93, 0xC6, 0x19, 0x4C, 0x1E, 0xA8,
    0xEC, 0xD9, 0xF6, 0x24, 0x0F, 0xDC, 0x23, 0x87, 0x6A, 0x8E, 0xE3, 0x39, 0xB6, 0x3E, 0xCB, 0x11,
    0x5A, 0xE1, 0x5A, 0x1C, 0x80, 0xC4, 0x1C, 0x00, 0xC9, 0x09, 0xF5, 0x37, 0xE4, 0xCA, 0xE0, 0xFD,
    0x90, 0x37, 0x7B, 0x0E, 0xA2, 0x7E, 0x6B, 0x1C, 0xF6, 0x5C, 0x6C, 0x23, 0x9C, 0x9D, 0x0B, 0xD9,
    0xB3, 0x99, 0x7E, 0xEA, 0x72, 0xB4, 0xB9, 0xFF, 0xAB, 0xBE, 0x73, 0x2E, 0x77, 0xB5, 0xFF, 0x68,
    0xCE, 0x9F, 0x9E, 0x46, 0x9C, 0xDD, 0xCC, 0x9D, 0xDC, 0x4B, 0x3D, 0xEA, 0xFA, 0x0C, 0xA3, 0xC4,
    0x0B, 0xFE, 0xD4, 0x29, 0xA6, 0x07, 0x47, 0xA9, 0x97, 0xFA, 0x89, 0xCF, 0x5F, 0x87, 0x49, 0xA4,
    0x4E, 0xFA, 0x0B, 0xB0, 0xC9, 0xE9, 0x9F, 0xFF, 0xB7, 0xC3, 0x64, 0x43, 0x9E, 0xBB, 0xB8, 0x35,
    0xF8, 0x1E, 0x1B, 0xB7, 0x06, 0x8B, 0xC7, 0x36, 0xF6, 0x87, 0xFB, 0xB8, 0xF0, 0x9F, 0x80, 0xB3,
    0xB2, 0xEA, 0x68, 0x8A, 0x1E, 0x4C, 0x3E, 0x25, 0x6B, 0x46, 0xC3, 0xEC, 0x25, 0xE4, 0x92, 0x38,
    0xAB, 0x88, 0x18, 0x31, 0xCE, 0xD1, 0x89, 0xCC, 0x2E, 0x11, 0xC3, 0x1C, 0x63, 0x9F, 0xF9, 0x34,
    0x4E, 0x59, 0x0D, 0x46, 0x85, 0x37, 0x95, 0xEA, 0x54, 0xF2, 0x17, 0x09, 0xF4, 0x3D, 0x39, 0x51,
    0x4E, 0x1F, 0x36, 0x7F, 0xB3, 0x17, 0x57, 0x36, 0xF5, 0x3A, 0x77, 0x98, 0xE5, 0x6B, 0x28, 0x9A,
    0x78, 0x38, 0x54, 0x43, 0x33, 0x5F, 0x90, 0x97, 0x0C, 0xB9, 0xB3, 0xC1, 0x89, 0x32, 0x13, 0x41,
    0x0F, 0x75, 0x72, 0x6C, 0x47, 0xA5, 0x20, 0x88, 0x13, 0xFB, 0x2C, 0x91, 0xDA, 0x94, 0x86, 0x52,
    0xBE, 0xF1, 0xB1, 0x07, 0x9B, 0xC1, 0x01, 0xD9, 0xAC, 0x0E, 0x6E, 0x0F, 0x4C, 0xF2, 0x52, 0x93,
    0xC3, 0xE9, 0xE3, 0x39, 0x1C, 0xDE, 0xA8, 0x49, 0x28, 0xC6, 0x01, 0x93, 0xD6, 0xBA, 0x39, 0xF3,
    0xC3, 0x60, 0x22, 0x22, 0x4D, 0xB9, 0x8D, 0x57, 0xC2, 0x35, 0x51, 0x99, 0xD2, 0x48, 0xD4, 0xC5,
    0xA8, 0xD1, 0x0D, 0x39, 0xE7, 0xDF, 0x8B, 0x2A, 0x15, 0x75, 0xE9, 0xDE, 0x43, 0x75, 0x26, 0x28,
    0x0C, 0x57, 0x7A, 0x2C, 0xCB, 0x94, 0x92, 0x12, 0xC9, 0x21, 0x5A, 0x1B, 0xA2, 0x04, 0x14, 0x53,
    0x20, 0x8D, 0x6C, 0x65, 0xD1, 0xFD, 0xBC, 0x2A, 0x04, 0x9B, 0xC2, 0xB4, 0xB6, 0x59, 0x2C, 0xDB,
    0xA6, 0x9B, 0x1B, 0x56, 0xAE, 0x1A, 0x49, 0x7F, 0x67, 0x7B, 0x6D, 0xEA, 0x5C, 0xB1, 0xD2, 0xF0,
    0xE3, 0xC4, 0x36, 0x1E, 0xAA, 0xA2, 0xB7, 0x0E, 0xE7, 0x69, 0xA9, 0x6A, 0x87, 0xBF, 0x67, 0x22,
    0x3F, 0x17, 0x1D, 0x71, 0x0F, 0xF1, 0xD9, 0x3F, 0x82, 0x2E, 0x1D, 0xA2, 0xB5, 0xEA, 0xD4, 0xB9,
    0xFB, 0x4E, 0xD5, 0x94, 0x98, 0xC2, 0xFF, 0xB2, 0x9C, 0x37, 0x25, 0x1A, 0xE1, 0x34, 0x7E, 0x6B,
    0xBD, 0x4C, 0x27, 0x79, 0x4E, 0x1E, 0x46, 0xF4, 0xB8, 0xC5, 0xCB, 0xFD, 0x8A, 0xA6, 0xBC, 0xE9,
    0xDC, 0xED, 0x70, 0xD7, 0x76, 0xA5, 0xDD, 0xC6, 0x6A, 0x08, 0x7D, 0x22, 0x5F, 0x38, 0x2A, 0x05,
    0xB1, 0x68, 0xCB, 0x3C, 0x0B, 0x4B, 0xD8, 0xC9, 0xE9, 0xEC, 0x7E, 0xCA, 0x11, 0x78, 0x39, 0xAE,
    0x7F, 0x9B, 0x49, 0xCD, 0xFA, 0x5A, 0x4C, 0x92, 0x51, 0x63, 0x60, 0xBC, 0x4C, 0x7A, 0x5E, 0xCA,
    0x38, 0xE1, 0x50, 0x6B, 0xE0, 0xB0, 0x1D, 0x57, 0xA6, 0xC2, 0xCA, 0x99, 0x92, 0xE1, 0x62, 0x4D,
    0x8E, 0x93, 0xA3, 0xDB, 0x79, 0x89, 0x6E, 0x42, 0x84, 0xF6, 0x89, 0xAA, 0xAC, 0xD8, 0x54, 0x67,
    0x1D, 0xA5, 0x8C, 0x66, 0xCE, 0xD5, 0xA4, 0x92, 0x8E, 0x84, 0xB4, 0x24, 0x68, 0xB3, 0x3A, 0x83,
    0xFB, 0x88, 0xCB, 0xA2, 0xBF, 0xD9, 0x3A, 0x8B, 0xCD, 0x50, 0xAF, 0x30, 0x43, 0x9D, 0xA8, 0xC0,
    0xA7, 0x97, 0x47, 0x4D, 0x0E, 0x40, 0x34, 0x81, 0xF6, 0x35, 0x71, 0x92, 0x1B, 0xA0, 0x3D, 0x1B,
    0x80, 0xBA, 0x10, 0x4B, 0x79, 0xF1, 0x26, 0x70, 0x2D, 0xB6, 0x37, 0x1D, 0x5E, 0x6E, 0x24, 0xCE,
    0x38, 0x4E, 0xBD, 0x51, 0x58, 0x84, 0xD2, 0x4A, 0x11, 0x19, 0x14, 0x7A, 0x65, 0x55, 0x12, 0x66,
    0x55, 0x59, 0x28, 0x5D, 0x8F, 0x53, 0xD8, 0xE7, 0x02, 0xC3, 0x67, 0x8C, 0x5E, 0x35, 0xCC, 0xAB,
    0xC7, 0x82, 0x5F, 0xDA, 0x36, 0xD1, 0xC6, 0x4A, 0x3B, 0x42, 0x22, 0x76, 0xC4, 0xF7, 0x77, 0xAA,
    0x36, 0x9D, 0xE4, 0x28, 0xAE, 0x6D, 0x91, 0x35, 0x26, 0xFB, 0xBC, 0x4B, 0xBF, 0xD2, 0x92, 0x38,
    0x87, 0x7A, 0x1C, 0xF3, 0xFB, 0x41, 0x52, 0xEC, 0xD1, 0x5D, 0x8F, 0xA9, 0x37, 0x47, 0x79, 0x39,
    0x05, 0xBF, 0x91, 0x49, 0x49, 0x9E, 0xF2, 0x32, 0x95, 0x2F, 0x94, 0x2F, 0x7F, 0x21, 0x04, 0x84,
    0x02, 0x82, 0x21, 0x66, 0x93, 0xC1, 0x80, 0xCC, 0x49, 0x96, 0x5D, 0xEB, 0x16, 0xEB, 0x8D, 0x07,
    0x64, 0x29, 0x37, 0xE0, 0x8F, 0xC9, 0x51, 0x50, 0x4A, 0xF5, 0xCA, 0x1C, 0xD2, 0xFE, 0x35, 0xFD,
    0x5F, 0x71, 0x0B, 0x8A, 0x96, 0x26, 0x1C, 0xC9, 0x1A, 0x38, 0xE6, 0xAE, 0x75, 0xCB, 0x99, 0xF2,
    0xCC, 0x5D, 0xAC, 0xC9, 0x61, 0x5C, 0xAB, 0xF4, 0x7C, 0xAD, 0x35, 0xA1, 0x3A, 0x58, 0xCC, 0xB8,
    0x85, 0x48, 0x8E, 0x55, 0xDB, 0x44, 0xC7, 0x5D, 0x2B, 0xB5, 0x43, 0xAA, 0x73, 0x35, 0xA9, 0xC4,
    0xB5, 0x3A, 0x95, 0x6B, 0x4D, 0x15, 0x5D, 0xEB, 0x87, 0x39, 0x5D, 0x6B, 0xEB, 0x2C, 0x0B, 0xD7,
    0x5A, 0x6E, 0x05, 0xFE, 0x58, 0x3C, 0x62, 0x3D, 0x0E, 0xEB, 0xDE, 0xD0, 0xBE, 0x26, 0x8C, 0x19,
    0x98, 0xF6, 0xB1, 0xB9, 0x78, 0xF6, 0xF6, 0xF2, 0x56, 0xE5, 0xD6, 0xEB, 0x41, 0x2C, 0xB7, 0x1C,
    0xFA, 0x72, 0x23, 0xD7, 0x36, 0x7A, 0x4C, 0x7E, 0xE5, 0x9A, 0x2A, 0xE8, 0xCE, 0x80, 0xEF, 0x0E,
    0x13, 0x8F, 0xAE, 0x28, 0x28, 0x82, 0x22, 0x4A, 0x3B, 0xE3, 0x9E, 0x72, 0x27, 0xFC, 0x92, 0xC4,
    0xC4, 0x98, 0x2E, 0x3A, 0x2C, 0xAA, 0xBB, 0x9F, 0xCF, 0x18, 0xBE, 0x5A, 0xD4, 0x31, 0x32, 0xBF,
    0x9C, 0xCC, 0xCB, 0x2F, 0x76, 0x55, 0x0B, 0xD9, 0x45, 0x6E, 0x2D, 0xF7, 0x92, 0x99, 0x38, 0xD3,
    0xCF, 0xEE, 0xC6, 0x74, 0x54, 0x53, 0xBE, 0x96, 0xEE, 0xC9, 0x88, 0xEF, 0xA9, 0xC6, 0xE4, 0x5C,
    0xDC, 0xC9, 0xB5, 0xAF, 0x6B, 0xCA, 0x58, 0x52, 0xC6, 0x92, 0x32, 0x96, 0x22, 0xA3, 0x0D, 0x65,
    0x9C, 0xF7, 0x66, 0x6E, 0xE3, 0xA3, 0x28, 0xD2, 0xB3, 0x29, 0x59, 0x63, 0xF2, 0xBF, 0x66, 0x58,
    0x78, 0x95, 0xBD, 0xC6, 0x27, 0x67, 0x69, 0x3F, 0x81, 0xA4, 0x10, 0xF0, 0x7E, 0xD6, 0x8C, 0x6E,
    0x97, 0x1A, 0x93, 0x7F, 0xD6, 0xB9, 0x0E, 0x97, 0x3A, 0xD7, 0x4D, 0xCA, 0xFE, 0x3F, 0x8D, 0x51,
    0xB1, 0x4E, 0xC3, 0x30, 0x10, 0xBD, 0x38, 0x52, 0x03, 0xF5, 0xE0, 0xB9, 0x42, 0xC2, 0x2B, 0x5B,
    0xD6, 0x0E, 0x28, 0xE7, 0x8D, 0x91, 0x4F, 0xE9, 0x0F, 0x50, 0x12, 0xA9, 0x03, 0x03, 0x03, 0xFD,
    0x03, 0xF8, 0x10, 0x20, 0x06, 0x3E, 0xA0, 0x16, 0x3F, 0x80, 0xFF, 0xA0, 0x46, 0xCA, 0x60, 0xA4,
    0x34, 0xC7, 0x39, 0x91, 0x18, 0x10, 0x03, 0x97, 0x67, 0xDD, 0xBD, 0xF3, 0xE5, 0x7C, 0xCF, 0x06,
    0x68, 0x0F, 0x34, 0xD4, 0x3D, 0x00, 0xB4, 0xD4, 0x11, 0xC5, 0x9A, 0xC2, 0xAF, 0x38, 0x31, 0xA2,
    0x81, 0x92, 0xD5, 0xBC, 0x0E, 0x7F, 0xE5, 0x84, 0xD1, 0xB6, 0x82, 0x35, 0xD4, 0x0E, 0xDD, 0xDC,
    0xCC, 0x01, 0x6D, 0xED, 0x0A, 0x27, 0x2D, 0x36, 0x0B, 0xD0, 0x06, 0x2D, 0xFA, 0xDC, 0x29, 0x8B,
    0xE6, 0x08, 0x66, 0xF0, 0x50, 0x6E, 0xC2, 0x5A, 0xD9, 0x47, 0xD5, 0xB4, 0xBB, 0x58, 0xEF, 0xE2,
    0xA9, 0xD8, 0xCE, 0xC5, 0x16, 0x77, 0x5D, 0xBD, 0x8F, 0x85, 0x8B, 0xF2, 0xA5, 0xC3, 0x5B, 0xBF,
    0x10, 0x8D, 0xDE, 0x78, 0xFC, 0x88, 0xB8, 0xEF, 0x73, 0x17, 0xD5, 0x6B, 0x57, 0x5E, 0xF8, 0x23,
    0x01, 0x60, 0x40, 0x04, 0xC8, 0xBB, 0x84, 0x96, 0x2C, 0x91, 0xAF, 0xA9, 0x99, 0xE8, 0x0F, 0xB8,
    0x80, 0xCB, 0x18, 0xB9, 0x87, 0x22, 0xC0, 0xC9, 0x17, 0x10, 0x25, 0x70, 0xDC, 0x8E, 0xC1, 0x6A,
    0x48, 0xF1, 0x84, 0xDC, 0x25, 0x39, 0x99, 0x51, 0x11, 0x07, 0xA4, 0xF4, 0xE9, 0x7E, 0xE6, 0xCF,
    0x8E, 0x67, 0xA6, 0xC5, 0x3B, 0x9B, 0xD6, 0x75, 0x79, 0x69, 0x45, 0xC7, 0x83, 0xB3, 0xA9, 0x81,
    0xE5, 0xB0, 0x2F, 0xC9, 0x60, 0xE2, 0x95, 0xB2, 0xE3, 0x7D, 0xAC, 0xD5, 0x4B, 0x3F, 0x7A, 0xF9,
    0x16, 0xA6, 0xFC, 0x6E, 0xEC, 0x8B, 0xAB, 0x7B, 0x9B, 0xBC, 0x26, 0x9C, 0x99, 0xEC, 0x01, 0x8A,
    0x78, 0xC0, 0xA0, 0xF8, 0x97, 0xAC, 0xA7, 0xBE, 0x24, 0x80, 0xFC, 0x33, 0xAE, 0x2B, 0xDD, 0x80,
    0x7A, 0x0F, 0x15, 0x5F, 0x0A, 0xE8, 0xD7, 0x80, 0x8F, 0xEC, 0x51, 0x4C, 0xFC, 0x19, 0xE2, 0x13,
    0xF2, 0x91, 0x3D, 0xB4, 0x63, 0x7D, 0x80, 0x32, 0xC8, 0xF1, 0xA8, 0x2C, 0x29, 0x9C, 0x67, 0x5B,
    0xBC, 0x09, 0x58, 0x78, 0x94, 0xAE, 0x92, 0xF6, 0x9C, 0xA1, 0xCC, 0x52, 0x42, 0xE6, 0xF3, 0xA0,
    0x7C, 0x69, 0x91, 0x1B, 0x20, 0xBF, 0x8D, 0x0C, 0x79, 0x00, 0xBF, 0x4C, 0x0C, 0x98, 0xF1, 0xAE,
    0xF4, 0x9A, 0x77, 0x9F, 0x60, 0xC9, 0xAD, 0x04, 0x4B, 0x92, 0x3C, 0xA7, 0xE6, 0x95, 0x64, 0x3D,
    0xA7, 0xF9, 0x78, 0x36, 0x96, 0x22, 0xFD, 0x7F, 0xD2, 0x70, 0x05, 0x93, 0x7D, 0x03, 0xD5, 0x90,
    0xB1, 0x51, 0x03, 0x31, 0x10, 0x45, 0xDF, 0x71, 0x63, 0x3B, 0xB8, 0x40, 0x04, 0x90, 0x72, 0xEE,
    0x40, 0x0D, 0xD8, 0xA7, 0x2B, 0x81, 0x2E, 0x68, 0x81, 0xC0, 0xB6, 0xAE, 0x04, 0x4A, 0x20, 0x70,
    0x19, 0xC2, 0x52, 0x09, 0x94, 0x70, 0x25, 0x5C, 0xA0, 0x40, 0xC1, 0xC2, 0xA2, 0x9B, 0x21, 0x27,
    0x66, 0x7E, 0xB6, 0xFB, 0xE7, 0xED, 0xFE, 0xDF, 0xBC, 0xD3, 0x7D, 0x63, 0x75, 0x74, 0x66, 0x3A,
    0x9A, 0x74, 0xEE, 0xD2, 0x60, 0x92, 0xEB, 0xA7, 0x5E, 0xD9, 0x09, 0x8C, 0xB0, 0x07, 0xA1, 0x15,
    0x8C, 0x60, 0x03, 0x1F, 0x01, 0xD5, 0x31, 0x2A, 0x04, 0x78, 0x05, 0x9C, 0xB8, 0x72, 0x1A, 0x7D,
    0xF6, 0x42, 0xB8, 0x0F, 0x2A, 0x7E, 0x69, 0xE0, 0xBA, 0x42, 0xFB, 0x2F, 0xDC, 0xBA, 0xC7, 0x2B,
    0x67, 0xCB, 0xD1, 0x62, 0x6F, 0x2B, 0x65, 0x85, 0xA2, 0x25, 0x0A, 0xF9, 0x6E, 0x69, 0xE7, 0x2E,
    0x99, 0xA9, 0xE7, 0xA9, 0xCE, 0xB6, 0x93, 0xCD, 0x17, 0x09, 0x87, 0x8A, 0xCC, 0xE1, 0x54, 0x86,
    0x28, 0x36, 0x37, 0x63, 0xF3, 0x46, 0x2F, 0xB8, 0x1B, 0x07, 0xCB, 0xC5, 0xE2, 0x94, 0xAE, 0x5E,
    0x1F, 0xB0, 0xF5, 0x9F, 0xCC, 0x06, 0x9A, 0x3F, 0x23, 0x60, 0x52, 0x4C, 0x9A, 0x5E, 0xD2, 0xEE,
    0x57, 0x6D, 0xDA, 0x4E, 0x6E, 0x89, 0x65, 0x2F, 0x94, 0x76, 0xA9, 0x6E, 0x54, 0xA2, 0x3C, 0x3E,
    0xC7, 0xEC, 0x73, 0xF7, 0x69, 0x67, 0x57, 0x1E, 0x6A, 0x9C, 0x58, 0xFC, 0xBC, 0xF9, 0x07, 0x05,
    0xFC, 0x00, 0x95, 0x54, 0xBD, 0x6E, 0xD5, 0x30, 0x14, 0x3E, 0x49, 0xA4, 0x46, 0xE2, 0x0E, 0x16,
    0x12, 0x20, 0xC4, 0x1D, 0xB2, 0xA2, 0x76, 0xF0, 0x13, 0x50, 0x87, 0x27, 0x68, 0x07, 0x10, 0x23,
    0x1D, 0x98, 0x60, 0xE8, 0x23, 0xDC, 0x6C, 0x0C, 0x0C, 0xF4, 0x11, 0x3A, 0x74, 0x80, 0xDB, 0xA1,
    0x2F, 0x00, 0xB5, 0x25, 0x86, 0x8E, 0x75, 0xF9, 0x11, 0x03, 0x03, 0x11, 0x42, 0x02, 0xDA, 0x01,
    0x4B, 0xA4, 0x22, 0x5C, 0xEC, 0x98, 0xEF, 0xF8, 0x5E, 0x0A, 0xAA, 0x58, 0xB0, 0x72, 0x3E, 0xC5,
    0x8E, 0x73, 0x7E, 0xBE, 0xCF, 0xC7, 0x44, 0x69, 0x14, 0x06, 0x20, 0x0E, 0x0C, 0x65, 0xFA, 0xD0,
    0x90, 0x8C, 0xB1, 0xA1, 0x18, 0x23, 0x15, 0x71, 0x18, 0x48, 0xF4, 0xDE, 0x53, 0xF5, 0xA1, 0xF3,
    0x24, 0x5F, 0x7C, 0x73, 0xA4, 0x1E, 0xBD, 0x02, 0xAC, 0x61, 0x9B, 0xDA, 0x5C, 0x03, 0x68, 0x49,
    0xA4, 0x82, 0x22, 0x92, 0xFE, 0x39, 0x7C, 0x60, 0x1B, 0x8D, 0x62, 0xB7, 0x01, 0x88, 0x9E, 0x04,
    0x83, 0xBC, 0x1B, 0x5B, 0x52, 0xF2, 0x16, 0xD1, 0x2A, 0xB6, 0xD1, 0xF5, 0x1B, 0xB4, 0x18, 0xD9,
    0x74, 0xDA, 0x14, 0x31, 0xBA, 0x64, 0xB3, 0x69, 0x5D, 0x38, 0x64, 0xF2, 0xDB, 0x4E, 0x6F, 0x23,
    0x7C, 0x34, 0x0B, 0xAB, 0x4B, 0xAC, 0xA9, 0xC8, 0x56, 0x93, 0x1C, 0xFE, 0xDA, 0xD7, 0xC2, 0xD1,
    0xF8, 0x23, 0x21, 0xDF, 0x9A, 0xF7, 0x96, 0xBD, 0x34, 0x23, 0x97, 0x93, 0xC0, 0xFA, 0x08, 0x26,
    0x67, 0xDB, 0x34, 0x89, 0x3D, 0xFE, 0xEB, 0x68, 0x3C, 0x6C, 0x91, 0x46, 0x42, 0x13, 0xD8, 0x95,
    0xB0, 0x4E, 0x79, 0xCF, 0xFE, 0xDE, 0x3C, 0x43, 0xA9, 0xFE, 0xF9, 0x03, 0x6C, 0xA2, 0x6B, 0x4D,
    0xD6, 0x10, 0x1E, 0x78, 0x86, 0xE3, 0xC2, 0x53, 0x09, 0x1C, 0x12, 0xC6, 0x26, 0xA1, 0x4D, 0xE8,
    0x80, 0xE3, 0xEF, 0xBE, 0xEC, 0xE0, 0x8B, 0x89, 0xD2, 0x09, 0x57, 0x4E, 0x27, 0x27, 0x3F, 0xF0,
    0xAF, 0xF8, 0x8E, 0x3D, 0xAE, 0x8C, 0x8C, 0x79, 0x42, 0x9A, 0xA3, 0x6A, 0xD9, 0x2D, 0x52, 0x2B,
    0x2C, 0x95, 0x20, 0x7B, 0xFA, 0x94, 0x52, 0x91, 0x0C, 0x88, 0x38, 0xDB, 0xED, 0x69, 0x7C, 0x7A,
    0x27, 0x24, 0xA7, 0x96, 0x7D, 0x5A, 0x39, 0xDB, 0x1D, 0x1A, 0xF8, 0xEA, 0x17, 0x5B, 0xB0, 0xC4,
    0xAA, 0xCC, 0x6B, 0xFF, 0x37, 0x58, 0xE6, 0x98, 0xE9, 0xBD, 0xB7, 0xCF, 0xE8, 0x35, 0x33, 0xED,
    0x27, 0x35, 0x51, 0xEE, 0x55, 0x53, 0x9A, 0x02, 0x0C, 0x89, 0xB6, 0x74, 0xC2, 0x54, 0x6E, 0xE4,
    0xAA, 0x56, 0x76, 0xC2, 0xA5, 0x2A, 0xFC, 0x1C, 0x57, 0x7A, 0xBF, 0xAF, 0xDA, 0x3C, 0x78, 0x35,
    0x01, 0xAB, 0x1D, 0x93, 0x1E, 0x5D, 0x85, 0x90, 0xDA, 0x0A, 0x88, 0xAB, 0x4C, 0xC9, 0xD8, 0x14,
    0x1D, 0x51, 0x45, 0x19, 0x42, 0xE6, 0x35, 0x09, 0x43, 0x9B, 0x2D, 0x81, 0xD6, 0xE8, 0x97, 0x1E,
    0x1B, 0x15, 0x8D, 0x8E, 0x26, 0x54, 0xC6, 0x0B, 0x7E, 0xA2, 0xE6, 0x15, 0xF1, 0xB6, 0x41, 0x22,
    0x97, 0x6F, 0xD7, 0xA8, 0x83, 0x4B, 0xA1, 0xE5, 0x2D, 0x2E, 0x3E, 0xC0, 0x4B, 0x64, 0x5D, 0x67,
    0xC8, 0x16, 0xDA, 0x22, 0x55, 0x62, 0x55, 0x38, 0x06, 0xD7, 0x29, 0xF9, 0xAD, 0x3C, 0x5D, 0xE7,
    0x69, 0x38, 0x5B, 0x83, 0x54, 0x14, 0xB8, 0x3A, 0xDD, 0x5C, 0xE5, 0x45, 0x38, 0x10, 0x0C, 0x59,
    0xFA, 0x92, 0x11, 0x6B, 0x78, 0x81, 0xF9, 0x90, 0x20, 0x8F, 0x34, 0x4E, 0x56, 0x3E, 0x60, 0x3A,
    0x02, 0x8D, 0x4E, 0x82, 0x41, 0xA7, 0x6B, 0x1A, 0x7F, 0x8B, 0xD3, 0xC4, 0x74, 0x93, 0x60, 0x1C,
    0xF5, 0x17, 0x28, 0xAE, 0xF8, 0xAB, 0x70, 0xAC, 0x9F, 0xA7, 0xC5, 0x6F, 0xC8, 0x8B, 0xC5, 0x6B,
    0x58, 0xBB, 0xFA, 0x9C, 0x68, 0xE3, 0xD9, 0x6E, 0x48, 0xF2, 0x9B, 0xC9, 0x6C, 0x1A, 0x1B, 0xC5,
    0x90, 0xA6, 0x2B, 0xAE, 0x1C, 0xFE, 0x4F, 0xB4, 0x34, 0x70, 0x2C, 0x48, 0x60, 0x26, 0x98, 0xF0,
    0x79, 0x6B, 0x88, 0x78, 0xE2, 0xE4, 0x57, 0x4B, 0xEA, 0xB1, 0x25, 0x8D, 0x6F, 0x03, 0x2C, 0x88,
    0xE3, 0x9D, 0x20, 0xA2, 0x1F, 0x44, 0x0C, 0x51, 0xCC, 0x82, 0x5E, 0xB3, 0x41, 0x1D, 0xDA, 0x50,
    0x45, 0x1B, 0xD0, 0x79, 0x21, 0x4B, 0x8D, 0x87, 0xB8, 0xDC, 0x07, 0xEC, 0x6F, 0x64, 0xE8, 0x6C,
    0x94, 0x76, 0xDE, 0x1B, 0xE2, 0x07, 0xC7, 0xB0, 0x8B, 0x18, 0xAD, 0xFA, 0x64, 0x69, 0xF2, 0x10,
    0x31, 0xF0, 0x7D, 0x80, 0x85, 0xBF, 0x8C, 0xE7, 0xBC, 0xAE, 0x0E, 0x2C, 0xC9, 0x9F, 0x47, 0x0D,
    0xD8, 0xC6, 0xD1, 0x46, 0x71, 0x13, 0x5C, 0x15, 0xA3, 0x45, 0xAF, 0xE1, 0x16, 0x59, 0x9E, 0x3E,
    0x89, 0x69, 0x2C, 0xEB, 0xCF, 0xF7, 0xF7, 0xFA, 0xC5, 0xFB, 0x5E, 0x4F, 0x95, 0x05, 0xC7, 0x90,
    0x68, 0x13, 0xC4, 0x21, 0x1F, 0x6C, 0xC7, 0x83, 0xA6, 0x46, 0x8F, 0x65, 0xAC, 0x19, 0x6D, 0x50,
    0x7A, 0x61, 0xF9, 0x33, 0xBF, 0x0E, 0x25, 0x3B, 0xCA, 0xE1, 0xBF, 0x82, 0x7F, 0x8D, 0x35, 0x1D,
    0x3C, 0x5D, 0x44, 0x4D, 0x05, 0x3A, 0x09, 0xFD, 0xBF, 0xAD, 0x7C, 0xDE, 0x5D, 0x40, 0x03, 0x66,
    0x5E, 0x3A, 0x14, 0x6B, 0x33, 0x96, 0x1F, 0xFF, 0xD0, 0xA5, 0xF3, 0x44, 0x22, 0x31, 0x70, 0x5F,
    0x42, 0x12, 0x24, 0xDD, 0xCA, 0xF7, 0xEF, 0x9C, 0x5A, 0x7B, 0xD5, 0x2B, 0xF1, 0xD2, 0x2B, 0x71,
    0xF4, 0xC7, 0x46, 0xB0, 0xFC, 0xA6, 0x57, 0x88, 0x7E, 0xDE, 0x56, 0x89, 0x52, 0x8A, 0x4B, 0xD3,
    0x9D, 0x74, 0xCC, 0x04, 0xFB, 0x3A, 0xDE, 0x6B, 0x05, 0x6E, 0x1A, 0x61, 0x8A, 0x85, 0x95, 0xAE,
    0x32, 0x55, 0xCB, 0xD2, 0xC3, 0x6A, 0xBE, 0x73, 0xE4, 0x6B, 0x84, 0x0E, 0x73, 0x93, 0xB8, 0xA2,
    0x04, 0xA7, 0x84, 0x23, 0xFE, 0x0B, 0xAD, 0x53, 0x3B, 0x8E, 0xD4, 0x40, 0x10, 0x7D, 0xB6, 0x77,
    0x65, 0x24, 0x07, 0xBD, 0x39, 0x81, 0x89, 0x77, 0x83, 0x4E, 0x48, 0xD9, 0xEE, 0x1B, 0x10, 0xCD,
    0x0D, 0x08, 0x10, 0xC9, 0x5C, 0x00, 0x61, 0x4B, 0x7B, 0x81, 0xBD, 0x01, 0xA4, 0xF8, 0x04, 0x9B,
    0x0C, 0x6D, 0x91, 0x10, 0x90, 0xF8, 0x08, 0x43, 0xBA, 0x09, 0x46, 0x72, 0x60, 0x96, 0x9E, 0x2E,
    0x5E, 0xD9, 0xB3, 0x23, 0x81, 0x44, 0x46, 0x4B, 0x55, 0x3D, 0xAE, 0xAE, 0xDF, 0x7B, 0x55, 0x83,
    0xD7, 0x00, 0xA4, 0xA5, 0x8C, 0x40, 0x3D, 0x03, 0xD9, 0x01, 0x78, 0x13, 0x50, 0x88, 0xC0, 0x88,
    0xB4, 0xEE, 0x9B, 0xF4, 0x01, 0xB6, 0x3F, 0xC0, 0xF4, 0x11, 0x66, 0x88, 0xA8, 0xF4, 0xEE, 0x13,
    0xA5, 0xF1, 0xAE, 0x75, 0x0F, 0xEA, 0x17, 0x91, 0xCB, 0x1E, 0x38, 0x83, 0x9E, 0x0B, 0xB8, 0x9F,
    0x31, 0x17, 0x89, 0xA5, 0xC8, 0x68, 0x46, 0x37, 0xDA, 0x5E, 0x26, 0x77, 0x93, 0x66, 0xF7, 0xF2,
    0x47, 0x74, 0xE1, 0xF3, 0x6C, 0xA5, 0x98, 0x4C, 0xAC, 0x46, 0x93, 0xC2, 0xE0, 0xB4, 0x46, 0x73,
    0xC0, 0x59, 0xE6, 0x19, 0xFA, 0x81, 0x92, 0x4D, 0x54, 0x45, 0xA4, 0x2A, 0xD9, 0x0A, 0x93, 0xAB,
    0xFA, 0x4E, 0x65, 0x0D, 0xDB, 0x74, 0xA6, 0x07, 0x76, 0x25, 0x8B, 0xC5, 0x62, 0x44, 0x36, 0xD3,
    0x9B, 0x77, 0x04, 0x2D, 0x3B, 0xB6, 0x04, 0x07, 0x7A, 0x59, 0xD8, 0xFB, 0x2E, 0xB4, 0xCC, 0x2D,
    0xFD, 0xA2, 0x2E, 0xBB, 0xAE, 0x6B, 0x1B, 0xFE, 0x1A, 0x17, 0x75, 0x95, 0xBA, 0xD4, 0x16, 0x31,
    0x8B, 0xF8, 0xDF, 0x2A, 0x9F, 0xA9, 0xD8, 0xD3, 0x8C, 0x4A, 0x12, 0x58, 0x9B, 0x92, 0x50, 0xB3,
    0xE7, 0x92, 0xFC, 0xE6, 0x8A, 0x2A, 0x28, 0x14, 0x1A, 0xCC, 0x80, 0xE5, 0xA1, 0x21, 0x70, 0x02,
    0x2D, 0x08, 0xDB, 0x10, 0x96, 0xBB, 0xFF, 0xB8, 0xC4, 0xD9, 0x55, 0x5A, 0x6D, 0x3F, 0x50, 0x70,
    0x3A, 0x05, 0x03, 0x95, 0x00, 0x65, 0xA2, 0x56, 0x4A, 0x68, 0x7B, 0x47, 0x61, 0xF2, 0x8C, 0x03,
    0x24, 0x1D, 0xFF, 0x7A, 0x56, 0xD1, 0x67, 0x15, 0x7D, 0x56, 0xB1, 0x7E, 0x75, 0x79, 0x81, 0xC7,
    0xF9, 0x39, 0x88, 0x17, 0xEF, 0xD6, 0x62, 0x4F, 0x28, 0xD7, 0x7F, 0x66, 0xC8, 0x27, 0xCD, 0x90,
    0xF9, 0x72, 0x5F, 0x0F, 0xA6, 0x0F, 0xA3, 0x69, 0xC3, 0x64, 0xFD, 0x45, 0x64, 0xC4, 0x27, 0xBA,
    0x39, 0xBA, 0x58, 0xF6, 0x61, 0xC6, 0x23, 0xE8, 0x01, 0xD5, 0x8C, 0x86, 0x93, 0xCE, 0x65, 0x0A,
    0xE1, 0xEB, 0xAF, 0xC8, 0xC5, 0xE8, 0x77, 0x31, 0x13, 0x5C, 0xAF, 0x4A, 0x3F, 0x1B, 0xF9, 0x22,
    0xD1, 0x49, 0x26, 0x53, 0x39, 0xC3, 0xB2, 0x6D, 0x4B, 0x08, 0x32, 0x81, 0x06, 0x14, 0x87, 0xDB,
    0x53, 0xDB, 0x9A, 0xB1, 0xDA, 0xAF, 0x54, 0x29, 0x83, 0x8F, 0x30, 0x94, 0x49, 0x65, 0xD5, 0x29,
    0xE2, 0x23, 0xA4, 0x66, 0x65, 0xFB, 0x32, 0xF1, 0x62, 0x53, 0x81, 0x4D, 0x39, 0x86, 0x64, 0x8A,
    0x71, 0x32, 0x08, 0xF2, 0xDE, 0x27, 0xB2, 0x7C, 0x57, 0x27, 0x3C, 0xC3, 0x2B, 0x56, 0xA4, 0x2D,
    0x19, 0x4F, 0xC6, 0xFD, 0xDD, 0x56, 0xF0, 0x7C, 0x19, 0x97, 0x9E, 0xB7, 0x27, 0xE0, 0x3A, 0x89,
    0xE3, 0x56, 0xE9, 0x9A, 0xE1, 0xBC, 0xD9, 0x9C, 0x6C, 0x57, 0x0F, 0x9D, 0x2F, 0x99, 0xBF, 0xEA,
    0xD7, 0x1A, 0xEB, 0x21, 0xBF, 0x95, 0xB4, 0x19, 0xB7, 0xC0, 0xCA, 0x2D, 0x9C, 0xF6, 0xC0, 0xD0,
    0x9C, 0xDF, 0x78, 0xAA, 0xFF, 0xBB, 0x6D, 0xAB, 0x5E, 0x97, 0xEB, 0x7E, 0xEE, 0x29, 0xC3, 0xF9,
    0x66, 0xB3, 0x44, 0xEA, 0xF0, 0x2C, 0xDD, 0x2A, 0x52, 0x80, 0x2D, 0x37, 0x20, 0x97, 0x81, 0x49,
    0xFA, 0x52, 0x66, 0xD4, 0xC9, 0xA3, 0x1E, 0xD6, 0x0A, 0x7F, 0xC7, 0xFE, 0x06, 0x63, 0x60, 0x9B,
    0xC0, 0xC0, 0x60, 0xFF, 0x67, 0x2F, 0xC3, 0xFF, 0x3F, 0xFF, 0x18, 0xFF, 0x06, 0xEC, 0x65, 0xFA,
    0xC1, 0xC0, 0x00, 0xC4, 0x22, 0xF6, 0xFF, 0x3F, 0xEC, 0xAD, 0xFF, 0xFF, 0xE1, 0x9F, 0xFE, 0xFF,
    0x05, 0xFF, 0x80, 0x7C, 0x42, 0x78, 0x2F, 0xC3, 0x07, 0x86, 0x1A, 0x06, 0xB6, 0x09, 0x12, 0x40,
    0xB3, 0xEC, 0x81, 0x66, 0xD5, 0x03, 0xCD, 0xAA, 0x07, 0x8A, 0x83, 0x31, 0xD0, 0xAC, 0x7A, 0xA0,
    0x59, 0xF5, 0x40, 0xB3, 0xE0, 0x62, 0xF8, 0x30, 0xD0, 0x2C, 0x5B, 0x00,
};

static const EpdGlyph quicksand_12_boldGlyphs[] = {
    { 0, 0, 112, 0, 0, 0, 0 }, // U+000D
    { 0, 0, 112, 0, 0, 0, 0 }, // U+0020
    { 5, 18, 107, 1, 18, 23, 0 }, // !
    { 11, 8, 172, 0, 18, 22, 23 }, // "
    { 17, 18, 277, 0, 18, 77, 45 }, // #
    { 13, 25, 239, 1, 21, 82, 122 }, // $
    { 20, 19, 326, 0, 18, 95, 204 }, // %
    { 18, 19, 284, 0, 18, 86, 299 }, // &
    { 5, 8, 85, 0, 18, 10, 385 }, // '
    { 9, 23, 143, 0, 18, 52, 395 }, // (
    { 9, 23, 143, 0, 18, 52, 447 }, // )
    { 9, 9, 145, 0, 18, 21, 499 }, // *
    { 13, 13, 231, 1, 15, 43, 520 }, // +
    { 6, 7, 110, 0, 3, 11, 563 }, // ,
    { 8, 4, 158, 1, 10, 8, 574 }, // -
    { 4, 4, 100, 1, 4, 4, 582 }, // .
    { 14, 25, 227, 0, 21, 88, 586 }, // /
    { 14, 19, 246, 1, 18, 67, 674 }, // 0
    { 8, 18, 156, 0, 18, 36, 741 }, // 1
    { 12, 18, 228, 1, 18, 54, 777 }, // 2
    { 12, 19, 215, 1, 18, 57, 831 }, // 3
    { 15, 18, 235, 0, 18, 68, 888 }, // 4
    { 12, 19, 230, 1, 18, 57, 956 }, // 5
    { 12, 19, 221, 1, 18, 57, 1013 }, // 6
    { 13, 19, 220, 1, 18, 62, 1070 }, // 7
    { 12, 18, 219, 1, 18, 54, 1132 }, // 8
    { 12, 19, 227, 1, 18, 57, 1186 }, // 9
    { 5, 14, 109, 1, 14, 18, 1243 }, // :
    { 6, 18, 118, 1, 14, 27, 1261 }, // ;
    { 12, 14, 210, 0, 15, 42, 1288 }, // <
    { 14, 9, 248, 1, 13, 32, 1330 }, // =
    { 12, 13, 210, 1, 15, 39, 1362 }, // >
    { 13, 19, 211, 0, 19, 62, 1401 }, // ?
    { 23, 23, 386, 1, 18, 133, 1463 }, // @
    { 16, 19, 256, 0, 18, 76, 1596 }, // A
    { 15, 18, 262, 1, 18, 68, 1672 }, // B
    { 15, 19, 251, 1, 18, 72, 1740 }, // C
    { 16, 18, 286, 1, 18, 72, 1812 }, // D
    { 13, 18, 229, 1, 18, 59, 1884 }, // E
    { 13, 18, 225, 1, 18, 59, 1943 }, // F
    { 16, 19, 278, 1, 18, 76, 2002 }, // G
    { 16, 18, 288, 1, 18, 72, 2078 }, // H
    { 4, 18, 110, 1, 18, 18, 2150 }, // I
    { 11, 19, 221, 1, 18, 53, 2168 }, // J
    { 15, 18, 262, 1, 18, 68, 2221 }, // K
    { 13, 18, 225, 1, 18, 59, 2289 }, // L
    { 18, 18, 328, 1, 18, 81, 2348 }, // M
    { 16, 18, 294, 1, 18, 72, 2429 }, // N
    { 17, 19, 304, 1, 18, 81, 2501 }, // O
    { 14, 18, 241, 1, 18, 63, 2582 }, // P
    { 19, 23, 302, 1, 18, 110, 2645 }, // Q
    { 16, 19, 275, 1, 18, 76, 2755 }, // R
    { 13, 19, 239, 1, 18, 62, 2831 }, // S
    { 15, 18, 250, 0, 18, 68, 2893 }, // T
    { 15, 19, 282, 1, 18, 72, 2961 }, // U
    { 17, 18, 271, 0, 18, 77, 3033 }, // V
    { 24, 18, 377, 0, 18, 108, 3110 }, // W
    { 15, 19, 262, 1, 18, 72, 3218 }, // X
    { 15, 18, 238, 0, 18, 68, 3290 }, // Y
    { 16, 18, 259, 0, 18, 72, 3358 }, // Z
    { 8, 23, 163, 2, 18, 46, 3430 }, // [
    { 14, 25, 227, 0, 21, 88, 3476 }, // <backslash>
    { 9, 23, 163, 0, 18, 52, 3564 }, // ]
    { 14, 11, 247, 1, 18, 39, 3616 }, // ^
    { 16, 3, 282, 1, -1, 12, 3655 }, // _
    { 6, 5, 104, 0, 19, 8, 3667 }, // `
    { 14, 15, 251, 1, 14, 53, 3675 }, // a
    { 14, 20, 251, 1, 19, 70, 3728 }, // b
    { 12, 15, 208, 1, 14, 45, 3798 }, // c
    { 14, 20, 251, 1, 19, 70, 3843 }, // d
    { 13, 15, 236, 1, 14, 49, 3913 }, // e
    { 11, 19, 175, 0, 19, 53, 3962 }, // f
    { 14, 19, 255, 1, 14, 67, 4015 }, // g
    { 13, 19, 234, 1, 19, 62, 4082 }, // h
    { 4, 18, 94, 1, 18, 18, 4144 }, // i
    { 7, 23, 110, -1, 18, 41, 4162 }, // j
    { 13, 19, 228, 1, 19, 62, 4203 }, // k
    { 4, 19, 108, 1, 19, 19, 4265 }, // l
    { 21, 14, 369, 1, 14, 74, 4284 }, // m
    { 13, 14, 238, 1, 14, 46, 4358 }, // n
    { 14, 15, 250, 1, 14, 53, 4404 }, // o
    { 14, 19, 251, 1, 14, 67, 4457 }, // p
    { 14, 19, 251, 1, 14, 67, 4524 }, // q
    { 10, 14, 174, 1, 14, 35, 4591 }, // r
    { 12, 15, 193, 0, 14, 45, 4626 }, // s
    { 10, 17, 164, 0, 17, 43, 4671 }, // t
    { 13, 15, 235, 1, 14, 49, 4714 }, // u
    { 14, 15, 225, 0, 14, 53, 4763 }, // v
    { 19, 15, 307, 0, 14, 72, 4816 }, // w
    { 12, 15, 195, 0, 14, 45, 4888 }, // x
    { 13, 19, 235, 1, 14, 62, 4933 }, // y
    { 12, 14, 194, 0, 14, 42, 4995 }, // z
    { 10, 24, 160, 0, 18, 60, 5037 }, // {
    { 4, 25, 99, 1, 21, 25, 5097 }, // |
    { 10, 24, 160, 0, 18, 60, 5122 }, // }
    { 12, 6, 216, 1, 11, 18, 5182 }, // ~
    { 0, 0, 112, 0, 0, 0, 0 }, // U+00A0
    { 5, 18, 107, 1, 14, 23, 0 }, // U+00A1
    { 13, 18, 206, 0, 18, 59, 23 }, // U+00A2
    { 16, 19, 250, 0, 18, 76, 82 }, // U+00A3
    { 12, 13, 232, 1, 14, 39, 158 }, // U+00A4
    { 15, 18, 238, 0, 18, 68, 197 }, // U+00A5
    { 4, 25, 103, 1, 21, 25, 265 }, // U+00A6
    { 14, 22, 224, 0, 18, 77, 290 }, // U+00A7
    { 9, 3, 169, 1, 18, 7, 367 }, // U+00A8
    { 19, 19, 312, 0, 18, 91, 374 }, // U+00A9
    { 9, 10, 142, 0, 19, 23, 465 }, // U+00AA
    { 12, 11, 194, 0, 12, 33, 488 }, // U+00AB
    { 15, 8, 273, 1, 11, 30, 521 }, // U+00AC
    { 8, 4, 158, 1, 10, 8, 551 }, // U+00AD
    { 12, 12, 196, 0, 18, 36, 559 }, // U+00AE
    { 9, 3, 177, 1, 18, 7, 595 }, // U+00AF
    { 10, 9, 157, 0, 18, 23, 602 }, // U+00B0
    { 13, 15, 231, 1, 16, 49, 625 }, // U+00B1
    { 7, 10, 146, 1, 19, 18, 674 }, // U+00B2
    { 7, 11, 142, 1, 20, 20, 692 }, // U+00B3
    { 5, 6, 104, 1, 20, 8, 712 }, // U+00B4
    { 12, 17, 242, 2, 13, 51, 720 }, // U+00B5
    { 14, 20, 253, 0, 18, 70, 771 }, // U+00B6
    { 4, 5, 89, 1, 10, 5, 841 }, // U+00B7
    { 5, 5, 104, 1, 1, 7, 846 }, // U+00B8
    { 5, 10, 128, 1, 20, 13, 853 }, // U+00B9
    { 9, 9, 140, 0, 18, 21, 866 }, // U+00BA
    { 13, 11, 199, 0, 12, 36, 887 }, // U+00BB
    { 19, 20, 331, 1, 19, 95, 923 }, // U+00BC
    { 20, 20, 338, 1, 19, 100, 1018 }, // U+00BD
    { 20, 19, 337, 1, 18, 95, 1118 }, // U+00BE
    { 13, 20, 211, 0, 14, 65, 1213 }, // U+00BF
    { 16, 24, 256, 0, 23, 96, 1278 }, // U+00C0
    { 16, 24, 256, 0, 23, 96, 1374 }, // U+00C1
    { 16, 24, 256, 0, 23, 96, 1470 }, // U+00C2
    { 16, 24, 256, 0, 23, 96, 1566 }, // U+00C3
    { 16, 23, 256, 0, 22, 92, 1662 }, // U+00C4
    { 16, 23, 257, 0, 22, 92, 1754 }, // U+00C5
    { 22, 19, 354, 0, 18, 105, 1846 }, // U+00C6
    { 15, 22, 251, 1, 18, 83, 1951 }, // U+00C7
    { 13, 23, 229, 1, 23, 75, 2034 }, // U+00C8
    { 13, 23, 229, 1, 23, 75, 2109 }, // U+00C9
    { 13, 23, 229, 1, 23, 75, 2184 }, // U+00CA
    { 13, 22, 229, 1, 22, 72, 2259 }, // U+00CB
    { 6, 23, 110, -1, 23, 35, 2331 }, // U+00CC
    { 7, 23, 110, 1, 23, 41, 2366 }, // U+00CD
    { 9, 23, 110, -1, 23, 52, 2407 }, // U+00CE
    { 9, 22, 110, -1, 22, 50, 2459 }, // U+00CF
    { 18, 18, 286, -1, 18, 81, 2509 }, // U+00D0
    { 16, 23, 294, 1, 23, 92, 2590 }, // U+00D1
    { 17, 24, 304, 1, 23, 102, 2682 }, // U+00D2
    { 17, 24, 304, 1, 23, 102, 2784 }, // U+00D3
    { 17, 24, 304, 1, 23, 102, 2886 }, // U+00D4
    { 17, 24, 304, 1, 23, 102, 2988 }, // U+00D5
    { 17, 23, 304, 1, 22, 98, 3090 }, // U+00D6
    { 11, 11, 200, 1, 14, 31, 3188 }, // U+00D7
    { 17, 20, 296, 1, 19, 85, 3219 }, // U+00D8
    { 15, 24, 282, 1, 23, 90, 3304 }, // U+00D9
    { 15, 24, 282, 1, 23, 90, 3394 }, // U+00DA
    { 15, 24, 282, 1, 23, 90, 3484 }, // U+00DB
    { 15, 23, 282, 1, 22, 87, 3574 }, // U+00DC
    { 15, 23, 238, 0, 23, 87, 3661 }, // U+00DD
    { 14, 19, 241, 1, 19, 67, 3748 }, // U+00DE
    { 16, 20, 267, 0, 19, 80, 3815 }, // U+00DF
    { 14, 20, 251, 1, 19, 70, 3895 }, // U+00E0
    { 14, 20, 251, 1, 19, 70, 3965 }, // U+00E1
    { 14, 20, 251, 1, 19, 70, 4035 }, // U+00E2
    { 14, 20, 251, 1, 19, 70, 4105 }, // U+00E3
    { 14, 19, 251, 1, 18, 67, 4175 }, // U+00E4
    { 14, 21, 251, 1, 20, 74, 4242 }, // U+00E5
    { 22, 15, 370, 1, 14, 83, 4316 }, // U+00E6
    { 12, 18, 208, 1, 14, 54, 4399 }, // U+00E7
    { 13, 20, 236, 1, 19, 65, 4453 }, // U+00E8
    { 13, 20, 236, 1, 19, 65, 4518 }, // U+00E9
    { 13, 20, 236, 1, 19, 65, 4583 }, // U+00EA
    { 13, 19, 236, 1, 18, 62, 4648 }, // U+00EB
    { 6, 19, 94, -1, 19, 29, 4710 }, // U+00EC
    { 6, 19, 94, 1, 19, 29, 4739 }, // U+00ED
    { 8, 19, 94, -1, 19, 38, 4768 }, // U+00EE
    { 9, 18, 94, -2, 18, 41, 4806 }, // U+00EF
    { 13, 20, 234, 1, 19, 65, 4847 }, // U+00F0
    { 13, 19, 238, 1, 19, 62, 4912 }, // U+00F1
    { 14, 20, 250, 1, 19, 70, 4974 }, // U+00F2
    { 14, 20, 250, 1, 19, 70, 5044 }, // U+00F3
    { 14, 20, 250, 1, 19, 70, 5114 }, // U+00F4
    { 14, 20, 250, 1, 19, 70, 5184 }, // U+00F5
    { 14, 19, 250, 1, 18, 67, 5254 }, // U+00F6
    { 14, 14, 248, 1, 15, 49, 5321 }, // U+00F7
    { 14, 15, 250, 1, 14, 53, 5370 }, // U+00F8
    { 13, 20, 235, 1, 19, 65, 5423 }, // U+00F9
    { 13, 20, 235, 1, 19, 65, 5488 }, // U+00FA
    { 13, 20, 235, 1, 19, 65, 5553 }, // U+00FB
    { 13, 19, 235, 1, 18, 62, 5618 }, // U+00FC
    { 13, 24, 235, 1, 19, 78, 5680 }, // U+00FD
    { 14, 24, 251, 1, 19, 84, 5758 }, // U+00FE
    { 13, 23, 235, 1, 18, 75, 5842 }, // U+00FF
    { 16, 22, 256, 0, 21, 88, 0 }, // U+0100
    { 14, 19, 251, 1, 18, 67, 88 }, // U+0101
    { 16, 25, 256, 0, 24, 100, 155 }, // U+0102
    { 14, 19, 251, 1, 18, 67, 255 }, // U+0103
    { 17, 24, 257, 0, 18, 102, 322 }, // U+0104
    { 14, 20, 251, 1, 14, 70, 424 }, // U+0105
    { 15, 24, 251, 1, 23, 90, 494 }, // U+0106
    { 12, 20, 208, 1, 19, 60, 584 }, // U+0107
    { 15, 24, 251, 1, 23, 90, 644 }, // U+0108
    { 12, 20, 208, 1, 19, 60, 734 }, // U+0109
    { 15, 23, 251, 1, 22, 87, 794 }, // U+010A
    { 12, 19, 208, 1, 18, 57, 881 }, // U+010B
    { 15, 24, 251, 1, 23, 90, 938 }, // U+010C
    { 12, 20, 208, 1, 19, 60, 1028 }, // U+010D
    { 16, 23, 286, 1, 23, 92, 1088 }, // U+010E
    { 19, 20, 283, 1, 19, 95, 1180 }, // U+010F
    { 18, 18, 286, -1, 18, 81, 1275 }, // U+0110
    { 15, 20, 251, 1, 19, 75, 1356 }, // U+0111
    { 13, 21, 229, 1, 21, 69, 1431 }, // U+0112
    { 13, 19, 236, 1, 18, 62, 1500 }, // U+0113
    { 13, 24, 229, 1, 24, 78, 1562 }, // U+0114
    { 13, 19, 236, 1, 18, 62, 1640 }, // U+0115
    { 13, 22, 229, 1, 22, 72, 1702 }, // U+0116
    { 13, 19, 236, 1, 18, 62, 1774 }, // U+0117
    { 13, 24, 229, 1, 18, 78, 1836 }, // U+0118
    { 13, 20, 236, 1, 14, 65, 1914 }, // U+0119
    { 13, 23, 229, 1, 23, 75, 1979 }, // U+011A
    { 13, 20, 236, 1, 19, 65, 2054 }, // U+011B
    { 16, 24, 278, 1, 23, 96, 2119 }, // U+011C
    { 14, 24, 255, 1, 19, 84, 2215 }, // U+011D
    { 16, 25, 278, 1, 24, 100, 2299 }, // U+011E
    { 14, 23, 255, 1, 18, 81, 2399 }, // U+011F
    { 16, 23, 278, 1, 22, 92, 2480 }, // U+0120
    { 14, 23, 255, 1, 18, 81, 2572 }, // U+0121
    { 16, 23, 278, 1, 18, 92, 2653 }, // U+0122
    { 14, 26, 255, 1, 21, 91, 2745 }, // U+0123
    { 16, 23, 288, 1, 23, 92, 2836 }, // U+0124
    { 15, 24, 234, -1, 24, 90, 2928 }, // U+0125
    { 19, 18, 322, 1, 18, 86, 3018 }, // U+0126
    { 15, 19, 234, -1, 19, 72, 3104 }, // U+0127
    { 11, 23, 110, -2, 23, 64, 3176 }, // U+0128
    { 10, 19, 94, -2, 19, 48, 3240 }, // U+0129
    { 9, 21, 110, -1, 21, 48, 3288 }, // U+012A
    { 10, 18, 94, -2, 18, 45, 3336 }, // U+012B
    { 9, 24, 110, -1, 24, 54, 3381 }, // U+012C
    { 10, 18, 94, -2, 18, 45, 3435 }, // U+012D
    { 7, 24, 112, -1, 18, 42, 3480 }, // U+012E
    { 7, 24, 94, -1, 18, 42, 3522 }, // U+012F
    { 5, 22, 110, 1, 22, 28, 3564 }, // U+0130
    { 4, 14, 94, 1, 14, 14, 3592 }, // U+0131
    { 12, 19, 235, 1, 18, 57, 3606 }, // U+0132
    { 10, 23, 192, 1, 18, 58, 3663 }, // U+0133
    { 14, 24, 221, 1, 23, 84, 3721 }, // U+0134
    { 8, 24, 110, -1, 19, 48, 3805 }, // U+0135
    { 15, 23, 262, 1, 18, 87, 3853 }, // U+0136
    { 13, 27, 228, 1, 19, 88, 3940 }, // U+0137
    { 13, 14, 228, 1, 14, 46, 4028 }, // U+0138
    { 13, 23, 225, 1, 23, 75, 4074 }, // U+0139
    { 7, 24, 108, 1, 24, 42, 4149 }, // U+013A
    { 13, 23, 225, 1, 18, 75, 4191 }, // U+013B
    { 6, 27, 108, 0, 19, 41, 4266 }, // U+013C
    { 13, 19, 225, 1, 19, 62, 4307 }, // U+013D
    { 10, 19, 135, 1, 19, 48, 4369 }, // U+013E
    { 13, 18, 217, 1, 18, 59, 4417 }, // U+013F
    { 10, 19, 159, 1, 19, 48, 4476 }, // U+0140
    { 15, 18, 253, 0, 18, 68, 4524 }, // U+0141
    { 9, 19, 108, -1, 19, 43, 4592 }, // U+0142
    { 16, 23, 294, 1, 23, 92, 4635 }, // U+0143
    { 13, 19, 238, 1, 19, 62, 4727 }, // U+0144
    { 16, 23, 294, 1, 18, 92, 4789 }, // U+0145
    { 13, 22, 238, 1, 14, 72, 4881 }, // U+0146
    { 16, 23, 294, 1, 23, 92, 4953 }, // U+0147
    { 13, 19, 238, 1, 19, 62, 5045 }, // U+0148
    { 16, 18, 250, -2, 18, 72, 5107 }, // U+0149
    { 16, 23, 302, 1, 18, 92, 5179 }, // U+014A
    { 13, 19, 238, 1, 14, 62, 5271 }, // U+014B
    { 17, 22, 304, 1, 21, 94, 5333 }, // U+014C
    { 14, 19, 250, 1, 18, 67, 5427 }, // U+014D
    { 17, 25, 304, 1, 24, 107, 5494 }, // U+014E
    { 14, 19, 250, 1, 18, 67, 5601 }, // U+014F
    { 17, 25, 304, 1, 24, 107, 5668 }, // U+0150
    { 14, 20, 250, 1, 19, 70, 5775 }, // U+0151
    { 23, 18, 387, 1, 18, 104, 5845 }, // U+0152
    { 24, 15, 406, 1, 14, 90, 5949 }, // U+0153
    { 16, 24, 275, 1, 23, 96, 6039 }, // U+0154
    { 10, 19, 174, 1, 19, 48, 6135 }, // U+0155
    { 16, 23, 275, 1, 18, 92, 6183 }, // U+0156
    { 11, 22, 174, 0, 14, 61, 6275 }, // U+0157
    { 16, 24, 275, 1, 23, 96, 6336 }, // U+0158
    { 10, 19, 174, 1, 19, 48, 6432 }, // U+0159
    { 13, 24, 239, 1, 23, 78, 6480 }, // U+015A
    { 12, 20, 193, 0, 19, 60, 6558 }, // U+015B
    { 13, 24, 239, 1, 23, 78, 6618 }, // U+015C
    { 12, 20, 193, 0, 19, 60, 6696 }, // U+015D
    { 13, 22, 239, 1, 18, 72, 6756 }, // U+015E
    { 12, 18, 193, 0, 14, 54, 6828 }, // U+015F
    { 13, 24, 239, 1, 23, 78, 6882 }, // U+0160
    { 12, 20, 193, 0, 19, 60, 6960 }, // U+0161
    { 15, 22, 250, 0, 18, 83, 7020 }, // U+0162
    { 10, 21, 164, 0, 17, 53, 7103 }, // U+0163
    { 15, 23, 250, 0, 23, 87, 7156 }, // U+0164
    { 12, 21, 164, 0, 21, 63, 7243 }, // U+0165
    { 15, 18, 250, 0, 18, 68, 7306 }, // U+0166
    { 10, 17, 164, 0, 17, 43, 7374 }, // U+0167
    { 15, 24, 282, 1, 23, 90, 7417 }, // U+0168
    { 13, 20, 235, 1, 19, 65, 7507 }, // U+0169
    { 15, 22, 282, 1, 21, 83, 7572 }, // U+016A
    { 13, 19, 235, 1, 18, 62, 7655 }, // U+016B
    { 15, 25, 282, 1, 24, 94, 7717 }, // U+016C
    { 13, 19, 235, 1, 18, 62, 7811 }, // U+016D
    { 15, 26, 282, 1, 25, 98, 7873 }, // U+016E
    { 13, 21, 235, 1, 20, 69, 7971 }, // U+016F
    { 15, 25, 282, 1, 24, 94, 8040 }, // U+0170
    { 13, 20, 235, 1, 19, 65, 8134 }, // U+0171
    { 15, 24, 282, 1, 18, 90, 8199 }, // U+0172
    { 13, 20, 235, 1, 14, 65, 8289 }, // U+0173
    { 24, 23, 377, 0, 23, 138, 8354 }, // U+0174
    { 19, 20, 307, 0, 19, 95, 8492 }, // U+0175
    { 15, 23, 238, 0, 23, 87, 8587 }, // U+0176
    { 13, 24, 235, 1, 19, 78, 8674 }, // U+0177
    { 15, 22, 238, 0, 22, 83, 8752 }, // U+0178
    { 16, 23, 259, 0, 23, 92, 8835 }, // U+0179
    { 12, 19, 194, 0, 19, 57, 8927 }, // U+017A
    { 16, 22, 259, 0, 22, 88, 8984 }, // U+017B
    { 12, 18, 194, 0, 18, 54, 9072 }, // U+017C
    { 16, 23, 259, 0, 23, 92, 9126 }, // U+017D
    { 12, 19, 194, 0, 19, 57, 9218 }, // U+017E
    { 17, 22, 304, 1, 21, 94, 0 }, // U+01A0
    { 14, 18, 250, 1, 17, 63, 94 }, // U+01A1
    { 18, 22, 282, 1, 21, 99, 157 }, // U+01AF
    { 15, 18, 235, 1, 17, 68, 256 }, // U+01B0
    { 33, 23, 545, 1, 23, 190, 324 }, // U+01C4
    { 29, 19, 480, 1, 19, 138, 514 }, // U+01C5
    { 27, 20, 445, 1, 19, 135, 652 }, // U+01C6
    { 25, 19, 446, 1, 18, 119, 787 }, // U+01C7
    { 19, 23, 335, 1, 18, 110, 906 }, // U+01C8
    { 11, 24, 212, 1, 19, 66, 1016 }, // U+01C9
    { 30, 19, 515, 1, 18, 143, 1082 }, // U+01CA
    { 23, 23, 404, 1, 18, 133, 1225 }, // U+01CB
    { 19, 23, 348, 1, 18, 110, 1358 }, // U+01CC
    { 16, 24, 256, 0, 23, 96, 1468 }, // U+01CD
    { 14, 20, 251, 1, 19, 70, 1564 }, // U+01CE
    { 9, 23, 110, -1, 23, 52, 1634 }, // U+01CF
    { 8, 19, 94, -1, 19, 38, 1686 }, // U+01D0
    { 17, 24, 304, 1, 23, 102, 1724 }, // U+01D1
    { 14, 20, 250, 1, 19, 70, 1826 }, // U+01D2
    { 15, 24, 282, 1, 23, 90, 1896 }, // U+01D3
    { 13, 20, 235, 1, 19, 65, 1986 }, // U+01D4
    { 16, 24, 278, 1, 23, 96, 2051 }, // U+01E6
    { 14, 24, 255, 1, 19, 84, 2147 }, // U+01E7
    { 17, 24, 304, 1, 18, 102, 2231 }, // U+01EA
    { 15, 20, 246, 0, 14, 75, 2333 }, // U+01EB
    { 29, 18, 479, 1, 18, 131, 2408 }, // U+01F2
    { 16, 28, 257, 0, 27, 112, 2539 }, // U+01FA
    { 14, 26, 249, 1, 25, 91, 2651 }, // U+01FB
    { 22, 24, 354, 0, 23, 132, 2742 }, // U+01FC
    { 22, 20, 370, 1, 19, 110, 2874 }, // U+01FD
    { 17, 24, 296, 1, 23, 102, 2984 }, // U+01FE
    { 14, 20, 250, 1, 19, 70, 3086 }, // U+01FF
    { 16, 25, 256, 0, 24, 100, 3156 }, // U+0200
    { 14, 21, 251, 1, 20, 74, 3256 }, // U+0201
    { 16, 25, 256, 0, 24, 100, 3330 }, // U+0202
    { 14, 20, 251, 1, 19, 70, 3430 }, // U+0203
    { 13, 24, 229, 1, 24, 78, 3500 }, // U+0204
    { 13, 21, 236, 1, 20, 69, 3578 }, // U+0205
    { 13, 24, 229, 1, 24, 78, 3647 }, // U+0206
    { 13, 20, 236, 1, 19, 65, 3725 }, // U+0207
    { 11, 24, 110, -3, 24, 66, 3790 }, // U+0208
    { 11, 20, 94, -4, 20, 55, 3856 }, // U+0209
    { 9, 24, 110, -1, 24, 54, 3911 }, // U+020A
    { 10, 19, 94, -2, 19, 48, 3965 }, // U+020B
    { 17, 25, 304, 1, 24, 107, 4013 }, // U+020C
    { 14, 21, 250, 1, 20, 74, 4120 }, // U+020D
    { 17, 25, 304, 1, 24, 107, 4194 }, // U+020E
    { 14, 20, 250, 1, 19, 70, 4301 }, // U+020F
    { 16, 25, 275, 1, 24, 100, 4371 }, // U+0210
    { 12, 20, 174, -1, 20, 60, 4471 }, // U+0211
    { 16, 25, 275, 1, 24, 100, 4531 }, // U+0212
    { 10, 19, 174, 1, 19, 48, 4631 }, // U+0213
    { 15, 25, 282, 1, 24, 94, 4679 }, // U+0214
    { 13, 21, 235, 1, 20, 69, 4773 }, // U+0215
    { 15, 25, 282, 1, 24, 94, 4842 }, // U+0216
    { 13, 20, 235, 1, 19, 65, 4936 }, // U+0217
    { 13, 23, 239, 1, 18, 75, 5001 }, // U+0218
    { 12, 22, 193, 0, 14, 66, 5076 }, // U+0219
    { 15, 23, 250, 0, 18, 87, 5142 }, // U+021A
    { 10, 25, 164, 0, 17, 63, 5229 }, // U+021B
    { 6, 5, 0, 0, 19, 8, 0 }, // U+0300
    { 5, 6, 0, 1, 20, 8, 8 }, // U+0301
    { 7, 5, 0, 1, 19, 9, 16 }, // U+0302
    { 10, 5, 0, 1, 19, 13, 25 }, // U+0303
    { 9, 3, 0, 1, 18, 7, 38 }, // U+0304
    { 9, 4, 0, 1, 18, 9, 45 }, // U+0306
    { 4, 3, 0, 1, 18, 3, 54 }, // U+0307
    { 9, 3, 0, 1, 18, 7, 57 }, // U+0308
    { 6, 6, 0, 0, 20, 9, 64 }, // U+0309
    { 6, 6, 0, 1, 20, 9, 73 }, // U+030A
    { 9, 5, 0, 1, 19, 12, 82 }, // U+030B
    { 8, 4, 0, 1, 19, 8, 94 }, // U+030C
    { 11, 5, 0, 0, 20, 14, 102 }, // U+030F
    { 9, 4, 0, 1, 19, 9, 116 }, // U+0311
    { 5, 7, 0, 6, 21, 9, 125 }, // U+0312
    { 6, 6, 0, 1, 16, 9, 134 }, // U+031B
    { 4, 3, 0, 1, -1, 3, 143 }, // U+0323
    { 9, 3, 0, 1, -1, 7, 146 }, // U+0324
    { 6, 7, 0, 0, -1, 11, 153 }, // U+0326
    { 5, 5, 0, 1, 1, 7, 164 }, // U+0327
    { 7, 8, 0, 0, 2, 14, 171 }, // U+0328
    { 7, 4, 0, 1, -1, 7, 185 }, // U+032D
    { 9, 5, 0, 1, 0, 12, 192 }, // U+032E
    { 9, 3, 0, 1, -1, 7, 204 }, // U+0331
    { 8, 4, 0, 1, 10, 8, 211 }, // U+0335
    { 16, 22, 256, 0, 18, 88, 0 }, // U+1EA0
    { 14, 18, 251, 1, 14, 63, 88 }, // U+1EA1
    { 16, 26, 256, 0, 25, 104, 151 }, // U+1EA2
    { 14, 21, 251, 1, 20, 74, 255 }, // U+1EA3
    { 17, 26, 256, 0, 25, 111, 329 }, // U+1EA4
    { 14, 23, 251, 1, 22, 81, 440 }, // U+1EA5
    { 16, 27, 256, 0, 26, 108, 521 }, // U+1EA6
    { 14, 24, 251, 1, 23, 84, 629 }, // U+1EA7
    { 16, 27, 256, 0, 26, 108, 713 }, // U+1EA8
    { 14, 23, 251, 1, 22, 81, 821 }, // U+1EA9
    { 16, 28, 256, 0, 27, 112, 902 }, // U+1EAA
    { 14, 23, 251, 1, 22, 81, 1014 }, // U+1EAB
    { 16, 27, 256, 0, 23, 108, 1095 }, // U+1EAC
    { 14, 23, 251, 1, 19, 81, 1203 }, // U+1EAD
    { 16, 29, 256, 0, 28, 116, 1284 }, // U+1EAE
    { 14, 24, 251, 1, 23, 84, 1400 }, // U+1EAF
    { 16, 29, 256, 0, 28, 116, 1484 }, // U+1EB0
    { 14, 24, 251, 1, 23, 84, 1600 }, // U+1EB1
    { 16, 30, 256, 0, 29, 120, 1684 }, // U+1EB2
    { 14, 25, 251, 1, 24, 88, 1804 }, // U+1EB3
    { 16, 29, 256, 0, 28, 116, 1892 }, // U+1EB4
    { 14, 24, 251, 1, 23, 84, 2008 }, // U+1EB5
    { 16, 28, 256, 0, 24, 112, 2092 }, // U+1EB6
    { 14, 22, 251, 1, 18, 77, 2204 }, // U+1EB7
    { 13, 22, 229, 1, 18, 72, 2281 }, // U+1EB8
    { 13, 18, 236, 1, 14, 59, 2353 }, // U+1EB9
    { 13, 25, 229, 1, 25, 82, 2412 }, // U+1EBA
    { 13, 21, 236, 1, 20, 69, 2494 }, // U+1EBB
    { 13, 23, 229, 1, 23, 75, 2563 }, // U+1EBC
    { 13, 20, 236, 1, 19, 65, 2638 }, // U+1EBD
    { 16, 25, 229, 1, 25, 100, 2703 }, // U+1EBE
    { 14, 23, 236, 1, 22, 81, 2803 }, // U+1EBF
    { 13, 26, 229, 1, 26, 85, 2884 }, // U+1EC0
    { 13, 24, 236, 1, 23, 78, 2969 }, // U+1EC1
    { 13, 30, 229, 1, 30, 98, 3047 }, // U+1EC2
    { 13, 23, 236, 1, 22, 75, 3145 }, // U+1EC3
    { 13, 27, 229, 1, 27, 88, 3220 }, // U+1EC4
    { 13, 23, 236, 1, 22, 75, 3308 }, // U+1EC5
    { 13, 27, 229, 1, 23, 88, 3383 }, // U+1EC6
    { 13, 23, 236, 1, 19, 75, 3471 }, // U+1EC7
    { 6, 25, 110, 0, 25, 38, 3546 }, // U+1EC8
    { 6, 20, 94, 0, 20, 30, 3584 }, // U+1EC9
    { 5, 22, 110, 1, 18, 28, 3614 }, // U+1ECA
    { 4, 22, 94, 1, 18, 22, 3642 }, // U+1ECB
    { 17, 22, 304, 1, 18, 94, 3664 }, // U+1ECC
    { 14, 18, 250, 1, 14, 63, 3758 }, // U+1ECD
    { 17, 26, 304, 1, 25, 111, 3821 }, // U+1ECE
    { 14, 21, 250, 1, 20, 74, 3932 }, // U+1ECF
    { 17, 26, 304, 1, 25, 111, 4006 }, // U+1ED0
    { 14, 23, 250, 1, 22, 81, 4117 }, // U+1ED1
    { 17, 27, 304, 1, 26, 115, 4198 }, // U+1ED2
    { 14, 24, 250, 1, 23, 84, 4313 }, // U+1ED3
    { 17, 28, 304, 1, 27, 119, 4397 }, // U+1ED4
    { 14, 23, 250, 1, 22, 81, 4516 }, // U+1ED5
    { 17, 28, 304, 1, 27, 119, 4597 }, // U+1ED6
    { 14, 23, 250, 1, 22, 81, 4716 }, // U+1ED7
    { 17, 27, 304, 1, 23, 115, 4797 }, // U+1ED8
    { 14, 23, 250, 1, 19, 81, 4912 }, // U+1ED9
    { 17, 24, 304, 1, 23, 102, 4993 }, // U+1EDA
    { 14, 20, 250, 1, 19, 70, 5095 }, // U+1EDB
    { 17, 24, 304, 1, 23, 102, 5165 }, // U+1EDC
    { 14, 20, 250, 1, 19, 70, 5267 }, // U+1EDD
    { 17, 26, 304, 1, 25, 111, 5337 }, // U+1EDE
    { 14, 21, 250, 1, 20, 74, 5448 }, // U+1EDF
    { 17, 24, 304, 1, 23, 102, 5522 }, // U+1EE0
    { 14, 20, 250, 1, 19, 70, 5624 }, // U+1EE1
    { 17, 25, 304, 1, 21, 107, 5694 }, // U+1EE2
    { 14, 21, 250, 1, 17, 74, 5801 }, // U+1EE3
    { 15, 22, 282, 1, 18, 83, 5875 }, // U+1EE4
    { 13, 18, 235, 1, 14, 59, 5958 }, // U+1EE5
    { 15, 26, 282, 1, 25, 98, 6017 }, // U+1EE6
    { 13, 21, 235, 1, 20, 69, 6115 }, // U+1EE7
    { 18, 24, 282, 1, 23, 108, 6184 }, // U+1EE8
    { 15, 20, 235, 1, 19, 75, 6292 }, // U+1EE9
    { 18, 24, 282, 1, 23, 108, 6367 }, // U+1EEA
    { 15, 20, 235, 1, 19, 75, 6475 }, // U+1EEB
    { 18, 26, 282, 1, 25, 117, 6550 }, // U+1EEC
    { 15, 21, 235, 1, 20, 79, 6667 }, // U+1EED
    { 18, 24, 282, 1, 23, 108, 6746 }, // U+1EEE
    { 15, 20, 235, 1, 19, 75, 6854 }, // U+1EEF
    { 18, 25, 282, 1, 21, 113, 6929 }, // U+1EF0
    { 15, 21, 235, 1, 17, 79, 7042 }, // U+1EF1
    { 15, 23, 238, 0, 23, 87, 7121 }, // U+1EF2
    { 13, 24, 235, 1, 19, 78, 7208 }, // U+1EF3
    { 15, 22, 238, 0, 18, 83, 7286 }, // U+1EF4
    { 16, 19, 235, 1, 14, 76, 7369 }, // U+1EF5
    { 15, 25, 238, 0, 25, 94, 7445 }, // U+1EF6
    { 13, 25, 235, 1, 20, 82, 7539 }, // U+1EF7
    { 15, 23, 238, 0, 23, 87, 7621 }, // U+1EF8
    { 13, 24, 235, 1, 19, 78, 7708 }, // U+1EF9
    { 0, 0, 220, 0, 0, 0, 0 }, // U+2007
    { 0, 0, 104, 0, 0, 0, 0 }, // U+2008
    { 0, 0, 82, 0, 0, 0, 0 }, // U+2009
    { 0, 0, 41, 0, 0, 0, 0 }, // U+200A
    { 0, 0, 0, 0, 0, 0, 0 }, // U+200B
    { 8, 4, 158, 1, 10, 8, 0 }, // U+2010
    { 11, 4, 206, 1, 10, 11, 8 }, // U+2012
    { 11, 4, 206, 1, 10, 11, 19 }, // U+2013
    { 20, 4, 354, 1, 10, 20, 30 }, // U+2014
    { 20, 4, 354, 1, 10, 20, 50 }, // U+2015
    { 6, 7, 110, 0, 18, 11, 70 }, // U+2018
    { 6, 7, 110, 0, 18, 11, 81 }, // U+2019
    { 6, 7, 110, 0, 3, 11, 92 }, // U+201A
    { 11, 7, 182, 0, 18, 20, 103 }, // U+201C
    { 11, 7, 182, 0, 18, 20, 123 }, // U+201D
    { 11, 7, 174, 0, 3, 20, 143 }, // U+201E
    { 10, 14, 185, 1, 19, 35, 163 }, // U+2020
    { 9, 15, 165, 1, 19, 34, 198 }, // U+2021
    { 8, 8, 140, 0, 13, 16, 232 }, // U+2022
    { 14, 4, 250, 1, 4, 14, 248 }, // U+2026
    { 29, 19, 472, 0, 18, 138, 262 }, // U+2030
    { 11, 8, 172, 0, 18, 22, 400 }, // U+2033
    { 6, 11, 110, 0, 12, 17, 422 }, // U+2039
    { 6, 11, 110, 0, 12, 17, 439 }, // U+203A
    { 14, 19, 216, 0, 18, 67, 456 }, // U+2044
    { 9, 11, 155, 0, 20, 25, 0 }, // U+2070
    { 9, 10, 175, 1, 19, 23, 25 }, // U+2074
    { 8, 11, 152, 1, 19, 22, 48 }, // U+2075
    { 9, 11, 140, 0, 20, 25, 70 }, // U+2076
    { 7, 11, 140, 1, 19, 20, 95 }, // U+2077
    { 8, 11, 155, 1, 20, 22, 115 }, // U+2078
    { 9, 11, 140, 0, 20, 25, 137 }, // U+2079
    { 9, 11, 155, 0, 5, 25, 162 }, // U+2080
    { 5, 10, 128, 1, 5, 13, 187 }, // U+2081
    { 7, 10, 146, 1, 5, 18, 200 }, // U+2082
    { 7, 11, 142, 1, 5, 20, 218 }, // U+2083
    { 9, 10, 175, 1, 5, 23, 238 }, // U+2084
    { 8, 11, 152, 1, 5, 22, 261 }, // U+2085
    { 9, 11, 140, 0, 5, 25, 283 }, // U+2086
    { 7, 11, 140, 1, 5, 20, 308 }, // U+2087
    { 8, 11, 155, 1, 5, 22, 328 }, // U+2088
    { 9, 11, 140, 0, 5, 25, 350 }, // U+2089
    { 18, 25, 251, 0, 21, 113, 0 }, // U+20A1
    { 15, 18, 225, -1, 18, 68, 113 }, // U+20A3
    { 16, 19, 250, 0, 18, 76, 181 }, // U+20A4
    { 21, 18, 294, -1, 18, 95, 257 }, // U+20A6
    { 18, 18, 241, -1, 18, 81, 352 }, // U+20A7
    { 24, 18, 377, 0, 18, 108, 433 }, // U+20A9
    { 11, 18, 201, 1, 18, 50, 541 }, // U+20AB
    { 17, 19, 251, -1, 18, 81, 591 }, // U+20AC
    { 17, 18, 262, -1, 18, 77, 672 }, // U+20AD
    { 17, 18, 241, -1, 18, 77, 749 }, // U+20B1
    { 16, 25, 278, 1, 21, 100, 826 }, // U+20B2
    { 15, 24, 251, 1, 21, 90, 926 }, // U+20B5
    { 12, 19, 221, 1, 18, 57, 1016 }, // U+20B9
    { 15, 19, 253, 0, 18, 72, 1073 }, // U+20BA
    { 15, 22, 282, 1, 21, 83, 1145 }, // U+20BC
    { 15, 18, 241, 0, 18, 68, 1228 }, // U+20BD
    { 14, 20, 243, 1, 19, 70, 0 }, // U+2202
    { 15, 15, 254, 0, 14, 57, 70 }, // U+2205
    { 18, 18, 289, 0, 18, 81, 127 }, // U+2206
    { 18, 23, 294, 0, 18, 104, 208 }, // U+220F
    { 13, 17, 210, 0, 17, 56, 312 }, // U+2211
    { 14, 4, 248, 1, 10, 14, 368 }, // U+2212
    { 14, 25, 227, 0, 21, 88, 382 }, // U+2215
    { 5, 6, 107, 1, 11, 8, 470 }, // U+2219
    { 16, 18, 280, 1, 18, 72, 478 }, // U+221A
    { 20, 10, 344, 1, 11, 50, 550 }, // U+221E
    { 15, 23, 232, 0, 19, 87, 600 }, // U+222B
    { 13, 11, 232, 1, 14, 36, 687 }, // U+2248
    { 14, 15, 248, 1, 16, 53, 723 }, // U+2260
    { 14, 15, 259, 1, 16, 53, 776 }, // U+2264
    { 14, 15, 259, 1, 16, 53, 829 }, // U+2265
    { 16, 19, 269, 0, 19, 76, 0 }, // U+FB01
    { 16, 19, 283, 0, 19, 76, 76 }, // U+FB02
};

static const EpdUnicodeInterval quicksand_12_boldIntervals[] = {
    { 0xD, 0xD, 0x0 },
    { 0x20, 0x7E, 0x1 },
    { 0xA0, 0xFF, 0x60 },
    { 0x100, 0x17E, 0xC0 },
    { 0x1A0, 0x1A1, 0x13F },
    { 0x1AF, 0x1B0, 0x141 },
    { 0x1C4, 0x1D4, 0x143 },
    { 0x1E6, 0x1E7, 0x154 },
    { 0x1EA, 0x1EB, 0x156 },
    { 0x1F2, 0x1F2, 0x158 },
    { 0x1FA, 0x21B, 0x159 },
    { 0x300, 0x304, 0x17B },
    { 0x306, 0x30C, 0x180 },
    { 0x30F, 0x30F, 0x187 },
    { 0x311, 0x312, 0x188 },
    { 0x31B, 0x31B, 0x18A },
    { 0x323, 0x324, 0x18B },
    { 0x326, 0x328, 0x18D },
    { 0x32D, 0x32E, 0x190 },
    { 0x331, 0x331, 0x192 },
    { 0x335, 0x335, 0x193 },
    { 0x1EA0, 0x1EF9, 0x194 },
    { 0x2007, 0x200B, 0x1EE },
    { 0x2010, 0x2010, 0x1F3 },
    { 0x2012, 0x2015, 0x1F4 },
    { 0x2018, 0x201A, 0x1F8 },
    { 0x201C, 0x201E, 0x1FB },
    { 0x2020, 0x2022, 0x1FE },
    { 0x2026, 0x2026, 0x201 },
    { 0x2030, 0x2030, 0x202 },
    { 0x2033, 0x2033, 0x203 },
    { 0x2039, 0x203A, 0x204 },
    { 0x2044, 0x2044, 0x206 },
    { 0x2070, 0x2070, 0x207 },
    { 0x2074, 0x2079, 0x208 },
    { 0x2080, 0x2089, 0x20E },
    { 0x20A1, 0x20A1, 0x218 },
    { 0x20A3, 0x20A4, 0x219 },
    { 0x20A6, 0x20A7, 0x21B },
    { 0x20A9, 0x20A9, 0x21D },
    { 0x20AB, 0x20AD, 0x21E },
    { 0x20B1, 0x20B2, 0x221 },
    { 0x20B5, 0x20B5, 0x223 },
    { 0x20B9, 0x20BA, 0x224 },
    { 0x20BC, 0x20BD, 0x226 },
    { 0x2202, 0x2202, 0x228 },
    { 0x2205, 0x2206, 0x229 },
    { 0x220F, 0x220F, 0x22B },
    { 0x2211, 0x2212, 0x22C },
    { 0x2215, 0x2215, 0x22E },
    { 0x2219, 0x221A, 0x22F },
    { 0x221E, 0x221E, 0x231 },
    { 0x222B, 0x222B, 0x232 },
    { 0x2248, 0x2248, 0x233 },
    { 0x2260, 0x2260, 0x234 },
    { 0x2264, 0x2265, 0x235 },
    { 0xFB01, 0xFB02, 0x237 },
};

static const EpdFontGroup quicksand_12_boldGroups[] = {
    { 0, 2729, 5768, 96, 0 },
    { 2729, 2407, 6688, 96, 96 },
    { 5136, 2956, 10270, 127, 192 },
    { 8092, 2064, 5864, 60, 319 },
    { 10156, 217, 272, 25, 379 },
    { 10373, 1641, 8784, 90, 404 },
    { 12014, 368, 592, 25, 494 },
    { 12382, 212, 452, 17, 519 },
    { 12594, 788, 1397, 16, 536 },
    { 13382, 519, 979, 15, 552 },
    { 13901, 79, 152, 2, 567 },
};

static const EpdKernClassEntry quicksand_12_boldKernLeftClasses[] = {
    { 0x0026, 1 }, // &
    { 0x0028, 2 }, // (
    { 0x002A, 3 }, // *
    { 0x002B, 4 }, // +
    { 0x002C, 5 }, // ,
    { 0x002D, 4 }, // -
    { 0x002E, 6 }, // .
    { 0x002F, 7 }, // /
    { 0x0030, 8 }, // 0
    { 0x0034, 9 }, // 4
    { 0x0035, 10 }, // 5
    { 0x0036, 11 }, // 6
    { 0x0037, 12 }, // 7
    { 0x0039, 13 }, // 9
    { 0x003E, 14 }, // >
    { 0x003F, 15 }, // ?
    { 0x0041, 16 }, // A
    { 0x0042, 17 }, // B
    { 0x0044, 8 }, // D
    { 0x0045, 18 }, // E
    { 0x0046, 19 }, // F
    { 0x0047, 20 }, // G
    { 0x004A, 21 }, // J
    { 0x004B, 22 }, // K
    { 0x004C, 23 }, // L
    { 0x004F, 8 }, // O
    { 0x0050, 24 }, // P
    { 0x0051, 8 }, // Q
    { 0x0052, 25 }, // R
    { 0x0053, 26 }, // S
    { 0x0054, 27 }, // T
    { 0x0055, 28 }, // U
    { 0x0056, 29 }, // V
    { 0x0057, 30 }, // W
    { 0x0058, 31 }, // X
    { 0x0059, 32 }, // Y
    { 0x005A, 33 }, // Z
    { 0x005C, 34 }, // <backslash>
    { 0x005F, 35 }, // _
    { 0x0061, 36 }, // a
    { 0x0062, 37 }, // b
    { 0x0063, 38 }, // c
    { 0x0064, 39 }, // d
    { 0x0065, 40 }, // e
    { 0x0066, 41 }, // f
    { 0x0067, 42 }, // g
    { 0x0068, 43 }, // h
    { 0x0069, 44 }, // i
    { 0x006A, 45 }, // j
    { 0x006B, 46 }, // k
    { 0x006C, 47 }, // l
    { 0x006D, 43 }, // m
    { 0x006E, 43 }, // n
    { 0x006F, 37 }, // o
    { 0x0070, 37 }, // p
    { 0x0071, 48 }, // q
    { 0x0072, 49 }, // r
    { 0x0073, 50 }, // s
    { 0x0074, 51 }, // t
    { 0x0075, 52 }, // u
    { 0x0076, 53 }, // v
    { 0x0077, 54 }, // w
    { 0x0078, 55 }, // x
    { 0x0079, 56 }, // y
    { 0x007A, 57 }, // z
    { 0x007E, 4 }, // ~
    { 0x00B7, 58 }, // U+00B7
    { 0x00BF, 59 }, // U+00BF
    { 0x00D9, 28 }, // U+00D9
    { 0x00DA, 28 }, // U+00DA
    { 0x00DB, 28 }, // U+00DB
    { 0x00DC, 28 }, // U+00DC
    { 0x00DD, 32 }, // U+00DD
    { 0x00DE, 60 }, // U+00DE
    { 0x00DF, 61 }, // U+00DF
    { 0x00E0, 36 }, // U+00E0
    { 0x00E1, 36 }, // U+00E1
    { 0x00E2, 36 }, // U+00E2
    { 0x00E3, 36 }, // U+00E3
    { 0x00E4, 36 }, // U+00E4
    { 0x00E5, 36 }, // U+00E5
    { 0x00E8, 40 }, // U+00E8
    { 0x00E9, 40 }, // U+00E9
    { 0x00EA, 40 }, // U+00EA
    { 0x00EB, 40 }, // U+00EB
    { 0x00F0, 62 }, // U+00F0
    { 0x00F2, 37 }, // U+00F2
    { 0x00F3, 37 }, // U+00F3
    { 0x00F4, 37 }, // U+00F4
    { 0x00F5, 37 }, // U+00F5
    { 0x00F6, 37 }, // U+00F6
    { 0x00F7, 4 }, // U+00F7
    { 0x00F8, 37 }, // U+00F8
    { 0x00F9, 52 }, // U+00F9
    { 0x00FA, 52 }, // U+00FA
    { 0x00FB, 52 }, // U+00FB
    { 0x00FC, 52 }, // U+00FC
    { 0x00FD, 56 }, // U+00FD
    { 0x00FF, 56 }, // U+00FF
    { 0x0101, 36 }, // U+0101
    { 0x0103, 36 }, // U+0103
    { 0x0105, 36 }, // U+0105
    { 0x010F, 63 }, // U+010F
    { 0x0113, 40 }, // U+0113
    { 0x0114, 18 }, // U+0114
    { 0x0115, 40 }, // U+0115
    { 0x0117, 40 }, // U+0117
    { 0x0119, 40 }, // U+0119
    { 0x011B, 40 }, // U+011B
    { 0x013E, 64 }, // U+013E
    { 0x014D, 37 }, // U+014D
    { 0x014F, 37 }, // U+014F
    { 0x0151, 37 }, // U+0151
    { 0x0153, 37 }, // U+0153
    { 0x0165, 65 }, // U+0165
    { 0x0169, 52 }, // U+0169
    { 0x016A, 28 }, // U+016A
    { 0x016B, 52 }, // U+016B
    { 0x016D, 52 }, // U+016D
    { 0x016E, 28 }, // U+016E
    { 0x016F, 52 }, // U+016F
    { 0x0170, 28 }, // U+0170
    { 0x0171, 52 }, // U+0171
    { 0x0172, 28 }, // U+0172
    { 0x0173, 52 }, // U+0173
    { 0x0176, 32 }, // U+0176
    { 0x0177, 56 }, // U+0177
    { 0x0178, 32 }, // U+0178
    { 0x01A1, 37 }, // U+01A1
    { 0x01B0, 52 }, // U+01B0
    { 0x01CD, 16 }, // U+01CD
    { 0x01CE, 36 }, // U+01CE
    { 0x01D2, 37 }, // U+01D2
    { 0x01D4, 52 }, // U+01D4
    { 0x01EB, 37 }, // U+01EB
    { 0x01FB, 36 }, // U+01FB
    { 0x01FF, 37 }, // U+01FF
    { 0x0200, 16 }, // U+0200
    { 0x0201, 36 }, // U+0201
    { 0x0202, 16 }, // U+0202
    { 0x0203, 36 }, // U+0203
    { 0x0204, 18 }, // U+0204
    { 0x0205, 40 }, // U+0205
    { 0x0206, 18 }, // U+0206
    { 0x0207, 40 }, // U+0207
    { 0x020D, 37 }, // U+020D
    { 0x020F, 37 }, // U+020F
    { 0x0215, 52 }, // U+0215
    { 0x0217, 52 }, // U+0217
    { 0x1EA0, 16 }, // U+1EA0
    { 0x1EA1, 36 }, // U+1EA1
    { 0x1EA2, 16 }, // U+1EA2
    { 0x1EA3, 36 }, // U+1EA3
    { 0x1EA4, 16 }, // U+1EA4
    { 0x1EA5, 36 }, // U+1EA5
    { 0x1EA6, 16 }, // U+1EA6
    { 0x1EA7, 36 }, // U+1EA7
    { 0x1EA8, 16 }, // U+1EA8
    { 0x1EA9, 36 }, // U+1EA9
    { 0x1EAA, 16 }, // U+1EAA
    { 0x1EAB, 36 }, // U+1EAB
    { 0x1EAC, 16 }, // U+1EAC
    { 0x1EAD, 36 }, // U+1EAD
    { 0x1EAE, 16 }, // U+1EAE
    { 0x1EAF, 36 }, // U+1EAF
    { 0x1EB0, 16 }, // U+1EB0
    { 0x1EB1, 36 }, // U+1EB1
    { 0x1EB2, 16 }, // U+1EB2
    { 0x1EB3, 36 }, // U+1EB3
    { 0x1EB4, 16 }, // U+1EB4
    { 0x1EB5, 36 }, // U+1EB5
    { 0x1EB6, 16 }, // U+1EB6
    { 0x1EB7, 36 }, // U+1EB7
    { 0x1EB8, 18 }, // U+1EB8
    { 0x1EB9, 40 }, // U+1EB9
    { 0x1EBA, 18 }, // U+1EBA
    { 0x1EBB, 40 }, // U+1EBB
    { 0x1EBC, 18 }, // U+1EBC
    { 0x1EBD, 40 }, // U+1EBD
    { 0x1EBE, 18 }, // U+1EBE
    { 0x1EBF, 40 }, // U+1EBF
    { 0x1EC0, 18 }, // U+1EC0
    { 0x1EC1, 40 }, // U+1EC1
    { 0x1EC2, 18 }, // U+1EC2
    { 0x1EC3, 40 }, // U+1EC3
    { 0x1EC4, 18 }, // U+1EC4
    { 0x1EC5, 40 }, // U+1EC5
    { 0x1EC6, 18 }, // U+1EC6
    { 0x1EC7, 40 }, // U+1EC7
    { 0x1ECD, 37 }, // U+1ECD
    { 0x1ECF, 37 }, // U+1ECF
    { 0x1ED1, 37 }, // U+1ED1
    { 0x1ED3, 37 }, // U+1ED3
    { 0x1ED5, 37 }, // U+1ED5
    { 0x1ED7, 37 }, // U+1ED7
    { 0x1ED9, 37 }, // U+1ED9
    { 0x1EDB, 37 }, // U+1EDB
    { 0x1EDD, 37 }, // U+1EDD
    { 0x1EDF, 37 }, // U+1EDF
    { 0x1EE1, 37 }, // U+1EE1
    { 0x1EE3, 37 }, // U+1EE3
    { 0x1EE5, 52 }, // U+1EE5
    { 0x1EE7, 52 }, // U+1EE7
    { 0x1EE9, 52 }, // U+1EE9
    { 0x1EEB, 52 }, // U+1EEB
    { 0x1EED, 52 }, // U+1EED
    { 0x1EEF, 52 }, // U+1EEF
    { 0x1EF1, 52 }, // U+1EF1
    { 0x1EF2, 32 }, // U+1EF2
    { 0x1EF3, 56 }, // U+1EF3
    { 0x1EF5, 56 }, // U+1EF5
    { 0x2013, 66 }, // U+2013
    { 0x2014, 4 }, // U+2014
    { 0x2018, 67 }, // U+2018
    { 0x2019, 68 }, // U+2019
    { 0x201C, 67 }, // U+201C
    { 0x201D, 68 }, // U+201D
    { 0x2022, 69 }, // U+2022
    { 0x2212, 4 }, // U+2212
    { 0x2248, 4 }, // U+2248
    { 0x2260, 4 }, // U+2260
};

static const EpdKernClassEntry quicksand_12_boldKernRightClasses[] = {
    { 0x0021, 1 }, // !
    { 0x0022, 2 }, // "
    { 0x0029, 3 }, // )
    { 0x002A, 4 }, // *
    { 0x002C, 5 }, // ,
    { 0x002E, 6 }, // .
    { 0x002F, 7 }, // /
    { 0x0031, 8 }, // 1
    { 0x0034, 9 }, // 4
    { 0x0036, 10 }, // 6
    { 0x0037, 11 }, // 7
    { 0x0039, 12 }, // 9
    { 0x0041, 13 }, // A
    { 0x0043, 14 }, // C
    { 0x0047, 14 }, // G
    { 0x004A, 15 }, // J
    { 0x004F, 14 }, // O
    { 0x0051, 14 }, // Q
    { 0x0053, 16 }, // S
    { 0x0054, 17 }, // T
    { 0x0055, 18 }, // U
    { 0x0056, 19 }, // V
    { 0x0057, 20 }, // W
    { 0x0058, 21 }, // X
    { 0x0059, 22 }, // Y
    { 0x005A, 23 }, // Z
    { 0x005C, 24 }, // <backslash>
    { 0x005D, 25 }, // ]
    { 0x005F, 26 }, // _
    { 0x0061, 27 }, // a
    { 0x0062, 28 }, // b
    { 0x0063, 29 }, // c
    { 0x0064, 29 }, // d
    { 0x0065, 29 }, // e
    { 0x0066, 30 }, // f
    { 0x0067, 31 }, // g
    { 0x0068, 28 }, // h
    { 0x006A, 32 }, // j
    { 0x006B, 28 }, // k
    { 0x006C, 28 }, // l
    { 0x006D, 33 }, // m
    { 0x006E, 33 }, // n
    { 0x006F, 29 }, // o
    { 0x0070, 34 }, // p
    { 0x0071, 29 }, // q
    { 0x0072, 33 }, // r
    { 0x0073, 35 }, // s
    { 0x0074, 36 }, // t
    { 0x0075, 37 }, // u
    { 0x0076, 38 }, // v
    { 0x0077, 39 }, // w
    { 0x0078, 40 }, // x
    { 0x0079, 41 }, // y
    { 0x007A, 42 }, // z
    { 0x00A1, 43 }, // U+00A1
    { 0x00B7, 44 }, // U+00B7
    { 0x00BF, 45 }, // U+00BF
    { 0x00D0, 46 }, // U+00D0
    { 0x00D9, 18 }, // U+00D9
    { 0x00DA, 18 }, // U+00DA
    { 0x00DB, 18 }, // U+00DB
    { 0x00DC, 18 }, // U+00DC
    { 0x00DD, 22 }, // U+00DD
    { 0x00DF, 47 }, // U+00DF
    { 0x00E0, 27 }, // U+00E0
    { 0x00E1, 27 }, // U+00E1
    { 0x00E2, 27 }, // U+00E2
    { 0x00E3, 27 }, // U+00E3
    { 0x00E4, 27 }, // U+00E4
    { 0x00E5, 27 }, // U+00E5
    { 0x00E8, 29 }, // U+00E8
    { 0x00E9, 29 }, // U+00E9
    { 0x00EA, 29 }, // U+00EA
    { 0x00EB, 29 }, // U+00EB
    { 0x00F0, 48 }, // U+00F0
    { 0x00F9, 37 }, // U+00F9
    { 0x00FA, 37 }, // U+00FA
    { 0x00FB, 37 }, // U+00FB
    { 0x00FC, 37 }, // U+00FC
    { 0x00FD, 41 }, // U+00FD
    { 0x00FE, 49 }, // U+00FE
    { 0x00FF, 41 }, // U+00FF
    { 0x0101, 27 }, // U+0101
    { 0x0103, 27 }, // U+0103
    { 0x0105, 27 }, // U+0105
    { 0x0113, 29 }, // U+0113
    { 0x0115, 29 }, // U+0115
    { 0x0117, 29 }, // U+0117
    { 0x0119, 29 }, // U+0119
    { 0x011B, 29 }, // U+011B
    { 0x013E, 28 }, // U+013E
    { 0x0169, 37 }, // U+0169
    { 0x016A, 18 }, // U+016A
    { 0x016B, 37 }, // U+016B
    { 0x016D, 37 }, // U+016D
    { 0x016E, 18 }, // U+016E
    { 0x016F, 37 }, // U+016F
    { 0x0170, 18 }, // U+0170
    { 0x0171, 37 }, // U+0171
    { 0x0172, 18 }, // U+0172
    { 0x0173, 37 }, // U+0173
    { 0x0176, 22 }, // U+0176
    { 0x0177, 41 }, // U+0177
    { 0x0178, 22 }, // U+0178
    { 0x01B0, 37 }, // U+01B0
    { 0x01CD, 13 }, // U+01CD
    { 0x01CE, 27 }, // U+01CE
    { 0x01D4, 37 }, // U+01D4
    { 0x01FB, 27 }, // U+01FB
    { 0x0200, 13 }, // U+0200
    { 0x0201, 27 }, // U+0201
    { 0x0202, 13 }, // U+0202
    { 0x0203, 27 }, // U+0203
    { 0x0205, 29 }, // U+0205
    { 0x0207, 29 }, // U+0207
    { 0x0215, 37 }, // U+0215
    { 0x0217, 37 }, // U+0217
    { 0x1EA0, 13 }, // U+1EA0
    { 0x1EA1, 27 }, // U+1EA1
    { 0x1EA2, 13 }, // U+1EA2
    { 0x1EA3, 27 }, // U+1EA3
    { 0x1EA4, 13 }, // U+1EA4
    { 0x1EA5, 27 }, // U+1EA5
    { 0x1EA6, 13 }, // U+1EA6
    { 0x1EA7, 27 }, // U+1EA7
    { 0x1EA8, 13 }, // U+1EA8
    { 0x1EA9, 27 }, // U+1EA9
    { 0x1EAA, 13 }, // U+1EAA
    { 0x1EAB, 27 }, // U+1EAB
    { 0x1EAC, 13 }, // U+1EAC
    { 0x1EAD, 27 }, // U+1EAD
    { 0x1EAE, 13 }, // U+1EAE
    { 0x1EAF, 27 }, // U+1EAF
    { 0x1EB0, 13 }, // U+1EB0
    { 0x1EB1, 27 }, // U+1EB1
    { 0x1EB2, 13 }, // U+1EB2
    { 0x1EB3, 27 }, // U+1EB3
    { 0x1EB4, 13 }, // U+1EB4
    { 0x1EB5, 27 }, // U+1EB5
    { 0x1EB6, 13 }, // U+1EB6
    { 0x1EB7, 27 }, // U+1EB7
    { 0x1EB9, 29 }, // U+1EB9
    { 0x1EBB, 29 }, // U+1EBB
    { 0x1EBD, 29 }, // U+1EBD
    { 0x1EBF, 29 }, // U+1EBF
    { 0x1EC1, 29 }, // U+1EC1
    { 0x1EC3, 29 }, // U+1EC3
    { 0x1EC5, 29 }, // U+1EC5
    { 0x1EC7, 29 }, // U+1EC7
    { 0x1EE5, 37 }, // U+1EE5
    { 0x1EE7, 37 }, // U+1EE7
    { 0x1EE9, 37 }, // U+1EE9
    { 0x1EEB, 37 }, // U+1EEB
    { 0x1EED, 37 }, // U+1EED
    { 0x1EEF, 37 }, // U+1EEF
    { 0x1EF1, 37 }, // U+1EF1
    { 0x1EF2, 22 }, // U+1EF2
    { 0x1EF3, 41 }, // U+1EF3
    { 0x1EF5, 41 }, // U+1EF5
    { 0x201C, 50 }, // U+201C
    { 0x201D, 51 }, // U+201D
    { 0x2022, 52 }, // U+2022
};

static const int8_t quicksand_12_boldKernMatrix[] = {
       0,    0,   -6,    0,    0,    0,    0,    0,    0,    0,    0,    0,    0,    0,    0,    0,    0,    0,    0,    0,    0,    0,    0,    0,    0,    0,    0,    0,    0,    0,    0,    0,    0,    0,    0,    0,    0,    0,    0,    0,    0,    0,    0,    0,    0,    0,    0,   -4,    0,    0,    0,    0,
       0,    0,    0,    0,    0,    0,    0,    0,    0,    0,    0,    0,    0,    0,    0,    0,    0,    0,    0,    0,    0,    0,    0,    0,    0,    0,    0,    0,    0,    0,    0,    0,    0,    0,    0,    0,    0,    0,    0,    0,    0,    0,    0,    0,    0,    0,    0,    0,    6,    0,    0,    0,
       0,    0,    0,    0,    0,    0,    0,    0,    0,    0,    0,    0,    0,    0,    0,    0,    0,    0,    0,    0,    0,    0,    0,    0,    0,    0,    0,    0,    0,    0,    0,    0,    0,    0,    0,    0,    0,    0,    0,    0,    0,    0,    0,    0,    0,    0,    0,  -10,    0,    0,    0,    0,
       0,    0,    0,    0,    0,    0,    0,  -16,    0,    0,    0,    0,    0,    0,    0,    0,    0,    0,    0,    0,    0,    0,    0,    0,    0,    0,    0,    0,    0,    0,    0,    0,    0,    0,    0,    0,    0,    0,    0,    0,    0,    0,    0,    0,    0,    0,    0,    0,    0,    0,    0,    0,
       0,    0,    0,    0,    0,    0,    0,  -28,    0,    0,    0,    0,    0,    0,    0,    0,    0,    0,    0,    0,    0,    0,    0,    0,    0,    0,    0,    0,    0,    0,    0,    6,    0,    0,    0,    0,    0,    0,    0,    0,    0,    0,    0,    0,    0,    0,    0,    0,    0,    0,    0,    0,
       0,    0,    0,    0,    0,    0,    0,  -20,  -12,    0,    0,    0,    0,    0,    0,    0,    0,    0,    0,    0,    0,    0,    0,    0,    0,    0,    0,    0,    0,    0,    0,    0,    0,    0,    0,    0,    0,    0,    0,    0,    0,    0,    0,    0,    0,    0,    0,    0,    0,    0,    0,    0,
       0,    0,    0,    0,    0,    0,  -37,    0,    0,    0,    0,    0,    0,    0,    0,    0,    0,    0,    0,    0,    0,    0,    0,    0,    0,    0,    0,    0,    0,    0,    0,    0,    0,    0,    0,    0,    0,    0,    0,    0,    0,    0,    0,    0,    0,    0,   -5,  -13,    0,    0,    0,    0,
       0,    0,    0,    0,    0,    0,    0,    0,    0,    0,  -16,    0,   -2,    0,   -6,    0,   -8,    0,   -4,   -2,  -12,  -10,   -6,    0,    0,    0,    0,    0,    3,    0,    0,    0,    0,    0,    0,    0,    0,    0,    0,   -4,    0,    0,    0,    0,    0,    0,    0,    0,    0,    0,    0,    0,
       0,    0,    0,    0,    0,    0,    0,  -12,    0,    0,  -12,   -8,    0,    0,    0,    0,    0,    0,    0,    0,    0,    0,    0,    0,    0,    0,    0,    0,    0,    0,    0,    0,    0,    0,    0,    0,    0,    0,    0,    0,    0,    0,    0,    0,    0,    0,    0,    0,    0,    0,    0,    0,
       0,    0,    0,    0,    0,  -16,    0,    0,    0,    0,    0,    0,    0,    0,    0,    0,    0,    0,    0,    0,    0,    0,    0,    0,    0,    0,    0,    0,    0,    0,    0,    0,    0,    0,    0,    0,    0,    0,    0,    0,    0,    0,    0,    0,    0,    0,    0,    0,    0,    0,    0,    0,
       0,    0,    0,    0,    0,    0,    0,   -8,    0,    0,    0,    0,    0,    0,    0,    0,    0,    0,    0,    0,    0,    0,    0,    0,    0,    0,    0,    0,    0,    0,    0,    0,    0,    0,    0,    0,    0,    0,    0,    0,    0,    0,    0,    0,    0,    0,    0,    0,    0,    0,    0,    0,
       0,    0,    0,    0,  -12,  -28,    0,   16,  -16,  -12,    0,    0,    0,   -8,    0,    0,    0,    0,    0,    0,    0,    0,    0,    0,    0,    0,    0,    0,    0,    0,    0,    0,    0,    0,    0,    0,    0,    0,    0,    0,    0,    0,    0,    0,    0,    0,    0,    0,    0,    0,    0,    0,
       0,    0,    0,    0,   -8,  -16,    0,    0,    0,    0,  -12,    0,    0,    0,    0,    0,    0,    0,    0,    0,    0,    0,    0,    0,    0,    0,    0,    0,    0,    0,    0,    0,    0,    0,    0,    0,    0,    0,    0,    0,    0,    0,    0,    0,    0,    0,    0,    0,    0,    0,    0,    0,
       0,    0,    0,    0,    0,    0,    0,  -12,    0,    0,    0,    0,    0,    0,    0,    0,    0,    0,    0,    0,    0,    0,    0,    0,    0,    0,    0,    0,    0,    0,    0,    0,    0,    0,    0,    0,    0,    0,    0,    0,    0,    0,    0,    0,    0,    0,    0,    0,    0,    0,    0,    0,
       0,    0,    0,    0,    0,    0,    0,    0,    0,    0,    0,    0,    0,    0,    0,    0,    0,    0,    0,    0,    0,    0,    0,    0,    0,    0,    0,    0,    0,    0,    0,    0,    0,    0,    0,    0,    0,    0,    0,    0,    0,    0,    0,    0,    0,    0,    0,   -6,    0,    0,    0,    0,
       0,    0,    0,    0,    0,    0,    0,    0,    0,    0,    0,    0,    0,   -2,    0,    0,  -20,   -4,  -37,   -9,    0,  -17,    0,    0,    0,    0,    8,    0,    0,    0,    0,    0,    0,    0,    0,   -2,   -4,  -11,   -4,    0,  -10,    0,    0,    0,    0,    0,    0,    0,    0,    0,    0,    0,
       0,    0,    0,    0,    0,    0,    0,    0,    0,    0,    0,    0,    0,    0,    0,    0,   -6,    0,   -3,   -2,   -5,   -9,    0,    0,    0,    0,    0,   -1,    0,    0,   -2,    0,    0,    0,    0,    0,    0,    0,    0,   -1,    0,    0,    0,    0,    0,    0,    0,    0,    0,    0,    0,    0,
       0,    0,    0,    0,    0,    0,    0,    0,    0,    0,    0,    0,    0,    0,   -4,    0,    0,    0,    0,    0,    0,    0,    0,    0,    0,    0,    0,    0,   -2,    0,   -4,    0,    0,    0,    0,    0,   -4,   -6,    0,    0,   -4,    0,    0,    0,    0,    0,    0,    0,    0,    0,    0,    0,
       0,    0,    0,    0,    0,    0,    0,    0,    0,    0,    0,    0,  -13,   -4,  -48,   -2,    6,    0,    0,    0,   -2,    0,    0,    0,    0,    0,   -8,    0,   -6,    0,   -4,    0,   -4,   -4,   -4,    0,   -6,   -2,    0,   -6,    0,   -2,    0,    0,    0,    0,    0,    0,    0,    0,    0,    0,
       0,    0,    0,    0,    0,    0,    0,    0,    0,    0,    0,    0,    0,    0,    0,    0,  -10,    0,   -6,   -4,    0,  -10,    0,    0,    0,    0,    6,    0,    0,    0,    0,    0,    0,    0,    0,    0,    0,    0,    0,    0,    0,    0,    0,    0,    0,    0,    0,    0,    0,    0,    0,    0,
       0,    0,    0,    0,    0,    0,    0,    0,    0,    0,    0,    0,   -6,    0,    0,    0,    0,    0,    0,    0,    0,    0,    0,    0,    0,    0,    0,    0,    0,    0,    0,    0,    0,    0,    0,    0,    0,    0,    0,    0,    0,    0,    0,    0,    0,    0,    0,    0,    0,    0,    0,    0,
       0,    0,    0,    0,    0,    0,    0,    0,    0,    0,    0,    0,    0,  -12,   -2,   -4,    0,   -6,   -2,   -2,    0,    8,    0,    0,    0,    0,    0,    0,   -8,    0,    0,    0,   -3,   -3,   -2,   -1,   -5,   -3,   -6,    0,   -8,    0,    0,    0,    0,    0,    0,    0,    0,    0,    0,    0,
       0,    0,    0,    0,    0,    0,    0,    0,    0,    0,    0,    0,    0,   -4,    0,    0,  -40,   -8,  -20,  -12,    0,  -24,    0,    0,    0,    0,    0,    0,    0,    0,    0,    0,    0,    0,    0,   -2,    0,  -10,   -2,    0,   -9,    8,    0,    0,    0,    0,    0,    0,    0,    0,    0,    0,
       0,    0,    0,    0,  -40,  -40,    0,    0,    0,    0,    0,    0,  -16,    0,  -30,    0,    0,    0,    0,    3,   -6,    0,   -6,    0,    0,    0,   -2,    0,   -4,    3,   -4,    0,    0,    0,    0,    6,   -2,    4,    6,    0,    4,    0,    0,    0,    0,    0,    0,    0,    0,    0,    0,    0,
       0,    0,    0,    0,    0,    0,    0,    0,    0,    0,    0,    0,    0,   -4,    0,    0,   -6,   -2,   -6,    0,    0,   -8,    0,    0,    0,    0,    2,    0,   -2,    0,    0,    0,    0,    0,    0,    0,   -4,    0,    0,    0,    0,    0,    0,    0,    0,    0,    0,    0,    0,    0,    0,    0,
       0,    0,    0,    0,    0,    0,    0,    0,    0,    0,    0,    0,    0,    0,    0,    0,    0,    0,    0,    0,   -6,   -6,    0,    0,    0,    0,    0,    0,    0,    0,    0,    0,    0,    0,    0,    0,    0,    0,    0,    0,    0,    0,    0,    0,    0,    0,    0,    0,    0,    0,    0,    0,
       0,    0,    0,    0,    0,  -40,    0,    0,    0,    0,    0,    0,  -20,   -8,  -26,    0,   12,    0,    4,    4,    0,    4,    0,    0,    0,    0,  -40,    0,  -48,    0,  -18,    0,  -24,   -8,  -40,    0,  -48,   -4,  -48,   -6,   -4,  -48,    0,    0,    0,    0,    0,    0,    0,    0,    0,    0,
       0,    0,    0,    0,    0,    0,    0,    0,    0,    0,    0,    0,   -4,    0,   -4,   -4,    0,    0,    0,    0,   -4,   -4,    0,    0,    0,    0,    0,    0,    0,    0,    0,    0,    0,    0,    0,    0,    0,    0,    0,   -2,    0,    0,    0,    0,    0,    0,    0,    0,    0,    0,    0,    0,
       0,    0,    0,    0,    0,    0,    0,    0,    0,    0,    0,    0,  -14,   -4,  -22,   -4,    4,    0,    0,    0,    0,    0,    0,    0,    0,    0,   -5,    0,   -9,    0,   -8,    0,   -5,   -5,   -6,    0,   -4,    0,    0,    0,    0,   -2,    0,    0,    0,    0,    0,    0,    0,    0,    0,    0,
       0,    0,    0,    0,    0,    0,    0,    0,    0,    0,    0,    0,   -9,   -2,  -12,   -4,    4,    0,    0,    0,    0,    0,    0,    0,    0,    0,   -4,    0,   -6,    0,   -8,    0,   -1,   -1,    0,    0,   -4,    0,    0,    0,    0,    0,    0,    0,    0,    0,    0,    0,    0,    0,    0,    0,
       0,    0,    0,    0,    0,    0,    0,    0,    0,    0,    0,    0,    0,  -11,    0,   -6,    0,   -4,    0,    0,    0,    0,    0,    0,    0,    0,    0,    0,   -6,    0,   -1,    0,    0,    0,    0,    0,   -4,  -10,   -7,    0,  -10,    0,    0,    0,    0,    0,    0,    0,    0,    0,    0,    0,
       0,    0,    0,    0,    0,    0,    0,    0,    0,    0,    0,    0,  -17,  -10,  -28,  -10,    4,   -4,    0,    0,    0,    0,    0,    0,    0,    0,  -13,    0,  -16,    0,  -15,    0,   -9,   -8,  -14,    0,   -8,   -4,   -4,   -8,   -4,   -4,    0,    0,    0,    0,    0,    0,    0,    0,    0,    0,
       0,    0,    0,    0,    0,    0,    0,    0,    0,    0,    0,    0,    0,   -2,    0,    0,    0,    0,    0,    0,    0,    0,    0,    0,    0,    0,    0,    0,   -2,    0,    0,    0,    0,    0,    0,    0,   -2,   -2,    0,    0,    0,    0,    0,    0,    0,    0,    0,    0,    0,    0,    0,    0,
       0,    0,    0,    0,    0,    0,    0,    0,    0,    0,    0,    0,    0,    0,    0,    0,    0,    0,    0,    0,    0,    0,    0,  -37,    0,    0,    0,    0,    0,    0,    0,    0,    0,    0,    0,    0,    0,    0,    0,    0,    0,    0,    0,    0,    0,    0,   -2,   -9,    0,    0,    0,    0,
       0,    0,    0,    0,    0,    0,    0,    0,    0,    0,    0,    0,    0,    0,    0,    0,    0,    0,    0,    0,    0,    0,    0,    0,    0,    0,    0,    0,    0,    0,    0,    0,    0,    0,    0,    0,    0,    0,    0,    0,    0,    0,    0,    0,    0,    0,    0,  -14,    3,    0,    0,    0,
       0,    0,    0,    0,    0,    0,    0,    0,    0,    0,    0,    0,    8,   -8,    0,    0,  -26,   -4,  -11,   -4,    0,  -21,    0,    0,    0,    0,    4,    0,    0,    0,    0,    0,    0,    0,    0,    0,   -4,   -5,   -2,    0,    0,    0,    0,    0,    0,    0,    0,    0,    0,    0,    0,    0,
       0,    0,    0,    0,    0,    0,    0,    0,    0,    0,    0,    0,    0,    0,    0,    0,  -19,    0,   -9,   -6,   -6,  -16,   -4,    0,    0,    0,    0,    0,    0,    0,    0,    0,    0,    0,    0,    0,    0,   -2,    0,    0,    0,   -4,    0,    0,    0,    0,    0,    0,    0,    0,    0,    0,
       0,    0,    0,    0,    0,    0,    0,    0,    0,    0,    0,    0,    0,    0,    0,    0,  -12,    0,   -6,   -4,   -2,  -14,    0,    0,    0,    0,    0,    0,    0,    0,    0,    0,    0,    0,    0,    0,    0,    0,    0,    0,    0,    0,    0,    0,    0,    0,    0,    0,    0,    0,    0,    0,
       0,    0,    0,    0,    0,    0,    0,    0,    0,    0,    0,    0,    0,    0,    0,    0,    0,    0,    0,    0,    0,    0,    0,    0,    0,    0,    0,    0,    0,    0,    0,    0,    0,    0,    0,    0,    6,    0,    0,    0,    0,    0,    0,    0,    0,    0,    0,    0,    0,    0,    0,    0,
       0,    0,    0,    0,    0,    0,    0,    0,    0,    0,    0,    0,    0,    0,    0,    0,  -18,    0,   -8,   -4,   -4,  -14,    0,    0,    0,    0,    2,    0,    0,    0,   -2,    0,    0,    0,    0,    0,    0,   -2,    0,    0,   -2,    0,    0,    0,    0,    0,    0,    0,    0,    0,    0,    0,
       0,    0,    0,    0,    0,    0,    0,    0,    0,    0,    0,    0,   -8,    0,    0,    0,   24,    0,   22,   20,   20,   20,   20,    0,    0,    0,    0,    0,  -12,    0,    0,    0,    0,    0,    0,    1,    0,    4,    1,    0,    0,    2,    0,    0,    0,    0,    0,    0,    0,    0,    0,    0,
       0,    0,    0,    0,   -2,    0,    0,    0,    0,    0,    0,    0,   -6,   -4,    0,   -2,    0,    0,    0,    0,    0,   -6,    0,    0,    0,    0,   -2,    0,   -8,    0,    0,    4,    0,    0,   -4,    0,   -3,    0,    0,    0,    0,    0,    0,    0,    0,    0,    0,    0,    0,    0,    0,    0,
       0,    0,    0,    0,    0,    0,    0,    0,    0,    0,    0,    0,    0,    0,    0,    0,  -12,    0,   -6,    0,    0,  -10,    0,    0,    0,    0,    0,    0,    0,    0,    0,    0,    0,    0,    0,    0,    0,   -2,    0,    0,   -2,    0,    0,    0,    0,    0,    0,    0,    0,    0,    0,    0,
       0,    0,    0,    0,    0,    0,    0,    0,    0,    0,    0,    0,    0,    0,    0,    0,  -12,    0,    0,    0,    0,    0,    0,    0,    0,    0,    0,    0,    0,    0,    0,    0,    0,    0,    0,    0,    0,    0,    0,    0,    0,    0,    0,    0,    0,    0,    0,    0,    0,    0,    0,    0,
       0,    0,    0,    0,    0,    0,    0,    0,    0,    0,    0,    0,    0,    0,    0,    0,  -12,   -4,    0,    0,    0,    0,    0,    0,    0,    0,    0,    0,    0,    0,    0,    2,    0,    0,    0,    0,    0,    0,    0,    0,    0,    0,    0,    0,    0,    0,    0,    0,    0,    0,    0,    0,
       0,    0,    0,    0,    0,    0,    0,    0,    0,    0,    0,    0,    0,   -4,    0,    0,    0,    0,    0,    0,    0,   -8,    0,    0,    0,    0,   -2,   -2,   -9,    0,    0,   -2,    0,    0,   -2,    0,   -2,    0,    0,    0,    0,    0,    0,    0,    0,    0,    0,    0,    0,    0,    0,    0,
       0,    0,    0,    0,    0,    0,    0,    0,    0,    0,    0,    0,    0,   -8,    0,    0,  -10,    0,  -12,   -8,    0,  -12,    0,    0,    0,    0,    0,    0,   -4,    0,   -4,   -6,    0,    0,    0,   -1,   -2,  -10,   -6,    0,   -6,    0,    0,    0,    0,    0,    0,    0,    0,    0,    0,    0,
       0,    0,    0,    0,    0,    0,    0,    0,    0,    0,    0,    0,    0,    0,    0,    0,   -8,    0,   -8,    0,    0,   -6,    0,    0,    0,    0,    0,    0,    0,    0,    0,    0,    0,    0,    0,    0,    0,    0,    0,    0,    0,    0,    0,    0,    0,    0,    0,    0,    0,    0,    0,    0,
       0,    0,    0,    0,    0,  -48,    0,    0,    0,    0,    0,    0,  -12,    0,    0,    0,   -4,    0,    0,    0,   -6,    0,    0,    0,    0,    0,   -5,    0,   -9,    0,   -6,   -4,    0,    0,    0,    0,    0,   20,   20,    0,    0,    0,    0,    0,    0,    0,    0,    0,    0,    0,    0,    0,
       0,    0,    0,    0,    0,    0,    0,    0,    0,    0,    0,    0,    0,   -2,    0,    0,  -18,    0,   -2,    0,   -2,   -8,    0,    0,    0,    0,    3,    0,    0,    0,    0,    0,    0,    0,    0,    0,    0,    0,    0,   -2,    0,    0,    0,    0,    0,    0,    0,    0,    0,    0,    0,    0,
       0,    0,    0,    0,    0,    0,    0,    0,    0,    0,    0,    0,    0,    0,    0,    0,    0,    0,    0,    0,    0,    0,    0,    0,    0,    0,    0,    0,   -2,  -10,   -2,    0,    0,    0,    8,    0,    0,    0,   16,    0,    0,    0,    0,    0,    0,    0,    0,    0,    0,    0,    0,    0,
       0,    0,    0,    0,    0,    0,    0,    0,    0,    0,    0,    0,    0,    0,    0,    0,  -12,    0,   -4,   -4,    0,   -6,    0,    0,    0,    0,    0,    0,    0,    0,   -4,    0,    0,    0,    0,    0,    0,    0,    0,    0,    0,    0,    0,    0,    0,    0,    0,    0,    0,    0,    0,    0,
       0,    0,    0,    0,    0,    0,    0,    0,    0,    0,    0,    0,  -10,    0,    0,    0,   -4,    0,    0,    0,  -10,   -4,   -8,    0,    0,    0,   -1,    0,   -2,    0,   -2,    0,    0,    0,   -2,   20,    0,   20,    0,    0,    0,    0,    0,    0,    0,    0,    0,    0,    0,    0,    0,    0,
       0,    0,    0,    0,    0,    0,    0,    0,    0,    0,    0,    0,   -2,    0,    0,    0,   -4,    0,    0,    0,   -7,   -4,   -2,    0,    0,    0,    2,    0,    0,    0,    0,    0,    0,    0,   -2,   20,    0,   16,    0,    0,    0,    0,    0,    0,    0,    0,    0,    0,    0,    0,    0,    0,
       0,    0,    0,    0,    0,    0,    0,    0,    0,    0,    0,    0,    0,   -4,    0,    0,   -6,   -2,    0,    0,    0,   -8,    0,    0,    0,    0,    0,    0,    0,    0,    0,    0,    0,    0,   -2,   20,   -2,    0,    0,    0,    0,    0,    0,    0,    0,    0,    0,    0,    0,    0,    0,    0,
       0,    0,    0,    0,    0,    0,    0,    0,    0,    0,    0,    0,  -10,    0,    0,    0,   -4,    0,    0,    0,   -8,   -4,   -4,    0,    0,    0,    0,    0,   -2,    0,   -6,    0,    0,    0,   -4,    0,    0,    0,    0,    0,    0,    0,    0,    0,    0,    0,    0,    0,    0,    0,    0,    0,
       0,    0,    0,    0,    0,    0,    0,    0,    0,    0,    0,    0,    0,    0,    0,    0,   -4,    0,    0,    0,    0,   -4,    0,    0,    0,    0,    0,    0,   -4,    0,    0,    0,    0,    0,    0,    0,    0,    0,    0,    0,    0,    0,    0,    0,    0,    0,    0,    0,    0,    0,    0,    0,
       0,    0,    0,    0,    0,    0,    0,    0,    0,    0,    0,    0,    0,    0,    0,    0,    0,    0,    0,    0,    0,    0,    0,    0,    0,    0,    0,    0,    0,    0,    0,    0,    0,    0,    0,    0,    0,    0,    0,    0,    0,    0,    0,    0,    0,    0,    0,    4,    0,    0,    0,    0,
       0,    0,    0,    0,    0,    0,    0,    0,    0,    0,    0,    0,    0,    0,    0,    0,    0,    0,    0,    0,    0,    0,    0,    0,    0,    0,    0,    0,    0,    0,    0,    0,    0,    0,    0,    0,    0,    0,    0,    0,    0,    0,    0,    0,    0,    0,    0,  -12,    0,    0,    0,    0,
       4,    0,    0,   -2,    0,    0,  -16,    0,    0,    0,    0,    0,    0,    0,    0,    0,    0,    0,    0,    0,    0,    0,    0,   -8,    0,  -22,    0,    0,    0,    0,    0,    0,    0,    0,    0,    0,    0,    0,    0,    0,    0,    0,    8,   10,   -8,    0,    0,    0,    0,    0,    0,    2,
       0,    0,    0,   -8,    0,    0,   -5,    0,    0,    0,    0,    0,    0,    0,    0,    0,    0,    0,    0,    0,    0,    0,    0,   -2,    0,  -14,    0,    0,    0,    0,    0,    0,    0,    0,    0,    0,    0,    0,    0,    0,    0,    0,    0,    4,    0,    0,    0,    0,    0,    0,    0,    0,
       0,    0,    0,   -6,    0,    0,  -12,    0,    0,    0,    0,    0,    0,    0,    0,    0,    0,    0,    0,    0,    0,    0,    0,    0,    0,  -22,    0,    0,    0,    0,    0,    0,    0,    0,    0,    0,    0,    0,    0,    0,    0,    0,    0,    4,   -8,    0,    0,    0,    0,    0,    0,    0,
       0,   39,   50,   29,    0,    0,    0,    0,    0,    0,    0,    0,    0,    0,    0,    0,    0,    0,    0,    0,    0,    0,    0,   44,   53,    0,    0,   16,    0,    0,    0,    0,    0,    0,    0,    0,    0,    0,    0,    0,    0,    0,    0,    0,    0,    0,    0,    4,   24,   36,   44,    0,
       0,   25,   42,   11,    0,    0,    0,    0,    0,    0,    0,    0,    0,    0,    0,    0,    0,    0,    0,    0,    0,    0,    0,   34,   40,    0,    0,   16,    0,    0,    0,    0,    0,    0,    0,    0,    0,    0,    0,    0,    0,    0,    0,    0,    0,    0,    0,    4,   24,   26,   31,    0,
       0,    0,   13,    0,    0,    0,    0,    0,    0,    0,    0,    0,    0,    0,    0,    0,    0,    0,    0,    0,    0,    0,    0,    0,    8,    0,    0,    0,    0,    0,    0,    0,    0,    0,    0,    0,    0,    0,    0,    0,    0,    0,    0,    0,    0,    0,    0,    0,    0,    4,    5,    0,
       0,    0,    0,    0,    0,    0,    0,  -16,    0,    0,    0,    0,    0,    0,    0,    0,    0,    0,    0,    0,    0,    0,    0,    0,    0,    0,    0,    0,    0,    0,    0,    0,    0,    0,    0,    0,    0,    0,    0,    0,    0,    0,    0,    0,    0,    2,    0,    0,    0,    0,    0,    0,
       0,    0,    0,    0,    0,    0,    0,    0,  -16,    0,    0,   -8,    0,    0,    0,    0,    0,    0,    0,    0,    0,    0,    0,    0,    0,    0,    0,    0,    0,    0,    0,    0,    0,    0,    0,    0,    0,    0,    0,    0,    0,    0,    0,    0,    0,    0,    0,    0,    0,    0,    0,    0,
       0,    0,    0,    0,    0,    0,    0,    0,  -24,  -16,    0,   -8,    0,    0,    0,    0,    0,    0,    0,    0,    0,    0,    0,    0,    0,    0,    0,    0,    0,    0,    0,    0,    0,    0,    0,    0,    0,    0,    0,    0,    0,    0,    0,    0,    0,    0,    0,    0,    0,    0,    0,    0,
       0,    0,    0,    0,    0,    0,    0,    0,    0,    0,    0,    0,    0,    0,    0,    0,    0,    0,    0,    0,    0,    0,    0,    0,    0,    0,    0,    0,    0,    0,    0,    0,    0,    0,    0,    0,    0,    0,    0,    0,    0,    0,    0,    0,    0,    2,    0,    0,    0,    0,    0,    0,
};

static const EpdLigaturePair quicksand_12_boldLigaturePairs[] = {
    { 0x00660069, 0xFB01 }, // f i -> U+FB01
    { 0x0066006C, 0xFB02 }, // f l -> U+FB02
};

static const EpdFontData quicksand_12_bold = {
    quicksand_12_boldBitmaps,
    quicksand_12_boldGlyphs,
    quicksand_12_boldIntervals,
    57,
    31,
    25,
    -7,
    true,
    quicksand_12_boldGroups,
    11,
    nullptr,
    quicksand_12_boldKernLeftClasses,
    quicksand_12_boldKernRightClasses,
    quicksand_12_boldKernMatrix,
    221,
    162,
    69,
    52,
    quicksand_12_boldLigaturePairs,
    2,
};
