/**
 * generated by fontconvert.py
 * name: quicksand_12_medium
 * size: 12
 * mode: 1-bit
 * Command used: fontconvert.py quicksand_12_medium 12 ../builtinFonts/source/Quicksand/Quicksand-Medium.ttf
 */
#pragma once
#include "EpdFontData.h"

static const uint8_t quicksand_12_mediumBitmaps[17353] = {
    0x7F, 0xFF, 0xFF, 0xED, 0xB6, 0x07, 0xFC, 0x31, 0x9C, 0xE7, 0x39, 0xCE, 0x63, 0x18, 0xC6, 0x31,
    0x08, 0x02, 0x0C, 0x07, 0x0C, 0x07, 0x1C, 0x06, 0x1C, 0x3F, 0xFE, 0x7F, 0xFF, 0x3F, 0xFF, 0x0E,
    0x18, 0x0E, 0x38, 0x0C, 0x38, 0x1C, 0x38, 0x7F, 0xFE, 0xFF, 0xFE, 0x7F, 0xFE, 0x18, 0x70, 0x18,
    0x70, 0x38, 0x70, 0x18, 0x60, 0x03, 0x80, 0x0E, 0x00, 0x38, 0x03, 0xF8, 0x1F, 0xF0, 0xFF, 0xE7,
    0x3B, 0x9C, 0xE0, 0x73, 0x81, 0xEE, 0x03, 0xF8, 0x07, 0xF0, 0x0F, 0xF0, 0x0F, 0xE0, 0x3B, 0x80,
    0xE6, 0x03, 0x9D, 0x8E, 0x67, 0xBF, 0x9F, 0xFC, 0x1F, 0xE0, 0x0E, 0x00, 0x38, 0x00, 0xE0, 0x00,
    0x00, 0x3C, 0x06, 0x1F, 0x83, 0x8E, 0xE0, 0xE3, 0x1C, 0x70, 0xC7, 0x38, 0x31, 0xCE, 0x0C, 0x67,
    0x03, 0xBB, 0x80, 0x7E, 0xE0, 0x0E, 0x73, 0xE0, 0x39, 0xF8, 0x0E, 0xE7, 0x07, 0x39, 0xC3, 0x8E,
    0x30, 0xE3, 0x8C, 0x70, 0xE7, 0x18, 0x1F, 0x8E, 0x03, 0xE0, 0x00, 0x60, 0x03, 0xE0, 0x07, 0xFC,
    0x03, 0x8F, 0x03, 0x83, 0x81, 0xC0, 0x00, 0xE0, 0x00, 0x38, 0x00, 0x3C, 0x00, 0x3F, 0x00, 0x3D,
    0xC3, 0x1C, 0x71, 0xDC, 0x3C, 0xCE, 0x0F, 0xE7, 0x03, 0xF1, 0xC0, 0x78, 0xF0, 0x7E, 0x3F, 0xFF,
    0x8F, 0xF1, 0xC0, 0xC0, 0x00, 0x33, 0x9C, 0xE6, 0x31, 0x88, 0x03, 0x0F, 0x1E, 0x3C, 0x38, 0x70,
    0x70, 0xE0, 0xE0, 0xE0, 0xE0, 0xE0, 0xE0, 0xE0, 0xE0, 0xE0, 0x70, 0x70, 0x38, 0x3C, 0x1E, 0x0F,
    0x03, 0x60, 0x78, 0x1E, 0x07, 0x81, 0xE0, 0x70, 0x18, 0x0E, 0x07, 0x01, 0x80, 0xC0, 0x60, 0x30,
    0x18, 0x1C, 0x0E, 0x06, 0x07, 0x07, 0x07, 0x87, 0x87, 0x83, 0x80, 0x18, 0x18, 0xFF, 0x7E, 0x3C,
    0xFF, 0x5B, 0x18, 0x00, 0x06, 0x00, 0x38, 0x01, 0xC0, 0x0E, 0x00, 0x70, 0x3F, 0xFB, 0xFF, 0xFF,
    0xFE, 0x07, 0x00, 0x38, 0x01, 0xC0, 0x0E, 0x00, 0x60, 0x00, 0x03, 0x9E, 0x77, 0x38, 0x00, 0xFF,
    0xFF, 0x7E, 0xFF, 0x80, 0x00, 0x18, 0x01, 0xC0, 0x0E, 0x00, 0xE0, 0x07, 0x00, 0x70, 0x03, 0x80,
    0x38, 0x01, 0xC0, 0x1C, 0x00, 0xE0, 0x0E, 0x00, 0x70, 0x07, 0x00, 0x38, 0x03, 0x80, 0x1C, 0x01,
    0xC0, 0x0E, 0x00, 0xE0, 0x07, 0x00, 0x70, 0x03, 0x80, 0x08, 0x00, 0x0F, 0x81, 0xFF, 0x0F, 0xF8,
    0xE0, 0xE7, 0x07, 0x70, 0x1F, 0x80, 0xFC, 0x07, 0xE0, 0x3F, 0x01, 0xF8, 0x0F, 0xC0, 0x7E, 0x03,
    0xF0, 0x1D, 0xC1, 0xCF, 0x1E, 0x3F, 0xE0, 0xFE, 0x01, 0xC0, 0x06, 0x3C, 0xFF, 0xFF, 0xE9, 0xC3,
    0x87, 0x0E, 0x1C, 0x38, 0x70, 0xE1, 0xC3, 0x87, 0x0E, 0x1C, 0x1F, 0x83, 0xFC, 0x7F, 0xEE, 0x0E,
    0xE0, 0x60, 0x07, 0x00, 0x60, 0x0E, 0x01, 0xE0, 0x1C, 0x03, 0x80, 0x78, 0x0F, 0x01, 0xE0, 0x3C,
    0x07, 0x80, 0xFF, 0xFF, 0xFF, 0xFF, 0xDF, 0xFF, 0xFF, 0x01, 0xC0, 0x70, 0x1E, 0x07, 0x81, 0xFC,
    0x3F, 0xC0, 0x3C, 0x03, 0x80, 0x70, 0x06, 0x01, 0xC0, 0x3F, 0x0E, 0xFF, 0xCF, 0xF0, 0x70, 0x00,
    0x00, 0xC0, 0x07, 0x00, 0x78, 0x07, 0xC0, 0x7E, 0x03, 0xF0, 0x3B, 0x83, 0x9C, 0x38, 0xE3, 0xC7,
    0x1C, 0x39, 0xFF, 0xFF, 0xFF, 0x80, 0x70, 0x03, 0x80, 0x1C, 0x00, 0xE0, 0x07, 0x00, 0x3F, 0xE7,
    0xFE, 0x7F, 0xE7, 0x00, 0x60, 0x06, 0x00, 0x7F, 0x0F, 0xFC, 0xFF, 0xE4, 0x0E, 0x00, 0x70, 0x07,
    0x00, 0x70, 0x07, 0x00, 0xEE, 0x1E, 0xFF, 0xC7, 0xF8, 0x00, 0x00, 0x03, 0xC0, 0x7C, 0x0F, 0x81,
    0xE0, 0x3C, 0x03, 0x80, 0x72, 0x07, 0xFC, 0xFF, 0xEF, 0x0E, 0xE0, 0x7E, 0x07, 0xE0, 0x7E, 0x07,
    0xE0, 0x77, 0x0E, 0x3F, 0xE1, 0xFC, 0x06, 0x00, 0x7F, 0xEF, 0xFF, 0x7F, 0xF0, 0x0E, 0x00, 0xE0,
    0x1C, 0x01, 0xC0, 0x38, 0x03, 0x80, 0x70, 0x07, 0x00, 0x70, 0x0E, 0x00, 0xE0, 0x1C, 0x01, 0xC0,
    0x38, 0x03, 0x80, 0x00, 0x00, 0x0F, 0x03, 0xF8, 0x7F, 0xC7, 0x0E, 0xE0, 0xEE, 0x0E, 0xE0, 0xE7,
    0x1E, 0x3F, 0xC3, 0xFC, 0x79, 0xEE, 0x0E, 0xE0, 0x7E, 0x07, 0xE0, 0x67, 0x1E, 0x7F, 0xC3, 0xF8,
    0x00, 0x00, 0x1F, 0x83, 0xFC, 0x7D, 0xE7, 0x06, 0xE0, 0x7E, 0x07, 0xE0, 0x7E, 0x07, 0x70, 0xF7,
    0xFF, 0x3F, 0xE1, 0xFE, 0x00, 0xE0, 0x1C, 0x03, 0xC0, 0xF8, 0x1F, 0x03, 0xC0, 0x10, 0x00, 0xFF,
    0x80, 0x00, 0x03, 0xFE, 0x77, 0x70, 0x00, 0x00, 0x00, 0x0F, 0xF3, 0x7E, 0x00, 0x00, 0x20, 0x0F,
    0x03, 0xE0, 0x7C, 0x1F, 0x07, 0xC0, 0xF8, 0x07, 0x80, 0x3E, 0x00, 0xF8, 0x03, 0xE0, 0x1F, 0x00,
    0x70, 0xFF, 0xEF, 0xFF, 0x7F, 0xE0, 0x00, 0x00, 0x0F, 0xFF, 0xFF, 0xF0, 0x00, 0x60, 0x0F, 0x00,
    0x7C, 0x01, 0xF0, 0x0F, 0xC0, 0x3E, 0x00, 0xF0, 0x1F, 0x07, 0xC1, 0xF0, 0x7C, 0x0F, 0x80, 0xE0,
    0x00, 0x1E, 0x0F, 0xF3, 0xFF, 0x70, 0xEC, 0x0E, 0x01, 0xC0, 0x38, 0x07, 0x01, 0xC1, 0xF8, 0x7E,
    0x0F, 0x01, 0xC0, 0x38, 0x02, 0x00, 0x00, 0x1C, 0x03, 0x80, 0x70, 0x00, 0x00, 0x7F, 0x80, 0x07,
    0xFF, 0xC0, 0x1F, 0x03, 0xC0, 0x70, 0x01, 0xC1, 0xC0, 0x01, 0xC7, 0x0F, 0x31, 0x9C, 0x3F, 0xE3,
    0x30, 0xE3, 0xC6, 0xE3, 0x83, 0x8D, 0x86, 0x06, 0x1B, 0x1C, 0x0C, 0x36, 0x38, 0x38, 0x6C, 0x70,
    0x71, 0xD8, 0xE1, 0xE3, 0x31, 0xEF, 0xCC, 0x61, 0xFF, 0xF8, 0xE1, 0xE3, 0xC0, 0xC0, 0x00, 0x01,
    0xC0, 0x00, 0x01, 0xE0, 0x38, 0x01, 0xFF, 0xF0, 0x00, 0xFF, 0x80, 0x00, 0x00, 0x00, 0x00, 0x01,
    0x80, 0x01, 0xC0, 0x03, 0xC0, 0x03, 0xC0, 0x07, 0xE0, 0x07, 0xE0, 0x0E, 0x70, 0x0E, 0x70, 0x0C,
    0x30, 0x1C, 0x38, 0x1C, 0x38, 0x3F, 0xFC, 0x3F, 0xFC, 0x3F, 0xFE, 0x70, 0x0E, 0x70, 0x0E, 0xE0,
    0x07, 0xE0, 0x07, 0x00, 0x00, 0xFF, 0xC3, 0xFF, 0x8F, 0xFF, 0x38, 0x1E, 0xE0, 0x3B, 0x80, 0xEE,
    0x07, 0x38, 0x3C, 0xFF, 0xE3, 0xFF, 0xCE, 0x07, 0xB8, 0x0E, 0xE0, 0x1F, 0x80, 0x7E, 0x03, 0xB8,
    0x1E, 0xFF, 0xF3, 0xFF, 0x80, 0x03, 0xF0, 0x1F, 0xF8, 0x7F, 0xF9, 0xE0, 0x67, 0x00, 0x1E, 0x00,
    0x38, 0x00, 0x70, 0x00, 0xE0, 0x01, 0xC0, 0x03, 0x80, 0x07, 0x00, 0x0E, 0x00, 0x0E, 0x00, 0x1E,
    0x00, 0x1F, 0x0F, 0x1F, 0xFE, 0x1F, 0xF0, 0x03, 0x00, 0xFF, 0xC1, 0xFF, 0xE3, 0xFF, 0xE7, 0x01,
    0xEE, 0x01, 0xDC, 0x01, 0xF8, 0x03, 0xF0, 0x07, 0xE0, 0x0F, 0xC0, 0x1F, 0x80, 0x3F, 0x00, 0x7E,
    0x00, 0xFC, 0x03, 0xB8, 0x07, 0x70, 0x3C, 0xFF, 0xF1, 0xFF, 0xC0, 0xFF, 0xEF, 0xFE, 0xFF, 0xEE,
    0x00, 0xE0, 0x0E, 0x00, 0xE0, 0x0E, 0x00, 0xFF, 0xCF, 0xFC, 0xE0, 0x0E, 0x00, 0xE0, 0x0E, 0x00,
    0xE0, 0x0E, 0x00, 0xFF, 0xEF, 0xFE, 0xFF, 0xFF, 0xFF, 0xFF, 0xF0, 0x0E, 0x01, 0xC0, 0x38, 0x07,
    0x00, 0xFF, 0xDF, 0xFB, 0x80, 0x70, 0x0E, 0x01, 0xC0, 0x38, 0x07, 0x00, 0xE0, 0x18, 0x00, 0x03,
    0xF8, 0x1F, 0xF8, 0x7F, 0xF9, 0xE0, 0x27, 0x80, 0x0E, 0x00, 0x38, 0x00, 0x70, 0x00, 0xE0, 0x01,
    0xC1, 0xFF, 0x83, 0xFF, 0x00, 0x7E, 0x00, 0xEE, 0x01, 0xDE, 0x03, 0x9F, 0x07, 0x1F, 0xFE, 0x0F,
    0xF8, 0x03, 0x80, 0xC0, 0x0F, 0x80, 0x7E, 0x01, 0xF8, 0x07, 0xE0, 0x1F, 0x80, 0x7E, 0x01, 0xF8,
    0x07, 0xFF, 0xFF, 0xFF, 0xFE, 0x01, 0xF8, 0x07, 0xE0, 0x1F, 0x80, 0x7E, 0x01, 0xF8, 0x07, 0xE0,
    0x1F, 0x80, 0x70, 0xDF, 0xFF, 0xFF, 0xFF, 0xFF, 0xFF, 0xFC, 0x00, 0x60, 0x1C, 0x03, 0x80, 0x70,
    0x0E, 0x01, 0xC0, 0x38, 0x07, 0x00, 0xE0, 0x1C, 0x03, 0x80, 0x70, 0x0E, 0x01, 0xF8, 0x3F, 0x8F,
    0x7F, 0xC7, 0xF0, 0x38, 0x00, 0xC0, 0x0B, 0x80, 0xFE, 0x07, 0xB8, 0x3C, 0xE1, 0xE3, 0x8F, 0x0E,
    0x78, 0x3B, 0xC0, 0xFF, 0x03, 0xFE, 0x0F, 0xB8, 0x3C, 0x70, 0xE1, 0xE3, 0x83, 0xCE, 0x07, 0x38,
    0x0E, 0xE0, 0x3F, 0x80, 0x70, 0x00, 0x00, 0xC0, 0x1C, 0x03, 0x80, 0x70, 0x0E, 0x01, 0xC0, 0x38,
    0x07, 0x00, 0xE0, 0x1C, 0x03, 0x80, 0x70, 0x0E, 0x01, 0xC0, 0x38, 0x07, 0x00, 0xFF, 0xFF, 0xFC,
    0xC0, 0x03, 0x70, 0x01, 0xFC, 0x01, 0xFE, 0x01, 0xFF, 0x80, 0xFF, 0xE0, 0xFF, 0xF0, 0xEF, 0xDC,
    0x77, 0xEF, 0x73, 0xF3, 0xF1, 0xF8, 0xF8, 0xFC, 0x78, 0x7E, 0x18, 0x3F, 0x00, 0x1F, 0x80, 0x0F,
    0xC0, 0x07, 0xE0, 0x03, 0xE0, 0x01, 0xC0, 0xC0, 0x0D, 0xC0, 0x1B, 0xC0, 0x37, 0x80, 0x6F, 0x80,
    0xDB, 0x81, 0xB7, 0x83, 0x67, 0x06, 0xC7, 0x0D, 0x87, 0x1B, 0x0F, 0x36, 0x0F, 0x6C, 0x0E, 0xD8,
    0x0F, 0xB0, 0x1F, 0x60, 0x1E, 0xC0, 0x1D, 0x80, 0x18, 0x07, 0xF0, 0x0F, 0xFE, 0x0F, 0xFF, 0x8F,
    0x01, 0xE7, 0x00, 0x77, 0x80, 0x1F, 0x80, 0x0F, 0xC0, 0x07, 0xE0, 0x03, 0xF0, 0x01, 0xF8, 0x00,
    0xFC, 0x00, 0x7E, 0x00, 0x3B, 0x80, 0x39, 0xE0, 0x3C, 0x78, 0x3C, 0x1F, 0xFC, 0x07, 0xFC, 0x00,
    0x70, 0x00, 0xFF, 0x8F, 0xFE, 0xFF, 0xEE, 0x07, 0xE0, 0x7E, 0x07, 0xE0, 0x7E, 0x07, 0xE0, 0xFF,
    0xFE, 0xFF, 0xCE, 0x00, 0xE0, 0x0E, 0x00, 0xE0, 0x0E, 0x00, 0xE0, 0x0C, 0x00, 0x07, 0xF0, 0x03,
    0xFF, 0x80, 0xFF, 0xF8, 0x3C, 0x07, 0x87, 0x00, 0x71, 0xE0, 0x07, 0x38, 0x00, 0xE7, 0x00, 0x1C,
    0xE0, 0x03, 0x9C, 0x00, 0x73, 0x80, 0x0E, 0x70, 0x01, 0xCE, 0x00, 0x38, 0xE0, 0x0E, 0x1E, 0x03,
    0xC1, 0xE0, 0xF0, 0x1F, 0xFC, 0x01, 0xFF, 0x00, 0x1F, 0x00, 0x0F, 0xF0, 0x31, 0xFF, 0xFE, 0x00,
    0xFF, 0x80, 0x07, 0xC0, 0xFF, 0xC3, 0xFF, 0xCF, 0xFF, 0xB8, 0x0E, 0xE0, 0x3B, 0x80, 0x6E, 0x03,
    0xB8, 0x0E, 0xE0, 0x73, 0xFF, 0xCF, 0xFF, 0x38, 0x1C, 0xE0, 0x3B, 0x80, 0xEE, 0x03, 0xB8, 0x0E,
    0xE0, 0x1F, 0x80, 0x70, 0x0F, 0xE0, 0x7F, 0xC3, 0xFF, 0x9C, 0x0E, 0x70, 0x01, 0xC0, 0x07, 0x80,
    0x0F, 0x80, 0x1F, 0xC0, 0x3F, 0xC0, 0x1F, 0x80, 0x0E, 0x00, 0x18, 0x00, 0x76, 0x01, 0x9E, 0x1E,
    0x7F, 0xF0, 0x7F, 0x80, 0x38, 0x00, 0x7F, 0xFD, 0xFF, 0xFD, 0xFF, 0xF0, 0x1C, 0x00, 0x38, 0x00,
    0x70, 0x00, 0xE0, 0x01, 0xC0, 0x03, 0x80, 0x07, 0x00, 0x0E, 0x00, 0x1C, 0x00, 0x38, 0x00, 0x70,
    0x00, 0xE0, 0x01, 0xC0, 0x03, 0x80, 0x07, 0x00, 0xC0, 0x0F, 0x80, 0x7E, 0x01, 0xF8, 0x07, 0xE0,
    0x1F, 0x80, 0x7E, 0x01, 0xF8, 0x07, 0xE0, 0x1F, 0x80, 0x7E, 0x01, 0xF8, 0x07, 0xE0, 0x1F, 0x80,
    0x7F, 0x03, 0x9E, 0x1E, 0x3F, 0xF0, 0x7F, 0x80, 0x30, 0x00, 0x60, 0x03, 0xE0, 0x07, 0x70, 0x07,
    0x70, 0x07, 0x38, 0x0E, 0x38, 0x0E, 0x38, 0x1C, 0x1C, 0x1C, 0x1C, 0x18, 0x0E, 0x38, 0x0E, 0x38,
    0x07, 0x70, 0x07, 0x70, 0x07, 0x60, 0x03, 0xE0, 0x03, 0xC0, 0x01, 0xC0, 0x01, 0xC0, 0x60, 0x00,
    0x06, 0xE0, 0x00, 0x07, 0x70, 0x00, 0x0E, 0x70, 0x00, 0x0E, 0x70, 0x18, 0x0E, 0x38, 0x3C, 0x1C,
    0x38, 0x3C, 0x1C, 0x38, 0x3C, 0x1C, 0x1C, 0x7E, 0x38, 0x1C, 0x7E, 0x38, 0x1C, 0xE7, 0x38, 0x0E,
    0xE7, 0x70, 0x0E, 0xC3, 0x70, 0x0F, 0xC3, 0xF0, 0x07, 0x83, 0xE0, 0x07, 0x81, 0xE0, 0x07, 0x81,
    0xE0, 0x03, 0x00, 0xC0, 0x60, 0x06, 0xE0, 0x1D, 0xC0, 0x71, 0xC0, 0xE1, 0xC3, 0x83, 0xCE, 0x03,
    0xB8, 0x03, 0xF0, 0x03, 0xC0, 0x07, 0x80, 0x1F, 0x00, 0x7F, 0x00, 0xEF, 0x03, 0x8F, 0x0E, 0x0E,
    0x1C, 0x0E, 0x70, 0x1E, 0xC0, 0x1C, 0x00, 0x00, 0x40, 0x0F, 0x80, 0x77, 0x03, 0xDE, 0x0E, 0x38,
    0x70, 0x73, 0xC0, 0xEE, 0x03, 0xF0, 0x07, 0x80, 0x0E, 0x00, 0x38, 0x00, 0xE0, 0x03, 0x80, 0x0E,
    0x00, 0x38, 0x00, 0xE0, 0x03, 0x80, 0x0C, 0x00, 0x7F, 0xFC, 0xFF, 0xF9, 0xFF, 0xF0, 0x01, 0xC0,
    0x07, 0x00, 0x1E, 0x00, 0x78, 0x00, 0xE0, 0x03, 0x80, 0x0F, 0x00, 0x3C, 0x00, 0x70, 0x01, 0xC0,
    0x07, 0x80, 0x1E, 0x00, 0x38, 0x00, 0xFF, 0xFD, 0xFF, 0xF8, 0xFE, 0xFF, 0xFC, 0xC0, 0xC0, 0xC0,
    0xC0, 0xC0, 0xC0, 0xC0, 0xC0, 0xC0, 0xC0, 0xC0, 0xC0, 0xC0, 0xC0, 0xC0, 0xC0, 0xC0, 0xC0, 0xFE,
    0xFE, 0x00, 0x03, 0x80, 0x0E, 0x00, 0x1C, 0x00, 0x70, 0x00, 0xE0, 0x03, 0x80, 0x07, 0x00, 0x1C,
    0x00, 0x38, 0x00, 0xE0, 0x01, 0xC0, 0x07, 0x00, 0x0E, 0x00, 0x38, 0x00, 0x70, 0x01, 0xC0, 0x03,
    0x80, 0x0E, 0x00, 0x1C, 0x00, 0x70, 0x00, 0xE0, 0x03, 0x80, 0x06, 0x00, 0x08, 0x7F, 0xFF, 0x7F,
    0x03, 0x03, 0x03, 0x03, 0x03, 0x03, 0x03, 0x03, 0x03, 0x03, 0x03, 0x03, 0x03, 0x03, 0x03, 0x03,
    0x03, 0x03, 0x7F, 0x7F, 0x06, 0x00, 0xF0, 0x1F, 0x01, 0xF8, 0x3B, 0xC3, 0x9C, 0x70, 0xE7, 0x0E,
    0xE0, 0x7E, 0x06, 0xFF, 0xFF, 0xFF, 0xFC, 0x63, 0x9E, 0x30, 0x06, 0x00, 0xFF, 0xCF, 0xFE, 0xE1,
    0xFE, 0x07, 0xF0, 0x1F, 0x80, 0xF8, 0x07, 0xE0, 0x3F, 0x01, 0xF8, 0x1E, 0xE1, 0xF3, 0xFF, 0x8F,
    0xDC, 0x18, 0x00, 0x60, 0x03, 0x80, 0x0E, 0x00, 0x38, 0x00, 0xE0, 0x03, 0x8C, 0x0E, 0xFE, 0x3F,
    0xFC, 0xF8, 0x7B, 0xC0, 0xEE, 0x01, 0xB8, 0x07, 0xE0, 0x1F, 0x80, 0x7E, 0x01, 0xBC, 0x0E, 0xF8,
    0x7B, 0xFF, 0xC6, 0xFE, 0x00, 0xC0, 0x07, 0x01, 0xFE, 0x3F, 0xE7, 0x86, 0xF0, 0x0E, 0x00, 0xE0,
    0x0E, 0x00, 0xE0, 0x0E, 0x00, 0xE0, 0x07, 0x86, 0x3F, 0xE1, 0xFE, 0x07, 0x00, 0x00, 0x10, 0x01,
    0xC0, 0x0E, 0x00, 0x70, 0x03, 0x83, 0x1C, 0x7E, 0xE7, 0xFF, 0x70, 0xFF, 0x03, 0xF8, 0x0F, 0xC0,
    0x7C, 0x03, 0xF0, 0x1F, 0x80, 0xFC, 0x0F, 0x70, 0xF9, 0xFF, 0xC7, 0xEE, 0x0C, 0x00, 0x06, 0x00,
    0xFE, 0x0F, 0xF8, 0xE1, 0xEE, 0x07, 0x70, 0x1B, 0xFF, 0xFF, 0xFE, 0xE0, 0x07, 0x00, 0x38, 0x08,
    0xF0, 0xE3, 0xFF, 0x0F, 0xE0, 0x1C, 0x00, 0x07, 0x83, 0xF1, 0xF8, 0x70, 0x1C, 0x07, 0x07, 0xFB,
    0xFE, 0x3F, 0x07, 0x01, 0xC0, 0x70, 0x1C, 0x07, 0x01, 0xC0, 0x70, 0x1C, 0x07, 0x01, 0xC0, 0x06,
    0x00, 0xFE, 0xCF, 0xFE, 0xF0, 0xFE, 0x03, 0xF0, 0x1F, 0x80, 0x78, 0x03, 0xE0, 0x1F, 0x01, 0xF8,
    0x0E, 0xF0, 0xF3, 0xFF, 0x8F, 0xFC, 0x18, 0xE0, 0x07, 0x38, 0xF1, 0xFF, 0x07, 0xF0, 0x60, 0x0E,
    0x00, 0xE0, 0x0E, 0x00, 0xE0, 0x0E, 0x00, 0xEF, 0xCF, 0xFE, 0xF8, 0xEF, 0x07, 0xE0, 0x7E, 0x07,
    0xE0, 0x7E, 0x07, 0xE0, 0x7E, 0x07, 0xE0, 0x7E, 0x07, 0x60, 0x70, 0x5F, 0xA1, 0xFF, 0xFF, 0xFF,
    0xFF, 0xEC, 0x08, 0x71, 0xC2, 0x00, 0x61, 0xC7, 0x1C, 0x71, 0xC7, 0x1C, 0x71, 0xC7, 0x1C, 0x71,
    0xC7, 0x7B, 0xEF, 0x00, 0xC0, 0x18, 0x03, 0x00, 0x60, 0x0C, 0x01, 0x80, 0x30, 0x3E, 0x0F, 0xC3,
    0xD8, 0xE3, 0x78, 0x7E, 0x0F, 0xC1, 0xFC, 0x3B, 0xC6, 0x3C, 0xC3, 0xD8, 0x3F, 0x03, 0x80, 0xDB,
    0x6D, 0xB6, 0xDB, 0x6D, 0xB6, 0xDB, 0x00, 0x00, 0x00, 0x03, 0x7E, 0x3F, 0x3F, 0xFF, 0xFD, 0xF1,
    0xF0, 0xEF, 0x07, 0x07, 0x70, 0x38, 0x1B, 0x81, 0xC0, 0xDC, 0x0E, 0x06, 0xE0, 0x70, 0x37, 0x03,
    0x81, 0xB8, 0x1C, 0x0D, 0xC0, 0xE0, 0x6E, 0x07, 0x03, 0x30, 0x38, 0x18, 0x03, 0x86, 0xFE, 0xFF,
    0xEF, 0x8F, 0xF0, 0x7E, 0x07, 0xE0, 0x7E, 0x07, 0xE0, 0x7E, 0x07, 0xE0, 0x7E, 0x07, 0xE0, 0x76,
    0x03, 0x07, 0x00, 0x7F, 0x03, 0xFF, 0x1E, 0x1C, 0xE0, 0x3B, 0x80, 0xEE, 0x01, 0xB8, 0x06, 0xE0,
    0x1B, 0x80, 0xEE, 0x03, 0x9E, 0x1C, 0x3F, 0xF0, 0x7F, 0x00, 0x70, 0x00, 0x00, 0x01, 0xBF, 0x8F,
    0xFF, 0x3E, 0x1C, 0xF0, 0x3B, 0x80, 0x6E, 0x01, 0xF8, 0x07, 0xE0, 0x1F, 0x80, 0x6F, 0x03, 0xBE,
    0x1E, 0xFF, 0xF3, 0xBF, 0x8E, 0x30, 0x38, 0x00, 0xE0, 0x03, 0x80, 0x06, 0x00, 0x00, 0x06, 0x00,
    0xFD, 0xCF, 0xFE, 0xE1, 0xFE, 0x07, 0xF0, 0x1F, 0x80, 0xF8, 0x07, 0xE0, 0x3F, 0x01, 0xF8, 0x1E,
    0xE1, 0xF3, 0xFF, 0x8F, 0xDC, 0x18, 0xE0, 0x07, 0x00, 0x38, 0x01, 0xC0, 0x0E, 0x03, 0x37, 0xFF,
    0xFF, 0x0F, 0x07, 0x03, 0x81, 0xC0, 0xE0, 0x70, 0x38, 0x1C, 0x0E, 0x03, 0x00, 0x06, 0x03, 0xF8,
    0xFF, 0xB8, 0x77, 0x00, 0xF0, 0x0F, 0x80, 0xFE, 0x07, 0xE0, 0x1D, 0x81, 0xB8, 0x77, 0xFE, 0x7F,
    0x81, 0x80, 0x00, 0x0C, 0x06, 0x03, 0x0F, 0xF7, 0xF8, 0x60, 0x30, 0x18, 0x0C, 0x06, 0x03, 0x01,
    0x80, 0xC0, 0x60, 0x3E, 0x1F, 0x00, 0x60, 0x7E, 0x07, 0xE0, 0x7E, 0x07, 0xE0, 0x7E, 0x07, 0xE0,
    0x7E, 0x07, 0xE0, 0x77, 0x07, 0x70, 0xE3, 0xFE, 0x1F, 0xC0, 0x60, 0x00, 0x03, 0x01, 0xDC, 0x0E,
    0xE0, 0x63, 0x87, 0x1C, 0x38, 0xE3, 0x83, 0x9C, 0x1D, 0xC0, 0x7E, 0x03, 0xE0, 0x0F, 0x00, 0x70,
    0x03, 0x80, 0x00, 0x00, 0x00, 0x00, 0x0C, 0x00, 0x19, 0xC0, 0x07, 0x38, 0x70, 0xE7, 0x0E, 0x1C,
    0x73, 0xC7, 0x0E, 0x7C, 0xE1, 0xCD, 0x9C, 0x1F, 0xBF, 0x03, 0xF7, 0xE0, 0x7C, 0x7C, 0x07, 0x8F,
    0x00, 0xE0, 0xE0, 0x0C, 0x18, 0x00, 0x00, 0x00, 0x00, 0x0E, 0x07, 0xF0, 0xF7, 0x8E, 0x39, 0xC1,
    0xF8, 0x0F, 0x00, 0xF0, 0x0F, 0x81, 0xF8, 0x39, 0xC7, 0x9E, 0x70, 0xFE, 0x07, 0x00, 0x00, 0x00,
    0x06, 0x07, 0xE0, 0x7E, 0x07, 0xE0, 0x7E, 0x07, 0xE0, 0x7E, 0x07, 0xE0, 0x7E, 0x07, 0x60, 0x77,
    0x0F, 0x7F, 0xF3, 0xFF, 0x0C, 0x70, 0x0E, 0x71, 0xE7, 0xFC, 0x3F, 0x80, 0xFF, 0xDF, 0xF8, 0x0F,
    0x01, 0xC0, 0x70, 0x1C, 0x07, 0x80, 0xE0, 0x38, 0x0E, 0x03, 0xC0, 0x7F, 0xEF, 0xFC, 0x01, 0xC1,
    0xF0, 0xF0, 0x38, 0x0C, 0x03, 0x00, 0xC0, 0x30, 0x0C, 0x07, 0x03, 0xC3, 0xE0, 0xF8, 0x07, 0x01,
    0xC0, 0x30, 0x0C, 0x03, 0x00, 0xC0, 0x38, 0x0F, 0x01, 0xF0, 0x3C, 0x00, 0x7F, 0xFF, 0xFF, 0xFF,
    0xFF, 0xFF, 0xFF, 0xFF, 0xFF, 0x00, 0x70, 0x0F, 0x00, 0xF0, 0x07, 0x00, 0xE0, 0x1C, 0x03, 0x80,
    0x70, 0x0E, 0x01, 0xC0, 0x1E, 0x01, 0xE0, 0x7C, 0x0E, 0x03, 0x80, 0x70, 0x0E, 0x01, 0xC0, 0x38,
    0x07, 0x01, 0xC0, 0xF0, 0x1C, 0x00, 0x78, 0xFF, 0xFF, 0xFF, 0x0E, 0x1F, 0xF0, 0x1B, 0x6F, 0xFF,
    0xFF, 0xFD, 0x80, 0x06, 0x00, 0x70, 0x0F, 0x83, 0xFE, 0x7F, 0xE7, 0x66, 0xE6, 0x0E, 0x60, 0xC6,
    0x0C, 0x60, 0xE6, 0x0E, 0x60, 0xE6, 0x07, 0xEE, 0x3F, 0xE1, 0xFC, 0x07, 0x00, 0x60, 0x03, 0xE0,
    0x0F, 0xF8, 0x1F, 0xFC, 0x1C, 0x1C, 0x1C, 0x00, 0x38, 0x00, 0x18, 0x00, 0x18, 0x00, 0x7F, 0xF0,
    0x7F, 0xF0, 0x1C, 0x00, 0x0E, 0x00, 0x0E, 0x00, 0x0E, 0x00, 0x0C, 0x00, 0x1F, 0x00, 0x7F, 0xFF,
    0xFF, 0xFE, 0x40, 0x7C, 0x40, 0x5F, 0xFF, 0xFF, 0xBD, 0xE7, 0x1C, 0xE3, 0x9C, 0x73, 0xDE, 0xFF,
    0xFF, 0xFD, 0x01, 0x00, 0x60, 0x0F, 0x80, 0x77, 0x01, 0xDE, 0x0E, 0x38, 0x70, 0x73, 0xC1, 0xEE,
    0x03, 0xF0, 0x07, 0xC0, 0xFF, 0xC3, 0xFF, 0x80, 0xE0, 0x1F, 0xF0, 0xFF, 0xE3, 0xFF, 0x00, 0xE0,
    0x03, 0x80, 0x0E, 0x00, 0x7F, 0xFF, 0xFF, 0xED, 0x00, 0x1F, 0xFF, 0xFF, 0xFB, 0x00, 0x07, 0xC0,
    0xFF, 0x07, 0xFC, 0x70, 0x63, 0x80, 0x1C, 0x00, 0x7C, 0x03, 0xFC, 0x3F, 0xF3, 0x87, 0xDC, 0x0E,
    0xE0, 0x77, 0xE7, 0x9F, 0xF8, 0x3F, 0x80, 0x3E, 0x00, 0x73, 0x03, 0x9C, 0x1C, 0xFF, 0xC3, 0xFC,
    0x07, 0xC0, 0x66, 0xE7, 0xE7, 0x03, 0xF0, 0x03, 0xFF, 0x01, 0xE1, 0xE0, 0xE0, 0x1C, 0x71, 0xF3,
    0xB9, 0xFE, 0x6C, 0xF1, 0x1F, 0x38, 0x03, 0xCC, 0x00, 0xF3, 0x00, 0x3C, 0xC0, 0x0F, 0x38, 0x03,
    0xE7, 0xF9, 0xD8, 0xFE, 0x67, 0x0E, 0x38, 0xE0, 0x3C, 0x1F, 0xFE, 0x01, 0xFE, 0x00, 0x00, 0x00,
    0x3F, 0x7F, 0xE7, 0xE3, 0xE3, 0xE3, 0x7F, 0x7F, 0x10, 0x0C, 0x63, 0x9C, 0xE7, 0x38, 0xE7, 0x39,
    0xCE, 0x1C, 0xE3, 0x9E, 0x39, 0xC3, 0x9C, 0x31, 0x80, 0xFF, 0xFD, 0xFF, 0xFF, 0xFF, 0xF8, 0x00,
    0x70, 0x00, 0xE0, 0x01, 0xC0, 0x03, 0x80, 0x06, 0xFF, 0xFF, 0x7E, 0x0F, 0x81, 0xFF, 0x0C, 0x18,
    0xDF, 0x66, 0xDB, 0x27, 0xD9, 0xBC, 0xCD, 0xB6, 0x6D, 0xB1, 0xC7, 0x07, 0xF0, 0x1F, 0x00, 0x7E,
    0x7F, 0xBF, 0xC0, 0x3C, 0x3F, 0x99, 0xDC, 0x6E, 0x33, 0x19, 0xFC, 0x7C, 0x06, 0x00, 0xE0, 0x0E,
    0x00, 0xE0, 0xFF, 0xEF, 0xFF, 0xFF, 0xE0, 0xE0, 0x0E, 0x00, 0x60, 0x00, 0x0F, 0xFE, 0xFF, 0xFF,
    0xFE, 0x79, 0xFB, 0x30, 0x61, 0xC7, 0x1C, 0x7E, 0xFC, 0x7D, 0xF8, 0xF3, 0x87, 0xCF, 0x83, 0x7E,
    0xFC, 0x60, 0x11, 0xDC, 0xC4, 0x00, 0xC0, 0xF8, 0x1F, 0x03, 0xE0, 0x7C, 0x0F, 0x81, 0xF0, 0x3E,
    0x07, 0xC0, 0xFC, 0x1F, 0x87, 0xFF, 0xFF, 0xFF, 0x98, 0x30, 0x06, 0x00, 0xC0, 0x00, 0x1F, 0xF3,
    0xFF, 0xFF, 0xEF, 0xFF, 0x7F, 0xFB, 0xFF, 0xDF, 0xFE, 0xFF, 0xF7, 0xFF, 0xBB, 0xFD, 0xCF, 0xEE,
    0x07, 0x70, 0x1B, 0x80, 0xDC, 0x06, 0xE0, 0x37, 0x01, 0xB8, 0xDC, 0xC7, 0xC0, 0x1C, 0x00, 0xFF,
    0x80, 0x37, 0xEE, 0xC0, 0x11, 0xDE, 0xF1, 0x8C, 0x63, 0x18, 0x00, 0x3E, 0x3F, 0xB9, 0xDC, 0x7E,
    0x3F, 0x19, 0xFC, 0x7C, 0x08, 0x00, 0x63, 0x07, 0x38, 0x73, 0xC3, 0x9C, 0x1C, 0xE1, 0xC6, 0x1C,
    0xE3, 0x9C, 0x73, 0xC7, 0x38, 0x63, 0x00, 0x10, 0x0C, 0x38, 0x0E, 0x3C, 0x07, 0x1E, 0x07, 0x03,
    0x03, 0x01, 0x83, 0x80, 0xC3, 0x80, 0x61, 0x80, 0x31, 0xC0, 0x01, 0xC3, 0x00, 0xC3, 0x80, 0xE3,
    0xC0, 0xE1, 0xE0, 0x71, 0xB0, 0x71, 0xFC, 0x70, 0xFF, 0x38, 0x06, 0x38, 0x03, 0x00, 0x00, 0x00,
    0x10, 0x0C, 0x70, 0x1C, 0xF0, 0x38, 0xF0, 0x38, 0x30, 0x70, 0x30, 0xE0, 0x30, 0xE0, 0x31, 0xC0,
    0x31, 0x80, 0x03, 0x9E, 0x07, 0x3F, 0x06, 0x33, 0x0E, 0x03, 0x1C, 0x07, 0x1C, 0x0E, 0x38, 0x1C,
    0x70, 0x3F, 0x70, 0x3F, 0x00, 0x00, 0x7C, 0x06, 0x3F, 0x03, 0x83, 0xC0, 0xC1, 0xC0, 0x70, 0x7C,
    0x38, 0x1F, 0x0C, 0x00, 0xC7, 0x03, 0xF3, 0x80, 0xFC, 0xE0, 0x0C, 0x70, 0xC0, 0x38, 0x70, 0x0E,
    0x3C, 0x07, 0x0F, 0x03, 0x86, 0xC0, 0xE3, 0xF8, 0x70, 0xFF, 0x38, 0x03, 0x0E, 0x00, 0xC0, 0x00,
    0x00, 0x06, 0x01, 0xC0, 0x38, 0x02, 0x00, 0x00, 0x0C, 0x01, 0x80, 0x30, 0x3E, 0x0F, 0xC3, 0xC0,
    0x70, 0x0E, 0x01, 0x80, 0x38, 0x07, 0x07, 0xFB, 0xEF, 0xF8, 0x7E, 0x00, 0x04, 0x00, 0x0E, 0x00,
    0x07, 0x80, 0x03, 0x80, 0x00, 0x00, 0x01, 0x80, 0x01, 0xC0, 0x03, 0xC0, 0x03, 0xC0, 0x07, 0xE0,
    0x07, 0xE0, 0x0E, 0x70, 0x0E, 0x70, 0x0C, 0x30, 0x1C, 0x38, 0x1C, 0x38, 0x3F, 0xFC, 0x3F, 0xFC,
    0x3F, 0xFE, 0x70, 0x0E, 0x70, 0x0E, 0xE0, 0x07, 0xE0, 0x07, 0x00, 0x00, 0x00, 0x30, 0x00, 0x70,
    0x00, 0xF0, 0x01, 0xC0, 0x00, 0x00, 0x01, 0x80, 0x01, 0xC0, 0x03, 0xC0, 0x03, 0xC0, 0x07, 0xE0,
    0x07, 0xE0, 0x0E, 0x70, 0x0E, 0x70, 0x0C, 0x30, 0x1C, 0x38, 0x1C, 0x38, 0x3F, 0xFC, 0x3F, 0xFC,
    0x3F, 0xFE, 0x70, 0x0E, 0x70, 0x0E, 0xE0, 0x07, 0xE0, 0x07, 0x00, 0x00, 0x03, 0xC0, 0x03, 0xE0,
    0x07, 0xE0, 0x04, 0x30, 0x01, 0x80, 0x01, 0xC0, 0x03, 0xC0, 0x03, 0xC0, 0x07, 0xE0, 0x07, 0xE0,
    0x0E, 0x70, 0x0E, 0x70, 0x0C, 0x30, 0x1C, 0x38, 0x1C, 0x38, 0x3F, 0xFC, 0x3F, 0xFC, 0x3F, 0xFE,
    0x70, 0x0E, 0x70, 0x0E, 0xE0, 0x07, 0xE0, 0x07, 0x00, 0x00, 0x02, 0x10, 0x0F, 0xB8, 0x0F, 0xF0,
    0x0C, 0xF0, 0x00, 0x00, 0x01, 0x80, 0x01, 0xC0, 0x03, 0xC0, 0x03, 0xC0, 0x07, 0xE0, 0x07, 0xE0,
    0x0E, 0x70, 0x0E, 0x70, 0x0C, 0x30, 0x1C, 0x38, 0x1C, 0x38, 0x3F, 0xFC, 0x3F, 0xFC, 0x3F, 0xFE,
    0x70, 0x0E, 0x70, 0x0E, 0xE0, 0x07, 0xE0, 0x07, 0x00, 0x00, 0x06, 0x70, 0x0E, 0x70, 0x06, 0x70,
    0x00, 0x00, 0x01, 0x80, 0x01, 0xC0, 0x03, 0xC0, 0x03, 0xC0, 0x07, 0xE0, 0x07, 0xE0, 0x0E, 0x70,
    0x0E, 0x70, 0x0C, 0x30, 0x1C, 0x38, 0x1C, 0x38, 0x3F, 0xFC, 0x3F, 0xFC, 0x3F, 0xFE, 0x70, 0x0E,
    0x70, 0x0E, 0xE0, 0x07, 0xE0, 0x07, 0x00, 0x00, 0x01, 0x80, 0x03, 0xE0, 0x06, 0x60, 0x06, 0x60,
    0x07, 0xE0, 0x03, 0xC0, 0x03, 0xC0, 0x03, 0xC0, 0x07, 0xE0, 0x07, 0xE0, 0x0E, 0x70, 0x0E, 0x70,
    0x0C, 0x30, 0x1C, 0x38, 0x1C, 0x38, 0x3F, 0xFC, 0x3F, 0xFC, 0x3F, 0xFE, 0x70, 0x0E, 0x70, 0x0E,
    0xE0, 0x07, 0xE0, 0x07, 0x00, 0x00, 0x00, 0x1F, 0xF8, 0x00, 0xFF, 0xF0, 0x03, 0xFF, 0x80, 0x1E,
    0x00, 0x00, 0xF8, 0x00, 0x03, 0xE0, 0x00, 0x1D, 0x80, 0x00, 0xE6, 0x00, 0x03, 0x9F, 0xF8, 0x1C,
    0x7F, 0xE0, 0xE1, 0xC0, 0x07, 0x86, 0x00, 0x1F, 0xF8, 0x00, 0xFF, 0xE0, 0x07, 0x01, 0x80, 0x1C,
    0x06, 0x00, 0xE0, 0x1F, 0xFF, 0x00, 0x7F, 0xF0, 0x00, 0x00, 0x00, 0x03, 0xF0, 0x1F, 0xF8, 0x7F,
    0xF9, 0xE0, 0x67, 0x00, 0x1E, 0x00, 0x38, 0x00, 0x70, 0x00, 0xE0, 0x01, 0xC0, 0x03, 0x80, 0x07,
    0x00, 0x0E, 0x00, 0x0E, 0x00, 0x1E, 0x00, 0x1F, 0x0F, 0x1F, 0xFE, 0x1F, 0xF0, 0x07, 0x00, 0x1C,
    0x00, 0x38, 0x00, 0x60, 0x00, 0x30, 0x03, 0x80, 0x3C, 0x00, 0xE0, 0x00, 0x0F, 0xFE, 0xFF, 0xEF,
    0xFE, 0xE0, 0x0E, 0x00, 0xE0, 0x0E, 0x00, 0xE0, 0x0F, 0xFC, 0xFF, 0xCE, 0x00, 0xE0, 0x0E, 0x00,
    0xE0, 0x0E, 0x00, 0xE0, 0x0F, 0xFE, 0xFF, 0xE0, 0x00, 0x80, 0x1C, 0x07, 0xC0, 0x70, 0x00, 0x0F,
    0xFE, 0xFF, 0xEF, 0xFE, 0xE0, 0x0E, 0x00, 0xE0, 0x0E, 0x00, 0xE0, 0x0F, 0xFC, 0xFF, 0xCE, 0x00,
    0xE0, 0x0E, 0x00, 0xE0, 0x0E, 0x00, 0xE0, 0x0F, 0xFE, 0xFF, 0xE0, 0x0E, 0x01, 0xF0, 0x3F, 0x83,
    0x08, 0xFF, 0xEF, 0xFE, 0xFF, 0xEE, 0x00, 0xE0, 0x0E, 0x00, 0xE0, 0x0E, 0x00, 0xFF, 0xCF, 0xFC,
    0xE0, 0x0E, 0x00, 0xE0, 0x0E, 0x00, 0xE0, 0x0E, 0x00, 0xFF, 0xEF, 0xFE, 0x39, 0x83, 0x9C, 0x39,
    0x80, 0x00, 0xFF, 0xEF, 0xFE, 0xFF, 0xEE, 0x00, 0xE0, 0x0E, 0x00, 0xE0, 0x0E, 0x00, 0xFF, 0xCF,
    0xFC, 0xE0, 0x0E, 0x00, 0xE0, 0x0E, 0x00, 0xE0, 0x0E, 0x00, 0xFF, 0xEF, 0xFE, 0x43, 0xC7, 0x86,
    0x00, 0x61, 0xC7, 0x1C, 0x71, 0xC7, 0x1C, 0x71, 0xC7, 0x1C, 0x71, 0xC7, 0x1C, 0x71, 0xC0, 0x19,
    0xDF, 0xC0, 0x63, 0x9C, 0xE7, 0x39, 0xCE, 0x73, 0x9C, 0xE7, 0x39, 0xCE, 0x73, 0x80, 0x1C, 0x3E,
    0x77, 0x63, 0x18, 0x1C, 0x1C, 0x1C, 0x1C, 0x1C, 0x1C, 0x1C, 0x1C, 0x1C, 0x1C, 0x1C, 0x1C, 0x1C,
    0x1C, 0x1C, 0x1C, 0x1C, 0x67, 0xF7, 0x67, 0x00, 0x18, 0x1C, 0x1C, 0x1C, 0x1C, 0x1C, 0x1C, 0x1C,
    0x1C, 0x1C, 0x1C, 0x1C, 0x1C, 0x1C, 0x1C, 0x1C, 0x1C, 0x1C, 0x3F, 0xF0, 0x1F, 0xFE, 0x0F, 0xFF,
    0x87, 0x01, 0xE3, 0x80, 0x71, 0xC0, 0x1C, 0xE0, 0x0E, 0x70, 0x07, 0xFE, 0x03, 0xFF, 0x01, 0xCE,
    0x00, 0xE7, 0x00, 0x73, 0x80, 0x39, 0xC0, 0x38, 0xE0, 0x1C, 0x70, 0x3C, 0x3F, 0xFC, 0x1F, 0xFC,
    0x00, 0x04, 0x20, 0x3E, 0xE0, 0x7F, 0xC0, 0xCF, 0x00, 0x00, 0x18, 0x01, 0xB8, 0x03, 0x78, 0x06,
    0xF0, 0x0D, 0xF0, 0x1B, 0x70, 0x36, 0xF0, 0x6C, 0xE0, 0xD8, 0xE1, 0xB0, 0xE3, 0x61, 0xE6, 0xC1,
    0xED, 0x81, 0xDB, 0x01, 0xF6, 0x03, 0xEC, 0x03, 0xD8, 0x03, 0xB0, 0x03, 0x00, 0x06, 0x00, 0x03,
    0x80, 0x01, 0xE0, 0x00, 0x30, 0x00, 0x00, 0x00, 0x3F, 0x80, 0x7F, 0xF0, 0x7F, 0xFC, 0x78, 0x0F,
    0x38, 0x03, 0xBC, 0x00, 0xFC, 0x00, 0x7E, 0x00, 0x3F, 0x00, 0x1F, 0x80, 0x0F, 0xC0, 0x07, 0xE0,
    0x03, 0xF0, 0x01, 0xDC, 0x01, 0xCF, 0x01, 0xE3, 0xC1, 0xE0, 0xFF, 0xE0, 0x3F, 0xE0, 0x03, 0x80,
    0x00, 0x10, 0x00, 0x3C, 0x00, 0x3C, 0x00, 0x18, 0x00, 0x00, 0x00, 0x3F, 0x80, 0x7F, 0xF0, 0x7F,
    0xFC, 0x78, 0x0F, 0x38, 0x03, 0xBC, 0x00, 0xFC, 0x00, 0x7E, 0x00, 0x3F, 0x00, 0x1F, 0x80, 0x0F,
    0xC0, 0x07, 0xE0, 0x03, 0xF0, 0x01, 0xDC, 0x01, 0xCF, 0x01, 0xE3, 0xC1, 0xE0, 0xFF, 0xE0, 0x3F,
    0xE0, 0x03, 0x80, 0x01, 0xC0, 0x01, 0xF0, 0x01, 0xDC, 0x00, 0xC6, 0x00, 0x7F, 0x00, 0xFF, 0xE0,
    0xFF, 0xF8, 0xF0, 0x1E, 0x70, 0x07, 0x78, 0x01, 0xF8, 0x00, 0xFC, 0x00, 0x7E, 0x00, 0x3F, 0x00,
    0x1F, 0x80, 0x0F, 0xC0, 0x07, 0xE0, 0x03, 0xB8, 0x03, 0x9E, 0x03, 0xC7, 0x83, 0xC1, 0xFF, 0xC0,
    0x7F, 0xC0, 0x07, 0x00, 0x02, 0x10, 0x03, 0xCC, 0x03, 0xFE, 0x01, 0x9E, 0x00, 0x00, 0x00, 0x3F,
    0x80, 0x7F, 0xF0, 0x7F, 0xFC, 0x78, 0x0F, 0x38, 0x03, 0xBC, 0x00, 0xFC, 0x00, 0x7E, 0x00, 0x3F,
    0x00, 0x1F, 0x80, 0x0F, 0xC0, 0x07, 0xE0, 0x03, 0xF0, 0x01, 0xDC, 0x01, 0xCF, 0x01, 0xE3, 0xC1,
    0xE0, 0xFF, 0xE0, 0x3F, 0xE0, 0x03, 0x80, 0x07, 0x30, 0x03, 0xB8, 0x01, 0xCC, 0x00, 0x00, 0x00,
    0x7F, 0x00, 0xFF, 0xE0, 0xFF, 0xF8, 0xF0, 0x1E, 0x70, 0x07, 0x78, 0x01, 0xF8, 0x00, 0xFC, 0x00,
    0x7E, 0x00, 0x3F, 0x00, 0x1F, 0x80, 0x0F, 0xC0, 0x07, 0xE0, 0x03, 0xB8, 0x03, 0x9E, 0x03, 0xC7,
    0x83, 0xC1, 0xFF, 0xC0, 0x7F, 0xC0, 0x07, 0x00, 0xE1, 0xFC, 0xF7, 0xF8, 0xFC, 0x1E, 0x0F, 0x87,
    0xF3, 0xCE, 0xE1, 0xF0, 0x20, 0x00, 0x01, 0x03, 0xF9, 0xC7, 0xFF, 0xC7, 0xFF, 0xE7, 0x81, 0xF3,
    0x80, 0xFB, 0xC0, 0xEF, 0xC0, 0xE7, 0xE0, 0xE3, 0xF0, 0x71, 0xF8, 0x70, 0xFC, 0x70, 0x7E, 0x70,
    0x3F, 0x70, 0x1D, 0xF8, 0x1C, 0xF8, 0x1E, 0x3C, 0x1E, 0x3F, 0xFE, 0x3B, 0xFE, 0x18, 0x38, 0x00,
    0x18, 0x00, 0x70, 0x01, 0xE0, 0x01, 0xC0, 0x00, 0x03, 0x00, 0x3E, 0x01, 0xF8, 0x07, 0xE0, 0x1F,
    0x80, 0x7E, 0x01, 0xF8, 0x07, 0xE0, 0x1F, 0x80, 0x7E, 0x01, 0xF8, 0x07, 0xE0, 0x1F, 0x80, 0x7E,
    0x01, 0xFC, 0x0E, 0x78, 0x78, 0xFF, 0xC1, 0xFE, 0x00, 0xC0, 0x00, 0x40, 0x03, 0x80, 0x3E, 0x00,
    0xE0, 0x00, 0x03, 0x00, 0x3E, 0x01, 0xF8, 0x07, 0xE0, 0x1F, 0x80, 0x7E, 0x01, 0xF8, 0x07, 0xE0,
    0x1F, 0x80, 0x7E, 0x01, 0xF8, 0x07, 0xE0, 0x1F, 0x80, 0x7E, 0x01, 0xFC, 0x0E, 0x78, 0x78, 0xFF,
    0xC1, 0xFE, 0x00, 0xC0, 0x07, 0x00, 0x3E, 0x01, 0xFC, 0x06, 0x10, 0xC0, 0x0F, 0x80, 0x7E, 0x01,
    0xF8, 0x07, 0xE0, 0x1F, 0x80, 0x7E, 0x01, 0xF8, 0x07, 0xE0, 0x1F, 0x80, 0x7E, 0x01, 0xF8, 0x07,
    0xE0, 0x1F, 0x80, 0x7F, 0x03, 0x9E, 0x1E, 0x3F, 0xF0, 0x7F, 0x80, 0x30, 0x00, 0x1C, 0xC0, 0x73,
    0x81, 0xCC, 0x00, 0x00, 0xC0, 0x0F, 0x80, 0x7E, 0x01, 0xF8, 0x07, 0xE0, 0x1F, 0x80, 0x7E, 0x01,
    0xF8, 0x07, 0xE0, 0x1F, 0x80, 0x7E, 0x01, 0xF8, 0x07, 0xE0, 0x1F, 0x80, 0x7F, 0x03, 0x9E, 0x1E,
    0x3F, 0xF0, 0x7F, 0x80, 0x30, 0x00, 0x00, 0x60, 0x03, 0x80, 0x1E, 0x00, 0xE0, 0x00, 0x01, 0x00,
    0x3E, 0x01, 0xDC, 0x0F, 0x78, 0x38, 0xE1, 0xC1, 0xCF, 0x03, 0xB8, 0x0F, 0xC0, 0x1E, 0x00, 0x38,
    0x00, 0xE0, 0x03, 0x80, 0x0E, 0x00, 0x38, 0x00, 0xE0, 0x03, 0x80, 0x0E, 0x00, 0x30, 0x00, 0xC0,
    0x0E, 0x00, 0xE0, 0x0E, 0x00, 0xFF, 0xCF, 0xFE, 0xE0, 0xEE, 0x07, 0xE0, 0x7E, 0x07, 0xE0, 0x7E,
    0x07, 0xFF, 0xEF, 0xFC, 0xFF, 0x8E, 0x00, 0xE0, 0x0E, 0x00, 0xC0, 0x00, 0x01, 0xC0, 0x0F, 0xE0,
    0x3F, 0xE0, 0xE1, 0xC1, 0xC3, 0x87, 0x07, 0x1E, 0x1C, 0x7C, 0x78, 0x78, 0xF8, 0x70, 0xF8, 0xE0,
    0x71, 0xC0, 0x73, 0x80, 0xE7, 0x01, 0xCE, 0x03, 0x9C, 0x07, 0x38, 0x1C, 0x77, 0xF8, 0xEF, 0xE0,
    0x06, 0x00, 0x18, 0x00, 0xE0, 0x03, 0x80, 0x0C, 0x00, 0x60, 0x0F, 0xFC, 0xFF, 0xEE, 0x1F, 0xE0,
    0x7F, 0x01, 0xF8, 0x0F, 0x80, 0x7E, 0x03, 0xF0, 0x1F, 0x81, 0xEE, 0x1F, 0x3F, 0xF8, 0xFD, 0xC1,
    0x80, 0x00, 0x80, 0x0E, 0x00, 0xE0, 0x06, 0x00, 0x30, 0x03, 0x00, 0x7F, 0xE7, 0xFF, 0x70, 0xFF,
    0x03, 0xF8, 0x0F, 0xC0, 0x7C, 0x03, 0xF0, 0x1F, 0x80, 0xFC, 0x0F, 0x70, 0xF9, 0xFF, 0xC7, 0xEE,
    0x0C, 0x00, 0x00, 0x00, 0x38, 0x03, 0xE0, 0x3B, 0x80, 0x04, 0x03, 0x00, 0x7F, 0xE7, 0xFF, 0x70,
    0xFF, 0x03, 0xF8, 0x0F, 0xC0, 0x7C, 0x03, 0xF0, 0x1F, 0x80, 0xFC, 0x0F, 0x70, 0xF9, 0xFF, 0xC7,
    0xEE, 0x0C, 0x00, 0x00, 0x00, 0xF3, 0x0F, 0xF8, 0x67, 0x81, 0x08, 0x03, 0x00, 0x7F, 0xE7, 0xFF,
    0x70, 0xFF, 0x03, 0xF8, 0x0F, 0xC0, 0x7C, 0x03, 0xF0, 0x1F, 0x80, 0xFC, 0x0F, 0x70, 0xF9, 0xFF,
    0xC7, 0xEE, 0x0C, 0x00, 0x18, 0xC0, 0xEE, 0x07, 0x70, 0x00, 0x00, 0x60, 0x0F, 0xFC, 0xFF, 0xEE,
    0x1F, 0xE0, 0x7F, 0x01, 0xF8, 0x0F, 0x80, 0x7E, 0x03, 0xF0, 0x1F, 0x81, 0xEE, 0x1F, 0x3F, 0xF8,
    0xFD, 0xC1, 0x80, 0x00, 0x00, 0x7C, 0x03, 0xE0, 0x1B, 0x80, 0xF8, 0x07, 0xC0, 0x18, 0x03, 0xFF,
    0x3F, 0xFB, 0x87, 0xF8, 0x1F, 0xC0, 0x7E, 0x03, 0xE0, 0x1F, 0x80, 0xFC, 0x07, 0xE0, 0x7B, 0x87,
    0xCF, 0xFE, 0x3F, 0x70, 0x60, 0x00, 0x06, 0x07, 0x01, 0xFE, 0xFE, 0x1F, 0xFF, 0xF9, 0xE1, 0xF0,
    0xEE, 0x0F, 0x03, 0x80, 0x70, 0x1C, 0xFF, 0xFF, 0xEF, 0xFF, 0xFF, 0xF0, 0xE0, 0x07, 0x07, 0x00,
    0x38, 0x3C, 0x05, 0xC3, 0xF0, 0xEF, 0xFB, 0xFF, 0x3F, 0x8F, 0xF0, 0x70, 0x0C, 0x00, 0x07, 0x01,
    0xFE, 0x3F, 0xE7, 0x86, 0xF0, 0x0E, 0x00, 0xE0, 0x0E, 0x00, 0xE0, 0x0E, 0x00, 0xE0, 0x07, 0x86,
    0x3F, 0xE1, 0xFE, 0x07, 0x00, 0xE0, 0x1C, 0x00, 0xC0, 0x18, 0x00, 0xE0, 0x03, 0x80, 0x0C, 0x00,
    0x60, 0x0F, 0xE0, 0xFF, 0x8E, 0x1E, 0xE0, 0x77, 0x01, 0xBF, 0xFF, 0xFF, 0xEE, 0x00, 0x70, 0x03,
    0x80, 0x8F, 0x0E, 0x3F, 0xF0, 0xFE, 0x01, 0xC0, 0x01, 0x80, 0x0C, 0x00, 0xE0, 0x0E, 0x00, 0x60,
    0x03, 0x00, 0x7F, 0x07, 0xFC, 0x70, 0xF7, 0x03, 0xB8, 0x0D, 0xFF, 0xFF, 0xFF, 0x70, 0x03, 0x80,
    0x1C, 0x04, 0x78, 0x71, 0xFF, 0x87, 0xF0, 0x0E, 0x00, 0x00, 0x00, 0x78, 0x03, 0xE0, 0x33, 0x81,
    0x08, 0x03, 0x00, 0x7F, 0x07, 0xFC, 0x70, 0xF7, 0x03, 0xB8, 0x0D, 0xFF, 0xFF, 0xFF, 0x70, 0x03,
    0x80, 0x1C, 0x04, 0x78, 0x71, 0xFF, 0x87, 0xF0, 0x0E, 0x00, 0x19, 0xC1, 0xEE, 0x06, 0x70, 0x00,
    0x00, 0x60, 0x0F, 0xE0, 0xFF, 0x8E, 0x1E, 0xE0, 0x77, 0x01, 0xBF, 0xFF, 0xFF, 0xEE, 0x00, 0x70,
    0x03, 0x80, 0x8F, 0x0E, 0x3F, 0xF0, 0xFE, 0x01, 0xC0, 0xE7, 0x9C, 0x70, 0x1C, 0xE7, 0x39, 0xCE,
    0x73, 0x9C, 0xE7, 0x38, 0xC0, 0x19, 0xCE, 0xE6, 0x03, 0x9C, 0xE7, 0x39, 0xCE, 0x73, 0x9C, 0xE7,
    0x18, 0x00, 0x79, 0xFF, 0x34, 0x20, 0x0E, 0x1C, 0x38, 0x70, 0xE1, 0xC3, 0x87, 0x0E, 0x1C, 0x38,
    0x70, 0x60, 0xE6, 0xEF, 0xE6, 0x00, 0x00, 0x38, 0x38, 0x38, 0x38, 0x38, 0x38, 0x38, 0x38, 0x38,
    0x38, 0x38, 0x38, 0x18, 0x1C, 0x00, 0xF8, 0x07, 0xFC, 0x1F, 0xE1, 0xFE, 0x0E, 0x70, 0x7F, 0xC7,
    0xFE, 0x78, 0xF7, 0x83, 0xB8, 0x1F, 0xC0, 0x7E, 0x03, 0xF0, 0x1F, 0x81, 0xDE, 0x0E, 0x78, 0xE1,
    0xFF, 0x07, 0xF0, 0x00, 0x00, 0x00, 0x01, 0xE6, 0x3F, 0xE3, 0x3E, 0x10, 0x80, 0x38, 0x6F, 0xEF,
    0xFE, 0xF8, 0xFF, 0x07, 0xE0, 0x7E, 0x07, 0xE0, 0x7E, 0x07, 0xE0, 0x7E, 0x07, 0xE0, 0x7E, 0x07,
    0x60, 0x30, 0x1C, 0x00, 0x70, 0x00, 0xE0, 0x01, 0xC0, 0x07, 0x00, 0x7F, 0x03, 0xFF, 0x1E, 0x1C,
    0xE0, 0x3B, 0x80, 0xEE, 0x01, 0xB8, 0x06, 0xE0, 0x1B, 0x80, 0xEE, 0x03, 0x9E, 0x1C, 0x3F, 0xF0,
    0x7F, 0x00, 0x70, 0x00, 0x00, 0x80, 0x07, 0x00, 0x3C, 0x00, 0xE0, 0x03, 0x00, 0x1C, 0x01, 0xFC,
    0x0F, 0xFC, 0x78, 0x73, 0x80, 0xEE, 0x03, 0xB8, 0x06, 0xE0, 0x1B, 0x80, 0x6E, 0x03, 0xB8, 0x0E,
    0x78, 0x70, 0xFF, 0xC1, 0xFC, 0x01, 0xC0, 0x00, 0x00, 0x1E, 0x00, 0xF8, 0x07, 0x70, 0x08, 0x40,
    0x1C, 0x01, 0xFC, 0x0F, 0xFC, 0x78, 0x73, 0x80, 0xEE, 0x03, 0xB8, 0x06, 0xE0, 0x1B, 0x80, 0x6E,
    0x03, 0xB8, 0x0E, 0x78, 0x70, 0xFF, 0xC1, 0xFC, 0x01, 0xC0, 0x00, 0x00, 0x79, 0x83, 0xFE, 0x0C,
    0xF8, 0x10, 0x80, 0x1C, 0x01, 0xFC, 0x0F, 0xFC, 0x78, 0x73, 0x80, 0xEE, 0x03, 0xB8, 0x06, 0xE0,
    0x1B, 0x80, 0x6E, 0x03, 0xB8, 0x0E, 0x78, 0x70, 0xFF, 0xC1, 0xFC, 0x01, 0xC0, 0x18, 0xC0, 0x77,
    0x01, 0xDC, 0x00, 0x00, 0x07, 0x00, 0x7F, 0x03, 0xFF, 0x1E, 0x1C, 0xE0, 0x3B, 0x80, 0xEE, 0x01,
    0xB8, 0x06, 0xE0, 0x1B, 0x80, 0xEE, 0x03, 0x9E, 0x1C, 0x3F, 0xF0, 0x7F, 0x00, 0x70, 0x00, 0x00,
    0x00, 0x38, 0x03, 0xC0, 0x0C, 0x00, 0x00, 0x3F, 0xFB, 0xFF, 0xFF, 0xFE, 0x00, 0x00, 0x10, 0x01,
    0xC0, 0x0E, 0x00, 0x60, 0x00, 0x07, 0x18, 0x7F, 0xE3, 0xFF, 0x9E, 0x3C, 0xE0, 0xFB, 0x87, 0xEE,
    0x39, 0xB9, 0xC6, 0xEE, 0x1B, 0xF8, 0xEF, 0xC3, 0x9E, 0x1C, 0x7F, 0xF3, 0xFF, 0x0C, 0x70, 0x00,
    0x18, 0x01, 0xC0, 0x0E, 0x00, 0x60, 0x00, 0x06, 0x07, 0xE0, 0x7E, 0x07, 0xE0, 0x7E, 0x07, 0xE0,
    0x7E, 0x07, 0xE0, 0x7E, 0x07, 0x70, 0x77, 0x0E, 0x3F, 0xE1, 0xFC, 0x06, 0x00, 0x01, 0x80, 0x18,
    0x03, 0x80, 0x70, 0x06, 0x00, 0x00, 0x60, 0x7E, 0x07, 0xE0, 0x7E, 0x07, 0xE0, 0x7E, 0x07, 0xE0,
    0x7E, 0x07, 0xE0, 0x77, 0x07, 0x70, 0xE3, 0xFE, 0x1F, 0xC0, 0x60, 0x00, 0x00, 0xF0, 0x0F, 0x81,
    0x9C, 0x10, 0x80, 0x00, 0x60, 0x7E, 0x07, 0xE0, 0x7E, 0x07, 0xE0, 0x7E, 0x07, 0xE0, 0x7E, 0x07,
    0xE0, 0x77, 0x07, 0x70, 0xE3, 0xFE, 0x1F, 0xC0, 0x60, 0x19, 0xC3, 0xDC, 0x19, 0xC0, 0x00, 0x00,
    0x06, 0x07, 0xE0, 0x7E, 0x07, 0xE0, 0x7E, 0x07, 0xE0, 0x7E, 0x07, 0xE0, 0x7E, 0x07, 0x70, 0x77,
    0x0E, 0x3F, 0xE1, 0xFC, 0x06, 0x00, 0x01, 0x80, 0x18, 0x03, 0x80, 0x70, 0x06, 0x00, 0x00, 0x60,
    0x7E, 0x07, 0xE0, 0x7E, 0x07, 0xE0, 0x7E, 0x07, 0xE0, 0x7E, 0x07, 0xE0, 0x76, 0x07, 0x70, 0xF7,
    0xFF, 0x3F, 0xF0, 0xC7, 0x00, 0xE7, 0x1E, 0x7F, 0xC3, 0xF8, 0x60, 0x03, 0x80, 0x0E, 0x00, 0x38,
    0x00, 0xE0, 0x03, 0x80, 0x0E, 0xFE, 0x3F, 0xFC, 0xF8, 0x73, 0xC0, 0xEE, 0x01, 0xB8, 0x07, 0xE0,
    0x1F, 0x80, 0x7E, 0x01, 0xBC, 0x0E, 0xF8, 0x7B, 0xFF, 0xCE, 0xFE, 0x38, 0xC0, 0xE0, 0x03, 0x80,
    0x0E, 0x00, 0x18, 0x00, 0x19, 0xC3, 0x9C, 0x39, 0xC0, 0x00, 0x00, 0x06, 0x07, 0xE0, 0x7E, 0x07,
    0xE0, 0x7E, 0x07, 0xE0, 0x7E, 0x07, 0xE0, 0x7E, 0x07, 0x60, 0x77, 0x0F, 0x7F, 0xF3, 0xFF, 0x0C,
    0x70, 0x0E, 0x71, 0xE7, 0xFC, 0x3F, 0x80, 0x0F, 0xF0, 0x0F, 0xF0, 0x07, 0xF0, 0x00, 0x00, 0x01,
    0x80, 0x01, 0xC0, 0x03, 0xC0, 0x03, 0xC0, 0x07, 0xE0, 0x07, 0xE0, 0x0E, 0x70, 0x0E, 0x70, 0x0C,
    0x30, 0x1C, 0x38, 0x1C, 0x38, 0x3F, 0xFC, 0x3F, 0xFC, 0x3F, 0xFE, 0x70, 0x0E, 0x70, 0x0E, 0xE0,
    0x07, 0xE0, 0x07, 0x00, 0x00, 0x1F, 0xC1, 0xFF, 0x07, 0xF0, 0x00, 0x00, 0x60, 0x0F, 0xFC, 0xFF,
    0xEE, 0x1F, 0xE0, 0x7F, 0x01, 0xF8, 0x0F, 0x80, 0x7E, 0x03, 0xF0, 0x1F, 0x81, 0xEE, 0x1F, 0x3F,
    0xF8, 0xFD, 0xC1, 0x80, 0x04, 0x30, 0x0E, 0x30, 0x07, 0xF0, 0x07, 0xE0, 0x00, 0x00, 0x01, 0x80,
    0x01, 0xC0, 0x03, 0xC0, 0x03, 0xC0, 0x07, 0xE0, 0x07, 0xE0, 0x0E, 0x70, 0x0E, 0x70, 0x0C, 0x30,
    0x1C, 0x38, 0x1C, 0x38, 0x3F, 0xFC, 0x3F, 0xFC, 0x3F, 0xFE, 0x70, 0x0E, 0x70, 0x0E, 0xE0, 0x07,
    0xE0, 0x07, 0x00, 0x00, 0x10, 0xC0, 0xC6, 0x07, 0xF0, 0x1F, 0x00, 0x60, 0x03, 0x00, 0x7F, 0xE7,
    0xFF, 0x70, 0xFF, 0x03, 0xF8, 0x0F, 0xC0, 0x7C, 0x03, 0xF0, 0x1F, 0x80, 0xFC, 0x0F, 0x70, 0xF9,
    0xFF, 0xC7, 0xEE, 0x0C, 0x00, 0x01, 0x80, 0x00, 0xE0, 0x00, 0xF0, 0x00, 0x78, 0x00, 0x7E, 0x00,
    0x3F, 0x00, 0x39, 0xC0, 0x1C, 0xE0, 0x0C, 0x30, 0x0E, 0x1C, 0x07, 0x0E, 0x07, 0xFF, 0x83, 0xFF,
    0xC1, 0xFF, 0xF1, 0xC0, 0x38, 0xE0, 0x1C, 0xE0, 0x07, 0x70, 0x07, 0x80, 0x07, 0x80, 0x03, 0x00,
    0x01, 0x90, 0x00, 0xF8, 0x00, 0x3C, 0x06, 0x00, 0xFF, 0xCF, 0xFE, 0xE1, 0xFE, 0x07, 0xF0, 0x1F,
    0x80, 0xF8, 0x07, 0xE0, 0x3F, 0x01, 0xF8, 0x1E, 0xE1, 0xF3, 0xFF, 0x8F, 0xFC, 0x1B, 0xC0, 0x18,
    0x00, 0xC8, 0x07, 0xC0, 0x3E, 0x00, 0x00, 0x00, 0x10, 0x00, 0xF0, 0x03, 0xC0, 0x06, 0x00, 0x00,
    0x00, 0x7E, 0x03, 0xFF, 0x0F, 0xFF, 0x3C, 0x0C, 0xE0, 0x03, 0xC0, 0x07, 0x00, 0x0E, 0x00, 0x1C,
    0x00, 0x38, 0x00, 0x70, 0x00, 0xE0, 0x01, 0xC0, 0x01, 0xC0, 0x03, 0xC0, 0x03, 0xE1, 0xE3, 0xFF,
    0xC3, 0xFE, 0x00, 0x60, 0x00, 0x80, 0x1C, 0x03, 0x80, 0x38, 0x03, 0x00, 0x70, 0x1F, 0xE3, 0xFE,
    0x78, 0x6F, 0x00, 0xE0, 0x0E, 0x00, 0xE0, 0x0E, 0x00, 0xE0, 0x0E, 0x00, 0x78, 0x63, 0xFE, 0x1F,
    0xE0, 0x70, 0x01, 0xC0, 0x07, 0xC0, 0x1D, 0xC0, 0x31, 0x80, 0x3F, 0x01, 0xFF, 0x87, 0xFF, 0x9E,
    0x06, 0x70, 0x01, 0xE0, 0x03, 0x80, 0x07, 0x00, 0x0E, 0x00, 0x1C, 0x00, 0x38, 0x00, 0x70, 0x00,
    0xE0, 0x00, 0xE0, 0x01, 0xE0, 0x01, 0xF0, 0xF1, 0xFF, 0xE1, 0xFF, 0x00, 0x30, 0x00, 0x00, 0x00,
    0x70, 0x0F, 0x81, 0xDC, 0x00, 0x40, 0x70, 0x1F, 0xE3, 0xFE, 0x78, 0x6F, 0x00, 0xE0, 0x0E, 0x00,
    0xE0, 0x0E, 0x00, 0xE0, 0x0E, 0x00, 0x78, 0x63, 0xFE, 0x1F, 0xE0, 0x70, 0x01, 0x80, 0x03, 0x80,
    0x07, 0x00, 0x00, 0x00, 0x3F, 0x01, 0xFF, 0x87, 0xFF, 0x9E, 0x06, 0x70, 0x01, 0xE0, 0x03, 0x80,
    0x07, 0x00, 0x0E, 0x00, 0x1C, 0x00, 0x38, 0x00, 0x70, 0x00, 0xE0, 0x00, 0xE0, 0x01, 0xE0, 0x01,
    0xF0, 0xF1, 0xFF, 0xE1, 0xFF, 0x00, 0x30, 0x00, 0x02, 0x00, 0x70, 0x07, 0x00, 0x20, 0x07, 0x01,
    0xFE, 0x3F, 0xE7, 0x86, 0xF0, 0x0E, 0x00, 0xE0, 0x0E, 0x00, 0xE0, 0x0E, 0x00, 0xE0, 0x07, 0x86,
    0x3F, 0xE1, 0xFE, 0x07, 0x00, 0x06, 0x30, 0x0E, 0xE0, 0x0F, 0x80, 0x0E, 0x00, 0x00, 0x00, 0x7E,
    0x03, 0xFF, 0x0F, 0xFF, 0x3C, 0x0C, 0xE0, 0x03, 0xC0, 0x07, 0x00, 0x0E, 0x00, 0x1C, 0x00, 0x38,
    0x00, 0x70, 0x00, 0xE0, 0x01, 0xC0, 0x01, 0xC0, 0x03, 0xC0, 0x03, 0xE1, 0xE3, 0xFF, 0xC3, 0xFE,
    0x00, 0x60, 0x18, 0xC1, 0xFC, 0x0F, 0x80, 0x70, 0x07, 0x01, 0xFE, 0x3F, 0xE7, 0x86, 0xF0, 0x0E,
    0x00, 0xE0, 0x0E, 0x00, 0xE0, 0x0E, 0x00, 0xE0, 0x07, 0x86, 0x3F, 0xE1, 0xFE, 0x07, 0x00, 0x31,
    0x80, 0x7F, 0x00, 0x7C, 0x00, 0x70, 0x00, 0x00, 0x1F, 0xF8, 0x3F, 0xFC, 0x7F, 0xFC, 0xE0, 0x3D,
    0xC0, 0x3B, 0x80, 0x3F, 0x00, 0x7E, 0x00, 0xFC, 0x01, 0xF8, 0x03, 0xF0, 0x07, 0xE0, 0x0F, 0xC0,
    0x1F, 0x80, 0x77, 0x00, 0xEE, 0x07, 0x9F, 0xFE, 0x3F, 0xF8, 0x00, 0x00, 0x13, 0x80, 0x0F, 0xE0,
    0x03, 0xB8, 0x00, 0xE6, 0x00, 0x3F, 0x81, 0x8E, 0x81, 0xFB, 0x80, 0xFF, 0xE0, 0x70, 0xF8, 0x38,
    0x1E, 0x0E, 0x03, 0x83, 0x80, 0xE0, 0xC0, 0x38, 0x38, 0x0E, 0x0E, 0x03, 0x83, 0x81, 0xE0, 0x70,
    0xF8, 0x0F, 0xFE, 0x01, 0xFB, 0x80, 0x18, 0x00, 0x3F, 0xF0, 0x1F, 0xFE, 0x0F, 0xFF, 0x87, 0x01,
    0xE3, 0x80, 0x71, 0xC0, 0x1C, 0xE0, 0x0E, 0x70, 0x07, 0xFE, 0x03, 0xFF, 0x01, 0xCE, 0x00, 0xE7,
    0x00, 0x73, 0x80, 0x39, 0xC0, 0x38, 0xE0, 0x1C, 0x70, 0x3C, 0x3F, 0xFC, 0x1F, 0xFC, 0x00, 0x00,
    0x10, 0x00, 0x70, 0x00, 0xE0, 0x07, 0xE0, 0x0F, 0xC0, 0xC7, 0x07, 0xEE, 0x1F, 0xFC, 0x70, 0xF9,
    0xC0, 0xF3, 0x80, 0xE7, 0x01, 0xCC, 0x03, 0x9C, 0x07, 0x38, 0x0E, 0x70, 0x3C, 0x70, 0xF8, 0x7F,
    0xF0, 0x7E, 0xE0, 0x30, 0x00, 0x3F, 0xC3, 0xFC, 0x3F, 0x80, 0x00, 0xFF, 0xEF, 0xFE, 0xFF, 0xEE,
    0x00, 0xE0, 0x0E, 0x00, 0xE0, 0x0E, 0x00, 0xFF, 0xCF, 0xFC, 0xE0, 0x0E, 0x00, 0xE0, 0x0E, 0x00,
    0xE0, 0x0E, 0x00, 0xFF, 0xEF, 0xFE, 0x1F, 0xC1, 0xFE, 0x0F, 0xF0, 0x00, 0x00, 0x60, 0x0F, 0xE0,
    0xFF, 0x8E, 0x1E, 0xE0, 0x77, 0x01, 0xBF, 0xFF, 0xFF, 0xEE, 0x00, 0x70, 0x03, 0x80, 0x8F, 0x0E,
    0x3F, 0xF0, 0xFE, 0x01, 0xC0, 0x20, 0x83, 0x1C, 0x3F, 0x81, 0xF8, 0x00, 0x0F, 0xFE, 0xFF, 0xEF,
    0xFE, 0xE0, 0x0E, 0x00, 0xE0, 0x0E, 0x00, 0xE0, 0x0F, 0xFC, 0xFF, 0xCE, 0x00, 0xE0, 0x0E, 0x00,
    0xE0, 0x0E, 0x00, 0xE0, 0x0F, 0xFE, 0xFF, 0xE0, 0x10, 0xC1, 0xCE, 0x07, 0xF0, 0x3F, 0x00, 0x60,
    0x03, 0x00, 0x7F, 0x07, 0xFC, 0x70, 0xF7, 0x03, 0xB8, 0x0D, 0xFF, 0xFF, 0xFF, 0x70, 0x03, 0x80,
    0x1C, 0x04, 0x78, 0x71, 0xFF, 0x87, 0xF0, 0x0E, 0x00, 0x06, 0x00, 0xE0, 0x0E, 0x00, 0x00, 0xFF,
    0xEF, 0xFE, 0xFF, 0xEE, 0x00, 0xE0, 0x0E, 0x00, 0xE0, 0x0E, 0x00, 0xFF, 0xCF, 0xFC, 0xE0, 0x0E,
    0x00, 0xE0, 0x0E, 0x00, 0xE0, 0x0E, 0x00, 0xFF, 0xEF, 0xFE, 0x02, 0x00, 0x38, 0x01, 0xC0, 0x04,
    0x00, 0x60, 0x0F, 0xE0, 0xFF, 0x8E, 0x1E, 0xE0, 0x77, 0x01, 0xBF, 0xFF, 0xFF, 0xEE, 0x00, 0x70,
    0x03, 0x80, 0x8F, 0x0E, 0x3F, 0xF0, 0xFE, 0x01, 0xC0, 0xFF, 0xEF, 0xFE, 0xFF, 0xEE, 0x00, 0xE0,
    0x0E, 0x00, 0xE0, 0x0E, 0x00, 0xFF, 0xCF, 0xFC, 0xE0, 0x0E, 0x00, 0xE0, 0x0E, 0x00, 0xE0, 0x0E,
    0x00, 0xFF, 0xEF, 0xFE, 0x03, 0xC0, 0x30, 0x03, 0x20, 0x3E, 0x01, 0xE0, 0x06, 0x00, 0xFE, 0x0F,
    0xF8, 0xE1, 0xEE, 0x07, 0x70, 0x1B, 0xFF, 0xFF, 0xFE, 0xE0, 0x07, 0x00, 0x38, 0x08, 0xF0, 0xE3,
    0xFF, 0x0F, 0xF0, 0x1F, 0x00, 0x30, 0x03, 0xB0, 0x0F, 0x80, 0x7C, 0x31, 0x81, 0xF8, 0x1F, 0x00,
    0xE0, 0x00, 0x0F, 0xFE, 0xFF, 0xEF, 0xFE, 0xE0, 0x0E, 0x00, 0xE0, 0x0E, 0x00, 0xE0, 0x0F, 0xFC,
    0xFF, 0xCE, 0x00, 0xE0, 0x0E, 0x00, 0xE0, 0x0E, 0x00, 0xE0, 0x0F, 0xFE, 0xFF, 0xE0, 0x19, 0xC0,
    0xFC, 0x03, 0xC0, 0x0E, 0x00, 0x60, 0x0F, 0xE0, 0xFF, 0x8E, 0x1E, 0xE0, 0x77, 0x01, 0xBF, 0xFF,
    0xFF, 0xEE, 0x00, 0x70, 0x03, 0x80, 0x8F, 0x0E, 0x3F, 0xF0, 0xFE, 0x01, 0xC0, 0x01, 0xC0, 0x07,
    0xC0, 0x1D, 0xC0, 0x31, 0x80, 0x3F, 0x81, 0xFF, 0x87, 0xFF, 0x9E, 0x02, 0x78, 0x00, 0xE0, 0x03,
    0x80, 0x07, 0x00, 0x0E, 0x00, 0x1C, 0x1F, 0xF8, 0x3F, 0xF0, 0x07, 0xE0, 0x0E, 0xE0, 0x1D, 0xE0,
    0x39, 0xF0, 0x71, 0xFF, 0xE0, 0xFF, 0x80, 0x38, 0x00, 0x00, 0x00, 0x3C, 0x03, 0xF0, 0x19, 0x80,
    0x84, 0x03, 0x00, 0x7F, 0x67, 0xFF, 0x78, 0x7F, 0x01, 0xF8, 0x0F, 0xC0, 0x3C, 0x01, 0xF0, 0x0F,
    0x80, 0xFC, 0x07, 0x78, 0x79, 0xFF, 0xC7, 0xFE, 0x0C, 0x70, 0x03, 0x9C, 0x78, 0xFF, 0x83, 0xF8,
    0x04, 0x10, 0x0C, 0x70, 0x1F, 0xC0, 0x1F, 0x00, 0x00, 0x00, 0x7F, 0x03, 0xFF, 0x0F, 0xFF, 0x3C,
    0x04, 0xF0, 0x01, 0xC0, 0x07, 0x00, 0x0E, 0x00, 0x1C, 0x00, 0x38, 0x3F, 0xF0, 0x7F, 0xE0, 0x0F,
    0xC0, 0x1D, 0xC0, 0x3B, 0xC0, 0x73, 0xE0, 0xE3, 0xFF, 0xC1, 0xFF, 0x00, 0x70, 0x18, 0x40, 0xC7,
    0x07, 0xF0, 0x1F, 0x80, 0x30, 0x03, 0x00, 0x7F, 0x67, 0xFF, 0x78, 0x7F, 0x01, 0xF8, 0x0F, 0xC0,
    0x3C, 0x01, 0xF0, 0x0F, 0x80, 0xFC, 0x07, 0x78, 0x79, 0xFF, 0xC7, 0xFE, 0x0C, 0x70, 0x03, 0x9C,
    0x78, 0xFF, 0x83, 0xF8, 0x01, 0xC0, 0x03, 0x80, 0x07, 0x00, 0x00, 0x00, 0x3F, 0x81, 0xFF, 0x87,
    0xFF, 0x9E, 0x02, 0x78, 0x00, 0xE0, 0x03, 0x80, 0x07, 0x00, 0x0E, 0x00, 0x1C, 0x1F, 0xF8, 0x3F,
    0xF0, 0x07, 0xE0, 0x0E, 0xE0, 0x1D, 0xE0, 0x39, 0xF0, 0x71, 0xFF, 0xE0, 0xFF, 0x80, 0x38, 0x00,
    0x02, 0x00, 0x38, 0x01, 0xC0, 0x04, 0x00, 0x60, 0x0F, 0xEC, 0xFF, 0xEF, 0x0F, 0xE0, 0x3F, 0x01,
    0xF8, 0x07, 0x80, 0x3E, 0x01, 0xF0, 0x1F, 0x80, 0xEF, 0x0F, 0x3F, 0xF8, 0xFF, 0xC1, 0x8E, 0x00,
    0x73, 0x8F, 0x1F, 0xF0, 0x7F, 0x00, 0x03, 0xF8, 0x1F, 0xF8, 0x7F, 0xF9, 0xE0, 0x27, 0x80, 0x0E,
    0x00, 0x38, 0x00, 0x70, 0x00, 0xE0, 0x01, 0xC1, 0xFF, 0x83, 0xFF, 0x00, 0x7E, 0x00, 0xEE, 0x01,
    0xDE, 0x03, 0x9F, 0x07, 0x1F, 0xFE, 0x0F, 0xF8, 0x03, 0x80, 0x0F, 0x00, 0x1E, 0x00, 0x3C, 0x00,
    0x70, 0x00, 0x03, 0x80, 0x3C, 0x01, 0x80, 0x0F, 0x00, 0x78, 0x01, 0x80, 0x18, 0x03, 0xFB, 0x3F,
    0xFB, 0xC3, 0xF8, 0x0F, 0xC0, 0x7E, 0x01, 0xE0, 0x0F, 0x80, 0x7C, 0x07, 0xE0, 0x3B, 0xC3, 0xCF,
    0xFE, 0x3F, 0xF0, 0x63, 0x80, 0x1C, 0xE3, 0xC7, 0xFC, 0x1F, 0xC0, 0x07, 0x80, 0x3E, 0x00, 0xFC,
    0x02, 0x10, 0xC0, 0x0F, 0x80, 0x7E, 0x01, 0xF8, 0x07, 0xE0, 0x1F, 0x80, 0x7E, 0x01, 0xF8, 0x07,
    0xFF, 0xFF, 0xFF, 0xFE, 0x01, 0xF8, 0x07, 0xE0, 0x1F, 0x80, 0x7E, 0x01, 0xF8, 0x07, 0xE0, 0x1F,
    0x80, 0x70, 0x38, 0x01, 0xF0, 0x0F, 0xE0, 0x30, 0x80, 0x18, 0x00, 0xE0, 0x03, 0x80, 0x0E, 0x00,
    0x38, 0x00, 0xE0, 0x03, 0xBF, 0x0F, 0xFE, 0x3E, 0x38, 0xF0, 0x73, 0x81, 0xCE, 0x07, 0x38, 0x1C,
    0xE0, 0x73, 0x81, 0xCE, 0x07, 0x38, 0x1C, 0xE0, 0x71, 0x81, 0xC0, 0x10, 0x03, 0x0E, 0x00, 0xC3,
    0x80, 0x30, 0xE0, 0x0C, 0xFF, 0xFF, 0xDF, 0xFF, 0xF3, 0x80, 0x30, 0xE0, 0x0C, 0x3F, 0xFF, 0x0F,
    0xFF, 0xC3, 0x80, 0x30, 0xE0, 0x0C, 0x38, 0x03, 0x0E, 0x00, 0xC3, 0x80, 0x30, 0xE0, 0x0C, 0x38,
    0x03, 0x0E, 0x00, 0xC0, 0x30, 0x03, 0x80, 0x1C, 0x01, 0xFC, 0x0F, 0xC0, 0x38, 0x01, 0xDF, 0x8F,
    0xFE, 0x7C, 0x73, 0xC1, 0xDC, 0x0E, 0xE0, 0x77, 0x03, 0xB8, 0x1D, 0xC0, 0xEE, 0x07, 0x70, 0x3B,
    0x81, 0xCC, 0x0E, 0x21, 0x7D, 0xFF, 0xF9, 0xE0, 0x00, 0xC0, 0x70, 0x38, 0x1C, 0x0E, 0x07, 0x03,
    0x81, 0xC0, 0xE0, 0x70, 0x38, 0x1C, 0x0E, 0x07, 0x03, 0x81, 0xC0, 0xE0, 0x70, 0x00, 0x3C, 0xFF,
    0xFD, 0xF4, 0x20, 0x00, 0x70, 0x38, 0x1C, 0x0E, 0x07, 0x03, 0x81, 0xC0, 0xE0, 0x70, 0x38, 0x1C,
    0x0E, 0x03, 0x00, 0xFF, 0x7F, 0xDF, 0xC0, 0x01, 0x80, 0xE0, 0x70, 0x38, 0x1C, 0x0E, 0x07, 0x03,
    0x81, 0xC0, 0xE0, 0x70, 0x38, 0x1C, 0x0E, 0x07, 0x03, 0x81, 0xC0, 0xE0, 0x7F, 0x3F, 0xDF, 0xE0,
    0x00, 0x00, 0xE0, 0x70, 0x38, 0x1C, 0x0E, 0x07, 0x03, 0x81, 0xC0, 0xE0, 0x70, 0x38, 0x1C, 0x06,
    0x00, 0x41, 0x71, 0x9F, 0xC7, 0xC0, 0x00, 0xC0, 0x70, 0x38, 0x1C, 0x0E, 0x07, 0x03, 0x81, 0xC0,
    0xE0, 0x70, 0x38, 0x1C, 0x0E, 0x07, 0x03, 0x81, 0xC0, 0xE0, 0x70, 0xC2, 0xC6, 0xFE, 0x7C, 0x18,
    0x00, 0x38, 0x38, 0x38, 0x38, 0x38, 0x38, 0x38, 0x38, 0x38, 0x38, 0x38, 0x38, 0x18, 0x18, 0x71,
    0xC7, 0x1C, 0x71, 0xC7, 0x1C, 0x71, 0xC7, 0x1C, 0x71, 0xC7, 0x1C, 0xF7, 0x18, 0x6D, 0xF7, 0xC0,
    0x10, 0xE3, 0x84, 0x00, 0xE3, 0x8E, 0x38, 0xE3, 0x8E, 0x38, 0xE3, 0x8E, 0x38, 0xE7, 0x38, 0xEB,
    0xF7, 0x80, 0xDF, 0x8D, 0xFF, 0xFF, 0xFF, 0xFF, 0xFF, 0xFF, 0xC0, 0x1F, 0xFF, 0xFF, 0xFF, 0xFE,
    0xC0, 0x40, 0x7C, 0x1F, 0x83, 0xF0, 0x7E, 0x0F, 0xC1, 0xF8, 0x3F, 0x07, 0xE0, 0xFC, 0x1F, 0x83,
    0xF0, 0x70, 0x0E, 0x01, 0xF8, 0x3F, 0x8E, 0x7F, 0xC7, 0xF0, 0x30, 0x00, 0x41, 0x71, 0xF8, 0xE8,
    0x20, 0x07, 0x1F, 0x8F, 0xC7, 0xE3, 0xF1, 0xF8, 0xFC, 0x7E, 0x3F, 0x1F, 0x8F, 0xC7, 0xE3, 0xB1,
    0xC0, 0xE0, 0x70, 0x70, 0xF8, 0x78, 0x00, 0xE0, 0x07, 0xC0, 0x1F, 0x80, 0xC2, 0x00, 0x60, 0x03,
    0x80, 0x0E, 0x00, 0x38, 0x00, 0xE0, 0x03, 0x80, 0x0E, 0x00, 0x38, 0x00, 0xE0, 0x03, 0x80, 0x0E,
    0x00, 0x38, 0x00, 0xE0, 0x03, 0x8E, 0x0E, 0x3C, 0x78, 0x7F, 0xC0, 0xFE, 0x00, 0xE0, 0x00, 0x00,
    0x3C, 0x3E, 0x67, 0x42, 0x00, 0x18, 0x1C, 0x1C, 0x1C, 0x1C, 0x1C, 0x1C, 0x1C, 0x1C, 0x1C, 0x1C,
    0x1C, 0x1C, 0x1C, 0x1C, 0x78, 0xF8, 0xF0, 0xC0, 0x0B, 0x80, 0xFE, 0x07, 0xB8, 0x3C, 0xE1, 0xE3,
    0x8F, 0x0E, 0x78, 0x3B, 0xC0, 0xFF, 0x03, 0xFE, 0x0F, 0xB8, 0x3C, 0x70, 0xE1, 0xE3, 0x83, 0xCE,
    0x07, 0x38, 0x0E, 0xE0, 0x3F, 0x80, 0x70, 0x00, 0x03, 0xC0, 0x0F, 0x00, 0x3C, 0x00, 0xE0, 0x00,
    0xC0, 0x18, 0x03, 0x00, 0x60, 0x0C, 0x01, 0x80, 0x30, 0x3E, 0x0F, 0xC3, 0xD8, 0xE3, 0x78, 0x7E,
    0x0F, 0xC1, 0xFC, 0x3B, 0xC6, 0x3C, 0xC3, 0xD8, 0x3F, 0x03, 0x80, 0x01, 0xC0, 0x3C, 0x03, 0x80,
    0xE0, 0x1C, 0x00, 0x00, 0xC0, 0xF8, 0x3F, 0x0F, 0x63, 0x8D, 0xE1, 0xF8, 0x3F, 0x07, 0xF0, 0xEF,
    0x18, 0xF3, 0x0F, 0x60, 0xFC, 0x0E, 0x10, 0x07, 0x01, 0xE0, 0x70, 0x00, 0x01, 0x80, 0x38, 0x07,
    0x00, 0xE0, 0x1C, 0x03, 0x80, 0x70, 0x0E, 0x01, 0xC0, 0x38, 0x07, 0x00, 0xE0, 0x1C, 0x03, 0x80,
    0x70, 0x0E, 0x01, 0xFF, 0xFF, 0xF8, 0x19, 0xDF, 0xC0, 0x63, 0x18, 0xC6, 0x31, 0x8C, 0x63, 0x18,
    0xC6, 0x31, 0x8C, 0x63, 0x18, 0xC0, 0x1C, 0x03, 0x80, 0x70, 0x0E, 0x01, 0xC0, 0x38, 0x07, 0x00,
    0xE0, 0x1C, 0x03, 0x80, 0x70, 0x0E, 0x01, 0xC0, 0x38, 0x07, 0x00, 0xFF, 0xFF, 0xFC, 0x00, 0x07,
    0x00, 0xE0, 0x1C, 0x07, 0x00, 0x66, 0x66, 0x66, 0x66, 0x66, 0x66, 0x66, 0x66, 0x66, 0x60, 0xEF,
    0x77, 0xE0, 0x07, 0x18, 0xF3, 0x9E, 0x71, 0xCE, 0x71, 0xCC, 0x38, 0x07, 0x00, 0xE0, 0x1C, 0x03,
    0x80, 0x70, 0x0E, 0x01, 0xC0, 0x38, 0x07, 0x00, 0xE0, 0x1F, 0xFF, 0xFF, 0x80, 0xDD, 0xBF, 0x7E,
    0x7D, 0xDB, 0x30, 0x60, 0xC1, 0x83, 0x06, 0x0C, 0x18, 0x30, 0x60, 0xC1, 0x83, 0x00, 0xC0, 0x1C,
    0x03, 0x80, 0x70, 0x0E, 0x01, 0xC0, 0x38, 0x07, 0x0E, 0xE1, 0xDC, 0x3B, 0x80, 0x70, 0x0E, 0x01,
    0xC0, 0x38, 0x07, 0x00, 0xFF, 0xFF, 0xFC, 0xC1, 0x83, 0x06, 0x0C, 0x18, 0x30, 0x60, 0xCF, 0x9F,
    0x3E, 0x0C, 0x18, 0x30, 0x60, 0xC1, 0x83, 0x00, 0x10, 0x00, 0xE0, 0x03, 0x80, 0x0E, 0x00, 0x38,
    0x00, 0xE4, 0x03, 0xF0, 0x0F, 0xC0, 0xFC, 0x03, 0xE0, 0x0B, 0x80, 0x0E, 0x00, 0x38, 0x00, 0xE0,
    0x03, 0x80, 0x0E, 0x00, 0x3F, 0xF8, 0xFF, 0xE0, 0x18, 0x18, 0x18, 0x18, 0x18, 0x18, 0x18, 0x1F,
    0x1F, 0x7C, 0xF8, 0x58, 0x18, 0x18, 0x18, 0x18, 0x18, 0x18, 0x18, 0x00, 0x60, 0x01, 0xC0, 0x07,
    0x80, 0x1C, 0x00, 0x00, 0x18, 0x01, 0xB8, 0x03, 0x78, 0x06, 0xF0, 0x0D, 0xF0, 0x1B, 0x70, 0x36,
    0xF0, 0x6C, 0xE0, 0xD8, 0xE1, 0xB0, 0xE3, 0x61, 0xE6, 0xC1, 0xED, 0x81, 0xDB, 0x01, 0xF6, 0x03,
    0xEC, 0x03, 0xD8, 0x03, 0xB0, 0x03, 0x00, 0x00, 0x80, 0x1C, 0x03, 0xC0, 0x38, 0x03, 0x00, 0x38,
    0x6F, 0xEF, 0xFE, 0xF8, 0xFF, 0x07, 0xE0, 0x7E, 0x07, 0xE0, 0x7E, 0x07, 0xE0, 0x7E, 0x07, 0xE0,
    0x7E, 0x07, 0x60, 0x30, 0xC0, 0x0D, 0xC0, 0x1B, 0xC0, 0x37, 0x80, 0x6F, 0x80, 0xDB, 0x81, 0xB7,
    0x83, 0x67, 0x06, 0xC7, 0x0D, 0x87, 0x1B, 0x0F, 0x36, 0x0F, 0x6C, 0x0E, 0xD8, 0x0F, 0xB0, 0x1F,
    0x60, 0x1E, 0xC0, 0x1D, 0x80, 0x18, 0x00, 0x00, 0x1C, 0x00, 0x38, 0x00, 0x70, 0x00, 0xC0, 0x00,
    0x03, 0x86, 0xFE, 0xFF, 0xEF, 0x8F, 0xF0, 0x7E, 0x07, 0xE0, 0x7E, 0x07, 0xE0, 0x7E, 0x07, 0xE0,
    0x7E, 0x07, 0xE0, 0x76, 0x03, 0x00, 0x00, 0xF0, 0x0F, 0x00, 0x30, 0x07, 0x00, 0xE0, 0x00, 0x00,
    0x08, 0x60, 0x1F, 0xC0, 0x1F, 0x00, 0x1C, 0x00, 0x00, 0x18, 0x01, 0xB8, 0x03, 0x78, 0x06, 0xF0,
    0x0D, 0xF0, 0x1B, 0x70, 0x36, 0xF0, 0x6C, 0xE0, 0xD8, 0xE1, 0xB0, 0xE3, 0x61, 0xE6, 0xC1, 0xED,
    0x81, 0xDB, 0x01, 0xF6, 0x03, 0xEC, 0x03, 0xD8, 0x03, 0xB0, 0x03, 0x00, 0x18, 0xC1, 0xFC, 0x0F,
    0x80, 0x70, 0x03, 0x86, 0xFE, 0xFF, 0xEF, 0x8F, 0xF0, 0x7E, 0x07, 0xE0, 0x7E, 0x07, 0xE0, 0x7E,
    0x07, 0xE0, 0x7E, 0x07, 0xE0, 0x76, 0x03, 0x60, 0x01, 0xC0, 0x03, 0x80, 0x07, 0x00, 0x0C, 0x06,
    0x1B, 0xBF, 0x37, 0xFF, 0x4F, 0x0E, 0x1C, 0x0E, 0x38, 0x1C, 0x70, 0x38, 0xE0, 0x71, 0xC0, 0xE3,
    0x81, 0xC7, 0x03, 0x8E, 0x07, 0x1C, 0x0E, 0x38, 0x1C, 0xC0, 0x05, 0xC0, 0x1F, 0xC0, 0x3F, 0xC0,
    0x7F, 0x80, 0xFF, 0x81, 0xFB, 0x83, 0xF7, 0x87, 0xE7, 0x0F, 0xC7, 0x1F, 0x87, 0x3F, 0x0F, 0x7E,
    0x0F, 0xFC, 0x0F, 0xF8, 0x0F, 0xF0, 0x0F, 0xE0, 0x1F, 0x80, 0x1C, 0x00, 0x38, 0x00, 0x70, 0x01,
    0xE0, 0x0F, 0x80, 0x1E, 0x00, 0x03, 0x86, 0xFE, 0xFF, 0xEF, 0x8F, 0xF0, 0x7E, 0x07, 0xE0, 0x7E,
    0x07, 0xE0, 0x7E, 0x07, 0xE0, 0x7E, 0x07, 0xE0, 0x76, 0x07, 0x00, 0x70, 0x07, 0x00, 0x70, 0x3E,
    0x03, 0xC0, 0x07, 0xF0, 0x07, 0xFC, 0x01, 0xFC, 0x00, 0x00, 0x00, 0x7F, 0x00, 0xFF, 0xE0, 0xFF,
    0xF8, 0xF0, 0x1E, 0x70, 0x07, 0x78, 0x01, 0xF8, 0x00, 0xFC, 0x00, 0x7E, 0x00, 0x3F, 0x00, 0x1F,
    0x80, 0x0F, 0xC0, 0x07, 0xE0, 0x03, 0xB8, 0x03, 0x9E, 0x03, 0xC7, 0x83, 0xC1, 0xFF, 0xC0, 0x7F,
    0xC0, 0x07, 0x00, 0x1F, 0xC0, 0xFF, 0x81, 0xFC, 0x00, 0x00, 0x07, 0x00, 0x7F, 0x03, 0xFF, 0x1E,
    0x1C, 0xE0, 0x3B, 0x80, 0xEE, 0x01, 0xB8, 0x06, 0xE0, 0x1B, 0x80, 0xEE, 0x03, 0x9E, 0x1C, 0x3F,
    0xF0, 0x7F, 0x00, 0x70, 0x00, 0x04, 0x10, 0x03, 0x1C, 0x01, 0xFC, 0x00, 0x7C, 0x00, 0x00, 0x00,
    0x3F, 0x80, 0x7F, 0xF0, 0x7F, 0xFC, 0x78, 0x0F, 0x38, 0x03, 0xBC, 0x00, 0xFC, 0x00, 0x7E, 0x00,
    0x3F, 0x00, 0x1F, 0x80, 0x0F, 0xC0, 0x07, 0xE0, 0x03, 0xF0, 0x01, 0xDC, 0x01, 0xCF, 0x01, 0xE3,
    0xC1, 0xE0, 0xFF, 0xE0, 0x3F, 0xE0, 0x03, 0x80, 0x10, 0x40, 0x63, 0x01, 0xFC, 0x03, 0xE0, 0x02,
    0x00, 0x1C, 0x01, 0xFC, 0x0F, 0xFC, 0x78, 0x73, 0x80, 0xEE, 0x03, 0xB8, 0x06, 0xE0, 0x1B, 0x80,
    0x6E, 0x03, 0xB8, 0x0E, 0x78, 0x70, 0xFF, 0xC1, 0xFC, 0x01, 0xC0, 0x01, 0x98, 0x01, 0xDE, 0x00,
    0xEE, 0x00, 0xEE, 0x00, 0x00, 0x00, 0x3F, 0x80, 0x7F, 0xF0, 0x7F, 0xFC, 0x78, 0x0F, 0x38, 0x03,
    0xBC, 0x00, 0xFC, 0x00, 0x7E, 0x00, 0x3F, 0x00, 0x1F, 0x80, 0x0F, 0xC0, 0x07, 0xE0, 0x03, 0xF0,
    0x01, 0xDC, 0x01, 0xCF, 0x01, 0xE3, 0xC1, 0xE0, 0xFF, 0xE0, 0x3F, 0xE0, 0x03, 0x80, 0x00, 0x00,
    0x19, 0x80, 0xEE, 0x03, 0x70, 0x09, 0x80, 0x1C, 0x01, 0xFC, 0x0F, 0xFC, 0x78, 0x73, 0x80, 0xEE,
    0x03, 0xB8, 0x06, 0xE0, 0x1B, 0x80, 0x6E, 0x03, 0xB8, 0x0E, 0x78, 0x70, 0xFF, 0xC1, 0xFC, 0x01,
    0xC0, 0x07, 0xFF, 0xFC, 0x3F, 0xFF, 0xFC, 0xFF, 0xFF, 0xF3, 0xC0, 0xE0, 0x07, 0x01, 0xC0, 0x1C,
    0x03, 0x80, 0x38, 0x07, 0x00, 0x70, 0x0E, 0x00, 0xE0, 0x1F, 0xFD, 0xC0, 0x3F, 0xFB, 0x80, 0x7F,
    0xC7, 0x00, 0xE0, 0x0E, 0x01, 0xC0, 0x0E, 0x03, 0x80, 0x1C, 0x07, 0x00, 0x1E, 0x0E, 0x00, 0x3F,
    0xFF, 0xFE, 0x1F, 0xFF, 0xFC, 0x07, 0x00, 0xC0, 0x1F, 0xC3, 0xF8, 0x3F, 0xF7, 0xFC, 0x78, 0x7E,
    0x1E, 0xE0, 0x3C, 0x0E, 0xE0, 0x3C, 0x06, 0xE0, 0x1F, 0xFE, 0xE0, 0x1F, 0xFE, 0xE0, 0x1C, 0x00,
    0xE0, 0x3C, 0x00, 0xE0, 0x3C, 0x04, 0x78, 0x7F, 0x0E, 0x3F, 0xF7, 0xFE, 0x1F, 0xC3, 0xF8, 0x07,
    0x00, 0xE0, 0x00, 0xC0, 0x07, 0x00, 0x3C, 0x00, 0xC0, 0x00, 0x03, 0xFF, 0x0F, 0xFF, 0x3F, 0xFE,
    0xE0, 0x3B, 0x80, 0xEE, 0x01, 0xB8, 0x0E, 0xE0, 0x3B, 0x81, 0xCF, 0xFF, 0x3F, 0xFC, 0xE0, 0x73,
    0x80, 0xEE, 0x03, 0xB8, 0x0E, 0xE0, 0x3B, 0x80, 0x7E, 0x01, 0xC0, 0x06, 0x07, 0x03, 0x83, 0x81,
    0x80, 0x19, 0xBF, 0xFF, 0xF8, 0x78, 0x38, 0x1C, 0x0E, 0x07, 0x03, 0x81, 0xC0, 0xE0, 0x70, 0x18,
    0x00, 0xFF, 0xC3, 0xFF, 0xCF, 0xFF, 0xB8, 0x0E, 0xE0, 0x3B, 0x80, 0x6E, 0x03, 0xB8, 0x0E, 0xE0,
    0x73, 0xFF, 0xCF, 0xFF, 0x38, 0x1C, 0xE0, 0x3B, 0x80, 0xEE, 0x03, 0xB8, 0x0E, 0xE0, 0x1F, 0x80,
    0x70, 0x00, 0x01, 0xC0, 0x07, 0x00, 0x1C, 0x00, 0x60, 0x00, 0x01, 0x8D, 0xF7, 0xFD, 0xF0, 0x78,
    0x1C, 0x07, 0x01, 0xC0, 0x70, 0x1C, 0x07, 0x01, 0xC0, 0x70, 0x0C, 0x00, 0x01, 0xC0, 0x78, 0x0E,
    0x07, 0x01, 0xC0, 0x00, 0x00, 0x18, 0xC0, 0x77, 0x00, 0xF8, 0x01, 0xC0, 0x00, 0x03, 0xFF, 0x0F,
    0xFF, 0x3F, 0xFE, 0xE0, 0x3B, 0x80, 0xEE, 0x01, 0xB8, 0x0E, 0xE0, 0x3B, 0x81, 0xCF, 0xFF, 0x3F,
    0xFC, 0xE0, 0x73, 0x80, 0xEE, 0x03, 0xB8, 0x0E, 0xE0, 0x3B, 0x80, 0x7E, 0x01, 0xC0, 0x66, 0x3F,
    0x0F, 0x03, 0x00, 0x33, 0x7F, 0xFF, 0xF0, 0xF0, 0x70, 0x38, 0x1C, 0x0E, 0x07, 0x03, 0x81, 0xC0,
    0xE0, 0x30, 0x00, 0x00, 0x60, 0x03, 0x80, 0x1E, 0x00, 0xE0, 0x00, 0x00, 0x3F, 0x81, 0xFF, 0x0F,
    0xFE, 0x70, 0x39, 0xC0, 0x07, 0x00, 0x1E, 0x00, 0x3E, 0x00, 0x7F, 0x00, 0xFF, 0x00, 0x7E, 0x00,
    0x38, 0x00, 0x60, 0x01, 0xD8, 0x06, 0x78, 0x79, 0xFF, 0xC1, 0xFE, 0x00, 0xE0, 0x01, 0x80, 0x70,
    0x0E, 0x03, 0x80, 0x60, 0x0C, 0x07, 0xF1, 0xFF, 0x70, 0xEE, 0x01, 0xE0, 0x1F, 0x01, 0xFC, 0x0F,
    0xC0, 0x3B, 0x03, 0x70, 0xEF, 0xFC, 0xFF, 0x03, 0x00, 0x03, 0x80, 0x1F, 0x00, 0xFE, 0x02, 0x18,
    0x0F, 0xE0, 0x7F, 0xC3, 0xFF, 0x9C, 0x0E, 0x70, 0x01, 0xC0, 0x07, 0x80, 0x0F, 0x80, 0x1F, 0xC0,
    0x3F, 0xC0, 0x1F, 0x80, 0x0E, 0x00, 0x18, 0x00, 0x76, 0x01, 0x9E, 0x1E, 0x7F, 0xF0, 0x7F, 0x80,
    0x38, 0x00, 0x00, 0x01, 0xE0, 0x7E, 0x0C, 0xC1, 0x08, 0x0C, 0x07, 0xF1, 0xFF, 0x70, 0xEE, 0x01,
    0xE0, 0x1F, 0x01, 0xFC, 0x0F, 0xC0, 0x3B, 0x03, 0x70, 0xEF, 0xFC, 0xFF, 0x03, 0x00, 0x0F, 0xE0,
    0x7F, 0xC3, 0xFF, 0x9C, 0x0E, 0x70, 0x01, 0xC0, 0x07, 0x80, 0x0F, 0x80, 0x1F, 0xC0, 0x3F, 0xC0,
    0x1F, 0x80, 0x0E, 0x00, 0x18, 0x00, 0x76, 0x01, 0x9E, 0x1E, 0x7F, 0xF0, 0x7F, 0x80, 0x78, 0x01,
    0x80, 0x0E, 0x00, 0x38, 0x00, 0x06, 0x03, 0xF8, 0xFF, 0xB8, 0x77, 0x00, 0xF0, 0x0F, 0x80, 0xFE,
    0x07, 0xE0, 0x1D, 0x81, 0xB8, 0x77, 0xFE, 0x7F, 0x81, 0xC0, 0x70, 0x0E, 0x01, 0x80, 0x0C, 0x60,
    0x3F, 0x80, 0x7C, 0x00, 0xE0, 0x00, 0x00, 0x3F, 0x81, 0xFF, 0x0F, 0xFE, 0x70, 0x39, 0xC0, 0x07,
    0x00, 0x1E, 0x00, 0x3E, 0x00, 0x7F, 0x00, 0xFF, 0x00, 0x7E, 0x00, 0x38, 0x00, 0x60, 0x01, 0xD8,
    0x06, 0x78, 0x79, 0xFF, 0xC1, 0xFE, 0x00, 0xE0, 0x39, 0x83, 0xF0, 0x3C, 0x03, 0x00, 0x60, 0x3F,
    0x8F, 0xFB, 0x87, 0x70, 0x0F, 0x00, 0xF8, 0x0F, 0xE0, 0x7E, 0x01, 0xD8, 0x1B, 0x87, 0x7F, 0xE7,
    0xF8, 0x18, 0x00, 0x7F, 0xFD, 0xFF, 0xFD, 0xFF, 0xF0, 0x1C, 0x00, 0x38, 0x00, 0x70, 0x00, 0xE0,
    0x01, 0xC0, 0x03, 0x80, 0x07, 0x00, 0x0E, 0x00, 0x1C, 0x00, 0x38, 0x00, 0x70, 0x00, 0xE0, 0x01,
    0xC0, 0x03, 0x80, 0x07, 0x00, 0x0C, 0x00, 0x38, 0x00, 0x70, 0x00, 0xC0, 0x00, 0x00, 0x0C, 0x06,
    0x03, 0x0F, 0xF7, 0xF8, 0x60, 0x30, 0x18, 0x0C, 0x06, 0x03, 0x01, 0x80, 0xC0, 0x60, 0x3E, 0x1F,
    0x07, 0x03, 0x03, 0x81, 0xC0, 0x0C, 0x60, 0x1D, 0xC0, 0x1F, 0x00, 0x1C, 0x00, 0x00, 0x0F, 0xFF,
    0xBF, 0xFF, 0xBF, 0xFE, 0x03, 0x80, 0x07, 0x00, 0x0E, 0x00, 0x1C, 0x00, 0x38, 0x00, 0x70, 0x00,
    0xE0, 0x01, 0xC0, 0x03, 0x80, 0x07, 0x00, 0x0E, 0x00, 0x1C, 0x00, 0x38, 0x00, 0x70, 0x00, 0xE0,
    0x00, 0x03, 0x80, 0xF0, 0x3C, 0x07, 0x1B, 0x86, 0xC1, 0x83, 0xFC, 0xFF, 0x06, 0x01, 0x80, 0x60,
    0x18, 0x06, 0x01, 0x80, 0x60, 0x18, 0x06, 0x01, 0xF0, 0x7C, 0x7F, 0xFD, 0xFF, 0xFD, 0xFF, 0xF0,
    0x1C, 0x00, 0x38, 0x00, 0x70, 0x00, 0xE0, 0x01, 0xC0, 0x03, 0x80, 0x1F, 0xC0, 0x1F, 0x80, 0x1C,
    0x00, 0x38, 0x00, 0x70, 0x00, 0xE0, 0x01, 0xC0, 0x03, 0x80, 0x07, 0x00, 0x00, 0x0C, 0x06, 0x03,
    0x0F, 0xF7, 0xF8, 0x60, 0x30, 0x18, 0x0C, 0x1F, 0xCF, 0xE1, 0x80, 0xC0, 0x60, 0x3E, 0x1F, 0x00,
    0x04, 0x20, 0x7D, 0x83, 0xFE, 0x06, 0x78, 0x00, 0x03, 0x00, 0x3E, 0x01, 0xF8, 0x07, 0xE0, 0x1F,
    0x80, 0x7E, 0x01, 0xF8, 0x07, 0xE0, 0x1F, 0x80, 0x7E, 0x01, 0xF8, 0x07, 0xE0, 0x1F, 0x80, 0x7E,
    0x01, 0xFC, 0x0E, 0x78, 0x78, 0xFF, 0xC1, 0xFE, 0x00, 0xC0, 0x00, 0x01, 0xEE, 0x3F, 0xE3, 0x7C,
    0x20, 0x00, 0x00, 0x60, 0x7E, 0x07, 0xE0, 0x7E, 0x07, 0xE0, 0x7E, 0x07, 0xE0, 0x7E, 0x07, 0xE0,
    0x77, 0x07, 0x70, 0xE3, 0xFE, 0x1F, 0xC0, 0x60, 0x1F, 0xE0, 0x7F, 0x81, 0xFE, 0x00, 0x00, 0xC0,
    0x0F, 0x80, 0x7E, 0x01, 0xF8, 0x07, 0xE0, 0x1F, 0x80, 0x7E, 0x01, 0xF8, 0x07, 0xE0, 0x1F, 0x80,
    0x7E, 0x01, 0xF8, 0x07, 0xE0, 0x1F, 0x80, 0x7F, 0x03, 0x9E, 0x1E, 0x3F, 0xF0, 0x7F, 0x80, 0x30,
    0x00, 0x1F, 0xC3, 0xFC, 0x3F, 0xC0, 0x00, 0x00, 0x06, 0x07, 0xE0, 0x7E, 0x07, 0xE0, 0x7E, 0x07,
    0xE0, 0x7E, 0x07, 0xE0, 0x7E, 0x07, 0x70, 0x77, 0x0E, 0x3F, 0xE1, 0xFC, 0x06, 0x00, 0x18, 0x40,
    0x63, 0x81, 0xFC, 0x03, 0xF0, 0x00, 0x03, 0x00, 0x3E, 0x01, 0xF8, 0x07, 0xE0, 0x1F, 0x80, 0x7E,
    0x01, 0xF8, 0x07, 0xE0, 0x1F, 0x80, 0x7E, 0x01, 0xF8, 0x07, 0xE0, 0x1F, 0x80, 0x7E, 0x01, 0xFC,
    0x0E, 0x78, 0x78, 0xFF, 0xC1, 0xFE, 0x00, 0xC0, 0x10, 0xC3, 0x9C, 0x1F, 0xC1, 0xF8, 0x06, 0x00,
    0x00, 0x60, 0x7E, 0x07, 0xE0, 0x7E, 0x07, 0xE0, 0x7E, 0x07, 0xE0, 0x7E, 0x07, 0xE0, 0x77, 0x07,
    0x70, 0xE3, 0xFE, 0x1F, 0xC0, 0x60, 0x07, 0x80, 0x3F, 0x00, 0xCC, 0x03, 0x30, 0x07, 0x80, 0x0C,
    0x0C, 0x00, 0xF8, 0x07, 0xE0, 0x1F, 0x80, 0x7E, 0x01, 0xF8, 0x07, 0xE0, 0x1F, 0x80, 0x7E, 0x01,
    0xF8, 0x07, 0xE0, 0x1F, 0x80, 0x7E, 0x01, 0xF8, 0x07, 0xF0, 0x39, 0xE1, 0xE3, 0xFF, 0x07, 0xF8,
    0x03, 0x00, 0x00, 0x00, 0xF0, 0x1F, 0x81, 0x98, 0x1F, 0x80, 0xF0, 0x00, 0x06, 0x07, 0xE0, 0x7E,
    0x07, 0xE0, 0x7E, 0x07, 0xE0, 0x7E, 0x07, 0xE0, 0x7E, 0x07, 0x70, 0x77, 0x0E, 0x3F, 0xE1, 0xFC,
    0x06, 0x00, 0x07, 0x30, 0x1D, 0xC0, 0xEE, 0x03, 0x30, 0x00, 0x03, 0x00, 0x3E, 0x01, 0xF8, 0x07,
    0xE0, 0x1F, 0x80, 0x7E, 0x01, 0xF8, 0x07, 0xE0, 0x1F, 0x80, 0x7E, 0x01, 0xF8, 0x07, 0xE0, 0x1F,
    0x80, 0x7E, 0x01, 0xFC, 0x0E, 0x78, 0x78, 0xFF, 0xC1, 0xFE, 0x00, 0xC0, 0x00, 0x00, 0xEE, 0x0E,
    0xE1, 0xDC, 0x19, 0x80, 0x00, 0x60, 0x7E, 0x07, 0xE0, 0x7E, 0x07, 0xE0, 0x7E, 0x07, 0xE0, 0x7E,
    0x07, 0xE0, 0x77, 0x07, 0x70, 0xE3, 0xFE, 0x1F, 0xC0, 0x60, 0xC0, 0x0F, 0x80, 0x7E, 0x01, 0xF8,
    0x07, 0xE0, 0x1F, 0x80, 0x7E, 0x01, 0xF8, 0x07, 0xE0, 0x1F, 0x80, 0x7E, 0x01, 0xF8, 0x07, 0xE0,
    0x1F, 0x80, 0x7F, 0x03, 0x9E, 0x1E, 0x3F, 0xF0, 0x7F, 0x80, 0x38, 0x00, 0xC0, 0x03, 0x20, 0x0F,
    0xC0, 0x1E, 0x00, 0x60, 0x7E, 0x07, 0xE0, 0x7E, 0x07, 0xE0, 0x7E, 0x07, 0xE0, 0x7E, 0x07, 0xE0,
    0x77, 0x07, 0x70, 0xE3, 0xFE, 0x1F, 0xC0, 0x70, 0x07, 0x00, 0x76, 0x07, 0xE0, 0x3C, 0x00, 0x3C,
    0x00, 0x00, 0x7C, 0x00, 0x00, 0x7E, 0x00, 0x00, 0x42, 0x00, 0x60, 0x00, 0x06, 0xE0, 0x00, 0x07,
    0x70, 0x00, 0x0E, 0x70, 0x00, 0x0E, 0x70, 0x18, 0x0E, 0x38, 0x3C, 0x1C, 0x38, 0x3C, 0x1C, 0x38,
    0x3C, 0x1C, 0x1C, 0x7E, 0x38, 0x1C, 0x7E, 0x38, 0x1C, 0xE7, 0x38, 0x0E, 0xE7, 0x70, 0x0E, 0xC3,
    0x70, 0x0F, 0xC3, 0xF0, 0x07, 0x83, 0xE0, 0x07, 0x81, 0xE0, 0x07, 0x81, 0xE0, 0x03, 0x00, 0xC0,
    0x00, 0x00, 0x00, 0x1C, 0x00, 0x07, 0xC0, 0x01, 0xDC, 0x00, 0x00, 0x00, 0x00, 0x00, 0x18, 0x00,
    0x33, 0x80, 0x0E, 0x70, 0xE1, 0xCE, 0x1C, 0x38, 0xE7, 0x8E, 0x1C, 0xF9, 0xC3, 0x9B, 0x38, 0x3F,
    0x7E, 0x07, 0xEF, 0xC0, 0xF8, 0xF8, 0x0F, 0x1E, 0x01, 0xC1, 0xC0, 0x18, 0x30, 0x00, 0x00, 0x00,
    0x03, 0x80, 0x1F, 0x00, 0xFE, 0x02, 0x18, 0x40, 0x0F, 0x80, 0x77, 0x03, 0xDE, 0x0E, 0x38, 0x70,
    0x73, 0xC0, 0xEE, 0x03, 0xF0, 0x07, 0x80, 0x0E, 0x00, 0x38, 0x00, 0xE0, 0x03, 0x80, 0x0E, 0x00,
    0x38, 0x00, 0xE0, 0x03, 0x80, 0x0C, 0x00, 0x00, 0x00, 0xF0, 0x0F, 0x81, 0x9C, 0x10, 0x80, 0x00,
    0x60, 0x7E, 0x07, 0xE0, 0x7E, 0x07, 0xE0, 0x7E, 0x07, 0xE0, 0x7E, 0x07, 0xE0, 0x76, 0x07, 0x70,
    0xF7, 0xFF, 0x3F, 0xF0, 0xC7, 0x00, 0xE7, 0x1E, 0x7F, 0xC3, 0xF8, 0x0C, 0xE0, 0x73, 0x80, 0xCE,
    0x00, 0x00, 0x40, 0x0F, 0x80, 0x77, 0x03, 0xDE, 0x0E, 0x38, 0x70, 0x73, 0xC0, 0xEE, 0x03, 0xF0,
    0x07, 0x80, 0x0E, 0x00, 0x38, 0x00, 0xE0, 0x03, 0x80, 0x0E, 0x00, 0x38, 0x00, 0xE0, 0x03, 0x80,
    0x0C, 0x00, 0x00, 0x60, 0x01, 0xC0, 0x07, 0x80, 0x1C, 0x00, 0x00, 0x0F, 0xFF, 0x9F, 0xFF, 0x3F,
    0xFE, 0x00, 0x38, 0x00, 0xE0, 0x03, 0xC0, 0x0F, 0x00, 0x1C, 0x00, 0x70, 0x01, 0xE0, 0x07, 0x80,
    0x0E, 0x00, 0x38, 0x00, 0xF0, 0x03, 0xC0, 0x07, 0x00, 0x1F, 0xFF, 0xBF, 0xFF, 0x00, 0x01, 0x00,
    0x70, 0x1C, 0x07, 0x00, 0xC0, 0x00, 0x3F, 0xF7, 0xFE, 0x03, 0xC0, 0x70, 0x1C, 0x07, 0x01, 0xE0,
    0x38, 0x0E, 0x03, 0x80, 0xF0, 0x1F, 0xFB, 0xFF, 0x00, 0x03, 0x00, 0x0F, 0x00, 0x0E, 0x00, 0x00,
    0x07, 0xFF, 0xCF, 0xFF, 0x9F, 0xFF, 0x00, 0x1C, 0x00, 0x70, 0x01, 0xE0, 0x07, 0x80, 0x0E, 0x00,
    0x38, 0x00, 0xF0, 0x03, 0xC0, 0x07, 0x00, 0x1C, 0x00, 0x78, 0x01, 0xE0, 0x03, 0x80, 0x0F, 0xFF,
    0xDF, 0xFF, 0x80, 0x04, 0x01, 0xC0, 0x38, 0x02, 0x00, 0x01, 0xFF, 0xBF, 0xF0, 0x1E, 0x03, 0x80,
    0xE0, 0x38, 0x0F, 0x01, 0xC0, 0x70, 0x1C, 0x07, 0x80, 0xFF, 0xDF, 0xF8, 0x08, 0x60, 0x1F, 0x80,
    0x1F, 0x00, 0x1C, 0x00, 0x00, 0x0F, 0xFF, 0x9F, 0xFF, 0x3F, 0xFE, 0x00, 0x38, 0x00, 0xE0, 0x03,
    0xC0, 0x0F, 0x00, 0x1C, 0x00, 0x70, 0x01, 0xE0, 0x07, 0x80, 0x0E, 0x00, 0x38, 0x00, 0xF0, 0x03,
    0xC0, 0x07, 0x00, 0x1F, 0xFF, 0xBF, 0xFF, 0x00, 0x31, 0x87, 0xE0, 0x7C, 0x07, 0x00, 0x01, 0xFF,
    0xBF, 0xF0, 0x1E, 0x03, 0x80, 0xE0, 0x38, 0x0F, 0x01, 0xC0, 0x70, 0x1C, 0x07, 0x80, 0xFF, 0xDF,
    0xF8, 0x00, 0x04, 0x00, 0x07, 0x00, 0x03, 0x80, 0xFF, 0x81, 0xFF, 0xC1, 0xFF, 0xF1, 0xE0, 0x3C,
    0xE0, 0x0E, 0xF0, 0x03, 0xF0, 0x01, 0xF8, 0x00, 0xFC, 0x00, 0x7E, 0x00, 0x3F, 0x00, 0x1F, 0x80,
    0x0F, 0xC0, 0x07, 0x70, 0x07, 0x3C, 0x07, 0x8F, 0x07, 0x83, 0xFF, 0x80, 0xFF, 0x80, 0x0E, 0x00,
    0x00, 0x18, 0x00, 0x60, 0x71, 0x87, 0xFE, 0x3F, 0xF1, 0xE1, 0xCE, 0x03, 0xB8, 0x0E, 0xE0, 0x1B,
    0x80, 0x6E, 0x01, 0xB8, 0x0E, 0xE0, 0x39, 0xE1, 0xC3, 0xFF, 0x07, 0xF0, 0x07, 0x00, 0x00, 0x01,
    0x00, 0x01, 0xC0, 0x00, 0xF8, 0x01, 0xEE, 0x01, 0xF7, 0x00, 0xE3, 0x80, 0x71, 0xC0, 0x38, 0xE0,
    0x1C, 0x70, 0x0E, 0x38, 0x07, 0x1C, 0x03, 0x8E, 0x01, 0xC7, 0x00, 0xE3, 0x80, 0x71, 0xC0, 0x38,
    0xE0, 0x1C, 0x78, 0x1C, 0x1E, 0x1E, 0x07, 0xFE, 0x01, 0xFE, 0x00, 0x18, 0x00, 0x00, 0x04, 0x00,
    0x1C, 0x00, 0x3B, 0x03, 0xEE, 0x07, 0x9C, 0x0E, 0x38, 0x1C, 0x70, 0x38, 0xE0, 0x71, 0xC0, 0xE3,
    0x81, 0xC7, 0x03, 0x87, 0x07, 0x0E, 0x1C, 0x0F, 0xF8, 0x0F, 0xE0, 0x06, 0x00, 0x00, 0x00, 0x04,
    0x30, 0x00, 0x00, 0x07, 0xE0, 0x00, 0x00, 0x03, 0xE0, 0x00, 0x00, 0x03, 0xC0, 0x00, 0x00, 0x00,
    0x00, 0xFF, 0xC0, 0x3F, 0xFE, 0xFF, 0xF0, 0x3F, 0xFE, 0xFF, 0xF8, 0x3F, 0xFE, 0xE0, 0x3C, 0x00,
    0x1C, 0xE0, 0x1C, 0x00, 0x38, 0xE0, 0x0E, 0x00, 0x78, 0xE0, 0x0E, 0x00, 0xF0, 0xE0, 0x0E, 0x00,
    0xE0, 0xE0, 0x0E, 0x01, 0xC0, 0xE0, 0x0E, 0x03, 0xC0, 0xE0, 0x0E, 0x07, 0x80, 0xE0, 0x0E, 0x07,
    0x00, 0xE0, 0x0E, 0x0E, 0x00, 0xE0, 0x1C, 0x1E, 0x00, 0xE0, 0x1C, 0x3C, 0x00, 0xE0, 0x78, 0x38,
    0x00, 0xFF, 0xF0, 0x7F, 0xFE, 0xFF, 0xE0, 0x7F, 0xFE, 0xFF, 0xC0, 0x19, 0xDF, 0xFE, 0x03, 0xF3,
    0xFF, 0xE0, 0x3C, 0x70, 0x1E, 0x03, 0x8E, 0x01, 0xC0, 0x01, 0xC0, 0x1C, 0xFF, 0xF8, 0x03, 0x9F,
    0xFF, 0x00, 0x70, 0x0F, 0xE0, 0x0E, 0x01, 0xDC, 0x01, 0xC0, 0x73, 0x80, 0x38, 0x1C, 0x70, 0x07,
    0x07, 0x8E, 0x00, 0xE0, 0xE1, 0xC0, 0x38, 0x38, 0x38, 0x07, 0x0E, 0x07, 0x03, 0xC3, 0xC0, 0xFF,
    0xF0, 0x7F, 0xFF, 0xFC, 0x0F, 0xFC, 0x00, 0x10, 0x00, 0x00, 0x0E, 0x18, 0xC0, 0x03, 0x87, 0xF0,
    0x00, 0xE0, 0xF8, 0x00, 0x38, 0x1C, 0x01, 0x8E, 0x00, 0x01, 0xFB, 0x8F, 0xFC, 0xFF, 0xE3, 0xFF,
    0x70, 0xF8, 0x03, 0xB8, 0x1E, 0x01, 0xCE, 0x03, 0x80, 0xE3, 0x80, 0xE0, 0x78, 0xC0, 0x38, 0x1C,
    0x38, 0x0E, 0x0E, 0x0E, 0x03, 0x87, 0x83, 0x81, 0xE3, 0xC0, 0x70, 0xF8, 0xE0, 0x0F, 0xFE, 0x7F,
    0xF1, 0xFB, 0x9F, 0xFC, 0x18, 0x00, 0x00, 0xC0, 0x00, 0x02, 0xE0, 0x00, 0x07, 0xE0, 0x00, 0x07,
    0xE0, 0x00, 0x07, 0xE0, 0x00, 0x07, 0xE0, 0x00, 0x07, 0xE0, 0x00, 0x07, 0xE0, 0x00, 0x07, 0xE0,
    0x00, 0x07, 0xE0, 0x00, 0x07, 0xE0, 0x00, 0x07, 0xE0, 0x00, 0x07, 0xE0, 0x00, 0x07, 0xE0, 0x00,
    0x07, 0xE0, 0x06, 0x07, 0xE0, 0x07, 0x1E, 0xFF, 0xE7, 0xFE, 0xFF, 0xE1, 0xF8, 0x00, 0x00, 0x60,
    0xC0, 0x02, 0xE0, 0x07, 0xE0, 0x07, 0xE0, 0x02, 0xE0, 0x00, 0xE0, 0x03, 0xE0, 0x07, 0xE0, 0x07,
    0xE0, 0x07, 0xE0, 0x07, 0xE0, 0x07, 0xE0, 0x07, 0xE0, 0x07, 0xE0, 0x07, 0xE0, 0x07, 0xE0, 0x07,
    0xFF, 0xE7, 0xFF, 0xE7, 0x00, 0x07, 0x00, 0x07, 0x00, 0x0F, 0x00, 0x1E, 0x00, 0x1C, 0xC0, 0x61,
    0x31, 0xD8, 0xEC, 0x26, 0x03, 0x0D, 0x86, 0xC3, 0x61, 0xB0, 0xD8, 0x6C, 0x36, 0x1B, 0x0D, 0x86,
    0xC3, 0x61, 0xB0, 0xC0, 0x60, 0x70, 0x78, 0x78, 0x38, 0xC0, 0x0C, 0x00, 0x37, 0x00, 0x60, 0x01,
    0xFC, 0x03, 0x00, 0x0F, 0xE0, 0x18, 0x00, 0x7F, 0x80, 0xC0, 0x03, 0xEE, 0x06, 0x00, 0x1F, 0x78,
    0x30, 0x00, 0xF9, 0xC1, 0x80, 0x07, 0xC7, 0x0C, 0x00, 0x3E, 0x1C, 0x60, 0x01, 0xF0, 0xF3, 0x00,
    0x0F, 0x83, 0xD8, 0x00, 0x7C, 0x0E, 0xC0, 0x03, 0xE0, 0x3E, 0x00, 0x1F, 0x01, 0xF1, 0xC1, 0xD8,
    0x07, 0x87, 0x1E, 0xC0, 0x1C, 0x3F, 0xE6, 0x00, 0x60, 0xFE, 0x00, 0x00, 0x01, 0xC0, 0xC0, 0x0C,
    0x17, 0x00, 0x61, 0xFC, 0x03, 0x0F, 0xE0, 0x18, 0x2F, 0x80, 0xC0, 0x6E, 0x06, 0x1F, 0x78, 0x30,
    0xF9, 0xC1, 0x87, 0xC7, 0x0C, 0x3E, 0x1C, 0x61, 0xF0, 0xF3, 0x0F, 0x83, 0xD8, 0x7C, 0x0E, 0xC3,
    0xE0, 0x3E, 0x1F, 0x01, 0xF0, 0xF8, 0x07, 0x87, 0xC0, 0x1C, 0x3E, 0x00, 0x61, 0xC0, 0x00, 0x0E,
    0x00, 0x00, 0x70, 0x00, 0x07, 0x80, 0x00, 0xF8, 0x00, 0x03, 0x80, 0x00, 0x00, 0x80, 0x00, 0x38,
    0x00, 0x07, 0x00, 0x00, 0x40, 0x38, 0x00, 0xDF, 0xC1, 0xBF, 0xF8, 0x77, 0xC7, 0x8E, 0xF0, 0x71,
    0xDC, 0x0E, 0x3B, 0x81, 0xC7, 0x70, 0x38, 0xEE, 0x07, 0x1D, 0xC0, 0xE3, 0xB8, 0x1C, 0x77, 0x03,
    0x8E, 0xE0, 0x71, 0xCC, 0x06, 0x38, 0x00, 0x07, 0x00, 0x00, 0xE0, 0x00, 0x3C, 0x00, 0x0F, 0x00,
    0x01, 0xC0, 0x04, 0x30, 0x07, 0xE0, 0x03, 0xE0, 0x01, 0xC0, 0x00, 0x00, 0x01, 0x80, 0x01, 0xC0,
    0x03, 0xC0, 0x03, 0xC0, 0x07, 0xE0, 0x07, 0xE0, 0x0E, 0x70, 0x0E, 0x70, 0x0C, 0x30, 0x1C, 0x38,
    0x1C, 0x38, 0x3F, 0xFC, 0x3F, 0xFC, 0x3F, 0xFE, 0x70, 0x0E, 0x70, 0x0E, 0xE0, 0x07, 0xE0, 0x07,
    0x00, 0x00, 0x18, 0xC0, 0xFE, 0x03, 0xE0, 0x0E, 0x00, 0x60, 0x0F, 0xFC, 0xFF, 0xEE, 0x1F, 0xE0,
    0x7F, 0x01, 0xF8, 0x0F, 0x80, 0x7E, 0x03, 0xF0, 0x1F, 0x81, 0xEE, 0x1F, 0x3F, 0xF8, 0xFD, 0xC1,
    0x80, 0x63, 0x77, 0x3E, 0x1C, 0x00, 0x18, 0x1C, 0x1C, 0x1C, 0x1C, 0x1C, 0x1C, 0x1C, 0x1C, 0x1C,
    0x1C, 0x1C, 0x1C, 0x1C, 0x1C, 0x1C, 0x1C, 0x1C, 0xE6, 0xFD, 0xF1, 0xC0, 0x07, 0x0E, 0x1C, 0x38,
    0x70, 0xE1, 0xC3, 0x87, 0x0E, 0x1C, 0x38, 0x30, 0x06, 0x30, 0x03, 0xB8, 0x00, 0xF8, 0x00, 0x38,
    0x00, 0x00, 0x00, 0x3F, 0x80, 0x7F, 0xF0, 0x7F, 0xFC, 0x78, 0x0F, 0x38, 0x03, 0xBC, 0x00, 0xFC,
    0x00, 0x7E, 0x00, 0x3F, 0x00, 0x1F, 0x80, 0x0F, 0xC0, 0x07, 0xE0, 0x03, 0xF0, 0x01, 0xDC, 0x01,
    0xCF, 0x01, 0xE3, 0xC1, 0xE0, 0xFF, 0xE0, 0x3F, 0xE0, 0x03, 0x80, 0x18, 0xC0, 0x7F, 0x00, 0xF8,
    0x01, 0xC0, 0x07, 0x00, 0x7F, 0x03, 0xFF, 0x1E, 0x1C, 0xE0, 0x3B, 0x80, 0xEE, 0x01, 0xB8, 0x06,
    0xE0, 0x1B, 0x80, 0xEE, 0x03, 0x9E, 0x1C, 0x3F, 0xF0, 0x7F, 0x00, 0x70, 0x00, 0x18, 0x40, 0x3F,
    0x00, 0xF8, 0x01, 0xC0, 0x00, 0x03, 0x00, 0x3E, 0x01, 0xF8, 0x07, 0xE0, 0x1F, 0x80, 0x7E, 0x01,
    0xF8, 0x07, 0xE0, 0x1F, 0x80, 0x7E, 0x01, 0xF8, 0x07, 0xE0, 0x1F, 0x80, 0x7E, 0x01, 0xFC, 0x0E,
    0x78, 0x78, 0xFF, 0xC1, 0xFE, 0x00, 0xC0, 0x19, 0xC1, 0xF8, 0x0F, 0x00, 0x70, 0x00, 0x06, 0x07,
    0xE0, 0x7E, 0x07, 0xE0, 0x7E, 0x07, 0xE0, 0x7E, 0x07, 0xE0, 0x7E, 0x07, 0x70, 0x77, 0x0E, 0x3F,
    0xE1, 0xFC, 0x06, 0x00, 0x06, 0x30, 0x0E, 0xE0, 0x0F, 0x80, 0x0E, 0x00, 0x00, 0x00, 0x7F, 0x03,
    0xFF, 0x0F, 0xFF, 0x3C, 0x04, 0xF0, 0x01, 0xC0, 0x07, 0x00, 0x0E, 0x00, 0x1C, 0x00, 0x38, 0x3F,
    0xF0, 0x7F, 0xE0, 0x0F, 0xC0, 0x1D, 0xC0, 0x3B, 0xC0, 0x73, 0xE0, 0xE3, 0xFF, 0xC1, 0xFF, 0x00,
    0x70, 0x1C, 0xC0, 0x7E, 0x01, 0xE0, 0x06, 0x00, 0x60, 0x0F, 0xEC, 0xFF, 0xEF, 0x0F, 0xE0, 0x3F,
    0x01, 0xF8, 0x07, 0x80, 0x3E, 0x01, 0xF0, 0x1F, 0x80, 0xEF, 0x0F, 0x3F, 0xF8, 0xFF, 0xC1, 0x8E,
    0x00, 0x73, 0x8F, 0x1F, 0xF0, 0x7F, 0x00, 0x07, 0xF0, 0x0F, 0xFE, 0x0F, 0xFF, 0x8F, 0x01, 0xE7,
    0x00, 0x77, 0x80, 0x1F, 0x80, 0x0F, 0xC0, 0x07, 0xE0, 0x03, 0xF0, 0x01, 0xF8, 0x00, 0xFC, 0x00,
    0x7E, 0x00, 0x3B, 0x80, 0x39, 0xE0, 0x3C, 0x78, 0x3C, 0x1F, 0xFC, 0x07, 0xFC, 0x00, 0x70, 0x00,
    0x30, 0x00, 0x1B, 0x00, 0x0F, 0x80, 0x07, 0xC0, 0x07, 0x00, 0xFE, 0x0F, 0xF8, 0xF0, 0xEE, 0x03,
    0xF0, 0x1F, 0x80, 0x78, 0x03, 0xE0, 0x1F, 0x01, 0xF8, 0x0E, 0xF0, 0xE3, 0xFE, 0x0F, 0xE0, 0x1C,
    0x00, 0xC0, 0x06, 0x40, 0x3F, 0x00, 0xF0, 0xFF, 0xC0, 0x00, 0x1F, 0xFE, 0x00, 0x03, 0xFF, 0xE0,
    0x00, 0x70, 0x1E, 0x00, 0x0E, 0x01, 0xC0, 0x01, 0xC0, 0x1C, 0xFF, 0xF8, 0x03, 0x9F, 0xFF, 0x00,
    0x70, 0x0F, 0xE0, 0x0E, 0x01, 0xDC, 0x01, 0xC0, 0x73, 0x80, 0x38, 0x1C, 0x70, 0x07, 0x07, 0x8E,
    0x00, 0xE0, 0xE1, 0xC0, 0x38, 0x38, 0x38, 0x07, 0x0E, 0x07, 0x03, 0xC3, 0xC0, 0xFF, 0xF0, 0x7F,
    0xFF, 0xFC, 0x0F, 0xFC, 0x00, 0x30, 0x00, 0x70, 0x00, 0xF0, 0x01, 0xC0, 0x01, 0x80, 0x03, 0xE0,
    0x06, 0x60, 0x06, 0x60, 0x07, 0xE0, 0x03, 0xC0, 0x03, 0xC0, 0x03, 0xC0, 0x07, 0xE0, 0x07, 0xE0,
    0x0E, 0x70, 0x0E, 0x70, 0x0C, 0x30, 0x1C, 0x38, 0x1C, 0x38, 0x3F, 0xFC, 0x3F, 0xFC, 0x3F, 0xFE,
    0x70, 0x0E, 0x70, 0x0E, 0xE0, 0x07, 0xE0, 0x07, 0x00, 0x00, 0x00, 0x40, 0x0F, 0x00, 0xF0, 0x07,
    0x00, 0x00, 0x03, 0xC0, 0x3F, 0x01, 0x98, 0x0F, 0xC0, 0x3C, 0x01, 0x80, 0x3F, 0xF3, 0xFF, 0xB8,
    0x7F, 0x81, 0xFC, 0x07, 0xE0, 0x3E, 0x01, 0xF8, 0x0F, 0xC0, 0x7E, 0x07, 0xB8, 0x7C, 0xFF, 0xE3,
    0xF7, 0x06, 0x00, 0x00, 0x00, 0x60, 0x00, 0x03, 0x80, 0x00, 0x1E, 0x00, 0x00, 0xE0, 0x00, 0x00,
    0x00, 0x00, 0x7F, 0xE0, 0x03, 0xFF, 0xC0, 0x0F, 0xFE, 0x00, 0x78, 0x00, 0x03, 0xE0, 0x00, 0x0F,
    0x80, 0x00, 0x76, 0x00, 0x03, 0x98, 0x00, 0x0E, 0x7F, 0xE0, 0x71, 0xFF, 0x83, 0x87, 0x00, 0x1E,
    0x18, 0x00, 0x7F, 0xE0, 0x03, 0xFF, 0x80, 0x1C, 0x06, 0x00, 0x70, 0x18, 0x03, 0x80, 0x7F, 0xFC,
    0x01, 0xFF, 0xC0, 0x00, 0x00, 0x00, 0x18, 0x00, 0x01, 0xC0, 0x00, 0x0E, 0x00, 0x00, 0xE0, 0x00,
    0x06, 0x00, 0x03, 0x03, 0x80, 0xFF, 0x7F, 0x0F, 0xFF, 0xFC, 0xF0, 0xF8, 0x77, 0x07, 0x81, 0xC0,
    0x38, 0x0E, 0x7F, 0xFF, 0xF7, 0xFF, 0xFF, 0xF8, 0x70, 0x03, 0x83, 0x80, 0x1C, 0x1E, 0x02, 0xE1,
    0xF8, 0x77, 0xFD, 0xFF, 0x9F, 0xC7, 0xF8, 0x38, 0x06, 0x00, 0x00, 0x30, 0x00, 0x38, 0x00, 0x3C,
    0x00, 0x38, 0x00, 0x00, 0x10, 0x3F, 0x9C, 0x7F, 0xFC, 0x7F, 0xFE, 0x78, 0x1F, 0x38, 0x0F, 0xBC,
    0x0E, 0xFC, 0x0E, 0x7E, 0x0E, 0x3F, 0x07, 0x1F, 0x87, 0x0F, 0xC7, 0x07, 0xE7, 0x03, 0xF7, 0x01,
    0xDF, 0x81, 0xCF, 0x81, 0xE3, 0xC1, 0xE3, 0xFF, 0xE3, 0xBF, 0xE1, 0x83, 0x80, 0x00, 0x80, 0x07,
    0x00, 0x3C, 0x00, 0xE0, 0x03, 0x00, 0x1C, 0x61, 0xFF, 0x8F, 0xFE, 0x78, 0xF3, 0x83, 0xEE, 0x1F,
    0xB8, 0xE6, 0xE7, 0x1B, 0xB8, 0x6F, 0xE3, 0xBF, 0x0E, 0x78, 0x71, 0xFF, 0xCF, 0xFC, 0x31, 0xC0,
    0x00, 0x80, 0x1D, 0xC0, 0x1F, 0xE0, 0x0E, 0x70, 0x00, 0x00, 0x01, 0x80, 0x01, 0xC0, 0x03, 0xC0,
    0x03, 0xC0, 0x07, 0xE0, 0x07, 0xE0, 0x0E, 0x70, 0x0E, 0x70, 0x0C, 0x30, 0x1C, 0x38, 0x1C, 0x38,
    0x3F, 0xFC, 0x3F, 0xFC, 0x3F, 0xFE, 0x70, 0x0E, 0x70, 0x0E, 0xE0, 0x07, 0xE0, 0x07, 0x00, 0x00,
    0x00, 0x03, 0xB8, 0x0E, 0xE0, 0x3B, 0x80, 0xCC, 0x00, 0x00, 0x18, 0x03, 0xFF, 0x3F, 0xFB, 0x87,
    0xF8, 0x1F, 0xC0, 0x7E, 0x03, 0xE0, 0x1F, 0x80, 0xFC, 0x07, 0xE0, 0x7B, 0x87, 0xCF, 0xFE, 0x3F,
    0x70, 0x60, 0x00, 0x00, 0x80, 0x07, 0xE0, 0x07, 0xF0, 0x0E, 0x30, 0x00, 0x00, 0x01, 0x80, 0x01,
    0xC0, 0x03, 0xC0, 0x03, 0xC0, 0x07, 0xE0, 0x07, 0xE0, 0x0E, 0x70, 0x0E, 0x70, 0x0C, 0x30, 0x1C,
    0x38, 0x1C, 0x38, 0x3F, 0xFC, 0x3F, 0xFC, 0x3F, 0xFE, 0x70, 0x0E, 0x70, 0x0E, 0xE0, 0x07, 0xE0,
    0x07, 0x00, 0x00, 0x07, 0x00, 0x7E, 0x07, 0xF0, 0x31, 0xC1, 0x04, 0x03, 0x00, 0x7F, 0xE7, 0xFF,
    0x70, 0xFF, 0x03, 0xF8, 0x0F, 0xC0, 0x7C, 0x03, 0xF0, 0x1F, 0x80, 0xFC, 0x0F, 0x70, 0xF9, 0xFF,
    0xC7, 0xEE, 0x0C, 0x00, 0x00, 0x0E, 0x70, 0xFF, 0x83, 0x9C, 0x00, 0x0F, 0xFE, 0xFF, 0xEF, 0xFE,
    0xE0, 0x0E, 0x00, 0xE0, 0x0E, 0x00, 0xE0, 0x0F, 0xFC, 0xFF, 0xCE, 0x00, 0xE0, 0x0E, 0x00, 0xE0,
    0x0E, 0x00, 0xE0, 0x0F, 0xFE, 0xFF, 0xE0, 0x00, 0x03, 0xB8, 0x1F, 0xE0, 0x3F, 0x80, 0xC8, 0x00,
    0x00, 0x18, 0x03, 0xF8, 0x3F, 0xE3, 0x87, 0xB8, 0x1D, 0xC0, 0x6F, 0xFF, 0xFF, 0xFB, 0x80, 0x1C,
    0x00, 0xE0, 0x23, 0xC3, 0x8F, 0xFC, 0x3F, 0x80, 0x70, 0x00, 0x04, 0x01, 0xF8, 0x3F, 0x83, 0x1C,
    0x00, 0x0F, 0xFE, 0xFF, 0xEF, 0xFE, 0xE0, 0x0E, 0x00, 0xE0, 0x0E, 0x00, 0xE0, 0x0F, 0xFC, 0xFF,
    0xCE, 0x00, 0xE0, 0x0E, 0x00, 0xE0, 0x0E, 0x00, 0xE0, 0x0F, 0xFE, 0xFF, 0xE0, 0x07, 0x00, 0xFC,
    0x07, 0xF0, 0x71, 0x81, 0x04, 0x03, 0x00, 0x7F, 0x07, 0xFC, 0x70, 0xF7, 0x03, 0xB8, 0x0D, 0xFF,
    0xFF, 0xFF, 0x70, 0x03, 0x80, 0x1C, 0x04, 0x78, 0x71, 0xFF, 0x87, 0xF0, 0x0E, 0x00, 0x02, 0x1D,
    0xC7, 0xFC, 0xF7, 0x00, 0x01, 0x80, 0x70, 0x1C, 0x07, 0x01, 0xC0, 0x70, 0x1C, 0x07, 0x01, 0xC0,
    0x70, 0x1C, 0x07, 0x01, 0xC0, 0x70, 0x1C, 0x07, 0x01, 0xC0, 0x70, 0x00, 0x33, 0x1D, 0xC7, 0x71,
    0x98, 0x00, 0x00, 0x1C, 0x0E, 0x07, 0x03, 0x81, 0xC0, 0xE0, 0x70, 0x38, 0x1C, 0x0E, 0x07, 0x03,
    0x80, 0xC0, 0x08, 0x7E, 0x7F, 0xE3, 0x00, 0x18, 0x1C, 0x1C, 0x1C, 0x1C, 0x1C, 0x1C, 0x1C, 0x1C,
    0x1C, 0x1C, 0x1C, 0x1C, 0x1C, 0x1C, 0x1C, 0x1C, 0x1C, 0x18, 0x7E, 0xFE, 0xC7, 0xC2, 0x00, 0x38,
    0x38, 0x38, 0x38, 0x38, 0x38, 0x38, 0x38, 0x38, 0x38, 0x38, 0x38, 0x18, 0x00, 0x80, 0x0E, 0xF0,
    0x07, 0xBC, 0x00, 0xEE, 0x00, 0x00, 0x00, 0x3F, 0x80, 0x7F, 0xF0, 0x7F, 0xFC, 0x78, 0x0F, 0x38,
    0x03, 0xBC, 0x00, 0xFC, 0x00, 0x7E, 0x00, 0x3F, 0x00, 0x1F, 0x80, 0x0F, 0xC0, 0x07, 0xE0, 0x03,
    0xF0, 0x01, 0xDC, 0x01, 0xCF, 0x01, 0xE3, 0xC1, 0xE0, 0xFF, 0xE0, 0x3F, 0xE0, 0x03, 0x80, 0x00,
    0x00, 0xDC, 0x03, 0xB8, 0x07, 0x70, 0x0C, 0xC0, 0x00, 0x00, 0x70, 0x07, 0xF0, 0x3F, 0xF1, 0xE1,
    0xCE, 0x03, 0xB8, 0x0E, 0xE0, 0x1B, 0x80, 0x6E, 0x01, 0xB8, 0x0E, 0xE0, 0x39, 0xE1, 0xC3, 0xFF,
    0x07, 0xF0, 0x07, 0x00, 0x00, 0x80, 0x01, 0xF0, 0x01, 0xFC, 0x00, 0xC6, 0x00, 0x00, 0x00, 0x3F,
    0x80, 0x7F, 0xF0, 0x7F, 0xFC, 0x78, 0x0F, 0x38, 0x03, 0xBC, 0x00, 0xFC, 0x00, 0x7E, 0x00, 0x3F,
    0x00, 0x1F, 0x80, 0x0F, 0xC0, 0x07, 0xE0, 0x03, 0xF0, 0x01, 0xDC, 0x01, 0xCF, 0x01, 0xE3, 0xC1,
    0xE0, 0xFF, 0xE0, 0x3F, 0xE0, 0x03, 0x80, 0x07, 0x00, 0x3F, 0x01, 0xFC, 0x06, 0x38, 0x18, 0x40,
    0x1C, 0x01, 0xFC, 0x0F, 0xFC, 0x78, 0x73, 0x80, 0xEE, 0x03, 0xB8, 0x06, 0xE0, 0x1B, 0x80, 0x6E,
    0x03, 0xB8, 0x0E, 0x78, 0x70, 0xFF, 0xC1, 0xFC, 0x01, 0xC0, 0x02, 0x01, 0xDC, 0x07, 0xBC, 0x0F,
    0x70, 0x00, 0x03, 0xFF, 0x0F, 0xFF, 0x3F, 0xFE, 0xE0, 0x3B, 0x80, 0xEE, 0x01, 0xB8, 0x0E, 0xE0,
    0x3B, 0x81, 0xCF, 0xFF, 0x3F, 0xFC, 0xE0, 0x73, 0x80, 0xEE, 0x03, 0xB8, 0x0E, 0xE0, 0x3B, 0x80,
    0x7E, 0x01, 0xC0, 0x00, 0x3B, 0x8F, 0xF1, 0xDC, 0x13, 0x00, 0x00, 0x18, 0xDF, 0x7F, 0xDF, 0x07,
    0x81, 0xC0, 0x70, 0x1C, 0x07, 0x01, 0xC0, 0x70, 0x1C, 0x07, 0x00, 0xC0, 0x02, 0x00, 0x3E, 0x01,
    0xFC, 0x06, 0x30, 0x00, 0x03, 0xFF, 0x0F, 0xFF, 0x3F, 0xFE, 0xE0, 0x3B, 0x80, 0xEE, 0x01, 0xB8,
    0x0E, 0xE0, 0x3B, 0x81, 0xCF, 0xFF, 0x3F, 0xFC, 0xE0, 0x73, 0x80, 0xEE, 0x03, 0xB8, 0x0E, 0xE0,
    0x3B, 0x80, 0x7E, 0x01, 0xC0, 0x1C, 0x3F, 0x1F, 0xDC, 0x64, 0x30, 0x19, 0xBF, 0xFF, 0xF8, 0x78,
    0x38, 0x1C, 0x0E, 0x07, 0x03, 0x81, 0xC0, 0xE0, 0x70, 0x18, 0x00, 0x00, 0x01, 0xCE, 0x07, 0xFC,
    0x07, 0x38, 0x00, 0x03, 0x00, 0x3E, 0x01, 0xF8, 0x07, 0xE0, 0x1F, 0x80, 0x7E, 0x01, 0xF8, 0x07,
    0xE0, 0x1F, 0x80, 0x7E, 0x01, 0xF8, 0x07, 0xE0, 0x1F, 0x80, 0x7E, 0x01, 0xFC, 0x0E, 0x78, 0x78,
    0xFF, 0xC1, 0xFE, 0x00, 0xC0, 0x00, 0x07, 0x70, 0x7F, 0x83, 0xF8, 0x0C, 0x80, 0x00, 0x00, 0x06,
    0x07, 0xE0, 0x7E, 0x07, 0xE0, 0x7E, 0x07, 0xE0, 0x7E, 0x07, 0xE0, 0x7E, 0x07, 0x70, 0x77, 0x0E,
    0x3F, 0xE1, 0xFC, 0x06, 0x00, 0x02, 0x00, 0x3F, 0x01, 0xFC, 0x06, 0x38, 0x00, 0x03, 0x00, 0x3E,
    0x01, 0xF8, 0x07, 0xE0, 0x1F, 0x80, 0x7E, 0x01, 0xF8, 0x07, 0xE0, 0x1F, 0x80, 0x7E, 0x01, 0xF8,
    0x07, 0xE0, 0x1F, 0x80, 0x7E, 0x01, 0xFC, 0x0E, 0x78, 0x78, 0xFF, 0xC1, 0xFE, 0x00, 0xC0, 0x07,
    0x01, 0xF8, 0x1F, 0xC3, 0x8C, 0x10, 0x40, 0x00, 0x60, 0x7E, 0x07, 0xE0, 0x7E, 0x07, 0xE0, 0x7E,
    0x07, 0xE0, 0x7E, 0x07, 0xE0, 0x77, 0x07, 0x70, 0xE3, 0xFE, 0x1F, 0xC0, 0x60, 0x0F, 0xE0, 0x7F,
    0xC3, 0xFF, 0x9C, 0x0E, 0x70, 0x01, 0xC0, 0x07, 0x80, 0x0F, 0x80, 0x1F, 0xC0, 0x3F, 0xC0, 0x1F,
    0x80, 0x0E, 0x00, 0x18, 0x00, 0x76, 0x01, 0x9E, 0x1E, 0x7F, 0xF0, 0x7F, 0x80, 0x38, 0x00, 0xE0,
    0x03, 0x80, 0x0E, 0x00, 0x30, 0x00, 0x06, 0x03, 0xF8, 0xFF, 0xB8, 0x77, 0x00, 0xF0, 0x0F, 0x80,
    0xFE, 0x07, 0xE0, 0x1D, 0x81, 0xB8, 0x77, 0xFE, 0x7F, 0x81, 0x80, 0x70, 0x0F, 0x00, 0xE0, 0x38,
    0x07, 0x00, 0x00, 0x7F, 0xFD, 0xFF, 0xFD, 0xFF, 0xF0, 0x1C, 0x00, 0x38, 0x00, 0x70, 0x00, 0xE0,
    0x01, 0xC0, 0x03, 0x80, 0x07, 0x00, 0x0E, 0x00, 0x1C, 0x00, 0x38, 0x00, 0x70, 0x00, 0xE0, 0x01,
    0xC0, 0x03, 0x80, 0x07, 0x00, 0x00, 0x00, 0x1C, 0x00, 0x3C, 0x00, 0x78, 0x00, 0xE0, 0x00, 0x00,
    0x0C, 0x06, 0x03, 0x0F, 0xF7, 0xF8, 0x60, 0x30, 0x18, 0x0C, 0x06, 0x03, 0x01, 0x80, 0xC0, 0x60,
    0x3E, 0x1F, 0x00, 0x07, 0x83, 0xC0, 0x60, 0x70, 0x70, 0x00, 0x63, 0x9E, 0x30, 0x11, 0xDC, 0xC4,
    0x00, 0x00, 0x71, 0xF7, 0x78, 0x40, 0x00, 0x3C, 0xFF, 0xF9, 0xE0, 0x20, 0x7E, 0x7F, 0xBF, 0xC0,
    0xC2, 0xC7, 0xFE, 0x7E, 0x18, 0x5F, 0xA0, 0x66, 0xE7, 0xE7, 0x7B, 0xE1, 0x86, 0x30, 0x01, 0xEF,
    0xF3, 0xFD, 0xE0, 0x00, 0x77, 0x77, 0xEE, 0xCC, 0xC7, 0xF9, 0xF1, 0xC0, 0x00, 0x77, 0x1F, 0xC7,
    0x71, 0x98, 0x18, 0x7E, 0xFF, 0xE3, 0x42, 0x33, 0x99, 0xE7, 0x98, 0x18, 0xC6, 0xFF, 0x20, 0xFF,
    0x80, 0xE6, 0xEF, 0xE6, 0x03, 0x9E, 0x77, 0x38, 0x00, 0x37, 0x6E, 0xC0, 0x01, 0xEF, 0x30, 0xCB,
    0xE7, 0x80, 0x38, 0xF3, 0xF6, 0x30, 0xC3, 0xE7, 0xFE, 0x7C, 0x00, 0x7F, 0xFF, 0x7F, 0x01, 0xFF,
    0xF8, 0x01, 0x80, 0x01, 0xC0, 0x03, 0xC0, 0x03, 0xC0, 0x07, 0xE0, 0x07, 0xE0, 0x0E, 0x70, 0x0E,
    0x70, 0x0C, 0x30, 0x1C, 0x38, 0x1C, 0x38, 0x3F, 0xFC, 0x3F, 0xFC, 0x3F, 0xFE, 0x70, 0x0E, 0x70,
    0x0E, 0xE0, 0x07, 0xE0, 0x07, 0x00, 0x00, 0x01, 0xC0, 0x01, 0xC0, 0x01, 0x80, 0x06, 0x00, 0xFF,
    0xCF, 0xFE, 0xE1, 0xFE, 0x07, 0xF0, 0x1F, 0x80, 0xF8, 0x07, 0xE0, 0x3F, 0x01, 0xF8, 0x1E, 0xE1,
    0xF3, 0xFF, 0x8F, 0xDC, 0x18, 0x00, 0xE0, 0x07, 0x00, 0x38, 0x00, 0x03, 0xC0, 0x07, 0xC0, 0x00,
    0xC0, 0x00, 0xC0, 0x01, 0x80, 0x00, 0x00, 0x01, 0x80, 0x01, 0xC0, 0x03, 0xC0, 0x03, 0xC0, 0x07,
    0xE0, 0x07, 0xE0, 0x0E, 0x70, 0x0E, 0x70, 0x0C, 0x30, 0x1C, 0x38, 0x1C, 0x38, 0x3F, 0xFC, 0x3F,
    0xFC, 0x3F, 0xFE, 0x70, 0x0E, 0x70, 0x0E, 0xE0, 0x07, 0xE0, 0x07, 0x00, 0x00, 0x0F, 0x00, 0x7C,
    0x00, 0x60, 0x06, 0x00, 0x30, 0x03, 0x00, 0x7F, 0xE7, 0xFF, 0x70, 0xFF, 0x03, 0xF8, 0x0F, 0xC0,
    0x7C, 0x03, 0xF0, 0x1F, 0x80, 0xFC, 0x0F, 0x70, 0xF9, 0xFF, 0xC7, 0xEE, 0x0C, 0x00, 0x00, 0x02,
    0x00, 0x0F, 0x00, 0x1E, 0x03, 0xDC, 0x03, 0xE0, 0x07, 0xE0, 0x04, 0x30, 0x01, 0x80, 0x01, 0xC0,
    0x03, 0xC0, 0x03, 0xC0, 0x07, 0xE0, 0x07, 0xE0, 0x0E, 0x70, 0x0E, 0x70, 0x0C, 0x30, 0x1C, 0x38,
    0x1C, 0x38, 0x3F, 0xFC, 0x3F, 0xFC, 0x3F, 0xFE, 0x70, 0x0E, 0x70, 0x0E, 0xE0, 0x07, 0xE0, 0x07,
    0x00, 0x00, 0x00, 0x10, 0x01, 0xC0, 0x1C, 0x0E, 0xE0, 0xFE, 0x0E, 0xE0, 0x42, 0x00, 0xC0, 0x1F,
    0xF9, 0xFF, 0xDC, 0x3F, 0xC0, 0xFE, 0x03, 0xF0, 0x1F, 0x00, 0xFC, 0x07, 0xE0, 0x3F, 0x03, 0xDC,
    0x3E, 0x7F, 0xF1, 0xFB, 0x83, 0x00, 0x00, 0x80, 0x01, 0xE0, 0x00, 0xF0, 0x00, 0x30, 0x03, 0xC0,
    0x03, 0xE0, 0x07, 0xE0, 0x04, 0x30, 0x01, 0x80, 0x01, 0xC0, 0x03, 0xC0, 0x03, 0xC0, 0x07, 0xE0,
    0x07, 0xE0, 0x0E, 0x70, 0x0E, 0x70, 0x0C, 0x30, 0x1C, 0x38, 0x1C, 0x38, 0x3F, 0xFC, 0x3F, 0xFC,
    0x3F, 0xFE, 0x70, 0x0E, 0x70, 0x0E, 0xE0, 0x07, 0xE0, 0x07, 0x00, 0x00, 0x03, 0x00, 0x1C, 0x00,
    0x70, 0x1F, 0xC0, 0xF8, 0x0C, 0xE0, 0x42, 0x00, 0xC0, 0x1F, 0xF9, 0xFF, 0xDC, 0x3F, 0xC0, 0xFE,
    0x03, 0xF0, 0x1F, 0x00, 0xFC, 0x07, 0xE0, 0x3F, 0x03, 0xDC, 0x3E, 0x7F, 0xF1, 0xFB, 0x83, 0x00,
    0x00, 0x3C, 0x00, 0x7C, 0x00, 0x0C, 0x03, 0xCC, 0x03, 0xF8, 0x07, 0xE0, 0x04, 0x30, 0x01, 0x80,
    0x01, 0xC0, 0x03, 0xC0, 0x03, 0xC0, 0x07, 0xE0, 0x07, 0xE0, 0x0E, 0x70, 0x0E, 0x70, 0x0C, 0x30,
    0x1C, 0x38, 0x1C, 0x38, 0x3F, 0xFC, 0x3F, 0xFC, 0x3F, 0xFE, 0x70, 0x0E, 0x70, 0x0E, 0xE0, 0x07,
    0xE0, 0x07, 0x00, 0x00, 0x00, 0xF0, 0x0F, 0x80, 0x0C, 0x0E, 0x60, 0xFE, 0x0E, 0xE0, 0x40, 0x00,
    0xC0, 0x1F, 0xF9, 0xFF, 0xDC, 0x3F, 0xC0, 0xFE, 0x03, 0xF0, 0x1F, 0x00, 0xFC, 0x07, 0xE0, 0x3F,
    0x03, 0xDC, 0x3E, 0x7F, 0xF1, 0xFB, 0x83, 0x00, 0x02, 0x10, 0x0F, 0xB8, 0x0F, 0xF0, 0x0C, 0xF0,
    0x03, 0xC0, 0x03, 0xE0, 0x07, 0xE0, 0x04, 0x30, 0x01, 0x80, 0x01, 0xC0, 0x03, 0xC0, 0x03, 0xC0,
    0x07, 0xE0, 0x07, 0xE0, 0x0E, 0x70, 0x0E, 0x70, 0x0C, 0x30, 0x1C, 0x38, 0x1C, 0x38, 0x3F, 0xFC,
    0x3F, 0xFC, 0x3F, 0xFE, 0x70, 0x0E, 0x70, 0x0E, 0xE0, 0x07, 0xE0, 0x07, 0x00, 0x00, 0x00, 0x00,
    0xF3, 0x0F, 0xF8, 0x67, 0xC1, 0x08, 0x03, 0x80, 0x3E, 0x03, 0xB8, 0x1E, 0x00, 0xFF, 0xCF, 0xFE,
    0xE1, 0xFE, 0x07, 0xF0, 0x1F, 0x80, 0xF8, 0x07, 0xE0, 0x3F, 0x01, 0xF8, 0x1E, 0xE1, 0xF3, 0xFF,
    0x8F, 0xDC, 0x18, 0x00, 0x03, 0xC0, 0x03, 0xE0, 0x07, 0xE0, 0x04, 0x30, 0x01, 0x80, 0x01, 0xC0,
    0x03, 0xC0, 0x03, 0xC0, 0x07, 0xE0, 0x07, 0xE0, 0x0E, 0x70, 0x0E, 0x70, 0x0C, 0x30, 0x1C, 0x38,
    0x1C, 0x38, 0x3F, 0xFC, 0x3F, 0xFC, 0x3F, 0xFE, 0x70, 0x0E, 0x70, 0x0E, 0xE0, 0x07, 0xE0, 0x07,
    0x00, 0x00, 0x01, 0xC0, 0x01, 0xC0, 0x01, 0x80, 0x00, 0x00, 0x38, 0x03, 0xE0, 0x3B, 0x80, 0x04,
    0x03, 0x00, 0x7F, 0xE7, 0xFF, 0x70, 0xFF, 0x03, 0xF8, 0x0F, 0xC0, 0x7C, 0x03, 0xF0, 0x1F, 0x80,
    0xFC, 0x0F, 0x70, 0xF9, 0xFF, 0xC7, 0xEE, 0x0C, 0x00, 0x70, 0x03, 0x80, 0x1C, 0x00, 0x00, 0x30,
    0x00, 0x70, 0x00, 0xF0, 0x01, 0xC0, 0x04, 0x30, 0x0E, 0x30, 0x07, 0xF0, 0x07, 0xE0, 0x00, 0x00,
    0x01, 0x80, 0x01, 0xC0, 0x03, 0xC0, 0x03, 0xC0, 0x07, 0xE0, 0x07, 0xE0, 0x0E, 0x70, 0x0E, 0x70,
    0x0C, 0x30, 0x1C, 0x38, 0x1C, 0x38, 0x3F, 0xFC, 0x3F, 0xFC, 0x3F, 0xFE, 0x70, 0x0E, 0x70, 0x0E,
    0xE0, 0x07, 0xE0, 0x07, 0x00, 0x00, 0x00, 0xC0, 0x0E, 0x00, 0x70, 0x07, 0x01, 0xB4, 0x0C, 0x70,
    0x7F, 0x01, 0xF0, 0x03, 0x00, 0x30, 0x07, 0xFE, 0x7F, 0xF7, 0x0F, 0xF0, 0x3F, 0x80, 0xFC, 0x07,
    0xC0, 0x3F, 0x01, 0xF8, 0x0F, 0xC0, 0xF7, 0x0F, 0x9F, 0xFC, 0x7E, 0xE0, 0xC0, 0x04, 0x00, 0x0E,
    0x00, 0x07, 0x80, 0x03, 0x80, 0x04, 0x30, 0x0E, 0x30, 0x07, 0xF0, 0x07, 0xE0, 0x00, 0x00, 0x01,
    0x80, 0x01, 0xC0, 0x03, 0xC0, 0x03, 0xC0, 0x07, 0xE0, 0x07, 0xE0, 0x0E, 0x70, 0x0E, 0x70, 0x0C,
    0x30, 0x1C, 0x38, 0x1C, 0x38, 0x3F, 0xFC, 0x3F, 0xFC, 0x3F, 0xFE, 0x70, 0x0E, 0x70, 0x0E, 0xE0,
    0x07, 0xE0, 0x07, 0x00, 0x00, 0x1C, 0x00, 0xF0, 0x03, 0x80, 0x3E, 0x81, 0x8E, 0x0F, 0xE0, 0x3E,
    0x00, 0x60, 0x06, 0x00, 0xFF, 0xCF, 0xFE, 0xE1, 0xFE, 0x07, 0xF0, 0x1F, 0x80, 0xF8, 0x07, 0xE0,
    0x3F, 0x01, 0xF8, 0x1E, 0xE1, 0xF3, 0xFF, 0x8F, 0xDC, 0x18, 0x00, 0x03, 0xC0, 0x07, 0xC0, 0x00,
    0xC0, 0x00, 0xC0, 0x01, 0x80, 0x00, 0x00, 0x04, 0x30, 0x0E, 0x30, 0x07, 0xF0, 0x07, 0xE0, 0x00,
    0x00, 0x01, 0x80, 0x01, 0xC0, 0x03, 0xC0, 0x03, 0xC0, 0x07, 0xE0, 0x07, 0xE0, 0x0E, 0x70, 0x0E,
    0x70, 0x0C, 0x30, 0x1C, 0x38, 0x1C, 0x38, 0x3F, 0xFC, 0x3F, 0xFC, 0x3F, 0xFE, 0x70, 0x0E, 0x70,
    0x0E, 0xE0, 0x07, 0xE0, 0x07, 0x00, 0x00, 0x0F, 0x00, 0x7C, 0x00, 0x60, 0x36, 0x81, 0xBC, 0x0F,
    0xE0, 0x3E, 0x00, 0x60, 0x06, 0x00, 0xFF, 0xCF, 0xFE, 0xE1, 0xFE, 0x07, 0xF0, 0x1F, 0x80, 0xF8,
    0x07, 0xE0, 0x3F, 0x01, 0xF8, 0x1E, 0xE1, 0xF3, 0xFF, 0x8F, 0xDC, 0x18, 0x00, 0x02, 0x10, 0x0F,
    0xB8, 0x0F, 0xF0, 0x0C, 0xF0, 0x00, 0x00, 0x04, 0x30, 0x0E, 0x30, 0x07, 0xF0, 0x07, 0xE0, 0x00,
    0x00, 0x01, 0x80, 0x01, 0xC0, 0x03, 0xC0, 0x03, 0xC0, 0x07, 0xE0, 0x07, 0xE0, 0x0E, 0x70, 0x0E,
    0x70, 0x0C, 0x30, 0x1C, 0x38, 0x1C, 0x38, 0x3F, 0xFC, 0x3F, 0xFC, 0x3F, 0xFE, 0x70, 0x0E, 0x70,
    0x0E, 0xE0, 0x07, 0xE0, 0x07, 0x00, 0x00, 0x00, 0x00, 0xF3, 0x0F, 0xF8, 0x67, 0x81, 0x08, 0x08,
    0x60, 0x63, 0x03, 0xF8, 0x0F, 0x80, 0x38, 0x07, 0xFE, 0x7F, 0xF7, 0x0F, 0xF0, 0x3F, 0x80, 0xFC,
    0x07, 0xC0, 0x3F, 0x01, 0xF8, 0x0F, 0xC0, 0xF7, 0x0F, 0x9F, 0xFC, 0x7E, 0xE0, 0xC0, 0x04, 0x30,
    0x0E, 0x30, 0x07, 0xF0, 0x07, 0xE0, 0x00, 0x00, 0x01, 0x80, 0x01, 0xC0, 0x03, 0xC0, 0x03, 0xC0,
    0x07, 0xE0, 0x07, 0xE0, 0x0E, 0x70, 0x0E, 0x70, 0x0C, 0x30, 0x1C, 0x38, 0x1C, 0x38, 0x3F, 0xFC,
    0x3F, 0xFC, 0x3F, 0xFE, 0x70, 0x0E, 0x70, 0x0E, 0xE0, 0x07, 0xE0, 0x07, 0x00, 0x00, 0x01, 0xC0,
    0x01, 0xC0, 0x01, 0x80, 0x10, 0xC0, 0xC6, 0x07, 0xF0, 0x1F, 0x00, 0x60, 0x03, 0x00, 0x7F, 0xE7,
    0xFF, 0x70, 0xFF, 0x03, 0xF8, 0x0F, 0xC0, 0x7C, 0x03, 0xF0, 0x1F, 0x80, 0xFC, 0x0F, 0x70, 0xF9,
    0xFF, 0xC7, 0xEE, 0x0C, 0x00, 0x70, 0x03, 0x80, 0x1C, 0x00, 0xFF, 0xEF, 0xFE, 0xFF, 0xEE, 0x00,
    0xE0, 0x0E, 0x00, 0xE0, 0x0E, 0x00, 0xFF, 0xCF, 0xFC, 0xE0, 0x0E, 0x00, 0xE0, 0x0E, 0x00, 0xE0,
    0x0E, 0x00, 0xFF, 0xEF, 0xFE, 0x00, 0x00, 0xE0, 0x0E, 0x00, 0xE0, 0x06, 0x00, 0xFE, 0x0F, 0xF8,
    0xE1, 0xEE, 0x07, 0x70, 0x1B, 0xFF, 0xFF, 0xFE, 0xE0, 0x07, 0x00, 0x38, 0x08, 0xF0, 0xE3, 0xFF,
    0x0F, 0xE0, 0x1C, 0x00, 0xC0, 0x07, 0x00, 0x38, 0x00, 0x0F, 0x01, 0xF0, 0x03, 0x00, 0x70, 0x06,
    0x00, 0x00, 0xFF, 0xEF, 0xFE, 0xFF, 0xEE, 0x00, 0xE0, 0x0E, 0x00, 0xE0, 0x0E, 0x00, 0xFF, 0xCF,
    0xFC, 0xE0, 0x0E, 0x00, 0xE0, 0x0E, 0x00, 0xE0, 0x0E, 0x00, 0xFF, 0xEF, 0xFE, 0x0F, 0x00, 0x7C,
    0x00, 0xE0, 0x06, 0x00, 0x20, 0x03, 0x00, 0x7F, 0x07, 0xFC, 0x70, 0xF7, 0x03, 0xB8, 0x0D, 0xFF,
    0xFF, 0xFF, 0x70, 0x03, 0x80, 0x1C, 0x04, 0x78, 0x71, 0xFF, 0x87, 0xF0, 0x0E, 0x00, 0x00, 0x43,
    0xEC, 0x7F, 0xC7, 0x3C, 0x00, 0x0F, 0xFE, 0xFF, 0xEF, 0xFE, 0xE0, 0x0E, 0x00, 0xE0, 0x0E, 0x00,
    0xE0, 0x0F, 0xFC, 0xFF, 0xCE, 0x00, 0xE0, 0x0E, 0x00, 0xE0, 0x0E, 0x00, 0xE0, 0x0F, 0xFE, 0xFF,
    0xE0, 0x00, 0x00, 0xF3, 0x0F, 0xF8, 0x67, 0x82, 0x00, 0x03, 0x00, 0x7F, 0x07, 0xFC, 0x70, 0xF7,
    0x03, 0xB8, 0x0D, 0xFF, 0xFF, 0xFF, 0x70, 0x03, 0x80, 0x1C, 0x04, 0x78, 0x71, 0xFF, 0x87, 0xF0,
    0x0E, 0x00, 0x00, 0x08, 0x00, 0xF0, 0xE7, 0x87, 0xDC, 0x3F, 0x80, 0xC2, 0x0F, 0xFE, 0x3F, 0xF8,
    0xFF, 0xE3, 0x80, 0x0E, 0x00, 0x38, 0x00, 0xE0, 0x03, 0x80, 0x0F, 0xFC, 0x3F, 0xF0, 0xE0, 0x03,
    0x80, 0x0E, 0x00, 0x38, 0x00, 0xE0, 0x03, 0x80, 0x0F, 0xFE, 0x3F, 0xF8, 0x00, 0x10, 0x01, 0xC0,
    0x1C, 0x1E, 0xC1, 0xFC, 0x0C, 0xC0, 0x42, 0x00, 0xC0, 0x1F, 0xC1, 0xFF, 0x1C, 0x3D, 0xC0, 0xEE,
    0x03, 0x7F, 0xFF, 0xFF, 0xDC, 0x00, 0xE0, 0x07, 0x01, 0x1E, 0x1C, 0x7F, 0xE1, 0xFC, 0x03, 0x80,
    0x02, 0x00, 0x78, 0x03, 0xC0, 0x1C, 0x0E, 0x01, 0xF0, 0x3F, 0x83, 0x08, 0xFF, 0xEF, 0xFE, 0xFF,
    0xEE, 0x00, 0xE0, 0x0E, 0x00, 0xE0, 0x0E, 0x00, 0xFF, 0xCF, 0xFC, 0xE0, 0x0E, 0x00, 0xE0, 0x0E,
    0x00, 0xE0, 0x0E, 0x00, 0xFF, 0xEF, 0xFE, 0x03, 0x00, 0x1C, 0x00, 0x70, 0x1F, 0x81, 0xF8, 0x0C,
    0xC0, 0x42, 0x00, 0xC0, 0x1F, 0xC1, 0xFF, 0x1C, 0x3D, 0xC0, 0xEE, 0x03, 0x7F, 0xFF, 0xFF, 0xDC,
    0x00, 0xE0, 0x07, 0x01, 0x1E, 0x1C, 0x7F, 0xE1, 0xFC, 0x03, 0x80, 0x0F, 0x01, 0xF0, 0x03, 0x00,
    0x70, 0x06, 0x00, 0x00, 0x00, 0x00, 0xE0, 0x1F, 0x03, 0xF8, 0x30, 0x8F, 0xFE, 0xFF, 0xEF, 0xFE,
    0xE0, 0x0E, 0x00, 0xE0, 0x0E, 0x00, 0xE0, 0x0F, 0xFC, 0xFF, 0xCE, 0x00, 0xE0, 0x0E, 0x00, 0xE0,
    0x0E, 0x00, 0xE0, 0x0F, 0xFE, 0xFF, 0xE0, 0x00, 0xF0, 0x0F, 0x80, 0x0C, 0x1E, 0xE1, 0xFE, 0x0C,
    0xE0, 0x42, 0x00, 0xC0, 0x1F, 0xC1, 0xFF, 0x1C, 0x3D, 0xC0, 0xEE, 0x03, 0x7F, 0xFF, 0xFF, 0xDC,
    0x00, 0xE0, 0x07, 0x01, 0x1E, 0x1C, 0x7F, 0xE1, 0xFC, 0x03, 0x80, 0x00, 0x43, 0xEC, 0x7F, 0xC7,
    0x3C, 0x0E, 0x01, 0xF0, 0x3F, 0x83, 0x08, 0xFF, 0xEF, 0xFE, 0xFF, 0xEE, 0x00, 0xE0, 0x0E, 0x00,
    0xE0, 0x0E, 0x00, 0xFF, 0xCF, 0xFC, 0xE0, 0x0E, 0x00, 0xE0, 0x0E, 0x00, 0xE0, 0x0E, 0x00, 0xFF,
    0xEF, 0xFE, 0x00, 0x00, 0xF3, 0x0F, 0xF8, 0x67, 0x80, 0x08, 0x07, 0x80, 0x3E, 0x03, 0x38, 0x16,
    0x80, 0xFE, 0x0F, 0xF8, 0xE1, 0xEE, 0x07, 0x70, 0x1B, 0xFF, 0xFF, 0xFE, 0xE0, 0x07, 0x00, 0x38,
    0x08, 0xF0, 0xE3, 0xFF, 0x0F, 0xE0, 0x1C, 0x00, 0x0E, 0x01, 0xF0, 0x3F, 0x83, 0x08, 0xFF, 0xEF,
    0xFE, 0xFF, 0xEE, 0x00, 0xE0, 0x0E, 0x00, 0xE0, 0x0E, 0x00, 0xFF, 0xCF, 0xFC, 0xE0, 0x0E, 0x00,
    0xE0, 0x0E, 0x00, 0xE0, 0x0E, 0x00, 0xFF, 0xEF, 0xFE, 0x00, 0x00, 0xE0, 0x0E, 0x00, 0xE0, 0x00,
    0x00, 0x78, 0x03, 0xE0, 0x33, 0x81, 0x08, 0x03, 0x00, 0x7F, 0x07, 0xFC, 0x70, 0xF7, 0x03, 0xB8,
    0x0D, 0xFF, 0xFF, 0xFF, 0x70, 0x03, 0x80, 0x1C, 0x04, 0x78, 0x71, 0xFF, 0x87, 0xF0, 0x0E, 0x00,
    0x60, 0x03, 0x80, 0x1C, 0x00, 0x79, 0xF0, 0xC6, 0x18, 0x03, 0x0E, 0x38, 0xE3, 0x8E, 0x38, 0xE3,
    0x8E, 0x38, 0xE3, 0x8E, 0x38, 0xE3, 0x8E, 0x77, 0xC6, 0x73, 0x01, 0xCE, 0x73, 0x9C, 0xE7, 0x39,
    0xCE, 0x73, 0x8C, 0xDF, 0xFF, 0xFF, 0xFF, 0xFF, 0xFF, 0xFC, 0x7F, 0x80, 0x4E, 0xE4, 0x0E, 0xEE,
    0xEE, 0xEE, 0xEE, 0xEE, 0xE6, 0x06, 0xEE, 0x07, 0xF0, 0x0F, 0xFE, 0x0F, 0xFF, 0x8F, 0x01, 0xE7,
    0x00, 0x77, 0x80, 0x1F, 0x80, 0x0F, 0xC0, 0x07, 0xE0, 0x03, 0xF0, 0x01, 0xF8, 0x00, 0xFC, 0x00,
    0x7E, 0x00, 0x3B, 0x80, 0x39, 0xE0, 0x3C, 0x78, 0x3C, 0x1F, 0xFC, 0x07, 0xFC, 0x00, 0x70, 0x00,
    0x38, 0x00, 0x1C, 0x00, 0x0E, 0x00, 0x07, 0x00, 0x7F, 0x03, 0xFF, 0x1E, 0x1C, 0xE0, 0x3B, 0x80,
    0xEE, 0x01, 0xB8, 0x06, 0xE0, 0x1B, 0x80, 0xEE, 0x03, 0x9E, 0x1C, 0x3F, 0xF0, 0x7F, 0x00, 0x70,
    0x00, 0xC0, 0x07, 0x00, 0x1C, 0x00, 0x01, 0xC0, 0x01, 0xF0, 0x00, 0x18, 0x00, 0x18, 0x00, 0x0C,
    0x00, 0x00, 0x00, 0x1F, 0xC0, 0x3F, 0xF8, 0x3F, 0xFE, 0x3C, 0x07, 0x9C, 0x01, 0xDE, 0x00, 0x7E,
    0x00, 0x3F, 0x00, 0x1F, 0x80, 0x0F, 0xC0, 0x07, 0xE0, 0x03, 0xF0, 0x01, 0xF8, 0x00, 0xEE, 0x00,
    0xE7, 0x80, 0xF1, 0xE0, 0xF0, 0x7F, 0xF0, 0x1F, 0xF0, 0x01, 0xC0, 0x00, 0x07, 0x00, 0x3E, 0x00,
    0x18, 0x00, 0xE0, 0x03, 0x00, 0x1C, 0x01, 0xFC, 0x0F, 0xFC, 0x78, 0x73, 0x80, 0xEE, 0x03, 0xB8,
    0x06, 0xE0, 0x1B, 0x80, 0x6E, 0x03, 0xB8, 0x0E, 0x78, 0x70, 0xFF, 0xC1, 0xFC, 0x01, 0xC0, 0x00,
    0x03, 0x00, 0x03, 0x80, 0x03, 0xC0, 0x3B, 0x80, 0x3E, 0x00, 0x3B, 0x80, 0x18, 0xC0, 0x0F, 0xE0,
    0x1F, 0xFC, 0x1F, 0xFF, 0x1E, 0x03, 0xCE, 0x00, 0xEF, 0x00, 0x3F, 0x00, 0x1F, 0x80, 0x0F, 0xC0,
    0x07, 0xE0, 0x03, 0xF0, 0x01, 0xF8, 0x00, 0xFC, 0x00, 0x77, 0x00, 0x73, 0xC0, 0x78, 0xF0, 0x78,
    0x3F, 0xF8, 0x0F, 0xF8, 0x00, 0xE0, 0x00, 0x00, 0x18, 0x00, 0xE0, 0x03, 0x81, 0xDC, 0x0F, 0xE0,
    0x77, 0x01, 0x00, 0x01, 0xC0, 0x1F, 0xC0, 0xFF, 0xC7, 0x87, 0x38, 0x0E, 0xE0, 0x3B, 0x80, 0x6E,
    0x01, 0xB8, 0x06, 0xE0, 0x3B, 0x80, 0xE7, 0x87, 0x0F, 0xFC, 0x1F, 0xC0, 0x1C, 0x00, 0x00, 0x40,
    0x00, 0x70, 0x00, 0x1E, 0x00, 0x07, 0x00, 0x1C, 0x00, 0x1F, 0x00, 0x1D, 0xC0, 0x0C, 0x60, 0x07,
    0xF0, 0x0F, 0xFE, 0x0F, 0xFF, 0x8F, 0x01, 0xE7, 0x00, 0x77, 0x80, 0x1F, 0x80, 0x0F, 0xC0, 0x07,
    0xE0, 0x03, 0xF0, 0x01, 0xF8, 0x00, 0xFC, 0x00, 0x7E, 0x00, 0x3B, 0x80, 0x39, 0xE0, 0x3C, 0x78,
    0x3C, 0x1F, 0xFC, 0x07, 0xFC, 0x00, 0x70, 0x00, 0x03, 0x80, 0x0F, 0x00, 0x1C, 0x01, 0xF8, 0x0F,
    0x80, 0x77, 0x01, 0x08, 0x01, 0xC0, 0x1F, 0xC0, 0xFF, 0xC7, 0x87, 0x38, 0x0E, 0xE0, 0x3B, 0x80,
    0x6E, 0x01, 0xB8, 0x06, 0xE0, 0x3B, 0x80, 0xE7, 0x87, 0x0F, 0xFC, 0x1F, 0xC0, 0x1C, 0x00, 0x00,
    0x3C, 0x00, 0x1E, 0x00, 0x03, 0x80, 0x01, 0x80, 0x1C, 0x80, 0x1F, 0x00, 0x1D, 0xC0, 0x00, 0x00,
    0x07, 0xF0, 0x0F, 0xFE, 0x0F, 0xFF, 0x8F, 0x01, 0xE7, 0x00, 0x77, 0x80, 0x1F, 0x80, 0x0F, 0xC0,
    0x07, 0xE0, 0x03, 0xF0, 0x01, 0xF8, 0x00, 0xFC, 0x00, 0x7E, 0x00, 0x3B, 0x80, 0x39, 0xE0, 0x3C,
    0x78, 0x3C, 0x1F, 0xFC, 0x07, 0xFC, 0x00, 0x70, 0x00, 0x00, 0xF0, 0x03, 0xE0, 0x03, 0x81, 0xCC,
    0x0F, 0xB0, 0x77, 0x00, 0x84, 0x01, 0xC0, 0x1F, 0xC0, 0xFF, 0xC7, 0x87, 0x38, 0x0E, 0xE0, 0x3B,
    0x80, 0x6E, 0x01, 0xB8, 0x06, 0xE0, 0x3B, 0x80, 0xE7, 0x87, 0x0F, 0xFC, 0x1F, 0xC0, 0x1C, 0x00,
    0x02, 0x18, 0x03, 0xCC, 0x03, 0xFE, 0x01, 0x9E, 0x00, 0x1C, 0x00, 0x1F, 0x00, 0x1D, 0xC0, 0x0C,
    0x60, 0x07, 0xF0, 0x0F, 0xFE, 0x0F, 0xFF, 0x8F, 0x01, 0xE7, 0x00, 0x77, 0x80, 0x1F, 0x80, 0x0F,
    0xC0, 0x07, 0xE0, 0x03, 0xF0, 0x01, 0xF8, 0x00, 0xFC, 0x00, 0x7E, 0x00, 0x3B, 0x80, 0x39, 0xE0,
    0x3C, 0x78, 0x3C, 0x1F, 0xFC, 0x07, 0xFC, 0x00, 0x70, 0x00, 0x00, 0x00, 0x79, 0x83, 0xFE, 0x0E,
    0xF8, 0x17, 0x80, 0x3E, 0x01, 0xDC, 0x02, 0x10, 0x07, 0x00, 0x7F, 0x03, 0xFF, 0x1E, 0x1C, 0xE0,
    0x3B, 0x80, 0xEE, 0x01, 0xB8, 0x06, 0xE0, 0x1B, 0x80, 0xEE, 0x03, 0x9E, 0x1C, 0x3F, 0xF0, 0x7F,
    0x00, 0x70, 0x00, 0x01, 0xC0, 0x01, 0xF0, 0x01, 0xDC, 0x00, 0xC6, 0x00, 0x7F, 0x00, 0xFF, 0xE0,
    0xFF, 0xF8, 0xF0, 0x1E, 0x70, 0x07, 0x78, 0x01, 0xF8, 0x00, 0xFC, 0x00, 0x7E, 0x00, 0x3F, 0x00,
    0x1F, 0x80, 0x0F, 0xC0, 0x07, 0xE0, 0x03, 0xB8, 0x03, 0x9E, 0x03, 0xC7, 0x83, 0xC1, 0xFF, 0xC0,
    0x7F, 0xC0, 0x07, 0x00, 0x03, 0x80, 0x01, 0xC0, 0x00, 0xE0, 0x00, 0x00, 0x00, 0x1E, 0x00, 0xF8,
    0x07, 0x70, 0x08, 0x40, 0x1C, 0x01, 0xFC, 0x0F, 0xFC, 0x78, 0x73, 0x80, 0xEE, 0x03, 0xB8, 0x06,
    0xE0, 0x1B, 0x80, 0x6E, 0x03, 0xB8, 0x0E, 0x78, 0x70, 0xFF, 0xC1, 0xFC, 0x01, 0xC0, 0x03, 0x00,
    0x1C, 0x00, 0x70, 0x00, 0x00, 0x10, 0x00, 0x3C, 0x00, 0x3D, 0x00, 0x19, 0xC0, 0x00, 0xE0, 0x3F,
    0xE0, 0x7F, 0xF0, 0x7F, 0xFC, 0x78, 0x0F, 0x38, 0x03, 0xBC, 0x00, 0xFC, 0x00, 0x7E, 0x00, 0x3F,
    0x00, 0x1F, 0x80, 0x0F, 0xC0, 0x07, 0xE0, 0x03, 0xF0, 0x01, 0xDC, 0x01, 0xCF, 0x01, 0xE3, 0xC1,
    0xE0, 0xFF, 0xE0, 0x3F, 0xE0, 0x03, 0x80, 0x00, 0x80, 0x07, 0x00, 0x38, 0x00, 0xC6, 0x03, 0x18,
    0x1C, 0x61, 0xFF, 0x8F, 0xFC, 0x78, 0x73, 0x80, 0xEE, 0x03, 0xB8, 0x06, 0xE0, 0x1B, 0x80, 0x6E,
    0x03, 0xB8, 0x0E, 0x78, 0x70, 0xFF, 0xC1, 0xFC, 0x01, 0xC0, 0x06, 0x00, 0x03, 0x80, 0x01, 0xE1,
    0x00, 0x31, 0xC0, 0x00, 0xE0, 0x3F, 0xE0, 0x7F, 0xF0, 0x7F, 0xFC, 0x78, 0x0F, 0x38, 0x03, 0xBC,
    0x00, 0xFC, 0x00, 0x7E, 0x00, 0x3F, 0x00, 0x1F, 0x80, 0x0F, 0xC0, 0x07, 0xE0, 0x03, 0xF0, 0x01,
    0xDC, 0x01, 0xCF, 0x01, 0xE3, 0xC1, 0xE0, 0xFF, 0xE0, 0x3F, 0xE0, 0x03, 0x80, 0x18, 0x00, 0x70,
    0x00, 0xE1, 0x81, 0xC6, 0x07, 0x18, 0x7F, 0xE3, 0xFF, 0x1E, 0x1C, 0xE0, 0x3B, 0x80, 0xEE, 0x01,
    0xB8, 0x06, 0xE0, 0x1B, 0x80, 0xEE, 0x03, 0x9E, 0x1C, 0x3F, 0xF0, 0x7F, 0x00, 0x70, 0x00, 0x01,
    0xC0, 0x01, 0xF0, 0x00, 0x18, 0x00, 0x18, 0x80, 0x0C, 0xE0, 0x00, 0x70, 0x1F, 0xF0, 0x3F, 0xF8,
    0x3F, 0xFE, 0x3C, 0x07, 0x9C, 0x01, 0xDE, 0x00, 0x7E, 0x00, 0x3F, 0x00, 0x1F, 0x80, 0x0F, 0xC0,
    0x07, 0xE0, 0x03, 0xF0, 0x01, 0xF8, 0x00, 0xEE, 0x00, 0xE7, 0x80, 0xF1, 0xE0, 0xF0, 0x7F, 0xF0,
    0x1F, 0xF0, 0x01, 0xC0, 0x00, 0x07, 0x00, 0x3E, 0x00, 0x18, 0x00, 0xC6, 0x03, 0x18, 0x1C, 0x61,
    0xFF, 0x8F, 0xFC, 0x78, 0x73, 0x80, 0xEE, 0x03, 0xB8, 0x06, 0xE0, 0x1B, 0x80, 0x6E, 0x03, 0xB8,
    0x0E, 0x78, 0x70, 0xFF, 0xC1, 0xFC, 0x01, 0xC0, 0x02, 0x10, 0x07, 0xCC, 0x03, 0xFF, 0x01, 0x9F,
    0xC0, 0x00, 0xE0, 0x3F, 0xE0, 0x7F, 0xF0, 0x7F, 0xFC, 0x78, 0x0F, 0x38, 0x03, 0xBC, 0x00, 0xFC,
    0x00, 0x7E, 0x00, 0x3F, 0x00, 0x1F, 0x80, 0x0F, 0xC0, 0x07, 0xE0, 0x03, 0xF0, 0x01, 0xDC, 0x01,
    0xCF, 0x01, 0xE3, 0xC1, 0xE0, 0xFF, 0xE0, 0x3F, 0xE0, 0x03, 0x80, 0x00, 0x00, 0x79, 0x83, 0xFE,
    0x0C, 0xF6, 0x10, 0x98, 0x1C, 0x61, 0xFF, 0x8F, 0xFC, 0x78, 0x73, 0x80, 0xEE, 0x03, 0xB8, 0x06,
    0xE0, 0x1B, 0x80, 0x6E, 0x03, 0xB8, 0x0E, 0x78, 0x70, 0xFF, 0xC1, 0xFC, 0x01, 0xC0, 0x00, 0x04,
    0x00, 0x07, 0x00, 0x03, 0x80, 0xFF, 0x81, 0xFF, 0xC1, 0xFF, 0xF1, 0xE0, 0x3C, 0xE0, 0x0E, 0xF0,
    0x03, 0xF0, 0x01, 0xF8, 0x00, 0xFC, 0x00, 0x7E, 0x00, 0x3F, 0x00, 0x1F, 0x80, 0x0F, 0xC0, 0x07,
    0x70, 0x07, 0x3C, 0x07, 0x8F, 0x07, 0x83, 0xFF, 0x80, 0xFF, 0x80, 0x0E, 0x00, 0x07, 0x00, 0x03,
    0x80, 0x01, 0xC0, 0x00, 0x00, 0x18, 0x00, 0x60, 0x71, 0x87, 0xFE, 0x3F, 0xF1, 0xE1, 0xCE, 0x03,
    0xB8, 0x0E, 0xE0, 0x1B, 0x80, 0x6E, 0x01, 0xB8, 0x0E, 0xE0, 0x39, 0xE1, 0xC3, 0xFF, 0x07, 0xF0,
    0x07, 0x00, 0x1C, 0x00, 0x70, 0x01, 0xC0, 0xC0, 0x0F, 0x80, 0x7E, 0x01, 0xF8, 0x07, 0xE0, 0x1F,
    0x80, 0x7E, 0x01, 0xF8, 0x07, 0xE0, 0x1F, 0x80, 0x7E, 0x01, 0xF8, 0x07, 0xE0, 0x1F, 0x80, 0x7F,
    0x03, 0x9E, 0x1E, 0x3F, 0xF0, 0x7F, 0x80, 0x30, 0x01, 0xC0, 0x07, 0x00, 0x0C, 0x00, 0x60, 0x7E,
    0x07, 0xE0, 0x7E, 0x07, 0xE0, 0x7E, 0x07, 0xE0, 0x7E, 0x07, 0xE0, 0x77, 0x07, 0x70, 0xE3, 0xFE,
    0x1F, 0xC0, 0x60, 0x06, 0x00, 0x70, 0x07, 0x00, 0x07, 0x80, 0x3E, 0x00, 0x18, 0x00, 0xE0, 0x03,
    0x00, 0x00, 0x0C, 0x00, 0xF8, 0x07, 0xE0, 0x1F, 0x80, 0x7E, 0x01, 0xF8, 0x07, 0xE0, 0x1F, 0x80,
    0x7E, 0x01, 0xF8, 0x07, 0xE0, 0x1F, 0x80, 0x7E, 0x01, 0xF8, 0x07, 0xF0, 0x39, 0xE1, 0xE3, 0xFF,
    0x07, 0xF8, 0x03, 0x00, 0x0F, 0x00, 0xF0, 0x03, 0x80, 0x30, 0x02, 0x00, 0x00, 0x60, 0x7E, 0x07,
    0xE0, 0x7E, 0x07, 0xE0, 0x7E, 0x07, 0xE0, 0x7E, 0x07, 0xE0, 0x77, 0x07, 0x70, 0xE3, 0xFE, 0x1F,
    0xC0, 0x60, 0x00, 0x40, 0x00, 0x70, 0x00, 0xF8, 0x40, 0x70, 0x70, 0x00, 0x3E, 0x00, 0x7B, 0x80,
    0x7D, 0xC0, 0x38, 0xE0, 0x1C, 0x70, 0x0E, 0x38, 0x07, 0x1C, 0x03, 0x8E, 0x01, 0xC7, 0x00, 0xE3,
    0x80, 0x71, 0xC0, 0x38, 0xE0, 0x1C, 0x70, 0x0E, 0x38, 0x07, 0x1E, 0x07, 0x07, 0x87, 0x81, 0xFF,
    0x80, 0x7F, 0x80, 0x06, 0x00, 0x00, 0x80, 0x03, 0x80, 0x0E, 0x00, 0x18, 0x20, 0x30, 0xE0, 0x01,
    0xD8, 0x1F, 0x70, 0x3C, 0xE0, 0x71, 0xC0, 0xE3, 0x81, 0xC7, 0x03, 0x8E, 0x07, 0x1C, 0x0E, 0x38,
    0x1C, 0x38, 0x38, 0x70, 0xE0, 0x7F, 0xC0, 0x7F, 0x00, 0x30, 0x00, 0x18, 0x00, 0x0E, 0x00, 0x07,
    0xC0, 0x40, 0xE0, 0x70, 0x00, 0x3E, 0x00, 0x7B, 0x80, 0x7D, 0xC0, 0x38, 0xE0, 0x1C, 0x70, 0x0E,
    0x38, 0x07, 0x1C, 0x03, 0x8E, 0x01, 0xC7, 0x00, 0xE3, 0x80, 0x71, 0xC0, 0x38, 0xE0, 0x1C, 0x70,
    0x0E, 0x38, 0x07, 0x1E, 0x07, 0x07, 0x87, 0x81, 0xFF, 0x80, 0x7F, 0x80, 0x06, 0x00, 0x18, 0x00,
    0x38, 0x00, 0x38, 0x10, 0x38, 0x70, 0x00, 0xEC, 0x0F, 0xB8, 0x1E, 0x70, 0x38, 0xE0, 0x71, 0xC0,
    0xE3, 0x81, 0xC7, 0x03, 0x8E, 0x07, 0x1C, 0x0E, 0x1C, 0x1C, 0x38, 0x70, 0x3F, 0xE0, 0x3F, 0x80,
    0x18, 0x00, 0x07, 0x80, 0x07, 0xC0, 0x00, 0x60, 0x00, 0x30, 0x20, 0x30, 0x38, 0x00, 0x1F, 0x00,
    0x3D, 0xC0, 0x3E, 0xE0, 0x1C, 0x70, 0x0E, 0x38, 0x07, 0x1C, 0x03, 0x8E, 0x01, 0xC7, 0x00, 0xE3,
    0x80, 0x71, 0xC0, 0x38, 0xE0, 0x1C, 0x70, 0x0E, 0x38, 0x07, 0x1C, 0x03, 0x8F, 0x03, 0x83, 0xC3,
    0xC0, 0xFF, 0xC0, 0x3F, 0xC0, 0x03, 0x00, 0x00, 0x07, 0x00, 0x1F, 0x00, 0x06, 0x00, 0x18, 0x20,
    0x30, 0xE0, 0x01, 0xD8, 0x1F, 0x70, 0x3C, 0xE0, 0x71, 0xC0, 0xE3, 0x81, 0xC7, 0x03, 0x8E, 0x07,
    0x1C, 0x0E, 0x38, 0x1C, 0x38, 0x38, 0x70, 0xE0, 0x7F, 0xC0, 0x7F, 0x00, 0x30, 0x00, 0x04, 0x20,
    0x0F, 0xB0, 0x07, 0xF8, 0x43, 0x3C, 0x70, 0x00, 0x3E, 0x00, 0x7B, 0x80, 0x7D, 0xC0, 0x38, 0xE0,
    0x1C, 0x70, 0x0E, 0x38, 0x07, 0x1C, 0x03, 0x8E, 0x01, 0xC7, 0x00, 0xE3, 0x80, 0x71, 0xC0, 0x38,
    0xE0, 0x1C, 0x70, 0x0E, 0x38, 0x07, 0x1E, 0x07, 0x07, 0x87, 0x81, 0xFF, 0x80, 0x7F, 0x80, 0x06,
    0x00, 0x00, 0x00, 0x3C, 0xC0, 0xFF, 0x81, 0x9E, 0x21, 0x08, 0xE0, 0x01, 0xD8, 0x1F, 0x70, 0x3C,
    0xE0, 0x71, 0xC0, 0xE3, 0x81, 0xC7, 0x03, 0x8E, 0x07, 0x1C, 0x0E, 0x38, 0x1C, 0x38, 0x38, 0x70,
    0xE0, 0x7F, 0xC0, 0x7F, 0x00, 0x30, 0x00, 0x00, 0x01, 0x00, 0x01, 0xC0, 0x00, 0xF8, 0x01, 0xEE,
    0x01, 0xF7, 0x00, 0xE3, 0x80, 0x71, 0xC0, 0x38, 0xE0, 0x1C, 0x70, 0x0E, 0x38, 0x07, 0x1C, 0x03,
    0x8E, 0x01, 0xC7, 0x00, 0xE3, 0x80, 0x71, 0xC0, 0x38, 0xE0, 0x1C, 0x78, 0x1C, 0x1E, 0x1E, 0x07,
    0xFE, 0x01, 0xFE, 0x00, 0x18, 0x00, 0x0C, 0x00, 0x0F, 0x00, 0x03, 0x00, 0x00, 0x00, 0x04, 0x00,
    0x1C, 0x00, 0x3B, 0x03, 0xEE, 0x07, 0x9C, 0x0E, 0x38, 0x1C, 0x70, 0x38, 0xE0, 0x71, 0xC0, 0xE3,
    0x81, 0xC7, 0x03, 0x87, 0x07, 0x0E, 0x1C, 0x0F, 0xF8, 0x0F, 0xE0, 0x06, 0x00, 0x0E, 0x00, 0x1C,
    0x00, 0x38, 0x00, 0x08, 0x00, 0x78, 0x00, 0xF0, 0x01, 0xC0, 0x00, 0x01, 0x00, 0x3E, 0x01, 0xDC,
    0x0F, 0x78, 0x38, 0xE1, 0xC1, 0xCF, 0x03, 0xB8, 0x0F, 0xC0, 0x1E, 0x00, 0x38, 0x00, 0xE0, 0x03,
    0x80, 0x0E, 0x00, 0x38, 0x00, 0xE0, 0x03, 0x80, 0x0E, 0x00, 0x30, 0x00, 0x18, 0x01, 0xC0, 0x0E,
    0x00, 0x60, 0x00, 0x06, 0x07, 0xE0, 0x7E, 0x07, 0xE0, 0x7E, 0x07, 0xE0, 0x7E, 0x07, 0xE0, 0x7E,
    0x07, 0x60, 0x77, 0x0F, 0x7F, 0xF3, 0xFF, 0x0C, 0x70, 0x0E, 0x71, 0xE7, 0xFC, 0x3F, 0x80, 0x40,
    0x0F, 0x80, 0x77, 0x03, 0xDE, 0x0E, 0x38, 0x70, 0x73, 0xC0, 0xEE, 0x03, 0xF0, 0x07, 0x80, 0x0E,
    0x00, 0x38, 0x00, 0xE0, 0x03, 0x80, 0x0E, 0x00, 0x38, 0x00, 0xE0, 0x03, 0x80, 0x0C, 0x00, 0x00,
    0x00, 0xE0, 0x03, 0x80, 0x0C, 0x00, 0x00, 0x01, 0x81, 0xCE, 0x07, 0x38, 0x1C, 0xE0, 0x73, 0x81,
    0xCE, 0x07, 0x38, 0x1C, 0xE0, 0x73, 0x81, 0xC6, 0x07, 0x1C, 0x3C, 0x7F, 0xF0, 0xFF, 0xC0, 0xC7,
    0x00, 0x38, 0x71, 0xFD, 0xFF, 0x73, 0xF9, 0xC0, 0x07, 0x80, 0x3E, 0x00, 0x18, 0x00, 0x60, 0x01,
    0x00, 0x00, 0x04, 0x00, 0xF8, 0x07, 0x70, 0x3D, 0xE0, 0xE3, 0x87, 0x07, 0x3C, 0x0E, 0xE0, 0x3F,
    0x00, 0x78, 0x00, 0xE0, 0x03, 0x80, 0x0E, 0x00, 0x38, 0x00, 0xE0, 0x03, 0x80, 0x0E, 0x00, 0x38,
    0x00, 0xC0, 0x0F, 0x00, 0xF0, 0x03, 0x80, 0x30, 0x02, 0x00, 0x00, 0x60, 0x7E, 0x07, 0xE0, 0x7E,
    0x07, 0xE0, 0x7E, 0x07, 0xE0, 0x7E, 0x07, 0xE0, 0x76, 0x07, 0x70, 0xF7, 0xFF, 0x3F, 0xF0, 0xC7,
    0x00, 0xE7, 0x1E, 0x7F, 0xC3, 0xF8, 0x04, 0x20, 0x7D, 0xC1, 0xFF, 0x06, 0x78, 0x00, 0x01, 0x00,
    0x3E, 0x01, 0xDC, 0x0F, 0x78, 0x38, 0xE1, 0xC1, 0xCF, 0x03, 0xB8, 0x0F, 0xC0, 0x1E, 0x00, 0x38,
    0x00, 0xE0, 0x03, 0x80, 0x0E, 0x00, 0x38, 0x00, 0xE0, 0x03, 0x80, 0x0E, 0x00, 0x30, 0x00, 0x00,
    0x01, 0xEE, 0x3F, 0xE3, 0x7C, 0x20, 0x00, 0x00, 0x60, 0x7E, 0x07, 0xE0, 0x7E, 0x07, 0xE0, 0x7E,
    0x07, 0xE0, 0x7E, 0x07, 0xE0, 0x76, 0x07, 0x70, 0xF7, 0xFF, 0x3F, 0xF0, 0xC7, 0x00, 0xE7, 0x1E,
    0x7F, 0xC3, 0xF8, 0xFF, 0xFF, 0x7E, 0xFF, 0xFF, 0xFC, 0x00, 0x00, 0xFF, 0xFF, 0xFC, 0x00, 0x00,
    0xFF, 0xFF, 0xFF, 0xFF, 0xFC, 0x00, 0x00, 0x00, 0xFF, 0xFF, 0xFF, 0xFF, 0xFC, 0x00, 0x00, 0x00,
    0x33, 0x99, 0xF7, 0x98, 0x77, 0x9E, 0x67, 0x30, 0x03, 0x9E, 0x77, 0x38, 0x00, 0x33, 0xB9, 0xF9,
    0x9E, 0xF7, 0xFB, 0x98, 0x77, 0x7B, 0xDF, 0xE6, 0x77, 0x73, 0x30, 0x00, 0x3B, 0x9F, 0xE7, 0x77,
    0x3B, 0xB8, 0x00, 0x18, 0x0E, 0x07, 0x0F, 0xEF, 0xFF, 0xF8, 0x70, 0x38, 0x1C, 0x0E, 0x07, 0x03,
    0x81, 0x80, 0x18, 0x18, 0x18, 0xFF, 0xFF, 0x7E, 0x18, 0xFF, 0xFF, 0x18, 0x18, 0x18, 0x18, 0x08,
    0x00, 0xFB, 0xFF, 0xFF, 0xFF, 0xFF, 0x1C, 0xE7, 0x37, 0x3B, 0xF9, 0xCC, 0x3C, 0x06, 0x00, 0x0F,
    0xC1, 0xC0, 0x03, 0xB8, 0x38, 0x00, 0x63, 0x8E, 0x00, 0x0C, 0x73, 0x80, 0x01, 0x8E, 0x70, 0x00,
    0x31, 0x9C, 0x00, 0x07, 0x77, 0x00, 0x00, 0x7E, 0xE0, 0x00, 0x07, 0x39, 0xF1, 0xF0, 0x0E, 0x7E,
    0x7F, 0x01, 0xDC, 0xEE, 0x60, 0x73, 0x9D, 0x8E, 0x1C, 0x71, 0xB1, 0xC3, 0x8E, 0x36, 0x38, 0xE1,
    0xCE, 0xE6, 0x38, 0x1F, 0x9F, 0xC7, 0x01, 0xF1, 0xF0, 0x00, 0x18, 0x08, 0x00, 0x31, 0x9C, 0xE7,
    0x39, 0xCE, 0x63, 0x18, 0xC6, 0x31, 0x08, 0x0C, 0x73, 0x8E, 0x71, 0x87, 0x0E, 0x3C, 0x70, 0xC0,
    0x61, 0xC7, 0x0E, 0x1C, 0x71, 0xCE, 0x71, 0xC6, 0x00, 0x00, 0x18, 0x01, 0xC0, 0x0E, 0x00, 0xE0,
    0x0E, 0x00, 0x70, 0x07, 0x00, 0x70, 0x03, 0x80, 0x38, 0x03, 0x80, 0x1C, 0x01, 0xC0, 0x1C, 0x00,
    0xE0, 0x0E, 0x00, 0xE0, 0x07, 0x00, 0x00, 0x00, 0x1C, 0x7E, 0x77, 0x63, 0xE3, 0xE3, 0x63, 0x7F,
    0x3E, 0x18, 0x04, 0x0E, 0x1E, 0x3E, 0x7E, 0x7F, 0x7F, 0x0E, 0x0E, 0x00, 0x3C, 0xF9, 0xF7, 0xCF,
    0xD9, 0xC3, 0xFE, 0xFC, 0x60, 0x1C, 0x7D, 0xE3, 0xC7, 0xFF, 0xF9, 0xBF, 0x7C, 0x30, 0x7B, 0xFF,
    0xC7, 0x18, 0xE3, 0x1C, 0x60, 0x00, 0x79, 0xFB, 0x37, 0x67, 0xDF, 0xB3, 0xFE, 0xFC, 0x60, 0x79,
    0xFB, 0x36, 0x6F, 0xCF, 0x87, 0x3C, 0xF0, 0xC0, 0x1C, 0x7E, 0x77, 0x63, 0xE3, 0xE3, 0x63, 0x7F,
    0x3E, 0x18, 0x11, 0xDE, 0xF1, 0x8C, 0x63, 0x18, 0x00, 0x79, 0xFB, 0x30, 0x61, 0xC7, 0x1C, 0x7E,
    0xFC, 0x7D, 0xF8, 0xF3, 0x87, 0xCF, 0x83, 0x7E, 0xFC, 0x60, 0x04, 0x0E, 0x1E, 0x3E, 0x7E, 0x7F,
    0x7F, 0x0E, 0x0E, 0x00, 0x3C, 0xF9, 0xF7, 0xCF, 0xD9, 0xC3, 0xFE, 0xFC, 0x60, 0x1C, 0x7D, 0xE3,
    0xC7, 0xFF, 0xF9, 0xBF, 0x7C, 0x30, 0x7B, 0xFF, 0xC7, 0x18, 0xE3, 0x1C, 0x60, 0x00, 0x79, 0xFB,
    0x37, 0x67, 0xDF, 0xB3, 0xFE, 0xFC, 0x60, 0x79, 0xFB, 0x36, 0x6F, 0xCF, 0x87, 0x3C, 0xF0, 0xC0,
    0x00, 0x00, 0x00, 0x06, 0x20, 0x01, 0x9C, 0x07, 0xEE, 0x07, 0xFF, 0x83, 0xFF, 0xC1, 0xE6, 0x70,
    0xE3, 0xB8, 0x78, 0xCE, 0x1C, 0x77, 0x07, 0x19, 0xC1, 0xCE, 0xE0, 0x73, 0x38, 0x1D, 0xDC, 0x07,
    0x67, 0x01, 0xFB, 0x80, 0x3C, 0xE0, 0x0F, 0x70, 0x01, 0xFC, 0xF0, 0xFF, 0xFC, 0x37, 0xFC, 0x1D,
    0xF8, 0x06, 0x70, 0x01, 0x98, 0x00, 0x06, 0x00, 0x00, 0x3F, 0xF9, 0xFF, 0xCF, 0xFE, 0x70, 0x03,
    0x80, 0x1C, 0x00, 0xE0, 0x07, 0x00, 0x3F, 0xF1, 0xFF, 0x8E, 0x00, 0x70, 0x0F, 0xE0, 0x7F, 0x00,
    0xE0, 0x07, 0x00, 0x38, 0x01, 0x80, 0x00, 0x03, 0xE0, 0x0F, 0xF8, 0x1F, 0xFC, 0x1C, 0x1C, 0x1C,
    0x00, 0x38, 0x00, 0x18, 0x00, 0x18, 0x00, 0x7F, 0xF0, 0x7F, 0xF0, 0x1C, 0x00, 0x7F, 0xF0, 0x7F,
    0xF0, 0x0E, 0x00, 0x0C, 0x00, 0x1F, 0x00, 0x7F, 0xFF, 0xFF, 0xFE, 0x40, 0x7C, 0x30, 0x03, 0x07,
    0x00, 0x60, 0xF0, 0x0C, 0x1E, 0x01, 0x83, 0xE0, 0x30, 0x6E, 0x06, 0x0D, 0xE0, 0xC1, 0x9C, 0x1C,
    0xFF, 0xFF, 0xFF, 0xFF, 0xFC, 0xC3, 0xCC, 0x18, 0x3D, 0x83, 0x03, 0xB0, 0x60, 0x3E, 0x0C, 0x07,
    0xC1, 0x80, 0x78, 0x30, 0x07, 0x06, 0x00, 0x60, 0x1F, 0xF0, 0x0F, 0xFE, 0x07, 0xFF, 0x03, 0x81,
    0xC3, 0xFF, 0xE3, 0xFF, 0xFD, 0xFF, 0xFE, 0x38, 0x1C, 0x1C, 0x1E, 0x0F, 0xFE, 0x07, 0xFE, 0x03,
    0x80, 0x01, 0xC0, 0x00, 0xE0, 0x00, 0x70, 0x00, 0x38, 0x00, 0x1C, 0x00, 0x0C, 0x00, 0x00, 0x60,
    0x00, 0x06, 0xE0, 0x00, 0x07, 0x70, 0x00, 0x0E, 0x70, 0x00, 0x0E, 0x70, 0x18, 0x0E, 0x38, 0x3C,
    0x1C, 0x38, 0x3C, 0x1C, 0x38, 0x3C, 0x1C, 0xFF, 0xFF, 0xFF, 0xFF, 0xFF, 0xFE, 0x1C, 0xE7, 0x38,
    0x0E, 0xE7, 0x70, 0x0E, 0xC3, 0x70, 0x0F, 0xC3, 0xF0, 0x07, 0x83, 0xE0, 0x07, 0x81, 0xE0, 0x07,
    0x81, 0xE0, 0x03, 0x00, 0xC0, 0x01, 0x00, 0x70, 0x1F, 0x07, 0xF0, 0xFC, 0x37, 0x1F, 0xE7, 0xFC,
    0xE3, 0x98, 0x73, 0x0E, 0x71, 0xCF, 0x78, 0xFF, 0x0F, 0x40, 0x00, 0xFF, 0xDF, 0xF8, 0x00, 0xFC,
    0x03, 0xFE, 0x07, 0xFF, 0x0F, 0x02, 0x1C, 0x00, 0x1C, 0x00, 0x7F, 0x80, 0xFF, 0xE0, 0xFF, 0xC0,
    0x38, 0x00, 0xFF, 0xC0, 0xFF, 0xE0, 0x7F, 0xC0, 0x1C, 0x00, 0x1E, 0x00, 0x0F, 0x87, 0x07, 0xFF,
    0x01, 0xFE, 0x00, 0x70, 0x30, 0x02, 0x38, 0x0F, 0x38, 0x1E, 0x38, 0x3C, 0x38, 0x78, 0x38, 0xF0,
    0x39, 0xE0, 0xFB, 0xFC, 0xFF, 0xFE, 0xFF, 0xFE, 0x3E, 0xE0, 0x3C, 0x70, 0x38, 0x78, 0x38, 0x3C,
    0x38, 0x1C, 0x38, 0x0E, 0x38, 0x0F, 0x38, 0x07, 0x00, 0x00, 0x1F, 0xF0, 0x0F, 0xFE, 0x07, 0xFF,
    0x0F, 0xFF, 0xF7, 0xFF, 0xF8, 0xE0, 0x71, 0xFF, 0xFE, 0xFF, 0xFF, 0x1C, 0x1E, 0x0F, 0xFE, 0x07,
    0xFE, 0x03, 0x80, 0x01, 0xC0, 0x00, 0xE0, 0x00, 0x70, 0x00, 0x38, 0x00, 0x1C, 0x00, 0x0C, 0x00,
    0x00, 0x01, 0xC0, 0x03, 0x80, 0x07, 0x00, 0x1F, 0xC0, 0xFF, 0xC3, 0xFF, 0xCF, 0x71, 0x3C, 0xE0,
    0x71, 0xC1, 0xC3, 0x83, 0x87, 0x07, 0x0E, 0x0E, 0x1F, 0xFC, 0x3F, 0xF8, 0x73, 0xF0, 0xE7, 0x71,
    0xCE, 0xF3, 0x9C, 0xFF, 0x38, 0xFF, 0xF0, 0x7F, 0xC0, 0x3C, 0x00, 0x70, 0x00, 0xE0, 0x00, 0x00,
    0x00, 0x80, 0x03, 0x80, 0x07, 0x00, 0x1F, 0x80, 0xFF, 0xC3, 0xFF, 0xCF, 0x73, 0x38, 0xE0, 0xF1,
    0xC1, 0xC3, 0x83, 0x87, 0x07, 0x0E, 0x0E, 0x1C, 0x1C, 0x38, 0x38, 0x70, 0x70, 0xE0, 0x71, 0xC0,
    0xF3, 0x80, 0xFF, 0x78, 0xFF, 0xF0, 0xFF, 0x80, 0x38, 0x00, 0x70, 0x00, 0xE0, 0x00, 0x80, 0xFF,
    0xFF, 0xFF, 0xFF, 0xF0, 0x3C, 0xFF, 0xFF, 0xFF, 0xFF, 0xF0, 0x1C, 0x07, 0x8F, 0xF0, 0xFF, 0x00,
    0x38, 0x01, 0x80, 0x1C, 0x01, 0xC0, 0x1C, 0x01, 0xE0, 0x0E, 0x0C, 0x00, 0x30, 0x00, 0xE0, 0x03,
    0xB8, 0x0F, 0xC0, 0x3E, 0x01, 0xE7, 0x0F, 0xBC, 0x7F, 0xE1, 0xBE, 0x01, 0xF0, 0x0F, 0x80, 0x7E,
    0x0C, 0xB8, 0x70, 0xE3, 0xC3, 0xBE, 0x0F, 0xF0, 0x3F, 0x00, 0x60, 0x00, 0x00, 0x00, 0x0C, 0x00,
    0x30, 0x01, 0xE0, 0x1F, 0xE0, 0xFF, 0xC7, 0xB7, 0xB8, 0xCE, 0xE3, 0x1F, 0x8C, 0x7E, 0x31, 0xF8,
    0xC7, 0xE3, 0x1F, 0x8C, 0x7E, 0x31, 0xF8, 0x07, 0xE0, 0x1F, 0x80, 0x7E, 0x01, 0xF8, 0x07, 0xC0,
    0x1C, 0x00, 0x20, 0x3F, 0xE0, 0xFF, 0xE3, 0xFF, 0x8E, 0x07, 0x38, 0x1C, 0xE0, 0x73, 0x81, 0xCE,
    0x07, 0x38, 0x3F, 0xFF, 0xEF, 0xFF, 0x0E, 0x00, 0x38, 0x03, 0xF8, 0x0F, 0xE0, 0x0E, 0x00, 0x38,
    0x00, 0xC0, 0x00, 0x08, 0x00, 0xF8, 0x07, 0xE0, 0x07, 0x80, 0x1E, 0x03, 0x70, 0x7F, 0xC7, 0xFE,
    0x78, 0xF7, 0x03, 0xF8, 0x0F, 0xC0, 0x7E, 0x03, 0xF0, 0x1F, 0x80, 0xFE, 0x0E, 0x78, 0xF1, 0xFF,
    0x07, 0xF0, 0x00, 0x00, 0x00, 0x00, 0x1F, 0xDC, 0x7F, 0xF9, 0xE3, 0xE3, 0x87, 0xCE, 0x1F, 0x9C,
    0x7B, 0x39, 0xE6, 0x77, 0x8C, 0xFE, 0x38, 0xF0, 0x71, 0xE1, 0xC7, 0xFF, 0x9D, 0xFC, 0x10, 0xE0,
    0x00, 0x00, 0xC0, 0x00, 0xE0, 0x00, 0x78, 0x00, 0x7C, 0x00, 0x3F, 0x00, 0x1B, 0x80, 0x1C, 0xC0,
    0x0C, 0x70, 0x0E, 0x18, 0x06, 0x0E, 0x07, 0x03, 0x03, 0x81, 0xC3, 0x80, 0xE1, 0xC0, 0x38, 0xC0,
    0x1C, 0xE0, 0x07, 0x7F, 0xFF, 0xBF, 0xFF, 0xC0, 0x7F, 0xFF, 0x7F, 0xFF, 0xDF, 0xFF, 0xC3, 0x81,
    0xC1, 0xC0, 0xE0, 0xE0, 0x70, 0x70, 0x38, 0x38, 0x1C, 0x1C, 0x0E, 0x0E, 0x07, 0x07, 0x03, 0x83,
    0x81, 0xC1, 0xC0, 0xE0, 0xE0, 0x70, 0x70, 0x38, 0x38, 0x1C, 0x1C, 0x0E, 0x0E, 0x07, 0x07, 0x03,
    0x83, 0x81, 0xC1, 0xC0, 0xE0, 0xE0, 0x70, 0x60, 0x30, 0x00, 0x1F, 0xFF, 0xFF, 0xF8, 0x07, 0x80,
    0x78, 0x07, 0x00, 0x70, 0x07, 0x00, 0x70, 0x1C, 0x07, 0x01, 0xC0, 0x70, 0x1E, 0x07, 0x80, 0xFF,
    0xFF, 0xFC, 0x7F, 0xEF, 0xFF, 0xFF, 0xF0, 0x00, 0x00, 0x00, 0x60, 0x03, 0x80, 0x0E, 0x00, 0x70,
    0x01, 0xC0, 0x0E, 0x00, 0x38, 0x01, 0xC0, 0x07, 0x00, 0x38, 0x00, 0xE0, 0x07, 0x00, 0x1C, 0x00,
    0xE0, 0x03, 0x80, 0x1C, 0x00, 0x70, 0x03, 0x80, 0x0E, 0x00, 0x70, 0x01, 0xC0, 0x0E, 0x00, 0x38,
    0x00, 0x40, 0x00, 0x6F, 0xF6, 0x00, 0x04, 0x00, 0x1C, 0x00, 0x30, 0x00, 0xE0, 0x01, 0xC0, 0x03,
    0x00, 0x0E, 0x1C, 0x1C, 0xF8, 0x31, 0xF8, 0xE3, 0x71, 0xC0, 0x73, 0x00, 0xEE, 0x00, 0xD8, 0x01,
    0xF0, 0x01, 0xE0, 0x03, 0x80, 0x03, 0x00, 0x3E, 0x07, 0xC7, 0xF0, 0xFE, 0xE3, 0x9C, 0xFE, 0x1F,
    0x87, 0xC0, 0xF0, 0x7C, 0x0F, 0x07, 0xE1, 0xF8, 0x7F, 0x79, 0xCF, 0x7F, 0x0F, 0xE3, 0xE0, 0x7C,
    0x00, 0x70, 0x03, 0xE0, 0x1F, 0x80, 0x70, 0x03, 0x80, 0x0E, 0x00, 0x38, 0x00, 0xE0, 0x03, 0x80,
    0x1C, 0x00, 0x70, 0x01, 0xC0, 0x07, 0x00, 0x1C, 0x00, 0x70, 0x03, 0x80, 0x0E, 0x00, 0x38, 0x00,
    0xE0, 0x3F, 0x00, 0xFC, 0x03, 0xC0, 0x00, 0x30, 0x2F, 0xE7, 0xFF, 0xFC, 0x7E, 0x00, 0x07, 0xC7,
    0xFF, 0xFF, 0xFE, 0xC3, 0xE0, 0x00, 0x80, 0x1C, 0x01, 0x8F, 0xFF, 0xFF, 0xF7, 0xFE, 0x0E, 0x00,
    0xE0, 0xFF, 0xFF, 0xFF, 0x38, 0x03, 0x00, 0x30, 0x00, 0x00, 0x30, 0x0F, 0x83, 0xF8, 0x7F, 0x0F,
    0xC0, 0x7E, 0x01, 0xFC, 0x01, 0xFC, 0x01, 0xF0, 0x03, 0x80, 0x01, 0xFF, 0xFF, 0xFF, 0x80, 0x70,
    0x03, 0xF0, 0x0F, 0xF0, 0x0F, 0xE0, 0x0F, 0x80, 0xFC, 0x3F, 0x8F, 0xE0, 0x7C, 0x03, 0x00, 0x00,
    0x01, 0xFF, 0xFF, 0xFF, 0x80, 0x07, 0x80, 0x3F, 0x21, 0xF9, 0xC7, 0x07, 0x1C, 0x08, 0x70, 0x07,
    0xF9, 0xFF, 0xE7, 0x3F, 0x1C, 0x70, 0x71, 0xC1, 0xC7, 0x07, 0x1C, 0x1C, 0x70, 0x71, 0xC1, 0xC7,
    0x07, 0x1C, 0x1C, 0x70, 0x71, 0xC1, 0xC0, 0x07, 0x8C, 0x3F, 0x71, 0xF9, 0xC7, 0x07, 0x1C, 0x1C,
    0x70, 0x77, 0xF9, 0xFF, 0xE7, 0x3F, 0x1C, 0x70, 0x71, 0xC1, 0xC7, 0x07, 0x1C, 0x1C, 0x70, 0x71,
    0xC1, 0xC7, 0x07, 0x1C, 0x1C, 0x70, 0x71, 0xC1, 0xC0,
};

static const EpdGlyph quicksand_12_mediumGlyphs[] = {
    { 0, 0, 110, 0, 0, 0, 0 }, // U+000D
    { 0, 0, 110, 0, 0, 0, 0 }, // U+0020
    { 3, 18, 85, 1, 18, 7, 0 }, // !
    { 10, 8, 160, 0, 18, 10, 7 }, // "
    { 16, 18, 267, 0, 18, 36, 17 }, // #
    { 14, 25, 230, 0, 21, 44, 53 }, // $
    { 18, 19, 316, 1, 18, 43, 97 }, // %
    { 17, 19, 276, 0, 18, 41, 140 }, // &
    { 5, 8, 80, 0, 18, 5, 181 }, // '
    { 8, 23, 147, 1, 18, 23, 186 }, // (
    { 9, 23, 147, 0, 18, 26, 209 }, // )
    { 8, 9, 131, 0, 18, 9, 235 }, // *
    { 13, 13, 227, 1, 15, 22, 244 }, // +
    { 5, 7, 88, 0, 3, 5, 266 }, // ,
    { 8, 3, 157, 1, 9, 3, 271 }, // -
    { 3, 3, 82, 1, 3, 2, 274 }, // .
    { 13, 24, 215, 0, 20, 39, 276 }, // /
    { 13, 19, 240, 1, 18, 31, 315 }, // 0
    { 7, 18, 150, 0, 18, 16, 346 }, // 1
    { 12, 18, 224, 1, 18, 27, 362 }, // 2
    { 11, 19, 211, 1, 18, 27, 389 }, // 3
    { 13, 18, 219, 0, 18, 30, 416 }, // 4
    { 12, 19, 222, 1, 18, 29, 446 }, // 5
    { 12, 19, 217, 1, 18, 29, 475 }, // 6
    { 12, 19, 210, 1, 18, 29, 504 }, // 7
    { 12, 19, 217, 1, 18, 29, 533 }, // 8
    { 12, 19, 225, 1, 18, 29, 562 }, // 9
    { 3, 13, 86, 1, 13, 5, 591 }, // :
    { 4, 17, 92, 1, 13, 9, 596 }, // ;
    { 12, 13, 210, 0, 15, 20, 605 }, // <
    { 12, 8, 221, 1, 12, 12, 625 }, // =
    { 12, 13, 211, 1, 15, 20, 637 }, // >
    { 11, 19, 200, 1, 19, 27, 657 }, // ?
    { 23, 23, 388, 1, 18, 67, 684 }, // @
    { 16, 19, 258, 0, 18, 38, 751 }, // A
    { 14, 18, 261, 2, 18, 32, 789 }, // B
    { 15, 19, 258, 1, 18, 36, 821 }, // C
    { 15, 18, 287, 2, 18, 34, 857 }, // D
    { 12, 18, 228, 2, 18, 27, 891 }, // E
    { 11, 18, 226, 2, 18, 25, 918 }, // F
    { 15, 19, 278, 1, 18, 36, 943 }, // G
    { 14, 18, 288, 2, 18, 32, 979 }, // H
    { 3, 18, 104, 2, 18, 7, 1011 }, // I
    { 11, 19, 226, 1, 18, 27, 1018 }, // J
    { 14, 19, 268, 2, 18, 34, 1045 }, // K
    { 11, 18, 217, 2, 18, 25, 1079 }, // L
    { 17, 18, 330, 2, 18, 39, 1104 }, // M
    { 15, 18, 292, 2, 18, 34, 1143 }, // N
    { 17, 19, 306, 1, 18, 41, 1177 }, // O
    { 12, 18, 240, 2, 18, 27, 1218 }, // P
    { 19, 23, 308, 1, 18, 55, 1245 }, // Q
    { 14, 18, 270, 2, 18, 32, 1300 }, // R
    { 14, 19, 230, 0, 18, 34, 1332 }, // S
    { 15, 18, 244, 0, 18, 34, 1366 }, // T
    { 14, 19, 284, 2, 18, 34, 1400 }, // U
    { 16, 18, 268, 0, 18, 36, 1434 }, // V
    { 24, 18, 384, 0, 18, 54, 1470 }, // W
    { 15, 19, 249, 0, 18, 36, 1524 }, // X
    { 14, 18, 229, 0, 18, 32, 1560 }, // Y
    { 15, 18, 258, 1, 18, 34, 1592 }, // Z
    { 8, 23, 160, 2, 18, 23, 1626 }, // [
    { 14, 25, 215, 0, 21, 44, 1649 }, // <backslash>
    { 8, 23, 160, 0, 18, 23, 1693 }, // ]
    { 12, 10, 220, 1, 19, 15, 1716 }, // ^
    { 15, 2, 272, 1, -2, 4, 1731 }, // _
    { 5, 4, 95, 0, 18, 3, 1735 }, // `
    { 13, 15, 246, 1, 14, 25, 1738 }, // a
    { 14, 20, 246, 1, 19, 35, 1763 }, // b
    { 12, 15, 208, 1, 14, 23, 1798 }, // c
    { 13, 20, 246, 1, 19, 33, 1821 }, // d
    { 13, 15, 229, 1, 14, 25, 1854 }, // e
    { 10, 19, 154, 0, 19, 24, 1879 }, // f
    { 13, 19, 252, 1, 14, 31, 1903 }, // g
    { 12, 19, 230, 1, 19, 29, 1934 }, // h
    { 3, 18, 88, 1, 18, 7, 1963 }, // i
    { 6, 23, 109, -1, 18, 18, 1970 }, // j
    { 11, 19, 219, 2, 19, 27, 1988 }, // k
    { 3, 19, 97, 2, 19, 8, 2015 }, // l
    { 21, 14, 366, 1, 14, 37, 2023 }, // m
    { 12, 14, 234, 1, 14, 21, 2060 }, // n
    { 14, 15, 244, 1, 14, 27, 2081 }, // o
    { 14, 19, 246, 1, 14, 34, 2108 }, // p
    { 13, 19, 246, 1, 14, 31, 2142 }, // q
    { 9, 14, 160, 1, 14, 16, 2173 }, // r
    { 11, 15, 190, 0, 14, 21, 2189 }, // s
    { 9, 17, 145, 0, 17, 20, 2210 }, // t
    { 12, 14, 230, 1, 13, 21, 2230 }, // u
    { 13, 15, 216, 0, 14, 25, 2251 }, // v
    { 19, 15, 303, 0, 14, 36, 2276 }, // w
    { 12, 15, 194, 0, 14, 23, 2312 }, // x
    { 12, 19, 230, 1, 14, 29, 2335 }, // y
    { 11, 13, 192, 1, 13, 18, 2364 }, // z
    { 10, 24, 168, 0, 18, 30, 2382 }, // {
    { 3, 25, 88, 1, 20, 10, 2412 }, // |
    { 11, 23, 168, 0, 18, 32, 2422 }, // }
    { 10, 4, 196, 1, 10, 5, 2454 }, // ~
    { 0, 0, 110, 0, 0, 0, 2459 }, // U+00A0
    { 3, 19, 85, 1, 14, 8, 2459 }, // U+00A1
    { 12, 18, 206, 1, 18, 27, 2467 }, // U+00A2
    { 16, 19, 247, 0, 18, 38, 2494 }, // U+00A3
    { 11, 11, 209, 1, 13, 16, 2532 }, // U+00A4
    { 14, 18, 229, 0, 18, 32, 2548 }, // U+00A5
    { 3, 25, 90, 1, 20, 10, 2580 }, // U+00A6
    { 13, 22, 217, 0, 18, 36, 2590 }, // U+00A7
    { 8, 3, 163, 1, 18, 3, 2626 }, // U+00A8
    { 18, 19, 316, 1, 18, 43, 2629 }, // U+00A9
    { 8, 9, 141, 0, 18, 9, 2672 }, // U+00AA
    { 11, 11, 186, 0, 12, 16, 2681 }, // U+00AB
    { 15, 8, 264, 1, 11, 15, 2697 }, // U+00AC
    { 8, 3, 157, 1, 9, 3, 2712 }, // U+00AD
    { 13, 12, 208, 0, 18, 20, 2715 }, // U+00AE
    { 9, 3, 164, 1, 17, 4, 2735 }, // U+00AF
    { 9, 8, 141, 0, 18, 9, 2739 }, // U+00B0
    { 12, 14, 216, 1, 16, 21, 2748 }, // U+00B1
    { 7, 9, 133, 1, 20, 8, 2769 }, // U+00B2
    { 7, 10, 131, 1, 20, 9, 2777 }, // U+00B3
    { 5, 5, 110, 1, 19, 4, 2786 }, // U+00B4
    { 11, 17, 228, 2, 13, 24, 2790 }, // U+00B5
    { 13, 20, 250, 1, 18, 33, 2814 }, // U+00B6
    { 3, 3, 82, 1, 9, 2, 2847 }, // U+00B7
    { 4, 5, 109, 1, 1, 3, 2849 }, // U+00B8
    { 5, 10, 102, 0, 21, 7, 2852 }, // U+00B9
    { 9, 9, 140, 0, 18, 11, 2859 }, // U+00BA
    { 12, 11, 186, 0, 12, 17, 2870 }, // U+00BB
    { 17, 19, 294, 1, 18, 41, 2887 }, // U+00BC
    { 16, 19, 290, 1, 18, 38, 2928 }, // U+00BD
    { 18, 19, 309, 1, 18, 43, 2966 }, // U+00BE
    { 11, 19, 197, 1, 14, 27, 3009 }, // U+00BF
    { 16, 24, 258, 0, 23, 48, 3036 }, // U+00C0
    { 16, 24, 258, 0, 23, 48, 3084 }, // U+00C1
    { 16, 23, 258, 0, 22, 46, 3132 }, // U+00C2
    { 16, 24, 258, 0, 23, 48, 3178 }, // U+00C3
    { 16, 23, 258, 0, 22, 46, 3226 }, // U+00C4
    { 16, 23, 258, 0, 22, 46, 3272 }, // U+00C5
    { 22, 19, 363, 0, 18, 53, 3318 }, // U+00C6
    { 15, 22, 258, 1, 18, 42, 3371 }, // U+00C7
    { 12, 23, 228, 2, 23, 35, 3413 }, // U+00C8
    { 12, 23, 228, 2, 23, 35, 3448 }, // U+00C9
    { 12, 22, 228, 2, 22, 33, 3483 }, // U+00CA
    { 12, 22, 228, 2, 22, 33, 3516 }, // U+00CB
    { 6, 23, 104, -1, 23, 18, 3549 }, // U+00CC
    { 5, 23, 104, 2, 23, 15, 3567 }, // U+00CD
    { 8, 22, 104, -1, 22, 22, 3582 }, // U+00CE
    { 8, 22, 104, -1, 22, 22, 3604 }, // U+00CF
    { 17, 18, 287, 0, 18, 39, 3626 }, // U+00D0
    { 15, 23, 292, 2, 23, 44, 3665 }, // U+00D1
    { 17, 24, 306, 1, 23, 51, 3709 }, // U+00D2
    { 17, 24, 306, 1, 23, 51, 3760 }, // U+00D3
    { 17, 23, 306, 1, 22, 49, 3811 }, // U+00D4
    { 17, 24, 306, 1, 23, 51, 3860 }, // U+00D5
    { 17, 23, 306, 1, 22, 49, 3911 }, // U+00D6
    { 10, 10, 190, 1, 13, 13, 3960 }, // U+00D7
    { 17, 20, 292, 1, 19, 43, 3973 }, // U+00D8
    { 14, 24, 284, 2, 23, 42, 4016 }, // U+00D9
    { 14, 24, 284, 2, 23, 42, 4058 }, // U+00DA
    { 14, 23, 284, 2, 22, 41, 4100 }, // U+00DB
    { 14, 23, 284, 2, 22, 41, 4141 }, // U+00DC
    { 14, 23, 229, 0, 23, 41, 4182 }, // U+00DD
    { 12, 19, 237, 2, 19, 29, 4223 }, // U+00DE
    { 15, 20, 251, 0, 19, 38, 4252 }, // U+00DF
    { 13, 19, 246, 1, 18, 31, 4290 }, // U+00E0
    { 13, 20, 246, 1, 19, 33, 4321 }, // U+00E1
    { 13, 20, 246, 1, 19, 33, 4354 }, // U+00E2
    { 13, 20, 246, 1, 19, 33, 4387 }, // U+00E3
    { 13, 19, 246, 1, 18, 31, 4420 }, // U+00E4
    { 13, 21, 246, 1, 20, 35, 4451 }, // U+00E5
    { 21, 15, 364, 1, 14, 40, 4486 }, // U+00E6
    { 12, 18, 208, 1, 14, 27, 4526 }, // U+00E7
    { 13, 19, 229, 1, 18, 31, 4553 }, // U+00E8
    { 13, 20, 229, 1, 19, 33, 4584 }, // U+00E9
    { 13, 20, 229, 1, 19, 33, 4617 }, // U+00EA
    { 13, 19, 229, 1, 18, 31, 4650 }, // U+00EB
    { 5, 18, 88, -1, 18, 12, 4681 }, // U+00EC
    { 5, 19, 88, 1, 19, 12, 4693 }, // U+00ED
    { 7, 19, 88, -1, 19, 17, 4705 }, // U+00EE
    { 8, 18, 88, -1, 18, 18, 4722 }, // U+00EF
    { 13, 20, 231, 1, 19, 33, 4740 }, // U+00F0
    { 12, 19, 234, 1, 19, 29, 4773 }, // U+00F1
    { 14, 19, 244, 1, 18, 34, 4802 }, // U+00F2
    { 14, 20, 244, 1, 19, 35, 4836 }, // U+00F3
    { 14, 20, 244, 1, 19, 35, 4871 }, // U+00F4
    { 14, 20, 244, 1, 19, 35, 4906 }, // U+00F5
    { 14, 19, 244, 1, 18, 34, 4941 }, // U+00F6
    { 13, 13, 233, 1, 15, 22, 4975 }, // U+00F7
    { 14, 15, 244, 1, 14, 27, 4997 }, // U+00F8
    { 12, 19, 230, 1, 18, 29, 5024 }, // U+00F9
    { 12, 20, 230, 1, 19, 30, 5053 }, // U+00FA
    { 12, 20, 230, 1, 19, 30, 5083 }, // U+00FB
    { 12, 19, 230, 1, 18, 29, 5113 }, // U+00FC
    { 12, 24, 230, 1, 19, 36, 5142 }, // U+00FD
    { 14, 24, 246, 1, 19, 42, 5178 }, // U+00FE
    { 12, 23, 230, 1, 18, 35, 5220 }, // U+00FF
    { 16, 23, 258, 0, 22, 46, 5255 }, // U+0100
    { 13, 19, 246, 1, 18, 31, 5301 }, // U+0101
    { 16, 24, 258, 0, 23, 48, 5332 }, // U+0102
    { 13, 20, 246, 1, 19, 33, 5380 }, // U+0103
    { 17, 23, 258, 0, 18, 49, 5413 }, // U+0104
    { 13, 20, 245, 1, 14, 33, 5462 }, // U+0105
    { 15, 24, 258, 1, 23, 45, 5495 }, // U+0106
    { 12, 20, 208, 1, 19, 30, 5540 }, // U+0107
    { 15, 23, 258, 1, 22, 44, 5570 }, // U+0108
    { 12, 20, 208, 1, 19, 30, 5614 }, // U+0109
    { 15, 23, 258, 1, 22, 44, 5644 }, // U+010A
    { 12, 19, 208, 1, 18, 29, 5688 }, // U+010B
    { 15, 24, 258, 1, 23, 45, 5717 }, // U+010C
    { 12, 19, 208, 1, 18, 29, 5762 }, // U+010D
    { 15, 23, 287, 2, 23, 44, 5791 }, // U+010E
    { 18, 20, 262, 1, 19, 45, 5835 }, // U+010F
    { 17, 18, 287, 0, 18, 39, 5880 }, // U+0110
    { 15, 20, 246, 1, 19, 38, 5919 }, // U+0111
    { 12, 22, 228, 2, 22, 33, 5957 }, // U+0112
    { 13, 19, 229, 1, 18, 31, 5990 }, // U+0113
    { 12, 23, 228, 2, 23, 35, 6021 }, // U+0114
    { 13, 20, 229, 1, 19, 33, 6056 }, // U+0115
    { 12, 22, 228, 2, 22, 33, 6089 }, // U+0116
    { 13, 19, 229, 1, 18, 31, 6122 }, // U+0117
    { 12, 23, 231, 2, 18, 35, 6153 }, // U+0118
    { 13, 19, 229, 1, 14, 31, 6188 }, // U+0119
    { 12, 23, 228, 2, 23, 35, 6219 }, // U+011A
    { 13, 19, 229, 1, 18, 31, 6254 }, // U+011B
    { 15, 23, 278, 1, 22, 44, 6285 }, // U+011C
    { 13, 24, 252, 1, 19, 39, 6329 }, // U+011D
    { 15, 24, 278, 1, 23, 45, 6368 }, // U+011E
    { 13, 24, 252, 1, 19, 39, 6413 }, // U+011F
    { 15, 23, 278, 1, 22, 44, 6452 }, // U+0120
    { 13, 23, 252, 1, 18, 38, 6496 }, // U+0121
    { 15, 23, 278, 1, 18, 44, 6534 }, // U+0122
    { 13, 25, 252, 1, 20, 41, 6578 }, // U+0123
    { 14, 22, 288, 2, 22, 39, 6619 }, // U+0124
    { 14, 23, 230, -1, 23, 41, 6658 }, // U+0125
    { 18, 18, 329, 1, 18, 41, 6699 }, // U+0126
    { 13, 19, 230, 0, 19, 31, 6740 }, // U+0127
    { 9, 23, 104, -1, 23, 26, 6771 }, // U+0128
    { 9, 19, 88, -2, 19, 22, 6797 }, // U+0129
    { 9, 22, 104, -1, 22, 25, 6819 }, // U+012A
    { 9, 18, 88, -2, 18, 21, 6844 }, // U+012B
    { 9, 23, 104, -1, 23, 26, 6865 }, // U+012C
    { 8, 19, 88, -1, 19, 19, 6891 }, // U+012D
    { 6, 23, 100, -1, 18, 18, 6910 }, // U+012E
    { 6, 23, 88, -1, 18, 18, 6928 }, // U+012F
    { 3, 22, 104, 2, 22, 9, 6946 }, // U+0130
    { 3, 14, 88, 1, 14, 6, 6955 }, // U+0131
    { 11, 19, 238, 2, 18, 27, 6961 }, // U+0132
    { 9, 23, 191, 1, 18, 26, 6988 }, // U+0133
    { 14, 23, 226, 1, 22, 41, 7014 }, // U+0134
    { 8, 24, 101, -1, 19, 24, 7055 }, // U+0135
    { 14, 23, 268, 2, 18, 41, 7079 }, // U+0136
    { 11, 26, 219, 2, 19, 36, 7120 }, // U+0137
    { 11, 13, 219, 2, 13, 18, 7156 }, // U+0138
    { 11, 23, 217, 2, 23, 32, 7174 }, // U+0139
    { 5, 24, 97, 2, 24, 15, 7206 }, // U+013A
    { 11, 23, 217, 2, 18, 32, 7221 }, // U+013B
    { 4, 26, 97, 1, 19, 13, 7253 }, // U+013C
    { 11, 19, 217, 2, 19, 27, 7266 }, // U+013D
    { 7, 19, 110, 2, 19, 17, 7293 }, // U+013E
    { 11, 18, 216, 2, 18, 25, 7310 }, // U+013F
    { 7, 19, 135, 2, 19, 17, 7335 }, // U+0140
    { 14, 18, 239, 1, 18, 32, 7352 }, // U+0141
    { 8, 19, 98, -1, 19, 19, 7384 }, // U+0142
    { 15, 23, 292, 2, 23, 44, 7403 }, // U+0143
    { 12, 19, 234, 1, 19, 29, 7447 }, // U+0144
    { 15, 23, 292, 2, 18, 44, 7476 }, // U+0145
    { 12, 21, 234, 1, 14, 32, 7520 }, // U+0146
    { 15, 23, 292, 2, 23, 44, 7552 }, // U+0147
    { 12, 18, 234, 1, 18, 27, 7596 }, // U+0148
    { 15, 18, 245, -1, 18, 34, 7623 }, // U+0149
    { 15, 23, 300, 2, 18, 44, 7657 }, // U+014A
    { 12, 19, 234, 1, 14, 29, 7701 }, // U+014B
    { 17, 23, 306, 1, 22, 49, 7730 }, // U+014C
    { 14, 19, 244, 1, 18, 34, 7779 }, // U+014D
    { 17, 24, 306, 1, 23, 51, 7813 }, // U+014E
    { 14, 20, 244, 1, 19, 35, 7864 }, // U+014F
    { 17, 24, 306, 1, 23, 51, 7899 }, // U+0150
    { 14, 20, 244, 1, 19, 35, 7950 }, // U+0151
    { 23, 18, 393, 1, 18, 52, 7985 }, // U+0152
    { 24, 15, 405, 1, 14, 45, 8037 }, // U+0153
    { 14, 23, 270, 2, 23, 41, 8082 }, // U+0154
    { 9, 19, 160, 1, 19, 22, 8123 }, // U+0155
    { 14, 23, 270, 2, 18, 41, 8145 }, // U+0156
    { 10, 21, 160, 0, 14, 27, 8186 }, // U+0157
    { 14, 23, 270, 2, 23, 41, 8213 }, // U+0158
    { 9, 18, 160, 1, 18, 21, 8254 }, // U+0159
    { 14, 24, 230, 0, 23, 42, 8275 }, // U+015A
    { 11, 20, 190, 0, 19, 28, 8317 }, // U+015B
    { 14, 23, 230, 0, 22, 41, 8345 }, // U+015C
    { 11, 20, 190, 0, 19, 28, 8386 }, // U+015D
    { 14, 22, 230, 0, 18, 39, 8414 }, // U+015E
    { 11, 18, 190, 0, 14, 25, 8453 }, // U+015F
    { 14, 24, 230, 0, 23, 42, 8478 }, // U+0160
    { 11, 19, 190, 0, 18, 27, 8520 }, // U+0161
    { 15, 22, 244, 0, 18, 42, 8547 }, // U+0162
    { 9, 21, 145, 0, 17, 24, 8589 }, // U+0163
    { 15, 23, 244, 0, 23, 44, 8613 }, // U+0164
    { 10, 20, 145, 0, 20, 25, 8657 }, // U+0165
    { 15, 18, 244, 0, 18, 34, 8682 }, // U+0166
    { 9, 17, 145, 0, 17, 20, 8716 }, // U+0167
    { 14, 24, 284, 2, 23, 42, 8736 }, // U+0168
    { 12, 20, 230, 1, 19, 30, 8778 }, // U+0169
    { 14, 23, 284, 2, 22, 41, 8808 }, // U+016A
    { 12, 19, 230, 1, 18, 29, 8849 }, // U+016B
    { 14, 24, 284, 2, 23, 42, 8878 }, // U+016C
    { 12, 20, 230, 1, 19, 30, 8920 }, // U+016D
    { 14, 25, 284, 2, 24, 44, 8950 }, // U+016E
    { 12, 21, 230, 1, 20, 32, 8994 }, // U+016F
    { 14, 24, 284, 2, 23, 42, 9026 }, // U+0170
    { 12, 20, 230, 1, 19, 30, 9068 }, // U+0171
    { 14, 23, 284, 2, 18, 41, 9098 }, // U+0172
    { 12, 18, 230, 1, 13, 27, 9139 }, // U+0173
    { 24, 22, 384, 0, 22, 66, 9166 }, // U+0174
    { 19, 20, 303, 0, 19, 48, 9232 }, // U+0175
    { 14, 22, 229, 0, 22, 39, 9280 }, // U+0176
    { 12, 24, 230, 1, 19, 36, 9319 }, // U+0177
    { 14, 22, 229, 0, 22, 39, 9355 }, // U+0178
    { 15, 23, 258, 1, 23, 44, 9394 }, // U+0179
    { 11, 19, 192, 1, 19, 27, 9438 }, // U+017A
    { 15, 22, 258, 1, 22, 42, 9465 }, // U+017B
    { 11, 18, 192, 1, 18, 25, 9507 }, // U+017C
    { 15, 23, 258, 1, 23, 44, 9532 }, // U+017D
    { 11, 18, 192, 1, 18, 25, 9576 }, // U+017E
    { 17, 22, 306, 1, 21, 47, 9601 }, // U+01A0
    { 14, 17, 244, 1, 16, 30, 9648 }, // U+01A1
    { 17, 22, 284, 2, 21, 47, 9678 }, // U+01AF
    { 15, 17, 230, 1, 16, 32, 9725 }, // U+01B0
    { 32, 23, 545, 2, 23, 92, 9757 }, // U+01C4
    { 27, 18, 479, 2, 18, 61, 9849 }, // U+01C5
    { 26, 20, 438, 1, 19, 65, 9910 }, // U+01C6
    { 24, 19, 443, 2, 18, 57, 9975 }, // U+01C7
    { 16, 23, 326, 2, 18, 46, 10032 }, // U+01C8
    { 9, 24, 200, 2, 19, 27, 10078 }, // U+01C9
    { 29, 19, 518, 2, 18, 69, 10105 }, // U+01CA
    { 21, 23, 401, 2, 18, 61, 10174 }, // U+01CB
    { 19, 23, 342, 1, 18, 55, 10235 }, // U+01CC
    { 16, 24, 258, 0, 23, 48, 10290 }, // U+01CD
    { 13, 19, 246, 1, 18, 31, 10338 }, // U+01CE
    { 8, 23, 104, -1, 23, 23, 10369 }, // U+01CF
    { 7, 18, 88, -1, 18, 16, 10392 }, // U+01D0
    { 17, 24, 306, 1, 23, 51, 10408 }, // U+01D1
    { 14, 19, 244, 1, 18, 34, 10459 }, // U+01D2
    { 14, 24, 284, 2, 23, 42, 10493 }, // U+01D3
    { 12, 19, 230, 1, 18, 29, 10535 }, // U+01D4
    { 15, 24, 278, 1, 23, 45, 10564 }, // U+01E6
    { 13, 23, 252, 1, 18, 38, 10609 }, // U+01E7
    { 17, 23, 306, 1, 18, 49, 10647 }, // U+01EA
    { 13, 19, 241, 1, 14, 31, 10696 }, // U+01EB
    { 27, 18, 479, 2, 18, 61, 10727 }, // U+01F2
    { 16, 27, 258, 0, 26, 54, 10788 }, // U+01FA
    { 13, 25, 244, 1, 24, 41, 10842 }, // U+01FB
    { 22, 24, 363, 0, 23, 66, 10883 }, // U+01FC
    { 21, 20, 364, 1, 19, 53, 10949 }, // U+01FD
    { 17, 24, 292, 1, 23, 51, 11002 }, // U+01FE
    { 14, 20, 244, 1, 19, 35, 11053 }, // U+01FF
    { 16, 24, 258, 0, 23, 48, 11088 }, // U+0200
    { 13, 21, 246, 1, 20, 35, 11136 }, // U+0201
    { 16, 24, 258, 0, 23, 48, 11171 }, // U+0202
    { 13, 20, 246, 1, 19, 33, 11219 }, // U+0203
    { 12, 23, 228, 2, 23, 35, 11252 }, // U+0204
    { 13, 21, 229, 1, 20, 35, 11287 }, // U+0205
    { 12, 23, 228, 2, 23, 35, 11322 }, // U+0206
    { 13, 20, 229, 1, 19, 33, 11357 }, // U+0207
    { 10, 23, 104, -3, 23, 29, 11390 }, // U+0208
    { 9, 20, 88, -3, 20, 23, 11419 }, // U+0209
    { 8, 23, 104, -1, 23, 23, 11442 }, // U+020A
    { 8, 19, 88, -1, 19, 19, 11465 }, // U+020B
    { 17, 24, 306, 1, 23, 51, 11484 }, // U+020C
    { 14, 21, 244, 1, 20, 37, 11535 }, // U+020D
    { 17, 24, 306, 1, 23, 51, 11572 }, // U+020E
    { 14, 20, 244, 1, 19, 35, 11623 }, // U+020F
    { 14, 23, 270, 2, 23, 41, 11658 }, // U+0210
    { 10, 20, 160, 0, 20, 25, 11699 }, // U+0211
    { 14, 23, 270, 2, 23, 41, 11724 }, // U+0212
    { 9, 19, 160, 1, 19, 22, 11765 }, // U+0213
    { 14, 24, 284, 2, 23, 42, 11787 }, // U+0214
    { 12, 21, 230, 1, 20, 32, 11829 }, // U+0215
    { 14, 24, 284, 2, 23, 42, 11861 }, // U+0216
    { 12, 20, 230, 1, 19, 30, 11903 }, // U+0217
    { 14, 23, 230, 0, 18, 41, 11933 }, // U+0218
    { 11, 21, 190, 0, 14, 29, 11974 }, // U+0219
    { 15, 23, 244, 0, 18, 44, 12003 }, // U+021A
    { 9, 24, 145, 0, 17, 27, 12047 }, // U+021B
    { 5, 4, 0, 0, 18, 3, 12074 }, // U+0300
    { 5, 5, 0, 1, 19, 4, 12077 }, // U+0301
    { 7, 5, 0, 1, 19, 5, 12081 }, // U+0302
    { 9, 5, 0, 1, 19, 6, 12086 }, // U+0303
    { 9, 3, 0, 1, 17, 4, 12092 }, // U+0304
    { 8, 5, 0, 1, 18, 5, 12096 }, // U+0306
    { 3, 4, 0, 1, 18, 2, 12101 }, // U+0307
    { 8, 3, 0, 1, 18, 3, 12103 }, // U+0308
    { 6, 5, 0, 1, 19, 4, 12106 }, // U+0309
    { 6, 6, 0, 1, 20, 5, 12110 }, // U+030A
    { 8, 5, 0, 1, 19, 5, 12115 }, // U+030B
    { 7, 4, 0, 1, 18, 4, 12120 }, // U+030C
    { 9, 5, 0, 0, 19, 6, 12124 }, // U+030F
    { 8, 5, 0, 1, 19, 5, 12130 }, // U+0311
    { 5, 6, 0, 3, 20, 4, 12135 }, // U+0312
    { 5, 6, 0, 1, 16, 4, 12139 }, // U+031B
    { 3, 3, 0, 1, -1, 2, 12143 }, // U+0323
    { 8, 3, 0, 1, -1, 3, 12145 }, // U+0324
    { 5, 7, 0, 0, 0, 5, 12148 }, // U+0326
    { 4, 5, 0, 1, 1, 3, 12153 }, // U+0327
    { 6, 7, 0, 1, 2, 6, 12156 }, // U+0328
    { 7, 4, 0, 1, -1, 4, 12162 }, // U+032D
    { 8, 5, 0, 1, 0, 5, 12166 }, // U+032E
    { 8, 3, 0, 1, -1, 3, 12171 }, // U+0331
    { 7, 3, 0, 1, 9, 3, 12174 }, // U+0335
    { 16, 22, 258, 0, 18, 44, 12177 }, // U+1EA0
    { 13, 18, 246, 1, 14, 30, 12221 }, // U+1EA1
    { 16, 25, 258, 0, 24, 50, 12251 }, // U+1EA2
    { 13, 20, 246, 1, 19, 33, 12301 }, // U+1EA3
    { 16, 26, 258, 0, 25, 52, 12334 }, // U+1EA4
    { 13, 22, 246, 1, 21, 36, 12386 }, // U+1EA5
    { 16, 27, 258, 0, 26, 54, 12422 }, // U+1EA6
    { 13, 22, 246, 1, 21, 36, 12476 }, // U+1EA7
    { 16, 26, 258, 0, 25, 52, 12512 }, // U+1EA8
    { 13, 22, 246, 1, 21, 36, 12564 }, // U+1EA9
    { 16, 27, 258, 0, 26, 54, 12600 }, // U+1EAA
    { 13, 23, 246, 1, 22, 38, 12654 }, // U+1EAB
    { 16, 26, 258, 0, 22, 52, 12692 }, // U+1EAC
    { 13, 23, 246, 1, 19, 38, 12744 }, // U+1EAD
    { 16, 28, 258, 0, 27, 56, 12782 }, // U+1EAE
    { 13, 24, 246, 1, 23, 39, 12838 }, // U+1EAF
    { 16, 28, 258, 0, 27, 56, 12877 }, // U+1EB0
    { 13, 23, 246, 1, 22, 38, 12933 }, // U+1EB1
    { 16, 30, 258, 0, 29, 60, 12971 }, // U+1EB2
    { 13, 23, 246, 1, 22, 38, 13031 }, // U+1EB3
    { 16, 29, 258, 0, 28, 58, 13069 }, // U+1EB4
    { 13, 24, 246, 1, 23, 39, 13127 }, // U+1EB5
    { 16, 27, 258, 0, 23, 54, 13166 }, // U+1EB6
    { 13, 23, 246, 1, 19, 38, 13220 }, // U+1EB7
    { 12, 22, 228, 2, 18, 33, 13258 }, // U+1EB8
    { 13, 18, 229, 1, 14, 30, 13291 }, // U+1EB9
    { 12, 24, 228, 2, 24, 36, 13321 }, // U+1EBA
    { 13, 20, 229, 1, 19, 33, 13357 }, // U+1EBB
    { 12, 23, 228, 2, 23, 35, 13390 }, // U+1EBC
    { 13, 20, 229, 1, 19, 33, 13425 }, // U+1EBD
    { 14, 24, 228, 2, 24, 42, 13458 }, // U+1EBE
    { 13, 22, 229, 1, 21, 36, 13500 }, // U+1EBF
    { 12, 26, 228, 2, 26, 39, 13536 }, // U+1EC0
    { 13, 22, 229, 1, 21, 36, 13575 }, // U+1EC1
    { 12, 29, 228, 2, 29, 44, 13611 }, // U+1EC2
    { 13, 22, 229, 1, 21, 36, 13655 }, // U+1EC3
    { 12, 26, 228, 2, 26, 39, 13691 }, // U+1EC4
    { 13, 23, 229, 1, 22, 38, 13730 }, // U+1EC5
    { 12, 26, 228, 2, 22, 39, 13768 }, // U+1EC6
    { 13, 23, 229, 1, 19, 38, 13807 }, // U+1EC7
    { 6, 24, 104, 0, 24, 18, 13845 }, // U+1EC8
    { 5, 19, 88, 0, 19, 12, 13863 }, // U+1EC9
    { 3, 22, 104, 2, 18, 9, 13875 }, // U+1ECA
    { 4, 22, 88, 1, 18, 11, 13884 }, // U+1ECB
    { 17, 22, 306, 1, 18, 47, 13895 }, // U+1ECC
    { 14, 18, 244, 1, 14, 32, 13942 }, // U+1ECD
    { 17, 25, 306, 1, 24, 54, 13974 }, // U+1ECE
    { 14, 20, 244, 1, 19, 35, 14028 }, // U+1ECF
    { 17, 26, 306, 1, 25, 56, 14063 }, // U+1ED0
    { 14, 22, 244, 1, 21, 39, 14119 }, // U+1ED1
    { 17, 27, 306, 1, 26, 58, 14158 }, // U+1ED2
    { 14, 22, 244, 1, 21, 39, 14216 }, // U+1ED3
    { 17, 27, 306, 1, 26, 58, 14255 }, // U+1ED4
    { 14, 22, 244, 1, 21, 39, 14313 }, // U+1ED5
    { 17, 27, 306, 1, 26, 58, 14352 }, // U+1ED6
    { 14, 23, 244, 1, 22, 41, 14410 }, // U+1ED7
    { 17, 26, 306, 1, 22, 56, 14451 }, // U+1ED8
    { 14, 23, 244, 1, 19, 41, 14507 }, // U+1ED9
    { 17, 24, 306, 1, 23, 51, 14548 }, // U+1EDA
    { 14, 20, 244, 1, 19, 35, 14599 }, // U+1EDB
    { 17, 24, 306, 1, 23, 51, 14634 }, // U+1EDC
    { 14, 19, 244, 1, 18, 34, 14685 }, // U+1EDD
    { 17, 25, 306, 1, 24, 54, 14719 }, // U+1EDE
    { 14, 20, 244, 1, 19, 35, 14773 }, // U+1EDF
    { 17, 24, 306, 1, 23, 51, 14808 }, // U+1EE0
    { 14, 20, 244, 1, 19, 35, 14859 }, // U+1EE1
    { 17, 25, 306, 1, 21, 54, 14894 }, // U+1EE2
    { 14, 20, 244, 1, 16, 35, 14948 }, // U+1EE3
    { 14, 22, 284, 2, 18, 39, 14983 }, // U+1EE4
    { 12, 17, 230, 1, 13, 26, 15022 }, // U+1EE5
    { 14, 25, 284, 2, 24, 44, 15048 }, // U+1EE6
    { 12, 20, 230, 1, 19, 30, 15092 }, // U+1EE7
    { 17, 24, 284, 2, 23, 51, 15122 }, // U+1EE8
    { 15, 20, 230, 1, 19, 38, 15173 }, // U+1EE9
    { 17, 24, 284, 2, 23, 51, 15211 }, // U+1EEA
    { 15, 19, 230, 1, 18, 36, 15262 }, // U+1EEB
    { 17, 25, 284, 2, 24, 54, 15298 }, // U+1EEC
    { 15, 20, 230, 1, 19, 38, 15352 }, // U+1EED
    { 17, 24, 284, 2, 23, 51, 15390 }, // U+1EEE
    { 15, 20, 230, 1, 19, 38, 15441 }, // U+1EEF
    { 17, 25, 284, 2, 21, 54, 15479 }, // U+1EF0
    { 15, 20, 230, 1, 16, 38, 15533 }, // U+1EF1
    { 14, 23, 229, 0, 23, 41, 15571 }, // U+1EF2
    { 12, 23, 230, 1, 18, 35, 15612 }, // U+1EF3
    { 14, 22, 229, 0, 18, 39, 15647 }, // U+1EF4
    { 14, 19, 230, 1, 14, 34, 15686 }, // U+1EF5
    { 14, 24, 229, 0, 24, 42, 15720 }, // U+1EF6
    { 12, 24, 230, 1, 19, 36, 15762 }, // U+1EF7
    { 14, 23, 229, 0, 23, 41, 15798 }, // U+1EF8
    { 12, 24, 230, 1, 19, 36, 15839 }, // U+1EF9
    { 0, 0, 220, 0, 0, 0, 15875 }, // U+2007
    { 0, 0, 104, 0, 0, 0, 15875 }, // U+2008
    { 0, 0, 82, 0, 0, 0, 15875 }, // U+2009
    { 0, 0, 41, 0, 0, 0, 15875 }, // U+200A
    { 0, 0, 0, 0, 0, 0, 15875 }, // U+200B
    { 8, 3, 157, 1, 9, 3, 15875 }, // U+2010
    { 11, 3, 205, 1, 8, 5, 15878 }, // U+2012
    { 11, 3, 205, 1, 8, 5, 15883 }, // U+2013
    { 19, 3, 342, 1, 8, 8, 15888 }, // U+2014
    { 19, 3, 342, 1, 8, 8, 15896 }, // U+2015
    { 5, 6, 94, 0, 18, 4, 15904 }, // U+2018
    { 5, 6, 88, 0, 18, 4, 15908 }, // U+2019
    { 5, 7, 90, 0, 3, 5, 15912 }, // U+201A
    { 9, 6, 154, 0, 18, 7, 15917 }, // U+201C
    { 9, 6, 154, 0, 18, 7, 15924 }, // U+201D
    { 9, 7, 142, 0, 3, 8, 15931 }, // U+201E
    { 9, 13, 169, 1, 18, 15, 15939 }, // U+2020
    { 8, 14, 159, 1, 18, 14, 15954 }, // U+2021
    { 7, 8, 138, 1, 13, 7, 15968 }, // U+2022
    { 13, 3, 232, 1, 3, 5, 15975 }, // U+2026
    { 27, 19, 452, 1, 18, 65, 15980 }, // U+2030
    { 10, 8, 160, 0, 18, 10, 16045 }, // U+2033
    { 6, 11, 110, 0, 12, 9, 16055 }, // U+2039
    { 6, 11, 110, 0, 12, 9, 16064 }, // U+203A
    { 13, 19, 214, 0, 18, 31, 16073 }, // U+2044
    { 8, 10, 139, 0, 20, 10, 16104 }, // U+2070
    { 8, 10, 142, 0, 20, 10, 16114 }, // U+2074
    { 7, 10, 137, 1, 20, 9, 16124 }, // U+2075
    { 7, 10, 121, 0, 20, 9, 16133 }, // U+2076
    { 6, 10, 124, 1, 20, 8, 16142 }, // U+2077
    { 7, 10, 132, 1, 20, 9, 16150 }, // U+2078
    { 7, 10, 127, 1, 20, 9, 16159 }, // U+2079
    { 8, 10, 139, 0, 4, 10, 16168 }, // U+2080
    { 5, 10, 102, 0, 4, 7, 16178 }, // U+2081
    { 7, 9, 133, 1, 4, 8, 16185 }, // U+2082
    { 7, 10, 131, 1, 4, 9, 16193 }, // U+2083
    { 8, 10, 142, 0, 4, 10, 16202 }, // U+2084
    { 7, 10, 137, 1, 4, 9, 16212 }, // U+2085
    { 7, 10, 121, 0, 4, 9, 16221 }, // U+2086
    { 6, 10, 124, 1, 4, 8, 16230 }, // U+2087
    { 7, 10, 132, 1, 4, 9, 16238 }, // U+2088
    { 7, 10, 127, 1, 4, 9, 16247 }, // U+2089
    { 18, 25, 258, 0, 21, 57, 16256 }, // U+20A1
    { 13, 18, 226, 0, 18, 30, 16313 }, // U+20A3
    { 16, 19, 247, 0, 18, 38, 16343 }, // U+20A4
    { 19, 18, 292, 0, 18, 43, 16381 }, // U+20A6
    { 17, 18, 240, -1, 18, 39, 16424 }, // U+20A7
    { 24, 18, 384, 0, 18, 54, 16463 }, // U+20A9
    { 11, 18, 190, 1, 18, 25, 16517 }, // U+20AB
    { 16, 19, 262, 0, 18, 38, 16542 }, // U+20AC
    { 16, 19, 268, 0, 18, 38, 16580 }, // U+20AD
    { 17, 18, 240, -1, 18, 39, 16618 }, // U+20B1
    { 15, 25, 278, 1, 21, 47, 16657 }, // U+20B2
    { 15, 25, 258, 1, 21, 47, 16704 }, // U+20B5
    { 12, 18, 226, 1, 18, 27, 16751 }, // U+20B9
    { 14, 19, 237, 0, 18, 34, 16778 }, // U+20BA
    { 14, 22, 284, 2, 21, 39, 16812 }, // U+20BC
    { 14, 18, 240, 0, 18, 32, 16851 }, // U+20BD
    { 13, 20, 236, 1, 19, 33, 16883 }, // U+2202
    { 15, 15, 245, 0, 14, 29, 16916 }, // U+2205
    { 17, 18, 281, 0, 18, 39, 16945 }, // U+2206
    { 17, 23, 275, 0, 18, 49, 16984 }, // U+220F
    { 11, 18, 209, 1, 18, 25, 17033 }, // U+2211
    { 12, 3, 221, 1, 10, 5, 17058 }, // U+2212
    { 14, 25, 216, 0, 21, 44, 17063 }, // U+2215
    { 4, 4, 91, 1, 10, 2, 17107 }, // U+2219
    { 15, 18, 261, 1, 18, 34, 17109 }, // U+221A
    { 20, 10, 348, 1, 11, 25, 17143 }, // U+221E
    { 14, 22, 213, 0, 19, 39, 17168 }, // U+222B
    { 12, 9, 218, 1, 13, 14, 17207 }, // U+2248
    { 12, 13, 221, 1, 15, 20, 17221 }, // U+2260
    { 13, 13, 244, 1, 15, 22, 17241 }, // U+2264
    { 13, 13, 244, 1, 15, 22, 17263 }, // U+2265
    { 14, 19, 243, 0, 19, 34, 17285 }, // U+FB01
    { 14, 19, 252, 0, 19, 34, 17319 }, // U+FB02
};

static const EpdUnicodeInterval quicksand_12_mediumIntervals[] = {
    { 0xD, 0xD, 0x0 },
    { 0x20, 0x7E, 0x1 },
    { 0xA0, 0xFF, 0x60 },
    { 0x100, 0x17E, 0xC0 },
    { 0x1A0, 0x1A1, 0x13F },
    { 0x1AF, 0x1B0, 0x141 },
    { 0x1C4, 0x1D4, 0x143 },
    { 0x1E6, 0x1E7, 0x154 },
    { 0x1EA, 0x1EB, 0x156 },
    { 0x1F2, 0x1F2, 0x158 },
    { 0x1FA, 0x21B, 0x159 },
    { 0x300, 0x304, 0x17B },
    { 0x306, 0x30C, 0x180 },
    { 0x30F, 0x30F, 0x187 },
    { 0x311, 0x312, 0x188 },
    { 0x31B, 0x31B, 0x18A },
    { 0x323, 0x324, 0x18B },
    { 0x326, 0x328, 0x18D },
    { 0x32D, 0x32E, 0x190 },
    { 0x331, 0x331, 0x192 },
    { 0x335, 0x335, 0x193 },
    { 0x1EA0, 0x1EF9, 0x194 },
    { 0x2007, 0x200B, 0x1EE },
    { 0x2010, 0x2010, 0x1F3 },
    { 0x2012, 0x2015, 0x1F4 },
    { 0x2018, 0x201A, 0x1F8 },
    { 0x201C, 0x201E, 0x1FB },
    { 0x2020, 0x2022, 0x1FE },
    { 0x2026, 0x2026, 0x201 },
    { 0x2030, 0x2030, 0x202 },
    { 0x2033, 0x2033, 0x203 },
    { 0x2039, 0x203A, 0x204 },
    { 0x2044, 0x2044, 0x206 },
    { 0x2070, 0x2070, 0x207 },
    { 0x2074, 0x2079, 0x208 },
    { 0x2080, 0x2089, 0x20E },
    { 0x20A1, 0x20A1, 0x218 },
    { 0x20A3, 0x20A4, 0x219 },
    { 0x20A6, 0x20A7, 0x21B },
    { 0x20A9, 0x20A9, 0x21D },
    { 0x20AB, 0x20AD, 0x21E },
    { 0x20B1, 0x20B2, 0x221 },
    { 0x20B5, 0x20B5, 0x223 },
    { 0x20B9, 0x20BA, 0x224 },
    { 0x20BC, 0x20BD, 0x226 },
    { 0x2202, 0x2202, 0x228 },
    { 0x2205, 0x2206, 0x229 },
    { 0x220F, 0x220F, 0x22B },
    { 0x2211, 0x2212, 0x22C },
    { 0x2215, 0x2215, 0x22E },
    { 0x2219, 0x221A, 0x22F },
    { 0x221E, 0x221E, 0x231 },
    { 0x222B, 0x222B, 0x232 },
    { 0x2248, 0x2248, 0x233 },
    { 0x2260, 0x2260, 0x234 },
    { 0x2264, 0x2265, 0x235 },
    { 0xFB01, 0xFB02, 0x237 },
};

static const EpdKernClassEntry quicksand_12_mediumKernLeftClasses[] = {
    { 0x0026, 1 }, // &
    { 0x0028, 2 }, // (
    { 0x002A, 3 }, // *
    { 0x002B, 4 }, // +
    { 0x002C, 5 }, // ,
    { 0x002D, 4 }, // -
    { 0x002E, 6 }, // .
    { 0x002F, 7 }, // /
    { 0x0030, 8 }, // 0
    { 0x0031, 9 }, // 1
    { 0x0032, 10 }, // 2
    { 0x0034, 11 }, // 4
    { 0x0035, 12 }, // 5
    { 0x0036, 13 }, // 6
    { 0x0037, 14 }, // 7
    { 0x0038, 15 }, // 8
    { 0x0039, 16 }, // 9
    { 0x003E, 17 }, // >
    { 0x003F, 18 }, // ?
    { 0x0040, 19 }, // @
    { 0x0041, 20 }, // A
    { 0x0042, 21 }, // B
    { 0x0044, 8 }, // D
    { 0x0045, 22 }, // E
    { 0x0046, 23 }, // F
    { 0x0047, 24 }, // G
    { 0x004A, 25 }, // J
    { 0x004B, 26 }, // K
    { 0x004C, 27 }, // L
    { 0x004F, 8 }, // O
    { 0x0050, 28 }, // P
    { 0x0051, 29 }, // Q
    { 0x0052, 30 }, // R
    { 0x0053, 31 }, // S
    { 0x0054, 32 }, // T
    { 0x0055, 33 }, // U
    { 0x0056, 34 }, // V
    { 0x0057, 35 }, // W
    { 0x0058, 36 }, // X
    { 0x0059, 37 }, // Y
    { 0x005A, 38 }, // Z
    { 0x005C, 39 }, // <backslash>
    { 0x005F, 40 }, // _
    { 0x0061, 41 }, // a
    { 0x0062, 42 }, // b
    { 0x0063, 43 }, // c
    { 0x0064, 44 }, // d
    { 0x0065, 45 }, // e
    { 0x0066, 46 }, // f
    { 0x0067, 47 }, // g
    { 0x0068, 48 }, // h
    { 0x0069, 49 }, // i
    { 0x006A, 50 }, // j
    { 0x006B, 51 }, // k
    { 0x006C, 52 }, // l
    { 0x006D, 48 }, // m
    { 0x006E, 48 }, // n
    { 0x006F, 42 }, // o
    { 0x0070, 42 }, // p
    { 0x0071, 53 }, // q
    { 0x0072, 54 }, // r
    { 0x0073, 55 }, // s
    { 0x0074, 56 }, // t
    { 0x0075, 57 }, // u
    { 0x0076, 58 }, // v
    { 0x0077, 59 }, // w
    { 0x0078, 60 }, // x
    { 0x0079, 61 }, // y
    { 0x007A, 62 }, // z
    { 0x007E, 4 }, // ~
    { 0x00A1, 63 }, // U+00A1
    { 0x00B7, 64 }, // U+00B7
    { 0x00BF, 65 }, // U+00BF
    { 0x00D9, 33 }, // U+00D9
    { 0x00DA, 33 }, // U+00DA
    { 0x00DB, 33 }, // U+00DB
    { 0x00DC, 33 }, // U+00DC
    { 0x00DD, 37 }, // U+00DD
    { 0x00DE, 66 }, // U+00DE
    { 0x00DF, 67 }, // U+00DF
    { 0x00E0, 41 }, // U+00E0
    { 0x00E1, 41 }, // U+00E1
    { 0x00E2, 41 }, // U+00E2
    { 0x00E3, 41 }, // U+00E3
    { 0x00E4, 41 }, // U+00E4
    { 0x00E5, 41 }, // U+00E5
    { 0x00E8, 45 }, // U+00E8
    { 0x00E9, 45 }, // U+00E9
    { 0x00EA, 45 }, // U+00EA
    { 0x00EB, 45 }, // U+00EB
    { 0x00F0, 68 }, // U+00F0
    { 0x00F2, 42 }, // U+00F2
    { 0x00F3, 42 }, // U+00F3
    { 0x00F4, 42 }, // U+00F4
    { 0x00F5, 42 }, // U+00F5
    { 0x00F6, 42 }, // U+00F6
    { 0x00F7, 69 }, // U+00F7
    { 0x00F8, 42 }, // U+00F8
    { 0x00F9, 57 }, // U+00F9
    { 0x00FA, 57 }, // U+00FA
    { 0x00FB, 57 }, // U+00FB
    { 0x00FC, 57 }, // U+00FC
    { 0x00FD, 61 }, // U+00FD
    { 0x00FF, 61 }, // U+00FF
    { 0x0101, 41 }, // U+0101
    { 0x0103, 41 }, // U+0103
    { 0x0105, 41 }, // U+0105
    { 0x010F, 70 }, // U+010F
    { 0x0113, 45 }, // U+0113
    { 0x0114, 22 }, // U+0114
    { 0x0115, 45 }, // U+0115
    { 0x0117, 45 }, // U+0117
    { 0x0119, 45 }, // U+0119
    { 0x011B, 45 }, // U+011B
    { 0x013E, 71 }, // U+013E
    { 0x014D, 42 }, // U+014D
    { 0x014F, 42 }, // U+014F
    { 0x0151, 42 }, // U+0151
    { 0x0153, 42 }, // U+0153
    { 0x0165, 72 }, // U+0165
    { 0x0169, 57 }, // U+0169
    { 0x016A, 33 }, // U+016A
    { 0x016B, 57 }, // U+016B
    { 0x016D, 57 }, // U+016D
    { 0x016E, 33 }, // U+016E
    { 0x016F, 57 }, // U+016F
    { 0x0170, 33 }, // U+0170
    { 0x0171, 57 }, // U+0171
    { 0x0172, 33 }, // U+0172
    { 0x0173, 57 }, // U+0173
    { 0x0176, 37 }, // U+0176
    { 0x0177, 61 }, // U+0177
    { 0x0178, 37 }, // U+0178
    { 0x01A1, 42 }, // U+01A1
    { 0x01B0, 57 }, // U+01B0
    { 0x01CD, 20 }, // U+01CD
    { 0x01CE, 41 }, // U+01CE
    { 0x01D2, 42 }, // U+01D2
    { 0x01D4, 57 }, // U+01D4
    { 0x01EB, 42 }, // U+01EB
    { 0x01FB, 41 }, // U+01FB
    { 0x01FF, 42 }, // U+01FF
    { 0x0200, 20 }, // U+0200
    { 0x0201, 41 }, // U+0201
    { 0x0202, 20 }, // U+0202
    { 0x0203, 41 }, // U+0203
    { 0x0204, 22 }, // U+0204
    { 0x0205, 45 }, // U+0205
    { 0x0206, 22 }, // U+0206
    { 0x0207, 45 }, // U+0207
    { 0x020D, 42 }, // U+020D
    { 0x020F, 42 }, // U+020F
    { 0x0215, 57 }, // U+0215
    { 0x0217, 57 }, // U+0217
    { 0x1EA0, 20 }, // U+1EA0
    { 0x1EA1, 41 }, // U+1EA1
    { 0x1EA2, 20 }, // U+1EA2
    { 0x1EA3, 41 }, // U+1EA3
    { 0x1EA4, 20 }, // U+1EA4
    { 0x1EA5, 41 }, // U+1EA5
    { 0x1EA6, 20 }, // U+1EA6
    { 0x1EA7, 41 }, // U+1EA7
    { 0x1EA8, 20 }, // U+1EA8
    { 0x1EA9, 41 }, // U+1EA9
    { 0x1EAA, 20 }, // U+1EAA
    { 0x1EAB, 41 }, // U+1EAB
    { 0x1EAC, 20 }, // U+1EAC
    { 0x1EAD, 41 }, // U+1EAD
    { 0x1EAE, 20 }, // U+1EAE
    { 0x1EAF, 41 }, // U+1EAF
    { 0x1EB0, 20 }, // U+1EB0
    { 0x1EB1, 41 }, // U+1EB1
    { 0x1EB2, 20 }, // U+1EB2
    { 0x1EB3, 41 }, // U+1EB3
    { 0x1EB4, 20 }, // U+1EB4
    { 0x1EB5, 41 }, // U+1EB5
    { 0x1EB6, 20 }, // U+1EB6
    { 0x1EB7, 41 }, // U+1EB7
    { 0x1EB8, 22 }, // U+1EB8
    { 0x1EB9, 45 }, // U+1EB9
    { 0x1EBA, 22 }, // U+1EBA
    { 0x1EBB, 45 }, // U+1EBB
    { 0x1EBC, 22 }, // U+1EBC
    { 0x1EBD, 45 }, // U+1EBD
    { 0x1EBE, 22 }, // U+1EBE
    { 0x1EBF, 45 }, // U+1EBF
    { 0x1EC0, 22 }, // U+1EC0
    { 0x1EC1, 45 }, // U+1EC1
    { 0x1EC2, 22 }, // U+1EC2
    { 0x1EC3, 45 }, // U+1EC3
    { 0x1EC4, 22 }, // U+1EC4
    { 0x1EC5, 45 }, // U+1EC5
    { 0x1EC6, 22 }, // U+1EC6
    { 0x1EC7, 45 }, // U+1EC7
    { 0x1ECD, 42 }, // U+1ECD
    { 0x1ECF, 42 }, // U+1ECF
    { 0x1ED1, 42 }, // U+1ED1
    { 0x1ED3, 42 }, // U+1ED3
    { 0x1ED5, 42 }, // U+1ED5
    { 0x1ED7, 42 }, // U+1ED7
    { 0x1ED9, 42 }, // U+1ED9
    { 0x1EDB, 42 }, // U+1EDB
    { 0x1EDD, 42 }, // U+1EDD
    { 0x1EDF, 42 }, // U+1EDF
    { 0x1EE1, 42 }, // U+1EE1
    { 0x1EE3, 42 }, // U+1EE3
    { 0x1EE5, 57 }, // U+1EE5
    { 0x1EE7, 57 }, // U+1EE7
    { 0x1EE9, 57 }, // U+1EE9
    { 0x1EEB, 57 }, // U+1EEB
    { 0x1EED, 57 }, // U+1EED
    { 0x1EEF, 57 }, // U+1EEF
    { 0x1EF1, 57 }, // U+1EF1
    { 0x1EF2, 37 }, // U+1EF2
    { 0x1EF3, 61 }, // U+1EF3
    { 0x1EF5, 61 }, // U+1EF5
    { 0x2013, 73 }, // U+2013
    { 0x2014, 4 }, // U+2014
    { 0x2018, 74 }, // U+2018
    { 0x2019, 75 }, // U+2019
    { 0x201A, 76 }, // U+201A
    { 0x201C, 74 }, // U+201C
    { 0x201D, 75 }, // U+201D
    { 0x201E, 77 }, // U+201E
    { 0x2022, 78 }, // U+2022
    { 0x2212, 4 }, // U+2212
    { 0x2248, 4 }, // U+2248
    { 0x2260, 4 }, // U+2260
};

static const EpdKernClassEntry quicksand_12_mediumKernRightClasses[] = {
    { 0x0021, 1 }, // !
    { 0x0022, 2 }, // "
    { 0x0026, 3 }, // &
    { 0x0029, 4 }, // )
    { 0x002A, 5 }, // *
    { 0x002C, 6 }, // ,
    { 0x002E, 7 }, // .
    { 0x002F, 8 }, // /
    { 0x0031, 9 }, // 1
    { 0x0034, 10 }, // 4
    { 0x0035, 11 }, // 5
    { 0x0036, 12 }, // 6
    { 0x0037, 13 }, // 7
    { 0x0039, 14 }, // 9
    { 0x003F, 15 }, // ?
    { 0x0040, 16 }, // @
    { 0x0041, 17 }, // A
    { 0x0043, 18 }, // C
    { 0x0047, 18 }, // G
    { 0x004A, 19 }, // J
    { 0x004F, 18 }, // O
    { 0x0051, 18 }, // Q
    { 0x0053, 20 }, // S
    { 0x0054, 21 }, // T
    { 0x0055, 22 }, // U
    { 0x0056, 23 }, // V
    { 0x0057, 24 }, // W
    { 0x0058, 25 }, // X
    { 0x0059, 26 }, // Y
    { 0x005A, 27 }, // Z
    { 0x005C, 28 }, // <backslash>
    { 0x005D, 29 }, // ]
    { 0x005F, 30 }, // _
    { 0x0061, 31 }, // a
    { 0x0062, 32 }, // b
    { 0x0063, 33 }, // c
    { 0x0064, 33 }, // d
    { 0x0065, 33 }, // e
    { 0x0066, 34 }, // f
    { 0x0067, 35 }, // g
    { 0x0068, 32 }, // h
    { 0x006A, 36 }, // j
    { 0x006B, 32 }, // k
    { 0x006C, 32 }, // l
    { 0x006D, 37 }, // m
    { 0x006E, 37 }, // n
    { 0x006F, 33 }, // o
    { 0x0070, 38 }, // p
    { 0x0071, 33 }, // q
    { 0x0072, 37 }, // r
    { 0x0073, 39 }, // s
    { 0x0074, 40 }, // t
    { 0x0075, 41 }, // u
    { 0x0076, 42 }, // v
    { 0x0077, 43 }, // w
    { 0x0078, 44 }, // x
    { 0x0079, 45 }, // y
    { 0x007A, 46 }, // z
    { 0x00A1, 47 }, // U+00A1
    { 0x00B7, 48 }, // U+00B7
    { 0x00BF, 49 }, // U+00BF
    { 0x00D0, 50 }, // U+00D0
    { 0x00D9, 22 }, // U+00D9
    { 0x00DA, 22 }, // U+00DA
    { 0x00DB, 22 }, // U+00DB
    { 0x00DC, 22 }, // U+00DC
    { 0x00DD, 26 }, // U+00DD
    { 0x00DF, 51 }, // U+00DF
    { 0x00E0, 31 }, // U+00E0
    { 0x00E1, 31 }, // U+00E1
    { 0x00E2, 31 }, // U+00E2
    { 0x00E3, 31 }, // U+00E3
    { 0x00E4, 31 }, // U+00E4
    { 0x00E5, 31 }, // U+00E5
    { 0x00E8, 33 }, // U+00E8
    { 0x00E9, 33 }, // U+00E9
    { 0x00EA, 33 }, // U+00EA
    { 0x00EB, 33 }, // U+00EB
    { 0x00F0, 52 }, // U+00F0
    { 0x00F9, 41 }, // U+00F9
    { 0x00FA, 41 }, // U+00FA
    { 0x00FB, 41 }, // U+00FB
    { 0x00FC, 41 }, // U+00FC
    { 0x00FD, 45 }, // U+00FD
    { 0x00FE, 53 }, // U+00FE
    { 0x00FF, 45 }, // U+00FF
    { 0x0101, 31 }, // U+0101
    { 0x0103, 31 }, // U+0103
    { 0x0105, 31 }, // U+0105
    { 0x0113, 33 }, // U+0113
    { 0x0115, 33 }, // U+0115
    { 0x0117, 33 }, // U+0117
    { 0x0119, 33 }, // U+0119
    { 0x011B, 33 }, // U+011B
    { 0x0127, 54 }, // U+0127
    { 0x013E, 32 }, // U+013E
    { 0x0169, 41 }, // U+0169
    { 0x016A, 22 }, // U+016A
    { 0x016B, 41 }, // U+016B
    { 0x016D, 41 }, // U+016D
    { 0x016E, 22 }, // U+016E
    { 0x016F, 41 }, // U+016F
    { 0x0170, 22 }, // U+0170
    { 0x0171, 41 }, // U+0171
    { 0x0172, 22 }, // U+0172
    { 0x0173, 41 }, // U+0173
    { 0x0176, 26 }, // U+0176
    { 0x0177, 45 }, // U+0177
    { 0x0178, 26 }, // U+0178
    { 0x01B0, 41 }, // U+01B0
    { 0x01CD, 17 }, // U+01CD
    { 0x01CE, 31 }, // U+01CE
    { 0x01D4, 41 }, // U+01D4
    { 0x01FB, 31 }, // U+01FB
    { 0x0200, 17 }, // U+0200
    { 0x0201, 31 }, // U+0201
    { 0x0202, 17 }, // U+0202
    { 0x0203, 31 }, // U+0203
    { 0x0205, 33 }, // U+0205
    { 0x0207, 33 }, // U+0207
    { 0x0215, 41 }, // U+0215
    { 0x0217, 41 }, // U+0217
    { 0x1EA0, 17 }, // U+1EA0
    { 0x1EA1, 31 }, // U+1EA1
    { 0x1EA2, 17 }, // U+1EA2
    { 0x1EA3, 31 }, // U+1EA3
    { 0x1EA4, 17 }, // U+1EA4
    { 0x1EA5, 31 }, // U+1EA5
    { 0x1EA6, 17 }, // U+1EA6
    { 0x1EA7, 31 }, // U+1EA7
    { 0x1EA8, 17 }, // U+1EA8
    { 0x1EA9, 31 }, // U+1EA9
    { 0x1EAA, 17 }, // U+1EAA
    { 0x1EAB, 31 }, // U+1EAB
    { 0x1EAC, 17 }, // U+1EAC
    { 0x1EAD, 31 }, // U+1EAD
    { 0x1EAE, 17 }, // U+1EAE
    { 0x1EAF, 31 }, // U+1EAF
    { 0x1EB0, 17 }, // U+1EB0
    { 0x1EB1, 31 }, // U+1EB1
    { 0x1EB2, 17 }, // U+1EB2
    { 0x1EB3, 31 }, // U+1EB3
    { 0x1EB4, 17 }, // U+1EB4
    { 0x1EB5, 31 }, // U+1EB5
    { 0x1EB6, 17 }, // U+1EB6
    { 0x1EB7, 31 }, // U+1EB7
    { 0x1EB9, 33 }, // U+1EB9
    { 0x1EBB, 33 }, // U+1EBB
    { 0x1EBD, 33 }, // U+1EBD
    { 0x1EBF, 33 }, // U+1EBF
    { 0x1EC1, 33 }, // U+1EC1
    { 0x1EC3, 33 }, // U+1EC3
    { 0x1EC5, 33 }, // U+1EC5
    { 0x1EC7, 33 }, // U+1EC7
    { 0x1EE5, 41 }, // U+1EE5
    { 0x1EE7, 41 }, // U+1EE7
    { 0x1EE9, 41 }, // U+1EE9
    { 0x1EEB, 41 }, // U+1EEB
    { 0x1EED, 41 }, // U+1EED
    { 0x1EEF, 41 }, // U+1EEF
    { 0x1EF1, 41 }, // U+1EF1
    { 0x1EF2, 26 }, // U+1EF2
    { 0x1EF3, 45 }, // U+1EF3
    { 0x1EF5, 45 }, // U+1EF5
    { 0x201C, 55 }, // U+201C
    { 0x201D, 56 }, // U+201D
    { 0x2022, 57 }, // U+2022
};

static const int8_t quicksand_12_mediumKernMatrix[] = {
       0,    0,    0,   -6,    0,    0,    0,    0,    0,    0,    0,    0,    0,    0,    0,    0,    0,    0,    0,    0,    0,    0,  -10,    0,    0,    0,    0,    0,    0,    0,    0,    0,    0,    0,    0,    0,    0,    0,    0,    0,    0,   -7,    0,    0,    0,    0,    0,    0,    0,    0,    0,   -4,    0,    0,    0,    0,    0,
       0,    0,    0,    0,    0,    0,    0,    0,    0,    0,    0,    0,    0,    0,    0,    0,    0,    0,    0,    0,    0,    0,    0,    0,    0,    0,    0,    0,    0,    0,    0,    0,    0,    0,    0,    0,    0,    0,    0,    0,    0,    0,    0,    0,    0,    0,    0,    0,    0,    0,    0,    0,    6,    0,    0,    0,    0,
       0,    0,    0,    0,    0,    0,    0,    0,    0,    0,    0,    0,    0,    0,    0,    0,    0,    0,    0,    0,    0,    0,    0,    0,    0,    0,    0,    0,    0,    0,    0,    0,    0,    0,    0,    0,    0,    0,    0,    0,    0,    4,    0,    0,    0,    0,    0,    0,    0,    0,    0,  -10,    0,    0,    0,    0,    0,
       0,    0,    0,    0,    0,    0,    0,    0,  -18,    0,    0,    0,    0,    0,    0,    0,    0,    0,    0,    0,    0,    0,    0,    0,    0,    0,    0,    0,    0,    0,    0,    0,    0,    0,    0,    0,    0,    0,    0,    0,    0,    0,    0,    0,    0,    0,    0,    0,    0,    0,    0,    0,    0,    0,    0,    0,    0,
       0,    0,    0,    0,    0,    0,    0,    0,  -22,    0,    0,    0,    0,    0,    0,    0,    0,    0,    0,    0,    0,    0,    0,    0,    0,    0,    0,    0,    0,    0,    0,    0,    0,    0,    0,    4,    0,    0,    0,    0,    0,    0,    0,    0,    0,    0,    0,    0,    0,    0,    0,    0,    0,    0,    0,    0,    0,
       0,    0,    0,    0,    0,    0,    0,    0,  -18,  -12,    0,    0,    0,    0,    0,    0,    0,    0,    0,    0,    0,    0,    0,    0,    0,    0,    0,    0,    0,    0,    0,    0,    0,    0,    0,    0,    0,    0,    0,    0,    0,    0,    0,    0,    0,    0,    0,    0,    0,    0,    0,    0,    0,    0,    0,    0,    0,
       0,    0,    0,    0,    0,    0,    0,  -37,    0,    0,    0,    0,    0,    0,    0,    0,    0,    0,    0,    0,    0,    0,    0,    0,    0,    0,    0,    0,    0,    0,    0,    0,    0,    0,    0,    0,    0,    0,    0,    0,    0,   -1,    0,   -4,    0,    0,    0,    0,    0,    0,   -5,  -13,    0,    0,    0,    0,    0,
       0,    0,    0,    0,    0,    0,    0,    0,    0,    0,    0,    0,  -20,    0,    0,    0,   -2,    0,   -6,    0,   -8,    0,   -4,   -2,  -12,  -10,   -6,    0,    0,    0,    0,    0,    3,    0,    0,    0,    0,    0,    0,    0,    0,    0,    0,   -4,    0,    0,    0,    0,    0,    0,    0,    0,    0,    0,    0,    0,    0,
       0,    0,    0,    0,    0,    0,    0,    0,    0,   -4,    0,    0,    0,    0,    0,    0,    0,    0,    0,    0,    0,    0,    0,    0,    0,    0,    0,    0,    0,    0,    0,    0,    0,    0,    0,    0,    0,    0,    0,    0,    0,    0,    0,    0,    0,    0,    0,    0,    0,    0,    0,    0,    0,    0,    0,    0,    0,
       0,    0,    0,    0,    0,    0,    0,    0,    0,   -4,    0,    0,   -5,    0,    0,    0,    0,    0,    0,    0,    0,    0,    0,    0,    0,    0,    0,    0,    0,    0,    0,    0,    0,    0,    0,    0,    0,    0,    0,    0,    0,    0,    0,    0,    0,    0,    0,    0,    0,    0,    0,    0,    0,    0,    0,    0,    0,
       0,    0,    0,    0,    0,    0,    0,    0,   -6,    0,    2,    0,  -12,   -8,    0,    0,    0,    0,    0,    0,    0,    0,    0,    0,    0,    0,    0,    0,    0,    0,    0,    0,    0,    0,    0,    0,    0,    0,    0,    0,    0,    0,    0,    0,    0,    0,    0,    0,    0,    0,    0,    0,    0,    0,    0,    0,    0,
       0,    0,    0,    0,    0,    0,  -12,    0,    0,    0,    0,    0,    0,    0,    0,    0,    0,    0,    0,    0,    0,    0,    0,    0,    0,    0,    0,    0,    0,    0,    0,    0,    0,    0,    0,    0,    0,    0,    0,    0,    0,    0,    0,    0,    0,    0,    0,    0,    0,    0,    0,    0,    0,    0,    0,    0,    0,
       0,    0,    0,    0,    0,    0,    0,    0,   -4,    4,    0,    0,    0,    0,    0,    0,    0,    0,    0,    0,    0,    0,    0,    0,    0,    0,    0,    0,    0,    0,    0,    0,    0,    0,    0,    0,    0,    0,    0,    0,    0,    0,    0,    0,    0,    0,    0,    0,    0,    0,    0,    0,    0,    0,    0,    0,    0,
       0,    0,    0,    0,    0,  -16,  -26,    0,   18,  -16,    0,  -12,    0,    0,    0,    0,    0,   -8,    0,    0,    0,    0,    0,    0,    0,    0,    0,    0,    0,    0,    0,    0,    0,    0,    0,    0,    0,    0,    0,    0,    0,    0,    0,    0,    0,    0,    0,    0,    0,    0,    0,    0,    0,    0,    0,    0,    0,
       0,    0,    0,    0,    0,    0,    0,    0,    0,    0,    0,    0,   -8,    0,    0,    0,    0,    0,    0,    0,    0,    0,    0,    0,    0,    0,    0,    0,    0,    0,    0,    0,    0,    0,    0,    0,    0,    0,    0,    0,    0,    0,    0,    0,    0,    0,    0,    0,    0,    0,    0,    0,    0,    0,    0,    0,    0,
       0,    0,    0,    0,    0,   -8,  -16,    0,    2,    0,    0,    0,  -12,    0,    0,    0,    0,    0,    0,    0,    0,    0,    0,    0,    0,    0,    0,    0,    0,    0,    0,    0,    0,    0,    0,    0,    0,    0,    0,    0,    0,    0,    0,    0,    0,    0,    0,    0,    0,    0,    0,    0,    0,    0,    0,    0,    0,
       0,    0,    0,    0,    0,    0,    0,    0,   -6,    0,    0,    0,    0,    0,    0,    0,    0,    0,    0,    0,    0,    0,    0,    0,    0,    0,    0,    0,    0,    0,    0,    0,    0,    0,    0,    0,    0,    0,    0,    0,    0,    0,    0,    0,    0,    0,    0,    0,    0,    0,    0,    0,    0,    0,    0,    0,    0,
       0,    0,    0,    0,    0,    0,    0,    0,    0,    0,    0,    0,    0,    0,    0,    0,    0,    0,    0,    0,    0,    0,    0,    0,    0,    0,    0,    0,    0,    0,    0,    0,    0,    0,    0,    0,    0,    0,    0,    0,    0,    0,    0,    0,    0,    0,    0,    0,    0,    0,    0,   -6,    0,    0,    0,    0,    0,
       0,    0,    0,    0,    0,    0,    0,    0,    0,    0,    0,    0,    0,    0,    0,    0,    0,    0,    0,    0,    0,    0,   -4,    0,    0,    0,    0,    0,    0,    0,    0,    0,    0,    0,    0,    0,    0,    0,    0,    0,    0,    0,    0,   -2,    0,    0,    0,    0,    0,    0,    0,    0,    0,    0,    0,    0,    0,
       0,    0,    0,    0,    0,    0,    0,    0,    0,    0,    0,    0,    0,    0,    0,    0,    0,   -2,    0,    0,  -20,   -4,  -37,   -9,    0,  -17,    0,    0,    0,    0,    8,    0,    0,    0,    0,    0,    0,    0,    0,   -2,   -4,  -11,   -4,    0,  -10,    0,    0,    0,    0,    0,    0,    0,    0,    0,    0,    0,    0,
       0,    0,    0,    0,    0,    0,    0,    0,    0,    0,    0,    0,    0,    0,    0,    0,    0,    0,    0,    0,   -6,    0,   -3,   -2,   -5,   -9,    0,    0,    0,    0,    0,   -1,    0,    0,   -2,    0,    0,    0,    0,    0,    0,    0,    0,   -1,    0,    0,    0,    0,    0,    0,    0,    0,    0,    0,    0,    0,    0,
       0,    0,    0,    0,    0,    0,    0,    0,    0,    0,    0,    0,    0,    0,    0,    0,    0,    0,   -4,    0,    0,    0,    0,    0,    0,    0,    0,    0,    0,    0,    0,    0,   -2,    0,   -4,    0,    0,    0,    0,    0,   -4,   -6,    0,    0,   -4,    0,    0,    0,    0,    0,    0,    0,    0,    0,    0,    0,    0,
       0,    0,    0,    0,    0,    0,    0,    0,    0,    0,    0,    0,    0,    0,    0,    0,  -13,   -4,  -48,   -2,    6,    0,    0,    0,   -2,    0,    0,    0,    0,    0,   -8,    0,   -6,    0,   -4,    0,   -4,   -4,   -4,    0,   -6,   -2,    0,   -6,    0,   -2,    0,    0,    0,    0,    0,    0,    0,    0,    0,    0,    0,
       0,    0,    0,    0,    0,    0,    0,    0,    0,    0,    0,    0,    0,    0,    0,    0,    0,    0,    0,    0,  -10,    0,   -6,   -4,    0,  -10,    0,    0,    0,    0,    6,    0,    0,    0,    0,    0,    0,    0,    0,    0,    0,    0,    0,    0,    0,    0,    0,    0,    0,    0,    0,    0,    0,    0,    0,    0,    0,
       0,    0,    0,    0,    0,    0,    0,    0,    0,    0,    0,    0,    0,    0,    0,    0,   -6,    0,    0,    0,    0,    0,    0,    0,    0,    0,    0,    0,    0,    0,    0,    0,    0,    0,    0,    0,    0,    0,    0,    0,    0,    0,    0,    0,    0,    0,    0,    0,    0,    0,    0,    0,    0,    0,    0,    0,    0,
       0,    0,    0,    0,    0,    0,    0,    0,    0,    0,    0,    0,    0,    0,    0,    0,    0,  -12,   -2,   -4,    0,   -6,   -2,   -2,    0,    8,    0,    0,    0,    0,    0,    0,   -8,    0,    0,    0,   -3,   -3,   -2,   -1,   -5,   -3,   -6,    0,   -8,    0,    0,    0,    0,    0,    0,    0,    0,    0,    0,    0,    0,
       0,    0,    0,    0,    0,    0,    0,    0,    0,    0,    0,    0,    0,    0,    0,    0,    0,   -4,    0,    0,  -29,   -8,  -20,  -12,    0,  -24,    0,    0,    0,    0,    0,    0,    0,    0,    0,    0,    0,    0,    0,   -2,    0,  -10,   -2,    0,   -9,    8,    0,    0,    0,    0,    0,    0,    0,    0,    0,    0,    0,
       0,    0,    0,    0,    0,  -60,  -40,    0,    0,    0,    0,    0,    0,    0,    0,    0,  -16,    0,  -30,    0,    0,    0,    0,    3,   -6,    0,   -6,    0,    0,    0,   -2,    0,   -4,    3,   -4,    0,    0,    0,    0,    6,   -2,    4,    6,    0,    4,    0,    0,    0,    0,    0,    0,    0,    0,    0,    0,    0,    0,
       0,    0,    0,    0,    0,    0,    0,    0,    0,    0,    0,    0,  -20,    0,    0,    0,   -2,    0,   -6,    0,   -8,    0,   -4,   -2,  -12,  -10,   -6,    0,    0,   -7,    0,    0,    3,    0,    0,    0,    0,    0,    0,    0,    0,    0,    0,   -4,    0,    0,    0,    0,    0,    0,    0,    0,    0,    0,    0,    0,    0,
       0,    0,    0,    0,    0,    0,    0,    0,    0,    0,    0,    0,    0,    0,    0,    0,    0,   -4,    0,    0,   -6,   -2,   -6,    0,    0,   -8,    0,    0,    0,    0,    2,    0,   -2,    0,    0,    0,    0,    0,    0,    0,   -4,    0,    0,    0,    0,    0,    0,    0,    0,    0,    0,    0,    0,    0,    0,    0,    0,
       0,    0,    0,    0,    0,    0,    0,    0,    0,    0,    0,    0,    0,    0,    0,    0,    0,    0,    0,    0,    0,    0,    0,    0,   -6,   -6,    0,    0,    0,    0,    0,    0,    0,    0,    0,    0,    0,    0,    0,    0,    0,    0,    0,    0,    0,    0,    0,    0,    0,    0,    0,    0,    0,    0,    0,    0,    0,
       0,    0,    0,    0,    0,    0,  -40,    0,    0,    0,    0,    0,    0,    0,    0,    0,  -20,   -8,  -26,    0,   12,    0,    4,    4,    0,    4,    0,    0,    0,    0,  -40,    0,  -48,    0,  -18,    0,  -24,   -8,  -44,    0,  -48,   -4,  -48,   -6,  -26,  -48,    0,    0,    0,    0,    0,    0,    0,    3,    0,    0,    0,
       0,    0,    0,    0,    0,    0,    0,    0,    0,    0,    0,    0,    0,    0,    0,    0,   -4,    0,   -4,   -4,    0,    0,    0,    0,   -4,   -4,    0,    0,    0,    0,    0,    0,    0,    0,    0,    0,    0,    0,    0,    0,    0,    0,    0,   -2,    0,    0,    0,    0,    0,    0,    0,    0,    0,    0,    0,    0,    0,
       0,    0,   -4,    0,    0,    0,    0,  -13,    0,    0,    0,    0,    0,    0,    5,   -4,  -14,   -4,  -22,   -4,    4,    0,    0,    0,    0,    0,    0,    0,    0,  -20,   -5,    0,   -9,    0,   -8,    0,   -5,   -5,   -6,    0,   -4,    0,    0,    0,    0,   -2,   -4,   -8,  -14,    0,    0,    0,    0,    0,    0,    0,   -6,
       0,    0,    0,    0,    0,    0,    0,    0,    0,    0,    0,    0,    0,    0,    0,    0,   -9,   -2,  -12,   -4,    4,    0,    0,    0,    0,    0,    0,    0,    0,    0,   -4,    0,   -6,    0,   -8,    0,   -1,   -1,    0,    0,   -4,    0,    0,    0,    0,    0,    0,    0,    0,    0,    0,    0,    0,    0,    0,    0,    0,
       0,    0,    0,    0,    0,    0,    0,    0,    0,    0,    0,    0,    0,    0,    0,    0,    0,  -11,    0,   -6,    0,   -4,    0,    0,    0,    0,    0,    0,    0,    0,    0,    0,   -6,    0,   -1,    0,    0,    0,    0,    0,   -4,  -10,   -7,    0,  -10,    0,    0,    0,    0,    0,    0,    0,    0,    0,    0,    0,    0,
       0,    0,    0,    0,    0,    0,    0,    0,    0,    0,    0,    0,    0,    0,    0,    0,  -17,  -10,  -28,  -10,    4,   -4,    0,    0,    0,    0,    0,    0,    0,    0,  -13,    0,  -16,    0,  -15,    0,   -9,   -8,  -14,    0,   -8,   -4,   -4,   -8,   -4,   -4,    0,    0,    0,    0,    0,    0,    0,    0,    0,    0,    0,
       0,    0,    0,    0,    0,    0,    0,    0,    0,    0,    0,    0,    0,    0,    0,    0,    0,   -2,    0,    0,    0,    0,    0,    0,    0,    0,    0,    0,    0,    0,    0,    0,   -2,    0,    0,    0,    0,    0,    0,    0,   -2,   -2,    0,    0,    0,    0,    0,    0,    0,    0,    0,    0,    0,    0,    0,    0,    0,
       0,    0,    0,    0,    0,    0,    0,    0,    0,    0,    0,    0,    0,    0,    0,    0,    0,    0,    0,    0,    0,    0,  -13,    0,    0,    0,    0,  -37,    0,    0,    0,    0,    0,    0,    0,    0,    0,    0,    0,    0,    0,   -5,    0,    0,    0,    0,    0,    0,    0,    0,   -2,   -9,    0,    0,    0,    0,    0,
       0,    0,    0,    0,    0,    0,    0,    0,    0,    0,    0,    0,    0,    0,    0,    0,    0,    0,    0,    0,    0,    0,  -20,    0,    0,    0,    0,    0,    0,    0,    0,    0,    0,    0,    0,    0,    0,    0,    0,    0,    0,  -15,    0,    0,    0,    0,    0,    0,    0,    0,    0,  -14,    3,    0,    0,    0,    0,
       0,    0,    0,    0,    0,    0,    0,    0,    0,    0,    0,    0,    0,    0,    0,    0,    8,   -8,    0,    0,  -26,   -4,  -11,   -4,    0,  -21,    0,    0,    0,    0,    4,    0,    0,    0,    0,    0,    0,    0,    0,    0,   -4,   -5,   -2,    0,    0,    0,    0,    0,    0,    0,    0,    0,    0,    0,    0,    0,    0,
       0,    0,    0,    0,    0,    0,    0,    0,    0,    0,    0,    0,    0,    0,    0,    0,    0,    0,    0,    0,  -19,    0,   -9,   -6,   -6,  -16,   -4,    0,    0,    0,    0,    0,    0,    0,    0,    0,    0,    0,    0,    0,    0,   -2,    0,   -3,    0,   -4,    0,    0,    0,    0,    0,    0,    0,    0,    0,    0,    0,
       0,    0,    0,    0,    0,    0,    0,    0,    0,    0,    0,    0,    0,    0,    0,    0,    0,    0,    0,    0,  -12,    0,   -6,   -4,   -2,  -14,    0,    0,    0,    0,    0,    0,    0,    0,    0,    0,    0,    0,    0,    0,    0,    0,    0,    0,    0,    0,    0,    0,    0,    0,    0,    0,    0,    0,    0,    0,    0,
       0,    0,    0,    0,    0,    0,    0,    0,    0,    0,    0,    0,    0,    0,    0,    0,    0,    0,    0,    0,    0,    0,    0,    0,    0,    0,    0,    0,    0,    0,    0,    0,    0,    0,    0,    0,    0,    0,    0,    0,    6,    0,    0,    0,    0,    0,    0,    0,    0,    0,    0,    0,    0,    0,    0,    0,    0,
       0,    0,    0,    0,    0,    0,    0,    0,    0,    0,    0,    0,    0,    0,    0,    0,    0,    0,    0,    0,  -18,    0,   -8,   -4,   -4,  -14,    0,    0,    0,    0,    2,    0,    0,    0,   -2,    0,    0,    0,    0,    0,    0,   -2,    0,   -2,   -2,    0,    0,    0,    0,    0,    0,    0,    0,    0,    0,    0,    0,
       0,    0,    0,    0,    0,    0,    0,    0,    0,    0,    0,    0,    0,    0,    0,    0,   -8,    0,    0,    0,   24,    0,   22,   20,   20,   20,   20,    0,    0,    0,    0,    0,  -14,    0,    0,    0,    0,    0,    0,    1,    0,    4,    1,    0,    0,    2,    0,    0,    0,    0,    0,    0,    0,   12,    0,    0,    0,
       0,    0,    0,    0,    0,   -2,    0,    0,    0,    0,    0,    0,    0,    0,    0,    0,   -6,   -4,    0,   -2,    0,    0,    0,    0,    0,   -6,    0,    0,    0,    0,   -2,    0,   -8,    0,    0,    4,    0,    0,   -4,    0,   -3,    0,    0,    0,    0,    0,    0,    0,    0,    0,    0,    0,    0,    0,    0,    0,    0,
       0,    0,    0,    0,    0,    0,    0,    0,    0,    0,    0,    0,    0,    0,    0,    0,    0,    0,    0,    0,  -12,    0,   -6,    0,    0,  -10,    0,    0,    0,    0,    0,    0,    0,    0,    0,    0,    0,    0,    0,    0,    0,   -2,    0,    0,   -2,    0,    0,    0,    0,    0,    0,    0,    0,    0,    0,    0,    0,
       0,    0,    0,    0,    0,    0,    0,    0,    0,    0,    0,    0,    0,    0,    0,    0,    0,    0,    0,    0,  -12,    0,    0,    0,    0,    0,    0,    0,    0,    0,    0,    0,    0,    0,    0,    0,    0,    0,    0,    0,    0,    0,    0,    0,    0,    0,    0,    0,    0,    0,    0,    0,    0,    0,    0,    0,    0,
       0,    0,    0,    0,    0,    0,    0,    0,    0,    0,    0,    0,    0,    0,    0,    0,    0,    0,    0,    0,  -12,   -4,    0,    0,    0,    0,    0,    0,    0,    0,    0,    0,    0,    0,    0,    2,    0,    0,    0,    0,    0,    0,    0,    0,    0,    0,    0,    0,    0,    0,    0,    0,    0,    0,    0,    0,    0,
       0,    0,    0,    0,    0,    0,    0,    0,    0,    0,    0,    0,    0,    0,    0,    0,    0,   -4,    0,    0,    0,    0,    0,    0,    0,   -8,    0,    0,    0,    0,   -2,   -2,   -9,    0,    0,   -2,    0,    0,   -2,    0,   -2,    0,    0,    0,    0,    0,    0,    0,    0,    0,    0,    0,    0,    0,    0,    0,    0,
       0,    0,    0,    0,    0,    0,    0,    0,    0,    0,    0,    0,    0,    0,    0,    0,    0,   -8,    0,    0,  -10,    0,  -12,   -8,    0,  -12,    0,    0,    0,    0,    0,    0,   -4,    0,   -4,   -6,    0,    0,    0,   -1,   -2,  -10,   -6,    0,   -6,    0,    0,    0,    0,    0,    0,    0,    0,    0,    0,    0,    0,
       0,    0,    0,    0,    0,    0,    0,    0,    0,    0,    0,    0,    0,    0,    0,    0,    0,    0,    0,    0,   -8,    0,   -6,    0,    0,   -6,    0,   -4,    0,    1,    0,    0,    0,    0,    0,    0,    0,    0,    0,    0,    0,    0,    0,    0,    0,    0,    0,    0,    0,    0,    0,    0,    0,    0,    0,    0,    0,
       0,    0,    0,    0,    0,    0,  -44,    0,    0,    0,    0,    0,    0,    0,    0,    0,  -12,    0,    0,    0,   -4,    0,    0,    0,   -6,    0,    0,    0,    0,    0,   -5,    0,   -9,    0,   -6,   -4,    0,    0,    0,    0,    0,   20,   20,    0,    0,    0,    0,    0,    0,    0,    0,    0,    0,    0,    0,    0,    0,
       0,    0,    0,    0,    0,    0,    0,    0,    0,    0,    0,    0,    0,    0,    0,    0,    0,   -2,    0,    0,  -18,    0,   -2,    0,   -2,   -8,    0,    0,    0,    0,    3,    0,    0,    0,    0,    0,    0,    0,    0,    0,    0,    0,    0,   -2,    0,    0,    0,    0,    0,    0,    0,    0,    0,    0,    0,    0,    0,
       0,    0,    0,    0,    0,    0,    0,    0,    0,    0,    0,    0,    0,    0,    0,    0,    0,    0,    0,    0,    0,    0,    0,    0,    0,    0,    0,    0,    0,    0,    0,    0,   -2,  -10,   -2,    0,    0,    0,    8,    0,    0,    0,   16,    0,    0,    0,    0,    0,    0,    0,    0,    0,    0,    0,    0,    0,    0,
       0,    0,    0,    0,    0,    0,    0,    0,    0,    0,    0,    0,    0,    0,    0,    0,    0,    0,    0,    0,  -12,    0,   -4,   -4,    0,   -6,    0,    0,    0,    0,    0,    0,    0,    0,   -4,    0,    0,    0,    0,    0,    0,    0,    0,    0,    0,    0,    0,    0,    0,    0,    0,    0,    0,    0,    0,    0,    0,
       0,    0,   -1,    0,    4,    0,    0,   -5,    0,    0,    0,    0,    0,    0,    3,    0,  -10,    0,    0,    0,   -4,    0,    0,    0,  -10,   -4,   -8,   -1,    0,  -15,   -1,    0,   -2,    0,   -2,    0,    0,    0,   -2,   20,    0,   20,    0,    0,    0,    0,    0,    0,   -8,    0,    0,   -3,    0,    0,    0,    0,    0,
       0,    0,    0,    0,    0,    0,    0,    0,    0,    0,    0,    0,    0,    0,    0,    0,   -2,    0,    0,    0,   -4,    0,    0,    0,   -7,   -4,   -2,    0,    0,    0,    2,    0,    0,    0,    0,    0,    0,    0,   -2,   20,    0,   16,    0,    0,    0,    0,    0,    0,    0,    0,    0,    0,    0,    0,    0,    0,    0,
       0,    0,   -2,    0,    0,    0,    0,    0,    0,    0,    0,    0,    0,    0,    0,    0,    0,   -4,    0,    0,   -6,   -2,    0,    0,    0,   -8,    0,   -4,    0,    0,    0,    0,   -3,    0,    0,    0,    0,    0,   -2,   20,   -2,    0,    0,    0,    0,    0,    0,   -4,    0,    0,    0,   -2,    0,    0,    0,    0,    0,
       0,    0,    0,    0,    0,    0,    0,    0,    0,    0,    0,    0,    0,    0,    0,    0,  -10,    0,    0,    0,   -4,    0,    0,    0,   -8,   -4,   -4,    0,    0,    0,    0,    0,   -2,    0,   -6,    0,    0,    0,   -4,    0,    0,    0,    0,    0,    0,    0,    0,    0,    0,    0,    0,    0,    0,    0,    0,    0,    0,
       0,    0,    0,    0,    0,    0,    0,    0,    0,    0,    0,    0,    0,    0,    0,    0,    0,    0,    0,    0,   -4,    0,    0,    0,    0,   -4,    0,    0,    0,    0,    0,    0,   -4,    0,    0,    0,    0,    0,    0,    0,    0,    0,    0,    0,    0,    0,    0,    0,    0,    0,    0,    0,    0,    0,    0,    0,    0,
       0,    0,    0,    0,    0,    0,    0,    0,    0,    0,    0,    0,    0,    0,    0,    0,    0,    0,    0,    0,    0,    0,   -4,    0,    0,    0,    0,    0,    0,    0,    0,    0,    0,    0,    0,    0,    0,    0,    0,    0,    0,    0,    0,    0,    0,    0,    0,    0,    0,    0,    0,    0,    0,    0,    0,    0,    0,
       0,    0,    0,    0,    0,    0,    0,    0,    0,    0,    0,    0,    0,    0,    0,    0,    0,    0,    0,    0,    0,    0,   -8,    0,    0,    0,    0,    0,    0,    0,    0,    0,    0,    0,    0,    0,    0,    0,    0,    0,    0,    0,    0,   -4,    0,    0,    0,    0,    0,    0,    0,    4,    0,    0,    0,    0,    0,
       0,    0,    0,    0,    0,    0,    0,    0,    0,    0,    0,    0,    0,    0,    0,    0,    0,    0,    0,    0,    0,    0,  -12,    0,    0,    0,    0,    0,    0,    0,    0,    0,    0,    0,    0,    0,    0,    0,    0,    0,    0,   -6,    0,    0,    0,    0,    0,    0,    0,    0,    0,  -12,    0,    0,    0,    0,    0,
       4,    0,    0,    0,   -2,    0,    0,  -16,    0,    0,    0,    0,    0,    0,    0,    0,    0,    0,    0,    0,    0,    0,    0,    0,    0,    0,    0,   -8,    0,  -22,    0,    0,    0,    0,    0,    0,    0,    0,    0,    0,    0,    2,    0,   -2,    0,    0,    8,   10,   -8,    0,    0,    0,    0,    0,    0,    0,    2,
       0,    0,    0,    0,   -8,    0,    0,   -5,    0,    0,    0,    0,    0,    0,    0,    0,    0,    0,    0,    0,    0,    0,    0,    0,    0,    0,    0,   -2,    0,  -14,    0,    0,    0,    0,    0,    0,    0,    0,    0,    0,    0,   -2,    0,   -2,    0,    0,    0,    4,    0,    0,    0,    0,    0,    0,    0,    0,    0,
       0,    0,    0,    0,   -6,    0,    0,  -12,    0,    0,    0,    0,    0,    0,    0,    0,    0,    0,    0,    0,    0,    0,    0,    0,    0,    0,    0,    0,    0,  -22,    0,    0,    0,    0,    0,    0,    0,    0,    0,    0,    0,    0,    0,   -2,    0,    0,    0,    4,   -8,    0,    0,    0,    0,    0,    0,    0,    0,
       0,    0,    0,    0,    0,    0,    0,    0,   -8,    0,    0,    0,    0,    0,    0,    0,    0,    0,    0,    0,    0,    0,    0,    0,    0,    0,    0,    0,    0,    0,    0,    0,    0,    0,    0,    0,    0,    0,    0,    0,    0,    0,    0,    0,    0,    0,    0,    0,    0,    0,    0,    0,    0,    0,    0,    0,    0,
       0,   39,    0,   50,   29,    0,    0,    0,    0,    0,    0,    0,    0,    0,    0,    0,    0,    0,    0,    0,    0,    0,    0,    0,    0,    0,    0,   44,   53,    0,    0,    8,    0,    0,    0,    0,    0,    0,    0,    0,    0,    0,    0,    0,    0,    0,    0,    0,    0,    0,    0,    4,   24,    0,   36,   44,    0,
       0,   25,    0,   42,   11,    0,    0,    0,    0,    0,    0,    0,    0,    0,    0,    0,    0,    0,    0,    0,    0,    0,    0,    0,    0,    0,    0,   34,   40,    0,    0,    8,    0,    0,    0,    0,    0,    0,    0,    0,    0,    0,    0,    0,    0,    0,    0,    0,    0,    0,    0,    4,   24,    0,   26,   31,    0,
       0,    0,    0,   13,    0,    0,    0,    0,    0,    0,    0,    0,    0,    0,    0,    0,    0,    0,    0,    0,    0,    0,    0,    0,    0,    0,    0,    0,    8,    0,    0,    0,    0,    0,    0,    0,    0,    0,    0,    0,    0,    0,    0,    0,    0,    0,    0,    0,    0,    0,    0,    0,    0,    0,    4,    5,    0,
       0,    0,    0,    0,    0,    0,    0,    0,  -18,    0,    0,    0,    0,    0,    0,    0,    0,    0,    0,    0,    0,    0,    0,    0,    0,    0,    0,    0,    0,    0,    0,    0,    0,    0,    0,    0,    0,    0,    0,    0,    0,    0,    0,    0,    0,    0,    0,    0,    0,    2,    0,    0,    0,    0,    0,    0,    0,
       0,    0,    0,    0,    0,    0,    0,    0,    0,  -16,    0,    0,    0,  -12,    0,    0,    0,    0,    0,    0,    0,    0,    0,    0,    0,    0,    0,    0,    0,    0,    0,    0,    0,    0,    0,    0,    0,    0,    0,    0,    0,    0,    0,    0,    0,    0,    0,    0,    0,    0,    0,    0,    0,    0,    0,    0,    0,
       0,    0,    0,    0,    0,    0,    0,    0,    0,  -24,    0,  -18,    0,  -12,    0,    0,    0,    0,    0,    0,    0,    0,    0,    0,    0,    0,    0,    0,    0,    0,    0,    0,    0,    0,    0,    0,    0,    0,    0,    0,    0,    0,    0,    0,    0,    0,    0,    0,    0,    0,    0,    0,    0,    0,    0,    0,    0,
       0,    0,    0,    0,    0,    0,    0,    0,    0,    0,    0,    0,    0,    0,    0,    0,    0,    0,    0,    0,    0,    0,    0,    0,    0,    0,    0,    0,    0,    0,    0,    0,    0,    0,    0,    1,    0,    0,    0,    0,    0,    0,    0,    0,    0,    0,    0,    0,    0,    0,    0,    0,    0,    0,    0,    0,    0,
       0,    0,    0,    0,    0,    0,    0,    0,    0,    0,    0,    0,    0,    0,    0,    0,    0,    0,    0,    0,    0,    0,    0,    0,    0,    0,    0,    0,    0,    0,    0,    0,    0,    0,    0,    2,    0,    0,    0,    0,    0,    0,    0,    0,    0,    0,    0,    0,    0,    0,    0,    0,    0,    0,    0,    0,    0,
       0,    0,    0,    0,    0,    0,    0,    0,    0,    0,    0,    0,    0,    0,    0,    0,    0,    0,    0,    0,    0,    0,   -6,    0,    0,    0,    0,    0,    0,    0,    0,    0,    0,    0,    0,    0,    0,    0,    0,    0,    0,    0,    0,    0,    0,    0,    0,    0,    0,    2,    0,    0,    0,    0,    0,    0,    0,
};

static const EpdLigaturePair quicksand_12_mediumLigaturePairs[] = {
    { 0x00660069, 0xFB01 }, // f i -> U+FB01
    { 0x0066006C, 0xFB02 }, // f l -> U+FB02
};

static const EpdFontData quicksand_12_medium = {
    quicksand_12_mediumBitmaps,
    quicksand_12_mediumGlyphs,
    quicksand_12_mediumIntervals,
    57,
    31,
    25,
    -7,
    false,
    nullptr,
    0,
    nullptr,
    quicksand_12_mediumKernLeftClasses,
    quicksand_12_mediumKernRightClasses,
    quicksand_12_mediumKernMatrix,
    228,
    167,
    78,
    57,
    quicksand_12_mediumLigaturePairs,
    2,
};
