/**
 * generated by fontconvert.py
 * name: quicksand_sb_10_regular
 * size: 10
 * mode: 1-bit
 * Command used: fontconvert.py quicksand_sb_10_regular 10 ../builtinFonts/source/Quicksand/Quicksand-SemiBold.ttf
 */
#pragma once
#include "EpdFontData.h"

static const uint8_t quicksand_sb_10_regularBitmaps[13051] = {
    0xFF, 0xFF, 0xFF, 0xFD, 0x0F, 0xF8, 0x73, 0x77, 0x67, 0x67, 0xE6, 0xE6, 0x44, 0x0C, 0x30, 0x38,
    0xC0, 0xE7, 0x0F, 0xFE, 0x7F, 0xFD, 0xFF, 0xF1, 0xC6, 0x07, 0x18, 0x1C, 0xE1, 0xFF, 0xCF, 0xFF,
    0x9F, 0xFE, 0x38, 0xC0, 0xE3, 0x03, 0x0C, 0x00, 0x06, 0x00, 0x70, 0x1F, 0x83, 0xFE, 0x7F, 0xE7,
    0x76, 0x77, 0x07, 0x70, 0x7F, 0x03, 0xFC, 0x0F, 0xE0, 0x7E, 0x07, 0x76, 0x77, 0xF7, 0xE7, 0xFE,
    0x3F, 0xC0, 0x70, 0x07, 0x00, 0x70, 0x3C, 0x08, 0x7E, 0x1C, 0x66, 0x38, 0xE7, 0x38, 0xE7, 0x70,
    0x66, 0xE0, 0x7E, 0xE0, 0x3D, 0xDE, 0x13, 0xBF, 0x03, 0xF7, 0x07, 0x73, 0x0E, 0x73, 0x0E, 0x73,
    0x1C, 0x3F, 0x18, 0x3E, 0x00, 0x08, 0x07, 0xC0, 0x3F, 0xC0, 0x73, 0xC0, 0xC1, 0x01, 0xC0, 0x03,
    0x80, 0x0F, 0x80, 0x3F, 0x8C, 0x77, 0x99, 0xC7, 0xF3, 0x87, 0xE7, 0x07, 0x87, 0x0F, 0x8F, 0xFF,
    0x8F, 0xF3, 0x03, 0x00, 0x77, 0x66, 0xEE, 0x40, 0x06, 0x0E, 0x1E, 0x3C, 0x38, 0x70, 0x70, 0x60,
    0xE0, 0xE0, 0xE0, 0x60, 0x70, 0x70, 0x38, 0x38, 0x1C, 0x0E, 0x06, 0xC1, 0xE1, 0xE1, 0xC1, 0xC3,
    0x83, 0x87, 0x0E, 0x1C, 0x38, 0x70, 0xE3, 0x87, 0x1C, 0x79, 0xE3, 0x80, 0x10, 0xBB, 0xF9, 0xEF,
    0xEA, 0xC4, 0x00, 0x06, 0x00, 0x70, 0x07, 0x00, 0x70, 0x07, 0x07, 0xFF, 0x7F, 0xF0, 0x70, 0x07,
    0x00, 0x70, 0x07, 0x00, 0x20, 0x03, 0xBC, 0x67, 0x30, 0xFD, 0xFB, 0xF0, 0xFF, 0x80, 0x00, 0x60,
    0x0C, 0x03, 0x80, 0x60, 0x1C, 0x03, 0x00, 0xE0, 0x18, 0x07, 0x00, 0xC0, 0x38, 0x06, 0x01, 0xC0,
    0x30, 0x0E, 0x01, 0x80, 0x70, 0x0C, 0x03, 0x80, 0x60, 0x00, 0x0F, 0x81, 0xFC, 0x3F, 0xE7, 0x8E,
    0x70, 0x77, 0x07, 0x70, 0x77, 0x07, 0x70, 0x77, 0x07, 0x70, 0x77, 0x0E, 0x39, 0xE3, 0xFC, 0x1F,
    0x80, 0x60, 0x0C, 0x79, 0xF7, 0xEF, 0xC3, 0x87, 0x0E, 0x1C, 0x38, 0x70, 0xE1, 0xC3, 0x83, 0x00,
    0x3E, 0x1F, 0xEF, 0xFB, 0x8F, 0x41, 0xC0, 0x70, 0x38, 0x1E, 0x07, 0x03, 0x81, 0xC0, 0xF0, 0x78,
    0x3F, 0xFF, 0xFC, 0x7F, 0x8F, 0xF9, 0xFE, 0x03, 0xC0, 0xF0, 0x3C, 0x0F, 0xE1, 0xFE, 0x01, 0xC0,
    0x38, 0x03, 0x00, 0xE6, 0x1C, 0xFF, 0x1F, 0xC0, 0x60, 0x01, 0x80, 0x38, 0x07, 0x80, 0x78, 0x0F,
    0x81, 0xD8, 0x39, 0x87, 0x98, 0x73, 0x8F, 0xFF, 0xFF, 0xE0, 0x18, 0x01, 0x80, 0x18, 0x01, 0x80,
    0x7F, 0x9F, 0xF7, 0xFB, 0x80, 0xE0, 0x3F, 0x8F, 0xFB, 0xFE, 0x01, 0xC0, 0x70, 0x1C, 0x07, 0xE3,
    0xBF, 0xE7, 0xF0, 0x00, 0x07, 0x07, 0xC3, 0xE0, 0xE0, 0x70, 0x1F, 0x8F, 0xF3, 0xFE, 0xE3, 0xF8,
    0x7E, 0x1F, 0x87, 0xF3, 0xDF, 0xE3, 0xF0, 0x30, 0xFF, 0xBF, 0xFF, 0xFC, 0x0E, 0x03, 0x81, 0xC0,
    0x70, 0x38, 0x0E, 0x03, 0x81, 0xC0, 0x70, 0x38, 0x0E, 0x03, 0x00, 0x00, 0x0F, 0x07, 0xF1, 0xFF,
    0x38, 0xE7, 0x0C, 0xE3, 0x8F, 0xF1, 0xFC, 0x7F, 0xCE, 0x3D, 0x83, 0xB8, 0x77, 0x9C, 0x7F, 0x87,
    0xE0, 0x00, 0x3E, 0x1F, 0xEF, 0xFB, 0x87, 0xE1, 0xF8, 0x7E, 0x1F, 0xFF, 0x7F, 0xCF, 0xE0, 0x38,
    0x1C, 0x1F, 0x0F, 0x83, 0xC0, 0x00, 0xFF, 0x80, 0x00, 0xFF, 0x80, 0x6F, 0x60, 0x00, 0x00, 0x0F,
    0xF7, 0xEE, 0x00, 0x00, 0x70, 0x7C, 0x7E, 0x3E, 0x3E, 0x0F, 0x81, 0xF0, 0x1F, 0x01, 0xF0, 0x3C,
    0x02, 0xFF, 0xDF, 0xF9, 0xFE, 0x00, 0x0F, 0xFD, 0xFF, 0x80, 0x00, 0x00, 0x38, 0x0F, 0x80, 0xF8,
    0x1F, 0x01, 0xF0, 0x7C, 0x7E, 0x3E, 0x3E, 0x0E, 0x00, 0x00, 0x1E, 0x1F, 0xC7, 0xF9, 0x8F, 0x01,
    0xC0, 0x70, 0x1C, 0x0F, 0x1F, 0x87, 0xC1, 0xC0, 0x70, 0x08, 0x07, 0x01, 0xC0, 0x70, 0x00, 0xFF,
    0x00, 0x3F, 0xF8, 0x0F, 0x81, 0xC1, 0xC0, 0x0E, 0x38, 0xF6, 0x63, 0x1F, 0xE7, 0x73, 0xDE, 0x76,
    0x30, 0xE7, 0x67, 0x0E, 0x66, 0x71, 0xC6, 0xE7, 0x1C, 0x6E, 0x73, 0xCC, 0x67, 0xFF, 0xC6, 0x3E,
    0xF0, 0x70, 0x00, 0x03, 0x80, 0x40, 0x1F, 0x3E, 0x00, 0xFF, 0x80, 0x03, 0xE0, 0x00, 0x03, 0x00,
    0x1C, 0x00, 0x78, 0x03, 0xE0, 0x0F, 0xC0, 0x77, 0x01, 0xDC, 0x06, 0x38, 0x38, 0xE0, 0xFF, 0xC7,
    0xFF, 0x1F, 0xFC, 0x60, 0x3B, 0x80, 0xEE, 0x01, 0x80, 0x00, 0x7F, 0x8F, 0xFE, 0xFF, 0xEE, 0x0E,
    0xE0, 0xEE, 0x0E, 0xFF, 0xCF, 0xFE, 0xFF, 0xFE, 0x07, 0xE0, 0x7E, 0x07, 0xE0, 0xFF, 0xFE, 0xFF,
    0xC0, 0x07, 0xE0, 0x7F, 0xCF, 0xFE, 0x78, 0x27, 0x00, 0x38, 0x01, 0xC0, 0x0E, 0x00, 0x70, 0x03,
    0x80, 0x1C, 0x00, 0xF0, 0x03, 0xE3, 0x8F, 0xFC, 0x3F, 0xC0, 0x30, 0x7F, 0x83, 0xFF, 0x8F, 0xFF,
    0x38, 0x1C, 0xE0, 0x3B, 0x80, 0xEE, 0x03, 0xB8, 0x0E, 0xE0, 0x3B, 0x80, 0xEE, 0x03, 0xB8, 0x1E,
    0xE0, 0xF3, 0xFF, 0x8F, 0xFC, 0x00, 0x7F, 0xFF, 0xFF, 0xFF, 0x80, 0xE0, 0x38, 0x0F, 0xFB, 0xFE,
    0xFF, 0xB8, 0x0E, 0x03, 0x80, 0xE0, 0x3F, 0xFF, 0xFC, 0x7F, 0xFF, 0xFF, 0xFF, 0x80, 0xE0, 0x38,
    0x0F, 0xFB, 0xFE, 0xFF, 0xB8, 0x0E, 0x03, 0x80, 0xE0, 0x38, 0x0E, 0x00, 0x07, 0xF0, 0x3F, 0xE1,
    0xFF, 0x8F, 0x00, 0x78, 0x01, 0xC0, 0x07, 0x00, 0x1C, 0x3F, 0x71, 0xFD, 0xC3, 0xF7, 0x01, 0xCE,
    0x07, 0x3E, 0x3C, 0x7F, 0xF0, 0xFF, 0x80, 0x70, 0x60, 0x37, 0x01, 0xF8, 0x0F, 0xC0, 0x7E, 0x03,
    0xF0, 0x1F, 0xFF, 0xFF, 0xFF, 0xFF, 0xFF, 0x01, 0xF8, 0x0F, 0xC0, 0x7E, 0x03, 0xF0, 0x1F, 0x80,
    0xE0, 0x7F, 0xFF, 0xFF, 0xFF, 0xFF, 0xF8, 0x01, 0x81, 0xC0, 0xE0, 0x70, 0x38, 0x1C, 0x0E, 0x07,
    0x03, 0x81, 0xC0, 0xF8, 0x7E, 0x7F, 0xF9, 0xF8, 0x30, 0x60, 0x37, 0x03, 0xB8, 0x3D, 0xC3, 0xCE,
    0x3C, 0x73, 0x83, 0xB8, 0x1F, 0xE0, 0xFF, 0x87, 0x9C, 0x38, 0xF1, 0xC3, 0xCE, 0x0F, 0x70, 0x3B,
    0x80, 0xC0, 0x00, 0x60, 0x38, 0x0E, 0x03, 0x80, 0xE0, 0x38, 0x0E, 0x03, 0x80, 0xE0, 0x38, 0x0E,
    0x03, 0x80, 0xE0, 0x3F, 0xFF, 0xFC, 0x60, 0x0D, 0xE0, 0x1F, 0xC0, 0x7F, 0xC1, 0xFF, 0xC3, 0xFF,
    0x8F, 0xFB, 0xBB, 0xF7, 0xF7, 0xE7, 0xCF, 0xC7, 0x1F, 0x8E, 0x3F, 0x00, 0x7E, 0x00, 0xFC, 0x01,
    0xF8, 0x03, 0x80, 0x60, 0x1F, 0x81, 0xFC, 0x0F, 0xF0, 0x7F, 0xC3, 0xFF, 0x1F, 0xB8, 0xFC, 0xE7,
    0xE7, 0xBF, 0x1F, 0xF8, 0x7F, 0xC1, 0xFE, 0x07, 0xF0, 0x3F, 0x80, 0xE0, 0x07, 0xE0, 0x3F, 0xF0,
    0xFF, 0xF1, 0xC1, 0xE7, 0x01, 0xEE, 0x01, 0xDC, 0x03, 0xB8, 0x07, 0x70, 0x0E, 0xE0, 0x1D, 0xC0,
    0x3B, 0xC0, 0xE3, 0xC7, 0xC3, 0xFF, 0x03, 0xFC, 0x00, 0xC0, 0x7F, 0x1F, 0xFB, 0xFF, 0x70, 0x7E,
    0x0F, 0xC1, 0xF8, 0x3F, 0xFE, 0xFF, 0xDF, 0xE3, 0x80, 0x70, 0x0E, 0x01, 0xC0, 0x38, 0x00, 0x07,
    0xE0, 0x0F, 0xFC, 0x0F, 0xFF, 0x07, 0x07, 0x87, 0x01, 0xE3, 0x80, 0x71, 0xC0, 0x38, 0xE0, 0x1C,
    0x70, 0x0E, 0x38, 0x07, 0x1C, 0x03, 0x8F, 0x03, 0x83, 0xC7, 0xC0, 0xFF, 0xC0, 0x3F, 0xC0, 0x1F,
    0x02, 0x1F, 0xE7, 0x87, 0xFF, 0x80, 0x1F, 0x80, 0x7F, 0xC7, 0xFF, 0x3F, 0xFD, 0xC0, 0xEE, 0x07,
    0x70, 0x3B, 0x81, 0xDF, 0xFC, 0xFF, 0xC7, 0xFF, 0x38, 0x1D, 0xC0, 0xEE, 0x07, 0x70, 0x3F, 0x80,
    0xE0, 0x00, 0x1F, 0x83, 0xFE, 0x7F, 0xE7, 0x06, 0x70, 0x07, 0x00, 0x7E, 0x03, 0xFC, 0x0F, 0xE0,
    0x0E, 0x00, 0x76, 0x07, 0xF0, 0xE7, 0xFE, 0x3F, 0xC0, 0x60, 0x7F, 0xF7, 0xFF, 0xDF, 0xFC, 0x0E,
    0x00, 0x70, 0x03, 0x80, 0x1C, 0x00, 0xE0, 0x07, 0x00, 0x38, 0x01, 0xC0, 0x0E, 0x00, 0x70, 0x03,
    0x80, 0x1C, 0x00, 0x60, 0x37, 0x01, 0xB8, 0x0D, 0xC0, 0x6E, 0x03, 0x70, 0x1B, 0x80, 0xDC, 0x06,
    0xE0, 0x37, 0x01, 0xB8, 0x0C, 0xE0, 0xE7, 0x9F, 0x1F, 0xF0, 0x7F, 0x00, 0x00, 0x60, 0x1B, 0x80,
    0x77, 0x03, 0x9C, 0x0E, 0x78, 0x38, 0xE1, 0xC3, 0x87, 0x07, 0x38, 0x1C, 0xE0, 0x3B, 0x00, 0xFC,
    0x03, 0xF0, 0x07, 0x80, 0x1E, 0x00, 0x30, 0x00, 0xE0, 0x00, 0x6E, 0x00, 0x07, 0xE0, 0x00, 0xE7,
    0x06, 0x0E, 0x70, 0xF0, 0xE7, 0x0F, 0x1C, 0x38, 0xF1, 0xC3, 0x9F, 0x9C, 0x39, 0xFB, 0x81, 0xF9,
    0xF8, 0x1F, 0x9F, 0x81, 0xF1, 0xF0, 0x0F, 0x0F, 0x00, 0xE0, 0xF0, 0x0E, 0x06, 0x00, 0x60, 0x33,
    0x81, 0xDE, 0x1C, 0x71, 0xE1, 0xDE, 0x0F, 0xE0, 0x3E, 0x00, 0xF0, 0x0F, 0x80, 0x7E, 0x07, 0x70,
    0x71, 0xC7, 0x8F, 0x38, 0x3D, 0x80, 0xE0, 0x00, 0xC0, 0x3E, 0x07, 0xF0, 0xF7, 0x8E, 0x39, 0xC1,
    0xFC, 0x1F, 0x80, 0xF0, 0x07, 0x00, 0x70, 0x07, 0x00, 0x70, 0x07, 0x00, 0x70, 0x06, 0x00, 0x3F,
    0xFB, 0xFF, 0xCF, 0xFE, 0x01, 0xE0, 0x1E, 0x00, 0xE0, 0x0F, 0x00, 0xF0, 0x0F, 0x00, 0x70, 0x07,
    0x00, 0x78, 0x07, 0x80, 0x3F, 0xFD, 0xFF, 0xE0, 0x7F, 0xFF, 0x87, 0x0E, 0x1C, 0x38, 0x70, 0xE1,
    0xC3, 0x87, 0x0E, 0x1C, 0x38, 0x70, 0xE1, 0xFF, 0xF8, 0xC0, 0x0E, 0x00, 0x60, 0x07, 0x00, 0x30,
    0x03, 0x80, 0x18, 0x01, 0xC0, 0x0C, 0x00, 0xE0, 0x06, 0x00, 0x70, 0x03, 0x00, 0x38, 0x01, 0x80,
    0x1C, 0x00, 0xC0, 0x0E, 0x00, 0x60, 0x06, 0xFF, 0xFC, 0x38, 0x70, 0xE1, 0xC3, 0x87, 0x0E, 0x1C,
    0x38, 0x70, 0xE1, 0xC3, 0x87, 0x0F, 0xFF, 0xF8, 0x00, 0x03, 0xC0, 0x7C, 0x1F, 0x87, 0xF8, 0xE7,
    0x3C, 0x77, 0x0E, 0xC0, 0xC0, 0xFF, 0xF7, 0xFF, 0xFF, 0xFC, 0xE7, 0x8E, 0x20, 0x06, 0x01, 0xFF,
    0x3F, 0xF7, 0x8F, 0x70, 0x76, 0x07, 0x60, 0x76, 0x07, 0x70, 0x77, 0x8F, 0x3F, 0xF1, 0xFF, 0x06,
    0x00, 0x40, 0x0E, 0x00, 0xE0, 0x0E, 0x00, 0xE6, 0x0F, 0xF8, 0xFF, 0xCF, 0x1E, 0xE0, 0xEE, 0x06,
    0xE0, 0x6E, 0x06, 0xE0, 0xEF, 0x1E, 0xFF, 0xCF, 0xF8, 0x06, 0x00, 0x06, 0x03, 0xF8, 0xFF, 0x3C,
    0x67, 0x00, 0xC0, 0x18, 0x03, 0x00, 0x70, 0x0F, 0x18, 0xFF, 0x8F, 0xE0, 0x60, 0x00, 0x20, 0x07,
    0x00, 0x70, 0x07, 0x06, 0x71, 0xFF, 0x3F, 0xF7, 0x8F, 0x70, 0x76, 0x07, 0x60, 0x76, 0x07, 0x70,
    0x77, 0x8F, 0x3F, 0xF1, 0xFF, 0x06, 0x00, 0x06, 0x01, 0xF8, 0x3F, 0xC7, 0x8E, 0x70, 0xE7, 0xFF,
    0x7F, 0xE6, 0x00, 0x70, 0x07, 0x8E, 0x3F, 0xE1, 0xFC, 0x02, 0x00, 0x07, 0x0F, 0xC7, 0xC3, 0x03,
    0x87, 0xFB, 0xFC, 0x7C, 0x38, 0x1C, 0x0E, 0x07, 0x03, 0x81, 0xC0, 0xE0, 0x30, 0x06, 0x01, 0xFF,
    0x3F, 0xF7, 0x8F, 0x70, 0x76, 0x07, 0x60, 0x76, 0x07, 0x70, 0x77, 0x8F, 0x3F, 0xF1, 0xFF, 0x06,
    0x73, 0x8F, 0x3F, 0xE1, 0xFC, 0x02, 0x00, 0x40, 0x38, 0x0E, 0x03, 0x80, 0xE0, 0x3F, 0xEF, 0xFB,
    0xC7, 0xE1, 0xF8, 0x7E, 0x1F, 0x87, 0xE1, 0xF8, 0x7E, 0x1F, 0x87, 0xFF, 0x8F, 0xFF, 0xFF, 0xFF,
    0xF8, 0x19, 0xC6, 0x01, 0x9C, 0xE7, 0x39, 0xCE, 0x73, 0x9C, 0xE7, 0x3F, 0xFC, 0x00, 0x40, 0x38,
    0x0E, 0x03, 0x80, 0xE0, 0x38, 0x7E, 0x3F, 0x9E, 0xEF, 0x3F, 0x8F, 0xE3, 0xF8, 0xE7, 0x39, 0xEE,
    0x3F, 0x87, 0x5F, 0xFF, 0xFF, 0xFF, 0xFF, 0xFF, 0x00, 0x00, 0x7F, 0xDF, 0xBF, 0xFF, 0xFE, 0x7C,
    0x7E, 0x1C, 0x3F, 0x0E, 0x1F, 0x87, 0x0F, 0xC3, 0x87, 0xE1, 0xC3, 0xF0, 0xE1, 0xF8, 0x70, 0xFC,
    0x38, 0x70, 0x06, 0x3F, 0xEF, 0xFF, 0xC7, 0xE1, 0xF8, 0x7E, 0x1F, 0x87, 0xE1, 0xF8, 0x7E, 0x1F,
    0x83, 0x02, 0x01, 0xFC, 0x3F, 0xE7, 0x8F, 0x70, 0x76, 0x07, 0x60, 0x76, 0x07, 0x70, 0x77, 0x8F,
    0x3F, 0xE1, 0xFC, 0x02, 0x00, 0x00, 0x0F, 0xF8, 0xFF, 0xCF, 0x1E, 0xE0, 0xEE, 0x06, 0xE0, 0x6E,
    0x06, 0xE0, 0xEF, 0x1E, 0xFF, 0xCF, 0xF8, 0xE6, 0x0E, 0x00, 0xE0, 0x0E, 0x00, 0x40, 0x00, 0x06,
    0x01, 0xFF, 0x3F, 0xF7, 0x8F, 0x70, 0x76, 0x07, 0x60, 0x76, 0x07, 0x70, 0x77, 0x8F, 0x3F, 0xF1,
    0xFF, 0x06, 0x70, 0x07, 0x00, 0x70, 0x07, 0x00, 0x20, 0x04, 0xFF, 0xFF, 0xF0, 0xE0, 0xE0, 0xE0,
    0xE0, 0xE0, 0xE0, 0xE0, 0xE0, 0x0C, 0x0F, 0xC7, 0xF9, 0xC6, 0x70, 0x1F, 0x03, 0xF0, 0x3E, 0x41,
    0xF8, 0x67, 0xF8, 0xFC, 0x0C, 0x00, 0x10, 0x38, 0x38, 0xFE, 0xFE, 0x38, 0x38, 0x38, 0x38, 0x38,
    0x38, 0x38, 0x3E, 0x1E, 0xE1, 0xF8, 0x7E, 0x1F, 0x87, 0xE1, 0xF8, 0x7E, 0x1F, 0x87, 0xF3, 0xDF,
    0xE3, 0xF0, 0x30, 0x00, 0x1C, 0x0F, 0x83, 0xB8, 0x77, 0x1C, 0x73, 0x8E, 0xE0, 0xFC, 0x1F, 0x01,
    0xE0, 0x38, 0x07, 0x00, 0x00, 0x00, 0x00, 0xE0, 0x06, 0xE0, 0x06, 0x71, 0x8E, 0x73, 0xCE, 0x73,
    0xDC, 0x3F, 0xDC, 0x3F, 0xFC, 0x1E, 0x78, 0x1E, 0x78, 0x1E, 0x78, 0x0C, 0x30, 0x00, 0x00, 0x00,
    0x38, 0x7F, 0x1D, 0xCE, 0x3F, 0x0F, 0x81, 0xE0, 0x7C, 0x3F, 0x1C, 0xEF, 0x3F, 0x87, 0x00, 0x00,
    0x00, 0x38, 0x7E, 0x1F, 0x87, 0xE1, 0xF8, 0x7E, 0x1F, 0x87, 0xE1, 0xFC, 0xF7, 0xFD, 0xFF, 0x19,
    0xD8, 0xF7, 0xF9, 0xFC, 0x08, 0x00, 0x7F, 0xDF, 0xF0, 0x38, 0x1C, 0x0F, 0x07, 0x81, 0xC0, 0xE0,
    0x78, 0x3F, 0xFF, 0xFC, 0x03, 0x07, 0x87, 0x83, 0x81, 0xC0, 0xE0, 0x70, 0x30, 0x38, 0x78, 0x3E,
    0x07, 0x01, 0xC0, 0xE0, 0x70, 0x38, 0x1C, 0x0F, 0x83, 0xC0, 0x00, 0xDF, 0xFF, 0xFF, 0xFF, 0xFF,
    0xFF, 0xFF, 0xF0, 0xE0, 0x7C, 0x0E, 0x03, 0x81, 0xC0, 0xE0, 0x70, 0x38, 0x1E, 0x07, 0xC3, 0xC3,
    0x81, 0xC0, 0xE0, 0x70, 0x38, 0x1C, 0x3C, 0x3C, 0x00, 0x00, 0x61, 0xFE, 0xFF, 0xF9, 0xE0, 0x1F,
    0xF0, 0xBF, 0xFF, 0xFF, 0xFA, 0x06, 0x00, 0xC0, 0x7F, 0x1F, 0xE7, 0xEC, 0xEC, 0x19, 0x87, 0x30,
    0xE6, 0x0E, 0xC1, 0xDB, 0x1F, 0xE1, 0xFC, 0x1E, 0x01, 0x80, 0x0F, 0xC0, 0xFF, 0x0F, 0xF8, 0x70,
    0xC3, 0x80, 0x1C, 0x01, 0xFE, 0x1F, 0xF0, 0x7F, 0x80, 0xE0, 0x07, 0x00, 0x38, 0x03, 0xC0, 0x7F,
    0xFF, 0xFF, 0xE0, 0x1C, 0xC1, 0xBF, 0xEF, 0xF9, 0xCE, 0x63, 0x9C, 0xE7, 0xFB, 0xFE, 0xFF, 0x80,
    0x00, 0xE0, 0x3E, 0x07, 0xF0, 0xF7, 0x8E, 0x39, 0xC1, 0xDC, 0x1F, 0x83, 0xFC, 0x3F, 0xE3, 0xFC,
    0x3F, 0xC3, 0xFE, 0x3F, 0xC0, 0x70, 0x07, 0x00, 0x7F, 0xFF, 0xFF, 0xE0, 0x2F, 0xFF, 0xFF, 0xF0,
    0x0F, 0x87, 0xF8, 0xFF, 0x1C, 0x63, 0x80, 0x7E, 0x0F, 0xF3, 0xFF, 0x71, 0xEE, 0x1D, 0xFF, 0x9F,
    0xE1, 0xFC, 0x07, 0x98, 0x77, 0xDE, 0x7F, 0xC7, 0xF0, 0xEF, 0xDF, 0x30, 0x07, 0xE0, 0x1F, 0xF8,
    0x3C, 0x1C, 0x33, 0xEE, 0x67, 0xE6, 0x6F, 0x67, 0xEC, 0x03, 0xEC, 0x03, 0xEC, 0x03, 0x6E, 0x03,
    0x67, 0xE6, 0x73, 0xEE, 0x38, 0x1C, 0x1F, 0xF8, 0x0F, 0xF0, 0x00, 0x80, 0x00, 0xFF, 0xFF, 0x3C,
    0x7D, 0xFF, 0xBF, 0x19, 0x8E, 0xE7, 0x3B, 0xDC, 0xE6, 0x3D, 0xC7, 0x38, 0xEE, 0x19, 0x80, 0xFF,
    0xFF, 0xFF, 0x7F, 0xF0, 0x07, 0x00, 0x70, 0x07, 0x00, 0x00, 0xFD, 0xFB, 0xF0, 0x1F, 0x0F, 0xE7,
    0xFF, 0x7B, 0xDE, 0xF7, 0xBD, 0xAD, 0xEF, 0x3F, 0x87, 0x80, 0xFF, 0xFC, 0x3C, 0x7E, 0xE6, 0xE7,
    0xE6, 0x7E, 0x3C, 0x00, 0x00, 0x60, 0x0E, 0x00, 0xE0, 0x7F, 0xE7, 0xFE, 0x3F, 0xC0, 0xE0, 0x06,
    0x00, 0x00, 0x7F, 0xE7, 0xFE, 0x3F, 0xC0, 0x73, 0xED, 0x86, 0x39, 0xCF, 0xBE, 0xFB, 0xE7, 0x9C,
    0xF8, 0x7F, 0xBE, 0x20, 0x77, 0xEC, 0x60, 0xF8, 0x7E, 0x1F, 0x87, 0xE1, 0xF8, 0x7E, 0x1F, 0x87,
    0xF3, 0xFF, 0xFF, 0xFF, 0xA0, 0xE0, 0x38, 0x04, 0x00, 0x1F, 0xE3, 0xFF, 0x7F, 0xF7, 0xFF, 0xFF,
    0xFF, 0xFF, 0x7F, 0xF7, 0xFF, 0x3F, 0xF0, 0x7F, 0x03, 0xF0, 0x3F, 0x03, 0xF0, 0x3F, 0x1F, 0x71,
    0xF0, 0x0E, 0x00, 0xDF, 0x80, 0x31, 0x9C, 0xC0, 0x00, 0x13, 0xFE, 0xF3, 0x9C, 0xE3, 0x00, 0x3C,
    0xFF, 0x9E, 0x3E, 0x6F, 0xDF, 0x00, 0x66, 0x39, 0xC7, 0x38, 0xEF, 0x39, 0xCE, 0x77, 0x39, 0xDC,
    0xE6, 0x00, 0x10, 0x18, 0x78, 0x18, 0x78, 0x38, 0x78, 0x70, 0x18, 0x70, 0x18, 0xE0, 0x19, 0xC0,
    0x19, 0xCC, 0x03, 0x9C, 0x07, 0x1E, 0x07, 0x3E, 0x0E, 0x7E, 0x1C, 0x7F, 0x1C, 0x7E, 0x18, 0x0C,
    0x00, 0x00, 0x10, 0x18, 0x78, 0x38, 0x78, 0x38, 0x78, 0x70, 0x18, 0xE0, 0x18, 0xE0, 0x19, 0xC0,
    0x1B, 0x9E, 0x03, 0xBE, 0x07, 0x37, 0x0E, 0x07, 0x0E, 0x0E, 0x1C, 0x1C, 0x38, 0x3E, 0x38, 0x3F,
    0x00, 0x00, 0xF8, 0x19, 0xF0, 0x71, 0xE1, 0xC3, 0x83, 0x8F, 0x8E, 0x03, 0x38, 0x3E, 0x70, 0x7D,
    0xC6, 0x27, 0x1C, 0x0E, 0x78, 0x39, 0xF0, 0xE3, 0xE1, 0xCF, 0xE7, 0x0F, 0xCC, 0x03, 0x00, 0x00,
    0x00, 0x03, 0x80, 0xE0, 0x18, 0x06, 0x01, 0x80, 0x60, 0xF8, 0x7E, 0x1C, 0x0E, 0x03, 0x80, 0xE0,
    0x1C, 0x77, 0xFC, 0xFE, 0x0E, 0x00, 0x08, 0x00, 0x70, 0x00, 0xF0, 0x01, 0xC0, 0x03, 0x00, 0x1C,
    0x00, 0x78, 0x03, 0xE0, 0x0F, 0xC0, 0x77, 0x01, 0xDC, 0x06, 0x38, 0x38, 0xE0, 0xFF, 0xC7, 0xFF,
    0x1F, 0xFC, 0x60, 0x3B, 0x80, 0xEE, 0x01, 0x80, 0x00, 0x00, 0x00, 0x07, 0x00, 0x3C, 0x00, 0xC0,
    0x03, 0x00, 0x1C, 0x00, 0x78, 0x03, 0xE0, 0x0F, 0xC0, 0x77, 0x01, 0xDC, 0x06, 0x38, 0x38, 0xE0,
    0xFF, 0xC7, 0xFF, 0x1F, 0xFC, 0x60, 0x3B, 0x80, 0xEE, 0x01, 0x80, 0x00, 0x02, 0x00, 0x1E, 0x00,
    0xFC, 0x03, 0x30, 0x03, 0x00, 0x1C, 0x00, 0x78, 0x03, 0xE0, 0x0F, 0xC0, 0x77, 0x01, 0xDC, 0x06,
    0x38, 0x38, 0xE0, 0xFF, 0xC7, 0xFF, 0x1F, 0xFC, 0x60, 0x3B, 0x80, 0xEE, 0x01, 0x80, 0x00, 0x0E,
    0x40, 0x7F, 0x81, 0xFC, 0x06, 0x20, 0x03, 0x00, 0x1C, 0x00, 0x78, 0x03, 0xE0, 0x0F, 0xC0, 0x77,
    0x01, 0xDC, 0x06, 0x38, 0x38, 0xE0, 0xFF, 0xC7, 0xFF, 0x1F, 0xFC, 0x60, 0x3B, 0x80, 0xEE, 0x01,
    0x80, 0x00, 0x08, 0x80, 0x77, 0x01, 0xDC, 0x00, 0x00, 0x03, 0x00, 0x1C, 0x00, 0x78, 0x03, 0xE0,
    0x0F, 0xC0, 0x77, 0x01, 0xDC, 0x06, 0x38, 0x38, 0xE0, 0xFF, 0xC7, 0xFF, 0x1F, 0xFC, 0x60, 0x3B,
    0x80, 0xEE, 0x01, 0x80, 0x00, 0x07, 0x00, 0x3E, 0x00, 0xD8, 0x03, 0xE0, 0x07, 0x00, 0x1E, 0x00,
    0xF8, 0x03, 0xF0, 0x1D, 0xC0, 0x77, 0x01, 0x8E, 0x0E, 0x38, 0x3F, 0xF1, 0xFF, 0xC7, 0xFF, 0x18,
    0x0E, 0xE0, 0x3B, 0x80, 0x60, 0x00, 0x00, 0x00, 0x7F, 0xC0, 0x3F, 0xF0, 0x0F, 0xFC, 0x07, 0x80,
    0x03, 0xE0, 0x01, 0xF8, 0x00, 0x7F, 0xF8, 0x3B, 0xFE, 0x1C, 0xFF, 0x87, 0xF8, 0x03, 0xFE, 0x01,
    0xFF, 0x80, 0x70, 0xE0, 0x38, 0x3F, 0xFC, 0x07, 0xFC, 0x00, 0x00, 0x07, 0xE0, 0x7F, 0xCF, 0xFE,
    0x78, 0x27, 0x00, 0x38, 0x01, 0xC0, 0x0E, 0x00, 0x70, 0x03, 0x80, 0x1C, 0x00, 0xF0, 0x03, 0xE3,
    0x8F, 0xFC, 0x3F, 0xC0, 0x70, 0x03, 0x00, 0x38, 0x00, 0x00, 0x10, 0x0E, 0x03, 0xC0, 0x30, 0x7F,
    0xFF, 0xFF, 0xFF, 0x80, 0xE0, 0x38, 0x0F, 0xFB, 0xFE, 0xFF, 0xB8, 0x0E, 0x03, 0x80, 0xE0, 0x3F,
    0xFF, 0xFC, 0x01, 0x00, 0xE0, 0x78, 0x18, 0x7F, 0xFF, 0xFF, 0xFF, 0x80, 0xE0, 0x38, 0x0F, 0xFB,
    0xFE, 0xFF, 0xB8, 0x0E, 0x03, 0x80, 0xE0, 0x3F, 0xFF, 0xFC, 0x04, 0x03, 0x81, 0xF0, 0xEE, 0x7F,
    0xFF, 0xFF, 0xFF, 0x80, 0xE0, 0x38, 0x0F, 0xFB, 0xFE, 0xFF, 0xB8, 0x0E, 0x03, 0x80, 0xE0, 0x3F,
    0xFF, 0xFC, 0x11, 0x0E, 0xE3, 0xB8, 0x00, 0x7F, 0xFF, 0xFF, 0xFF, 0x80, 0xE0, 0x38, 0x0F, 0xFB,
    0xFE, 0xFF, 0xB8, 0x0E, 0x03, 0x80, 0xE0, 0x3F, 0xFF, 0xFC, 0x47, 0x9E, 0x71, 0x9C, 0xE7, 0x39,
    0xCE, 0x73, 0x9C, 0xE7, 0x39, 0xCE, 0x08, 0xE7, 0x98, 0x63, 0x8E, 0x38, 0xE3, 0x8E, 0x38, 0xE3,
    0x8E, 0x38, 0xE3, 0x8E, 0x00, 0x18, 0x79, 0xFB, 0x31, 0x87, 0x0E, 0x1C, 0x38, 0x70, 0xE1, 0xC3,
    0x87, 0x0E, 0x1C, 0x38, 0x70, 0xE0, 0x45, 0xDF, 0xB8, 0x01, 0x87, 0x0E, 0x1C, 0x38, 0x70, 0xE1,
    0xC3, 0x87, 0x0E, 0x1C, 0x38, 0x70, 0xE0, 0x3F, 0xC0, 0xFF, 0xE1, 0xFF, 0xE3, 0x81, 0xC7, 0x01,
    0xCE, 0x03, 0x9E, 0x07, 0x7E, 0x0E, 0xFC, 0x1C, 0xE0, 0x39, 0xC0, 0x73, 0x81, 0xE7, 0x07, 0x8F,
    0xFE, 0x1F, 0xF8, 0x00, 0x0E, 0x40, 0xFF, 0x07, 0xF0, 0x31, 0x06, 0x01, 0xF8, 0x1F, 0xC0, 0xFF,
    0x07, 0xFC, 0x3F, 0xF1, 0xFB, 0x8F, 0xCE, 0x7E, 0x7B, 0xF1, 0xFF, 0x87, 0xFC, 0x1F, 0xE0, 0x7F,
    0x03, 0xF8, 0x0E, 0x04, 0x00, 0x1E, 0x00, 0x1E, 0x00, 0x1C, 0x00, 0x7E, 0x03, 0xFF, 0x0F, 0xFF,
    0x1C, 0x1E, 0x70, 0x1E, 0xE0, 0x1D, 0xC0, 0x3B, 0x80, 0x77, 0x00, 0xEE, 0x01, 0xDC, 0x03, 0xBC,
    0x0E, 0x3C, 0x7C, 0x3F, 0xF0, 0x3F, 0xC0, 0x0C, 0x00, 0x00, 0x20, 0x01, 0xC0, 0x07, 0x80, 0x0E,
    0x00, 0x7E, 0x03, 0xFF, 0x0F, 0xFF, 0x1C, 0x1E, 0x70, 0x1E, 0xE0, 0x1D, 0xC0, 0x3B, 0x80, 0x77,
    0x00, 0xEE, 0x01, 0xDC, 0x03, 0xBC, 0x0E, 0x3C, 0x7C, 0x3F, 0xF0, 0x3F, 0xC0, 0x0C, 0x00, 0x01,
    0x80, 0x07, 0x80, 0x1F, 0x80, 0x33, 0x00, 0x7E, 0x03, 0xFF, 0x0F, 0xFF, 0x1C, 0x1E, 0x70, 0x1E,
    0xE0, 0x1D, 0xC0, 0x3B, 0x80, 0x77, 0x00, 0xEE, 0x01, 0xDC, 0x03, 0xBC, 0x0E, 0x3C, 0x7C, 0x3F,
    0xF0, 0x3F, 0xC0, 0x0C, 0x00, 0x07, 0x30, 0x1F, 0xE0, 0x37, 0xC0, 0x63, 0x00, 0x7E, 0x03, 0xFF,
    0x0F, 0xFF, 0x1C, 0x1E, 0x70, 0x1E, 0xE0, 0x1D, 0xC0, 0x3B, 0x80, 0x77, 0x00, 0xEE, 0x01, 0xDC,
    0x03, 0xBC, 0x0E, 0x3C, 0x7C, 0x3F, 0xF0, 0x3F, 0xC0, 0x0C, 0x00, 0x04, 0x40, 0x1D, 0xC0, 0x1B,
    0x80, 0x00, 0x00, 0x7E, 0x03, 0xFF, 0x0F, 0xFF, 0x1C, 0x1E, 0x70, 0x1E, 0xE0, 0x1D, 0xC0, 0x3B,
    0x80, 0x77, 0x00, 0xEE, 0x01, 0xDC, 0x03, 0xBC, 0x0E, 0x3C, 0x7C, 0x3F, 0xF0, 0x3F, 0xC0, 0x0C,
    0x00, 0xC3, 0x73, 0x9F, 0xC7, 0xC3, 0xC3, 0xF3, 0xFD, 0xCE, 0x00, 0x00, 0x00, 0x06, 0x0F, 0xDC,
    0x7F, 0xF1, 0xFF, 0xE3, 0x83, 0xCE, 0x0F, 0xDC, 0x3B, 0xB8, 0xE7, 0x73, 0xCE, 0xE7, 0x1D, 0xDC,
    0x3B, 0xF0, 0x77, 0xC1, 0xC7, 0x8F, 0x9F, 0xFE, 0x3F, 0xF8, 0x61, 0x80, 0x08, 0x00, 0xE0, 0x07,
    0x80, 0x0C, 0x06, 0x03, 0x70, 0x1B, 0x80, 0xDC, 0x06, 0xE0, 0x37, 0x01, 0xB8, 0x0D, 0xC0, 0x6E,
    0x03, 0x70, 0x1B, 0x80, 0xCE, 0x0E, 0x79, 0xF1, 0xFF, 0x07, 0xF0, 0x00, 0x00, 0x00, 0x80, 0x0E,
    0x00, 0xF0, 0x0E, 0x06, 0x03, 0x70, 0x1B, 0x80, 0xDC, 0x06, 0xE0, 0x37, 0x01, 0xB8, 0x0D, 0xC0,
    0x6E, 0x03, 0x70, 0x1B, 0x80, 0xCE, 0x0E, 0x79, 0xF1, 0xFF, 0x07, 0xF0, 0x00, 0x00, 0x02, 0x00,
    0x78, 0x03, 0xE0, 0x33, 0x86, 0x03, 0x70, 0x1B, 0x80, 0xDC, 0x06, 0xE0, 0x37, 0x01, 0xB8, 0x0D,
    0xC0, 0x6E, 0x03, 0x70, 0x1B, 0x80, 0xCE, 0x0E, 0x79, 0xF1, 0xFF, 0x07, 0xF0, 0x00, 0x00, 0x08,
    0x80, 0xEE, 0x07, 0x70, 0x00, 0x06, 0x03, 0x70, 0x1B, 0x80, 0xDC, 0x06, 0xE0, 0x37, 0x01, 0xB8,
    0x0D, 0xC0, 0x6E, 0x03, 0x70, 0x1B, 0x80, 0xCE, 0x0E, 0x79, 0xF1, 0xFF, 0x07, 0xF0, 0x00, 0x00,
    0x00, 0x80, 0x3C, 0x07, 0x80, 0x70, 0xC0, 0x3E, 0x07, 0xF0, 0xF7, 0x8E, 0x39, 0xC1, 0xFC, 0x1F,
    0x80, 0xF0, 0x07, 0x00, 0x70, 0x07, 0x00, 0x70, 0x07, 0x00, 0x70, 0x06, 0x00, 0x60, 0x1C, 0x03,
    0x80, 0x7F, 0x8F, 0xFD, 0xFF, 0xB8, 0x3F, 0x07, 0xE0, 0xFC, 0x1F, 0xFF, 0x7F, 0xEF, 0xF1, 0xC0,
    0x38, 0x07, 0x00, 0x03, 0x00, 0x7E, 0x07, 0xF8, 0x78, 0xE3, 0x87, 0x3C, 0x73, 0xE7, 0x0F, 0x3C,
    0x39, 0xF1, 0xC3, 0xCE, 0x0E, 0x70, 0x73, 0x83, 0x9D, 0x1C, 0xFF, 0xC7, 0xFC, 0x01, 0x80, 0x1C,
    0x01, 0xE0, 0x0E, 0x00, 0x60, 0x1F, 0xF3, 0xFF, 0x78, 0xF7, 0x07, 0x60, 0x76, 0x07, 0x60, 0x77,
    0x07, 0x78, 0xF3, 0xFF, 0x1F, 0xF0, 0x60, 0x01, 0x80, 0x38, 0x03, 0x80, 0x70, 0x06, 0x01, 0xFF,
    0x3F, 0xF7, 0x8F, 0x70, 0x76, 0x07, 0x60, 0x76, 0x07, 0x70, 0x77, 0x8F, 0x3F, 0xF1, 0xFF, 0x06,
    0x00, 0x06, 0x00, 0xF0, 0x0F, 0x81, 0x98, 0x06, 0x01, 0xFF, 0x3F, 0xF7, 0x8F, 0x70, 0x76, 0x07,
    0x60, 0x76, 0x07, 0x70, 0x77, 0x8F, 0x3F, 0xF1, 0xFF, 0x06, 0x00, 0x0C, 0x41, 0xEC, 0x3F, 0xC1,
    0x38, 0x06, 0x01, 0xFF, 0x3F, 0xF7, 0x8F, 0x70, 0x76, 0x07, 0x60, 0x76, 0x07, 0x70, 0x77, 0x8F,
    0x3F, 0xF1, 0xFF, 0x06, 0x00, 0x1D, 0xC1, 0xDC, 0x19, 0x80, 0x60, 0x1F, 0xF3, 0xFF, 0x78, 0xF7,
    0x07, 0x60, 0x76, 0x07, 0x60, 0x77, 0x07, 0x78, 0xF3, 0xFF, 0x1F, 0xF0, 0x60, 0x02, 0x00, 0xF0,
    0x0D, 0x80, 0xD8, 0x0F, 0x00, 0x60, 0x1F, 0xF3, 0xFF, 0x78, 0xF7, 0x07, 0x60, 0x76, 0x07, 0x60,
    0x77, 0x07, 0x78, 0xF3, 0xFF, 0x1F, 0xF0, 0x60, 0x06, 0x0C, 0x07, 0xF7, 0xE1, 0xFF, 0xFE, 0x38,
    0xF8, 0xE6, 0x0E, 0x1C, 0x3F, 0xFF, 0xDF, 0xFF, 0xF3, 0xC7, 0x00, 0x60, 0xE0, 0x0E, 0x3E, 0x39,
    0xFF, 0xFF, 0x1F, 0x9F, 0xC0, 0xC0, 0x40, 0x06, 0x03, 0xF8, 0xFF, 0x3C, 0x67, 0x00, 0xC0, 0x18,
    0x03, 0x00, 0x70, 0x0F, 0x18, 0xFF, 0x8F, 0xE0, 0x60, 0x1C, 0x03, 0x00, 0x00, 0x1C, 0x01, 0xE0,
    0x0E, 0x00, 0x60, 0x1F, 0x83, 0xFC, 0x78, 0xE7, 0x0E, 0x7F, 0xF7, 0xFE, 0x60, 0x07, 0x00, 0x78,
    0xE3, 0xFE, 0x1F, 0xC0, 0x20, 0x01, 0x80, 0x38, 0x07, 0x00, 0x60, 0x06, 0x01, 0xF8, 0x3F, 0xC7,
    0x8E, 0x70, 0xE7, 0xFF, 0x7F, 0xE6, 0x00, 0x70, 0x07, 0x8E, 0x3F, 0xE1, 0xFC, 0x02, 0x00, 0x06,
    0x00, 0xF0, 0x1F, 0x81, 0x98, 0x06, 0x01, 0xF8, 0x3F, 0xC7, 0x8E, 0x70, 0xE7, 0xFF, 0x7F, 0xE6,
    0x00, 0x70, 0x07, 0x8E, 0x3F, 0xE1, 0xFC, 0x02, 0x00, 0x19, 0x81, 0xDC, 0x19, 0x80, 0x60, 0x1F,
    0x83, 0xFC, 0x78, 0xE7, 0x0E, 0x7F, 0xF7, 0xFE, 0x60, 0x07, 0x00, 0x78, 0xE3, 0xFE, 0x1F, 0xC0,
    0x20, 0xE7, 0x9C, 0x23, 0x9C, 0xE7, 0x39, 0xCE, 0x73, 0x9C, 0xE0, 0x33, 0x9C, 0xC0, 0x73, 0x9C,
    0xE7, 0x39, 0xCE, 0x73, 0x9C, 0x30, 0xF1, 0xF6, 0x20, 0x07, 0x0E, 0x1C, 0x38, 0x70, 0xE1, 0xC3,
    0x87, 0x0E, 0x1C, 0xEF, 0xDF, 0xB0, 0x03, 0x87, 0x0E, 0x1C, 0x38, 0x70, 0xE1, 0xC3, 0x87, 0x0E,
    0x00, 0x0C, 0x01, 0xF0, 0x0F, 0xE1, 0xFC, 0x1F, 0xC1, 0xFE, 0x3F, 0xE7, 0xDE, 0x70, 0xE7, 0x07,
    0x60, 0x76, 0x06, 0x70, 0xE7, 0x9E, 0x3F, 0xC1, 0xF8, 0x06, 0x00, 0x18, 0x8F, 0xE7, 0xF8, 0xCE,
    0x06, 0x3F, 0xEF, 0xFF, 0xC7, 0xE1, 0xF8, 0x7E, 0x1F, 0x87, 0xE1, 0xF8, 0x7E, 0x1F, 0x83, 0x1C,
    0x01, 0xE0, 0x0F, 0x00, 0x20, 0x1F, 0xC3, 0xFE, 0x78, 0xF7, 0x07, 0x60, 0x76, 0x07, 0x60, 0x77,
    0x07, 0x78, 0xF3, 0xFE, 0x1F, 0xC0, 0x20, 0x01, 0x80, 0x38, 0x03, 0x80, 0x30, 0x02, 0x01, 0xFC,
    0x3F, 0xE7, 0x8F, 0x70, 0x76, 0x07, 0x60, 0x76, 0x07, 0x70, 0x77, 0x8F, 0x3F, 0xE1, 0xFC, 0x02,
    0x00, 0x03, 0x00, 0xF0, 0x0F, 0x80, 0x88, 0x02, 0x01, 0xFC, 0x3F, 0xE7, 0x8F, 0x70, 0x76, 0x07,
    0x60, 0x76, 0x07, 0x70, 0x77, 0x8F, 0x3F, 0xE1, 0xFC, 0x02, 0x00, 0x0C, 0x41, 0xFC, 0x3F, 0xC1,
    0x9C, 0x02, 0x01, 0xFC, 0x3F, 0xE7, 0x8F, 0x70, 0x76, 0x07, 0x60, 0x76, 0x07, 0x70, 0x77, 0x8F,
    0x3F, 0xE1, 0xFC, 0x02, 0x00, 0x1D, 0xC1, 0xDC, 0x1D, 0xC0, 0x20, 0x1F, 0xC3, 0xFE, 0x78, 0xF7,
    0x07, 0x60, 0x76, 0x07, 0x60, 0x77, 0x07, 0x78, 0xF3, 0xFE, 0x1F, 0xC0, 0x20, 0x0E, 0x03, 0xC0,
    0x38, 0x00, 0x0F, 0xFF, 0xFF, 0xC0, 0x00, 0x60, 0x0E, 0x01, 0xC0, 0x10, 0x00, 0x02, 0x31, 0xFF,
    0x3F, 0xE7, 0x9F, 0x73, 0xF6, 0x3F, 0x67, 0x76, 0xE7, 0x7C, 0x77, 0x8F, 0x7F, 0xE7, 0xFC, 0x62,
    0x00, 0x38, 0x0F, 0x01, 0xC0, 0x00, 0xE1, 0xF8, 0x7E, 0x1F, 0x87, 0xE1, 0xF8, 0x7E, 0x1F, 0x87,
    0xF3, 0xDF, 0xE3, 0xF0, 0x30, 0x03, 0x01, 0xC0, 0xE0, 0x30, 0x00, 0x38, 0x7E, 0x1F, 0x87, 0xE1,
    0xF8, 0x7E, 0x1F, 0x87, 0xE1, 0xFC, 0xF7, 0xF8, 0xFC, 0x0C, 0x00, 0x0C, 0x07, 0x83, 0xF0, 0xCC,
    0x00, 0x38, 0x7E, 0x1F, 0x87, 0xE1, 0xF8, 0x7E, 0x1F, 0x87, 0xE1, 0xFC, 0xF7, 0xF8, 0xFC, 0x0C,
    0x00, 0x33, 0x0E, 0xE3, 0x30, 0x00, 0xE1, 0xF8, 0x7E, 0x1F, 0x87, 0xE1, 0xF8, 0x7E, 0x1F, 0x87,
    0xF3, 0xDF, 0xE3, 0xF0, 0x30, 0x03, 0x01, 0xC0, 0xE0, 0x30, 0x00, 0x38, 0x7E, 0x1F, 0x87, 0xE1,
    0xF8, 0x7E, 0x1F, 0x87, 0xE1, 0xFC, 0xF7, 0xFD, 0xFF, 0x19, 0xD8, 0xF7, 0xF9, 0xFC, 0x08, 0x00,
    0x40, 0x0E, 0x00, 0xE0, 0x0E, 0x00, 0xE0, 0x0F, 0xF8, 0xFF, 0xCF, 0x1E, 0xE0, 0xEE, 0x06, 0xE0,
    0x6E, 0x06, 0xE0, 0xEF, 0x1E, 0xFF, 0xCF, 0xF8, 0xE6, 0x0E, 0x00, 0xE0, 0x0E, 0x00, 0x40, 0x00,
    0x33, 0x0E, 0xE3, 0x30, 0x00, 0xE1, 0xF8, 0x7E, 0x1F, 0x87, 0xE1, 0xF8, 0x7E, 0x1F, 0x87, 0xF3,
    0xDF, 0xF7, 0xFC, 0x67, 0x63, 0xDF, 0xE7, 0xF0, 0x20, 0x0F, 0xC0, 0x7F, 0x81, 0xFC, 0x00, 0xC0,
    0x07, 0x00, 0x1E, 0x00, 0xF8, 0x03, 0xF0, 0x1D, 0xC0, 0x77, 0x01, 0x8E, 0x0E, 0x38, 0x3F, 0xF1,
    0xFF, 0xC7, 0xFF, 0x18, 0x0E, 0xE0, 0x3B, 0x80, 0x60, 0x00, 0x00, 0x1F, 0xC1, 0xFC, 0x06, 0x01,
    0xFF, 0x3F, 0xF7, 0x8F, 0x70, 0x76, 0x07, 0x60, 0x76, 0x07, 0x70, 0x77, 0x8F, 0x3F, 0xF1, 0xFF,
    0x06, 0x00, 0x18, 0xC0, 0x7F, 0x00, 0xF8, 0x00, 0x00, 0x03, 0x00, 0x1C, 0x00, 0x78, 0x03, 0xE0,
    0x0F, 0xC0, 0x77, 0x01, 0xDC, 0x06, 0x38, 0x38, 0xE0, 0xFF, 0xC7, 0xFF, 0x1F, 0xFC, 0x60, 0x3B,
    0x80, 0xEE, 0x01, 0x80, 0x00, 0x18, 0xC1, 0xFC, 0x1F, 0x80, 0x70, 0x1F, 0xF3, 0xFF, 0x78, 0xF7,
    0x07, 0x60, 0x76, 0x07, 0x60, 0x77, 0x07, 0x78, 0xF3, 0xFF, 0x1F, 0xF0, 0x60, 0x03, 0x00, 0x1C,
    0x00, 0x78, 0x03, 0xE0, 0x0F, 0xC0, 0x77, 0x01, 0xDC, 0x06, 0x38, 0x38, 0xE0, 0xFF, 0xC7, 0xFF,
    0x1F, 0xFC, 0x60, 0x3B, 0x80, 0xEE, 0x03, 0x80, 0x1C, 0x00, 0x60, 0x01, 0xF0, 0x07, 0x80, 0x04,
    0x06, 0x01, 0xFF, 0x3F, 0xF7, 0x8F, 0x70, 0x76, 0x07, 0x60, 0x76, 0x07, 0x70, 0x77, 0x8F, 0x3F,
    0xF1, 0xFF, 0x07, 0xE0, 0x18, 0x01, 0xF0, 0x1F, 0x00, 0xE0, 0x00, 0x20, 0x07, 0x00, 0x78, 0x03,
    0x00, 0x7E, 0x07, 0xFC, 0xFF, 0xE7, 0x82, 0x70, 0x03, 0x80, 0x1C, 0x00, 0xE0, 0x07, 0x00, 0x38,
    0x01, 0xC0, 0x0F, 0x00, 0x3E, 0x38, 0xFF, 0xC3, 0xFC, 0x03, 0x00, 0x01, 0x80, 0x70, 0x0C, 0x03,
    0x80, 0x60, 0x3F, 0x8F, 0xF3, 0xC6, 0x70, 0x0C, 0x01, 0x80, 0x30, 0x07, 0x00, 0xF1, 0x8F, 0xF8,
    0xFE, 0x06, 0x00, 0x01, 0x00, 0x1E, 0x01, 0xF8, 0x0C, 0xC0, 0x7E, 0x07, 0xFC, 0xFF, 0xE7, 0x82,
    0x70, 0x03, 0x80, 0x1C, 0x00, 0xE0, 0x07, 0x00, 0x38, 0x01, 0xC0, 0x0F, 0x00, 0x3E, 0x38, 0xFF,
    0xC3, 0xFC, 0x03, 0x00, 0x06, 0x01, 0xE0, 0x3E, 0x0C, 0xC0, 0x60, 0x3F, 0x8F, 0xF3, 0xC6, 0x70,
    0x0C, 0x01, 0x80, 0x30, 0x07, 0x00, 0xF1, 0x8F, 0xF8, 0xFE, 0x06, 0x00, 0x03, 0x80, 0x1C, 0x00,
    0x60, 0x0F, 0xC0, 0xFF, 0x9F, 0xFC, 0xF0, 0x4E, 0x00, 0x70, 0x03, 0x80, 0x1C, 0x00, 0xE0, 0x07,
    0x00, 0x38, 0x01, 0xE0, 0x07, 0xC7, 0x1F, 0xF8, 0x7F, 0x80, 0x60, 0x07, 0x00, 0xE0, 0x1C, 0x03,
    0x01, 0xFC, 0x7F, 0x9E, 0x33, 0x80, 0x60, 0x0C, 0x01, 0x80, 0x38, 0x07, 0x8C, 0x7F, 0xC7, 0xF0,
    0x30, 0x04, 0x60, 0x3F, 0x01, 0xF0, 0x07, 0x00, 0x7E, 0x07, 0xFC, 0xFF, 0xE7, 0x82, 0x70, 0x03,
    0x80, 0x1C, 0x00, 0xE0, 0x07, 0x00, 0x38, 0x01, 0xC0, 0x0F, 0x00, 0x3E, 0x38, 0xFF, 0xC3, 0xFC,
    0x03, 0x00, 0x00, 0x83, 0xB0, 0x3E, 0x03, 0x80, 0x60, 0x3F, 0x8F, 0xF3, 0xC6, 0x70, 0x0C, 0x01,
    0x80, 0x30, 0x07, 0x00, 0xF1, 0x8F, 0xF8, 0xFE, 0x06, 0x00, 0x11, 0x00, 0xFE, 0x01, 0xF0, 0x03,
    0x80, 0x7F, 0x83, 0xFF, 0x8F, 0xFF, 0x38, 0x1C, 0xE0, 0x3B, 0x80, 0xEE, 0x03, 0xB8, 0x0E, 0xE0,
    0x3B, 0x80, 0xEE, 0x03, 0xB8, 0x1E, 0xE0, 0xF3, 0xFF, 0x8F, 0xFC, 0x00, 0x00, 0x26, 0x00, 0x7F,
    0x00, 0x7F, 0x00, 0x77, 0x06, 0x7E, 0x1F, 0xF0, 0x3F, 0xF0, 0x78, 0xF0, 0x70, 0x70, 0x60, 0x70,
    0x60, 0x70, 0x60, 0x70, 0x70, 0x70, 0x78, 0xF0, 0x3F, 0xF0, 0x1F, 0xF0, 0x06, 0x00, 0x3F, 0xC0,
    0xFF, 0xE1, 0xFF, 0xE3, 0x81, 0xC7, 0x01, 0xCE, 0x03, 0x9E, 0x07, 0x7E, 0x0E, 0xFC, 0x1C, 0xE0,
    0x39, 0xC0, 0x73, 0x81, 0xE7, 0x07, 0x8F, 0xFE, 0x1F, 0xF8, 0x00, 0x00, 0x20, 0x07, 0x80, 0x7E,
    0x03, 0xF0, 0x67, 0x0F, 0xF8, 0xFF, 0xCF, 0x1E, 0x70, 0x73, 0x03, 0x98, 0x1C, 0xC0, 0xE7, 0x07,
    0x3C, 0x78, 0xFF, 0xC3, 0xFE, 0x06, 0x00, 0x3F, 0x0F, 0xE3, 0xF9, 0xFF, 0xFF, 0xFF, 0xFE, 0x03,
    0x80, 0xE0, 0x3F, 0xEF, 0xFB, 0xFE, 0xE0, 0x38, 0x0E, 0x03, 0x80, 0xFF, 0xFF, 0xF0, 0x3F, 0xC1,
    0xFC, 0x06, 0x01, 0xF8, 0x3F, 0xC7, 0x8E, 0x70, 0xE7, 0xFF, 0x7F, 0xE6, 0x00, 0x70, 0x07, 0x8E,
    0x3F, 0xE1, 0xFC, 0x02, 0x00, 0x31, 0x8F, 0xE1, 0xF0, 0x00, 0x7F, 0xFF, 0xFF, 0xFF, 0x80, 0xE0,
    0x38, 0x0F, 0xFB, 0xFE, 0xFF, 0xB8, 0x0E, 0x03, 0x80, 0xE0, 0x3F, 0xFF, 0xFC, 0x19, 0x81, 0xF8,
    0x1F, 0x80, 0x60, 0x1F, 0x83, 0xFC, 0x78, 0xE7, 0x0E, 0x7F, 0xF7, 0xFE, 0x60, 0x07, 0x00, 0x78,
    0xE3, 0xFE, 0x1F, 0xC0, 0x20, 0x0E, 0x03, 0x80, 0xC1, 0xFF, 0xFF, 0xFF, 0xFE, 0x03, 0x80, 0xE0,
    0x3F, 0xEF, 0xFB, 0xFE, 0xE0, 0x38, 0x0E, 0x03, 0x80, 0xFF, 0xFF, 0xF0, 0x06, 0x00, 0x70, 0x06,
    0x00, 0x60, 0x1F, 0x83, 0xFC, 0x78, 0xE7, 0x0E, 0x7F, 0xF7, 0xFE, 0x60, 0x07, 0x00, 0x78, 0xE3,
    0xFE, 0x1F, 0xC0, 0x20, 0x7F, 0xFF, 0xFF, 0xFF, 0x80, 0xE0, 0x38, 0x0F, 0xFB, 0xFE, 0xFF, 0xB8,
    0x0E, 0x03, 0x80, 0xE0, 0x3F, 0xFF, 0xFC, 0x1E, 0x06, 0x01, 0xF0, 0x7C, 0x04, 0x06, 0x01, 0xF8,
    0x3F, 0xC7, 0x8E, 0x70, 0xE7, 0xFF, 0x7F, 0xE6, 0x00, 0x70, 0x07, 0x8E, 0x3F, 0xE1, 0xFC, 0x03,
    0x80, 0x38, 0x03, 0xE0, 0x3E, 0x00, 0x80, 0x11, 0x0F, 0xE1, 0xF0, 0x38, 0x7F, 0xFF, 0xFF, 0xFF,
    0x80, 0xE0, 0x38, 0x0F, 0xFB, 0xFE, 0xFF, 0xB8, 0x0E, 0x03, 0x80, 0xE0, 0x3F, 0xFF, 0xFC, 0x00,
    0x01, 0xF8, 0x0F, 0x00, 0xF0, 0x06, 0x01, 0xF8, 0x3F, 0xC7, 0x8E, 0x70, 0xE7, 0xFF, 0x7F, 0xE6,
    0x00, 0x70, 0x07, 0x8E, 0x3F, 0xE1, 0xFC, 0x02, 0x00, 0x01, 0x80, 0x0F, 0x00, 0x7E, 0x01, 0x98,
    0x07, 0xF0, 0x3F, 0xE1, 0xFF, 0x8F, 0x00, 0x78, 0x01, 0xC0, 0x07, 0x00, 0x1C, 0x3F, 0x71, 0xFD,
    0xC3, 0xF7, 0x01, 0xCE, 0x07, 0x3E, 0x3C, 0x7F, 0xF0, 0xFF, 0x80, 0x70, 0x03, 0x00, 0x78, 0x0F,
    0xC0, 0xCC, 0x06, 0x01, 0xFF, 0x3F, 0xF7, 0x8F, 0x70, 0x76, 0x07, 0x60, 0x76, 0x07, 0x70, 0x77,
    0x8F, 0x3F, 0xF1, 0xFF, 0x06, 0x73, 0x8F, 0x3F, 0xE1, 0xFC, 0x02, 0x00, 0x0E, 0x70, 0x1F, 0x80,
    0x3E, 0x00, 0x00, 0x07, 0xF0, 0x3F, 0xE1, 0xFF, 0x8F, 0x00, 0x78, 0x01, 0xC0, 0x07, 0x00, 0x1C,
    0x3F, 0x71, 0xFD, 0xC3, 0xF7, 0x01, 0xCE, 0x07, 0x3E, 0x3C, 0x7F, 0xF0, 0xFF, 0x80, 0x70, 0x18,
    0xC1, 0xFC, 0x0F, 0x80, 0x70, 0x1F, 0xF3, 0xFF, 0x78, 0xF7, 0x07, 0x60, 0x76, 0x07, 0x60, 0x77,
    0x07, 0x78, 0xF3, 0xFF, 0x1F, 0xF0, 0x67, 0x38, 0xF3, 0xFE, 0x1F, 0xC0, 0x20, 0x01, 0x80, 0x07,
    0x00, 0x18, 0x01, 0xFC, 0x0F, 0xF8, 0x7F, 0xE3, 0xC0, 0x1E, 0x00, 0x70, 0x01, 0xC0, 0x07, 0x0F,
    0xDC, 0x7F, 0x70, 0xFD, 0xC0, 0x73, 0x81, 0xCF, 0x8F, 0x1F, 0xFC, 0x3F, 0xE0, 0x1C, 0x00, 0x07,
    0x00, 0x70, 0x07, 0x00, 0x60, 0x1F, 0xF3, 0xFF, 0x78, 0xF7, 0x07, 0x60, 0x76, 0x07, 0x60, 0x77,
    0x07, 0x78, 0xF3, 0xFF, 0x1F, 0xF0, 0x67, 0x38, 0xF3, 0xFE, 0x1F, 0xC0, 0x20, 0x07, 0xF0, 0x3F,
    0xE1, 0xFF, 0x8F, 0x00, 0x78, 0x01, 0xC0, 0x07, 0x00, 0x1C, 0x3F, 0x71, 0xFD, 0xC3, 0xF7, 0x01,
    0xCE, 0x07, 0x3E, 0x3C, 0x7F, 0xF0, 0xFF, 0x80, 0x70, 0x01, 0xC0, 0x07, 0x00, 0x1C, 0x00, 0x00,
    0x03, 0x00, 0x70, 0x06, 0x00, 0x78, 0x07, 0x00, 0x60, 0x1F, 0xF3, 0xFF, 0x78, 0xF7, 0x07, 0x60,
    0x76, 0x07, 0x60, 0x77, 0x07, 0x78, 0xF3, 0xFF, 0x1F, 0xF0, 0x67, 0x38, 0xF3, 0xFE, 0x1F, 0xC0,
    0x20, 0x02, 0x00, 0x38, 0x03, 0xE0, 0x3B, 0x86, 0x03, 0x70, 0x1F, 0x80, 0xFC, 0x07, 0xE0, 0x3F,
    0x01, 0xFF, 0xFF, 0xFF, 0xFF, 0xFF, 0xF0, 0x1F, 0x80, 0xFC, 0x07, 0xE0, 0x3F, 0x01, 0xF8, 0x0E,
    0x10, 0x03, 0x80, 0x7C, 0x0E, 0xE0, 0x10, 0x03, 0x80, 0x38, 0x03, 0x80, 0x38, 0x03, 0xFE, 0x3F,
    0xE3, 0xC7, 0x38, 0x73, 0x87, 0x38, 0x73, 0x87, 0x38, 0x73, 0x87, 0x38, 0x73, 0x87, 0x30, 0x18,
    0xE0, 0x39, 0xC0, 0x77, 0xFF, 0xFF, 0xFF, 0xEE, 0x03, 0x9F, 0xFF, 0x3F, 0xFE, 0x7F, 0xFC, 0xE0,
    0x39, 0xC0, 0x73, 0x80, 0xE7, 0x01, 0xCE, 0x03, 0x9C, 0x06, 0x00, 0x10, 0x03, 0x80, 0x3C, 0x07,
    0xE0, 0x7E, 0x03, 0xFE, 0x3F, 0xE3, 0xC7, 0x38, 0x73, 0x87, 0x38, 0x73, 0x87, 0x38, 0x73, 0x87,
    0x38, 0x73, 0x87, 0x73, 0xFF, 0xDF, 0xC4, 0x18, 0x38, 0x38, 0x38, 0x38, 0x38, 0x38, 0x38, 0x38,
    0x38, 0x38, 0x38, 0x38, 0x38, 0x38, 0x31, 0x3D, 0xBF, 0xCD, 0xE0, 0x00, 0xE0, 0x70, 0x38, 0x1C,
    0x0E, 0x07, 0x03, 0x81, 0xC0, 0xE0, 0x70, 0x38, 0x7E, 0xFF, 0x7E, 0x18, 0x38, 0x38, 0x38, 0x38,
    0x38, 0x38, 0x38, 0x38, 0x38, 0x38, 0x38, 0x38, 0x38, 0x38, 0x7F, 0x7F, 0x00, 0x1C, 0x1C, 0x1C,
    0x1C, 0x1C, 0x1C, 0x1C, 0x1C, 0x1C, 0x1C, 0x1C, 0xE6, 0x7E, 0x7C, 0x00, 0x18, 0x38, 0x38, 0x38,
    0x38, 0x38, 0x38, 0x38, 0x38, 0x38, 0x38, 0x38, 0x38, 0x38, 0x38, 0xC7, 0xFD, 0xF1, 0xC3, 0x87,
    0x0E, 0x1C, 0x38, 0x70, 0xE1, 0xC3, 0x87, 0x0E, 0x00, 0x18, 0xE3, 0x8E, 0x38, 0xE3, 0x8E, 0x38,
    0xE3, 0x8E, 0x38, 0xE3, 0x9C, 0xE3, 0xE7, 0x80, 0x38, 0xE3, 0x80, 0x38, 0xE3, 0x8E, 0x38, 0xE3,
    0x8E, 0x38, 0xE3, 0x9C, 0xE3, 0xE7, 0x88, 0xFD, 0xBF, 0xFF, 0xFF, 0xFF, 0xFF, 0xFC, 0x1F, 0xFF,
    0xFF, 0xFF, 0xF0, 0x60, 0xD8, 0x7E, 0x1F, 0x87, 0xE1, 0xF8, 0x7E, 0x1F, 0x87, 0x61, 0xD8, 0x70,
    0x1D, 0x87, 0xF3, 0xDF, 0xE3, 0xF0, 0x30, 0xE6, 0xE7, 0xE6, 0x00, 0xE6, 0xE7, 0xE7, 0xE7, 0xE7,
    0xE7, 0xE7, 0xE7, 0xE7, 0xE7, 0xE7, 0x06, 0x0E, 0x1E, 0x1C, 0x00, 0x01, 0x80, 0x78, 0x1F, 0x83,
    0x30, 0x18, 0x07, 0x00, 0xE0, 0x1C, 0x03, 0x80, 0x70, 0x0E, 0x01, 0xC0, 0x38, 0x07, 0x00, 0xE6,
    0x1C, 0xE7, 0x9F, 0xE1, 0xF8, 0x0C, 0x00, 0x18, 0x79, 0xFB, 0x30, 0x03, 0x0E, 0x1C, 0x38, 0x70,
    0xE1, 0xC3, 0x87, 0x0E, 0x1C, 0x38, 0x73, 0xE7, 0x80, 0x00, 0x60, 0x37, 0x03, 0xB8, 0x3D, 0xC3,
    0xCE, 0x3C, 0x73, 0x83, 0xB8, 0x1F, 0xE0, 0xFF, 0x87, 0x9C, 0x38, 0xF1, 0xC3, 0xCE, 0x0F, 0x70,
    0x3B, 0x80, 0xC0, 0xC0, 0x0F, 0x00, 0x38, 0x03, 0x80, 0x00, 0x00, 0x40, 0x38, 0x0E, 0x03, 0x80,
    0xE0, 0x38, 0x7E, 0x3F, 0x9E, 0xEF, 0x3F, 0x8F, 0xE3, 0xF8, 0xE7, 0x39, 0xEE, 0x3F, 0x87, 0x00,
    0x07, 0x01, 0xE0, 0x38, 0x1C, 0x06, 0x00, 0xE1, 0xF8, 0xFE, 0x7B, 0xBC, 0xFE, 0x3F, 0x8F, 0xE3,
    0x9C, 0xE7, 0xB8, 0xFE, 0x1C, 0x10, 0x0E, 0x07, 0x81, 0x80, 0x60, 0x38, 0x0E, 0x03, 0x80, 0xE0,
    0x38, 0x0E, 0x03, 0x80, 0xE0, 0x38, 0x0E, 0x03, 0x80, 0xE0, 0x3F, 0xFF, 0xFC, 0x11, 0xDE, 0xC4,
    0x73, 0x9C, 0xE7, 0x39, 0xCE, 0x73, 0x9C, 0xE7, 0x39, 0xC0, 0x60, 0x38, 0x0E, 0x03, 0x80, 0xE0,
    0x38, 0x0E, 0x03, 0x80, 0xE0, 0x38, 0x0E, 0x03, 0x80, 0xE0, 0x3F, 0xFF, 0xFC, 0x30, 0x1E, 0x03,
    0x81, 0xC0, 0x00, 0x23, 0x9C, 0xE7, 0x39, 0xCE, 0x73, 0x9C, 0xE7, 0x39, 0xCE, 0x03, 0xBC, 0x67,
    0x30, 0x07, 0x19, 0xEE, 0x7B, 0x8C, 0xE7, 0x38, 0x0E, 0x03, 0x80, 0xE0, 0x38, 0x0E, 0x03, 0x80,
    0xE0, 0x38, 0x0F, 0xFF, 0xFF, 0x4D, 0xFF, 0xFF, 0x7F, 0xDC, 0x38, 0x70, 0xE1, 0xC3, 0x87, 0x0E,
    0x1C, 0x38, 0x70, 0x60, 0x38, 0x0E, 0x03, 0x80, 0xE0, 0x38, 0xEE, 0x3B, 0x8E, 0xE0, 0x38, 0x0E,
    0x03, 0x80, 0xE0, 0x3F, 0xFF, 0xFC, 0x41, 0xC3, 0x87, 0x0E, 0x1C, 0x3B, 0xF7, 0xEF, 0xC3, 0x87,
    0x0E, 0x1C, 0x38, 0x70, 0x18, 0x00, 0xC0, 0x06, 0x00, 0x30, 0x01, 0x90, 0x0F, 0xC0, 0xFC, 0x0F,
    0x80, 0x78, 0x00, 0xC0, 0x06, 0x00, 0x30, 0x01, 0xC0, 0x0F, 0xF8, 0x7F, 0xC0, 0x10, 0x70, 0xE1,
    0xC3, 0x87, 0x0F, 0x9F, 0xFD, 0xF0, 0xE1, 0xC3, 0x87, 0x0E, 0x1C, 0x00, 0x80, 0x0E, 0x00, 0xF0,
    0x06, 0x06, 0x01, 0xF8, 0x1F, 0xC0, 0xFF, 0x07, 0xFC, 0x3F, 0xF1, 0xFB, 0x8F, 0xCE, 0x7E, 0x7B,
    0xF1, 0xFF, 0x87, 0xFC, 0x1F, 0xE0, 0x7F, 0x03, 0xF8, 0x0E, 0x03, 0x01, 0xC0, 0x70, 0x18, 0x06,
    0x3F, 0xEF, 0xFF, 0xC7, 0xE1, 0xF8, 0x7E, 0x1F, 0x87, 0xE1, 0xF8, 0x7E, 0x1F, 0x83, 0x60, 0x1F,
    0x81, 0xFC, 0x0F, 0xF0, 0x7F, 0xC3, 0xFF, 0x1F, 0xB8, 0xFC, 0xE7, 0xE7, 0xBF, 0x1F, 0xF8, 0x7F,
    0xC1, 0xFE, 0x07, 0xF0, 0x3F, 0x80, 0xE0, 0x40, 0x07, 0x00, 0x1C, 0x01, 0xC0, 0x00, 0x00, 0x06,
    0x3F, 0xEF, 0xFF, 0xC7, 0xE1, 0xF8, 0x7E, 0x1F, 0x87, 0xE1, 0xF8, 0x7E, 0x1F, 0x83, 0x00, 0x07,
    0x81, 0xE0, 0x38, 0x1C, 0x07, 0x00, 0x08, 0xC0, 0x7E, 0x03, 0xE0, 0x0E, 0x06, 0x01, 0xF8, 0x1F,
    0xC0, 0xFF, 0x07, 0xFC, 0x3F, 0xF1, 0xFB, 0x8F, 0xCE, 0x7E, 0x7B, 0xF1, 0xFF, 0x87, 0xFC, 0x1F,
    0xE0, 0x7F, 0x03, 0xF8, 0x0E, 0x01, 0x0E, 0xC1, 0xF0, 0x38, 0x06, 0x3F, 0xEF, 0xFF, 0xC7, 0xE1,
    0xF8, 0x7E, 0x1F, 0x87, 0xE1, 0xF8, 0x7E, 0x1F, 0x83, 0x60, 0x07, 0x00, 0x38, 0x01, 0xC1, 0x8D,
    0xBF, 0x6F, 0xFA, 0x79, 0xE3, 0x87, 0x1C, 0x38, 0xE1, 0xC7, 0x0E, 0x38, 0x71, 0xC3, 0x8E, 0x1C,
    0x60, 0xE0, 0x60, 0x1F, 0x80, 0xFC, 0x07, 0xF0, 0x3F, 0xC1, 0xFF, 0x0F, 0xBC, 0x7C, 0xE3, 0xE3,
    0x9F, 0x0E, 0xF8, 0x7F, 0xC1, 0xFE, 0x07, 0xF0, 0x1F, 0x80, 0xE0, 0x03, 0x00, 0x38, 0x07, 0xC0,
    0x3C, 0x00, 0x80, 0x06, 0x3F, 0xEF, 0xFF, 0xC7, 0xE1, 0xF8, 0x7E, 0x1F, 0x87, 0xE1, 0xF8, 0x7E,
    0x1F, 0x87, 0x01, 0xC0, 0x70, 0x7C, 0x1E, 0x02, 0x00, 0x07, 0xE0, 0x1F, 0xE0, 0x1F, 0x80, 0x3F,
    0x01, 0xFF, 0x87, 0xFF, 0x8E, 0x0F, 0x38, 0x0F, 0x70, 0x0E, 0xE0, 0x1D, 0xC0, 0x3B, 0x80, 0x77,
    0x00, 0xEE, 0x01, 0xDE, 0x07, 0x1E, 0x3E, 0x1F, 0xF8, 0x1F, 0xE0, 0x06, 0x00, 0x1F, 0xC1, 0xFC,
    0x02, 0x01, 0xFC, 0x3F, 0xE7, 0x8F, 0x70, 0x76, 0x07, 0x60, 0x76, 0x07, 0x70, 0x77, 0x8F, 0x3F,
    0xE1, 0xFC, 0x02, 0x00, 0x0E, 0x60, 0x0F, 0xC0, 0x1F, 0x00, 0x00, 0x00, 0x7E, 0x03, 0xFF, 0x0F,
    0xFF, 0x1C, 0x1E, 0x70, 0x1E, 0xE0, 0x1D, 0xC0, 0x3B, 0x80, 0x77, 0x00, 0xEE, 0x01, 0xDC, 0x03,
    0xBC, 0x0E, 0x3C, 0x7C, 0x3F, 0xF0, 0x3F, 0xC0, 0x0C, 0x00, 0x18, 0xC1, 0xFC, 0x0F, 0x80, 0x70,
    0x1F, 0xC3, 0xFE, 0x78, 0xF7, 0x07, 0x60, 0x76, 0x07, 0x60, 0x77, 0x07, 0x78, 0xF3, 0xFE, 0x1F,
    0xC0, 0x20, 0x03, 0xB0, 0x07, 0xE0, 0x1D, 0xC0, 0x32, 0x00, 0x7E, 0x03, 0xFF, 0x0F, 0xFF, 0x1C,
    0x1E, 0x70, 0x1E, 0xE0, 0x1D, 0xC0, 0x3B, 0x80, 0x77, 0x00, 0xEE, 0x01, 0xDC, 0x03, 0xBC, 0x0E,
    0x3C, 0x7C, 0x3F, 0xF0, 0x3F, 0xC0, 0x0C, 0x00, 0x06, 0x40, 0xEE, 0x0F, 0xC0, 0xD8, 0x02, 0x01,
    0xFC, 0x3F, 0xE7, 0x8F, 0x70, 0x76, 0x07, 0x60, 0x76, 0x07, 0x70, 0x77, 0x8F, 0x3F, 0xE1, 0xFC,
    0x02, 0x00, 0x07, 0xFF, 0xE1, 0xFF, 0xFF, 0x3F, 0xFF, 0xE7, 0x83, 0x80, 0x70, 0x38, 0x07, 0x03,
    0x80, 0x60, 0x3F, 0xC6, 0x03, 0xFE, 0x60, 0x3F, 0xE7, 0x03, 0x80, 0x70, 0x38, 0x07, 0x83, 0x80,
    0x3E, 0x38, 0x01, 0xFF, 0xFF, 0x0F, 0xFF, 0xF0, 0x02, 0x03, 0x00, 0xFE, 0x7E, 0x0F, 0xFF, 0xF8,
    0xF1, 0xF8, 0xE7, 0x07, 0x87, 0x30, 0x3F, 0xFD, 0x81, 0xFF, 0xCC, 0x0E, 0x00, 0x70, 0x78, 0x03,
    0xC7, 0xE3, 0x8F, 0xFF, 0xFC, 0x3F, 0x9F, 0xC0, 0x20, 0x10, 0x00, 0x00, 0x80, 0x1E, 0x01, 0xE0,
    0x0E, 0x07, 0xFC, 0x7F, 0xF3, 0xFF, 0xDC, 0x0E, 0xE0, 0x77, 0x03, 0xB8, 0x1D, 0xFF, 0xCF, 0xFC,
    0x7F, 0xF3, 0x81, 0xDC, 0x0E, 0xE0, 0x77, 0x03, 0xF8, 0x0E, 0x00, 0x00, 0x0C, 0x1C, 0x1C, 0x18,
    0x04, 0xFF, 0xFF, 0xF0, 0xE0, 0xE0, 0xE0, 0xE0, 0xE0, 0xE0, 0xE0, 0xE0, 0x7F, 0xC7, 0xFF, 0x3F,
    0xFD, 0xC0, 0xEE, 0x07, 0x70, 0x3B, 0x81, 0xDF, 0xFC, 0xFF, 0xC7, 0xFF, 0x38, 0x1D, 0xC0, 0xEE,
    0x07, 0x70, 0x3F, 0x80, 0xE0, 0xC0, 0x07, 0x00, 0x38, 0x01, 0x80, 0x00, 0x00, 0x02, 0x3F, 0xDF,
    0xEF, 0x07, 0x03, 0x81, 0xC0, 0xE0, 0x70, 0x38, 0x1C, 0x0E, 0x00, 0x07, 0x83, 0xC0, 0x60, 0x70,
    0x30, 0x00, 0x10, 0x80, 0xFC, 0x03, 0xC0, 0x0E, 0x07, 0xFC, 0x7F, 0xF3, 0xFF, 0xDC, 0x0E, 0xE0,
    0x77, 0x03, 0xB8, 0x1D, 0xFF, 0xCF, 0xFC, 0x7F, 0xF3, 0x81, 0xDC, 0x0E, 0xE0, 0x77, 0x03, 0xF8,
    0x0E, 0x00, 0x00, 0x04, 0xEC, 0x7C, 0x38, 0x04, 0xFF, 0xFF, 0xF0, 0xE0, 0xE0, 0xE0, 0xE0, 0xE0,
    0xE0, 0xE0, 0xE0, 0x00, 0x80, 0x1C, 0x07, 0x80, 0x70, 0x1F, 0x83, 0xFE, 0x7F, 0xE7, 0x06, 0x70,
    0x07, 0x00, 0x7E, 0x03, 0xFC, 0x0F, 0xE0, 0x0E, 0x00, 0x76, 0x07, 0xF0, 0xE7, 0xFE, 0x3F, 0xC0,
    0x60, 0x03, 0x01, 0xC0, 0xE0, 0x30, 0x0C, 0x0F, 0xC7, 0xF9, 0xC6, 0x70, 0x1F, 0x03, 0xF0, 0x3E,
    0x41, 0xF8, 0x67, 0xF8, 0xFC, 0x0C, 0x00, 0x06, 0x00, 0xF0, 0x1F, 0x81, 0x98, 0x1F, 0x83, 0xFE,
    0x7F, 0xE7, 0x06, 0x70, 0x07, 0x00, 0x7E, 0x03, 0xFC, 0x0F, 0xE0, 0x0E, 0x00, 0x76, 0x07, 0xF0,
    0xE7, 0xFE, 0x3F, 0xC0, 0x60, 0x0C, 0x07, 0x83, 0xF0, 0xCC, 0x0C, 0x0F, 0xC7, 0xF9, 0xC6, 0x70,
    0x1F, 0x03, 0xF0, 0x3E, 0x41, 0xF8, 0x67, 0xF8, 0xFC, 0x0C, 0x00, 0x1F, 0x83, 0xFE, 0x7F, 0xE7,
    0x06, 0x70, 0x07, 0x00, 0x7E, 0x03, 0xFC, 0x0F, 0xE0, 0x0E, 0x00, 0x76, 0x07, 0xF0, 0xE7, 0xFE,
    0x3F, 0xC0, 0xE0, 0x0C, 0x01, 0xC0, 0x00, 0x00, 0x0C, 0x0F, 0xC7, 0xF9, 0xC6, 0x70, 0x1F, 0x03,
    0xF0, 0x3E, 0x41, 0xF8, 0x67, 0xF8, 0xFC, 0x0E, 0x07, 0x01, 0xC0, 0x00, 0x10, 0x81, 0xF8, 0x0F,
    0x00, 0x70, 0x1F, 0x83, 0xFE, 0x7F, 0xE7, 0x06, 0x70, 0x07, 0x00, 0x7E, 0x03, 0xFC, 0x0F, 0xE0,
    0x0E, 0x00, 0x76, 0x07, 0xF0, 0xE7, 0xFE, 0x3F, 0xC0, 0x60, 0x00, 0x0F, 0xC1, 0xE0, 0x78, 0x0C,
    0x0F, 0xC7, 0xF9, 0xC6, 0x70, 0x1F, 0x03, 0xF0, 0x3E, 0x41, 0xF8, 0x67, 0xF8, 0xFC, 0x0C, 0x00,
    0x7F, 0xF7, 0xFF, 0xDF, 0xFC, 0x0E, 0x00, 0x70, 0x03, 0x80, 0x1C, 0x00, 0xE0, 0x07, 0x00, 0x38,
    0x01, 0xC0, 0x0E, 0x00, 0x70, 0x03, 0x80, 0x1C, 0x00, 0xC0, 0x0E, 0x00, 0x60, 0x00, 0x00, 0x10,
    0x38, 0x38, 0xFE, 0xFE, 0x38, 0x38, 0x38, 0x38, 0x38, 0x38, 0x38, 0x3E, 0x1E, 0x0C, 0x1C, 0x18,
    0x00, 0x08, 0x80, 0xFE, 0x03, 0xE0, 0x0E, 0x07, 0xFF, 0x7F, 0xFD, 0xFF, 0xC0, 0xE0, 0x07, 0x00,
    0x38, 0x01, 0xC0, 0x0E, 0x00, 0x70, 0x03, 0x80, 0x1C, 0x00, 0xE0, 0x07, 0x00, 0x38, 0x01, 0xC0,
    0x07, 0x03, 0xC1, 0xE2, 0x73, 0xF1, 0xC3, 0xF9, 0xFC, 0x38, 0x1C, 0x0E, 0x07, 0x03, 0x81, 0xC0,
    0xE0, 0x7C, 0x1E, 0x00, 0x7F, 0xF7, 0xFF, 0xDF, 0xFC, 0x0E, 0x00, 0x70, 0x03, 0x80, 0x1E, 0x03,
    0xF8, 0x0F, 0xC0, 0x38, 0x01, 0xC0, 0x0E, 0x00, 0x70, 0x03, 0x80, 0x1C, 0x00, 0x10, 0x38, 0x38,
    0xFE, 0xFE, 0x38, 0x38, 0x3C, 0x7E, 0x7E, 0x38, 0x38, 0x3E, 0x1E, 0x1C, 0xC1, 0xFE, 0x0F, 0xF0,
    0x23, 0x06, 0x03, 0x70, 0x1B, 0x80, 0xDC, 0x06, 0xE0, 0x37, 0x01, 0xB8, 0x0D, 0xC0, 0x6E, 0x03,
    0x70, 0x1B, 0x80, 0xCE, 0x0E, 0x79, 0xF1, 0xFF, 0x07, 0xF0, 0x00, 0x00, 0x11, 0x1F, 0x67, 0xF9,
    0x9C, 0x00, 0x38, 0x7E, 0x1F, 0x87, 0xE1, 0xF8, 0x7E, 0x1F, 0x87, 0xE1, 0xFC, 0xF7, 0xF8, 0xFC,
    0x0C, 0x00, 0x1F, 0x80, 0xFE, 0x07, 0xF0, 0xC0, 0x6E, 0x03, 0x70, 0x1B, 0x80, 0xDC, 0x06, 0xE0,
    0x37, 0x01, 0xB8, 0x0D, 0xC0, 0x6E, 0x03, 0x70, 0x19, 0xC1, 0xCF, 0x3E, 0x3F, 0xE0, 0xFE, 0x00,
    0x00, 0x7F, 0x8F, 0xE0, 0x03, 0x87, 0xE1, 0xF8, 0x7E, 0x1F, 0x87, 0xE1, 0xF8, 0x7E, 0x1F, 0xCF,
    0x7F, 0x8F, 0xC0, 0xC0, 0x18, 0xC0, 0xFE, 0x03, 0xE0, 0x00, 0x06, 0x03, 0x70, 0x1B, 0x80, 0xDC,
    0x06, 0xE0, 0x37, 0x01, 0xB8, 0x0D, 0xC0, 0x6E, 0x03, 0x70, 0x1B, 0x80, 0xCE, 0x0E, 0x79, 0xF1,
    0xFF, 0x07, 0xF0, 0x00, 0x00, 0x33, 0x0F, 0xC3, 0xF0, 0x30, 0xE1, 0xF8, 0x7E, 0x1F, 0x87, 0xE1,
    0xF8, 0x7E, 0x1F, 0x87, 0xF3, 0xDF, 0xE3, 0xF0, 0x30, 0x0F, 0x00, 0x7C, 0x03, 0x60, 0x1F, 0x00,
    0x70, 0x30, 0x1B, 0x80, 0xDC, 0x06, 0xE0, 0x37, 0x01, 0xB8, 0x0D, 0xC0, 0x6E, 0x03, 0x70, 0x1B,
    0x80, 0xDC, 0x06, 0x70, 0x73, 0xCF, 0x8F, 0xF8, 0x3F, 0x80, 0x00, 0x00, 0x04, 0x07, 0x81, 0xF0,
    0x7C, 0x1E, 0x03, 0x0E, 0x1F, 0x87, 0xE1, 0xF8, 0x7E, 0x1F, 0x87, 0xE1, 0xF8, 0x7F, 0x3D, 0xFE,
    0x3F, 0x03, 0x00, 0x06, 0x60, 0x77, 0x03, 0x70, 0x11, 0x06, 0x03, 0x70, 0x1B, 0x80, 0xDC, 0x06,
    0xE0, 0x37, 0x01, 0xB8, 0x0D, 0xC0, 0x6E, 0x03, 0x70, 0x1B, 0x80, 0xCE, 0x0E, 0x79, 0xF1, 0xFF,
    0x07, 0xF0, 0x00, 0x00, 0x09, 0x87, 0x63, 0xB8, 0xCC, 0x00, 0x38, 0x7E, 0x1F, 0x87, 0xE1, 0xF8,
    0x7E, 0x1F, 0x87, 0xE1, 0xFC, 0xF7, 0xF8, 0xFC, 0x0C, 0x00, 0x60, 0x37, 0x01, 0xB8, 0x0D, 0xC0,
    0x6E, 0x03, 0x70, 0x1B, 0x80, 0xDC, 0x06, 0xE0, 0x37, 0x01, 0xB8, 0x0C, 0xE0, 0xE7, 0x9F, 0x1F,
    0xF0, 0x7F, 0x00, 0x70, 0x07, 0x00, 0x3F, 0x00, 0xF0, 0x01, 0x00, 0xE1, 0xF8, 0x7E, 0x1F, 0x87,
    0xE1, 0xF8, 0x7E, 0x1F, 0x87, 0xF3, 0xDF, 0xE3, 0xF0, 0x38, 0x0C, 0x03, 0xE0, 0x78, 0x08, 0x00,
    0x60, 0x00, 0x0F, 0x00, 0x01, 0xF8, 0x00, 0x19, 0x80, 0xE0, 0x00, 0x6E, 0x00, 0x07, 0xE0, 0x00,
    0xE7, 0x06, 0x0E, 0x70, 0xF0, 0xE7, 0x0F, 0x1C, 0x38, 0xF1, 0xC3, 0x9F, 0x9C, 0x39, 0xFB, 0x81,
    0xF9, 0xF8, 0x1F, 0x9F, 0x81, 0xF1, 0xF0, 0x0F, 0x0F, 0x00, 0xE0, 0xF0, 0x0E, 0x06, 0x00, 0x01,
    0x80, 0x03, 0xC0, 0x07, 0xE0, 0x06, 0x60, 0x00, 0x00, 0xE0, 0x06, 0xE0, 0x06, 0x71, 0x8E, 0x73,
    0xCE, 0x73, 0xDC, 0x3F, 0xDC, 0x3F, 0xFC, 0x1E, 0x78, 0x1E, 0x78, 0x1E, 0x78, 0x0C, 0x30, 0x00,
    0x00, 0x06, 0x00, 0xF0, 0x1F, 0x81, 0x98, 0xC0, 0x3E, 0x07, 0xF0, 0xF7, 0x8E, 0x39, 0xC1, 0xFC,
    0x1F, 0x80, 0xF0, 0x07, 0x00, 0x70, 0x07, 0x00, 0x70, 0x07, 0x00, 0x70, 0x06, 0x00, 0x0C, 0x07,
    0x83, 0xF0, 0xCC, 0x00, 0x38, 0x7E, 0x1F, 0x87, 0xE1, 0xF8, 0x7E, 0x1F, 0x87, 0xE1, 0xFC, 0xF7,
    0xFD, 0xFF, 0x19, 0xD8, 0xF7, 0xF9, 0xFC, 0x08, 0x00, 0x08, 0x81, 0xDC, 0x1D, 0xC0, 0x00, 0xC0,
    0x3E, 0x07, 0xF0, 0xF7, 0x8E, 0x39, 0xC1, 0xFC, 0x1F, 0x80, 0xF0, 0x07, 0x00, 0x70, 0x07, 0x00,
    0x70, 0x07, 0x00, 0x70, 0x06, 0x00, 0x00, 0x00, 0x0E, 0x00, 0xF0, 0x06, 0x03, 0xFF, 0xBF, 0xFC,
    0xFF, 0xE0, 0x1E, 0x01, 0xE0, 0x0E, 0x00, 0xF0, 0x0F, 0x00, 0xF0, 0x07, 0x00, 0x70, 0x07, 0x80,
    0x78, 0x03, 0xFF, 0xDF, 0xFE, 0x03, 0x01, 0xC0, 0x60, 0x30, 0x00, 0x1F, 0xF7, 0xFC, 0x0E, 0x07,
    0x03, 0xC1, 0xE0, 0x70, 0x38, 0x1E, 0x0F, 0xFF, 0xFF, 0x07, 0x00, 0x38, 0x00, 0xC0, 0x7F, 0xF7,
    0xFF, 0x9F, 0xFC, 0x03, 0xC0, 0x3C, 0x01, 0xC0, 0x1E, 0x01, 0xE0, 0x1E, 0x00, 0xE0, 0x0E, 0x00,
    0xF0, 0x0F, 0x00, 0x7F, 0xFB, 0xFF, 0xC0, 0x0C, 0x03, 0x80, 0xC0, 0x00, 0x7F, 0xDF, 0xF0, 0x38,
    0x1C, 0x0F, 0x07, 0x81, 0xC0, 0xE0, 0x78, 0x3F, 0xFF, 0xFC, 0x08, 0xC0, 0x7E, 0x03, 0xE0, 0x0E,
    0x03, 0xFF, 0xBF, 0xFC, 0xFF, 0xE0, 0x1E, 0x01, 0xE0, 0x0E, 0x00, 0xF0, 0x0F, 0x00, 0xF0, 0x07,
    0x00, 0x70, 0x07, 0x80, 0x78, 0x03, 0xFF, 0xDF, 0xFE, 0x01, 0x0F, 0xC1, 0xF0, 0x38, 0x00, 0x1F,
    0xF7, 0xFC, 0x0E, 0x07, 0x03, 0xC1, 0xE0, 0x70, 0x38, 0x1E, 0x0F, 0xFF, 0xFF, 0x00, 0x18, 0x00,
    0x30, 0x1F, 0xE0, 0xFF, 0xC3, 0xFF, 0xC7, 0x07, 0x9C, 0x07, 0xB8, 0x07, 0x70, 0x0E, 0xE0, 0x1D,
    0xC0, 0x3B, 0x80, 0x77, 0x00, 0xEF, 0x03, 0x8F, 0x1F, 0x0F, 0xFC, 0x0F, 0xF0, 0x03, 0x00, 0x00,
    0x30, 0x23, 0x1F, 0xF3, 0xFE, 0x78, 0xF7, 0x07, 0x60, 0x76, 0x07, 0x60, 0x77, 0x07, 0x78, 0xF3,
    0xFE, 0x1F, 0xC0, 0x20, 0x00, 0x06, 0x00, 0x1D, 0x80, 0xFF, 0x01, 0xEE, 0x03, 0x1C, 0x06, 0x38,
    0x0C, 0x70, 0x18, 0xE0, 0x31, 0xC0, 0x63, 0x80, 0xC7, 0x01, 0x8E, 0x03, 0x0E, 0x0E, 0x1E, 0x7C,
    0x1F, 0xF0, 0x1F, 0xC0, 0x00, 0x00, 0x00, 0x30, 0x03, 0xE1, 0xFE, 0x1E, 0xE1, 0xCE, 0x1C, 0xE1,
    0xCE, 0x1C, 0xE1, 0xCE, 0x1C, 0xF3, 0xC7, 0xF8, 0x3F, 0x00, 0xC0, 0x00, 0x00, 0x23, 0x00, 0x00,
    0x07, 0xE0, 0x00, 0x00, 0xF8, 0x00, 0x00, 0x0E, 0x07, 0xF8, 0x0F, 0xFD, 0xFF, 0xC3, 0xFF, 0xFF,
    0xFC, 0x3F, 0xF7, 0x03, 0x80, 0x1E, 0xE0, 0x38, 0x07, 0x9C, 0x07, 0x00, 0xE3, 0x80, 0xE0, 0x38,
    0x70, 0x1C, 0x0F, 0x0E, 0x03, 0x83, 0xC1, 0xC0, 0x70, 0xF0, 0x38, 0x0E, 0x1C, 0x07, 0x03, 0xC7,
    0x80, 0xE0, 0xF1, 0xE0, 0x1F, 0xFC, 0x3F, 0xFF, 0xFF, 0x07, 0xFF, 0x80, 0x00, 0x00, 0x00, 0x7F,
    0x80, 0xFC, 0xFF, 0xE0, 0x78, 0xFF, 0xF0, 0x78, 0xE0, 0x70, 0x00, 0xE0, 0x39, 0xFE, 0xE0, 0x39,
    0xFF, 0xE0, 0x38, 0x1E, 0xE0, 0x38, 0x1C, 0xE0, 0x38, 0x38, 0xE0, 0x38, 0x78, 0xE0, 0x38, 0x70,
    0xE0, 0x78, 0xE0, 0xE0, 0xF1, 0xC0, 0xFF, 0xE3, 0xFF, 0xFF, 0xC3, 0xFF, 0x00, 0x20, 0x00, 0x00,
    0xE3, 0xF0, 0x01, 0xC3, 0xC0, 0x03, 0x87, 0x80, 0x67, 0x00, 0x03, 0xFE, 0x7F, 0x8F, 0xFC, 0xFF,
    0xBC, 0x78, 0x0E, 0x70, 0x70, 0x38, 0xC0, 0xE0, 0xE1, 0x81, 0xC3, 0xC3, 0x03, 0x87, 0x07, 0x07,
    0x1C, 0x0F, 0x1E, 0x70, 0x0F, 0xFD, 0xFF, 0x8F, 0xFB, 0xFF, 0x06, 0x00, 0x00, 0x60, 0x00, 0x37,
    0x00, 0x01, 0xF8, 0x00, 0x0F, 0xC0, 0x00, 0x7E, 0x00, 0x03, 0xF0, 0x00, 0x1F, 0x80, 0x00, 0xFC,
    0x00, 0x07, 0xE0, 0x00, 0x3F, 0x00, 0x01, 0xF8, 0x00, 0x0F, 0xC0, 0x10, 0x7E, 0x01, 0xE7, 0x7F,
    0xE7, 0xFB, 0xFF, 0x1F, 0x80, 0x00, 0x20, 0x60, 0x0F, 0xC0, 0x1F, 0x80, 0x37, 0x00, 0x0E, 0x00,
    0xFC, 0x01, 0xF8, 0x03, 0xF0, 0x07, 0xE0, 0x0F, 0xC0, 0x1F, 0x80, 0x3F, 0x00, 0x7E, 0x00, 0xFF,
    0xF9, 0xFF, 0xF3, 0x80, 0x07, 0x00, 0x1E, 0x00, 0x78, 0x00, 0xE0, 0x00, 0x00, 0x40, 0xE3, 0xE7,
    0xE3, 0xE0, 0xE3, 0xE7, 0xE7, 0xE7, 0xE7, 0xE7, 0xE7, 0xE7, 0xE7, 0xE7, 0xE7, 0x07, 0x07, 0x1F,
    0x1E, 0x00, 0x60, 0x18, 0x03, 0x78, 0x1C, 0x01, 0xFC, 0x0E, 0x00, 0xFF, 0x07, 0x00, 0x7F, 0xC3,
    0x80, 0x3F, 0xF1, 0xC0, 0x1F, 0xB8, 0xE0, 0x0F, 0xCE, 0x70, 0x07, 0xE7, 0xB8, 0x03, 0xF1, 0xFC,
    0x01, 0xF8, 0x7E, 0x00, 0xFC, 0x1F, 0x30, 0xEE, 0x07, 0x9C, 0xF7, 0x03, 0xCF, 0xFB, 0x80, 0xE3,
    0xF8, 0x00, 0x00, 0x20, 0x60, 0x18, 0xDE, 0x07, 0x1F, 0xC0, 0xE3, 0x7C, 0x1C, 0x0F, 0xC3, 0x8D,
    0xFC, 0x71, 0xBB, 0x8E, 0x37, 0x39, 0xC6, 0xE7, 0xB8, 0xDC, 0x7F, 0x1B, 0x87, 0xE3, 0x70, 0x7C,
    0x6E, 0x07, 0x8D, 0xC0, 0xF1, 0xB8, 0x0E, 0x30, 0x00, 0x06, 0x00, 0x01, 0xC0, 0x00, 0x78, 0x00,
    0x0E, 0x00, 0x00, 0x00, 0x00, 0x06, 0x00, 0x07, 0x00, 0x06, 0x06, 0x00, 0xFF, 0x86, 0xFF, 0xC6,
    0xF1, 0xC6, 0xE1, 0xC6, 0xE1, 0xC6, 0xE1, 0xC6, 0xE1, 0xC6, 0xE1, 0xC6, 0xE1, 0xC6, 0xE1, 0xC6,
    0xE0, 0xC6, 0x00, 0x06, 0x00, 0x0E, 0x00, 0x1E, 0x00, 0x1C, 0x00, 0x00, 0x08, 0xC0, 0x3F, 0x00,
    0xF8, 0x01, 0xC0, 0x03, 0x00, 0x1C, 0x00, 0x78, 0x03, 0xE0, 0x0F, 0xC0, 0x77, 0x01, 0xDC, 0x06,
    0x38, 0x38, 0xE0, 0xFF, 0xC7, 0xFF, 0x1F, 0xFC, 0x60, 0x3B, 0x80, 0xEE, 0x01, 0x80, 0x00, 0x00,
    0x81, 0xD8, 0x0F, 0x80, 0x70, 0x06, 0x01, 0xFF, 0x3F, 0xF7, 0x8F, 0x70, 0x76, 0x07, 0x60, 0x76,
    0x07, 0x70, 0x77, 0x8F, 0x3F, 0xF1, 0xFF, 0x06, 0x00, 0x42, 0xFD, 0xF1, 0xC1, 0x87, 0x0E, 0x1C,
    0x38, 0x70, 0xE1, 0xC3, 0x87, 0x0E, 0x1C, 0x38, 0x70, 0xE0, 0x05, 0xD9, 0xF1, 0xC0, 0x07, 0x0E,
    0x1C, 0x38, 0x70, 0xE1, 0xC3, 0x87, 0x0E, 0x1C, 0x04, 0x20, 0x0F, 0xC0, 0x0F, 0x00, 0x0C, 0x00,
    0x7E, 0x03, 0xFF, 0x0F, 0xFF, 0x1C, 0x1E, 0x70, 0x1E, 0xE0, 0x1D, 0xC0, 0x3B, 0x80, 0x77, 0x00,
    0xEE, 0x01, 0xDC, 0x03, 0xBC, 0x0E, 0x3C, 0x7C, 0x3F, 0xF0, 0x3F, 0xC0, 0x0C, 0x00, 0x00, 0x81,
    0xD8, 0x0F, 0x80, 0x70, 0x02, 0x01, 0xFC, 0x3F, 0xE7, 0x8F, 0x70, 0x76, 0x07, 0x60, 0x76, 0x07,
    0x70, 0x77, 0x8F, 0x3F, 0xE1, 0xFC, 0x02, 0x00, 0x08, 0x80, 0xFE, 0x03, 0xE0, 0x0E, 0x06, 0x03,
    0x70, 0x1B, 0x80, 0xDC, 0x06, 0xE0, 0x37, 0x01, 0xB8, 0x0D, 0xC0, 0x6E, 0x03, 0x70, 0x1B, 0x80,
    0xCE, 0x0E, 0x79, 0xF1, 0xFF, 0x07, 0xF0, 0x00, 0x00, 0x00, 0x0F, 0xC1, 0xE0, 0x78, 0x00, 0x38,
    0x7E, 0x1F, 0x87, 0xE1, 0xF8, 0x7E, 0x1F, 0x87, 0xE1, 0xFC, 0xF7, 0xF8, 0xFC, 0x0C, 0x00, 0x04,
    0x20, 0x1F, 0x80, 0x3C, 0x00, 0x60, 0x07, 0xF0, 0x3F, 0xE1, 0xFF, 0x8F, 0x00, 0x78, 0x01, 0xC0,
    0x07, 0x00, 0x1C, 0x3F, 0x71, 0xFD, 0xC3, 0xF7, 0x01, 0xCE, 0x07, 0x3E, 0x3C, 0x7F, 0xF0, 0xFF,
    0x80, 0x70, 0x08, 0x80, 0xDC, 0x0F, 0x80, 0x70, 0x06, 0x01, 0xFF, 0x3F, 0xF7, 0x8F, 0x70, 0x76,
    0x07, 0x60, 0x76, 0x07, 0x70, 0x77, 0x8F, 0x3F, 0xF1, 0xFF, 0x06, 0x73, 0x8F, 0x3F, 0xE1, 0xFC,
    0x02, 0x00, 0x07, 0xE0, 0x3F, 0xF0, 0xFF, 0xF1, 0xC1, 0xE7, 0x01, 0xEE, 0x01, 0xDC, 0x03, 0xB8,
    0x07, 0x70, 0x0E, 0xE0, 0x1D, 0xC0, 0x3B, 0xC0, 0xE3, 0xC7, 0xC3, 0xFF, 0x03, 0xFC, 0x01, 0xC0,
    0x03, 0x00, 0x07, 0xC0, 0x0F, 0x80, 0x04, 0x00, 0x06, 0x01, 0xFC, 0x3F, 0xE7, 0x8F, 0x70, 0x76,
    0x07, 0xE0, 0x76, 0x07, 0x70, 0x77, 0x8F, 0x3F, 0xE1, 0xFC, 0x07, 0x00, 0x60, 0x07, 0xC0, 0x7C,
    0x01, 0x00, 0x7F, 0x80, 0x00, 0xFF, 0xE0, 0x00, 0xFF, 0xF0, 0x00, 0xE0, 0x70, 0x00, 0xE0, 0x39,
    0xFE, 0xE0, 0x39, 0xFE, 0xE0, 0x38, 0x1E, 0xE0, 0x38, 0x1C, 0xE0, 0x38, 0x38, 0xE0, 0x38, 0x78,
    0xE0, 0x38, 0xF0, 0xE0, 0x78, 0xE0, 0xE0, 0xF1, 0xC0, 0xFF, 0xE3, 0xFE, 0xFF, 0xC3, 0xFF, 0x00,
    0x00, 0x07, 0x00, 0x3C, 0x00, 0xC0, 0x07, 0x00, 0x3E, 0x00, 0xD8, 0x03, 0xE0, 0x07, 0x00, 0x1E,
    0x00, 0xF8, 0x03, 0xF0, 0x1D, 0xC0, 0x77, 0x01, 0x8E, 0x0E, 0x38, 0x3F, 0xF1, 0xFF, 0xC7, 0xFF,
    0x18, 0x0E, 0xE0, 0x3B, 0x80, 0x60, 0x00, 0x00, 0x00, 0x80, 0x1C, 0x03, 0xC0, 0x70, 0x02, 0x00,
    0xF8, 0x0D, 0x80, 0xD8, 0x0F, 0x80, 0x60, 0x1F, 0xF3, 0xFF, 0x78, 0xF7, 0x07, 0x60, 0x76, 0x07,
    0x60, 0x77, 0x07, 0x78, 0xF3, 0xFF, 0x1F, 0xF0, 0x60, 0x00, 0x02, 0x00, 0x01, 0xC0, 0x00, 0xF0,
    0x00, 0x30, 0x00, 0x7F, 0xC0, 0x3F, 0xF0, 0x0F, 0xFC, 0x07, 0x80, 0x03, 0xE0, 0x01, 0xF8, 0x00,
    0x7F, 0xF8, 0x3B, 0xFE, 0x1C, 0xFF, 0x87, 0xF8, 0x03, 0xFE, 0x01, 0xFF, 0x80, 0x70, 0xE0, 0x38,
    0x3F, 0xFC, 0x07, 0xFC, 0x00, 0x00, 0x00, 0x30, 0x00, 0x0E, 0x00, 0x03, 0x80, 0x00, 0x60, 0x00,
    0x60, 0xC0, 0x7F, 0x7E, 0x1F, 0xFF, 0xE3, 0x8F, 0x8E, 0x60, 0xE1, 0xC3, 0xFF, 0xFD, 0xFF, 0xFF,
    0x3C, 0x70, 0x06, 0x0E, 0x00, 0xE3, 0xE3, 0x9F, 0xFF, 0xF1, 0xF9, 0xFC, 0x0C, 0x04, 0x00, 0x00,
    0x40, 0x01, 0xC0, 0x07, 0x80, 0x0C, 0x30, 0x7E, 0xE3, 0xFF, 0x8F, 0xFF, 0x1C, 0x1E, 0x70, 0x7E,
    0xE1, 0xDD, 0xC7, 0x3B, 0x9E, 0x77, 0x38, 0xEE, 0xE1, 0xDF, 0x83, 0xBE, 0x0E, 0x3C, 0x7C, 0xFF,
    0xF1, 0xFF, 0xC3, 0x0C, 0x00, 0x01, 0x80, 0x38, 0x03, 0x80, 0x30, 0x02, 0x31, 0xFF, 0x3F, 0xE7,
    0x9F, 0x73, 0xF6, 0x3F, 0x67, 0x76, 0xE7, 0x7C, 0x77, 0x8F, 0x7F, 0xE7, 0xFC, 0x62, 0x00, 0x33,
    0x00, 0xEE, 0x03, 0xDC, 0x03, 0x00, 0x03, 0x00, 0x1C, 0x00, 0x78, 0x03, 0xE0, 0x0F, 0xC0, 0x77,
    0x01, 0xDC, 0x06, 0x38, 0x38, 0xE0, 0xFF, 0xC7, 0xFF, 0x1F, 0xFC, 0x60, 0x3B, 0x80, 0xEE, 0x01,
    0x80, 0x00, 0x32, 0x03, 0xF0, 0x3F, 0x80, 0xD8, 0x06, 0x01, 0xFF, 0x3F, 0xF7, 0x8F, 0x70, 0x76,
    0x07, 0x60, 0x76, 0x07, 0x70, 0x77, 0x8F, 0x3F, 0xF1, 0xFF, 0x06, 0x00, 0x0F, 0x80, 0x3F, 0x01,
    0xCC, 0x00, 0x00, 0x03, 0x00, 0x1C, 0x00, 0x78, 0x03, 0xE0, 0x0F, 0xC0, 0x77, 0x01, 0xDC, 0x06,
    0x38, 0x38, 0xE0, 0xFF, 0xC7, 0xFF, 0x1F, 0xFC, 0x60, 0x3B, 0x80, 0xEE, 0x01, 0x80, 0x00, 0x07,
    0x00, 0xF8, 0x1F, 0xC1, 0x8C, 0x06, 0x01, 0xFF, 0x3F, 0xF7, 0x8F, 0x70, 0x76, 0x07, 0x60, 0x76,
    0x07, 0x70, 0x77, 0x8F, 0x3F, 0xF1, 0xFF, 0x06, 0x00, 0xEE, 0x3F, 0xC7, 0xF8, 0x40, 0x7F, 0xFF,
    0xFF, 0xFF, 0x80, 0xE0, 0x38, 0x0F, 0xFB, 0xFE, 0xFF, 0xB8, 0x0E, 0x03, 0x80, 0xE0, 0x3F, 0xFF,
    0xFC, 0x26, 0x07, 0x70, 0x3F, 0x81, 0xD8, 0x06, 0x01, 0xF8, 0x3F, 0xC7, 0x8E, 0x70, 0xE7, 0xFF,
    0x7F, 0xE6, 0x00, 0x70, 0x07, 0x8E, 0x3F, 0xE1, 0xFC, 0x02, 0x00, 0x1F, 0x0F, 0xE3, 0x18, 0x00,
    0x7F, 0xFF, 0xFF, 0xFF, 0x80, 0xE0, 0x38, 0x0F, 0xFB, 0xFE, 0xFF, 0xB8, 0x0E, 0x03, 0x80, 0xE0,
    0x3F, 0xFF, 0xFC, 0x07, 0x01, 0xF8, 0x1F, 0xC1, 0x8C, 0x06, 0x01, 0xF8, 0x3F, 0xC7, 0x8E, 0x70,
    0xE7, 0xFF, 0x7F, 0xE6, 0x00, 0x70, 0x07, 0x8E, 0x3F, 0xE1, 0xFC, 0x02, 0x00, 0x66, 0x3B, 0x8E,
    0xE3, 0x00, 0x60, 0x70, 0x38, 0x1C, 0x0E, 0x07, 0x03, 0x81, 0xC0, 0xE0, 0x70, 0x38, 0x1C, 0x0E,
    0x07, 0x03, 0x80, 0x64, 0x3F, 0x1F, 0xC3, 0x60, 0x00, 0x70, 0x38, 0x1C, 0x0E, 0x07, 0x03, 0x81,
    0xC0, 0xE0, 0x70, 0x38, 0x1C, 0x7C, 0x7E, 0xE6, 0x00, 0x18, 0x38, 0x38, 0x38, 0x38, 0x38, 0x38,
    0x38, 0x38, 0x38, 0x38, 0x38, 0x38, 0x38, 0x38, 0x38, 0xFB, 0xBE, 0x30, 0x07, 0x0E, 0x1C, 0x38,
    0x70, 0xE1, 0xC3, 0x87, 0x0E, 0x1C, 0x19, 0x80, 0x3B, 0xC0, 0x3B, 0x80, 0x10, 0x00, 0x7E, 0x03,
    0xFF, 0x0F, 0xFF, 0x1C, 0x1E, 0x70, 0x1E, 0xE0, 0x1D, 0xC0, 0x3B, 0x80, 0x77, 0x00, 0xEE, 0x01,
    0xDC, 0x03, 0xBC, 0x0E, 0x3C, 0x7C, 0x3F, 0xF0, 0x3F, 0xC0, 0x0C, 0x00, 0x32, 0x03, 0xF0, 0x3F,
    0x80, 0xDC, 0x02, 0x01, 0xFC, 0x3F, 0xE7, 0x8F, 0x70, 0x76, 0x07, 0x60, 0x76, 0x07, 0x70, 0x77,
    0x8F, 0x3F, 0xE1, 0xFC, 0x02, 0x00, 0x03, 0xC0, 0x0F, 0xC0, 0x39, 0x80, 0x00, 0x00, 0x7E, 0x03,
    0xFF, 0x0F, 0xFF, 0x1C, 0x1E, 0x70, 0x1E, 0xE0, 0x1D, 0xC0, 0x3B, 0x80, 0x77, 0x00, 0xEE, 0x01,
    0xDC, 0x03, 0xBC, 0x0E, 0x3C, 0x7C, 0x3F, 0xF0, 0x3F, 0xC0, 0x0C, 0x00, 0x07, 0x00, 0xF8, 0x1F,
    0xC1, 0x8C, 0x02, 0x01, 0xFC, 0x3F, 0xE7, 0x8F, 0x70, 0x76, 0x07, 0x60, 0x76, 0x07, 0x70, 0x77,
    0x8F, 0x3F, 0xE1, 0xFC, 0x02, 0x00, 0x67, 0x03, 0xFC, 0x0E, 0xE0, 0x10, 0x07, 0xFC, 0x7F, 0xF3,
    0xFF, 0xDC, 0x0E, 0xE0, 0x77, 0x03, 0xB8, 0x1D, 0xFF, 0xCF, 0xFC, 0x7F, 0xF3, 0x81, 0xDC, 0x0E,
    0xE0, 0x77, 0x03, 0xF8, 0x0E, 0x00, 0x00, 0x64, 0x1F, 0x87, 0xF0, 0x6C, 0x01, 0x0F, 0xF3, 0xFC,
    0xF0, 0x38, 0x0E, 0x03, 0x80, 0xE0, 0x38, 0x0E, 0x03, 0x80, 0xE0, 0x0F, 0x00, 0xFC, 0x06, 0x70,
    0x00, 0x07, 0xFC, 0x7F, 0xF3, 0xFF, 0xDC, 0x0E, 0xE0, 0x77, 0x03, 0xB8, 0x1D, 0xFF, 0xCF, 0xFC,
    0x7F, 0xF3, 0x81, 0xDC, 0x0E, 0xE0, 0x77, 0x03, 0xF8, 0x0E, 0x00, 0x00, 0x38, 0x7C, 0xFE, 0xC6,
    0x04, 0xFF, 0xFF, 0xF0, 0xE0, 0xE0, 0xE0, 0xE0, 0xE0, 0xE0, 0xE0, 0xE0, 0x77, 0x03, 0xFC, 0x0F,
    0xF0, 0x10, 0x06, 0x03, 0x70, 0x1B, 0x80, 0xDC, 0x06, 0xE0, 0x37, 0x01, 0xB8, 0x0D, 0xC0, 0x6E,
    0x03, 0x70, 0x1B, 0x80, 0xCE, 0x0E, 0x79, 0xF1, 0xFF, 0x07, 0xF0, 0x00, 0x00, 0x4C, 0x3B, 0x87,
    0xF0, 0xEC, 0x00, 0x38, 0x7E, 0x1F, 0x87, 0xE1, 0xF8, 0x7E, 0x1F, 0x87, 0xE1, 0xFC, 0xF7, 0xF8,
    0xFC, 0x0C, 0x00, 0x0F, 0x80, 0xFE, 0x06, 0x30, 0x00, 0x06, 0x03, 0x70, 0x1B, 0x80, 0xDC, 0x06,
    0xE0, 0x37, 0x01, 0xB8, 0x0D, 0xC0, 0x6E, 0x03, 0x70, 0x1B, 0x80, 0xCE, 0x0E, 0x79, 0xF1, 0xFF,
    0x07, 0xF0, 0x00, 0x00, 0x0E, 0x0F, 0xC3, 0xF8, 0xC6, 0x00, 0x38, 0x7E, 0x1F, 0x87, 0xE1, 0xF8,
    0x7E, 0x1F, 0x87, 0xE1, 0xFC, 0xF7, 0xF8, 0xFC, 0x0C, 0x00, 0x1F, 0x83, 0xFE, 0x7F, 0xE7, 0x06,
    0x70, 0x07, 0x00, 0x7E, 0x03, 0xFC, 0x0F, 0xE0, 0x0E, 0x00, 0x76, 0x07, 0xF0, 0xE7, 0xFE, 0x3F,
    0xC0, 0x60, 0x07, 0x00, 0x70, 0x07, 0x00, 0x00, 0x0C, 0x0F, 0xC7, 0xF9, 0xC6, 0x70, 0x1F, 0x03,
    0xF0, 0x3E, 0x41, 0xF8, 0x67, 0xF8, 0xFC, 0x0C, 0x07, 0x01, 0xE0, 0x38, 0x1C, 0x06, 0x00, 0x7F,
    0xF7, 0xFF, 0xDF, 0xFC, 0x0E, 0x00, 0x70, 0x03, 0x80, 0x1C, 0x00, 0xE0, 0x07, 0x00, 0x38, 0x01,
    0xC0, 0x0E, 0x00, 0x70, 0x03, 0x80, 0x1C, 0x00, 0x40, 0x07, 0x00, 0x38, 0x01, 0xC0, 0x00, 0x00,
    0x10, 0x38, 0x38, 0xFE, 0xFE, 0x38, 0x38, 0x38, 0x38, 0x38, 0x38, 0x38, 0x3E, 0x1E, 0x00, 0x3C,
    0x3C, 0x0C, 0x1C, 0x18, 0xE7, 0x8E, 0x20, 0x77, 0xEC, 0x31, 0xEF, 0xF3, 0x31, 0x3F, 0xDF, 0xEC,
    0xE0, 0xFF, 0xFC, 0x63, 0x7F, 0x7E, 0x18, 0xDF, 0x00, 0xEF, 0xDF, 0x30, 0x7B, 0xC6, 0x71, 0x00,
    0x27, 0xBF, 0xBF, 0x10, 0x64, 0xDF, 0xF6, 0xC0, 0x03, 0x7F, 0x9C, 0x4C, 0xEE, 0x7F, 0x33, 0x39,
    0xFB, 0xFE, 0x30, 0x7E, 0xCF, 0xF0, 0x31, 0xBD, 0xEC, 0x00, 0xFF, 0x00, 0x01, 0xDF, 0xB8, 0x00,
    0x03, 0xBC, 0x67, 0x30, 0x66, 0xEC, 0x00, 0x00, 0xE7, 0x18, 0x7D, 0xE1, 0x00, 0x73, 0xED, 0xC0,
    0x63, 0x77, 0x7E, 0x1C, 0xFF, 0xFC, 0x7B, 0xFF, 0xC0, 0x03, 0x00, 0x1C, 0x00, 0x78, 0x03, 0xE0,
    0x0F, 0xC0, 0x77, 0x01, 0xDC, 0x06, 0x38, 0x38, 0xE0, 0xFF, 0xC7, 0xFF, 0x1F, 0xFC, 0x60, 0x3B,
    0x80, 0xEE, 0x01, 0x80, 0x80, 0x07, 0x00, 0x1C, 0x00, 0x06, 0x01, 0xFF, 0x3F, 0xF7, 0x8F, 0x70,
    0x76, 0x07, 0x60, 0x76, 0x07, 0x70, 0x77, 0x8F, 0x3F, 0xF1, 0xFF, 0x06, 0x00, 0x70, 0x07, 0x00,
    0x20, 0x07, 0x00, 0x3E, 0x00, 0x38, 0x00, 0xC0, 0x00, 0x00, 0x0C, 0x00, 0x70, 0x01, 0xE0, 0x0F,
    0x80, 0x3F, 0x01, 0xDC, 0x07, 0x70, 0x18, 0xE0, 0xE3, 0x83, 0xFF, 0x1F, 0xFC, 0x7F, 0xF1, 0x80,
    0xEE, 0x03, 0xB8, 0x06, 0x00, 0x00, 0x0F, 0x00, 0xF0, 0x03, 0x00, 0x30, 0x06, 0x01, 0xFF, 0x3F,
    0xF7, 0x8F, 0x70, 0x76, 0x07, 0x60, 0x76, 0x07, 0x70, 0x77, 0x8F, 0x3F, 0xF1, 0xFF, 0x06, 0x00,
    0x00, 0x08, 0x00, 0xE0, 0x27, 0x81, 0xFC, 0x0F, 0xC0, 0x33, 0x00, 0x30, 0x01, 0xC0, 0x07, 0x80,
    0x3E, 0x00, 0xFC, 0x07, 0x70, 0x1D, 0xC0, 0x63, 0x83, 0x8E, 0x0F, 0xFC, 0x7F, 0xF1, 0xFF, 0xC6,
    0x03, 0xB8, 0x0E, 0xE0, 0x18, 0x00, 0x00, 0x00, 0x30, 0x07, 0x06, 0xE0, 0xFC, 0x1F, 0x81, 0x98,
    0x06, 0x01, 0xFF, 0x3F, 0xF7, 0x8F, 0x70, 0x76, 0x07, 0x60, 0x76, 0x07, 0x70, 0x77, 0x8F, 0x3F,
    0xF1, 0xFF, 0x06, 0x00, 0x01, 0x00, 0x0E, 0x00, 0x3C, 0x00, 0xB8, 0x07, 0x80, 0x3F, 0x00, 0xCC,
    0x00, 0xC0, 0x07, 0x00, 0x1E, 0x00, 0xF8, 0x03, 0xF0, 0x1D, 0xC0, 0x77, 0x01, 0x8E, 0x0E, 0x38,
    0x3F, 0xF1, 0xFF, 0xC7, 0xFF, 0x18, 0x0E, 0xE0, 0x3B, 0x80, 0x60, 0x00, 0x00, 0x03, 0x00, 0x38,
    0x07, 0xC0, 0xF0, 0x1F, 0x81, 0x98, 0x06, 0x01, 0xFF, 0x3F, 0xF7, 0x8F, 0x70, 0x76, 0x07, 0x60,
    0x76, 0x07, 0x70, 0x77, 0x8F, 0x3F, 0xF1, 0xFF, 0x06, 0x00, 0x00, 0xF0, 0x03, 0xC0, 0x23, 0x01,
    0xEC, 0x0F, 0xC0, 0x33, 0x00, 0x30, 0x01, 0xC0, 0x07, 0x80, 0x3E, 0x00, 0xFC, 0x07, 0x70, 0x1D,
    0xC0, 0x63, 0x83, 0x8E, 0x0F, 0xFC, 0x7F, 0xF1, 0xFF, 0xC6, 0x03, 0xB8, 0x0E, 0xE0, 0x18, 0x00,
    0x00, 0x01, 0xE0, 0x1F, 0x06, 0x60, 0xF6, 0x1F, 0xC1, 0x98, 0x06, 0x01, 0xFF, 0x3F, 0xF7, 0x8F,
    0x70, 0x76, 0x07, 0x60, 0x76, 0x07, 0x70, 0x77, 0x8F, 0x3F, 0xF1, 0xFF, 0x06, 0x00, 0x0E, 0x40,
    0x7F, 0x81, 0xFC, 0x06, 0xE0, 0x07, 0x80, 0x3F, 0x00, 0xCC, 0x00, 0xC0, 0x07, 0x00, 0x1E, 0x00,
    0xF8, 0x03, 0xF0, 0x1D, 0xC0, 0x77, 0x01, 0x8E, 0x0E, 0x38, 0x3F, 0xF1, 0xFF, 0xC7, 0xFF, 0x18,
    0x0E, 0xE0, 0x3B, 0x80, 0x60, 0x00, 0x00, 0x0C, 0x41, 0xEC, 0x3F, 0xC1, 0xBC, 0x06, 0x00, 0xF0,
    0x1F, 0x81, 0xF8, 0x1F, 0xF3, 0xFF, 0x78, 0xF7, 0x07, 0x60, 0x76, 0x07, 0x60, 0x77, 0x07, 0x78,
    0xF3, 0xFF, 0x1F, 0xF0, 0x60, 0x02, 0x00, 0x1E, 0x00, 0xFC, 0x03, 0x30, 0x03, 0x00, 0x1C, 0x00,
    0x78, 0x03, 0xE0, 0x0F, 0xC0, 0x77, 0x01, 0xDC, 0x06, 0x38, 0x38, 0xE0, 0xFF, 0xC7, 0xFF, 0x1F,
    0xFC, 0x60, 0x3B, 0x80, 0xEE, 0x01, 0x80, 0x80, 0x07, 0x00, 0x1C, 0x00, 0x06, 0x00, 0xF0, 0x0F,
    0x81, 0x98, 0x06, 0x01, 0xFF, 0x3F, 0xF7, 0x8F, 0x70, 0x76, 0x07, 0x60, 0x76, 0x07, 0x70, 0x77,
    0x8F, 0x3F, 0xF1, 0xFF, 0x06, 0x00, 0x70, 0x07, 0x00, 0x20, 0x00, 0x00, 0x07, 0x00, 0x3C, 0x00,
    0xC0, 0x18, 0xC0, 0x7F, 0x00, 0xF8, 0x00, 0x00, 0x03, 0x00, 0x1C, 0x00, 0x78, 0x03, 0xE0, 0x0F,
    0xC0, 0x77, 0x01, 0xDC, 0x06, 0x38, 0x38, 0xE0, 0xFF, 0xC7, 0xFF, 0x1F, 0xFC, 0x60, 0x3B, 0x80,
    0xEE, 0x01, 0x80, 0x00, 0x01, 0xC0, 0x1C, 0x03, 0x80, 0x30, 0x18, 0xC1, 0xFC, 0x0F, 0x80, 0x70,
    0x1F, 0xF3, 0xFF, 0x78, 0xF7, 0x07, 0x60, 0x76, 0x07, 0x60, 0x77, 0x07, 0x78, 0xF3, 0xFF, 0x1F,
    0xF0, 0x60, 0x08, 0x00, 0x70, 0x00, 0xF0, 0x01, 0xC0, 0x18, 0xC0, 0x7F, 0x00, 0xF8, 0x00, 0x00,
    0x03, 0x00, 0x1C, 0x00, 0x78, 0x03, 0xE0, 0x0F, 0xC0, 0x77, 0x01, 0xDC, 0x06, 0x38, 0x38, 0xE0,
    0xFF, 0xC7, 0xFF, 0x1F, 0xFC, 0x60, 0x3B, 0x80, 0xEE, 0x01, 0x80, 0x00, 0x1C, 0x00, 0xE0, 0x07,
    0x01, 0xAC, 0x1F, 0xC0, 0xF8, 0x07, 0x01, 0xFF, 0x3F, 0xF7, 0x8F, 0x70, 0x76, 0x07, 0x60, 0x76,
    0x07, 0x70, 0x77, 0x8F, 0x3F, 0xF1, 0xFF, 0x06, 0x00, 0x07, 0x00, 0x3E, 0x00, 0x38, 0x00, 0xC0,
    0x00, 0x00, 0x63, 0x01, 0xFC, 0x03, 0xE0, 0x00, 0x00, 0x0C, 0x00, 0x70, 0x01, 0xE0, 0x0F, 0x80,
    0x3F, 0x01, 0xDC, 0x07, 0x70, 0x18, 0xE0, 0xE3, 0x83, 0xFF, 0x1F, 0xFC, 0x7F, 0xF1, 0x80, 0xEE,
    0x03, 0xB8, 0x06, 0x00, 0x00, 0x0F, 0x00, 0xF0, 0x03, 0x01, 0xBC, 0x1F, 0xC0, 0xF8, 0x07, 0x00,
    0x60, 0x1F, 0xF3, 0xFF, 0x78, 0xF7, 0x07, 0x60, 0x76, 0x07, 0x60, 0x77, 0x07, 0x78, 0xF3, 0xFF,
    0x1F, 0xF0, 0x60, 0x0E, 0x40, 0x7F, 0x81, 0xFC, 0x06, 0x20, 0x18, 0xC0, 0x7F, 0x00, 0xF8, 0x00,
    0x00, 0x03, 0x00, 0x1C, 0x00, 0x78, 0x03, 0xE0, 0x0F, 0xC0, 0x77, 0x01, 0xDC, 0x06, 0x38, 0x38,
    0xE0, 0xFF, 0xC7, 0xFF, 0x1F, 0xFC, 0x60, 0x3B, 0x80, 0xEE, 0x01, 0x80, 0x00, 0x08, 0xC3, 0xEC,
    0x3F, 0xC3, 0x38, 0x19, 0xC1, 0xF8, 0x1F, 0x80, 0x60, 0x1F, 0xF3, 0xFF, 0x78, 0xF7, 0x07, 0x60,
    0x76, 0x07, 0x60, 0x77, 0x07, 0x78, 0xF3, 0xFF, 0x1F, 0xF0, 0x60, 0x18, 0xC0, 0x7F, 0x00, 0xF8,
    0x00, 0x00, 0x03, 0x00, 0x1C, 0x00, 0x78, 0x03, 0xE0, 0x0F, 0xC0, 0x77, 0x01, 0xDC, 0x06, 0x38,
    0x38, 0xE0, 0xFF, 0xC7, 0xFF, 0x1F, 0xFC, 0x60, 0x3B, 0x80, 0xEE, 0x01, 0x80, 0x80, 0x07, 0x00,
    0x1C, 0x00, 0x18, 0xC1, 0xFC, 0x1F, 0x80, 0x70, 0x1F, 0xF3, 0xFF, 0x78, 0xF7, 0x07, 0x60, 0x76,
    0x07, 0x60, 0x77, 0x07, 0x78, 0xF3, 0xFF, 0x1F, 0xF0, 0x60, 0x07, 0x00, 0x70, 0x02, 0x00, 0x7F,
    0xFF, 0xFF, 0xFF, 0x80, 0xE0, 0x38, 0x0F, 0xFB, 0xFE, 0xFF, 0xB8, 0x0E, 0x03, 0x80, 0xE0, 0x3F,
    0xFF, 0xFC, 0x30, 0x0E, 0x03, 0x80, 0x06, 0x01, 0xF8, 0x3F, 0xC7, 0x8E, 0x70, 0xE7, 0xFF, 0x7F,
    0xE6, 0x00, 0x70, 0x07, 0x8E, 0x3F, 0xE1, 0xFC, 0x02, 0x00, 0x60, 0x07, 0x00, 0x60, 0x1E, 0x07,
    0xC0, 0x60, 0x18, 0x00, 0x1F, 0xFF, 0xFF, 0xFF, 0xE0, 0x38, 0x0E, 0x03, 0xFE, 0xFF, 0xBF, 0xEE,
    0x03, 0x80, 0xE0, 0x38, 0x0F, 0xFF, 0xFF, 0x0F, 0x00, 0xF0, 0x03, 0x00, 0x60, 0x06, 0x01, 0xF8,
    0x3F, 0xC7, 0x8E, 0x70, 0xE7, 0xFF, 0x7F, 0xE6, 0x00, 0x70, 0x07, 0x8E, 0x3F, 0xE1, 0xFC, 0x02,
    0x00, 0x39, 0x8F, 0xF7, 0xF8, 0x8C, 0x7F, 0xFF, 0xFF, 0xFF, 0x80, 0xE0, 0x38, 0x0F, 0xFB, 0xFE,
    0xFF, 0xB8, 0x0E, 0x03, 0x80, 0xE0, 0x3F, 0xFF, 0xFC, 0x08, 0x83, 0xEC, 0x3F, 0xC3, 0x38, 0x06,
    0x01, 0xF8, 0x3F, 0xC7, 0x8E, 0x70, 0xE7, 0xFF, 0x7F, 0xE6, 0x00, 0x70, 0x07, 0x8E, 0x3F, 0xE1,
    0xFC, 0x02, 0x00, 0x00, 0x10, 0x03, 0x81, 0x3C, 0x1D, 0xC1, 0xF0, 0x1D, 0xC1, 0xFF, 0x1F, 0xF8,
    0xFF, 0xC7, 0x00, 0x38, 0x01, 0xC0, 0x0F, 0xF8, 0x7F, 0xC3, 0xFE, 0x1C, 0x00, 0xE0, 0x07, 0x00,
    0x38, 0x01, 0xFF, 0x8F, 0xFC, 0x00, 0x00, 0x70, 0x07, 0x06, 0xE0, 0xFC, 0x1F, 0x81, 0x98, 0x06,
    0x01, 0xF8, 0x3F, 0xC7, 0x8E, 0x70, 0xE7, 0xFF, 0x7F, 0xE6, 0x00, 0x70, 0x07, 0x8E, 0x3F, 0xE1,
    0xFC, 0x02, 0x00, 0x02, 0x01, 0xC0, 0x78, 0x16, 0x0E, 0x07, 0xC3, 0xB9, 0xFF, 0xFF, 0xFF, 0xFE,
    0x03, 0x80, 0xE0, 0x3F, 0xEF, 0xFB, 0xFE, 0xE0, 0x38, 0x0E, 0x03, 0x80, 0xFF, 0xFF, 0xF0, 0x03,
    0x00, 0x38, 0x07, 0xC0, 0xF0, 0x1F, 0x81, 0x98, 0x06, 0x01, 0xF8, 0x3F, 0xC7, 0x8E, 0x70, 0xE7,
    0xFF, 0x7F, 0xE6, 0x00, 0x70, 0x07, 0x8E, 0x3F, 0xE1, 0xFC, 0x02, 0x00, 0x1E, 0x07, 0xC0, 0x60,
    0x18, 0x00, 0x01, 0x00, 0xE0, 0x7C, 0x3B, 0x9F, 0xFF, 0xFF, 0xFF, 0xE0, 0x38, 0x0E, 0x03, 0xFE,
    0xFF, 0xBF, 0xEE, 0x03, 0x80, 0xE0, 0x38, 0x0F, 0xFF, 0xFF, 0x01, 0xE0, 0x1E, 0x06, 0x60, 0xF6,
    0x1F, 0xC1, 0x98, 0x06, 0x01, 0xF8, 0x3F, 0xC7, 0x8E, 0x70, 0xE7, 0xFF, 0x7F, 0xE6, 0x00, 0x70,
    0x07, 0x8E, 0x3F, 0xE1, 0xFC, 0x02, 0x00, 0x39, 0x8F, 0xF7, 0xF8, 0x9C, 0x0E, 0x07, 0xC3, 0xB9,
    0xFF, 0xFF, 0xFF, 0xFE, 0x03, 0x80, 0xE0, 0x3F, 0xEF, 0xFB, 0xFE, 0xE0, 0x38, 0x0E, 0x03, 0x80,
    0xFF, 0xFF, 0xF0, 0x08, 0xC3, 0xEC, 0x3F, 0xC3, 0x38, 0x06, 0x00, 0xF0, 0x1F, 0x81, 0xF8, 0x1F,
    0x83, 0xFC, 0x78, 0xE7, 0x0E, 0x7F, 0xF7, 0xFE, 0x60, 0x07, 0x00, 0x78, 0xE3, 0xFE, 0x1F, 0xC0,
    0x20, 0x04, 0x03, 0x81, 0xF0, 0xEE, 0x7F, 0xFF, 0xFF, 0xFF, 0x80, 0xE0, 0x38, 0x0F, 0xFB, 0xFE,
    0xFF, 0xB8, 0x0E, 0x03, 0x80, 0xE0, 0x3F, 0xFF, 0xFC, 0x30, 0x0E, 0x03, 0x80, 0x06, 0x00, 0xF0,
    0x1F, 0x81, 0x98, 0x06, 0x01, 0xF8, 0x3F, 0xC7, 0x8E, 0x70, 0xE7, 0xFF, 0x7F, 0xE6, 0x00, 0x70,
    0x07, 0x8E, 0x3F, 0xE1, 0xFC, 0x02, 0x00, 0x60, 0x07, 0x00, 0x60, 0x77, 0xC6, 0x60, 0x19, 0xCE,
    0x73, 0x9C, 0xE7, 0x39, 0xCE, 0x73, 0x9C, 0xE0, 0xF7, 0x8C, 0x62, 0x39, 0xCE, 0x73, 0x9C, 0xE7,
    0x39, 0xCE, 0x7F, 0xFF, 0xFF, 0xFF, 0xFF, 0xFB, 0xFC, 0xFF, 0x8F, 0xFF, 0xFF, 0xFF, 0xF8, 0xFD,
    0x00, 0x07, 0xE0, 0x3F, 0xF0, 0xFF, 0xF1, 0xC1, 0xE7, 0x01, 0xEE, 0x01, 0xDC, 0x03, 0xB8, 0x07,
    0x70, 0x0E, 0xE0, 0x1D, 0xC0, 0x3B, 0xC0, 0xE3, 0xC7, 0xC3, 0xFF, 0x03, 0xFC, 0x00, 0xC0, 0x03,
    0x80, 0x03, 0x00, 0x02, 0x01, 0xFC, 0x3F, 0xE7, 0x8F, 0x70, 0x76, 0x07, 0x60, 0x76, 0x07, 0x70,
    0x77, 0x8F, 0x3F, 0xE1, 0xFC, 0x02, 0x00, 0x70, 0x07, 0x00, 0x20, 0x03, 0xC0, 0x07, 0x80, 0x03,
    0x00, 0x0C, 0x00, 0x00, 0x00, 0xFC, 0x07, 0xFE, 0x1F, 0xFE, 0x38, 0x3C, 0xE0, 0x3D, 0xC0, 0x3B,
    0x80, 0x77, 0x00, 0xEE, 0x01, 0xDC, 0x03, 0xB8, 0x07, 0x78, 0x1C, 0x78, 0xF8, 0x7F, 0xE0, 0x7F,
    0x80, 0x18, 0x00, 0x0F, 0x00, 0xF0, 0x03, 0x00, 0x30, 0x02, 0x01, 0xFC, 0x3F, 0xE7, 0x8F, 0x70,
    0x76, 0x07, 0x60, 0x76, 0x07, 0x70, 0x77, 0x8F, 0x3F, 0xE1, 0xFC, 0x02, 0x00, 0x00, 0x04, 0x00,
    0x1C, 0x06, 0xF0, 0x1F, 0xC0, 0x7E, 0x00, 0xCC, 0x01, 0xF8, 0x0F, 0xFC, 0x3F, 0xFC, 0x70, 0x79,
    0xC0, 0x7B, 0x80, 0x77, 0x00, 0xEE, 0x01, 0xDC, 0x03, 0xB8, 0x07, 0x70, 0x0E, 0xF0, 0x38, 0xF1,
    0xF0, 0xFF, 0xC0, 0xFF, 0x00, 0x30, 0x00, 0x00, 0x30, 0x07, 0x06, 0xE0, 0xFC, 0x1F, 0x81, 0x98,
    0x02, 0x01, 0xFC, 0x3F, 0xE7, 0x8F, 0x70, 0x76, 0x07, 0x60, 0x76, 0x07, 0x70, 0x77, 0x8F, 0x3F,
    0xE1, 0xFC, 0x02, 0x00, 0x00, 0xC0, 0x01, 0xC0, 0x03, 0xC0, 0x0D, 0x80, 0x3C, 0x00, 0xFC, 0x01,
    0x98, 0x03, 0xF0, 0x1F, 0xF8, 0x7F, 0xF8, 0xE0, 0xF3, 0x80, 0xF7, 0x00, 0xEE, 0x01, 0xDC, 0x03,
    0xB8, 0x07, 0x70, 0x0E, 0xE0, 0x1D, 0xE0, 0x71, 0xE3, 0xE1, 0xFF, 0x81, 0xFE, 0x00, 0x60, 0x00,
    0x03, 0x80, 0x3C, 0x07, 0xC0, 0xF0, 0x1F, 0x81, 0x98, 0x02, 0x01, 0xFC, 0x3F, 0xE7, 0x8F, 0x70,
    0x76, 0x07, 0x60, 0x76, 0x07, 0x70, 0x77, 0x8F, 0x3F, 0xE1, 0xFC, 0x02, 0x00, 0x00, 0x78, 0x00,
    0xF0, 0x06, 0x60, 0x1F, 0x80, 0x7F, 0x00, 0xCC, 0x01, 0xF8, 0x0F, 0xFC, 0x3F, 0xFC, 0x70, 0x79,
    0xC0, 0x7B, 0x80, 0x77, 0x00, 0xEE, 0x01, 0xDC, 0x03, 0xB8, 0x07, 0x70, 0x0E, 0xF0, 0x38, 0xF1,
    0xF0, 0xFF, 0xC0, 0xFF, 0x00, 0x30, 0x00, 0x00, 0xE0, 0x1F, 0x06, 0x70, 0xF6, 0x0F, 0xC1, 0x88,
    0x02, 0x01, 0xFC, 0x3F, 0xE7, 0x8F, 0x70, 0x76, 0x07, 0x60, 0x76, 0x07, 0x70, 0x77, 0x8F, 0x3F,
    0xE1, 0xFC, 0x02, 0x00, 0x07, 0x30, 0x1F, 0xE0, 0x37, 0xC0, 0x2F, 0x00, 0x3C, 0x00, 0xFC, 0x01,
    0x98, 0x03, 0xF0, 0x1F, 0xF8, 0x7F, 0xF8, 0xE0, 0xF3, 0x80, 0xF7, 0x00, 0xEE, 0x01, 0xDC, 0x03,
    0xB8, 0x07, 0x70, 0x0E, 0xE0, 0x1D, 0xE0, 0x71, 0xE3, 0xE1, 0xFF, 0x81, 0xFE, 0x00, 0x60, 0x00,
    0x0C, 0x41, 0xFE, 0x3F, 0xC1, 0x9C, 0x06, 0x00, 0xF0, 0x0F, 0x81, 0xF8, 0x1F, 0xC3, 0xFE, 0x78,
    0xF7, 0x07, 0x60, 0x76, 0x07, 0x60, 0x77, 0x07, 0x78, 0xF3, 0xFE, 0x1F, 0xC0, 0x20, 0x01, 0x80,
    0x07, 0x80, 0x1F, 0x80, 0x33, 0x00, 0x7E, 0x03, 0xFF, 0x0F, 0xFF, 0x1C, 0x1E, 0x70, 0x1E, 0xE0,
    0x1D, 0xC0, 0x3B, 0x80, 0x77, 0x00, 0xEE, 0x01, 0xDC, 0x03, 0xBC, 0x0E, 0x3C, 0x7C, 0x3F, 0xF0,
    0x3F, 0xC0, 0x0C, 0x00, 0x38, 0x00, 0x30, 0x00, 0x03, 0x00, 0xF0, 0x0F, 0x80, 0x88, 0x02, 0x01,
    0xFC, 0x3F, 0xE7, 0x8F, 0x70, 0x76, 0x07, 0x60, 0x76, 0x07, 0x70, 0x77, 0x8F, 0x3F, 0xE1, 0xFC,
    0x02, 0x00, 0x70, 0x07, 0x00, 0x20, 0x00, 0x20, 0x01, 0xC0, 0x07, 0xE0, 0x0E, 0xC0, 0x7F, 0x83,
    0xFF, 0x0F, 0xFF, 0x1C, 0x1E, 0x70, 0x1E, 0xE0, 0x1D, 0xC0, 0x3B, 0x80, 0x77, 0x00, 0xEE, 0x01,
    0xDC, 0x03, 0xBC, 0x0E, 0x3C, 0x7C, 0x3F, 0xF0, 0x3F, 0xC0, 0x0C, 0x00, 0x01, 0x80, 0x38, 0x03,
    0x00, 0x73, 0x02, 0x31, 0xFF, 0x3F, 0xE7, 0x8F, 0x70, 0x76, 0x07, 0x60, 0x76, 0x07, 0x70, 0x77,
    0x8F, 0x3F, 0xE1, 0xFC, 0x02, 0x00, 0x04, 0x00, 0x1E, 0x00, 0x1E, 0x60, 0x1C, 0xC0, 0x7F, 0x83,
    0xFF, 0x0F, 0xFF, 0x1C, 0x1E, 0x70, 0x1E, 0xE0, 0x1D, 0xC0, 0x3B, 0x80, 0x77, 0x00, 0xEE, 0x01,
    0xDC, 0x03, 0xBC, 0x0E, 0x3C, 0x7C, 0x3F, 0xF0, 0x3F, 0xC0, 0x0C, 0x00, 0x1C, 0x01, 0xE0, 0x0E,
    0x30, 0x63, 0x1F, 0xF3, 0xFE, 0x78, 0xF7, 0x07, 0x60, 0x76, 0x07, 0x60, 0x77, 0x07, 0x78, 0xF3,
    0xFE, 0x1F, 0xC0, 0x20, 0x03, 0xC0, 0x07, 0x80, 0x03, 0x00, 0x0C, 0xC0, 0x01, 0x80, 0xFF, 0x07,
    0xFE, 0x1F, 0xFE, 0x38, 0x3C, 0xE0, 0x3D, 0xC0, 0x3B, 0x80, 0x77, 0x00, 0xEE, 0x01, 0xDC, 0x03,
    0xB8, 0x07, 0x78, 0x1C, 0x78, 0xF8, 0x7F, 0xE0, 0x7F, 0x80, 0x18, 0x00, 0x0F, 0x00, 0xF0, 0x03,
    0x00, 0x33, 0x02, 0x31, 0xFF, 0x3F, 0xE7, 0x8F, 0x70, 0x76, 0x07, 0x60, 0x76, 0x07, 0x70, 0x77,
    0x8F, 0x3F, 0xE1, 0xFC, 0x02, 0x00, 0x07, 0x20, 0x1F, 0xE0, 0x3F, 0xE0, 0x62, 0xC0, 0x7F, 0x83,
    0xFF, 0x0F, 0xFF, 0x1C, 0x1E, 0x70, 0x1E, 0xE0, 0x1D, 0xC0, 0x3B, 0x80, 0x77, 0x00, 0xEE, 0x01,
    0xDC, 0x03, 0xBC, 0x0E, 0x3C, 0x7C, 0x3F, 0xF0, 0x3F, 0xC0, 0x0C, 0x00, 0x08, 0xC1, 0xEC, 0x3F,
    0xC1, 0x3B, 0x02, 0x31, 0xFF, 0x3F, 0xE7, 0x8F, 0x70, 0x76, 0x07, 0x60, 0x76, 0x07, 0x70, 0x77,
    0x8F, 0x3F, 0xE1, 0xFC, 0x02, 0x00, 0x00, 0x18, 0x00, 0x30, 0x1F, 0xE0, 0xFF, 0xC3, 0xFF, 0xC7,
    0x07, 0x9C, 0x07, 0xB8, 0x07, 0x70, 0x0E, 0xE0, 0x1D, 0xC0, 0x3B, 0x80, 0x77, 0x00, 0xEF, 0x03,
    0x8F, 0x1F, 0x0F, 0xFC, 0x0F, 0xF0, 0x03, 0x00, 0x0E, 0x00, 0x0C, 0x00, 0x00, 0x30, 0x23, 0x1F,
    0xF3, 0xFE, 0x78, 0xF7, 0x07, 0x60, 0x76, 0x07, 0x60, 0x77, 0x07, 0x78, 0xF3, 0xFE, 0x1F, 0xC0,
    0x20, 0x07, 0x00, 0x70, 0x06, 0x00, 0x60, 0x37, 0x01, 0xB8, 0x0D, 0xC0, 0x6E, 0x03, 0x70, 0x1B,
    0x80, 0xDC, 0x06, 0xE0, 0x37, 0x01, 0xB8, 0x0C, 0xE0, 0xE7, 0x9F, 0x1F, 0xF0, 0x7F, 0x00, 0xC0,
    0x07, 0x00, 0x38, 0x00, 0xE1, 0xF8, 0x7E, 0x1F, 0x87, 0xE1, 0xF8, 0x7E, 0x1F, 0x87, 0xF3, 0xDF,
    0xE3, 0xF0, 0x30, 0x0C, 0x03, 0x80, 0xC0, 0x0F, 0x00, 0x78, 0x00, 0xC0, 0x06, 0x00, 0x00, 0x30,
    0x1B, 0x80, 0xDC, 0x06, 0xE0, 0x37, 0x01, 0xB8, 0x0D, 0xC0, 0x6E, 0x03, 0x70, 0x1B, 0x80, 0xDC,
    0x06, 0x70, 0x73, 0xCF, 0x8F, 0xF8, 0x3F, 0x80, 0x00, 0x00, 0x1E, 0x07, 0x80, 0x60, 0x30, 0x04,
    0x38, 0x7E, 0x1F, 0x87, 0xE1, 0xF8, 0x7E, 0x1F, 0x87, 0xE1, 0xFC, 0xF7, 0xF8, 0xFC, 0x0C, 0x00,
    0x00, 0x80, 0x03, 0x80, 0x0F, 0x18, 0x18, 0x76, 0x03, 0xFC, 0x07, 0xB8, 0x0C, 0x70, 0x18, 0xE0,
    0x31, 0xC0, 0x63, 0x80, 0xC7, 0x01, 0x8E, 0x03, 0x1C, 0x06, 0x38, 0x0C, 0x38, 0x38, 0x79, 0xF0,
    0x7F, 0xC0, 0x7F, 0x00, 0x00, 0x00, 0x03, 0x00, 0x70, 0x06, 0x00, 0xE3, 0x00, 0x3E, 0x1F, 0xE1,
    0xEE, 0x1C, 0xE1, 0xCE, 0x1C, 0xE1, 0xCE, 0x1C, 0xE1, 0xCF, 0x3C, 0x7F, 0x83, 0xF0, 0x0C, 0x00,
    0x08, 0x00, 0x38, 0x00, 0x78, 0x18, 0x30, 0x76, 0x03, 0xFC, 0x07, 0xB8, 0x0C, 0x70, 0x18, 0xE0,
    0x31, 0xC0, 0x63, 0x80, 0xC7, 0x01, 0x8E, 0x03, 0x1C, 0x06, 0x38, 0x0C, 0x38, 0x38, 0x79, 0xF0,
    0x7F, 0xC0, 0x7F, 0x00, 0x00, 0x00, 0x38, 0x03, 0xC0, 0x1C, 0x30, 0x43, 0xE1, 0xFE, 0x1E, 0xE1,
    0xCE, 0x1C, 0xE1, 0xCE, 0x1C, 0xE1, 0xCE, 0x1C, 0xF3, 0xC7, 0xF8, 0x3F, 0x00, 0xC0, 0x0F, 0x00,
    0x1F, 0x00, 0x0C, 0x00, 0x18, 0x30, 0x00, 0xEC, 0x07, 0xF8, 0x0F, 0x70, 0x18, 0xE0, 0x31, 0xC0,
    0x63, 0x80, 0xC7, 0x01, 0x8E, 0x03, 0x1C, 0x06, 0x38, 0x0C, 0x70, 0x18, 0x70, 0x70, 0xF3, 0xE0,
    0xFF, 0x80, 0xFE, 0x00, 0x00, 0x00, 0x1E, 0x01, 0xE0, 0x06, 0x00, 0x63, 0x04, 0x3E, 0x1F, 0xE1,
    0xEE, 0x1C, 0xE1, 0xCE, 0x1C, 0xE1, 0xCE, 0x1C, 0xE1, 0xCF, 0x3C, 0x7F, 0x83, 0xF0, 0x0C, 0x00,
    0x1C, 0xC0, 0x3F, 0xC0, 0xFF, 0x18, 0x8C, 0x76, 0x03, 0xFC, 0x07, 0xB8, 0x0C, 0x70, 0x18, 0xE0,
    0x31, 0xC0, 0x63, 0x80, 0xC7, 0x01, 0x8E, 0x03, 0x1C, 0x06, 0x38, 0x0C, 0x38, 0x38, 0x79, 0xF0,
    0x7F, 0xC0, 0x7F, 0x00, 0x00, 0x00, 0x11, 0x83, 0xD8, 0x7F, 0x82, 0x73, 0x00, 0x3E, 0x1F, 0xE1,
    0xEE, 0x1C, 0xE1, 0xCE, 0x1C, 0xE1, 0xCE, 0x1C, 0xE1, 0xCF, 0x3C, 0x7F, 0x83, 0xF0, 0x0C, 0x00,
    0x00, 0x06, 0x00, 0x1D, 0x80, 0xFF, 0x01, 0xEE, 0x03, 0x1C, 0x06, 0x38, 0x0C, 0x70, 0x18, 0xE0,
    0x31, 0xC0, 0x63, 0x80, 0xC7, 0x01, 0x8E, 0x03, 0x0E, 0x0E, 0x1E, 0x7C, 0x1F, 0xF0, 0x1F, 0xC0,
    0x04, 0x00, 0x1C, 0x00, 0x38, 0x00, 0x00, 0x30, 0x03, 0xE1, 0xFE, 0x1E, 0xE1, 0xCE, 0x1C, 0xE1,
    0xCE, 0x1C, 0xE1, 0xCE, 0x1C, 0xF3, 0xC7, 0xF8, 0x3F, 0x00, 0xC0, 0x0E, 0x00, 0xE0, 0x0C, 0x00,
    0x10, 0x01, 0xC0, 0x1E, 0x00, 0x60, 0xC0, 0x3E, 0x07, 0xF0, 0xF7, 0x8E, 0x39, 0xC1, 0xFC, 0x1F,
    0x80, 0xF0, 0x07, 0x00, 0x70, 0x07, 0x00, 0x70, 0x07, 0x00, 0x70, 0x06, 0x00, 0x38, 0x0F, 0x01,
    0xC0, 0x00, 0xE1, 0xF8, 0x7E, 0x1F, 0x87, 0xE1, 0xF8, 0x7E, 0x1F, 0x87, 0xF3, 0xDF, 0xF7, 0xFC,
    0x67, 0x63, 0xDF, 0xE7, 0xF0, 0x20, 0xC0, 0x3E, 0x07, 0xF0, 0xF7, 0x8E, 0x39, 0xC1, 0xFC, 0x1F,
    0x80, 0xF0, 0x07, 0x00, 0x70, 0x07, 0x00, 0x70, 0x07, 0x00, 0x70, 0x06, 0x00, 0x60, 0x07, 0x00,
    0x70, 0x00, 0x0E, 0x1C, 0xE1, 0xCE, 0x1C, 0xE1, 0xCE, 0x1C, 0xE1, 0xCE, 0x1C, 0xE1, 0xCF, 0x3C,
    0x7F, 0xC7, 0xFC, 0x19, 0xC6, 0x3F, 0x7F, 0xF7, 0xF3, 0x08, 0x00, 0x0F, 0x00, 0xF0, 0x03, 0x00,
    0x60, 0x00, 0x0C, 0x03, 0xE0, 0x7F, 0x0F, 0x78, 0xE3, 0x9C, 0x1F, 0xC1, 0xF8, 0x0F, 0x00, 0x70,
    0x07, 0x00, 0x70, 0x07, 0x00, 0x70, 0x07, 0x00, 0x60, 0x1E, 0x07, 0x80, 0x60, 0x30, 0x04, 0x38,
    0x7E, 0x1F, 0x87, 0xE1, 0xF8, 0x7E, 0x1F, 0x87, 0xE1, 0xFC, 0xF7, 0xFD, 0xFF, 0x19, 0xD8, 0xF7,
    0xF9, 0xFC, 0x08, 0x00, 0x1C, 0xC3, 0xFC, 0x37, 0xC1, 0x18, 0xC0, 0x3E, 0x07, 0xF0, 0xF7, 0x8E,
    0x39, 0xC1, 0xFC, 0x1F, 0x80, 0xF0, 0x07, 0x00, 0x70, 0x07, 0x00, 0x70, 0x07, 0x00, 0x70, 0x06,
    0x00, 0x11, 0x1F, 0x67, 0xF9, 0x9C, 0x00, 0x38, 0x7E, 0x1F, 0x87, 0xE1, 0xF8, 0x7E, 0x1F, 0x87,
    0xE1, 0xFC, 0xF7, 0xFD, 0xFF, 0x19, 0xD8, 0xF7, 0xF9, 0xFC, 0x08, 0x00, 0xFD, 0xFB, 0xF0, 0x00,
    0x7F, 0xFF, 0xE0, 0x00, 0x7F, 0xFF, 0xE0, 0x00, 0x00, 0x7F, 0xFF, 0xBF, 0xFF, 0xC0, 0x00, 0x00,
    0x7F, 0xFF, 0xBF, 0xFF, 0xC0, 0x33, 0xB9, 0xE7, 0x00, 0x77, 0x9C, 0xE6, 0x00, 0x03, 0xBC, 0x67,
    0x30, 0x73, 0x3B, 0xBB, 0x9F, 0xEF, 0x70, 0x00, 0x77, 0x7F, 0x9D, 0xCE, 0xE6, 0x60, 0x00, 0x00,
    0x3B, 0xBF, 0xC6, 0x67, 0x73, 0x30, 0x00, 0x0E, 0x07, 0x03, 0x87, 0xFB, 0xF8, 0x70, 0x38, 0x1C,
    0x0E, 0x07, 0x01, 0x00, 0x00, 0x1C, 0x1C, 0x7E, 0x7F, 0x7E, 0x7E, 0x7F, 0x7E, 0x1C, 0x1C, 0x1C,
    0x10, 0xF9, 0xFF, 0xF7, 0xEF, 0x8E, 0x00, 0xEC, 0xDD, 0xDF, 0xBB, 0x80, 0x3C, 0x08, 0x00, 0x7E,
    0x1C, 0x00, 0x66, 0x38, 0x00, 0xE7, 0x30, 0x00, 0xE7, 0x70, 0x00, 0x66, 0xE0, 0x00, 0x7E, 0xC0,
    0x00, 0x3D, 0xDE, 0x3C, 0x13, 0xBF, 0x7E, 0x03, 0xF7, 0x76, 0x07, 0x73, 0x67, 0x0E, 0x73, 0x67,
    0x0E, 0x73, 0x67, 0x1C, 0x3F, 0x7E, 0x18, 0x3E, 0x3C, 0x00, 0x08, 0x08, 0x73, 0x77, 0x67, 0x67,
    0xE6, 0xE6, 0x44, 0x19, 0xDE, 0xEE, 0x39, 0xC7, 0x18, 0xE7, 0x1C, 0x73, 0x9D, 0xDC, 0xE0, 0x00,
    0x60, 0x1C, 0x03, 0x80, 0xE0, 0x38, 0x07, 0x01, 0xC0, 0x70, 0x0E, 0x03, 0x80, 0xE0, 0x1C, 0x07,
    0x01, 0xC0, 0x38, 0x00, 0x00, 0x38, 0x7E, 0x7E, 0xE6, 0xE6, 0xE6, 0x7E, 0x7C, 0x10, 0x0C, 0x1C,
    0x3C, 0x3C, 0x7C, 0xFE, 0x7E, 0x0C, 0x00, 0x7B, 0xFF, 0xBE, 0xFC, 0x7F, 0xFE, 0x20, 0x1C, 0xF9,
    0xC7, 0xEF, 0xDD, 0xDF, 0x3E, 0x10, 0x78, 0xF9, 0xF0, 0xE1, 0x87, 0x0C, 0x18, 0x00, 0x38, 0xF9,
    0xBB, 0xE7, 0xCD, 0xDF, 0xBE, 0x18, 0x38, 0xFB, 0xB7, 0x77, 0xE7, 0x9F, 0x3C, 0x20, 0x38, 0x7E,
    0x7E, 0xE6, 0xE6, 0xE6, 0x7E, 0x7C, 0x10, 0x13, 0xFE, 0xF3, 0x9C, 0xE3, 0x00, 0x73, 0xED, 0x86,
    0x39, 0xCF, 0xBE, 0xFB, 0xE7, 0x9C, 0xF8, 0x7F, 0xBE, 0x20, 0x0C, 0x1C, 0x3C, 0x3C, 0x7C, 0xFE,
    0x7E, 0x0C, 0x00, 0x7B, 0xFF, 0xBE, 0xFC, 0x7F, 0xFE, 0x20, 0x1C, 0xF9, 0xC7, 0xEF, 0xDD, 0xDF,
    0x3E, 0x10, 0x78, 0xF9, 0xF0, 0xE1, 0x87, 0x0C, 0x18, 0x00, 0x38, 0xF9, 0xBB, 0xE7, 0xCD, 0xDF,
    0xBE, 0x18, 0x38, 0xFB, 0xB7, 0x77, 0xE7, 0x9F, 0x3C, 0x20, 0x00, 0x60, 0x00, 0xDC, 0x1F, 0xB0,
    0x7F, 0xE3, 0xFF, 0x87, 0xB7, 0x1C, 0xEE, 0x39, 0xB8, 0x77, 0x70, 0xED, 0xC1, 0xFB, 0x83, 0xEE,
    0x07, 0xDC, 0x0F, 0x70, 0x0F, 0xEE, 0x1F, 0xFC, 0x7F, 0xF0, 0xDF, 0x03, 0xB8, 0x02, 0x60, 0x00,
    0x3F, 0xEF, 0xFD, 0xFF, 0xB8, 0x07, 0x00, 0xE0, 0x1F, 0xF3, 0xFE, 0x7F, 0xCF, 0x03, 0xF0, 0x7E,
    0x07, 0x00, 0xE0, 0x1C, 0x00, 0x0F, 0xC0, 0xFF, 0x0F, 0xF8, 0x70, 0xC3, 0x80, 0x1C, 0x01, 0xFE,
    0x1F, 0xF0, 0x7F, 0x87, 0xFE, 0x3F, 0xF0, 0x38, 0x03, 0xC0, 0x7F, 0xFF, 0xFF, 0xE0, 0x1C, 0x18,
    0x06, 0x1E, 0x07, 0x0F, 0x03, 0x87, 0xC1, 0xC3, 0xF0, 0xE1, 0xFC, 0x71, 0xFF, 0xFF, 0xFF, 0xFF,
    0x7F, 0xFF, 0x1C, 0x7F, 0x0E, 0x1F, 0x87, 0x07, 0xC3, 0x81, 0xE1, 0xC0, 0xF0, 0xE0, 0x38, 0x1F,
    0xC0, 0x7F, 0xE0, 0xFF, 0xC1, 0xC1, 0xC7, 0xFF, 0xEF, 0xFF, 0xCE, 0x0E, 0x1F, 0xF8, 0x3F, 0xF0,
    0x7F, 0x80, 0xE0, 0x01, 0xC0, 0x03, 0x80, 0x07, 0x00, 0x0E, 0x00, 0x00, 0xE0, 0x00, 0x6E, 0x00,
    0x07, 0xE0, 0x00, 0xE7, 0x06, 0x0E, 0x70, 0xF0, 0xE7, 0x0F, 0x1C, 0x7F, 0xFF, 0xEF, 0xFF, 0xFF,
    0x7F, 0xFF, 0xE1, 0xF9, 0xF8, 0x1F, 0x9F, 0x81, 0xF1, 0xF0, 0x0F, 0x0F, 0x00, 0xE0, 0xF0, 0x0E,
    0x06, 0x00, 0x03, 0x00, 0xE0, 0xFC, 0x3F, 0x1B, 0x9F, 0xE7, 0xF9, 0x8E, 0xE3, 0x9D, 0xE7, 0xF8,
    0xFC, 0x00, 0x1F, 0xE7, 0xF8, 0x03, 0xE0, 0x7F, 0xC7, 0xFE, 0x38, 0x23, 0x80, 0x7F, 0xC3, 0xFE,
    0x1F, 0xE0, 0xFF, 0x87, 0xFC, 0x3F, 0xC0, 0x78, 0x01, 0xE3, 0x87, 0xFC, 0x1F, 0xC0, 0x18, 0x18,
    0x0C, 0x70, 0x38, 0xE0, 0xF1, 0xC3, 0xC3, 0x8F, 0x07, 0x38, 0x1E, 0xFF, 0x7F, 0xFE, 0x7F, 0xF8,
    0x79, 0xC0, 0xE3, 0xC1, 0xC3, 0xC3, 0x83, 0xC7, 0x03, 0x8E, 0x03, 0x00, 0x00, 0x1F, 0xC0, 0x7F,
    0xE0, 0xFF, 0xE7, 0xFF, 0xE7, 0xFF, 0xCF, 0xFF, 0x9F, 0xFF, 0x1F, 0xF8, 0x3F, 0xF0, 0x7F, 0x80,
    0xE0, 0x01, 0xC0, 0x03, 0x80, 0x07, 0x00, 0x0E, 0x00, 0x00, 0x01, 0x80, 0x0E, 0x00, 0x7F, 0x03,
    0xFE, 0x1F, 0xF8, 0xFE, 0x07, 0xB8, 0x1C, 0xE0, 0x73, 0x81, 0xCF, 0xF7, 0x3F, 0xDC, 0xFF, 0x73,
    0x9C, 0xEE, 0x73, 0xFB, 0xC7, 0xFF, 0x0F, 0xF8, 0x0F, 0x00, 0x38, 0x00, 0xE0, 0x01, 0x80, 0x1C,
    0x01, 0xF8, 0x1F, 0xF3, 0xFF, 0x9F, 0xC9, 0xCE, 0x0E, 0x70, 0x73, 0x83, 0x9C, 0x1C, 0xE0, 0xE7,
    0x07, 0x38, 0x3D, 0xC0, 0xFE, 0xE3, 0xFF, 0x0F, 0xF0, 0x1C, 0x00, 0xE0, 0x03, 0x00, 0x7F, 0xEF,
    0xFD, 0xFF, 0xBF, 0xE7, 0xFE, 0xFF, 0xC0, 0xE3, 0xFC, 0x7F, 0x0F, 0xE0, 0x0E, 0x01, 0xC0, 0x38,
    0x03, 0x80, 0x70, 0x18, 0x01, 0xC0, 0x1D, 0x01, 0xF8, 0x1F, 0x03, 0xE0, 0xFF, 0xCF, 0xF8, 0x1F,
    0x07, 0xC0, 0x7C, 0x71, 0xC7, 0x1D, 0xE1, 0xFE, 0x1F, 0x80, 0xC0, 0x06, 0x00, 0x38, 0x03, 0xE0,
    0x7F, 0x87, 0xFE, 0x3B, 0xF9, 0x9D, 0xDC, 0xEE, 0xE7, 0x37, 0x39, 0xB9, 0xCD, 0xCC, 0x6E, 0x03,
    0x70, 0x1B, 0x80, 0xDC, 0x06, 0xE0, 0x30, 0x00, 0x00, 0x3F, 0x87, 0xFE, 0x7F, 0xE7, 0x07, 0x70,
    0x77, 0x07, 0x70, 0x7F, 0xFE, 0xFF, 0xEF, 0xF8, 0xF8, 0x0F, 0xC0, 0xFC, 0x07, 0x00, 0x70, 0x00,
    0x0C, 0x00, 0xF0, 0x0F, 0x80, 0x3C, 0x07, 0xE1, 0xFE, 0x3F, 0xE7, 0x8F, 0x70, 0x76, 0x07, 0x60,
    0x76, 0x07, 0x70, 0x77, 0x8E, 0x3F, 0xC1, 0xF8, 0x02, 0x00, 0x0F, 0xB1, 0xFF, 0x8F, 0x7C, 0xE3,
    0xE7, 0x3F, 0x3B, 0xF9, 0xF9, 0xCF, 0x8E, 0x78, 0xF3, 0xFF, 0x3F, 0xF0, 0x84, 0x00, 0x03, 0x00,
    0x07, 0x00, 0x1E, 0x00, 0x3E, 0x00, 0x6C, 0x01, 0xDC, 0x03, 0x38, 0x0E, 0x38, 0x1C, 0x70, 0x70,
    0x60, 0xE0, 0xE3, 0x80, 0xC7, 0x01, 0xCF, 0xFF, 0x9F, 0xFF, 0x00, 0x7F, 0xFD, 0xFF, 0xFD, 0xFF,
    0xF1, 0xC1, 0xC3, 0x83, 0x87, 0x07, 0x0E, 0x0E, 0x1C, 0x1C, 0x38, 0x38, 0x70, 0x70, 0xE0, 0xE1,
    0xC1, 0xC3, 0x83, 0x87, 0x07, 0x0E, 0x0E, 0x1C, 0x1C, 0x38, 0x38, 0x70, 0x70, 0xE0, 0xC0, 0x00,
    0x00, 0x00, 0x0F, 0xF9, 0xFF, 0x3C, 0x03, 0x80, 0x38, 0x03, 0x80, 0x38, 0x07, 0x01, 0xC0, 0x70,
    0x1C, 0x07, 0x00, 0xFF, 0x9F, 0xF0, 0xFF, 0xDF, 0xF8, 0x00, 0x00, 0x00, 0x60, 0x06, 0x00, 0xE0,
    0x0C, 0x01, 0xC0, 0x18, 0x03, 0x80, 0x30, 0x07, 0x00, 0x60, 0x0E, 0x00, 0xC0, 0x1C, 0x01, 0x80,
    0x38, 0x03, 0x00, 0x70, 0x06, 0x00, 0xE0, 0x0C, 0x00, 0x4E, 0xEE, 0x00, 0x08, 0x00, 0x70, 0x01,
    0x80, 0x0E, 0x00, 0x38, 0x00, 0xC3, 0x87, 0x1F, 0x18, 0x7C, 0xE0, 0x3B, 0x80, 0xEC, 0x01, 0xF0,
    0x07, 0xC0, 0x0E, 0x00, 0x38, 0x00, 0x00, 0x00, 0x0F, 0x87, 0xC7, 0xF3, 0xF9, 0xCF, 0xCE, 0x61,
    0xE1, 0x98, 0x78, 0x67, 0x3F, 0x39, 0xFC, 0xFE, 0x3E, 0x1F, 0x00, 0x00, 0x00, 0x00, 0xE0, 0x3F,
    0x03, 0xF0, 0x78, 0x07, 0x00, 0x70, 0x07, 0x00, 0x70, 0x06, 0x00, 0xE0, 0x0E, 0x00, 0xE0, 0x0E,
    0x00, 0xE0, 0x0E, 0x01, 0xC0, 0xFC, 0x0F, 0x80, 0xF0, 0x00, 0x78, 0xFF, 0xFF, 0xFF, 0x1E, 0x70,
    0xFF, 0xBF, 0xFF, 0x1E, 0x01, 0x00, 0x70, 0x0C, 0x7F, 0xEF, 0xFC, 0x1C, 0x07, 0x07, 0xFE, 0xFF,
    0xC7, 0x01, 0xC0, 0x10, 0x00, 0x00, 0xC0, 0x78, 0x7F, 0x3F, 0x0F, 0x81, 0xFC, 0x07, 0xF0, 0x1F,
    0x00, 0xDF, 0xFF, 0xFF, 0xBF, 0xF0, 0x60, 0x1F, 0x81, 0xFC, 0x07, 0xF0, 0x3E, 0x3F, 0x9F, 0xC3,
    0xC0, 0x40, 0x1F, 0xFF, 0xFF, 0xBF, 0xE0, 0x07, 0x00, 0xFD, 0x87, 0xDC, 0x30, 0x63, 0x80, 0x7F,
    0x9B, 0xFC, 0xC7, 0xC6, 0x38, 0x31, 0xC1, 0x8E, 0x0C, 0x70, 0x63, 0x83, 0x1C, 0x18, 0xE0, 0xC3,
    0x06, 0x07, 0x30, 0xFD, 0xC7, 0xCE, 0x30, 0x73, 0x83, 0xFF, 0x9F, 0xFC, 0xE7, 0xC7, 0x38, 0x39,
    0xC1, 0xCE, 0x0E, 0x70, 0x73, 0x83, 0x9C, 0x1C, 0xE0, 0xE3, 0x06,
};

static const EpdGlyph quicksand_sb_10_regularGlyphs[] = {
    { 0, 0, 93, 0, 0, 0, 0 }, // U+000D
    { 0, 0, 93, 0, 0, 0, 0 }, // U+0020
    { 3, 15, 80, 1, 15, 6, 0 }, // !
    { 8, 7, 138, 0, 15, 7, 6 }, // "
    { 14, 15, 227, 0, 15, 27, 13 }, // #
    { 12, 20, 195, 0, 17, 30, 40 }, // $
    { 16, 16, 268, 0, 15, 32, 70 }, // %
    { 15, 16, 233, 0, 15, 30, 102 }, // &
    { 4, 7, 69, 0, 15, 4, 132 }, // '
    { 8, 19, 121, 0, 15, 19, 136 }, // (
    { 7, 19, 121, 0, 15, 17, 155 }, // )
    { 7, 7, 115, 0, 15, 7, 172 }, // *
    { 12, 12, 191, 0, 13, 18, 179 }, // +
    { 5, 6, 83, 0, 3, 4, 197 }, // ,
    { 7, 3, 131, 1, 8, 3, 201 }, // -
    { 3, 3, 75, 1, 3, 2, 204 }, // .
    { 11, 20, 184, 0, 17, 28, 206 }, // /
    { 12, 16, 203, 0, 15, 24, 234 }, // 0
    { 7, 15, 128, 0, 15, 14, 258 }, // 1
    { 10, 15, 188, 1, 15, 19, 272 }, // 2
    { 11, 16, 178, 0, 15, 22, 291 }, // 3
    { 12, 15, 189, 0, 15, 23, 313 }, // 4
    { 10, 16, 189, 1, 15, 20, 336 }, // 5
    { 10, 16, 183, 1, 15, 20, 356 }, // 6
    { 10, 16, 179, 1, 15, 20, 376 }, // 7
    { 11, 16, 182, 0, 15, 22, 396 }, // 8
    { 10, 16, 188, 1, 15, 20, 418 }, // 9
    { 3, 11, 81, 1, 11, 5, 438 }, // :
    { 4, 14, 87, 1, 11, 7, 443 }, // ;
    { 10, 12, 175, 0, 13, 15, 450 }, // <
    { 11, 7, 195, 1, 10, 10, 465 }, // =
    { 10, 12, 176, 1, 13, 15, 475 }, // >
    { 10, 16, 171, 0, 16, 20, 490 }, // ?
    { 20, 19, 322, 0, 15, 48, 510 }, // @
    { 14, 16, 214, 0, 15, 28, 558 }, // A
    { 12, 15, 218, 1, 15, 23, 586 }, // B
    { 13, 16, 212, 0, 15, 26, 609 }, // C
    { 14, 15, 239, 1, 15, 27, 635 }, // D
    { 10, 15, 190, 1, 15, 19, 662 }, // E
    { 10, 15, 188, 1, 15, 19, 681 }, // F
    { 14, 16, 232, 0, 15, 28, 700 }, // G
    { 13, 15, 240, 1, 15, 25, 728 }, // H
    { 3, 15, 89, 1, 15, 6, 753 }, // I
    { 9, 16, 186, 1, 15, 18, 759 }, // J
    { 13, 16, 221, 1, 15, 26, 777 }, // K
    { 10, 15, 184, 1, 15, 19, 803 }, // L
    { 15, 15, 274, 1, 15, 29, 822 }, // M
    { 13, 15, 244, 1, 15, 25, 851 }, // N
    { 15, 16, 254, 0, 15, 30, 876 }, // O
    { 11, 15, 200, 1, 15, 21, 906 }, // P
    { 17, 19, 254, 0, 15, 41, 927 }, // Q
    { 13, 16, 227, 1, 15, 26, 968 }, // R
    { 12, 16, 195, 0, 15, 24, 994 }, // S
    { 13, 15, 206, 0, 15, 25, 1018 }, // T
    { 13, 16, 236, 1, 15, 26, 1043 }, // U
    { 14, 15, 225, 0, 15, 27, 1069 }, // V
    { 20, 15, 317, 0, 15, 38, 1096 }, // W
    { 13, 16, 213, 0, 15, 26, 1134 }, // X
    { 12, 15, 195, 0, 15, 23, 1160 }, // Y
    { 13, 15, 216, 0, 15, 25, 1183 }, // Z
    { 7, 19, 135, 1, 15, 17, 1208 }, // [
    { 12, 20, 184, 0, 17, 30, 1225 }, // <backslash>
    { 7, 19, 135, 0, 15, 17, 1255 }, // ]
    { 11, 9, 195, 1, 16, 13, 1272 }, // ^
    { 13, 3, 231, 1, -1, 5, 1285 }, // _
    { 5, 4, 83, 0, 15, 3, 1290 }, // `
    { 12, 13, 207, 0, 12, 20, 1293 }, // a
    { 12, 17, 207, 1, 16, 26, 1313 }, // b
    { 11, 13, 173, 0, 12, 18, 1339 }, // c
    { 12, 17, 207, 0, 16, 26, 1357 }, // d
    { 12, 13, 194, 0, 12, 20, 1383 }, // e
    { 9, 16, 137, 0, 16, 18, 1403 }, // f
    { 12, 17, 211, 0, 12, 26, 1421 }, // g
    { 10, 16, 193, 1, 16, 20, 1447 }, // h
    { 3, 15, 76, 1, 15, 6, 1467 }, // i
    { 5, 20, 91, -1, 15, 13, 1473 }, // j
    { 10, 16, 186, 1, 16, 20, 1486 }, // k
    { 3, 16, 86, 1, 16, 6, 1506 }, // l
    { 17, 12, 306, 1, 12, 26, 1512 }, // m
    { 10, 12, 197, 1, 12, 15, 1538 }, // n
    { 12, 13, 206, 0, 12, 20, 1553 }, // o
    { 12, 17, 207, 1, 12, 26, 1573 }, // p
    { 12, 17, 207, 0, 12, 26, 1599 }, // q
    { 8, 12, 139, 1, 12, 12, 1625 }, // r
    { 10, 13, 159, 0, 12, 17, 1637 }, // s
    { 8, 14, 129, 0, 14, 14, 1654 }, // t
    { 10, 12, 194, 1, 11, 15, 1668 }, // u
    { 11, 13, 184, 0, 12, 18, 1683 }, // v
    { 16, 13, 254, 0, 12, 26, 1701 }, // w
    { 10, 13, 162, 0, 12, 17, 1727 }, // x
    { 10, 17, 194, 1, 12, 22, 1744 }, // y
    { 10, 11, 161, 0, 11, 14, 1766 }, // z
    { 9, 20, 137, 0, 15, 23, 1780 }, // {
    { 3, 20, 78, 1, 17, 8, 1803 }, // |
    { 9, 20, 137, 0, 15, 23, 1811 }, // }
    { 9, 4, 171, 1, 9, 5, 1834 }, // ~
    { 0, 0, 93, 0, 0, 0, 1839 }, // U+00A0
    { 3, 16, 80, 1, 12, 6, 1839 }, // U+00A1
    { 11, 15, 172, 0, 15, 21, 1845 }, // U+00A2
    { 13, 16, 207, 0, 15, 26, 1866 }, // U+00A3
    { 10, 10, 183, 1, 11, 13, 1892 }, // U+00A4
    { 12, 15, 195, 0, 15, 23, 1905 }, // U+00A5
    { 3, 20, 80, 1, 17, 8, 1928 }, // U+00A6
    { 11, 18, 183, 0, 15, 25, 1936 }, // U+00A7
    { 7, 3, 138, 1, 15, 3, 1961 }, // U+00A8
    { 16, 16, 262, 0, 15, 32, 1964 }, // U+00A9
    { 7, 8, 118, 0, 16, 7, 1996 }, // U+00AA
    { 10, 9, 159, 0, 10, 12, 2003 }, // U+00AB
    { 12, 7, 224, 1, 9, 11, 2015 }, // U+00AC
    { 7, 3, 131, 1, 8, 3, 2026 }, // U+00AD
    { 10, 10, 168, 0, 15, 13, 2029 }, // U+00AE
    { 7, 2, 142, 1, 14, 2, 2042 }, // U+00AF
    { 8, 7, 124, 0, 15, 7, 2044 }, // U+00B0
    { 12, 13, 187, 0, 14, 20, 2051 }, // U+00B1
    { 6, 8, 116, 1, 17, 6, 2071 }, // U+00B2
    { 6, 9, 114, 1, 17, 7, 2077 }, // U+00B3
    { 4, 4, 89, 1, 16, 2, 2084 }, // U+00B4
    { 10, 15, 196, 1, 11, 19, 2086 }, // U+00B5
    { 12, 17, 210, 0, 15, 26, 2105 }, // U+00B6
    { 3, 3, 71, 1, 8, 2, 2131 }, // U+00B7
    { 5, 5, 89, 0, 1, 4, 2133 }, // U+00B8
    { 5, 9, 96, 0, 17, 6, 2137 }, // U+00B9
    { 7, 7, 117, 0, 15, 7, 2143 }, // U+00BA
    { 10, 9, 160, 0, 10, 12, 2150 }, // U+00BB
    { 16, 16, 260, 0, 15, 32, 2162 }, // U+00BC
    { 16, 16, 261, 0, 15, 32, 2194 }, // U+00BD
    { 15, 16, 269, 1, 15, 30, 2226 }, // U+00BE
    { 10, 17, 170, 0, 12, 22, 2256 }, // U+00BF
    { 14, 20, 214, 0, 19, 35, 2278 }, // U+00C0
    { 14, 20, 214, 0, 19, 35, 2313 }, // U+00C1
    { 14, 20, 214, 0, 19, 35, 2348 }, // U+00C2
    { 14, 20, 214, 0, 19, 35, 2383 }, // U+00C3
    { 14, 20, 214, 0, 19, 35, 2418 }, // U+00C4
    { 14, 19, 215, 0, 18, 34, 2453 }, // U+00C5
    { 18, 16, 299, 0, 15, 36, 2487 }, // U+00C6
    { 13, 19, 212, 0, 15, 31, 2523 }, // U+00C7
    { 10, 19, 190, 1, 19, 24, 2554 }, // U+00C8
    { 10, 19, 190, 1, 19, 24, 2578 }, // U+00C9
    { 10, 19, 190, 1, 19, 24, 2602 }, // U+00CA
    { 10, 19, 190, 1, 19, 24, 2626 }, // U+00CB
    { 5, 19, 89, -1, 19, 12, 2650 }, // U+00CC
    { 6, 19, 89, 1, 19, 15, 2662 }, // U+00CD
    { 7, 19, 89, -1, 19, 17, 2677 }, // U+00CE
    { 7, 19, 89, -1, 19, 17, 2694 }, // U+00CF
    { 15, 15, 239, 0, 15, 29, 2711 }, // U+00D0
    { 13, 19, 244, 1, 19, 31, 2740 }, // U+00D1
    { 15, 20, 254, 0, 19, 38, 2771 }, // U+00D2
    { 15, 20, 254, 0, 19, 38, 2809 }, // U+00D3
    { 15, 20, 254, 0, 19, 38, 2847 }, // U+00D4
    { 15, 20, 254, 0, 19, 38, 2885 }, // U+00D5
    { 15, 20, 254, 0, 19, 38, 2923 }, // U+00D6
    { 9, 9, 163, 1, 11, 11, 2961 }, // U+00D7
    { 15, 17, 245, 0, 16, 32, 2972 }, // U+00D8
    { 13, 20, 236, 1, 19, 33, 3004 }, // U+00D9
    { 13, 20, 236, 1, 19, 33, 3037 }, // U+00DA
    { 13, 20, 236, 1, 19, 33, 3070 }, // U+00DB
    { 13, 20, 236, 1, 19, 33, 3103 }, // U+00DC
    { 12, 19, 195, 0, 19, 29, 3136 }, // U+00DD
    { 11, 16, 199, 1, 16, 22, 3165 }, // U+00DE
    { 13, 17, 216, 0, 16, 28, 3187 }, // U+00DF
    { 12, 16, 207, 0, 15, 24, 3215 }, // U+00E0
    { 12, 17, 207, 0, 16, 26, 3239 }, // U+00E1
    { 12, 17, 207, 0, 16, 26, 3265 }, // U+00E2
    { 12, 17, 207, 0, 16, 26, 3291 }, // U+00E3
    { 12, 16, 207, 0, 15, 24, 3317 }, // U+00E4
    { 12, 18, 207, 0, 17, 27, 3341 }, // U+00E5
    { 19, 13, 306, 0, 12, 31, 3368 }, // U+00E6
    { 11, 16, 173, 0, 12, 22, 3399 }, // U+00E7
    { 12, 16, 194, 0, 15, 24, 3421 }, // U+00E8
    { 12, 17, 194, 0, 16, 26, 3445 }, // U+00E9
    { 12, 17, 194, 0, 16, 26, 3471 }, // U+00EA
    { 12, 16, 194, 0, 15, 24, 3497 }, // U+00EB
    { 5, 15, 76, -1, 15, 10, 3521 }, // U+00EC
    { 5, 16, 76, 1, 16, 10, 3531 }, // U+00ED
    { 7, 16, 76, -1, 16, 14, 3541 }, // U+00EE
    { 7, 15, 76, -1, 15, 14, 3555 }, // U+00EF
    { 12, 17, 194, 0, 16, 26, 3569 }, // U+00F0
    { 10, 16, 197, 1, 16, 20, 3595 }, // U+00F1
    { 12, 16, 206, 0, 15, 24, 3615 }, // U+00F2
    { 12, 17, 206, 0, 16, 26, 3639 }, // U+00F3
    { 12, 17, 206, 0, 16, 26, 3665 }, // U+00F4
    { 12, 17, 206, 0, 16, 26, 3691 }, // U+00F5
    { 12, 16, 206, 0, 15, 24, 3717 }, // U+00F6
    { 11, 11, 200, 1, 12, 16, 3741 }, // U+00F7
    { 12, 13, 206, 0, 12, 20, 3757 }, // U+00F8
    { 10, 16, 194, 1, 15, 20, 3777 }, // U+00F9
    { 10, 17, 194, 1, 16, 22, 3797 }, // U+00FA
    { 10, 17, 194, 1, 16, 22, 3819 }, // U+00FB
    { 10, 16, 194, 1, 15, 20, 3841 }, // U+00FC
    { 10, 21, 194, 1, 16, 27, 3861 }, // U+00FD
    { 12, 21, 207, 1, 16, 32, 3888 }, // U+00FE
    { 10, 20, 194, 1, 15, 25, 3920 }, // U+00FF
    { 14, 19, 214, 0, 18, 34, 3945 }, // U+0100
    { 12, 15, 207, 0, 14, 23, 3979 }, // U+0101
    { 14, 20, 214, 0, 19, 35, 4002 }, // U+0102
    { 12, 16, 207, 0, 15, 24, 4037 }, // U+0103
    { 14, 20, 215, 0, 15, 35, 4061 }, // U+0104
    { 12, 17, 207, 0, 12, 26, 4096 }, // U+0105
    { 13, 20, 212, 0, 19, 33, 4122 }, // U+0106
    { 11, 17, 173, 0, 16, 24, 4155 }, // U+0107
    { 13, 20, 212, 0, 19, 33, 4179 }, // U+0108
    { 11, 17, 173, 0, 16, 24, 4212 }, // U+0109
    { 13, 19, 212, 0, 18, 31, 4236 }, // U+010A
    { 11, 16, 173, 0, 15, 22, 4267 }, // U+010B
    { 13, 20, 212, 0, 19, 33, 4289 }, // U+010C
    { 11, 17, 173, 0, 16, 24, 4322 }, // U+010D
    { 14, 19, 239, 1, 19, 34, 4346 }, // U+010E
    { 16, 17, 227, 0, 16, 34, 4380 }, // U+010F
    { 15, 15, 239, 0, 15, 29, 4414 }, // U+0110
    { 13, 17, 207, 0, 16, 28, 4443 }, // U+0111
    { 10, 18, 190, 1, 18, 23, 4471 }, // U+0112
    { 12, 15, 194, 0, 14, 23, 4494 }, // U+0113
    { 10, 19, 190, 1, 19, 24, 4517 }, // U+0114
    { 12, 16, 194, 0, 15, 24, 4541 }, // U+0115
    { 10, 18, 190, 1, 18, 23, 4565 }, // U+0116
    { 12, 16, 194, 0, 15, 24, 4588 }, // U+0117
    { 10, 20, 191, 1, 15, 25, 4612 }, // U+0118
    { 12, 17, 194, 0, 12, 26, 4637 }, // U+0119
    { 10, 19, 190, 1, 19, 24, 4663 }, // U+011A
    { 12, 17, 194, 0, 16, 26, 4687 }, // U+011B
    { 14, 20, 232, 0, 19, 35, 4713 }, // U+011C
    { 12, 21, 211, 0, 16, 32, 4748 }, // U+011D
    { 14, 20, 232, 0, 19, 35, 4780 }, // U+011E
    { 12, 20, 211, 0, 15, 30, 4815 }, // U+011F
    { 14, 19, 232, 0, 18, 34, 4845 }, // U+0120
    { 12, 20, 211, 0, 15, 30, 4879 }, // U+0121
    { 14, 20, 232, 0, 15, 35, 4909 }, // U+0122
    { 12, 22, 211, 0, 17, 33, 4944 }, // U+0123
    { 13, 19, 240, 1, 19, 31, 4977 }, // U+0124
    { 12, 20, 193, -1, 20, 30, 5008 }, // U+0125
    { 15, 15, 271, 1, 15, 29, 5038 }, // U+0126
    { 12, 16, 193, -1, 16, 24, 5067 }, // U+0127
    { 8, 19, 89, -1, 19, 19, 5091 }, // U+0128
    { 9, 16, 76, -2, 16, 18, 5110 }, // U+0129
    { 8, 18, 89, -1, 18, 18, 5128 }, // U+012A
    { 8, 14, 76, -2, 14, 14, 5146 }, // U+012B
    { 8, 19, 89, -1, 19, 19, 5160 }, // U+012C
    { 7, 15, 76, -1, 15, 14, 5179 }, // U+012D
    { 6, 20, 88, -1, 15, 15, 5193 }, // U+012E
    { 6, 20, 76, -1, 15, 15, 5208 }, // U+012F
    { 3, 18, 89, 1, 18, 7, 5223 }, // U+0130
    { 3, 12, 76, 1, 12, 5, 5230 }, // U+0131
    { 10, 16, 197, 1, 15, 20, 5235 }, // U+0132
    { 8, 20, 160, 1, 15, 20, 5255 }, // U+0133
    { 11, 20, 186, 1, 19, 28, 5275 }, // U+0134
    { 7, 21, 88, -1, 16, 19, 5303 }, // U+0135
    { 13, 20, 221, 1, 15, 33, 5322 }, // U+0136
    { 10, 22, 186, 1, 16, 28, 5355 }, // U+0137
    { 10, 11, 186, 1, 11, 14, 5383 }, // U+0138
    { 10, 19, 184, 1, 19, 24, 5397 }, // U+0139
    { 5, 20, 86, 1, 20, 13, 5421 }, // U+013A
    { 10, 20, 184, 1, 15, 25, 5434 }, // U+013B
    { 5, 22, 86, 0, 16, 14, 5459 }, // U+013C
    { 10, 16, 184, 1, 16, 20, 5473 }, // U+013D
    { 7, 16, 102, 1, 16, 14, 5493 }, // U+013E
    { 10, 15, 180, 1, 15, 19, 5507 }, // U+013F
    { 7, 16, 122, 1, 16, 14, 5526 }, // U+0140
    { 13, 15, 205, 0, 15, 25, 5540 }, // U+0141
    { 7, 16, 86, -1, 16, 14, 5565 }, // U+0142
    { 13, 19, 244, 1, 19, 31, 5579 }, // U+0143
    { 10, 16, 197, 1, 16, 20, 5610 }, // U+0144
    { 13, 20, 244, 1, 15, 33, 5630 }, // U+0145
    { 10, 18, 197, 1, 12, 23, 5663 }, // U+0146
    { 13, 19, 244, 1, 19, 31, 5686 }, // U+0147
    { 10, 16, 197, 1, 16, 20, 5717 }, // U+0148
    { 13, 15, 206, -1, 15, 25, 5737 }, // U+0149
    { 13, 20, 251, 1, 15, 33, 5762 }, // U+014A
    { 10, 17, 197, 1, 12, 22, 5795 }, // U+014B
    { 15, 19, 254, 0, 18, 36, 5817 }, // U+014C
    { 12, 15, 206, 0, 14, 23, 5853 }, // U+014D
    { 15, 20, 254, 0, 19, 38, 5876 }, // U+014E
    { 12, 16, 206, 0, 15, 24, 5914 }, // U+014F
    { 15, 20, 254, 0, 19, 38, 5938 }, // U+0150
    { 12, 17, 206, 0, 16, 26, 5976 }, // U+0151
    { 20, 15, 325, 0, 15, 38, 6002 }, // U+0152
    { 21, 13, 338, 0, 12, 35, 6040 }, // U+0153
    { 13, 20, 227, 1, 19, 33, 6075 }, // U+0154
    { 8, 16, 139, 1, 16, 16, 6108 }, // U+0155
    { 13, 20, 227, 1, 15, 33, 6124 }, // U+0156
    { 9, 18, 139, 0, 12, 21, 6157 }, // U+0157
    { 13, 20, 227, 1, 19, 33, 6178 }, // U+0158
    { 8, 16, 139, 1, 16, 16, 6211 }, // U+0159
    { 12, 20, 195, 0, 19, 30, 6227 }, // U+015A
    { 10, 17, 159, 0, 16, 22, 6257 }, // U+015B
    { 12, 20, 195, 0, 19, 30, 6279 }, // U+015C
    { 10, 17, 159, 0, 16, 22, 6309 }, // U+015D
    { 12, 19, 195, 0, 15, 29, 6331 }, // U+015E
    { 10, 16, 159, 0, 12, 20, 6360 }, // U+015F
    { 12, 20, 195, 0, 19, 30, 6380 }, // U+0160
    { 10, 17, 159, 0, 16, 22, 6410 }, // U+0161
    { 13, 19, 206, 0, 15, 31, 6432 }, // U+0162
    { 8, 18, 129, 0, 14, 18, 6463 }, // U+0163
    { 13, 19, 206, 0, 19, 31, 6481 }, // U+0164
    { 9, 17, 129, 0, 17, 20, 6512 }, // U+0165
    { 13, 15, 206, 0, 15, 25, 6532 }, // U+0166
    { 8, 14, 129, 0, 14, 14, 6557 }, // U+0167
    { 13, 20, 236, 1, 19, 33, 6571 }, // U+0168
    { 10, 17, 194, 1, 16, 22, 6604 }, // U+0169
    { 13, 19, 236, 1, 18, 31, 6626 }, // U+016A
    { 10, 15, 194, 1, 14, 19, 6657 }, // U+016B
    { 13, 20, 236, 1, 19, 33, 6676 }, // U+016C
    { 10, 16, 194, 1, 15, 20, 6709 }, // U+016D
    { 13, 21, 236, 1, 20, 35, 6729 }, // U+016E
    { 10, 18, 194, 1, 17, 23, 6764 }, // U+016F
    { 13, 20, 236, 1, 19, 33, 6787 }, // U+0170
    { 10, 17, 194, 1, 16, 22, 6820 }, // U+0171
    { 13, 20, 236, 1, 15, 33, 6842 }, // U+0172
    { 10, 16, 194, 1, 11, 20, 6875 }, // U+0173
    { 20, 19, 317, 0, 19, 48, 6895 }, // U+0174
    { 16, 17, 254, 0, 16, 34, 6943 }, // U+0175
    { 12, 19, 195, 0, 19, 29, 6977 }, // U+0176
    { 10, 21, 194, 1, 16, 27, 7006 }, // U+0177
    { 12, 19, 195, 0, 19, 29, 7033 }, // U+0178
    { 13, 19, 216, 0, 19, 31, 7062 }, // U+0179
    { 10, 16, 161, 0, 16, 20, 7093 }, // U+017A
    { 13, 18, 216, 0, 18, 30, 7113 }, // U+017B
    { 10, 15, 161, 0, 15, 19, 7143 }, // U+017C
    { 13, 19, 216, 0, 19, 31, 7162 }, // U+017D
    { 10, 16, 161, 0, 16, 20, 7193 }, // U+017E
    { 15, 18, 254, 0, 17, 34, 7213 }, // U+01A0
    { 12, 14, 206, 0, 13, 21, 7247 }, // U+01A1
    { 15, 18, 236, 1, 17, 34, 7268 }, // U+01AF
    { 12, 14, 194, 1, 13, 21, 7302 }, // U+01B0
    { 27, 19, 454, 1, 19, 65, 7323 }, // U+01C4
    { 24, 16, 400, 1, 16, 48, 7388 }, // U+01C5
    { 23, 17, 368, 0, 16, 49, 7436 }, // U+01C6
    { 21, 16, 370, 1, 15, 42, 7485 }, // U+01C7
    { 15, 20, 275, 1, 15, 38, 7527 }, // U+01C8
    { 8, 21, 172, 1, 16, 21, 7565 }, // U+01C9
    { 25, 16, 430, 1, 15, 50, 7586 }, // U+01CA
    { 19, 20, 335, 1, 15, 48, 7636 }, // U+01CB
    { 16, 20, 288, 1, 15, 40, 7684 }, // U+01CC
    { 14, 20, 214, 0, 19, 35, 7724 }, // U+01CD
    { 12, 17, 207, 0, 16, 26, 7759 }, // U+01CE
    { 7, 19, 89, -1, 19, 17, 7785 }, // U+01CF
    { 7, 16, 76, -1, 16, 14, 7802 }, // U+01D0
    { 15, 20, 254, 0, 19, 38, 7816 }, // U+01D1
    { 12, 17, 206, 0, 16, 26, 7854 }, // U+01D2
    { 13, 20, 236, 1, 19, 33, 7880 }, // U+01D3
    { 10, 17, 194, 1, 16, 22, 7913 }, // U+01D4
    { 14, 20, 232, 0, 19, 35, 7935 }, // U+01E6
    { 12, 21, 211, 0, 16, 32, 7970 }, // U+01E7
    { 15, 20, 254, 0, 15, 38, 8002 }, // U+01EA
    { 12, 17, 203, 0, 12, 26, 8040 }, // U+01EB
    { 24, 15, 399, 1, 15, 45, 8066 }, // U+01F2
    { 14, 23, 215, 0, 22, 41, 8111 }, // U+01FA
    { 12, 22, 206, 0, 21, 33, 8152 }, // U+01FB
    { 18, 20, 299, 0, 19, 45, 8185 }, // U+01FC
    { 19, 17, 306, 0, 16, 41, 8230 }, // U+01FD
    { 15, 20, 245, 0, 19, 38, 8271 }, // U+01FE
    { 12, 17, 206, 0, 16, 26, 8309 }, // U+01FF
    { 14, 20, 214, 0, 19, 35, 8335 }, // U+0200
    { 12, 17, 207, 0, 16, 26, 8370 }, // U+0201
    { 14, 20, 214, 0, 19, 35, 8396 }, // U+0202
    { 12, 17, 207, 0, 16, 26, 8431 }, // U+0203
    { 10, 19, 190, 1, 19, 24, 8457 }, // U+0204
    { 12, 17, 194, 0, 16, 26, 8481 }, // U+0205
    { 10, 19, 190, 1, 19, 24, 8507 }, // U+0206
    { 12, 17, 194, 0, 16, 26, 8531 }, // U+0207
    { 9, 19, 89, -3, 19, 22, 8557 }, // U+0208
    { 9, 16, 76, -3, 16, 18, 8579 }, // U+0209
    { 8, 19, 89, -1, 19, 19, 8597 }, // U+020A
    { 7, 16, 76, -1, 16, 14, 8616 }, // U+020B
    { 15, 20, 254, 0, 19, 38, 8630 }, // U+020C
    { 12, 17, 206, 0, 16, 26, 8668 }, // U+020D
    { 15, 20, 254, 0, 19, 38, 8694 }, // U+020E
    { 12, 17, 206, 0, 16, 26, 8732 }, // U+020F
    { 13, 20, 227, 1, 19, 33, 8758 }, // U+0210
    { 10, 16, 139, -1, 16, 20, 8791 }, // U+0211
    { 13, 20, 227, 1, 19, 33, 8811 }, // U+0212
    { 8, 16, 139, 1, 16, 16, 8844 }, // U+0213
    { 13, 20, 236, 1, 19, 33, 8860 }, // U+0214
    { 10, 17, 194, 1, 16, 22, 8893 }, // U+0215
    { 13, 20, 236, 1, 19, 33, 8915 }, // U+0216
    { 10, 17, 194, 1, 16, 22, 8948 }, // U+0217
    { 12, 20, 195, 0, 15, 30, 8970 }, // U+0218
    { 10, 18, 159, 0, 12, 23, 9000 }, // U+0219
    { 13, 20, 206, 0, 15, 33, 9023 }, // U+021A
    { 8, 20, 129, 0, 14, 20, 9056 }, // U+021B
    { 5, 4, 0, 0, 15, 3, 9076 }, // U+0300
    { 4, 4, 0, 1, 16, 2, 9079 }, // U+0301
    { 6, 4, 0, 1, 16, 3, 9081 }, // U+0302
    { 9, 4, 0, 0, 16, 5, 9084 }, // U+0303
    { 7, 2, 0, 1, 14, 2, 9089 }, // U+0304
    { 8, 4, 0, 0, 15, 4, 9091 }, // U+0306
    { 3, 3, 0, 1, 15, 2, 9095 }, // U+0307
    { 7, 3, 0, 1, 15, 3, 9097 }, // U+0308
    { 5, 5, 0, 0, 16, 4, 9100 }, // U+0309
    { 5, 6, 0, 1, 17, 4, 9104 }, // U+030A
    { 7, 4, 0, 1, 16, 4, 9108 }, // U+030B
    { 6, 4, 0, 1, 16, 3, 9112 }, // U+030C
    { 8, 4, 0, 0, 16, 4, 9115 }, // U+030F
    { 7, 4, 0, 1, 16, 4, 9119 }, // U+0311
    { 4, 5, 0, 4, 17, 3, 9123 }, // U+0312
    { 5, 5, 0, 1, 13, 4, 9126 }, // U+031B
    { 3, 3, 0, 1, -1, 2, 9130 }, // U+0323
    { 7, 4, 0, 1, 0, 4, 9132 }, // U+0324
    { 5, 6, 0, 0, 0, 4, 9136 }, // U+0326
    { 4, 5, 0, 1, 1, 3, 9140 }, // U+0327
    { 6, 7, 0, 0, 2, 6, 9143 }, // U+0328
    { 6, 4, 0, 1, -1, 3, 9149 }, // U+032D
    { 8, 4, 0, 0, 0, 4, 9152 }, // U+032E
    { 7, 2, 0, 1, -1, 2, 9156 }, // U+0331
    { 6, 3, 0, 1, 8, 3, 9158 }, // U+0335
    { 14, 18, 214, 0, 15, 32, 9161 }, // U+1EA0
    { 12, 16, 207, 0, 12, 24, 9193 }, // U+1EA1
    { 14, 21, 214, 0, 20, 37, 9217 }, // U+1EA2
    { 12, 17, 207, 0, 16, 26, 9254 }, // U+1EA3
    { 14, 22, 214, 0, 21, 39, 9280 }, // U+1EA4
    { 12, 19, 207, 0, 18, 29, 9319 }, // U+1EA5
    { 14, 23, 214, 0, 22, 41, 9348 }, // U+1EA6
    { 12, 19, 207, 0, 18, 29, 9389 }, // U+1EA7
    { 14, 22, 214, 0, 21, 39, 9418 }, // U+1EA8
    { 12, 19, 207, 0, 18, 29, 9457 }, // U+1EA9
    { 14, 23, 214, 0, 22, 41, 9486 }, // U+1EAA
    { 12, 20, 207, 0, 19, 30, 9527 }, // U+1EAB
    { 14, 22, 214, 0, 19, 39, 9557 }, // U+1EAC
    { 12, 20, 207, 0, 16, 30, 9596 }, // U+1EAD
    { 14, 24, 214, 0, 23, 42, 9626 }, // U+1EAE
    { 12, 20, 207, 0, 19, 30, 9668 }, // U+1EAF
    { 14, 24, 214, 0, 23, 42, 9698 }, // U+1EB0
    { 12, 19, 207, 0, 18, 29, 9740 }, // U+1EB1
    { 14, 25, 214, 0, 24, 44, 9769 }, // U+1EB2
    { 12, 20, 207, 0, 19, 30, 9813 }, // U+1EB3
    { 14, 24, 214, 0, 23, 42, 9843 }, // U+1EB4
    { 12, 20, 207, 0, 19, 30, 9885 }, // U+1EB5
    { 14, 22, 214, 0, 19, 39, 9915 }, // U+1EB6
    { 12, 19, 207, 0, 15, 29, 9954 }, // U+1EB7
    { 10, 18, 190, 1, 15, 23, 9983 }, // U+1EB8
    { 12, 16, 194, 0, 12, 24, 10006 }, // U+1EB9
    { 10, 20, 190, 1, 20, 25, 10030 }, // U+1EBA
    { 12, 17, 194, 0, 16, 26, 10055 }, // U+1EBB
    { 10, 19, 190, 1, 19, 24, 10081 }, // U+1EBC
    { 12, 17, 194, 0, 16, 26, 10105 }, // U+1EBD
    { 13, 21, 190, 1, 21, 35, 10131 }, // U+1EBE
    { 12, 19, 194, 0, 18, 29, 10166 }, // U+1EBF
    { 10, 22, 190, 1, 22, 28, 10195 }, // U+1EC0
    { 12, 19, 194, 0, 18, 29, 10223 }, // U+1EC1
    { 10, 24, 190, 1, 24, 30, 10252 }, // U+1EC2
    { 12, 19, 194, 0, 18, 29, 10282 }, // U+1EC3
    { 10, 22, 190, 1, 22, 28, 10311 }, // U+1EC4
    { 12, 20, 194, 0, 19, 30, 10339 }, // U+1EC5
    { 10, 22, 190, 1, 19, 28, 10369 }, // U+1EC6
    { 12, 20, 194, 0, 16, 30, 10397 }, // U+1EC7
    { 5, 20, 89, 0, 20, 13, 10427 }, // U+1EC8
    { 5, 16, 76, 0, 16, 10, 10440 }, // U+1EC9
    { 3, 18, 89, 1, 15, 7, 10450 }, // U+1ECA
    { 3, 19, 76, 1, 15, 8, 10457 }, // U+1ECB
    { 15, 18, 254, 0, 15, 34, 10465 }, // U+1ECC
    { 12, 16, 206, 0, 12, 24, 10499 }, // U+1ECD
    { 15, 21, 254, 0, 20, 40, 10523 }, // U+1ECE
    { 12, 17, 206, 0, 16, 26, 10563 }, // U+1ECF
    { 15, 22, 254, 0, 21, 42, 10589 }, // U+1ED0
    { 12, 19, 206, 0, 18, 29, 10631 }, // U+1ED1
    { 15, 23, 254, 0, 22, 44, 10660 }, // U+1ED2
    { 12, 19, 206, 0, 18, 29, 10704 }, // U+1ED3
    { 15, 22, 254, 0, 21, 42, 10733 }, // U+1ED4
    { 12, 19, 206, 0, 18, 29, 10775 }, // U+1ED5
    { 15, 23, 254, 0, 22, 44, 10804 }, // U+1ED6
    { 12, 20, 206, 0, 19, 30, 10848 }, // U+1ED7
    { 15, 22, 254, 0, 19, 42, 10878 }, // U+1ED8
    { 12, 20, 206, 0, 16, 30, 10920 }, // U+1ED9
    { 15, 20, 254, 0, 19, 38, 10950 }, // U+1EDA
    { 12, 17, 206, 0, 16, 26, 10988 }, // U+1EDB
    { 15, 20, 254, 0, 19, 38, 11014 }, // U+1EDC
    { 12, 16, 206, 0, 15, 24, 11052 }, // U+1EDD
    { 15, 21, 254, 0, 20, 40, 11076 }, // U+1EDE
    { 12, 17, 206, 0, 16, 26, 11116 }, // U+1EDF
    { 15, 20, 254, 0, 19, 38, 11142 }, // U+1EE0
    { 12, 17, 206, 0, 16, 26, 11180 }, // U+1EE1
    { 15, 20, 254, 0, 17, 38, 11206 }, // U+1EE2
    { 12, 17, 206, 0, 13, 26, 11244 }, // U+1EE3
    { 13, 18, 236, 1, 15, 30, 11270 }, // U+1EE4
    { 10, 15, 194, 1, 11, 19, 11300 }, // U+1EE5
    { 13, 21, 236, 1, 20, 35, 11319 }, // U+1EE6
    { 10, 17, 194, 1, 16, 22, 11354 }, // U+1EE7
    { 15, 20, 236, 1, 19, 38, 11376 }, // U+1EE8
    { 12, 17, 194, 1, 16, 26, 11414 }, // U+1EE9
    { 15, 20, 236, 1, 19, 38, 11440 }, // U+1EEA
    { 12, 16, 194, 1, 15, 24, 11478 }, // U+1EEB
    { 15, 21, 236, 1, 20, 40, 11502 }, // U+1EEC
    { 12, 17, 194, 1, 16, 26, 11542 }, // U+1EED
    { 15, 20, 236, 1, 19, 38, 11568 }, // U+1EEE
    { 12, 17, 194, 1, 16, 26, 11606 }, // U+1EEF
    { 15, 20, 236, 1, 17, 38, 11632 }, // U+1EF0
    { 12, 17, 194, 1, 13, 26, 11670 }, // U+1EF1
    { 12, 19, 195, 0, 19, 29, 11696 }, // U+1EF2
    { 10, 20, 194, 1, 15, 25, 11725 }, // U+1EF3
    { 12, 18, 195, 0, 15, 27, 11750 }, // U+1EF4
    { 12, 17, 194, 1, 12, 26, 11777 }, // U+1EF5
    { 12, 20, 195, 0, 20, 30, 11803 }, // U+1EF6
    { 10, 21, 194, 1, 16, 27, 11833 }, // U+1EF7
    { 12, 19, 195, 0, 19, 29, 11860 }, // U+1EF8
    { 10, 21, 194, 1, 16, 27, 11889 }, // U+1EF9
    { 0, 0, 183, 0, 0, 0, 11916 }, // U+2007
    { 0, 0, 87, 0, 0, 0, 11916 }, // U+2008
    { 0, 0, 68, 0, 0, 0, 11916 }, // U+2009
    { 0, 0, 34, 0, 0, 0, 11916 }, // U+200A
    { 0, 0, 0, 0, 0, 0, 11916 }, // U+200B
    { 7, 3, 131, 1, 8, 3, 11916 }, // U+2010
    { 9, 3, 171, 1, 8, 4, 11919 }, // U+2012
    { 9, 3, 171, 1, 8, 4, 11923 }, // U+2013
    { 17, 3, 290, 1, 8, 7, 11927 }, // U+2014
    { 17, 3, 290, 1, 8, 7, 11934 }, // U+2015
    { 5, 6, 85, 0, 15, 4, 11941 }, // U+2018
    { 5, 6, 83, 0, 15, 4, 11945 }, // U+2019
    { 5, 6, 83, 0, 3, 4, 11949 }, // U+201A
    { 9, 6, 140, 0, 15, 7, 11953 }, // U+201C
    { 9, 6, 140, 0, 15, 7, 11960 }, // U+201D
    { 9, 6, 131, 0, 3, 7, 11967 }, // U+201E
    { 9, 12, 148, 0, 16, 14, 11974 }, // U+2020
    { 8, 12, 135, 0, 16, 12, 11988 }, // U+2021
    { 7, 7, 116, 0, 11, 7, 12000 }, // U+2022
    { 11, 3, 201, 1, 3, 5, 12007 }, // U+2026
    { 24, 16, 385, 0, 15, 48, 12012 }, // U+2030
    { 8, 7, 138, 0, 15, 7, 12060 }, // U+2033
    { 5, 9, 92, 0, 10, 6, 12067 }, // U+2039
    { 5, 9, 92, 0, 10, 6, 12073 }, // U+203A
    { 11, 16, 179, 0, 15, 22, 12079 }, // U+2044
    { 8, 9, 122, 0, 17, 9, 12101 }, // U+2070
    { 8, 9, 132, 0, 17, 9, 12110 }, // U+2074
    { 6, 9, 120, 1, 17, 7, 12119 }, // U+2075
    { 7, 9, 109, 0, 17, 8, 12126 }, // U+2076
    { 7, 9, 110, 0, 17, 8, 12134 }, // U+2077
    { 7, 9, 120, 0, 17, 8, 12142 }, // U+2078
    { 7, 9, 111, 0, 17, 8, 12150 }, // U+2079
    { 8, 9, 122, 0, 4, 9, 12158 }, // U+2080
    { 5, 9, 96, 0, 4, 6, 12167 }, // U+2081
    { 6, 8, 116, 1, 4, 6, 12173 }, // U+2082
    { 6, 9, 114, 1, 4, 7, 12179 }, // U+2083
    { 8, 9, 132, 0, 4, 9, 12186 }, // U+2084
    { 6, 9, 120, 1, 4, 7, 12195 }, // U+2085
    { 7, 9, 109, 0, 4, 8, 12202 }, // U+2086
    { 7, 9, 110, 0, 4, 8, 12210 }, // U+2087
    { 7, 9, 120, 0, 4, 8, 12218 }, // U+2088
    { 7, 9, 111, 0, 4, 8, 12226 }, // U+2089
    { 15, 20, 212, 0, 17, 38, 12234 }, // U+20A1
    { 11, 15, 188, 0, 15, 21, 12272 }, // U+20A3
    { 13, 16, 207, 0, 15, 26, 12293 }, // U+20A4
    { 17, 15, 244, -1, 15, 32, 12319 }, // U+20A6
    { 15, 15, 200, -1, 15, 29, 12351 }, // U+20A7
    { 20, 15, 317, 0, 15, 38, 12380 }, // U+20A9
    { 10, 15, 163, 0, 15, 19, 12418 }, // U+20AB
    { 13, 16, 214, 0, 15, 26, 12437 }, // U+20AC
    { 15, 16, 221, -1, 15, 30, 12463 }, // U+20AD
    { 15, 15, 200, -1, 15, 29, 12493 }, // U+20B1
    { 14, 20, 232, 0, 17, 35, 12522 }, // U+20B2
    { 13, 20, 212, 0, 17, 33, 12557 }, // U+20B5
    { 11, 15, 186, 0, 15, 21, 12590 }, // U+20B9
    { 12, 16, 204, 0, 15, 24, 12611 }, // U+20BA
    { 13, 18, 236, 1, 17, 30, 12635 }, // U+20BC
    { 12, 15, 200, 0, 15, 23, 12665 }, // U+20BD
    { 12, 17, 199, 0, 16, 26, 12688 }, // U+2202
    { 13, 12, 208, 0, 11, 20, 12714 }, // U+2205
    { 15, 15, 237, 0, 15, 29, 12734 }, // U+2206
    { 15, 20, 237, 0, 15, 38, 12763 }, // U+220F
    { 11, 15, 175, 0, 15, 21, 12801 }, // U+2211
    { 11, 3, 195, 1, 8, 5, 12822 }, // U+2212
    { 12, 20, 185, 0, 17, 30, 12827 }, // U+2215
    { 4, 4, 82, 1, 9, 2, 12857 }, // U+2219
    { 14, 15, 226, 0, 15, 27, 12859 }, // U+221A
    { 18, 10, 289, 0, 10, 23, 12886 }, // U+221E
    { 12, 19, 186, 0, 16, 29, 12909 }, // U+222B
    { 10, 8, 187, 1, 11, 10, 12938 }, // U+2248
    { 11, 12, 195, 1, 13, 17, 12948 }, // U+2260
    { 11, 12, 210, 1, 13, 17, 12965 }, // U+2264
    { 11, 12, 210, 1, 13, 17, 12982 }, // U+2265
    { 13, 16, 213, 0, 16, 26, 12999 }, // U+FB01
    { 13, 16, 223, 0, 16, 26, 13025 }, // U+FB02
};

static const EpdUnicodeInterval quicksand_sb_10_regularIntervals[] = {
    { 0xD, 0xD, 0x0 },
    { 0x20, 0x7E, 0x1 },
    { 0xA0, 0xFF, 0x60 },
    { 0x100, 0x17E, 0xC0 },
    { 0x1A0, 0x1A1, 0x13F },
    { 0x1AF, 0x1B0, 0x141 },
    { 0x1C4, 0x1D4, 0x143 },
    { 0x1E6, 0x1E7, 0x154 },
    { 0x1EA, 0x1EB, 0x156 },
    { 0x1F2, 0x1F2, 0x158 },
    { 0x1FA, 0x21B, 0x159 },
    { 0x300, 0x304, 0x17B },
    { 0x306, 0x30C, 0x180 },
    { 0x30F, 0x30F, 0x187 },
    { 0x311, 0x312, 0x188 },
    { 0x31B, 0x31B, 0x18A },
    { 0x323, 0x324, 0x18B },
    { 0x326, 0x328, 0x18D },
    { 0x32D, 0x32E, 0x190 },
    { 0x331, 0x331, 0x192 },
    { 0x335, 0x335, 0x193 },
    { 0x1EA0, 0x1EF9, 0x194 },
    { 0x2007, 0x200B, 0x1EE },
    { 0x2010, 0x2010, 0x1F3 },
    { 0x2012, 0x2015, 0x1F4 },
    { 0x2018, 0x201A, 0x1F8 },
    { 0x201C, 0x201E, 0x1FB },
    { 0x2020, 0x2022, 0x1FE },
    { 0x2026, 0x2026, 0x201 },
    { 0x2030, 0x2030, 0x202 },
    { 0x2033, 0x2033, 0x203 },
    { 0x2039, 0x203A, 0x204 },
    { 0x2044, 0x2044, 0x206 },
    { 0x2070, 0x2070, 0x207 },
    { 0x2074, 0x2079, 0x208 },
    { 0x2080, 0x2089, 0x20E },
    { 0x20A1, 0x20A1, 0x218 },
    { 0x20A3, 0x20A4, 0x219 },
    { 0x20A6, 0x20A7, 0x21B },
    { 0x20A9, 0x20A9, 0x21D },
    { 0x20AB, 0x20AD, 0x21E },
    { 0x20B1, 0x20B2, 0x221 },
    { 0x20B5, 0x20B5, 0x223 },
    { 0x20B9, 0x20BA, 0x224 },
    { 0x20BC, 0x20BD, 0x226 },
    { 0x2202, 0x2202, 0x228 },
    { 0x2205, 0x2206, 0x229 },
    { 0x220F, 0x220F, 0x22B },
    { 0x2211, 0x2212, 0x22C },
    { 0x2215, 0x2215, 0x22E },
    { 0x2219, 0x221A, 0x22F },
    { 0x221E, 0x221E, 0x231 },
    { 0x222B, 0x222B, 0x232 },
    { 0x2248, 0x2248, 0x233 },
    { 0x2260, 0x2260, 0x234 },
    { 0x2264, 0x2265, 0x235 },
    { 0xFB01, 0xFB02, 0x237 },
};

static const EpdKernClassEntry quicksand_sb_10_regularKernLeftClasses[] = {
    { 0x0026, 1 }, // &
    { 0x0028, 2 }, // (
    { 0x002A, 3 }, // *
    { 0x002B, 4 }, // +
    { 0x002C, 5 }, // ,
    { 0x002D, 4 }, // -
    { 0x002E, 6 }, // .
    { 0x002F, 7 }, // /
    { 0x0030, 8 }, // 0
    { 0x0031, 9 }, // 1
    { 0x0032, 10 }, // 2
    { 0x0034, 11 }, // 4
    { 0x0035, 12 }, // 5
    { 0x0036, 13 }, // 6
    { 0x0037, 14 }, // 7
    { 0x0038, 15 }, // 8
    { 0x0039, 16 }, // 9
    { 0x003E, 17 }, // >
    { 0x003F, 18 }, // ?
    { 0x0040, 19 }, // @
    { 0x0041, 20 }, // A
    { 0x0042, 21 }, // B
    { 0x0044, 8 }, // D
    { 0x0045, 22 }, // E
    { 0x0046, 23 }, // F
    { 0x0047, 24 }, // G
    { 0x004A, 25 }, // J
    { 0x004B, 26 }, // K
    { 0x004C, 27 }, // L
    { 0x004F, 8 }, // O
    { 0x0050, 28 }, // P
    { 0x0051, 29 }, // Q
    { 0x0052, 30 }, // R
    { 0x0053, 31 }, // S
    { 0x0054, 32 }, // T
    { 0x0055, 33 }, // U
    { 0x0056, 34 }, // V
    { 0x0057, 35 }, // W
    { 0x0058, 36 }, // X
    { 0x0059, 37 }, // Y
    { 0x005A, 38 }, // Z
    { 0x005C, 39 }, // <backslash>
    { 0x005F, 40 }, // _
    { 0x0061, 41 }, // a
    { 0x0062, 42 }, // b
    { 0x0063, 43 }, // c
    { 0x0064, 44 }, // d
    { 0x0065, 45 }, // e
    { 0x0066, 46 }, // f
    { 0x0067, 47 }, // g
    { 0x0068, 48 }, // h
    { 0x0069, 49 }, // i
    { 0x006A, 50 }, // j
    { 0x006B, 51 }, // k
    { 0x006C, 52 }, // l
    { 0x006D, 48 }, // m
    { 0x006E, 48 }, // n
    { 0x006F, 42 }, // o
    { 0x0070, 42 }, // p
    { 0x0071, 53 }, // q
    { 0x0072, 54 }, // r
    { 0x0073, 55 }, // s
    { 0x0074, 56 }, // t
    { 0x0075, 57 }, // u
    { 0x0076, 58 }, // v
    { 0x0077, 59 }, // w
    { 0x0078, 60 }, // x
    { 0x0079, 61 }, // y
    { 0x007A, 62 }, // z
    { 0x007E, 4 }, // ~
    { 0x00A1, 63 }, // U+00A1
    { 0x00B7, 64 }, // U+00B7
    { 0x00BF, 65 }, // U+00BF
    { 0x00D9, 33 }, // U+00D9
    { 0x00DA, 33 }, // U+00DA
    { 0x00DB, 33 }, // U+00DB
    { 0x00DC, 33 }, // U+00DC
    { 0x00DD, 37 }, // U+00DD
    { 0x00DE, 66 }, // U+00DE
    { 0x00DF, 67 }, // U+00DF
    { 0x00E0, 41 }, // U+00E0
    { 0x00E1, 41 }, // U+00E1
    { 0x00E2, 41 }, // U+00E2
    { 0x00E3, 41 }, // U+00E3
    { 0x00E4, 41 }, // U+00E4
    { 0x00E5, 41 }, // U+00E5
    { 0x00E8, 45 }, // U+00E8
    { 0x00E9, 45 }, // U+00E9
    { 0x00EA, 45 }, // U+00EA
    { 0x00EB, 45 }, // U+00EB
    { 0x00F0, 68 }, // U+00F0
    { 0x00F2, 42 }, // U+00F2
    { 0x00F3, 42 }, // U+00F3
    { 0x00F4, 42 }, // U+00F4
    { 0x00F5, 42 }, // U+00F5
    { 0x00F6, 42 }, // U+00F6
    { 0x00F7, 69 }, // U+00F7
    { 0x00F8, 42 }, // U+00F8
    { 0x00F9, 57 }, // U+00F9
    { 0x00FA, 57 }, // U+00FA
    { 0x00FB, 57 }, // U+00FB
    { 0x00FC, 57 }, // U+00FC
    { 0x00FD, 61 }, // U+00FD
    { 0x00FF, 61 }, // U+00FF
    { 0x0101, 41 }, // U+0101
    { 0x0103, 41 }, // U+0103
    { 0x0105, 41 }, // U+0105
    { 0x010F, 70 }, // U+010F
    { 0x0113, 45 }, // U+0113
    { 0x0114, 22 }, // U+0114
    { 0x0115, 45 }, // U+0115
    { 0x0117, 45 }, // U+0117
    { 0x0119, 45 }, // U+0119
    { 0x011B, 45 }, // U+011B
    { 0x013E, 71 }, // U+013E
    { 0x014D, 42 }, // U+014D
    { 0x014F, 42 }, // U+014F
    { 0x0151, 42 }, // U+0151
    { 0x0153, 42 }, // U+0153
    { 0x0165, 72 }, // U+0165
    { 0x0169, 57 }, // U+0169
    { 0x016A, 33 }, // U+016A
    { 0x016B, 57 }, // U+016B
    { 0x016D, 57 }, // U+016D
    { 0x016E, 33 }, // U+016E
    { 0x016F, 57 }, // U+016F
    { 0x0170, 33 }, // U+0170
    { 0x0171, 57 }, // U+0171
    { 0x0172, 33 }, // U+0172
    { 0x0173, 57 }, // U+0173
    { 0x0176, 37 }, // U+0176
    { 0x0177, 61 }, // U+0177
    { 0x0178, 37 }, // U+0178
    { 0x01A1, 42 }, // U+01A1
    { 0x01B0, 57 }, // U+01B0
    { 0x01CD, 20 }, // U+01CD
    { 0x01CE, 41 }, // U+01CE
    { 0x01D2, 42 }, // U+01D2
    { 0x01D4, 57 }, // U+01D4
    { 0x01EB, 42 }, // U+01EB
    { 0x01FB, 41 }, // U+01FB
    { 0x01FF, 42 }, // U+01FF
    { 0x0200, 20 }, // U+0200
    { 0x0201, 41 }, // U+0201
    { 0x0202, 20 }, // U+0202
    { 0x0203, 41 }, // U+0203
    { 0x0204, 22 }, // U+0204
    { 0x0205, 45 }, // U+0205
    { 0x0206, 22 }, // U+0206
    { 0x0207, 45 }, // U+0207
    { 0x020D, 42 }, // U+020D
    { 0x020F, 42 }, // U+020F
    { 0x0215, 57 }, // U+0215
    { 0x0217, 57 }, // U+0217
    { 0x1EA0, 20 }, // U+1EA0
    { 0x1EA1, 41 }, // U+1EA1
    { 0x1EA2, 20 }, // U+1EA2
    { 0x1EA3, 41 }, // U+1EA3
    { 0x1EA4, 20 }, // U+1EA4
    { 0x1EA5, 41 }, // U+1EA5
    { 0x1EA6, 20 }, // U+1EA6
    { 0x1EA7, 41 }, // U+1EA7
    { 0x1EA8, 20 }, // U+1EA8
    { 0x1EA9, 41 }, // U+1EA9
    { 0x1EAA, 20 }, // U+1EAA
    { 0x1EAB, 41 }, // U+1EAB
    { 0x1EAC, 20 }, // U+1EAC
    { 0x1EAD, 41 }, // U+1EAD
    { 0x1EAE, 20 }, // U+1EAE
    { 0x1EAF, 41 }, // U+1EAF
    { 0x1EB0, 20 }, // U+1EB0
    { 0x1EB1, 41 }, // U+1EB1
    { 0x1EB2, 20 }, // U+1EB2
    { 0x1EB3, 41 }, // U+1EB3
    { 0x1EB4, 20 }, // U+1EB4
    { 0x1EB5, 41 }, // U+1EB5
    { 0x1EB6, 20 }, // U+1EB6
    { 0x1EB7, 41 }, // U+1EB7
    { 0x1EB8, 22 }, // U+1EB8
    { 0x1EB9, 45 }, // U+1EB9
    { 0x1EBA, 22 }, // U+1EBA
    { 0x1EBB, 45 }, // U+1EBB
    { 0x1EBC, 22 }, // U+1EBC
    { 0x1EBD, 45 }, // U+1EBD
    { 0x1EBE, 22 }, // U+1EBE
    { 0x1EBF, 45 }, // U+1EBF
    { 0x1EC0, 22 }, // U+1EC0
    { 0x1EC1, 45 }, // U+1EC1
    { 0x1EC2, 22 }, // U+1EC2
    { 0x1EC3, 45 }, // U+1EC3
    { 0x1EC4, 22 }, // U+1EC4
    { 0x1EC5, 45 }, // U+1EC5
    { 0x1EC6, 22 }, // U+1EC6
    { 0x1EC7, 45 }, // U+1EC7
    { 0x1ECD, 42 }, // U+1ECD
    { 0x1ECF, 42 }, // U+1ECF
    { 0x1ED1, 42 }, // U+1ED1
    { 0x1ED3, 42 }, // U+1ED3
    { 0x1ED5, 42 }, // U+1ED5
    { 0x1ED7, 42 }, // U+1ED7
    { 0x1ED9, 42 }, // U+1ED9
    { 0x1EDB, 42 }, // U+1EDB
    { 0x1EDD, 42 }, // U+1EDD
    { 0x1EDF, 42 }, // U+1EDF
    { 0x1EE1, 42 }, // U+1EE1
    { 0x1EE3, 42 }, // U+1EE3
    { 0x1EE5, 57 }, // U+1EE5
    { 0x1EE7, 57 }, // U+1EE7
    { 0x1EE9, 57 }, // U+1EE9
    { 0x1EEB, 57 }, // U+1EEB
    { 0x1EED, 57 }, // U+1EED
    { 0x1EEF, 57 }, // U+1EEF
    { 0x1EF1, 57 }, // U+1EF1
    { 0x1EF2, 37 }, // U+1EF2
    { 0x1EF3, 61 }, // U+1EF3
    { 0x1EF5, 61 }, // U+1EF5
    { 0x2013, 73 }, // U+2013
    { 0x2014, 4 }, // U+2014
    { 0x2018, 74 }, // U+2018
    { 0x2019, 75 }, // U+2019
    { 0x201A, 76 }, // U+201A
    { 0x201C, 74 }, // U+201C
    { 0x201D, 75 }, // U+201D
    { 0x201E, 76 }, // U+201E
    { 0x2022, 77 }, // U+2022
    { 0x2212, 4 }, // U+2212
    { 0x2248, 4 }, // U+2248
    { 0x2260, 4 }, // U+2260
};

static const EpdKernClassEntry quicksand_sb_10_regularKernRightClasses[] = {
    { 0x0021, 1 }, // !
    { 0x0022, 2 }, // "
    { 0x0026, 3 }, // &
    { 0x0029, 4 }, // )
    { 0x002A, 5 }, // *
    { 0x002C, 6 }, // ,
    { 0x002E, 7 }, // .
    { 0x002F, 8 }, // /
    { 0x0031, 9 }, // 1
    { 0x0034, 10 }, // 4
    { 0x0035, 11 }, // 5
    { 0x0036, 12 }, // 6
    { 0x0037, 13 }, // 7
    { 0x0039, 14 }, // 9
    { 0x003F, 15 }, // ?
    { 0x0040, 16 }, // @
    { 0x0041, 17 }, // A
    { 0x0043, 18 }, // C
    { 0x0047, 18 }, // G
    { 0x004A, 19 }, // J
    { 0x004F, 18 }, // O
    { 0x0051, 18 }, // Q
    { 0x0053, 20 }, // S
    { 0x0054, 21 }, // T
    { 0x0055, 22 }, // U
    { 0x0056, 23 }, // V
    { 0x0057, 24 }, // W
    { 0x0058, 25 }, // X
    { 0x0059, 26 }, // Y
    { 0x005A, 27 }, // Z
    { 0x005C, 28 }, // <backslash>
    { 0x005D, 29 }, // ]
    { 0x005F, 30 }, // _
    { 0x0061, 31 }, // a
    { 0x0062, 32 }, // b
    { 0x0063, 33 }, // c
    { 0x0064, 33 }, // d
    { 0x0065, 33 }, // e
    { 0x0066, 34 }, // f
    { 0x0067, 35 }, // g
    { 0x0068, 32 }, // h
    { 0x006A, 36 }, // j
    { 0x006B, 32 }, // k
    { 0x006C, 32 }, // l
    { 0x006D, 37 }, // m
    { 0x006E, 37 }, // n
    { 0x006F, 33 }, // o
    { 0x0070, 38 }, // p
    { 0x0071, 33 }, // q
    { 0x0072, 37 }, // r
    { 0x0073, 39 }, // s
    { 0x0074, 40 }, // t
    { 0x0075, 41 }, // u
    { 0x0076, 42 }, // v
    { 0x0077, 43 }, // w
    { 0x0078, 44 }, // x
    { 0x0079, 45 }, // y
    { 0x007A, 46 }, // z
    { 0x00A1, 47 }, // U+00A1
    { 0x00B7, 48 }, // U+00B7
    { 0x00BF, 49 }, // U+00BF
    { 0x00D0, 50 }, // U+00D0
    { 0x00D9, 22 }, // U+00D9
    { 0x00DA, 22 }, // U+00DA
    { 0x00DB, 22 }, // U+00DB
    { 0x00DC, 22 }, // U+00DC
    { 0x00DD, 26 }, // U+00DD
    { 0x00DF, 51 }, // U+00DF
    { 0x00E0, 31 }, // U+00E0
    { 0x00E1, 31 }, // U+00E1
    { 0x00E2, 31 }, // U+00E2
    { 0x00E3, 31 }, // U+00E3
    { 0x00E4, 31 }, // U+00E4
    { 0x00E5, 31 }, // U+00E5
    { 0x00E8, 33 }, // U+00E8
    { 0x00E9, 33 }, // U+00E9
    { 0x00EA, 33 }, // U+00EA
    { 0x00EB, 33 }, // U+00EB
    { 0x00F0, 52 }, // U+00F0
    { 0x00F9, 41 }, // U+00F9
    { 0x00FA, 41 }, // U+00FA
    { 0x00FB, 41 }, // U+00FB
    { 0x00FC, 41 }, // U+00FC
    { 0x00FD, 45 }, // U+00FD
    { 0x00FE, 53 }, // U+00FE
    { 0x00FF, 45 }, // U+00FF
    { 0x0101, 31 }, // U+0101
    { 0x0103, 31 }, // U+0103
    { 0x0105, 31 }, // U+0105
    { 0x0113, 33 }, // U+0113
    { 0x0115, 33 }, // U+0115
    { 0x0117, 33 }, // U+0117
    { 0x0119, 33 }, // U+0119
    { 0x011B, 33 }, // U+011B
    { 0x0127, 54 }, // U+0127
    { 0x013E, 32 }, // U+013E
    { 0x0169, 41 }, // U+0169
    { 0x016A, 22 }, // U+016A
    { 0x016B, 41 }, // U+016B
    { 0x016D, 41 }, // U+016D
    { 0x016E, 22 }, // U+016E
    { 0x016F, 41 }, // U+016F
    { 0x0170, 22 }, // U+0170
    { 0x0171, 41 }, // U+0171
    { 0x0172, 22 }, // U+0172
    { 0x0173, 41 }, // U+0173
    { 0x0176, 26 }, // U+0176
    { 0x0177, 45 }, // U+0177
    { 0x0178, 26 }, // U+0178
    { 0x01B0, 41 }, // U+01B0
    { 0x01CD, 17 }, // U+01CD
    { 0x01CE, 31 }, // U+01CE
    { 0x01D4, 41 }, // U+01D4
    { 0x01FB, 31 }, // U+01FB
    { 0x0200, 17 }, // U+0200
    { 0x0201, 31 }, // U+0201
    { 0x0202, 17 }, // U+0202
    { 0x0203, 31 }, // U+0203
    { 0x0205, 33 }, // U+0205
    { 0x0207, 33 }, // U+0207
    { 0x0215, 41 }, // U+0215
    { 0x0217, 41 }, // U+0217
    { 0x1EA0, 17 }, // U+1EA0
    { 0x1EA1, 31 }, // U+1EA1
    { 0x1EA2, 17 }, // U+1EA2
    { 0x1EA3, 31 }, // U+1EA3
    { 0x1EA4, 17 }, // U+1EA4
    { 0x1EA5, 31 }, // U+1EA5
    { 0x1EA6, 17 }, // U+1EA6
    { 0x1EA7, 31 }, // U+1EA7
    { 0x1EA8, 17 }, // U+1EA8
    { 0x1EA9, 31 }, // U+1EA9
    { 0x1EAA, 17 }, // U+1EAA
    { 0x1EAB, 31 }, // U+1EAB
    { 0x1EAC, 17 }, // U+1EAC
    { 0x1EAD, 31 }, // U+1EAD
    { 0x1EAE, 17 }, // U+1EAE
    { 0x1EAF, 31 }, // U+1EAF
    { 0x1EB0, 17 }, // U+1EB0
    { 0x1EB1, 31 }, // U+1EB1
    { 0x1EB2, 17 }, // U+1EB2
    { 0x1EB3, 31 }, // U+1EB3
    { 0x1EB4, 17 }, // U+1EB4
    { 0x1EB5, 31 }, // U+1EB5
    { 0x1EB6, 17 }, // U+1EB6
    { 0x1EB7, 31 }, // U+1EB7
    { 0x1EB9, 33 }, // U+1EB9
    { 0x1EBB, 33 }, // U+1EBB
    { 0x1EBD, 33 }, // U+1EBD
    { 0x1EBF, 33 }, // U+1EBF
    { 0x1EC1, 33 }, // U+1EC1
    { 0x1EC3, 33 }, // U+1EC3
    { 0x1EC5, 33 }, // U+1EC5
    { 0x1EC7, 33 }, // U+1EC7
    { 0x1EE5, 41 }, // U+1EE5
    { 0x1EE7, 41 }, // U+1EE7
    { 0x1EE9, 41 }, // U+1EE9
    { 0x1EEB, 41 }, // U+1EEB
    { 0x1EED, 41 }, // U+1EED
    { 0x1EEF, 41 }, // U+1EEF
    { 0x1EF1, 41 }, // U+1EF1
    { 0x1EF2, 26 }, // U+1EF2
    { 0x1EF3, 45 }, // U+1EF3
    { 0x1EF5, 45 }, // U+1EF5
    { 0x201C, 55 }, // U+201C
    { 0x201D, 56 }, // U+201D
    { 0x2022, 57 }, // U+2022
};

static const int8_t quicksand_sb_10_regularKernMatrix[] = {
       0,    0,    0,   -5,    0,    0,    0,    0,    0,    0,    0,    0,    0,    0,    0,    0,    0,    0,    0,    0,    0,    0,   -4,    0,    0,    0,    0,    0,    0,    0,    0,    0,    0,    0,    0,    0,    0,    0,    0,    0,    0,   -3,    0,    0,    0,    0,    0,    0,    0,    0,    0,   -3,    0,    0,    0,    0,    0,
       0,    0,    0,    0,    0,    0,    0,    0,    0,    0,    0,    0,    0,    0,    0,    0,    0,    0,    0,    0,    0,    0,    0,    0,    0,    0,    0,    0,    0,    0,    0,    0,    0,    0,    0,    0,    0,    0,    0,    0,    0,    0,    0,    0,    0,    0,    0,    0,    0,    0,    0,    0,    5,    0,    0,    0,    0,
       0,    0,    0,    0,    0,    0,    0,    0,    0,    0,    0,    0,    0,    0,    0,    0,    0,    0,    0,    0,    0,    0,    0,    0,    0,    0,    0,    0,    0,    0,    0,    0,    0,    0,    0,    0,    0,    0,    0,    0,    0,    2,    0,    0,    0,    0,    0,    0,    0,    0,    0,   -8,    0,    0,    0,    0,    0,
       0,    0,    0,    0,    0,    0,    0,    0,  -14,    0,    0,    0,    0,    0,    0,    0,    0,    0,    0,    0,    0,    0,    0,    0,    0,    0,    0,    0,    0,    0,    0,    0,    0,    0,    0,    0,    0,    0,    0,    0,    0,    0,    0,    0,    0,    0,    0,    0,    0,    0,    0,    0,    0,    0,    0,    0,    0,
       0,    0,    0,    0,    0,    0,    0,    0,  -21,    0,    0,    0,    0,    0,    0,    0,    0,    0,    0,    0,    0,    0,    0,    0,    0,    0,    0,    0,    0,    0,    0,    0,    0,    0,    0,    4,    0,    0,    0,    0,    0,    0,    0,    0,    0,    0,    0,    0,    0,    0,    0,    0,    0,    0,    0,    0,    0,
       0,    0,    0,    0,    0,    0,    0,    0,  -16,  -10,    0,    0,    0,    0,    0,    0,    0,    0,    0,    0,    0,    0,    0,    0,    0,    0,    0,    0,    0,    0,    0,    0,    0,    0,    0,    0,    0,    0,    0,    0,    0,    0,    0,    0,    0,    0,    0,    0,    0,    0,    0,    0,    0,    0,    0,    0,    0,
       0,    0,    0,    0,    0,    0,    0,  -31,    0,    0,    0,    0,    0,    0,    0,    0,    0,    0,    0,    0,    0,    0,    0,    0,    0,    0,    0,    0,    0,    0,    0,    0,    0,    0,    0,    0,    0,    0,    0,    0,    0,    0,    0,   -2,    0,    0,    0,    0,    0,    0,   -4,  -11,    0,    0,    0,    0,    0,
       0,    0,    0,    0,    0,    0,    0,    0,    0,    0,    0,    0,  -15,    0,    0,    0,   -2,    0,   -5,    0,   -7,    0,   -4,   -2,  -10,   -9,   -5,    0,    0,    0,    0,    0,    3,    0,    0,    0,    0,    0,    0,    0,    0,    0,    0,   -3,    0,    0,    0,    0,    0,    0,    0,    0,    0,    0,    0,    0,    0,
       0,    0,    0,    0,    0,    0,    0,    0,    0,   -2,    0,    0,    0,    0,    0,    0,    0,    0,    0,    0,    0,    0,    0,    0,    0,    0,    0,    0,    0,    0,    0,    0,    0,    0,    0,    0,    0,    0,    0,    0,    0,    0,    0,    0,    0,    0,    0,    0,    0,    0,    0,    0,    0,    0,    0,    0,    0,
       0,    0,    0,    0,    0,    0,    0,    0,    0,   -2,    0,    0,   -2,    0,    0,    0,    0,    0,    0,    0,    0,    0,    0,    0,    0,    0,    0,    0,    0,    0,    0,    0,    0,    0,    0,    0,    0,    0,    0,    0,    0,    0,    0,    0,    0,    0,    0,    0,    0,    0,    0,    0,    0,    0,    0,    0,    0,
       0,    0,    0,    0,    0,    0,    0,    0,   -7,    0,    1,    0,  -10,   -7,    0,    0,    0,    0,    0,    0,    0,    0,    0,    0,    0,    0,    0,    0,    0,    0,    0,    0,    0,    0,    0,    0,    0,    0,    0,    0,    0,    0,    0,    0,    0,    0,    0,    0,    0,    0,    0,    0,    0,    0,    0,    0,    0,
       0,    0,    0,    0,    0,    0,  -12,    0,    0,    0,    0,    0,    0,    0,    0,    0,    0,    0,    0,    0,    0,    0,    0,    0,    0,    0,    0,    0,    0,    0,    0,    0,    0,    0,    0,    0,    0,    0,    0,    0,    0,    0,    0,    0,    0,    0,    0,    0,    0,    0,    0,    0,    0,    0,    0,    0,    0,
       0,    0,    0,    0,    0,    0,    0,    0,   -5,    2,    0,    0,    0,    0,    0,    0,    0,    0,    0,    0,    0,    0,    0,    0,    0,    0,    0,    0,    0,    0,    0,    0,    0,    0,    0,    0,    0,    0,    0,    0,    0,    0,    0,    0,    0,    0,    0,    0,    0,    0,    0,    0,    0,    0,    0,    0,    0,
       0,    0,    0,    0,    0,  -12,  -22,    0,   14,  -13,    0,  -10,    0,    0,    0,    0,    0,   -7,    0,    0,    0,    0,    0,    0,    0,    0,    0,    0,    0,    0,    0,    0,    0,    0,    0,    0,    0,    0,    0,    0,    0,    0,    0,    0,    0,    0,    0,    0,    0,    0,    0,    0,    0,    0,    0,    0,    0,
       0,    0,    0,    0,    0,    0,    0,    0,    0,    0,    0,    0,   -3,    0,    0,    0,    0,    0,    0,    0,    0,    0,    0,    0,    0,    0,    0,    0,    0,    0,    0,    0,    0,    0,    0,    0,    0,    0,    0,    0,    0,    0,    0,    0,    0,    0,    0,    0,    0,    0,    0,    0,    0,    0,    0,    0,    0,
       0,    0,    0,    0,    0,   -7,  -13,    0,    1,    0,    0,    0,  -10,    0,    0,    0,    0,    0,    0,    0,    0,    0,    0,    0,    0,    0,    0,    0,    0,    0,    0,    0,    0,    0,    0,    0,    0,    0,    0,    0,    0,    0,    0,    0,    0,    0,    0,    0,    0,    0,    0,    0,    0,    0,    0,    0,    0,
       0,    0,    0,    0,    0,    0,    0,    0,   -7,    0,    0,    0,    0,    0,    0,    0,    0,    0,    0,    0,    0,    0,    0,    0,    0,    0,    0,    0,    0,    0,    0,    0,    0,    0,    0,    0,    0,    0,    0,    0,    0,    0,    0,    0,    0,    0,    0,    0,    0,    0,    0,    0,    0,    0,    0,    0,    0,
       0,    0,    0,    0,    0,    0,    0,    0,    0,    0,    0,    0,    0,    0,    0,    0,    0,    0,    0,    0,    0,    0,    0,    0,    0,    0,    0,    0,    0,    0,    0,    0,    0,    0,    0,    0,    0,    0,    0,    0,    0,    0,    0,    0,    0,    0,    0,    0,    0,    0,    0,   -5,    0,    0,    0,    0,    0,
       0,    0,    0,    0,    0,    0,    0,    0,    0,    0,    0,    0,    0,    0,    0,    0,    0,    0,    0,    0,    0,    0,   -2,    0,    0,    0,    0,    0,    0,    0,    0,    0,    0,    0,    0,    0,    0,    0,    0,    0,    0,    0,    0,   -1,    0,    0,    0,    0,    0,    0,    0,    0,    0,    0,    0,    0,    0,
       0,    0,    0,    0,    0,    0,    0,    0,    0,    0,    0,    0,    0,    0,    0,    0,    0,   -2,    0,    0,  -17,   -3,  -31,   -7,    0,  -14,    0,    0,    0,    0,    7,    0,    0,    0,    0,    0,    0,    0,    0,   -2,   -3,   -9,   -3,    0,   -8,    0,    0,    0,    0,    0,    0,    0,    0,    0,    0,    0,    0,
       0,    0,    0,    0,    0,    0,    0,    0,    0,    0,    0,    0,    0,    0,    0,    0,    0,    0,    0,    0,   -5,    0,   -3,   -2,   -4,   -8,    0,    0,    0,    0,    0,   -1,    0,    0,   -2,    0,    0,    0,    0,    0,    0,    0,    0,   -1,    0,    0,    0,    0,    0,    0,    0,    0,    0,    0,    0,    0,    0,
       0,    0,    0,    0,    0,    0,    0,    0,    0,    0,    0,    0,    0,    0,    0,    0,    0,    0,   -3,    0,    0,    0,    0,    0,    0,    0,    0,    0,    0,    0,    0,    0,   -2,    0,   -3,    0,    0,    0,    0,    0,   -3,   -5,    0,    0,   -3,    0,    0,    0,    0,    0,    0,    0,    0,    0,    0,    0,    0,
       0,    0,    0,    0,    0,    0,    0,    0,    0,    0,    0,    0,    0,    0,    0,    0,  -11,   -3,  -40,   -2,    5,    0,    0,    0,   -2,    0,    0,    0,    0,    0,   -7,    0,   -5,    0,   -3,    0,   -3,   -3,   -3,    0,   -5,   -2,    0,   -5,    0,   -2,    0,    0,    0,    0,    0,    0,    0,    0,    0,    0,    0,
       0,    0,    0,    0,    0,    0,    0,    0,    0,    0,    0,    0,    0,    0,    0,    0,    0,    0,    0,    0,   -8,    0,   -5,   -3,    0,   -8,    0,    0,    0,    0,    5,    0,    0,    0,    0,    0,    0,    0,    0,    0,    0,    0,    0,    0,    0,    0,    0,    0,    0,    0,    0,    0,    0,    0,    0,    0,    0,
       0,    0,    0,    0,    0,    0,    0,    0,    0,    0,    0,    0,    0,    0,    0,    0,   -5,    0,    0,    0,    0,    0,    0,    0,    0,    0,    0,    0,    0,    0,    0,    0,    0,    0,    0,    0,    0,    0,    0,    0,    0,    0,    0,    0,    0,    0,    0,    0,    0,    0,    0,    0,    0,    0,    0,    0,    0,
       0,    0,    0,    0,    0,    0,    0,    0,    0,    0,    0,    0,    0,    0,    0,    0,    0,  -10,   -2,   -3,    0,   -5,   -2,   -2,    0,    7,    0,    0,    0,    0,    0,    0,   -7,    0,    0,    0,   -3,   -3,   -1,   -1,   -4,   -2,   -5,    0,   -7,    0,    0,    0,    0,    0,    0,    0,    0,    0,    0,    0,    0,
       0,    0,    0,    0,    0,    0,    0,    0,    0,    0,    0,    0,    0,    0,    0,    0,    0,   -3,    0,    0,  -29,   -7,  -17,  -10,    0,  -20,    0,    0,    0,    0,    0,    0,    0,    0,    0,    0,    0,    0,    0,   -2,    0,   -8,   -2,    0,   -7,    7,    0,    0,    0,    0,    0,    0,    0,    0,    0,    0,    0,
       0,    0,    0,    0,    0,  -42,  -33,    0,    0,    0,    0,    0,    0,    0,    0,    0,  -13,    0,  -25,    0,    0,    0,    0,    3,   -5,    0,   -5,    0,    0,    0,   -2,    0,   -3,    3,   -3,    0,    0,    0,    0,    5,   -2,    3,    5,    0,    3,    0,    0,    0,    0,    0,    0,    0,    0,    0,    0,    0,    0,
       0,    0,    0,    0,    0,    0,    0,    0,    0,    0,    0,    0,  -15,    0,    0,    0,   -2,    0,   -5,    0,   -7,    0,   -4,   -2,  -10,   -9,   -5,    0,    0,   -3,    0,    0,    3,    0,    0,    0,    0,    0,    0,    0,    0,    0,    0,   -3,    0,    0,    0,    0,    0,    0,    0,    0,    0,    0,    0,    0,    0,
       0,    0,    0,    0,    0,    0,    0,    0,    0,    0,    0,    0,    0,    0,    0,    0,    0,   -3,    0,    0,   -5,   -2,   -5,    0,    0,   -7,    0,    0,    0,    0,    1,    0,   -2,    0,    0,    0,    0,    0,    0,    0,   -3,    0,    0,    0,    0,    0,    0,    0,    0,    0,    0,    0,    0,    0,    0,    0,    0,
       0,    0,    0,    0,    0,    0,    0,    0,    0,    0,    0,    0,    0,    0,    0,    0,    0,    0,    0,    0,    0,    0,    0,    0,   -5,   -5,    0,    0,    0,    0,    0,    0,    0,    0,    0,    0,    0,    0,    0,    0,    0,    0,    0,    0,    0,    0,    0,    0,    0,    0,    0,    0,    0,    0,    0,    0,    0,
       0,    0,    0,    0,    0,    0,  -33,    0,    0,    0,    0,    0,    0,    0,    0,    0,  -17,   -7,  -22,    0,   10,    0,    3,    3,    0,    3,    0,    0,    0,    0,  -33,    0,  -40,    0,  -15,    0,  -20,   -7,  -35,    0,  -40,   -3,  -40,   -5,  -12,  -40,    0,    0,    0,    0,    0,    0,    0,    1,    0,    0,    0,
       0,    0,    0,    0,    0,    0,    0,    0,    0,    0,    0,    0,    0,    0,    0,    0,   -3,    0,   -3,   -3,    0,    0,    0,    0,   -3,   -3,    0,    0,    0,    0,    0,    0,    0,    0,    0,    0,    0,    0,    0,    0,    0,    0,    0,   -2,    0,    0,    0,    0,    0,    0,    0,    0,    0,    0,    0,    0,    0,
       0,    0,   -2,    0,    0,    0,    0,   -5,    0,    0,    0,    0,    0,    0,    2,   -2,  -11,   -4,  -18,   -3,    3,    0,    0,    0,    0,    0,    0,    0,    0,   -8,   -4,    0,   -8,    0,   -7,    0,   -4,   -4,   -5,    0,   -3,    0,    0,    0,    0,   -2,   -2,   -3,   -6,    0,    0,    0,    0,    0,    0,    0,   -2,
       0,    0,    0,    0,    0,    0,    0,    0,    0,    0,    0,    0,    0,    0,    0,    0,   -7,   -2,  -10,   -3,    3,    0,    0,    0,    0,    0,    0,    0,    0,    0,   -3,    0,   -5,    0,   -7,    0,   -1,   -1,    0,    0,   -3,    0,    0,    0,    0,    0,    0,    0,    0,    0,    0,    0,    0,    0,    0,    0,    0,
       0,    0,    0,    0,    0,    0,    0,    0,    0,    0,    0,    0,    0,    0,    0,    0,    0,   -9,    0,   -5,    0,   -3,    0,    0,    0,    0,    0,    0,    0,    0,    0,    0,   -5,    0,   -1,    0,    0,    0,    0,    0,   -3,   -9,   -6,    0,   -8,    0,    0,    0,    0,    0,    0,    0,    0,    0,    0,    0,    0,
       0,    0,    0,    0,    0,    0,    0,    0,    0,    0,    0,    0,    0,    0,    0,    0,  -14,   -9,  -23,   -8,    3,   -3,    0,    0,    0,    0,    0,    0,    0,    0,  -11,    0,  -14,    0,  -13,    0,   -8,   -7,  -12,    0,   -7,   -3,   -3,   -7,   -3,   -3,    0,    0,    0,    0,    0,    0,    0,    0,    0,    0,    0,
       0,    0,    0,    0,    0,    0,    0,    0,    0,    0,    0,    0,    0,    0,    0,    0,    0,   -2,    0,    0,    0,    0,    0,    0,    0,    0,    0,    0,    0,    0,    0,    0,   -2,    0,    0,    0,    0,    0,    0,    0,   -2,   -2,    0,    0,    0,    0,    0,    0,    0,    0,    0,    0,    0,    0,    0,    0,    0,
       0,    0,    0,    0,    0,    0,    0,    0,    0,    0,    0,    0,    0,    0,    0,    0,    0,    0,    0,    0,    0,    0,   -5,    0,    0,    0,    0,  -31,    0,    0,    0,    0,    0,    0,    0,    0,    0,    0,    0,    0,    0,   -2,    0,    0,    0,    0,    0,    0,    0,    0,   -2,   -7,    0,    0,    0,    0,    0,
       0,    0,    0,    0,    0,    0,    0,    0,    0,    0,    0,    0,    0,    0,    0,    0,    0,    0,    0,    0,    0,    0,   -8,    0,    0,    0,    0,    0,    0,    0,    0,    0,    0,    0,    0,    0,    0,    0,    0,    0,    0,   -6,    0,    0,    0,    0,    0,    0,    0,    0,    0,  -11,    3,    0,    0,    0,    0,
       0,    0,    0,    0,    0,    0,    0,    0,    0,    0,    0,    0,    0,    0,    0,    0,    7,   -7,    0,    0,  -22,   -3,   -9,   -3,    0,  -18,    0,    0,    0,    0,    3,    0,    0,    0,    0,    0,    0,    0,    0,    0,   -3,   -4,   -2,    0,    0,    0,    0,    0,    0,    0,    0,    0,    0,    0,    0,    0,    0,
       0,    0,    0,    0,    0,    0,    0,    0,    0,    0,    0,    0,    0,    0,    0,    0,    0,    0,    0,    0,  -16,    0,   -8,   -5,   -5,  -13,   -3,    0,    0,    0,    0,    0,    0,    0,    0,    0,    0,    0,    0,    0,    0,   -2,    0,   -1,    0,   -3,    0,    0,    0,    0,    0,    0,    0,    0,    0,    0,    0,
       0,    0,    0,    0,    0,    0,    0,    0,    0,    0,    0,    0,    0,    0,    0,    0,    0,    0,    0,    0,  -10,    0,   -5,   -3,   -2,  -12,    0,    0,    0,    0,    0,    0,    0,    0,    0,    0,    0,    0,    0,    0,    0,    0,    0,    0,    0,    0,    0,    0,    0,    0,    0,    0,    0,    0,    0,    0,    0,
       0,    0,    0,    0,    0,    0,    0,    0,    0,    0,    0,    0,    0,    0,    0,    0,    0,    0,    0,    0,    0,    0,    0,    0,    0,    0,    0,    0,    0,    0,    0,    0,    0,    0,    0,    0,    0,    0,    0,    0,    5,    0,    0,    0,    0,    0,    0,    0,    0,    0,    0,    0,    0,    0,    0,    0,    0,
       0,    0,    0,    0,    0,    0,    0,    0,    0,    0,    0,    0,    0,    0,    0,    0,    0,    0,    0,    0,  -15,    0,   -7,   -3,   -3,  -12,    0,    0,    0,    0,    1,    0,    0,    0,   -2,    0,    0,    0,    0,    0,    0,   -2,    0,   -1,   -2,    0,    0,    0,    0,    0,    0,    0,    0,    0,    0,    0,    0,
       0,    0,    0,    0,    0,    0,    0,    0,    0,    0,    0,    0,    0,    0,    0,    0,   -7,    0,    0,    0,   20,    0,   18,   17,   17,   17,   17,    0,    0,    0,    0,    0,  -11,    0,    0,    0,    0,    0,    0,    1,    0,    3,    1,    0,    0,    1,    0,    0,    0,    0,    0,    0,    0,    5,    0,    0,    0,
       0,    0,    0,    0,    0,   -2,    0,    0,    0,    0,    0,    0,    0,    0,    0,    0,   -5,   -3,    0,   -2,    0,    0,    0,    0,    0,   -5,    0,    0,    0,    0,   -2,    0,   -7,    0,    0,    3,    0,    0,   -3,    0,   -3,    0,    0,    0,    0,    0,    0,    0,    0,    0,    0,    0,    0,    0,    0,    0,    0,
       0,    0,    0,    0,    0,    0,    0,    0,    0,    0,    0,    0,    0,    0,    0,    0,    0,    0,    0,    0,  -10,    0,   -5,    0,    0,   -8,    0,    0,    0,    0,    0,    0,    0,    0,    0,    0,    0,    0,    0,    0,    0,   -2,    0,    0,   -2,    0,    0,    0,    0,    0,    0,    0,    0,    0,    0,    0,    0,
       0,    0,    0,    0,    0,    0,    0,    0,    0,    0,    0,    0,    0,    0,    0,    0,    0,    0,    0,    0,  -10,    0,    0,    0,    0,    0,    0,    0,    0,    0,    0,    0,    0,    0,    0,    0,    0,    0,    0,    0,    0,    0,    0,    0,    0,    0,    0,    0,    0,    0,    0,    0,    0,    0,    0,    0,    0,
       0,    0,    0,    0,    0,    0,    0,    0,    0,    0,    0,    0,    0,    0,    0,    0,    0,    0,    0,    0,  -10,   -3,    0,    0,    0,    0,    0,    0,    0,    0,    0,    0,    0,    0,    0,    2,    0,    0,    0,    0,    0,    0,    0,    0,    0,    0,    0,    0,    0,    0,    0,    0,    0,    0,    0,    0,    0,
       0,    0,    0,    0,    0,    0,    0,    0,    0,    0,    0,    0,    0,    0,    0,    0,    0,   -3,    0,    0,    0,    0,    0,    0,    0,   -7,    0,    0,    0,    0,   -1,   -2,   -7,    0,    0,   -2,    0,    0,   -2,    0,   -2,    0,    0,    0,    0,    0,    0,    0,    0,    0,    0,    0,    0,    0,    0,    0,    0,
       0,    0,    0,    0,    0,    0,    0,    0,    0,    0,    0,    0,    0,    0,    0,    0,    0,   -7,    0,    0,   -8,    0,  -10,   -7,    0,  -10,    0,    0,    0,    0,    0,    0,   -3,    0,   -3,   -5,    0,    0,    0,   -1,   -2,   -8,   -5,    0,   -5,    0,    0,    0,    0,    0,    0,    0,    0,    0,    0,    0,    0,
       0,    0,    0,    0,    0,    0,    0,    0,    0,    0,    0,    0,    0,    0,    0,    0,    0,    0,    0,    0,   -7,    0,   -6,    0,    0,   -5,    0,   -2,    0,    0,    0,    0,    0,    0,    0,    0,    0,    0,    0,    0,    0,    0,    0,    0,    0,    0,    0,    0,    0,    0,    0,    0,    0,    0,    0,    0,    0,
       0,    0,    0,    0,    0,    0,  -38,    0,    0,    0,    0,    0,    0,    0,    0,    0,  -10,    0,    0,    0,   -3,    0,    0,    0,   -5,    0,    0,    0,    0,    0,   -4,    0,   -7,    0,   -5,   -3,    0,    0,    0,    0,    0,   17,   17,    0,    0,    0,    0,    0,    0,    0,    0,    0,    0,    0,    0,    0,    0,
       0,    0,    0,    0,    0,    0,    0,    0,    0,    0,    0,    0,    0,    0,    0,    0,    0,   -2,    0,    0,  -15,    0,   -2,    0,   -2,   -7,    0,    0,    0,    0,    3,    0,    0,    0,    0,    0,    0,    0,    0,    0,    0,    0,    0,   -2,    0,    0,    0,    0,    0,    0,    0,    0,    0,    0,    0,    0,    0,
       0,    0,    0,    0,    0,    0,    0,    0,    0,    0,    0,    0,    0,    0,    0,    0,    0,    0,    0,    0,    0,    0,    0,    0,    0,    0,    0,    0,    0,    0,    0,    0,   -2,   -8,   -2,    0,    0,    0,    7,    0,    0,    0,   13,    0,    0,    0,    0,    0,    0,    0,    0,    0,    0,    0,    0,    0,    0,
       0,    0,    0,    0,    0,    0,    0,    0,    0,    0,    0,    0,    0,    0,    0,    0,    0,    0,    0,    0,  -10,    0,   -3,   -3,    0,   -5,    0,    0,    0,    0,    0,    0,    0,    0,   -3,    0,    0,    0,    0,    0,    0,    0,    0,    0,    0,    0,    0,    0,    0,    0,    0,    0,    0,    0,    0,    0,    0,
       0,    0,    0,    0,    2,    0,    0,   -2,    0,    0,    0,    0,    0,    0,    1,    0,   -8,    0,    0,    0,   -3,    0,    0,    0,   -9,   -3,   -7,    0,    0,   -6,   -1,    0,   -2,    0,   -2,    0,    0,    0,   -2,   17,    0,   17,    0,    0,    0,    0,    0,    0,   -3,    0,    0,   -1,    0,    0,    0,    0,    0,
       0,    0,    0,    0,    0,    0,    0,    0,    0,    0,    0,    0,    0,    0,    0,    0,   -2,    0,    0,    0,   -3,    0,    0,    0,   -6,   -3,   -2,    0,    0,    0,    1,    0,    0,    0,    0,    0,    0,    0,   -2,   17,    0,   13,    0,    0,    0,    0,    0,    0,    0,    0,    0,    0,    0,    0,    0,    0,    0,
       0,    0,   -1,    0,    0,    0,    0,    0,    0,    0,    0,    0,    0,    0,    0,    0,    0,   -3,    0,    0,   -5,   -2,    0,    0,    0,   -7,    0,   -2,    0,    0,    0,    0,   -1,    0,    0,    0,    0,    0,   -2,   17,   -2,    0,    0,    0,    0,    0,    0,   -2,    0,    0,    0,   -1,    0,    0,    0,    0,    0,
       0,    0,    0,    0,    0,    0,    0,    0,    0,    0,    0,    0,    0,    0,    0,    0,   -8,    0,    0,    0,   -3,    0,    0,    0,   -7,   -3,   -3,    0,    0,    0,    0,    0,   -2,    0,   -5,    0,    0,    0,   -3,    0,    0,    0,    0,    0,    0,    0,    0,    0,    0,    0,    0,    0,    0,    0,    0,    0,    0,
       0,    0,    0,    0,    0,    0,    0,    0,    0,    0,    0,    0,    0,    0,    0,    0,    0,    0,    0,    0,   -3,    0,    0,    0,    0,   -3,    0,    0,    0,    0,    0,    0,   -3,    0,    0,    0,    0,    0,    0,    0,    0,    0,    0,    0,    0,    0,    0,    0,    0,    0,    0,    0,    0,    0,    0,    0,    0,
       0,    0,    0,    0,    0,    0,    0,    0,    0,    0,    0,    0,    0,    0,    0,    0,    0,    0,    0,    0,    0,    0,   -2,    0,    0,    0,    0,    0,    0,    0,    0,    0,    0,    0,    0,    0,    0,    0,    0,    0,    0,    0,    0,    0,    0,    0,    0,    0,    0,    0,    0,    0,    0,    0,    0,    0,    0,
       0,    0,    0,    0,    0,    0,    0,    0,    0,    0,    0,    0,    0,    0,    0,    0,    0,    0,    0,    0,    0,    0,   -3,    0,    0,    0,    0,    0,    0,    0,    0,    0,    0,    0,    0,    0,    0,    0,    0,    0,    0,    0,    0,   -2,    0,    0,    0,    0,    0,    0,    0,    3,    0,    0,    0,    0,    0,
       0,    0,    0,    0,    0,    0,    0,    0,    0,    0,    0,    0,    0,    0,    0,    0,    0,    0,    0,    0,    0,    0,   -5,    0,    0,    0,    0,    0,    0,    0,    0,    0,    0,    0,    0,    0,    0,    0,    0,    0,    0,   -2,    0,    0,    0,    0,    0,    0,    0,    0,    0,  -10,    0,    0,    0,    0,    0,
       3,    0,    0,    0,   -2,    0,    0,  -13,    0,    0,    0,    0,    0,    0,    0,    0,    0,    0,    0,    0,    0,    0,    0,    0,    0,    0,    0,   -7,    0,  -18,    0,    0,    0,    0,    0,    0,    0,    0,    0,    0,    0,    1,    0,   -1,    0,    0,    7,    8,   -7,    0,    0,    0,    0,    0,    0,    0,    1,
       0,    0,    0,    0,   -7,    0,    0,   -4,    0,    0,    0,    0,    0,    0,    0,    0,    0,    0,    0,    0,    0,    0,    0,    0,    0,    0,    0,   -2,    0,  -11,    0,    0,    0,    0,    0,    0,    0,    0,    0,    0,    0,   -1,    0,   -1,    0,    0,    0,    3,    0,    0,    0,    0,    0,    0,    0,    0,    0,
       0,    0,    0,    0,   -5,    0,    0,  -10,    0,    0,    0,    0,    0,    0,    0,    0,    0,    0,    0,    0,    0,    0,    0,    0,    0,    0,    0,    0,    0,  -18,    0,    0,    0,    0,    0,    0,    0,    0,    0,    0,    0,    0,    0,   -1,    0,    0,    0,    3,   -7,    0,    0,    0,    0,    0,    0,    0,    0,
       0,    0,    0,    0,    0,    0,    0,    0,  -10,    0,    0,    0,    0,    0,    0,    0,    0,    0,    0,    0,    0,    0,    0,    0,    0,    0,    0,    0,    0,    0,    0,    0,    0,    0,    0,    0,    0,    0,    0,    0,    0,    0,    0,    0,    0,    0,    0,    0,    0,    0,    0,    0,    0,    0,    0,    0,    0,
       0,   33,    0,   42,   24,    0,    0,    0,    0,    0,    0,    0,    0,    0,    0,    0,    0,    0,    0,    0,    0,    0,    0,    0,    0,    0,    0,   37,   44,    0,    0,   10,    0,    0,    0,    0,    0,    0,    0,    0,    0,    0,    0,    0,    0,    0,    0,    0,    0,    0,    0,    3,   20,    0,   30,   37,    0,
       0,   21,    0,   35,    9,    0,    0,    0,    0,    0,    0,    0,    0,    0,    0,    0,    0,    0,    0,    0,    0,    0,    0,    0,    0,    0,    0,   29,   33,    0,    0,   10,    0,    0,    0,    0,    0,    0,    0,    0,    0,    0,    0,    0,    0,    0,    0,    0,    0,    0,    0,    3,   20,    0,   22,   26,    0,
       0,    0,    0,   11,    0,    0,    0,    0,    0,    0,    0,    0,    0,    0,    0,    0,    0,    0,    0,    0,    0,    0,    0,    0,    0,    0,    0,    0,    7,    0,    0,    0,    0,    0,    0,    0,    0,    0,    0,    0,    0,    0,    0,    0,    0,    0,    0,    0,    0,    0,    0,    0,    0,    0,    4,    4,    0,
       0,    0,    0,    0,    0,    0,    0,    0,  -14,    0,    0,    0,    0,    0,    0,    0,    0,    0,    0,    0,    0,    0,    0,    0,    0,    0,    0,    0,    0,    0,    0,    0,    0,    0,    0,    0,    0,    0,    0,    0,    0,    0,    0,    0,    0,    0,    0,    0,    0,    2,    0,    0,    0,    0,    0,    0,    0,
       0,    0,    0,    0,    0,    0,    0,    0,    0,  -13,    0,    0,    0,   -8,    0,    0,    0,    0,    0,    0,    0,    0,    0,    0,    0,    0,    0,    0,    0,    0,    0,    0,    0,    0,    0,    0,    0,    0,    0,    0,    0,    0,    0,    0,    0,    0,    0,    0,    0,    0,    0,    0,    0,    0,    0,    0,    0,
       0,    0,    0,    0,    0,    0,    0,    0,    0,  -20,    0,  -14,    0,   -8,    0,    0,    0,    0,    0,    0,    0,    0,    0,    0,    0,    0,    0,    0,    0,    0,    0,    0,    0,    0,    0,    0,    0,    0,    0,    0,    0,    0,    0,    0,    0,    0,    0,    0,    0,    0,    0,    0,    0,    0,    0,    0,    0,
       0,    0,    0,    0,    0,    0,    0,    0,    0,    0,    0,    0,    0,    0,    0,    0,    0,    0,    0,    0,    0,    0,    0,    0,    0,    0,    0,    0,    0,    0,    0,    0,    0,    0,    0,    1,    0,    0,    0,    0,    0,    0,    0,    0,    0,    0,    0,    0,    0,    0,    0,    0,    0,    0,    0,    0,    0,
       0,    0,    0,    0,    0,    0,    0,    0,    0,    0,    0,    0,    0,    0,    0,    0,    0,    0,    0,    0,    0,    0,   -2,    0,    0,    0,    0,    0,    0,    0,    0,    0,    0,    0,    0,    0,    0,    0,    0,    0,    0,    0,    0,    0,    0,    0,    0,    0,    0,    2,    0,    0,    0,    0,    0,    0,    0,
};

static const EpdLigaturePair quicksand_sb_10_regularLigaturePairs[] = {
    { 0x00660069, 0xFB01 }, // f i -> U+FB01
    { 0x0066006C, 0xFB02 }, // f l -> U+FB02
};

static const EpdFontData quicksand_sb_10_regular = {
    quicksand_sb_10_regularBitmaps,
    quicksand_sb_10_regularGlyphs,
    quicksand_sb_10_regularIntervals,
    57,
    26,
    21,
    -6,
    false,
    nullptr,
    0,
    nullptr,
    quicksand_sb_10_regularKernLeftClasses,
    quicksand_sb_10_regularKernRightClasses,
    quicksand_sb_10_regularKernMatrix,
    228,
    167,
    77,
    57,
    quicksand_sb_10_regularLigaturePairs,
    2,
};
