/**
 * generated by fontconvert.py
 * name: quicksand_10_bold
 * size: 10
 * mode: 1-bit
 * Command used: fontconvert.py quicksand_10_bold 10 ../builtinFonts/source/Quicksand/Quicksand-Bold.ttf
 */
#pragma once
#include "EpdFontData.h"

static const uint8_t quicksand_10_boldBitmaps[13466] = {
    0x6E, 0xEE, 0xEE, 0xEE, 0x66, 0x40, 0xEF, 0xE0, 0x73, 0x3B, 0xDD, 0xCC, 0xEE, 0x77, 0x31, 0x18,
    0x0C, 0x30, 0x38, 0xE0, 0xE7, 0x0F, 0xFE, 0x7F, 0xFD, 0xFF, 0xF1, 0xC7, 0x07, 0x1C, 0x1C, 0xE1,
    0xFF, 0xEF, 0xFF, 0x9F, 0xFE, 0x38, 0xE0, 0xE3, 0x83, 0x8C, 0x00, 0x07, 0x00, 0x70, 0x1F, 0x83,
    0xFE, 0x7F, 0xF7, 0x7E, 0x77, 0x07, 0xF0, 0x7F, 0x03, 0xFE, 0x1F, 0xE0, 0x7F, 0x07, 0x76, 0x77,
    0xFF, 0xF7, 0xFE, 0x3F, 0xC0, 0x70, 0x07, 0x00, 0x70, 0x3C, 0x0C, 0x3F, 0x0E, 0x1F, 0x8F, 0x1C,
    0xE7, 0x0E, 0x77, 0x07, 0x3F, 0x81, 0xFB, 0x80, 0xFF, 0xBC, 0x1B, 0xFF, 0x01, 0xFF, 0x81, 0xDC,
    0xE1, 0xEE, 0x70, 0xE7, 0x38, 0xE1, 0xF8, 0x70, 0x78, 0x00, 0x18, 0x07, 0xC0, 0x1F, 0xE0, 0x7F,
    0xC0, 0xE3, 0x81, 0xC0, 0x03, 0xC0, 0x0F, 0xC0, 0x3F, 0xCC, 0x7F, 0xF9, 0xE7, 0xF3, 0xC7, 0xE7,
    0x87, 0xC7, 0xFF, 0xCF, 0xFF, 0xCF, 0xF3, 0x03, 0x00, 0x77, 0x76, 0xEE, 0x40, 0x06, 0x0E, 0x1E,
    0x3C, 0x38, 0x70, 0x70, 0xF0, 0xF0, 0xF0, 0xF0, 0xF0, 0x70, 0x70, 0x78, 0x3C, 0x1E, 0x0E, 0x06,
    0xC1, 0xE3, 0xE1, 0xC3, 0xC3, 0x87, 0x87, 0x0E, 0x1C, 0x38, 0x71, 0xE3, 0x8F, 0x1C, 0x79, 0xE3,
    0x80, 0x18, 0xB5, 0xF9, 0xE7, 0xEF, 0xC6, 0x00, 0x06, 0x00, 0x70, 0x0F, 0x00, 0xF0, 0x0F, 0x07,
    0xFF, 0x7F, 0xF7, 0xFE, 0x0F, 0x00, 0xF0, 0x07, 0x00, 0x60, 0x37, 0xFE, 0x77, 0x38, 0xFD, 0xFF,
    0xF0, 0xFF, 0x80, 0x00, 0x60, 0x07, 0x00, 0xE0, 0x0E, 0x01, 0xC0, 0x1C, 0x03, 0x80, 0x38, 0x07,
    0x00, 0x70, 0x0E, 0x00, 0xE0, 0x1C, 0x01, 0xC0, 0x38, 0x03, 0x80, 0x70, 0x07, 0x00, 0xE0, 0x06,
    0x00, 0x0F, 0x83, 0xFC, 0x3F, 0xE7, 0x8F, 0x70, 0xF7, 0x07, 0x70, 0x7F, 0x07, 0xF0, 0x77, 0x07,
    0x70, 0xF7, 0x8F, 0x7F, 0xE3, 0xFE, 0x1F, 0xC0, 0x20, 0x0C, 0x7D, 0xFF, 0xFF, 0xE3, 0xC7, 0x8F,
    0x1E, 0x3C, 0x78, 0xF1, 0xE3, 0xC7, 0x00, 0x3E, 0x1F, 0xEF, 0xFB, 0x8F, 0xC3, 0xC0, 0xF0, 0x38,
    0x1E, 0x0F, 0x07, 0xC3, 0xE1, 0xF0, 0x7F, 0xBF, 0xFF, 0xFC, 0x7F, 0x9F, 0xF9, 0xFF, 0x03, 0xC0,
    0xF0, 0x3C, 0x0F, 0xE1, 0xFE, 0x1B, 0xC0, 0x3C, 0x07, 0x80, 0xE7, 0x3C, 0xFF, 0x9F, 0xC0, 0x60,
    0x01, 0x80, 0x3C, 0x07, 0xC0, 0x7C, 0x0F, 0xC1, 0xFC, 0x3F, 0xC7, 0xBC, 0xFF, 0xEF, 0xFF, 0xFF,
    0xF0, 0x3C, 0x03, 0xC0, 0x1C, 0x01, 0xC0, 0x7F, 0x9F, 0xF7, 0xFF, 0x80, 0xE0, 0x3F, 0x8F, 0xFB,
    0xFE, 0x63, 0xC0, 0x70, 0x1C, 0x0F, 0xF7, 0xFF, 0xE7, 0xF0, 0x60, 0x07, 0x07, 0xC3, 0xF1, 0xF0,
    0x78, 0x3F, 0x8F, 0xF3, 0xFE, 0xF3, 0xF8, 0x7E, 0x1F, 0x87, 0xFF, 0xDF, 0xE3, 0xF0, 0x30, 0xFF,
    0xFF, 0xFF, 0xFC, 0x0F, 0x03, 0x81, 0xE0, 0x70, 0x3C, 0x0E, 0x07, 0x81, 0xC0, 0xF0, 0x3C, 0x0E,
    0x03, 0x80, 0x00, 0x0F, 0x07, 0xF1, 0xFF, 0x3C, 0xE7, 0x1E, 0xE3, 0x9F, 0xF1, 0xFC, 0x7F, 0xCE,
    0x3F, 0xC3, 0xB8, 0xF7, 0xFC, 0x7F, 0x87, 0xE0, 0x3E, 0x1F, 0xEF, 0xFB, 0x8F, 0xE1, 0xF8, 0x7E,
    0x3F, 0xFF, 0x7F, 0xCF, 0xF0, 0x38, 0x1E, 0x1F, 0x0F, 0x87, 0xC0, 0x00, 0xEF, 0xE0, 0x00, 0x00,
    0xEF, 0xE0, 0x73, 0x9C, 0x00, 0x00, 0x00, 0x67, 0xBE, 0x67, 0x30, 0x00, 0x00, 0x70, 0x7C, 0x7E,
    0x7E, 0x3F, 0x0F, 0x81, 0xF8, 0x1F, 0x83, 0xF0, 0x3C, 0x03, 0x00, 0x1F, 0xFF, 0xFF, 0xBF, 0xE0,
    0x01, 0xFF, 0xFF, 0xFB, 0xFE, 0x40, 0x3C, 0x0F, 0x81, 0xF8, 0x1F, 0x83, 0xF0, 0x7C, 0x7E, 0x7E,
    0x3E, 0x0F, 0x01, 0x00, 0x1E, 0x0F, 0xE3, 0xFE, 0x7F, 0xE6, 0x1C, 0x03, 0x80, 0x70, 0x1E, 0x1F,
    0x83, 0xE0, 0x70, 0x0E, 0x00, 0x80, 0x38, 0x07, 0x00, 0xE0, 0x00, 0xFF, 0x00, 0x3F, 0xF8, 0x0F,
    0x83, 0xC1, 0xE0, 0x0E, 0x38, 0xFE, 0x63, 0x9F, 0xE7, 0x73, 0xFE, 0x76, 0x79, 0xE7, 0x67, 0x1E,
    0x66, 0x71, 0xC6, 0xE7, 0x1C, 0xEE, 0x77, 0xCC, 0x67, 0xFF, 0x86, 0x3E, 0xF0, 0x70, 0x00, 0x03,
    0x80, 0x40, 0x1F, 0xFE, 0x00, 0xFF, 0x80, 0x03, 0xE0, 0x00, 0x07, 0x00, 0x1C, 0x00, 0x78, 0x03,
    0xE0, 0x0F, 0xC0, 0x7F, 0x01, 0xDE, 0x0F, 0x78, 0x38, 0xE0, 0xFF, 0xC7, 0xFF, 0x1F, 0xFE, 0xF0,
    0x3B, 0x80, 0xEE, 0x01, 0x80, 0x00, 0x7F, 0x8F, 0xFE, 0xFF, 0xEF, 0x0E, 0xF0, 0xEF, 0x0E, 0xFF,
    0xCF, 0xFE, 0xFF, 0xFF, 0x0F, 0xF0, 0x7F, 0x07, 0xFF, 0xFF, 0xFE, 0xFF, 0xC0, 0x07, 0xE0, 0xFF,
    0xCF, 0xFE, 0x78, 0x67, 0x80, 0x38, 0x01, 0xC0, 0x1E, 0x00, 0xF0, 0x03, 0x80, 0x1E, 0x00, 0xF0,
    0x03, 0xFF, 0x8F, 0xFC, 0x3F, 0xC0, 0x30, 0x7F, 0x83, 0xFF, 0x8F, 0xFF, 0x3C, 0x3C, 0xF0, 0x7B,
    0xC0, 0xEF, 0x03, 0xBC, 0x0E, 0xF0, 0x3B, 0xC0, 0xEF, 0x07, 0xBC, 0x1E, 0xFF, 0xF3, 0xFF, 0x8F,
    0xFC, 0x00, 0x7F, 0xDF, 0xFB, 0xFF, 0x78, 0x0F, 0x01, 0xE0, 0x3F, 0xE7, 0xFC, 0xFF, 0x9E, 0x03,
    0xC0, 0x78, 0x0F, 0xFD, 0xFF, 0xBF, 0xF0, 0x7F, 0xFF, 0xFF, 0xFF, 0xC0, 0xF0, 0x3C, 0x0F, 0xFB,
    0xFE, 0xFF, 0xBC, 0x0F, 0x03, 0xC0, 0xF0, 0x3C, 0x0E, 0x00, 0x07, 0xF0, 0x3F, 0xE3, 0xFF, 0x8F,
    0x84, 0x78, 0x01, 0xC0, 0x07, 0x00, 0x3C, 0x3F, 0x71, 0xFD, 0xC3, 0xF7, 0x83, 0xDF, 0x0F, 0x3F,
    0xFC, 0x7F, 0xF0, 0xFF, 0x80, 0x70, 0x60, 0x37, 0x83, 0xFC, 0x1F, 0xE0, 0xFF, 0x07, 0xF8, 0x3F,
    0xFF, 0xFF, 0xFF, 0xFF, 0xFF, 0x83, 0xFC, 0x1F, 0xE0, 0xFF, 0x07, 0xF8, 0x3F, 0x80, 0xE0, 0x6F,
    0xFF, 0xFF, 0xFF, 0xFF, 0xFF, 0xFF, 0xE0, 0x00, 0xC0, 0x70, 0x1C, 0x07, 0x01, 0xC0, 0x70, 0x1C,
    0x07, 0x01, 0xC0, 0x70, 0x1D, 0x87, 0x7F, 0xDF, 0xE3, 0xF0, 0x30, 0x60, 0x37, 0x83, 0xBC, 0x3D,
    0xE3, 0xCF, 0x3C, 0x7B, 0xC3, 0xFC, 0x1F, 0xE0, 0xFF, 0x87, 0xFE, 0x3C, 0xF1, 0xE3, 0xCF, 0x0F,
    0x78, 0x7B, 0x81, 0xC0, 0x60, 0x3C, 0x0F, 0x03, 0xC0, 0xF0, 0x3C, 0x0F, 0x03, 0xC0, 0xF0, 0x3C,
    0x0F, 0x03, 0xC0, 0xFF, 0xFF, 0xFF, 0xFC, 0x60, 0x0D, 0xE0, 0x3F, 0xC0, 0x7F, 0xC1, 0xFF, 0xC7,
    0xFF, 0x8F, 0xFF, 0xBF, 0xF7, 0xF7, 0xE7, 0xCF, 0xCF, 0x9F, 0x8E, 0x3F, 0x00, 0x7E, 0x00, 0xFC,
    0x01, 0xF8, 0x03, 0x80, 0x60, 0x1F, 0x81, 0xFE, 0x0F, 0xF0, 0x7F, 0xC3, 0xFF, 0x1F, 0xBC, 0xFD,
    0xF7, 0xE7, 0xBF, 0x1F, 0xF8, 0x7F, 0xC1, 0xFE, 0x0F, 0xF0, 0x3F, 0x80, 0xE0, 0x07, 0xE0, 0x3F,
    0xF0, 0xFF, 0xF1, 0xE1, 0xE7, 0x81, 0xEE, 0x03, 0xDC, 0x03, 0xF8, 0x07, 0xF0, 0x0E, 0xE0, 0x1D,
    0xE0, 0x7B, 0xE1, 0xE3, 0xFF, 0xC3, 0xFF, 0x03, 0xFC, 0x00, 0xC0, 0x7F, 0x1F, 0xFB, 0xFF, 0x70,
    0xFE, 0x0F, 0xC1, 0xF8, 0x7F, 0xFF, 0xFF, 0xDF, 0xF3, 0x80, 0x70, 0x0E, 0x01, 0xC0, 0x38, 0x00,
    0x07, 0xE0, 0x0F, 0xFC, 0x0F, 0xFF, 0x07, 0x87, 0x87, 0x81, 0xE3, 0x80, 0xF1, 0xC0, 0x39, 0xE0,
    0x1C, 0xF0, 0x0E, 0x38, 0x07, 0x1E, 0x07, 0x8F, 0x87, 0x83, 0xFF, 0xC0, 0xFF, 0xC0, 0x3F, 0xC0,
    0x1F, 0x86, 0x1F, 0xFF, 0x8F, 0xFF, 0x80, 0x3F, 0x80, 0x03, 0x00, 0x7F, 0xC7, 0xFF, 0x3F, 0xFD,
    0xE1, 0xEF, 0x07, 0x78, 0x3B, 0xC1, 0xDF, 0xFC, 0xFF, 0xE7, 0xFF, 0x3C, 0x3D, 0xE0, 0xEF, 0x07,
    0x78, 0x3F, 0x80, 0xE0, 0x00, 0x1F, 0x83, 0xFE, 0x7F, 0xF7, 0x0E, 0x70, 0x07, 0x80, 0x7F, 0x03,
    0xFE, 0x1F, 0xE0, 0x1F, 0x00, 0x76, 0x07, 0xFF, 0xF7, 0xFE, 0x3F, 0xC0, 0x60, 0x7F, 0xF7, 0xFF,
    0xDF, 0xFC, 0x0E, 0x00, 0x70, 0x03, 0x80, 0x1C, 0x00, 0xE0, 0x07, 0x00, 0x38, 0x01, 0xC0, 0x0E,
    0x00, 0x70, 0x03, 0x80, 0x1C, 0x00, 0x60, 0x37, 0x03, 0xBC, 0x1F, 0xE0, 0xFF, 0x07, 0xF8, 0x3F,
    0xC1, 0xFE, 0x0F, 0xF0, 0x7F, 0x83, 0xBC, 0x1C, 0xE1, 0xE7, 0xFF, 0x1F, 0xF0, 0x7F, 0x00, 0x00,
    0x60, 0x1B, 0xC0, 0x77, 0x03, 0xDC, 0x0E, 0x78, 0x78, 0xE1, 0xC3, 0xC7, 0x07, 0x38, 0x1E, 0xE0,
    0x7F, 0x80, 0xFC, 0x03, 0xF0, 0x07, 0x80, 0x1E, 0x00, 0x30, 0x00, 0x60, 0x00, 0x6E, 0x00, 0x0F,
    0xF0, 0x00, 0xFF, 0x06, 0x0E, 0x70, 0xF1, 0xE7, 0x8F, 0x1C, 0x39, 0xF1, 0xC3, 0x9F, 0xBC, 0x3D,
    0xFB, 0x81, 0xFB, 0xF8, 0x1F, 0x9F, 0x81, 0xF1, 0xF0, 0x0F, 0x0F, 0x00, 0xF0, 0xF0, 0x0E, 0x06,
    0x00, 0x60, 0x1B, 0x81, 0xDE, 0x1E, 0x79, 0xE3, 0xDE, 0x0F, 0xE0, 0x3F, 0x00, 0xF0, 0x0F, 0x80,
    0x7E, 0x07, 0xF8, 0x79, 0xE7, 0x8F, 0x38, 0x3D, 0xC0, 0xE0, 0x00, 0x60, 0x37, 0x83, 0xBC, 0x3C,
    0xF1, 0xE3, 0xDE, 0x1F, 0xE0, 0x7E, 0x01, 0xF0, 0x07, 0x00, 0x38, 0x01, 0xC0, 0x0E, 0x00, 0x70,
    0x03, 0x80, 0x1C, 0x00, 0x3F, 0xFB, 0xFF, 0xCF, 0xFE, 0x01, 0xE0, 0x1E, 0x01, 0xF0, 0x0F, 0x00,
    0xF0, 0x0F, 0x00, 0xF0, 0x0F, 0x80, 0x78, 0x07, 0xFF, 0x7F, 0xFD, 0xFF, 0xE0, 0x7E, 0xFE, 0xFE,
    0xE0, 0xE0, 0xE0, 0xE0, 0xE0, 0xE0, 0xE0, 0xE0, 0xE0, 0xE0, 0xE0, 0xE0, 0xE0, 0xE0, 0xFE, 0xFE,
    0x60, 0x0E, 0x00, 0x70, 0x07, 0x00, 0x38, 0x03, 0x80, 0x1C, 0x01, 0xC0, 0x0E, 0x00, 0xE0, 0x07,
    0x00, 0x70, 0x03, 0x80, 0x38, 0x03, 0xC0, 0x1C, 0x01, 0xE0, 0x0E, 0x00, 0xE0, 0x06, 0xFF, 0xFD,
    0xF8, 0x70, 0xE1, 0xC3, 0x87, 0x0E, 0x1C, 0x38, 0x70, 0xE1, 0xC3, 0x87, 0x0F, 0xFF, 0xF8, 0x1E,
    0x03, 0xE0, 0xFE, 0x1F, 0xC7, 0xBD, 0xE3, 0xBC, 0x7F, 0x07, 0x40, 0x40, 0xFF, 0xFF, 0xFF, 0xFF,
    0xFC, 0x47, 0x3C, 0xF0, 0x00, 0x0E, 0x21, 0xFF, 0x3F, 0xF7, 0x9F, 0x70, 0xF7, 0x07, 0xF0, 0x77,
    0x07, 0x70, 0xF7, 0xDF, 0x3F, 0xF1, 0xFF, 0x06, 0x00, 0x40, 0x0E, 0x00, 0xE0, 0x0E, 0x00, 0xE7,
    0x0F, 0xF8, 0xFF, 0xCF, 0x9E, 0xF0, 0xEE, 0x0F, 0xE0, 0xFE, 0x0F, 0xF0, 0xEF, 0xBE, 0xFF, 0xCF,
    0xF8, 0x46, 0x00, 0x07, 0x03, 0xF8, 0xFF, 0xBE, 0x67, 0x00, 0xE0, 0x3C, 0x03, 0x80, 0x70, 0x0F,
    0xBC, 0xFF, 0x8F, 0xE0, 0x60, 0x00, 0x20, 0x07, 0x00, 0x70, 0x07, 0x0E, 0x71, 0xFF, 0x3F, 0xF7,
    0x9F, 0x70, 0xF7, 0x07, 0xF0, 0x77, 0x07, 0x70, 0xF7, 0xDF, 0x3F, 0xF1, 0xFF, 0x06, 0x00, 0x07,
    0x01, 0xFC, 0x3F, 0xE7, 0x9E, 0x70, 0xF7, 0xFF, 0xFF, 0xF7, 0xFE, 0x70, 0x07, 0xDE, 0x3F, 0xE1,
    0xFC, 0x03, 0x00, 0x07, 0x07, 0xC7, 0xE3, 0x81, 0xC7, 0xFF, 0xFE, 0xFE, 0x1C, 0x0E, 0x07, 0x03,
    0x81, 0xC0, 0xE0, 0x70, 0x38, 0x06, 0x21, 0xFF, 0x3F, 0xF7, 0x9F, 0x70, 0x77, 0x07, 0xF0, 0x77,
    0x07, 0x70, 0x77, 0xDF, 0x3F, 0xF1, 0xFF, 0x06, 0x73, 0xFF, 0x3F, 0xE3, 0xFC, 0x02, 0x00, 0x40,
    0x38, 0x0E, 0x03, 0x80, 0xE7, 0x3F, 0xEF, 0xFF, 0xCF, 0xE1, 0xF8, 0x7E, 0x1F, 0x87, 0xE1, 0xF8,
    0x7E, 0x1F, 0x87, 0xFF, 0x8F, 0xFF, 0xFF, 0xFF, 0xF8, 0x38, 0xF1, 0x80, 0x38, 0xF3, 0xCF, 0x3C,
    0xF3, 0xCF, 0x3C, 0xF3, 0xCF, 0x7B, 0xEF, 0x00, 0x60, 0x1C, 0x03, 0x80, 0x70, 0x0E, 0x01, 0xC3,
    0xB8, 0xF7, 0x3C, 0xFF, 0x1F, 0xC3, 0xF8, 0x7F, 0x8F, 0xF9, 0xCF, 0xB8, 0xF7, 0x0E, 0x6E, 0xEE,
    0xEE, 0xEE, 0xEE, 0xEE, 0xEE, 0xEE, 0x07, 0x0E, 0x7F, 0xDF, 0xBF, 0xFF, 0xFE, 0x7C, 0xFE, 0x1C,
    0x3F, 0x0E, 0x1F, 0x87, 0x0F, 0xC3, 0x87, 0xE1, 0xC3, 0xF0, 0xE1, 0xF8, 0x70, 0xFC, 0x38, 0x70,
    0x07, 0x1F, 0xF3, 0xFF, 0x79, 0xEE, 0x1D, 0xC3, 0xB8, 0x77, 0x0E, 0xE1, 0xDC, 0x3B, 0x87, 0x70,
    0xE0, 0x07, 0x00, 0xFE, 0x0F, 0xF8, 0xF1, 0xE7, 0x07, 0x38, 0x3B, 0xC1, 0xEE, 0x0E, 0x70, 0x73,
    0xEF, 0x8F, 0xF8, 0x3F, 0x80, 0x20, 0x00, 0x07, 0x0F, 0xF8, 0xFF, 0xCF, 0x9E, 0xF0, 0xEE, 0x0F,
    0xE0, 0xFE, 0x0F, 0xF0, 0xEF, 0xBE, 0xFF, 0xCF, 0xF8, 0xE6, 0x0E, 0x00, 0xE0, 0x0E, 0x00, 0x40,
    0x00, 0x0E, 0x01, 0xFF, 0x3F, 0xF7, 0x9F, 0x70, 0xF7, 0x07, 0xF0, 0x77, 0x07, 0x70, 0xF7, 0xDF,
    0x3F, 0xF1, 0xFF, 0x06, 0x70, 0x07, 0x00, 0x70, 0x07, 0x00, 0x20, 0x06, 0xFF, 0xFF, 0xF0, 0xE0,
    0xE0, 0xE0, 0xE0, 0xE0, 0xE0, 0xE0, 0xE0, 0x0E, 0x0F, 0xE7, 0xF9, 0xCE, 0x70, 0x1F, 0x83, 0xF8,
    0x3E, 0x63, 0xFC, 0x7F, 0xF9, 0xFC, 0x0C, 0x00, 0x18, 0x38, 0x38, 0xFF, 0xFF, 0x7E, 0x38, 0x38,
    0x38, 0x38, 0x38, 0x3E, 0x3F, 0x1F, 0x00, 0x38, 0x7E, 0x1F, 0x87, 0xE1, 0xF8, 0x7E, 0x1F, 0x87,
    0xE1, 0xFE, 0xF7, 0xF8, 0xFE, 0x0C, 0x00, 0x00, 0x0E, 0x06, 0xF0, 0xE7, 0x0E, 0x79, 0xC3, 0x9C,
    0x3F, 0xC1, 0xF8, 0x1F, 0x81, 0xF0, 0x0F, 0x00, 0xE0, 0x00, 0x00, 0x00, 0x00, 0xE0, 0x07, 0xF1,
    0x8F, 0x73, 0xCE, 0x73, 0xCE, 0x7B, 0xDE, 0x3F, 0xFC, 0x3F, 0xFC, 0x1F, 0xF8, 0x1E, 0x78, 0x1E,
    0x78, 0x0C, 0x30, 0x00, 0x00, 0x00, 0x38, 0x7F, 0x3D, 0xEE, 0x7F, 0x0F, 0xC1, 0xE0, 0xFC, 0x3F,
    0x9F, 0xFF, 0x3F, 0x87, 0x00, 0x00, 0x00, 0x38, 0x7E, 0x1F, 0x87, 0xE1, 0xF8, 0x7E, 0x1F, 0x87,
    0xE1, 0xFE, 0xF7, 0xFD, 0xFF, 0x19, 0xDF, 0xF7, 0xF9, 0xFC, 0x08, 0x00, 0x7F, 0xFF, 0xF7, 0xF8,
    0x1E, 0x0F, 0x07, 0x83, 0xC0, 0xE0, 0x7F, 0xBF, 0xFF, 0xFC, 0x07, 0x07, 0x87, 0xC3, 0x81, 0xC0,
    0xE0, 0x70, 0x38, 0x78, 0x7C, 0x3E, 0x07, 0x81, 0xC0, 0xE0, 0x70, 0x38, 0x1C, 0x0F, 0x83, 0xC0,
    0x00, 0xFF, 0xFF, 0xFF, 0xFF, 0xFF, 0xFF, 0xFF, 0xF0, 0xE0, 0x7C, 0x1E, 0x07, 0x81, 0xC0, 0xE0,
    0x70, 0x38, 0x1E, 0x07, 0x87, 0xC3, 0x81, 0xC0, 0xE0, 0x70, 0x38, 0x38, 0x7C, 0x3C, 0x08, 0x00,
    0x71, 0xBF, 0xFF, 0xFF, 0x3E, 0x40, 0x00, 0x6E, 0xFE, 0x06, 0x66, 0xEE, 0xEE, 0xEE, 0xE6, 0x06,
    0x01, 0xE0, 0x7F, 0x1F, 0xE7, 0xFC, 0xEC, 0x3D, 0x87, 0xB0, 0xF6, 0x0E, 0xC1, 0xFB, 0x1F, 0xF1,
    0xFC, 0x1E, 0x01, 0x80, 0x0F, 0xC0, 0xFF, 0x0F, 0xF8, 0x71, 0xC3, 0x80, 0x1C, 0x03, 0xFE, 0x1F,
    0xF0, 0x7F, 0x80, 0xE0, 0x07, 0x00, 0x38, 0x07, 0xE3, 0xFF, 0xFF, 0xFF, 0xE0, 0x3C, 0x00, 0x3B,
    0x7F, 0xFF, 0xFE, 0x7F, 0x9C, 0xE7, 0x39, 0xFE, 0xFF, 0xFF, 0xF4, 0x08, 0x60, 0x37, 0x83, 0xBC,
    0x3C, 0xF1, 0xE3, 0xDE, 0x1E, 0xE0, 0x7F, 0x07, 0xFC, 0x3F, 0xE1, 0xFF, 0x0F, 0xF8, 0x7F, 0xC3,
    0xFE, 0x03, 0x80, 0x1C, 0x00, 0x7F, 0xFF, 0xFF, 0x60, 0x3F, 0xFF, 0xFF, 0xB0, 0x0F, 0x83, 0xFC,
    0x3F, 0xE3, 0x8E, 0x78, 0x03, 0xF0, 0x3F, 0xC7, 0xFE, 0x73, 0xEF, 0x0E, 0x7F, 0xE7, 0xFC, 0x3F,
    0xC0, 0x3E, 0xF1, 0xEF, 0xFC, 0x7F, 0xC3, 0xF8, 0xEF, 0xDF, 0xB8, 0x07, 0xE0, 0x1F, 0xF8, 0x3C,
    0x3C, 0x33, 0xEE, 0x77, 0xE6, 0x6F, 0xE7, 0xEE, 0x03, 0xEC, 0x03, 0xEC, 0x03, 0xEE, 0x07, 0x6F,
    0xE6, 0x77, 0xEE, 0x38, 0x9C, 0x1F, 0xF8, 0x0F, 0xF0, 0x01, 0x80, 0x00, 0xFF, 0xFF, 0x7E, 0x7D,
    0xFF, 0xBF, 0x19, 0xCE, 0xF7, 0xBB, 0xDC, 0xE7, 0x3D, 0xC7, 0xB8, 0xEF, 0x19, 0xC0, 0xFF, 0xF7,
    0xFF, 0xFF, 0xFE, 0x00, 0xF0, 0x07, 0x80, 0x38, 0x00, 0xC0, 0xFD, 0xFF, 0xF0, 0x1F, 0x1F, 0xE7,
    0xFF, 0x7B, 0xDE, 0xF7, 0xBD, 0xED, 0xCE, 0x3F, 0x87, 0x80, 0xFE, 0xFF, 0xFE, 0x3C, 0x7E, 0xE7,
    0xE7, 0xE7, 0x7E, 0x3E, 0x02, 0x00, 0x70, 0x0F, 0x00, 0xF0, 0x7F, 0xF7, 0xFF, 0x7F, 0xE0, 0xF0,
    0x07, 0x00, 0x60, 0x7F, 0xEF, 0xFF, 0x7F, 0xE0, 0x7B, 0xFD, 0xC7, 0x39, 0xCF, 0xFF, 0xFB, 0xF3,
    0xBE, 0xFC, 0x7F, 0xFE, 0x20, 0x37, 0xFE, 0xC0, 0x60, 0xDE, 0x3F, 0xC7, 0xF8, 0xFF, 0x1F, 0xE3,
    0xFC, 0x7F, 0x8F, 0xFB, 0xFF, 0xFF, 0xFF, 0x7C, 0x0F, 0x01, 0xC0, 0x18, 0x00, 0x1F, 0xF3, 0xFF,
    0x7F, 0xF7, 0xFF, 0xFF, 0xFF, 0xFF, 0x7F, 0xF7, 0xFF, 0x3F, 0xF0, 0x3F, 0x03, 0xF0, 0x3F, 0x03,
    0xF0, 0x3F, 0x1F, 0xF1, 0xF0, 0x0E, 0x00, 0x77, 0x70, 0x76, 0xEE, 0x00, 0x1B, 0xDE, 0xF1, 0x8C,
    0x63, 0x3C, 0xFF, 0xBF, 0x3E, 0xEF, 0xDF, 0x00, 0xE7, 0x1E, 0xF1, 0xCE, 0x1D, 0xE3, 0xDC, 0x73,
    0x9C, 0xE7, 0xBC, 0xE7, 0x00, 0x18, 0x0C, 0x3C, 0x0E, 0x1E, 0x0F, 0x0F, 0x07, 0x01, 0x87, 0x00,
    0xC7, 0x80, 0x63, 0x80, 0x33, 0x8C, 0x03, 0xCE, 0x01, 0xCF, 0x01, 0xCF, 0x81, 0xEF, 0xE0, 0xE7,
    0xF8, 0xE1, 0xF8, 0x70, 0x18, 0x00, 0x00, 0x18, 0x18, 0x3C, 0x0E, 0x1E, 0x0E, 0x0F, 0x0F, 0x01,
    0x87, 0x00, 0xC7, 0x00, 0x67, 0x80, 0x33, 0x9E, 0x03, 0x9F, 0x83, 0xCD, 0xC1, 0xC0, 0xE1, 0xC0,
    0xE1, 0xE0, 0xE0, 0xE0, 0xFC, 0x60, 0x7E, 0x00, 0x00, 0xF8, 0x18, 0xF8, 0x38, 0x78, 0x38, 0xF8,
    0x70, 0xFC, 0xF0, 0x1C, 0xE0, 0xFD, 0xC0, 0xFB, 0xCE, 0x63, 0x9E, 0x07, 0x3E, 0x0F, 0x7E, 0x0E,
    0x7F, 0x1C, 0xFF, 0x3C, 0x7E, 0x38, 0x0E, 0x00, 0x00, 0x07, 0x01, 0xE0, 0x1C, 0x01, 0x00, 0x70,
    0x1E, 0x0F, 0xC3, 0xF0, 0x78, 0x1E, 0x03, 0xC0, 0x78, 0x47, 0xBC, 0xFF, 0x8F, 0xE0, 0x78, 0x1C,
    0x00, 0x78, 0x00, 0xF0, 0x00, 0xC0, 0x07, 0x00, 0x1C, 0x00, 0x78, 0x03, 0xE0, 0x0F, 0xC0, 0x7F,
    0x01, 0xDE, 0x0F, 0x78, 0x38, 0xE0, 0xFF, 0xC7, 0xFF, 0x1F, 0xFE, 0xF0, 0x3B, 0x80, 0xEE, 0x01,
    0x80, 0x00, 0x00, 0xC0, 0x07, 0x00, 0x3C, 0x00, 0xC0, 0x07, 0x00, 0x1C, 0x00, 0x78, 0x03, 0xE0,
    0x0F, 0xC0, 0x7F, 0x01, 0xDE, 0x0F, 0x78, 0x38, 0xE0, 0xFF, 0xC7, 0xFF, 0x1F, 0xFE, 0xF0, 0x3B,
    0x80, 0xEE, 0x01, 0x80, 0x00, 0x07, 0x00, 0x3E, 0x01, 0xFC, 0x02, 0x30, 0x07, 0x00, 0x1C, 0x00,
    0x78, 0x03, 0xE0, 0x0F, 0xC0, 0x7F, 0x01, 0xDE, 0x0F, 0x78, 0x38, 0xE0, 0xFF, 0xC7, 0xFF, 0x1F,
    0xFE, 0xF0, 0x3B, 0x80, 0xEE, 0x01, 0x80, 0x00, 0x1E, 0x60, 0x7F, 0x83, 0xFE, 0x06, 0x70, 0x07,
    0x00, 0x1C, 0x00, 0x78, 0x03, 0xE0, 0x0F, 0xC0, 0x7F, 0x01, 0xDE, 0x0F, 0x78, 0x38, 0xE0, 0xFF,
    0xC7, 0xFF, 0x1F, 0xFE, 0xF0, 0x3B, 0x80, 0xEE, 0x01, 0x80, 0x00, 0x08, 0xC0, 0x77, 0x01, 0xDC,
    0x02, 0x20, 0x07, 0x00, 0x1C, 0x00, 0x78, 0x03, 0xE0, 0x0F, 0xC0, 0x7F, 0x01, 0xDE, 0x0F, 0x78,
    0x38, 0xE0, 0xFF, 0xC7, 0xFF, 0x1F, 0xFE, 0xF0, 0x3B, 0x80, 0xEE, 0x01, 0x80, 0x00, 0x07, 0x00,
    0x3E, 0x00, 0xD8, 0x03, 0xE0, 0x07, 0x80, 0x1E, 0x00, 0xF8, 0x03, 0xF0, 0x1F, 0xC0, 0x77, 0x83,
    0xDE, 0x0E, 0x38, 0x3F, 0xF1, 0xFF, 0xC7, 0xFF, 0xBC, 0x0E, 0xE0, 0x3B, 0x80, 0x60, 0x00, 0x00,
    0x00, 0x7F, 0x80, 0x3F, 0xF0, 0x1F, 0xFC, 0x07, 0x80, 0x03, 0xE0, 0x01, 0xF8, 0x00, 0x7F, 0xF0,
    0x3B, 0xFE, 0x1E, 0xFF, 0x8F, 0xF8, 0x03, 0xFE, 0x01, 0xFF, 0x80, 0xF0, 0xFF, 0xB8, 0x3F, 0xFE,
    0x0F, 0xFC, 0x00, 0x00, 0x07, 0xE0, 0xFF, 0xCF, 0xFE, 0x78, 0x67, 0x80, 0x38, 0x01, 0xC0, 0x1E,
    0x00, 0xF0, 0x03, 0x80, 0x1E, 0x00, 0xF0, 0x03, 0xFF, 0x8F, 0xFC, 0x3F, 0xC0, 0x70, 0x07, 0x00,
    0x38, 0x00, 0x00, 0x30, 0x07, 0x80, 0xF0, 0x06, 0x07, 0xFD, 0xFF, 0xBF, 0xF7, 0x80, 0xF0, 0x1E,
    0x03, 0xFE, 0x7F, 0xCF, 0xF9, 0xE0, 0x3C, 0x07, 0x80, 0xFF, 0xDF, 0xFB, 0xFF, 0x00, 0x03, 0x80,
    0xF0, 0x3C, 0x07, 0x07, 0xFD, 0xFF, 0xBF, 0xF7, 0x80, 0xF0, 0x1E, 0x03, 0xFE, 0x7F, 0xCF, 0xF9,
    0xE0, 0x3C, 0x07, 0x80, 0xFF, 0xDF, 0xFB, 0xFF, 0x00, 0x0E, 0x03, 0xE0, 0xFE, 0x18, 0x87, 0xFD,
    0xFF, 0xBF, 0xF7, 0x80, 0xF0, 0x1E, 0x03, 0xFE, 0x7F, 0xCF, 0xF9, 0xE0, 0x3C, 0x07, 0x80, 0xFF,
    0xDF, 0xFB, 0xFF, 0x00, 0x31, 0x07, 0x70, 0xEE, 0x08, 0x87, 0xFD, 0xFF, 0xBF, 0xF7, 0x80, 0xF0,
    0x1E, 0x03, 0xFE, 0x7F, 0xCF, 0xF9, 0xE0, 0x3C, 0x07, 0x80, 0xFF, 0xDF, 0xFB, 0xFF, 0x00, 0xE3,
    0xC7, 0x86, 0x18, 0xF3, 0xCF, 0x3C, 0xF3, 0xCF, 0x3C, 0xF3, 0xCF, 0x3C, 0xF3, 0x80, 0x18, 0xF7,
    0x98, 0x63, 0xCF, 0x3C, 0xF3, 0xCF, 0x3C, 0xF3, 0xCF, 0x3C, 0xF3, 0xCE, 0x00, 0x3C, 0xF9, 0xFA,
    0x31, 0x87, 0x8F, 0x1E, 0x3C, 0x78, 0xF1, 0xE3, 0xC7, 0x8F, 0x1E, 0x3C, 0x78, 0xE0, 0x66, 0xEF,
    0xEF, 0x40, 0x18, 0x3C, 0x3C, 0x3C, 0x3C, 0x3C, 0x3C, 0x3C, 0x3C, 0x3C, 0x3C, 0x3C, 0x3C, 0x3C,
    0x38, 0x1F, 0xE0, 0x3F, 0xF8, 0x3F, 0xFC, 0x3C, 0x3C, 0x3C, 0x1E, 0x3C, 0x0E, 0x7E, 0x0E, 0x7E,
    0x0E, 0x7E, 0x0E, 0x3C, 0x0E, 0x3C, 0x1E, 0x3C, 0x1E, 0x3F, 0xFC, 0x3F, 0xF8, 0x3F, 0xF0, 0x1E,
    0xE0, 0xFF, 0x0F, 0xF8, 0x33, 0x86, 0x01, 0xF8, 0x1F, 0xE0, 0xFF, 0x07, 0xFC, 0x3F, 0xF1, 0xFB,
    0xCF, 0xDF, 0x7E, 0x7B, 0xF1, 0xFF, 0x87, 0xFC, 0x1F, 0xE0, 0xFF, 0x03, 0xF8, 0x0E, 0x0E, 0x00,
    0x1E, 0x00, 0x1E, 0x00, 0x0C, 0x00, 0x7E, 0x03, 0xFF, 0x0F, 0xFF, 0x1E, 0x1E, 0x78, 0x1E, 0xE0,
    0x3D, 0xC0, 0x3F, 0x80, 0x7F, 0x00, 0xEE, 0x01, 0xDE, 0x07, 0xBE, 0x1E, 0x3F, 0xFC, 0x3F, 0xF0,
    0x3F, 0xC0, 0x0C, 0x00, 0x00, 0x60, 0x01, 0xE0, 0x07, 0x80, 0x0C, 0x00, 0x7E, 0x03, 0xFF, 0x0F,
    0xFF, 0x1E, 0x1E, 0x78, 0x1E, 0xE0, 0x3D, 0xC0, 0x3F, 0x80, 0x7F, 0x00, 0xEE, 0x01, 0xDE, 0x07,
    0xBE, 0x1E, 0x3F, 0xFC, 0x3F, 0xF0, 0x3F, 0xC0, 0x0C, 0x00, 0x03, 0xC0, 0x0F, 0x80, 0x1F, 0x80,
    0x23, 0x00, 0x7E, 0x03, 0xFF, 0x0F, 0xFF, 0x1E, 0x1E, 0x78, 0x1E, 0xE0, 0x3D, 0xC0, 0x3F, 0x80,
    0x7F, 0x00, 0xEE, 0x01, 0xDE, 0x07, 0xBE, 0x1E, 0x3F, 0xFC, 0x3F, 0xF0, 0x3F, 0xC0, 0x0C, 0x00,
    0x07, 0x30, 0x1F, 0xE0, 0x3F, 0xC0, 0x67, 0x00, 0x7E, 0x03, 0xFF, 0x0F, 0xFF, 0x1E, 0x1E, 0x78,
    0x1E, 0xE0, 0x3D, 0xC0, 0x3F, 0x80, 0x7F, 0x00, 0xEE, 0x01, 0xDE, 0x07, 0xBE, 0x1E, 0x3F, 0xFC,
    0x3F, 0xF0, 0x3F, 0xC0, 0x0C, 0x00, 0x06, 0x60, 0x1D, 0xE0, 0x3B, 0xC0, 0x20, 0x00, 0x7E, 0x03,
    0xFF, 0x0F, 0xFF, 0x1E, 0x1E, 0x78, 0x1E, 0xE0, 0x3D, 0xC0, 0x3F, 0x80, 0x7F, 0x00, 0xEE, 0x01,
    0xDE, 0x07, 0xBE, 0x1E, 0x3F, 0xFC, 0x3F, 0xF0, 0x3F, 0xC0, 0x0C, 0x00, 0xE3, 0xFB, 0xFF, 0xCF,
    0xC3, 0xE3, 0xFB, 0xFF, 0xCF, 0xC3, 0x00, 0x00, 0x06, 0x0F, 0xDC, 0x7F, 0xF9, 0xFF, 0xE3, 0xC7,
    0xCF, 0x0F, 0xDC, 0x3F, 0xB8, 0xF7, 0xF3, 0xCF, 0xEF, 0x1D, 0xDC, 0x3B, 0xF0, 0xF7, 0xC3, 0xC7,
    0xFF, 0x9F, 0xFE, 0x3F, 0xF8, 0x61, 0x80, 0x18, 0x00, 0xF0, 0x07, 0x80, 0x0C, 0x06, 0x03, 0x70,
    0x3B, 0xC1, 0xFE, 0x0F, 0xF0, 0x7F, 0x83, 0xFC, 0x1F, 0xE0, 0xFF, 0x07, 0xF8, 0x3B, 0xC1, 0xCE,
    0x1E, 0x7F, 0xF1, 0xFF, 0x07, 0xF0, 0x00, 0x00, 0x01, 0xC0, 0x1E, 0x01, 0xE0, 0x0E, 0x06, 0x03,
    0x70, 0x3B, 0xC1, 0xFE, 0x0F, 0xF0, 0x7F, 0x83, 0xFC, 0x1F, 0xE0, 0xFF, 0x07, 0xF8, 0x3B, 0xC1,
    0xCE, 0x1E, 0x7F, 0xF1, 0xFF, 0x07, 0xF0, 0x00, 0x00, 0x07, 0x00, 0x7C, 0x07, 0xF0, 0x31, 0x06,
    0x03, 0x70, 0x3B, 0xC1, 0xFE, 0x0F, 0xF0, 0x7F, 0x83, 0xFC, 0x1F, 0xE0, 0xFF, 0x07, 0xF8, 0x3B,
    0xC1, 0xCE, 0x1E, 0x7F, 0xF1, 0xFF, 0x07, 0xF0, 0x00, 0x00, 0x18, 0x80, 0xEE, 0x07, 0x70, 0x11,
    0x06, 0x03, 0x70, 0x3B, 0xC1, 0xFE, 0x0F, 0xF0, 0x7F, 0x83, 0xFC, 0x1F, 0xE0, 0xFF, 0x07, 0xF8,
    0x3B, 0xC1, 0xCE, 0x1E, 0x7F, 0xF1, 0xFF, 0x07, 0xF0, 0x00, 0x00, 0x01, 0xC0, 0x1E, 0x01, 0xE0,
    0x0C, 0x06, 0x03, 0x78, 0x3B, 0xC3, 0xCF, 0x1E, 0x3D, 0xE1, 0xFE, 0x07, 0xE0, 0x1F, 0x00, 0x70,
    0x03, 0x80, 0x1C, 0x00, 0xE0, 0x07, 0x00, 0x38, 0x01, 0xC0, 0x60, 0x1C, 0x03, 0x80, 0x7F, 0xCF,
    0xFD, 0xFF, 0xB8, 0x7F, 0x07, 0xE0, 0xFC, 0x3F, 0xFF, 0x7F, 0xEF, 0xF1, 0xC0, 0x38, 0x07, 0x00,
    0x03, 0x80, 0x3F, 0x81, 0xFF, 0x0F, 0x3C, 0x38, 0x71, 0xE1, 0xCF, 0x9E, 0x3E, 0x78, 0x39, 0xF0,
    0xE1, 0xE3, 0x83, 0x8E, 0x0F, 0x38, 0x38, 0xEC, 0xE3, 0xFF, 0x8E, 0xFC, 0x00, 0xC0, 0x08, 0x01,
    0xC0, 0x1E, 0x00, 0xF0, 0x0E, 0x21, 0xFF, 0x3F, 0xF7, 0x9F, 0x70, 0xF7, 0x07, 0xF0, 0x77, 0x07,
    0x70, 0xF7, 0xDF, 0x3F, 0xF1, 0xFF, 0x06, 0x00, 0x01, 0x80, 0x1C, 0x03, 0x80, 0x38, 0x0F, 0x21,
    0xFF, 0x3F, 0xF7, 0x9F, 0x70, 0xF7, 0x07, 0xF0, 0x77, 0x07, 0x70, 0xF7, 0xDF, 0x3F, 0xF1, 0xFF,
    0x06, 0x00, 0x07, 0x00, 0xF8, 0x1F, 0x81, 0x88, 0x0E, 0x21, 0xFF, 0x3F, 0xF7, 0x9F, 0x70, 0xF7,
    0x07, 0xF0, 0x77, 0x07, 0x70, 0xF7, 0xDF, 0x3F, 0xF1, 0xFF, 0x06, 0x00, 0x1C, 0xC3, 0xFE, 0x3F,
    0xE3, 0x9C, 0x0E, 0x21, 0xFF, 0x3F, 0xF7, 0x9F, 0x70, 0xF7, 0x07, 0xF0, 0x77, 0x07, 0x70, 0xF7,
    0xDF, 0x3F, 0xF1, 0xFF, 0x06, 0x00, 0x1D, 0xC1, 0xDC, 0x1D, 0xC0, 0xE2, 0x1F, 0xF3, 0xFF, 0x79,
    0xF7, 0x0F, 0x70, 0x7F, 0x07, 0x70, 0x77, 0x0F, 0x7D, 0xF3, 0xFF, 0x1F, 0xF0, 0x60, 0x07, 0x00,
    0xF8, 0x0D, 0x80, 0xF8, 0x0F, 0x80, 0xE2, 0x1F, 0xF3, 0xFF, 0x79, 0xF7, 0x0F, 0x70, 0x7F, 0x07,
    0x70, 0x77, 0x0F, 0x7D, 0xF3, 0xFF, 0x1F, 0xF0, 0x60, 0x0E, 0x0E, 0x07, 0xFF, 0xF1, 0xFF, 0xFF,
    0x38, 0xF9, 0xE6, 0x1E, 0x1E, 0x7F, 0xFF, 0xDF, 0xFF, 0xFB, 0xFF, 0xFE, 0x71, 0xE0, 0x0E, 0x7F,
    0x79, 0xFF, 0xFF, 0x1F, 0x9F, 0xC0, 0xC0, 0x60, 0x07, 0x03, 0xF8, 0xFF, 0xBE, 0x67, 0x00, 0xE0,
    0x3C, 0x03, 0x80, 0x70, 0x0F, 0xBC, 0xFF, 0x8F, 0xE0, 0xE0, 0x1C, 0x03, 0x00, 0x00, 0x00, 0x01,
    0xC0, 0x1E, 0x00, 0xE0, 0x07, 0x01, 0xFC, 0x3F, 0xE7, 0x9E, 0x70, 0xF7, 0xFF, 0xFF, 0xF7, 0xFE,
    0x70, 0x07, 0xDE, 0x3F, 0xE1, 0xFC, 0x03, 0x00, 0x01, 0x80, 0x38, 0x03, 0x80, 0x70, 0x07, 0x01,
    0xFC, 0x3F, 0xE7, 0x9E, 0x70, 0xF7, 0xFF, 0xFF, 0xF7, 0xFE, 0x70, 0x07, 0xDE, 0x3F, 0xE1, 0xFC,
    0x03, 0x00, 0x07, 0x00, 0xF0, 0x1F, 0x81, 0x98, 0x07, 0x01, 0xFC, 0x3F, 0xE7, 0x9E, 0x70, 0xF7,
    0xFF, 0xFF, 0xF7, 0xFE, 0x70, 0x07, 0xDE, 0x3F, 0xE1, 0xFC, 0x03, 0x00, 0x1D, 0xC3, 0xDC, 0x19,
    0x80, 0x70, 0x1F, 0xC3, 0xFE, 0x79, 0xE7, 0x0F, 0x7F, 0xFF, 0xFF, 0x7F, 0xE7, 0x00, 0x7D, 0xE3,
    0xFE, 0x1F, 0xC0, 0x30, 0x47, 0x3C, 0xF1, 0x1C, 0xE7, 0x39, 0xCE, 0x73, 0x9C, 0xE7, 0x31, 0xDC,
    0xE6, 0x73, 0x9C, 0xE7, 0x39, 0xCE, 0x73, 0x9C, 0x38, 0xFB, 0xF2, 0x20, 0x07, 0x0E, 0x1C, 0x38,
    0x70, 0xE1, 0xC3, 0x87, 0x0E, 0x1C, 0xEF, 0xDF, 0xB8, 0x03, 0x87, 0x0E, 0x1C, 0x38, 0x70, 0xE1,
    0xC3, 0x87, 0x0E, 0x00, 0x0C, 0x01, 0xF0, 0x1F, 0xE3, 0xFE, 0x3F, 0xC1, 0xFE, 0x3F, 0xE7, 0xFE,
    0x70, 0xF7, 0x0F, 0xF0, 0xF7, 0x0F, 0x70, 0xE7, 0xFE, 0x3F, 0xC1, 0xF8, 0x06, 0x00, 0x3D, 0x8F,
    0xF9, 0xFF, 0x19, 0xC0, 0x71, 0xFF, 0x3F, 0xF7, 0x9E, 0xE1, 0xDC, 0x3B, 0x87, 0x70, 0xEE, 0x1D,
    0xC3, 0xB8, 0x77, 0x0E, 0x08, 0x00, 0xE0, 0x07, 0x80, 0x1E, 0x00, 0x70, 0x0F, 0xE0, 0xFF, 0x8F,
    0x1E, 0x70, 0x73, 0x83, 0xBC, 0x1E, 0xE0, 0xE7, 0x07, 0x3E, 0xF8, 0xFF, 0x83, 0xF8, 0x02, 0x00,
    0x00, 0x80, 0x0E, 0x00, 0xE0, 0x07, 0x00, 0x70, 0x0F, 0xE0, 0xFF, 0x8F, 0x1E, 0x70, 0x73, 0x83,
    0xBC, 0x1E, 0xE0, 0xE7, 0x07, 0x3E, 0xF8, 0xFF, 0x83, 0xF8, 0x02, 0x00, 0x07, 0x00, 0x7C, 0x07,
    0xF0, 0x11, 0x00, 0x70, 0x0F, 0xE0, 0xFF, 0x8F, 0x1E, 0x70, 0x73, 0x83, 0xBC, 0x1E, 0xE0, 0xE7,
    0x07, 0x3E, 0xF8, 0xFF, 0x83, 0xF8, 0x02, 0x00, 0x1E, 0xC1, 0xFF, 0x0F, 0xF8, 0x33, 0x80, 0x70,
    0x0F, 0xE0, 0xFF, 0x8F, 0x1E, 0x70, 0x73, 0x83, 0xBC, 0x1E, 0xE0, 0xE7, 0x07, 0x3E, 0xF8, 0xFF,
    0x83, 0xF8, 0x02, 0x00, 0x1D, 0xC0, 0xEE, 0x07, 0x70, 0x0E, 0x01, 0xFC, 0x1F, 0xF1, 0xE3, 0xCE,
    0x0E, 0x70, 0x77, 0x83, 0xDC, 0x1C, 0xE0, 0xE7, 0xDF, 0x1F, 0xF0, 0x7F, 0x00, 0x40, 0x04, 0x01,
    0xC0, 0x78, 0x07, 0x00, 0x01, 0xFF, 0xFF, 0xFB, 0xFE, 0x0E, 0x01, 0xC0, 0x38, 0x07, 0x00, 0x07,
    0x30, 0xFF, 0x8F, 0xFC, 0xF3, 0xE7, 0x3F, 0x3B, 0xFB, 0xDD, 0xEF, 0xCE, 0x7E, 0x73, 0xEF, 0x9F,
    0xF8, 0xFF, 0x86, 0x20, 0x00, 0x00, 0x0E, 0x03, 0xC0, 0x70, 0x00, 0x38, 0x7E, 0x1F, 0x87, 0xE1,
    0xF8, 0x7E, 0x1F, 0x87, 0xE1, 0xFE, 0xF7, 0xF8, 0xFE, 0x0C, 0x00, 0x03, 0x01, 0xC0, 0x70, 0x38,
    0x0C, 0x38, 0x7E, 0x1F, 0x87, 0xE1, 0xF8, 0x7E, 0x1F, 0x87, 0xE1, 0xFE, 0xF7, 0xF8, 0xFE, 0x0C,
    0x00, 0x0E, 0x07, 0xC3, 0xF0, 0xCC, 0x00, 0x38, 0x7E, 0x1F, 0x87, 0xE1, 0xF8, 0x7E, 0x1F, 0x87,
    0xE1, 0xFE, 0xF7, 0xF8, 0xFE, 0x0C, 0x00, 0x3B, 0x9E, 0xE3, 0x30, 0x00, 0xE1, 0xF8, 0x7E, 0x1F,
    0x87, 0xE1, 0xF8, 0x7E, 0x1F, 0x87, 0xFB, 0xDF, 0xE3, 0xF8, 0x30, 0x03, 0x01, 0xC0, 0x70, 0x38,
    0x0C, 0x38, 0x7E, 0x1F, 0x87, 0xE1, 0xF8, 0x7E, 0x1F, 0x87, 0xE1, 0xFE, 0xF7, 0xFD, 0xFF, 0x19,
    0xDF, 0xF7, 0xF9, 0xFC, 0x08, 0x00, 0x40, 0x0E, 0x00, 0xE0, 0x0E, 0x00, 0xE7, 0x0F, 0xF8, 0xFF,
    0xCF, 0x9E, 0xF0, 0xEE, 0x0F, 0xE0, 0xFE, 0x0F, 0xF0, 0xEF, 0xBE, 0xFF, 0xCF, 0xF8, 0xE6, 0x0E,
    0x00, 0xE0, 0x0E, 0x00, 0x40, 0x00, 0x3B, 0x9E, 0xE3, 0x30, 0x00, 0xE1, 0xF8, 0x7E, 0x1F, 0x87,
    0xE1, 0xF8, 0x7E, 0x1F, 0x87, 0xFB, 0xDF, 0xF7, 0xFC, 0x67, 0x7F, 0xDF, 0xE7, 0xF0, 0x20, 0x1F,
    0xC0, 0x7F, 0x81, 0xFC, 0x01, 0xC0, 0x07, 0x00, 0x1E, 0x00, 0xF8, 0x03, 0xF0, 0x1F, 0xC0, 0x77,
    0x83, 0xDE, 0x0E, 0x38, 0x3F, 0xF1, 0xFF, 0xC7, 0xFF, 0xBC, 0x0E, 0xE0, 0x3B, 0x80, 0x60, 0x00,
    0x00, 0x1F, 0xC1, 0xFC, 0x1F, 0xC0, 0xE2, 0x1F, 0xF3, 0xFF, 0x79, 0xF7, 0x0F, 0x70, 0x7F, 0x07,
    0x70, 0x77, 0x0F, 0x7D, 0xF3, 0xFF, 0x1F, 0xF0, 0x60, 0x00, 0x00, 0x73, 0x01, 0xFC, 0x03, 0xE0,
    0x00, 0x00, 0x1C, 0x00, 0x70, 0x01, 0xE0, 0x0F, 0x80, 0x3F, 0x01, 0xFC, 0x07, 0x78, 0x3D, 0xE0,
    0xE3, 0x83, 0xFF, 0x1F, 0xFC, 0x7F, 0xFB, 0xC0, 0xEE, 0x03, 0xB8, 0x06, 0x00, 0x00, 0x18, 0xC1,
    0xFC, 0x0F, 0x80, 0xE2, 0x1F, 0xF3, 0xFF, 0x79, 0xF7, 0x0F, 0x70, 0x7F, 0x07, 0x70, 0x77, 0x0F,
    0x7D, 0xF3, 0xFF, 0x1F, 0xF0, 0x60, 0x07, 0x00, 0x1C, 0x00, 0x78, 0x03, 0xE0, 0x0F, 0xC0, 0x7F,
    0x01, 0xDC, 0x0F, 0x38, 0x38, 0xE0, 0xFF, 0xC7, 0xFF, 0x1F, 0xFE, 0xF0, 0x3B, 0x80, 0xEE, 0x07,
    0xC0, 0x1C, 0x00, 0xE8, 0x03, 0xF0, 0x0F, 0x80, 0x0C, 0x0E, 0x21, 0xFF, 0x3F, 0xF7, 0x9F, 0x70,
    0xF7, 0x07, 0xF0, 0x77, 0x07, 0x70, 0xF7, 0xDF, 0x3F, 0xF1, 0xFF, 0x07, 0xE0, 0x18, 0x01, 0xF0,
    0x1F, 0x00, 0xE0, 0x00, 0x60, 0x0F, 0x00, 0xF8, 0x03, 0x00, 0x7E, 0x0F, 0xFC, 0xFF, 0xE7, 0x86,
    0x78, 0x03, 0x80, 0x1C, 0x01, 0xE0, 0x0F, 0x00, 0x38, 0x01, 0xE0, 0x0F, 0x00, 0x3F, 0xF8, 0xFF,
    0xC3, 0xFC, 0x03, 0x00, 0x01, 0x80, 0x38, 0x0E, 0x03, 0x80, 0x70, 0x3F, 0x8F, 0xFB, 0xE6, 0x70,
    0x0E, 0x03, 0xC0, 0x38, 0x07, 0x00, 0xFB, 0xCF, 0xF8, 0xFE, 0x06, 0x00, 0x03, 0x80, 0x3E, 0x03,
    0xF8, 0x18, 0xC0, 0x7E, 0x0F, 0xFC, 0xFF, 0xE7, 0x86, 0x78, 0x03, 0x80, 0x1C, 0x01, 0xE0, 0x0F,
    0x00, 0x38, 0x01, 0xE0, 0x0F, 0x00, 0x3F, 0xF8, 0xFF, 0xC3, 0xFC, 0x03, 0x00, 0x07, 0x01, 0xF0,
    0x7E, 0x0C, 0xC0, 0x70, 0x3F, 0x8F, 0xFB, 0xE6, 0x70, 0x0E, 0x03, 0xC0, 0x38, 0x07, 0x00, 0xFB,
    0xCF, 0xF8, 0xFE, 0x06, 0x00, 0x03, 0x80, 0x1C, 0x00, 0xE0, 0x0F, 0xC1, 0xFF, 0x9F, 0xFC, 0xF0,
    0xCF, 0x00, 0x70, 0x03, 0x80, 0x3C, 0x01, 0xE0, 0x07, 0x00, 0x3C, 0x01, 0xE0, 0x07, 0xFF, 0x1F,
    0xF8, 0x7F, 0x80, 0x60, 0x07, 0x00, 0xE0, 0x1C, 0x03, 0x81, 0xFC, 0x7F, 0xDF, 0x33, 0x80, 0x70,
    0x1E, 0x01, 0xC0, 0x38, 0x07, 0xDE, 0x7F, 0xC7, 0xF0, 0x30, 0x0E, 0x60, 0x7F, 0x01, 0xF0, 0x07,
    0x00, 0x7E, 0x0F, 0xFC, 0xFF, 0xE7, 0x86, 0x78, 0x03, 0x80, 0x1C, 0x01, 0xE0, 0x0F, 0x00, 0x38,
    0x01, 0xE0, 0x0F, 0x00, 0x3F, 0xF8, 0xFF, 0xC3, 0xFC, 0x03, 0x00, 0x19, 0x83, 0xF0, 0x3E, 0x03,
    0x80, 0x70, 0x3F, 0x8F, 0xFB, 0xE6, 0x70, 0x0E, 0x03, 0xC0, 0x38, 0x07, 0x00, 0xFB, 0xCF, 0xF8,
    0xFE, 0x06, 0x00, 0x31, 0x80, 0xFE, 0x01, 0xF0, 0x03, 0x80, 0x7F, 0x83, 0xFF, 0x8F, 0xFF, 0x3C,
    0x3C, 0xF0, 0x7B, 0xC0, 0xEF, 0x03, 0xBC, 0x0E, 0xF0, 0x3B, 0xC0, 0xEF, 0x07, 0xBC, 0x1E, 0xFF,
    0xF3, 0xFF, 0x8F, 0xFC, 0x00, 0x00, 0x27, 0x00, 0x3F, 0xC0, 0x1F, 0xE0, 0x0E, 0x70, 0xE7, 0x70,
    0xFF, 0xB0, 0xFF, 0xC0, 0xF3, 0xE0, 0x70, 0xF0, 0x38, 0x38, 0x3C, 0x1C, 0x0E, 0x0E, 0x07, 0x0F,
    0x03, 0xEF, 0x80, 0xFF, 0xC0, 0x3F, 0xE0, 0x06, 0x00, 0x00, 0x1F, 0xE0, 0x3F, 0xF8, 0x3F, 0xFC,
    0x3C, 0x3C, 0x3C, 0x1E, 0x3C, 0x0E, 0x7E, 0x0E, 0x7E, 0x0E, 0x7E, 0x0E, 0x3C, 0x0E, 0x3C, 0x1E,
    0x3C, 0x1E, 0x3F, 0xFC, 0x3F, 0xF8, 0x3F, 0xF0, 0x00, 0x20, 0x01, 0xC0, 0x1F, 0x80, 0x7F, 0x0F,
    0xF8, 0x7F, 0xC3, 0xFF, 0x1E, 0x7C, 0x70, 0xF1, 0xC1, 0xCF, 0x07, 0x1C, 0x1C, 0x70, 0xF1, 0xF7,
    0xC3, 0xFF, 0x07, 0xFC, 0x06, 0x00, 0x3F, 0x8F, 0xF0, 0xFE, 0x3F, 0xEF, 0xFD, 0xFF, 0xBC, 0x07,
    0x80, 0xF0, 0x1F, 0xF3, 0xFE, 0x7F, 0xCF, 0x01, 0xE0, 0x3C, 0x07, 0xFE, 0xFF, 0xDF, 0xF8, 0x1F,
    0x83, 0xFC, 0x1F, 0xC0, 0x70, 0x1F, 0xC3, 0xFE, 0x79, 0xE7, 0x0F, 0x7F, 0xFF, 0xFF, 0x7F, 0xE7,
    0x00, 0x7D, 0xE3, 0xFE, 0x1F, 0xC0, 0x30, 0x00, 0x06, 0x30, 0xFE, 0x0F, 0x80, 0x00, 0xFF, 0xBF,
    0xF7, 0xFE, 0xF0, 0x1E, 0x03, 0xC0, 0x7F, 0xCF, 0xF9, 0xFF, 0x3C, 0x07, 0x80, 0xF0, 0x1F, 0xFB,
    0xFF, 0x7F, 0xE0, 0x39, 0xC1, 0xFC, 0x1F, 0x80, 0x70, 0x1F, 0xC3, 0xFE, 0x79, 0xE7, 0x0F, 0x7F,
    0xFF, 0xFF, 0x7F, 0xE7, 0x00, 0x7D, 0xE3, 0xFE, 0x1F, 0xC0, 0x30, 0x0E, 0x01, 0xC0, 0x38, 0x3F,
    0xEF, 0xFD, 0xFF, 0xBC, 0x07, 0x80, 0xF0, 0x1F, 0xF3, 0xFE, 0x7F, 0xCF, 0x01, 0xE0, 0x3C, 0x07,
    0xFE, 0xFF, 0xDF, 0xF8, 0x07, 0x00, 0xF0, 0x06, 0x00, 0x70, 0x1F, 0xC3, 0xFE, 0x79, 0xE7, 0x0F,
    0x7F, 0xFF, 0xFF, 0x7F, 0xE7, 0x00, 0x7D, 0xE3, 0xFE, 0x1F, 0xC0, 0x30, 0x7F, 0xDF, 0xFB, 0xFF,
    0x78, 0x0F, 0x01, 0xE0, 0x3F, 0xE7, 0xFC, 0xFF, 0x9E, 0x03, 0xC0, 0x78, 0x0F, 0xFD, 0xFF, 0xBF,
    0xF0, 0x38, 0x0E, 0x81, 0xF8, 0x1F, 0x01, 0x80, 0x07, 0x01, 0xFC, 0x3F, 0xE7, 0x9E, 0x70, 0xF7,
    0xFF, 0xFF, 0xF7, 0xFE, 0x70, 0x07, 0xDE, 0x3F, 0xE1, 0xFC, 0x03, 0x80, 0x3A, 0x03, 0xE0, 0x3E,
    0x00, 0xC0, 0x33, 0x87, 0xF0, 0x7C, 0x07, 0x07, 0xFD, 0xFF, 0xBF, 0xF7, 0x80, 0xF0, 0x1E, 0x03,
    0xFE, 0x7F, 0xCF, 0xF9, 0xE0, 0x3C, 0x07, 0x80, 0xFF, 0xDF, 0xFB, 0xFF, 0x00, 0x19, 0x81, 0xF8,
    0x0F, 0x00, 0x70, 0x07, 0x01, 0xFC, 0x3F, 0xE7, 0x9E, 0x70, 0xF7, 0xFF, 0xFF, 0xF7, 0xFE, 0x70,
    0x07, 0xDE, 0x3F, 0xE1, 0xFC, 0x03, 0x00, 0x03, 0xC0, 0x0F, 0x80, 0x7E, 0x01, 0x88, 0x07, 0xF0,
    0x3F, 0xE3, 0xFF, 0x8F, 0x84, 0x78, 0x01, 0xC0, 0x07, 0x00, 0x3C, 0x3F, 0x71, 0xFD, 0xC3, 0xF7,
    0x83, 0xDF, 0x0F, 0x3F, 0xFC, 0x7F, 0xF0, 0xFF, 0x80, 0x70, 0x07, 0x00, 0xF8, 0x0F, 0xC0, 0xCC,
    0x06, 0x21, 0xFF, 0x3F, 0xF7, 0x9F, 0x70, 0x77, 0x07, 0xF0, 0x77, 0x07, 0x70, 0x77, 0xDF, 0x3F,
    0xF1, 0xFF, 0x06, 0x73, 0xFF, 0x3F, 0xE3, 0xFC, 0x02, 0x00, 0x00, 0x00, 0x39, 0xC0, 0x7F, 0x01,
    0xF8, 0x00, 0x00, 0x1F, 0xC0, 0xFF, 0x8F, 0xFE, 0x3E, 0x11, 0xE0, 0x07, 0x00, 0x1C, 0x00, 0xF0,
    0xFD, 0xC7, 0xF7, 0x0F, 0xDE, 0x0F, 0x7C, 0x3C, 0xFF, 0xF1, 0xFF, 0xC3, 0xFE, 0x01, 0xC0, 0x18,
    0xC1, 0xFC, 0x0F, 0x80, 0x72, 0x1F, 0xF3, 0xFF, 0x79, 0xF7, 0x07, 0x70, 0x7F, 0x07, 0x70, 0x77,
    0x07, 0x7D, 0xF3, 0xFF, 0x1F, 0xF0, 0x67, 0x3F, 0xF3, 0xFE, 0x3F, 0xC0, 0x20, 0x01, 0xC0, 0x0F,
    0x00, 0x18, 0x01, 0xFC, 0x0F, 0xF8, 0xFF, 0xE3, 0xE1, 0x1E, 0x00, 0x70, 0x01, 0xC0, 0x0F, 0x0F,
    0xDC, 0x7F, 0x70, 0xFD, 0xE0, 0xF7, 0xC3, 0xCF, 0xFF, 0x1F, 0xFC, 0x3F, 0xE0, 0x1C, 0x00, 0x07,
    0x00, 0x70, 0x07, 0x00, 0x62, 0x1F, 0xF3, 0xFF, 0x79, 0xF7, 0x07, 0x70, 0x7F, 0x07, 0x70, 0x77,
    0x07, 0x7D, 0xF3, 0xFF, 0x1F, 0xF0, 0x67, 0x3F, 0xF3, 0xFE, 0x3F, 0xC0, 0x20, 0x07, 0xF0, 0x3F,
    0xE3, 0xFF, 0x8F, 0x84, 0x78, 0x01, 0xC0, 0x07, 0x00, 0x3C, 0x3F, 0x71, 0xFD, 0xC3, 0xF7, 0x83,
    0xDF, 0x0F, 0x3F, 0xFC, 0x7F, 0xF0, 0xFF, 0x80, 0x70, 0x01, 0xC0, 0x07, 0x00, 0x1C, 0x00, 0x00,
    0x03, 0x00, 0x78, 0x07, 0x00, 0xF8, 0x07, 0x80, 0x70, 0x06, 0x21, 0xFF, 0x3F, 0xF7, 0x9F, 0x70,
    0x77, 0x07, 0xF0, 0x77, 0x07, 0x70, 0x77, 0xDF, 0x3F, 0xF1, 0xFF, 0x06, 0x73, 0xFF, 0x3F, 0xE3,
    0xFC, 0x02, 0x00, 0x07, 0x00, 0x7C, 0x07, 0xF0, 0x31, 0x86, 0x03, 0x78, 0x3F, 0xC1, 0xFE, 0x0F,
    0xF0, 0x7F, 0x83, 0xFF, 0xFF, 0xFF, 0xFF, 0xFF, 0xF8, 0x3F, 0xC1, 0xFE, 0x0F, 0xF0, 0x7F, 0x83,
    0xF8, 0x0E, 0x38, 0x07, 0xC0, 0xFE, 0x0C, 0x60, 0x10, 0x03, 0x80, 0x38, 0x03, 0x80, 0x39, 0xC3,
    0xFE, 0x3F, 0xF3, 0xCF, 0x38, 0x73, 0x87, 0x38, 0x73, 0x87, 0x38, 0x73, 0x87, 0x38, 0x73, 0x87,
    0x18, 0x0C, 0x38, 0x1E, 0x7F, 0xFE, 0x7F, 0xFF, 0x7F, 0xFF, 0x38, 0x1E, 0x3F, 0xFE, 0x3F, 0xFE,
    0x3F, 0xFE, 0x38, 0x1E, 0x38, 0x1E, 0x38, 0x1E, 0x38, 0x1E, 0x38, 0x1E, 0x38, 0x0C, 0x10, 0x03,
    0x80, 0x7E, 0x0F, 0xE0, 0x7F, 0xC3, 0xFE, 0x3F, 0xF3, 0xCF, 0x38, 0x73, 0x87, 0x38, 0x73, 0x87,
    0x38, 0x73, 0x87, 0x38, 0x73, 0x87, 0x39, 0xBF, 0xDF, 0xEC, 0xE0, 0xC0, 0xF0, 0x78, 0x3C, 0x1E,
    0x0F, 0x07, 0x83, 0xC1, 0xE0, 0xF0, 0x78, 0x3C, 0x1E, 0x0F, 0x07, 0x00, 0x7B, 0x7F, 0xFF, 0xEC,
    0xE0, 0x00, 0xE0, 0x70, 0x38, 0x1C, 0x0E, 0x07, 0x03, 0x81, 0xC0, 0xE0, 0x70, 0x38, 0xFE, 0xFF,
    0x7E, 0x18, 0x3C, 0x3C, 0x3C, 0x3C, 0x3C, 0x3C, 0x3C, 0x3C, 0x3C, 0x3C, 0x3C, 0x3C, 0x3C, 0x38,
    0x7F, 0x3F, 0x9F, 0xC0, 0x01, 0xC0, 0xE0, 0x70, 0x38, 0x1C, 0x0E, 0x07, 0x03, 0x81, 0xC0, 0xE0,
    0x70, 0x00, 0xE7, 0xFE, 0x7E, 0x00, 0x18, 0x3C, 0x3C, 0x3C, 0x3C, 0x3C, 0x3C, 0x3C, 0x3C, 0x3C,
    0x3C, 0x3C, 0x3C, 0x3C, 0x38, 0x63, 0x7F, 0x3E, 0x08, 0x1C, 0x1C, 0x1C, 0x1C, 0x1C, 0x1C, 0x1C,
    0x1C, 0x1C, 0x1C, 0x1C, 0x18, 0xF3, 0xCF, 0x3C, 0xF3, 0xCF, 0x3C, 0xF3, 0xCF, 0x3C, 0xF7, 0xDC,
    0xEB, 0xFF, 0x8C, 0x38, 0xE3, 0x80, 0x38, 0xE3, 0x8E, 0x38, 0xE3, 0x8E, 0x38, 0xE3, 0x9C, 0xEB,
    0xF7, 0xCC, 0xEF, 0x66, 0xFF, 0xFF, 0xFF, 0xFF, 0xFF, 0xFF, 0xFE, 0x1F, 0xFF, 0xFF, 0xFF, 0xF0,
    0x61, 0xBC, 0x7F, 0x1F, 0xC7, 0xF1, 0xFC, 0x7F, 0x1F, 0xC7, 0xF1, 0xD8, 0x70, 0x1D, 0x8F, 0xFF,
    0xFF, 0xE7, 0xF0, 0x30, 0xE7, 0xE7, 0xE6, 0x00, 0xE7, 0xE7, 0xE7, 0xE7, 0xE7, 0xE7, 0xE7, 0xE7,
    0xE7, 0xE7, 0xE7, 0x0F, 0x1F, 0x1E, 0x1C, 0x00, 0x01, 0xC0, 0x3E, 0x07, 0xF0, 0x63, 0x00, 0xC0,
    0x1C, 0x01, 0xC0, 0x1C, 0x01, 0xC0, 0x1C, 0x01, 0xC0, 0x1C, 0x01, 0xC0, 0x1C, 0x01, 0xC6, 0x1C,
    0x7F, 0xC7, 0xF8, 0x3F, 0x00, 0xC0, 0x38, 0x79, 0xFB, 0x30, 0x07, 0x0F, 0x1E, 0x3C, 0x78, 0xF1,
    0xE3, 0xC7, 0x8F, 0x1E, 0x3C, 0xF3, 0xE7, 0x80, 0x00, 0x60, 0x37, 0x83, 0xBC, 0x3D, 0xE3, 0xCF,
    0x3C, 0x7B, 0xC3, 0xFC, 0x1F, 0xE0, 0xFF, 0x87, 0xFE, 0x3C, 0xF1, 0xE3, 0xCF, 0x0F, 0x78, 0x7B,
    0x81, 0xC0, 0xC0, 0x0F, 0x00, 0x38, 0x03, 0x80, 0x00, 0x00, 0x60, 0x1C, 0x03, 0x80, 0x70, 0x0E,
    0x01, 0xC3, 0xB8, 0xF7, 0x3C, 0xFF, 0x1F, 0xC3, 0xF8, 0x7F, 0x8F, 0xF9, 0xCF, 0xB8, 0xF7, 0x0E,
    0x0C, 0x07, 0xC0, 0xF8, 0x07, 0x01, 0xC0, 0x38, 0x00, 0x00, 0x1C, 0x3B, 0x8F, 0x73, 0xCF, 0xF1,
    0xFC, 0x3F, 0x87, 0xF8, 0xFF, 0x9C, 0xFB, 0x8F, 0x70, 0xE0, 0x18, 0x0E, 0x07, 0x81, 0x80, 0x60,
    0x3C, 0x0F, 0x03, 0xC0, 0xF0, 0x3C, 0x0F, 0x03, 0xC0, 0xF0, 0x3C, 0x0F, 0x03, 0xC0, 0xFF, 0xFF,
    0xFF, 0xFC, 0x18, 0xE7, 0x98, 0x63, 0x8E, 0x38, 0xE3, 0x8E, 0x38, 0xE3, 0x8E, 0x38, 0xE3, 0x8E,
    0x38, 0x60, 0x3C, 0x0F, 0x03, 0xC0, 0xF0, 0x3C, 0x0F, 0x03, 0xC0, 0xF0, 0x3C, 0x0F, 0x03, 0xC0,
    0xFF, 0xFF, 0xFF, 0xFC, 0x30, 0x1E, 0x03, 0x81, 0xC0, 0x00, 0x33, 0x9C, 0xE7, 0x39, 0xCE, 0x73,
    0x9C, 0xE7, 0x39, 0xCE, 0x77, 0xFE, 0x77, 0x30, 0x07, 0x1B, 0xEF, 0x7B, 0xCE, 0xF7, 0x3D, 0x8F,
    0x03, 0xC0, 0xF0, 0x3C, 0x0F, 0x03, 0xC0, 0xF0, 0x3F, 0xFF, 0xFF, 0xFF, 0x6E, 0xFF, 0xFF, 0xE7,
    0xEE, 0xEC, 0xE0, 0xE0, 0xE0, 0xE0, 0xE0, 0xE0, 0xE0, 0xE0, 0xE0, 0xE0, 0x60, 0x3C, 0x0F, 0x03,
    0xC0, 0xF0, 0x3C, 0xEF, 0x3B, 0xCE, 0xF0, 0x3C, 0x0F, 0x03, 0xC0, 0xFF, 0xFF, 0xFF, 0xFC, 0x60,
    0xE0, 0xE0, 0xE0, 0xE0, 0xE0, 0xE6, 0xEF, 0xEF, 0xE0, 0xE0, 0xE0, 0xE0, 0xE0, 0xE0, 0xE0, 0x18,
    0x00, 0xE0, 0x07, 0x00, 0x38, 0x01, 0xD8, 0x0F, 0xC0, 0xFE, 0x0F, 0xC0, 0xFC, 0x03, 0xE0, 0x07,
    0x00, 0x38, 0x01, 0xFF, 0x0F, 0xFC, 0x7F, 0xE0, 0x18, 0x38, 0x38, 0x38, 0x38, 0x38, 0x3E, 0x3F,
    0x7E, 0xF8, 0x78, 0x38, 0x38, 0x38, 0x38, 0x38, 0x00, 0xC0, 0x1E, 0x00, 0xF0, 0x06, 0x06, 0x01,
    0xF8, 0x1F, 0xE0, 0xFF, 0x07, 0xFC, 0x3F, 0xF1, 0xFB, 0xCF, 0xDF, 0x7E, 0x7B, 0xF1, 0xFF, 0x87,
    0xFC, 0x1F, 0xE0, 0xFF, 0x03, 0xF8, 0x0E, 0x01, 0x00, 0x70, 0x1E, 0x03, 0x80, 0x71, 0xFF, 0x3F,
    0xF7, 0x9E, 0xE1, 0xDC, 0x3B, 0x87, 0x70, 0xEE, 0x1D, 0xC3, 0xB8, 0x77, 0x0E, 0x60, 0x1F, 0x81,
    0xFE, 0x0F, 0xF0, 0x7F, 0xC3, 0xFF, 0x1F, 0xBC, 0xFD, 0xF7, 0xE7, 0xBF, 0x1F, 0xF8, 0x7F, 0xC1,
    0xFE, 0x0F, 0xF0, 0x3F, 0x80, 0xE0, 0x60, 0x07, 0x80, 0x3C, 0x01, 0xC0, 0x00, 0x00, 0x07, 0x1F,
    0xF3, 0xFF, 0x79, 0xEE, 0x1D, 0xC3, 0xB8, 0x77, 0x0E, 0xE1, 0xDC, 0x3B, 0x87, 0x70, 0xE0, 0xC0,
    0x3C, 0x07, 0x80, 0x70, 0x1E, 0x03, 0x80, 0x1C, 0xC0, 0x7E, 0x03, 0xE0, 0x0E, 0x06, 0x01, 0xF8,
    0x1F, 0xE0, 0xFF, 0x07, 0xFC, 0x3F, 0xF1, 0xFB, 0xCF, 0xDF, 0x7E, 0x7B, 0xF1, 0xFF, 0x87, 0xFC,
    0x1F, 0xE0, 0xFF, 0x03, 0xF8, 0x0E, 0x11, 0x07, 0xF0, 0x7C, 0x07, 0x00, 0x71, 0xFF, 0x3F, 0xF7,
    0x9E, 0xE1, 0xDC, 0x3B, 0x87, 0x70, 0xEE, 0x1D, 0xC3, 0xB8, 0x77, 0x0E, 0x60, 0x07, 0x80, 0x38,
    0x01, 0xC1, 0x8F, 0xFF, 0x6F, 0xFF, 0x79, 0xE3, 0x87, 0x1C, 0x38, 0xE1, 0xC7, 0x0E, 0x38, 0x71,
    0xC3, 0x8E, 0x1C, 0x70, 0xE0, 0x60, 0x1B, 0xC0, 0xEF, 0x83, 0xFE, 0x0F, 0xFC, 0x3F, 0xF8, 0xFE,
    0xF3, 0xF9, 0xEF, 0xE7, 0xBF, 0x8F, 0xFE, 0x1F, 0xF8, 0x3F, 0xE0, 0x7F, 0x80, 0xFE, 0x03, 0xC0,
    0x0F, 0x00, 0x78, 0x03, 0xE0, 0x0F, 0x00, 0x10, 0x07, 0x1F, 0xF3, 0xFF, 0x79, 0xEE, 0x1D, 0xC3,
    0xB8, 0x77, 0x0E, 0xE1, 0xDC, 0x3B, 0x87, 0x70, 0xE0, 0x1C, 0x07, 0x81, 0xF0, 0x3C, 0x02, 0x00,
    0x0F, 0xE0, 0x1F, 0xE0, 0x1F, 0x80, 0x3F, 0x01, 0xFF, 0x87, 0xFF, 0x8F, 0x0F, 0x3C, 0x0F, 0x70,
    0x1E, 0xE0, 0x1F, 0xC0, 0x3F, 0x80, 0x77, 0x00, 0xEF, 0x03, 0xDF, 0x0F, 0x1F, 0xFE, 0x1F, 0xF8,
    0x1F, 0xE0, 0x06, 0x00, 0x1F, 0xC0, 0xFE, 0x07, 0xF0, 0x0E, 0x01, 0xFC, 0x1F, 0xF1, 0xE3, 0xCE,
    0x0E, 0x70, 0x77, 0x83, 0xDC, 0x1C, 0xE0, 0xE7, 0xDF, 0x1F, 0xF0, 0x7F, 0x00, 0x40, 0x00, 0x00,
    0x1C, 0xE0, 0x3F, 0x80, 0x3F, 0x00, 0x00, 0x00, 0xFC, 0x07, 0xFE, 0x1F, 0xFE, 0x3C, 0x3C, 0xF0,
    0x3D, 0xC0, 0x7B, 0x80, 0x7F, 0x00, 0xFE, 0x01, 0xDC, 0x03, 0xBC, 0x0F, 0x7C, 0x3C, 0x7F, 0xF8,
    0x7F, 0xE0, 0x7F, 0x80, 0x18, 0x00, 0x18, 0xC0, 0xFE, 0x03, 0xE0, 0x0E, 0x01, 0xFC, 0x1F, 0xF1,
    0xE3, 0xCE, 0x0E, 0x70, 0x77, 0x83, 0xDC, 0x1C, 0xE0, 0xE7, 0xDF, 0x1F, 0xF0, 0x7F, 0x00, 0x40,
    0x01, 0x10, 0x07, 0x70, 0x1F, 0xC0, 0x3B, 0x00, 0x00, 0x00, 0xFC, 0x07, 0xFE, 0x1F, 0xFE, 0x3C,
    0x3C, 0xF0, 0x3D, 0xC0, 0x7B, 0x80, 0x7F, 0x00, 0xFE, 0x01, 0xDC, 0x03, 0xBC, 0x0F, 0x7C, 0x3C,
    0x7F, 0xF8, 0x7F, 0xE0, 0x7F, 0x80, 0x18, 0x00, 0x06, 0x60, 0x77, 0x03, 0xF0, 0x1B, 0x00, 0x70,
    0x0F, 0xE0, 0xFF, 0x8F, 0x1E, 0x70, 0x73, 0x83, 0xBC, 0x1E, 0xE0, 0xE7, 0x07, 0x3E, 0xF8, 0xFF,
    0x83, 0xF8, 0x02, 0x00, 0x07, 0xFF, 0xE1, 0xFF, 0xFF, 0x3F, 0xFF, 0xE7, 0xC3, 0x80, 0x78, 0x38,
    0x07, 0x03, 0x80, 0x70, 0x3F, 0xCF, 0x03, 0xFE, 0xF0, 0x3F, 0xE7, 0x03, 0x80, 0x70, 0x38, 0x07,
    0x83, 0x80, 0x3F, 0xFF, 0xE1, 0xFF, 0xFF, 0x0F, 0xFF, 0xE0, 0x07, 0x03, 0x00, 0xFE, 0x7E, 0x0F,
    0xFF, 0xF8, 0xF1, 0xF9, 0xE7, 0x07, 0x87, 0x38, 0x3F, 0xFF, 0xC1, 0xFF, 0xEE, 0x0F, 0xFE, 0x70,
    0x78, 0x03, 0xEF, 0xF7, 0x8F, 0xFF, 0xFC, 0x3F, 0x9F, 0xC0, 0x20, 0x30, 0x00, 0x01, 0xC0, 0x1E,
    0x01, 0xE0, 0x0C, 0x07, 0xFC, 0x7F, 0xF3, 0xFF, 0xDE, 0x1E, 0xF0, 0x77, 0x83, 0xBC, 0x1D, 0xFF,
    0xCF, 0xFE, 0x7F, 0xF3, 0xC3, 0xDE, 0x0E, 0xF0, 0x77, 0x83, 0xF8, 0x0E, 0x00, 0x00, 0x04, 0x0E,
    0x1E, 0x1C, 0x1E, 0xFF, 0xFF, 0xF0, 0xE0, 0xE0, 0xE0, 0xE0, 0xE0, 0xE0, 0xE0, 0xE0, 0x7F, 0xC7,
    0xFF, 0x3F, 0xFD, 0xE1, 0xEF, 0x07, 0x78, 0x3B, 0xC1, 0xDF, 0xFC, 0xFF, 0xE7, 0xFF, 0x3C, 0x3D,
    0xE0, 0xEF, 0x07, 0x78, 0x3F, 0x80, 0xE0, 0xC0, 0x07, 0x00, 0x38, 0x01, 0xC0, 0x00, 0x00, 0x03,
    0x3F, 0xDF, 0xEF, 0x07, 0x03, 0x81, 0xC0, 0xE0, 0x70, 0x38, 0x1C, 0x0E, 0x06, 0x07, 0x83, 0xE0,
    0x60, 0x70, 0x30, 0x00, 0x19, 0x80, 0xFC, 0x03, 0xE0, 0x0E, 0x07, 0xFC, 0x7F, 0xF3, 0xFF, 0xDE,
    0x1E, 0xF0, 0x77, 0x83, 0xBC, 0x1D, 0xFF, 0xCF, 0xFE, 0x7F, 0xF3, 0xC3, 0xDE, 0x0E, 0xF0, 0x77,
    0x83, 0xF8, 0x0E, 0x00, 0x00, 0x44, 0xFE, 0x7C, 0x38, 0x06, 0xFF, 0xFF, 0xF0, 0xE0, 0xE0, 0xE0,
    0xE0, 0xE0, 0xE0, 0xE0, 0xE0, 0x01, 0xC0, 0x3C, 0x07, 0x80, 0x60, 0x1F, 0x83, 0xFE, 0x7F, 0xF7,
    0x0E, 0x70, 0x07, 0x80, 0x7F, 0x03, 0xFE, 0x1F, 0xE0, 0x1F, 0x00, 0x76, 0x07, 0xFF, 0xF7, 0xFE,
    0x3F, 0xC0, 0x60, 0x03, 0x01, 0xC0, 0x70, 0x38, 0x0E, 0x0F, 0xE7, 0xF9, 0xCE, 0x70, 0x1F, 0x83,
    0xF8, 0x3E, 0x63, 0xFC, 0x7F, 0xF9, 0xFC, 0x0C, 0x00, 0x07, 0x00, 0xF8, 0x1F, 0x81, 0x88, 0x1F,
    0x83, 0xFE, 0x7F, 0xF7, 0x0E, 0x70, 0x07, 0x80, 0x7F, 0x03, 0xFE, 0x1F, 0xE0, 0x1F, 0x00, 0x76,
    0x07, 0xFF, 0xF7, 0xFE, 0x3F, 0xC0, 0x60, 0x0E, 0x07, 0x83, 0xF0, 0xCC, 0x0E, 0x0F, 0xE7, 0xF9,
    0xCE, 0x70, 0x1F, 0x83, 0xF8, 0x3E, 0x63, 0xFC, 0x7F, 0xF9, 0xFC, 0x0C, 0x00, 0x1F, 0x83, 0xFE,
    0x7F, 0xF7, 0x0E, 0x70, 0x07, 0x80, 0x7F, 0x03, 0xFE, 0x1F, 0xE0, 0x1F, 0x00, 0x76, 0x07, 0xFF,
    0xF7, 0xFE, 0x3F, 0xC0, 0xE0, 0x0E, 0x01, 0xC0, 0x00, 0x00, 0x0E, 0x0F, 0xE7, 0xF9, 0xCE, 0x70,
    0x1F, 0x83, 0xF8, 0x3E, 0x63, 0xFC, 0x7F, 0xF9, 0xFC, 0x0E, 0x07, 0x01, 0xC0, 0x00, 0x19, 0xC1,
    0xF8, 0x0F, 0x80, 0x70, 0x1F, 0x83, 0xFE, 0x7F, 0xF7, 0x0E, 0x70, 0x07, 0x80, 0x7F, 0x03, 0xFE,
    0x1F, 0xE0, 0x1F, 0x00, 0x76, 0x07, 0xFF, 0xF7, 0xFE, 0x3F, 0xC0, 0x60, 0x33, 0x0F, 0xC1, 0xE0,
    0x70, 0x0E, 0x0F, 0xE7, 0xF9, 0xCE, 0x70, 0x1F, 0x83, 0xF8, 0x3E, 0x63, 0xFC, 0x7F, 0xF9, 0xFC,
    0x0C, 0x00, 0x7F, 0xF7, 0xFF, 0xDF, 0xFC, 0x0E, 0x00, 0x70, 0x03, 0x80, 0x1C, 0x00, 0xE0, 0x07,
    0x00, 0x38, 0x01, 0xC0, 0x0E, 0x00, 0x70, 0x03, 0x80, 0x1C, 0x00, 0xC0, 0x0E, 0x00, 0x70, 0x00,
    0x00, 0x18, 0x38, 0x38, 0xFF, 0xFF, 0x7E, 0x38, 0x38, 0x38, 0x38, 0x38, 0x3E, 0x3F, 0x1F, 0x0C,
    0x1C, 0x1C, 0x00, 0x18, 0xC0, 0xFE, 0x03, 0xE0, 0x0E, 0x07, 0xFF, 0x7F, 0xFD, 0xFF, 0xC0, 0xE0,
    0x07, 0x00, 0x38, 0x01, 0xC0, 0x0E, 0x00, 0x70, 0x03, 0x80, 0x1C, 0x00, 0xE0, 0x07, 0x00, 0x38,
    0x01, 0xC0, 0x03, 0x81, 0xE0, 0x7C, 0x06, 0x1F, 0x8E, 0xC3, 0x83, 0xFC, 0xFF, 0x1F, 0x83, 0x80,
    0xE0, 0x38, 0x0E, 0x03, 0x80, 0xF8, 0x3F, 0x07, 0xC0, 0x7F, 0xF7, 0xFF, 0xDF, 0xFC, 0x0E, 0x00,
    0x70, 0x03, 0x80, 0x3F, 0x03, 0xF8, 0x0F, 0xC0, 0x38, 0x01, 0xC0, 0x0E, 0x00, 0x70, 0x03, 0x80,
    0x1C, 0x00, 0x18, 0x38, 0x38, 0xFF, 0xFF, 0x7E, 0x38, 0x7E, 0x7F, 0x7E, 0x38, 0x3E, 0x3F, 0x1F,
    0x1C, 0xC1, 0xFF, 0x0F, 0xF0, 0x63, 0x86, 0x03, 0x70, 0x3B, 0xC1, 0xFE, 0x0F, 0xF0, 0x7F, 0x83,
    0xFC, 0x1F, 0xE0, 0xFF, 0x07, 0xF8, 0x3B, 0xC1, 0xCE, 0x1E, 0x7F, 0xF1, 0xFF, 0x07, 0xF0, 0x00,
    0x00, 0x39, 0x9F, 0xE7, 0xF9, 0x9C, 0x00, 0x38, 0x7E, 0x1F, 0x87, 0xE1, 0xF8, 0x7E, 0x1F, 0x87,
    0xE1, 0xFE, 0xF7, 0xF8, 0xFE, 0x0C, 0x00, 0x1F, 0xC1, 0xFE, 0x07, 0xF0, 0xC0, 0x6E, 0x07, 0x78,
    0x3F, 0xC1, 0xFE, 0x0F, 0xF0, 0x7F, 0x83, 0xFC, 0x1F, 0xE0, 0xFF, 0x07, 0x78, 0x39, 0xC3, 0xCF,
    0xFE, 0x3F, 0xE0, 0xFE, 0x00, 0x00, 0x3F, 0x1F, 0xE3, 0xF8, 0x00, 0xE1, 0xF8, 0x7E, 0x1F, 0x87,
    0xE1, 0xF8, 0x7E, 0x1F, 0x87, 0xFB, 0xDF, 0xE3, 0xF8, 0x30, 0x00, 0x00, 0xC6, 0x07, 0xF0, 0x1F,
    0x00, 0x00, 0x30, 0x1B, 0x81, 0xDE, 0x0F, 0xF0, 0x7F, 0x83, 0xFC, 0x1F, 0xE0, 0xFF, 0x07, 0xF8,
    0x3F, 0xC1, 0xDE, 0x0E, 0x70, 0xF3, 0xFF, 0x8F, 0xF8, 0x3F, 0x80, 0x00, 0x00, 0x73, 0x8F, 0xE3,
    0xF0, 0x00, 0xE1, 0xF8, 0x7E, 0x1F, 0x87, 0xE1, 0xF8, 0x7E, 0x1F, 0x87, 0xFB, 0xDF, 0xE3, 0xF8,
    0x30, 0x02, 0x00, 0x78, 0x03, 0xE0, 0x1F, 0x00, 0xF8, 0x03, 0x01, 0x80, 0xDC, 0x0E, 0xF0, 0x7F,
    0x83, 0xFC, 0x1F, 0xE0, 0xFF, 0x07, 0xF8, 0x3F, 0xC1, 0xFE, 0x0E, 0xF0, 0x73, 0x87, 0x9F, 0xFC,
    0x7F, 0xC1, 0xFC, 0x00, 0x00, 0x0C, 0x07, 0x83, 0xB0, 0x7C, 0x1E, 0x00, 0x0E, 0x1F, 0x87, 0xE1,
    0xF8, 0x7E, 0x1F, 0x87, 0xE1, 0xF8, 0x7F, 0xBD, 0xFE, 0x3F, 0x83, 0x00, 0x06, 0x60, 0x77, 0x03,
    0xB8, 0x1B, 0x80, 0x00, 0x30, 0x1B, 0x81, 0xDE, 0x0F, 0xF0, 0x7F, 0x83, 0xFC, 0x1F, 0xE0, 0xFF,
    0x07, 0xF8, 0x3F, 0xC1, 0xDE, 0x0E, 0x70, 0xF3, 0xFF, 0x8F, 0xF8, 0x3F, 0x80, 0x00, 0x00, 0x1D,
    0xC7, 0x73, 0xB8, 0xCC, 0x00, 0x38, 0x7E, 0x1F, 0x87, 0xE1, 0xF8, 0x7E, 0x1F, 0x87, 0xE1, 0xFE,
    0xF7, 0xF8, 0xFE, 0x0C, 0x00, 0x60, 0x37, 0x03, 0xBC, 0x1F, 0xE0, 0xFF, 0x07, 0xF8, 0x3F, 0xC1,
    0xFE, 0x0F, 0xF0, 0x7F, 0x83, 0xBC, 0x1C, 0xE1, 0xE7, 0xFF, 0x1F, 0xF0, 0x7F, 0x00, 0x70, 0x07,
    0x40, 0x3F, 0x00, 0xF8, 0x03, 0x00, 0x00, 0x38, 0x7E, 0x1F, 0x87, 0xE1, 0xF8, 0x7E, 0x1F, 0x87,
    0xE1, 0xFE, 0xF7, 0xF8, 0xFC, 0x0E, 0x03, 0xA0, 0xFC, 0x3E, 0x03, 0x00, 0x00, 0xE0, 0x00, 0x1F,
    0x00, 0x01, 0xF8, 0x00, 0x11, 0x80, 0x60, 0x00, 0x6E, 0x00, 0x0F, 0xF0, 0x00, 0xFF, 0x06, 0x0E,
    0x70, 0xF1, 0xE7, 0x8F, 0x1C, 0x39, 0xF1, 0xC3, 0x9F, 0xBC, 0x3D, 0xFB, 0x81, 0xFB, 0xF8, 0x1F,
    0x9F, 0x81, 0xF1, 0xF0, 0x0F, 0x0F, 0x00, 0xF0, 0xF0, 0x0E, 0x06, 0x00, 0x01, 0xC0, 0x03, 0xC0,
    0x07, 0xE0, 0x06, 0x60, 0x00, 0x00, 0xE0, 0x07, 0xF1, 0x8F, 0x73, 0xCE, 0x73, 0xCE, 0x7B, 0xDE,
    0x3F, 0xFC, 0x3F, 0xFC, 0x1F, 0xF8, 0x1E, 0x78, 0x1E, 0x78, 0x0C, 0x30, 0x00, 0x00, 0x07, 0x00,
    0x7C, 0x07, 0xE0, 0x31, 0x06, 0x03, 0x78, 0x3B, 0xC3, 0xCF, 0x1E, 0x3D, 0xE1, 0xFE, 0x07, 0xE0,
    0x1F, 0x00, 0x70, 0x03, 0x80, 0x1C, 0x00, 0xE0, 0x07, 0x00, 0x38, 0x01, 0xC0, 0x0E, 0x07, 0xC3,
    0xF0, 0xCC, 0x00, 0x38, 0x7E, 0x1F, 0x87, 0xE1, 0xF8, 0x7E, 0x1F, 0x87, 0xE1, 0xFE, 0xF7, 0xFD,
    0xFF, 0x19, 0xDF, 0xF7, 0xF9, 0xFC, 0x08, 0x00, 0x19, 0x80, 0xEE, 0x07, 0x70, 0x11, 0x06, 0x03,
    0x78, 0x3B, 0xC3, 0xCF, 0x1E, 0x3D, 0xE1, 0xFE, 0x07, 0xE0, 0x1F, 0x00, 0x70, 0x03, 0x80, 0x1C,
    0x00, 0xE0, 0x07, 0x00, 0x38, 0x01, 0xC0, 0x00, 0xC0, 0x0E, 0x00, 0xF0, 0x06, 0x03, 0xFF, 0xBF,
    0xFC, 0xFF, 0xE0, 0x1E, 0x01, 0xE0, 0x1F, 0x00, 0xF0, 0x0F, 0x00, 0xF0, 0x0F, 0x00, 0xF8, 0x07,
    0x80, 0x7F, 0xF7, 0xFF, 0xDF, 0xFE, 0x03, 0x01, 0xC0, 0x70, 0x38, 0x0C, 0x1F, 0xFF, 0xFD, 0xFE,
    0x07, 0x83, 0xC1, 0xE0, 0xF0, 0x38, 0x1F, 0xEF, 0xFF, 0xFF, 0x07, 0x00, 0x38, 0x01, 0xC0, 0x7F,
    0xF7, 0xFF, 0x9F, 0xFC, 0x03, 0xC0, 0x3C, 0x03, 0xE0, 0x1E, 0x01, 0xE0, 0x1E, 0x01, 0xE0, 0x1F,
    0x00, 0xF0, 0x0F, 0xFE, 0xFF, 0xFB, 0xFF, 0xC0, 0x1E, 0x07, 0x80, 0xC0, 0x00, 0x7F, 0xFF, 0xF7,
    0xF8, 0x1E, 0x0F, 0x07, 0x83, 0xC0, 0xE0, 0x7F, 0xBF, 0xFF, 0xFC, 0x0C, 0xC0, 0x7E, 0x03, 0xE0,
    0x0E, 0x03, 0xFF, 0xBF, 0xFC, 0xFF, 0xE0, 0x1E, 0x01, 0xE0, 0x1F, 0x00, 0xF0, 0x0F, 0x00, 0xF0,
    0x0F, 0x00, 0xF8, 0x07, 0x80, 0x7F, 0xF7, 0xFF, 0xDF, 0xFE, 0x33, 0x0F, 0xC1, 0xE0, 0x30, 0x00,
    0x1F, 0xFF, 0xFD, 0xFE, 0x07, 0x83, 0xC1, 0xE0, 0xF0, 0x38, 0x1F, 0xEF, 0xFF, 0xFF, 0x00, 0x18,
    0x00, 0x38, 0x1F, 0xE0, 0xFF, 0xC3, 0xFF, 0xC7, 0x87, 0x9E, 0x07, 0xB8, 0x0F, 0x70, 0x0F, 0xE0,
    0x1F, 0xC0, 0x3B, 0x80, 0x77, 0x81, 0xEF, 0x87, 0x8F, 0xFF, 0x0F, 0xFC, 0x0F, 0xF0, 0x03, 0x00,
    0x00, 0x30, 0x01, 0xC1, 0xFC, 0x3F, 0xE3, 0xFE, 0x3C, 0x79, 0xC1, 0xCE, 0x0E, 0xF0, 0x7B, 0x83,
    0x9C, 0x1C, 0xFB, 0xE3, 0xFE, 0x0F, 0xE0, 0x08, 0x00, 0x00, 0x0E, 0x00, 0x1D, 0x80, 0xFF, 0x03,
    0xEF, 0x07, 0x9E, 0x0F, 0x3C, 0x1E, 0x78, 0x3C, 0xF0, 0x79, 0xE0, 0xF3, 0xC1, 0xE7, 0x83, 0x8F,
    0x07, 0x0E, 0x1E, 0x1F, 0xFC, 0x1F, 0xF0, 0x1F, 0xC0, 0x00, 0x00, 0x00, 0x30, 0x01, 0xC0, 0x3D,
    0xC3, 0xEE, 0x1E, 0x70, 0xE3, 0x87, 0x1C, 0x38, 0xE1, 0xC7, 0x0E, 0x38, 0x71, 0xF7, 0x87, 0xF8,
    0x1F, 0xC0, 0x30, 0x00, 0x00, 0x00, 0x73, 0x00, 0x00, 0x07, 0xE0, 0x00, 0x00, 0xF8, 0x00, 0x00,
    0x0E, 0x07, 0xF8, 0x0F, 0xFD, 0xFF, 0xC3, 0xFF, 0xFF, 0xFC, 0x7F, 0xFF, 0x87, 0x80, 0x1E, 0xF0,
    0x78, 0x07, 0x9E, 0x07, 0x01, 0xE3, 0xC0, 0xE0, 0x7C, 0x78, 0x1C, 0x0F, 0x0F, 0x03, 0x83, 0xC1,
    0xE0, 0x70, 0xF0, 0x3C, 0x1E, 0x3E, 0x07, 0x83, 0xC7, 0x80, 0xFF, 0xF1, 0xFF, 0xDF, 0xFC, 0x7F,
    0xFF, 0xFF, 0x0F, 0xFF, 0x80, 0x00, 0x00, 0xCC, 0x7F, 0x80, 0xFC, 0xFF, 0xE0, 0xF8, 0xFF, 0xF0,
    0x70, 0xF0, 0xF0, 0x00, 0xF0, 0x7B, 0xFF, 0xF0, 0x3B, 0xFF, 0xF0, 0x39, 0xFE, 0xF0, 0x38, 0x1C,
    0xF0, 0x38, 0x3C, 0xF0, 0x38, 0x78, 0xF0, 0x78, 0xF0, 0xF0, 0x79, 0xE0, 0xFF, 0xF1, 0xFE, 0xFF,
    0xE3, 0xFF, 0xFF, 0xC3, 0xFF, 0x00, 0x21, 0x98, 0x00, 0xE3, 0xF0, 0x01, 0xC3, 0xC0, 0x03, 0x83,
    0x80, 0xE7, 0x00, 0x03, 0xFE, 0x7F, 0xCF, 0xFC, 0xFF, 0xBC, 0xF9, 0xFE, 0x70, 0xF0, 0x3C, 0xE0,
    0xE0, 0xF3, 0xC1, 0xC3, 0xC3, 0x83, 0x8F, 0x07, 0x0F, 0x1E, 0x0F, 0xBE, 0x7F, 0x8F, 0xFD, 0xFF,
    0x8F, 0xF9, 0xFF, 0x06, 0x00, 0x00, 0x60, 0x00, 0x37, 0x80, 0x01, 0xFC, 0x00, 0x0F, 0xE0, 0x00,
    0x7F, 0x00, 0x03, 0xF8, 0x00, 0x1F, 0xC0, 0x00, 0xFE, 0x00, 0x07, 0xF0, 0x00, 0x3F, 0x80, 0x01,
    0xFC, 0x00, 0x0F, 0xE0, 0x18, 0xFF, 0xFD, 0xFF, 0xFF, 0xEF, 0xFB, 0xFF, 0x3F, 0x80, 0x00, 0x30,
    0x60, 0x0F, 0xE0, 0x1F, 0xC0, 0x3F, 0x80, 0x0F, 0x00, 0xFE, 0x01, 0xFC, 0x03, 0xF8, 0x07, 0xF0,
    0x0F, 0xE0, 0x1F, 0xC0, 0x3F, 0x80, 0x7F, 0xFC, 0xFF, 0xF9, 0xFF, 0xF3, 0x80, 0x07, 0x00, 0x1E,
    0x00, 0x7C, 0x00, 0xF0, 0x00, 0x00, 0x60, 0x71, 0xF8, 0xFC, 0x6E, 0x07, 0x1F, 0x8F, 0xC7, 0xE3,
    0xF1, 0xF8, 0xFC, 0x7E, 0x3F, 0x1F, 0x8F, 0xC7, 0x03, 0x87, 0xC3, 0xC1, 0xE0, 0x00, 0x60, 0x18,
    0x03, 0x78, 0x1C, 0x03, 0xFE, 0x0E, 0x01, 0xFF, 0x07, 0x00, 0xFF, 0xC3, 0x80, 0x7F, 0xF1, 0xC0,
    0x3F, 0xBC, 0xE0, 0x1F, 0xDF, 0x70, 0x0F, 0xE7, 0xB8, 0x07, 0xF1, 0xFC, 0x03, 0xF8, 0x7E, 0x01,
    0xFC, 0x1F, 0x30, 0xEE, 0x0F, 0x9F, 0xF7, 0x03, 0xCF, 0xFB, 0x80, 0xE3, 0xF0, 0x00, 0x00, 0x60,
    0x60, 0x18, 0xFE, 0x07, 0x1F, 0xE0, 0xE3, 0x7C, 0x1C, 0x0F, 0xC3, 0x8F, 0xFC, 0x71, 0xFB, 0xCE,
    0x3F, 0x7D, 0xC7, 0xE7, 0xB8, 0xFC, 0x7F, 0x1F, 0x87, 0xE3, 0xF0, 0x7C, 0x7E, 0x0F, 0x8F, 0xC0,
    0xF1, 0xF8, 0x0E, 0x38, 0x00, 0x0F, 0x00, 0x03, 0xE0, 0x00, 0x78, 0x00, 0x0E, 0x00, 0x00, 0x00,
    0x00, 0x07, 0x00, 0x07, 0x00, 0x07, 0x07, 0x00, 0xFF, 0x87, 0xFF, 0xC7, 0xF3, 0xC7, 0xE1, 0xC7,
    0xE1, 0xC7, 0xE1, 0xC7, 0xE1, 0xC7, 0xE1, 0xC7, 0xE1, 0xC7, 0xE1, 0xC7, 0xE1, 0xC7, 0x00, 0x07,
    0x00, 0x1F, 0x00, 0x1E, 0x00, 0x1E, 0x00, 0x00, 0x1C, 0xC0, 0x3F, 0x00, 0xF8, 0x01, 0xC0, 0x07,
    0x00, 0x1C, 0x00, 0x78, 0x03, 0xE0, 0x0F, 0xC0, 0x7F, 0x01, 0xDE, 0x0F, 0x78, 0x38, 0xE0, 0xFF,
    0xC7, 0xFF, 0x1F, 0xFE, 0xF0, 0x3B, 0x80, 0xEE, 0x01, 0x80, 0x00, 0x19, 0x81, 0xF8, 0x0F, 0x80,
    0x70, 0x0E, 0x21, 0xFF, 0x3F, 0xF7, 0x9F, 0x70, 0xF7, 0x07, 0xF0, 0x77, 0x07, 0x70, 0xF7, 0xDF,
    0x3F, 0xF1, 0xFF, 0x06, 0x00, 0x66, 0xFC, 0xF0, 0xC1, 0x87, 0x8F, 0x1E, 0x3C, 0x78, 0xF1, 0xE3,
    0xC7, 0x8F, 0x1E, 0x3C, 0x78, 0xE0, 0xCD, 0xFD, 0xF1, 0xC0, 0x07, 0x0E, 0x1C, 0x38, 0x70, 0xE1,
    0xC3, 0x87, 0x0E, 0x1C, 0x06, 0x60, 0x0F, 0xC0, 0x0F, 0x00, 0x0C, 0x00, 0x7E, 0x03, 0xFF, 0x0F,
    0xFF, 0x1E, 0x1E, 0x78, 0x1E, 0xE0, 0x3D, 0xC0, 0x3F, 0x80, 0x7F, 0x00, 0xEE, 0x01, 0xDE, 0x07,
    0xBE, 0x1E, 0x3F, 0xFC, 0x3F, 0xF0, 0x3F, 0xC0, 0x0C, 0x00, 0x08, 0x80, 0xFE, 0x03, 0xE0, 0x0E,
    0x00, 0x70, 0x0F, 0xE0, 0xFF, 0x8F, 0x1E, 0x70, 0x73, 0x83, 0xBC, 0x1E, 0xE0, 0xE7, 0x07, 0x3E,
    0xF8, 0xFF, 0x83, 0xF8, 0x02, 0x00, 0x19, 0xC0, 0xFE, 0x03, 0xE0, 0x0E, 0x06, 0x03, 0x70, 0x3B,
    0xC1, 0xFE, 0x0F, 0xF0, 0x7F, 0x83, 0xFC, 0x1F, 0xE0, 0xFF, 0x07, 0xF8, 0x3B, 0xC1, 0xCE, 0x1E,
    0x7F, 0xF1, 0xFF, 0x07, 0xF0, 0x00, 0x00, 0x33, 0x0F, 0xC1, 0xE0, 0x38, 0x00, 0x38, 0x7E, 0x1F,
    0x87, 0xE1, 0xF8, 0x7E, 0x1F, 0x87, 0xE1, 0xFE, 0xF7, 0xF8, 0xFE, 0x0C, 0x00, 0x06, 0x60, 0x1F,
    0x80, 0x3C, 0x00, 0x60, 0x07, 0xF0, 0x3F, 0xE3, 0xFF, 0x8F, 0x84, 0x78, 0x01, 0xC0, 0x07, 0x00,
    0x3C, 0x3F, 0x71, 0xFD, 0xC3, 0xF7, 0x83, 0xDF, 0x0F, 0x3F, 0xFC, 0x7F, 0xF0, 0xFF, 0x80, 0x70,
    0x0C, 0xC0, 0xFC, 0x0F, 0x80, 0x70, 0x06, 0x21, 0xFF, 0x3F, 0xF7, 0x9F, 0x70, 0x77, 0x07, 0xF0,
    0x77, 0x07, 0x70, 0x77, 0xDF, 0x3F, 0xF1, 0xFF, 0x06, 0x73, 0xFF, 0x3F, 0xE3, 0xFC, 0x02, 0x00,
    0x07, 0xE0, 0x3F, 0xF0, 0xFF, 0xF1, 0xE1, 0xE7, 0x81, 0xEE, 0x03, 0xDC, 0x03, 0xF8, 0x07, 0xF0,
    0x0E, 0xE0, 0x1D, 0xE0, 0x7B, 0xE1, 0xE3, 0xFF, 0xC3, 0xFF, 0x03, 0xFC, 0x01, 0xC0, 0x03, 0x40,
    0x07, 0xC0, 0x0F, 0x80, 0x0C, 0x00, 0x07, 0x00, 0xFE, 0x0F, 0xF8, 0xF3, 0xE7, 0x07, 0x78, 0x3B,
    0xC1, 0xDE, 0x0E, 0x70, 0x73, 0xEF, 0x8F, 0xF8, 0x3F, 0x80, 0x70, 0x03, 0xA0, 0x1F, 0x80, 0xF8,
    0x01, 0x80, 0x7F, 0x80, 0x00, 0xFF, 0xE0, 0x00, 0xFF, 0xF0, 0x00, 0xF0, 0xF0, 0x00, 0xF0, 0x7B,
    0xFF, 0xF0, 0x3B, 0xFF, 0xF0, 0x39, 0xFE, 0xF0, 0x38, 0x1C, 0xF0, 0x38, 0x3C, 0xF0, 0x38, 0x78,
    0xF0, 0x78, 0xF0, 0xF0, 0x79, 0xE0, 0xFF, 0xF1, 0xFE, 0xFF, 0xE3, 0xFF, 0xFF, 0xC3, 0xFF, 0x00,
    0xC0, 0x07, 0x00, 0x3C, 0x00, 0xC0, 0x07, 0x00, 0x3E, 0x00, 0xD8, 0x03, 0xE0, 0x07, 0x80, 0x1E,
    0x00, 0xF8, 0x03, 0xF0, 0x1F, 0xC0, 0x77, 0x83, 0xDE, 0x0E, 0x38, 0x3F, 0xF1, 0xFF, 0xC7, 0xFF,
    0xBC, 0x0E, 0xE0, 0x3B, 0x80, 0x60, 0x00, 0x00, 0x01, 0xC0, 0x3C, 0x07, 0x80, 0x70, 0x07, 0x00,
    0xF8, 0x0D, 0x80, 0xF8, 0x0F, 0x80, 0xE2, 0x1F, 0xF3, 0xFF, 0x79, 0xF7, 0x0F, 0x70, 0x7F, 0x07,
    0x70, 0x77, 0x0F, 0x7D, 0xF3, 0xFF, 0x1F, 0xF0, 0x60, 0x00, 0x07, 0x00, 0x03, 0xC0, 0x01, 0xE0,
    0x00, 0x70, 0x00, 0x7F, 0x80, 0x3F, 0xF0, 0x1F, 0xFC, 0x07, 0x80, 0x03, 0xE0, 0x01, 0xF8, 0x00,
    0x7F, 0xF0, 0x3B, 0xFE, 0x1E, 0xFF, 0x8F, 0xF8, 0x03, 0xFE, 0x01, 0xFF, 0x80, 0xF0, 0xFF, 0xB8,
    0x3F, 0xFE, 0x0F, 0xFC, 0x00, 0x00, 0x00, 0x30, 0x00, 0x0E, 0x00, 0x03, 0xC0, 0x00, 0x70, 0x00,
    0xEC, 0xE0, 0x7F, 0xFF, 0x1F, 0xFF, 0xF3, 0x8F, 0x9E, 0x61, 0xE1, 0xE7, 0xFF, 0xFD, 0xFF, 0xFF,
    0xBF, 0xFF, 0xE7, 0x1E, 0x00, 0xE7, 0xF7, 0x9F, 0xFF, 0xF1, 0xF9, 0xFC, 0x0C, 0x06, 0x00, 0x00,
    0x60, 0x01, 0xC0, 0x07, 0x80, 0x0C, 0x30, 0x7E, 0xE3, 0xFF, 0xCF, 0xFF, 0x1E, 0x3E, 0x78, 0x7E,
    0xE1, 0xFD, 0xC7, 0xBF, 0x9E, 0x7F, 0x78, 0xEE, 0xE1, 0xDF, 0x87, 0xBE, 0x1E, 0x3F, 0xFC, 0xFF,
    0xF1, 0xFF, 0xC3, 0x0C, 0x00, 0x00, 0x80, 0x0E, 0x00, 0xE0, 0x07, 0x00, 0x73, 0x0F, 0xF8, 0xFF,
    0xCF, 0x3E, 0x73, 0xF3, 0xBF, 0xBD, 0xDE, 0xFC, 0xE7, 0xE7, 0x3E, 0xF9, 0xFF, 0x8F, 0xF8, 0x62,
    0x00, 0x02, 0x01, 0xDE, 0x07, 0xFC, 0x0F, 0x70, 0x08, 0x00, 0x1C, 0x00, 0x70, 0x01, 0xE0, 0x0F,
    0x80, 0x3F, 0x01, 0xFC, 0x07, 0x78, 0x3D, 0xE0, 0xE3, 0x83, 0xFF, 0x1F, 0xFC, 0x7F, 0xFB, 0xC0,
    0xEE, 0x03, 0xB8, 0x06, 0x00, 0x00, 0x77, 0x07, 0xF8, 0x3F, 0xC0, 0xC8, 0x0E, 0x21, 0xFF, 0x3F,
    0xF7, 0x9F, 0x70, 0xF7, 0x07, 0xF0, 0x77, 0x07, 0x70, 0xF7, 0xDF, 0x3F, 0xF1, 0xFF, 0x06, 0x00,
    0x07, 0x00, 0x3F, 0x01, 0xFC, 0x06, 0x30, 0x00, 0x00, 0x1C, 0x00, 0x70, 0x01, 0xE0, 0x0F, 0x80,
    0x3F, 0x01, 0xFC, 0x07, 0x78, 0x3D, 0xE0, 0xE3, 0x83, 0xFF, 0x1F, 0xFC, 0x7F, 0xFB, 0xC0, 0xEE,
    0x03, 0xB8, 0x06, 0x00, 0x00, 0x0F, 0x01, 0xFC, 0x1F, 0xC1, 0x8C, 0x0E, 0x21, 0xFF, 0x3F, 0xF7,
    0x9F, 0x70, 0xF7, 0x07, 0xF0, 0x77, 0x07, 0x70, 0xF7, 0xDF, 0x3F, 0xF1, 0xFF, 0x06, 0x00, 0x02,
    0x07, 0x70, 0x7F, 0x83, 0xBC, 0x08, 0x03, 0xFE, 0x7F, 0xE7, 0xFE, 0x78, 0x07, 0x80, 0x78, 0x07,
    0xFC, 0x7F, 0xC7, 0xFC, 0x78, 0x07, 0x80, 0x78, 0x07, 0xFE, 0x7F, 0xE7, 0xFE, 0x77, 0x07, 0xF8,
    0x3F, 0x81, 0x98, 0x07, 0x01, 0xFC, 0x3F, 0xE7, 0x9E, 0x70, 0xF7, 0xFF, 0xFF, 0xF7, 0xFE, 0x70,
    0x07, 0xDE, 0x3F, 0xE1, 0xFC, 0x03, 0x00, 0x0E, 0x07, 0xE0, 0xFE, 0x18, 0xC0, 0x00, 0xFF, 0xBF,
    0xF7, 0xFE, 0xF0, 0x1E, 0x03, 0xC0, 0x7F, 0xCF, 0xF9, 0xFF, 0x3C, 0x07, 0x80, 0xF0, 0x1F, 0xFB,
    0xFF, 0x7F, 0xE0, 0x0F, 0x01, 0xF8, 0x3F, 0xC1, 0x0C, 0x07, 0x01, 0xFC, 0x3F, 0xE7, 0x9E, 0x70,
    0xF7, 0xFF, 0xFF, 0xF7, 0xFE, 0x70, 0x07, 0xDE, 0x3F, 0xE1, 0xFC, 0x03, 0x00, 0x00, 0x73, 0xBD,
    0xEF, 0x71, 0x80, 0x30, 0x3C, 0x1E, 0x0F, 0x07, 0x83, 0xC1, 0xE0, 0xF0, 0x78, 0x3C, 0x1E, 0x0F,
    0x07, 0x83, 0xC1, 0xC0, 0xEE, 0x7F, 0x9F, 0xE3, 0x30, 0x00, 0x70, 0x38, 0x1C, 0x0E, 0x07, 0x03,
    0x81, 0xC0, 0xE0, 0x70, 0x38, 0x1C, 0x18, 0x7E, 0xFF, 0xE7, 0x00, 0x18, 0x3C, 0x3C, 0x3C, 0x3C,
    0x3C, 0x3C, 0x3C, 0x3C, 0x3C, 0x3C, 0x3C, 0x3C, 0x3C, 0x38, 0x3C, 0x7F, 0x7F, 0x63, 0x00, 0x1C,
    0x1C, 0x1C, 0x1C, 0x1C, 0x1C, 0x1C, 0x1C, 0x1C, 0x1C, 0x1C, 0x00, 0x00, 0x73, 0x80, 0xF7, 0x80,
    0xF7, 0x00, 0x60, 0x00, 0xFC, 0x07, 0xFE, 0x1F, 0xFE, 0x3C, 0x3C, 0xF0, 0x3D, 0xC0, 0x7B, 0x80,
    0x7F, 0x00, 0xFE, 0x01, 0xDC, 0x03, 0xBC, 0x0F, 0x7C, 0x3C, 0x7F, 0xF8, 0x7F, 0xE0, 0x7F, 0x80,
    0x18, 0x00, 0x77, 0x03, 0xFC, 0x0F, 0xF0, 0x19, 0x80, 0x70, 0x0F, 0xE0, 0xFF, 0x8F, 0x1E, 0x70,
    0x73, 0x83, 0xBC, 0x1E, 0xE0, 0xE7, 0x07, 0x3E, 0xF8, 0xFF, 0x83, 0xF8, 0x02, 0x00, 0x01, 0x80,
    0x0F, 0xC0, 0x3F, 0xC0, 0x73, 0x80, 0x00, 0x00, 0xFC, 0x07, 0xFE, 0x1F, 0xFE, 0x3C, 0x3C, 0xF0,
    0x3D, 0xC0, 0x7B, 0x80, 0x7F, 0x00, 0xFE, 0x01, 0xDC, 0x03, 0xBC, 0x0F, 0x7C, 0x3C, 0x7F, 0xF8,
    0x7F, 0xE0, 0x7F, 0x80, 0x18, 0x00, 0x07, 0x00, 0xFE, 0x07, 0xF0, 0x31, 0x80, 0x70, 0x0F, 0xE0,
    0xFF, 0x8F, 0x1E, 0x70, 0x73, 0x83, 0xBC, 0x1E, 0xE0, 0xE7, 0x07, 0x3E, 0xF8, 0xFF, 0x83, 0xF8,
    0x02, 0x00, 0x02, 0x03, 0x38, 0x1F, 0xE0, 0x77, 0x81, 0x80, 0x3F, 0xE3, 0xFF, 0x9F, 0xFE, 0xF0,
    0xF7, 0x83, 0xBC, 0x1D, 0xE0, 0xEF, 0xFE, 0x7F, 0xF3, 0xFF, 0x9E, 0x1E, 0xF0, 0x77, 0x83, 0xBC,
    0x1F, 0xC0, 0x70, 0x00, 0x00, 0xEE, 0x3F, 0xC7, 0xF8, 0x66, 0x01, 0x8F, 0xF3, 0xFC, 0xF0, 0x38,
    0x0E, 0x03, 0x80, 0xE0, 0x38, 0x0E, 0x03, 0x80, 0xE0, 0x07, 0x00, 0xFC, 0x07, 0xF0, 0x31, 0x80,
    0x00, 0x3F, 0xE3, 0xFF, 0x9F, 0xFE, 0xF0, 0xF7, 0x83, 0xBC, 0x1D, 0xE0, 0xEF, 0xFE, 0x7F, 0xF3,
    0xFF, 0x9E, 0x1E, 0xF0, 0x77, 0x83, 0xBC, 0x1F, 0xC0, 0x70, 0x00, 0x00, 0x3C, 0xFE, 0xFE, 0xC6,
    0x06, 0xFF, 0xFF, 0xF0, 0xE0, 0xE0, 0xE0, 0xE0, 0xE0, 0xE0, 0xE0, 0xE0, 0x02, 0x03, 0xB8, 0x1F,
    0xE0, 0x77, 0x80, 0x80, 0x30, 0x1B, 0x81, 0xDE, 0x0F, 0xF0, 0x7F, 0x83, 0xFC, 0x1F, 0xE0, 0xFF,
    0x07, 0xF8, 0x3F, 0xC1, 0xDE, 0x0E, 0x70, 0xF3, 0xFF, 0x8F, 0xF8, 0x3F, 0x80, 0x00, 0x00, 0xEE,
    0x3F, 0xC7, 0xF0, 0xCC, 0x00, 0x38, 0x7E, 0x1F, 0x87, 0xE1, 0xF8, 0x7E, 0x1F, 0x87, 0xE1, 0xFE,
    0xF7, 0xF8, 0xFE, 0x0C, 0x00, 0x07, 0x00, 0xFC, 0x07, 0xF0, 0x31, 0x80, 0x00, 0x30, 0x1B, 0x81,
    0xDE, 0x0F, 0xF0, 0x7F, 0x83, 0xFC, 0x1F, 0xE0, 0xFF, 0x07, 0xF8, 0x3F, 0xC1, 0xDE, 0x0E, 0x70,
    0xF3, 0xFF, 0x8F, 0xF8, 0x3F, 0x80, 0x00, 0x00, 0x1E, 0x0F, 0xC7, 0xF8, 0x86, 0x00, 0x38, 0x7E,
    0x1F, 0x87, 0xE1, 0xF8, 0x7E, 0x1F, 0x87, 0xE1, 0xFE, 0xF7, 0xF8, 0xFE, 0x0C, 0x00, 0x1F, 0x83,
    0xFE, 0x7F, 0xF7, 0x0E, 0x70, 0x07, 0x80, 0x7F, 0x03, 0xFE, 0x1F, 0xE0, 0x1F, 0x00, 0x76, 0x07,
    0xFF, 0xF7, 0xFE, 0x3F, 0xC0, 0x70, 0x07, 0x00, 0x70, 0x07, 0x00, 0x00, 0x0E, 0x0F, 0xE7, 0xF9,
    0xCE, 0x70, 0x1F, 0x83, 0xF8, 0x3E, 0x63, 0xFC, 0x7F, 0xF9, 0xFC, 0x0C, 0x07, 0x83, 0xE0, 0x38,
    0x1E, 0x07, 0x00, 0x7F, 0xF7, 0xFF, 0xDF, 0xFC, 0x0E, 0x00, 0x70, 0x03, 0x80, 0x1C, 0x00, 0xE0,
    0x07, 0x00, 0x38, 0x01, 0xC0, 0x0E, 0x00, 0x70, 0x03, 0x80, 0x1C, 0x00, 0x60, 0x07, 0x80, 0x3C,
    0x01, 0xC0, 0x00, 0x00, 0x18, 0x38, 0x38, 0xFF, 0xFF, 0x7E, 0x38, 0x38, 0x38, 0x38, 0x38, 0x3E,
    0x3F, 0x1F, 0x18, 0x3C, 0x3E, 0x0E, 0x1C, 0x18, 0x47, 0x3C, 0xF0, 0x00, 0x37, 0xFE, 0xC0, 0x71,
    0xEF, 0xF3, 0x39, 0xBF, 0xFF, 0xEC, 0xE0, 0xFE, 0xFF, 0xFE, 0x63, 0x7F, 0x3E, 0x00, 0xFF, 0x80,
    0xEF, 0xDF, 0xB8, 0x03, 0xFE, 0x33, 0x08, 0x77, 0xF7, 0xFF, 0x00, 0x66, 0xFE, 0xEE, 0xCC, 0xCF,
    0xFF, 0x9C, 0xEE, 0x7F, 0x9F, 0xE2, 0x60, 0x3C, 0x7F, 0x7F, 0x63, 0x33, 0xB9, 0xEF, 0x38, 0x39,
    0xFF, 0xEE, 0x00, 0x1F, 0xE0, 0x05, 0xDF, 0xBE, 0x20, 0x37, 0xFE, 0x77, 0x38, 0x76, 0xEE, 0x00,
    0x08, 0xF7, 0xBA, 0xFD, 0xF3, 0x00, 0x7B, 0xED, 0xC0, 0x63, 0x7F, 0x7F, 0x3C, 0xFE, 0xFE, 0x00,
    0xFD, 0xFF, 0xF0, 0x07, 0x00, 0x1C, 0x00, 0x78, 0x03, 0xE0, 0x0F, 0xC0, 0x7F, 0x01, 0xDE, 0x0F,
    0x78, 0x38, 0xE0, 0xFF, 0xC7, 0xFF, 0x1F, 0xFE, 0xF0, 0x3B, 0x80, 0xEE, 0x01, 0x80, 0xC0, 0x07,
    0x00, 0x1C, 0x00, 0x00, 0x00, 0x0E, 0x21, 0xFF, 0x3F, 0xF7, 0x9F, 0x70, 0xF7, 0x07, 0xF0, 0x77,
    0x07, 0x70, 0xF7, 0xDF, 0x3F, 0xF1, 0xFF, 0x06, 0x00, 0x70, 0x07, 0x00, 0x30, 0x00, 0x00, 0x3C,
    0x00, 0xF8, 0x00, 0xE0, 0x03, 0x00, 0x00, 0x00, 0x70, 0x01, 0xC0, 0x07, 0x80, 0x3E, 0x00, 0xFC,
    0x07, 0xF0, 0x1D, 0xE0, 0xF7, 0x83, 0x8E, 0x0F, 0xFC, 0x7F, 0xF1, 0xFF, 0xEF, 0x03, 0xB8, 0x0E,
    0xE0, 0x18, 0x00, 0x00, 0x00, 0x00, 0xF0, 0x0F, 0x80, 0x30, 0x03, 0x00, 0xE2, 0x1F, 0xF3, 0xFF,
    0x79, 0xF7, 0x0F, 0x70, 0x7F, 0x07, 0x70, 0x77, 0x0F, 0x7D, 0xF3, 0xFF, 0x1F, 0xF0, 0x60, 0x00,
    0x1C, 0x00, 0xF0, 0x77, 0x83, 0xF8, 0x1F, 0xC0, 0x23, 0x00, 0x70, 0x01, 0xC0, 0x07, 0x80, 0x3E,
    0x00, 0xFC, 0x07, 0xF0, 0x1D, 0xE0, 0xF7, 0x83, 0x8E, 0x0F, 0xFC, 0x7F, 0xF1, 0xFF, 0xEF, 0x03,
    0xB8, 0x0E, 0xE0, 0x18, 0x00, 0x00, 0x00, 0x30, 0x03, 0xC0, 0x1C, 0x0F, 0xC0, 0xFC, 0x0F, 0xC0,
    0x66, 0x01, 0xC4, 0x1F, 0xF1, 0xFF, 0x9E, 0x7C, 0xE1, 0xE7, 0x07, 0x78, 0x39, 0xC1, 0xCE, 0x1E,
    0x7D, 0xF1, 0xFF, 0x87, 0xFC, 0x0C, 0x00, 0x03, 0x80, 0x0F, 0x00, 0x1E, 0x01, 0xD8, 0x0F, 0x80,
    0x7F, 0x00, 0x8C, 0x01, 0xC0, 0x07, 0x00, 0x1E, 0x00, 0xF8, 0x03, 0xF0, 0x1F, 0xC0, 0x77, 0x83,
    0xDE, 0x0E, 0x38, 0x3F, 0xF1, 0xFF, 0xC7, 0xFF, 0xBC, 0x0E, 0xE0, 0x3B, 0x80, 0x60, 0x00, 0x00,
    0x00, 0x00, 0x38, 0x03, 0xC0, 0x7C, 0x0F, 0x81, 0xF8, 0x19, 0x80, 0xE2, 0x1F, 0xF3, 0xFF, 0x79,
    0xF7, 0x0F, 0x70, 0x7F, 0x07, 0x70, 0x77, 0x0F, 0x7D, 0xF3, 0xFF, 0x1F, 0xF0, 0x60, 0x00, 0x00,
    0x03, 0xC0, 0x0F, 0x81, 0xCC, 0x0F, 0xB0, 0x7F, 0x00, 0x8C, 0x01, 0xC0, 0x07, 0x00, 0x1E, 0x00,
    0xF8, 0x03, 0xF0, 0x1F, 0xC0, 0x77, 0x83, 0xDE, 0x0E, 0x38, 0x3F, 0xF1, 0xFF, 0xC7, 0xFF, 0xBC,
    0x0E, 0xE0, 0x3B, 0x80, 0x60, 0x00, 0x00, 0x00, 0x00, 0x1E, 0x01, 0xF0, 0x07, 0x07, 0x60, 0xF8,
    0x1F, 0x81, 0xFA, 0x1F, 0xF3, 0xFF, 0x79, 0xF7, 0x0F, 0x70, 0x7F, 0x07, 0x70, 0x77, 0x0F, 0x7D,
    0xF3, 0xFF, 0x1F, 0xF0, 0x60, 0x1E, 0x60, 0x7F, 0x83, 0xFE, 0x07, 0xF0, 0x0F, 0x80, 0x7F, 0x00,
    0x8C, 0x01, 0xC0, 0x07, 0x00, 0x1E, 0x00, 0xF8, 0x03, 0xF0, 0x1F, 0xC0, 0x77, 0x83, 0xDE, 0x0E,
    0x38, 0x3F, 0xF1, 0xFF, 0xC7, 0xFF, 0xBC, 0x0E, 0xE0, 0x3B, 0x80, 0x60, 0x00, 0x00, 0x1C, 0xC3,
    0xFE, 0x3F, 0xE1, 0x9C, 0x07, 0x00, 0xF8, 0x1F, 0x81, 0xFA, 0x1F, 0xF3, 0xFF, 0x79, 0xF7, 0x0F,
    0x70, 0x7F, 0x07, 0x70, 0x77, 0x0F, 0x7D, 0xF3, 0xFF, 0x1F, 0xF0, 0x60, 0x07, 0x00, 0x3E, 0x01,
    0xFC, 0x02, 0x30, 0x07, 0x00, 0x1C, 0x00, 0x78, 0x03, 0xE0, 0x0F, 0xC0, 0x7F, 0x01, 0xDE, 0x0F,
    0x78, 0x38, 0xE0, 0xFF, 0xC7, 0xFF, 0x1F, 0xFE, 0xF0, 0x3B, 0x80, 0xEE, 0x01, 0x80, 0xC0, 0x07,
    0x00, 0x1C, 0x00, 0x00, 0x00, 0x07, 0x00, 0xF8, 0x1F, 0x81, 0x88, 0x0E, 0x21, 0xFF, 0x3F, 0xF7,
    0x9F, 0x70, 0xF7, 0x07, 0xF0, 0x77, 0x07, 0x70, 0xF7, 0xDF, 0x3F, 0xF1, 0xFF, 0x06, 0x00, 0x70,
    0x07, 0x00, 0x30, 0x00, 0xC0, 0x07, 0x00, 0x3C, 0x00, 0xC0, 0x1C, 0xC0, 0x7F, 0x00, 0xF8, 0x00,
    0x00, 0x07, 0x00, 0x1C, 0x00, 0x78, 0x03, 0xE0, 0x0F, 0xC0, 0x7F, 0x01, 0xDE, 0x0F, 0x78, 0x38,
    0xE0, 0xFF, 0xC7, 0xFF, 0x1F, 0xFE, 0xF0, 0x3B, 0x80, 0xEE, 0x01, 0x80, 0x00, 0x00, 0xC0, 0x1C,
    0x03, 0xC0, 0x38, 0x1B, 0xC1, 0xFC, 0x0F, 0x80, 0xF2, 0x1F, 0xF3, 0xFF, 0x79, 0xF7, 0x0F, 0x70,
    0x7F, 0x07, 0x70, 0x77, 0x0F, 0x7D, 0xF3, 0xFF, 0x1F, 0xF0, 0x60, 0x1C, 0x00, 0x78, 0x00, 0xF0,
    0x00, 0xC0, 0x1C, 0xC0, 0x7F, 0x00, 0xF8, 0x00, 0x00, 0x07, 0x00, 0x1C, 0x00, 0x78, 0x03, 0xE0,
    0x0F, 0xC0, 0x7F, 0x01, 0xDE, 0x0F, 0x78, 0x38, 0xE0, 0xFF, 0xC7, 0xFF, 0x1F, 0xFE, 0xF0, 0x3B,
    0x80, 0xEE, 0x01, 0x80, 0x00, 0x08, 0x01, 0xC0, 0x1F, 0x00, 0x70, 0x1C, 0xC1, 0xFC, 0x0F, 0xC0,
    0xF2, 0x1F, 0xF3, 0xFF, 0x79, 0xF7, 0x0F, 0x70, 0x7F, 0x07, 0x70, 0x77, 0x0F, 0x7D, 0xF3, 0xFF,
    0x1F, 0xF0, 0x60, 0x00, 0x00, 0x3C, 0x00, 0xF8, 0x00, 0xE0, 0x03, 0x00, 0x00, 0x01, 0xCC, 0x07,
    0xF0, 0x0F, 0x80, 0x00, 0x00, 0x70, 0x01, 0xC0, 0x07, 0x80, 0x3E, 0x00, 0xFC, 0x07, 0xF0, 0x1D,
    0xE0, 0xF7, 0x83, 0x8E, 0x0F, 0xFC, 0x7F, 0xF1, 0xFF, 0xEF, 0x03, 0xB8, 0x0E, 0xE0, 0x18, 0x00,
    0x00, 0x00, 0x00, 0xF0, 0x0F, 0x80, 0x38, 0x03, 0x01, 0xAC, 0x1F, 0xC0, 0xF8, 0x0E, 0x21, 0xFF,
    0x3F, 0xF7, 0x9F, 0x70, 0xF7, 0x07, 0xF0, 0x77, 0x07, 0x70, 0xF7, 0xDF, 0x3F, 0xF1, 0xFF, 0x06,
    0x00, 0x1E, 0x60, 0x7F, 0x83, 0xFE, 0x06, 0x70, 0x1C, 0xC0, 0x7F, 0x00, 0xF8, 0x00, 0x00, 0x07,
    0x00, 0x1C, 0x00, 0x78, 0x03, 0xE0, 0x0F, 0xC0, 0x7F, 0x01, 0xDE, 0x0F, 0x78, 0x38, 0xE0, 0xFF,
    0xC7, 0xFF, 0x1F, 0xFE, 0xF0, 0x3B, 0x80, 0xEE, 0x01, 0x80, 0x00, 0x1C, 0xC3, 0xFC, 0x3F, 0xC3,
    0x38, 0x39, 0xC1, 0xFC, 0x1F, 0x80, 0xE2, 0x1F, 0xF3, 0xFF, 0x79, 0xF7, 0x0F, 0x70, 0x7F, 0x07,
    0x70, 0x77, 0x0F, 0x7D, 0xF3, 0xFF, 0x1F, 0xF0, 0x60, 0x00, 0x00, 0x73, 0x01, 0xFC, 0x03, 0xE0,
    0x00, 0x00, 0x1C, 0x00, 0x70, 0x01, 0xE0, 0x0F, 0x80, 0x3F, 0x01, 0xFC, 0x07, 0x78, 0x3D, 0xE0,
    0xE3, 0x83, 0xFF, 0x1F, 0xFC, 0x7F, 0xFB, 0xC0, 0xEE, 0x03, 0xB8, 0x06, 0x03, 0x00, 0x1C, 0x00,
    0x70, 0x00, 0x00, 0x18, 0xC1, 0xFC, 0x0F, 0x80, 0xE2, 0x1F, 0xF3, 0xFF, 0x79, 0xF7, 0x0F, 0x70,
    0x7F, 0x07, 0x70, 0x77, 0x0F, 0x7D, 0xF3, 0xFF, 0x1F, 0xF0, 0x60, 0x07, 0x00, 0x70, 0x03, 0x00,
    0x7F, 0xDF, 0xFB, 0xFF, 0x78, 0x0F, 0x01, 0xE0, 0x3F, 0xE7, 0xFC, 0xFF, 0x9E, 0x03, 0xC0, 0x78,
    0x0F, 0xFD, 0xFF, 0xBF, 0xF0, 0x60, 0x1E, 0x03, 0xC0, 0x00, 0x00, 0x07, 0x01, 0xFC, 0x3F, 0xE7,
    0x9E, 0x70, 0xF7, 0xFF, 0xFF, 0xF7, 0xFE, 0x70, 0x07, 0xDE, 0x3F, 0xE1, 0xFC, 0x07, 0x00, 0x70,
    0x07, 0x00, 0x60, 0x00, 0x03, 0xC0, 0x78, 0x03, 0x00, 0x60, 0x00, 0x1F, 0xF7, 0xFE, 0xFF, 0xDE,
    0x03, 0xC0, 0x78, 0x0F, 0xF9, 0xFF, 0x3F, 0xE7, 0x80, 0xF0, 0x1E, 0x03, 0xFF, 0x7F, 0xEF, 0xFC,
    0x00, 0x00, 0xF0, 0x1F, 0x00, 0x30, 0x06, 0x00, 0x70, 0x1F, 0xC3, 0xFE, 0x79, 0xE7, 0x0F, 0x7F,
    0xFF, 0xFF, 0x7F, 0xE7, 0x00, 0x7D, 0xE3, 0xFE, 0x1F, 0xC0, 0x30, 0x39, 0x8F, 0xF9, 0xFE, 0x19,
    0xC7, 0xFD, 0xFF, 0xBF, 0xF7, 0x80, 0xF0, 0x1E, 0x03, 0xFE, 0x7F, 0xCF, 0xF9, 0xE0, 0x3C, 0x07,
    0x80, 0xFF, 0xDF, 0xFB, 0xFF, 0x00, 0x1C, 0xC3, 0xFC, 0x3F, 0xC3, 0x38, 0x07, 0x01, 0xFC, 0x3F,
    0xE7, 0x9E, 0x70, 0xF7, 0xFF, 0xFF, 0xF7, 0xFE, 0x70, 0x07, 0xDE, 0x3F, 0xE1, 0xFC, 0x03, 0x00,
    0x00, 0x30, 0x03, 0xC3, 0xBC, 0x3F, 0x83, 0xF8, 0x18, 0x81, 0xFF, 0x1F, 0xF8, 0xFF, 0xC7, 0x80,
    0x3C, 0x01, 0xE0, 0x0F, 0xF8, 0x7F, 0xC3, 0xFE, 0x1E, 0x00, 0xF0, 0x07, 0x80, 0x3F, 0xF1, 0xFF,
    0x8F, 0xFC, 0x00, 0x00, 0x30, 0x07, 0x00, 0x70, 0x7E, 0x0F, 0xC1, 0xF8, 0x19, 0x80, 0x70, 0x1F,
    0xC3, 0xFE, 0x79, 0xE7, 0x0F, 0x7F, 0xFF, 0xFF, 0x7F, 0xE7, 0x00, 0x7D, 0xE3, 0xFE, 0x1F, 0xC0,
    0x30, 0x07, 0x00, 0xF0, 0x1F, 0x07, 0xC1, 0xF0, 0x7F, 0x0C, 0x43, 0xFE, 0xFF, 0xDF, 0xFB, 0xC0,
    0x78, 0x0F, 0x01, 0xFF, 0x3F, 0xE7, 0xFC, 0xF0, 0x1E, 0x03, 0xC0, 0x7F, 0xEF, 0xFD, 0xFF, 0x80,
    0x02, 0x00, 0x78, 0x03, 0xC0, 0x7C, 0x0F, 0x01, 0xF8, 0x19, 0x80, 0x70, 0x1F, 0xC3, 0xFE, 0x79,
    0xE7, 0x0F, 0x7F, 0xFF, 0xFF, 0x7F, 0xE7, 0x00, 0x7D, 0xE3, 0xFE, 0x1F, 0xC0, 0x30, 0x00, 0x03,
    0xC0, 0x78, 0x03, 0x00, 0x60, 0x00, 0x00, 0x00, 0x70, 0x1F, 0x07, 0xF0, 0xC4, 0x3F, 0xEF, 0xFD,
    0xFF, 0xBC, 0x07, 0x80, 0xF0, 0x1F, 0xF3, 0xFE, 0x7F, 0xCF, 0x01, 0xE0, 0x3C, 0x07, 0xFE, 0xFF,
    0xDF, 0xF8, 0x00, 0x00, 0x1E, 0x01, 0xF0, 0x06, 0x07, 0x60, 0xF4, 0x1F, 0x81, 0xF8, 0x1F, 0xC3,
    0xFE, 0x79, 0xE7, 0x0F, 0x7F, 0xFF, 0xFF, 0x7F, 0xE7, 0x00, 0x7D, 0xE3, 0xFE, 0x1F, 0xC0, 0x30,
    0x39, 0x8F, 0xF9, 0xFE, 0x1F, 0xC1, 0xF0, 0x7F, 0x0C, 0x43, 0xFE, 0xFF, 0xDF, 0xFB, 0xC0, 0x78,
    0x0F, 0x01, 0xFF, 0x3F, 0xE7, 0xFC, 0xF0, 0x1E, 0x03, 0xC0, 0x7F, 0xEF, 0xFD, 0xFF, 0x80, 0x1C,
    0xC3, 0xFC, 0x3F, 0xC3, 0x38, 0x07, 0x00, 0xF0, 0x1F, 0x81, 0xF8, 0x1F, 0xC3, 0xFE, 0x79, 0xE7,
    0x0F, 0x7F, 0xFF, 0xFF, 0x7F, 0xE7, 0x00, 0x7D, 0xE3, 0xFE, 0x1F, 0xC0, 0x30, 0x0E, 0x03, 0xE0,
    0xFE, 0x18, 0x87, 0xFD, 0xFF, 0xBF, 0xF7, 0x80, 0xF0, 0x1E, 0x03, 0xFE, 0x7F, 0xCF, 0xF9, 0xE0,
    0x3C, 0x07, 0x80, 0xFF, 0xDF, 0xFB, 0xFF, 0x06, 0x01, 0xE0, 0x3C, 0x00, 0x00, 0x07, 0x00, 0xF0,
    0x1F, 0x81, 0x98, 0x07, 0x01, 0xFC, 0x3F, 0xE7, 0x9E, 0x70, 0xF7, 0xFF, 0xFF, 0xF7, 0xFE, 0x70,
    0x07, 0xDE, 0x3F, 0xE1, 0xFC, 0x07, 0x00, 0x70, 0x07, 0x00, 0x60, 0x07, 0xFE, 0x33, 0x00, 0xCF,
    0x7B, 0xDE, 0xF7, 0xBD, 0xEF, 0x7B, 0xDE, 0xF7, 0x00, 0x07, 0xBE, 0x63, 0x11, 0xCE, 0x73, 0x9C,
    0xE7, 0x39, 0xCE, 0x70, 0x6F, 0xFF, 0xFF, 0xFF, 0xFF, 0xFF, 0xFF, 0xE6, 0xFF, 0x00, 0xFF, 0x8F,
    0xFF, 0xFF, 0xFF, 0xF8, 0xFD, 0x80, 0x07, 0xE0, 0x3F, 0xF0, 0xFF, 0xF1, 0xE1, 0xE7, 0x81, 0xEE,
    0x03, 0xDC, 0x03, 0xF8, 0x07, 0xF0, 0x0E, 0xE0, 0x1D, 0xE0, 0x7B, 0xE1, 0xE3, 0xFF, 0xC3, 0xFF,
    0x03, 0xFC, 0x00, 0xC0, 0x03, 0xC0, 0x07, 0x80, 0x00, 0x00, 0x07, 0x00, 0xFE, 0x0F, 0xF8, 0xF1,
    0xE7, 0x07, 0x38, 0x3B, 0xC1, 0xEE, 0x0E, 0x70, 0x73, 0xEF, 0x8F, 0xF8, 0x3F, 0x80, 0x70, 0x03,
    0x80, 0x1C, 0x00, 0x40, 0x00, 0x00, 0x0F, 0x80, 0x1F, 0x00, 0x06, 0x00, 0x18, 0x00, 0x00, 0x01,
    0xF8, 0x0F, 0xFC, 0x3F, 0xFC, 0x78, 0x79, 0xE0, 0x7B, 0x80, 0xF7, 0x00, 0xFE, 0x01, 0xFC, 0x03,
    0xB8, 0x07, 0x78, 0x1E, 0xF8, 0x78, 0xFF, 0xF0, 0xFF, 0xC0, 0xFF, 0x00, 0x30, 0x00, 0x00, 0x00,
    0x78, 0x03, 0xE0, 0x06, 0x00, 0x30, 0x03, 0x80, 0x7F, 0x07, 0xFC, 0x78, 0xF3, 0x83, 0x9C, 0x1D,
    0xE0, 0xF7, 0x07, 0x38, 0x39, 0xF7, 0xC7, 0xFC, 0x1F, 0xC0, 0x10, 0x00, 0x00, 0x0E, 0x00, 0x3C,
    0x0F, 0xF0, 0x3F, 0xC0, 0x7E, 0x00, 0x8C, 0x01, 0xF8, 0x0F, 0xFC, 0x3F, 0xFC, 0x78, 0x79, 0xE0,
    0x7B, 0x80, 0xF7, 0x00, 0xFE, 0x01, 0xFC, 0x03, 0xB8, 0x07, 0x78, 0x1E, 0xF8, 0x78, 0xFF, 0xF0,
    0xFF, 0xC0, 0xFF, 0x00, 0x30, 0x00, 0x00, 0x30, 0x01, 0xC0, 0x1C, 0x0F, 0xC0, 0xFC, 0x0F, 0xC0,
    0x62, 0x00, 0xE0, 0x1F, 0xC1, 0xFF, 0x1E, 0x3C, 0xE0, 0xE7, 0x07, 0x78, 0x3D, 0xC1, 0xCE, 0x0E,
    0x7D, 0xF1, 0xFF, 0x07, 0xF0, 0x04, 0x00, 0x00, 0xE0, 0x01, 0xE0, 0x03, 0xE0, 0x1F, 0x80, 0x7C,
    0x00, 0xFC, 0x01, 0x18, 0x03, 0xF0, 0x1F, 0xF8, 0x7F, 0xF8, 0xF0, 0xF3, 0xC0, 0xF7, 0x01, 0xEE,
    0x01, 0xFC, 0x03, 0xF8, 0x07, 0x70, 0x0E, 0xF0, 0x3D, 0xF0, 0xF1, 0xFF, 0xE1, 0xFF, 0x81, 0xFE,
    0x00, 0x60, 0x00, 0x01, 0x00, 0x1C, 0x00, 0xF0, 0x0F, 0xC0, 0xF8, 0x0F, 0xC0, 0x62, 0x00, 0xE0,
    0x1F, 0xC1, 0xFF, 0x1E, 0x3C, 0xE0, 0xE7, 0x07, 0x78, 0x3D, 0xC1, 0xCE, 0x0E, 0x7D, 0xF1, 0xFF,
    0x07, 0xF0, 0x04, 0x00, 0x00, 0x00, 0x00, 0xF0, 0x01, 0xE0, 0x1C, 0xC0, 0x3F, 0x80, 0xFE, 0x01,
    0x98, 0x03, 0xF0, 0x1F, 0xF8, 0x7F, 0xF8, 0xF0, 0xF3, 0xC0, 0xF7, 0x01, 0xEE, 0x01, 0xFC, 0x03,
    0xF8, 0x07, 0x70, 0x0E, 0xF0, 0x3D, 0xF0, 0xF1, 0xFF, 0xE1, 0xFF, 0x81, 0xFE, 0x00, 0x60, 0x00,
    0x00, 0x00, 0x0F, 0x80, 0x7C, 0x00, 0xE0, 0x76, 0x07, 0xC0, 0x7E, 0x01, 0xF0, 0x1F, 0xC1, 0xFF,
    0x1E, 0x3C, 0xE0, 0xE7, 0x07, 0x78, 0x3D, 0xC1, 0xCE, 0x0E, 0x7D, 0xF1, 0xFF, 0x07, 0xF0, 0x04,
    0x00, 0x07, 0x30, 0x1F, 0xE0, 0x3F, 0xC0, 0x7F, 0x00, 0x7C, 0x00, 0xFC, 0x01, 0x18, 0x03, 0xF0,
    0x1F, 0xF8, 0x7F, 0xF8, 0xF0, 0xF3, 0xC0, 0xF7, 0x01, 0xEE, 0x01, 0xFC, 0x03, 0xF8, 0x07, 0x70,
    0x0E, 0xF0, 0x3D, 0xF0, 0xF1, 0xFF, 0xE1, 0xFF, 0x81, 0xFE, 0x00, 0x60, 0x00, 0x1E, 0xC1, 0xFF,
    0x0F, 0xF8, 0x33, 0x80, 0x70, 0x07, 0xC0, 0x7E, 0x03, 0xF0, 0x1F, 0xC1, 0xFF, 0x1E, 0x3C, 0xE0,
    0xE7, 0x07, 0x78, 0x3D, 0xC1, 0xCE, 0x0E, 0x7D, 0xF1, 0xFF, 0x07, 0xF0, 0x04, 0x00, 0x03, 0xC0,
    0x0F, 0x80, 0x1F, 0x80, 0x23, 0x00, 0x7E, 0x03, 0xFF, 0x0F, 0xFF, 0x1E, 0x1E, 0x78, 0x1E, 0xE0,
    0x3D, 0xC0, 0x3F, 0x80, 0x7F, 0x00, 0xEE, 0x01, 0xDE, 0x07, 0xBE, 0x1E, 0x3F, 0xFC, 0x3F, 0xF0,
    0x3F, 0xC0, 0x0C, 0x00, 0x3C, 0x00, 0x78, 0x00, 0x00, 0x00, 0x07, 0x00, 0x7C, 0x07, 0xF0, 0x11,
    0x00, 0x70, 0x0F, 0xE0, 0xFF, 0x8F, 0x1E, 0x70, 0x73, 0x83, 0xBC, 0x1E, 0xE0, 0xE7, 0x07, 0x3E,
    0xF8, 0xFF, 0x83, 0xF8, 0x07, 0x00, 0x38, 0x01, 0xC0, 0x04, 0x00, 0x00, 0x60, 0x01, 0xE0, 0x07,
    0xE0, 0x0C, 0xE0, 0x7F, 0x83, 0xFF, 0x0F, 0xFF, 0x1E, 0x1E, 0x78, 0x1E, 0xE0, 0x3D, 0xC0, 0x3F,
    0x80, 0x7F, 0x00, 0xEE, 0x01, 0xDE, 0x07, 0xBE, 0x1E, 0x3F, 0xFC, 0x3F, 0xF0, 0x3F, 0xC0, 0x0C,
    0x00, 0x01, 0x80, 0x0E, 0x00, 0xEC, 0x0E, 0x70, 0x7F, 0x0F, 0xF8, 0xFF, 0x8F, 0x1E, 0x70, 0x73,
    0x83, 0xBC, 0x1E, 0xE0, 0xE7, 0x07, 0x3E, 0xF8, 0xFF, 0x83, 0xF8, 0x02, 0x00, 0x0E, 0x00, 0x1E,
    0x00, 0x1E, 0x60, 0x0C, 0xE0, 0x7F, 0x83, 0xFF, 0x0F, 0xFF, 0x1E, 0x1E, 0x78, 0x1E, 0xE0, 0x3D,
    0xC0, 0x3F, 0x80, 0x7F, 0x00, 0xEE, 0x01, 0xDE, 0x07, 0xBE, 0x1E, 0x3F, 0xFC, 0x3F, 0xF0, 0x3F,
    0xC0, 0x0C, 0x00, 0x00, 0x00, 0xE0, 0x07, 0x8C, 0x1C, 0x70, 0x7F, 0x0F, 0xF8, 0xFF, 0x8F, 0x1E,
    0x70, 0x73, 0x83, 0xBC, 0x1E, 0xE0, 0xE7, 0x07, 0x3E, 0xF8, 0xFF, 0x83, 0xF8, 0x02, 0x00, 0x00,
    0x00, 0x0F, 0x80, 0x1F, 0x00, 0x06, 0x00, 0x19, 0x80, 0x03, 0x81, 0xFE, 0x0F, 0xFC, 0x3F, 0xFC,
    0x78, 0x79, 0xE0, 0x7B, 0x80, 0xF7, 0x00, 0xFE, 0x01, 0xFC, 0x03, 0xB8, 0x07, 0x78, 0x1E, 0xF8,
    0x78, 0xFF, 0xF0, 0xFF, 0xC0, 0xFF, 0x00, 0x30, 0x00, 0x00, 0x00, 0x78, 0x03, 0xC0, 0x06, 0x60,
    0x73, 0x83, 0xF8, 0x7F, 0xC7, 0xFC, 0x78, 0xF3, 0x83, 0x9C, 0x1D, 0xE0, 0xF7, 0x07, 0x38, 0x39,
    0xF7, 0xC7, 0xFC, 0x1F, 0xC0, 0x10, 0x00, 0x0F, 0x70, 0x3F, 0xE0, 0x7F, 0xE0, 0x67, 0xE0, 0x7F,
    0x83, 0xFF, 0x0F, 0xFF, 0x1E, 0x1E, 0x78, 0x1E, 0xE0, 0x3D, 0xC0, 0x3F, 0x80, 0x7F, 0x00, 0xEE,
    0x01, 0xDE, 0x07, 0xBE, 0x1E, 0x3F, 0xFC, 0x3F, 0xF0, 0x3F, 0xC0, 0x0C, 0x00, 0x1C, 0xC1, 0xFF,
    0x0F, 0xFC, 0x67, 0xF0, 0x7F, 0x0F, 0xF8, 0xFF, 0x8F, 0x1E, 0x70, 0x73, 0x83, 0xBC, 0x1E, 0xE0,
    0xE7, 0x07, 0x3E, 0xF8, 0xFF, 0x83, 0xF8, 0x02, 0x00, 0x00, 0x18, 0x00, 0x38, 0x1F, 0xE0, 0xFF,
    0xC3, 0xFF, 0xC7, 0x87, 0x9E, 0x07, 0xB8, 0x0F, 0x70, 0x0F, 0xE0, 0x1F, 0xC0, 0x3B, 0x80, 0x77,
    0x81, 0xEF, 0x87, 0x8F, 0xFF, 0x0F, 0xFC, 0x0F, 0xF0, 0x03, 0x00, 0x0F, 0x00, 0x1E, 0x00, 0x00,
    0x00, 0x00, 0x30, 0x01, 0xC1, 0xFC, 0x3F, 0xE3, 0xFE, 0x3C, 0x79, 0xC1, 0xCE, 0x0E, 0xF0, 0x7B,
    0x83, 0x9C, 0x1C, 0xFB, 0xE3, 0xFE, 0x0F, 0xE0, 0x18, 0x00, 0xE0, 0x07, 0x00, 0x30, 0x00, 0x60,
    0x37, 0x03, 0xBC, 0x1F, 0xE0, 0xFF, 0x07, 0xF8, 0x3F, 0xC1, 0xFE, 0x0F, 0xF0, 0x7F, 0x83, 0xBC,
    0x1C, 0xE1, 0xE7, 0xFF, 0x1F, 0xF0, 0x7F, 0x00, 0xE0, 0x07, 0x00, 0x38, 0x00, 0x00, 0x00, 0x38,
    0x7E, 0x1F, 0x87, 0xE1, 0xF8, 0x7E, 0x1F, 0x87, 0xE1, 0xFE, 0xF7, 0xF8, 0xFE, 0x0C, 0x03, 0x81,
    0xE0, 0x30, 0x00, 0x00, 0x78, 0x03, 0xC0, 0x06, 0x00, 0x30, 0x00, 0x01, 0x80, 0xDC, 0x0E, 0xF0,
    0x7F, 0x83, 0xFC, 0x1F, 0xE0, 0xFF, 0x07, 0xF8, 0x3F, 0xC1, 0xFE, 0x0E, 0xF0, 0x73, 0x87, 0x9F,
    0xFC, 0x7F, 0xC1, 0xFC, 0x00, 0x00, 0x00, 0x07, 0x81, 0xE0, 0x18, 0x0C, 0x01, 0x0E, 0x1F, 0x87,
    0xE1, 0xF8, 0x7E, 0x1F, 0x87, 0xE1, 0xF8, 0x7F, 0xBD, 0xFE, 0x3F, 0x83, 0x00, 0x01, 0xC0, 0x07,
    0x80, 0x1F, 0x38, 0x18, 0x76, 0x03, 0xFC, 0x0F, 0xBC, 0x1E, 0x78, 0x3C, 0xF0, 0x79, 0xE0, 0xF3,
    0xC1, 0xE7, 0x83, 0xCF, 0x07, 0x9E, 0x0E, 0x3C, 0x1C, 0x38, 0x78, 0x7F, 0xF0, 0x7F, 0xC0, 0x7F,
    0x00, 0x00, 0x00, 0x03, 0x00, 0x1C, 0x01, 0xCC, 0x1C, 0x70, 0x4F, 0x70, 0xFB, 0x87, 0x9C, 0x38,
    0xE1, 0xC7, 0x0E, 0x38, 0x71, 0xC3, 0x8E, 0x1C, 0x7D, 0xE1, 0xFE, 0x07, 0xF0, 0x0C, 0x00, 0x1C,
    0x00, 0x3C, 0x00, 0x3C, 0x38, 0x30, 0x76, 0x03, 0xFC, 0x0F, 0xBC, 0x1E, 0x78, 0x3C, 0xF0, 0x79,
    0xE0, 0xF3, 0xC1, 0xE7, 0x83, 0xCF, 0x07, 0x9E, 0x0E, 0x3C, 0x1C, 0x38, 0x78, 0x7F, 0xF0, 0x7F,
    0xC0, 0x7F, 0x00, 0x00, 0x00, 0x00, 0x01, 0xC0, 0x0F, 0x0C, 0x38, 0x70, 0x0F, 0x70, 0xFB, 0x87,
    0x9C, 0x38, 0xE1, 0xC7, 0x0E, 0x38, 0x71, 0xC3, 0x8E, 0x1C, 0x7D, 0xE1, 0xFE, 0x07, 0xF0, 0x0C,
    0x00, 0x00, 0x00, 0x1E, 0x00, 0x3E, 0x00, 0x1C, 0x00, 0x30, 0xE0, 0x01, 0xD8, 0x0F, 0xF0, 0x3E,
    0xF0, 0x79, 0xE0, 0xF3, 0xC1, 0xE7, 0x83, 0xCF, 0x07, 0x9E, 0x0F, 0x3C, 0x1E, 0x78, 0x38, 0xF0,
    0x70, 0xE1, 0xE1, 0xFF, 0xC1, 0xFF, 0x01, 0xFC, 0x00, 0x00, 0x00, 0x00, 0x00, 0xF0, 0x07, 0x80,
    0x0C, 0x60, 0xE3, 0x82, 0x7B, 0x87, 0xDC, 0x3C, 0xE1, 0xC7, 0x0E, 0x38, 0x71, 0xC3, 0x8E, 0x1C,
    0x70, 0xE3, 0xEF, 0x0F, 0xF0, 0x3F, 0x80, 0x60, 0x00, 0x1E, 0xE0, 0x7F, 0xC0, 0xFF, 0xB8, 0xCE,
    0x76, 0x03, 0xFC, 0x0F, 0xBC, 0x1E, 0x78, 0x3C, 0xF0, 0x79, 0xE0, 0xF3, 0xC1, 0xE7, 0x83, 0xCF,
    0x07, 0x9E, 0x0E, 0x3C, 0x1C, 0x38, 0x78, 0x7F, 0xF0, 0x7F, 0xC0, 0x7F, 0x00, 0x00, 0x00, 0x39,
    0x83, 0xFE, 0x1F, 0xEC, 0xCF, 0x70, 0x0F, 0x70, 0xFB, 0x87, 0x9C, 0x38, 0xE1, 0xC7, 0x0E, 0x38,
    0x71, 0xC3, 0x8E, 0x1C, 0x7D, 0xE1, 0xFE, 0x07, 0xF0, 0x0C, 0x00, 0x00, 0x0E, 0x00, 0x1D, 0x80,
    0xFF, 0x03, 0xEF, 0x07, 0x9E, 0x0F, 0x3C, 0x1E, 0x78, 0x3C, 0xF0, 0x79, 0xE0, 0xF3, 0xC1, 0xE7,
    0x83, 0x8F, 0x07, 0x0E, 0x1E, 0x1F, 0xFC, 0x1F, 0xF0, 0x1F, 0xC0, 0x0E, 0x00, 0x1C, 0x00, 0x38,
    0x00, 0x00, 0x00, 0x00, 0x30, 0x01, 0xC0, 0x3D, 0xC3, 0xEE, 0x1E, 0x70, 0xE3, 0x87, 0x1C, 0x38,
    0xE1, 0xC7, 0x0E, 0x38, 0x71, 0xF7, 0x87, 0xF8, 0x1F, 0xC0, 0x30, 0x01, 0xC0, 0x0E, 0x00, 0x60,
    0x00, 0x18, 0x00, 0xE0, 0x07, 0x80, 0x0C, 0x06, 0x03, 0x78, 0x3B, 0xC3, 0xCF, 0x1E, 0x3D, 0xE1,
    0xFE, 0x07, 0xE0, 0x1F, 0x00, 0x70, 0x03, 0x80, 0x1C, 0x00, 0xE0, 0x07, 0x00, 0x38, 0x01, 0xC0,
    0x00, 0x0E, 0x03, 0xC0, 0x70, 0x00, 0x38, 0x7E, 0x1F, 0x87, 0xE1, 0xF8, 0x7E, 0x1F, 0x87, 0xE1,
    0xFE, 0xF7, 0xFD, 0xFF, 0x19, 0xDF, 0xF7, 0xF9, 0xFC, 0x08, 0x00, 0x60, 0x37, 0x83, 0xBC, 0x3C,
    0xF1, 0xE3, 0xDE, 0x1F, 0xE0, 0x7E, 0x01, 0xF0, 0x07, 0x00, 0x38, 0x01, 0xC0, 0x0E, 0x00, 0x70,
    0x03, 0x80, 0x1C, 0x00, 0xC0, 0x07, 0x00, 0x38, 0x00, 0x00, 0x00, 0x07, 0x0E, 0x38, 0x71, 0xC3,
    0x8E, 0x1C, 0x70, 0xE3, 0x87, 0x1C, 0x38, 0xE1, 0xC7, 0xDE, 0x1F, 0xF0, 0xFF, 0x81, 0x9C, 0x3F,
    0xFD, 0xFF, 0xEF, 0xE6, 0x08, 0x00, 0x00, 0x00, 0x78, 0x03, 0xC0, 0x06, 0x00, 0x70, 0x00, 0x01,
    0x80, 0xDE, 0x0E, 0xF0, 0xF3, 0xC7, 0x8F, 0x78, 0x7F, 0x81, 0xF8, 0x07, 0xC0, 0x1C, 0x00, 0xE0,
    0x07, 0x00, 0x38, 0x01, 0xC0, 0x0E, 0x00, 0x70, 0x00, 0x00, 0x07, 0x81, 0xE0, 0x18, 0x0C, 0x01,
    0x0E, 0x1F, 0x87, 0xE1, 0xF8, 0x7E, 0x1F, 0x87, 0xE1, 0xF8, 0x7F, 0xBD, 0xFF, 0x7F, 0xC6, 0x77,
    0xFD, 0xFE, 0x7F, 0x02, 0x00, 0x1C, 0xC1, 0xFF, 0x0F, 0xF0, 0x63, 0x06, 0x03, 0x78, 0x3B, 0xC3,
    0xCF, 0x1E, 0x3D, 0xE1, 0xFE, 0x07, 0xE0, 0x1F, 0x00, 0x70, 0x03, 0x80, 0x1C, 0x00, 0xE0, 0x07,
    0x00, 0x38, 0x01, 0xC0, 0x39, 0x9F, 0xE7, 0xF9, 0x9C, 0x00, 0x38, 0x7E, 0x1F, 0x87, 0xE1, 0xF8,
    0x7E, 0x1F, 0x87, 0xE1, 0xFE, 0xF7, 0xFD, 0xFF, 0x19, 0xDF, 0xF7, 0xF9, 0xFC, 0x08, 0x00, 0xFD,
    0xFF, 0xF0, 0xFF, 0xFF, 0xFF, 0xE0, 0xFF, 0xFF, 0xFF, 0xE0, 0xFF, 0xFF, 0x7F, 0xFF, 0xFF, 0xFF,
    0xC0, 0xFF, 0xFF, 0x7F, 0xFF, 0xFF, 0xFF, 0xC0, 0x33, 0xB9, 0xFF, 0xB8, 0x77, 0xFE, 0x77, 0x30,
    0x37, 0xFE, 0x77, 0x38, 0x33, 0xBB, 0xF9, 0x9F, 0xFF, 0x7B, 0x98, 0x77, 0x7F, 0xFF, 0xE7, 0x77,
    0x7B, 0x30, 0x33, 0x7F, 0xFF, 0xE7, 0x77, 0x7B, 0xB8, 0x08, 0x0E, 0x07, 0x0F, 0xE7, 0xFB, 0xFC,
    0x70, 0x38, 0x1C, 0x0E, 0x07, 0x01, 0x00, 0x08, 0x1C, 0x1C, 0x7F, 0x7F, 0x7E, 0x7F, 0x7F, 0x3E,
    0x1C, 0x1C, 0x1C, 0x18, 0xF9, 0xFF, 0xFF, 0xEF, 0x8E, 0x00, 0xEE, 0xFD, 0xDF, 0xBB, 0x80, 0x3C,
    0x1C, 0x00, 0x7E, 0x1C, 0x00, 0x7E, 0x38, 0x00, 0xE7, 0x78, 0x00, 0xE7, 0x70, 0x00, 0xE7, 0xE0,
    0x00, 0x7F, 0xE0, 0x00, 0x7F, 0xDE, 0x3E, 0x1B, 0xBF, 0x3F, 0x07, 0xFF, 0x77, 0x07, 0x73, 0xF7,
    0x0F, 0x73, 0xF7, 0x1E, 0x73, 0xF7, 0x1C, 0x3F, 0x7F, 0x1C, 0x1E, 0x3E, 0x00, 0x0C, 0x08, 0x73,
    0x3B, 0xDD, 0xCC, 0xEE, 0x77, 0x31, 0x18, 0x19, 0xDF, 0xEE, 0x79, 0xE7, 0x18, 0xE7, 0x1C, 0xF3,
    0xBD, 0xDE, 0xE0, 0x00, 0x60, 0x1C, 0x07, 0x80, 0xE0, 0x38, 0x0F, 0x01, 0xC0, 0x70, 0x1E, 0x03,
    0x80, 0xE0, 0x3C, 0x07, 0x01, 0xC0, 0x38, 0x00, 0x00, 0x3C, 0x7E, 0x7F, 0xE7, 0xE7, 0xE7, 0x7E,
    0x3C, 0x18, 0x0E, 0x1E, 0x3E, 0x7E, 0x7F, 0x7F, 0x7E, 0x0E, 0xFF, 0xFF, 0x3F, 0xFC, 0x7F, 0xFE,
    0x20, 0x3C, 0xFD, 0xC7, 0xEF, 0xFD, 0xDF, 0xBE, 0x18, 0x7C, 0xFC, 0x38, 0xE1, 0xC7, 0x0E, 0x18,
    0x00, 0x7B, 0xFF, 0xFF, 0xFF, 0x3F, 0xFF, 0x30, 0x3C, 0xFB, 0xBF, 0xF7, 0xE7, 0xDF, 0x3E, 0x30,
    0x3C, 0x7E, 0x7F, 0xE7, 0xE7, 0xE7, 0x7E, 0x3C, 0x18, 0x1B, 0xDE, 0xF1, 0x8C, 0x63, 0x7B, 0xFD,
    0xC7, 0x39, 0xCF, 0xFF, 0xFB, 0xF3, 0xBE, 0xFC, 0x7F, 0xFE, 0x20, 0x0E, 0x1E, 0x3E, 0x7E, 0x7F,
    0x7F, 0x7E, 0x0E, 0xFF, 0xFF, 0x3F, 0xFC, 0x7F, 0xFE, 0x20, 0x3C, 0xFD, 0xC7, 0xEF, 0xFD, 0xDF,
    0xBE, 0x18, 0x7C, 0xFC, 0x38, 0xE1, 0xC7, 0x0E, 0x18, 0x00, 0x7B, 0xFF, 0xFF, 0xFF, 0x3F, 0xFF,
    0x30, 0x3C, 0xFB, 0xBF, 0xF7, 0xE7, 0xDF, 0x3E, 0x30, 0x00, 0x60, 0x01, 0xDC, 0x1F, 0xF8, 0xFF,
    0xE3, 0xFF, 0xC7, 0xF7, 0x1E, 0xEE, 0x3B, 0xB8, 0x77, 0x71, 0xFD, 0xC3, 0xFB, 0x83, 0xFE, 0x07,
    0xDC, 0x0F, 0xF0, 0x0F, 0xFE, 0x3F, 0xFC, 0x7F, 0xF1, 0xFF, 0x03, 0xB8, 0x00, 0x60, 0x00, 0x1F,
    0xF3, 0xFF, 0x3F, 0xF3, 0xC0, 0x3C, 0x03, 0xC0, 0x3F, 0xE3, 0xFE, 0x3F, 0xE3, 0xC0, 0x7E, 0x07,
    0xE0, 0x7E, 0x03, 0xC0, 0x38, 0x00, 0x0F, 0xC0, 0xFF, 0x0F, 0xF8, 0x71, 0xC3, 0x80, 0x1C, 0x03,
    0xFE, 0x1F, 0xF0, 0x7F, 0x87, 0xFC, 0x3F, 0xE0, 0x38, 0x07, 0xE3, 0xFF, 0xFF, 0xFF, 0xE0, 0x3C,
    0x18, 0x06, 0x1E, 0x07, 0x0F, 0x83, 0x87, 0xC1, 0xC3, 0xF0, 0xE1, 0xFC, 0x71, 0xFF, 0xFF, 0xFF,
    0xFF, 0x7F, 0xFF, 0x9C, 0x7F, 0x0E, 0x1F, 0x87, 0x07, 0xC3, 0x83, 0xE1, 0xC0, 0xF0, 0xE0, 0x38,
    0x1F, 0xC0, 0x7F, 0xE0, 0xFF, 0xC1, 0xC3, 0xCF, 0xFF, 0xFF, 0xFF, 0xDF, 0xFF, 0x1F, 0xFC, 0x3F,
    0xF0, 0x7F, 0xC0, 0xE0, 0x01, 0xC0, 0x03, 0x80, 0x07, 0x00, 0x0E, 0x00, 0x00, 0x60, 0x00, 0x6E,
    0x00, 0x0F, 0xF0, 0x00, 0xFF, 0x06, 0x0E, 0x70, 0xF1, 0xE7, 0x8F, 0x1C, 0x7F, 0xFF, 0xEF, 0xFF,
    0xFE, 0xFF, 0xFF, 0xE1, 0xFB, 0xF8, 0x1F, 0x9F, 0x81, 0xF1, 0xF0, 0x0F, 0x0F, 0x00, 0xF0, 0xF0,
    0x0E, 0x06, 0x00, 0x03, 0x00, 0xE0, 0xFC, 0x3F, 0x1F, 0x9F, 0xE7, 0xF9, 0xDE, 0xF3, 0x9F, 0xE7,
    0xF8, 0xEC, 0x00, 0x1F, 0xE7, 0xF8, 0x01, 0xF0, 0x1F, 0xF0, 0xFF, 0xC7, 0xC6, 0x1E, 0x01, 0xFF,
    0x07, 0xFC, 0x1F, 0xE0, 0x7F, 0xC1, 0xFF, 0x07, 0xFC, 0x07, 0x80, 0x0F, 0xFC, 0x3F, 0xF0, 0x3F,
    0x80, 0x18, 0x18, 0x0C, 0x78, 0x38, 0xF0, 0xF1, 0xE3, 0xC3, 0xCF, 0x07, 0xBC, 0x1F, 0xFF, 0x7F,
    0xFE, 0x7F, 0xFC, 0x7F, 0xE0, 0xF3, 0xC1, 0xE3, 0xC3, 0xC3, 0xC7, 0x87, 0x8E, 0x07, 0x00, 0x1F,
    0xC0, 0x7F, 0xE0, 0xFF, 0xC7, 0xFF, 0xEF, 0xFF, 0xDF, 0xFF, 0xBF, 0xFF, 0x9F, 0xFC, 0x3F, 0xF0,
    0x7F, 0xC0, 0xE0, 0x01, 0xC0, 0x03, 0x80, 0x07, 0x00, 0x0E, 0x00, 0x00, 0x03, 0x80, 0x0E, 0x00,
    0x7F, 0x03, 0xFE, 0x3F, 0xF8, 0xFE, 0x47, 0xB8, 0x1C, 0xE0, 0x73, 0x83, 0xCF, 0xF7, 0x3F, 0xDC,
    0xFF, 0x7B, 0xBD, 0xFE, 0xF3, 0xFF, 0xC7, 0xFF, 0x0F, 0xF8, 0x0F, 0x00, 0x38, 0x00, 0xC0, 0x03,
    0x80, 0x1C, 0x01, 0xF8, 0x3F, 0xF3, 0xFF, 0x9F, 0xD9, 0xEE, 0x0E, 0x70, 0x73, 0x87, 0x9C, 0x3C,
    0xE0, 0xE7, 0x07, 0xB8, 0x3D, 0xC0, 0xFF, 0xE3, 0xFF, 0x0F, 0xF0, 0x1C, 0x00, 0xE0, 0x02, 0x00,
    0x7F, 0xFF, 0xFD, 0xFF, 0xBF, 0xE7, 0xFE, 0xFF, 0xCF, 0xF3, 0xFC, 0xFF, 0x0F, 0xF0, 0x0E, 0x01,
    0xC0, 0x38, 0x07, 0x80, 0x70, 0x00, 0x18, 0x01, 0xC0, 0x1C, 0x01, 0xF8, 0x1F, 0x87, 0xF0, 0xFD,
    0x8F, 0xFC, 0x1F, 0x87, 0xE3, 0x7C, 0x77, 0xCF, 0x1F, 0xF1, 0xFE, 0x1F, 0x80, 0xC0, 0x07, 0x00,
    0x38, 0x03, 0xE0, 0x7F, 0x87, 0xFE, 0x3F, 0xFB, 0xDD, 0xDC, 0xEE, 0xE7, 0x77, 0x3B, 0xF9, 0xDF,
    0xCC, 0xFE, 0x07, 0xF0, 0x3F, 0x81, 0xFC, 0x0F, 0xE0, 0x70, 0x00, 0x00, 0x3F, 0x87, 0xFE, 0x7F,
    0xE7, 0x0F, 0x70, 0x77, 0x07, 0x70, 0xFF, 0xFF, 0xFF, 0xEF, 0xFC, 0xFC, 0x0F, 0xE0, 0xFC, 0x07,
    0x00, 0x70, 0x00, 0x0E, 0x00, 0xF8, 0x0F, 0xC0, 0x3C, 0x07, 0xE1, 0xFE, 0x3F, 0xF7, 0x9F, 0x70,
    0x77, 0x07, 0xF0, 0x77, 0x07, 0x70, 0xF7, 0xDE, 0x3F, 0xE1, 0xFC, 0x06, 0x00, 0x00, 0x00, 0x7F,
    0xCF, 0xFE, 0x7F, 0xE7, 0x9F, 0x39, 0xF9, 0xDF, 0xEF, 0xEF, 0x7E, 0x73, 0xEF, 0x9F, 0xF9, 0xFF,
    0x86, 0x30, 0x00, 0x03, 0x80, 0x07, 0x00, 0x1F, 0x00, 0x3E, 0x00, 0x7C, 0x01, 0xDC, 0x03, 0xB8,
    0x0E, 0x38, 0x1C, 0x70, 0x70, 0x70, 0xE0, 0xE3, 0x80, 0xE7, 0x01, 0xCF, 0xFF, 0x9F, 0xFF, 0x00,
    0x7F, 0xFF, 0xFF, 0xFF, 0xFF, 0xF9, 0xE3, 0xC3, 0xC7, 0x87, 0x8F, 0x0F, 0x1E, 0x1E, 0x3C, 0x3C,
    0x78, 0x78, 0xF0, 0xF1, 0xE1, 0xE3, 0xC3, 0xC7, 0x87, 0x8F, 0x0F, 0x1E, 0x1E, 0x3C, 0x3C, 0x78,
    0x78, 0xF0, 0x70, 0xE0, 0x00, 0x00, 0x7F, 0xDF, 0xF9, 0xFE, 0x1C, 0x01, 0xC0, 0x1C, 0x03, 0xC0,
    0x38, 0x0E, 0x03, 0x80, 0xF0, 0x3C, 0x0F, 0xFC, 0xFF, 0x80, 0x00, 0x1F, 0xFF, 0xFF, 0xBF, 0xE0,
    0x00, 0x60, 0x07, 0x00, 0xE0, 0x0E, 0x01, 0xC0, 0x1C, 0x03, 0x80, 0x38, 0x07, 0x00, 0x70, 0x0E,
    0x00, 0xE0, 0x1C, 0x01, 0xC0, 0x38, 0x03, 0x80, 0x70, 0x07, 0x00, 0xE0, 0x06, 0x00, 0x6F, 0xFE,
    0x00, 0x00, 0x18, 0x01, 0xC0, 0x0E, 0x00, 0x70, 0x07, 0x00, 0x38, 0xC3, 0x9F, 0x1C, 0xF9, 0xC6,
    0xEE, 0x07, 0xF0, 0x1F, 0x00, 0xF8, 0x03, 0x80, 0x1C, 0x00, 0x00, 0x00, 0x1F, 0x0F, 0x9F, 0xCF,
    0xEE, 0x7E, 0x76, 0x1E, 0x3B, 0x0F, 0x1D, 0xDF, 0xEE, 0xFE, 0x7F, 0x3E, 0x1F, 0x00, 0x00, 0x00,
    0x01, 0xF0, 0x1F, 0x80, 0xFC, 0x07, 0x00, 0x78, 0x03, 0xC0, 0x1C, 0x00, 0xE0, 0x07, 0x00, 0x38,
    0x03, 0xC0, 0x1E, 0x00, 0xE0, 0x07, 0x00, 0x38, 0x03, 0xC0, 0x7E, 0x07, 0xE0, 0x3F, 0x00, 0xE0,
    0x00, 0x00, 0x1F, 0x9B, 0xFF, 0x7F, 0xEC, 0x7C, 0xF1, 0xBF, 0xB7, 0xFE, 0xCF, 0xC8, 0x70, 0x01,
    0x80, 0x70, 0x0E, 0x7F, 0xFF, 0xFE, 0xFF, 0x83, 0x87, 0xFF, 0xFF, 0xEF, 0xF8, 0xC0, 0x18, 0x00,
    0x00, 0xC0, 0x7E, 0x3F, 0xCF, 0xF0, 0xFC, 0x07, 0xF8, 0x1F, 0xE0, 0x3E, 0x00, 0x0F, 0xFE, 0xFF,
    0xEF, 0xFE, 0x60, 0x07, 0xC0, 0x7F, 0x81, 0xFE, 0x07, 0xE3, 0xFE, 0x7F, 0x07, 0x80, 0x00, 0x0F,
    0xFE, 0xFF, 0xEF, 0xFE, 0x07, 0x00, 0x7D, 0xC7, 0xEE, 0x38, 0x71, 0xC0, 0x7F, 0xDF, 0xFE, 0xEF,
    0xE7, 0x1C, 0x38, 0xE1, 0xC7, 0x0E, 0x38, 0x71, 0xC3, 0x8E, 0x1C, 0x70, 0xE3, 0x87, 0x07, 0x18,
    0x3E, 0xE1, 0xFB, 0xC7, 0x0F, 0x1C, 0x3F, 0xFE, 0xFF, 0xFB, 0xDF, 0xCF, 0x1C, 0x3C, 0x70, 0xF1,
    0xC3, 0xC7, 0x0F, 0x1C, 0x3C, 0x70, 0xF1, 0xC3, 0xC7, 0x06,
};

static const EpdGlyph quicksand_10_boldGlyphs[] = {
    { 0, 0, 93, 0, 0, 0, 0 }, // U+000D
    { 0, 0, 93, 0, 0, 0, 0 }, // U+0020
    { 4, 15, 89, 1, 15, 8, 0 }, // !
    { 9, 7, 143, 0, 15, 8, 8 }, // "
    { 14, 15, 231, 0, 15, 27, 16 }, // #
    { 12, 20, 199, 0, 17, 30, 43 }, // $
    { 17, 16, 272, 0, 15, 34, 73 }, // %
    { 15, 16, 236, 0, 15, 30, 107 }, // &
    { 4, 7, 71, 0, 15, 4, 137 }, // '
    { 8, 19, 119, 0, 15, 19, 141 }, // (
    { 7, 19, 119, 0, 15, 17, 160 }, // )
    { 7, 8, 121, 0, 15, 7, 177 }, // *
    { 12, 12, 193, 0, 13, 18, 184 }, // +
    { 5, 6, 92, 0, 3, 4, 202 }, // ,
    { 7, 3, 132, 1, 8, 3, 206 }, // -
    { 3, 3, 83, 1, 3, 2, 209 }, // .
    { 12, 20, 189, 0, 17, 30, 211 }, // /
    { 12, 16, 205, 0, 15, 24, 241 }, // 0
    { 7, 15, 130, 0, 15, 14, 265 }, // 1
    { 10, 15, 190, 1, 15, 19, 279 }, // 2
    { 11, 16, 179, 0, 15, 22, 298 }, // 3
    { 12, 15, 196, 0, 15, 23, 320 }, // 4
    { 10, 16, 192, 1, 15, 20, 343 }, // 5
    { 10, 16, 184, 1, 15, 20, 363 }, // 6
    { 10, 16, 183, 1, 15, 20, 383 }, // 7
    { 11, 15, 183, 0, 15, 21, 403 }, // 8
    { 10, 16, 189, 1, 15, 20, 424 }, // 9
    { 4, 11, 91, 1, 11, 6, 444 }, // :
    { 5, 14, 98, 1, 11, 9, 450 }, // ;
    { 10, 12, 175, 0, 13, 15, 459 }, // <
    { 11, 8, 206, 1, 11, 11, 474 }, // =
    { 10, 12, 175, 1, 13, 15, 485 }, // >
    { 11, 16, 176, 0, 16, 22, 500 }, // ?
    { 20, 19, 321, 0, 15, 48, 522 }, // @
    { 14, 16, 213, 0, 15, 28, 570 }, // A
    { 12, 15, 218, 1, 15, 23, 598 }, // B
    { 13, 16, 209, 0, 15, 26, 621 }, // C
    { 14, 15, 238, 1, 15, 27, 647 }, // D
    { 11, 15, 191, 1, 15, 21, 674 }, // E
    { 10, 15, 187, 1, 15, 19, 695 }, // F
    { 14, 16, 232, 0, 15, 28, 714 }, // G
    { 13, 15, 240, 1, 15, 25, 742 }, // H
    { 4, 15, 92, 1, 15, 8, 767 }, // I
    { 10, 16, 184, 0, 15, 20, 775 }, // J
    { 13, 15, 218, 1, 15, 25, 795 }, // K
    { 10, 15, 187, 1, 15, 19, 820 }, // L
    { 15, 15, 273, 1, 15, 29, 839 }, // M
    { 13, 15, 245, 1, 15, 25, 868 }, // N
    { 15, 16, 253, 0, 15, 30, 893 }, // O
    { 11, 15, 201, 1, 15, 21, 923 }, // P
    { 17, 20, 252, 0, 15, 43, 944 }, // Q
    { 13, 16, 229, 1, 15, 26, 987 }, // R
    { 12, 16, 199, 0, 15, 24, 1013 }, // S
    { 13, 15, 209, 0, 15, 25, 1037 }, // T
    { 13, 16, 235, 1, 15, 26, 1062 }, // U
    { 14, 15, 226, 0, 15, 27, 1088 }, // V
    { 20, 15, 314, 0, 15, 38, 1115 }, // W
    { 13, 16, 218, 0, 15, 26, 1153 }, // X
    { 13, 15, 199, 0, 15, 25, 1179 }, // Y
    { 13, 15, 216, 0, 15, 25, 1204 }, // Z
    { 8, 19, 136, 1, 15, 19, 1229 }, // [
    { 12, 20, 189, 0, 17, 30, 1248 }, // <backslash>
    { 7, 19, 136, 0, 15, 17, 1278 }, // ]
    { 11, 9, 206, 1, 15, 13, 1295 }, // ^
    { 13, 3, 235, 1, -1, 5, 1308 }, // _
    { 5, 5, 86, 0, 16, 4, 1313 }, // `
    { 12, 13, 209, 0, 12, 20, 1317 }, // a
    { 12, 17, 209, 1, 16, 26, 1337 }, // b
    { 11, 13, 173, 0, 12, 18, 1363 }, // c
    { 12, 17, 209, 0, 16, 26, 1381 }, // d
    { 12, 13, 197, 0, 12, 20, 1407 }, // e
    { 9, 16, 146, 0, 16, 18, 1427 }, // f
    { 12, 17, 213, 0, 12, 26, 1445 }, // g
    { 10, 16, 195, 1, 16, 20, 1471 }, // h
    { 3, 15, 79, 1, 15, 6, 1491 }, // i
    { 6, 20, 92, -1, 15, 15, 1497 }, // j
    { 11, 16, 190, 1, 16, 22, 1512 }, // k
    { 4, 16, 90, 1, 16, 8, 1534 }, // l
    { 17, 12, 307, 1, 12, 26, 1542 }, // m
    { 11, 12, 199, 1, 12, 17, 1568 }, // n
    { 13, 13, 208, 0, 12, 22, 1585 }, // o
    { 12, 17, 209, 1, 12, 26, 1607 }, // p
    { 12, 17, 209, 0, 12, 26, 1633 }, // q
    { 8, 12, 145, 1, 12, 12, 1659 }, // r
    { 10, 13, 161, 0, 12, 17, 1671 }, // s
    { 8, 14, 136, 0, 14, 14, 1688 }, // t
    { 10, 13, 196, 1, 12, 17, 1702 }, // u
    { 12, 13, 187, 0, 12, 20, 1719 }, // v
    { 16, 13, 256, 0, 12, 26, 1739 }, // w
    { 10, 13, 162, 0, 12, 17, 1765 }, // x
    { 10, 17, 196, 1, 12, 22, 1782 }, // y
    { 10, 11, 161, 0, 11, 14, 1804 }, // z
    { 9, 20, 134, 0, 15, 23, 1818 }, // {
    { 3, 20, 83, 1, 17, 8, 1841 }, // |
    { 9, 20, 134, 0, 15, 23, 1849 }, // }
    { 10, 5, 180, 1, 9, 7, 1872 }, // ~
    { 0, 0, 93, 0, 0, 0, 1879 }, // U+00A0
    { 4, 16, 89, 1, 12, 8, 1879 }, // U+00A1
    { 11, 15, 172, 0, 15, 21, 1887 }, // U+00A2
    { 13, 16, 208, 0, 15, 26, 1908 }, // U+00A3
    { 10, 11, 193, 1, 12, 14, 1934 }, // U+00A4
    { 13, 15, 199, 0, 15, 25, 1948 }, // U+00A5
    { 3, 20, 86, 1, 17, 8, 1973 }, // U+00A6
    { 12, 18, 186, 0, 15, 27, 1981 }, // U+00A7
    { 7, 3, 141, 1, 15, 3, 2008 }, // U+00A8
    { 16, 16, 260, 0, 15, 32, 2011 }, // U+00A9
    { 7, 8, 118, 0, 16, 7, 2043 }, // U+00AA
    { 10, 9, 162, 0, 10, 12, 2050 }, // U+00AB
    { 13, 7, 227, 1, 9, 12, 2062 }, // U+00AC
    { 7, 3, 132, 1, 8, 3, 2074 }, // U+00AD
    { 10, 10, 163, 0, 15, 13, 2077 }, // U+00AE
    { 8, 3, 147, 1, 15, 3, 2090 }, // U+00AF
    { 8, 7, 131, 0, 15, 7, 2093 }, // U+00B0
    { 12, 13, 193, 0, 14, 20, 2100 }, // U+00B1
    { 6, 8, 121, 1, 16, 6, 2120 }, // U+00B2
    { 6, 9, 118, 1, 16, 7, 2126 }, // U+00B3
    { 4, 5, 87, 1, 17, 3, 2133 }, // U+00B4
    { 11, 15, 202, 1, 11, 21, 2136 }, // U+00B5
    { 12, 17, 211, 0, 15, 26, 2157 }, // U+00B6
    { 4, 4, 74, 0, 8, 2, 2183 }, // U+00B7
    { 4, 5, 87, 1, 1, 3, 2185 }, // U+00B8
    { 5, 8, 107, 0, 16, 5, 2188 }, // U+00B9
    { 7, 7, 117, 0, 15, 7, 2193 }, // U+00BA
    { 11, 9, 166, 0, 10, 13, 2200 }, // U+00BB
    { 17, 16, 276, 0, 15, 34, 2213 }, // U+00BC
    { 17, 16, 281, 0, 15, 34, 2247 }, // U+00BD
    { 16, 16, 281, 1, 15, 32, 2281 }, // U+00BE
    { 11, 16, 176, 0, 11, 22, 2313 }, // U+00BF
    { 14, 20, 213, 0, 19, 35, 2335 }, // U+00C0
    { 14, 20, 213, 0, 19, 35, 2370 }, // U+00C1
    { 14, 20, 213, 0, 19, 35, 2405 }, // U+00C2
    { 14, 20, 213, 0, 19, 35, 2440 }, // U+00C3
    { 14, 20, 213, 0, 19, 35, 2475 }, // U+00C4
    { 14, 19, 214, 0, 18, 34, 2510 }, // U+00C5
    { 18, 16, 295, 0, 15, 36, 2544 }, // U+00C6
    { 13, 19, 209, 0, 15, 31, 2580 }, // U+00C7
    { 11, 19, 191, 1, 19, 27, 2611 }, // U+00C8
    { 11, 19, 191, 1, 19, 27, 2638 }, // U+00C9
    { 11, 19, 191, 1, 19, 27, 2665 }, // U+00CA
    { 11, 19, 191, 1, 19, 27, 2692 }, // U+00CB
    { 6, 19, 92, -1, 19, 15, 2719 }, // U+00CC
    { 6, 19, 92, 1, 19, 15, 2734 }, // U+00CD
    { 7, 19, 92, -1, 19, 17, 2749 }, // U+00CE
    { 8, 19, 92, -1, 19, 19, 2766 }, // U+00CF
    { 16, 15, 238, -1, 15, 30, 2785 }, // U+00D0
    { 13, 19, 245, 1, 19, 31, 2815 }, // U+00D1
    { 15, 20, 253, 0, 19, 38, 2846 }, // U+00D2
    { 15, 20, 253, 0, 19, 38, 2884 }, // U+00D3
    { 15, 20, 253, 0, 19, 38, 2922 }, // U+00D4
    { 15, 20, 253, 0, 19, 38, 2960 }, // U+00D5
    { 15, 20, 253, 0, 19, 38, 2998 }, // U+00D6
    { 9, 9, 167, 1, 11, 11, 3036 }, // U+00D7
    { 15, 17, 246, 0, 16, 32, 3047 }, // U+00D8
    { 13, 20, 235, 1, 19, 33, 3079 }, // U+00D9
    { 13, 20, 235, 1, 19, 33, 3112 }, // U+00DA
    { 13, 20, 235, 1, 19, 33, 3145 }, // U+00DB
    { 13, 20, 235, 1, 19, 33, 3178 }, // U+00DC
    { 13, 19, 199, 0, 19, 31, 3211 }, // U+00DD
    { 11, 16, 201, 1, 16, 22, 3242 }, // U+00DE
    { 14, 17, 222, 0, 16, 30, 3264 }, // U+00DF
    { 12, 17, 209, 0, 16, 26, 3294 }, // U+00E0
    { 12, 17, 209, 0, 16, 26, 3320 }, // U+00E1
    { 12, 17, 209, 0, 16, 26, 3346 }, // U+00E2
    { 12, 17, 209, 0, 16, 26, 3372 }, // U+00E3
    { 12, 16, 209, 0, 15, 24, 3398 }, // U+00E4
    { 12, 18, 209, 0, 17, 27, 3422 }, // U+00E5
    { 19, 13, 309, 0, 12, 31, 3449 }, // U+00E6
    { 11, 16, 173, 0, 12, 22, 3480 }, // U+00E7
    { 12, 17, 197, 0, 16, 26, 3502 }, // U+00E8
    { 12, 17, 197, 0, 16, 26, 3528 }, // U+00E9
    { 12, 17, 197, 0, 16, 26, 3554 }, // U+00EA
    { 12, 16, 197, 0, 15, 24, 3580 }, // U+00EB
    { 5, 16, 79, -1, 16, 10, 3604 }, // U+00EC
    { 5, 16, 79, 1, 16, 10, 3614 }, // U+00ED
    { 7, 16, 79, -1, 16, 14, 3624 }, // U+00EE
    { 7, 15, 79, -1, 15, 14, 3638 }, // U+00EF
    { 12, 17, 195, 0, 16, 26, 3652 }, // U+00F0
    { 11, 16, 199, 1, 16, 22, 3678 }, // U+00F1
    { 13, 17, 208, 0, 16, 28, 3700 }, // U+00F2
    { 13, 17, 208, 0, 16, 28, 3728 }, // U+00F3
    { 13, 17, 208, 0, 16, 28, 3756 }, // U+00F4
    { 13, 17, 208, 0, 16, 28, 3784 }, // U+00F5
    { 13, 16, 208, 0, 15, 26, 3812 }, // U+00F6
    { 11, 12, 206, 1, 13, 17, 3838 }, // U+00F7
    { 13, 13, 208, 0, 12, 22, 3855 }, // U+00F8
    { 10, 17, 196, 1, 16, 22, 3877 }, // U+00F9
    { 10, 17, 196, 1, 16, 22, 3899 }, // U+00FA
    { 10, 17, 196, 1, 16, 22, 3921 }, // U+00FB
    { 10, 16, 196, 1, 15, 20, 3943 }, // U+00FC
    { 10, 21, 196, 1, 16, 27, 3963 }, // U+00FD
    { 12, 21, 209, 1, 16, 32, 3990 }, // U+00FE
    { 10, 20, 196, 1, 15, 25, 4022 }, // U+00FF
    { 14, 19, 213, 0, 18, 34, 4047 }, // U+0100
    { 12, 16, 209, 0, 15, 24, 4081 }, // U+0101
    { 14, 21, 213, 0, 20, 37, 4105 }, // U+0102
    { 12, 16, 209, 0, 15, 24, 4142 }, // U+0103
    { 14, 20, 214, 0, 15, 35, 4166 }, // U+0104
    { 12, 17, 209, 0, 12, 26, 4201 }, // U+0105
    { 13, 20, 209, 0, 19, 33, 4227 }, // U+0106
    { 11, 17, 173, 0, 16, 24, 4260 }, // U+0107
    { 13, 20, 209, 0, 19, 33, 4284 }, // U+0108
    { 11, 17, 173, 0, 16, 24, 4317 }, // U+0109
    { 13, 19, 209, 0, 18, 31, 4341 }, // U+010A
    { 11, 16, 173, 0, 15, 22, 4372 }, // U+010B
    { 13, 20, 209, 0, 19, 33, 4394 }, // U+010C
    { 11, 17, 173, 0, 16, 24, 4427 }, // U+010D
    { 14, 19, 238, 1, 19, 34, 4451 }, // U+010E
    { 17, 17, 236, 0, 16, 37, 4485 }, // U+010F
    { 16, 15, 238, -1, 15, 30, 4522 }, // U+0110
    { 14, 17, 209, 0, 16, 30, 4552 }, // U+0111
    { 11, 18, 191, 1, 18, 25, 4582 }, // U+0112
    { 12, 16, 197, 0, 15, 24, 4607 }, // U+0113
    { 11, 20, 191, 1, 20, 28, 4631 }, // U+0114
    { 12, 16, 197, 0, 15, 24, 4659 }, // U+0115
    { 11, 18, 191, 1, 18, 25, 4683 }, // U+0116
    { 12, 16, 197, 0, 15, 24, 4708 }, // U+0117
    { 11, 20, 191, 1, 15, 28, 4732 }, // U+0118
    { 12, 17, 197, 0, 12, 26, 4760 }, // U+0119
    { 11, 19, 191, 1, 19, 27, 4786 }, // U+011A
    { 12, 17, 197, 0, 16, 26, 4813 }, // U+011B
    { 14, 20, 232, 0, 19, 35, 4839 }, // U+011C
    { 12, 21, 213, 0, 16, 32, 4874 }, // U+011D
    { 14, 21, 232, 0, 20, 37, 4906 }, // U+011E
    { 12, 20, 213, 0, 15, 30, 4943 }, // U+011F
    { 14, 19, 232, 0, 18, 34, 4973 }, // U+0120
    { 12, 20, 213, 0, 15, 30, 5007 }, // U+0121
    { 14, 20, 232, 0, 15, 35, 5037 }, // U+0122
    { 12, 23, 213, 0, 18, 35, 5072 }, // U+0123
    { 13, 19, 240, 1, 19, 31, 5107 }, // U+0124
    { 12, 20, 195, -1, 20, 30, 5138 }, // U+0125
    { 16, 15, 268, 0, 15, 30, 5168 }, // U+0126
    { 12, 16, 195, -1, 16, 24, 5198 }, // U+0127
    { 9, 19, 92, -2, 19, 22, 5222 }, // U+0128
    { 9, 16, 79, -2, 16, 18, 5244 }, // U+0129
    { 8, 18, 92, -1, 18, 18, 5262 }, // U+012A
    { 9, 15, 79, -2, 15, 17, 5280 }, // U+012B
    { 8, 20, 92, -1, 20, 20, 5297 }, // U+012C
    { 8, 15, 79, -2, 15, 15, 5317 }, // U+012D
    { 6, 20, 93, -1, 15, 15, 5332 }, // U+012E
    { 6, 20, 79, -1, 15, 15, 5347 }, // U+012F
    { 4, 18, 92, 1, 18, 9, 5362 }, // U+0130
    { 3, 12, 79, 1, 12, 5, 5371 }, // U+0131
    { 10, 16, 196, 1, 15, 20, 5376 }, // U+0132
    { 8, 20, 160, 1, 15, 20, 5396 }, // U+0133
    { 12, 20, 184, 0, 19, 30, 5416 }, // U+0134
    { 7, 21, 92, -1, 16, 19, 5446 }, // U+0135
    { 13, 20, 218, 1, 15, 33, 5465 }, // U+0136
    { 11, 22, 190, 1, 16, 31, 5498 }, // U+0137
    { 11, 12, 190, 1, 12, 17, 5529 }, // U+0138
    { 10, 19, 187, 1, 19, 24, 5546 }, // U+0139
    { 6, 20, 90, 1, 20, 15, 5570 }, // U+013A
    { 10, 20, 187, 1, 15, 25, 5585 }, // U+013B
    { 5, 22, 90, 0, 16, 14, 5610 }, // U+013C
    { 10, 16, 187, 1, 16, 20, 5624 }, // U+013D
    { 8, 16, 112, 1, 16, 16, 5644 }, // U+013E
    { 10, 15, 181, 1, 15, 19, 5660 }, // U+013F
    { 8, 16, 132, 1, 16, 16, 5679 }, // U+0140
    { 13, 15, 211, 0, 15, 25, 5695 }, // U+0141
    { 8, 16, 90, -1, 16, 16, 5720 }, // U+0142
    { 13, 19, 245, 1, 19, 31, 5736 }, // U+0143
    { 11, 16, 199, 1, 16, 22, 5767 }, // U+0144
    { 13, 20, 245, 1, 15, 33, 5789 }, // U+0145
    { 11, 18, 199, 1, 12, 25, 5822 }, // U+0146
    { 13, 19, 245, 1, 19, 31, 5847 }, // U+0147
    { 11, 16, 199, 1, 16, 22, 5878 }, // U+0148
    { 13, 15, 208, -1, 15, 25, 5900 }, // U+0149
    { 14, 20, 252, 1, 15, 35, 5925 }, // U+014A
    { 11, 17, 199, 1, 12, 24, 5960 }, // U+014B
    { 15, 19, 253, 0, 18, 36, 5984 }, // U+014C
    { 13, 16, 208, 0, 15, 26, 6020 }, // U+014D
    { 15, 21, 253, 0, 20, 40, 6046 }, // U+014E
    { 13, 16, 208, 0, 15, 26, 6086 }, // U+014F
    { 15, 21, 253, 0, 20, 40, 6112 }, // U+0150
    { 13, 17, 208, 0, 16, 28, 6152 }, // U+0151
    { 20, 15, 322, 0, 15, 38, 6180 }, // U+0152
    { 21, 13, 338, 0, 12, 35, 6218 }, // U+0153
    { 13, 20, 229, 1, 19, 33, 6253 }, // U+0154
    { 8, 16, 145, 1, 16, 16, 6286 }, // U+0155
    { 13, 20, 229, 1, 15, 33, 6302 }, // U+0156
    { 9, 18, 145, 0, 12, 21, 6335 }, // U+0157
    { 13, 20, 229, 1, 19, 33, 6356 }, // U+0158
    { 8, 16, 145, 1, 16, 16, 6389 }, // U+0159
    { 12, 20, 199, 0, 19, 30, 6405 }, // U+015A
    { 10, 17, 161, 0, 16, 22, 6435 }, // U+015B
    { 12, 20, 199, 0, 19, 30, 6457 }, // U+015C
    { 10, 17, 161, 0, 16, 22, 6487 }, // U+015D
    { 12, 19, 199, 0, 15, 29, 6509 }, // U+015E
    { 10, 16, 161, 0, 12, 20, 6538 }, // U+015F
    { 12, 20, 199, 0, 19, 30, 6558 }, // U+0160
    { 10, 17, 161, 0, 16, 22, 6588 }, // U+0161
    { 13, 19, 209, 0, 15, 31, 6610 }, // U+0162
    { 8, 18, 136, 0, 14, 18, 6641 }, // U+0163
    { 13, 19, 209, 0, 19, 31, 6659 }, // U+0164
    { 10, 18, 136, 0, 18, 23, 6690 }, // U+0165
    { 13, 15, 209, 0, 15, 25, 6713 }, // U+0166
    { 8, 14, 136, 0, 14, 14, 6738 }, // U+0167
    { 13, 20, 235, 1, 19, 33, 6752 }, // U+0168
    { 10, 17, 196, 1, 16, 22, 6785 }, // U+0169
    { 13, 19, 235, 1, 18, 31, 6807 }, // U+016A
    { 10, 16, 196, 1, 15, 20, 6838 }, // U+016B
    { 13, 21, 235, 1, 20, 35, 6858 }, // U+016C
    { 10, 16, 196, 1, 15, 20, 6893 }, // U+016D
    { 13, 22, 235, 1, 21, 36, 6913 }, // U+016E
    { 10, 18, 196, 1, 17, 23, 6949 }, // U+016F
    { 13, 21, 235, 1, 20, 35, 6972 }, // U+0170
    { 10, 17, 196, 1, 16, 22, 7007 }, // U+0171
    { 13, 20, 235, 1, 15, 33, 7029 }, // U+0172
    { 10, 17, 196, 1, 12, 22, 7062 }, // U+0173
    { 20, 19, 314, 0, 19, 48, 7084 }, // U+0174
    { 16, 17, 256, 0, 16, 34, 7132 }, // U+0175
    { 13, 19, 199, 0, 19, 31, 7166 }, // U+0176
    { 10, 21, 196, 1, 16, 27, 7197 }, // U+0177
    { 13, 19, 199, 0, 19, 31, 7224 }, // U+0178
    { 13, 19, 216, 0, 19, 31, 7255 }, // U+0179
    { 10, 16, 161, 0, 16, 20, 7286 }, // U+017A
    { 13, 18, 216, 0, 18, 30, 7306 }, // U+017B
    { 10, 15, 161, 0, 15, 19, 7336 }, // U+017C
    { 13, 19, 216, 0, 19, 31, 7355 }, // U+017D
    { 10, 16, 161, 0, 16, 20, 7386 }, // U+017E
    { 15, 18, 253, 0, 17, 34, 7406 }, // U+01A0
    { 13, 15, 208, 0, 14, 25, 7440 }, // U+01A1
    { 15, 18, 235, 1, 17, 34, 7465 }, // U+01AF
    { 13, 15, 196, 1, 14, 25, 7499 }, // U+01B0
    { 27, 19, 454, 1, 19, 65, 7524 }, // U+01C4
    { 24, 16, 400, 1, 16, 48, 7589 }, // U+01C5
    { 23, 17, 371, 0, 16, 49, 7637 }, // U+01C6
    { 21, 16, 371, 1, 15, 42, 7686 }, // U+01C7
    { 15, 20, 279, 1, 15, 38, 7728 }, // U+01C8
    { 9, 21, 177, 1, 16, 24, 7766 }, // U+01C9
    { 25, 16, 429, 1, 15, 50, 7790 }, // U+01CA
    { 19, 20, 337, 1, 15, 48, 7840 }, // U+01CB
    { 16, 20, 290, 1, 15, 40, 7888 }, // U+01CC
    { 14, 20, 213, 0, 19, 35, 7928 }, // U+01CD
    { 12, 17, 209, 0, 16, 26, 7963 }, // U+01CE
    { 7, 19, 92, -1, 19, 17, 7989 }, // U+01CF
    { 7, 16, 79, -1, 16, 14, 8006 }, // U+01D0
    { 15, 20, 253, 0, 19, 38, 8020 }, // U+01D1
    { 13, 17, 208, 0, 16, 28, 8058 }, // U+01D2
    { 13, 20, 235, 1, 19, 33, 8086 }, // U+01D3
    { 10, 17, 196, 1, 16, 22, 8119 }, // U+01D4
    { 14, 20, 232, 0, 19, 35, 8141 }, // U+01E6
    { 12, 21, 213, 0, 16, 32, 8176 }, // U+01E7
    { 15, 20, 253, 0, 15, 38, 8208 }, // U+01EA
    { 13, 17, 205, 0, 12, 28, 8246 }, // U+01EB
    { 24, 15, 399, 1, 15, 45, 8274 }, // U+01F2
    { 14, 23, 214, 0, 22, 41, 8319 }, // U+01FA
    { 12, 22, 208, 0, 21, 33, 8360 }, // U+01FB
    { 18, 20, 295, 0, 19, 45, 8393 }, // U+01FC
    { 19, 17, 309, 0, 16, 41, 8438 }, // U+01FD
    { 15, 20, 246, 0, 19, 38, 8479 }, // U+01FE
    { 13, 17, 208, 0, 16, 28, 8517 }, // U+01FF
    { 14, 21, 213, 0, 20, 37, 8545 }, // U+0200
    { 12, 17, 209, 0, 16, 26, 8582 }, // U+0201
    { 14, 21, 213, 0, 20, 37, 8608 }, // U+0202
    { 12, 17, 209, 0, 16, 26, 8645 }, // U+0203
    { 12, 20, 191, 0, 20, 30, 8671 }, // U+0204
    { 12, 17, 197, 0, 16, 26, 8701 }, // U+0205
    { 11, 20, 191, 1, 20, 28, 8727 }, // U+0206
    { 12, 17, 197, 0, 16, 26, 8755 }, // U+0207
    { 9, 20, 92, -3, 20, 23, 8781 }, // U+0208
    { 9, 16, 79, -3, 16, 18, 8804 }, // U+0209
    { 8, 20, 92, -1, 20, 20, 8822 }, // U+020A
    { 8, 16, 79, -2, 16, 16, 8842 }, // U+020B
    { 15, 21, 253, 0, 20, 40, 8858 }, // U+020C
    { 13, 17, 208, 0, 16, 28, 8898 }, // U+020D
    { 15, 21, 253, 0, 20, 40, 8926 }, // U+020E
    { 13, 17, 208, 0, 16, 28, 8966 }, // U+020F
    { 13, 21, 229, 1, 20, 35, 8994 }, // U+0210
    { 10, 16, 145, -1, 16, 20, 9029 }, // U+0211
    { 13, 21, 229, 1, 20, 35, 9049 }, // U+0212
    { 8, 16, 145, 1, 16, 16, 9084 }, // U+0213
    { 13, 21, 235, 1, 20, 35, 9100 }, // U+0214
    { 10, 17, 196, 1, 16, 22, 9135 }, // U+0215
    { 13, 21, 235, 1, 20, 35, 9157 }, // U+0216
    { 10, 17, 196, 1, 16, 22, 9192 }, // U+0217
    { 12, 20, 199, 0, 15, 30, 9214 }, // U+0218
    { 10, 18, 161, 0, 12, 23, 9244 }, // U+0219
    { 13, 20, 209, 0, 15, 33, 9267 }, // U+021A
    { 8, 20, 136, 0, 14, 20, 9300 }, // U+021B
    { 5, 5, 0, 0, 16, 4, 9320 }, // U+0300
    { 4, 5, 0, 1, 17, 3, 9324 }, // U+0301
    { 6, 4, 0, 1, 16, 3, 9327 }, // U+0302
    { 9, 4, 0, 0, 16, 5, 9330 }, // U+0303
    { 8, 3, 0, 1, 15, 3, 9335 }, // U+0304
    { 8, 4, 0, 0, 15, 4, 9338 }, // U+0306
    { 3, 3, 0, 1, 15, 2, 9342 }, // U+0307
    { 7, 3, 0, 1, 15, 3, 9344 }, // U+0308
    { 5, 6, 0, 0, 17, 4, 9347 }, // U+0309
    { 5, 6, 0, 1, 17, 4, 9351 }, // U+030A
    { 8, 4, 0, 1, 16, 4, 9355 }, // U+030B
    { 6, 4, 0, 1, 16, 3, 9359 }, // U+030C
    { 9, 4, 0, 0, 16, 5, 9362 }, // U+030F
    { 8, 4, 0, 0, 16, 4, 9367 }, // U+0311
    { 5, 6, 0, 5, 18, 4, 9371 }, // U+0312
    { 5, 5, 0, 1, 13, 4, 9375 }, // U+031B
    { 3, 4, 0, 1, 0, 2, 9379 }, // U+0323
    { 7, 4, 0, 1, 0, 4, 9381 }, // U+0324
    { 5, 6, 0, 0, 0, 4, 9385 }, // U+0326
    { 4, 5, 0, 1, 1, 3, 9389 }, // U+0327
    { 6, 7, 0, 0, 2, 6, 9392 }, // U+0328
    { 6, 4, 0, 1, -1, 3, 9398 }, // U+032D
    { 8, 4, 0, 0, 0, 4, 9401 }, // U+032E
    { 8, 3, 0, 1, -1, 3, 9405 }, // U+0331
    { 7, 3, 0, 1, 8, 3, 9408 }, // U+0335
    { 14, 19, 213, 0, 15, 34, 9411 }, // U+1EA0
    { 12, 16, 209, 0, 12, 24, 9445 }, // U+1EA1
    { 14, 22, 213, 0, 21, 39, 9469 }, // U+1EA2
    { 12, 18, 209, 0, 17, 27, 9508 }, // U+1EA3
    { 14, 22, 213, 0, 21, 39, 9535 }, // U+1EA4
    { 13, 20, 209, 0, 19, 33, 9574 }, // U+1EA5
    { 14, 23, 213, 0, 22, 41, 9607 }, // U+1EA6
    { 12, 20, 209, 0, 19, 30, 9648 }, // U+1EA7
    { 14, 23, 213, 0, 22, 41, 9678 }, // U+1EA8
    { 12, 20, 209, 0, 19, 30, 9719 }, // U+1EA9
    { 14, 23, 213, 0, 22, 41, 9749 }, // U+1EAA
    { 12, 20, 209, 0, 19, 30, 9790 }, // U+1EAB
    { 14, 23, 213, 0, 19, 41, 9820 }, // U+1EAC
    { 12, 20, 209, 0, 16, 30, 9861 }, // U+1EAD
    { 14, 24, 213, 0, 23, 42, 9891 }, // U+1EAE
    { 12, 20, 209, 0, 19, 30, 9933 }, // U+1EAF
    { 14, 24, 213, 0, 23, 42, 9963 }, // U+1EB0
    { 12, 20, 209, 0, 19, 30, 10005 }, // U+1EB1
    { 14, 26, 213, 0, 25, 46, 10035 }, // U+1EB2
    { 12, 21, 209, 0, 20, 32, 10081 }, // U+1EB3
    { 14, 24, 213, 0, 23, 42, 10113 }, // U+1EB4
    { 12, 20, 209, 0, 19, 30, 10155 }, // U+1EB5
    { 14, 24, 213, 0, 20, 42, 10185 }, // U+1EB6
    { 12, 19, 209, 0, 15, 29, 10227 }, // U+1EB7
    { 11, 19, 191, 1, 15, 27, 10256 }, // U+1EB8
    { 12, 16, 197, 0, 12, 24, 10283 }, // U+1EB9
    { 11, 21, 191, 1, 21, 29, 10307 }, // U+1EBA
    { 12, 18, 197, 0, 17, 27, 10336 }, // U+1EBB
    { 11, 19, 191, 1, 19, 27, 10363 }, // U+1EBC
    { 12, 17, 197, 0, 16, 26, 10390 }, // U+1EBD
    { 13, 21, 191, 1, 21, 35, 10416 }, // U+1EBE
    { 12, 20, 197, 0, 19, 30, 10451 }, // U+1EBF
    { 11, 22, 191, 1, 22, 31, 10481 }, // U+1EC0
    { 12, 20, 197, 0, 19, 30, 10512 }, // U+1EC1
    { 11, 26, 191, 1, 26, 36, 10542 }, // U+1EC2
    { 12, 20, 197, 0, 19, 30, 10578 }, // U+1EC3
    { 11, 22, 191, 1, 22, 31, 10608 }, // U+1EC4
    { 12, 20, 197, 0, 19, 30, 10639 }, // U+1EC5
    { 11, 23, 191, 1, 19, 32, 10669 }, // U+1EC6
    { 12, 20, 197, 0, 16, 30, 10701 }, // U+1EC7
    { 5, 21, 92, 0, 21, 14, 10731 }, // U+1EC8
    { 5, 17, 79, 0, 17, 11, 10745 }, // U+1EC9
    { 4, 19, 92, 1, 15, 10, 10756 }, // U+1ECA
    { 3, 19, 79, 1, 15, 8, 10766 }, // U+1ECB
    { 15, 19, 253, 0, 15, 36, 10774 }, // U+1ECC
    { 13, 16, 208, 0, 12, 26, 10810 }, // U+1ECD
    { 15, 22, 253, 0, 21, 42, 10836 }, // U+1ECE
    { 13, 18, 208, 0, 17, 30, 10878 }, // U+1ECF
    { 15, 22, 253, 0, 21, 42, 10908 }, // U+1ED0
    { 13, 20, 208, 0, 19, 33, 10950 }, // U+1ED1
    { 15, 23, 253, 0, 22, 44, 10983 }, // U+1ED2
    { 13, 20, 208, 0, 19, 33, 11027 }, // U+1ED3
    { 15, 23, 253, 0, 22, 44, 11060 }, // U+1ED4
    { 13, 20, 208, 0, 19, 33, 11104 }, // U+1ED5
    { 15, 23, 253, 0, 22, 44, 11137 }, // U+1ED6
    { 13, 20, 208, 0, 19, 33, 11181 }, // U+1ED7
    { 15, 23, 253, 0, 19, 44, 11214 }, // U+1ED8
    { 13, 20, 208, 0, 16, 33, 11258 }, // U+1ED9
    { 15, 20, 253, 0, 19, 38, 11291 }, // U+1EDA
    { 13, 17, 208, 0, 16, 28, 11329 }, // U+1EDB
    { 15, 20, 253, 0, 19, 38, 11357 }, // U+1EDC
    { 13, 17, 208, 0, 16, 28, 11395 }, // U+1EDD
    { 15, 22, 253, 0, 21, 42, 11423 }, // U+1EDE
    { 13, 18, 208, 0, 17, 30, 11465 }, // U+1EDF
    { 15, 20, 253, 0, 19, 38, 11495 }, // U+1EE0
    { 13, 17, 208, 0, 16, 28, 11533 }, // U+1EE1
    { 15, 21, 253, 0, 17, 40, 11561 }, // U+1EE2
    { 13, 18, 208, 0, 14, 30, 11601 }, // U+1EE3
    { 13, 19, 235, 1, 15, 31, 11631 }, // U+1EE4
    { 10, 16, 196, 1, 12, 20, 11662 }, // U+1EE5
    { 13, 22, 235, 1, 21, 36, 11682 }, // U+1EE6
    { 10, 18, 196, 1, 17, 23, 11718 }, // U+1EE7
    { 15, 20, 235, 1, 19, 38, 11741 }, // U+1EE8
    { 13, 17, 196, 1, 16, 28, 11779 }, // U+1EE9
    { 15, 20, 235, 1, 19, 38, 11807 }, // U+1EEA
    { 13, 17, 196, 1, 16, 28, 11845 }, // U+1EEB
    { 15, 22, 235, 1, 21, 42, 11873 }, // U+1EEC
    { 13, 18, 196, 1, 17, 30, 11915 }, // U+1EED
    { 15, 20, 235, 1, 19, 38, 11945 }, // U+1EEE
    { 13, 17, 196, 1, 16, 28, 11983 }, // U+1EEF
    { 15, 21, 235, 1, 17, 40, 12011 }, // U+1EF0
    { 13, 18, 196, 1, 14, 30, 12051 }, // U+1EF1
    { 13, 19, 199, 0, 19, 31, 12081 }, // U+1EF2
    { 10, 21, 196, 1, 16, 27, 12112 }, // U+1EF3
    { 13, 19, 199, 0, 15, 31, 12139 }, // U+1EF4
    { 13, 17, 196, 1, 12, 28, 12170 }, // U+1EF5
    { 13, 21, 199, 0, 21, 35, 12198 }, // U+1EF6
    { 10, 22, 196, 1, 17, 28, 12233 }, // U+1EF7
    { 13, 19, 199, 0, 19, 31, 12261 }, // U+1EF8
    { 10, 21, 196, 1, 16, 27, 12292 }, // U+1EF9
    { 0, 0, 183, 0, 0, 0, 12319 }, // U+2007
    { 0, 0, 87, 0, 0, 0, 12319 }, // U+2008
    { 0, 0, 68, 0, 0, 0, 12319 }, // U+2009
    { 0, 0, 34, 0, 0, 0, 12319 }, // U+200A
    { 0, 0, 0, 0, 0, 0, 12319 }, // U+200B
    { 7, 3, 132, 1, 8, 3, 12319 }, // U+2010
    { 9, 3, 172, 1, 8, 4, 12322 }, // U+2012
    { 9, 3, 172, 1, 8, 4, 12326 }, // U+2013
    { 17, 3, 295, 1, 8, 7, 12330 }, // U+2014
    { 17, 3, 295, 1, 8, 7, 12337 }, // U+2015
    { 5, 6, 92, 0, 15, 4, 12344 }, // U+2018
    { 5, 6, 92, 0, 15, 4, 12348 }, // U+2019
    { 5, 6, 92, 0, 3, 4, 12352 }, // U+201A
    { 9, 6, 152, 0, 15, 7, 12356 }, // U+201C
    { 9, 6, 152, 0, 15, 7, 12363 }, // U+201D
    { 9, 6, 145, 0, 3, 7, 12370 }, // U+201E
    { 9, 12, 154, 0, 16, 14, 12377 }, // U+2020
    { 8, 12, 137, 0, 16, 12, 12391 }, // U+2021
    { 7, 7, 116, 0, 11, 7, 12403 }, // U+2022
    { 11, 3, 208, 1, 3, 5, 12410 }, // U+2026
    { 24, 16, 394, 0, 15, 48, 12415 }, // U+2030
    { 9, 7, 143, 0, 15, 8, 12463 }, // U+2033
    { 5, 9, 92, 0, 10, 6, 12471 }, // U+2039
    { 5, 9, 92, 0, 10, 6, 12477 }, // U+203A
    { 11, 16, 180, 0, 15, 22, 12483 }, // U+2044
    { 8, 9, 129, 0, 16, 9, 12505 }, // U+2070
    { 8, 8, 146, 0, 16, 8, 12514 }, // U+2074
    { 6, 9, 126, 1, 16, 7, 12522 }, // U+2075
    { 7, 9, 117, 0, 16, 8, 12529 }, // U+2076
    { 7, 9, 116, 0, 16, 8, 12537 }, // U+2077
    { 6, 9, 129, 1, 16, 7, 12545 }, // U+2078
    { 7, 9, 117, 0, 16, 8, 12552 }, // U+2079
    { 8, 9, 129, 0, 4, 9, 12560 }, // U+2080
    { 5, 8, 107, 0, 4, 5, 12569 }, // U+2081
    { 6, 8, 121, 1, 4, 6, 12574 }, // U+2082
    { 6, 9, 118, 1, 4, 7, 12580 }, // U+2083
    { 8, 8, 146, 0, 4, 8, 12587 }, // U+2084
    { 6, 9, 126, 1, 4, 7, 12595 }, // U+2085
    { 7, 9, 117, 0, 4, 8, 12602 }, // U+2086
    { 7, 9, 116, 0, 4, 8, 12610 }, // U+2087
    { 6, 9, 129, 1, 4, 7, 12618 }, // U+2088
    { 7, 9, 117, 0, 4, 8, 12625 }, // U+2089
    { 15, 20, 209, 0, 17, 38, 12633 }, // U+20A1
    { 12, 15, 187, -1, 15, 23, 12671 }, // U+20A3
    { 13, 16, 208, 0, 15, 26, 12694 }, // U+20A4
    { 17, 15, 245, -1, 15, 32, 12720 }, // U+20A6
    { 15, 15, 201, -1, 15, 29, 12752 }, // U+20A7
    { 20, 15, 314, 0, 15, 38, 12781 }, // U+20A9
    { 10, 15, 168, 0, 15, 19, 12819 }, // U+20AB
    { 14, 16, 209, -1, 15, 28, 12838 }, // U+20AC
    { 15, 15, 218, -1, 15, 29, 12866 }, // U+20AD
    { 15, 15, 201, -1, 15, 29, 12895 }, // U+20B1
    { 14, 20, 232, 0, 17, 35, 12924 }, // U+20B2
    { 13, 20, 209, 0, 17, 33, 12959 }, // U+20B5
    { 11, 16, 184, 0, 15, 22, 12992 }, // U+20B9
    { 12, 16, 211, 0, 15, 24, 13014 }, // U+20BA
    { 13, 18, 235, 1, 17, 30, 13038 }, // U+20BC
    { 12, 15, 201, 0, 15, 23, 13068 }, // U+20BD
    { 12, 17, 203, 0, 16, 26, 13091 }, // U+2202
    { 13, 13, 212, 0, 12, 22, 13117 }, // U+2205
    { 15, 15, 241, 0, 15, 29, 13139 }, // U+2206
    { 15, 20, 245, 0, 15, 38, 13168 }, // U+220F
    { 11, 14, 175, 0, 14, 20, 13206 }, // U+2211
    { 11, 4, 206, 1, 9, 6, 13226 }, // U+2212
    { 12, 20, 189, 0, 17, 30, 13232 }, // U+2215
    { 4, 5, 89, 1, 9, 3, 13262 }, // U+2219
    { 13, 15, 234, 1, 15, 25, 13265 }, // U+221A
    { 17, 10, 287, 0, 10, 22, 13290 }, // U+221E
    { 13, 20, 194, 0, 16, 33, 13312 }, // U+222B
    { 11, 10, 193, 1, 12, 14, 13345 }, // U+2248
    { 11, 12, 206, 1, 13, 17, 13359 }, // U+2260
    { 12, 12, 216, 1, 13, 18, 13376 }, // U+2264
    { 12, 12, 216, 1, 13, 18, 13394 }, // U+2265
    { 13, 16, 224, 0, 16, 26, 13412 }, // U+FB01
    { 14, 16, 236, 0, 16, 28, 13438 }, // U+FB02
};

static const EpdUnicodeInterval quicksand_10_boldIntervals[] = {
    { 0xD, 0xD, 0x0 },
    { 0x20, 0x7E, 0x1 },
    { 0xA0, 0xFF, 0x60 },
    { 0x100, 0x17E, 0xC0 },
    { 0x1A0, 0x1A1, 0x13F },
    { 0x1AF, 0x1B0, 0x141 },
    { 0x1C4, 0x1D4, 0x143 },
    { 0x1E6, 0x1E7, 0x154 },
    { 0x1EA, 0x1EB, 0x156 },
    { 0x1F2, 0x1F2, 0x158 },
    { 0x1FA, 0x21B, 0x159 },
    { 0x300, 0x304, 0x17B },
    { 0x306, 0x30C, 0x180 },
    { 0x30F, 0x30F, 0x187 },
    { 0x311, 0x312, 0x188 },
    { 0x31B, 0x31B, 0x18A },
    { 0x323, 0x324, 0x18B },
    { 0x326, 0x328, 0x18D },
    { 0x32D, 0x32E, 0x190 },
    { 0x331, 0x331, 0x192 },
    { 0x335, 0x335, 0x193 },
    { 0x1EA0, 0x1EF9, 0x194 },
    { 0x2007, 0x200B, 0x1EE },
    { 0x2010, 0x2010, 0x1F3 },
    { 0x2012, 0x2015, 0x1F4 },
    { 0x2018, 0x201A, 0x1F8 },
    { 0x201C, 0x201E, 0x1FB },
    { 0x2020, 0x2022, 0x1FE },
    { 0x2026, 0x2026, 0x201 },
    { 0x2030, 0x2030, 0x202 },
    { 0x2033, 0x2033, 0x203 },
    { 0x2039, 0x203A, 0x204 },
    { 0x2044, 0x2044, 0x206 },
    { 0x2070, 0x2070, 0x207 },
    { 0x2074, 0x2079, 0x208 },
    { 0x2080, 0x2089, 0x20E },
    { 0x20A1, 0x20A1, 0x218 },
    { 0x20A3, 0x20A4, 0x219 },
    { 0x20A6, 0x20A7, 0x21B },
    { 0x20A9, 0x20A9, 0x21D },
    { 0x20AB, 0x20AD, 0x21E },
    { 0x20B1, 0x20B2, 0x221 },
    { 0x20B5, 0x20B5, 0x223 },
    { 0x20B9, 0x20BA, 0x224 },
    { 0x20BC, 0x20BD, 0x226 },
    { 0x2202, 0x2202, 0x228 },
    { 0x2205, 0x2206, 0x229 },
    { 0x220F, 0x220F, 0x22B },
    { 0x2211, 0x2212, 0x22C },
    { 0x2215, 0x2215, 0x22E },
    { 0x2219, 0x221A, 0x22F },
    { 0x221E, 0x221E, 0x231 },
    { 0x222B, 0x222B, 0x232 },
    { 0x2248, 0x2248, 0x233 },
    { 0x2260, 0x2260, 0x234 },
    { 0x2264, 0x2265, 0x235 },
    { 0xFB01, 0xFB02, 0x237 },
};

static const EpdKernClassEntry quicksand_10_boldKernLeftClasses[] = {
    { 0x0026, 1 }, // &
    { 0x0028, 2 }, // (
    { 0x002A, 3 }, // *
    { 0x002B, 4 }, // +
    { 0x002C, 5 }, // ,
    { 0x002D, 4 }, // -
    { 0x002E, 6 }, // .
    { 0x002F, 7 }, // /
    { 0x0030, 8 }, // 0
    { 0x0034, 9 }, // 4
    { 0x0035, 10 }, // 5
    { 0x0036, 11 }, // 6
    { 0x0037, 12 }, // 7
    { 0x0039, 13 }, // 9
    { 0x003E, 14 }, // >
    { 0x003F, 15 }, // ?
    { 0x0041, 16 }, // A
    { 0x0042, 17 }, // B
    { 0x0044, 8 }, // D
    { 0x0045, 18 }, // E
    { 0x0046, 19 }, // F
    { 0x0047, 20 }, // G
    { 0x004A, 21 }, // J
    { 0x004B, 22 }, // K
    { 0x004C, 23 }, // L
    { 0x004F, 8 }, // O
    { 0x0050, 24 }, // P
    { 0x0051, 8 }, // Q
    { 0x0052, 25 }, // R
    { 0x0053, 26 }, // S
    { 0x0054, 27 }, // T
    { 0x0055, 28 }, // U
    { 0x0056, 29 }, // V
    { 0x0057, 30 }, // W
    { 0x0058, 31 }, // X
    { 0x0059, 32 }, // Y
    { 0x005A, 33 }, // Z
    { 0x005C, 34 }, // <backslash>
    { 0x005F, 35 }, // _
    { 0x0061, 36 }, // a
    { 0x0062, 37 }, // b
    { 0x0063, 38 }, // c
    { 0x0064, 39 }, // d
    { 0x0065, 40 }, // e
    { 0x0066, 41 }, // f
    { 0x0067, 42 }, // g
    { 0x0068, 43 }, // h
    { 0x0069, 44 }, // i
    { 0x006A, 45 }, // j
    { 0x006B, 46 }, // k
    { 0x006C, 47 }, // l
    { 0x006D, 43 }, // m
    { 0x006E, 43 }, // n
    { 0x006F, 37 }, // o
    { 0x0070, 37 }, // p
    { 0x0071, 48 }, // q
    { 0x0072, 49 }, // r
    { 0x0073, 50 }, // s
    { 0x0074, 51 }, // t
    { 0x0075, 52 }, // u
    { 0x0076, 53 }, // v
    { 0x0077, 54 }, // w
    { 0x0078, 55 }, // x
    { 0x0079, 56 }, // y
    { 0x007A, 57 }, // z
    { 0x007E, 4 }, // ~
    { 0x00B7, 58 }, // U+00B7
    { 0x00BF, 59 }, // U+00BF
    { 0x00D9, 28 }, // U+00D9
    { 0x00DA, 28 }, // U+00DA
    { 0x00DB, 28 }, // U+00DB
    { 0x00DC, 28 }, // U+00DC
    { 0x00DD, 32 }, // U+00DD
    { 0x00DE, 60 }, // U+00DE
    { 0x00DF, 61 }, // U+00DF
    { 0x00E0, 36 }, // U+00E0
    { 0x00E1, 36 }, // U+00E1
    { 0x00E2, 36 }, // U+00E2
    { 0x00E3, 36 }, // U+00E3
    { 0x00E4, 36 }, // U+00E4
    { 0x00E5, 36 }, // U+00E5
    { 0x00E8, 40 }, // U+00E8
    { 0x00E9, 40 }, // U+00E9
    { 0x00EA, 40 }, // U+00EA
    { 0x00EB, 40 }, // U+00EB
    { 0x00F0, 62 }, // U+00F0
    { 0x00F2, 37 }, // U+00F2
    { 0x00F3, 37 }, // U+00F3
    { 0x00F4, 37 }, // U+00F4
    { 0x00F5, 37 }, // U+00F5
    { 0x00F6, 37 }, // U+00F6
    { 0x00F7, 4 }, // U+00F7
    { 0x00F8, 37 }, // U+00F8
    { 0x00F9, 52 }, // U+00F9
    { 0x00FA, 52 }, // U+00FA
    { 0x00FB, 52 }, // U+00FB
    { 0x00FC, 52 }, // U+00FC
    { 0x00FD, 56 }, // U+00FD
    { 0x00FF, 56 }, // U+00FF
    { 0x0101, 36 }, // U+0101
    { 0x0103, 36 }, // U+0103
    { 0x0105, 36 }, // U+0105
    { 0x010F, 63 }, // U+010F
    { 0x0113, 40 }, // U+0113
    { 0x0114, 18 }, // U+0114
    { 0x0115, 40 }, // U+0115
    { 0x0117, 40 }, // U+0117
    { 0x0119, 40 }, // U+0119
    { 0x011B, 40 }, // U+011B
    { 0x013E, 64 }, // U+013E
    { 0x014D, 37 }, // U+014D
    { 0x014F, 37 }, // U+014F
    { 0x0151, 37 }, // U+0151
    { 0x0153, 37 }, // U+0153
    { 0x0165, 65 }, // U+0165
    { 0x0169, 52 }, // U+0169
    { 0x016A, 28 }, // U+016A
    { 0x016B, 52 }, // U+016B
    { 0x016D, 52 }, // U+016D
    { 0x016E, 28 }, // U+016E
    { 0x016F, 52 }, // U+016F
    { 0x0170, 28 }, // U+0170
    { 0x0171, 52 }, // U+0171
    { 0x0172, 28 }, // U+0172
    { 0x0173, 52 }, // U+0173
    { 0x0176, 32 }, // U+0176
    { 0x0177, 56 }, // U+0177
    { 0x0178, 32 }, // U+0178
    { 0x01A1, 37 }, // U+01A1
    { 0x01B0, 52 }, // U+01B0
    { 0x01CD, 16 }, // U+01CD
    { 0x01CE, 36 }, // U+01CE
    { 0x01D2, 37 }, // U+01D2
    { 0x01D4, 52 }, // U+01D4
    { 0x01EB, 37 }, // U+01EB
    { 0x01FB, 36 }, // U+01FB
    { 0x01FF, 37 }, // U+01FF
    { 0x0200, 16 }, // U+0200
    { 0x0201, 36 }, // U+0201
    { 0x0202, 16 }, // U+0202
    { 0x0203, 36 }, // U+0203
    { 0x0204, 18 }, // U+0204
    { 0x0205, 40 }, // U+0205
    { 0x0206, 18 }, // U+0206
    { 0x0207, 40 }, // U+0207
    { 0x020D, 37 }, // U+020D
    { 0x020F, 37 }, // U+020F
    { 0x0215, 52 }, // U+0215
    { 0x0217, 52 }, // U+0217
    { 0x1EA0, 16 }, // U+1EA0
    { 0x1EA1, 36 }, // U+1EA1
    { 0x1EA2, 16 }, // U+1EA2
    { 0x1EA3, 36 }, // U+1EA3
    { 0x1EA4, 16 }, // U+1EA4
    { 0x1EA5, 36 }, // U+1EA5
    { 0x1EA6, 16 }, // U+1EA6
    { 0x1EA7, 36 }, // U+1EA7
    { 0x1EA8, 16 }, // U+1EA8
    { 0x1EA9, 36 }, // U+1EA9
    { 0x1EAA, 16 }, // U+1EAA
    { 0x1EAB, 36 }, // U+1EAB
    { 0x1EAC, 16 }, // U+1EAC
    { 0x1EAD, 36 }, // U+1EAD
    { 0x1EAE, 16 }, // U+1EAE
    { 0x1EAF, 36 }, // U+1EAF
    { 0x1EB0, 16 }, // U+1EB0
    { 0x1EB1, 36 }, // U+1EB1
    { 0x1EB2, 16 }, // U+1EB2
    { 0x1EB3, 36 }, // U+1EB3
    { 0x1EB4, 16 }, // U+1EB4
    { 0x1EB5, 36 }, // U+1EB5
    { 0x1EB6, 16 }, // U+1EB6
    { 0x1EB7, 36 }, // U+1EB7
    { 0x1EB8, 18 }, // U+1EB8
    { 0x1EB9, 40 }, // U+1EB9
    { 0x1EBA, 18 }, // U+1EBA
    { 0x1EBB, 40 }, // U+1EBB
    { 0x1EBC, 18 }, // U+1EBC
    { 0x1EBD, 40 }, // U+1EBD
    { 0x1EBE, 18 }, // U+1EBE
    { 0x1EBF, 40 }, // U+1EBF
    { 0x1EC0, 18 }, // U+1EC0
    { 0x1EC1, 40 }, // U+1EC1
    { 0x1EC2, 18 }, // U+1EC2
    { 0x1EC3, 40 }, // U+1EC3
    { 0x1EC4, 18 }, // U+1EC4
    { 0x1EC5, 40 }, // U+1EC5
    { 0x1EC6, 18 }, // U+1EC6
    { 0x1EC7, 40 }, // U+1EC7
    { 0x1ECD, 37 }, // U+1ECD
    { 0x1ECF, 37 }, // U+1ECF
    { 0x1ED1, 37 }, // U+1ED1
    { 0x1ED3, 37 }, // U+1ED3
    { 0x1ED5, 37 }, // U+1ED5
    { 0x1ED7, 37 }, // U+1ED7
    { 0x1ED9, 37 }, // U+1ED9
    { 0x1EDB, 37 }, // U+1EDB
    { 0x1EDD, 37 }, // U+1EDD
    { 0x1EDF, 37 }, // U+1EDF
    { 0x1EE1, 37 }, // U+1EE1
    { 0x1EE3, 37 }, // U+1EE3
    { 0x1EE5, 52 }, // U+1EE5
    { 0x1EE7, 52 }, // U+1EE7
    { 0x1EE9, 52 }, // U+1EE9
    { 0x1EEB, 52 }, // U+1EEB
    { 0x1EED, 52 }, // U+1EED
    { 0x1EEF, 52 }, // U+1EEF
    { 0x1EF1, 52 }, // U+1EF1
    { 0x1EF2, 32 }, // U+1EF2
    { 0x1EF3, 56 }, // U+1EF3
    { 0x1EF5, 56 }, // U+1EF5
    { 0x2013, 66 }, // U+2013
    { 0x2014, 4 }, // U+2014
    { 0x2018, 67 }, // U+2018
    { 0x2019, 68 }, // U+2019
    { 0x201C, 67 }, // U+201C
    { 0x201D, 68 }, // U+201D
    { 0x2022, 69 }, // U+2022
    { 0x2212, 4 }, // U+2212
    { 0x2248, 4 }, // U+2248
    { 0x2260, 4 }, // U+2260
};

static const EpdKernClassEntry quicksand_10_boldKernRightClasses[] = {
    { 0x0021, 1 }, // !
    { 0x0022, 2 }, // "
    { 0x0029, 3 }, // )
    { 0x002A, 4 }, // *
    { 0x002C, 5 }, // ,
    { 0x002E, 6 }, // .
    { 0x002F, 7 }, // /
    { 0x0031, 8 }, // 1
    { 0x0034, 9 }, // 4
    { 0x0036, 10 }, // 6
    { 0x0037, 11 }, // 7
    { 0x0039, 12 }, // 9
    { 0x0041, 13 }, // A
    { 0x0043, 14 }, // C
    { 0x0047, 14 }, // G
    { 0x004A, 15 }, // J
    { 0x004F, 14 }, // O
    { 0x0051, 14 }, // Q
    { 0x0053, 16 }, // S
    { 0x0054, 17 }, // T
    { 0x0055, 18 }, // U
    { 0x0056, 19 }, // V
    { 0x0057, 20 }, // W
    { 0x0058, 21 }, // X
    { 0x0059, 22 }, // Y
    { 0x005A, 23 }, // Z
    { 0x005C, 24 }, // <backslash>
    { 0x005D, 25 }, // ]
    { 0x005F, 26 }, // _
    { 0x0061, 27 }, // a
    { 0x0062, 28 }, // b
    { 0x0063, 29 }, // c
    { 0x0064, 29 }, // d
    { 0x0065, 29 }, // e
    { 0x0066, 30 }, // f
    { 0x0067, 31 }, // g
    { 0x0068, 28 }, // h
    { 0x006A, 32 }, // j
    { 0x006B, 28 }, // k
    { 0x006C, 28 }, // l
    { 0x006D, 33 }, // m
    { 0x006E, 33 }, // n
    { 0x006F, 29 }, // o
    { 0x0070, 34 }, // p
    { 0x0071, 29 }, // q
    { 0x0072, 33 }, // r
    { 0x0073, 35 }, // s
    { 0x0074, 36 }, // t
    { 0x0075, 37 }, // u
    { 0x0076, 38 }, // v
    { 0x0077, 39 }, // w
    { 0x0078, 40 }, // x
    { 0x0079, 41 }, // y
    { 0x007A, 42 }, // z
    { 0x00A1, 43 }, // U+00A1
    { 0x00B7, 44 }, // U+00B7
    { 0x00BF, 45 }, // U+00BF
    { 0x00D0, 46 }, // U+00D0
    { 0x00D9, 18 }, // U+00D9
    { 0x00DA, 18 }, // U+00DA
    { 0x00DB, 18 }, // U+00DB
    { 0x00DC, 18 }, // U+00DC
    { 0x00DD, 22 }, // U+00DD
    { 0x00DF, 47 }, // U+00DF
    { 0x00E0, 27 }, // U+00E0
    { 0x00E1, 27 }, // U+00E1
    { 0x00E2, 27 }, // U+00E2
    { 0x00E3, 27 }, // U+00E3
    { 0x00E4, 27 }, // U+00E4
    { 0x00E5, 27 }, // U+00E5
    { 0x00E8, 29 }, // U+00E8
    { 0x00E9, 29 }, // U+00E9
    { 0x00EA, 29 }, // U+00EA
    { 0x00EB, 29 }, // U+00EB
    { 0x00F0, 48 }, // U+00F0
    { 0x00F9, 37 }, // U+00F9
    { 0x00FA, 37 }, // U+00FA
    { 0x00FB, 37 }, // U+00FB
    { 0x00FC, 37 }, // U+00FC
    { 0x00FD, 41 }, // U+00FD
    { 0x00FE, 49 }, // U+00FE
    { 0x00FF, 41 }, // U+00FF
    { 0x0101, 27 }, // U+0101
    { 0x0103, 27 }, // U+0103
    { 0x0105, 27 }, // U+0105
    { 0x0113, 29 }, // U+0113
    { 0x0115, 29 }, // U+0115
    { 0x0117, 29 }, // U+0117
    { 0x0119, 29 }, // U+0119
    { 0x011B, 29 }, // U+011B
    { 0x013E, 28 }, // U+013E
    { 0x0169, 37 }, // U+0169
    { 0x016A, 18 }, // U+016A
    { 0x016B, 37 }, // U+016B
    { 0x016D, 37 }, // U+016D
    { 0x016E, 18 }, // U+016E
    { 0x016F, 37 }, // U+016F
    { 0x0170, 18 }, // U+0170
    { 0x0171, 37 }, // U+0171
    { 0x0172, 18 }, // U+0172
    { 0x0173, 37 }, // U+0173
    { 0x0176, 22 }, // U+0176
    { 0x0177, 41 }, // U+0177
    { 0x0178, 22 }, // U+0178
    { 0x01B0, 37 }, // U+01B0
    { 0x01CD, 13 }, // U+01CD
    { 0x01CE, 27 }, // U+01CE
    { 0x01D4, 37 }, // U+01D4
    { 0x01FB, 27 }, // U+01FB
    { 0x0200, 13 }, // U+0200
    { 0x0201, 27 }, // U+0201
    { 0x0202, 13 }, // U+0202
    { 0x0203, 27 }, // U+0203
    { 0x0205, 29 }, // U+0205
    { 0x0207, 29 }, // U+0207
    { 0x0215, 37 }, // U+0215
    { 0x0217, 37 }, // U+0217
    { 0x1EA0, 13 }, // U+1EA0
    { 0x1EA1, 27 }, // U+1EA1
    { 0x1EA2, 13 }, // U+1EA2
    { 0x1EA3, 27 }, // U+1EA3
    { 0x1EA4, 13 }, // U+1EA4
    { 0x1EA5, 27 }, // U+1EA5
    { 0x1EA6, 13 }, // U+1EA6
    { 0x1EA7, 27 }, // U+1EA7
    { 0x1EA8, 13 }, // U+1EA8
    { 0x1EA9, 27 }, // U+1EA9
    { 0x1EAA, 13 }, // U+1EAA
    { 0x1EAB, 27 }, // U+1EAB
    { 0x1EAC, 13 }, // U+1EAC
    { 0x1EAD, 27 }, // U+1EAD
    { 0x1EAE, 13 }, // U+1EAE
    { 0x1EAF, 27 }, // U+1EAF
    { 0x1EB0, 13 }, // U+1EB0
    { 0x1EB1, 27 }, // U+1EB1
    { 0x1EB2, 13 }, // U+1EB2
    { 0x1EB3, 27 }, // U+1EB3
    { 0x1EB4, 13 }, // U+1EB4
    { 0x1EB5, 27 }, // U+1EB5
    { 0x1EB6, 13 }, // U+1EB6
    { 0x1EB7, 27 }, // U+1EB7
    { 0x1EB9, 29 }, // U+1EB9
    { 0x1EBB, 29 }, // U+1EBB
    { 0x1EBD, 29 }, // U+1EBD
    { 0x1EBF, 29 }, // U+1EBF
    { 0x1EC1, 29 }, // U+1EC1
    { 0x1EC3, 29 }, // U+1EC3
    { 0x1EC5, 29 }, // U+1EC5
    { 0x1EC7, 29 }, // U+1EC7
    { 0x1EE5, 37 }, // U+1EE5
    { 0x1EE7, 37 }, // U+1EE7
    { 0x1EE9, 37 }, // U+1EE9
    { 0x1EEB, 37 }, // U+1EEB
    { 0x1EED, 37 }, // U+1EED
    { 0x1EEF, 37 }, // U+1EEF
    { 0x1EF1, 37 }, // U+1EF1
    { 0x1EF2, 22 }, // U+1EF2
    { 0x1EF3, 41 }, // U+1EF3
    { 0x1EF5, 41 }, // U+1EF5
    { 0x201C, 50 }, // U+201C
    { 0x201D, 51 }, // U+201D
    { 0x2022, 52 }, // U+2022
};

static const int8_t quicksand_10_boldKernMatrix[] = {
       0,    0,   -5,    0,    0,    0,    0,    0,    0,    0,    0,    0,    0,    0,    0,    0,    0,    0,    0,    0,    0,    0,    0,    0,    0,    0,    0,    0,    0,    0,    0,    0,    0,    0,    0,    0,    0,    0,    0,    0,    0,    0,    0,    0,    0,    0,    0,   -3,    0,    0,    0,    0,
       0,    0,    0,    0,    0,    0,    0,    0,    0,    0,    0,    0,    0,    0,    0,    0,    0,    0,    0,    0,    0,    0,    0,    0,    0,    0,    0,    0,    0,    0,    0,    0,    0,    0,    0,    0,    0,    0,    0,    0,    0,    0,    0,    0,    0,    0,    0,    0,    5,    0,    0,    0,
       0,    0,    0,    0,    0,    0,    0,    0,    0,    0,    0,    0,    0,    0,    0,    0,    0,    0,    0,    0,    0,    0,    0,    0,    0,    0,    0,    0,    0,    0,    0,    0,    0,    0,    0,    0,    0,    0,    0,    0,    0,    0,    0,    0,    0,    0,    0,   -8,    0,    0,    0,    0,
       0,    0,    0,    0,    0,    0,    0,  -13,    0,    0,    0,    0,    0,    0,    0,    0,    0,    0,    0,    0,    0,    0,    0,    0,    0,    0,    0,    0,    0,    0,    0,    0,    0,    0,    0,    0,    0,    0,    0,    0,    0,    0,    0,    0,    0,    0,    0,    0,    0,    0,    0,    0,
       0,    0,    0,    0,    0,    0,    0,  -23,    0,    0,    0,    0,    0,    0,    0,    0,    0,    0,    0,    0,    0,    0,    0,    0,    0,    0,    0,    0,    0,    0,    0,    5,    0,    0,    0,    0,    0,    0,    0,    0,    0,    0,    0,    0,    0,    0,    0,    0,    0,    0,    0,    0,
       0,    0,    0,    0,    0,    0,    0,  -17,  -10,    0,    0,    0,    0,    0,    0,    0,    0,    0,    0,    0,    0,    0,    0,    0,    0,    0,    0,    0,    0,    0,    0,    0,    0,    0,    0,    0,    0,    0,    0,    0,    0,    0,    0,    0,    0,    0,    0,    0,    0,    0,    0,    0,
       0,    0,    0,    0,    0,    0,  -31,    0,    0,    0,    0,    0,    0,    0,    0,    0,    0,    0,    0,    0,    0,    0,    0,    0,    0,    0,    0,    0,    0,    0,    0,    0,    0,    0,    0,    0,    0,    0,    0,    0,    0,    0,    0,    0,    0,    0,   -4,  -11,    0,    0,    0,    0,
       0,    0,    0,    0,    0,    0,    0,    0,    0,    0,  -13,    0,   -2,    0,   -5,    0,   -7,    0,   -4,   -2,  -10,   -9,   -5,    0,    0,    0,    0,    0,    3,    0,    0,    0,    0,    0,    0,    0,    0,    0,    0,   -3,    0,    0,    0,    0,    0,    0,    0,    0,    0,    0,    0,    0,
       0,    0,    0,    0,    0,    0,    0,  -10,    0,    0,  -10,   -7,    0,    0,    0,    0,    0,    0,    0,    0,    0,    0,    0,    0,    0,    0,    0,    0,    0,    0,    0,    0,    0,    0,    0,    0,    0,    0,    0,    0,    0,    0,    0,    0,    0,    0,    0,    0,    0,    0,    0,    0,
       0,    0,    0,    0,    0,  -13,    0,    0,    0,    0,    0,    0,    0,    0,    0,    0,    0,    0,    0,    0,    0,    0,    0,    0,    0,    0,    0,    0,    0,    0,    0,    0,    0,    0,    0,    0,    0,    0,    0,    0,    0,    0,    0,    0,    0,    0,    0,    0,    0,    0,    0,    0,
       0,    0,    0,    0,    0,    0,    0,   -7,    0,    0,    0,    0,    0,    0,    0,    0,    0,    0,    0,    0,    0,    0,    0,    0,    0,    0,    0,    0,    0,    0,    0,    0,    0,    0,    0,    0,    0,    0,    0,    0,    0,    0,    0,    0,    0,    0,    0,    0,    0,    0,    0,    0,
       0,    0,    0,    0,  -10,  -23,    0,   13,  -13,  -10,    0,    0,    0,   -7,    0,    0,    0,    0,    0,    0,    0,    0,    0,    0,    0,    0,    0,    0,    0,    0,    0,    0,    0,    0,    0,    0,    0,    0,    0,    0,    0,    0,    0,    0,    0,    0,    0,    0,    0,    0,    0,    0,
       0,    0,    0,    0,   -7,  -13,    0,    0,    0,    0,  -10,    0,    0,    0,    0,    0,    0,    0,    0,    0,    0,    0,    0,    0,    0,    0,    0,    0,    0,    0,    0,    0,    0,    0,    0,    0,    0,    0,    0,    0,    0,    0,    0,    0,    0,    0,    0,    0,    0,    0,    0,    0,
       0,    0,    0,    0,    0,    0,    0,  -10,    0,    0,    0,    0,    0,    0,    0,    0,    0,    0,    0,    0,    0,    0,    0,    0,    0,    0,    0,    0,    0,    0,    0,    0,    0,    0,    0,    0,    0,    0,    0,    0,    0,    0,    0,    0,    0,    0,    0,    0,    0,    0,    0,    0,
       0,    0,    0,    0,    0,    0,    0,    0,    0,    0,    0,    0,    0,    0,    0,    0,    0,    0,    0,    0,    0,    0,    0,    0,    0,    0,    0,    0,    0,    0,    0,    0,    0,    0,    0,    0,    0,    0,    0,    0,    0,    0,    0,    0,    0,    0,    0,   -5,    0,    0,    0,    0,
       0,    0,    0,    0,    0,    0,    0,    0,    0,    0,    0,    0,    0,   -2,    0,    0,  -17,   -3,  -31,   -7,    0,  -14,    0,    0,    0,    0,    7,    0,    0,    0,    0,    0,    0,    0,    0,   -2,   -3,   -9,   -3,    0,   -8,    0,    0,    0,    0,    0,    0,    0,    0,    0,    0,    0,
       0,    0,    0,    0,    0,    0,    0,    0,    0,    0,    0,    0,    0,    0,    0,    0,   -5,    0,   -3,   -2,   -4,   -8,    0,    0,    0,    0,    0,   -1,    0,    0,   -2,    0,    0,    0,    0,    0,    0,    0,    0,   -1,    0,    0,    0,    0,    0,    0,    0,    0,    0,    0,    0,    0,
       0,    0,    0,    0,    0,    0,    0,    0,    0,    0,    0,    0,    0,    0,   -3,    0,    0,    0,    0,    0,    0,    0,    0,    0,    0,    0,    0,    0,   -2,    0,   -3,    0,    0,    0,    0,    0,   -3,   -5,    0,    0,   -3,    0,    0,    0,    0,    0,    0,    0,    0,    0,    0,    0,
       0,    0,    0,    0,    0,    0,    0,    0,    0,    0,    0,    0,  -11,   -3,  -40,   -2,    5,    0,    0,    0,   -2,    0,    0,    0,    0,    0,   -7,    0,   -5,    0,   -3,    0,   -3,   -3,   -3,    0,   -5,   -2,    0,   -5,    0,   -2,    0,    0,    0,    0,    0,    0,    0,    0,    0,    0,
       0,    0,    0,    0,    0,    0,    0,    0,    0,    0,    0,    0,    0,    0,    0,    0,   -8,    0,   -5,   -3,    0,   -8,    0,    0,    0,    0,    5,    0,    0,    0,    0,    0,    0,    0,    0,    0,    0,    0,    0,    0,    0,    0,    0,    0,    0,    0,    0,    0,    0,    0,    0,    0,
       0,    0,    0,    0,    0,    0,    0,    0,    0,    0,    0,    0,   -5,    0,    0,    0,    0,    0,    0,    0,    0,    0,    0,    0,    0,    0,    0,    0,    0,    0,    0,    0,    0,    0,    0,    0,    0,    0,    0,    0,    0,    0,    0,    0,    0,    0,    0,    0,    0,    0,    0,    0,
       0,    0,    0,    0,    0,    0,    0,    0,    0,    0,    0,    0,    0,  -10,   -2,   -3,    0,   -5,   -2,   -2,    0,    7,    0,    0,    0,    0,    0,    0,   -7,    0,    0,    0,   -3,   -3,   -1,   -1,   -4,   -2,   -5,    0,   -7,    0,    0,    0,    0,    0,    0,    0,    0,    0,    0,    0,
       0,    0,    0,    0,    0,    0,    0,    0,    0,    0,    0,    0,    0,   -3,    0,    0,  -33,   -7,  -17,  -10,    0,  -20,    0,    0,    0,    0,    0,    0,    0,    0,    0,    0,    0,    0,    0,   -2,    0,   -8,   -2,    0,   -7,    7,    0,    0,    0,    0,    0,    0,    0,    0,    0,    0,
       0,    0,    0,    0,  -33,  -33,    0,    0,    0,    0,    0,    0,  -13,    0,  -25,    0,    0,    0,    0,    3,   -5,    0,   -5,    0,    0,    0,   -2,    0,   -3,    3,   -3,    0,    0,    0,    0,    5,   -2,    3,    5,    0,    3,    0,    0,    0,    0,    0,    0,    0,    0,    0,    0,    0,
       0,    0,    0,    0,    0,    0,    0,    0,    0,    0,    0,    0,    0,   -3,    0,    0,   -5,   -2,   -5,    0,    0,   -7,    0,    0,    0,    0,    1,    0,   -2,    0,    0,    0,    0,    0,    0,    0,   -3,    0,    0,    0,    0,    0,    0,    0,    0,    0,    0,    0,    0,    0,    0,    0,
       0,    0,    0,    0,    0,    0,    0,    0,    0,    0,    0,    0,    0,    0,    0,    0,    0,    0,    0,    0,   -5,   -5,    0,    0,    0,    0,    0,    0,    0,    0,    0,    0,    0,    0,    0,    0,    0,    0,    0,    0,    0,    0,    0,    0,    0,    0,    0,    0,    0,    0,    0,    0,
       0,    0,    0,    0,    0,  -33,    0,    0,    0,    0,    0,    0,  -17,   -7,  -22,    0,   10,    0,    3,    3,    0,    3,    0,    0,    0,    0,  -33,    0,  -40,    0,  -15,    0,  -20,   -7,  -33,    0,  -40,   -3,  -40,   -5,   -3,  -40,    0,    0,    0,    0,    0,    0,    0,    0,    0,    0,
       0,    0,    0,    0,    0,    0,    0,    0,    0,    0,    0,    0,   -3,    0,   -3,   -3,    0,    0,    0,    0,   -3,   -3,    0,    0,    0,    0,    0,    0,    0,    0,    0,    0,    0,    0,    0,    0,    0,    0,    0,   -2,    0,    0,    0,    0,    0,    0,    0,    0,    0,    0,    0,    0,
       0,    0,    0,    0,    0,    0,    0,    0,    0,    0,    0,    0,  -11,   -4,  -18,   -3,    3,    0,    0,    0,    0,    0,    0,    0,    0,    0,   -4,    0,   -8,    0,   -7,    0,   -4,   -4,   -5,    0,   -3,    0,    0,    0,    0,   -2,    0,    0,    0,    0,    0,    0,    0,    0,    0,    0,
       0,    0,    0,    0,    0,    0,    0,    0,    0,    0,    0,    0,   -7,   -2,  -10,   -3,    3,    0,    0,    0,    0,    0,    0,    0,    0,    0,   -3,    0,   -5,    0,   -7,    0,   -1,   -1,    0,    0,   -3,    0,    0,    0,    0,    0,    0,    0,    0,    0,    0,    0,    0,    0,    0,    0,
       0,    0,    0,    0,    0,    0,    0,    0,    0,    0,    0,    0,    0,   -9,    0,   -5,    0,   -3,    0,    0,    0,    0,    0,    0,    0,    0,    0,    0,   -5,    0,   -1,    0,    0,    0,    0,    0,   -3,   -9,   -6,    0,   -8,    0,    0,    0,    0,    0,    0,    0,    0,    0,    0,    0,
       0,    0,    0,    0,    0,    0,    0,    0,    0,    0,    0,    0,  -14,   -9,  -23,   -8,    3,   -3,    0,    0,    0,    0,    0,    0,    0,    0,  -11,    0,  -14,    0,  -13,    0,   -8,   -7,  -12,    0,   -7,   -3,   -3,   -7,   -3,   -3,    0,    0,    0,    0,    0,    0,    0,    0,    0,    0,
       0,    0,    0,    0,    0,    0,    0,    0,    0,    0,    0,    0,    0,   -2,    0,    0,    0,    0,    0,    0,    0,    0,    0,    0,    0,    0,    0,    0,   -2,    0,    0,    0,    0,    0,    0,    0,   -2,   -2,    0,    0,    0,    0,    0,    0,    0,    0,    0,    0,    0,    0,    0,    0,
       0,    0,    0,    0,    0,    0,    0,    0,    0,    0,    0,    0,    0,    0,    0,    0,    0,    0,    0,    0,    0,    0,    0,  -31,    0,    0,    0,    0,    0,    0,    0,    0,    0,    0,    0,    0,    0,    0,    0,    0,    0,    0,    0,    0,    0,    0,   -2,   -7,    0,    0,    0,    0,
       0,    0,    0,    0,    0,    0,    0,    0,    0,    0,    0,    0,    0,    0,    0,    0,    0,    0,    0,    0,    0,    0,    0,    0,    0,    0,    0,    0,    0,    0,    0,    0,    0,    0,    0,    0,    0,    0,    0,    0,    0,    0,    0,    0,    0,    0,    0,  -11,    3,    0,    0,    0,
       0,    0,    0,    0,    0,    0,    0,    0,    0,    0,    0,    0,    7,   -7,    0,    0,  -22,   -3,   -9,   -3,    0,  -18,    0,    0,    0,    0,    3,    0,    0,    0,    0,    0,    0,    0,    0,    0,   -3,   -4,   -2,    0,    0,    0,    0,    0,    0,    0,    0,    0,    0,    0,    0,    0,
       0,    0,    0,    0,    0,    0,    0,    0,    0,    0,    0,    0,    0,    0,    0,    0,  -16,    0,   -8,   -5,   -5,  -13,   -3,    0,    0,    0,    0,    0,    0,    0,    0,    0,    0,    0,    0,    0,    0,   -2,    0,    0,    0,   -3,    0,    0,    0,    0,    0,    0,    0,    0,    0,    0,
       0,    0,    0,    0,    0,    0,    0,    0,    0,    0,    0,    0,    0,    0,    0,    0,  -10,    0,   -5,   -3,   -2,  -12,    0,    0,    0,    0,    0,    0,    0,    0,    0,    0,    0,    0,    0,    0,    0,    0,    0,    0,    0,    0,    0,    0,    0,    0,    0,    0,    0,    0,    0,    0,
       0,    0,    0,    0,    0,    0,    0,    0,    0,    0,    0,    0,    0,    0,    0,    0,    0,    0,    0,    0,    0,    0,    0,    0,    0,    0,    0,    0,    0,    0,    0,    0,    0,    0,    0,    0,    5,    0,    0,    0,    0,    0,    0,    0,    0,    0,    0,    0,    0,    0,    0,    0,
       0,    0,    0,    0,    0,    0,    0,    0,    0,    0,    0,    0,    0,    0,    0,    0,  -15,    0,   -7,   -3,   -3,  -12,    0,    0,    0,    0,    1,    0,    0,    0,   -2,    0,    0,    0,    0,    0,    0,   -2,    0,    0,   -2,    0,    0,    0,    0,    0,    0,    0,    0,    0,    0,    0,
       0,    0,    0,    0,    0,    0,    0,    0,    0,    0,    0,    0,   -7,    0,    0,    0,   20,    0,   18,   17,   17,   17,   17,    0,    0,    0,    0,    0,  -10,    0,    0,    0,    0,    0,    0,    1,    0,    3,    1,    0,    0,    1,    0,    0,    0,    0,    0,    0,    0,    0,    0,    0,
       0,    0,    0,    0,   -2,    0,    0,    0,    0,    0,    0,    0,   -5,   -3,    0,   -2,    0,    0,    0,    0,    0,   -5,    0,    0,    0,    0,   -2,    0,   -7,    0,    0,    3,    0,    0,   -3,    0,   -3,    0,    0,    0,    0,    0,    0,    0,    0,    0,    0,    0,    0,    0,    0,    0,
       0,    0,    0,    0,    0,    0,    0,    0,    0,    0,    0,    0,    0,    0,    0,    0,  -10,    0,   -5,    0,    0,   -8,    0,    0,    0,    0,    0,    0,    0,    0,    0,    0,    0,    0,    0,    0,    0,   -2,    0,    0,   -2,    0,    0,    0,    0,    0,    0,    0,    0,    0,    0,    0,
       0,    0,    0,    0,    0,    0,    0,    0,    0,    0,    0,    0,    0,    0,    0,    0,  -10,    0,    0,    0,    0,    0,    0,    0,    0,    0,    0,    0,    0,    0,    0,    0,    0,    0,    0,    0,    0,    0,    0,    0,    0,    0,    0,    0,    0,    0,    0,    0,    0,    0,    0,    0,
       0,    0,    0,    0,    0,    0,    0,    0,    0,    0,    0,    0,    0,    0,    0,    0,  -10,   -3,    0,    0,    0,    0,    0,    0,    0,    0,    0,    0,    0,    0,    0,    2,    0,    0,    0,    0,    0,    0,    0,    0,    0,    0,    0,    0,    0,    0,    0,    0,    0,    0,    0,    0,
       0,    0,    0,    0,    0,    0,    0,    0,    0,    0,    0,    0,    0,   -3,    0,    0,    0,    0,    0,    0,    0,   -7,    0,    0,    0,    0,   -1,   -2,   -7,    0,    0,   -2,    0,    0,   -2,    0,   -2,    0,    0,    0,    0,    0,    0,    0,    0,    0,    0,    0,    0,    0,    0,    0,
       0,    0,    0,    0,    0,    0,    0,    0,    0,    0,    0,    0,    0,   -7,    0,    0,   -8,    0,  -10,   -7,    0,  -10,    0,    0,    0,    0,    0,    0,   -3,    0,   -3,   -5,    0,    0,    0,   -1,   -2,   -8,   -5,    0,   -5,    0,    0,    0,    0,    0,    0,    0,    0,    0,    0,    0,
       0,    0,    0,    0,    0,    0,    0,    0,    0,    0,    0,    0,    0,    0,    0,    0,   -7,    0,   -7,    0,    0,   -5,    0,    0,    0,    0,    0,    0,    0,    0,    0,    0,    0,    0,    0,    0,    0,    0,    0,    0,    0,    0,    0,    0,    0,    0,    0,    0,    0,    0,    0,    0,
       0,    0,    0,    0,    0,  -40,    0,    0,    0,    0,    0,    0,  -10,    0,    0,    0,   -3,    0,    0,    0,   -5,    0,    0,    0,    0,    0,   -4,    0,   -7,    0,   -5,   -3,    0,    0,    0,    0,    0,   17,   17,    0,    0,    0,    0,    0,    0,    0,    0,    0,    0,    0,    0,    0,
       0,    0,    0,    0,    0,    0,    0,    0,    0,    0,    0,    0,    0,   -2,    0,    0,  -15,    0,   -2,    0,   -2,   -7,    0,    0,    0,    0,    3,    0,    0,    0,    0,    0,    0,    0,    0,    0,    0,    0,    0,   -2,    0,    0,    0,    0,    0,    0,    0,    0,    0,    0,    0,    0,
       0,    0,    0,    0,    0,    0,    0,    0,    0,    0,    0,    0,    0,    0,    0,    0,    0,    0,    0,    0,    0,    0,    0,    0,    0,    0,    0,    0,   -2,   -8,   -2,    0,    0,    0,    7,    0,    0,    0,   13,    0,    0,    0,    0,    0,    0,    0,    0,    0,    0,    0,    0,    0,
       0,    0,    0,    0,    0,    0,    0,    0,    0,    0,    0,    0,    0,    0,    0,    0,  -10,    0,   -3,   -3,    0,   -5,    0,    0,    0,    0,    0,    0,    0,    0,   -3,    0,    0,    0,    0,    0,    0,    0,    0,    0,    0,    0,    0,    0,    0,    0,    0,    0,    0,    0,    0,    0,
       0,    0,    0,    0,    0,    0,    0,    0,    0,    0,    0,    0,   -8,    0,    0,    0,   -3,    0,    0,    0,   -9,   -3,   -7,    0,    0,    0,   -1,    0,   -2,    0,   -2,    0,    0,    0,   -2,   17,    0,   17,    0,    0,    0,    0,    0,    0,    0,    0,    0,    0,    0,    0,    0,    0,
       0,    0,    0,    0,    0,    0,    0,    0,    0,    0,    0,    0,   -2,    0,    0,    0,   -3,    0,    0,    0,   -6,   -3,   -2,    0,    0,    0,    1,    0,    0,    0,    0,    0,    0,    0,   -2,   17,    0,   13,    0,    0,    0,    0,    0,    0,    0,    0,    0,    0,    0,    0,    0,    0,
       0,    0,    0,    0,    0,    0,    0,    0,    0,    0,    0,    0,    0,   -3,    0,    0,   -5,   -2,    0,    0,    0,   -7,    0,    0,    0,    0,    0,    0,    0,    0,    0,    0,    0,    0,   -2,   17,   -2,    0,    0,    0,    0,    0,    0,    0,    0,    0,    0,    0,    0,    0,    0,    0,
       0,    0,    0,    0,    0,    0,    0,    0,    0,    0,    0,    0,   -8,    0,    0,    0,   -3,    0,    0,    0,   -7,   -3,   -3,    0,    0,    0,    0,    0,   -2,    0,   -5,    0,    0,    0,   -3,    0,    0,    0,    0,    0,    0,    0,    0,    0,    0,    0,    0,    0,    0,    0,    0,    0,
       0,    0,    0,    0,    0,    0,    0,    0,    0,    0,    0,    0,    0,    0,    0,    0,   -3,    0,    0,    0,    0,   -3,    0,    0,    0,    0,    0,    0,   -3,    0,    0,    0,    0,    0,    0,    0,    0,    0,    0,    0,    0,    0,    0,    0,    0,    0,    0,    0,    0,    0,    0,    0,
       0,    0,    0,    0,    0,    0,    0,    0,    0,    0,    0,    0,    0,    0,    0,    0,    0,    0,    0,    0,    0,    0,    0,    0,    0,    0,    0,    0,    0,    0,    0,    0,    0,    0,    0,    0,    0,    0,    0,    0,    0,    0,    0,    0,    0,    0,    0,    3,    0,    0,    0,    0,
       0,    0,    0,    0,    0,    0,    0,    0,    0,    0,    0,    0,    0,    0,    0,    0,    0,    0,    0,    0,    0,    0,    0,    0,    0,    0,    0,    0,    0,    0,    0,    0,    0,    0,    0,    0,    0,    0,    0,    0,    0,    0,    0,    0,    0,    0,    0,  -10,    0,    0,    0,    0,
       3,    0,    0,   -2,    0,    0,  -13,    0,    0,    0,    0,    0,    0,    0,    0,    0,    0,    0,    0,    0,    0,    0,    0,   -7,    0,  -18,    0,    0,    0,    0,    0,    0,    0,    0,    0,    0,    0,    0,    0,    0,    0,    0,    7,    8,   -7,    0,    0,    0,    0,    0,    0,    1,
       0,    0,    0,   -7,    0,    0,   -4,    0,    0,    0,    0,    0,    0,    0,    0,    0,    0,    0,    0,    0,    0,    0,    0,   -2,    0,  -11,    0,    0,    0,    0,    0,    0,    0,    0,    0,    0,    0,    0,    0,    0,    0,    0,    0,    3,    0,    0,    0,    0,    0,    0,    0,    0,
       0,    0,    0,   -5,    0,    0,  -10,    0,    0,    0,    0,    0,    0,    0,    0,    0,    0,    0,    0,    0,    0,    0,    0,    0,    0,  -18,    0,    0,    0,    0,    0,    0,    0,    0,    0,    0,    0,    0,    0,    0,    0,    0,    0,    3,   -7,    0,    0,    0,    0,    0,    0,    0,
       0,   33,   42,   24,    0,    0,    0,    0,    0,    0,    0,    0,    0,    0,    0,    0,    0,    0,    0,    0,    0,    0,    0,   37,   44,    0,    0,   13,    0,    0,    0,    0,    0,    0,    0,    0,    0,    0,    0,    0,    0,    0,    0,    0,    0,    0,    0,    3,   20,   30,   37,    0,
       0,   21,   35,    9,    0,    0,    0,    0,    0,    0,    0,    0,    0,    0,    0,    0,    0,    0,    0,    0,    0,    0,    0,   29,   33,    0,    0,   13,    0,    0,    0,    0,    0,    0,    0,    0,    0,    0,    0,    0,    0,    0,    0,    0,    0,    0,    0,    3,   20,   22,   26,    0,
       0,    0,   11,    0,    0,    0,    0,    0,    0,    0,    0,    0,    0,    0,    0,    0,    0,    0,    0,    0,    0,    0,    0,    0,    7,    0,    0,    0,    0,    0,    0,    0,    0,    0,    0,    0,    0,    0,    0,    0,    0,    0,    0,    0,    0,    0,    0,    0,    0,    4,    4,    0,
       0,    0,    0,    0,    0,    0,    0,  -13,    0,    0,    0,    0,    0,    0,    0,    0,    0,    0,    0,    0,    0,    0,    0,    0,    0,    0,    0,    0,    0,    0,    0,    0,    0,    0,    0,    0,    0,    0,    0,    0,    0,    0,    0,    0,    0,    2,    0,    0,    0,    0,    0,    0,
       0,    0,    0,    0,    0,    0,    0,    0,  -13,    0,    0,   -7,    0,    0,    0,    0,    0,    0,    0,    0,    0,    0,    0,    0,    0,    0,    0,    0,    0,    0,    0,    0,    0,    0,    0,    0,    0,    0,    0,    0,    0,    0,    0,    0,    0,    0,    0,    0,    0,    0,    0,    0,
       0,    0,    0,    0,    0,    0,    0,    0,  -20,  -13,    0,   -7,    0,    0,    0,    0,    0,    0,    0,    0,    0,    0,    0,    0,    0,    0,    0,    0,    0,    0,    0,    0,    0,    0,    0,    0,    0,    0,    0,    0,    0,    0,    0,    0,    0,    0,    0,    0,    0,    0,    0,    0,
       0,    0,    0,    0,    0,    0,    0,    0,    0,    0,    0,    0,    0,    0,    0,    0,    0,    0,    0,    0,    0,    0,    0,    0,    0,    0,    0,    0,    0,    0,    0,    0,    0,    0,    0,    0,    0,    0,    0,    0,    0,    0,    0,    0,    0,    2,    0,    0,    0,    0,    0,    0,
};

static const EpdLigaturePair quicksand_10_boldLigaturePairs[] = {
    { 0x00660069, 0xFB01 }, // f i -> U+FB01
    { 0x0066006C, 0xFB02 }, // f l -> U+FB02
};

static const EpdFontData quicksand_10_bold = {
    quicksand_10_boldBitmaps,
    quicksand_10_boldGlyphs,
    quicksand_10_boldIntervals,
    57,
    26,
    21,
    -6,
    false,
    nullptr,
    0,
    nullptr,
    quicksand_10_boldKernLeftClasses,
    quicksand_10_boldKernRightClasses,
    quicksand_10_boldKernMatrix,
    221,
    162,
    69,
    52,
    quicksand_10_boldLigaturePairs,
    2,
};
