/**
 * generated by fontconvert.py
 * name: quicksand_14_italic
 * size: 14
 * mode: 2-bit  compressed: true
 * Command used: fontconvert.py quicksand_14_italic 14 ../builtinFonts/source/Quicksand/Quicksand-Medium.ttf --2bit --compress --pnum --darken-aa
 */
#pragma once
#include "EpdFontData.h"

static const uint8_t quicksand_14_italicBitmaps[15783] = {
    0xAD, 0x59, 0xBF, 0x73, 0xDC, 0xC6, 0x15, 0x7E, 0x38, 0x88, 0x84, 0x2D, 0xCC, 0x04, 0x2C, 0xE4,
    0x8C, 0x47, 0x9A, 0x0C, 0x54, 0xA8, 0x70, 0x34, 0x8E, 0xD0, 0xBA, 0xE0, 0x01, 0x9B, 0x49, 0x99,
    0x22, 0x2A, 0xC4, 0x2A, 0x45, 0xD4, 0x26, 0x0D, 0x1B, 0x17, 0xCA, 0xCC, 0x1D, 0x0F, 0xB6, 0xFF,
    0x00, 0xB3, 0x49, 0x8A, 0xB8, 0x61, 0x91, 0x26, 0xE7, 0x99, 0xC8, 0x05, 0x0B, 0x15, 0xE0, 0x01,
    0x1E, 0x15, 0x29, 0xD2, 0xA0, 0xC9, 0xA4, 0x70, 0x61, 0x4C, 0x62, 0x17, 0x71, 0x0A, 0xA1, 0x40,
    0x1C, 0x48, 0xC2, 0x1D, 0xF2, 0x7D, 0x6F, 0x71, 0x24, 0x25, 0x8A, 0x12, 0xE5, 0x18, 0x87, 0xDD,
    0xE3, 0x61, 0x17, 0xBB, 0xEF, 0xE7, 0xF7, 0xDE, 0x5B, 0x5E, 0x19, 0xF3, 0xDA, 0x1E, 0xAE, 0x77,
    0x45, 0x64, 0xBC, 0x37, 0x7E, 0xDB, 0x49, 0x63, 0xAF, 0x9A, 0xFA, 0xC5, 0xC4, 0x2F, 0xB2, 0x20,
    0x7D, 0x10, 0x98, 0x3A, 0x90, 0xFA, 0x07, 0xB2, 0xFF, 0x86, 0xC8, 0x48, 0x36, 0x44, 0xFC, 0x34,
    0x10, 0x09, 0xB4, 0x33, 0x21, 0x3A, 0x89, 0x64, 0xF3, 0xFE, 0x3C, 0x3F, 0x08, 0xFA, 0xBE, 0x6F,
    0x7D, 0x74, 0x8D, 0xC4, 0xB2, 0x8D, 0xB5, 0x64, 0x22, 0xF8, 0xCE, 0x04, 0xDF, 0xAD, 0xE0, 0xBB,
    0x95, 0x8D, 0xE5, 0xCE, 0x63, 0x93, 0x60, 0x4A, 0xC5, 0xAE, 0x74, 0xEA, 0x51, 0x2D, 0xA3, 0xDA,
    0xAD, 0xD8, 0x95, 0xE2, 0x56, 0xE8, 0x46, 0xA5, 0x5B, 0x88, 0x5E, 0x5E, 0x8A, 0xBD, 0x0A, 0xDB,
    0x76, 0xBF, 0x12, 0xB7, 0xEF, 0x4D, 0xC0, 0x37, 0x7F, 0xFE, 0x97, 0x3A, 0xF6, 0x8B, 0x03, 0x90,
    0x27, 0xA0, 0x52, 0x12, 0xB4, 0xE8, 0x8B, 0x42, 0x82, 0xBE, 0x90, 0x51, 0xBF, 0x14, 0x09, 0xFB,
    0x54, 0xFC, 0x47, 0x95, 0xF8, 0x0F, 0x6B, 0xF1, 0x3F, 0x6F, 0xF0, 0x7E, 0x7B, 0xD7, 0x2F, 0x9A,
    0x0E, 0xBF, 0xF3, 0x4F, 0xBE, 0xAC, 0xC2, 0xBE, 0x4F, 0x75, 0xDE, 0x7A, 0x6D, 0x36, 0xD7, 0xC8,
    0xA8, 0x12, 0x49, 0x25, 0x5C, 0x82, 0x0C, 0x89, 0x77, 0xC5, 0x2B, 0x24, 0x0B, 0x4C, 0x90, 0x4A,
    0xE3, 0xA7, 0x89, 0xA0, 0x2F, 0x26, 0xDA, 0x83, 0x93, 0xD6, 0xFF, 0xA8, 0x06, 0x53, 0x01, 0xA6,
    0x48, 0xB2, 0xC2, 0x14, 0x09, 0xDA, 0x84, 0xAF, 0x9B, 0x49, 0x80, 0x75, 0xA5, 0x4D, 0x76, 0x21,
    0xAA, 0x7A, 0x82, 0x11, 0xAF, 0x7C, 0x80, 0x59, 0x41, 0xDA, 0xA2, 0x8F, 0x84, 0xFD, 0x54, 0x32,
    0x6C, 0xD8, 0xCA, 0x76, 0x60, 0xC0, 0x7C, 0xD4, 0x83, 0x61, 0xF1, 0x3B, 0x65, 0xD8, 0x88, 0x38,
    0x0B, 0x43, 0x06, 0x1A, 0x2C, 0xFC, 0x87, 0x8E, 0x32, 0x8B, 0xB1, 0x9C, 0xBC, 0xC1, 0x0E, 0x97,
    0x4E, 0x3B, 0x62, 0x07, 0x8A, 0xC0, 0x2C, 0x89, 0x7F, 0x0A, 0x52, 0xC2, 0x0F, 0x5B, 0xA9, 0x12,
    0x59, 0x8C, 0xEA, 0xB1, 0x24, 0x1F, 0x55, 0x63, 0x09, 0xFE, 0x59, 0xC6, 0x1C, 0xC7, 0xB4, 0x3C,
    0x8D, 0x52, 0x99, 0x95, 0x41, 0xE3, 0xF5, 0x2D, 0x44, 0x58, 0x2F, 0x25, 0xEF, 0xCD, 0xBB, 0xE2,
    0xDC, 0x16, 0x79, 0x3B, 0x9E, 0x4E, 0xB2, 0x07, 0x75, 0xBD, 0x2F, 0x4E, 0x2A, 0x01, 0x24, 0x99,
    0x0A, 0xB8, 0x87, 0xD0, 0x4A, 0x50, 0x0C, 0x72, 0xB9, 0xF9, 0x98, 0x44, 0xF0, 0xEE, 0xD6, 0xB7,
    0xFD, 0x39, 0xD6, 0xD1, 0x88, 0x86, 0xC0, 0xF9, 0x78, 0x8B, 0x63, 0x89, 0xAE, 0xE3, 0x98, 0x1B,
    0x22, 0x7B, 0x18, 0x2D, 0xC4, 0xAB, 0xC5, 0x69, 0x95, 0x66, 0x90, 0x12, 0x1A, 0x8E, 0x82, 0x7B,
    0x88, 0x41, 0xD5, 0xBD, 0xBE, 0x4B, 0x3E, 0xF1, 0x29, 0x27, 0xCE, 0x49, 0xB8, 0xC1, 0xA8, 0x15,
    0xBF, 0xE2, 0x7A, 0x58, 0xE7, 0xBA, 0x95, 0x4D, 0x25, 0xD7, 0xFF, 0x91, 0xC6, 0x8F, 0x52, 0x7F,
    0x29, 0xB8, 0xF1, 0x07, 0x7E, 0x4A, 0xA5, 0x43, 0xBC, 0x7C, 0xEA, 0xA1, 0x38, 0xD3, 0x66, 0xB0,
    0xC7, 0x1C, 0x86, 0x79, 0xF3, 0xFE, 0x37, 0xFB, 0x67, 0xC7, 0x53, 0xDA, 0xB4, 0x5C, 0x91, 0x1E,
    0x9F, 0x40, 0x42, 0x10, 0x7A, 0x57, 0x36, 0x76, 0xF0, 0x52, 0x31, 0xA3, 0x74, 0xE5, 0xCA, 0xF4,
    0x08, 0x96, 0x2C, 0x97, 0x84, 0x96, 0xAC, 0x8C, 0x4B, 0x43, 0xDD, 0x0A, 0x89, 0x56, 0xCB, 0x09,
    0x8C, 0x8A, 0x81, 0x02, 0xF9, 0x1E, 0x86, 0xDF, 0x27, 0x27, 0xD7, 0xC0, 0x54, 0xBF, 0xA2, 0xC1,
    0x17, 0x41, 0x15, 0x94, 0x61, 0xEA, 0xD6, 0x89, 0x38, 0x0D, 0x4D, 0x61, 0x0A, 0x31, 0x53, 0x01,
    0xCF, 0x37, 0xD8, 0x66, 0x87, 0xF1, 0x0E, 0xB2, 0x6B, 0x23, 0xEC, 0x10, 0x14, 0x5E, 0xED, 0x37,
    0x51, 0x41, 0xA7, 0x91, 0x1C, 0x46, 0xE9, 0x60, 0xA3, 0x37, 0x65, 0x36, 0xEA, 0xC3, 0x7E, 0x76,
    0x7F, 0x1C, 0xC9, 0xCB, 0x3E, 0xA1, 0x44, 0xFB, 0xD8, 0xBD, 0x93, 0xE0, 0x49, 0x2F, 0x89, 0x09,
    0xD3, 0x29, 0x84, 0x75, 0x83, 0x3A, 0xD2, 0xE6, 0x0F, 0xC2, 0x83, 0xAA, 0xD4, 0x0E, 0xA1, 0x77,
    0x17, 0x6C, 0x05, 0xA0, 0x1A, 0xA6, 0x26, 0x39, 0x38, 0xC4, 0x23, 0x8F, 0x76, 0xF9, 0xB7, 0x1D,
    0x81, 0xA3, 0xD7, 0x68, 0xD5, 0x5B, 0x3B, 0x77, 0x60, 0x79, 0xBD, 0xB6, 0x93, 0x77, 0x20, 0x86,
    0x08, 0xCB, 0x2C, 0x68, 0xCD, 0xA5, 0xEE, 0xE9, 0xFC, 0x9E, 0xE3, 0x89, 0xB1, 0x7B, 0x9C, 0xF6,
    0xD1, 0x20, 0xDD, 0xC2, 0xE4, 0x3D, 0x4C, 0x4E, 0x30, 0xCF, 0xC7, 0x7C, 0xB9, 0x43, 0x71, 0x01,
    0x92, 0x40, 0xB2, 0xA5, 0x05, 0xEF, 0xBA, 0x68, 0xFE, 0x23, 0x3C, 0xFA, 0x15, 0x4C, 0x14, 0xCF,
    0xBB, 0x10, 0xF2, 0x08, 0x61, 0xA4, 0xA1, 0x84, 0x69, 0x28, 0xC9, 0xCE, 0xEE, 0x6D, 0xD0, 0xD0,
    0xC1, 0x2E, 0x3A, 0xFB, 0xDE, 0xF3, 0x2D, 0x10, 0x67, 0x67, 0x07, 0x70, 0x02, 0xE9, 0xB3, 0x0D,
    0x4F, 0xA9, 0xA5, 0x98, 0xED, 0x37, 0x29, 0xF6, 0x6F, 0x25, 0x79, 0xDA, 0xCB, 0x2D, 0x65, 0x58,
    0xF1, 0x03, 0xC4, 0xC0, 0x92, 0x8F, 0x9B, 0x5F, 0x5C, 0x91, 0xB0, 0x48, 0x7E, 0x9A, 0x2B, 0xAD,
    0x5E, 0x5F, 0x59, 0x1B, 0xA5, 0x8E, 0x3D, 0x6C, 0x1B, 0x81, 0xF7, 0xDC, 0x88, 0x43, 0x31, 0x40,
    0x4E, 0x70, 0x20, 0x35, 0xC5, 0x10, 0xCF, 0x13, 0x68, 0x3E, 0xF9, 0x7A, 0x96, 0x26, 0xC6, 0x2F,
    0xF6, 0xB0, 0x56, 0x46, 0x24, 0x19, 0xDA, 0x18, 0xB3, 0x23, 0xCC, 0x0E, 0xCA, 0xA8, 0xF0, 0x28,
    0x47, 0xD0, 0x21, 0x1B, 0x46, 0xDE, 0xDA, 0xD9, 0x31, 0x33, 0x0B, 0xAA, 0xE5, 0x89, 0x61, 0xAF,
    0x29, 0xCE, 0xAC, 0xBC, 0x9D, 0xC6, 0x6E, 0x66, 0xC9, 0x3B, 0x99, 0x92, 0x0C, 0x98, 0x72, 0x6A,
    0xCA, 0x68, 0x4D, 0xEE, 0x55, 0xC0, 0x22, 0xC0, 0xC8, 0x07, 0x4D, 0x21, 0x50, 0x30, 0xC1, 0x4B,
    0x31, 0x5E, 0x1E, 0xA3, 0xC5, 0xD8, 0x07, 0xA6, 0x62, 0x82, 0xAF, 0x17, 0x10, 0x79, 0x0B, 0x79,
    0x81, 0x6E, 0x13, 0xC1, 0x56, 0x10, 0x36, 0x20, 0x0F, 0xDB, 0xBC, 0x52, 0xE7, 0x95, 0x33, 0xC3,
    0x35, 0x9C, 0xBE, 0xB6, 0xEB, 0xEE, 0x52, 0xD7, 0x4B, 0xD8, 0x57, 0x0E, 0x09, 0x06, 0x58, 0xCB,
    0x2D, 0x27, 0x20, 0x6C, 0xCD, 0xE7, 0x54, 0x68, 0xF1, 0x5E, 0x1D, 0xA5, 0x61, 0x05, 0x1D, 0x94,
    0xA3, 0xFE, 0x69, 0x21, 0x37, 0x7F, 0xF1, 0xAC, 0xCD, 0x79, 0x20, 0x36, 0xAA, 0xB0, 0xA6, 0x21,
    0x58, 0x58, 0x18, 0x40, 0xF8, 0x1A, 0x28, 0x97, 0x4B, 0x31, 0xFF, 0x8E, 0x48, 0x93, 0x9C, 0xBD,
    0x2E, 0xC9, 0xCC, 0xCC, 0x52, 0x44, 0x32, 0xD8, 0xD3, 0x0D, 0x62, 0x29, 0xD7, 0xE6, 0x62, 0x40,
    0x33, 0x2C, 0x96, 0x03, 0x91, 0xE0, 0x34, 0x49, 0xA5, 0x90, 0x26, 0x21, 0xBD, 0x76, 0x25, 0xF6,
    0x01, 0x07, 0x24, 0xA7, 0x4D, 0x52, 0x4A, 0xE9, 0xCD, 0xF9, 0x3C, 0x85, 0x3D, 0x55, 0x33, 0x95,
    0xFD, 0xC9, 0x45, 0x7D, 0xF0, 0xF9, 0x06, 0x74, 0x43, 0xA2, 0x12, 0x8A, 0x1C, 0x4B, 0x93, 0x5E,
    0xD5, 0xFF, 0x88, 0x76, 0x3E, 0x2B, 0x75, 0x5F, 0xE1, 0xBE, 0x9D, 0xDD, 0x77, 0x65, 0xB7, 0xA1,
    0xE6, 0xB6, 0xB8, 0xD0, 0xAF, 0xB1, 0x13, 0xEC, 0x87, 0x76, 0xB4, 0xC0, 0xE7, 0x9E, 0x2A, 0x8D,
    0xB8, 0xA1, 0x81, 0x27, 0xB5, 0x7F, 0x43, 0x26, 0x0E, 0xE8, 0x9A, 0x59, 0xDA, 0x55, 0xE5, 0xEB,
    0x76, 0x63, 0x20, 0x68, 0xEB, 0xC4, 0x14, 0xF4, 0x5B, 0x9C, 0xFB, 0xFF, 0x52, 0x5D, 0xF4, 0xB4,
    0x4E, 0x77, 0x65, 0x36, 0x69, 0x98, 0xA5, 0xAE, 0x45, 0x7B, 0x08, 0x52, 0x02, 0x95, 0xB8, 0x85,
    0x57, 0x8C, 0x96, 0x3F, 0x72, 0x2A, 0xC0, 0x63, 0xBF, 0x90, 0xFA, 0x96, 0x24, 0xA3, 0xA5, 0xD4,
    0xDB, 0x88, 0x48, 0x9D, 0xD4, 0xF7, 0x30, 0x27, 0x93, 0xFA, 0x10, 0xF6, 0x8F, 0xAF, 0x1A, 0xF0,
    0xD0, 0x49, 0x55, 0x33, 0xC0, 0x8D, 0x4A, 0x7C, 0x8D, 0x5A, 0xB7, 0xC0, 0x97, 0x8B, 0x18, 0x8A,
    0x00, 0x1F, 0xC2, 0x0D, 0x0F, 0xDD, 0x27, 0xCB, 0x65, 0x06, 0x2E, 0xFA, 0x3A, 0xAF, 0x81, 0xA9,
    0x1B, 0x74, 0xDF, 0x5B, 0x96, 0xC2, 0xC0, 0x22, 0xB9, 0x07, 0x72, 0xDE, 0x01, 0x79, 0x2B, 0x43,
    0x55, 0x20, 0x44, 0x42, 0x38, 0xF8, 0x99, 0x7F, 0xA5, 0xA3, 0xD7, 0xD7, 0x81, 0x90, 0xCE, 0x03,
    0xB2, 0xC5, 0x7A, 0xBC, 0xF8, 0x5F, 0x52, 0x24, 0x1F, 0x53, 0x8F, 0xB4, 0xEE, 0x98, 0x66, 0x3E,
    0x26, 0x07, 0x19, 0x31, 0x97, 0xC4, 0x3A, 0x35, 0x82, 0x2F, 0x00, 0x51, 0x91, 0xB5, 0x17, 0xFF,
    0x9B, 0xF9, 0x7D, 0xE8, 0x5F, 0xCD, 0x58, 0xED, 0x14, 0x46, 0x37, 0x21, 0x3A, 0xDF, 0xC3, 0x6A,
    0xD6, 0x4E, 0xAF, 0xCE, 0xFF, 0x48, 0xBC, 0x2A, 0xD0, 0x6A, 0xD8, 0x73, 0x03, 0xB1, 0xB5, 0x99,
    0x45, 0x60, 0x7E, 0xE3, 0xB7, 0x5B, 0x0F, 0xE3, 0xE5, 0x62, 0x7E, 0x7F, 0x3D, 0x16, 0xA3, 0x25,
    0x43, 0xE3, 0xDF, 0x47, 0x47, 0x3B, 0xBF, 0xEC, 0xB8, 0xC6, 0x4C, 0x59, 0xF9, 0xF3, 0x3E, 0x43,
    0x3C, 0x08, 0x07, 0x15, 0x85, 0x8B, 0x60, 0x56, 0x10, 0x3A, 0xE1, 0x60, 0x83, 0x33, 0x32, 0xE4,
    0x0D, 0x2A, 0xCA, 0x8E, 0xA3, 0x7E, 0x77, 0xFC, 0x53, 0xE3, 0x7F, 0xBC, 0x4E, 0x02, 0xD4, 0xDB,
    0xC5, 0x47, 0x98, 0x85, 0x85, 0x9A, 0x5D, 0x8D, 0x77, 0xB0, 0x25, 0x02, 0x83, 0xBC, 0x65, 0x39,
    0x20, 0x0B, 0x25, 0xBB, 0x96, 0x71, 0x75, 0xC9, 0x55, 0x12, 0x76, 0x61, 0x9A, 0xF1, 0x75, 0x42,
    0x12, 0x3C, 0x55, 0xA1, 0xE6, 0xC5, 0x1D, 0x47, 0xE9, 0xD4, 0x76, 0x72, 0xC4, 0xD7, 0x72, 0x21,
    0x4F, 0x5C, 0xB4, 0xE6, 0x8E, 0x06, 0x1B, 0xCD, 0x0D, 0xF7, 0xA1, 0x38, 0x4E, 0x5B, 0xDF, 0xE9,
    0xB6, 0x98, 0xFF, 0x69, 0x08, 0x01, 0x2B, 0x39, 0x6F, 0xCE, 0x11, 0xA0, 0x97, 0xEB, 0x60, 0xD1,
    0x62, 0x58, 0xB3, 0xB8, 0xD8, 0x9A, 0xCB, 0x73, 0xD7, 0x5C, 0xB7, 0x89, 0x5A, 0x7D, 0x7E, 0x40,
    0xF1, 0xF7, 0x27, 0xE2, 0x4F, 0x03, 0x6A, 0x3B, 0x2C, 0xCE, 0x15, 0xFF, 0xE6, 0x3C, 0x45, 0x2C,
    0xA4, 0x09, 0xF8, 0x3D, 0xB0, 0x49, 0xC1, 0x89, 0x48, 0x6C, 0xD0, 0x41, 0xFC, 0x6E, 0x0D, 0x28,
    0x72, 0x6B, 0x60, 0xC7, 0xAE, 0x0A, 0x03, 0xA9, 0x0C, 0xD3, 0x4B, 0x8A, 0x1F, 0x3E, 0xE7, 0x70,
    0xDB, 0x40, 0x45, 0xFD, 0x8A, 0x6E, 0x31, 0x87, 0x41, 0x82, 0x97, 0xDE, 0x76, 0xD9, 0x05, 0x5F,
    0xE3, 0xF2, 0x66, 0x6B, 0x92, 0x9D, 0xB9, 0x26, 0xDC, 0xFC, 0xD9, 0x10, 0xFA, 0x7A, 0xED, 0x3D,
    0x28, 0x7C, 0x0F, 0xFA, 0x4E, 0x3E, 0xC8, 0xC1, 0x7E, 0x07, 0xC4, 0xAA, 0x94, 0xAB, 0x2B, 0x8C,
    0xB9, 0x13, 0x82, 0x6B, 0xC6, 0xD0, 0x0D, 0x2F, 0xA0, 0x65, 0xC1, 0x88, 0x33, 0xA2, 0x65, 0x26,
    0x30, 0xED, 0x8C, 0xD1, 0x3D, 0x63, 0x78, 0xCF, 0x08, 0x7C, 0x19, 0xB1, 0x31, 0xFF, 0x2F, 0xE4,
    0x9C, 0x7F, 0x4E, 0x98, 0x63, 0x92, 0x30, 0x4C, 0x0E, 0x88, 0x1C, 0x2E, 0x51, 0x04, 0x0E, 0x3D,
    0xAC, 0x07, 0xD0, 0x26, 0x57, 0x27, 0xB8, 0x35, 0x79, 0x85, 0x66, 0x2F, 0xD2, 0x06, 0xCB, 0x2A,
    0xA8, 0x21, 0x62, 0xE2, 0x1B, 0x5C, 0x34, 0xCE, 0x69, 0x43, 0x79, 0x0A, 0xB4, 0x01, 0xA4, 0xBB,
    0x2B, 0x60, 0x52, 0xB0, 0x3A, 0x6A, 0x25, 0xDC, 0x43, 0x5A, 0x15, 0xC7, 0x59, 0x82, 0xB4, 0x2A,
    0x0B, 0x3F, 0x68, 0xE2, 0x2C, 0x78, 0x58, 0xC5, 0x99, 0xDB, 0x17, 0x71, 0x06, 0x04, 0x8F, 0xC9,
    0x24, 0xBA, 0x6D, 0xF5, 0xEF, 0x17, 0x77, 0x84, 0x91, 0xB1, 0x1A, 0x00, 0x3D, 0xAC, 0xC8, 0x29,
    0x51, 0x6C, 0x84, 0xAE, 0x64, 0x57, 0xD3, 0xA5, 0x3A, 0x76, 0x7B, 0xEC, 0x22, 0xC3, 0x6A, 0xAB,
    0x40, 0xE7, 0x02, 0x30, 0x33, 0xA7, 0xA3, 0xC3, 0x2D, 0xD8, 0x25, 0xEC, 0x82, 0xBF, 0xA2, 0xF3,
    0x9E, 0xA2, 0x1B, 0xA9, 0x2F, 0x68, 0x97, 0xB0, 0x0B, 0x8B, 0x7B, 0x9A, 0xFB, 0x8E, 0x16, 0x8C,
    0xE7, 0x4C, 0xA0, 0x68, 0x3C, 0xD0, 0x48, 0x84, 0xD4, 0x91, 0x56, 0x0A, 0xDE, 0x3A, 0x8D, 0xF1,
    0xD3, 0x35, 0x69, 0xC4, 0x25, 0x89, 0xBA, 0xE3, 0x4E, 0x9F, 0x11, 0x56, 0x12, 0xC2, 0xCA, 0x9E,
    0xC6, 0x57, 0xB8, 0xC3, 0xA8, 0x05, 0xAC, 0xF8, 0x35, 0x22, 0x03, 0x44, 0xA3, 0x69, 0x9B, 0xCF,
    0xC2, 0xC4, 0xC2, 0xCA, 0xBE, 0x7A, 0xB1, 0xF5, 0x4C, 0xBF, 0xA2, 0x06, 0xA1, 0xC0, 0xDA, 0x82,
    0x22, 0xBF, 0x47, 0x68, 0x5E, 0x05, 0x50, 0xA4, 0xF7, 0xC2, 0x8B, 0xDB, 0x97, 0xEA, 0x86, 0xB2,
    0xB2, 0x1C, 0x28, 0x0B, 0x96, 0x07, 0x51, 0x26, 0x44, 0xB9, 0x10, 0x65, 0x63, 0xC8, 0x55, 0x94,
    0x11, 0x7D, 0x4F, 0x71, 0x0C, 0x76, 0xD8, 0x9D, 0xEA, 0xED, 0x73, 0x65, 0x47, 0x61, 0x72, 0x6F,
    0x48, 0x18, 0x94, 0x23, 0x51, 0x96, 0xC4, 0xF2, 0x34, 0xE4, 0xA2, 0x96, 0xAB, 0xD1, 0x52, 0x21,
    0x15, 0xB6, 0x7B, 0x80, 0xE7, 0x15, 0xD2, 0xD7, 0x77, 0x7C, 0x8D, 0x8C, 0xAC, 0x97, 0x88, 0x1B,
    0xB7, 0x8F, 0xC1, 0x54, 0xA5, 0xD1, 0x10, 0x4C, 0xD5, 0x62, 0x8F, 0xD8, 0xC5, 0xCF, 0x76, 0x99,
    0x2D, 0x99, 0x16, 0xF3, 0x4F, 0xEB, 0xE3, 0x37, 0xE8, 0x1F, 0xA3, 0xC6, 0x0E, 0xAC, 0xA7, 0x64,
    0xB6, 0x3C, 0x5E, 0xBF, 0x96, 0x98, 0x6D, 0x0D, 0x83, 0xEB, 0x72, 0xF7, 0x49, 0x5E, 0x25, 0xC6,
    0xAB, 0xC1, 0xC6, 0x01, 0xAD, 0x75, 0x3A, 0x40, 0x14, 0xA3, 0x74, 0xB0, 0x32, 0xB6, 0xDC, 0xBD,
    0xC6, 0x98, 0x12, 0x55, 0x36, 0x73, 0x63, 0x06, 0x27, 0xED, 0x5D, 0xA8, 0xA1, 0x63, 0x6C, 0xDA,
    0x0F, 0x4F, 0xCA, 0xDD, 0x0D, 0x05, 0xE9, 0x39, 0x13, 0xF2, 0xBE, 0x88, 0x54, 0xC0, 0x0E, 0x81,
    0xEF, 0xFB, 0xEE, 0x18, 0x3B, 0x6F, 0x10, 0x21, 0x88, 0x4E, 0xFF, 0x57, 0x37, 0x61, 0xE6, 0xAD,
    0x55, 0x66, 0x42, 0xF9, 0x84, 0x4C, 0x2E, 0xFC, 0xC7, 0xD7, 0x1A, 0xF0, 0x4D, 0x3C, 0x99, 0xAD,
    0x86, 0xA2, 0xF9, 0x6D, 0xA6, 0x05, 0x63, 0x2D, 0xBC, 0x59, 0x61, 0x45, 0x0C, 0xE2, 0x48, 0x8C,
    0xDC, 0xCA, 0x67, 0x55, 0x89, 0x44, 0x20, 0x28, 0x20, 0x9B, 0xD0, 0x40, 0x38, 0x11, 0x85, 0x1F,
    0x0F, 0x72, 0x8F, 0x59, 0x55, 0x47, 0x24, 0x3A, 0xF8, 0x19, 0xBB, 0x87, 0x58, 0xD4, 0xFB, 0x82,
    0xD9, 0xFC, 0xA3, 0x74, 0xC8, 0xCF, 0x64, 0x75, 0x1C, 0x7C, 0xDF, 0x53, 0xE0, 0x63, 0x4D, 0x68,
    0x73, 0xCC, 0x49, 0x6C, 0x33, 0x7A, 0x8D, 0x19, 0xD2, 0x45, 0x6A, 0x24, 0x0D, 0xF6, 0xDD, 0xD6,
    0xFA, 0x0B, 0x40, 0x86, 0xC0, 0x50, 0xA2, 0x22, 0xF1, 0x4A, 0xB7, 0x02, 0x66, 0x80, 0x92, 0x1A,
    0xF8, 0x11, 0x14, 0x4E, 0xE3, 0xFE, 0xBD, 0x40, 0x22, 0xDB, 0xF9, 0x0F, 0x51, 0xB4, 0x4B, 0x17,
    0x7C, 0x48, 0x05, 0x4F, 0x43, 0x69, 0xA0, 0xDF, 0x04, 0x88, 0xC3, 0x3C, 0x6C, 0x2C, 0x13, 0x10,
    0x17, 0xC2, 0xE4, 0x1B, 0xCD, 0x1B, 0xA3, 0x5A, 0xA3, 0x3C, 0x33, 0x05, 0xE4, 0x47, 0x2C, 0x18,
    0xDC, 0x82, 0xF7, 0x5D, 0x4A, 0x5A, 0x0B, 0x99, 0x05, 0x19, 0xE2, 0x7A, 0x60, 0x17, 0x79, 0x8F,
    0x57, 0x61, 0xDE, 0xA8, 0x61, 0x7A, 0xA0, 0xEE, 0xAF, 0x0E, 0x1E, 0x32, 0x2D, 0xD0, 0x70, 0xA7,
    0x9D, 0xBA, 0xFF, 0x74, 0xA1, 0x92, 0x1B, 0x82, 0x99, 0xAF, 0xA2, 0x4A, 0xE1, 0x29, 0x78, 0x69,
    0xA9, 0x35, 0x3D, 0xF3, 0xA7, 0xD0, 0x62, 0xF1, 0x5A, 0xAF, 0x21, 0x47, 0x13, 0x3A, 0x25, 0x76,
    0x2B, 0x31, 0x19, 0xAC, 0x21, 0x05, 0xE9, 0xB8, 0xDB, 0x82, 0x92, 0x48, 0xB8, 0x68, 0xC0, 0xE5,
    0x3D, 0x4D, 0x22, 0xAB, 0xD7, 0xE8, 0x46, 0x60, 0xEE, 0xF2, 0xDA, 0x52, 0x53, 0xD8, 0xAF, 0xFA,
    0xDF, 0xE2, 0x38, 0xE5, 0x53, 0xF2, 0x99, 0x6B, 0xB3, 0xF8, 0x92, 0xD9, 0x5A, 0x41, 0x8C, 0x38,
    0x36, 0x27, 0x3F, 0x09, 0xE5, 0xF4, 0x69, 0x2D, 0x0E, 0x94, 0x0A, 0x4D, 0x95, 0x92, 0xDF, 0xD9,
    0x42, 0xB4, 0x67, 0xC5, 0xD4, 0xCB, 0xCD, 0x39, 0xF2, 0x80, 0x62, 0x35, 0x37, 0xAD, 0x9E, 0xB1,
    0x7C, 0xE7, 0x7B, 0xA5, 0xEB, 0xDC, 0x9C, 0x9B, 0x75, 0x9A, 0x3D, 0x1E, 0x68, 0x08, 0x86, 0x4A,
    0x56, 0x2B, 0xC4, 0xDA, 0x9E, 0x00, 0x28, 0xBD, 0x67, 0x26, 0x14, 0xC3, 0x84, 0x7A, 0x98, 0xB0,
    0x3D, 0x4C, 0x08, 0x07, 0xD2, 0xBD, 0x61, 0x82, 0xB3, 0x9E, 0x40, 0x48, 0x78, 0xF7, 0xEA, 0xDC,
    0x24, 0x7D, 0x79, 0xF3, 0xD3, 0x52, 0x8F, 0x54, 0xBE, 0xFB, 0x7D, 0xF5, 0xD3, 0x92, 0xEB, 0xCC,
    0x53, 0xB9, 0x3C, 0x54, 0x2B, 0xAC, 0x4D, 0x90, 0xDE, 0x8D, 0xFE, 0x43, 0xF5, 0xC2, 0xF3, 0x58,
    0xCA, 0xA5, 0x91, 0x49, 0x34, 0x2B, 0xF0, 0x59, 0xB0, 0x69, 0xC1, 0x83, 0xE2, 0x53, 0xAB, 0xCF,
    0xBE, 0x50, 0x7D, 0xBD, 0x03, 0x9A, 0xC3, 0x14, 0x43, 0xFB, 0xA8, 0x1E, 0xB7, 0x9C, 0xBE, 0x7D,
    0x00, 0x18, 0x45, 0x38, 0x09, 0x60, 0x85, 0x6E, 0x37, 0x9C, 0x5F, 0xE8, 0x19, 0x46, 0x77, 0x72,
    0x7E, 0xD1, 0x8D, 0x35, 0x48, 0xB9, 0x5D, 0x50, 0x86, 0x1D, 0x2A, 0xDB, 0x0C, 0x95, 0xED, 0x3D,
    0x56, 0x06, 0x77, 0xC5, 0x1E, 0x7D, 0x9D, 0x69, 0x9B, 0xFB, 0xD2, 0xE6, 0x4B, 0x79, 0x0A, 0x3D,
    0xF6, 0x45, 0x58, 0xAC, 0x94, 0x44, 0xA7, 0xA6, 0x32, 0x4E, 0xB7, 0x4E, 0x91, 0x70, 0x54, 0xC3,
    0x0B, 0xAB, 0x1E, 0x55, 0x33, 0xE6, 0x4B, 0x93, 0x77, 0x8A, 0x86, 0x82, 0x35, 0xA0, 0x34, 0xE3,
    0xB1, 0xCA, 0x2F, 0x5D, 0x1E, 0x96, 0x1D, 0xD7, 0xCB, 0xA7, 0x0B, 0xA5, 0x6C, 0x78, 0x0E, 0x17,
    0x31, 0x01, 0x30, 0xC5, 0x53, 0x3C, 0x5F, 0xD9, 0x35, 0x6C, 0x7D, 0x75, 0x36, 0xA6, 0x5D, 0x35,
    0xC8, 0x13, 0xDA, 0x4C, 0x79, 0x2F, 0x5F, 0xCE, 0x7B, 0xFC, 0x0C, 0xEF, 0x2B, 0xF0, 0xDE, 0x28,
    0xEF, 0x72, 0xD9, 0x20, 0x10, 0xF2, 0xF4, 0xA0, 0x37, 0x21, 0x78, 0x4C, 0xB4, 0x40, 0x71, 0x6A,
    0x24, 0x32, 0x3C, 0xD1, 0x6A, 0x7A, 0xAD, 0x4A, 0x4E, 0xD1, 0x27, 0x52, 0x81, 0xBE, 0xFA, 0x98,
    0x3E, 0x9E, 0xF9, 0x6C, 0x1E, 0x48, 0x82, 0x3C, 0xFD, 0x01, 0xA5, 0xD6, 0x0C, 0x77, 0xC2, 0x13,
    0x99, 0xE6, 0x87, 0x8F, 0x6F, 0x1F, 0x3F, 0x39, 0xF7, 0x86, 0xA9, 0x5D, 0x4E, 0x49, 0xC5, 0x36,
    0x56, 0x9D, 0x86, 0xA5, 0xBF, 0x4C, 0x50, 0x68, 0x82, 0x13, 0xD4, 0x70, 0x32, 0xE5, 0x39, 0x20,
    0x38, 0x19, 0x67, 0xB6, 0x4D, 0x41, 0x05, 0xC6, 0x47, 0xCB, 0xA0, 0x0A, 0x96, 0x98, 0x3F, 0x91,
    0xBC, 0x45, 0x85, 0xC7, 0x5C, 0x4E, 0x3A, 0x87, 0x60, 0xF4, 0x78, 0xB7, 0x72, 0x19, 0x78, 0x76,
    0xDB, 0xF3, 0x35, 0x0B, 0xA9, 0xB6, 0x79, 0x0B, 0xCD, 0xAE, 0x50, 0x15, 0xCF, 0xE0, 0xC2, 0xA1,
    0xE9, 0x78, 0x82, 0x7A, 0x81, 0x76, 0x28, 0xBE, 0x91, 0x78, 0xF6, 0x13, 0xB9, 0x34, 0x8E, 0x4F,
    0x5F, 0xDB, 0x8C, 0x08, 0xC8, 0xD0, 0xF5, 0x58, 0x83, 0x87, 0xCE, 0x2F, 0xFF, 0x20, 0xBF, 0x2F,
    0xF3, 0xF4, 0xB7, 0x5A, 0x6A, 0x9E, 0x9F, 0xB5, 0x04, 0x26, 0x63, 0xFE, 0x81, 0xB2, 0x3B, 0x03,
    0xBA, 0x64, 0x51, 0x21, 0x19, 0x72, 0x3C, 0xDA, 0x16, 0xCF, 0xDB, 0xF2, 0xDC, 0xC8, 0x11, 0x73,
    0x5B, 0x8E, 0x69, 0x66, 0x3B, 0x43, 0x63, 0xB2, 0xE6, 0xA7, 0xD7, 0xB3, 0x17, 0x5C, 0xF7, 0x68,
    0x4E, 0x77, 0x60, 0x9C, 0x8D, 0xDF, 0xA7, 0x4F, 0xFB, 0x65, 0xD2, 0x57, 0x60, 0xBF, 0xF5, 0x6A,
    0x08, 0xA0, 0x74, 0x1A, 0xA2, 0x3A, 0x4D, 0x1A, 0xF1, 0xE5, 0xB5, 0x7B, 0x15, 0xCB, 0x21, 0xCD,
    0x9D, 0xA6, 0x4F, 0x17, 0xE8, 0xE1, 0xC7, 0x4B, 0xAC, 0xC8, 0xFC, 0xB3, 0xBD, 0x40, 0x3B, 0xE4,
    0x61, 0xBC, 0xBA, 0xCB, 0x4A, 0xAC, 0xBB, 0xF8, 0x3C, 0x92, 0x6C, 0xC7, 0xD6, 0x84, 0xA9, 0xFC,
    0xB8, 0xB3, 0xD9, 0x65, 0x3C, 0x18, 0x02, 0x02, 0xA2, 0xD3, 0xD2, 0x1C, 0xDD, 0xD3, 0xE6, 0x08,
    0x1E, 0x07, 0x1A, 0x4C, 0x5F, 0x86, 0x45, 0xAF, 0x6E, 0x3B, 0xAA, 0xE9, 0xA6, 0xAF, 0x72, 0xDB,
    0x76, 0xD6, 0x4A, 0xEB, 0x9C, 0x35, 0x98, 0xCF, 0x86, 0x83, 0xAA, 0x63, 0xA8, 0x79, 0x7D, 0x77,
    0xCB, 0x6C, 0x54, 0x3B, 0xD3, 0xDE, 0x97, 0x4D, 0xD3, 0xE4, 0xC5, 0x93, 0xA7, 0x05, 0x6C, 0x76,
    0xB5, 0x3E, 0x00, 0x3F, 0x2F, 0x04, 0x1C, 0xEA, 0x61, 0x8D, 0xDF, 0x57, 0xD1, 0xBF, 0xB1, 0xC9,
    0x74, 0x22, 0x97, 0xA6, 0x0A, 0x1A, 0xE1, 0x52, 0x2B, 0xA7, 0x6B, 0x9D, 0xD6, 0xEE, 0x71, 0x23,
    0xB7, 0x56, 0x32, 0x4D, 0xFA, 0x8E, 0xA7, 0x3A, 0x57, 0xC4, 0xE1, 0x3F, 0x3F, 0x86, 0x7B, 0xC6,
    0xBA, 0xB7, 0x72, 0xEB, 0x93, 0x27, 0x2F, 0xB8, 0x1B, 0x66, 0xFF, 0x32, 0x63, 0xEC, 0x83, 0x87,
    0xFA, 0x17, 0x72, 0x8C, 0x4E, 0x8B, 0xC5, 0xD0, 0x24, 0x26, 0x47, 0xED, 0x3B, 0x1C, 0x48, 0x5E,
    0xD1, 0x73, 0xED, 0xAD, 0xB1, 0xCD, 0x61, 0x5A, 0xE4, 0x47, 0xC8, 0x9A, 0x58, 0x7D, 0xB8, 0x25,
    0x53, 0x27, 0x24, 0x31, 0x46, 0x93, 0x29, 0x1E, 0x2C, 0x4F, 0xE0, 0xC3, 0x31, 0xB3, 0xA5, 0xDA,
    0xA6, 0x0E, 0x43, 0x02, 0x22, 0xC3, 0xD9, 0xB8, 0xA3, 0xD1, 0xCC, 0x2D, 0x62, 0xAD, 0x37, 0x23,
    0x84, 0x90, 0x20, 0x0D, 0x4C, 0x60, 0x42, 0x13, 0x14, 0x11, 0x7E, 0xFB, 0x45, 0xA2, 0x87, 0x7C,
    0xB3, 0x8A, 0x47, 0x7B, 0xDF, 0x6A, 0x7D, 0x50, 0x53, 0xE3, 0xDF, 0x56, 0x47, 0x58, 0x0D, 0x6C,
    0xA3, 0x9F, 0x15, 0xF6, 0xBC, 0x0D, 0x9E, 0x84, 0x3C, 0x4D, 0x4F, 0x98, 0x69, 0xB8, 0x27, 0xD7,
    0x58, 0x08, 0xD2, 0x01, 0xA0, 0x10, 0xD5, 0x52, 0xB5, 0x87, 0x88, 0xDF, 0x69, 0x84, 0xD2, 0x68,
    0xC5, 0xB7, 0xF8, 0x7E, 0xDF, 0x0C, 0xD1, 0x6A, 0x86, 0x30, 0x84, 0xDA, 0x15, 0xA9, 0xC2, 0xF6,
    0x40, 0xEA, 0x16, 0xE8, 0x6C, 0x2F, 0x08, 0x25, 0x56, 0x62, 0x11, 0x00, 0x28, 0x4F, 0x11, 0xD7,
    0x52, 0xBF, 0xFF, 0x38, 0x95, 0x3B, 0xF6, 0xCC, 0x74, 0x0B, 0xBE, 0x3C, 0xFB, 0xA4, 0x23, 0x8E,
    0x8A, 0xBF, 0x52, 0x0A, 0x31, 0x25, 0x61, 0x31, 0xD1, 0x51, 0x3F, 0x5E, 0xA5, 0xFF, 0x4D, 0xA1,
    0xBA, 0x1D, 0xC6, 0x4E, 0xFE, 0x42, 0xAE, 0x92, 0xE8, 0x91, 0x03, 0xCB, 0x26, 0x64, 0xAC, 0x28,
    0x1D, 0x90, 0xCB, 0x25, 0x1A, 0xE5, 0x27, 0xCF, 0xDE, 0x3C, 0x5D, 0x92, 0x6B, 0x35, 0xCF, 0x18,
    0x79, 0xBE, 0xD9, 0xAC, 0xFF, 0xEB, 0xF2, 0xDC, 0xB4, 0x58, 0xEB, 0x00, 0x5F, 0xC7, 0x9A, 0xF6,
    0xBC, 0xAB, 0xF9, 0xEC, 0xC7, 0xA0, 0xAE, 0xD4, 0x53, 0x4D, 0x4D, 0x79, 0x9F, 0xBF, 0x23, 0xCD,
    0x40, 0xFC, 0xAF, 0x98, 0xEF, 0x7A, 0x8F, 0x87, 0x7F, 0xFC, 0x44, 0x67, 0xA6, 0xA1, 0x9A, 0x6B,
    0xB9, 0x0E, 0xF4, 0xBC, 0x69, 0xDE, 0x4C, 0xDA, 0x00, 0x11, 0xE8, 0x30, 0x5A, 0x5E, 0x97, 0x83,
    0xFF, 0x01, 0xC5, 0x59, 0x3D, 0x8C, 0xDC, 0xC6, 0x15, 0x7E, 0x24, 0x25, 0xAD, 0x23, 0x22, 0xA6,
    0x0A, 0x39, 0x50, 0x64, 0x3B, 0x54, 0xA1, 0x42, 0xB0, 0x95, 0x63, 0xA3, 0x42, 0xC5, 0x2E, 0x39,
    0x0E, 0x90, 0xB4, 0x51, 0xE1, 0x43, 0x8A, 0x14, 0x52, 0xDA, 0x14, 0x91, 0x80, 0xA8, 0xB8, 0x62,
    0xEF, 0x96, 0x8E, 0xCB, 0x14, 0xBA, 0x34, 0x69, 0x52, 0x44, 0x85, 0x1A, 0x5F, 0x80, 0xE8, 0x0A,
    0x15, 0x87, 0x80, 0x77, 0xA4, 0xA5, 0x22, 0x45, 0x8A, 0x30, 0x85, 0x90, 0x22, 0x45, 0x06, 0x8A,
    0xF3, 0x03, 0xBB, 0x10, 0x03, 0x6C, 0x1C, 0x1A, 0xE2, 0xED, 0xF8, 0xFB, 0x66, 0xB8, 0xAB, 0x13,
    0x64, 0xC5, 0x4A, 0xB4, 0xCA, 0x71, 0x77, 0x1E, 0x97, 0x33, 0xC3, 0xF7, 0xDE, 0xBC, 0x79, 0xBF,
    0xB3, 0x32, 0xDA, 0x18, 0x89, 0xC8, 0xF9, 0x61, 0x7F, 0x8D, 0x70, 0x0D, 0x45, 0x7C, 0xF4, 0x45,
    0xB9, 0x6B, 0xE5, 0xBE, 0x04, 0xC6, 0x54, 0xD1, 0xC3, 0x1B, 0x55, 0x16, 0xBD, 0xA7, 0x52, 0xF4,
    0x15, 0x68, 0x1D, 0x5A, 0xDB, 0x37, 0x3E, 0x8F, 0xD1, 0x38, 0x96, 0xDC, 0x78, 0xBF, 0x8A, 0xCC,
    0xC3, 0xCA, 0x37, 0x46, 0x24, 0xF9, 0xC8, 0xE1, 0x08, 0x95, 0x88, 0xB7, 0x07, 0x10, 0x9B, 0xA9,
    0xC8, 0xE4, 0x93, 0x7D, 0x91, 0x7D, 0x99, 0x88, 0x37, 0x95, 0x57, 0xC4, 0x6F, 0x40, 0x2C, 0x58,
    0x00, 0xFB, 0x18, 0x1B, 0x93, 0x4B, 0x66, 0x4C, 0x2D, 0xC7, 0x67, 0x5B, 0x78, 0xAD, 0x40, 0x9F,
    0xAC, 0x13, 0x90, 0x5B, 0x49, 0x17, 0xBF, 0x38, 0xE0, 0x1B, 0x2D, 0x9B, 0x98, 0xFC, 0xAB, 0x26,
    0xFB, 0x79, 0x89, 0x57, 0xC4, 0xFB, 0x40, 0xCE, 0x62, 0x09, 0xEB, 0x93, 0x5F, 0xE6, 0xE8, 0x96,
    0xE8, 0x6F, 0x1D, 0x98, 0x18, 0x49, 0x8C, 0xF7, 0xD8, 0x22, 0x85, 0x56, 0x15, 0x92, 0x60, 0x6C,
    0x02, 0x42, 0xC3, 0x23, 0x21, 0xE6, 0xCB, 0x51, 0xD9, 0x05, 0x61, 0xC9, 0x04, 0xDF, 0x24, 0x07,
    0x7F, 0x51, 0xED, 0xB5, 0xE0, 0x09, 0x5C, 0x79, 0x5D, 0x54, 0x89, 0xEC, 0xC6, 0xE0, 0x24, 0x9B,
    0x50, 0x34, 0x1D, 0xC0, 0xF7, 0x5B, 0x91, 0x81, 0xC1, 0x7A, 0x02, 0x02, 0xC7, 0xFC, 0xF7, 0x9A,
    0xA7, 0xFB, 0x0E, 0x2C, 0x4D, 0x03, 0x4C, 0xDB, 0xC5, 0x75, 0x4D, 0x9E, 0x7C, 0xDE, 0x96, 0xB7,
    0xB5, 0x78, 0x66, 0x26, 0x83, 0x99, 0xC9, 0xA3, 0x2A, 0xCA, 0x23, 0xE5, 0x81, 0x5B, 0xD0, 0x03,
    0xF5, 0x10, 0xE4, 0x02, 0xF3, 0x11, 0x45, 0x23, 0xD9, 0x77, 0x4C, 0xB5, 0x2E, 0xA1, 0x2E, 0x80,
    0x77, 0x43, 0x02, 0x9D, 0xD5, 0x83, 0x3A, 0x36, 0x65, 0xEE, 0x1B, 0x08, 0xF6, 0x75, 0xC8, 0x5D,
    0x26, 0x7C, 0x2B, 0xBF, 0x82, 0x86, 0xB5, 0xAB, 0xF2, 0x67, 0x25, 0x56, 0xDB, 0x59, 0x49, 0xF1,
    0x3A, 0xE9, 0x49, 0x16, 0x61, 0x37, 0xAB, 0x53, 0x3E, 0xE6, 0xFD, 0x50, 0x59, 0x89, 0xE3, 0x55,
    0x99, 0xA9, 0xAB, 0x15, 0x79, 0xC5, 0x26, 0x70, 0xDB, 0x0A, 0x59, 0x91, 0x52, 0xAF, 0xC8, 0x70,
    0x60, 0xBA, 0x48, 0xD6, 0xA2, 0xFC, 0x6C, 0xA8, 0xB6, 0x57, 0xC0, 0x47, 0xD5, 0x0C, 0x9F, 0x82,
    0x23, 0xC2, 0x3B, 0x09, 0x04, 0x90, 0x5F, 0x8C, 0xFE, 0xBA, 0x13, 0xAA, 0x61, 0x60, 0xDA, 0x48,
    0x22, 0xB9, 0xBA, 0x39, 0x92, 0x10, 0x2B, 0x68, 0xC5, 0x6F, 0xC1, 0x34, 0x98, 0xFB, 0xD8, 0x28,
    0xCA, 0x69, 0x2A, 0xFD, 0x35, 0xF8, 0x57, 0x9E, 0x98, 0x3A, 0x0D, 0xEB, 0x71, 0x50, 0xEF, 0x04,
    0x75, 0x11, 0xF0, 0x47, 0x16, 0xD7, 0xF1, 0xA3, 0xDA, 0xDF, 0x54, 0x72, 0xE5, 0x18, 0xC4, 0x14,
    0xE5, 0x41, 0x93, 0x01, 0x4F, 0x21, 0xF1, 0x7B, 0xAD, 0x64, 0x60, 0x72, 0x3C, 0xA8, 0xED, 0x3D,
    0xCA, 0x81, 0xB6, 0x5E, 0x17, 0x8E, 0x5B, 0x75, 0x3C, 0xE3, 0xCB, 0x6B, 0xAB, 0xAB, 0xAB, 0x52,
    0x1A, 0xE8, 0xED, 0x84, 0x40, 0x9C, 0x0C, 0xBF, 0x10, 0x0C, 0xF2, 0xA3, 0xAB, 0xD0, 0x03, 0x4C,
    0xE4, 0x93, 0xFC, 0x48, 0x59, 0xCE, 0x62, 0x28, 0xC9, 0x70, 0x0B, 0xCB, 0x35, 0xF7, 0xAA, 0x46,
    0xDF, 0xAD, 0xF4, 0xA3, 0x0F, 0x2B, 0x6D, 0xBE, 0x55, 0x35, 0x0F, 0xEE, 0x56, 0xDB, 0x0F, 0xEE,
    0xE5, 0x43, 0xF5, 0x5D, 0x10, 0x06, 0x51, 0x83, 0x9D, 0xFD, 0x3A, 0xD6, 0x64, 0xEA, 0xD2, 0x68,
    0x6F, 0x47, 0x22, 0xA3, 0x92, 0xB0, 0x1A, 0x06, 0xF5, 0xD0, 0xD7, 0xF8, 0xA6, 0x41, 0x15, 0x9B,
    0x7C, 0xB0, 0x6F, 0xD7, 0x19, 0x51, 0xD0, 0x6A, 0xD1, 0xDE, 0xBA, 0xBD, 0x95, 0x83, 0x47, 0x3D,
    0xA1, 0xA2, 0x1F, 0xE8, 0xB7, 0xF3, 0x70, 0x61, 0x11, 0x8A, 0xE3, 0x25, 0xC7, 0x25, 0x6E, 0xB2,
    0xEE, 0xFA, 0x50, 0x86, 0xD2, 0xFA, 0x4D, 0x58, 0x25, 0x32, 0xE9, 0x26, 0x5D, 0xD6, 0x66, 0x9D,
    0xC7, 0xA7, 0xE9, 0x4A, 0x07, 0x83, 0x18, 0x6D, 0x74, 0x59, 0xE3, 0xC9, 0x31, 0x20, 0xC9, 0xB0,
    0x79, 0x8D, 0x28, 0x8B, 0x67, 0x47, 0x42, 0xAA, 0xC1, 0x73, 0xB5, 0x7D, 0xC9, 0x72, 0xF3, 0x8E,
    0xC9, 0x8D, 0x79, 0x98, 0xCF, 0xCC, 0x4F, 0x55, 0x77, 0x52, 0x84, 0xDA, 0xDE, 0xF5, 0xC6, 0x76,
    0x86, 0x08, 0xBF, 0xB6, 0x75, 0x13, 0x5A, 0xDE, 0x26, 0xE6, 0xB3, 0x22, 0x33, 0xD3, 0x71, 0x89,
    0x66, 0x0E, 0x34, 0x3E, 0x4F, 0xD0, 0x38, 0x06, 0x83, 0x1F, 0xFB, 0x68, 0x22, 0x77, 0x9E, 0xD1,
    0x30, 0xF6, 0x83, 0xE6, 0xA2, 0x50, 0x35, 0x61, 0x76, 0x27, 0x77, 0xF7, 0x86, 0xC7, 0x20, 0x80,
    0x14, 0xD4, 0x5A, 0x39, 0x21, 0x5E, 0x1E, 0xE9, 0x4C, 0xBF, 0xA5, 0xBD, 0x03, 0x1F, 0xA1, 0x22,
    0x41, 0xCE, 0x59, 0x58, 0x8D, 0x03, 0xBD, 0xE3, 0xF3, 0x4B, 0x85, 0xB9, 0x0C, 0xC7, 0x23, 0xDE,
    0x2D, 0xEA, 0x0B, 0xD4, 0x60, 0x7D, 0x50, 0x67, 0x7E, 0x13, 0x55, 0x5D, 0xA0, 0x53, 0xBF, 0x49,
    0x06, 0x3A, 0xC5, 0x6F, 0xF4, 0xEC, 0x0E, 0x6A, 0x8C, 0x62, 0x0E, 0x74, 0xDF, 0x97, 0xA4, 0xC2,
    0xA2, 0xCB, 0x4A, 0x12, 0xF9, 0x71, 0x05, 0x09, 0x06, 0x15, 0x56, 0x1A, 0x54, 0xD0, 0xFF, 0xA0,
    0x0A, 0x6A, 0x00, 0xA8, 0x48, 0x00, 0x61, 0x03, 0x58, 0xA7, 0xD3, 0x59, 0x0F, 0xE5, 0xA3, 0x53,
    0x0F, 0x34, 0xF4, 0x27, 0xD2, 0x74, 0x19, 0x1A, 0xEC, 0x7E, 0xAA, 0xA5, 0xF3, 0x1F, 0x68, 0xAF,
    0x09, 0x0C, 0x28, 0xFA, 0xA6, 0x85, 0xCA, 0xFB, 0x1A, 0x3B, 0xE9, 0xD7, 0x76, 0x13, 0x40, 0xED,
    0x28, 0xA9, 0xC5, 0x02, 0x6A, 0x29, 0xA9, 0x15, 0xA4, 0x36, 0x25, 0x21, 0x0D, 0x10, 0x92, 0x10,
    0x8C, 0x3D, 0xA8, 0x32, 0x52, 0xB3, 0x1E, 0x6F, 0x6A, 0x3D, 0x47, 0xA2, 0xA1, 0xF6, 0x25, 0x56,
    0xAC, 0x9A, 0x82, 0xEE, 0x69, 0x87, 0x1B, 0x31, 0xE5, 0x9B, 0xDA, 0x6A, 0x7F, 0x48, 0x7C, 0x50,
    0x7B, 0x5A, 0x9B, 0x98, 0xCE, 0x52, 0xCB, 0xE0, 0x2D, 0x72, 0xA8, 0x88, 0x60, 0x11, 0x5E, 0x43,
    0xF3, 0x0B, 0x49, 0x5A, 0x92, 0x29, 0x9D, 0x27, 0x94, 0x85, 0xF8, 0x47, 0x1E, 0x09, 0x0C, 0x41,
    0x5E, 0x7E, 0xD3, 0xD1, 0x42, 0x27, 0x0D, 0xB5, 0xCF, 0x73, 0xFE, 0x15, 0x53, 0xAE, 0xE3, 0x61,
    0xEA, 0xD1, 0xF1, 0xE8, 0x00, 0x30, 0xAC, 0xA2, 0x96, 0x0A, 0xBA, 0xB2, 0x46, 0x17, 0x5C, 0xAC,
    0x71, 0x0A, 0xBC, 0x11, 0xB0, 0x94, 0x46, 0x88, 0x65, 0x8D, 0x2B, 0x02, 0xEC, 0x2F, 0xAA, 0x31,
    0xB6, 0xD4, 0xAA, 0xF4, 0xF1, 0xBE, 0xEF, 0x68, 0xDF, 0x6F, 0xDD, 0x9A, 0x12, 0xAF, 0x54, 0x12,
    0x32, 0x50, 0xD4, 0xCE, 0xAB, 0x93, 0xAD, 0xB6, 0x6F, 0x4E, 0xE5, 0x42, 0xBA, 0x63, 0x15, 0x3F,
    0x32, 0x30, 0x4B, 0xF4, 0xDE, 0x06, 0xBE, 0x15, 0xBB, 0x42, 0xFC, 0x90, 0x90, 0x6E, 0x55, 0xB6,
    0xE7, 0x04, 0x9D, 0x76, 0xF2, 0x3D, 0x8F, 0x20, 0x98, 0x11, 0xD0, 0x1D, 0x86, 0x7F, 0x26, 0xB9,
    0x1B, 0x60, 0x2E, 0xE6, 0x3A, 0x53, 0x32, 0x3B, 0x62, 0xA4, 0x29, 0x28, 0xE3, 0x16, 0xAF, 0x40,
    0x48, 0x34, 0x66, 0x38, 0x5F, 0x00, 0x23, 0xE1, 0xC7, 0x5B, 0xB7, 0xE1, 0x7E, 0xB1, 0xC3, 0x74,
    0x68, 0x75, 0xCA, 0x7D, 0x18, 0x73, 0xEB, 0xB9, 0xB8, 0xA6, 0xA7, 0x46, 0x4D, 0x74, 0x2C, 0x58,
    0x66, 0x2E, 0x1E, 0x12, 0x1B, 0x32, 0xA7, 0x66, 0x69, 0x44, 0xBF, 0x07, 0x2F, 0x6F, 0xFA, 0xD5,
    0xE1, 0xF1, 0x12, 0x57, 0xDB, 0x54, 0x40, 0x60, 0x59, 0x9B, 0xA0, 0xFF, 0x42, 0x98, 0x1F, 0x0A,
    0x2F, 0x47, 0x3D, 0x20, 0x85, 0xD9, 0xF7, 0xE0, 0xB8, 0x7F, 0x38, 0x6C, 0x78, 0x74, 0xFD, 0x83,
    0x87, 0x44, 0x1F, 0xE4, 0x3D, 0xB0, 0x8F, 0x76, 0xE0, 0xFF, 0xB3, 0x29, 0xA7, 0xB7, 0x98, 0x44,
    0x31, 0xD9, 0xA1, 0x5A, 0xB8, 0x80, 0xE8, 0xBB, 0x90, 0x34, 0x8F, 0x4C, 0xEE, 0x96, 0xD9, 0xA4,
    0x4A, 0xD6, 0xDD, 0xAD, 0xB5, 0x37, 0x84, 0xD5, 0xAD, 0x0F, 0x68, 0xFC, 0xCC, 0xA5, 0xE0, 0x67,
    0x32, 0x66, 0x0A, 0xD9, 0x3C, 0xFD, 0xE2, 0xCD, 0x33, 0x36, 0x79, 0x08, 0xDC, 0x2D, 0xBA, 0xBF,
    0xBA, 0xEB, 0xE2, 0xDC, 0xC8, 0xA5, 0x6A, 0x29, 0x42, 0x31, 0x96, 0x89, 0xD7, 0xAB, 0x3B, 0xEE,
    0xB6, 0x50, 0x95, 0x5F, 0x6F, 0x32, 0xF3, 0x98, 0x39, 0x9E, 0x82, 0x7D, 0x7A, 0x18, 0xDA, 0x54,
    0xCC, 0xAD, 0xCA, 0x38, 0x61, 0x63, 0x9E, 0xE4, 0x39, 0xD0, 0x2D, 0x80, 0x7D, 0xDC, 0x5D, 0x24,
    0x83, 0x76, 0xB2, 0x0D, 0xE7, 0xB0, 0x47, 0x4F, 0x7C, 0x9B, 0xC8, 0x30, 0xB9, 0x83, 0x77, 0x69,
    0xE7, 0xC9, 0xE2, 0xCE, 0x3C, 0xBD, 0xB4, 0x80, 0xC1, 0x11, 0xDE, 0x51, 0x02, 0x3A, 0xC1, 0x99,
    0x2C, 0xA2, 0x2E, 0x85, 0xC5, 0x88, 0x8B, 0x66, 0xBD, 0xF0, 0x17, 0xB5, 0x3D, 0x48, 0x04, 0xE3,
    0x68, 0x33, 0x79, 0xD6, 0x9C, 0x5D, 0x97, 0x81, 0xD4, 0x4E, 0xEA, 0xDF, 0x74, 0x44, 0x48, 0xAC,
    0xB7, 0x87, 0x97, 0x43, 0xA7, 0x97, 0xDE, 0x04, 0x62, 0xFC, 0x6C, 0x2A, 0x7E, 0x35, 0x7C, 0x79,
    0xB4, 0xD4, 0x49, 0xE8, 0x46, 0x61, 0x9B, 0xB7, 0x79, 0xEE, 0xA5, 0xD1, 0x19, 0xA3, 0x50, 0x88,
    0x6B, 0xEB, 0x6B, 0x95, 0xD7, 0xF8, 0xCF, 0xF1, 0x81, 0x8D, 0x34, 0x83, 0x26, 0xA9, 0xB9, 0xE9,
    0x27, 0x64, 0x0C, 0x8C, 0x5F, 0xFE, 0x19, 0xDB, 0x18, 0x3D, 0x95, 0xB0, 0x93, 0xE4, 0xAA, 0x5C,
    0x1C, 0xE4, 0x4E, 0x43, 0x3C, 0x9B, 0x0B, 0xFF, 0x0F, 0x5F, 0xBC, 0x88, 0x2C, 0x1B, 0x29, 0xC7,
    0x46, 0x54, 0x9D, 0x3B, 0xA6, 0x5E, 0x1C, 0x9B, 0x47, 0x1B, 0x0E, 0x69, 0x62, 0x00, 0x86, 0x41,
    0x3F, 0xA9, 0x99, 0x33, 0x20, 0xFB, 0x13, 0x8F, 0xC9, 0x86, 0xD8, 0x10, 0xBE, 0x6E, 0xFD, 0x46,
    0xF2, 0x0F, 0x00, 0xDA, 0x55, 0x8A, 0x14, 0x40, 0x52, 0xDB, 0x47, 0x30, 0x22, 0x28, 0xE6, 0x93,
    0x7D, 0xBE, 0x16, 0x36, 0xE1, 0xFD, 0xD5, 0xB2, 0x22, 0x52, 0x57, 0xBA, 0xB8, 0x2B, 0x7B, 0x07,
    0xA6, 0x61, 0x90, 0xD4, 0xC8, 0x3F, 0xA9, 0x56, 0x3A, 0x76, 0xA9, 0x24, 0xE4, 0x09, 0xF3, 0xC2,
    0x16, 0x0D, 0xAA, 0x92, 0x3E, 0xA1, 0xCC, 0x09, 0x6A, 0x02, 0x66, 0x19, 0x45, 0x47, 0xB0, 0x41,
    0x90, 0x28, 0x80, 0x08, 0x69, 0x4D, 0x41, 0x16, 0x0B, 0xAF, 0x63, 0xEA, 0xBE, 0x47, 0x90, 0x11,
    0x44, 0xBF, 0x03, 0x18, 0x3C, 0x02, 0xF0, 0xAD, 0xAA, 0x58, 0x90, 0x11, 0xC4, 0xD5, 0x9A, 0xB5,
    0x11, 0x66, 0x08, 0xA8, 0xC1, 0xE8, 0x58, 0x68, 0xC1, 0x32, 0x9C, 0x3B, 0x0D, 0x7F, 0x0F, 0x9B,
    0xC3, 0x72, 0xC6, 0xA3, 0x20, 0x30, 0x98, 0x68, 0x4C, 0x43, 0x9E, 0x94, 0xC3, 0x9D, 0xD2, 0x11,
    0xEC, 0xB2, 0x52, 0x4C, 0xA9, 0x47, 0x19, 0x41, 0xD2, 0x2D, 0x80, 0xED, 0xA3, 0xD7, 0xC8, 0xE8,
    0x35, 0x36, 0x38, 0xB9, 0x8B, 0xAD, 0x20, 0xC0, 0x7D, 0x13, 0xCC, 0x14, 0x72, 0x33, 0xEA, 0x26,
    0x64, 0x4C, 0x41, 0xBC, 0x66, 0xE9, 0xDD, 0x99, 0xB3, 0x60, 0x99, 0x59, 0x39, 0x2C, 0x36, 0xE6,
    0xEE, 0xD0, 0x83, 0x53, 0x93, 0xE0, 0xEF, 0xE0, 0x25, 0x5C, 0x78, 0xF8, 0x43, 0xE0, 0x25, 0xD4,
    0xD8, 0x90, 0x78, 0x06, 0xBB, 0x19, 0x25, 0x10, 0xCE, 0x1B, 0xBE, 0x3E, 0x14, 0x5E, 0x3C, 0xB9,
    0x84, 0x8D, 0xB9, 0xDB, 0xF4, 0xE0, 0x98, 0xBA, 0x79, 0x48, 0x22, 0x19, 0xCA, 0x68, 0x22, 0xFB,
    0xC9, 0xFB, 0x6D, 0xF8, 0x10, 0xD9, 0x3F, 0xB2, 0x71, 0xC4, 0xC3, 0x3C, 0xFA, 0x44, 0x67, 0x3F,
    0x69, 0xF7, 0x64, 0x77, 0x4D, 0xCE, 0x73, 0xD2, 0x11, 0xB2, 0x95, 0x92, 0xAD, 0x8E, 0x6C, 0x4D,
    0xE7, 0x6C, 0x45, 0x64, 0x2B, 0x23, 0x5B, 0x1D, 0xD8, 0xF2, 0x1B, 0xB0, 0x15, 0xD6, 0x60, 0x2B,
    0xCE, 0xC1, 0x51, 0x4A, 0xB6, 0xE0, 0x96, 0x60, 0x48, 0x60, 0x0B, 0x26, 0x9B, 0xA5, 0xB0, 0xC6,
    0x8D, 0x6C, 0x83, 0x6C, 0x75, 0x73, 0xB6, 0x42, 0xB2, 0x95, 0x90, 0xAD, 0x11, 0xD9, 0x3A, 0x67,
    0xD9, 0xB2, 0xD6, 0xCC, 0xD8, 0xC6, 0xCA, 0x03, 0x32, 0x99, 0x47, 0x5E, 0x7B, 0xDC, 0x51, 0x30,
    0xE4, 0xBD, 0x08, 0x18, 0x8B, 0x3D, 0x4F, 0x41, 0xED, 0x94, 0x31, 0x0C, 0xC7, 0xAC, 0x9D, 0xC2,
    0xCF, 0x5E, 0x47, 0xD8, 0xB1, 0x05, 0xEB, 0x64, 0xD6, 0x47, 0xD9, 0x3E, 0xE4, 0x59, 0x16, 0x6C,
    0x9F, 0x3E, 0x24, 0x36, 0x64, 0x7E, 0x12, 0x63, 0x0F, 0x70, 0x52, 0x5A, 0xD3, 0xF5, 0xF0, 0x70,
    0x78, 0x39, 0xC1, 0x42, 0xA8, 0xA0, 0x57, 0xED, 0x18, 0xAF, 0xCF, 0x1E, 0x3F, 0xCC, 0x9D, 0xB1,
    0xE5, 0xCB, 0x6C, 0x5E, 0xD1, 0x1C, 0x64, 0xE3, 0xF1, 0x79, 0x58, 0x07, 0xF7, 0xE7, 0x3F, 0x71,
    0x1E, 0xB6, 0x97, 0xF0, 0x3C, 0x6C, 0x6F, 0x2E, 0xCE, 0x81, 0x3D, 0xE7, 0xD2, 0xFF, 0x05, 0x60,
    0x65, 0x7C, 0xF6, 0xA9, 0xEC, 0x60, 0xD3, 0x66, 0x06, 0x2E, 0x83, 0x88, 0x6A, 0x97, 0x5F, 0xF8,
    0xCC, 0x31, 0xFA, 0x3B, 0x9F, 0x43, 0xBD, 0xB7, 0x55, 0x56, 0x2E, 0x8B, 0x98, 0x3E, 0x95, 0x3D,
    0xB8, 0x02, 0xF4, 0x5D, 0x32, 0xC6, 0xD8, 0x95, 0xF1, 0x88, 0x66, 0x1F, 0xBC, 0x7B, 0x9C, 0x8A,
    0x68, 0x5A, 0x90, 0x7C, 0x2B, 0x6F, 0x6B, 0xFC, 0xCE, 0x34, 0x84, 0x93, 0x68, 0xD4, 0xD8, 0x81,
    0x46, 0xEC, 0xC7, 0xC0, 0x84, 0x20, 0xCE, 0x03, 0x96, 0xF7, 0x01, 0x4B, 0x6F, 0x80, 0xC1, 0x02,
    0xD8, 0xC7, 0x08, 0xA3, 0x79, 0x26, 0xC1, 0x5F, 0x10, 0x8D, 0xFD, 0x3F, 0x10, 0xBD, 0xAD, 0x6B,
    0x6F, 0xF6, 0xC9, 0xE9, 0x46, 0x7F, 0x7A, 0xCA, 0xC3, 0xB5, 0xD3, 0xEA, 0x84, 0x67, 0xDA, 0x1D,
    0x84, 0x57, 0xB8, 0x90, 0x08, 0x16, 0x1E, 0x74, 0xF0, 0x3B, 0x5D, 0xE1, 0x1A, 0xE2, 0xA5, 0x14,
    0x85, 0x6B, 0xDD, 0xC8, 0x3A, 0xA6, 0xA0, 0x8B, 0xEA, 0xB8, 0x43, 0x24, 0x46, 0x6D, 0xDD, 0xAE,
    0x59, 0xBC, 0x72, 0x0A, 0x6D, 0xEC, 0x90, 0x33, 0x75, 0x65, 0x91, 0xED, 0xC9, 0x92, 0x70, 0xF7,
    0x71, 0x2D, 0x81, 0xAB, 0x28, 0x40, 0x43, 0x7F, 0xB5, 0xCF, 0x82, 0x97, 0x84, 0x7B, 0x2F, 0xC8,
    0x03, 0xF3, 0xA7, 0x3C, 0xF8, 0xAD, 0x51, 0x41, 0xBE, 0xBE, 0x3C, 0xDC, 0x97, 0x8E, 0x20, 0xEB,
    0xC9, 0x6C, 0x93, 0x9B, 0xA7, 0x96, 0x87, 0x97, 0x45, 0x63, 0x0C, 0x19, 0x8F, 0x50, 0x2C, 0x5C,
    0x47, 0x84, 0xBB, 0x38, 0x74, 0xB2, 0x61, 0x42, 0xB8, 0x0C, 0xFC, 0xA7, 0x95, 0x77, 0x8B, 0x47,
    0xD6, 0x5D, 0x0C, 0xD5, 0x8C, 0x8C, 0x29, 0xA1, 0x3D, 0x99, 0x4A, 0x5A, 0x8F, 0x47, 0x32, 0x11,
    0x0F, 0x92, 0xCE, 0xB0, 0x8E, 0x41, 0x35, 0x27, 0x97, 0xEF, 0xAF, 0x5E, 0xA5, 0xC1, 0xE2, 0x52,
    0xB1, 0xBD, 0x61, 0x26, 0xF5, 0x8A, 0xA7, 0x22, 0x95, 0xBD, 0xD9, 0x8C, 0xA4, 0x90, 0xA4, 0x91,
    0x37, 0x65, 0xC3, 0x9B, 0xCD, 0x64, 0x8F, 0xDA, 0x3E, 0x41, 0xD4, 0x0B, 0x91, 0x22, 0xD2, 0xD4,
    0x61, 0x05, 0x27, 0x31, 0xE7, 0xD8, 0x26, 0x6B, 0x2C, 0x35, 0xE0, 0x41, 0x7E, 0x6D, 0x8F, 0x98,
    0x16, 0xC7, 0x2D, 0xC5, 0x81, 0xD3, 0xBD, 0xA2, 0xEF, 0xCF, 0x94, 0xA8, 0x48, 0x87, 0x15, 0xE7,
    0x4B, 0x39, 0x73, 0xEA, 0x1C, 0xF7, 0x83, 0xE3, 0x7E, 0x6B, 0x61, 0xC2, 0x3C, 0x1B, 0xB2, 0x55,
    0x18, 0xC7, 0xF8, 0xA7, 0xC1, 0x71, 0x24, 0xB9, 0xA0, 0x3E, 0x20, 0xCB, 0x55, 0x0C, 0x3A, 0x2C,
    0x47, 0xBD, 0x06, 0xF9, 0xFC, 0x14, 0xD6, 0x3A, 0xC5, 0x1A, 0x9A, 0x27, 0xE8, 0x00, 0x0B, 0xE8,
    0x34, 0x0B, 0x3A, 0x14, 0xFF, 0xDC, 0x27, 0xB8, 0x83, 0x27, 0x27, 0x7A, 0x6F, 0x59, 0xB8, 0xFB,
    0x32, 0x31, 0xC3, 0x16, 0xB7, 0x98, 0x59, 0xBF, 0xE1, 0xFA, 0x96, 0x81, 0xFB, 0xD2, 0x49, 0x58,
    0xE7, 0x86, 0x6D, 0xD2, 0xD7, 0x43, 0xCB, 0xC0, 0x7B, 0x01, 0x02, 0xE6, 0xC1, 0xB7, 0x97, 0x8B,
    0x0A, 0xEA, 0x40, 0x3F, 0xF3, 0x53, 0xF9, 0x3C, 0x06, 0x50, 0x23, 0x5B, 0xE7, 0x9E, 0x40, 0xEC,
    0x6F, 0x9F, 0xF9, 0x69, 0xAC, 0xBF, 0x8E, 0xBA, 0x51, 0x7A, 0x8D, 0xF1, 0xEF, 0x4B, 0xF0, 0x22,
    0x56, 0x75, 0x89, 0xC2, 0xB7, 0x8F, 0x52, 0x8A, 0x75, 0x33, 0x0F, 0x2D, 0x9F, 0xE7, 0x0B, 0x61,
    0xDF, 0xE2, 0xA1, 0x03, 0x04, 0x54, 0x7E, 0x5A, 0x43, 0x12, 0x9A, 0xA7, 0x85, 0x32, 0xBB, 0xAC,
    0xE4, 0xDB, 0xD8, 0x89, 0xF2, 0xDF, 0x75, 0x00, 0x21, 0x44, 0x3A, 0x69, 0x32, 0x35, 0x68, 0x52,
    0xD4, 0x60, 0x85, 0xDB, 0x9A, 0xB6, 0xEB, 0xEF, 0x74, 0xFD, 0x29, 0x33, 0x37, 0x15, 0xEA, 0x68,
    0x3A, 0xA9, 0x02, 0xA6, 0x5E, 0x65, 0xBB, 0x48, 0x8A, 0xFD, 0xF6, 0x55, 0xA8, 0xFB, 0x65, 0x89,
    0xA2, 0x7D, 0x39, 0xEE, 0xF5, 0x05, 0x0C, 0x14, 0x7E, 0x5A, 0x76, 0xF2, 0x08, 0x73, 0x4D, 0x9E,
    0xA8, 0x7D, 0x88, 0x86, 0xB5, 0x49, 0xFB, 0x1C, 0xED, 0x0E, 0x35, 0x6E, 0xBB, 0xB7, 0x8A, 0xEC,
    0x80, 0x2F, 0xB7, 0x46, 0x34, 0x13, 0x67, 0x44, 0x61, 0x43, 0xEF, 0x33, 0x72, 0xF6, 0x3E, 0x42,
    0x4B, 0x3B, 0x97, 0x4E, 0xB2, 0xAD, 0x63, 0x33, 0x21, 0x2F, 0xAF, 0xE5, 0x66, 0x06, 0x4F, 0x28,
    0xE0, 0xA9, 0xFE, 0x34, 0x02, 0xB3, 0xBD, 0xDE, 0x97, 0x8B, 0x2C, 0x09, 0xB7, 0x4D, 0xCB, 0x9D,
    0xBF, 0x1A, 0xE3, 0xED, 0x9B, 0xAF, 0x2E, 0x17, 0x37, 0x7C, 0xB9, 0x6F, 0xFE, 0x58, 0x05, 0xF7,
    0x8C, 0xF2, 0xE7, 0xBE, 0x7C, 0x19, 0xB8, 0xE1, 0xCB, 0x85, 0x7E, 0x9C, 0xF9, 0xEF, 0x95, 0xAF,
    0x2C, 0x0F, 0xAF, 0xDF, 0x1B, 0xBB, 0xFD, 0xFB, 0x6C, 0x71, 0xFA, 0xC7, 0x63, 0xA1, 0x06, 0xC6,
    0xD7, 0x9E, 0xDE, 0x42, 0xAE, 0xB1, 0x38, 0xAB, 0xAE, 0x1E, 0x37, 0x47, 0xFF, 0x3C, 0xE8, 0x17,
    0xAC, 0x88, 0x1D, 0xFD, 0x08, 0xF4, 0x33, 0xD0, 0xEF, 0x46, 0xC8, 0xC3, 0xD3, 0x2E, 0xAC, 0x53,
    0x64, 0x6F, 0x29, 0x6A, 0xDD, 0x75, 0x30, 0xD3, 0x25, 0x8D, 0xA3, 0x9F, 0x80, 0xFE, 0x3A, 0xE8,
    0x5F, 0x00, 0x7D, 0x7B, 0xD2, 0xA7, 0xED, 0xA9, 0x82, 0x73, 0x9A, 0xAF, 0x38, 0xD4, 0x53, 0x30,
    0xD3, 0xDA, 0x7F, 0xAD, 0xFE, 0x73, 0xE3, 0xDF, 0x31, 0x05, 0xFF, 0xCA, 0x51, 0xA5, 0xC4, 0xD6,
    0x89, 0x68, 0xE7, 0xCC, 0x65, 0xD3, 0xE5, 0x01, 0x44, 0x4E, 0xDD, 0xFC, 0x86, 0xAD, 0x2C, 0x96,
    0x84, 0xBB, 0xD7, 0x79, 0x88, 0x31, 0x78, 0xD0, 0x48, 0xA0, 0xAE, 0x2D, 0x44, 0xF4, 0xA2, 0xB8,
    0x3D, 0x75, 0x49, 0xC2, 0x0F, 0x5B, 0xDB, 0xFC, 0x45, 0x9D, 0xF6, 0xF2, 0xE4, 0x71, 0x02, 0x51,
    0xE3, 0x79, 0xF0, 0x3E, 0xC6, 0x9D, 0xE4, 0x13, 0x29, 0xF9, 0x9F, 0x31, 0x62, 0xE7, 0x8D, 0x5C,
    0xDE, 0x25, 0xB2, 0x04, 0x78, 0x26, 0x32, 0xF9, 0x45, 0x67, 0xF3, 0x48, 0x54, 0x59, 0x72, 0xE5,
    0xC0, 0x7F, 0x14, 0x4F, 0xB4, 0xA3, 0x4A, 0x5A, 0xE7, 0x73, 0x94, 0xA9, 0xE3, 0x0A, 0x15, 0x60,
    0x83, 0xF2, 0x0C, 0x4D, 0xA6, 0x18, 0x6F, 0xE7, 0x8D, 0xCF, 0xEC, 0x37, 0x60, 0xD8, 0xD4, 0x49,
    0x45, 0x1F, 0xD5, 0x4E, 0xE0, 0x96, 0xBD, 0xA7, 0x71, 0x6E, 0xCB, 0x5C, 0x6E, 0xD3, 0x27, 0xE4,
    0xF6, 0xB2, 0xD6, 0xF6, 0x39, 0xC5, 0x5A, 0x3D, 0x8C, 0xDC, 0xC6, 0x15, 0x7E, 0x24, 0xCF, 0xB7,
    0xB1, 0x08, 0x99, 0x57, 0xC8, 0x80, 0x61, 0x25, 0xA6, 0x0B, 0x15, 0x2E, 0x2C, 0xB1, 0x71, 0x71,
    0xC5, 0xDE, 0x92, 0x40, 0xCA, 0x14, 0x71, 0xA1, 0x43, 0x8A, 0x34, 0x29, 0xDC, 0xA4, 0x92, 0x8A,
    0x14, 0x17, 0x60, 0x57, 0x4B, 0x25, 0x65, 0x0A, 0xAB, 0x71, 0x15, 0x20, 0xB8, 0x22, 0x4D, 0xCE,
    0x40, 0xE4, 0x42, 0x85, 0x80, 0xF0, 0x6E, 0x69, 0xBB, 0x48, 0x91, 0x86, 0x41, 0x60, 0xA4, 0x48,
    0x11, 0xC6, 0x36, 0xE0, 0xC0, 0x2E, 0xCC, 0xC0, 0x8C, 0x4C, 0x49, 0xDC, 0x65, 0xBE, 0xEF, 0x0D,
    0xB9, 0xB7, 0x17, 0xF9, 0xA4, 0xD5, 0xFD, 0xEE, 0x2D, 0xDF, 0xDE, 0x2E, 0x87, 0x33, 0xEF, 0x9B,
    0x79, 0xF3, 0x7E, 0x47, 0xC2, 0xA6, 0x10, 0x51, 0xB2, 0xF0, 0x7A, 0x9D, 0xA4, 0xC6, 0x65, 0x91,
    0x38, 0x33, 0x92, 0x06, 0xC4, 0xFD, 0x67, 0x24, 0xE2, 0xBD, 0x9B, 0x8A, 0xF8, 0x2E, 0xC8, 0xC0,
    0xC9, 0x45, 0x36, 0x6C, 0x3C, 0x9B, 0x48, 0x29, 0x52, 0xE1, 0x11, 0xAB, 0x90, 0x11, 0xDA, 0x36,
    0x33, 0x92, 0x46, 0xDC, 0x2F, 0x77, 0xEE, 0xC6, 0x5E, 0x24, 0x5E, 0x1A, 0x88, 0xF4, 0xB2, 0x01,
    0xFA, 0x29, 0x86, 0x22, 0x76, 0xB1, 0x85, 0xDE, 0xCC, 0x98, 0x36, 0x9A, 0xA1, 0xED, 0xFE, 0xE0,
    0xAF, 0x46, 0x6B, 0x56, 0x53, 0xDD, 0x77, 0x9B, 0xA6, 0xF6, 0x53, 0xAF, 0x0E, 0xC5, 0xA9, 0x47,
    0xE0, 0x26, 0x31, 0x57, 0x02, 0x8E, 0x92, 0xC4, 0x5C, 0xF5, 0x06, 0x18, 0xE4, 0x7D, 0x2F, 0xF3,
    0xEB, 0x5E, 0xD3, 0x24, 0xD2, 0x54, 0x5B, 0xF2, 0x02, 0xFA, 0x78, 0x43, 0xB6, 0xC1, 0x9E, 0x0D,
    0xF6, 0xFC, 0xAF, 0xC1, 0x68, 0xAF, 0x01, 0xDF, 0xB2, 0x76, 0x2E, 0xF8, 0x24, 0x5A, 0x11, 0x3B,
    0xF7, 0xF1, 0x24, 0xEE, 0x4E, 0x30, 0x5E, 0x90, 0x9F, 0x1C, 0xCE, 0xE3, 0x21, 0x19, 0x3E, 0x03,
    0x49, 0xBF, 0x45, 0xE2, 0x10, 0x89, 0x17, 0x83, 0x6C, 0x70, 0xB8, 0x3E, 0xC9, 0x80, 0x08, 0x83,
    0x4A, 0xD8, 0xF8, 0x78, 0x50, 0x1E, 0xD6, 0xF2, 0x82, 0x0B, 0xF6, 0x3C, 0xF4, 0x75, 0x8D, 0x9D,
    0x7E, 0x1F, 0xFF, 0x4F, 0x31, 0x2A, 0x18, 0x95, 0x7B, 0x04, 0xC4, 0x51, 0xBC, 0xAC, 0xBD, 0x6D,
    0x5E, 0x7F, 0xBC, 0x03, 0x64, 0xE0, 0x5D, 0xC0, 0x7B, 0xEA, 0x4C, 0xC5, 0x4D, 0x3D, 0x4E, 0xAB,
    0x4F, 0x26, 0x43, 0x36, 0xB8, 0x45, 0x92, 0xCC, 0x49, 0x3D, 0x27, 0xFA, 0x75, 0x57, 0x21, 0x48,
    0xD7, 0xD8, 0x4B, 0x39, 0x65, 0x85, 0x58, 0x62, 0xCF, 0xA2, 0x1B, 0xA9, 0x8C, 0x9B, 0x26, 0x16,
    0xB7, 0xE1, 0xB8, 0x2F, 0xF3, 0xFE, 0x2B, 0xB8, 0x46, 0xA6, 0x03, 0xCE, 0xA1, 0x83, 0xE6, 0x16,
    0xBE, 0xAE, 0xDE, 0xE1, 0xF8, 0x11, 0x60, 0xA4, 0x5E, 0xE6, 0xA4, 0x61, 0xDB, 0x67, 0xD2, 0x5E,
    0xF5, 0xC2, 0xFF, 0xFC, 0x3D, 0x8C, 0x24, 0xF2, 0x72, 0x37, 0x65, 0x7B, 0x99, 0x80, 0xF7, 0x17,
    0xA2, 0x0E, 0x0E, 0xB9, 0xB5, 0x30, 0xA6, 0x38, 0x5F, 0x00, 0xA7, 0x2B, 0xC5, 0xF9, 0xE0, 0xE4,
    0x5D, 0x74, 0x1F, 0x60, 0xE6, 0x13, 0x88, 0xF1, 0xF6, 0x45, 0xF3, 0xDB, 0xC9, 0xE1, 0x1C, 0xCE,
    0x99, 0x1A, 0xCA, 0xF9, 0x41, 0x44, 0x13, 0x17, 0xD3, 0xDC, 0x8B, 0x4F, 0x18, 0x9E, 0x7B, 0x9B,
    0xC2, 0xF1, 0x98, 0x92, 0xAA, 0x0A, 0x67, 0xE3, 0x7C, 0x30, 0x72, 0xD9, 0xB8, 0x7C, 0x61, 0xD9,
    0x6E, 0x9B, 0x13, 0xC4, 0xE8, 0x64, 0x5C, 0xB8, 0x47, 0x94, 0xCF, 0x90, 0x5D, 0x7B, 0x1D, 0xF6,
    0x57, 0x77, 0x7E, 0x0F, 0xF5, 0xD6, 0x34, 0x19, 0x49, 0x85, 0x8E, 0xEC, 0x29, 0x7B, 0x0B, 0x49,
    0xFC, 0x38, 0x21, 0xD3, 0x09, 0x75, 0x05, 0x88, 0x93, 0x1F, 0x46, 0x78, 0xD7, 0x4D, 0xBB, 0xC6,
    0x01, 0x1F, 0x9B, 0xC8, 0xEE, 0xE6, 0x4F, 0x6B, 0x76, 0x5A, 0x10, 0xA7, 0x0E, 0x77, 0x65, 0xA4,
    0x33, 0xA3, 0x36, 0x23, 0xB9, 0xAB, 0xD4, 0x53, 0x6A, 0x66, 0xB1, 0xA2, 0x6E, 0x4D, 0xB8, 0xA1,
    0x2A, 0xF6, 0x07, 0xA5, 0x04, 0x16, 0x32, 0xAF, 0x26, 0x37, 0x4E, 0xAD, 0x3B, 0xB9, 0x56, 0xA8,
    0x86, 0x2E, 0xFE, 0x33, 0xFF, 0x3A, 0x50, 0x85, 0x6A, 0xDA, 0x53, 0x55, 0xD1, 0x86, 0xCC, 0x38,
    0x3B, 0x4D, 0x49, 0xC5, 0xA7, 0xBA, 0xD7, 0xDA, 0xD9, 0x89, 0xD8, 0xFD, 0x94, 0xA4, 0x89, 0x21,
    0x56, 0x41, 0x06, 0xE2, 0x14, 0x20, 0x56, 0x45, 0x29, 0xAB, 0x49, 0x46, 0xAA, 0x80, 0x83, 0x7F,
    0x83, 0x50, 0x02, 0x06, 0x63, 0x76, 0xAF, 0xBF, 0x91, 0x6C, 0x90, 0x24, 0x5D, 0x63, 0x9B, 0x8F,
    0xB9, 0x85, 0xFB, 0xC9, 0xE6, 0x24, 0x65, 0xA7, 0x18, 0xB5, 0x29, 0x15, 0x72, 0x27, 0x0B, 0x17,
    0xA8, 0xE2, 0x03, 0xAA, 0x0A, 0x5F, 0x27, 0x23, 0x31, 0x60, 0x15, 0xAB, 0x42, 0x55, 0xA4, 0xCA,
    0xB8, 0xE2, 0x4C, 0x5A, 0x92, 0x18, 0x90, 0x49, 0x4B, 0x6A, 0x83, 0x50, 0xDB, 0x29, 0x3E, 0x03,
    0x4F, 0xD1, 0x11, 0x1C, 0xBE, 0xB2, 0xBB, 0x7D, 0xA3, 0x0C, 0xAC, 0x5C, 0x5D, 0x5C, 0x69, 0xB2,
    0x20, 0x2C, 0x8B, 0xD7, 0xDE, 0xCE, 0x1F, 0xB8, 0x4E, 0xB8, 0x66, 0x72, 0x58, 0x9B, 0xDD, 0xCD,
    0x4D, 0x95, 0x92, 0x31, 0xF7, 0xC1, 0xFF, 0x5B, 0xFE, 0x0B, 0x11, 0x70, 0x90, 0x95, 0x26, 0xF2,
    0x53, 0x1F, 0x42, 0x4A, 0x63, 0x6A, 0x15, 0x78, 0xA6, 0xC4, 0x33, 0x25, 0xE6, 0xA3, 0x38, 0x20,
    0xA4, 0x22, 0x39, 0x84, 0xB4, 0x98, 0x0B, 0xA9, 0x15, 0x89, 0x13, 0x5D, 0x84, 0x7A, 0xDE, 0xC0,
    0xC6, 0x00, 0xDC, 0x49, 0xD1, 0xAE, 0xD4, 0xE9, 0xF0, 0x6F, 0xC9, 0x0A, 0xC6, 0xBA, 0x06, 0x93,
    0x80, 0x3D, 0xC1, 0xDD, 0x17, 0x64, 0x27, 0x86, 0x43, 0x5F, 0x34, 0xB9, 0x54, 0x11, 0xED, 0x26,
    0x3B, 0x0D, 0x0C, 0xD2, 0xE9, 0x13, 0x5E, 0x6E, 0x74, 0x62, 0xFC, 0x3F, 0x1F, 0xAF, 0xD3, 0x25,
    0x79, 0xE5, 0xA6, 0xC6, 0x9A, 0xD2, 0xAF, 0xB3, 0x1F, 0xE0, 0x3B, 0x7F, 0xBB, 0x76, 0x4C, 0x7E,
    0x21, 0x7F, 0xD6, 0xB0, 0xF5, 0x34, 0xB8, 0xD5, 0xA6, 0x18, 0x60, 0x5C, 0xB4, 0xBA, 0x19, 0x43,
    0xC1, 0xDB, 0x99, 0x95, 0x46, 0xDB, 0x9D, 0xE6, 0x3A, 0x64, 0x6F, 0xC2, 0x2D, 0xA3, 0xC2, 0xE4,
    0xD0, 0xE9, 0xC9, 0xCA, 0xD1, 0x13, 0xFE, 0x45, 0xD4, 0xF9, 0x17, 0xD6, 0x64, 0x9B, 0x8A, 0xA4,
    0xD9, 0x37, 0x4C, 0xB1, 0xC7, 0x7B, 0xCA, 0xC1, 0x77, 0x1B, 0xA6, 0xD5, 0x9D, 0x18, 0x2A, 0x83,
    0x23, 0xBB, 0x4D, 0x31, 0xA2, 0x73, 0x18, 0x92, 0x04, 0xD8, 0x7B, 0x85, 0x47, 0xED, 0xD7, 0x2B,
    0x41, 0x30, 0xD8, 0x0D, 0x55, 0xD8, 0x50, 0x67, 0x58, 0xDE, 0x7D, 0xE3, 0xDB, 0x43, 0xF7, 0x54,
    0xC5, 0x1B, 0xE0, 0xF8, 0xA6, 0xDB, 0xE2, 0x8C, 0x89, 0xB3, 0x0F, 0xBE, 0x47, 0x7E, 0xE6, 0x4E,
    0x43, 0xB1, 0xA6, 0xE8, 0x78, 0x8A, 0x01, 0x47, 0xB8, 0x36, 0xD8, 0x3A, 0x31, 0xD7, 0x08, 0x4F,
    0xE1, 0xBE, 0x3D, 0xF5, 0x72, 0x6F, 0x8A, 0xF6, 0x43, 0x99, 0x54, 0x7D, 0x18, 0x27, 0x2E, 0x60,
    0x0D, 0x73, 0x58, 0x7A, 0x0F, 0x6F, 0xE4, 0x0E, 0xCD, 0xE1, 0x0D, 0xEC, 0xC7, 0x8B, 0xF2, 0x16,
    0xDD, 0x4A, 0xAC, 0x9E, 0xFB, 0x98, 0x62, 0xA3, 0xE2, 0x7E, 0x49, 0xCE, 0x05, 0x7B, 0x04, 0x87,
    0xB1, 0x80, 0x00, 0x55, 0x3E, 0x3A, 0xC7, 0x8F, 0x5E, 0x79, 0xBA, 0xD8, 0xCD, 0x6B, 0x30, 0x87,
    0xB1, 0x21, 0xE7, 0xB6, 0xE4, 0x8C, 0x3D, 0x18, 0x42, 0xD8, 0xD9, 0xE9, 0x42, 0x3E, 0x63, 0x64,
    0x1A, 0x8C, 0x84, 0xD4, 0x12, 0xBD, 0xB9, 0x1B, 0xF7, 0x86, 0x18, 0x0D, 0x45, 0xC8, 0xD4, 0x16,
    0x1E, 0xDC, 0x2E, 0xAF, 0xFD, 0x7E, 0xEA, 0xAB, 0x6D, 0xC2, 0x34, 0xBA, 0x72, 0x21, 0x99, 0xD9,
    0xEA, 0xD4, 0xF9, 0x1A, 0xA3, 0x95, 0x21, 0xCD, 0x49, 0xF2, 0x6C, 0xB2, 0xB7, 0x83, 0x38, 0x70,
    0x42, 0x7F, 0x46, 0x49, 0xB2, 0xE4, 0x63, 0xC3, 0x4E, 0x3B, 0x2A, 0x72, 0x70, 0x34, 0xC0, 0x5C,
    0xDF, 0x6B, 0xF7, 0xB7, 0x15, 0xB7, 0x42, 0xF0, 0xC4, 0xF5, 0xB2, 0x38, 0x9F, 0x36, 0xB9, 0xF3,
    0x75, 0x53, 0x39, 0x33, 0xAB, 0x46, 0xC4, 0x37, 0x02, 0x08, 0x06, 0xAB, 0xCF, 0xBC, 0x20, 0x4C,
    0x57, 0x19, 0x83, 0x45, 0x30, 0x92, 0x76, 0xB1, 0x4F, 0xFC, 0x4F, 0x36, 0x7F, 0x42, 0xCD, 0xD8,
    0x34, 0xE4, 0x7F, 0xB6, 0x70, 0xF7, 0xCB, 0x9D, 0xF7, 0x0B, 0x8F, 0x3A, 0xD3, 0x90, 0x83, 0x8F,
    0x1D, 0x4E, 0xA0, 0x83, 0x8B, 0xD5, 0xD6, 0x18, 0xF3, 0xBA, 0xF1, 0x39, 0xE4, 0x0B, 0x42, 0x30,
    0xA9, 0xF8, 0xFD, 0xBA, 0x78, 0xBF, 0x69, 0x62, 0x6F, 0xD2, 0xE4, 0x5E, 0xD5, 0x2B, 0xBC, 0xCC,
    0x2A, 0x21, 0x36, 0x15, 0xDA, 0x3D, 0xF3, 0xC2, 0xEA, 0xD0, 0xE4, 0xB8, 0xD9, 0x7A, 0x38, 0x4D,
    0xFA, 0xE3, 0xF2, 0x8D, 0xD5, 0xAC, 0x5D, 0xAC, 0xE1, 0x41, 0x6F, 0x74, 0xF9, 0xB7, 0xC6, 0x54,
    0x7E, 0x5C, 0x8C, 0xAB, 0xE2, 0xFE, 0xA4, 0xB8, 0xE9, 0xC6, 0x6D, 0x87, 0x1A, 0xF1, 0x2F, 0xF5,
    0x2E, 0x60, 0x90, 0xB2, 0xA6, 0x69, 0xA5, 0x55, 0x88, 0x9D, 0x11, 0xEF, 0x11, 0xDE, 0x78, 0x30,
    0x6C, 0xF2, 0xF1, 0xBC, 0xAB, 0xE7, 0x64, 0xE3, 0xA6, 0x95, 0x0E, 0x11, 0xA6, 0x4C, 0x62, 0x0F,
    0x76, 0xEC, 0xED, 0x13, 0x60, 0x66, 0x4D, 0xA2, 0xBE, 0x93, 0xC2, 0xE5, 0xF6, 0x9A, 0xC8, 0x99,
    0x1E, 0x85, 0x25, 0x79, 0xDB, 0x2E, 0x96, 0xF9, 0xEB, 0x15, 0x7E, 0xD4, 0x97, 0xBE, 0x0C, 0xB6,
    0xC2, 0x8A, 0x61, 0xA6, 0x93, 0x3B, 0x85, 0xAA, 0xBE, 0xC8, 0xC9, 0xF0, 0xFF, 0x21, 0x7F, 0xBD,
    0x34, 0xC0, 0xFA, 0xDD, 0x97, 0xDD, 0x0F, 0xC2, 0x02, 0x0B, 0x97, 0xEC, 0x0E, 0x65, 0x6D, 0x98,
    0x3C, 0xF1, 0x1A, 0xAE, 0x95, 0xD5, 0xE2, 0xAB, 0xB8, 0x24, 0x36, 0x74, 0xBB, 0x0B, 0x97, 0xD7,
    0x5B, 0xFA, 0xEA, 0xCF, 0x3D, 0x3E, 0x2F, 0x5D, 0x87, 0x10, 0xEF, 0x4A, 0x10, 0x85, 0xB7, 0x1B,
    0x28, 0xC2, 0x1A, 0x0E, 0x79, 0xDE, 0xD9, 0xC8, 0x81, 0x5D, 0x8C, 0x9D, 0xE2, 0xAA, 0xC5, 0x25,
    0x5C, 0x81, 0x56, 0xB2, 0x0A, 0xFC, 0xB2, 0xCC, 0xBB, 0x3F, 0x9F, 0x78, 0xEC, 0x66, 0x38, 0x4E,
    0x93, 0x58, 0x7E, 0xB9, 0x10, 0x7B, 0x07, 0x98, 0xCB, 0x5D, 0x88, 0x6B, 0xFE, 0x5A, 0xAB, 0x1E,
    0xBA, 0x98, 0xFC, 0x48, 0x17, 0x00, 0xA4, 0xB7, 0x10, 0x2B, 0x86, 0xB7, 0x27, 0x0A, 0xC0, 0x26,
    0x00, 0x63, 0x7A, 0xA0, 0x4F, 0xDC, 0xA9, 0x04, 0xBE, 0xAC, 0x3B, 0xAD, 0x2A, 0x3C, 0x82, 0x04,
    0x2D, 0x42, 0xB8, 0xC4, 0x78, 0x02, 0xBB, 0x2C, 0xE0, 0x6E, 0xDB, 0x03, 0x71, 0x18, 0xE9, 0x22,
    0x94, 0x4F, 0x68, 0x08, 0x12, 0x81, 0xAC, 0x26, 0x4C, 0x5B, 0x25, 0x0C, 0xBB, 0x93, 0x90, 0x1E,
    0x2B, 0x02, 0x62, 0x99, 0x7C, 0x0B, 0xC4, 0x93, 0x0F, 0x19, 0x91, 0xE0, 0xAF, 0x6B, 0x8C, 0x36,
    0x09, 0x7B, 0x4F, 0x18, 0x88, 0xB5, 0xFD, 0x21, 0xF0, 0x1E, 0x9A, 0x4C, 0x58, 0xE7, 0xFF, 0x1B,
    0xEB, 0xB5, 0x9A, 0x76, 0xD9, 0x82, 0x17, 0xDB, 0xA4, 0x5F, 0x72, 0xE8, 0xE5, 0x21, 0x1C, 0x44,
    0xD8, 0x6D, 0xC1, 0xA9, 0x86, 0xB3, 0x95, 0x04, 0xA9, 0x24, 0x13, 0x93, 0x79, 0x9C, 0x50, 0x6D,
    0x4D, 0x22, 0xD9, 0xE5, 0xD0, 0xBC, 0xA7, 0x03, 0x8F, 0x71, 0xF9, 0xE9, 0x16, 0xAC, 0xA5, 0x66,
    0x48, 0xA7, 0xF4, 0x14, 0x39, 0x5A, 0x6B, 0xE2, 0x68, 0x4F, 0xB6, 0x0D, 0x3F, 0xF7, 0x8F, 0xD1,
    0x37, 0xA5, 0xC8, 0x2D, 0x8C, 0xC1, 0x5C, 0xDF, 0xD7, 0x09, 0xAA, 0xB3, 0x92, 0x63, 0x5E, 0xAD,
    0x23, 0x9D, 0x6A, 0x50, 0x06, 0x07, 0x38, 0x8C, 0xD7, 0x75, 0x96, 0x92, 0x25, 0xFF, 0xB6, 0x4E,
    0x85, 0x13, 0xE9, 0x9C, 0x84, 0x31, 0xAE, 0xCB, 0x91, 0xF9, 0x44, 0x1C, 0xFF, 0x3D, 0x88, 0xCF,
    0x72, 0x7F, 0xAF, 0x41, 0xE0, 0x20, 0x31, 0x91, 0x17, 0x79, 0xB2, 0x2B, 0xEF, 0xA8, 0xD1, 0x5C,
    0x73, 0x4B, 0x19, 0xAE, 0x56, 0x9A, 0xC7, 0x4D, 0x20, 0x9E, 0x4C, 0x1D, 0x1C, 0x97, 0xD3, 0xD7,
    0x93, 0xA4, 0x49, 0xEE, 0x26, 0x5E, 0x32, 0x4A, 0xAA, 0xE3, 0xCF, 0xD4, 0x15, 0x5C, 0xBB, 0xED,
    0x35, 0x5C, 0x6E, 0xFC, 0xA7, 0x58, 0xB5, 0x17, 0xB1, 0x8F, 0xF4, 0x7D, 0xED, 0xD0, 0x36, 0x4C,
    0xC8, 0x1C, 0xEA, 0x61, 0xC0, 0x93, 0xFB, 0x2A, 0x87, 0x56, 0xCB, 0xC4, 0xA7, 0x84, 0xE2, 0xB7,
    0x3F, 0xE5, 0x87, 0xB5, 0xC5, 0xF5, 0xDF, 0xCD, 0xEB, 0xCC, 0x89, 0xDB, 0xCC, 0xEA, 0xC4, 0x87,
    0xE8, 0x84, 0x6F, 0x23, 0xBB, 0x89, 0xA1, 0x58, 0x10, 0x25, 0x86, 0x4F, 0xB1, 0x39, 0x54, 0x9B,
    0x3D, 0x4A, 0x41, 0x40, 0x32, 0x91, 0xFD, 0x8A, 0x80, 0xF1, 0xC8, 0x98, 0x0E, 0x4B, 0x27, 0x54,
    0x61, 0x50, 0x2E, 0x20, 0x19, 0x49, 0xC1, 0xFC, 0x57, 0x4D, 0x72, 0x8B, 0x24, 0x88, 0x40, 0xBC,
    0x14, 0x84, 0x59, 0x25, 0xEC, 0x29, 0x66, 0xC7, 0xF6, 0x48, 0x42, 0x12, 0xEF, 0x2F, 0x20, 0xBD,
    0xC7, 0x20, 0xB6, 0x86, 0xA2, 0x4A, 0x42, 0x12, 0x6E, 0x3A, 0xEE, 0x68, 0xF9, 0x99, 0x09, 0x6B,
    0xE9, 0x1B, 0x92, 0x99, 0x4E, 0xB5, 0xAC, 0xDE, 0x91, 0x12, 0xDB, 0xF6, 0x31, 0xBC, 0xE5, 0x26,
    0x0E, 0xA2, 0x29, 0x94, 0x28, 0x47, 0xAD, 0x96, 0xB8, 0xEE, 0xC1, 0xDF, 0x3D, 0x43, 0x00, 0xAD,
    0xDA, 0x6E, 0xCB, 0x00, 0xBA, 0xD8, 0xEA, 0xE8, 0xD2, 0xA9, 0x3C, 0x2E, 0x0C, 0x35, 0x74, 0x93,
    0x36, 0x5D, 0xAB, 0xFE, 0x7A, 0x9B, 0x6C, 0x7D, 0xA7, 0x8B, 0x96, 0xFA, 0x64, 0xC1, 0x67, 0x13,
    0x97, 0x8A, 0xD0, 0x3E, 0xF3, 0x15, 0xB4, 0xE3, 0xB7, 0xC4, 0xFE, 0x0F, 0x56, 0x10, 0xBD, 0x9B,
    0x68, 0xE3, 0xF8, 0xB0, 0x57, 0xA5, 0xB3, 0x26, 0x81, 0x74, 0x64, 0x60, 0x82, 0x44, 0x6B, 0x5B,
    0xFA, 0xFD, 0xA0, 0x91, 0xF5, 0x01, 0xF7, 0x65, 0x98, 0x41, 0x9B, 0x87, 0xDC, 0x19, 0x03, 0x4E,
    0xFA, 0x06, 0xF1, 0x2F, 0x4B, 0xFA, 0xD8, 0x01, 0x54, 0x16, 0x91, 0x26, 0x76, 0x27, 0x4A, 0x52,
    0x92, 0x9C, 0xA4, 0x64, 0xB2, 0xB7, 0x26, 0x09, 0x49, 0xFC, 0x18, 0xC4, 0xCD, 0x40, 0x9C, 0x82,
    0x59, 0xE0, 0x9A, 0x64, 0x4C, 0xE2, 0xFF, 0x1A, 0xC4, 0xFD, 0x1B, 0x88, 0xF3, 0x0D, 0xD3, 0xC3,
    0x0D, 0xC9, 0x98, 0x24, 0x20, 0xF1, 0x32, 0xD6, 0xA7, 0x32, 0x59, 0x24, 0xBA, 0xE9, 0xEE, 0xA6,
    0x6D, 0x25, 0xCC, 0xAE, 0x8E, 0x39, 0x5F, 0x8B, 0xEE, 0x06, 0x7C, 0x26, 0x0B, 0x46, 0xCE, 0x85,
    0xA1, 0xEF, 0x7D, 0xCE, 0x60, 0x93, 0x59, 0xBF, 0xA6, 0x5E, 0xAC, 0x9D, 0xDA, 0x7B, 0xB1, 0xF9,
    0xCD, 0x62, 0xFC, 0x04, 0xA1, 0x0D, 0x72, 0x4C, 0x22, 0x62, 0xCA, 0x58, 0x2B, 0x5F, 0x90, 0x2F,
    0x66, 0xAF, 0x07, 0xD4, 0x81, 0x21, 0x49, 0x50, 0xCF, 0x89, 0xFE, 0x46, 0xF1, 0x0B, 0xB9, 0x1A,
    0xB7, 0xD8, 0xB8, 0xF6, 0x35, 0x29, 0x0C, 0xA1, 0x2A, 0x9C, 0x59, 0x34, 0x49, 0x35, 0xA9, 0x84,
    0x28, 0xB4, 0x34, 0x51, 0x28, 0xF4, 0x54, 0x64, 0xB7, 0x59, 0xF1, 0xFD, 0x3C, 0xFF, 0x4C, 0x4C,
    0x9E, 0x1F, 0x96, 0x50, 0xAC, 0x6A, 0xC3, 0x54, 0xDE, 0x18, 0x54, 0x0E, 0x6A, 0x33, 0xF2, 0xA0,
    0x0D, 0x30, 0xEB, 0x20, 0xB2, 0x2A, 0xA6, 0x8C, 0x9C, 0xC5, 0x94, 0xD1, 0xD3, 0xD3, 0x26, 0x67,
    0x8A, 0x8F, 0x69, 0x13, 0x2B, 0xC7, 0xAE, 0x2C, 0xDB, 0xE2, 0xA9, 0x9F, 0x9F, 0x1C, 0x4E, 0x53,
    0x10, 0x4E, 0x70, 0xDF, 0xAA, 0x18, 0xFB, 0xE7, 0xD4, 0x93, 0xB7, 0xB3, 0x73, 0xC1, 0xA9, 0xBE,
    0xF1, 0x0F, 0x53, 0xF1, 0x7F, 0x9C, 0xCA, 0x00, 0x1B, 0xF2, 0x7E, 0xFF, 0xE4, 0x70, 0x5A, 0x3B,
    0x78, 0xDD, 0x61, 0xFE, 0xA2, 0x69, 0x4A, 0x5B, 0x63, 0xE3, 0xC2, 0xAD, 0x8C, 0xBE, 0x4B, 0xF5,
    0x23, 0x34, 0xDA, 0x6F, 0x60, 0x3E, 0xDA, 0x58, 0x3E, 0x31, 0x1F, 0x2C, 0x80, 0x7C, 0xB9, 0x13,
    0xF1, 0x03, 0x9D, 0x9A, 0x8F, 0x38, 0x39, 0xD0, 0x64, 0x24, 0x8B, 0xBD, 0x04, 0x91, 0xE9, 0x3A,
    0xD3, 0x0F, 0x67, 0xB6, 0x79, 0xE3, 0xBD, 0xCD, 0xB7, 0x45, 0x87, 0x2D, 0x99, 0x9E, 0x61, 0x25,
    0x07, 0xB0, 0x5A, 0x64, 0x63, 0xAD, 0x71, 0x7C, 0x64, 0xF0, 0x3D, 0xCE, 0x7B, 0x84, 0xD8, 0x20,
    0x3C, 0xDE, 0x50, 0xC5, 0x4C, 0xA0, 0xE1, 0xE6, 0xA6, 0x7E, 0x34, 0x4D, 0x5D, 0x9B, 0x8F, 0x64,
    0x5E, 0xBC, 0x1A, 0x1B, 0xCD, 0xD5, 0xE8, 0xB0, 0x16, 0x30, 0xFF, 0x02, 0xE8, 0xBF, 0x2D, 0xED,
    0x0A, 0x13, 0xF0, 0x21, 0xE3, 0x58, 0xCC, 0x41, 0x80, 0xBB, 0x9C, 0x06, 0x46, 0x91, 0x6A, 0xFE,
    0xF8, 0x90, 0x3D, 0xED, 0xB4, 0xC5, 0x62, 0xF1, 0x4A, 0x97, 0xA5, 0x64, 0xF1, 0x4A, 0x3D, 0x72,
    0x7A, 0x30, 0xE8, 0xFE, 0x00, 0x69, 0xAB, 0x27, 0x7B, 0x3B, 0xEF, 0x17, 0xF3, 0x27, 0xE8, 0xFF,
    0xDB, 0xE5, 0x42, 0xA9, 0xA5, 0x23, 0xC3, 0xF9, 0x63, 0x21, 0x42, 0x42, 0xCE, 0xC7, 0x2B, 0x9A,
    0x89, 0xD3, 0xEA, 0xBB, 0x63, 0x3C, 0xC4, 0xD5, 0xA8, 0x9C, 0xA4, 0x8F, 0x1E, 0xA7, 0x00, 0x3D,
    0xD3, 0xD9, 0xAE, 0x0F, 0x0F, 0x42, 0xEF, 0x9D, 0x25, 0xAB, 0x26, 0x5D, 0x4B, 0x26, 0x35, 0x8B,
    0xA6, 0xCE, 0x0B, 0xE3, 0x59, 0x51, 0xF3, 0x21, 0xEF, 0x78, 0x3F, 0xAA, 0x3D, 0x38, 0x8D, 0x15,
    0xE3, 0x1F, 0xCA, 0x51, 0xCA, 0x78, 0xE5, 0x3B, 0xDF, 0x6E, 0xC4, 0x32, 0x0C, 0xC2, 0x21, 0xBC,
    0x81, 0x1A, 0x7D, 0x86, 0x26, 0x55, 0xA6, 0xAF, 0x82, 0x3E, 0xF2, 0x2D, 0x6E, 0x1C, 0xBF, 0xE8,
    0x46, 0x3C, 0xD3, 0x45, 0xD9, 0xBE, 0xC8, 0x72, 0x69, 0x58, 0x8A, 0x97, 0x1F, 0x65, 0x45, 0x8C,
    0x93, 0x3F, 0x33, 0x0E, 0x4A, 0x57, 0x53, 0xBE, 0xF1, 0x39, 0x4B, 0x5B, 0x91, 0xF7, 0x68, 0x92,
    0x87, 0x51, 0x8F, 0x47, 0x3F, 0xB6, 0x87, 0xED, 0x21, 0x02, 0xAA, 0x03, 0x56, 0x8A, 0xBC, 0x59,
    0x04, 0xDD, 0x0A, 0x39, 0xBC, 0xCC, 0xC4, 0x7C, 0xD0, 0x26, 0x49, 0x2D, 0x6A, 0x84, 0x0A, 0x5E,
    0x5B, 0x09, 0xEB, 0x58, 0x4C, 0xEE, 0xF8, 0x39, 0xB6, 0x4C, 0xAC, 0xED, 0x58, 0x83, 0x85, 0xD7,
    0x03, 0xA9, 0xC5, 0x5C, 0xFB, 0xED, 0x39, 0x0C, 0xF9, 0x39, 0xB4, 0x48, 0x1E, 0x7C, 0x55, 0x0F,
    0x64, 0x34, 0x94, 0x95, 0x91, 0xD6, 0x6E, 0xE1, 0xEA, 0x32, 0x0C, 0xBE, 0x5C, 0xAB, 0x37, 0x33,
    0x28, 0xE5, 0xDA, 0x4C, 0x46, 0x61, 0x53, 0xA3, 0x65, 0xA7, 0xC8, 0x19, 0xFD, 0xB3, 0xD6, 0xF0,
    0xB0, 0x12, 0x9B, 0xB5, 0x87, 0xD3, 0x64, 0x9A, 0xF5, 0x10, 0x3C, 0x15, 0xF5, 0x3E, 0xCE, 0x2E,
    0x48, 0x7E, 0x44, 0xA6, 0x4F, 0x83, 0x39, 0x3F, 0x32, 0x89, 0x71, 0x2A, 0xEC, 0xAA, 0x35, 0x08,
    0xCF, 0xCB, 0xDA, 0x35, 0x5D, 0x88, 0x5A, 0xBD, 0x6C, 0x73, 0xC2, 0xC8, 0x62, 0xCD, 0x68, 0x0F,
    0xFD, 0x85, 0x79, 0x1B, 0xC3, 0x9F, 0xDE, 0xDC, 0x62, 0x3E, 0xDD, 0x3F, 0x67, 0x98, 0x5B, 0x0A,
    0xE0, 0x91, 0x26, 0xF6, 0x55, 0x18, 0x07, 0x6A, 0xD5, 0x26, 0x0D, 0x68, 0xE8, 0x8C, 0xAF, 0x7D,
    0xD2, 0x44, 0x95, 0x87, 0x3D, 0x77, 0xCE, 0x4C, 0x62, 0x63, 0x5E, 0x91, 0xC8, 0xF7, 0xA3, 0xA6,
    0x31, 0xCB, 0x61, 0xB9, 0xF3, 0xF4, 0xA4, 0x4C, 0xA9, 0x95, 0xBF, 0x71, 0x8C, 0x00, 0xD9, 0x68,
    0xD3, 0xFD, 0xB9, 0xC7, 0x0F, 0x1A, 0xE6, 0xF0, 0x54, 0x40, 0xAF, 0x9E, 0x0F, 0x6F, 0xAA, 0x76,
    0x67, 0x84, 0x13, 0x2B, 0xE6, 0x40, 0xC3, 0x63, 0xAE, 0xFB, 0xD6, 0xBF, 0x2A, 0xFB, 0x9B, 0xFC,
    0x08, 0xD0, 0x8E, 0xC0, 0xAD, 0xFB, 0x48, 0x4F, 0x06, 0x10, 0x3D, 0xED, 0xE1, 0x92, 0xDC, 0x3E,
    0x7D, 0xF2, 0x7B, 0x8F, 0x22, 0xBF, 0x49, 0x5D, 0xC8, 0xDB, 0x93, 0x93, 0xAF, 0xAF, 0xB1, 0xCD,
    0x32, 0xEC, 0x67, 0x99, 0xD8, 0x9F, 0x72, 0xE4, 0xAC, 0x3B, 0xA1, 0x75, 0x85, 0x99, 0x32, 0xBA,
    0x07, 0xC7, 0x22, 0x43, 0x4A, 0xC9, 0x80, 0x11, 0x4A, 0x48, 0x95, 0x0D, 0x1F, 0x0A, 0x6E, 0xFB,
    0xC3, 0xCB, 0x25, 0xFD, 0x5E, 0x08, 0xD3, 0x78, 0x66, 0xF2, 0xC2, 0xC6, 0x52, 0x95, 0x6F, 0x62,
    0x07, 0x6D, 0xC8, 0x6B, 0xF0, 0xC1, 0x2E, 0xDA, 0xF9, 0xDC, 0x23, 0x2E, 0x11, 0x44, 0xC1, 0x46,
    0x3D, 0xF3, 0xAA, 0xB5, 0x94, 0xE1, 0x47, 0x61, 0x34, 0x81, 0x97, 0xC2, 0xAA, 0x6B, 0x9B, 0x08,
    0xA5, 0x3D, 0xB1, 0xBA, 0x7C, 0xCE, 0x79, 0xA0, 0x63, 0x56, 0xD3, 0x3B, 0x18, 0x64, 0x1C, 0x1F,
    0xD5, 0xB6, 0x8D, 0x15, 0x2C, 0x19, 0xDD, 0x8E, 0x19, 0xDD, 0xFA, 0xD3, 0x85, 0xA9, 0x3C, 0x63,
    0x7C, 0x2B, 0xD8, 0xBB, 0x1E, 0x2C, 0xA9, 0xFB, 0x61, 0x61, 0xD2, 0xCF, 0x93, 0xE8, 0xE4, 0x70,
    0xAA, 0x24, 0x68, 0x51, 0xEC, 0xCD, 0x1F, 0x30, 0x9E, 0x7F, 0x89, 0xF6, 0x9A, 0x9A, 0xD7, 0xAD,
    0xDA, 0xE1, 0xCF, 0x58, 0x54, 0x57, 0x98, 0x72, 0x88, 0xC5, 0xFE, 0x02, 0xC1, 0x44, 0x8A, 0xCD,
    0xF7, 0xD7, 0x7C, 0x7E, 0x8E, 0xE1, 0x44, 0x00, 0x9B, 0xCD, 0xF0, 0x11, 0xCB, 0xEC, 0x1F, 0xF3,
    0x2C, 0x1F, 0x75, 0xED, 0xFA, 0x4B, 0xE7, 0xB6, 0x2D, 0xA5, 0x7F, 0x15, 0x1A, 0x7A, 0x04, 0xD5,
    0x51, 0x89, 0xF3, 0xD1, 0xC9, 0x6D, 0xCB, 0x53, 0x45, 0x52, 0x11, 0x09, 0xC6, 0x19, 0xEB, 0xE1,
    0xA4, 0x6A, 0xAE, 0xD8, 0x95, 0x3C, 0xD0, 0xF3, 0x7D, 0x7A, 0x1C, 0x35, 0x3A, 0x3E, 0x14, 0xA6,
    0x61, 0xFC, 0xD6, 0x1A, 0xFA, 0xBF, 0xA3, 0x13, 0x20, 0xAA, 0x63, 0xE7, 0xAF, 0x5D, 0x63, 0x23,
    0x4D, 0x8C, 0xDF, 0xFB, 0x87, 0x86, 0x2C, 0xDE, 0xFE, 0x01, 0xD1, 0x76, 0xCD, 0x2F, 0x99, 0xFA,
    0xFE, 0x50, 0xD3, 0x38, 0xCC, 0x97, 0x6A, 0x7D, 0x3B, 0x88, 0xD4, 0x1C, 0x41, 0x04, 0xFA, 0x2C,
    0x65, 0xA6, 0x70, 0xC3, 0x9C, 0xA2, 0x97, 0x09, 0x62, 0xAE, 0xCC, 0xC9, 0xD1, 0xA7, 0x9B, 0x3A,
    0x88, 0x15, 0x53, 0x2F, 0xB5, 0x4A, 0xE7, 0xEF, 0x29, 0xDC, 0xA1, 0xDA, 0xFD, 0x38, 0xC7, 0xC3,
    0xB5, 0xF7, 0x2B, 0xBA, 0x28, 0x23, 0x5F, 0xCA, 0x91, 0x96, 0x93, 0x19, 0x7A, 0x05, 0x1B, 0x32,
    0xC4, 0x5C, 0xF8, 0xB5, 0x39, 0x59, 0x58, 0x69, 0x21, 0x07, 0x21, 0x2D, 0xDD, 0xE6, 0x5E, 0xAE,
    0xB1, 0x81, 0x93, 0x76, 0x61, 0x8D, 0x74, 0x89, 0x4F, 0x19, 0xE7, 0x3A, 0x75, 0xC4, 0x64, 0xA7,
    0x73, 0xAF, 0x7F, 0x45, 0x0B, 0x3F, 0xE4, 0xDA, 0x49, 0x07, 0x5A, 0x00, 0x0A, 0xE0, 0xCC, 0x78,
    0xB1, 0x17, 0x79, 0x91, 0x1F, 0x79, 0x69, 0x80, 0xEF, 0x6E, 0x1A, 0xE2, 0x9E, 0x93, 0x8D, 0xF3,
    0x11, 0xF8, 0x7E, 0x50, 0xC0, 0xA1, 0x2F, 0x8A, 0x12, 0x2C, 0x3C, 0xC8, 0x77, 0x0B, 0xAE, 0x01,
    0xCF, 0xE9, 0x8C, 0x53, 0xBA, 0x59, 0x61, 0xCC, 0xC1, 0x02, 0x75, 0x6B, 0xFD, 0xF9, 0x41, 0xA6,
    0x03, 0x85, 0x71, 0x2E, 0x23, 0xAB, 0xD2, 0xF3, 0xB2, 0xF4, 0x5C, 0x86, 0x7C, 0xAE, 0x7E, 0x28,
    0x88, 0xEC, 0x79, 0x18, 0xCE, 0x86, 0xA0, 0x16, 0x78, 0xC4, 0xAA, 0xD9, 0xD9, 0x1E, 0xE7, 0x30,
    0xDC, 0xEB, 0x94, 0x48, 0xAF, 0x68, 0x6B, 0xDC, 0x4B, 0x93, 0xEE, 0xD4, 0x83, 0xBA, 0x79, 0xD8,
    0xE8, 0xCE, 0xA7, 0xD0, 0x72, 0xD1, 0xCD, 0x36, 0x8B, 0x68, 0xC9, 0x32, 0x92, 0xB3, 0x2F, 0x3D,
    0x41, 0x3C, 0x86, 0xF6, 0x08, 0x79, 0xDC, 0xB0, 0x79, 0x37, 0x96, 0xEB, 0xDC, 0xDD, 0x01, 0xFA,
    0x19, 0xCB, 0xF8, 0xB7, 0xB5, 0x9E, 0xE3, 0x77, 0xE1, 0x45, 0xCA, 0x1A, 0x8F, 0xBD, 0x25, 0x74,
    0x6F, 0x6B, 0x92, 0x2B, 0x17, 0xCE, 0x1E, 0xB1, 0xE6, 0x6E, 0x55, 0x02, 0x54, 0x1D, 0x74, 0x3B,
    0xFF, 0x42, 0xE7, 0xD8, 0xC4, 0x4C, 0x05, 0x44, 0x1A, 0x1A, 0x74, 0xA7, 0xD7, 0x8B, 0xEE, 0x9C,
    0x77, 0x10, 0xB7, 0x61, 0xBA, 0x56, 0x9F, 0xF4, 0x20, 0xB8, 0x9B, 0x1F, 0x38, 0xC9, 0x31, 0x6D,
    0x33, 0x7B, 0x86, 0x3D, 0x3D, 0x10, 0x1B, 0xBE, 0xB7, 0x79, 0x9D, 0x81, 0x5F, 0x13, 0x31, 0xD3,
    0x81, 0x1F, 0xEE, 0xB0, 0x47, 0x48, 0x3B, 0xE6, 0xE8, 0x9A, 0x11, 0x38, 0x0E, 0x1C, 0xF2, 0x5E,
    0xCD, 0x3D, 0xD6, 0xD3, 0xB8, 0x35, 0xE4, 0x16, 0xB3, 0x38, 0x03, 0xFC, 0x86, 0x91, 0x43, 0x3D,
    0x3F, 0xC2, 0x83, 0x5B, 0xFB, 0xC2, 0xA3, 0xC4, 0x3E, 0x07, 0x0C, 0x9A, 0xDE, 0x40, 0xEB, 0xAB,
    0x9D, 0x10, 0x3D, 0x3F, 0x80, 0x2D, 0x26, 0x3D, 0x82, 0xBD, 0x6E, 0x0B, 0x9C, 0x3D, 0x8A, 0x5E,
    0xF4, 0x81, 0xF3, 0x59, 0xCE, 0xEC, 0xCC, 0xF8, 0x28, 0x28, 0xFE, 0x07, 0xC5, 0x59, 0x3D, 0x90,
    0xDC, 0x58, 0x11, 0x6E, 0x49, 0xF6, 0x8A, 0xB2, 0xAA, 0xAC, 0x0B, 0xA0, 0xEA, 0xC0, 0x85, 0x75,
    0x81, 0x03, 0x82, 0xB5, 0x95, 0x10, 0x38, 0x98, 0xD1, 0x13, 0xA4, 0x04, 0x47, 0x70, 0x1B, 0x11,
    0x40, 0x40, 0x00, 0x91, 0x2F, 0xDC, 0x60, 0x66, 0x47, 0xD4, 0x85, 0x04, 0x6C, 0x72, 0xB9, 0x03,
    0x12, 0x96, 0xC0, 0x0E, 0x2E, 0xD8, 0x60, 0x76, 0x24, 0x20, 0x20, 0xB8, 0x44, 0x55, 0xAE, 0x8B,
    0x08, 0x50, 0x1D, 0x44, 0x10, 0x9C, 0xA8, 0x9A, 0xA2, 0x74, 0xF8, 0xCD, 0x88, 0xEF, 0xEB, 0x27,
    0xCD, 0xAE, 0xE1, 0x7C, 0xE7, 0xB3, 0xD7, 0xDE, 0x59, 0xE9, 0xF5, 0x9B, 0xD1, 0xFB, 0xE9, 0x7E,
    0xDD, 0xFD, 0x75, 0xB7, 0x56, 0x44, 0x82, 0x4A, 0x86, 0x26, 0xAC, 0xC4, 0x5F, 0x95, 0x85, 0xA4,
    0xFD, 0x56, 0xBC, 0xBE, 0xEF, 0x8B, 0xA0, 0x93, 0xB4, 0x89, 0x6B, 0x09, 0xDA, 0xB4, 0x10, 0xCF,
    0x1A, 0x8C, 0x39, 0x9B, 0xA3, 0xC9, 0x96, 0x68, 0x0C, 0x9B, 0xD4, 0xEE, 0x1A, 0xFD, 0xED, 0x8C,
    0x4D, 0x86, 0xE6, 0x88, 0x83, 0x6D, 0x82, 0x15, 0xBB, 0xA8, 0x95, 0xA8, 0x0D, 0xB6, 0x79, 0x59,
    0x49, 0xD9, 0xF7, 0x22, 0x51, 0xBF, 0xC6, 0xB3, 0x6F, 0x09, 0x3F, 0xFB, 0xB8, 0x27, 0xB2, 0x77,
    0x3C, 0x93, 0xBE, 0xEF, 0xC2, 0xBE, 0x6F, 0xE3, 0x3A, 0x6A, 0x8D, 0x78, 0xDD, 0x54, 0x64, 0x89,
    0x15, 0xA7, 0xB8, 0x33, 0xEB, 0x76, 0xE4, 0x3D, 0xC7, 0xDA, 0x36, 0xCD, 0xBD, 0x2E, 0x6E, 0xB0,
    0x66, 0xDF, 0x63, 0xC9, 0xAD, 0x88, 0x97, 0xEB, 0x62, 0xDF, 0x65, 0x73, 0x8F, 0xCD, 0xF4, 0x0E,
    0xA4, 0xB1, 0x18, 0x1F, 0xB7, 0x6C, 0x72, 0x36, 0xF2, 0xF5, 0x9B, 0x99, 0x48, 0x22, 0xD8, 0x31,
    0x15, 0x48, 0x93, 0x09, 0xA4, 0xB1, 0x12, 0x7D, 0x7E, 0x6B, 0x2D, 0x7E, 0xDF, 0xD7, 0x22, 0x8B,
    0x2D, 0xF7, 0x72, 0x7B, 0xC7, 0xC3, 0x9D, 0xAE, 0x25, 0xDA, 0x74, 0x12, 0xAF, 0x71, 0x57, 0xB8,
    0x8B, 0xE7, 0xDD, 0x16, 0xF7, 0x52, 0x92, 0xDC, 0xE4, 0xA5, 0x24, 0xBD, 0x95, 0xB0, 0x6F, 0x44,
    0xBE, 0x29, 0xFF, 0xF7, 0x39, 0x8D, 0xC7, 0x9E, 0x59, 0x8D, 0xBD, 0xB8, 0x1B, 0x7B, 0x41, 0x73,
    0x71, 0xEC, 0x77, 0x4E, 0x7E, 0x2B, 0x72, 0xE3, 0xE4, 0xE4, 0x77, 0x3C, 0xE8, 0x5A, 0x0C, 0x75,
    0x88, 0x5E, 0x87, 0x0D, 0xFA, 0x1E, 0x87, 0xE0, 0x6F, 0x38, 0x6A, 0x45, 0xE1, 0xA8, 0x1E, 0xCF,
    0xB2, 0x97, 0x14, 0x58, 0xA6, 0x55, 0x81, 0x61, 0x04, 0xD0, 0x36, 0x7A, 0x21, 0xA4, 0x83, 0xCA,
    0x97, 0x6E, 0x83, 0x85, 0x8C, 0x3D, 0x3B, 0xF6, 0x82, 0xF5, 0xD8, 0x8B, 0x9A, 0xB1, 0x87, 0xE3,
    0xD1, 0x5E, 0xAD, 0x8B, 0xA3, 0x17, 0xF1, 0xBC, 0xC4, 0xAD, 0xCC, 0x09, 0xEC, 0xA5, 0x05, 0x27,
    0xB0, 0x57, 0xEA, 0x04, 0x39, 0x3B, 0xF8, 0x89, 0x15, 0xF3, 0xE1, 0xC1, 0x7B, 0xE4, 0xB9, 0x65,
    0xD3, 0xE7, 0x0B, 0xDC, 0x82, 0xA6, 0x77, 0x12, 0x85, 0xF2, 0x58, 0xE5, 0x09, 0x9E, 0x34, 0x2A,
    0x8D, 0xD7, 0x57, 0x4E, 0x96, 0xC5, 0x28, 0xC9, 0x28, 0x87, 0xDB, 0x0B, 0x33, 0x55, 0x06, 0xA3,
    0x54, 0xF9, 0x76, 0xD4, 0x5F, 0x3B, 0x1A, 0x36, 0x8E, 0xC6, 0x95, 0xA3, 0x66, 0xE0, 0xFB, 0xCC,
    0x71, 0xED, 0x75, 0x03, 0xCF, 0xAD, 0xE3, 0x18, 0xE7, 0xA2, 0xFC, 0xA6, 0xB9, 0xE3, 0x16, 0xE7,
    0xA1, 0xBC, 0x82, 0x41, 0xE5, 0xB4, 0xEC, 0x69, 0x08, 0x77, 0x06, 0x25, 0x2C, 0xE5, 0xFD, 0xC8,
    0xD1, 0x69, 0xE6, 0x68, 0x62, 0x1D, 0x0D, 0xDB, 0x81, 0x55, 0xAA, 0x2A, 0x57, 0xEA, 0xF5, 0xDD,
    0x12, 0x66, 0xDF, 0x44, 0x7D, 0x6F, 0x61, 0xCE, 0x4D, 0x52, 0xC7, 0x96, 0x5B, 0x1B, 0x09, 0x40,
    0xD3, 0x7C, 0xAE, 0x67, 0x7E, 0xC4, 0x49, 0x96, 0xD7, 0x92, 0xF3, 0xC1, 0x97, 0x2A, 0x22, 0xAA,
    0xDD, 0xF7, 0xA4, 0x70, 0xCF, 0xD5, 0x48, 0xA1, 0x54, 0xCB, 0x43, 0x09, 0xAC, 0xBF, 0xA6, 0x3A,
    0x13, 0xCB, 0x6D, 0xC3, 0x7E, 0xBB, 0x8C, 0xB1, 0xBE, 0xF4, 0xEB, 0x43, 0xA5, 0xD7, 0x1D, 0xB3,
    0x6F, 0x69, 0xFB, 0x8D, 0x99, 0x92, 0xD4, 0xB1, 0x66, 0x5E, 0x33, 0x69, 0xD4, 0x93, 0xC1, 0xDD,
    0xD9, 0xD9, 0xC1, 0x81, 0x6C, 0x43, 0x8B, 0xC3, 0x84, 0xCE, 0x5A, 0x9C, 0x65, 0x15, 0xF7, 0x85,
    0x0E, 0xFC, 0xB1, 0xE3, 0x8C, 0x7C, 0x51, 0x77, 0xAE, 0x39, 0x5D, 0xEE, 0xCE, 0x6F, 0xF7, 0xD5,
    0x7E, 0xFD, 0x86, 0xBB, 0xEA, 0x9E, 0x96, 0x3B, 0xAA, 0x6E, 0x76, 0x8D, 0x47, 0xCF, 0x4A, 0xA8,
    0x27, 0x03, 0x17, 0x90, 0xDB, 0xF2, 0x8E, 0xEE, 0xB5, 0x0C, 0x5A, 0x5E, 0x7E, 0xBD, 0x74, 0x5F,
    0xFD, 0x66, 0x19, 0xBC, 0xD0, 0x75, 0x48, 0x5F, 0x69, 0x06, 0x3F, 0x59, 0x54, 0x02, 0x6B, 0x39,
    0xA5, 0x68, 0x1E, 0xF7, 0xA2, 0x09, 0x00, 0x73, 0x01, 0xBE, 0xA5, 0x3A, 0x0B, 0x4C, 0x16, 0xE8,
    0x3B, 0x74, 0xEA, 0xB1, 0xD3, 0x0E, 0x9D, 0xA5, 0x1D, 0x3B, 0x47, 0x63, 0x27, 0xCD, 0x87, 0x4E,
    0x5C, 0x0D, 0x9D, 0xA0, 0x1D, 0x3A, 0x9E, 0x1D, 0x3A, 0xB2, 0x1A, 0x3B, 0x66, 0xEC, 0xC4, 0x1F,
    0x0F, 0x9D, 0xF0, 0xE9, 0xD0, 0xF1, 0xFB, 0x6A, 0x1F, 0x8B, 0x82, 0x9F, 0x1E, 0xA6, 0xA7, 0x6E,
    0x61, 0xAA, 0xB4, 0x2E, 0xD5, 0xAF, 0xA0, 0x94, 0x8D, 0x1C, 0x82, 0xC3, 0xC2, 0xEF, 0xDB, 0xC1,
    0xC8, 0xAF, 0xCB, 0x28, 0x85, 0xCA, 0x90, 0xE4, 0x2A, 0x41, 0x5A, 0x28, 0xFF, 0xB1, 0x0C, 0xDC,
    0x0F, 0xBC, 0x2B, 0xE7, 0x80, 0x54, 0xF2, 0x0D, 0x2C, 0x26, 0xD7, 0x20, 0xE4, 0x19, 0x84, 0x1C,
    0x83, 0x90, 0x5F, 0xE2, 0xF4, 0xCA, 0x11, 0xE3, 0x08, 0x38, 0x25, 0x01, 0x9F, 0x24, 0xE0, 0x52,
    0xA1, 0x7C, 0x20, 0xC6, 0x11, 0xF0, 0x97, 0x2B, 0x77, 0xF1, 0x80, 0xC4, 0x8E, 0x24, 0x03, 0x68,
    0x6A, 0xEB, 0x2B, 0x52, 0x23, 0x24, 0x38, 0xD0, 0xAC, 0x2F, 0x60, 0x66, 0x7A, 0x61, 0xD8, 0xED,
    0xF1, 0xC7, 0xBD, 0x63, 0x34, 0xEB, 0xD2, 0x62, 0x95, 0xA7, 0x40, 0xA1, 0x54, 0xFA, 0x22, 0xCD,
    0x53, 0xD9, 0xE0, 0x68, 0x52, 0xC6, 0x00, 0xB4, 0xDD, 0x4B, 0xB5, 0x1F, 0x49, 0x58, 0xA4, 0x17,
    0xF6, 0xBD, 0xB0, 0xBB, 0x03, 0xE7, 0x48, 0xA1, 0x3D, 0x3C, 0x1E, 0x18, 0xB9, 0xCD, 0xC0, 0x1C,
    0x7D, 0x46, 0x88, 0x56, 0x11, 0x4E, 0x77, 0x7C, 0xBF, 0xB3, 0x33, 0x59, 0x36, 0xFA, 0x34, 0xE8,
    0xB9, 0xC0, 0x5F, 0x21, 0x7F, 0xFC, 0x1B, 0x4C, 0x4B, 0x78, 0xF6, 0x19, 0xE1, 0x6F, 0xEA, 0xB7,
    0x54, 0x14, 0xF0, 0xA0, 0xC3, 0x14, 0xAF, 0x95, 0x39, 0xC6, 0x02, 0xB4, 0x02, 0x42, 0x6C, 0xF4,
    0x8F, 0x93, 0x47, 0x3C, 0x3B, 0x8A, 0x06, 0x63, 0xC8, 0x18, 0x0D, 0xE0, 0x77, 0x7E, 0x8B, 0x43,
    0x95, 0x41, 0xDF, 0x0D, 0x42, 0xEB, 0x12, 0x3F, 0x1A, 0x85, 0x94, 0x21, 0xD8, 0xE4, 0x6F, 0x01,
    0xBD, 0x4E, 0x89, 0x5C, 0x50, 0x81, 0x25, 0xE2, 0xCC, 0x9D, 0x8B, 0xF1, 0x5E, 0x5A, 0x17, 0xC0,
    0x79, 0xDB, 0xA9, 0x26, 0x0F, 0x81, 0x55, 0x34, 0x22, 0x28, 0xF7, 0xDD, 0xE1, 0x80, 0x40, 0x93,
    0xA8, 0x48, 0x4A, 0x2A, 0xC6, 0x73, 0x5B, 0xE5, 0xEC, 0xF8, 0x2F, 0x75, 0x61, 0xE2, 0xFB, 0xD1,
    0x34, 0x4B, 0x6C, 0xC4, 0xA5, 0xF2, 0xA0, 0x0E, 0x9A, 0xE7, 0xFE, 0x55, 0x4E, 0x86, 0xA8, 0xC0,
    0xD0, 0xE0, 0x29, 0x25, 0xEA, 0x69, 0x36, 0xD3, 0xF1, 0x74, 0xFD, 0x15, 0x8E, 0x3C, 0x45, 0x58,
    0x7E, 0x23, 0x79, 0xD0, 0xC3, 0x9B, 0x38, 0xA8, 0xB9, 0x26, 0x0F, 0x12, 0x37, 0xE7, 0x26, 0x08,
    0x15, 0x85, 0x04, 0xC5, 0x57, 0xC8, 0x89, 0x44, 0x0E, 0xE3, 0x31, 0x77, 0xD0, 0xB4, 0x61, 0x97,
    0x31, 0xDC, 0xA1, 0x17, 0xBF, 0x64, 0x62, 0xF4, 0xF5, 0x53, 0xA4, 0x20, 0x7F, 0x2C, 0xC1, 0xA7,
    0x2D, 0x9D, 0x57, 0x13, 0x8A, 0xF1, 0x83, 0x74, 0xA9, 0xF8, 0xB2, 0x34, 0xE9, 0xC5, 0xD2, 0xA5,
    0xE7, 0xEA, 0xD1, 0x2B, 0x1F, 0x0A, 0xB3, 0x1F, 0x61, 0xB0, 0xAE, 0x82, 0x0D, 0x61, 0x82, 0xD6,
    0xA1, 0xA9, 0x87, 0xBA, 0xDD, 0xD1, 0x33, 0x31, 0x05, 0xDC, 0xEF, 0x9D, 0x70, 0xB3, 0x1E, 0x89,
    0x63, 0xD4, 0xB7, 0x73, 0x7A, 0x83, 0x61, 0x83, 0xE0, 0x1F, 0xB4, 0xC8, 0x04, 0x82, 0x36, 0x5C,
    0xA3, 0xF1, 0xFA, 0xE2, 0x41, 0xCB, 0x1C, 0xA5, 0xC2, 0xB0, 0xCD, 0xA0, 0x47, 0x06, 0x7E, 0x06,
    0x7D, 0x06, 0xFC, 0x70, 0x70, 0x9D, 0x1B, 0xB0, 0x98, 0xDE, 0x4E, 0xA0, 0xC7, 0x79, 0x52, 0x47,
    0x1B, 0xE8, 0x71, 0x83, 0x45, 0x37, 0xD4, 0x1B, 0x75, 0x69, 0x9D, 0x3E, 0xA7, 0x83, 0x1E, 0xF1,
    0xDC, 0xDF, 0xC4, 0x4D, 0xBC, 0xC1, 0xF8, 0x99, 0x94, 0xDD, 0x44, 0xAE, 0xE7, 0x1A, 0x04, 0x3D,
    0x04, 0xCC, 0xF8, 0xF3, 0x07, 0x0D, 0xF4, 0x5B, 0xC8, 0x83, 0xEE, 0x4D, 0x5A, 0xE8, 0xD1, 0x0E,
    0x78, 0xF8, 0x4D, 0x36, 0x14, 0x6C, 0xA1, 0x87, 0x58, 0x3C, 0x63, 0xA6, 0xC9, 0x60, 0xA6, 0x03,
    0x0A, 0xCC, 0x28, 0x5A, 0x77, 0x2E, 0xE2, 0x8C, 0xBF, 0x1B, 0x8A, 0xD1, 0xC4, 0x4D, 0x48, 0x31,
    0xCA, 0x8D, 0xCB, 0x34, 0xA3, 0xC2, 0xA1, 0x76, 0xF4, 0x97, 0x01, 0xC3, 0x4E, 0x5D, 0xDE, 0x27,
    0xE2, 0xF2, 0x58, 0x47, 0x3B, 0xA7, 0x23, 0x07, 0x93, 0x5F, 0x91, 0xF7, 0x6D, 0x5F, 0x73, 0xDE,
    0xB7, 0xD5, 0xBC, 0x8F, 0x10, 0x2A, 0x1E, 0xFD, 0x49, 0x11, 0xC7, 0x90, 0x91, 0xFB, 0x3B, 0xCB,
    0x23, 0x9F, 0xE1, 0x67, 0x7C, 0x18, 0x14, 0x43, 0xA3, 0x5F, 0xF5, 0xC1, 0x9B, 0x00, 0x6D, 0xAD,
    0x47, 0x4C, 0xAE, 0x1B, 0xFA, 0xB5, 0x43, 0x04, 0x1A, 0xFF, 0x14, 0x03, 0xEF, 0xA3, 0xF0, 0x9A,
    0x4C, 0xB0, 0x5D, 0xE7, 0x54, 0x78, 0x39, 0x60, 0x3E, 0x6E, 0x3D, 0xD8, 0x7E, 0xE2, 0x22, 0xC5,
    0xDD, 0x67, 0x4B, 0x94, 0x13, 0x3A, 0xA8, 0x3A, 0x8E, 0x73, 0xCA, 0x31, 0xF2, 0x49, 0xE8, 0x48,
    0xEC, 0x88, 0x71, 0x3E, 0x3C, 0x77, 0xA4, 0x53, 0x02, 0x57, 0x44, 0x6D, 0x03, 0x4D, 0x19, 0x5A,
    0x67, 0x5C, 0x18, 0x7A, 0x9E, 0x71, 0xDE, 0xBE, 0x54, 0x02, 0x67, 0xD8, 0xE8, 0xA1, 0x2A, 0x89,
    0x3F, 0x39, 0xA0, 0x99, 0x27, 0xB9, 0x3E, 0xC3, 0x21, 0x65, 0x4C, 0xFD, 0x84, 0x85, 0x51, 0xF5,
    0x91, 0x23, 0xE7, 0x9C, 0xBD, 0xED, 0xC8, 0x00, 0x1D, 0x2E, 0x53, 0x18, 0x82, 0x52, 0x50, 0x5D,
    0x94, 0x20, 0xF7, 0x60, 0x9B, 0x3E, 0x0E, 0x0A, 0xB3, 0x91, 0x4B, 0x97, 0xB0, 0x08, 0x93, 0xA7,
    0x9D, 0x56, 0x53, 0x40, 0xEF, 0x0C, 0xA1, 0x19, 0x96, 0xC3, 0xC8, 0xFE, 0xD3, 0x4F, 0x0E, 0x1E,
    0x10, 0x08, 0x59, 0xD3, 0x24, 0x4A, 0x30, 0x32, 0x76, 0xF6, 0x4A, 0x3D, 0x73, 0x42, 0xAD, 0x24,
    0x6D, 0x51, 0xBD, 0x1E, 0x79, 0xDB, 0x2D, 0xAA, 0x33, 0xC3, 0x54, 0x18, 0x28, 0xDA, 0x17, 0x11,
    0x8D, 0xFF, 0xBD, 0x01, 0xE7, 0x94, 0x17, 0x35, 0xB4, 0xB4, 0xD2, 0xAA, 0x59, 0x3F, 0xD7, 0x08,
    0x04, 0x19, 0x81, 0xC0, 0x12, 0x08, 0xD6, 0x23, 0x10, 0xC4, 0x04, 0x02, 0x43, 0x20, 0xB0, 0x00,
    0x02, 0xBF, 0xCD, 0x58, 0x2E, 0x18, 0xD6, 0x0A, 0xC0, 0x80, 0x8C, 0x40, 0x60, 0x01, 0x04, 0xB0,
    0x74, 0x73, 0x06, 0x4E, 0x4C, 0x86, 0x33, 0x3A, 0x32, 0x47, 0x04, 0x02, 0x3B, 0x02, 0x41, 0x44,
    0x20, 0x48, 0x09, 0x04, 0x53, 0x02, 0xC1, 0xF7, 0x5C, 0xC9, 0xFE, 0xF6, 0x70, 0x46, 0xD6, 0x71,
    0x34, 0x1E, 0xCD, 0xDE, 0xF1, 0x3E, 0x70, 0x80, 0xB5, 0xCC, 0xDA, 0x85, 0xAB, 0x18, 0x2A, 0x33,
    0x30, 0x18, 0x3B, 0xC5, 0x2E, 0x99, 0x8D, 0xEA, 0x6C, 0x99, 0xE4, 0x19, 0x72, 0xC0, 0x39, 0x62,
    0x97, 0x4D, 0x5B, 0x17, 0xAE, 0x52, 0xA8, 0x60, 0x8E, 0x70, 0xF5, 0x7D, 0x18, 0xA7, 0x57, 0xC3,
    0x78, 0x83, 0x8E, 0xC1, 0xA1, 0xA4, 0xE9, 0x44, 0x3F, 0x6C, 0xAE, 0x24, 0xD9, 0xA1, 0xE1, 0x7C,
    0x00, 0x58, 0x7F, 0x82, 0xAC, 0x62, 0x8D, 0xFD, 0x66, 0x77, 0x2F, 0x2A, 0xFF, 0xD5, 0xFD, 0x44,
    0x93, 0xD1, 0x98, 0xA6, 0x97, 0x32, 0x13, 0xDD, 0xF7, 0xAE, 0x46, 0xCC, 0x3D, 0xD8, 0xA1, 0x81,
    0xFB, 0x6F, 0x91, 0x1A, 0xB4, 0x80, 0x8A, 0x3A, 0xBA, 0x34, 0x11, 0xF7, 0x81, 0xE8, 0xE6, 0xDD,
    0x46, 0x92, 0x4F, 0xC9, 0xD9, 0xDD, 0x9D, 0xE3, 0x13, 0xCD, 0x59, 0x78, 0x2D, 0x87, 0x68, 0xFB,
    0xBF, 0xF7, 0xCA, 0xBD, 0xB9, 0xD0, 0x82, 0xFA, 0x79, 0x63, 0x58, 0xBD, 0x71, 0x9D, 0x01, 0x41,
    0x24, 0xC6, 0x89, 0xC4, 0x7F, 0x46, 0x89, 0xF5, 0x2F, 0xC8, 0x72, 0x3A, 0x39, 0x57, 0xD5, 0x8D,
    0x9C, 0x81, 0x97, 0x91, 0x29, 0x4F, 0xAA, 0x84, 0x15, 0x35, 0x8E, 0xC0, 0x6B, 0x31, 0x7F, 0x8D,
    0xF9, 0x6B, 0x1C, 0x53, 0x3B, 0xAE, 0x99, 0xB9, 0x64, 0xA0, 0xA1, 0x45, 0x86, 0x17, 0x13, 0xA8,
    0xB4, 0x66, 0x85, 0x8E, 0x50, 0x31, 0x83, 0xA1, 0xEF, 0xBF, 0x3E, 0x39, 0xF6, 0x72, 0x97, 0x5B,
    0x23, 0x2D, 0xF0, 0xDB, 0x7B, 0xE2, 0x57, 0x37, 0x2F, 0x4D, 0x86, 0xFB, 0xB1, 0x2C, 0xE2, 0x3A,
    0x7D, 0xD2, 0xF9, 0xCD, 0xCC, 0x01, 0x06, 0x4B, 0xA3, 0xF4, 0xA5, 0x2E, 0xAD, 0xA9, 0x66, 0x99,
    0x98, 0x34, 0x8F, 0x3F, 0xAE, 0x83, 0x3F, 0x8C, 0x0E, 0x73, 0x4D, 0x21, 0x21, 0x7B, 0xB1, 0x6B,
    0x22, 0x21, 0x30, 0x8A, 0xA0, 0x52, 0x1D, 0x3A, 0xF4, 0x78, 0xB5, 0x9C, 0xDF, 0x3B, 0x66, 0xBE,
    0x95, 0x2D, 0xE4, 0x34, 0x2E, 0x1E, 0x07, 0xB9, 0x5B, 0x10, 0x8E, 0xB5, 0xAB, 0xBC, 0xBF, 0xE2,
    0x02, 0x0B, 0x8F, 0xF9, 0xD2, 0x70, 0xC3, 0xF8, 0xBD, 0xF8, 0x35, 0x5F, 0x96, 0x54, 0x8F, 0xAF,
    0xA4, 0x0C, 0xA0, 0xA7, 0x7F, 0x80, 0xCA, 0xF9, 0x6F, 0x10, 0x8A, 0xC0, 0x33, 0xB9, 0x77, 0x6E,
    0xCD, 0x97, 0x52, 0x0E, 0x94, 0xB9, 0xB8, 0xC4, 0x39, 0xFE, 0x55, 0xCB, 0xF4, 0xE0, 0x6A, 0xC4,
    0xF4, 0x8F, 0xDD, 0xE4, 0x55, 0xE9, 0x80, 0xA7, 0x09, 0x2F, 0x4D, 0xC4, 0x9B, 0xD4, 0x66, 0xF2,
    0xA7, 0x35, 0x03, 0x25, 0xD1, 0xF3, 0x34, 0xB9, 0xF8, 0x66, 0xB4, 0xD4, 0x91, 0xF0, 0x1B, 0xA6,
    0x91, 0xFA, 0x2E, 0x4D, 0x13, 0xBF, 0xEC, 0xD9, 0x66, 0xE9, 0x5E, 0xA6, 0xAD, 0x4E, 0x7E, 0xDF,
    0xEE, 0x66, 0x34, 0x9C, 0xB1, 0x76, 0x0F, 0xC6, 0x21, 0xDA, 0xCC, 0x76, 0xD3, 0x4C, 0x3E, 0x19,
    0xDE, 0x3D, 0x00, 0x84, 0x56, 0x46, 0xD2, 0x77, 0xAB, 0xF0, 0x8F, 0x3B, 0x64, 0xFF, 0x79, 0xFC,
    0x23, 0x1B, 0x3F, 0x5A, 0xA2, 0x02, 0x8B, 0x99, 0x7E, 0xEA, 0x55, 0x7C, 0xF1, 0x15, 0x61, 0x8D,
    0x84, 0x13, 0x4B, 0x1E, 0xF0, 0x1A, 0x6E, 0xE7, 0xD5, 0xF1, 0x1B, 0x17, 0xE3, 0x21, 0x14, 0x26,
    0xE9, 0xA3, 0x62, 0x12, 0x54, 0xF7, 0x7D, 0xF5, 0x52, 0xEF, 0x78, 0x9A, 0xB6, 0xD9, 0xAA, 0x35,
    0x0D, 0x33, 0x5D, 0x23, 0xAE, 0xE0, 0xFB, 0xE2, 0x0B, 0x90, 0x1F, 0xFD, 0x80, 0x76, 0x86, 0x00,
    0x80, 0xF8, 0x50, 0x6A, 0xA1, 0x9F, 0x5F, 0x45, 0xDD, 0xA9, 0xEF, 0x18, 0x70, 0x86, 0x06, 0x65,
    0x02, 0xC3, 0x84, 0x5F, 0xB7, 0xCF, 0xBC, 0x5E, 0x7F, 0xE5, 0xFA, 0x33, 0xA2, 0x59, 0x1B, 0x46,
    0xE9, 0x25, 0xB5, 0xDF, 0x86, 0xC5, 0x95, 0x88, 0xF9, 0x6D, 0xE6, 0xBE, 0xF0, 0xD9, 0x7F, 0xC3,
    0xED, 0x8A, 0x53, 0x89, 0xCE, 0x0B, 0x91, 0x57, 0x17, 0xF1, 0xC1, 0xDF, 0x99, 0x55, 0xE4, 0xF1,
    0x7F, 0xCA, 0xC6, 0xE4, 0x61, 0x0B, 0x76, 0x1E, 0x32, 0x94, 0xCC, 0x87, 0x12, 0x1A, 0x41, 0x52,
    0xE2, 0x6D, 0x0E, 0x96, 0x90, 0x73, 0xDF, 0xE2, 0x0B, 0xDC, 0xB4, 0xD1, 0x7F, 0x29, 0x00, 0xC5,
    0x98, 0xBA, 0xFF, 0x0C, 0x2C, 0x58, 0x7C, 0x2F, 0x8F, 0x93, 0x06, 0x59, 0x70, 0xA1, 0xE3, 0xAE,
    0xE7, 0x43, 0xDD, 0x87, 0xC9, 0x7B, 0xB5, 0xFB, 0xDF, 0xC3, 0x0D, 0x8C, 0xFE, 0x25, 0xEC, 0xAE,
    0x49, 0xFF, 0x69, 0x33, 0x99, 0xCF, 0xE4, 0xDA, 0x5C, 0x0B, 0x98, 0x64, 0x83, 0xB5, 0x1B, 0xB9,
    0x65, 0x69, 0xE9, 0x92, 0xAD, 0xE5, 0xDE, 0x56, 0xE6, 0xA6, 0xB7, 0x18, 0x29, 0xBF, 0x00, 0x70,
    0x43, 0x72, 0x8D, 0x4D, 0x99, 0x26, 0x4F, 0x0F, 0x19, 0xA2, 0x4F, 0xF4, 0x9F, 0x1F, 0x55, 0x4A,
    0x3C, 0x73, 0x99, 0xF3, 0x65, 0x37, 0xE7, 0xD9, 0xA2, 0x4A, 0xE9, 0xDB, 0xF1, 0x7D, 0x35, 0x5F,
    0xBB, 0x33, 0x28, 0xB1, 0x32, 0xDC, 0xC5, 0xA9, 0x05, 0x03, 0x7D, 0x13, 0x7C, 0x79, 0x38, 0x5B,
    0xEB, 0xDB, 0x91, 0x45, 0xC1, 0x43, 0xDF, 0x09, 0x75, 0x6F, 0x10, 0xEA, 0xBF, 0x1D, 0x8F, 0x31,
    0x4E, 0xC4, 0x30, 0x10, 0x45, 0xBF, 0x13, 0x89, 0x48, 0x58, 0xC2, 0x5B, 0x6C, 0x81, 0x44, 0x61,
    0xCA, 0x15, 0xC5, 0xBA, 0xA1, 0xD8, 0x22, 0xC1, 0x96, 0x38, 0x00, 0x1C, 0x81, 0x23, 0x6C, 0x49,
    0x91, 0x55, 0xE6, 0x08, 0x1C, 0x61, 0x4B, 0x3A, 0x52, 0xA4, 0x48, 0xB1, 0x91, 0xDD, 0xD1, 0xE6,
    0x08, 0x39, 0x82, 0x0B, 0x8A, 0x34, 0xC1, 0x4C, 0x98, 0x99, 0x62, 0x46, 0xF3, 0xF5, 0x67, 0xDE,
    0x0E, 0x16, 0x9A, 0xF2, 0x11, 0x1F, 0x57, 0xD0, 0xCE, 0xE2, 0x82, 0x08, 0x07, 0x40, 0x46, 0x3D,
    0x97, 0xD5, 0xF1, 0x9A, 0x5B, 0x4D, 0xB1, 0x99, 0x63, 0xE7, 0xA7, 0xA3, 0xA4, 0x26, 0x8D, 0x3E,
    0x4D, 0x1B, 0x81, 0xBE, 0x08, 0xB5, 0x22, 0x93, 0x20, 0x67, 0xA0, 0x1E, 0xCA, 0xAD, 0x80, 0x55,
    0x81, 0xEB, 0x36, 0x73, 0x3A, 0xD8, 0xB8, 0x69, 0x11, 0xF3, 0x20, 0x9C, 0x80, 0x99, 0x4E, 0x5D,
    0x7B, 0xE8, 0xDE, 0x6D, 0x94, 0xC4, 0x6E, 0xEA, 0x39, 0xE8, 0x97, 0x50, 0x19, 0xF4, 0x25, 0x4F,
    0x68, 0x6F, 0xEA, 0xCA, 0xCC, 0x72, 0x5A, 0x7B, 0x94, 0x7B, 0x58, 0x43, 0xEA, 0x7B, 0xCC, 0xC6,
    0xC8, 0xA3, 0x38, 0x43, 0xFD, 0xC2, 0x7E, 0x51, 0x99, 0x87, 0xC7, 0x2C, 0x28, 0x7E, 0xAF, 0xC7,
    0x00, 0x4F, 0x96, 0x97, 0x39, 0x15, 0x41, 0x92, 0xC7, 0x82, 0x57, 0x60, 0x18, 0x76, 0x07, 0x89,
    0x41, 0xD3, 0x45, 0xAD, 0x37, 0xB6, 0x48, 0x9C, 0x0A, 0x9A, 0xD5, 0x6F, 0xC8, 0x9C, 0x82, 0xC1,
    0x89, 0xD1, 0xD6, 0x90, 0xD3, 0x13, 0xBB, 0xFC, 0x60, 0x89, 0x4D, 0xBC, 0x63, 0x71, 0xC1, 0xA0,
    0x15, 0x83, 0xDE, 0x0B, 0xC7, 0x4C, 0xD5, 0x3F, 0x53, 0x31, 0xC3, 0xA7, 0x91, 0x59, 0x1F, 0x3E,
    0x7D, 0xB2, 0xCB, 0x1F, 0xCD, 0x5A, 0x3D, 0x6C, 0xDB, 0x46, 0x14, 0x7E, 0x24, 0x9D, 0x30, 0x0D,
    0x11, 0x9F, 0x86, 0x16, 0x28, 0xD2, 0x38, 0xCC, 0xD0, 0x21, 0x01, 0x5C, 0x6B, 0xE9, 0x90, 0xC1,
    0x12, 0xD9, 0x78, 0xEC, 0xD0, 0xA5, 0xD9, 0x3B, 0x76, 0xEA, 0x94, 0xC1, 0x05, 0xA4, 0x88, 0xED,
    0x14, 0xA0, 0x43, 0xB2, 0x17, 0x68, 0xBD, 0xD6, 0x4B, 0x3D, 0x64, 0x48, 0x01, 0xC5, 0x62, 0x5B,
    0xA0, 0x19, 0xC3, 0x26, 0x43, 0x87, 0x0E, 0x25, 0x9A, 0xA1, 0x40, 0x97, 0x32, 0xA8, 0x82, 0x32,
    0x00, 0xAD, 0xEB, 0xF7, 0xEE, 0x48, 0xCB, 0xB2, 0xE4, 0xFC, 0x9E, 0x44, 0x53, 0xB8, 0xB3, 0x25,
    0x1E, 0xDF, 0xDD, 0xF7, 0xFE, 0xDF, 0x93, 0x88, 0x2E, 0x10, 0xAE, 0x02, 0xC3, 0xE2, 0xC9, 0x19,
    0xF1, 0x24, 0x31, 0x79, 0x7F, 0x84, 0x44, 0xE2, 0x66, 0x4C, 0xE4, 0x7B, 0x98, 0xDA, 0x4E, 0x4A,
    0xD4, 0xB2, 0x33, 0xA2, 0x3E, 0x0D, 0x89, 0x72, 0x3C, 0x62, 0x65, 0xD4, 0xC5, 0x5A, 0x39, 0xE2,
    0x49, 0x92, 0xF7, 0xF7, 0xF6, 0xF7, 0x91, 0x08, 0x49, 0xC4, 0x4D, 0x22, 0x37, 0x69, 0x83, 0x4E,
    0xD6, 0x21, 0xB2, 0xB3, 0x4D, 0x50, 0xCB, 0x48, 0x5F, 0x77, 0xAA, 0xDD, 0xF4, 0xC4, 0xD7, 0xD9,
    0xB0, 0x61, 0xC9, 0xFC, 0x8E, 0x27, 0x65, 0xE1, 0xC7, 0xA2, 0x08, 0xC8, 0x29, 0xBA, 0xB8, 0xDD,
    0xD7, 0xA3, 0x8F, 0x75, 0xFD, 0xBE, 0x1E, 0x45, 0x0B, 0x87, 0xE4, 0xFB, 0x22, 0xF1, 0x0B, 0x57,
    0xCA, 0x3E, 0xC9, 0x7C, 0x93, 0x4E, 0x94, 0x74, 0xF8, 0x94, 0x02, 0xE3, 0x64, 0x54, 0x62, 0x71,
    0x19, 0x8B, 0x25, 0xF8, 0xDE, 0x79, 0x9E, 0xD6, 0x79, 0xBA, 0x50, 0x6D, 0xBB, 0x58, 0xE0, 0x7E,
    0x42, 0x14, 0xE0, 0xFF, 0xC6, 0x8E, 0xFE, 0xCC, 0x06, 0x65, 0x2B, 0x34, 0x05, 0xDE, 0x4A, 0xF9,
    0xDC, 0x20, 0x5B, 0x04, 0x11, 0xCE, 0x74, 0x19, 0xE7, 0xBF, 0x0F, 0x2E, 0xAC, 0xF0, 0x2E, 0x35,
    0x80, 0x25, 0x7A, 0x57, 0xEF, 0x66, 0xE5, 0xB8, 0x9D, 0x92, 0xB8, 0x17, 0x51, 0xF0, 0x18, 0xE4,
    0x00, 0x23, 0x39, 0x67, 0x50, 0xEA, 0x2D, 0x9E, 0x00, 0x19, 0x38, 0x98, 0x03, 0xC5, 0x4E, 0x89,
    0xAA, 0x5E, 0xF4, 0x10, 0xB5, 0x8D, 0xC7, 0xE9, 0x2E, 0x06, 0x96, 0x89, 0x9F, 0xB4, 0xE8, 0x8D,
    0xA3, 0xA7, 0x5D, 0x0C, 0x5B, 0x02, 0x02, 0x6D, 0x00, 0x6F, 0xE1, 0x31, 0xAA, 0x65, 0x46, 0x7F,
    0xA3, 0x46, 0xF4, 0x2C, 0x09, 0x86, 0x4B, 0xD7, 0x48, 0x24, 0x19, 0xE4, 0x9E, 0x50, 0xBF, 0x1B,
    0x51, 0x7A, 0xC6, 0xAC, 0xB5, 0x93, 0x1F, 0x43, 0xDA, 0x41, 0x8E, 0x93, 0x6E, 0xF6, 0xB0, 0xDD,
    0xFB, 0x5E, 0x54, 0xA2, 0x3C, 0xAC, 0x01, 0x0B, 0x56, 0x7D, 0x88, 0xC5, 0x89, 0x1C, 0xF9, 0x5B,
    0xEC, 0xDC, 0x93, 0xA1, 0x1D, 0x75, 0xF5, 0x67, 0xA2, 0xB4, 0xFF, 0x3E, 0x1E, 0x60, 0x56, 0x18,
    0x63, 0xC3, 0x4C, 0xC8, 0x35, 0x88, 0x7D, 0x86, 0x63, 0xAF, 0x70, 0x37, 0x87, 0x63, 0xDC, 0xF3,
    0x72, 0xF8, 0x63, 0x17, 0xA8, 0xFD, 0x01, 0x5C, 0x20, 0x5D, 0xA4, 0x2D, 0xC0, 0xB3, 0x71, 0xC3,
    0xFF, 0x07, 0xCB, 0x5C, 0x65, 0x29, 0x8D, 0x7A, 0xFC, 0x3F, 0x9D, 0xC2, 0xC0, 0x1D, 0x10, 0x21,
    0x26, 0xB3, 0xF1, 0x2B, 0x6E, 0x21, 0x34, 0xE5, 0x78, 0xA4, 0xB7, 0x87, 0xAD, 0x32, 0x73, 0xBC,
    0x59, 0x1B, 0x7B, 0x45, 0x45, 0x75, 0xE7, 0x98, 0xF1, 0xE2, 0x5A, 0xE9, 0x1B, 0x83, 0x52, 0x86,
    0x1F, 0x7C, 0x31, 0xC9, 0x0B, 0x61, 0x90, 0x17, 0xCF, 0x4E, 0x04, 0x8E, 0x13, 0x57, 0xFC, 0x78,
    0x32, 0x43, 0xD8, 0xF8, 0x91, 0xAC, 0xC7, 0x1F, 0x41, 0x59, 0x98, 0x2B, 0xD8, 0xDF, 0x4F, 0x17,
    0xE1, 0x40, 0xE9, 0xB8, 0xD9, 0x0D, 0xEB, 0x8A, 0x1B, 0x3A, 0xF2, 0xF7, 0x08, 0xFE, 0x94, 0x9C,
    0xE8, 0x73, 0xA2, 0x70, 0x89, 0xEC, 0xC4, 0x07, 0x35, 0x3C, 0x31, 0xC0, 0x19, 0x9A, 0x06, 0x39,
    0x73, 0xAC, 0xB0, 0xCF, 0xF0, 0xA9, 0x8C, 0x3D, 0x9D, 0x13, 0xF6, 0x43, 0x3E, 0xF5, 0xEC, 0xF6,
    0x76, 0x38, 0x90, 0x32, 0xC1, 0x88, 0xFB, 0xA5, 0xE7, 0x3A, 0x3C, 0x76, 0xB7, 0xBF, 0x23, 0xDC,
    0xC7, 0x18, 0xD1, 0x51, 0x6B, 0xEE, 0x5E, 0xBD, 0xCA, 0x6B, 0x92, 0x1E, 0xE8, 0x68, 0xC5, 0xE3,
    0xBC, 0x28, 0x54, 0xB9, 0x91, 0xBA, 0x4E, 0x87, 0x64, 0xC9, 0x02, 0xBC, 0x96, 0xA1, 0x1F, 0xFB,
    0x71, 0xA0, 0x58, 0x61, 0x65, 0x78, 0x6E, 0x88, 0xE7, 0x86, 0x60, 0x57, 0x56, 0xD1, 0x6A, 0x6B,
    0xB7, 0x91, 0x8A, 0xD4, 0xCB, 0x5C, 0xA6, 0x37, 0x18, 0xE9, 0x3C, 0x5A, 0xC5, 0x9A, 0xF2, 0xEC,
    0xA7, 0x99, 0x36, 0x94, 0x79, 0x80, 0xD8, 0xD3, 0x48, 0x75, 0xAE, 0xED, 0xE0, 0xBD, 0x5D, 0xB2,
    0x6A, 0x1E, 0xB8, 0xD8, 0x7A, 0xD9, 0x8A, 0x1A, 0x99, 0x0E, 0x45, 0x0E, 0xDE, 0xDB, 0xA1, 0x31,
    0x6C, 0x76, 0x2E, 0x40, 0xE3, 0x5B, 0xF2, 0x3E, 0x1C, 0x91, 0xAB, 0xF5, 0x62, 0x6E, 0xF2, 0xB1,
    0xF6, 0x3C, 0xE8, 0xE8, 0xCD, 0xD0, 0xFD, 0x0A, 0xF6, 0x16, 0xDE, 0x31, 0x29, 0x23, 0x96, 0x3C,
    0xF5, 0xF0, 0xF7, 0x4B, 0x28, 0x64, 0xEF, 0x11, 0xB6, 0x7B, 0x3A, 0x64, 0xF9, 0xAC, 0xD3, 0x58,
    0x34, 0xEA, 0x2C, 0x3C, 0xC5, 0x8A, 0xDA, 0xD1, 0x13, 0x63, 0x53, 0xE0, 0x14, 0xBA, 0xE7, 0x2C,
    0x66, 0x90, 0x9A, 0x72, 0x05, 0x93, 0x4D, 0x39, 0x67, 0x8B, 0x83, 0xB0, 0x12, 0xF2, 0xEF, 0x87,
    0xCA, 0xFB, 0x0E, 0x73, 0xB2, 0xE2, 0x55, 0x73, 0x98, 0x59, 0x0F, 0x9C, 0x21, 0x33, 0x55, 0x07,
    0x1F, 0x1F, 0x7A, 0xD8, 0x4B, 0x15, 0xEE, 0x0A, 0xF6, 0x5C, 0xE4, 0x68, 0xF1, 0xBE, 0x59, 0xE9,
    0x39, 0x60, 0x68, 0xFE, 0x2F, 0x7A, 0x5F, 0x85, 0xEF, 0xA2, 0x39, 0x7C, 0xCF, 0xB0, 0x33, 0x6D,
    0xEB, 0x0B, 0xC2, 0x7B, 0xB0, 0xC0, 0x16, 0x31, 0xCA, 0x8E, 0x7F, 0x63, 0x1A, 0xFE, 0x10, 0x52,
    0xB2, 0x6A, 0xD4, 0xC7, 0x4C, 0xD9, 0xE1, 0xC2, 0xF0, 0xE1, 0xDA, 0xE3, 0x38, 0x78, 0x3F, 0x74,
    0xEF, 0x1D, 0xB0, 0x4B, 0x11, 0x4F, 0x16, 0x97, 0xA6, 0x7C, 0xE9, 0x22, 0x71, 0x1D, 0x8E, 0x07,
    0xB3, 0x70, 0xCD, 0x29, 0x4E, 0x04, 0xA1, 0x8C, 0xAF, 0xC4, 0x4E, 0xEC, 0xA9, 0x00, 0xB8, 0x84,
    0xA3, 0x34, 0x5F, 0xE0, 0x85, 0x55, 0xD1, 0x20, 0x6D, 0xA4, 0x76, 0xE2, 0x44, 0x36, 0x59, 0x24,
    0x42, 0x11, 0x1D, 0xF9, 0xA2, 0x46, 0xA7, 0x3F, 0x75, 0x75, 0xA8, 0x73, 0x17, 0xE7, 0x6C, 0xF7,
    0xDE, 0xA3, 0xA5, 0x56, 0xFB, 0xE0, 0x05, 0x5E, 0x07, 0xC1, 0x25, 0xB2, 0x77, 0x21, 0x80, 0x26,
    0xD0, 0x5A, 0x80, 0x15, 0x39, 0x39, 0x02, 0x3D, 0x4A, 0x29, 0x27, 0x83, 0xBD, 0x71, 0xF4, 0x06,
    0x17, 0xB9, 0xB0, 0x6C, 0x33, 0xD6, 0x80, 0xA7, 0x66, 0xB1, 0x3F, 0xA9, 0xCF, 0x54, 0x7E, 0xCD,
    0x5C, 0xB8, 0xCE, 0x8B, 0x91, 0x13, 0x40, 0x75, 0x51, 0x0D, 0x78, 0x99, 0x33, 0x0A, 0x07, 0xB1,
    0x76, 0x9B, 0x9E, 0xE4, 0x2E, 0xC5, 0x5B, 0xFB, 0x8D, 0x94, 0xEB, 0x54, 0x72, 0x4E, 0x5D, 0x27,
    0x6F, 0x11, 0x41, 0x8A, 0xCC, 0x3D, 0x91, 0x78, 0x59, 0x40, 0x56, 0xDE, 0xD2, 0x19, 0x44, 0x8B,
    0x4F, 0x5E, 0xE8, 0xDD, 0x79, 0x74, 0xF1, 0x4C, 0xD1, 0x0C, 0xAD, 0x9C, 0xB9, 0xED, 0x1C, 0xE6,
    0xB6, 0x0B, 0xC3, 0xF4, 0xB8, 0x25, 0x12, 0x4D, 0x75, 0x2C, 0xC8, 0xE3, 0x05, 0xCB, 0x55, 0x79,
    0xA4, 0x2D, 0x6C, 0xA1, 0xC0, 0xAB, 0xB2, 0xBC, 0x71, 0xED, 0x40, 0x5B, 0x2E, 0x32, 0x06, 0x9E,
    0x8D, 0x14, 0x10, 0xE8, 0xBA, 0x48, 0x81, 0xE7, 0x1B, 0xBC, 0xF9, 0x8B, 0xB9, 0xB1, 0x9F, 0xE0,
    0x2D, 0x58, 0xCA, 0xAA, 0x2D, 0xD7, 0xD7, 0x71, 0x0F, 0xC1, 0x41, 0x3C, 0x8C, 0x29, 0x78, 0x32,
    0x59, 0x9B, 0x1B, 0x01, 0x2E, 0xD4, 0x94, 0x2A, 0x7F, 0xC9, 0x87, 0x83, 0x0F, 0xB6, 0x64, 0x54,
    0x37, 0xFA, 0x54, 0xF7, 0x23, 0x55, 0xE9, 0x09, 0x97, 0x23, 0x1E, 0x94, 0x1E, 0x86, 0xD1, 0x9F,
    0x33, 0xA9, 0xF3, 0x03, 0x2A, 0xF1, 0xD2, 0x06, 0x3B, 0x38, 0x97, 0x43, 0xA4, 0xE0, 0x8F, 0x6E,
    0xE0, 0xCD, 0xCF, 0x8A, 0x05, 0x5B, 0xF5, 0xB0, 0x80, 0x7B, 0x73, 0xDC, 0x8D, 0x59, 0xBA, 0x8C,
    0x7F, 0x77, 0xA8, 0xF9, 0x24, 0xA5, 0x4E, 0x37, 0xA2, 0xAD, 0x33, 0x66, 0x4D, 0x9E, 0xDC, 0x14,
    0x22, 0xF7, 0x47, 0xF0, 0x65, 0x6B, 0x7C, 0xD8, 0x73, 0x5C, 0x4F, 0x29, 0xF7, 0x72, 0x0C, 0xD4,
    0x40, 0x35, 0xE8, 0x62, 0x9B, 0x1B, 0x74, 0x0F, 0x64, 0x64, 0xC7, 0x6B, 0xE3, 0xB6, 0x25, 0xB3,
    0xA6, 0x03, 0x75, 0x60, 0x7E, 0x18, 0xE3, 0xC5, 0x71, 0xC1, 0x3D, 0xC3, 0xC5, 0x4F, 0xE0, 0xC6,
    0xFD, 0xAD, 0xE5, 0x39, 0xBA, 0x7E, 0xBA, 0x5D, 0x3A, 0x43, 0xE5, 0x77, 0x68, 0xCD, 0x51, 0xB6,
    0x81, 0x43, 0xEF, 0x0E, 0x22, 0xB0, 0x61, 0xB4, 0x20, 0x36, 0xBC, 0x8D, 0xD1, 0xD1, 0x79, 0xB1,
    0x4A, 0xFD, 0x91, 0xEC, 0x5B, 0xB4, 0x0E, 0xC8, 0x1D, 0x92, 0x32, 0x07, 0xE4, 0xEC, 0x95, 0x21,
    0x6B, 0xB7, 0x97, 0x28, 0x98, 0x8C, 0x6E, 0xBD, 0x1E, 0x88, 0x5B, 0x65, 0xD6, 0xCF, 0xB2, 0x16,
    0xD1, 0x2A, 0xCA, 0x50, 0x33, 0xF0, 0x66, 0x07, 0x6F, 0xC6, 0x78, 0xAA, 0x1E, 0xA0, 0x62, 0xEA,
    0x3B, 0x35, 0xC8, 0xD2, 0x14, 0x58, 0x6D, 0x1B, 0x97, 0x71, 0xB2, 0x3D, 0xA8, 0xCB, 0x7A, 0xF0,
    0x5F, 0x4C, 0x17, 0x4F, 0x3E, 0xAC, 0x47, 0x67, 0xAB, 0xEF, 0x14, 0x54, 0x0F, 0x2C, 0x74, 0xA2,
    0xEE, 0xAA, 0x6A, 0x62, 0x9A, 0xC1, 0xA9, 0x64, 0x57, 0x93, 0x31, 0xCE, 0xF4, 0x49, 0x26, 0xC1,
    0x4D, 0x34, 0xB4, 0x90, 0xFD, 0x9C, 0xE0, 0xF4, 0x47, 0xBC, 0xD6, 0xD4, 0xE1, 0xEC, 0xA1, 0xCD,
    0xD5, 0x4A, 0xC0, 0xC7, 0x06, 0xC4, 0x82, 0xBC, 0xA7, 0xEF, 0xA0, 0x4E, 0xE2, 0xEE, 0x02, 0xF5,
    0x46, 0xAA, 0x4D, 0xC7, 0xA6, 0xA2, 0x3C, 0x41, 0x56, 0x4D, 0xD5, 0x35, 0x24, 0x2F, 0xCA, 0x61,
    0x98, 0xCF, 0x1B, 0x05, 0x46, 0x9F, 0xFC, 0x30, 0x08, 0x07, 0xE4, 0xAB, 0xB2, 0x07, 0x9E, 0xFA,
    0xCD, 0x92, 0x48, 0x50, 0x8E, 0x4B, 0x55, 0x93, 0xDF, 0x67, 0xC7, 0xBA, 0xB4, 0x5E, 0xB5, 0xD7,
    0x75, 0x90, 0x89, 0xC6, 0xDF, 0xC6, 0x2E, 0x12, 0xF8, 0xA0, 0x8C, 0x77, 0x9C, 0xFD, 0x70, 0xF2,
    0x23, 0xC6, 0xF9, 0xFD, 0xEB, 0x83, 0x67, 0x82, 0xD4, 0x64, 0x75, 0x1D, 0xD1, 0x0A, 0x27, 0x75,
    0x2A, 0x7E, 0xB7, 0x00, 0xD1, 0xE5, 0x4E, 0xA7, 0xE0, 0x12, 0x50, 0x84, 0xF3, 0x86, 0x48, 0x9F,
    0x10, 0x77, 0x74, 0x95, 0x64, 0x95, 0x86, 0xE1, 0xB5, 0xA4, 0x80, 0x22, 0x96, 0x7A, 0x7B, 0x80,
    0x30, 0xC4, 0x88, 0x5F, 0x09, 0xA2, 0xAA, 0xEC, 0xD5, 0x4E, 0x80, 0xB9, 0xC2, 0x25, 0x49, 0x1D,
    0x10, 0x39, 0x66, 0x33, 0x3A, 0x95, 0x32, 0xB7, 0xF1, 0xE0, 0x1B, 0x86, 0xE0, 0xB9, 0xAC, 0x9A,
    0xA2, 0xD8, 0x57, 0xD7, 0x4D, 0xAD, 0xAE, 0x90, 0xE5, 0xAD, 0x7A, 0x64, 0x19, 0x60, 0xE2, 0x4E,
    0xC4, 0x95, 0x58, 0xFB, 0x41, 0x0F, 0x0F, 0x9F, 0x30, 0x04, 0x56, 0x5D, 0x3D, 0xAE, 0x2A, 0xE5,
    0xA3, 0x84, 0xAC, 0xC7, 0x32, 0x5E, 0xA1, 0x64, 0xAD, 0x26, 0x9D, 0xE5, 0x72, 0x6C, 0x99, 0x84,
    0xFC, 0x8C, 0x84, 0xBF, 0x47, 0xCB, 0xD6, 0x90, 0x31, 0x1A, 0xC3, 0xB9, 0x42, 0xD5, 0x57, 0x8F,
    0x8B, 0x06, 0xA6, 0xAA, 0x8B, 0x29, 0x47, 0x6B, 0x14, 0x9C, 0xEA, 0x4D, 0xB1, 0xC3, 0x3D, 0xAB,
    0xBF, 0xBE, 0x1D, 0x1B, 0xA8, 0xEE, 0x19, 0x4C, 0xB8, 0x59, 0x9F, 0x57, 0x06, 0xDC, 0x1A, 0x05,
    0xC9, 0x04, 0x25, 0xB0, 0x93, 0xE1, 0x60, 0x56, 0xC1, 0x61, 0x68, 0x97, 0x1B, 0x5D, 0xC1, 0x6E,
    0x65, 0x02, 0xCA, 0x18, 0x9C, 0xF4, 0x25, 0x26, 0x8E, 0x2A, 0x4E, 0xA8, 0x73, 0x6B, 0xF5, 0x2B,
    0x93, 0x8E, 0xF6, 0xAE, 0x0D, 0xA4, 0xB1, 0x2F, 0xE2, 0x59, 0xC7, 0x48, 0x9B, 0x51, 0x8F, 0x06,
    0x51, 0x80, 0x38, 0xEF, 0xC9, 0x9B, 0x11, 0x7D, 0x2C, 0xB8, 0x1C, 0x01, 0x9D, 0x1E, 0xF5, 0xBE,
    0x2E, 0x28, 0x90, 0x08, 0xDB, 0xA3, 0x70, 0x71, 0xA0, 0x4A, 0x0D, 0x9D, 0x96, 0xA5, 0x61, 0x64,
    0x7D, 0x20, 0x2B, 0x80, 0xEC, 0x53, 0xFD, 0x9B, 0xA1, 0x03, 0x81, 0xF3, 0x76, 0xD9, 0x25, 0x98,
    0x0E, 0x9C, 0xF3, 0x07, 0x7F, 0x44, 0xCC, 0x9C, 0x97, 0x54, 0xCB, 0xCA, 0x54, 0x3B, 0x26, 0x24,
    0x69, 0x7F, 0xB2, 0x03, 0xAC, 0x4A, 0xE1, 0xC5, 0xCA, 0xDC, 0x1D, 0xAE, 0x92, 0x18, 0xB5, 0xE8,
    0x3C, 0xD2, 0xC8, 0x33, 0x76, 0x3A, 0x0F, 0x91, 0xEF, 0xC3, 0xFE, 0x1F, 0x85, 0x52, 0xB1, 0x4E,
    0x23, 0x31, 0x10, 0x7D, 0xBB, 0x66, 0x09, 0x62, 0x25, 0xE6, 0x8A, 0x70, 0xA2, 0x4B, 0x93, 0x02,
    0x51, 0xDC, 0xFE, 0x40, 0x12, 0xBB, 0xBB, 0x96, 0x82, 0xF4, 0xF9, 0x03, 0x5A, 0x8A, 0x8D, 0xB0,
    0xA0, 0xA0, 0xCD, 0x27, 0xF0, 0x09, 0x57, 0x52, 0x6C, 0xB4, 0x03, 0x57, 0x52, 0x84, 0x4F, 0xD8,
    0xEA, 0x6A, 0x17, 0x2E, 0x16, 0x29, 0x89, 0x6F, 0x76, 0x13, 0x50, 0x90, 0x10, 0x78, 0xC7, 0x7E,
    0x33, 0x4F, 0xCF, 0x5E, 0xCF, 0x8C, 0x93, 0x31, 0xAE, 0x03, 0x8B, 0x01, 0x48, 0xC6, 0x17, 0x12,
    0x04, 0x23, 0x13, 0xF8, 0x24, 0x3E, 0x1E, 0xCB, 0x38, 0x97, 0x28, 0x04, 0xDF, 0xAE, 0x0E, 0x5F,
    0xF2, 0xB1, 0x25, 0x1E, 0x61, 0x00, 0xCD, 0x19, 0x27, 0x38, 0x14, 0xD4, 0xAC, 0x98, 0xAC, 0x46,
    0x57, 0xBE, 0x12, 0x01, 0x64, 0x7A, 0x98, 0x63, 0x22, 0xCA, 0x7B, 0xFA, 0xEB, 0x86, 0xA9, 0x1D,
    0x10, 0xF4, 0xC2, 0xE9, 0x67, 0x97, 0x44, 0xE6, 0x30, 0xB6, 0x8D, 0xBF, 0x70, 0x8A, 0x1D, 0xDD,
    0x54, 0x9A, 0xB8, 0x9B, 0x40, 0x2C, 0x68, 0x1B, 0xAE, 0x99, 0x14, 0xF7, 0x52, 0x9E, 0x6B, 0x4C,
    0x4E, 0x81, 0x3F, 0x80, 0xDF, 0xDA, 0xD9, 0xFA, 0xBE, 0x0C, 0xEE, 0x6C, 0x3D, 0x7B, 0x67, 0x3E,
    0xD8, 0xE6, 0x6A, 0x0E, 0xD1, 0x9B, 0x49, 0xEA, 0x65, 0xE0, 0x78, 0xEB, 0x5B, 0xF1, 0x7F, 0xBE,
    0x9A, 0x68, 0x47, 0x80, 0x73, 0xD9, 0xD0, 0xF3, 0x7A, 0x55, 0x36, 0xA9, 0x85, 0x72, 0x9D, 0x2D,
    0xF7, 0x67, 0xDD, 0x08, 0x3F, 0xA6, 0xF4, 0xE8, 0xE7, 0xF4, 0x54, 0x0F, 0xC8, 0xBA, 0xB8, 0x02,
    0x6C, 0xA3, 0x5B, 0x41, 0x89, 0x8B, 0xD1, 0x25, 0xD2, 0xA6, 0xA4, 0x05, 0x19, 0x32, 0x82, 0x3E,
    0x95, 0xAC, 0x5B, 0xE4, 0x62, 0x8B, 0xBE, 0xC1, 0x3A, 0xBD, 0x6D, 0x6F, 0x94, 0x53, 0x2B, 0x87,
    0x5E, 0xB7, 0x72, 0x50, 0xAD, 0xE5, 0xC8, 0x5F, 0x80, 0x29, 0x68, 0x15, 0x85, 0x17, 0xD9, 0xA1,
    0x2F, 0xD5, 0x3F, 0x07, 0xE5, 0x72, 0xBA, 0xE3, 0x5A, 0x4E, 0x7F, 0xE8, 0x3C, 0xDB, 0x02, 0x64,
    0xEB, 0xCE, 0xC2, 0xE4, 0xD0, 0x10, 0xB4, 0x39, 0x72, 0x14, 0x69, 0xC3, 0xD7, 0x18, 0xD0, 0x6F,
    0xF6, 0xCA, 0x21, 0x0B, 0x2A, 0x48, 0x09, 0x91, 0x2E, 0xD1, 0x76, 0x19, 0x06, 0x7B, 0x38, 0x89,
    0xEC, 0xA8, 0x53, 0x4D, 0x53, 0xCE, 0xE5, 0x42, 0x64, 0x1F, 0xC8, 0x38, 0x82, 0x3B, 0xC2, 0xEC,
    0x00, 0xE8, 0x63, 0x19, 0x7B, 0x55, 0x11, 0x67, 0x18, 0x21, 0x03, 0xB1, 0xAA, 0x22, 0x8F, 0x02,
    0xFD, 0xD3, 0xDD, 0x78, 0x19, 0x6D, 0x35, 0x43, 0xE9, 0xA5, 0x8C, 0x66, 0xC9, 0x9B, 0x8C, 0xA4,
    0xEF, 0x92, 0x52, 0x47, 0x7E, 0x45, 0x52, 0x91, 0x4C, 0xA8, 0xE9, 0x0E, 0xFD, 0xF2, 0x2D, 0x3D,
    0x94, 0x79, 0xB5, 0x79, 0x40, 0xF8, 0x0F, 0xCD, 0x4F, 0x2B, 0x72, 0xC3, 0x30, 0x14, 0x5C, 0x55,
    0xC0, 0x33, 0x31, 0x50, 0x40, 0x68, 0x1B, 0x5E, 0x20, 0x5D, 0xE0, 0x29, 0xCF, 0x47, 0xC8, 0x39,
    0x8A, 0x8B, 0x2D, 0x1F, 0xA1, 0x87, 0x28, 0x28, 0x2A, 0x0E, 0xB0, 0x33, 0x3A, 0x42, 0x8E, 0xA0,
    0x1B, 0xC4, 0x40, 0x40, 0xE0, 0xD9, 0x6E, 0x62, 0x54, 0x16, 0x9A, 0xD9, 0x25, 0x3B, 0x3B, 0xB3,
    0x1F, 0x00, 0x7A, 0x82, 0x59, 0x1A, 0x57, 0x47, 0xD2, 0x37, 0x5E, 0x56, 0xC6, 0x43, 0x15, 0xCD,
    0xB5, 0xA9, 0x66, 0xE0, 0x08, 0xBC, 0x02, 0x2D, 0x30, 0x43, 0xCF, 0xA8, 0x7F, 0xE1, 0x2C, 0x78,
    0x89, 0x6E, 0x89, 0xB0, 0xAB, 0x05, 0x6C, 0x7E, 0xDC, 0xE4, 0x8F, 0xFE, 0x8B, 0xC5, 0x0F, 0xB0,
    0xDB, 0xC3, 0x59, 0x38, 0x2B, 0x60, 0xAA, 0x26, 0xD3, 0x39, 0xB0, 0xF0, 0x99, 0x0C, 0x19, 0xD7,
    0x1A, 0x51, 0xCD, 0xC7, 0xF7, 0x22, 0xE8, 0x91, 0xD5, 0xA8, 0x2F, 0x3A, 0xD6, 0x9D, 0xC1, 0xDB,
    0x2D, 0x61, 0x3F, 0x06, 0x39, 0xD1, 0x89, 0x38, 0x73, 0xC9, 0x3E, 0xDB, 0xA1, 0x77, 0x59, 0x35,
    0xFB, 0x14, 0x4A, 0xA1, 0x4C, 0x32, 0xB0, 0x6C, 0x7A, 0x95, 0x5D, 0x0A, 0xDD, 0xEE, 0x5E, 0xF8,
    0x70, 0xB2, 0xEA, 0x4C, 0xE2, 0xF4, 0x9E, 0xD4, 0x3F, 0x60, 0xED, 0x61, 0xF9, 0x24, 0x10, 0xCA,
    0xCB, 0x58, 0x47, 0x87, 0x20, 0x41, 0xB8, 0xB0, 0xA8, 0xBB, 0xCA, 0x56, 0xE0, 0xE1, 0x5B, 0xE1,
    0x51, 0x3D, 0xDB, 0xE9, 0x3F, 0x9D, 0x95, 0xBD, 0x8E, 0xE4, 0x44, 0x14, 0x85, 0x4F, 0xB5, 0xB5,
    0x18, 0x8D, 0x25, 0x8A, 0x60, 0x24, 0x90, 0x36, 0x70, 0x8A, 0x06, 0x24, 0xBF, 0x80, 0xA7, 0xED,
    0x47, 0x98, 0x60, 0x37, 0xDA, 0x37, 0x20, 0xE9, 0x17, 0x70, 0x8F, 0x2D, 0x78, 0x81, 0x49, 0x20,
    0xDE, 0x60, 0x93, 0xF5, 0x04, 0x9B, 0x12, 0x74, 0x4F, 0x97, 0x20, 0x20, 0xC4, 0x01, 0xA3, 0x4D,
    0x1D, 0x20, 0x81, 0x66, 0x93, 0x92, 0xF0, 0x08, 0x6B, 0x64, 0x77, 0x71, 0x6E, 0xB9, 0xDD, 0x80,
    0x76, 0x35, 0x01, 0x56, 0xD7, 0xD7, 0xED, 0xAA, 0xEB, 0xF2, 0xFD, 0x39, 0x75, 0x1B, 0xC0, 0xA7,
    0xE0, 0xD5, 0x7F, 0x0E, 0x28, 0x9B, 0x02, 0x6F, 0xEC, 0x80, 0xD8, 0xED, 0x3B, 0x38, 0xE7, 0x6C,
    0x30, 0xC6, 0xBA, 0xD1, 0x6D, 0xA6, 0x4D, 0x5C, 0x15, 0x3A, 0xCF, 0x30, 0x64, 0xB8, 0x54, 0xF6,
    0x1C, 0x9B, 0x80, 0x66, 0x9B, 0xD0, 0x74, 0x18, 0xF4, 0x4F, 0x16, 0x43, 0x1C, 0x34, 0xD8, 0xD0,
    0x0C, 0x5B, 0x9A, 0x61, 0x49, 0x33, 0x64, 0x34, 0x83, 0xA6, 0x19, 0x22, 0xDB, 0x29, 0x68, 0x67,
    0x57, 0x26, 0xDE, 0x39, 0x57, 0x65, 0xDA, 0xF5, 0x28, 0xF4, 0x73, 0xC8, 0x6E, 0x80, 0x98, 0x01,
    0x7C, 0x33, 0x54, 0x5D, 0xBF, 0x8A, 0x9C, 0x1B, 0xFC, 0x30, 0x7C, 0xEE, 0x43, 0xE3, 0xAE, 0xBE,
    0xE2, 0xBA, 0xE5, 0x68, 0xE4, 0x3E, 0xF9, 0x03, 0x70, 0x7B, 0xA0, 0x1C, 0xDE, 0xB7, 0x0D, 0x8D,
    0x6C, 0x7A, 0x93, 0x83, 0x01, 0x75, 0x34, 0x79, 0x37, 0x02, 0x23, 0x4A, 0xA8, 0x0E, 0x1F, 0x63,
    0x61, 0xB9, 0x18, 0x1C, 0xE1, 0x6F, 0x63, 0x7A, 0x87, 0x8C, 0x3B, 0xE3, 0x64, 0x5F, 0xE7, 0x78,
    0xB2, 0xA5, 0x8F, 0xFE, 0x96, 0xE0, 0x5E, 0x4B, 0x71, 0xD4, 0x7B, 0xBB, 0x91, 0x27, 0x5C, 0x8B,
    0x2B, 0x2E, 0x5C, 0xDB, 0xEC, 0xFB, 0x1D, 0x6D, 0xA0, 0x5E, 0x43, 0x41, 0xD2, 0x29, 0xEF, 0x2E,
    0x18, 0xB5, 0xD8, 0x45, 0xBD, 0xE7, 0xE8, 0xE9, 0x3C, 0x7F, 0x31, 0xC2, 0x9F, 0x5B, 0xE1, 0x8F,
    0x1D, 0xB9, 0x7B, 0xB7, 0xAF, 0x9D, 0x71, 0x72, 0x35, 0xAB, 0xDB, 0xD5, 0xED, 0xBE, 0x8A, 0x4C,
    0xD4, 0x72, 0xD5, 0x04, 0x56, 0x88, 0xC1, 0xB3, 0xF4, 0x4C, 0x06, 0xA1, 0xF6, 0x0C, 0x3C, 0xD5,
    0x80, 0xB0, 0x02, 0x7E, 0x00, 0xBE, 0xA6, 0xD3, 0x0B, 0xC7, 0xEC, 0x12, 0x4E, 0x42, 0x4A, 0x2A,
    0x42, 0x9B, 0xF0, 0xFE, 0xF9, 0x8B, 0xDF, 0xE8, 0xAA, 0x1B, 0x05, 0x03, 0xE7, 0x22, 0x43, 0xC4,
    0xD5, 0xE2, 0xA1, 0xDE, 0x89, 0xF1, 0x28, 0x68, 0xA7, 0x24, 0x3C, 0x0E, 0xD5, 0x12, 0xA7, 0x92,
    0x03, 0x9C, 0xFA, 0x54, 0xA0, 0xF0, 0x69, 0x61, 0xF5, 0xFD, 0xD7, 0x90, 0xE4, 0x62, 0xD5, 0xE9,
    0x8A, 0x25, 0x5D, 0x58, 0x2A, 0xE2, 0x86, 0x09, 0x0E, 0x1B, 0x38, 0x84, 0x4D, 0xD0, 0x2A, 0x97,
    0x47, 0x26, 0x7B, 0xB8, 0x76, 0x77, 0x6F, 0xFA, 0xD2, 0x47, 0x3C, 0x9C, 0x8D, 0x2F, 0xDE, 0xDE,
    0x97, 0xAF, 0x28, 0xA4, 0x6F, 0x2C, 0xB7, 0x5A, 0xC7, 0xE8, 0xD6, 0x4C, 0x3B, 0xB5, 0xC6, 0x92,
    0x26, 0xE7, 0x28, 0x98, 0xC1, 0x78, 0x40, 0xC6, 0x0A, 0xEA, 0x1E, 0x89, 0x15, 0x3D, 0x41, 0xD3,
    0x8D, 0xB0, 0x45, 0xC4, 0xB4, 0x07, 0x46, 0x3E, 0xC0, 0x85, 0x68, 0x89, 0x83, 0x76, 0x89, 0x93,
    0xBA, 0xE5, 0x52, 0x68, 0x5C, 0x74, 0xD0, 0x63, 0xC7, 0xDB, 0x0E, 0xEB, 0x80, 0x72, 0xE5, 0x5C,
    0x8F, 0x69, 0x6C, 0x16, 0x1D, 0xCA, 0xB0, 0xA3, 0x79, 0x87, 0xB0, 0x7F, 0x89, 0xF9, 0xDA, 0xB9,
    0xC1, 0x0F, 0xE0, 0x84, 0xEA, 0x52, 0x52, 0x7B, 0x91, 0x1C, 0x92, 0x86, 0x29, 0x28, 0x7D, 0x94,
    0x73, 0x3A, 0xBC, 0x76, 0x28, 0xEA, 0x03, 0xC2, 0xDB, 0x67, 0x9C, 0x6B, 0xFC, 0x1C, 0x45, 0x29,
    0x55, 0xC0, 0x67, 0xF7, 0xCF, 0xE0, 0x3D, 0x99, 0x1E, 0x43, 0x96, 0xD3, 0xD5, 0xB8, 0x0B, 0x2D,
    0x42, 0xD9, 0x94, 0x96, 0xCC, 0x98, 0xBA, 0x80, 0xE2, 0xD7, 0x05, 0x25, 0xBB, 0xB0, 0xAC, 0x69,
    0xD4, 0x12, 0x19, 0x75, 0x80, 0xBD, 0xC8, 0xA0, 0x27, 0x18, 0x32, 0x53, 0x97, 0x13, 0x14, 0x93,
    0xFB, 0xD3, 0x4D, 0x8A, 0x31, 0x4F, 0x5D, 0xF9, 0x1D, 0xA2, 0x21, 0xE6, 0x33, 0x36, 0xB2, 0xB3,
    0x31, 0x75, 0x2E, 0x1B, 0x08, 0x62, 0x33, 0xEF, 0x17, 0x74, 0x72, 0x22, 0xEC, 0x14, 0xE4, 0x07,
    0xB4, 0xE2, 0xC5, 0x91, 0x1C, 0x14, 0x12, 0x34, 0x5F, 0x3E, 0xD4, 0xD7, 0xBD, 0x9F, 0xFB, 0x88,
    0x5A, 0x69, 0xFE, 0xA7, 0x56, 0x0E, 0x57, 0x7A, 0x3C, 0x3B, 0x02, 0xB5, 0x7B, 0xE9, 0x4F, 0x9B,
    0x4F, 0x91, 0x09, 0xC6, 0xF3, 0xA8, 0xD2, 0xD2, 0x07, 0x62, 0x43, 0x64, 0x62, 0x72, 0x29, 0xD8,
    0x1C, 0xC1, 0xFA, 0xD7, 0x15, 0xE1, 0x78, 0x20, 0x88, 0x35, 0xCE, 0x03, 0x9B, 0x09, 0x92, 0x9C,
    0xD0, 0x86, 0x08, 0x3B, 0x42, 0xB9, 0xED, 0x8A, 0x35, 0x9A, 0x4A, 0xC6, 0x3C, 0xFD, 0xEB, 0xCC,
    0x7A, 0x7C, 0x21, 0xF8, 0xEA, 0xBF, 0x73, 0xBB, 0x2B, 0xF1, 0x65, 0x3F, 0xFB, 0x92, 0x4A, 0xAA,
    0xE9, 0x6E, 0x5C, 0xA5, 0xE2, 0x4B, 0x2A, 0xBE, 0xA4, 0xE2, 0xC6, 0x8C, 0xE1, 0x08, 0x7F, 0xBB,
    0x15, 0x2C, 0x31, 0x1B, 0x6B, 0x93, 0x8A, 0x42, 0x53, 0x85, 0xC5, 0x7E, 0xBD, 0x32, 0xE2, 0x4B,
    0x45, 0x5F, 0xFA, 0xF7, 0x7D, 0x49, 0x0F, 0xA9, 0x39, 0xAB, 0xEB, 0x2B, 0xAA, 0xC7, 0x96, 0x22,
    0x87, 0x45, 0xE7, 0xDB, 0x0B, 0x7F, 0xB7, 0x32, 0x77, 0x56, 0x8B, 0x77, 0x5B, 0xAF, 0x9D, 0xB3,
    0x6B, 0x4B, 0xB1, 0xB0, 0xAA, 0xCC, 0xFE, 0x64, 0x37, 0x1C, 0x5A, 0x51, 0x71, 0x18, 0xCB, 0x49,
    0x5E, 0x60, 0x0B, 0x3E, 0x3D, 0xBE, 0xA1, 0xF0, 0x38, 0x11, 0xC8, 0x11, 0xBD, 0x94, 0xAC, 0x94,
    0x52, 0x99, 0x9D, 0x32, 0x08, 0x07, 0xDD, 0xB0, 0xA5, 0x94, 0x15, 0x96, 0xD2, 0x41, 0xA7, 0x05,
    0x96, 0x85, 0x0B, 0x04, 0xBB, 0xCC, 0x27, 0x38, 0x29, 0x90, 0xC8, 0x2E, 0x14, 0x7E, 0xB1, 0xE0,
    0xEC, 0x7A, 0x25, 0xBD, 0x94, 0x41, 0x21, 0x93, 0xA0, 0x9E, 0xF8, 0x18, 0xE4, 0xD0, 0x07, 0xED,
    0x8C, 0x70, 0x3A, 0x15, 0x39, 0x02, 0x51, 0x8A, 0xFE, 0xEB, 0x77, 0x9E, 0xDB, 0x6F, 0xDB, 0x11,
    0x59, 0xD0, 0x66, 0x28, 0x82, 0x36, 0xE1, 0xFF, 0x47, 0x1B, 0x3F, 0x02, 0x65, 0x62, 0x09, 0xEC,
    0x11, 0x30, 0x2A, 0x3D, 0xA5, 0x4F, 0xD5, 0xAF, 0x21, 0xE7, 0xB3, 0x15, 0xF8, 0x86, 0x78, 0xF3,
    0x8F, 0xF6, 0x7D, 0xAF, 0xCC, 0xE7, 0x5F, 0x89, 0xE0, 0x12, 0xC9, 0x5D, 0x3D, 0x48, 0xB1, 0xBB,
    0x43, 0x71, 0xA4, 0x7B, 0x78, 0xEC, 0x24, 0x37, 0xA2, 0x04, 0x3C, 0xFD, 0x75, 0x9E, 0xF3, 0x90,
    0xFE, 0x8A, 0xBF, 0x01, 0xBD, 0x53, 0xB1, 0x8E, 0xD3, 0x40, 0x10, 0x7D, 0xB6, 0xD1, 0xB9, 0x70,
    0xB1, 0x94, 0xC7, 0x51, 0x98, 0x12, 0x5D, 0xB3, 0x3F, 0x70, 0xC9, 0xBA, 0xA7, 0x80, 0xEF, 0xA0,
    0x80, 0xE6, 0x2A, 0x14, 0x2E, 0xFE, 0x04, 0x7A, 0x0A, 0xAE, 0xA0, 0x40, 0xA6, 0xA5, 0x48, 0x11,
    0x2E, 0x46, 0xFC, 0x80, 0x45, 0x43, 0xBB, 0x12, 0x25, 0x05, 0x2E, 0x5C, 0xEC, 0x11, 0x27, 0xC3,
    0x1B, 0xAF, 0x8F, 0x1F, 0x40, 0xC2, 0xD2, 0x4C, 0x1C, 0x7B, 0xE7, 0xCD, 0x9B, 0xF7, 0xC6, 0xB8,
    0x0F, 0x60, 0x57, 0x31, 0x7A, 0x20, 0x1F, 0xF9, 0x67, 0xCD, 0x28, 0x6B, 0x9C, 0x3C, 0x69, 0x21,
    0x7B, 0x9F, 0x8B, 0xF4, 0xA6, 0x33, 0x83, 0x43, 0x16, 0x16, 0xC0, 0xB8, 0x8D, 0xB1, 0xE5, 0xC9,
    0xAD, 0xFE, 0xAE, 0x80, 0xB0, 0x44, 0xD2, 0xDB, 0x2A, 0xF3, 0xC6, 0xDB, 0x36, 0x13, 0x21, 0x56,
    0xC0, 0x7C, 0x25, 0xC4, 0x12, 0x45, 0x12, 0xA9, 0xB3, 0x43, 0x7E, 0x44, 0xE1, 0xD3, 0x03, 0x4C,
    0x5B, 0x08, 0x4A, 0xD8, 0x77, 0x95, 0xC5, 0x8D, 0xA9, 0x6D, 0x16, 0x98, 0x8C, 0x37, 0x75, 0xE9,
    0xEA, 0xB2, 0x32, 0x47, 0x38, 0x14, 0x01, 0x57, 0x30, 0x21, 0x1D, 0xE1, 0xC8, 0x00, 0x0B, 0x2B,
    0x35, 0xE1, 0x9E, 0x29, 0xE6, 0xA9, 0xA6, 0x25, 0x66, 0xAA, 0x10, 0x92, 0x4F, 0xF6, 0x2D, 0x90,
    0xFD, 0xD0, 0xF4, 0xD5, 0x03, 0xC5, 0x17, 0x0E, 0x63, 0x2A, 0xB2, 0xB0, 0x20, 0xC1, 0x85, 0x9E,
    0xDE, 0xF2, 0x1E, 0x81, 0x4F, 0x93, 0x1E, 0x45, 0x9B, 0x79, 0x64, 0x5D, 0xD6, 0x22, 0xED, 0x0B,
    0x16, 0xF5, 0x86, 0x18, 0x81, 0xEF, 0xB1, 0x62, 0x37, 0x39, 0x6A, 0x3A, 0x9C, 0x35, 0x4D, 0xF3,
    0x5E, 0xEF, 0xC6, 0x29, 0xA5, 0x3D, 0x4C, 0xFD, 0x7F, 0x13, 0x3C, 0x0A, 0xAC, 0x45, 0x5A, 0xF6,
    0x6F, 0x67, 0x5B, 0x50, 0x74, 0x40, 0x3A, 0x40, 0x07, 0x02, 0x75, 0xE2, 0x9C, 0x3A, 0x75, 0x1F,
    0x43, 0xEF, 0x5D, 0x7C, 0xA7, 0x67, 0xF4, 0xAC, 0xD6, 0x5C, 0xA9, 0x4C, 0x8A, 0x11, 0xA3, 0xDB,
    0x89, 0x78, 0x8E, 0xC7, 0xA1, 0x71, 0x0F, 0xAA, 0x4F, 0x44, 0xA3, 0x5E, 0xA9, 0x02, 0xA9, 0x82,
    0x04, 0x22, 0x01, 0xD5, 0x6C, 0x92, 0xFA, 0xDF, 0x5E, 0xD3, 0x03, 0x5C, 0x4E, 0xFB, 0xE0, 0xB0,
    0xA3, 0x6B, 0xA7, 0x77, 0xEB, 0x81, 0xBC, 0x9D, 0x27, 0x80, 0x5A, 0xC0, 0x9D, 0xB8, 0xB3, 0x56,
    0x39, 0xB1, 0x2E, 0xA9, 0xD5, 0x33, 0x8F, 0x9E, 0xFB, 0x49, 0xF4, 0x4D, 0x50, 0xF8, 0x2D, 0x8D,
    0xC3, 0x42, 0x9B, 0x58, 0xED, 0x62, 0x9E, 0xF2, 0x68, 0xF1, 0x8B, 0x29, 0x3B, 0x68, 0xD2, 0x25,
    0x4E, 0x34, 0x81, 0x12, 0xA4, 0xB7, 0xC0, 0x0D, 0x8C, 0xD4, 0xB9, 0x78, 0xF7, 0xB6, 0x2F, 0xBF,
    0x0F, 0x2B, 0x8C, 0xAF, 0x31, 0x6E, 0xE0, 0x06, 0x5C, 0x10, 0xBB, 0xD3, 0x5C, 0x7A, 0x5C, 0x6C,
    0xB0, 0x0C, 0x58, 0xAD, 0x12, 0xAE, 0xF3, 0xE8, 0x3E, 0x7A, 0xF3, 0x73, 0x60, 0x55, 0x26, 0x5D,
    0xF2, 0x01, 0x78, 0xAE, 0x90, 0xD7, 0xE4, 0xC7, 0x06, 0x8E, 0xD0, 0x9F, 0xE3, 0xBC, 0xC9, 0x10,
    0x67, 0x4E, 0x67, 0xF9, 0x95, 0x9C, 0x46, 0xDE, 0x45, 0x0D, 0x26, 0x1D, 0x66, 0x2D, 0x34, 0xCA,
    0x2A, 0x6A, 0x62, 0x67, 0xEB, 0xE8, 0xCB, 0x2B, 0xA2, 0x09, 0x61, 0xD6, 0x2C, 0x39, 0xA9, 0x51,
    0xBB, 0x63, 0xDA, 0xAD, 0x65, 0xDF, 0x7D, 0x7A, 0x28, 0xED, 0x23, 0xBC, 0x98, 0x44, 0xB2, 0x83,
    0x3E, 0xFB, 0xD6, 0x6D, 0xD6, 0xD2, 0x5E, 0x26, 0xBA, 0xEF, 0x7A, 0x3D, 0x9E, 0x85, 0x0D, 0x38,
    0x6F, 0x7E, 0xD7, 0xB4, 0xB4, 0xE7, 0x9E, 0x76, 0x93, 0x8E, 0x36, 0x0A, 0x48, 0xAB, 0xBD, 0x5A,
    0x3D, 0xD1, 0x52, 0x3A, 0xA4, 0x70, 0xF2, 0x57, 0x7A, 0x5D, 0x10, 0x7E, 0xF4, 0xA5, 0x54, 0xA9,
    0x78, 0xB8, 0xDB, 0xC8, 0xC1, 0x1E, 0x39, 0x96, 0x12, 0x2A, 0xE4, 0x0D, 0xF0, 0x72, 0x88, 0x43,
    0x02, 0x67, 0xF1, 0x63, 0x18, 0xAD, 0x48, 0x50, 0xFB, 0x9C, 0xAE, 0xD6, 0xB1, 0x8A, 0xDF, 0x7A,
    0x2E, 0x5A, 0xC9, 0x49, 0xCA, 0x11, 0x0A, 0xC6, 0x67, 0x86, 0x34, 0x1D, 0xFB, 0x3E, 0x98, 0xBB,
    0xB1, 0x6E, 0x20, 0x9F, 0xF1, 0xBC, 0x69, 0xAE, 0xFF, 0x00, 0x63, 0x60, 0x5B, 0xC0, 0xC0, 0x60,
    0xFF, 0x87, 0x81, 0x61, 0xFF, 0x0E, 0x7B, 0x86, 0x1F, 0x0C, 0xF6, 0x0C, 0x5F, 0x18, 0xF4, 0x80,
    0x98, 0x01, 0x88, 0x59, 0xEC, 0xFF, 0x7F, 0xD0, 0xB3, 0xFF, 0xFF, 0xC5, 0x5E, 0xEC, 0x67, 0x00,
    0x48, 0x9C, 0x78, 0xFC, 0x01, 0x68, 0x06, 0xDB, 0x02, 0x4E, 0xA0, 0xB9, 0xF2, 0x40, 0x73, 0xE5,
    0x81, 0xE6, 0xCA, 0x03, 0xC5, 0xE1, 0x18, 0x68, 0x2E, 0x10, 0x7F, 0x91, 0x07, 0x9A, 0x8B, 0x22,
    0x4E, 0x10, 0x7F, 0x60, 0xE0, 0x07, 0x00,
};

static const EpdGlyph quicksand_14_italicGlyphs[] = {
    { 0, 0, 128, 0, 0, 0, 0 }, // U+000D
    { 0, 0, 128, 0, 0, 0, 0 }, // U+0020
    { 4, 21, 99, 1, 21, 21, 0 }, // !
    { 10, 9, 186, 1, 21, 23, 21 }, // "
    { 19, 21, 311, 0, 21, 100, 44 }, // #
    { 15, 29, 268, 1, 25, 109, 144 }, // $
    { 21, 22, 369, 1, 21, 116, 253 }, // %
    { 20, 22, 322, 0, 21, 110, 369 }, // &
    { 4, 9, 93, 1, 21, 9, 479 }, // '
    { 10, 27, 172, 1, 21, 68, 488 }, // (
    { 10, 27, 172, 0, 21, 68, 556 }, // )
    { 9, 10, 153, 0, 21, 23, 624 }, // *
    { 15, 16, 265, 1, 18, 60, 647 }, // +
    { 5, 7, 103, 1, 3, 9, 707 }, // ,
    { 9, 4, 183, 1, 11, 9, 716 }, // -
    { 4, 4, 95, 1, 4, 4, 725 }, // .
    { 16, 28, 251, 0, 24, 112, 729 }, // /
    { 16, 22, 281, 1, 21, 88, 841 }, // 0
    { 8, 21, 175, 0, 21, 42, 929 }, // 1
    { 14, 21, 261, 1, 21, 74, 971 }, // 2
    { 13, 22, 246, 1, 21, 72, 1045 }, // 3
    { 16, 21, 255, 0, 21, 84, 1117 }, // 4
    { 14, 22, 260, 1, 21, 77, 1201 }, // 5
    { 14, 22, 253, 1, 21, 77, 1278 }, // 6
    { 14, 22, 245, 1, 21, 77, 1355 }, // 7
    { 14, 22, 253, 1, 21, 77, 1432 }, // 8
    { 14, 22, 262, 1, 21, 77, 1509 }, // 9
    { 4, 16, 101, 1, 16, 16, 1586 }, // :
    { 5, 20, 108, 1, 16, 25, 1602 }, // ;
    { 14, 15, 245, 0, 17, 53, 1627 }, // <
    { 14, 9, 258, 1, 14, 32, 1680 }, // =
    { 14, 15, 246, 1, 17, 53, 1712 }, // >
    { 13, 22, 233, 1, 22, 72, 1765 }, // ?
    { 26, 26, 453, 1, 21, 169, 1837 }, // @
    { 19, 22, 301, 0, 21, 105, 2006 }, // A
    { 16, 21, 305, 2, 21, 84, 2111 }, // B
    { 17, 22, 301, 1, 21, 94, 2195 }, // C
    { 18, 21, 335, 2, 21, 95, 2289 }, // D
    { 14, 21, 266, 2, 21, 74, 2384 }, // E
    { 14, 21, 264, 2, 21, 74, 2458 }, // F
    { 18, 22, 324, 1, 21, 99, 2532 }, // G
    { 17, 21, 336, 2, 21, 90, 2631 }, // H
    { 3, 21, 121, 2, 21, 16, 2721 }, // I
    { 13, 22, 264, 1, 21, 72, 2737 }, // J
    { 17, 22, 312, 2, 21, 94, 2809 }, // K
    { 14, 21, 253, 2, 21, 74, 2903 }, // L
    { 20, 21, 385, 2, 21, 105, 2977 }, // M
    { 17, 21, 341, 2, 21, 90, 3082 }, // N
    { 20, 22, 357, 1, 21, 110, 3172 }, // O
    { 15, 21, 280, 2, 21, 79, 3282 }, // P
    { 23, 27, 359, 1, 21, 156, 3361 }, // Q
    { 17, 21, 316, 2, 21, 90, 3517 }, // R
    { 15, 22, 268, 1, 21, 83, 3607 }, // S
    { 17, 21, 285, 0, 21, 90, 3690 }, // T
    { 17, 22, 331, 2, 21, 94, 3780 }, // U
    { 19, 21, 312, 0, 21, 100, 3874 }, // V
    { 28, 21, 448, 0, 21, 147, 3974 }, // W
    { 17, 22, 290, 1, 21, 94, 4121 }, // X
    { 17, 21, 267, 0, 21, 90, 4215 }, // Y
    { 17, 21, 302, 1, 21, 90, 4305 }, // Z
    { 9, 27, 187, 2, 21, 61, 4395 }, // [
    { 16, 28, 251, 0, 24, 112, 4456 }, // <backslash>
    { 10, 27, 187, 0, 21, 68, 4568 }, // ]
    { 14, 12, 257, 1, 22, 42, 4636 }, // ^
    { 18, 3, 317, 1, -2, 14, 4678 }, // _
    { 6, 5, 111, 0, 21, 8, 4692 }, // `
    { 15, 17, 287, 1, 16, 64, 4700 }, // a
    { 15, 23, 287, 2, 22, 87, 4764 }, // b
    { 14, 17, 242, 1, 16, 60, 4851 }, // c
    { 15, 23, 287, 1, 22, 87, 4911 }, // d
    { 15, 17, 267, 1, 16, 64, 4998 }, // e
    { 11, 22, 180, 0, 22, 61, 5062 }, // f
    { 16, 22, 294, 1, 16, 88, 5123 }, // g
    { 13, 22, 268, 2, 22, 72, 5211 }, // h
    { 4, 21, 103, 1, 21, 21, 5283 }, // i
    { 7, 27, 127, -1, 21, 48, 5304 }, // j
    { 13, 22, 255, 2, 22, 72, 5352 }, // k
    { 3, 22, 113, 2, 22, 17, 5424 }, // l
    { 23, 16, 428, 2, 16, 92, 5441 }, // m
    { 13, 16, 273, 2, 16, 52, 5533 }, // n
    { 16, 17, 285, 1, 16, 68, 5585 }, // o
    { 15, 22, 287, 2, 16, 83, 5653 }, // p
    { 15, 22, 287, 1, 16, 83, 5736 }, // q
    { 10, 16, 187, 2, 16, 40, 5819 }, // r
    { 12, 17, 221, 1, 16, 51, 5859 }, // s
    { 10, 19, 169, 0, 19, 48, 5910 }, // t
    { 13, 17, 268, 2, 16, 56, 5958 }, // u
    { 15, 17, 252, 0, 16, 64, 6014 }, // v
    { 22, 17, 353, 0, 16, 94, 6078 }, // w
    { 14, 17, 226, 0, 16, 60, 6172 }, // x
    { 13, 22, 268, 2, 16, 72, 6232 }, // y
    { 12, 16, 225, 1, 16, 48, 6304 }, // z
    { 12, 27, 196, 0, 21, 81, 6352 }, // {
    { 3, 29, 102, 2, 24, 22, 6433 }, // |
    { 12, 27, 196, 0, 21, 81, 6455 }, // }
    { 12, 5, 228, 1, 12, 15, 6536 }, // ~
    { 0, 0, 128, 0, 0, 0, 0 }, // U+00A0
    { 4, 22, 99, 1, 16, 22, 0 }, // U+00A1
    { 14, 21, 240, 1, 21, 74, 22 }, // U+00A2
    { 18, 22, 288, 0, 21, 99, 96 }, // U+00A3
    { 13, 12, 244, 1, 15, 39, 195 }, // U+00A4
    { 17, 21, 267, 0, 21, 90, 234 }, // U+00A5
    { 3, 29, 105, 2, 24, 22, 324 }, // U+00A6
    { 14, 26, 253, 1, 21, 91, 346 }, // U+00A7
    { 9, 4, 190, 1, 21, 9, 437 }, // U+00A8
    { 21, 22, 369, 1, 21, 116, 446 }, // U+00A9
    { 10, 10, 164, 0, 21, 25, 562 }, // U+00AA
    { 13, 13, 217, 0, 14, 43, 587 }, // U+00AB
    { 17, 9, 309, 1, 13, 39, 630 }, // U+00AC
    { 9, 4, 183, 1, 11, 9, 669 }, // U+00AD
    { 14, 14, 242, 1, 21, 49, 678 }, // U+00AE
    { 10, 2, 192, 1, 19, 5, 727 }, // U+00AF
    { 10, 10, 165, 0, 21, 25, 732 }, // U+00B0
    { 14, 15, 253, 1, 18, 53, 757 }, // U+00B1
    { 8, 11, 155, 1, 24, 22, 810 }, // U+00B2
    { 8, 11, 153, 1, 23, 22, 832 }, // U+00B3
    { 5, 6, 128, 2, 22, 8, 854 }, // U+00B4
    { 13, 21, 267, 2, 16, 69, 862 }, // U+00B5
    { 15, 23, 292, 1, 21, 87, 931 }, // U+00B6
    { 4, 4, 95, 1, 11, 4, 1018 }, // U+00B7
    { 5, 6, 127, 1, 1, 8, 1022 }, // U+00B8
    { 6, 11, 119, 0, 23, 17, 1030 }, // U+00B9
    { 10, 10, 163, 0, 21, 25, 1047 }, // U+00BA
    { 12, 13, 217, 1, 14, 39, 1072 }, // U+00BB
    { 20, 22, 343, 1, 21, 110, 1111 }, // U+00BC
    { 19, 22, 338, 1, 21, 105, 1221 }, // U+00BD
    { 21, 22, 361, 1, 21, 116, 1326 }, // U+00BE
    { 13, 22, 230, 1, 16, 72, 1442 }, // U+00BF
    { 19, 27, 301, 0, 26, 129, 1514 }, // U+00C0
    { 19, 27, 301, 0, 26, 129, 1643 }, // U+00C1
    { 19, 28, 301, 0, 27, 133, 1772 }, // U+00C2
    { 19, 28, 301, 0, 27, 133, 1905 }, // U+00C3
    { 19, 27, 301, 0, 26, 129, 2038 }, // U+00C4
    { 19, 26, 302, 0, 25, 124, 2167 }, // U+00C5
    { 26, 22, 424, 0, 21, 143, 2291 }, // U+00C6
    { 17, 26, 301, 1, 21, 111, 2434 }, // U+00C7
    { 14, 26, 266, 2, 26, 91, 2545 }, // U+00C8
    { 14, 26, 266, 2, 26, 91, 2636 }, // U+00C9
    { 14, 27, 266, 2, 27, 95, 2727 }, // U+00CA
    { 14, 26, 266, 2, 26, 91, 2822 }, // U+00CB
    { 6, 26, 121, -1, 26, 39, 2913 }, // U+00CC
    { 7, 26, 121, 2, 26, 46, 2952 }, // U+00CD
    { 9, 27, 121, -1, 27, 61, 2998 }, // U+00CE
    { 9, 26, 121, -1, 26, 59, 3059 }, // U+00CF
    { 20, 21, 335, 0, 21, 105, 3118 }, // U+00D0
    { 17, 27, 341, 2, 27, 115, 3223 }, // U+00D1
    { 20, 27, 357, 1, 26, 135, 3338 }, // U+00D2
    { 20, 27, 357, 1, 26, 135, 3473 }, // U+00D3
    { 20, 28, 357, 1, 27, 140, 3608 }, // U+00D4
    { 20, 28, 357, 1, 27, 140, 3748 }, // U+00D5
    { 20, 27, 357, 1, 26, 135, 3888 }, // U+00D6
    { 12, 12, 222, 1, 16, 36, 4023 }, // U+00D7
    { 20, 23, 341, 1, 22, 115, 4059 }, // U+00D8
    { 17, 27, 331, 2, 26, 115, 4174 }, // U+00D9
    { 17, 27, 331, 2, 26, 115, 4289 }, // U+00DA
    { 17, 28, 331, 2, 27, 119, 4404 }, // U+00DB
    { 17, 27, 331, 2, 26, 115, 4523 }, // U+00DC
    { 17, 26, 267, 0, 26, 111, 4638 }, // U+00DD
    { 15, 22, 277, 2, 22, 83, 4749 }, // U+00DE
    { 18, 23, 293, 0, 22, 104, 4832 }, // U+00DF
    { 15, 22, 287, 1, 21, 83, 4936 }, // U+00E0
    { 15, 23, 287, 1, 22, 87, 5019 }, // U+00E1
    { 15, 23, 287, 1, 22, 87, 5106 }, // U+00E2
    { 15, 23, 287, 1, 22, 87, 5193 }, // U+00E3
    { 15, 22, 287, 1, 21, 83, 5280 }, // U+00E4
    { 15, 24, 287, 1, 23, 90, 5363 }, // U+00E5
    { 25, 17, 425, 1, 16, 107, 5453 }, // U+00E6
    { 14, 21, 242, 1, 16, 74, 5560 }, // U+00E7
    { 15, 22, 267, 1, 21, 83, 5634 }, // U+00E8
    { 15, 23, 267, 1, 22, 87, 5717 }, // U+00E9
    { 15, 23, 267, 1, 22, 87, 5804 }, // U+00EA
    { 15, 22, 267, 1, 21, 83, 5891 }, // U+00EB
    { 6, 21, 103, -1, 21, 32, 5974 }, // U+00EC
    { 5, 22, 103, 2, 22, 28, 6006 }, // U+00ED
    { 8, 22, 103, -1, 22, 44, 6034 }, // U+00EE
    { 9, 21, 103, -1, 21, 48, 6078 }, // U+00EF
    { 15, 23, 270, 1, 22, 87, 6126 }, // U+00F0
    { 13, 22, 273, 2, 22, 72, 6213 }, // U+00F1
    { 16, 22, 285, 1, 21, 88, 6285 }, // U+00F2
    { 16, 23, 285, 1, 22, 92, 6373 }, // U+00F3
    { 16, 23, 285, 1, 22, 92, 6465 }, // U+00F4
    { 16, 23, 285, 1, 22, 92, 6557 }, // U+00F5
    { 16, 22, 285, 1, 21, 88, 6649 }, // U+00F6
    { 15, 15, 272, 1, 17, 57, 6737 }, // U+00F7
    { 16, 17, 285, 1, 16, 68, 6794 }, // U+00F8
    { 13, 22, 268, 2, 21, 72, 6862 }, // U+00F9
    { 13, 23, 268, 2, 22, 75, 6934 }, // U+00FA
    { 13, 23, 268, 2, 22, 75, 7009 }, // U+00FB
    { 13, 22, 268, 2, 21, 72, 7084 }, // U+00FC
    { 13, 28, 268, 2, 22, 91, 7156 }, // U+00FD
    { 15, 28, 287, 2, 22, 105, 7247 }, // U+00FE
    { 13, 27, 268, 2, 21, 88, 7352 }, // U+00FF
    { 19, 26, 301, 0, 25, 124, 0 }, // U+0100
    { 15, 21, 287, 1, 20, 79, 124 }, // U+0101
    { 19, 28, 301, 0, 27, 133, 203 }, // U+0102
    { 15, 23, 287, 1, 22, 87, 336 }, // U+0103
    { 19, 27, 302, 0, 21, 129, 423 }, // U+0104
    { 16, 22, 286, 1, 16, 88, 552 }, // U+0105
    { 17, 27, 301, 1, 26, 115, 640 }, // U+0106
    { 14, 23, 242, 1, 22, 81, 755 }, // U+0107
    { 17, 28, 301, 1, 27, 119, 836 }, // U+0108
    { 14, 23, 242, 1, 22, 81, 955 }, // U+0109
    { 17, 27, 301, 1, 26, 115, 1036 }, // U+010A
    { 14, 22, 242, 1, 21, 77, 1151 }, // U+010B
    { 17, 28, 301, 1, 27, 119, 1228 }, // U+010C
    { 14, 22, 242, 1, 21, 77, 1347 }, // U+010D
    { 18, 27, 335, 2, 27, 122, 1424 }, // U+010E
    { 21, 23, 305, 1, 22, 121, 1546 }, // U+010F
    { 20, 21, 335, 0, 21, 105, 1667 }, // U+0110
    { 17, 23, 287, 1, 22, 98, 1772 }, // U+0111
    { 14, 25, 266, 2, 25, 88, 1870 }, // U+0112
    { 15, 21, 267, 1, 20, 79, 1958 }, // U+0113
    { 14, 27, 266, 2, 27, 95, 2037 }, // U+0114
    { 15, 23, 267, 1, 22, 87, 2132 }, // U+0115
    { 14, 26, 266, 2, 26, 91, 2219 }, // U+0116
    { 15, 22, 267, 1, 21, 83, 2310 }, // U+0117
    { 14, 27, 269, 2, 21, 95, 2393 }, // U+0118
    { 15, 22, 267, 1, 16, 83, 2488 }, // U+0119
    { 14, 27, 266, 2, 27, 95, 2571 }, // U+011A
    { 15, 22, 267, 1, 21, 83, 2666 }, // U+011B
    { 18, 28, 324, 1, 27, 126, 2749 }, // U+011C
    { 16, 28, 294, 1, 22, 112, 2875 }, // U+011D
    { 18, 28, 324, 1, 27, 126, 2987 }, // U+011E
    { 16, 28, 294, 1, 22, 112, 3113 }, // U+011F
    { 18, 27, 324, 1, 26, 122, 3225 }, // U+0120
    { 16, 27, 294, 1, 21, 108, 3347 }, // U+0121
    { 18, 27, 324, 1, 21, 122, 3455 }, // U+0122
    { 16, 29, 294, 1, 23, 116, 3577 }, // U+0123
    { 17, 27, 336, 2, 27, 115, 3693 }, // U+0124
    { 16, 28, 268, -1, 28, 112, 3808 }, // U+0125
    { 20, 21, 384, 2, 21, 105, 3920 }, // U+0126
    { 15, 22, 268, 0, 22, 83, 4025 }, // U+0127
    { 11, 27, 121, -2, 27, 75, 4108 }, // U+0128
    { 11, 22, 103, -2, 22, 61, 4183 }, // U+0129
    { 10, 25, 121, -1, 25, 63, 4244 }, // U+012A
    { 10, 20, 103, -2, 20, 50, 4307 }, // U+012B
    { 10, 27, 121, -1, 27, 68, 4357 }, // U+012C
    { 10, 22, 103, -2, 22, 55, 4425 }, // U+012D
    { 7, 27, 117, -1, 21, 48, 4480 }, // U+012E
    { 7, 27, 103, -1, 21, 48, 4528 }, // U+012F
    { 4, 26, 121, 2, 26, 26, 4576 }, // U+0130
    { 3, 16, 103, 2, 16, 12, 4602 }, // U+0131
    { 13, 22, 278, 2, 21, 72, 4614 }, // U+0132
    { 11, 27, 223, 1, 21, 75, 4686 }, // U+0133
    { 16, 28, 264, 1, 27, 112, 4761 }, // U+0134
    { 9, 28, 118, -1, 22, 63, 4873 }, // U+0135
    { 17, 27, 312, 2, 21, 115, 4936 }, // U+0136
    { 13, 29, 255, 2, 22, 95, 5051 }, // U+0137
    { 13, 16, 255, 2, 16, 52, 5146 }, // U+0138
    { 14, 26, 253, 2, 26, 91, 5198 }, // U+0139
    { 6, 27, 113, 2, 27, 41, 5289 }, // U+013A
    { 14, 27, 253, 2, 21, 95, 5330 }, // U+013B
    { 5, 29, 113, 1, 22, 37, 5425 }, // U+013C
    { 14, 22, 253, 2, 22, 77, 5462 }, // U+013D
    { 8, 22, 128, 2, 22, 44, 5539 }, // U+013E
    { 14, 21, 252, 2, 21, 74, 5583 }, // U+013F
    { 9, 22, 158, 2, 22, 50, 5657 }, // U+0140
    { 16, 21, 279, 1, 21, 84, 5707 }, // U+0141
    { 9, 22, 114, -1, 22, 50, 5791 }, // U+0142
    { 17, 26, 341, 2, 26, 111, 5841 }, // U+0143
    { 13, 22, 273, 2, 22, 72, 5952 }, // U+0144
    { 17, 27, 341, 2, 21, 115, 6024 }, // U+0145
    { 13, 23, 273, 2, 16, 75, 6139 }, // U+0146
    { 17, 27, 341, 2, 27, 115, 6214 }, // U+0147
    { 13, 21, 273, 2, 21, 69, 6329 }, // U+0148
    { 18, 21, 286, -2, 21, 95, 6398 }, // U+0149
    { 18, 27, 350, 2, 21, 122, 6493 }, // U+014A
    { 13, 22, 273, 2, 16, 72, 6615 }, // U+014B
    { 20, 26, 357, 1, 25, 130, 6687 }, // U+014C
    { 16, 21, 285, 1, 20, 84, 6817 }, // U+014D
    { 20, 28, 357, 1, 27, 140, 6901 }, // U+014E
    { 16, 23, 285, 1, 22, 92, 7041 }, // U+014F
    { 20, 28, 357, 1, 27, 140, 7133 }, // U+0150
    { 16, 23, 285, 1, 22, 92, 7273 }, // U+0151
    { 27, 21, 459, 1, 21, 142, 7365 }, // U+0152
    { 28, 17, 472, 1, 16, 119, 7507 }, // U+0153
    { 17, 26, 316, 2, 26, 111, 7626 }, // U+0154
    { 10, 22, 187, 2, 22, 55, 7737 }, // U+0155
    { 17, 27, 316, 2, 21, 115, 7792 }, // U+0156
    { 12, 23, 187, 0, 16, 69, 7907 }, // U+0157
    { 17, 27, 316, 2, 27, 115, 7976 }, // U+0158
    { 10, 21, 187, 2, 21, 53, 8091 }, // U+0159
    { 15, 27, 268, 1, 26, 102, 8144 }, // U+015A
    { 12, 23, 221, 1, 22, 69, 8246 }, // U+015B
    { 15, 28, 268, 1, 27, 105, 8315 }, // U+015C
    { 12, 23, 221, 1, 22, 69, 8420 }, // U+015D
    { 15, 26, 268, 1, 21, 98, 8489 }, // U+015E
    { 12, 21, 221, 1, 16, 63, 8587 }, // U+015F
    { 15, 28, 268, 1, 27, 105, 8650 }, // U+0160
    { 12, 22, 221, 1, 21, 66, 8755 }, // U+0161
    { 17, 26, 285, 0, 21, 111, 8821 }, // U+0162
    { 10, 24, 169, 0, 19, 60, 8932 }, // U+0163
    { 17, 27, 285, 0, 27, 115, 8992 }, // U+0164
    { 12, 23, 169, 0, 23, 69, 9107 }, // U+0165
    { 17, 21, 285, 0, 21, 90, 9176 }, // U+0166
    { 10, 19, 169, 0, 19, 48, 9266 }, // U+0167
    { 17, 28, 331, 2, 27, 119, 9314 }, // U+0168
    { 13, 23, 268, 2, 22, 75, 9433 }, // U+0169
    { 17, 26, 331, 2, 25, 111, 9508 }, // U+016A
    { 13, 21, 268, 2, 20, 69, 9619 }, // U+016B
    { 17, 28, 331, 2, 27, 119, 9688 }, // U+016C
    { 13, 23, 268, 2, 22, 75, 9807 }, // U+016D
    { 17, 29, 331, 2, 28, 124, 9882 }, // U+016E
    { 13, 24, 268, 2, 23, 78, 10006 }, // U+016F
    { 17, 28, 331, 2, 27, 119, 10084 }, // U+0170
    { 13, 23, 268, 2, 22, 75, 10203 }, // U+0171
    { 17, 27, 331, 2, 21, 115, 10278 }, // U+0172
    { 13, 22, 268, 2, 16, 72, 10393 }, // U+0173
    { 28, 27, 448, 0, 27, 189, 10465 }, // U+0174
    { 22, 23, 353, 0, 22, 127, 10654 }, // U+0175
    { 17, 27, 267, 0, 27, 115, 10781 }, // U+0176
    { 13, 28, 268, 2, 22, 91, 10896 }, // U+0177
    { 17, 26, 267, 0, 26, 111, 10987 }, // U+0178
    { 17, 26, 302, 1, 26, 111, 11098 }, // U+0179
    { 12, 22, 225, 1, 22, 66, 11209 }, // U+017A
    { 17, 26, 302, 1, 26, 111, 11275 }, // U+017B
    { 12, 21, 225, 1, 21, 63, 11386 }, // U+017C
    { 17, 27, 302, 1, 27, 115, 11449 }, // U+017D
    { 12, 21, 225, 1, 21, 63, 11564 }, // U+017E
    { 20, 25, 357, 1, 24, 125, 0 }, // U+01A0
    { 16, 19, 285, 1, 18, 76, 125 }, // U+01A1
    { 20, 25, 331, 2, 24, 125, 201 }, // U+01AF
    { 16, 19, 268, 2, 18, 76, 326 }, // U+01B0
    { 37, 27, 636, 2, 27, 250, 402 }, // U+01C4
    { 32, 21, 559, 2, 21, 168, 652 }, // U+01C5
    { 30, 23, 511, 1, 22, 173, 820 }, // U+01C6
    { 28, 22, 517, 2, 21, 154, 993 }, // U+01C7
    { 19, 27, 380, 2, 21, 129, 1147 }, // U+01C8
    { 10, 28, 234, 2, 22, 70, 1276 }, // U+01C9
    { 34, 22, 604, 2, 21, 187, 1346 }, // U+01CA
    { 25, 27, 468, 2, 21, 169, 1533 }, // U+01CB
    { 21, 27, 400, 2, 21, 142, 1702 }, // U+01CC
    { 19, 28, 301, 0, 27, 133, 1844 }, // U+01CD
    { 15, 22, 287, 1, 21, 83, 1977 }, // U+01CE
    { 9, 27, 121, -1, 27, 61, 2060 }, // U+01CF
    { 8, 21, 103, -1, 21, 42, 2121 }, // U+01D0
    { 20, 28, 357, 1, 27, 140, 2163 }, // U+01D1
    { 16, 22, 285, 1, 21, 88, 2303 }, // U+01D2
    { 17, 28, 331, 2, 27, 119, 2391 }, // U+01D3
    { 13, 22, 268, 2, 21, 72, 2510 }, // U+01D4
    { 18, 28, 324, 1, 27, 126, 2582 }, // U+01E6
    { 16, 27, 294, 1, 21, 108, 2708 }, // U+01E7
    { 20, 27, 357, 1, 21, 135, 2816 }, // U+01EA
    { 16, 22, 281, 1, 16, 88, 2951 }, // U+01EB
    { 32, 21, 559, 2, 21, 168, 3039 }, // U+01F2
    { 19, 31, 302, 0, 30, 148, 3207 }, // U+01FA
    { 15, 28, 285, 1, 27, 105, 3355 }, // U+01FB
    { 26, 27, 424, 0, 26, 176, 3460 }, // U+01FC
    { 25, 23, 425, 1, 22, 144, 3636 }, // U+01FD
    { 20, 27, 341, 1, 26, 135, 3780 }, // U+01FE
    { 16, 23, 285, 1, 22, 92, 3915 }, // U+01FF
    { 19, 27, 301, 0, 26, 129, 4007 }, // U+0200
    { 15, 24, 287, 1, 23, 90, 4136 }, // U+0201
    { 19, 27, 301, 0, 26, 129, 4226 }, // U+0202
    { 15, 23, 287, 1, 22, 87, 4355 }, // U+0203
    { 14, 26, 266, 2, 26, 91, 4442 }, // U+0204
    { 15, 24, 267, 1, 23, 90, 4533 }, // U+0205
    { 14, 26, 266, 2, 26, 91, 4623 }, // U+0206
    { 15, 23, 267, 1, 22, 87, 4714 }, // U+0207
    { 11, 26, 121, -3, 26, 72, 4801 }, // U+0208
    { 10, 23, 103, -3, 23, 58, 4873 }, // U+0209
    { 10, 26, 121, -1, 26, 65, 4931 }, // U+020A
    { 9, 22, 103, -1, 22, 50, 4996 }, // U+020B
    { 20, 27, 357, 1, 26, 135, 5046 }, // U+020C
    { 16, 24, 285, 1, 23, 96, 5181 }, // U+020D
    { 20, 27, 357, 1, 26, 135, 5277 }, // U+020E
    { 16, 23, 285, 1, 22, 92, 5412 }, // U+020F
    { 17, 26, 316, 2, 26, 111, 5504 }, // U+0210
    { 12, 23, 187, 0, 23, 69, 5615 }, // U+0211
    { 17, 26, 316, 2, 26, 111, 5684 }, // U+0212
    { 11, 22, 187, 1, 22, 61, 5795 }, // U+0213
    { 17, 27, 331, 2, 26, 115, 5856 }, // U+0214
    { 13, 24, 268, 2, 23, 78, 5971 }, // U+0215
    { 17, 27, 331, 2, 26, 115, 6049 }, // U+0216
    { 13, 23, 268, 2, 22, 75, 6164 }, // U+0217
    { 15, 27, 268, 1, 21, 102, 6239 }, // U+0218
    { 12, 23, 221, 1, 16, 69, 6341 }, // U+0219
    { 17, 27, 285, 0, 21, 115, 6410 }, // U+021A
    { 10, 26, 169, 0, 19, 65, 6525 }, // U+021B
    { 6, 5, 0, 0, 21, 8, 0 }, // U+0300
    { 5, 6, 0, 2, 22, 8, 8 }, // U+0301
    { 8, 5, 0, 1, 22, 10, 16 }, // U+0302
    { 11, 5, 0, 1, 22, 14, 26 }, // U+0303
    { 10, 2, 0, 1, 19, 5, 40 }, // U+0304
    { 9, 5, 0, 1, 21, 12, 45 }, // U+0306
    { 4, 4, 0, 1, 21, 4, 57 }, // U+0307
    { 9, 4, 0, 1, 21, 9, 61 }, // U+0308
    { 7, 6, 0, 1, 22, 11, 70 }, // U+0309
    { 7, 7, 0, 1, 23, 13, 81 }, // U+030A
    { 9, 6, 0, 1, 22, 14, 94 }, // U+030B
    { 8, 5, 0, 1, 21, 10, 108 }, // U+030C
    { 10, 6, 0, 0, 22, 15, 118 }, // U+030F
    { 10, 5, 0, 1, 22, 13, 133 }, // U+0311
    { 5, 7, 0, 4, 23, 9, 146 }, // U+0312
    { 5, 6, 0, 2, 18, 8, 155 }, // U+031B
    { 4, 4, 0, 1, -1, 4, 163 }, // U+0323
    { 9, 4, 0, 1, -1, 9, 167 }, // U+0324
    { 5, 7, 0, 1, 0, 9, 176 }, // U+0326
    { 5, 6, 0, 1, 1, 8, 185 }, // U+0327
    { 7, 8, 0, 1, 2, 14, 193 }, // U+0328
    { 8, 5, 0, 1, -1, 10, 207 }, // U+032D
    { 9, 5, 0, 1, 0, 12, 217 }, // U+032E
    { 10, 2, 0, 1, -2, 5, 229 }, // U+0331
    { 8, 3, 0, 1, 10, 6, 234 }, // U+0335
    { 19, 26, 301, 0, 21, 124, 0 }, // U+1EA0
    { 15, 21, 287, 1, 16, 79, 124 }, // U+1EA1
    { 19, 29, 301, 0, 28, 138, 203 }, // U+1EA2
    { 15, 23, 287, 1, 22, 87, 341 }, // U+1EA3
    { 19, 29, 301, 0, 28, 138, 428 }, // U+1EA4
    { 15, 26, 287, 1, 25, 98, 566 }, // U+1EA5
    { 19, 30, 301, 0, 29, 143, 664 }, // U+1EA6
    { 15, 26, 287, 1, 25, 98, 807 }, // U+1EA7
    { 19, 30, 301, 0, 29, 143, 905 }, // U+1EA8
    { 15, 25, 287, 1, 24, 94, 1048 }, // U+1EA9
    { 19, 31, 301, 0, 30, 148, 1142 }, // U+1EAA
    { 15, 27, 287, 1, 26, 102, 1290 }, // U+1EAB
    { 19, 32, 301, 0, 27, 152, 1392 }, // U+1EAC
    { 15, 27, 287, 1, 22, 102, 1544 }, // U+1EAD
    { 19, 32, 301, 0, 31, 152, 1646 }, // U+1EAE
    { 15, 27, 287, 1, 26, 102, 1798 }, // U+1EAF
    { 19, 32, 301, 0, 31, 152, 1900 }, // U+1EB0
    { 15, 27, 287, 1, 26, 102, 2052 }, // U+1EB1
    { 19, 34, 301, 0, 33, 162, 2154 }, // U+1EB2
    { 15, 27, 287, 1, 26, 102, 2316 }, // U+1EB3
    { 19, 34, 301, 0, 33, 162, 2418 }, // U+1EB4
    { 15, 28, 287, 1, 27, 105, 2580 }, // U+1EB5
    { 19, 32, 301, 0, 27, 152, 2685 }, // U+1EB6
    { 15, 27, 287, 1, 22, 102, 2837 }, // U+1EB7
    { 14, 26, 266, 2, 21, 91, 2939 }, // U+1EB8
    { 15, 21, 267, 1, 16, 79, 3030 }, // U+1EB9
    { 14, 28, 266, 2, 28, 98, 3109 }, // U+1EBA
    { 15, 23, 267, 1, 22, 87, 3207 }, // U+1EBB
    { 14, 27, 266, 2, 27, 95, 3294 }, // U+1EBC
    { 15, 23, 267, 1, 22, 87, 3389 }, // U+1EBD
    { 17, 28, 266, 2, 28, 119, 3476 }, // U+1EBE
    { 15, 26, 267, 1, 25, 98, 3595 }, // U+1EBF
    { 14, 30, 266, 2, 30, 105, 3693 }, // U+1EC0
    { 15, 26, 267, 1, 25, 98, 3798 }, // U+1EC1
    { 14, 34, 266, 2, 34, 119, 3896 }, // U+1EC2
    { 15, 25, 267, 1, 24, 94, 4015 }, // U+1EC3
    { 14, 31, 266, 2, 31, 109, 4109 }, // U+1EC4
    { 15, 27, 267, 1, 26, 102, 4218 }, // U+1EC5
    { 14, 32, 266, 2, 27, 112, 4320 }, // U+1EC6
    { 15, 27, 267, 1, 22, 102, 4432 }, // U+1EC7
    { 6, 28, 121, 1, 28, 42, 4534 }, // U+1EC8
    { 6, 22, 103, 0, 22, 33, 4576 }, // U+1EC9
    { 4, 26, 121, 2, 21, 26, 4609 }, // U+1ECA
    { 4, 26, 103, 1, 21, 26, 4635 }, // U+1ECB
    { 20, 26, 357, 1, 21, 130, 4661 }, // U+1ECC
    { 16, 21, 285, 1, 16, 84, 4791 }, // U+1ECD
    { 20, 29, 357, 1, 28, 145, 4875 }, // U+1ECE
    { 16, 23, 285, 1, 22, 92, 5020 }, // U+1ECF
    { 20, 29, 357, 1, 28, 145, 5112 }, // U+1ED0
    { 16, 26, 285, 1, 25, 104, 5257 }, // U+1ED1
    { 20, 30, 357, 1, 29, 150, 5361 }, // U+1ED2
    { 16, 26, 285, 1, 25, 104, 5511 }, // U+1ED3
    { 20, 31, 357, 1, 30, 155, 5615 }, // U+1ED4
    { 16, 25, 285, 1, 24, 100, 5770 }, // U+1ED5
    { 20, 32, 357, 1, 31, 160, 5870 }, // U+1ED6
    { 16, 27, 285, 1, 26, 108, 6030 }, // U+1ED7
    { 20, 32, 357, 1, 27, 160, 6138 }, // U+1ED8
    { 16, 27, 285, 1, 22, 108, 6298 }, // U+1ED9
    { 20, 27, 357, 1, 26, 135, 6406 }, // U+1EDA
    { 16, 23, 285, 1, 22, 92, 6541 }, // U+1EDB
    { 20, 27, 357, 1, 26, 135, 6633 }, // U+1EDC
    { 16, 22, 285, 1, 21, 88, 6768 }, // U+1EDD
    { 20, 29, 357, 1, 28, 145, 6856 }, // U+1EDE
    { 16, 23, 285, 1, 22, 92, 7001 }, // U+1EDF
    { 20, 28, 357, 1, 27, 140, 7093 }, // U+1EE0
    { 16, 23, 285, 1, 22, 92, 7233 }, // U+1EE1
    { 20, 29, 357, 1, 24, 145, 7325 }, // U+1EE2
    { 16, 23, 285, 1, 18, 92, 7470 }, // U+1EE3
    { 17, 26, 331, 2, 21, 111, 7562 }, // U+1EE4
    { 13, 21, 268, 2, 16, 69, 7673 }, // U+1EE5
    { 17, 29, 331, 2, 28, 124, 7742 }, // U+1EE6
    { 13, 23, 268, 2, 22, 75, 7866 }, // U+1EE7
    { 20, 27, 331, 2, 26, 135, 7941 }, // U+1EE8
    { 16, 23, 268, 2, 22, 92, 8076 }, // U+1EE9
    { 20, 27, 331, 2, 26, 135, 8168 }, // U+1EEA
    { 16, 22, 268, 2, 21, 88, 8303 }, // U+1EEB
    { 20, 29, 331, 2, 28, 145, 8391 }, // U+1EEC
    { 16, 23, 268, 2, 22, 92, 8536 }, // U+1EED
    { 20, 28, 331, 2, 27, 140, 8628 }, // U+1EEE
    { 16, 23, 268, 2, 22, 92, 8768 }, // U+1EEF
    { 20, 29, 331, 2, 24, 145, 8860 }, // U+1EF0
    { 16, 23, 268, 2, 18, 92, 9005 }, // U+1EF1
    { 17, 26, 267, 0, 26, 111, 9097 }, // U+1EF2
    { 13, 27, 268, 2, 21, 88, 9208 }, // U+1EF3
    { 17, 26, 267, 0, 21, 111, 9296 }, // U+1EF4
    { 16, 22, 268, 2, 16, 88, 9407 }, // U+1EF5
    { 17, 28, 267, 0, 28, 119, 9495 }, // U+1EF6
    { 13, 28, 268, 2, 22, 91, 9614 }, // U+1EF7
    { 17, 27, 267, 0, 27, 115, 9705 }, // U+1EF8
    { 13, 28, 268, 2, 22, 91, 9820 }, // U+1EF9
    { 0, 0, 257, 0, 0, 0, 0 }, // U+2007
    { 0, 0, 121, 0, 0, 0, 0 }, // U+2008
    { 0, 0, 96, 0, 0, 0, 0 }, // U+2009
    { 0, 0, 48, 0, 0, 0, 0 }, // U+200A
    { 0, 0, 0, 0, 0, 0, 0 }, // U+200B
    { 9, 4, 183, 1, 11, 9, 0 }, // U+2010
    { 13, 4, 239, 1, 10, 13, 9 }, // U+2012
    { 13, 4, 239, 1, 10, 13, 22 }, // U+2013
    { 23, 4, 399, 1, 10, 23, 35 }, // U+2014
    { 23, 4, 399, 1, 10, 23, 58 }, // U+2015
    { 6, 7, 109, 0, 21, 11, 81 }, // U+2018
    { 6, 7, 103, 0, 21, 11, 92 }, // U+2019
    { 5, 7, 105, 1, 3, 9, 103 }, // U+201A
    { 11, 7, 180, 0, 21, 20, 112 }, // U+201C
    { 11, 7, 180, 0, 21, 20, 132 }, // U+201D
    { 10, 7, 166, 1, 3, 18, 152 }, // U+201E
    { 10, 16, 197, 1, 21, 40, 170 }, // U+2020
    { 10, 16, 186, 1, 21, 40, 210 }, // U+2021
    { 8, 9, 161, 1, 15, 18, 250 }, // U+2022
    { 15, 4, 271, 1, 4, 15, 268 }, // U+2026
    { 31, 22, 528, 1, 21, 171, 283 }, // U+2030
    { 10, 9, 186, 1, 21, 23, 454 }, // U+2033
    { 7, 13, 128, 0, 14, 23, 477 }, // U+2039
    { 7, 13, 128, 0, 14, 23, 500 }, // U+203A
    { 15, 22, 249, 0, 21, 83, 523 }, // U+2044
    { 10, 12, 162, 0, 24, 30, 0 }, // U+2070
    { 10, 11, 166, 0, 23, 28, 30 }, // U+2074
    { 8, 11, 160, 1, 23, 22, 58 }, // U+2075
    { 8, 11, 141, 0, 23, 22, 80 }, // U+2076
    { 8, 11, 145, 1, 23, 22, 102 }, // U+2077
    { 8, 11, 154, 1, 23, 22, 124 }, // U+2078
    { 8, 11, 148, 1, 23, 22, 146 }, // U+2079
    { 10, 12, 162, 0, 5, 30, 168 }, // U+2080
    { 6, 11, 119, 0, 4, 17, 198 }, // U+2081
    { 8, 11, 155, 1, 5, 22, 215 }, // U+2082
    { 8, 11, 153, 1, 4, 22, 237 }, // U+2083
    { 10, 11, 166, 0, 4, 28, 259 }, // U+2084
    { 8, 11, 160, 1, 4, 22, 287 }, // U+2085
    { 8, 11, 141, 0, 4, 22, 309 }, // U+2086
    { 8, 11, 145, 1, 4, 22, 331 }, // U+2087
    { 8, 11, 154, 1, 4, 22, 353 }, // U+2088
    { 8, 11, 148, 1, 4, 22, 375 }, // U+2089
    { 20, 28, 301, 1, 24, 140, 0 }, // U+20A1
    { 16, 21, 264, 0, 21, 84, 140 }, // U+20A3
    { 18, 22, 288, 0, 21, 99, 224 }, // U+20A4
    { 22, 21, 341, 0, 21, 116, 323 }, // U+20A6
    { 20, 21, 280, -1, 21, 105, 439 }, // U+20A7
    { 28, 21, 448, 0, 21, 147, 544 }, // U+20A9
    { 13, 21, 222, 1, 21, 69, 691 }, // U+20AB
    { 19, 22, 306, 0, 21, 105, 760 }, // U+20AC
    { 19, 22, 312, 0, 21, 105, 865 }, // U+20AD
    { 20, 21, 280, -1, 21, 105, 970 }, // U+20B1
    { 18, 29, 324, 1, 25, 131, 1075 }, // U+20B2
    { 17, 29, 301, 1, 24, 124, 1206 }, // U+20B5
    { 15, 21, 263, 1, 21, 79, 1330 }, // U+20B9
    { 17, 22, 276, 0, 21, 94, 1409 }, // U+20BA
    { 17, 25, 331, 2, 24, 107, 1503 }, // U+20BC
    { 17, 21, 280, 0, 21, 90, 1610 }, // U+20BD
    { 15, 23, 275, 1, 22, 87, 0 }, // U+2202
    { 17, 17, 286, 0, 16, 73, 87 }, // U+2205
    { 20, 21, 328, 0, 21, 105, 160 }, // U+2206
    { 20, 27, 321, 0, 21, 135, 265 }, // U+220F
    { 13, 20, 244, 1, 20, 65, 400 }, // U+2211
    { 14, 3, 258, 1, 11, 11, 465 }, // U+2212
    { 16, 28, 252, 0, 24, 112, 476 }, // U+2215
    { 5, 5, 106, 1, 12, 7, 588 }, // U+2219
    { 17, 21, 304, 1, 21, 90, 595 }, // U+221A
    { 24, 12, 407, 1, 13, 72, 685 }, // U+221E
    { 16, 25, 248, 0, 22, 100, 757 }, // U+222B
    { 14, 11, 254, 1, 15, 39, 857 }, // U+2248
    { 14, 15, 258, 1, 17, 53, 896 }, // U+2260
    { 15, 16, 285, 1, 18, 60, 949 }, // U+2264
    { 15, 16, 285, 1, 18, 60, 1009 }, // U+2265
    { 16, 22, 283, 0, 22, 88, 0 }, // U+FB01
    { 16, 22, 294, 0, 22, 88, 88 }, // U+FB02
};

static const EpdUnicodeInterval quicksand_14_italicIntervals[] = {
    { 0xD, 0xD, 0x0 },
    { 0x20, 0x7E, 0x1 },
    { 0xA0, 0xFF, 0x60 },
    { 0x100, 0x17E, 0xC0 },
    { 0x1A0, 0x1A1, 0x13F },
    { 0x1AF, 0x1B0, 0x141 },
    { 0x1C4, 0x1D4, 0x143 },
    { 0x1E6, 0x1E7, 0x154 },
    { 0x1EA, 0x1EB, 0x156 },
    { 0x1F2, 0x1F2, 0x158 },
    { 0x1FA, 0x21B, 0x159 },
    { 0x300, 0x304, 0x17B },
    { 0x306, 0x30C, 0x180 },
    { 0x30F, 0x30F, 0x187 },
    { 0x311, 0x312, 0x188 },
    { 0x31B, 0x31B, 0x18A },
    { 0x323, 0x324, 0x18B },
    { 0x326, 0x328, 0x18D },
    { 0x32D, 0x32E, 0x190 },
    { 0x331, 0x331, 0x192 },
    { 0x335, 0x335, 0x193 },
    { 0x1EA0, 0x1EF9, 0x194 },
    { 0x2007, 0x200B, 0x1EE },
    { 0x2010, 0x2010, 0x1F3 },
    { 0x2012, 0x2015, 0x1F4 },
    { 0x2018, 0x201A, 0x1F8 },
    { 0x201C, 0x201E, 0x1FB },
    { 0x2020, 0x2022, 0x1FE },
    { 0x2026, 0x2026, 0x201 },
    { 0x2030, 0x2030, 0x202 },
    { 0x2033, 0x2033, 0x203 },
    { 0x2039, 0x203A, 0x204 },
    { 0x2044, 0x2044, 0x206 },
    { 0x2070, 0x2070, 0x207 },
    { 0x2074, 0x2079, 0x208 },
    { 0x2080, 0x2089, 0x20E },
    { 0x20A1, 0x20A1, 0x218 },
    { 0x20A3, 0x20A4, 0x219 },
    { 0x20A6, 0x20A7, 0x21B },
    { 0x20A9, 0x20A9, 0x21D },
    { 0x20AB, 0x20AD, 0x21E },
    { 0x20B1, 0x20B2, 0x221 },
    { 0x20B5, 0x20B5, 0x223 },
    { 0x20B9, 0x20BA, 0x224 },
    { 0x20BC, 0x20BD, 0x226 },
    { 0x2202, 0x2202, 0x228 },
    { 0x2205, 0x2206, 0x229 },
    { 0x220F, 0x220F, 0x22B },
    { 0x2211, 0x2212, 0x22C },
    { 0x2215, 0x2215, 0x22E },
    { 0x2219, 0x221A, 0x22F },
    { 0x221E, 0x221E, 0x231 },
    { 0x222B, 0x222B, 0x232 },
    { 0x2248, 0x2248, 0x233 },
    { 0x2260, 0x2260, 0x234 },
    { 0x2264, 0x2265, 0x235 },
    { 0xFB01, 0xFB02, 0x237 },
};

static const EpdFontGroup quicksand_14_italicGroups[] = {
    { 0, 3234, 7237, 96, 0 },
    { 3234, 2739, 8208, 96, 96 },
    { 5973, 3367, 12963, 127, 192 },
    { 9340, 2273, 7082, 60, 319 },
    { 11613, 247, 292, 25, 379 },
    { 11860, 1736, 10478, 90, 404 },
    { 13596, 395, 670, 25, 494 },
    { 13991, 206, 424, 17, 519 },
    { 14197, 927, 1835, 16, 536 },
    { 15124, 582, 1140, 15, 552 },
    { 15706, 77, 176, 2, 567 },
};

static const EpdKernClassEntry quicksand_14_italicKernLeftClasses[] = {
    { 0x0026, 1 }, // &
    { 0x0028, 2 }, // (
    { 0x002A, 3 }, // *
    { 0x002B, 4 }, // +
    { 0x002C, 5 }, // ,
    { 0x002D, 4 }, // -
    { 0x002E, 6 }, // .
    { 0x002F, 7 }, // /
    { 0x0030, 8 }, // 0
    { 0x0031, 9 }, // 1
    { 0x0032, 10 }, // 2
    { 0x0034, 11 }, // 4
    { 0x0035, 12 }, // 5
    { 0x0036, 13 }, // 6
    { 0x0037, 14 }, // 7
    { 0x0038, 15 }, // 8
    { 0x0039, 16 }, // 9
    { 0x003E, 17 }, // >
    { 0x003F, 18 }, // ?
    { 0x0040, 19 }, // @
    { 0x0041, 20 }, // A
    { 0x0042, 21 }, // B
    { 0x0044, 8 }, // D
    { 0x0045, 22 }, // E
    { 0x0046, 23 }, // F
    { 0x0047, 24 }, // G
    { 0x004A, 25 }, // J
    { 0x004B, 26 }, // K
    { 0x004C, 27 }, // L
    { 0x004F, 8 }, // O
    { 0x0050, 28 }, // P
    { 0x0051, 29 }, // Q
    { 0x0052, 30 }, // R
    { 0x0053, 31 }, // S
    { 0x0054, 32 }, // T
    { 0x0055, 33 }, // U
    { 0x0056, 34 }, // V
    { 0x0057, 35 }, // W
    { 0x0058, 36 }, // X
    { 0x0059, 37 }, // Y
    { 0x005A, 38 }, // Z
    { 0x005C, 39 }, // <backslash>
    { 0x005F, 40 }, // _
    { 0x0061, 41 }, // a
    { 0x0062, 42 }, // b
    { 0x0063, 43 }, // c
    { 0x0064, 44 }, // d
    { 0x0065, 45 }, // e
    { 0x0066, 46 }, // f
    { 0x0067, 47 }, // g
    { 0x0068, 48 }, // h
    { 0x0069, 49 }, // i
    { 0x006A, 50 }, // j
    { 0x006B, 51 }, // k
    { 0x006C, 52 }, // l
    { 0x006D, 48 }, // m
    { 0x006E, 48 }, // n
    { 0x006F, 42 }, // o
    { 0x0070, 42 }, // p
    { 0x0071, 53 }, // q
    { 0x0072, 54 }, // r
    { 0x0073, 55 }, // s
    { 0x0074, 56 }, // t
    { 0x0075, 57 }, // u
    { 0x0076, 58 }, // v
    { 0x0077, 59 }, // w
    { 0x0078, 60 }, // x
    { 0x0079, 61 }, // y
    { 0x007A, 62 }, // z
    { 0x007E, 4 }, // ~
    { 0x00A1, 63 }, // U+00A1
    { 0x00B7, 64 }, // U+00B7
    { 0x00BF, 65 }, // U+00BF
    { 0x00D9, 33 }, // U+00D9
    { 0x00DA, 33 }, // U+00DA
    { 0x00DB, 33 }, // U+00DB
    { 0x00DC, 33 }, // U+00DC
    { 0x00DD, 37 }, // U+00DD
    { 0x00DE, 66 }, // U+00DE
    { 0x00DF, 67 }, // U+00DF
    { 0x00E0, 41 }, // U+00E0
    { 0x00E1, 41 }, // U+00E1
    { 0x00E2, 41 }, // U+00E2
    { 0x00E3, 41 }, // U+00E3
    { 0x00E4, 41 }, // U+00E4
    { 0x00E5, 41 }, // U+00E5
    { 0x00E8, 45 }, // U+00E8
    { 0x00E9, 45 }, // U+00E9
    { 0x00EA, 45 }, // U+00EA
    { 0x00EB, 45 }, // U+00EB
    { 0x00F0, 68 }, // U+00F0
    { 0x00F2, 42 }, // U+00F2
    { 0x00F3, 42 }, // U+00F3
    { 0x00F4, 42 }, // U+00F4
    { 0x00F5, 42 }, // U+00F5
    { 0x00F6, 42 }, // U+00F6
    { 0x00F7, 69 }, // U+00F7
    { 0x00F8, 42 }, // U+00F8
    { 0x00F9, 57 }, // U+00F9
    { 0x00FA, 57 }, // U+00FA
    { 0x00FB, 57 }, // U+00FB
    { 0x00FC, 57 }, // U+00FC
    { 0x00FD, 61 }, // U+00FD
    { 0x00FF, 61 }, // U+00FF
    { 0x0101, 41 }, // U+0101
    { 0x0103, 41 }, // U+0103
    { 0x0105, 41 }, // U+0105
    { 0x010F, 70 }, // U+010F
    { 0x0113, 45 }, // U+0113
    { 0x0114, 22 }, // U+0114
    { 0x0115, 45 }, // U+0115
    { 0x0117, 45 }, // U+0117
    { 0x0119, 45 }, // U+0119
    { 0x011B, 45 }, // U+011B
    { 0x013E, 71 }, // U+013E
    { 0x014D, 42 }, // U+014D
    { 0x014F, 42 }, // U+014F
    { 0x0151, 42 }, // U+0151
    { 0x0153, 42 }, // U+0153
    { 0x0165, 72 }, // U+0165
    { 0x0169, 57 }, // U+0169
    { 0x016A, 33 }, // U+016A
    { 0x016B, 57 }, // U+016B
    { 0x016D, 57 }, // U+016D
    { 0x016E, 33 }, // U+016E
    { 0x016F, 57 }, // U+016F
    { 0x0170, 33 }, // U+0170
    { 0x0171, 57 }, // U+0171
    { 0x0172, 33 }, // U+0172
    { 0x0173, 57 }, // U+0173
    { 0x0176, 37 }, // U+0176
    { 0x0177, 61 }, // U+0177
    { 0x0178, 37 }, // U+0178
    { 0x01A1, 42 }, // U+01A1
    { 0x01B0, 57 }, // U+01B0
    { 0x01CD, 20 }, // U+01CD
    { 0x01CE, 41 }, // U+01CE
    { 0x01D2, 42 }, // U+01D2
    { 0x01D4, 57 }, // U+01D4
    { 0x01EB, 42 }, // U+01EB
    { 0x01FB, 41 }, // U+01FB
    { 0x01FF, 42 }, // U+01FF
    { 0x0200, 20 }, // U+0200
    { 0x0201, 41 }, // U+0201
    { 0x0202, 20 }, // U+0202
    { 0x0203, 41 }, // U+0203
    { 0x0204, 22 }, // U+0204
    { 0x0205, 45 }, // U+0205
    { 0x0206, 22 }, // U+0206
    { 0x0207, 45 }, // U+0207
    { 0x020D, 42 }, // U+020D
    { 0x020F, 42 }, // U+020F
    { 0x0215, 57 }, // U+0215
    { 0x0217, 57 }, // U+0217
    { 0x1EA0, 20 }, // U+1EA0
    { 0x1EA1, 41 }, // U+1EA1
    { 0x1EA2, 20 }, // U+1EA2
    { 0x1EA3, 41 }, // U+1EA3
    { 0x1EA4, 20 }, // U+1EA4
    { 0x1EA5, 41 }, // U+1EA5
    { 0x1EA6, 20 }, // U+1EA6
    { 0x1EA7, 41 }, // U+1EA7
    { 0x1EA8, 20 }, // U+1EA8
    { 0x1EA9, 41 }, // U+1EA9
    { 0x1EAA, 20 }, // U+1EAA
    { 0x1EAB, 41 }, // U+1EAB
    { 0x1EAC, 20 }, // U+1EAC
    { 0x1EAD, 41 }, // U+1EAD
    { 0x1EAE, 20 }, // U+1EAE
    { 0x1EAF, 41 }, // U+1EAF
    { 0x1EB0, 20 }, // U+1EB0
    { 0x1EB1, 41 }, // U+1EB1
    { 0x1EB2, 20 }, // U+1EB2
    { 0x1EB3, 41 }, // U+1EB3
    { 0x1EB4, 20 }, // U+1EB4
    { 0x1EB5, 41 }, // U+1EB5
    { 0x1EB6, 20 }, // U+1EB6
    { 0x1EB7, 41 }, // U+1EB7
    { 0x1EB8, 22 }, // U+1EB8
    { 0x1EB9, 45 }, // U+1EB9
    { 0x1EBA, 22 }, // U+1EBA
    { 0x1EBB, 45 }, // U+1EBB
    { 0x1EBC, 22 }, // U+1EBC
    { 0x1EBD, 45 }, // U+1EBD
    { 0x1EBE, 22 }, // U+1EBE
    { 0x1EBF, 45 }, // U+1EBF
    { 0x1EC0, 22 }, // U+1EC0
    { 0x1EC1, 45 }, // U+1EC1
    { 0x1EC2, 22 }, // U+1EC2
    { 0x1EC3, 45 }, // U+1EC3
    { 0x1EC4, 22 }, // U+1EC4
    { 0x1EC5, 45 }, // U+1EC5
    { 0x1EC6, 22 }, // U+1EC6
    { 0x1EC7, 45 }, // U+1EC7
    { 0x1ECD, 42 }, // U+1ECD
    { 0x1ECF, 42 }, // U+1ECF
    { 0x1ED1, 42 }, // U+1ED1
    { 0x1ED3, 42 }, // U+1ED3
    { 0x1ED5, 42 }, // U+1ED5
    { 0x1ED7, 42 }, // U+1ED7
    { 0x1ED9, 42 }, // U+1ED9
    { 0x1EDB, 42 }, // U+1EDB
    { 0x1EDD, 42 }, // U+1EDD
    { 0x1EDF, 42 }, // U+1EDF
    { 0x1EE1, 42 }, // U+1EE1
    { 0x1EE3, 42 }, // U+1EE3
    { 0x1EE5, 57 }, // U+1EE5
    { 0x1EE7, 57 }, // U+1EE7
    { 0x1EE9, 57 }, // U+1EE9
    { 0x1EEB, 57 }, // U+1EEB
    { 0x1EED, 57 }, // U+1EED
    { 0x1EEF, 57 }, // U+1EEF
    { 0x1EF1, 57 }, // U+1EF1
    { 0x1EF2, 37 }, // U+1EF2
    { 0x1EF3, 61 }, // U+1EF3
    { 0x1EF5, 61 }, // U+1EF5
    { 0x2013, 73 }, // U+2013
    { 0x2014, 4 }, // U+2014
    { 0x2018, 74 }, // U+2018
    { 0x2019, 75 }, // U+2019
    { 0x201A, 76 }, // U+201A
    { 0x201C, 74 }, // U+201C
    { 0x201D, 75 }, // U+201D
    { 0x201E, 77 }, // U+201E
    { 0x2022, 78 }, // U+2022
    { 0x2212, 4 }, // U+2212
    { 0x2248, 4 }, // U+2248
    { 0x2260, 4 }, // U+2260
};

static const EpdKernClassEntry quicksand_14_italicKernRightClasses[] = {
    { 0x0021, 1 }, // !
    { 0x0022, 2 }, // "
    { 0x0026, 3 }, // &
    { 0x0029, 4 }, // )
    { 0x002A, 5 }, // *
    { 0x002C, 6 }, // ,
    { 0x002E, 7 }, // .
    { 0x002F, 8 }, // /
    { 0x0031, 9 }, // 1
    { 0x0034, 10 }, // 4
    { 0x0035, 11 }, // 5
    { 0x0036, 12 }, // 6
    { 0x0037, 13 }, // 7
    { 0x0039, 14 }, // 9
    { 0x003F, 15 }, // ?
    { 0x0040, 16 }, // @
    { 0x0041, 17 }, // A
    { 0x0043, 18 }, // C
    { 0x0047, 18 }, // G
    { 0x004A, 19 }, // J
    { 0x004F, 18 }, // O
    { 0x0051, 18 }, // Q
    { 0x0053, 20 }, // S
    { 0x0054, 21 }, // T
    { 0x0055, 22 }, // U
    { 0x0056, 23 }, // V
    { 0x0057, 24 }, // W
    { 0x0058, 25 }, // X
    { 0x0059, 26 }, // Y
    { 0x005A, 27 }, // Z
    { 0x005C, 28 }, // <backslash>
    { 0x005D, 29 }, // ]
    { 0x005F, 30 }, // _
    { 0x0061, 31 }, // a
    { 0x0062, 32 }, // b
    { 0x0063, 33 }, // c
    { 0x0064, 33 }, // d
    { 0x0065, 33 }, // e
    { 0x0066, 34 }, // f
    { 0x0067, 35 }, // g
    { 0x0068, 32 }, // h
    { 0x006A, 36 }, // j
    { 0x006B, 32 }, // k
    { 0x006C, 32 }, // l
    { 0x006D, 37 }, // m
    { 0x006E, 37 }, // n
    { 0x006F, 33 }, // o
    { 0x0070, 38 }, // p
    { 0x0071, 33 }, // q
    { 0x0072, 37 }, // r
    { 0x0073, 39 }, // s
    { 0x0074, 40 }, // t
    { 0x0075, 41 }, // u
    { 0x0076, 42 }, // v
    { 0x0077, 43 }, // w
    { 0x0078, 44 }, // x
    { 0x0079, 45 }, // y
    { 0x007A, 46 }, // z
    { 0x00A1, 47 }, // U+00A1
    { 0x00B7, 48 }, // U+00B7
    { 0x00BF, 49 }, // U+00BF
    { 0x00D0, 50 }, // U+00D0
    { 0x00D9, 22 }, // U+00D9
    { 0x00DA, 22 }, // U+00DA
    { 0x00DB, 22 }, // U+00DB
    { 0x00DC, 22 }, // U+00DC
    { 0x00DD, 26 }, // U+00DD
    { 0x00DF, 51 }, // U+00DF
    { 0x00E0, 31 }, // U+00E0
    { 0x00E1, 31 }, // U+00E1
    { 0x00E2, 31 }, // U+00E2
    { 0x00E3, 31 }, // U+00E3
    { 0x00E4, 31 }, // U+00E4
    { 0x00E5, 31 }, // U+00E5
    { 0x00E8, 33 }, // U+00E8
    { 0x00E9, 33 }, // U+00E9
    { 0x00EA, 33 }, // U+00EA
    { 0x00EB, 33 }, // U+00EB
    { 0x00F0, 52 }, // U+00F0
    { 0x00F9, 41 }, // U+00F9
    { 0x00FA, 41 }, // U+00FA
    { 0x00FB, 41 }, // U+00FB
    { 0x00FC, 41 }, // U+00FC
    { 0x00FD, 45 }, // U+00FD
    { 0x00FE, 53 }, // U+00FE
    { 0x00FF, 45 }, // U+00FF
    { 0x0101, 31 }, // U+0101
    { 0x0103, 31 }, // U+0103
    { 0x0105, 31 }, // U+0105
    { 0x0113, 33 }, // U+0113
    { 0x0115, 33 }, // U+0115
    { 0x0117, 33 }, // U+0117
    { 0x0119, 33 }, // U+0119
    { 0x011B, 33 }, // U+011B
    { 0x0127, 54 }, // U+0127
    { 0x013E, 32 }, // U+013E
    { 0x0169, 41 }, // U+0169
    { 0x016A, 22 }, // U+016A
    { 0x016B, 41 }, // U+016B
    { 0x016D, 41 }, // U+016D
    { 0x016E, 22 }, // U+016E
    { 0x016F, 41 }, // U+016F
    { 0x0170, 22 }, // U+0170
    { 0x0171, 41 }, // U+0171
    { 0x0172, 22 }, // U+0172
    { 0x0173, 41 }, // U+0173
    { 0x0176, 26 }, // U+0176
    { 0x0177, 45 }, // U+0177
    { 0x0178, 26 }, // U+0178
    { 0x01B0, 41 }, // U+01B0
    { 0x01CD, 17 }, // U+01CD
    { 0x01CE, 31 }, // U+01CE
    { 0x01D4, 41 }, // U+01D4
    { 0x01FB, 31 }, // U+01FB
    { 0x0200, 17 }, // U+0200
    { 0x0201, 31 }, // U+0201
    { 0x0202, 17 }, // U+0202
    { 0x0203, 31 }, // U+0203
    { 0x0205, 33 }, // U+0205
    { 0x0207, 33 }, // U+0207
    { 0x0215, 41 }, // U+0215
    { 0x0217, 41 }, // U+0217
    { 0x1EA0, 17 }, // U+1EA0
    { 0x1EA1, 31 }, // U+1EA1
    { 0x1EA2, 17 }, // U+1EA2
    { 0x1EA3, 31 }, // U+1EA3
    { 0x1EA4, 17 }, // U+1EA4
    { 0x1EA5, 31 }, // U+1EA5
    { 0x1EA6, 17 }, // U+1EA6
    { 0x1EA7, 31 }, // U+1EA7
    { 0x1EA8, 17 }, // U+1EA8
    { 0x1EA9, 31 }, // U+1EA9
    { 0x1EAA, 17 }, // U+1EAA
    { 0x1EAB, 31 }, // U+1EAB
    { 0x1EAC, 17 }, // U+1EAC
    { 0x1EAD, 31 }, // U+1EAD
    { 0x1EAE, 17 }, // U+1EAE
    { 0x1EAF, 31 }, // U+1EAF
    { 0x1EB0, 17 }, // U+1EB0
    { 0x1EB1, 31 }, // U+1EB1
    { 0x1EB2, 17 }, // U+1EB2
    { 0x1EB3, 31 }, // U+1EB3
    { 0x1EB4, 17 }, // U+1EB4
    { 0x1EB5, 31 }, // U+1EB5
    { 0x1EB6, 17 }, // U+1EB6
    { 0x1EB7, 31 }, // U+1EB7
    { 0x1EB9, 33 }, // U+1EB9
    { 0x1EBB, 33 }, // U+1EBB
    { 0x1EBD, 33 }, // U+1EBD
    { 0x1EBF, 33 }, // U+1EBF
    { 0x1EC1, 33 }, // U+1EC1
    { 0x1EC3, 33 }, // U+1EC3
    { 0x1EC5, 33 }, // U+1EC5
    { 0x1EC7, 33 }, // U+1EC7
    { 0x1EE5, 41 }, // U+1EE5
    { 0x1EE7, 41 }, // U+1EE7
    { 0x1EE9, 41 }, // U+1EE9
    { 0x1EEB, 41 }, // U+1EEB
    { 0x1EED, 41 }, // U+1EED
    { 0x1EEF, 41 }, // U+1EEF
    { 0x1EF1, 41 }, // U+1EF1
    { 0x1EF2, 26 }, // U+1EF2
    { 0x1EF3, 45 }, // U+1EF3
    { 0x1EF5, 45 }, // U+1EF5
    { 0x201C, 55 }, // U+201C
    { 0x201D, 56 }, // U+201D
    { 0x2022, 57 }, // U+2022
};

static const int8_t quicksand_14_italicKernMatrix[] = {
       0,    0,    0,   -7,    0,    0,    0,    0,    0,    0,    0,    0,    0,    0,    0,    0,    0,    0,    0,    0,    0,    0,  -11,    0,    0,    0,    0,    0,    0,    0,    0,    0,    0,    0,    0,    0,    0,    0,    0,    0,    0,   -8,    0,    0,    0,    0,    0,    0,    0,    0,    0,   -5,    0,    0,    0,    0,    0,
       0,    0,    0,    0,    0,    0,    0,    0,    0,    0,    0,    0,    0,    0,    0,    0,    0,    0,    0,    0,    0,    0,    0,    0,    0,    0,    0,    0,    0,    0,    0,    0,    0,    0,    0,    0,    0,    0,    0,    0,    0,    0,    0,    0,    0,    0,    0,    0,    0,    0,    0,    0,    7,    0,    0,    0,    0,
       0,    0,    0,    0,    0,    0,    0,    0,    0,    0,    0,    0,    0,    0,    0,    0,    0,    0,    0,    0,    0,    0,    0,    0,    0,    0,    0,    0,    0,    0,    0,    0,    0,    0,    0,    0,    0,    0,    0,    0,    0,    5,    0,    0,    0,    0,    0,    0,    0,    0,    0,  -12,    0,    0,    0,    0,    0,
       0,    0,    0,    0,    0,    0,    0,    0,  -21,    0,    0,    0,    0,    0,    0,    0,    0,    0,    0,    0,    0,    0,    0,    0,    0,    0,    0,    0,    0,    0,    0,    0,    0,    0,    0,    0,    0,    0,    0,    0,    0,    0,    0,    0,    0,    0,    0,    0,    0,    0,    0,    0,    0,    0,    0,    0,    0,
       0,    0,    0,    0,    0,    0,    0,    0,  -26,    0,    0,    0,    0,    0,    0,    0,    0,    0,    0,    0,    0,    0,    0,    0,    0,    0,    0,    0,    0,    0,    0,    0,    0,    0,    0,    5,    0,    0,    0,    0,    0,    0,    0,    0,    0,    0,    0,    0,    0,    0,    0,    0,    0,    0,    0,    0,    0,
       0,    0,    0,    0,    0,    0,    0,    0,  -21,  -14,    0,    0,    0,    0,    0,    0,    0,    0,    0,    0,    0,    0,    0,    0,    0,    0,    0,    0,    0,    0,    0,    0,    0,    0,    0,    0,    0,    0,    0,    0,    0,    0,    0,    0,    0,    0,    0,    0,    0,    0,    0,    0,    0,    0,    0,    0,    0,
       0,    0,    0,    0,    0,    0,    0,  -43,    0,    0,    0,    0,    0,    0,    0,    0,    0,    0,    0,    0,    0,    0,    0,    0,    0,    0,    0,    0,    0,    0,    0,    0,    0,    0,    0,    0,    0,    0,    0,    0,    0,   -1,    0,   -5,    0,    0,    0,    0,    0,    0,   -6,  -15,    0,    0,    0,    0,    0,
       0,    0,    0,    0,    0,    0,    0,    0,    0,    0,    0,    0,  -23,    0,    0,    0,   -2,    0,   -7,    0,   -9,    0,   -5,   -2,  -14,  -12,   -7,    0,    0,    0,    0,    0,    4,    0,    0,    0,    0,    0,    0,    0,    0,    0,    0,   -5,    0,    0,    0,    0,    0,    0,    0,    0,    0,    0,    0,    0,    0,
       0,    0,    0,    0,    0,    0,    0,    0,    0,   -5,    0,    0,    0,    0,    0,    0,    0,    0,    0,    0,    0,    0,    0,    0,    0,    0,    0,    0,    0,    0,    0,    0,    0,    0,    0,    0,    0,    0,    0,    0,    0,    0,    0,    0,    0,    0,    0,    0,    0,    0,    0,    0,    0,    0,    0,    0,    0,
       0,    0,    0,    0,    0,    0,    0,    0,    0,   -5,    0,    0,   -6,    0,    0,    0,    0,    0,    0,    0,    0,    0,    0,    0,    0,    0,    0,    0,    0,    0,    0,    0,    0,    0,    0,    0,    0,    0,    0,    0,    0,    0,    0,    0,    0,    0,    0,    0,    0,    0,    0,    0,    0,    0,    0,    0,    0,
       0,    0,    0,    0,    0,    0,    0,    0,   -7,    0,    2,    0,  -14,   -9,    0,    0,    0,    0,    0,    0,    0,    0,    0,    0,    0,    0,    0,    0,    0,    0,    0,    0,    0,    0,    0,    0,    0,    0,    0,    0,    0,    0,    0,    0,    0,    0,    0,    0,    0,    0,    0,    0,    0,    0,    0,    0,    0,
       0,    0,    0,    0,    0,    0,  -14,    0,    0,    0,    0,    0,    0,    0,    0,    0,    0,    0,    0,    0,    0,    0,    0,    0,    0,    0,    0,    0,    0,    0,    0,    0,    0,    0,    0,    0,    0,    0,    0,    0,    0,    0,    0,    0,    0,    0,    0,    0,    0,    0,    0,    0,    0,    0,    0,    0,    0,
       0,    0,    0,    0,    0,    0,    0,    0,   -5,    5,    0,    0,    0,    0,    0,    0,    0,    0,    0,    0,    0,    0,    0,    0,    0,    0,    0,    0,    0,    0,    0,    0,    0,    0,    0,    0,    0,    0,    0,    0,    0,    0,    0,    0,    0,    0,    0,    0,    0,    0,    0,    0,    0,    0,    0,    0,    0,
       0,    0,    0,    0,    0,  -19,  -30,    0,   21,  -19,    0,  -14,    0,    0,    0,    0,    0,   -9,    0,    0,    0,    0,    0,    0,    0,    0,    0,    0,    0,    0,    0,    0,    0,    0,    0,    0,    0,    0,    0,    0,    0,    0,    0,    0,    0,    0,    0,    0,    0,    0,    0,    0,    0,    0,    0,    0,    0,
       0,    0,    0,    0,    0,    0,    0,    0,    0,    0,    0,    0,   -9,    0,    0,    0,    0,    0,    0,    0,    0,    0,    0,    0,    0,    0,    0,    0,    0,    0,    0,    0,    0,    0,    0,    0,    0,    0,    0,    0,    0,    0,    0,    0,    0,    0,    0,    0,    0,    0,    0,    0,    0,    0,    0,    0,    0,
       0,    0,    0,    0,    0,   -9,  -19,    0,    2,    0,    0,    0,  -14,    0,    0,    0,    0,    0,    0,    0,    0,    0,    0,    0,    0,    0,    0,    0,    0,    0,    0,    0,    0,    0,    0,    0,    0,    0,    0,    0,    0,    0,    0,    0,    0,    0,    0,    0,    0,    0,    0,    0,    0,    0,    0,    0,    0,
       0,    0,    0,    0,    0,    0,    0,    0,   -7,    0,    0,    0,    0,    0,    0,    0,    0,    0,    0,    0,    0,    0,    0,    0,    0,    0,    0,    0,    0,    0,    0,    0,    0,    0,    0,    0,    0,    0,    0,    0,    0,    0,    0,    0,    0,    0,    0,    0,    0,    0,    0,    0,    0,    0,    0,    0,    0,
       0,    0,    0,    0,    0,    0,    0,    0,    0,    0,    0,    0,    0,    0,    0,    0,    0,    0,    0,    0,    0,    0,    0,    0,    0,    0,    0,    0,    0,    0,    0,    0,    0,    0,    0,    0,    0,    0,    0,    0,    0,    0,    0,    0,    0,    0,    0,    0,    0,    0,    0,   -7,    0,    0,    0,    0,    0,
       0,    0,    0,    0,    0,    0,    0,    0,    0,    0,    0,    0,    0,    0,    0,    0,    0,    0,    0,    0,    0,    0,   -5,    0,    0,    0,    0,    0,    0,    0,    0,    0,    0,    0,    0,    0,    0,    0,    0,    0,    0,    0,    0,   -2,    0,    0,    0,    0,    0,    0,    0,    0,    0,    0,    0,    0,    0,
       0,    0,    0,    0,    0,    0,    0,    0,    0,    0,    0,    0,    0,    0,    0,    0,    0,   -2,    0,    0,  -23,   -5,  -43,  -10,    0,  -20,    0,    0,    0,    0,    9,    0,    0,    0,    0,    0,    0,    0,    0,   -2,   -5,  -13,   -4,    0,  -12,    0,    0,    0,    0,    0,    0,    0,    0,    0,    0,    0,    0,
       0,    0,    0,    0,    0,    0,    0,    0,    0,    0,    0,    0,    0,    0,    0,    0,    0,    0,    0,    0,   -7,    0,   -4,   -3,   -6,  -11,    0,    0,    0,    0,    0,   -1,    0,    0,   -2,    0,    0,    0,    0,    0,    0,    0,    0,   -1,    0,    0,    0,    0,    0,    0,    0,    0,    0,    0,    0,    0,    0,
       0,    0,    0,    0,    0,    0,    0,    0,    0,    0,    0,    0,    0,    0,    0,    0,    0,    0,   -5,    0,    0,    0,    0,    0,    0,    0,    0,    0,    0,    0,    0,    0,   -2,    0,   -5,    0,    0,    0,    0,    0,   -5,   -7,    0,    0,   -5,    0,    0,    0,    0,    0,    0,    0,    0,    0,    0,    0,    0,
       0,    0,    0,    0,    0,    0,    0,    0,    0,    0,    0,    0,    0,    0,    0,    0,  -15,   -4,  -56,   -2,    7,    0,    0,    0,   -2,    0,    0,    0,    0,    0,   -9,    0,   -7,    0,   -5,    0,   -4,   -4,   -5,    0,   -7,   -2,    0,   -7,    0,   -2,    0,    0,    0,    0,    0,    0,    0,    0,    0,    0,    0,
       0,    0,    0,    0,    0,    0,    0,    0,    0,    0,    0,    0,    0,    0,    0,    0,    0,    0,    0,    0,  -12,    0,   -7,   -5,    0,  -11,    0,    0,    0,    0,    7,    0,    0,    0,    0,    0,    0,    0,    0,    0,    0,    0,    0,    0,    0,    0,    0,    0,    0,    0,    0,    0,    0,    0,    0,    0,    0,
       0,    0,    0,    0,    0,    0,    0,    0,    0,    0,    0,    0,    0,    0,    0,    0,   -7,    0,    0,    0,    0,    0,    0,    0,    0,    0,    0,    0,    0,    0,    0,    0,    0,    0,    0,    0,    0,    0,    0,    0,    0,    0,    0,    0,    0,    0,    0,    0,    0,    0,    0,    0,    0,    0,    0,    0,    0,
       0,    0,    0,    0,    0,    0,    0,    0,    0,    0,    0,    0,    0,    0,    0,    0,    0,  -14,   -2,   -5,    0,   -7,   -2,   -2,    0,    9,    0,    0,    0,    0,    0,    0,  -10,    0,    0,    0,   -4,   -4,   -2,   -1,   -6,   -3,   -7,    0,   -9,    0,    0,    0,    0,    0,    0,    0,    0,    0,    0,    0,    0,
       0,    0,    0,    0,    0,    0,    0,    0,    0,    0,    0,    0,    0,    0,    0,    0,    0,   -5,    0,    0,  -34,   -9,  -23,  -14,    0,  -28,    0,    0,    0,    0,    0,    0,    0,    0,    0,    0,    0,    0,    0,   -2,    0,  -11,   -2,    0,  -10,    9,    0,    0,    0,    0,    0,    0,    0,    0,    0,    0,    0,
       0,    0,    0,    0,    0,  -70,  -47,    0,    0,    0,    0,    0,    0,    0,    0,    0,  -19,    0,  -35,    0,    0,    0,    0,    4,   -7,    0,   -7,    0,    0,    0,   -2,    0,   -5,    4,   -5,    0,    0,    0,    0,    7,   -2,    5,    7,    0,    5,    0,    0,    0,    0,    0,    0,    0,    0,    0,    0,    0,    0,
       0,    0,    0,    0,    0,    0,    0,    0,    0,    0,    0,    0,  -23,    0,    0,    0,   -2,    0,   -7,    0,   -9,    0,   -5,   -2,  -14,  -12,   -7,    0,    0,   -8,    0,    0,    4,    0,    0,    0,    0,    0,    0,    0,    0,    0,    0,   -5,    0,    0,    0,    0,    0,    0,    0,    0,    0,    0,    0,    0,    0,
       0,    0,    0,    0,    0,    0,    0,    0,    0,    0,    0,    0,    0,    0,    0,    0,    0,   -5,    0,    0,   -7,   -2,   -7,    0,    0,   -9,    0,    0,    0,    0,    2,    0,   -2,    0,    0,    0,    0,    0,    0,    0,   -5,    0,    0,    0,    0,    0,    0,    0,    0,    0,    0,    0,    0,    0,    0,    0,    0,
       0,    0,    0,    0,    0,    0,    0,    0,    0,    0,    0,    0,    0,    0,    0,    0,    0,    0,    0,    0,    0,    0,    0,    0,   -7,   -7,    0,    0,    0,    0,    0,    0,    0,    0,    0,    0,    0,    0,    0,    0,    0,    0,    0,    0,    0,    0,    0,    0,    0,    0,    0,    0,    0,    0,    0,    0,    0,
       0,    0,    0,    0,    0,    0,  -47,    0,    0,    0,    0,    0,    0,    0,    0,    0,  -23,   -9,  -30,    0,   14,    0,    5,    5,    0,    5,    0,    0,    0,    0,  -47,    0,  -56,    0,  -21,    0,  -28,   -9,  -51,    0,  -56,   -5,  -56,   -7,  -30,  -56,    0,    0,    0,    0,    0,    0,    0,    4,    0,    0,    0,
       0,    0,    0,    0,    0,    0,    0,    0,    0,    0,    0,    0,    0,    0,    0,    0,   -5,    0,   -5,   -5,    0,    0,    0,    0,   -5,   -5,    0,    0,    0,    0,    0,    0,    0,    0,    0,    0,    0,    0,    0,    0,    0,    0,    0,   -2,    0,    0,    0,    0,    0,    0,    0,    0,    0,    0,    0,    0,    0,
       0,    0,   -5,    0,    0,    0,    0,  -15,    0,    0,    0,    0,    0,    0,    6,   -5,  -16,   -5,  -26,   -5,    5,    0,    0,    0,    0,    0,    0,    0,    0,  -24,   -6,    0,  -11,    0,   -9,    0,   -6,   -6,   -7,    0,   -5,    0,    0,    0,    0,   -2,   -5,   -9,  -16,    0,    0,    0,    0,    0,    0,    0,   -7,
       0,    0,    0,    0,    0,    0,    0,    0,    0,    0,    0,    0,    0,    0,    0,    0,  -10,   -2,  -14,   -5,    5,    0,    0,    0,    0,    0,    0,    0,    0,    0,   -4,    0,   -7,    0,   -9,    0,   -1,   -1,    0,    0,   -5,    0,    0,    0,    0,    0,    0,    0,    0,    0,    0,    0,    0,    0,    0,    0,    0,
       0,    0,    0,    0,    0,    0,    0,    0,    0,    0,    0,    0,    0,    0,    0,    0,    0,  -13,    0,   -7,    0,   -5,    0,    0,    0,    0,    0,    0,    0,    0,    0,    0,   -7,    0,   -1,    0,    0,    0,    0,    0,   -5,  -12,   -8,    0,  -11,    0,    0,    0,    0,    0,    0,    0,    0,    0,    0,    0,    0,
       0,    0,    0,    0,    0,    0,    0,    0,    0,    0,    0,    0,    0,    0,    0,    0,  -20,  -12,  -33,  -12,    5,   -5,    0,    0,    0,    0,    0,    0,    0,    0,  -15,    0,  -19,    0,  -18,    0,  -11,  -10,  -17,    0,   -9,   -5,   -5,   -9,   -5,   -5,    0,    0,    0,    0,    0,    0,    0,    0,    0,    0,    0,
       0,    0,    0,    0,    0,    0,    0,    0,    0,    0,    0,    0,    0,    0,    0,    0,    0,   -2,    0,    0,    0,    0,    0,    0,    0,    0,    0,    0,    0,    0,    0,    0,   -2,    0,    0,    0,    0,    0,    0,    0,   -2,   -2,    0,    0,    0,    0,    0,    0,    0,    0,    0,    0,    0,    0,    0,    0,    0,
       0,    0,    0,    0,    0,    0,    0,    0,    0,    0,    0,    0,    0,    0,    0,    0,    0,    0,    0,    0,    0,    0,  -15,    0,    0,    0,    0,  -43,    0,    0,    0,    0,    0,    0,    0,    0,    0,    0,    0,    0,    0,   -6,    0,    0,    0,    0,    0,    0,    0,    0,   -3,  -10,    0,    0,    0,    0,    0,
       0,    0,    0,    0,    0,    0,    0,    0,    0,    0,    0,    0,    0,    0,    0,    0,    0,    0,    0,    0,    0,    0,  -24,    0,    0,    0,    0,    0,    0,    0,    0,    0,    0,    0,    0,    0,    0,    0,    0,    0,    0,  -17,    0,    0,    0,    0,    0,    0,    0,    0,    0,  -16,    4,    0,    0,    0,    0,
       0,    0,    0,    0,    0,    0,    0,    0,    0,    0,    0,    0,    0,    0,    0,    0,    9,   -9,    0,    0,  -30,   -5,  -13,   -5,    0,  -25,    0,    0,    0,    0,    5,    0,    0,    0,    0,    0,    0,    0,    0,    0,   -5,   -6,   -3,    0,    0,    0,    0,    0,    0,    0,    0,    0,    0,    0,    0,    0,    0,
       0,    0,    0,    0,    0,    0,    0,    0,    0,    0,    0,    0,    0,    0,    0,    0,    0,    0,    0,    0,  -22,    0,  -11,   -7,   -7,  -18,   -5,    0,    0,    0,    0,    0,    0,    0,    0,    0,    0,    0,    0,    0,    0,   -2,    0,   -3,    0,   -5,    0,    0,    0,    0,    0,    0,    0,    0,    0,    0,    0,
       0,    0,    0,    0,    0,    0,    0,    0,    0,    0,    0,    0,    0,    0,    0,    0,    0,    0,    0,    0,  -14,    0,   -7,   -5,   -2,  -16,    0,    0,    0,    0,    0,    0,    0,    0,    0,    0,    0,    0,    0,    0,    0,    0,    0,    0,    0,    0,    0,    0,    0,    0,    0,    0,    0,    0,    0,    0,    0,
       0,    0,    0,    0,    0,    0,    0,    0,    0,    0,    0,    0,    0,    0,    0,    0,    0,    0,    0,    0,    0,    0,    0,    0,    0,    0,    0,    0,    0,    0,    0,    0,    0,    0,    0,    0,    0,    0,    0,    0,    7,    0,    0,    0,    0,    0,    0,    0,    0,    0,    0,    0,    0,    0,    0,    0,    0,
       0,    0,    0,    0,    0,    0,    0,    0,    0,    0,    0,    0,    0,    0,    0,    0,    0,    0,    0,    0,  -21,    0,   -9,   -5,   -5,  -16,    0,    0,    0,    0,    2,    0,    0,    0,   -2,    0,    0,    0,    0,    0,    0,   -2,    0,   -2,   -2,    0,    0,    0,    0,    0,    0,    0,    0,    0,    0,    0,    0,
       0,    0,    0,    0,    0,    0,    0,    0,    0,    0,    0,    0,    0,    0,    0,    0,   -9,    0,    0,    0,   28,    0,   26,   23,   23,   23,   23,    0,    0,    0,    0,    0,  -16,    0,    0,    0,    0,    0,    0,    1,    0,    5,    1,    0,    0,    2,    0,    0,    0,    0,    0,    0,    0,   14,    0,    0,    0,
       0,    0,    0,    0,    0,   -2,    0,    0,    0,    0,    0,    0,    0,    0,    0,    0,   -7,   -5,    0,   -2,    0,    0,    0,    0,    0,   -7,    0,    0,    0,    0,   -2,    0,   -9,    0,    0,    5,    0,    0,   -5,    0,   -4,    0,    0,    0,    0,    0,    0,    0,    0,    0,    0,    0,    0,    0,    0,    0,    0,
       0,    0,    0,    0,    0,    0,    0,    0,    0,    0,    0,    0,    0,    0,    0,    0,    0,    0,    0,    0,  -14,    0,   -7,    0,    0,  -12,    0,    0,    0,    0,    0,    0,    0,    0,    0,    0,    0,    0,    0,    0,    0,   -2,    0,    0,   -2,    0,    0,    0,    0,    0,    0,    0,    0,    0,    0,    0,    0,
       0,    0,    0,    0,    0,    0,    0,    0,    0,    0,    0,    0,    0,    0,    0,    0,    0,    0,    0,    0,  -14,    0,    0,    0,    0,    0,    0,    0,    0,    0,    0,    0,    0,    0,    0,    0,    0,    0,    0,    0,    0,    0,    0,    0,    0,    0,    0,    0,    0,    0,    0,    0,    0,    0,    0,    0,    0,
       0,    0,    0,    0,    0,    0,    0,    0,    0,    0,    0,    0,    0,    0,    0,    0,    0,    0,    0,    0,  -14,   -5,    0,    0,    0,    0,    0,    0,    0,    0,    0,    0,    0,    0,    0,    2,    0,    0,    0,    0,    0,    0,    0,    0,    0,    0,    0,    0,    0,    0,    0,    0,    0,    0,    0,    0,    0,
       0,    0,    0,    0,    0,    0,    0,    0,    0,    0,    0,    0,    0,    0,    0,    0,    0,   -5,    0,    0,    0,    0,    0,    0,    0,   -9,    0,    0,    0,    0,   -2,   -2,  -10,    0,    0,   -2,    0,    0,   -2,    0,   -2,    0,    0,    0,    0,    0,    0,    0,    0,    0,    0,    0,    0,    0,    0,    0,    0,
       0,    0,    0,    0,    0,    0,    0,    0,    0,    0,    0,    0,    0,    0,    0,    0,    0,   -9,    0,    0,  -12,    0,  -14,   -9,    0,  -14,    0,    0,    0,    0,    0,    0,   -5,    0,   -5,   -7,    0,    0,    0,   -1,   -2,  -12,   -7,    0,   -7,    0,    0,    0,    0,    0,    0,    0,    0,    0,    0,    0,    0,
       0,    0,    0,    0,    0,    0,    0,    0,    0,    0,    0,    0,    0,    0,    0,    0,    0,    0,    0,    0,   -9,    0,   -7,    0,    0,   -7,    0,   -5,    0,    1,    0,    0,    0,    0,    0,    0,    0,    0,    0,    0,    0,    0,    0,    0,    0,    0,    0,    0,    0,    0,    0,    0,    0,    0,    0,    0,    0,
       0,    0,    0,    0,    0,    0,  -51,    0,    0,    0,    0,    0,    0,    0,    0,    0,  -14,    0,    0,    0,   -5,    0,    0,    0,   -7,    0,    0,    0,    0,    0,   -6,    0,  -10,    0,   -7,   -5,    0,    0,    0,    0,    0,   23,   23,    0,    0,    0,    0,    0,    0,    0,    0,    0,    0,    0,    0,    0,    0,
       0,    0,    0,    0,    0,    0,    0,    0,    0,    0,    0,    0,    0,    0,    0,    0,    0,   -2,    0,    0,  -21,    0,   -2,    0,   -2,   -9,    0,    0,    0,    0,    4,    0,    0,    0,    0,    0,    0,    0,    0,    0,    0,    0,    0,   -2,    0,    0,    0,    0,    0,    0,    0,    0,    0,    0,    0,    0,    0,
       0,    0,    0,    0,    0,    0,    0,    0,    0,    0,    0,    0,    0,    0,    0,    0,    0,    0,    0,    0,    0,    0,    0,    0,    0,    0,    0,    0,    0,    0,    0,    0,   -2,  -12,   -2,    0,    0,    0,    9,    0,    0,    0,   19,    0,    0,    0,    0,    0,    0,    0,    0,    0,    0,    0,    0,    0,    0,
       0,    0,    0,    0,    0,    0,    0,    0,    0,    0,    0,    0,    0,    0,    0,    0,    0,    0,    0,    0,  -14,    0,   -5,   -5,    0,   -7,    0,    0,    0,    0,    0,    0,    0,    0,   -5,    0,    0,    0,    0,    0,    0,    0,    0,    0,    0,    0,    0,    0,    0,    0,    0,    0,    0,    0,    0,    0,    0,
       0,    0,   -1,    0,    5,    0,    0,   -6,    0,    0,    0,    0,    0,    0,    4,    0,  -12,    0,    0,    0,   -5,    0,    0,    0,  -12,   -5,   -9,   -1,    0,  -17,   -1,    0,   -2,    0,   -2,    0,    0,    0,   -2,   23,    0,   23,    0,    0,    0,    0,    0,    0,   -9,    0,    0,   -3,    0,    0,    0,    0,    0,
       0,    0,    0,    0,    0,    0,    0,    0,    0,    0,    0,    0,    0,    0,    0,    0,   -2,    0,    0,    0,   -5,    0,    0,    0,   -8,   -5,   -2,    0,    0,    0,    2,    0,    0,    0,    0,    0,    0,    0,   -2,   23,    0,   19,    0,    0,    0,    0,    0,    0,    0,    0,    0,    0,    0,    0,    0,    0,    0,
       0,    0,   -2,    0,    0,    0,    0,    0,    0,    0,    0,    0,    0,    0,    0,    0,    0,   -5,    0,    0,   -7,   -2,    0,    0,    0,   -9,    0,   -5,    0,    0,    0,    0,   -3,    0,    0,    0,    0,    0,   -2,   23,   -2,    0,    0,    0,    0,    0,    0,   -5,    0,    0,    0,   -2,    0,    0,    0,    0,    0,
       0,    0,    0,    0,    0,    0,    0,    0,    0,    0,    0,    0,    0,    0,    0,    0,  -12,    0,    0,    0,   -5,    0,    0,    0,   -9,   -5,   -5,    0,    0,    0,    0,    0,   -2,    0,   -7,    0,    0,    0,   -5,    0,    0,    0,    0,    0,    0,    0,    0,    0,    0,    0,    0,    0,    0,    0,    0,    0,    0,
       0,    0,    0,    0,    0,    0,    0,    0,    0,    0,    0,    0,    0,    0,    0,    0,    0,    0,    0,    0,   -5,    0,    0,    0,    0,   -5,    0,    0,    0,    0,    0,    0,   -5,    0,    0,    0,    0,    0,    0,    0,    0,    0,    0,    0,    0,    0,    0,    0,    0,    0,    0,    0,    0,    0,    0,    0,    0,
       0,    0,    0,    0,    0,    0,    0,    0,    0,    0,    0,    0,    0,    0,    0,    0,    0,    0,    0,    0,    0,    0,   -5,    0,    0,    0,    0,    0,    0,    0,    0,    0,    0,    0,    0,    0,    0,    0,    0,    0,    0,    0,    0,    0,    0,    0,    0,    0,    0,    0,    0,    0,    0,    0,    0,    0,    0,
       0,    0,    0,    0,    0,    0,    0,    0,    0,    0,    0,    0,    0,    0,    0,    0,    0,    0,    0,    0,    0,    0,   -9,    0,    0,    0,    0,    0,    0,    0,    0,    0,    0,    0,    0,    0,    0,    0,    0,    0,    0,    0,    0,   -5,    0,    0,    0,    0,    0,    0,    0,    5,    0,    0,    0,    0,    0,
       0,    0,    0,    0,    0,    0,    0,    0,    0,    0,    0,    0,    0,    0,    0,    0,    0,    0,    0,    0,    0,    0,  -14,    0,    0,    0,    0,    0,    0,    0,    0,    0,    0,    0,    0,    0,    0,    0,    0,    0,    0,   -7,    0,    0,    0,    0,    0,    0,    0,    0,    0,  -14,    0,    0,    0,    0,    0,
       5,    0,    0,    0,   -2,    0,    0,  -19,    0,    0,    0,    0,    0,    0,    0,    0,    0,    0,    0,    0,    0,    0,    0,    0,    0,    0,    0,   -9,    0,  -25,    0,    0,    0,    0,    0,    0,    0,    0,    0,    0,    0,    2,    0,   -2,    0,    0,    9,   12,   -9,    0,    0,    0,    0,    0,    0,    0,    2,
       0,    0,    0,    0,   -9,    0,    0,   -6,    0,    0,    0,    0,    0,    0,    0,    0,    0,    0,    0,    0,    0,    0,    0,    0,    0,    0,    0,   -2,    0,  -16,    0,    0,    0,    0,    0,    0,    0,    0,    0,    0,    0,   -2,    0,   -2,    0,    0,    0,    5,    0,    0,    0,    0,    0,    0,    0,    0,    0,
       0,    0,    0,    0,   -7,    0,    0,  -14,    0,    0,    0,    0,    0,    0,    0,    0,    0,    0,    0,    0,    0,    0,    0,    0,    0,    0,    0,    0,    0,  -25,    0,    0,    0,    0,    0,    0,    0,    0,    0,    0,    0,    0,    0,   -2,    0,    0,    0,    5,   -9,    0,    0,    0,    0,    0,    0,    0,    0,
       0,    0,    0,    0,    0,    0,    0,    0,   -9,    0,    0,    0,    0,    0,    0,    0,    0,    0,    0,    0,    0,    0,    0,    0,    0,    0,    0,    0,    0,    0,    0,    0,    0,    0,    0,    0,    0,    0,    0,    0,    0,    0,    0,    0,    0,    0,    0,    0,    0,    0,    0,    0,    0,    0,    0,    0,    0,
       0,   46,    0,   59,   34,    0,    0,    0,    0,    0,    0,    0,    0,    0,    0,    0,    0,    0,    0,    0,    0,    0,    0,    0,    0,    0,    0,   51,   62,    0,    0,    9,    0,    0,    0,    0,    0,    0,    0,    0,    0,    0,    0,    0,    0,    0,    0,    0,    0,    0,    0,    5,   28,    0,   42,   51,    0,
       0,   29,    0,   49,   13,    0,    0,    0,    0,    0,    0,    0,    0,    0,    0,    0,    0,    0,    0,    0,    0,    0,    0,    0,    0,    0,    0,   40,   47,    0,    0,    9,    0,    0,    0,    0,    0,    0,    0,    0,    0,    0,    0,    0,    0,    0,    0,    0,    0,    0,    0,    5,   28,    0,   31,   36,    0,
       0,    0,    0,   15,    0,    0,    0,    0,    0,    0,    0,    0,    0,    0,    0,    0,    0,    0,    0,    0,    0,    0,    0,    0,    0,    0,    0,    0,    9,    0,    0,    0,    0,    0,    0,    0,    0,    0,    0,    0,    0,    0,    0,    0,    0,    0,    0,    0,    0,    0,    0,    0,    0,    0,    5,    6,    0,
       0,    0,    0,    0,    0,    0,    0,    0,  -21,    0,    0,    0,    0,    0,    0,    0,    0,    0,    0,    0,    0,    0,    0,    0,    0,    0,    0,    0,    0,    0,    0,    0,    0,    0,    0,    0,    0,    0,    0,    0,    0,    0,    0,    0,    0,    0,    0,    0,    0,    3,    0,    0,    0,    0,    0,    0,    0,
       0,    0,    0,    0,    0,    0,    0,    0,    0,  -19,    0,    0,    0,  -14,    0,    0,    0,    0,    0,    0,    0,    0,    0,    0,    0,    0,    0,    0,    0,    0,    0,    0,    0,    0,    0,    0,    0,    0,    0,    0,    0,    0,    0,    0,    0,    0,    0,    0,    0,    0,    0,    0,    0,    0,    0,    0,    0,
       0,    0,    0,    0,    0,    0,    0,    0,    0,  -28,    0,  -21,    0,  -14,    0,    0,    0,    0,    0,    0,    0,    0,    0,    0,    0,    0,    0,    0,    0,    0,    0,    0,    0,    0,    0,    0,    0,    0,    0,    0,    0,    0,    0,    0,    0,    0,    0,    0,    0,    0,    0,    0,    0,    0,    0,    0,    0,
       0,    0,    0,    0,    0,    0,    0,    0,    0,    0,    0,    0,    0,    0,    0,    0,    0,    0,    0,    0,    0,    0,    0,    0,    0,    0,    0,    0,    0,    0,    0,    0,    0,    0,    0,    1,    0,    0,    0,    0,    0,    0,    0,    0,    0,    0,    0,    0,    0,    0,    0,    0,    0,    0,    0,    0,    0,
       0,    0,    0,    0,    0,    0,    0,    0,    0,    0,    0,    0,    0,    0,    0,    0,    0,    0,    0,    0,    0,    0,    0,    0,    0,    0,    0,    0,    0,    0,    0,    0,    0,    0,    0,    2,    0,    0,    0,    0,    0,    0,    0,    0,    0,    0,    0,    0,    0,    0,    0,    0,    0,    0,    0,    0,    0,
       0,    0,    0,    0,    0,    0,    0,    0,    0,    0,    0,    0,    0,    0,    0,    0,    0,    0,    0,    0,    0,    0,   -7,    0,    0,    0,    0,    0,    0,    0,    0,    0,    0,    0,    0,    0,    0,    0,    0,    0,    0,    0,    0,    0,    0,    0,    0,    0,    0,    3,    0,    0,    0,    0,    0,    0,    0,
};

static const EpdLigaturePair quicksand_14_italicLigaturePairs[] = {
    { 0x00660069, 0xFB01 }, // f i -> U+FB01
    { 0x0066006C, 0xFB02 }, // f l -> U+FB02
};

static const EpdFontData quicksand_14_italic = {
    quicksand_14_italicBitmaps,
    quicksand_14_italicGlyphs,
    quicksand_14_italicIntervals,
    57,
    36,
    30,
    -8,
    true,
    quicksand_14_italicGroups,
    11,
    nullptr,
    quicksand_14_italicKernLeftClasses,
    quicksand_14_italicKernRightClasses,
    quicksand_14_italicKernMatrix,
    228,
    167,
    78,
    57,
    quicksand_14_italicLigaturePairs,
    2,
};
