/**
 * generated by fontconvert.py
 * name: quicksand_8_regular
 * size: 8
 * mode: 1-bit
 * Command used: fontconvert.py quicksand_8_regular 8 ../builtinFonts/source/Quicksand/Quicksand-Regular.ttf
 */
#pragma once
#include "EpdFontData.h"

static const uint8_t quicksand_8_regularBitmaps[8222] = {
    0x49, 0x24, 0x92, 0x41, 0x30, 0x6D, 0xB4, 0xF2, 0xC8, 0x18, 0x83, 0x10, 0x66, 0x3F, 0xF7, 0xFC,
    0x23, 0x0C, 0x41, 0x98, 0xFF, 0xC6, 0x60, 0x8C, 0x11, 0x80, 0x00, 0x06, 0x03, 0x07, 0xE7, 0xFB,
    0x6D, 0xB0, 0xD8, 0x3C, 0x0F, 0x83, 0xE1, 0xB4, 0xDF, 0x7D, 0xFC, 0x18, 0x0C, 0x00, 0x00, 0x78,
    0x63, 0xC2, 0x33, 0x31, 0x9B, 0x04, 0xD0, 0x3D, 0x80, 0xDB, 0xC0, 0x96, 0x0D, 0x98, 0xCC, 0xC6,
    0x64, 0x61, 0xE0, 0x00, 0x00, 0x1F, 0x07, 0x70, 0xC2, 0x18, 0x03, 0x00, 0xF0, 0x1B, 0x16, 0x32,
    0xC3, 0xD8, 0x39, 0x8F, 0x9F, 0xB0, 0x80, 0x6D, 0x6C, 0x0C, 0x73, 0x0C, 0x61, 0x84, 0x10, 0x41,
    0x06, 0x18, 0x30, 0x60, 0xC0, 0xC1, 0x83, 0x06, 0x18, 0x20, 0xC3, 0x0C, 0x31, 0x86, 0x31, 0xCE,
    0x00, 0x27, 0xDF, 0xFA, 0x90, 0x08, 0x06, 0x03, 0x01, 0x87, 0xF8, 0x60, 0x30, 0x18, 0x08, 0x00,
    0x1D, 0xE0, 0x7D, 0xE0, 0x48, 0x00, 0x00, 0xC0, 0xC0, 0x60, 0x60, 0x30, 0x30, 0x18, 0x18, 0x0C,
    0x0C, 0x06, 0x06, 0x03, 0x03, 0x01, 0x80, 0x00, 0x00, 0x1E, 0x1F, 0x98, 0x6C, 0x34, 0x1A, 0x05,
    0x02, 0x83, 0x61, 0xB0, 0xCC, 0xC7, 0xE0, 0x80, 0x1B, 0xFE, 0x31, 0x8C, 0x63, 0x18, 0xC6, 0x30,
    0x3E, 0x3F, 0x98, 0xC0, 0x20, 0x30, 0x18, 0x18, 0x18, 0x1C, 0x1C, 0x1C, 0x0F, 0xF0, 0x7F, 0x7F,
    0x0E, 0x1C, 0x1C, 0x3E, 0x03, 0x03, 0x03, 0x03, 0x67, 0x7E, 0x10, 0x06, 0x03, 0x03, 0x83, 0xC3,
    0x63, 0xB1, 0x99, 0xFE, 0xFF, 0x03, 0x01, 0x80, 0xC0, 0x7E, 0xFE, 0xC0, 0xC0, 0xFC, 0xFE, 0x06,
    0x02, 0x02, 0x06, 0xCE, 0xFC, 0x00, 0x00, 0x07, 0x07, 0x07, 0x03, 0x03, 0x61, 0xFC, 0xC6, 0x61,
    0xA0, 0xD8, 0x6C, 0x63, 0xE0, 0x40, 0x7F, 0x3F, 0x80, 0xC0, 0x40, 0x60, 0x30, 0x30, 0x18, 0x18,
    0x0C, 0x0C, 0x06, 0x00, 0x00, 0x1C, 0x3F, 0x98, 0xCC, 0x66, 0x31, 0xF0, 0xF8, 0xC6, 0x41, 0x20,
    0x98, 0xC7, 0xC0, 0x00, 0x3E, 0x3F, 0x98, 0x48, 0x34, 0x1B, 0x1D, 0xFC, 0x7E, 0x03, 0x03, 0x03,
    0x07, 0x00, 0x00, 0x4C, 0x00, 0x02, 0x60, 0x6C, 0x00, 0x00, 0x6F, 0x80, 0x03, 0x0F, 0x1C, 0x70,
    0xE0, 0x70, 0x1C, 0x07, 0x03, 0x7F, 0x7F, 0x00, 0x7F, 0x7F, 0xC0, 0xE0, 0x38, 0x0E, 0x07, 0x1E,
    0x38, 0xE0, 0x80, 0x18, 0x7E, 0x67, 0x03, 0x03, 0x03, 0x0E, 0x1C, 0x18, 0x18, 0x00, 0x18, 0x18,
    0x03, 0xF8, 0x0F, 0x1C, 0x18, 0x06, 0x31, 0xD2, 0x63, 0xF3, 0x46, 0x33, 0x4C, 0x33, 0xCC, 0x32,
    0xCC, 0x66, 0xCC, 0xE6, 0x47, 0xBC, 0x60, 0x00, 0x70, 0x00, 0x3C, 0xE0, 0x0F, 0xC0, 0x04, 0x01,
    0xC0, 0x38, 0x0D, 0x01, 0xB0, 0x26, 0x0C, 0x61, 0xFC, 0x7F, 0x8C, 0x1B, 0x03, 0x60, 0x30, 0x00,
    0xFE, 0x3F, 0xCC, 0x1B, 0x06, 0xC1, 0xBF, 0xCF, 0xFB, 0x06, 0xC0, 0xB0, 0x2C, 0x3B, 0xFC, 0x0F,
    0xC7, 0xFC, 0xC0, 0x30, 0x06, 0x01, 0x80, 0x30, 0x02, 0x00, 0x60, 0x0C, 0x00, 0xE3, 0x8F, 0xE0,
    0x20, 0xFF, 0x1F, 0xF3, 0x07, 0x60, 0x6C, 0x05, 0x80, 0xF0, 0x1E, 0x02, 0xC0, 0xD8, 0x1B, 0x0E,
    0x7F, 0x80, 0xFF, 0xFF, 0xC0, 0xC0, 0xC0, 0xFE, 0xFE, 0xC0, 0xC0, 0xC0, 0xC0, 0xFF, 0xFF, 0xFF,
    0xC0, 0xC0, 0xC0, 0xFE, 0xFE, 0xC0, 0xC0, 0xC0, 0xC0, 0xC0, 0x0F, 0xC7, 0xF8, 0xC0, 0x30, 0x06,
    0x01, 0x80, 0x30, 0xFA, 0x03, 0x60, 0x6E, 0x0C, 0xE3, 0x8F, 0xE0, 0x20, 0xC0, 0xF0, 0x3C, 0x0F,
    0x03, 0xC0, 0xFF, 0xFF, 0xFF, 0x03, 0xC0, 0xF0, 0x3C, 0x0F, 0x03, 0xFF, 0xFF, 0xFF, 0x02, 0x04,
    0x08, 0x10, 0x20, 0x40, 0x81, 0x03, 0x0F, 0x1B, 0xE1, 0x00, 0xC0, 0xB0, 0x6C, 0x33, 0x18, 0xCC,
    0x36, 0x0F, 0xC3, 0x98, 0xC7, 0x30, 0xCC, 0x1B, 0x03, 0x00, 0x00, 0xC0, 0xC0, 0xC0, 0xC0, 0xC0,
    0xC0, 0xC0, 0xC0, 0xC0, 0xC0, 0xC0, 0xFF, 0xC0, 0x2E, 0x07, 0xE0, 0x7F, 0x0F, 0xD9, 0xBD, 0x9B,
    0xCF, 0x3C, 0x63, 0xC4, 0x3C, 0x03, 0xC0, 0x3C, 0x03, 0xC0, 0xF8, 0x3E, 0x0F, 0xC3, 0xD8, 0xF3,
    0x3C, 0xCF, 0x1B, 0xC3, 0xF0, 0xFC, 0x1F, 0x03, 0x0F, 0x83, 0xFE, 0x70, 0x66, 0x03, 0x40, 0x3C,
    0x03, 0xC0, 0x14, 0x03, 0x60, 0x36, 0x07, 0x38, 0xE1, 0xFC, 0x02, 0x00, 0xFE, 0x7F, 0xB0, 0x58,
    0x3C, 0x16, 0x1B, 0xF9, 0x80, 0xC0, 0x60, 0x30, 0x18, 0x00, 0x0F, 0x80, 0xFF, 0x87, 0x06, 0x18,
    0x0C, 0x40, 0x33, 0x00, 0xCC, 0x01, 0x10, 0x0C, 0x60, 0x31, 0x81, 0xC3, 0x8E, 0x07, 0xF0, 0x0F,
    0x00, 0x7E, 0x70, 0x1F, 0x80, 0xFF, 0x3F, 0xEC, 0x1B, 0x06, 0xC1, 0xB0, 0xEF, 0xF3, 0x0E, 0xC1,
    0xB0, 0x6C, 0x1B, 0x03, 0x3F, 0x3F, 0xD8, 0x6C, 0x06, 0x01, 0xE0, 0x7C, 0x07, 0x01, 0xA0, 0xF8,
    0xEF, 0xE0, 0x80, 0xFF, 0xDF, 0xE0, 0xC0, 0x30, 0x0C, 0x03, 0x00, 0xC0, 0x30, 0x0C, 0x03, 0x00,
    0xC0, 0x30, 0xC0, 0xF0, 0x3C, 0x0F, 0x03, 0xC0, 0xF0, 0x3C, 0x0F, 0x03, 0xC0, 0xD8, 0x67, 0x38,
    0xFC, 0x08, 0x00, 0xC0, 0x78, 0x0D, 0x83, 0x30, 0x63, 0x08, 0x63, 0x04, 0x60, 0xD8, 0x1B, 0x01,
    0xC0, 0x38, 0x02, 0x00, 0xC0, 0x03, 0xC0, 0x03, 0x60, 0x02, 0x61, 0x86, 0x61, 0x86, 0x33, 0xC4,
    0x33, 0xCC, 0x36, 0x6C, 0x1E, 0x68, 0x1C, 0x38, 0x1C, 0x38, 0x0C, 0x30, 0xC0, 0xD8, 0x76, 0x18,
    0xCC, 0x1E, 0x03, 0x80, 0xC0, 0x78, 0x33, 0x0C, 0xE6, 0x1B, 0x03, 0x00, 0x00, 0xC0, 0xB0, 0x66,
    0x30, 0xDC, 0x3E, 0x07, 0x00, 0xC0, 0x30, 0x0C, 0x03, 0x00, 0xC0, 0x30, 0x7F, 0xDF, 0xF0, 0x18,
    0x0E, 0x03, 0x01, 0x80, 0xC0, 0x70, 0x18, 0x0C, 0x06, 0x01, 0xFF, 0xFB, 0xEC, 0x30, 0xC3, 0x0C,
    0x30, 0xC3, 0x0C, 0x30, 0xC3, 0x0F, 0x9E, 0x80, 0x60, 0x30, 0x0C, 0x06, 0x01, 0x80, 0xC0, 0x30,
    0x18, 0x06, 0x01, 0x00, 0xC0, 0x20, 0x18, 0x04, 0x03, 0x00, 0x00, 0xFD, 0xF0, 0xC3, 0x0C, 0x30,
    0xC3, 0x0C, 0x30, 0xC3, 0x0C, 0x3F, 0xDE, 0x08, 0x1C, 0x3C, 0x36, 0x66, 0x63, 0x41, 0x7F, 0xCF,
    0xF8, 0xCC, 0x80, 0x1E, 0x9F, 0xD8, 0x68, 0x3C, 0x1A, 0x0D, 0x86, 0xE7, 0x3F, 0x84, 0x00, 0x80,
    0x60, 0x30, 0x18, 0x0F, 0xC7, 0xFB, 0x0D, 0x83, 0xC1, 0xE0, 0xF0, 0xDC, 0x6F, 0xE0, 0x40, 0x1F,
    0x1F, 0x98, 0x08, 0x0C, 0x02, 0x01, 0x80, 0xE2, 0x3F, 0x06, 0x00, 0x00, 0x80, 0xC0, 0x60, 0x31,
    0xF9, 0xFD, 0x86, 0x83, 0xC1, 0xA0, 0xD8, 0x6E, 0x73, 0xF8, 0x40, 0x1E, 0x1F, 0x98, 0x6F, 0xFF,
    0xFE, 0x01, 0x80, 0xE3, 0x3F, 0x02, 0x00, 0x08, 0xF3, 0x0C, 0xFF, 0xF3, 0x0C, 0x30, 0xC3, 0x0C,
    0x30, 0x1E, 0x8F, 0xE6, 0x19, 0x02, 0xC0, 0x90, 0x26, 0x19, 0xCE, 0x3F, 0x82, 0x62, 0x18, 0xFC,
    0x1C, 0x00, 0x80, 0xC0, 0xC0, 0xC0, 0xDC, 0xFE, 0xC2, 0xC3, 0xC3, 0xC3, 0xC3, 0xC3, 0xC3, 0x33,
    0xFF, 0xFF, 0x03, 0x03, 0x33, 0x33, 0x33, 0x33, 0x33, 0xE4, 0x80, 0xC0, 0xC0, 0xC0, 0xC2, 0xC6,
    0xDC, 0xF8, 0xF0, 0xF8, 0xCC, 0xC6, 0xC2, 0xBF, 0xFF, 0xFF, 0xC0, 0xBC, 0xF7, 0xFF, 0xF1, 0xC7,
    0x84, 0x1C, 0x20, 0xE1, 0x07, 0x08, 0x38, 0x41, 0xC2, 0x08, 0xBC, 0xFE, 0xC3, 0xC3, 0xC3, 0xC3,
    0xC3, 0xC3, 0xC3, 0x1E, 0x0F, 0xC6, 0x19, 0x02, 0xC0, 0xD0, 0x36, 0x19, 0xCE, 0x3F, 0x03, 0x00,
    0x9C, 0x7F, 0x30, 0xD8, 0x2C, 0x1E, 0x0F, 0x05, 0xC6, 0xFE, 0x60, 0x30, 0x18, 0x08, 0x00, 0x1E,
    0x9F, 0xD8, 0x68, 0x3C, 0x1A, 0x0D, 0x86, 0xE7, 0x3F, 0x84, 0xC0, 0x60, 0x30, 0x08, 0xBB, 0xEC,
    0x30, 0xC3, 0x0C, 0x30, 0xC0, 0x3C, 0x7E, 0x40, 0x60, 0x3C, 0x0E, 0x02, 0xE6, 0x7E, 0x08, 0x20,
    0x8F, 0xBE, 0x20, 0x82, 0x08, 0x20, 0x83, 0x80, 0x82, 0xC3, 0xC3, 0xC3, 0xC3, 0xC3, 0xC2, 0xC6,
    0x7C, 0x00, 0xC1, 0x60, 0x98, 0xCC, 0x43, 0x61, 0xB0, 0x70, 0x38, 0x18, 0x00, 0x00, 0xC0, 0x1C,
    0x03, 0x66, 0x36, 0x72, 0x67, 0x63, 0xD6, 0x39, 0xC3, 0x9C, 0x18, 0xC0, 0x00, 0xC3, 0xE7, 0x66,
    0x3C, 0x18, 0x3C, 0x3C, 0x66, 0xC3, 0x00, 0xC2, 0xC3, 0xC3, 0xC3, 0xC3, 0xC3, 0xC3, 0xC7, 0x7F,
    0x12, 0x06, 0xFC, 0x38, 0x7E, 0x7E, 0x06, 0x0C, 0x18, 0x30, 0x30, 0x60, 0xFE, 0x0E, 0x38, 0x41,
    0x83, 0x06, 0x0C, 0x70, 0x70, 0x60, 0xC1, 0x83, 0x03, 0x07, 0x82, 0x3F, 0xFF, 0xFF, 0xFF, 0xC0,
    0xE0, 0xE0, 0x60, 0xC1, 0x83, 0x06, 0x07, 0x0C, 0x30, 0x60, 0xC1, 0x86, 0x1C, 0x20, 0x72, 0xFD,
    0x38, 0x4C, 0x24, 0x92, 0x49, 0x20, 0x08, 0x0C, 0x3F, 0x6D, 0x6C, 0xCC, 0xCC, 0x4C, 0x6C, 0x3F,
    0x1E, 0x0C, 0x1F, 0x07, 0xF0, 0xC2, 0x18, 0x03, 0x00, 0xFE, 0x1F, 0xC1, 0x80, 0x10, 0x02, 0x00,
    0xE0, 0x7F, 0xF4, 0x38, 0x00, 0x7F, 0x7E, 0x66, 0x66, 0x7E, 0x7F, 0x00, 0xC0, 0xB0, 0x66, 0x30,
    0xCC, 0x3E, 0x07, 0x07, 0xF0, 0xFC, 0x7F, 0x1F, 0xC0, 0xC0, 0x30, 0x3F, 0xFE, 0x0F, 0xFF, 0xC0,
    0x1E, 0x1F, 0x98, 0x0C, 0x03, 0xC3, 0xF9, 0x8C, 0xC2, 0x7B, 0x1F, 0x01, 0xC0, 0x6E, 0x33, 0xF0,
    0x70, 0xDE, 0xC0, 0x0F, 0x81, 0xEF, 0x0C, 0x0C, 0xDF, 0x24, 0xC9, 0xEC, 0x0F, 0x60, 0x6B, 0x03,
    0x6F, 0x93, 0x39, 0x8E, 0x18, 0x3F, 0x80, 0x00, 0x00, 0x7B, 0x7C, 0xF3, 0xFD, 0xE0, 0x32, 0xED,
    0xB6, 0xCC, 0xCD, 0xCD, 0x80, 0x7F, 0xC0, 0x10, 0x04, 0x01, 0x00, 0x40, 0x7D, 0xE0, 0x3E, 0x33,
    0x97, 0x5B, 0xBD, 0xDA, 0xA9, 0xDC, 0x7C, 0x7D, 0xF0, 0x73, 0x6C, 0xB2, 0x78, 0x00, 0x08, 0x18,
    0x7F, 0x7F, 0x18, 0x08, 0x00, 0x7F, 0x33, 0xD6, 0x66, 0x3C, 0x73, 0xCC, 0xF1, 0xB8, 0x80, 0x7A,
    0x00, 0xC2, 0xC2, 0xC2, 0xC2, 0xC2, 0xC2, 0xC6, 0xC6, 0xFE, 0xD0, 0xC0, 0xC0, 0x3F, 0xBF, 0xDF,
    0xBF, 0xDF, 0xEB, 0xF5, 0xFA, 0x3D, 0x06, 0x83, 0x41, 0xA0, 0xD1, 0xC0, 0x6C, 0x2F, 0x20, 0x1F,
    0x92, 0x40, 0x7B, 0x6C, 0xF3, 0x78, 0xC0, 0xC8, 0x6C, 0x76, 0x36, 0x36, 0x6C, 0xCC, 0x00, 0x20,
    0x0C, 0x19, 0x82, 0x10, 0xC2, 0x30, 0x44, 0x01, 0x80, 0x62, 0x08, 0xC3, 0x38, 0xCF, 0x19, 0xF6,
    0x04, 0x00, 0x00, 0x20, 0x0C, 0x19, 0x86, 0x10, 0xC2, 0x30, 0x4C, 0x01, 0x80, 0x6E, 0x19, 0xE3,
    0x0C, 0xC3, 0x30, 0xC6, 0x3E, 0x00, 0x00, 0x70, 0x47, 0x8C, 0x31, 0x87, 0x98, 0x1B, 0x07, 0x60,
    0x26, 0x00, 0xC6, 0x08, 0xE1, 0x9E, 0x31, 0xF2, 0x06, 0x00, 0x00, 0x00, 0x18, 0x08, 0x00, 0x08,
    0x08, 0x38, 0x70, 0x40, 0xC0, 0xC0, 0x67, 0x3E, 0x00, 0x18, 0x03, 0x80, 0x00, 0x02, 0x00, 0xE0,
    0x1C, 0x06, 0x80, 0xD8, 0x13, 0x06, 0x30, 0xFE, 0x3F, 0xC6, 0x0D, 0x81, 0xB0, 0x18, 0x00, 0x03,
    0x00, 0xE0, 0x00, 0x02, 0x00, 0xE0, 0x1C, 0x06, 0x80, 0xD8, 0x13, 0x06, 0x30, 0xFE, 0x3F, 0xC6,
    0x0D, 0x81, 0xB0, 0x18, 0x00, 0x0E, 0x03, 0xE0, 0x00, 0x02, 0x00, 0xE0, 0x1C, 0x06, 0x80, 0xD8,
    0x13, 0x06, 0x30, 0xFE, 0x3F, 0xC6, 0x0D, 0x81, 0xB0, 0x18, 0x00, 0x1D, 0x03, 0xE0, 0x00, 0x02,
    0x00, 0xE0, 0x1C, 0x06, 0x80, 0xD8, 0x13, 0x06, 0x30, 0xFE, 0x3F, 0xC6, 0x0D, 0x81, 0xB0, 0x18,
    0x00, 0x1B, 0x03, 0x60, 0x00, 0x02, 0x00, 0xE0, 0x1C, 0x06, 0x80, 0xD8, 0x13, 0x06, 0x30, 0xFE,
    0x3F, 0xC6, 0x0D, 0x81, 0xB0, 0x18, 0x00, 0x04, 0x01, 0xC0, 0x68, 0x07, 0x00, 0xE0, 0x1C, 0x06,
    0x80, 0xD8, 0x13, 0x06, 0x30, 0xFE, 0x3F, 0xC6, 0x0D, 0x81, 0xB0, 0x18, 0x00, 0x01, 0xFE, 0x03,
    0xF8, 0x0E, 0x00, 0x3C, 0x00, 0xF8, 0x01, 0xBF, 0x86, 0x7F, 0x18, 0xC0, 0x3F, 0x80, 0xFF, 0x03,
    0x06, 0x06, 0x0F, 0xF0, 0x00, 0x00, 0x0F, 0xC7, 0xFC, 0xC0, 0x30, 0x06, 0x01, 0x80, 0x30, 0x02,
    0x00, 0x60, 0x0C, 0x00, 0xE3, 0x8F, 0xE0, 0x60, 0x0C, 0x01, 0x00, 0x30, 0x38, 0x00, 0xFF, 0xFF,
    0xC0, 0xC0, 0xC0, 0xFE, 0xFE, 0xC0, 0xC0, 0xC0, 0xC0, 0xFF, 0x06, 0x0C, 0x00, 0xFF, 0xFF, 0xC0,
    0xC0, 0xC0, 0xFE, 0xFE, 0xC0, 0xC0, 0xC0, 0xC0, 0xFF, 0x1C, 0x3E, 0x00, 0xFF, 0xFF, 0xC0, 0xC0,
    0xC0, 0xFE, 0xFE, 0xC0, 0xC0, 0xC0, 0xC0, 0xFF, 0x34, 0x36, 0x00, 0xFF, 0xFF, 0xC0, 0xC0, 0xC0,
    0xFE, 0xFE, 0xC0, 0xC0, 0xC0, 0xC0, 0xFF, 0xE7, 0x03, 0x33, 0x33, 0x33, 0x33, 0x33, 0x30, 0x36,
    0x0C, 0xCC, 0xCC, 0xCC, 0xCC, 0xCC, 0xC0, 0x67, 0x80, 0xC6, 0x31, 0x8C, 0x63, 0x18, 0xC6, 0x31,
    0x80, 0x49, 0xB0, 0x0C, 0x30, 0xC3, 0x0C, 0x30, 0xC3, 0x0C, 0x30, 0xC3, 0x00, 0x7F, 0x87, 0xFC,
    0x60, 0xE6, 0x06, 0x60, 0x26, 0x03, 0xF0, 0x36, 0x02, 0x60, 0x66, 0x06, 0x61, 0xC7, 0xF8, 0x19,
    0x0F, 0xC0, 0x03, 0x03, 0xE0, 0xF8, 0x3F, 0x0F, 0x63, 0xCC, 0xF3, 0x3C, 0x6F, 0x0F, 0xC3, 0xF0,
    0x7C, 0x0C, 0x0C, 0x00, 0xE0, 0x00, 0x00, 0xF8, 0x3F, 0xE7, 0x06, 0x60, 0x34, 0x03, 0xC0, 0x3C,
    0x01, 0x40, 0x36, 0x03, 0x60, 0x73, 0x8E, 0x1F, 0xC0, 0x20, 0x01, 0x80, 0x38, 0x00, 0x00, 0xF8,
    0x3F, 0xE7, 0x06, 0x60, 0x34, 0x03, 0xC0, 0x3C, 0x01, 0x40, 0x36, 0x03, 0x60, 0x73, 0x8E, 0x1F,
    0xC0, 0x20, 0x07, 0x00, 0xF8, 0x00, 0x00, 0xF8, 0x3F, 0xE7, 0x06, 0x60, 0x34, 0x03, 0xC0, 0x3C,
    0x01, 0x40, 0x36, 0x03, 0x60, 0x73, 0x8E, 0x1F, 0xC0, 0x20, 0x0E, 0x80, 0xF8, 0x00, 0x00, 0xF8,
    0x3F, 0xE7, 0x06, 0x60, 0x34, 0x03, 0xC0, 0x3C, 0x01, 0x40, 0x36, 0x03, 0x60, 0x73, 0x8E, 0x1F,
    0xC0, 0x20, 0x0D, 0x80, 0xD8, 0x00, 0x00, 0xF8, 0x3F, 0xE7, 0x06, 0x60, 0x34, 0x03, 0xC0, 0x3C,
    0x01, 0x40, 0x36, 0x03, 0x60, 0x73, 0x8E, 0x1F, 0xC0, 0x20, 0x42, 0xCC, 0xF0, 0xC3, 0xCC, 0xD0,
    0x80, 0x00, 0x00, 0xFB, 0x3F, 0xE7, 0x0E, 0x60, 0xF4, 0x1B, 0xC3, 0x3C, 0x61, 0x4C, 0x37, 0x83,
    0x78, 0x73, 0x8E, 0x7F, 0xC4, 0x20, 0x30, 0x06, 0x00, 0x03, 0x03, 0xC0, 0xF0, 0x3C, 0x0F, 0x03,
    0xC0, 0xF0, 0x3C, 0x0F, 0x03, 0x61, 0x9C, 0xE3, 0xF0, 0x20, 0x03, 0x03, 0x80, 0x03, 0x03, 0xC0,
    0xF0, 0x3C, 0x0F, 0x03, 0xC0, 0xF0, 0x3C, 0x0F, 0x03, 0x61, 0x9C, 0xE3, 0xF0, 0x20, 0x0C, 0x07,
    0x80, 0x03, 0x03, 0xC0, 0xF0, 0x3C, 0x0F, 0x03, 0xC0, 0xF0, 0x3C, 0x0F, 0x03, 0x61, 0x9C, 0xE3,
    0xF0, 0x20, 0x12, 0x0F, 0x80, 0x03, 0x03, 0xC0, 0xF0, 0x3C, 0x0F, 0x03, 0xC0, 0xF0, 0x3C, 0x0F,
    0x03, 0x61, 0x9C, 0xE3, 0xF0, 0x20, 0x06, 0x03, 0x80, 0x03, 0x02, 0xC1, 0x98, 0xC3, 0x70, 0xF8,
    0x1C, 0x03, 0x00, 0xC0, 0x30, 0x0C, 0x03, 0x00, 0xC0, 0x40, 0x60, 0x30, 0x1F, 0xCC, 0x76, 0x1B,
    0x05, 0x86, 0xFF, 0x7F, 0x30, 0x18, 0x0C, 0x00, 0x04, 0x07, 0xC3, 0x30, 0x84, 0xE3, 0x39, 0xC6,
    0x39, 0x86, 0x60, 0xD8, 0x36, 0x0D, 0x86, 0x6F, 0x01, 0x00, 0x10, 0x0C, 0x03, 0x03, 0xD3, 0xFB,
    0x0D, 0x07, 0x83, 0x41, 0xB0, 0xDC, 0xE7, 0xF0, 0x80, 0x06, 0x03, 0x03, 0x03, 0xD3, 0xFB, 0x0D,
    0x07, 0x83, 0x41, 0xB0, 0xDC, 0xE7, 0xF0, 0x80, 0x0C, 0x0F, 0x04, 0x83, 0xD3, 0xFB, 0x0D, 0x07,
    0x83, 0x41, 0xB0, 0xDC, 0xE7, 0xF0, 0x80, 0x1B, 0x1F, 0x80, 0x03, 0xD3, 0xFB, 0x0D, 0x07, 0x83,
    0x41, 0xB0, 0xDC, 0xE7, 0xF0, 0x80, 0x12, 0x1B, 0x00, 0x03, 0xD3, 0xFB, 0x0D, 0x07, 0x83, 0x41,
    0xB0, 0xDC, 0xE7, 0xF0, 0x80, 0x0C, 0x0F, 0x07, 0x83, 0x81, 0xE9, 0xFD, 0x86, 0x83, 0xC1, 0xA0,
    0xD8, 0x6E, 0x73, 0xF8, 0x40, 0x3E, 0xF0, 0xFF, 0xF9, 0x0C, 0x30, 0x7F, 0xF3, 0xFF, 0xCC, 0x60,
    0x30, 0xC0, 0x33, 0xC6, 0x7C, 0xFC, 0x20, 0x40, 0x1F, 0x1F, 0x98, 0x08, 0x0C, 0x02, 0x01, 0x80,
    0xE2, 0x3F, 0x06, 0x06, 0x02, 0x00, 0x10, 0x0C, 0x02, 0x03, 0xC3, 0xF3, 0x0D, 0xFF, 0xFF, 0xC0,
    0x30, 0x1C, 0x67, 0xE0, 0x40, 0x06, 0x06, 0x02, 0x03, 0xC3, 0xF3, 0x0D, 0xFF, 0xFF, 0xC0, 0x30,
    0x1C, 0x67, 0xE0, 0x40, 0x0C, 0x0F, 0x00, 0x83, 0xC3, 0xF3, 0x0D, 0xFF, 0xFF, 0xC0, 0x30, 0x1C,
    0x67, 0xE0, 0x40, 0x16, 0x1B, 0x00, 0x03, 0xC3, 0xF3, 0x0D, 0xFF, 0xFF, 0xC0, 0x30, 0x1C, 0x67,
    0xE0, 0x40, 0x46, 0x23, 0x33, 0x33, 0x33, 0x33, 0x7A, 0x6D, 0xB6, 0xDB, 0x60, 0x33, 0xC2, 0x63,
    0x18, 0xC6, 0x31, 0x8C, 0x60, 0x5E, 0xC0, 0x63, 0x18, 0xC6, 0x31, 0x8C, 0x60, 0x10, 0x0E, 0x83,
    0xC3, 0xE1, 0xF1, 0xFD, 0x86, 0x83, 0xC1, 0xA0, 0xD8, 0x6E, 0x63, 0xE0, 0x00, 0x36, 0x7E, 0x00,
    0xBC, 0xFE, 0xC3, 0xC3, 0xC3, 0xC3, 0xC3, 0xC3, 0xC3, 0x10, 0x06, 0x00, 0xC0, 0x78, 0x3F, 0x18,
    0x64, 0x0B, 0x03, 0x40, 0xD8, 0x67, 0x38, 0xFC, 0x0C, 0x00, 0x06, 0x01, 0x80, 0xC0, 0x78, 0x3F,
    0x18, 0x64, 0x0B, 0x03, 0x40, 0xD8, 0x67, 0x38, 0xFC, 0x0C, 0x00, 0x0C, 0x07, 0x81, 0x20, 0x78,
    0x3F, 0x18, 0x64, 0x0B, 0x03, 0x40, 0xD8, 0x67, 0x38, 0xFC, 0x0C, 0x00, 0x1B, 0x0F, 0xC0, 0x00,
    0x78, 0x3F, 0x18, 0x64, 0x0B, 0x03, 0x40, 0xD8, 0x67, 0x38, 0xFC, 0x0C, 0x00, 0x12, 0x07, 0x80,
    0x00, 0x78, 0x3F, 0x18, 0x64, 0x0B, 0x03, 0x40, 0xD8, 0x67, 0x38, 0xFC, 0x0C, 0x00, 0x00, 0x06,
    0x02, 0x00, 0x07, 0xF8, 0x00, 0x20, 0x18, 0x00, 0x00, 0x00, 0x07, 0xA3, 0xF9, 0x8E, 0x46, 0xB3,
    0x35, 0x8D, 0xE6, 0x73, 0x9F, 0xC4, 0xC0, 0x20, 0x30, 0x10, 0x82, 0xC3, 0xC3, 0xC3, 0xC3, 0xC3,
    0xC2, 0xC6, 0x7C, 0x00, 0x0C, 0x18, 0x10, 0x82, 0xC3, 0xC3, 0xC3, 0xC3, 0xC3, 0xC2, 0xC6, 0x7C,
    0x00, 0x18, 0x3C, 0x04, 0x82, 0xC3, 0xC3, 0xC3, 0xC3, 0xC3, 0xC2, 0xC6, 0x7C, 0x00, 0x2C, 0x6C,
    0x00, 0x82, 0xC3, 0xC3, 0xC3, 0xC3, 0xC3, 0xC2, 0xC6, 0x7C, 0x00, 0x0C, 0x18, 0x10, 0xC2, 0xC3,
    0xC3, 0xC3, 0xC3, 0xC3, 0xC3, 0xC7, 0x7F, 0x12, 0x06, 0xFC, 0x38, 0x80, 0x60, 0x30, 0x18, 0x0D,
    0xC7, 0xF3, 0x0D, 0x82, 0xC1, 0xE0, 0xF0, 0x5C, 0x6F, 0xE6, 0x03, 0x01, 0x80, 0x80, 0x00, 0x2C,
    0x6C, 0x00, 0xC2, 0xC3, 0xC3, 0xC3, 0xC3, 0xC3, 0xC3, 0xC7, 0x7F, 0x12, 0x06, 0xFC, 0x38, 0x1F,
    0x03, 0xE0, 0x00, 0x02, 0x00, 0xE0, 0x1C, 0x06, 0x80, 0xD8, 0x13, 0x06, 0x30, 0xFE, 0x3F, 0xC6,
    0x0D, 0x81, 0xB0, 0x18, 0x00, 0x3F, 0x1F, 0x07, 0xA7, 0xF6, 0x1A, 0x0F, 0x06, 0x83, 0x61, 0xB9,
    0xCF, 0xE1, 0x00, 0x11, 0x03, 0x60, 0x38, 0x00, 0x00, 0x40, 0x1C, 0x03, 0x80, 0xD0, 0x1B, 0x02,
    0x60, 0xC6, 0x1F, 0xC7, 0xF8, 0xC1, 0xB0, 0x36, 0x03, 0x00, 0x00, 0x32, 0x1B, 0x07, 0x80, 0x01,
    0xE9, 0xFD, 0x86, 0x83, 0xC1, 0xA0, 0xD8, 0x6E, 0x73, 0xF8, 0x40, 0x04, 0x01, 0xC0, 0x38, 0x0D,
    0x01, 0xB0, 0x26, 0x0C, 0x61, 0xFC, 0x7F, 0x8C, 0x1B, 0x03, 0x60, 0x30, 0x0C, 0x03, 0x00, 0x38,
    0x02, 0x1E, 0x8F, 0xE6, 0x19, 0x06, 0xC1, 0x90, 0x66, 0x19, 0xCE, 0x3F, 0x82, 0xC0, 0x30, 0x0F,
    0x01, 0x00, 0x01, 0x80, 0x70, 0x00, 0x07, 0xE3, 0xFE, 0x60, 0x18, 0x03, 0x00, 0xC0, 0x18, 0x01,
    0x00, 0x30, 0x06, 0x00, 0x71, 0xC7, 0xF0, 0x10, 0x06, 0x03, 0x03, 0x03, 0xE3, 0xF3, 0x01, 0x01,
    0x80, 0x40, 0x30, 0x1C, 0x47, 0xE0, 0xC0, 0x07, 0x01, 0xF0, 0x00, 0x07, 0xE3, 0xFE, 0x60, 0x18,
    0x03, 0x00, 0xC0, 0x18, 0x01, 0x00, 0x30, 0x06, 0x00, 0x71, 0xC7, 0xF0, 0x10, 0x0C, 0x0F, 0x04,
    0x83, 0xE3, 0xF3, 0x01, 0x01, 0x80, 0x40, 0x30, 0x1C, 0x47, 0xE0, 0xC0, 0x02, 0x00, 0xC0, 0x00,
    0x07, 0xE3, 0xFE, 0x60, 0x18, 0x03, 0x00, 0xC0, 0x18, 0x01, 0x00, 0x30, 0x06, 0x00, 0x71, 0xC7,
    0xF0, 0x10, 0x00, 0x06, 0x00, 0x03, 0xE3, 0xF3, 0x01, 0x01, 0x80, 0x40, 0x30, 0x1C, 0x47, 0xE0,
    0xC0, 0x00, 0x01, 0xB0, 0x1C, 0x00, 0x00, 0xFC, 0x7F, 0xCC, 0x03, 0x00, 0x60, 0x18, 0x03, 0x00,
    0x20, 0x06, 0x00, 0xC0, 0x0E, 0x38, 0xFE, 0x02, 0x00, 0x12, 0x0F, 0x03, 0x03, 0xE3, 0xF3, 0x01,
    0x01, 0x80, 0x40, 0x30, 0x1C, 0x47, 0xE0, 0xC0, 0x00, 0x07, 0x80, 0x70, 0x00, 0x0F, 0xF1, 0xFF,
    0x30, 0x76, 0x06, 0xC0, 0x58, 0x0F, 0x01, 0xE0, 0x2C, 0x0D, 0x81, 0xB0, 0xE7, 0xF8, 0x00, 0xA0,
    0x1F, 0x01, 0xB0, 0x1E, 0x1F, 0x83, 0xF8, 0x61, 0x84, 0x18, 0xC1, 0x84, 0x18, 0x61, 0x87, 0x38,
    0x3F, 0x80, 0x80, 0x7F, 0x87, 0xFC, 0x60, 0xE6, 0x06, 0x60, 0x26, 0x03, 0xF0, 0x36, 0x02, 0x60,
    0x66, 0x06, 0x61, 0xC7, 0xF8, 0x00, 0x80, 0x60, 0x3C, 0x06, 0x1F, 0x8F, 0xE6, 0x19, 0x06, 0xC1,
    0x90, 0x66, 0x19, 0xCE, 0x3F, 0x82, 0x00, 0x3E, 0x3E, 0x00, 0xFF, 0xFF, 0xC0, 0xC0, 0xC0, 0xFE,
    0xFE, 0xC0, 0xC0, 0xC0, 0xC0, 0xFF, 0x3E, 0x1F, 0x07, 0x87, 0xE6, 0x1B, 0xFF, 0xFF, 0x80, 0x60,
    0x38, 0xCF, 0xC0, 0x80, 0x22, 0x36, 0x3C, 0x00, 0xFF, 0xFF, 0xC0, 0xC0, 0xC0, 0xFE, 0xFE, 0xC0,
    0xC0, 0xC0, 0xC0, 0xFF, 0x22, 0x1B, 0x07, 0x80, 0x01, 0xE1, 0xF9, 0x86, 0xFF, 0xFF, 0xE0, 0x18,
    0x0E, 0x33, 0xF0, 0x20, 0x08, 0x18, 0x00, 0xFF, 0xFF, 0xC0, 0xC0, 0xC0, 0xFE, 0xFE, 0xC0, 0xC0,
    0xC0, 0xC0, 0xFF, 0x00, 0x06, 0x00, 0x03, 0xC3, 0xF3, 0x0D, 0xFF, 0xFF, 0xC0, 0x30, 0x1C, 0x67,
    0xE0, 0x40, 0xFF, 0xFF, 0xC0, 0xC0, 0xC0, 0xFE, 0xFE, 0xC0, 0xC0, 0xC0, 0xC0, 0xFF, 0x06, 0x0C,
    0x07, 0x02, 0x1E, 0x1F, 0x98, 0x6F, 0xFF, 0xFE, 0x01, 0x80, 0xE3, 0x3F, 0x03, 0x01, 0x80, 0xF0,
    0x00, 0x00, 0x3E, 0x1C, 0x00, 0xFF, 0xFF, 0xC0, 0xC0, 0xC0, 0xFE, 0xFE, 0xC0, 0xC0, 0xC0, 0xC0,
    0xFF, 0x12, 0x0F, 0x03, 0x03, 0xC3, 0xF3, 0x0D, 0xFF, 0xFF, 0xC0, 0x30, 0x1C, 0x67, 0xE0, 0x40,
    0x07, 0x01, 0xF0, 0x00, 0x07, 0xE3, 0xFC, 0x60, 0x18, 0x03, 0x00, 0xC0, 0x18, 0x7D, 0x01, 0xB0,
    0x37, 0x06, 0x71, 0xC7, 0xF0, 0x10, 0x0E, 0x07, 0x81, 0x00, 0x7A, 0x3F, 0x98, 0x64, 0x0B, 0x02,
    0x40, 0x98, 0x67, 0x38, 0xFE, 0x09, 0x88, 0x63, 0xF0, 0x70, 0x08, 0x81, 0xB0, 0x3C, 0x00, 0x00,
    0xFC, 0x7F, 0x8C, 0x03, 0x00, 0x60, 0x18, 0x03, 0x0F, 0xA0, 0x36, 0x06, 0xE0, 0xCE, 0x38, 0xFE,
    0x02, 0x00, 0x12, 0x04, 0xC1, 0xE0, 0x00, 0x1E, 0x8F, 0xE6, 0x19, 0x02, 0xC0, 0x90, 0x26, 0x19,
    0xCE, 0x3F, 0x82, 0x62, 0x18, 0xFC, 0x1C, 0x00, 0x02, 0x00, 0xC0, 0x00, 0x07, 0xE3, 0xFC, 0x60,
    0x18, 0x03, 0x00, 0xC0, 0x18, 0x7D, 0x01, 0xB0, 0x37, 0x06, 0x71, 0xC7, 0xF0, 0x10, 0x04, 0x03,
    0x00, 0x40, 0x7A, 0x3F, 0x98, 0x64, 0x0B, 0x02, 0x40, 0x98, 0x67, 0x38, 0xFE, 0x09, 0x88, 0x63,
    0xF0, 0x70, 0x0F, 0xC7, 0xF8, 0xC0, 0x30, 0x06, 0x01, 0x80, 0x30, 0xFA, 0x03, 0x60, 0x6E, 0x0C,
    0xE3, 0x8F, 0xE0, 0x30, 0x0E, 0x01, 0xC0, 0x00, 0x04, 0x03, 0x00, 0xC0, 0x10, 0x1E, 0x8F, 0xE6,
    0x19, 0x02, 0xC0, 0x90, 0x26, 0x19, 0xCE, 0x3F, 0x82, 0x62, 0x18, 0xFC, 0x1C, 0x00, 0x0C, 0x07,
    0x80, 0x03, 0x03, 0xC0, 0xF0, 0x3C, 0x0F, 0x03, 0xFF, 0xFF, 0xFC, 0x0F, 0x03, 0xC0, 0xF0, 0x3C,
    0x0C, 0x70, 0x1E, 0x02, 0x00, 0xC0, 0x30, 0x0C, 0x03, 0x70, 0xFE, 0x30, 0x8C, 0x33, 0x0C, 0xC3,
    0x30, 0xCC, 0x33, 0x0C, 0x60, 0x66, 0x06, 0x60, 0x6F, 0xFF, 0x60, 0x67, 0xFE, 0x7F, 0xE6, 0x06,
    0x60, 0x66, 0x06, 0x60, 0x66, 0x06, 0x40, 0x30, 0x18, 0x1E, 0x06, 0xE3, 0xF9, 0x84, 0xC3, 0x61,
    0xB0, 0xD8, 0x6C, 0x36, 0x18, 0x67, 0xF0, 0x0C, 0x30, 0xC3, 0x0C, 0x30, 0xC3, 0x0C, 0x30, 0xC3,
    0x00, 0xEF, 0xF0, 0x0C, 0x30, 0xC3, 0x0C, 0x30, 0xC3, 0x0C, 0xFF, 0xF0, 0x0C, 0x30, 0xC3, 0x0C,
    0x30, 0xC3, 0x0C, 0x30, 0xC3, 0x00, 0xFB, 0xE3, 0x0C, 0x30, 0xC3, 0x0C, 0x30, 0xC3, 0x00, 0x41,
    0xB7, 0x80, 0x30, 0xC3, 0x0C, 0x30, 0xC3, 0x0C, 0x30, 0xC3, 0x0C, 0x8E, 0xDE, 0x03, 0x18, 0xC6,
    0x31, 0x8C, 0x63, 0x00, 0x66, 0x66, 0x66, 0x66, 0x66, 0x66, 0xC8, 0xE4, 0x03, 0x23, 0x33, 0x33,
    0x33, 0x33, 0x6C, 0x72, 0xF3, 0xFF, 0xFF, 0xFC, 0xFF, 0xFF, 0xC0, 0x43, 0xC3, 0xC3, 0xC3, 0xC3,
    0xC3, 0xC3, 0xC3, 0x03, 0xC3, 0xE6, 0x7E, 0x10, 0x0B, 0x60, 0xB2, 0xCB, 0x2C, 0xB2, 0xCB, 0x2C,
    0xB2, 0x08, 0x63, 0x88, 0x07, 0x07, 0xC0, 0x00, 0x40, 0x20, 0x10, 0x08, 0x04, 0x02, 0x01, 0x00,
    0x80, 0x48, 0x66, 0x31, 0xF0, 0x20, 0x31, 0xE4, 0x8C, 0x30, 0xC3, 0x0C, 0x30, 0xC3, 0x0C, 0x30,
    0xCE, 0x10, 0xC0, 0xB0, 0x6C, 0x33, 0x18, 0xCC, 0x36, 0x0F, 0xC3, 0x98, 0xC7, 0x30, 0xCC, 0x1B,
    0x03, 0x08, 0x06, 0x01, 0x80, 0x00, 0x80, 0xC0, 0xC0, 0xC0, 0xC2, 0xC6, 0xDC, 0xF8, 0xF0, 0xF8,
    0xCC, 0xC6, 0xC2, 0x00, 0x38, 0x18, 0x30, 0xC2, 0xC6, 0xDC, 0xF8, 0xF0, 0xF8, 0xCC, 0xC6, 0xC2,
    0x70, 0xE0, 0x00, 0xC0, 0xC0, 0xC0, 0xC0, 0xC0, 0xC0, 0xC0, 0xC0, 0xC0, 0xC0, 0xC0, 0xFF, 0x7E,
    0x8C, 0xCC, 0xCC, 0xCC, 0xCC, 0xCC, 0xC0, 0xC0, 0xC0, 0xC0, 0xC0, 0xC0, 0xC0, 0xC0, 0xC0, 0xC0,
    0xC0, 0xC0, 0xFF, 0x10, 0x18, 0x18, 0x00, 0x4D, 0xB6, 0xDB, 0x6D, 0xB6, 0x1B, 0x60, 0x0C, 0xCC,
    0xCC, 0xC8, 0xC0, 0xC0, 0xC0, 0xC0, 0xC0, 0xC0, 0xC0, 0xC0, 0xFF, 0xB7, 0xBD, 0xCC, 0x63, 0x18,
    0xC6, 0x31, 0x8C, 0x00, 0xC0, 0xC0, 0xC0, 0xC0, 0xC0, 0xC6, 0xC6, 0xC0, 0xC0, 0xC0, 0xC0, 0xFF,
    0x86, 0x31, 0x8C, 0x63, 0x5A, 0xC6, 0x31, 0x8C, 0x00, 0x30, 0x0C, 0x03, 0x00, 0xC0, 0x3C, 0x1E,
    0x07, 0x00, 0xC0, 0x30, 0x0C, 0x03, 0x00, 0xFF, 0x20, 0xC3, 0x0C, 0x30, 0xE7, 0x1C, 0x30, 0xC3,
    0x0C, 0x30, 0x03, 0x01, 0x80, 0x03, 0x03, 0xE0, 0xF8, 0x3F, 0x0F, 0x63, 0xCC, 0xF3, 0x3C, 0x6F,
    0x0F, 0xC3, 0xF0, 0x7C, 0x0C, 0x0C, 0x0C, 0x18, 0xBC, 0xFE, 0xC3, 0xC3, 0xC3, 0xC3, 0xC3, 0xC3,
    0xC3, 0xC0, 0xF8, 0x3E, 0x0F, 0xC3, 0xD8, 0xF3, 0x3C, 0xCF, 0x1B, 0xC3, 0xF0, 0xFC, 0x1F, 0x03,
    0x00, 0x03, 0x00, 0xC0, 0x00, 0xBC, 0xFE, 0xC3, 0xC3, 0xC3, 0xC3, 0xC3, 0xC3, 0xC3, 0x00, 0x38,
    0x18, 0x38, 0x00, 0x07, 0x80, 0xC0, 0x00, 0xC0, 0xF8, 0x3E, 0x0F, 0xC3, 0xD8, 0xF3, 0x3C, 0xCF,
    0x1B, 0xC3, 0xF0, 0xFC, 0x1F, 0x03, 0x24, 0x3C, 0x18, 0xBC, 0xFE, 0xC3, 0xC3, 0xC3, 0xC3, 0xC3,
    0xC3, 0xC3, 0x60, 0x30, 0x0C, 0x03, 0x5E, 0xBF, 0xCE, 0x33, 0x0C, 0xC3, 0x30, 0xCC, 0x33, 0x0C,
    0xC3, 0xC0, 0x78, 0x1E, 0x07, 0xC1, 0xD8, 0x73, 0x1C, 0xE7, 0x19, 0xC3, 0x70, 0x7C, 0x0F, 0x03,
    0x00, 0x40, 0x30, 0x3C, 0x0C, 0xBC, 0xFE, 0xC3, 0xC3, 0xC3, 0xC3, 0xC3, 0xC3, 0xC3, 0x03, 0x03,
    0x0E, 0x0C, 0x0F, 0x80, 0xF8, 0x00, 0x00, 0xF8, 0x3F, 0xE7, 0x06, 0x60, 0x34, 0x03, 0xC0, 0x3C,
    0x01, 0x40, 0x36, 0x03, 0x60, 0x73, 0x8E, 0x1F, 0xC0, 0x20, 0x3F, 0x0F, 0xC0, 0x00, 0x78, 0x3F,
    0x18, 0x64, 0x0B, 0x03, 0x40, 0xD8, 0x67, 0x38, 0xFC, 0x0C, 0x00, 0x08, 0x80, 0xD8, 0x0F, 0x00,
    0x00, 0x0F, 0x83, 0xFE, 0x70, 0x66, 0x03, 0x40, 0x3C, 0x03, 0xC0, 0x14, 0x03, 0x60, 0x36, 0x07,
    0x38, 0xE1, 0xFC, 0x02, 0x00, 0x12, 0x04, 0x81, 0xE0, 0x00, 0x1E, 0x0F, 0xC6, 0x19, 0x02, 0xC0,
    0xD0, 0x36, 0x19, 0xCE, 0x3F, 0x03, 0x00, 0x06, 0xC0, 0xD8, 0x09, 0x00, 0xF8, 0x3F, 0xE7, 0x06,
    0x60, 0x34, 0x03, 0xC0, 0x3C, 0x01, 0x40, 0x36, 0x03, 0x60, 0x73, 0x8E, 0x1F, 0xC0, 0x20, 0x0F,
    0x06, 0xC1, 0x60, 0x78, 0x3F, 0x18, 0x64, 0x0B, 0x03, 0x40, 0xD8, 0x67, 0x38, 0xFC, 0x0C, 0x00,
    0x1F, 0xFF, 0x3F, 0xFF, 0x60, 0xC0, 0x60, 0xC0, 0x40, 0xC0, 0xC0, 0xFE, 0xC0, 0xFE, 0x40, 0xC0,
    0x60, 0xC0, 0x60, 0xC0, 0x38, 0xC0, 0x1F, 0xFF, 0x1E, 0x3C, 0x1F, 0xBF, 0x18, 0x70, 0xC8, 0x1F,
    0xEC, 0x0F, 0xF2, 0x06, 0x01, 0x87, 0x00, 0xE7, 0xC6, 0x3F, 0x3E, 0x06, 0x04, 0x00, 0x06, 0x03,
    0x80, 0x03, 0xFC, 0xFF, 0xB0, 0x6C, 0x1B, 0x06, 0xC3, 0xBF, 0xCC, 0x3B, 0x06, 0xC1, 0xB0, 0x6C,
    0x0C, 0x30, 0xC6, 0x2E, 0xFB, 0x0C, 0x30, 0xC3, 0x0C, 0x30, 0xFF, 0x3F, 0xEC, 0x1B, 0x06, 0xC1,
    0xB0, 0xEF, 0xF3, 0x0E, 0xC1, 0xB0, 0x6C, 0x1B, 0x03, 0x08, 0x07, 0x01, 0xC0, 0x00, 0x5C, 0xF9,
    0x83, 0x06, 0x0C, 0x18, 0x30, 0x60, 0x03, 0x83, 0x0E, 0x00, 0x00, 0x0D, 0x81, 0xC0, 0x00, 0xFF,
    0x3F, 0xEC, 0x1B, 0x06, 0xC1, 0xB0, 0xEF, 0xF3, 0x0E, 0xC1, 0xB0, 0x6C, 0x1B, 0x03, 0x93, 0xC6,
    0x2E, 0xFB, 0x0C, 0x30, 0xC3, 0x0C, 0x30, 0x06, 0x07, 0x00, 0x07, 0xE7, 0xFB, 0x0D, 0x80, 0xC0,
    0x3C, 0x0F, 0x80, 0xE0, 0x34, 0x1F, 0x1D, 0xFC, 0x10, 0x0C, 0x0C, 0x18, 0x3C, 0x7E, 0x40, 0x60,
    0x3C, 0x0E, 0x02, 0xE6, 0x7E, 0x08, 0x1C, 0x1F, 0x00, 0x07, 0xE7, 0xFB, 0x0D, 0x80, 0xC0, 0x3C,
    0x0F, 0x80, 0xE0, 0x34, 0x1F, 0x1D, 0xFC, 0x10, 0x18, 0x3C, 0x24, 0x3C, 0x7E, 0x40, 0x60, 0x3C,
    0x0E, 0x02, 0xE6, 0x7E, 0x08, 0x3F, 0x3F, 0xD8, 0x6C, 0x06, 0x01, 0xE0, 0x7C, 0x07, 0x01, 0xA0,
    0xF8, 0xEF, 0xE1, 0x80, 0xC0, 0x40, 0x3C, 0x7E, 0x40, 0x60, 0x3C, 0x0E, 0x02, 0xE6, 0x7E, 0x18,
    0x18, 0x10, 0x00, 0x1F, 0x07, 0x00, 0x03, 0xF3, 0xFD, 0x86, 0xC0, 0x60, 0x1E, 0x07, 0xC0, 0x70,
    0x1A, 0x0F, 0x8E, 0xFE, 0x08, 0x00, 0x24, 0x3C, 0x18, 0x3C, 0x7E, 0x40, 0x60, 0x3C, 0x0E, 0x02,
    0xE6, 0x7E, 0x08, 0xFF, 0xDF, 0xE0, 0xC0, 0x30, 0x0C, 0x03, 0x00, 0xC0, 0x30, 0x0C, 0x03, 0x00,
    0xC0, 0x30, 0x08, 0x06, 0x01, 0x00, 0x20, 0x8F, 0xBE, 0x20, 0x82, 0x08, 0x20, 0x83, 0x84, 0x30,
    0x80, 0x00, 0x07, 0x80, 0xC0, 0x00, 0xFF, 0xDF, 0xE0, 0xC0, 0x30, 0x0C, 0x03, 0x00, 0xC0, 0x30,
    0x0C, 0x03, 0x00, 0xC0, 0x30, 0x0C, 0x32, 0xCA, 0xFB, 0xE2, 0x08, 0x20, 0x82, 0x08, 0x38, 0xFF,
    0xDF, 0xE0, 0xC0, 0x30, 0x0C, 0x03, 0x01, 0xE0, 0x30, 0x0C, 0x03, 0x00, 0xC0, 0x30, 0x20, 0x8F,
    0xBE, 0x20, 0x87, 0x88, 0x20, 0x83, 0x80, 0x1B, 0x0F, 0xC0, 0x03, 0x03, 0xC0, 0xF0, 0x3C, 0x0F,
    0x03, 0xC0, 0xF0, 0x3C, 0x0F, 0x03, 0x61, 0x9C, 0xE3, 0xF0, 0x20, 0x76, 0x7E, 0x00, 0x82, 0xC3,
    0xC3, 0xC3, 0xC3, 0xC3, 0xC2, 0xC6, 0x7C, 0x00, 0x3F, 0x0F, 0xC0, 0x03, 0x03, 0xC0, 0xF0, 0x3C,
    0x0F, 0x03, 0xC0, 0xF0, 0x3C, 0x0F, 0x03, 0x61, 0x9C, 0xE3, 0xF0, 0x20, 0x7C, 0x7C, 0x82, 0xC3,
    0xC3, 0xC3, 0xC3, 0xC3, 0xC2, 0xC6, 0x7C, 0x00, 0x02, 0x0C, 0x81, 0xE0, 0x00, 0xC0, 0xF0, 0x3C,
    0x0F, 0x03, 0xC0, 0xF0, 0x3C, 0x0F, 0x03, 0xC0, 0xD8, 0x67, 0x38, 0xFC, 0x08, 0x00, 0x44, 0x6C,
    0x38, 0x00, 0x82, 0xC3, 0xC3, 0xC3, 0xC3, 0xC3, 0xC2, 0xC6, 0x7C, 0x00, 0x0C, 0x07, 0x81, 0xE0,
    0x30, 0xC0, 0xF0, 0x3C, 0x0F, 0x03, 0xC0, 0xF0, 0x3C, 0x0F, 0x03, 0xC0, 0xD8, 0x67, 0x38, 0xFC,
    0x08, 0x00, 0x18, 0x3C, 0x2C, 0x38, 0x82, 0xC3, 0xC3, 0xC3, 0xC3, 0xC3, 0xC2, 0xC6, 0x7C, 0x00,
    0x0B, 0x06, 0xC1, 0x63, 0x03, 0xC0, 0xF0, 0x3C, 0x0F, 0x03, 0xC0, 0xF0, 0x3C, 0x0F, 0x03, 0x61,
    0x9C, 0xE3, 0xF0, 0x20, 0x16, 0x3C, 0x28, 0x82, 0xC3, 0xC3, 0xC3, 0xC3, 0xC3, 0xC2, 0xC6, 0x7C,
    0x00, 0xC0, 0xF0, 0x3C, 0x0F, 0x03, 0xC0, 0xF0, 0x3C, 0x0F, 0x03, 0xC0, 0xD8, 0x67, 0x38, 0xFC,
    0x0C, 0x03, 0x00, 0xF0, 0x08, 0x82, 0xC3, 0xC3, 0xC3, 0xC3, 0xC3, 0xC2, 0xC6, 0x7C, 0x18, 0x18,
    0x1E, 0x04, 0x01, 0x80, 0x03, 0xC0, 0x00, 0x00, 0xC0, 0x03, 0xC0, 0x03, 0x60, 0x02, 0x61, 0x86,
    0x61, 0x86, 0x33, 0xC4, 0x33, 0xCC, 0x36, 0x6C, 0x1E, 0x68, 0x1C, 0x38, 0x1C, 0x38, 0x0C, 0x30,
    0x07, 0x00, 0xF0, 0x08, 0x0C, 0x01, 0xC0, 0x36, 0x63, 0x67, 0x26, 0x76, 0x3D, 0x63, 0x9C, 0x39,
    0xC1, 0x8C, 0x00, 0x00, 0x1C, 0x0F, 0x80, 0x03, 0x02, 0xC1, 0x98, 0xC3, 0x70, 0xF8, 0x1C, 0x03,
    0x00, 0xC0, 0x30, 0x0C, 0x03, 0x00, 0xC0, 0x18, 0x3C, 0x04, 0xC2, 0xC3, 0xC3, 0xC3, 0xC3, 0xC3,
    0xC3, 0xC7, 0x7F, 0x12, 0x06, 0xFC, 0x38, 0x16, 0x0D, 0x80, 0x03, 0x02, 0xC1, 0x98, 0xC3, 0x70,
    0xF8, 0x1C, 0x03, 0x00, 0xC0, 0x30, 0x0C, 0x03, 0x00, 0xC0, 0x03, 0x01, 0xC0, 0x01, 0xFF, 0x7F,
    0xC0, 0x60, 0x38, 0x0C, 0x06, 0x03, 0x01, 0xC0, 0x60, 0x30, 0x18, 0x07, 0xFC, 0x04, 0x0C, 0x08,
    0x7E, 0x7E, 0x06, 0x0C, 0x18, 0x30, 0x30, 0x60, 0xFE, 0x04, 0x03, 0x00, 0x01, 0xFF, 0x7F, 0xC0,
    0x60, 0x38, 0x0C, 0x06, 0x03, 0x01, 0xC0, 0x60, 0x30, 0x18, 0x07, 0xFC, 0x08, 0x18, 0x08, 0x7E,
    0x7E, 0x06, 0x0C, 0x18, 0x30, 0x30, 0x60, 0xFE, 0x00, 0x06, 0xC0, 0xE0, 0x00, 0x7F, 0xDF, 0xF0,
    0x18, 0x0E, 0x03, 0x01, 0x80, 0xC0, 0x70, 0x18, 0x0C, 0x06, 0x01, 0xFF, 0x26, 0x3C, 0x18, 0x7E,
    0x7E, 0x06, 0x0C, 0x18, 0x30, 0x30, 0x60, 0xFE, 0x00, 0x40, 0x04, 0x0F, 0xC3, 0xFE, 0x70, 0x66,
    0x03, 0x40, 0x3C, 0x03, 0xC0, 0x14, 0x03, 0x60, 0x36, 0x07, 0x38, 0xE1, 0xFC, 0x02, 0x00, 0x00,
    0x80, 0x21, 0xF8, 0xFE, 0x61, 0x90, 0x2C, 0x0D, 0x03, 0x61, 0x9C, 0xE3, 0xF0, 0x30, 0x00, 0x00,
    0x03, 0xC0, 0xEC, 0x0C, 0xC0, 0xCC, 0x0C, 0xC0, 0xCC, 0x0C, 0xC0, 0xCC, 0x0C, 0xC0, 0xC6, 0x18,
    0x73, 0x83, 0xF0, 0x08, 0x00, 0x00, 0x80, 0x28, 0x3B, 0x0C, 0xC3, 0x30, 0xCC, 0x33, 0x0C, 0xC2,
    0x31, 0x87, 0xC0, 0x00, 0x00, 0x00, 0x00, 0x00, 0x1B, 0x00, 0x00, 0x70, 0x00, 0x00, 0x0F, 0xF0,
    0xFF, 0xFF, 0xC7, 0xFF, 0x07, 0x00, 0xD8, 0x18, 0x0E, 0xC0, 0x40, 0x66, 0x03, 0x06, 0x30, 0x18,
    0x61, 0x80, 0x86, 0x0C, 0x0C, 0x30, 0x60, 0x63, 0x03, 0x0E, 0x30, 0x1F, 0xE1, 0xFF, 0xFF, 0x04,
    0xDF, 0xF0, 0xF3, 0x07, 0x0C, 0x60, 0x67, 0xEC, 0x04, 0xFD, 0x80, 0xC1, 0xB0, 0x18, 0x66, 0x02,
    0x18, 0xC0, 0xC6, 0x18, 0x18, 0xC3, 0x0E, 0x30, 0x7F, 0x8F, 0xE0, 0x00, 0x80, 0x00, 0x63, 0x60,
    0x18, 0x70, 0x06, 0x18, 0x1F, 0x9F, 0xCF, 0xE7, 0xE6, 0x18, 0x19, 0x06, 0x0C, 0xC1, 0x86, 0x10,
    0x63, 0x86, 0x18, 0xC1, 0xCE, 0x60, 0x3F, 0x9F, 0xC2, 0x00, 0x00, 0xC0, 0x01, 0xC0, 0x03, 0xC0,
    0x03, 0xC0, 0x03, 0xC0, 0x03, 0xC0, 0x03, 0xC0, 0x03, 0xC0, 0x03, 0xC0, 0x03, 0xC0, 0x43, 0xC0,
    0x67, 0xFF, 0x3E, 0x00, 0x08, 0xC0, 0x18, 0x0F, 0x00, 0x60, 0x3C, 0x07, 0x80, 0xF0, 0x1E, 0x03,
    0xC0, 0x78, 0x0F, 0x01, 0xFF, 0xB0, 0x06, 0x00, 0xC0, 0x70, 0x04, 0x83, 0x2C, 0xF2, 0xCB, 0x3C,
    0xF3, 0xCF, 0x3C, 0xF3, 0xCC, 0x31, 0x8E, 0x20, 0xC0, 0xC0, 0x2E, 0x0C, 0x02, 0xE0, 0xC0, 0x2F,
    0x0C, 0x02, 0xD8, 0xC0, 0x2C, 0xCC, 0x02, 0xCC, 0xC0, 0x2C, 0x6C, 0x02, 0xC3, 0xC0, 0x2C, 0x3C,
    0xC2, 0xC1, 0xCC, 0x6C, 0x0C, 0x7C, 0x00, 0x01, 0x00, 0xC0, 0xC3, 0x83, 0x3E, 0x0C, 0x3C, 0x31,
    0xD8, 0xCF, 0x33, 0x3C, 0xCC, 0xF1, 0xB3, 0xC3, 0xCF, 0x0F, 0x3C, 0x1C, 0xF0, 0x33, 0x00, 0x0C,
    0x00, 0x30, 0x01, 0x80, 0x04, 0x00, 0x20, 0x03, 0x00, 0x2B, 0xC2, 0xFE, 0x3C, 0x33, 0xC3, 0x3C,
    0x33, 0xC3, 0x3C, 0x33, 0xC3, 0x3C, 0x33, 0x00, 0x30, 0x06, 0x00, 0xE0, 0x0C, 0x00, 0x03, 0x60,
    0x38, 0x00, 0x00, 0x40, 0x1C, 0x03, 0x80, 0xD0, 0x1B, 0x02, 0x60, 0xC6, 0x1F, 0xC7, 0xF8, 0xC1,
    0xB0, 0x36, 0x03, 0x00, 0x00, 0x12, 0x0F, 0x03, 0x03, 0xD3, 0xFB, 0x0D, 0x07, 0x83, 0x41, 0xB0,
    0xDC, 0xE7, 0xF0, 0x80, 0x07, 0x98, 0x06, 0x31, 0x8C, 0x63, 0x18, 0xC6, 0x31, 0x8C, 0x4B, 0xCC,
    0x63, 0x18, 0xC6, 0x31, 0x8C, 0x60, 0x00, 0x00, 0xD8, 0x07, 0x00, 0x00, 0x0F, 0x83, 0xFE, 0x70,
    0x66, 0x03, 0x40, 0x3C, 0x03, 0xC0, 0x14, 0x03, 0x60, 0x36, 0x07, 0x38, 0xE1, 0xFC, 0x02, 0x00,
    0x12, 0x07, 0x80, 0xC0, 0x78, 0x3F, 0x18, 0x64, 0x0B, 0x03, 0x40, 0xD8, 0x67, 0x38, 0xFC, 0x0C,
    0x00, 0x00, 0x07, 0x80, 0xC0, 0x00, 0xC0, 0xF0, 0x3C, 0x0F, 0x03, 0xC0, 0xF0, 0x3C, 0x0F, 0x03,
    0xC0, 0xD8, 0x67, 0x38, 0xFC, 0x08, 0x00, 0x64, 0x3C, 0x18, 0x82, 0xC3, 0xC3, 0xC3, 0xC3, 0xC3,
    0xC2, 0xC6, 0x7C, 0x00, 0x00, 0x01, 0xF0, 0x1C, 0x00, 0x00, 0xFC, 0x7F, 0x8C, 0x03, 0x00, 0x60,
    0x18, 0x03, 0x0F, 0xA0, 0x36, 0x06, 0xE0, 0xCE, 0x38, 0xFE, 0x02, 0x00, 0x12, 0x07, 0x80, 0xC0,
    0x7A, 0x3F, 0x98, 0x64, 0x0B, 0x02, 0x40, 0x98, 0x67, 0x38, 0xFE, 0x09, 0x88, 0x63, 0xF0, 0x70,
    0x0F, 0x83, 0xFE, 0x70, 0x66, 0x03, 0x40, 0x3C, 0x03, 0xC0, 0x14, 0x03, 0x60, 0x36, 0x07, 0x38,
    0xE1, 0xFC, 0x07, 0x00, 0x60, 0x07, 0x80, 0x00, 0x1E, 0x0F, 0xC6, 0x19, 0x02, 0xC0, 0xF0, 0x26,
    0x19, 0xCE, 0x3F, 0x03, 0x00, 0x80, 0x38, 0x00, 0x00, 0xFF, 0x00, 0x1F, 0xF0, 0x03, 0x07, 0x00,
    0x60, 0x67, 0xEC, 0x04, 0xFD, 0x80, 0xC3, 0xB0, 0x18, 0x66, 0x02, 0x18, 0xC0, 0xC6, 0x18, 0x18,
    0xC3, 0x0E, 0x30, 0x7F, 0x8F, 0xE0, 0x03, 0x00, 0xE0, 0x10, 0x07, 0x01, 0xA0, 0x1C, 0x03, 0x80,
    0x70, 0x1A, 0x03, 0x60, 0x4C, 0x18, 0xC3, 0xF8, 0xFF, 0x18, 0x36, 0x06, 0xC0, 0x60, 0x00, 0x03,
    0x03, 0x03, 0x03, 0xC1, 0xA0, 0x70, 0x7A, 0x7F, 0x61, 0xA0, 0xF0, 0x68, 0x36, 0x1B, 0x9C, 0xFE,
    0x10, 0x00, 0x18, 0x00, 0x70, 0x00, 0x00, 0x0F, 0xF0, 0x1F, 0xC0, 0x70, 0x01, 0xE0, 0x07, 0xC0,
    0x0D, 0xFC, 0x33, 0xF8, 0xC6, 0x01, 0xFC, 0x07, 0xF8, 0x18, 0x30, 0x30, 0x7F, 0x80, 0x00, 0x00,
    0xC0, 0x03, 0x00, 0x04, 0x01, 0xF7, 0x87, 0xFF, 0xC8, 0x61, 0x83, 0xFF, 0x9F, 0xFE, 0x63, 0x01,
    0x86, 0x01, 0x9E, 0x33, 0xE7, 0xE1, 0x02, 0x00, 0x01, 0x80, 0x30, 0x00, 0x00, 0xFB, 0x3F, 0xE7,
    0x0E, 0x60, 0xF4, 0x1B, 0xC3, 0x3C, 0x61, 0x4C, 0x37, 0x83, 0x78, 0x73, 0x8E, 0x7F, 0xC4, 0x20,
    0x06, 0x01, 0x80, 0xC0, 0x7A, 0x3F, 0x98, 0xE4, 0x6B, 0x33, 0x58, 0xDE, 0x67, 0x39, 0xFC, 0x4C,
    0x00, 0x34, 0x07, 0xE0, 0x24, 0x02, 0x00, 0xE0, 0x1C, 0x06, 0x80, 0xD8, 0x13, 0x06, 0x30, 0xFE,
    0x3F, 0xC6, 0x0D, 0x81, 0xB0, 0x18, 0x00, 0x3C, 0x1F, 0x06, 0x83, 0xD3, 0xFB, 0x0D, 0x07, 0x83,
    0x41, 0xB0, 0xDC, 0xE7, 0xF0, 0x80, 0x0E, 0x03, 0xE0, 0x4C, 0x02, 0x00, 0xE0, 0x1C, 0x06, 0x80,
    0xD8, 0x13, 0x06, 0x30, 0xFE, 0x3F, 0xC6, 0x0D, 0x81, 0xB0, 0x18, 0x00, 0x00, 0x0F, 0x04, 0xC2,
    0x41, 0xE9, 0xFD, 0x86, 0x83, 0xC1, 0xA0, 0xD8, 0x6E, 0x73, 0xF8, 0x40, 0x68, 0x7E, 0x16, 0xFF,
    0xFF, 0xC0, 0xC0, 0xC0, 0xFE, 0xFE, 0xC0, 0xC0, 0xC0, 0xC0, 0xFF, 0x2C, 0x1F, 0x04, 0x83, 0xC3,
    0xF3, 0x0D, 0xFF, 0xFF, 0xC0, 0x30, 0x1C, 0x67, 0xE0, 0x40, 0x18, 0x3E, 0x26, 0xFF, 0xFF, 0xC0,
    0xC0, 0xC0, 0xFE, 0xFE, 0xC0, 0xC0, 0xC0, 0xC0, 0xFF, 0x00, 0x0F, 0x0C, 0x82, 0x41, 0xE1, 0xF9,
    0x86, 0xFF, 0xFF, 0xE0, 0x18, 0x0E, 0x33, 0xF0, 0x20, 0x48, 0xF8, 0x58, 0xC1, 0x83, 0x06, 0x0C,
    0x18, 0x30, 0x60, 0xC1, 0x83, 0x06, 0x00, 0x59, 0xF2, 0x46, 0x18, 0x61, 0x86, 0x18, 0x61, 0x86,
    0x31, 0xE4, 0xCC, 0x30, 0xC3, 0x0C, 0x30, 0xC3, 0x0C, 0x30, 0xC3, 0x00, 0x01, 0xEC, 0x92, 0x30,
    0xC3, 0x0C, 0x30, 0xC3, 0x0C, 0x30, 0x1A, 0x01, 0xF8, 0x04, 0x80, 0xF8, 0x3F, 0xE7, 0x06, 0x60,
    0x34, 0x03, 0xC0, 0x3C, 0x01, 0x40, 0x36, 0x03, 0x60, 0x73, 0x8E, 0x1F, 0xC0, 0x20, 0x3C, 0x0F,
    0x81, 0xA0, 0x00, 0x1E, 0x0F, 0xC6, 0x19, 0x02, 0xC0, 0xD0, 0x36, 0x19, 0xCE, 0x3F, 0x03, 0x00,
    0x07, 0x00, 0xF8, 0x09, 0x80, 0xF8, 0x3F, 0xE7, 0x06, 0x60, 0x34, 0x03, 0xC0, 0x3C, 0x01, 0x40,
    0x36, 0x03, 0x60, 0x73, 0x8E, 0x1F, 0xC0, 0x20, 0x00, 0x07, 0x81, 0x30, 0x40, 0x1E, 0x0F, 0xC6,
    0x19, 0x02, 0xC0, 0xD0, 0x36, 0x19, 0xCE, 0x3F, 0x03, 0x00, 0x6C, 0x1F, 0x81, 0x23, 0xFC, 0xFF,
    0xB0, 0x6C, 0x1B, 0x06, 0xC3, 0xBF, 0xCC, 0x3B, 0x06, 0xC1, 0xB0, 0x6C, 0x0C, 0xD0, 0xF0, 0xA2,
    0xE7, 0xCC, 0x18, 0x30, 0x60, 0xC1, 0x83, 0x00, 0x1C, 0x0F, 0x82, 0x23, 0xFC, 0xFF, 0xB0, 0x6C,
    0x1B, 0x06, 0xC3, 0xBF, 0xCC, 0x3B, 0x06, 0xC1, 0xB0, 0x6C, 0x0C, 0x23, 0xCD, 0xA2, 0xBB, 0xEC,
    0x30, 0xC3, 0x0C, 0x30, 0xC0, 0x2C, 0x0F, 0x81, 0xA3, 0x03, 0xC0, 0xF0, 0x3C, 0x0F, 0x03, 0xC0,
    0xF0, 0x3C, 0x0F, 0x03, 0x61, 0x9C, 0xE3, 0xF0, 0x20, 0x58, 0x7C, 0x24, 0x82, 0xC3, 0xC3, 0xC3,
    0xC3, 0xC3, 0xC2, 0xC6, 0x7C, 0x00, 0x0C, 0x07, 0x83, 0x23, 0x03, 0xC0, 0xF0, 0x3C, 0x0F, 0x03,
    0xC0, 0xF0, 0x3C, 0x0F, 0x03, 0x61, 0x9C, 0xE3, 0xF0, 0x20, 0x00, 0x3C, 0x64, 0x24, 0x82, 0xC3,
    0xC3, 0xC3, 0xC3, 0xC3, 0xC2, 0xC6, 0x7C, 0x00, 0x3F, 0x3F, 0xD8, 0x6C, 0x06, 0x01, 0xE0, 0x7C,
    0x07, 0x01, 0xA0, 0xF8, 0xEF, 0xE0, 0xC0, 0x60, 0x30, 0x00, 0x3C, 0x7E, 0x40, 0x60, 0x3C, 0x0E,
    0x02, 0xE6, 0x7E, 0x18, 0x18, 0x18, 0x18, 0xFF, 0xDF, 0xE0, 0xC0, 0x30, 0x0C, 0x03, 0x00, 0xC0,
    0x30, 0x0C, 0x03, 0x00, 0xC0, 0x30, 0x00, 0x03, 0x00, 0xC0, 0x00, 0x20, 0x8F, 0xBE, 0x20, 0x82,
    0x08, 0x20, 0x83, 0x80, 0x30, 0x43, 0x00, 0xCC, 0x80, 0x7A, 0x00, 0x33, 0xC2, 0x77, 0xF0, 0x00,
    0x7D, 0xF0, 0x49, 0x27, 0x80, 0x5D, 0x00, 0xDE, 0xC0, 0x6E, 0x26, 0x73, 0x96, 0xE0, 0x2D, 0xE5,
    0x00, 0xCB, 0xCC, 0xD1, 0xE2, 0x80, 0x27, 0xB7, 0x00, 0x7B, 0xA0, 0x0F, 0xE0, 0x48, 0x4B, 0xE4,
    0x80, 0x1D, 0xE0, 0x26, 0x64, 0x36, 0xC7, 0x20, 0x33, 0xD2, 0x4D, 0xE3, 0x80, 0x7C, 0x00, 0x03,
    0xC0, 0x04, 0x01, 0xC0, 0x38, 0x0D, 0x01, 0xB0, 0x26, 0x0C, 0x61, 0xFC, 0x7F, 0x8C, 0x1B, 0x03,
    0x60, 0x30, 0x00, 0x18, 0x01, 0x00, 0x1E, 0x9F, 0xD8, 0x68, 0x3C, 0x1A, 0x0D, 0x86, 0xE7, 0x3F,
    0x84, 0x03, 0x01, 0x80, 0x04, 0x01, 0xC0, 0x18, 0x02, 0x00, 0x40, 0x1C, 0x03, 0x80, 0xD0, 0x1B,
    0x02, 0x60, 0xC6, 0x1F, 0xC7, 0xF8, 0xC1, 0xB0, 0x36, 0x03, 0x00, 0x00, 0x0C, 0x0F, 0x01, 0x00,
    0x81, 0xE9, 0xFD, 0x86, 0x83, 0xC1, 0xA0, 0xD8, 0x6E, 0x73, 0xF8, 0x40, 0x00, 0xC1, 0xF8, 0x7C,
    0x00, 0x00, 0x40, 0x1C, 0x03, 0x80, 0xD0, 0x1B, 0x02, 0x60, 0xC6, 0x1F, 0xC7, 0xF8, 0xC1, 0xB0,
    0x36, 0x03, 0x00, 0x00, 0x01, 0x80, 0xC3, 0xC3, 0xC0, 0x20, 0xF4, 0xFE, 0xC3, 0x41, 0xE0, 0xD0,
    0x6C, 0x37, 0x39, 0xFC, 0x20, 0x06, 0x00, 0xE0, 0x38, 0x0F, 0x80, 0x00, 0x08, 0x03, 0x80, 0x70,
    0x1A, 0x03, 0x60, 0x4C, 0x18, 0xC3, 0xF8, 0xFF, 0x18, 0x36, 0x06, 0xC0, 0x60, 0x00, 0x04, 0x03,
    0x03, 0x83, 0xC0, 0x20, 0xF4, 0xFE, 0xC3, 0x41, 0xE0, 0xD0, 0x6C, 0x37, 0x39, 0xFC, 0x20, 0x01,
    0x80, 0x78, 0x3A, 0x0F, 0xC0, 0x00, 0x08, 0x03, 0x80, 0x70, 0x1A, 0x03, 0x60, 0x4C, 0x18, 0xC3,
    0xF8, 0xFF, 0x18, 0x36, 0x06, 0xC0, 0x60, 0x00, 0x03, 0x01, 0xC3, 0x63, 0xE1, 0x20, 0xF4, 0xFE,
    0xC3, 0x41, 0xE0, 0xD0, 0x6C, 0x37, 0x39, 0xFC, 0x20, 0x1D, 0x03, 0xE0, 0x00, 0x07, 0x01, 0xF0,
    0x08, 0x03, 0x80, 0x70, 0x1A, 0x03, 0x60, 0x4C, 0x18, 0xC3, 0xF8, 0xFF, 0x18, 0x36, 0x06, 0xC0,
    0x60, 0x00, 0x1B, 0x1F, 0x83, 0x03, 0xC1, 0x20, 0xF4, 0xFE, 0xC3, 0x41, 0xE0, 0xD0, 0x6C, 0x37,
    0x39, 0xFC, 0x20, 0x0E, 0x03, 0xE0, 0x00, 0x02, 0x00, 0xE0, 0x1C, 0x06, 0x80, 0xD8, 0x13, 0x06,
    0x30, 0xFE, 0x3F, 0xC6, 0x0D, 0x81, 0xB0, 0x18, 0x00, 0x0C, 0x00, 0x80, 0x0C, 0x0F, 0x04, 0x83,
    0xD3, 0xFB, 0x0D, 0x07, 0x83, 0x41, 0xB0, 0xDC, 0xE7, 0xF0, 0x80, 0x60, 0x30, 0x03, 0x00, 0xE0,
    0x44, 0x0D, 0x80, 0xE0, 0x00, 0x01, 0x00, 0x70, 0x0E, 0x03, 0x40, 0x6C, 0x09, 0x83, 0x18, 0x7F,
    0x1F, 0xE3, 0x06, 0xC0, 0xD8, 0x0C, 0x00, 0x00, 0x06, 0x03, 0x07, 0x82, 0x41, 0xE0, 0x00, 0x7A,
    0x7F, 0x61, 0xA0, 0xF0, 0x68, 0x36, 0x1B, 0x9C, 0xFE, 0x10, 0x18, 0x03, 0x80, 0x44, 0x0D, 0x80,
    0xE0, 0x00, 0x01, 0x00, 0x70, 0x0E, 0x03, 0x40, 0x6C, 0x09, 0x83, 0x18, 0x7F, 0x1F, 0xE3, 0x06,
    0xC0, 0xD8, 0x0C, 0x00, 0x00, 0x18, 0x0C, 0x07, 0x82, 0x41, 0xE0, 0x00, 0x7A, 0x7F, 0x61, 0xA0,
    0xF0, 0x68, 0x36, 0x1B, 0x9C, 0xFE, 0x10, 0x04, 0x01, 0xC0, 0x18, 0x02, 0x01, 0x10, 0x36, 0x03,
    0x80, 0x00, 0x04, 0x01, 0xC0, 0x38, 0x0D, 0x01, 0xB0, 0x26, 0x0C, 0x61, 0xFC, 0x7F, 0x8C, 0x1B,
    0x03, 0x60, 0x30, 0x00, 0x0C, 0x0E, 0x05, 0x83, 0xC1, 0xE0, 0x00, 0x7A, 0x7F, 0x61, 0xA0, 0xF0,
    0x68, 0x36, 0x1B, 0x9C, 0xFE, 0x10, 0x1D, 0x03, 0xE0, 0x44, 0x0D, 0x80, 0xE0, 0x00, 0x01, 0x00,
    0x70, 0x0E, 0x03, 0x40, 0x6C, 0x09, 0x83, 0x18, 0x7F, 0x1F, 0xE3, 0x06, 0xC0, 0xD8, 0x0C, 0x00,
    0x00, 0x1B, 0x1F, 0x80, 0x02, 0x43, 0x20, 0xF0, 0x7A, 0x7F, 0x61, 0xA0, 0xF0, 0x68, 0x36, 0x1B,
    0x9C, 0xFE, 0x10, 0x11, 0x03, 0x60, 0x38, 0x00, 0x00, 0x40, 0x1C, 0x03, 0x80, 0xD0, 0x1B, 0x02,
    0x60, 0xC6, 0x1F, 0xC7, 0xF8, 0xC1, 0xB0, 0x36, 0x03, 0x00, 0x01, 0x80, 0x10, 0x00, 0x32, 0x1B,
    0x07, 0x80, 0x01, 0xE9, 0xFD, 0x86, 0x83, 0xC1, 0xA0, 0xD8, 0x6E, 0x73, 0xF8, 0x40, 0x30, 0x18,
    0xFF, 0xFF, 0xC0, 0xC0, 0xC0, 0xFE, 0xFE, 0xC0, 0xC0, 0xC0, 0xC0, 0xFF, 0x00, 0x18, 0x08, 0x1E,
    0x1F, 0x98, 0x6F, 0xFF, 0xFE, 0x01, 0x80, 0xE3, 0x3F, 0x02, 0x03, 0x01, 0x80, 0x18, 0x1C, 0x0C,
    0x08, 0xFF, 0xFF, 0xC0, 0xC0, 0xC0, 0xFE, 0xFE, 0xC0, 0xC0, 0xC0, 0xC0, 0xFF, 0x0C, 0x0E, 0x01,
    0x01, 0x81, 0xE1, 0xF9, 0x86, 0xFF, 0xFF, 0xE0, 0x18, 0x0E, 0x33, 0xF0, 0x20, 0x3A, 0x7E, 0x00,
    0xFF, 0xFF, 0xC0, 0xC0, 0xC0, 0xFE, 0xFE, 0xC0, 0xC0, 0xC0, 0xC0, 0xFF, 0x3B, 0x1F, 0x80, 0x03,
    0xC3, 0xF3, 0x0D, 0xFF, 0xFF, 0xC0, 0x30, 0x1C, 0x67, 0xE0, 0x40, 0x01, 0x87, 0xE3, 0xE0, 0x00,
    0xFF, 0x3F, 0xCC, 0x03, 0x00, 0xC0, 0x3F, 0x8F, 0xE3, 0x00, 0xC0, 0x30, 0x0C, 0x03, 0xFC, 0x01,
    0x81, 0x87, 0x83, 0xC0, 0x20, 0xF0, 0xFC, 0xC3, 0x7F, 0xFF, 0xF0, 0x0C, 0x07, 0x19, 0xF8, 0x10,
    0x0C, 0x0E, 0x1C, 0x3E, 0x00, 0xFF, 0xFF, 0xC0, 0xC0, 0xC0, 0xFE, 0xFE, 0xC0, 0xC0, 0xC0, 0xC0,
    0xFF, 0x04, 0x03, 0x07, 0x87, 0xC0, 0x00, 0xF0, 0xFC, 0xC3, 0x7F, 0xFF, 0xF0, 0x0C, 0x07, 0x19,
    0xF8, 0x10, 0x18, 0x1C, 0x0C, 0x08, 0x00, 0x1C, 0x3E, 0x00, 0xFF, 0xFF, 0xC0, 0xC0, 0xC0, 0xFE,
    0xFE, 0xC0, 0xC0, 0xC0, 0xC0, 0xFF, 0x03, 0x03, 0xC3, 0x63, 0xE0, 0x20, 0xF0, 0xFC, 0xC3, 0x7F,
    0xFF, 0xF0, 0x0C, 0x07, 0x19, 0xF8, 0x10, 0x3A, 0x7E, 0x1C, 0x3E, 0x00, 0xFF, 0xFF, 0xC0, 0xC0,
    0xC0, 0xFE, 0xFE, 0xC0, 0xC0, 0xC0, 0xC0, 0xFF, 0x3B, 0x1F, 0x83, 0x03, 0xC0, 0x20, 0xF0, 0xFC,
    0xC3, 0x7F, 0xFF, 0xF0, 0x0C, 0x07, 0x19, 0xF8, 0x10, 0x1C, 0x3E, 0x00, 0xFF, 0xFF, 0xC0, 0xC0,
    0xC0, 0xFE, 0xFE, 0xC0, 0xC0, 0xC0, 0xC0, 0xFF, 0x00, 0x18, 0x08, 0x0C, 0x0F, 0x00, 0x83, 0xC3,
    0xF3, 0x0D, 0xFF, 0xFF, 0xC0, 0x30, 0x1C, 0x67, 0xE0, 0x40, 0x60, 0x30, 0x6F, 0x32, 0x66, 0x66,
    0x66, 0x66, 0x66, 0x66, 0x6E, 0x26, 0x66, 0x66, 0x66, 0x66, 0x60, 0xFF, 0xFF, 0xFF, 0x34, 0x33,
    0xFF, 0xFF, 0x3C, 0x0F, 0x83, 0xFE, 0x70, 0x66, 0x03, 0x40, 0x3C, 0x03, 0xC0, 0x14, 0x03, 0x60,
    0x36, 0x07, 0x38, 0xE1, 0xFC, 0x02, 0x00, 0x60, 0x02, 0x00, 0x1E, 0x0F, 0xC6, 0x19, 0x02, 0xC0,
    0xD0, 0x36, 0x19, 0xCE, 0x3F, 0x03, 0x00, 0xC0, 0x30, 0x02, 0x00, 0x70, 0x03, 0x00, 0x20, 0x0F,
    0x83, 0xFE, 0x70, 0x66, 0x03, 0x40, 0x3C, 0x03, 0xC0, 0x14, 0x03, 0x60, 0x36, 0x07, 0x38, 0xE1,
    0xFC, 0x02, 0x00, 0x0C, 0x07, 0x80, 0x60, 0x10, 0x1E, 0x0F, 0xC6, 0x19, 0x02, 0xC0, 0xD0, 0x36,
    0x19, 0xCE, 0x3F, 0x03, 0x00, 0x00, 0x60, 0x7E, 0x0F, 0x80, 0x00, 0x0F, 0x83, 0xFE, 0x70, 0x66,
    0x03, 0x40, 0x3C, 0x03, 0xC0, 0x14, 0x03, 0x60, 0x36, 0x07, 0x38, 0xE1, 0xFC, 0x02, 0x00, 0x01,
    0x80, 0x60, 0xF0, 0x78, 0x12, 0x07, 0x83, 0xF1, 0x86, 0x40, 0xB0, 0x34, 0x0D, 0x86, 0x73, 0x8F,
    0xC0, 0xC0, 0x03, 0x00, 0x38, 0x07, 0x00, 0xF8, 0x00, 0x00, 0xF8, 0x3F, 0xE7, 0x06, 0x60, 0x34,
    0x03, 0xC0, 0x3C, 0x01, 0x40, 0x36, 0x03, 0x60, 0x73, 0x8E, 0x1F, 0xC0, 0x20, 0x04, 0x01, 0x80,
    0xF0, 0x78, 0x02, 0x07, 0x83, 0xF1, 0x86, 0x40, 0xB0, 0x34, 0x0D, 0x86, 0x73, 0x8F, 0xC0, 0xC0,
    0x00, 0x80, 0x1C, 0x07, 0xC0, 0xFC, 0x08, 0x00, 0xF8, 0x3F, 0xE7, 0x06, 0x60, 0x34, 0x03, 0xC0,
    0x3C, 0x01, 0x40, 0x36, 0x03, 0x60, 0x73, 0x8E, 0x1F, 0xC0, 0x20, 0x03, 0x00, 0xE0, 0xD8, 0x7C,
    0x12, 0x07, 0x83, 0xF1, 0x86, 0x40, 0xB0, 0x34, 0x0D, 0x86, 0x73, 0x8F, 0xC0, 0xC0, 0x0E, 0x80,
    0xF8, 0x07, 0x00, 0xF8, 0x00, 0x00, 0xF8, 0x3F, 0xE7, 0x06, 0x60, 0x34, 0x03, 0xC0, 0x3C, 0x01,
    0x40, 0x36, 0x03, 0x60, 0x73, 0x8E, 0x1F, 0xC0, 0x20, 0x19, 0x0F, 0xC0, 0xC0, 0x78, 0x12, 0x07,
    0x83, 0xF1, 0x86, 0x40, 0xB0, 0x34, 0x0D, 0x86, 0x73, 0x8F, 0xC0, 0xC0, 0x07, 0x00, 0xF8, 0x00,
    0x00, 0xF8, 0x3F, 0xE7, 0x06, 0x60, 0x34, 0x03, 0xC0, 0x3C, 0x01, 0x40, 0x36, 0x03, 0x60, 0x73,
    0x8E, 0x1F, 0xC0, 0x20, 0x06, 0x00, 0x20, 0x0C, 0x07, 0x81, 0x20, 0x78, 0x3F, 0x18, 0x64, 0x0B,
    0x03, 0x40, 0xD8, 0x67, 0x38, 0xFC, 0x0C, 0x03, 0x00, 0xC0, 0x01, 0x80, 0x3C, 0x00, 0x40, 0xFC,
    0x3F, 0xE7, 0x06, 0x60, 0x34, 0x03, 0xC0, 0x3C, 0x01, 0x40, 0x36, 0x03, 0x60, 0x73, 0x8E, 0x1F,
    0xC0, 0x20, 0x06, 0x01, 0xA0, 0xC8, 0x7E, 0x3F, 0x98, 0x64, 0x0B, 0x03, 0x40, 0xD8, 0x67, 0x38,
    0xFC, 0x0C, 0x00, 0x0C, 0x00, 0xE4, 0x00, 0x40, 0xFC, 0x3F, 0xE7, 0x06, 0x60, 0x34, 0x03, 0xC0,
    0x3C, 0x01, 0x40, 0x36, 0x03, 0x60, 0x73, 0x8E, 0x1F, 0xC0, 0x20, 0x10, 0x06, 0x20, 0xC8, 0x7E,
    0x3F, 0x98, 0x64, 0x0B, 0x03, 0x40, 0xD8, 0x67, 0x38, 0xFC, 0x0C, 0x00, 0x02, 0x00, 0x70, 0x03,
    0x40, 0x24, 0x0F, 0xC3, 0xFE, 0x70, 0x66, 0x03, 0x40, 0x3C, 0x03, 0xC0, 0x14, 0x03, 0x60, 0x36,
    0x07, 0x38, 0xE1, 0xFC, 0x02, 0x00, 0x0C, 0x07, 0x80, 0x48, 0x12, 0x1F, 0x8F, 0xE6, 0x19, 0x02,
    0xC0, 0xD0, 0x36, 0x19, 0xCE, 0x3F, 0x03, 0x00, 0x0E, 0x81, 0xFC, 0x00, 0x40, 0xFC, 0x3F, 0xE7,
    0x06, 0x60, 0x34, 0x03, 0xC0, 0x3C, 0x01, 0x40, 0x36, 0x03, 0x60, 0x73, 0x8E, 0x1F, 0xC0, 0x20,
    0x1B, 0x0F, 0xE0, 0x08, 0x7E, 0x3F, 0x98, 0x64, 0x0B, 0x03, 0x40, 0xD8, 0x67, 0x38, 0xFC, 0x0C,
    0x00, 0x00, 0x40, 0x04, 0x0F, 0xC3, 0xFE, 0x70, 0x66, 0x03, 0x40, 0x3C, 0x03, 0xC0, 0x14, 0x03,
    0x60, 0x36, 0x07, 0x38, 0xE1, 0xFC, 0x02, 0x00, 0x60, 0x02, 0x00, 0x00, 0x80, 0x21, 0xF8, 0xFE,
    0x61, 0x90, 0x2C, 0x0D, 0x03, 0x61, 0x9C, 0xE3, 0xF0, 0x30, 0x0C, 0x03, 0x00, 0xC0, 0xF0, 0x3C,
    0x0F, 0x03, 0xC0, 0xF0, 0x3C, 0x0F, 0x03, 0xC0, 0xD8, 0x67, 0x38, 0xFC, 0x0C, 0x03, 0x00, 0xC0,
    0x82, 0xC3, 0xC3, 0xC3, 0xC3, 0xC3, 0xC2, 0xC6, 0x7C, 0x00, 0x18, 0x18, 0x0C, 0x07, 0x80, 0x40,
    0x10, 0xC0, 0xF0, 0x3C, 0x0F, 0x03, 0xC0, 0xF0, 0x3C, 0x0F, 0x03, 0xC0, 0xD8, 0x67, 0x38, 0xFC,
    0x08, 0x00, 0x18, 0x38, 0x08, 0x18, 0x82, 0xC3, 0xC3, 0xC3, 0xC3, 0xC3, 0xC2, 0xC6, 0x7C, 0x00,
    0x03, 0x00, 0xE0, 0x00, 0x3C, 0x0E, 0xC0, 0xCC, 0x0C, 0xC0, 0xCC, 0x0C, 0xC0, 0xCC, 0x0C, 0xC0,
    0xCC, 0x0C, 0x61, 0x87, 0x38, 0x3F, 0x00, 0x80, 0x0C, 0x03, 0x21, 0x8A, 0x0E, 0xC3, 0x30, 0xCC,
    0x33, 0x0C, 0xC3, 0x30, 0x8C, 0x61, 0xF0, 0x00, 0x00, 0x30, 0x01, 0xC0, 0x00, 0x3C, 0x0E, 0xC0,
    0xCC, 0x0C, 0xC0, 0xCC, 0x0C, 0xC0, 0xCC, 0x0C, 0xC0, 0xCC, 0x0C, 0x61, 0x87, 0x38, 0x3F, 0x00,
    0x80, 0x20, 0x0C, 0x21, 0x8A, 0x0E, 0xC3, 0x30, 0xCC, 0x33, 0x0C, 0xC3, 0x30, 0x8C, 0x61, 0xF0,
    0x00, 0x00, 0x0C, 0x01, 0xE0, 0x04, 0x00, 0x43, 0xC0, 0xEC, 0x0C, 0xC0, 0xCC, 0x0C, 0xC0, 0xCC,
    0x0C, 0xC0, 0xCC, 0x0C, 0xC0, 0xC6, 0x18, 0x73, 0x83, 0xF0, 0x08, 0x00, 0x18, 0x0F, 0x00, 0x88,
    0x22, 0x83, 0xB0, 0xCC, 0x33, 0x0C, 0xC3, 0x30, 0xCC, 0x23, 0x18, 0x7C, 0x00, 0x00, 0x1B, 0x03,
    0xF0, 0x00, 0x3C, 0x0E, 0xC0, 0xCC, 0x0C, 0xC0, 0xCC, 0x0C, 0xC0, 0xCC, 0x0C, 0xC0, 0xCC, 0x0C,
    0x61, 0x87, 0x38, 0x3F, 0x00, 0x80, 0x36, 0x1F, 0xA0, 0x0A, 0x0E, 0xC3, 0x30, 0xCC, 0x33, 0x0C,
    0xC3, 0x30, 0x8C, 0x61, 0xF0, 0x00, 0x00, 0x00, 0x00, 0x03, 0xC0, 0xEC, 0x0C, 0xC0, 0xCC, 0x0C,
    0xC0, 0xCC, 0x0C, 0xC0, 0xCC, 0x0C, 0xC0, 0xC6, 0x18, 0x73, 0x83, 0xF0, 0x0C, 0x00, 0xC0, 0x0C,
    0x00, 0x00, 0x80, 0x28, 0x3B, 0x0C, 0xC3, 0x30, 0xCC, 0x33, 0x0C, 0xC2, 0x31, 0x87, 0xC0, 0x00,
    0x18, 0x06, 0x00, 0x30, 0x06, 0x00, 0x03, 0x02, 0xC1, 0x98, 0xC3, 0x70, 0xF8, 0x1C, 0x03, 0x00,
    0xC0, 0x30, 0x0C, 0x03, 0x00, 0xC0, 0x20, 0x30, 0x10, 0xC2, 0xC3, 0xC3, 0xC3, 0xC3, 0xC3, 0xC3,
    0xC7, 0x7F, 0x12, 0x06, 0xFC, 0x38, 0xC0, 0xB0, 0x66, 0x30, 0xDC, 0x3E, 0x07, 0x00, 0xC0, 0x30,
    0x0C, 0x03, 0x00, 0xC0, 0x30, 0x00, 0x03, 0x00, 0x80, 0xC2, 0x61, 0xB0, 0xD8, 0x6C, 0x36, 0x1B,
    0x0D, 0x8E, 0x7F, 0x09, 0x01, 0x9F, 0xB3, 0x90, 0x08, 0x07, 0x00, 0xC0, 0x30, 0xC0, 0xB0, 0x66,
    0x30, 0xDC, 0x3E, 0x07, 0x00, 0xC0, 0x30, 0x0C, 0x03, 0x00, 0xC0, 0x30, 0x18, 0x38, 0x08, 0x18,
    0xC2, 0xC3, 0xC3, 0xC3, 0xC3, 0xC3, 0xC3, 0xC7, 0x7F, 0x12, 0x06, 0xFC, 0x38, 0x3B, 0x0F, 0x80,
    0x03, 0x02, 0xC1, 0x98, 0xC3, 0x70, 0xF8, 0x1C, 0x03, 0x00, 0xC0, 0x30, 0x0C, 0x03, 0x00, 0xC0,
    0x76, 0x7C, 0x00, 0xC2, 0xC3, 0xC3, 0xC3, 0xC3, 0xC3, 0xC3, 0xC7, 0x7F, 0x12, 0x06, 0xFC, 0x38,
    0x7D, 0xE0, 0x7F, 0x00, 0x7F, 0x00, 0x7F, 0xF8, 0x00, 0x00, 0x7F, 0xF8, 0x00, 0x00, 0x7B, 0xA0,
    0xEF, 0x00, 0x1D, 0xF0, 0x6F, 0x6F, 0xD2, 0xF9, 0xED, 0x84, 0x03, 0xE6, 0xB6, 0x10, 0xC7, 0xDF,
    0x30, 0xC3, 0x0C, 0x10, 0x30, 0xC7, 0xDF, 0x31, 0xF3, 0x0C, 0x30, 0x7F, 0xFE, 0xF3, 0x00, 0x49,
    0xA6, 0xC0, 0x78, 0x60, 0x1E, 0x30, 0x0C, 0xCC, 0x03, 0x36, 0x00, 0x4F, 0x00, 0x1E, 0xC0, 0x03,
    0x6F, 0x38, 0x32, 0xDB, 0x0D, 0x9C, 0xC6, 0x67, 0x31, 0x19, 0x6C, 0xC3, 0xDE, 0x00, 0x00, 0x00,
    0x6D, 0xB4, 0xF2, 0xC8, 0x33, 0x6C, 0x67, 0x30, 0xC6, 0x63, 0x36, 0xC0, 0x01, 0x80, 0x80, 0xC0,
    0xC0, 0x40, 0x60, 0x60, 0x30, 0x30, 0x30, 0x18, 0x18, 0x00, 0x00, 0x33, 0xF3, 0x9D, 0xBC, 0x80,
    0x11, 0x9D, 0xAF, 0x88, 0x00, 0x33, 0xDC, 0xF5, 0xBC, 0x80, 0x33, 0x99, 0xED, 0x38, 0x80, 0x77,
    0xC4, 0x62, 0x30, 0x00, 0x73, 0xFE, 0xED, 0xBC, 0x80, 0x33, 0xB6, 0xF3, 0x31, 0x00, 0x33, 0xF3,
    0x9D, 0xBC, 0x80, 0x1F, 0x92, 0x40, 0x33, 0xD6, 0x66, 0x3C, 0x73, 0xCC, 0xF1, 0xB8, 0x80, 0x11,
    0x9D, 0xAF, 0x88, 0x00, 0x33, 0xDC, 0xF5, 0xBC, 0x80, 0x33, 0x99, 0xED, 0x38, 0x80, 0x77, 0xC4,
    0x62, 0x30, 0x00, 0x73, 0xFE, 0xED, 0xBC, 0x80, 0x33, 0xB6, 0xF3, 0x31, 0x00, 0x00, 0x80, 0x1B,
    0x0F, 0xE3, 0xFE, 0x33, 0x46, 0x6C, 0x66, 0x8C, 0xD8, 0xCD, 0x05, 0xB0, 0x7A, 0x07, 0x60, 0x3C,
    0xE7, 0xFC, 0x6E, 0x0D, 0x80, 0x10, 0x00, 0x7F, 0xBF, 0xD8, 0x0C, 0x06, 0x03, 0xF9, 0xFC, 0xC0,
    0xF0, 0x30, 0x18, 0x0C, 0x00, 0x1F, 0x07, 0xF0, 0xC2, 0x18, 0x03, 0x00, 0xFE, 0x1F, 0xC3, 0xF8,
    0x7F, 0x02, 0x00, 0xE0, 0x7F, 0xF4, 0x38, 0x60, 0x67, 0x06, 0x70, 0x67, 0x86, 0x6C, 0x6F, 0xFF,
    0xFF, 0xF6, 0x36, 0x61, 0xE6, 0x1E, 0x60, 0xE6, 0x06, 0x7F, 0x0F, 0xF1, 0x82, 0x7F, 0xFF, 0xFC,
    0xC3, 0x1F, 0xC3, 0x00, 0x60, 0x0C, 0x01, 0x80, 0x30, 0x00, 0xC0, 0x03, 0xC0, 0x03, 0x60, 0x02,
    0x61, 0x86, 0x61, 0x86, 0xFF, 0xFF, 0xFF, 0xFF, 0x36, 0x6C, 0x1E, 0x68, 0x1C, 0x38, 0x1C, 0x38,
    0x0C, 0x30, 0x04, 0x0E, 0x1F, 0x06, 0x7E, 0x6E, 0xC6, 0xC6, 0x6E, 0x7E, 0x00, 0xFE, 0x00, 0x07,
    0xC3, 0xFC, 0xE0, 0x18, 0x07, 0xC1, 0xFC, 0x18, 0x07, 0xF0, 0x30, 0x06, 0x00, 0x71, 0x87, 0xE0,
    0x10, 0x60, 0x4C, 0x19, 0x86, 0x31, 0x86, 0x61, 0xFF, 0xBF, 0xE3, 0x98, 0x63, 0x8C, 0x31, 0x83,
    0x30, 0x30, 0x00, 0x7F, 0x0F, 0xF3, 0xFF, 0x30, 0x6F, 0xFC, 0xC3, 0x1F, 0xC3, 0x00, 0x60, 0x0C,
    0x01, 0x80, 0x30, 0x00, 0x00, 0x00, 0x40, 0x3F, 0x1F, 0xE3, 0x20, 0xC4, 0x18, 0x86, 0x10, 0xC3,
    0xE8, 0x6D, 0x89, 0xB9, 0x33, 0xAE, 0x3F, 0x80, 0xC0, 0x10, 0x02, 0x00, 0x00, 0x02, 0x00, 0x40,
    0x3F, 0x1F, 0xF3, 0x20, 0xC4, 0x18, 0x86, 0x10, 0xC2, 0x08, 0x41, 0x88, 0x31, 0x03, 0xAE, 0x3F,
    0x80, 0xC0, 0x10, 0x02, 0x00, 0x7F, 0xBF, 0xC1, 0x8F, 0xF0, 0x60, 0x31, 0xF0, 0x1C, 0x06, 0x03,
    0x00, 0x80, 0x60, 0x10, 0x09, 0x05, 0x83, 0xA3, 0xF3, 0xF1, 0x60, 0x60, 0x70, 0x88, 0xC5, 0xC3,
    0xC1, 0x00, 0x08, 0x03, 0x01, 0xE1, 0xFC, 0x6D, 0xB3, 0x3C, 0xCF, 0x33, 0xCC, 0xF3, 0x3C, 0x0F,
    0x03, 0xC0, 0xF0, 0x30, 0x00, 0x7F, 0x1F, 0xE6, 0x09, 0x83, 0x60, 0x98, 0x6F, 0xF1, 0x80, 0xF0,
    0x3C, 0x06, 0x01, 0x80, 0x00, 0x0E, 0x03, 0x80, 0x61, 0xF1, 0xFD, 0x86, 0x83, 0xC1, 0xA0, 0xD8,
    0x6E, 0x63, 0xE0, 0x00, 0x1E, 0xCF, 0xE6, 0x39, 0x1E, 0xCC, 0xF6, 0x37, 0x19, 0xCE, 0xFF, 0x03,
    0x00, 0x06, 0x00, 0x60, 0x0E, 0x00, 0xB0, 0x19, 0x01, 0x98, 0x31, 0x83, 0x0C, 0x60, 0xC6, 0x06,
    0x40, 0x6F, 0xFE, 0xFF, 0xEF, 0xF8, 0x83, 0x10, 0x62, 0x0C, 0x41, 0x88, 0x31, 0x06, 0x20, 0xC4,
    0x18, 0x83, 0x10, 0x62, 0x0C, 0x41, 0x88, 0x31, 0x04, 0x7F, 0x7F, 0x70, 0x30, 0x18, 0x0C, 0x0C,
    0x0C, 0x18, 0x30, 0x60, 0x7F, 0x00, 0x7F, 0x00, 0x80, 0xC0, 0xC0, 0x60, 0x60, 0x30, 0x30, 0x18,
    0x18, 0x0C, 0x0C, 0x06, 0x06, 0x03, 0x03, 0x01, 0x80, 0x00, 0x00, 0x4D, 0x80, 0x00, 0x40, 0x30,
    0x0C, 0x02, 0x01, 0x9C, 0x6D, 0x10, 0x6C, 0x1B, 0x03, 0x80, 0xE0, 0x18, 0x10, 0x31, 0xF1, 0xE4,
    0x6C, 0xF0, 0xE1, 0xC3, 0x85, 0x9B, 0x37, 0xC7, 0x84, 0x0C, 0x00, 0x03, 0xC3, 0x01, 0x80, 0xC0,
    0x40, 0x60, 0x30, 0x18, 0x0C, 0x06, 0x02, 0x03, 0x07, 0x83, 0x00, 0x00, 0x7D, 0x5F, 0x00, 0x7F,
    0x4F, 0x00, 0x06, 0x7F, 0x7F, 0x18, 0x7F, 0x7F, 0x20, 0x20, 0x01, 0x87, 0xDF, 0x0E, 0x07, 0xC0,
    0x78, 0x0E, 0xFF, 0x7F, 0x80, 0x70, 0x1E, 0x03, 0xE0, 0x71, 0xF3, 0xC1, 0x80, 0xFF, 0x7F, 0x80,
    0x08, 0x1E, 0x0C, 0x66, 0x0F, 0xDF, 0xEC, 0xC6, 0x63, 0x31, 0x98, 0xCC, 0x66, 0x33, 0x18, 0x09,
    0x1E, 0xCC, 0x66, 0x3F, 0xDF, 0xEC, 0xC6, 0x63, 0x31, 0x98, 0xCC, 0x66, 0x33, 0x18,
};

static const EpdGlyph quicksand_8_regularGlyphs[] = {
    { 0, 0, 73, 0, 0, 0, 0 }, // U+000D
    { 0, 0, 73, 0, 0, 0, 0 }, // U+0020
    { 3, 12, 49, 0, 12, 5, 0 }, // !
    { 6, 5, 102, 0, 12, 4, 5 }, // "
    { 11, 12, 174, 0, 12, 17, 9 }, // #
    { 9, 18, 150, 0, 15, 21, 26 }, // $
    { 13, 13, 207, 0, 12, 22, 47 }, // %
    { 11, 13, 181, 0, 12, 18, 69 }, // &
    { 3, 5, 51, 0, 12, 2, 87 }, // '
    { 6, 16, 100, 0, 12, 12, 89 }, // (
    { 6, 16, 100, 0, 12, 12, 101 }, // )
    { 5, 6, 82, 0, 12, 4, 113 }, // *
    { 9, 9, 150, 0, 10, 11, 117 }, // +
    { 3, 4, 52, 0, 2, 2, 128 }, // ,
    { 6, 2, 104, 0, 6, 2, 130 }, // -
    { 3, 2, 48, 0, 2, 1, 132 }, // .
    { 9, 17, 139, 0, 14, 20, 133 }, // /
    { 9, 13, 159, 0, 12, 15, 153 }, // 0
    { 5, 12, 99, 0, 12, 8, 168 }, // 1
    { 9, 12, 148, 0, 12, 14, 176 }, // 2
    { 8, 13, 140, 0, 12, 13, 190 }, // 3
    { 9, 12, 141, 0, 12, 14, 203 }, // 4
    { 8, 13, 145, 1, 12, 13, 217 }, // 5
    { 9, 14, 144, 0, 13, 16, 230 }, // 6
    { 9, 13, 137, 0, 12, 15, 246 }, // 7
    { 9, 13, 144, 0, 12, 15, 261 }, // 8
    { 9, 13, 149, 0, 12, 15, 276 }, // 9
    { 3, 9, 50, 0, 9, 4, 291 }, // :
    { 3, 11, 53, 0, 9, 5, 295 }, // ;
    { 8, 9, 140, 0, 10, 9, 300 }, // <
    { 8, 5, 138, 0, 8, 5, 309 }, // =
    { 8, 9, 141, 1, 10, 9, 314 }, // >
    { 8, 13, 129, 0, 13, 13, 323 }, // ?
    { 16, 15, 259, 0, 12, 30, 336 }, // @
    { 11, 13, 173, 0, 12, 18, 366 }, // A
    { 10, 12, 174, 1, 12, 15, 384 }, // B
    { 11, 13, 174, 0, 12, 18, 399 }, // C
    { 11, 12, 192, 1, 12, 17, 417 }, // D
    { 8, 12, 152, 1, 12, 12, 434 }, // E
    { 8, 12, 151, 1, 12, 12, 446 }, // F
    { 11, 13, 185, 0, 12, 18, 458 }, // G
    { 10, 12, 192, 1, 12, 15, 476 }, // H
    { 2, 12, 67, 1, 12, 3, 491 }, // I
    { 7, 13, 153, 1, 12, 12, 494 }, // J
    { 10, 13, 180, 1, 12, 17, 506 }, // K
    { 8, 12, 142, 1, 12, 12, 523 }, // L
    { 12, 12, 221, 1, 12, 18, 535 }, // M
    { 10, 12, 194, 1, 12, 15, 553 }, // N
    { 12, 13, 204, 0, 12, 20, 568 }, // O
    { 9, 12, 159, 1, 12, 14, 588 }, // P
    { 14, 15, 207, 0, 12, 27, 602 }, // Q
    { 10, 12, 179, 1, 12, 15, 629 }, // R
    { 9, 13, 150, 0, 12, 15, 644 }, // S
    { 10, 12, 161, 0, 12, 15, 659 }, // T
    { 10, 13, 190, 1, 12, 17, 674 }, // U
    { 11, 12, 177, 0, 12, 17, 691 }, // V
    { 16, 12, 258, 0, 12, 24, 708 }, // W
    { 10, 13, 162, 0, 12, 17, 732 }, // X
    { 10, 12, 149, 0, 12, 15, 749 }, // Y
    { 10, 12, 172, 0, 12, 15, 764 }, // Z
    { 6, 16, 106, 1, 12, 12, 779 }, // [
    { 9, 17, 140, 0, 14, 20, 791 }, // <backslash>
    { 6, 16, 106, 0, 12, 12, 811 }, // ]
    { 8, 7, 138, 0, 13, 7, 823 }, // ^
    { 11, 2, 178, 0, -1, 3, 830 }, // _
    { 3, 3, 60, 0, 12, 2, 833 }, // `
    { 9, 10, 162, 0, 9, 12, 835 }, // a
    { 9, 14, 162, 1, 13, 16, 847 }, // b
    { 9, 10, 138, 0, 9, 12, 863 }, // c
    { 9, 14, 162, 0, 13, 16, 875 }, // d
    { 9, 10, 151, 0, 9, 12, 891 }, // e
    { 6, 13, 96, 0, 13, 10, 903 }, // f
    { 10, 13, 166, 0, 9, 17, 913 }, // g
    { 8, 13, 152, 1, 13, 13, 930 }, // h
    { 2, 12, 57, 1, 12, 3, 943 }, // i
    { 4, 16, 72, -1, 12, 8, 946 }, // j
    { 8, 13, 143, 1, 13, 13, 954 }, // k
    { 2, 13, 61, 1, 13, 4, 967 }, // l
    { 13, 9, 243, 1, 9, 15, 971 }, // m
    { 8, 9, 154, 1, 9, 9, 986 }, // n
    { 10, 10, 161, 0, 9, 13, 995 }, // o
    { 9, 13, 162, 1, 9, 15, 1008 }, // p
    { 9, 13, 162, 0, 9, 15, 1023 }, // q
    { 6, 9, 103, 1, 9, 7, 1038 }, // r
    { 8, 10, 125, 0, 9, 10, 1045 }, // s
    { 6, 11, 90, 0, 11, 9, 1055 }, // t
    { 8, 10, 152, 1, 9, 10, 1064 }, // u
    { 9, 10, 141, 0, 9, 12, 1074 }, // v
    { 12, 10, 201, 0, 9, 15, 1086 }, // w
    { 8, 10, 129, 0, 9, 10, 1101 }, // x
    { 8, 13, 152, 1, 9, 13, 1111 }, // y
    { 8, 9, 128, 0, 9, 9, 1124 }, // z
    { 7, 16, 114, 0, 12, 14, 1133 }, // {
    { 2, 18, 55, 1, 14, 5, 1147 }, // |
    { 7, 16, 114, 0, 12, 14, 1152 }, // }
    { 7, 3, 124, 0, 7, 3, 1166 }, // ~
    { 0, 0, 73, 0, 0, 0, 1169 }, // U+00A0
    { 3, 13, 49, 0, 9, 5, 1169 }, // U+00A1
    { 8, 12, 137, 0, 12, 12, 1174 }, // U+00A2
    { 11, 13, 164, 0, 12, 18, 1186 }, // U+00A3
    { 8, 8, 132, 0, 9, 8, 1204 }, // U+00A4
    { 10, 12, 149, 0, 12, 15, 1212 }, // U+00A5
    { 2, 18, 55, 1, 14, 5, 1227 }, // U+00A6
    { 9, 15, 142, 0, 12, 17, 1232 }, // U+00A7
    { 5, 2, 107, 1, 12, 2, 1249 }, // U+00A8
    { 13, 13, 212, 0, 12, 22, 1251 }, // U+00A9
    { 6, 6, 93, 0, 12, 5, 1273 }, // U+00AA
    { 7, 8, 121, 0, 8, 7, 1278 }, // U+00AB
    { 10, 5, 173, 0, 7, 7, 1285 }, // U+00AC
    { 6, 2, 104, 0, 6, 2, 1292 }, // U+00AD
    { 9, 8, 142, 0, 12, 9, 1294 }, // U+00AE
    { 6, 2, 106, 0, 11, 2, 1303 }, // U+00AF
    { 6, 5, 89, 0, 12, 4, 1305 }, // U+00B0
    { 8, 9, 140, 0, 11, 9, 1309 }, // U+00B1
    { 5, 6, 85, 0, 14, 4, 1318 }, // U+00B2
    { 5, 7, 83, 0, 14, 5, 1322 }, // U+00B3
    { 3, 3, 75, 1, 12, 2, 1327 }, // U+00B4
    { 8, 12, 148, 1, 9, 12, 1329 }, // U+00B5
    { 9, 13, 166, 0, 12, 15, 1341 }, // U+00B6
    { 3, 2, 52, 0, 6, 1, 1356 }, // U+00B7
    { 3, 4, 74, 0, 1, 2, 1357 }, // U+00B8
    { 3, 7, 59, 0, 14, 3, 1359 }, // U+00B9
    { 6, 6, 93, 0, 12, 5, 1362 }, // U+00BA
    { 8, 8, 120, 0, 8, 8, 1367 }, // U+00BB
    { 11, 14, 183, 0, 13, 20, 1375 }, // U+00BC
    { 11, 14, 177, 0, 13, 20, 1395 }, // U+00BD
    { 12, 13, 197, 0, 12, 20, 1415 }, // U+00BE
    { 8, 14, 127, 0, 10, 14, 1435 }, // U+00BF
    { 11, 16, 173, 0, 15, 22, 1449 }, // U+00C0
    { 11, 16, 173, 0, 15, 22, 1471 }, // U+00C1
    { 11, 16, 173, 0, 15, 22, 1493 }, // U+00C2
    { 11, 16, 173, 0, 15, 22, 1515 }, // U+00C3
    { 11, 16, 173, 0, 15, 22, 1537 }, // U+00C4
    { 11, 16, 173, 0, 15, 22, 1559 }, // U+00C5
    { 15, 13, 245, 0, 12, 25, 1581 }, // U+00C6
    { 11, 15, 174, 0, 12, 21, 1606 }, // U+00C7
    { 8, 15, 152, 1, 15, 15, 1627 }, // U+00C8
    { 8, 15, 152, 1, 15, 15, 1642 }, // U+00C9
    { 8, 15, 152, 1, 15, 15, 1657 }, // U+00CA
    { 8, 15, 152, 1, 15, 15, 1672 }, // U+00CB
    { 4, 15, 67, -1, 15, 8, 1687 }, // U+00CC
    { 4, 15, 67, 1, 15, 8, 1695 }, // U+00CD
    { 5, 15, 67, 0, 15, 10, 1703 }, // U+00CE
    { 6, 15, 67, -1, 15, 12, 1713 }, // U+00CF
    { 12, 12, 192, 0, 12, 18, 1725 }, // U+00D0
    { 10, 15, 194, 1, 15, 19, 1743 }, // U+00D1
    { 12, 16, 204, 0, 15, 24, 1762 }, // U+00D2
    { 12, 16, 204, 0, 15, 24, 1786 }, // U+00D3
    { 12, 16, 204, 0, 15, 24, 1810 }, // U+00D4
    { 12, 16, 204, 0, 15, 24, 1834 }, // U+00D5
    { 12, 16, 204, 0, 15, 24, 1858 }, // U+00D6
    { 7, 7, 124, 0, 9, 7, 1882 }, // U+00D7
    { 12, 14, 194, 0, 13, 21, 1889 }, // U+00D8
    { 10, 16, 190, 1, 15, 20, 1910 }, // U+00D9
    { 10, 16, 190, 1, 15, 20, 1930 }, // U+00DA
    { 10, 16, 190, 1, 15, 20, 1950 }, // U+00DB
    { 10, 16, 190, 1, 15, 20, 1970 }, // U+00DC
    { 10, 15, 149, 0, 15, 19, 1990 }, // U+00DD
    { 9, 13, 157, 1, 13, 15, 2009 }, // U+00DE
    { 10, 14, 162, 0, 13, 18, 2024 }, // U+00DF
    { 9, 13, 162, 0, 12, 15, 2042 }, // U+00E0
    { 9, 13, 162, 0, 12, 15, 2057 }, // U+00E1
    { 9, 13, 162, 0, 12, 15, 2072 }, // U+00E2
    { 9, 13, 162, 0, 12, 15, 2087 }, // U+00E3
    { 9, 13, 162, 0, 12, 15, 2102 }, // U+00E4
    { 9, 14, 162, 0, 13, 16, 2117 }, // U+00E5
    { 15, 10, 241, 0, 9, 19, 2133 }, // U+00E6
    { 9, 12, 138, 0, 9, 14, 2152 }, // U+00E7
    { 9, 13, 151, 0, 12, 15, 2166 }, // U+00E8
    { 9, 13, 151, 0, 12, 15, 2181 }, // U+00E9
    { 9, 13, 151, 0, 12, 15, 2196 }, // U+00EA
    { 9, 13, 151, 0, 12, 15, 2211 }, // U+00EB
    { 4, 12, 57, -1, 12, 6, 2226 }, // U+00EC
    { 3, 12, 57, 1, 12, 5, 2232 }, // U+00ED
    { 5, 12, 57, -1, 12, 8, 2237 }, // U+00EE
    { 5, 12, 57, -1, 12, 8, 2245 }, // U+00EF
    { 9, 14, 153, 0, 13, 16, 2253 }, // U+00F0
    { 8, 12, 154, 1, 12, 12, 2269 }, // U+00F1
    { 10, 13, 161, 0, 12, 17, 2281 }, // U+00F2
    { 10, 13, 161, 0, 12, 17, 2298 }, // U+00F3
    { 10, 13, 161, 0, 12, 17, 2315 }, // U+00F4
    { 10, 13, 161, 0, 12, 17, 2332 }, // U+00F5
    { 10, 13, 161, 0, 12, 17, 2349 }, // U+00F6
    { 9, 9, 150, 0, 10, 11, 2366 }, // U+00F7
    { 10, 11, 161, 0, 10, 14, 2377 }, // U+00F8
    { 8, 13, 152, 1, 12, 13, 2391 }, // U+00F9
    { 8, 13, 152, 1, 12, 13, 2404 }, // U+00FA
    { 8, 13, 152, 1, 12, 13, 2417 }, // U+00FB
    { 8, 13, 152, 1, 12, 13, 2430 }, // U+00FC
    { 8, 16, 152, 1, 12, 16, 2443 }, // U+00FD
    { 9, 17, 162, 1, 13, 20, 2459 }, // U+00FE
    { 8, 16, 152, 1, 12, 16, 2479 }, // U+00FF
    { 11, 16, 173, 0, 15, 22, 2495 }, // U+0100
    { 9, 12, 162, 0, 11, 14, 2517 }, // U+0101
    { 11, 17, 173, 0, 16, 24, 2531 }, // U+0102
    { 9, 14, 162, 0, 13, 16, 2555 }, // U+0103
    { 11, 16, 173, 0, 12, 22, 2571 }, // U+0104
    { 10, 13, 161, 0, 9, 17, 2593 }, // U+0105
    { 11, 16, 174, 0, 15, 22, 2610 }, // U+0106
    { 9, 13, 138, 0, 12, 15, 2632 }, // U+0107
    { 11, 16, 174, 0, 15, 22, 2647 }, // U+0108
    { 9, 13, 138, 0, 12, 15, 2669 }, // U+0109
    { 11, 16, 174, 0, 15, 22, 2684 }, // U+010A
    { 9, 13, 138, 0, 12, 15, 2706 }, // U+010B
    { 11, 17, 174, 0, 16, 24, 2721 }, // U+010C
    { 9, 13, 138, 0, 12, 15, 2745 }, // U+010D
    { 11, 16, 192, 1, 16, 22, 2760 }, // U+010E
    { 12, 14, 167, 0, 13, 21, 2782 }, // U+010F
    { 12, 12, 192, 0, 12, 18, 2803 }, // U+0110
    { 10, 14, 162, 0, 13, 18, 2821 }, // U+0111
    { 8, 15, 152, 1, 15, 15, 2839 }, // U+0112
    { 9, 12, 151, 0, 11, 14, 2854 }, // U+0113
    { 8, 16, 152, 1, 16, 16, 2868 }, // U+0114
    { 9, 14, 151, 0, 13, 16, 2884 }, // U+0115
    { 8, 15, 152, 1, 15, 15, 2900 }, // U+0116
    { 9, 13, 151, 0, 12, 15, 2915 }, // U+0117
    { 8, 16, 154, 1, 12, 16, 2930 }, // U+0118
    { 9, 13, 151, 0, 9, 15, 2946 }, // U+0119
    { 8, 16, 152, 1, 16, 16, 2961 }, // U+011A
    { 9, 13, 151, 0, 12, 15, 2977 }, // U+011B
    { 11, 16, 185, 0, 15, 22, 2992 }, // U+011C
    { 10, 16, 166, 0, 12, 20, 3014 }, // U+011D
    { 11, 17, 185, 0, 16, 24, 3034 }, // U+011E
    { 10, 17, 166, 0, 13, 22, 3058 }, // U+011F
    { 11, 16, 185, 0, 15, 22, 3080 }, // U+0120
    { 10, 16, 166, 0, 12, 20, 3102 }, // U+0121
    { 11, 16, 185, 0, 12, 22, 3122 }, // U+0122
    { 10, 17, 166, 0, 13, 22, 3144 }, // U+0123
    { 10, 15, 192, 1, 15, 19, 3166 }, // U+0124
    { 10, 15, 152, -1, 15, 19, 3185 }, // U+0125
    { 12, 12, 222, 1, 12, 18, 3204 }, // U+0126
    { 9, 13, 152, 0, 13, 15, 3222 }, // U+0127
    { 6, 15, 67, -1, 15, 12, 3237 }, // U+0128
    { 6, 12, 57, -1, 12, 9, 3249 }, // U+0129
    { 6, 15, 67, -1, 15, 12, 3258 }, // U+012A
    { 6, 11, 57, -1, 11, 9, 3270 }, // U+012B
    { 6, 16, 67, -1, 16, 12, 3279 }, // U+012C
    { 5, 13, 57, -1, 13, 9, 3291 }, // U+012D
    { 4, 16, 63, 0, 12, 8, 3300 }, // U+012E
    { 4, 16, 57, -1, 12, 8, 3308 }, // U+012F
    { 2, 15, 67, 1, 15, 4, 3316 }, // U+0130
    { 2, 9, 57, 1, 9, 3, 3320 }, // U+0131
    { 8, 13, 160, 1, 12, 13, 3323 }, // U+0132
    { 6, 16, 127, 1, 12, 12, 3336 }, // U+0133
    { 9, 16, 153, 1, 15, 18, 3348 }, // U+0134
    { 6, 16, 64, -1, 12, 12, 3366 }, // U+0135
    { 10, 16, 180, 1, 12, 20, 3378 }, // U+0136
    { 8, 17, 143, 1, 13, 17, 3398 }, // U+0137
    { 8, 9, 143, 1, 9, 9, 3415 }, // U+0138
    { 8, 15, 142, 1, 15, 15, 3424 }, // U+0139
    { 4, 15, 61, 1, 15, 8, 3439 }, // U+013A
    { 8, 16, 142, 1, 12, 16, 3447 }, // U+013B
    { 3, 17, 61, 0, 13, 7, 3463 }, // U+013C
    { 8, 13, 142, 1, 13, 13, 3470 }, // U+013D
    { 5, 13, 65, 1, 13, 9, 3483 }, // U+013E
    { 8, 12, 144, 1, 12, 12, 3492 }, // U+013F
    { 5, 13, 82, 1, 13, 9, 3504 }, // U+0140
    { 10, 12, 154, 0, 12, 15, 3513 }, // U+0141
    { 6, 13, 62, -1, 13, 10, 3528 }, // U+0142
    { 10, 15, 194, 1, 15, 19, 3538 }, // U+0143
    { 8, 12, 154, 1, 12, 12, 3557 }, // U+0144
    { 10, 16, 194, 1, 12, 20, 3569 }, // U+0145
    { 8, 13, 154, 1, 9, 13, 3589 }, // U+0146
    { 10, 16, 194, 1, 16, 20, 3602 }, // U+0147
    { 8, 12, 154, 1, 12, 12, 3622 }, // U+0148
    { 10, 12, 162, -1, 12, 15, 3634 }, // U+0149
    { 10, 16, 200, 1, 12, 20, 3649 }, // U+014A
    { 8, 13, 154, 1, 9, 13, 3669 }, // U+014B
    { 12, 16, 204, 0, 15, 24, 3682 }, // U+014C
    { 10, 13, 161, 0, 12, 17, 3706 }, // U+014D
    { 12, 17, 204, 0, 16, 26, 3723 }, // U+014E
    { 10, 14, 161, 0, 13, 18, 3749 }, // U+014F
    { 12, 16, 204, 0, 15, 24, 3767 }, // U+0150
    { 10, 13, 161, 0, 12, 17, 3791 }, // U+0151
    { 16, 12, 264, 0, 12, 24, 3808 }, // U+0152
    { 17, 10, 270, 0, 9, 22, 3832 }, // U+0153
    { 10, 15, 179, 1, 15, 19, 3854 }, // U+0154
    { 6, 12, 103, 1, 12, 9, 3873 }, // U+0155
    { 10, 16, 179, 1, 12, 20, 3882 }, // U+0156
    { 7, 13, 103, 0, 9, 12, 3902 }, // U+0157
    { 10, 16, 179, 1, 16, 20, 3914 }, // U+0158
    { 6, 12, 103, 1, 12, 9, 3934 }, // U+0159
    { 9, 16, 150, 0, 15, 18, 3943 }, // U+015A
    { 8, 13, 125, 0, 12, 13, 3961 }, // U+015B
    { 9, 16, 150, 0, 15, 18, 3974 }, // U+015C
    { 8, 13, 125, 0, 12, 13, 3992 }, // U+015D
    { 9, 15, 150, 0, 12, 17, 4005 }, // U+015E
    { 8, 12, 125, 0, 9, 12, 4022 }, // U+015F
    { 9, 17, 150, 0, 16, 20, 4034 }, // U+0160
    { 8, 13, 125, 0, 12, 13, 4054 }, // U+0161
    { 10, 15, 161, 0, 12, 19, 4067 }, // U+0162
    { 6, 14, 90, 0, 11, 11, 4086 }, // U+0163
    { 10, 16, 161, 0, 16, 20, 4097 }, // U+0164
    { 6, 13, 90, 0, 13, 10, 4117 }, // U+0165
    { 10, 12, 161, 0, 12, 15, 4127 }, // U+0166
    { 6, 11, 90, 0, 11, 9, 4142 }, // U+0167
    { 10, 16, 190, 1, 15, 20, 4151 }, // U+0168
    { 8, 13, 152, 1, 12, 13, 4171 }, // U+0169
    { 10, 16, 190, 1, 15, 20, 4184 }, // U+016A
    { 8, 12, 152, 1, 11, 12, 4204 }, // U+016B
    { 10, 17, 190, 1, 16, 22, 4216 }, // U+016C
    { 8, 14, 152, 1, 13, 14, 4238 }, // U+016D
    { 10, 17, 190, 1, 16, 22, 4252 }, // U+016E
    { 8, 14, 152, 1, 13, 14, 4274 }, // U+016F
    { 10, 16, 190, 1, 15, 20, 4288 }, // U+0170
    { 8, 13, 152, 1, 12, 13, 4308 }, // U+0171
    { 10, 16, 190, 1, 12, 20, 4321 }, // U+0172
    { 8, 13, 152, 1, 9, 13, 4341 }, // U+0173
    { 16, 15, 258, 0, 15, 30, 4354 }, // U+0174
    { 12, 13, 201, 0, 12, 20, 4384 }, // U+0175
    { 10, 15, 149, 0, 15, 19, 4404 }, // U+0176
    { 8, 16, 152, 1, 12, 16, 4423 }, // U+0177
    { 10, 15, 149, 0, 15, 19, 4439 }, // U+0178
    { 10, 15, 172, 0, 15, 19, 4458 }, // U+0179
    { 8, 12, 128, 0, 12, 12, 4477 }, // U+017A
    { 10, 15, 172, 0, 15, 19, 4489 }, // U+017B
    { 8, 12, 128, 0, 12, 12, 4508 }, // U+017C
    { 10, 16, 172, 0, 16, 20, 4520 }, // U+017D
    { 8, 12, 128, 0, 12, 12, 4540 }, // U+017E
    { 12, 15, 204, 0, 14, 23, 4552 }, // U+01A0
    { 10, 12, 161, 0, 11, 15, 4575 }, // U+01A1
    { 12, 15, 190, 1, 14, 23, 4590 }, // U+01AF
    { 10, 12, 152, 1, 11, 15, 4613 }, // U+01B0
    { 21, 16, 364, 1, 16, 42, 4628 }, // U+01C4
    { 19, 12, 320, 1, 12, 29, 4670 }, // U+01C5
    { 18, 14, 289, 0, 13, 32, 4699 }, // U+01C6
    { 16, 13, 294, 1, 12, 26, 4731 }, // U+01C7
    { 11, 16, 214, 1, 12, 22, 4757 }, // U+01C8
    { 6, 17, 129, 1, 13, 13, 4779 }, // U+01C9
    { 20, 13, 347, 1, 12, 33, 4792 }, // U+01CA
    { 14, 16, 266, 1, 12, 28, 4825 }, // U+01CB
    { 12, 16, 226, 1, 12, 24, 4853 }, // U+01CC
    { 11, 17, 173, 0, 16, 24, 4877 }, // U+01CD
    { 9, 13, 162, 0, 12, 15, 4901 }, // U+01CE
    { 5, 16, 67, 0, 16, 10, 4916 }, // U+01CF
    { 5, 12, 57, -1, 12, 8, 4926 }, // U+01D0
    { 12, 17, 204, 0, 16, 26, 4934 }, // U+01D1
    { 10, 13, 161, 0, 12, 17, 4960 }, // U+01D2
    { 10, 17, 190, 1, 16, 22, 4977 }, // U+01D3
    { 8, 13, 152, 1, 12, 13, 4999 }, // U+01D4
    { 11, 17, 185, 0, 16, 24, 5012 }, // U+01E6
    { 10, 16, 166, 0, 12, 20, 5036 }, // U+01E7
    { 12, 16, 204, 0, 12, 24, 5056 }, // U+01EA
    { 10, 13, 159, 0, 9, 17, 5080 }, // U+01EB
    { 19, 12, 319, 1, 12, 29, 5097 }, // U+01F2
    { 11, 18, 173, 0, 17, 25, 5126 }, // U+01FA
    { 9, 16, 161, 0, 15, 18, 5151 }, // U+01FB
    { 15, 16, 245, 0, 15, 30, 5169 }, // U+01FC
    { 15, 13, 241, 0, 12, 25, 5199 }, // U+01FD
    { 12, 16, 194, 0, 15, 24, 5224 }, // U+01FE
    { 10, 13, 161, 0, 12, 17, 5248 }, // U+01FF
    { 11, 16, 173, 0, 15, 22, 5265 }, // U+0200
    { 9, 13, 162, 0, 12, 15, 5287 }, // U+0201
    { 11, 16, 173, 0, 15, 22, 5302 }, // U+0202
    { 9, 14, 162, 0, 13, 16, 5324 }, // U+0203
    { 8, 15, 152, 1, 15, 15, 5340 }, // U+0204
    { 9, 13, 151, 0, 12, 15, 5355 }, // U+0205
    { 8, 15, 152, 1, 15, 15, 5370 }, // U+0206
    { 9, 14, 151, 0, 13, 16, 5385 }, // U+0207
    { 7, 15, 67, -2, 15, 14, 5401 }, // U+0208
    { 6, 12, 57, -2, 12, 9, 5415 }, // U+0209
    { 6, 15, 67, -1, 15, 12, 5424 }, // U+020A
    { 6, 13, 57, -1, 13, 10, 5436 }, // U+020B
    { 12, 16, 204, 0, 15, 24, 5446 }, // U+020C
    { 10, 14, 161, 0, 13, 18, 5470 }, // U+020D
    { 12, 16, 204, 0, 15, 24, 5488 }, // U+020E
    { 10, 14, 161, 0, 13, 18, 5512 }, // U+020F
    { 10, 15, 179, 1, 15, 19, 5530 }, // U+0210
    { 7, 12, 103, 0, 12, 11, 5549 }, // U+0211
    { 10, 15, 179, 1, 15, 19, 5560 }, // U+0212
    { 6, 13, 103, 1, 13, 10, 5579 }, // U+0213
    { 10, 16, 190, 1, 15, 20, 5589 }, // U+0214
    { 8, 13, 152, 1, 12, 13, 5609 }, // U+0215
    { 10, 16, 190, 1, 15, 20, 5622 }, // U+0216
    { 8, 14, 152, 1, 13, 14, 5642 }, // U+0217
    { 9, 16, 150, 0, 12, 18, 5656 }, // U+0218
    { 8, 13, 125, 0, 9, 13, 5674 }, // U+0219
    { 10, 16, 161, 0, 12, 20, 5687 }, // U+021A
    { 6, 15, 90, 0, 11, 12, 5707 }, // U+021B
    { 3, 3, 0, 0, 12, 2, 5719 }, // U+0300
    { 3, 3, 0, 1, 12, 2, 5721 }, // U+0301
    { 5, 3, 0, 0, 12, 2, 5723 }, // U+0302
    { 6, 3, 0, 0, 12, 3, 5725 }, // U+0303
    { 6, 2, 0, 0, 11, 2, 5728 }, // U+0304
    { 6, 3, 0, 0, 12, 3, 5730 }, // U+0306
    { 3, 3, 0, 0, 12, 2, 5733 }, // U+0307
    { 5, 2, 0, 1, 12, 2, 5735 }, // U+0308
    { 4, 4, 0, 1, 13, 2, 5737 }, // U+0309
    { 5, 4, 0, 0, 13, 3, 5739 }, // U+030A
    { 6, 3, 0, 0, 12, 3, 5742 }, // U+030B
    { 5, 3, 0, 0, 12, 2, 5745 }, // U+030C
    { 6, 3, 0, 0, 12, 3, 5747 }, // U+030F
    { 5, 4, 0, 1, 13, 3, 5750 }, // U+0311
    { 3, 4, 0, 1, 13, 2, 5753 }, // U+0312
    { 3, 4, 0, 1, 11, 2, 5755 }, // U+031B
    { 3, 2, 0, 0, -1, 1, 5757 }, // U+0323
    { 6, 3, 0, 0, 0, 3, 5758 }, // U+0324
    { 3, 4, 0, 0, 0, 2, 5761 }, // U+0326
    { 4, 4, 0, 0, 1, 2, 5763 }, // U+0327
    { 4, 5, 0, 0, 1, 3, 5765 }, // U+0328
    { 5, 3, 0, 0, -1, 2, 5768 }, // U+032D
    { 6, 3, 0, 0, 0, 3, 5770 }, // U+032E
    { 6, 2, 0, 0, -1, 2, 5773 }, // U+0331
    { 5, 2, 0, 0, 6, 2, 5775 }, // U+0335
    { 11, 15, 173, 0, 12, 21, 5777 }, // U+1EA0
    { 9, 12, 162, 0, 9, 14, 5798 }, // U+1EA1
    { 11, 17, 173, 0, 16, 24, 5812 }, // U+1EA2
    { 9, 14, 162, 0, 13, 16, 5836 }, // U+1EA3
    { 11, 17, 173, 0, 16, 24, 5852 }, // U+1EA4
    { 9, 15, 162, 0, 14, 17, 5876 }, // U+1EA5
    { 11, 18, 173, 0, 17, 25, 5893 }, // U+1EA6
    { 9, 15, 162, 0, 14, 17, 5918 }, // U+1EA7
    { 11, 18, 173, 0, 17, 25, 5935 }, // U+1EA8
    { 9, 15, 162, 0, 14, 17, 5960 }, // U+1EA9
    { 11, 18, 173, 0, 17, 25, 5977 }, // U+1EAA
    { 9, 15, 162, 0, 14, 17, 6002 }, // U+1EAB
    { 11, 18, 173, 0, 15, 25, 6019 }, // U+1EAC
    { 9, 15, 162, 0, 12, 17, 6044 }, // U+1EAD
    { 11, 19, 173, 0, 18, 27, 6061 }, // U+1EAE
    { 9, 16, 162, 0, 15, 18, 6088 }, // U+1EAF
    { 11, 19, 173, 0, 18, 27, 6106 }, // U+1EB0
    { 9, 16, 162, 0, 15, 18, 6133 }, // U+1EB1
    { 11, 21, 173, 0, 20, 29, 6151 }, // U+1EB2
    { 9, 16, 162, 0, 15, 18, 6180 }, // U+1EB3
    { 11, 19, 173, 0, 18, 27, 6198 }, // U+1EB4
    { 9, 16, 162, 0, 15, 18, 6225 }, // U+1EB5
    { 11, 19, 173, 0, 16, 27, 6243 }, // U+1EB6
    { 9, 16, 162, 0, 13, 18, 6270 }, // U+1EB7
    { 8, 15, 152, 1, 12, 15, 6288 }, // U+1EB8
    { 9, 12, 151, 0, 9, 14, 6303 }, // U+1EB9
    { 8, 16, 152, 1, 16, 16, 6317 }, // U+1EBA
    { 9, 14, 151, 0, 13, 16, 6333 }, // U+1EBB
    { 8, 15, 152, 1, 15, 15, 6349 }, // U+1EBC
    { 9, 13, 151, 0, 12, 15, 6364 }, // U+1EBD
    { 10, 16, 152, 1, 16, 20, 6379 }, // U+1EBE
    { 9, 15, 151, 0, 14, 17, 6399 }, // U+1EBF
    { 8, 17, 152, 1, 17, 17, 6416 }, // U+1EC0
    { 9, 15, 151, 0, 14, 17, 6433 }, // U+1EC1
    { 8, 20, 152, 1, 20, 20, 6450 }, // U+1EC2
    { 9, 15, 151, 0, 14, 17, 6470 }, // U+1EC3
    { 8, 17, 152, 1, 17, 17, 6487 }, // U+1EC4
    { 9, 15, 151, 0, 14, 17, 6504 }, // U+1EC5
    { 8, 18, 152, 1, 15, 18, 6521 }, // U+1EC6
    { 9, 15, 151, 0, 12, 17, 6539 }, // U+1EC7
    { 4, 16, 67, 0, 16, 8, 6556 }, // U+1EC8
    { 4, 13, 57, 0, 13, 7, 6564 }, // U+1EC9
    { 2, 15, 67, 1, 12, 4, 6571 }, // U+1ECA
    { 2, 15, 57, 1, 12, 4, 6575 }, // U+1ECB
    { 12, 15, 204, 0, 12, 23, 6579 }, // U+1ECC
    { 10, 12, 161, 0, 9, 15, 6602 }, // U+1ECD
    { 12, 17, 204, 0, 16, 26, 6617 }, // U+1ECE
    { 10, 14, 161, 0, 13, 18, 6643 }, // U+1ECF
    { 12, 17, 204, 0, 16, 26, 6661 }, // U+1ED0
    { 10, 15, 161, 0, 14, 19, 6687 }, // U+1ED1
    { 12, 18, 204, 0, 17, 27, 6706 }, // U+1ED2
    { 10, 15, 161, 0, 14, 19, 6733 }, // U+1ED3
    { 12, 18, 204, 0, 17, 27, 6752 }, // U+1ED4
    { 10, 15, 161, 0, 14, 19, 6779 }, // U+1ED5
    { 12, 18, 204, 0, 17, 27, 6798 }, // U+1ED6
    { 10, 15, 161, 0, 14, 19, 6825 }, // U+1ED7
    { 12, 18, 204, 0, 15, 27, 6844 }, // U+1ED8
    { 10, 15, 161, 0, 12, 19, 6871 }, // U+1ED9
    { 12, 16, 204, 0, 15, 24, 6890 }, // U+1EDA
    { 10, 13, 161, 0, 12, 17, 6914 }, // U+1EDB
    { 12, 16, 204, 0, 15, 24, 6931 }, // U+1EDC
    { 10, 13, 161, 0, 12, 17, 6955 }, // U+1EDD
    { 12, 17, 204, 0, 16, 26, 6972 }, // U+1EDE
    { 10, 14, 161, 0, 13, 18, 6998 }, // U+1EDF
    { 12, 16, 204, 0, 15, 24, 7016 }, // U+1EE0
    { 10, 13, 161, 0, 12, 17, 7040 }, // U+1EE1
    { 12, 17, 204, 0, 14, 26, 7057 }, // U+1EE2
    { 10, 14, 161, 0, 11, 18, 7083 }, // U+1EE3
    { 10, 15, 190, 1, 12, 19, 7101 }, // U+1EE4
    { 8, 12, 152, 1, 9, 12, 7120 }, // U+1EE5
    { 10, 17, 190, 1, 16, 22, 7132 }, // U+1EE6
    { 8, 14, 152, 1, 13, 14, 7154 }, // U+1EE7
    { 12, 16, 190, 1, 15, 24, 7168 }, // U+1EE8
    { 10, 13, 152, 1, 12, 17, 7192 }, // U+1EE9
    { 12, 16, 190, 1, 15, 24, 7209 }, // U+1EEA
    { 10, 13, 152, 1, 12, 17, 7233 }, // U+1EEB
    { 12, 17, 190, 1, 16, 26, 7250 }, // U+1EEC
    { 10, 14, 152, 1, 13, 18, 7276 }, // U+1EED
    { 12, 16, 190, 1, 15, 24, 7294 }, // U+1EEE
    { 10, 13, 152, 1, 12, 17, 7318 }, // U+1EEF
    { 12, 17, 190, 1, 14, 26, 7335 }, // U+1EF0
    { 10, 14, 152, 1, 11, 18, 7361 }, // U+1EF1
    { 10, 15, 149, 0, 15, 19, 7379 }, // U+1EF2
    { 8, 16, 152, 1, 12, 16, 7398 }, // U+1EF3
    { 10, 15, 149, 0, 12, 19, 7414 }, // U+1EF4
    { 9, 13, 152, 1, 9, 15, 7433 }, // U+1EF5
    { 10, 16, 149, 0, 16, 20, 7448 }, // U+1EF6
    { 8, 17, 152, 1, 13, 17, 7468 }, // U+1EF7
    { 10, 15, 149, 0, 15, 19, 7485 }, // U+1EF8
    { 8, 16, 152, 1, 12, 16, 7504 }, // U+1EF9
    { 0, 0, 147, 0, 0, 0, 7520 }, // U+2007
    { 0, 0, 69, 0, 0, 0, 7520 }, // U+2008
    { 0, 0, 55, 0, 0, 0, 7520 }, // U+2009
    { 0, 0, 27, 0, 0, 0, 7520 }, // U+200A
    { 0, 0, 0, 0, 0, 0, 7520 }, // U+200B
    { 6, 2, 104, 0, 6, 2, 7520 }, // U+2010
    { 8, 2, 136, 0, 5, 2, 7522 }, // U+2012
    { 8, 2, 136, 0, 5, 2, 7524 }, // U+2013
    { 14, 2, 224, 0, 5, 4, 7526 }, // U+2014
    { 14, 2, 224, 0, 5, 4, 7530 }, // U+2015
    { 3, 4, 57, 0, 12, 2, 7534 }, // U+2018
    { 3, 4, 52, 0, 12, 2, 7536 }, // U+2019
    { 3, 4, 53, 0, 2, 2, 7538 }, // U+201A
    { 6, 4, 93, 0, 12, 3, 7540 }, // U+201C
    { 6, 4, 93, 0, 12, 3, 7543 }, // U+201D
    { 6, 4, 84, 0, 2, 3, 7546 }, // U+201E
    { 6, 9, 108, 0, 12, 7, 7549 }, // U+2020
    { 6, 9, 104, 0, 12, 7, 7556 }, // U+2021
    { 5, 5, 91, 0, 8, 4, 7563 }, // U+2022
    { 9, 2, 149, 0, 2, 3, 7567 }, // U+2026
    { 18, 13, 295, 0, 12, 30, 7570 }, // U+2030
    { 6, 5, 102, 0, 12, 4, 7600 }, // U+2033
    { 4, 8, 73, 0, 8, 4, 7604 }, // U+2039
    { 4, 8, 73, 0, 8, 4, 7608 }, // U+203A
    { 9, 13, 141, 0, 12, 15, 7612 }, // U+2044
    { 5, 7, 87, 0, 14, 5, 7627 }, // U+2070
    { 5, 7, 84, 0, 14, 5, 7632 }, // U+2074
    { 5, 7, 86, 0, 14, 5, 7637 }, // U+2075
    { 5, 7, 74, 0, 14, 5, 7642 }, // U+2076
    { 5, 7, 78, 0, 14, 5, 7647 }, // U+2077
    { 5, 7, 81, 0, 14, 5, 7652 }, // U+2078
    { 5, 7, 80, 0, 14, 5, 7657 }, // U+2079
    { 5, 7, 87, 0, 3, 5, 7662 }, // U+2080
    { 3, 7, 59, 0, 3, 3, 7667 }, // U+2081
    { 5, 6, 85, 0, 3, 4, 7670 }, // U+2082
    { 5, 7, 83, 0, 3, 5, 7674 }, // U+2083
    { 5, 7, 84, 0, 3, 5, 7679 }, // U+2084
    { 5, 7, 86, 0, 3, 5, 7684 }, // U+2085
    { 5, 7, 74, 0, 3, 5, 7689 }, // U+2086
    { 5, 7, 78, 0, 3, 5, 7694 }, // U+2087
    { 5, 7, 81, 0, 3, 5, 7699 }, // U+2088
    { 5, 7, 80, 0, 3, 5, 7704 }, // U+2089
    { 12, 17, 174, 0, 14, 26, 7709 }, // U+20A1
    { 9, 12, 151, 0, 12, 14, 7735 }, // U+20A3
    { 11, 13, 164, 0, 12, 18, 7749 }, // U+20A4
    { 12, 12, 194, 0, 12, 18, 7767 }, // U+20A6
    { 11, 12, 159, 0, 12, 17, 7785 }, // U+20A7
    { 16, 12, 258, 0, 12, 24, 7802 }, // U+20A9
    { 8, 13, 123, 0, 12, 13, 7826 }, // U+20AB
    { 11, 13, 179, 0, 12, 18, 7839 }, // U+20AC
    { 11, 13, 180, 0, 12, 18, 7857 }, // U+20AD
    { 11, 12, 159, 0, 12, 17, 7875 }, // U+20B1
    { 11, 18, 185, 0, 14, 25, 7892 }, // U+20B2
    { 11, 17, 174, 0, 14, 24, 7917 }, // U+20B5
    { 9, 12, 152, 0, 12, 14, 7941 }, // U+20B9
    { 9, 13, 152, 0, 12, 15, 7955 }, // U+20BA
    { 10, 15, 190, 1, 14, 19, 7970 }, // U+20BC
    { 10, 12, 159, 0, 12, 15, 7989 }, // U+20BD
    { 9, 14, 154, 0, 13, 16, 8004 }, // U+2202
    { 10, 10, 160, 0, 9, 13, 8020 }, // U+2205
    { 12, 12, 185, 0, 12, 18, 8033 }, // U+2206
    { 11, 16, 177, 0, 12, 22, 8051 }, // U+220F
    { 8, 12, 139, 0, 12, 12, 8073 }, // U+2211
    { 8, 2, 138, 0, 7, 2, 8085 }, // U+2212
    { 9, 17, 141, 0, 14, 20, 8087 }, // U+2215
    { 3, 3, 55, 0, 7, 2, 8107 }, // U+2219
    { 10, 12, 168, 0, 12, 15, 8109 }, // U+221A
    { 14, 8, 234, 0, 8, 14, 8124 }, // U+221E
    { 9, 15, 136, 0, 13, 17, 8138 }, // U+222B
    { 8, 6, 140, 0, 9, 6, 8155 }, // U+2248
    { 8, 9, 138, 0, 10, 9, 8161 }, // U+2260
    { 9, 9, 158, 0, 10, 11, 8170 }, // U+2264
    { 9, 9, 158, 0, 10, 11, 8181 }, // U+2265
    { 9, 13, 153, 0, 13, 15, 8192 }, // U+FB01
    { 9, 13, 157, 0, 13, 15, 8207 }, // U+FB02
};

static const EpdUnicodeInterval quicksand_8_regularIntervals[] = {
    { 0xD, 0xD, 0x0 },
    { 0x20, 0x7E, 0x1 },
    { 0xA0, 0xFF, 0x60 },
    { 0x100, 0x17E, 0xC0 },
    { 0x1A0, 0x1A1, 0x13F },
    { 0x1AF, 0x1B0, 0x141 },
    { 0x1C4, 0x1D4, 0x143 },
    { 0x1E6, 0x1E7, 0x154 },
    { 0x1EA, 0x1EB, 0x156 },
    { 0x1F2, 0x1F2, 0x158 },
    { 0x1FA, 0x21B, 0x159 },
    { 0x300, 0x304, 0x17B },
    { 0x306, 0x30C, 0x180 },
    { 0x30F, 0x30F, 0x187 },
    { 0x311, 0x312, 0x188 },
    { 0x31B, 0x31B, 0x18A },
    { 0x323, 0x324, 0x18B },
    { 0x326, 0x328, 0x18D },
    { 0x32D, 0x32E, 0x190 },
    { 0x331, 0x331, 0x192 },
    { 0x335, 0x335, 0x193 },
    { 0x1EA0, 0x1EF9, 0x194 },
    { 0x2007, 0x200B, 0x1EE },
    { 0x2010, 0x2010, 0x1F3 },
    { 0x2012, 0x2015, 0x1F4 },
    { 0x2018, 0x201A, 0x1F8 },
    { 0x201C, 0x201E, 0x1FB },
    { 0x2020, 0x2022, 0x1FE },
    { 0x2026, 0x2026, 0x201 },
    { 0x2030, 0x2030, 0x202 },
    { 0x2033, 0x2033, 0x203 },
    { 0x2039, 0x203A, 0x204 },
    { 0x2044, 0x2044, 0x206 },
    { 0x2070, 0x2070, 0x207 },
    { 0x2074, 0x2079, 0x208 },
    { 0x2080, 0x2089, 0x20E },
    { 0x20A1, 0x20A1, 0x218 },
    { 0x20A3, 0x20A4, 0x219 },
    { 0x20A6, 0x20A7, 0x21B },
    { 0x20A9, 0x20A9, 0x21D },
    { 0x20AB, 0x20AD, 0x21E },
    { 0x20B1, 0x20B2, 0x221 },
    { 0x20B5, 0x20B5, 0x223 },
    { 0x20B9, 0x20BA, 0x224 },
    { 0x20BC, 0x20BD, 0x226 },
    { 0x2202, 0x2202, 0x228 },
    { 0x2205, 0x2206, 0x229 },
    { 0x220F, 0x220F, 0x22B },
    { 0x2211, 0x2212, 0x22C },
    { 0x2215, 0x2215, 0x22E },
    { 0x2219, 0x221A, 0x22F },
    { 0x221E, 0x221E, 0x231 },
    { 0x222B, 0x222B, 0x232 },
    { 0x2248, 0x2248, 0x233 },
    { 0x2260, 0x2260, 0x234 },
    { 0x2264, 0x2265, 0x235 },
    { 0xFB01, 0xFB02, 0x237 },
};

static const EpdKernClassEntry quicksand_8_regularKernLeftClasses[] = {
    { 0x0026, 1 }, // &
    { 0x0028, 2 }, // (
    { 0x002A, 3 }, // *
    { 0x002B, 4 }, // +
    { 0x002C, 5 }, // ,
    { 0x002D, 4 }, // -
    { 0x002E, 6 }, // .
    { 0x002F, 7 }, // /
    { 0x0030, 8 }, // 0
    { 0x0031, 9 }, // 1
    { 0x0032, 10 }, // 2
    { 0x0034, 11 }, // 4
    { 0x0035, 12 }, // 5
    { 0x0036, 13 }, // 6
    { 0x0037, 14 }, // 7
    { 0x0038, 15 }, // 8
    { 0x0039, 16 }, // 9
    { 0x003E, 17 }, // >
    { 0x003F, 18 }, // ?
    { 0x0040, 19 }, // @
    { 0x0041, 20 }, // A
    { 0x0042, 21 }, // B
    { 0x0044, 8 }, // D
    { 0x0045, 22 }, // E
    { 0x0046, 23 }, // F
    { 0x0047, 24 }, // G
    { 0x004A, 25 }, // J
    { 0x004B, 26 }, // K
    { 0x004C, 27 }, // L
    { 0x004F, 8 }, // O
    { 0x0050, 28 }, // P
    { 0x0051, 29 }, // Q
    { 0x0052, 30 }, // R
    { 0x0053, 31 }, // S
    { 0x0054, 32 }, // T
    { 0x0055, 33 }, // U
    { 0x0056, 34 }, // V
    { 0x0057, 35 }, // W
    { 0x0058, 36 }, // X
    { 0x0059, 37 }, // Y
    { 0x005A, 38 }, // Z
    { 0x005C, 39 }, // <backslash>
    { 0x005F, 40 }, // _
    { 0x0061, 41 }, // a
    { 0x0062, 42 }, // b
    { 0x0063, 43 }, // c
    { 0x0064, 44 }, // d
    { 0x0065, 45 }, // e
    { 0x0066, 46 }, // f
    { 0x0067, 47 }, // g
    { 0x0068, 48 }, // h
    { 0x0069, 49 }, // i
    { 0x006A, 50 }, // j
    { 0x006B, 51 }, // k
    { 0x006C, 52 }, // l
    { 0x006D, 48 }, // m
    { 0x006E, 48 }, // n
    { 0x006F, 42 }, // o
    { 0x0070, 42 }, // p
    { 0x0071, 53 }, // q
    { 0x0072, 54 }, // r
    { 0x0073, 55 }, // s
    { 0x0074, 56 }, // t
    { 0x0075, 57 }, // u
    { 0x0076, 58 }, // v
    { 0x0077, 59 }, // w
    { 0x0078, 60 }, // x
    { 0x0079, 61 }, // y
    { 0x007A, 62 }, // z
    { 0x007E, 4 }, // ~
    { 0x00A1, 63 }, // U+00A1
    { 0x00B7, 64 }, // U+00B7
    { 0x00BF, 65 }, // U+00BF
    { 0x00D9, 33 }, // U+00D9
    { 0x00DA, 33 }, // U+00DA
    { 0x00DB, 33 }, // U+00DB
    { 0x00DC, 33 }, // U+00DC
    { 0x00DD, 37 }, // U+00DD
    { 0x00DE, 66 }, // U+00DE
    { 0x00DF, 67 }, // U+00DF
    { 0x00E0, 41 }, // U+00E0
    { 0x00E1, 41 }, // U+00E1
    { 0x00E2, 41 }, // U+00E2
    { 0x00E3, 41 }, // U+00E3
    { 0x00E4, 41 }, // U+00E4
    { 0x00E5, 41 }, // U+00E5
    { 0x00E8, 45 }, // U+00E8
    { 0x00E9, 45 }, // U+00E9
    { 0x00EA, 45 }, // U+00EA
    { 0x00EB, 45 }, // U+00EB
    { 0x00F0, 68 }, // U+00F0
    { 0x00F2, 42 }, // U+00F2
    { 0x00F3, 42 }, // U+00F3
    { 0x00F4, 42 }, // U+00F4
    { 0x00F5, 42 }, // U+00F5
    { 0x00F6, 42 }, // U+00F6
    { 0x00F7, 69 }, // U+00F7
    { 0x00F8, 42 }, // U+00F8
    { 0x00F9, 57 }, // U+00F9
    { 0x00FA, 57 }, // U+00FA
    { 0x00FB, 57 }, // U+00FB
    { 0x00FC, 57 }, // U+00FC
    { 0x00FD, 61 }, // U+00FD
    { 0x00FF, 61 }, // U+00FF
    { 0x0101, 41 }, // U+0101
    { 0x0103, 41 }, // U+0103
    { 0x0105, 41 }, // U+0105
    { 0x010F, 70 }, // U+010F
    { 0x0113, 45 }, // U+0113
    { 0x0114, 22 }, // U+0114
    { 0x0115, 45 }, // U+0115
    { 0x0117, 45 }, // U+0117
    { 0x0119, 45 }, // U+0119
    { 0x011B, 45 }, // U+011B
    { 0x013E, 71 }, // U+013E
    { 0x014D, 42 }, // U+014D
    { 0x014F, 42 }, // U+014F
    { 0x0151, 42 }, // U+0151
    { 0x0153, 42 }, // U+0153
    { 0x0165, 72 }, // U+0165
    { 0x0169, 57 }, // U+0169
    { 0x016A, 33 }, // U+016A
    { 0x016B, 57 }, // U+016B
    { 0x016D, 57 }, // U+016D
    { 0x016E, 33 }, // U+016E
    { 0x016F, 57 }, // U+016F
    { 0x0170, 33 }, // U+0170
    { 0x0171, 57 }, // U+0171
    { 0x0172, 33 }, // U+0172
    { 0x0173, 57 }, // U+0173
    { 0x0176, 37 }, // U+0176
    { 0x0177, 61 }, // U+0177
    { 0x0178, 37 }, // U+0178
    { 0x01A1, 42 }, // U+01A1
    { 0x01B0, 57 }, // U+01B0
    { 0x01CD, 20 }, // U+01CD
    { 0x01CE, 41 }, // U+01CE
    { 0x01D2, 42 }, // U+01D2
    { 0x01D4, 57 }, // U+01D4
    { 0x01EB, 42 }, // U+01EB
    { 0x01FB, 41 }, // U+01FB
    { 0x01FF, 42 }, // U+01FF
    { 0x0200, 20 }, // U+0200
    { 0x0201, 41 }, // U+0201
    { 0x0202, 20 }, // U+0202
    { 0x0203, 41 }, // U+0203
    { 0x0204, 22 }, // U+0204
    { 0x0205, 45 }, // U+0205
    { 0x0206, 22 }, // U+0206
    { 0x0207, 45 }, // U+0207
    { 0x020D, 42 }, // U+020D
    { 0x020F, 42 }, // U+020F
    { 0x0215, 57 }, // U+0215
    { 0x0217, 57 }, // U+0217
    { 0x1EA0, 20 }, // U+1EA0
    { 0x1EA1, 41 }, // U+1EA1
    { 0x1EA2, 20 }, // U+1EA2
    { 0x1EA3, 41 }, // U+1EA3
    { 0x1EA4, 20 }, // U+1EA4
    { 0x1EA5, 41 }, // U+1EA5
    { 0x1EA6, 20 }, // U+1EA6
    { 0x1EA7, 41 }, // U+1EA7
    { 0x1EA8, 20 }, // U+1EA8
    { 0x1EA9, 41 }, // U+1EA9
    { 0x1EAA, 20 }, // U+1EAA
    { 0x1EAB, 41 }, // U+1EAB
    { 0x1EAC, 20 }, // U+1EAC
    { 0x1EAD, 41 }, // U+1EAD
    { 0x1EAE, 20 }, // U+1EAE
    { 0x1EAF, 41 }, // U+1EAF
    { 0x1EB0, 20 }, // U+1EB0
    { 0x1EB1, 41 }, // U+1EB1
    { 0x1EB2, 20 }, // U+1EB2
    { 0x1EB3, 41 }, // U+1EB3
    { 0x1EB4, 20 }, // U+1EB4
    { 0x1EB5, 41 }, // U+1EB5
    { 0x1EB6, 20 }, // U+1EB6
    { 0x1EB7, 41 }, // U+1EB7
    { 0x1EB8, 22 }, // U+1EB8
    { 0x1EB9, 45 }, // U+1EB9
    { 0x1EBA, 22 }, // U+1EBA
    { 0x1EBB, 45 }, // U+1EBB
    { 0x1EBC, 22 }, // U+1EBC
    { 0x1EBD, 45 }, // U+1EBD
    { 0x1EBE, 22 }, // U+1EBE
    { 0x1EBF, 45 }, // U+1EBF
    { 0x1EC0, 22 }, // U+1EC0
    { 0x1EC1, 45 }, // U+1EC1
    { 0x1EC2, 22 }, // U+1EC2
    { 0x1EC3, 45 }, // U+1EC3
    { 0x1EC4, 22 }, // U+1EC4
    { 0x1EC5, 45 }, // U+1EC5
    { 0x1EC6, 22 }, // U+1EC6
    { 0x1EC7, 45 }, // U+1EC7
    { 0x1ECD, 42 }, // U+1ECD
    { 0x1ECF, 42 }, // U+1ECF
    { 0x1ED1, 42 }, // U+1ED1
    { 0x1ED3, 42 }, // U+1ED3
    { 0x1ED5, 42 }, // U+1ED5
    { 0x1ED7, 42 }, // U+1ED7
    { 0x1ED9, 42 }, // U+1ED9
    { 0x1EDB, 42 }, // U+1EDB
    { 0x1EDD, 42 }, // U+1EDD
    { 0x1EDF, 42 }, // U+1EDF
    { 0x1EE1, 42 }, // U+1EE1
    { 0x1EE3, 42 }, // U+1EE3
    { 0x1EE5, 57 }, // U+1EE5
    { 0x1EE7, 57 }, // U+1EE7
    { 0x1EE9, 57 }, // U+1EE9
    { 0x1EEB, 57 }, // U+1EEB
    { 0x1EED, 57 }, // U+1EED
    { 0x1EEF, 57 }, // U+1EEF
    { 0x1EF1, 57 }, // U+1EF1
    { 0x1EF2, 37 }, // U+1EF2
    { 0x1EF3, 61 }, // U+1EF3
    { 0x1EF5, 61 }, // U+1EF5
    { 0x2013, 73 }, // U+2013
    { 0x2014, 4 }, // U+2014
    { 0x2018, 74 }, // U+2018
    { 0x2019, 75 }, // U+2019
    { 0x201A, 76 }, // U+201A
    { 0x201C, 74 }, // U+201C
    { 0x201D, 75 }, // U+201D
    { 0x201E, 76 }, // U+201E
    { 0x2022, 77 }, // U+2022
    { 0x2212, 4 }, // U+2212
    { 0x2248, 4 }, // U+2248
    { 0x2260, 4 }, // U+2260
};

static const EpdKernClassEntry quicksand_8_regularKernRightClasses[] = {
    { 0x0021, 1 }, // !
    { 0x0022, 2 }, // "
    { 0x0026, 3 }, // &
    { 0x0029, 4 }, // )
    { 0x002A, 5 }, // *
    { 0x002C, 6 }, // ,
    { 0x002E, 7 }, // .
    { 0x002F, 8 }, // /
    { 0x0031, 9 }, // 1
    { 0x0034, 10 }, // 4
    { 0x0035, 11 }, // 5
    { 0x0036, 12 }, // 6
    { 0x0037, 13 }, // 7
    { 0x0039, 14 }, // 9
    { 0x003F, 15 }, // ?
    { 0x0040, 16 }, // @
    { 0x0041, 17 }, // A
    { 0x0043, 18 }, // C
    { 0x0047, 18 }, // G
    { 0x004A, 19 }, // J
    { 0x004F, 18 }, // O
    { 0x0051, 18 }, // Q
    { 0x0053, 20 }, // S
    { 0x0054, 21 }, // T
    { 0x0055, 22 }, // U
    { 0x0056, 23 }, // V
    { 0x0057, 24 }, // W
    { 0x0058, 25 }, // X
    { 0x0059, 26 }, // Y
    { 0x005A, 27 }, // Z
    { 0x005C, 28 }, // <backslash>
    { 0x005D, 29 }, // ]
    { 0x005F, 30 }, // _
    { 0x0061, 31 }, // a
    { 0x0062, 32 }, // b
    { 0x0063, 33 }, // c
    { 0x0064, 33 }, // d
    { 0x0065, 33 }, // e
    { 0x0066, 34 }, // f
    { 0x0067, 35 }, // g
    { 0x0068, 32 }, // h
    { 0x006A, 36 }, // j
    { 0x006B, 32 }, // k
    { 0x006C, 32 }, // l
    { 0x006D, 37 }, // m
    { 0x006E, 37 }, // n
    { 0x006F, 33 }, // o
    { 0x0070, 38 }, // p
    { 0x0071, 33 }, // q
    { 0x0072, 37 }, // r
    { 0x0073, 39 }, // s
    { 0x0074, 40 }, // t
    { 0x0075, 41 }, // u
    { 0x0076, 42 }, // v
    { 0x0077, 43 }, // w
    { 0x0078, 44 }, // x
    { 0x0079, 45 }, // y
    { 0x007A, 46 }, // z
    { 0x00A1, 47 }, // U+00A1
    { 0x00B7, 48 }, // U+00B7
    { 0x00BF, 49 }, // U+00BF
    { 0x00D0, 50 }, // U+00D0
    { 0x00D9, 22 }, // U+00D9
    { 0x00DA, 22 }, // U+00DA
    { 0x00DB, 22 }, // U+00DB
    { 0x00DC, 22 }, // U+00DC
    { 0x00DD, 26 }, // U+00DD
    { 0x00DF, 51 }, // U+00DF
    { 0x00E0, 31 }, // U+00E0
    { 0x00E1, 31 }, // U+00E1
    { 0x00E2, 31 }, // U+00E2
    { 0x00E3, 31 }, // U+00E3
    { 0x00E4, 31 }, // U+00E4
    { 0x00E5, 31 }, // U+00E5
    { 0x00E8, 33 }, // U+00E8
    { 0x00E9, 33 }, // U+00E9
    { 0x00EA, 33 }, // U+00EA
    { 0x00EB, 33 }, // U+00EB
    { 0x00F0, 52 }, // U+00F0
    { 0x00F9, 41 }, // U+00F9
    { 0x00FA, 41 }, // U+00FA
    { 0x00FB, 41 }, // U+00FB
    { 0x00FC, 41 }, // U+00FC
    { 0x00FD, 45 }, // U+00FD
    { 0x00FE, 53 }, // U+00FE
    { 0x00FF, 45 }, // U+00FF
    { 0x0101, 31 }, // U+0101
    { 0x0103, 31 }, // U+0103
    { 0x0105, 31 }, // U+0105
    { 0x0113, 33 }, // U+0113
    { 0x0115, 33 }, // U+0115
    { 0x0117, 33 }, // U+0117
    { 0x0119, 33 }, // U+0119
    { 0x011B, 33 }, // U+011B
    { 0x0127, 54 }, // U+0127
    { 0x013E, 32 }, // U+013E
    { 0x0169, 41 }, // U+0169
    { 0x016A, 22 }, // U+016A
    { 0x016B, 41 }, // U+016B
    { 0x016D, 41 }, // U+016D
    { 0x016E, 22 }, // U+016E
    { 0x016F, 41 }, // U+016F
    { 0x0170, 22 }, // U+0170
    { 0x0171, 41 }, // U+0171
    { 0x0172, 22 }, // U+0172
    { 0x0173, 41 }, // U+0173
    { 0x0176, 26 }, // U+0176
    { 0x0177, 45 }, // U+0177
    { 0x0178, 26 }, // U+0178
    { 0x01B0, 41 }, // U+01B0
    { 0x01CD, 17 }, // U+01CD
    { 0x01CE, 31 }, // U+01CE
    { 0x01D4, 41 }, // U+01D4
    { 0x01FB, 31 }, // U+01FB
    { 0x0200, 17 }, // U+0200
    { 0x0201, 31 }, // U+0201
    { 0x0202, 17 }, // U+0202
    { 0x0203, 31 }, // U+0203
    { 0x0205, 33 }, // U+0205
    { 0x0207, 33 }, // U+0207
    { 0x0215, 41 }, // U+0215
    { 0x0217, 41 }, // U+0217
    { 0x1EA0, 17 }, // U+1EA0
    { 0x1EA1, 31 }, // U+1EA1
    { 0x1EA2, 17 }, // U+1EA2
    { 0x1EA3, 31 }, // U+1EA3
    { 0x1EA4, 17 }, // U+1EA4
    { 0x1EA5, 31 }, // U+1EA5
    { 0x1EA6, 17 }, // U+1EA6
    { 0x1EA7, 31 }, // U+1EA7
    { 0x1EA8, 17 }, // U+1EA8
    { 0x1EA9, 31 }, // U+1EA9
    { 0x1EAA, 17 }, // U+1EAA
    { 0x1EAB, 31 }, // U+1EAB
    { 0x1EAC, 17 }, // U+1EAC
    { 0x1EAD, 31 }, // U+1EAD
    { 0x1EAE, 17 }, // U+1EAE
    { 0x1EAF, 31 }, // U+1EAF
    { 0x1EB0, 17 }, // U+1EB0
    { 0x1EB1, 31 }, // U+1EB1
    { 0x1EB2, 17 }, // U+1EB2
    { 0x1EB3, 31 }, // U+1EB3
    { 0x1EB4, 17 }, // U+1EB4
    { 0x1EB5, 31 }, // U+1EB5
    { 0x1EB6, 17 }, // U+1EB6
    { 0x1EB7, 31 }, // U+1EB7
    { 0x1EB9, 33 }, // U+1EB9
    { 0x1EBB, 33 }, // U+1EBB
    { 0x1EBD, 33 }, // U+1EBD
    { 0x1EBF, 33 }, // U+1EBF
    { 0x1EC1, 33 }, // U+1EC1
    { 0x1EC3, 33 }, // U+1EC3
    { 0x1EC5, 33 }, // U+1EC5
    { 0x1EC7, 33 }, // U+1EC7
    { 0x1EE5, 41 }, // U+1EE5
    { 0x1EE7, 41 }, // U+1EE7
    { 0x1EE9, 41 }, // U+1EE9
    { 0x1EEB, 41 }, // U+1EEB
    { 0x1EED, 41 }, // U+1EED
    { 0x1EEF, 41 }, // U+1EEF
    { 0x1EF1, 41 }, // U+1EF1
    { 0x1EF2, 26 }, // U+1EF2
    { 0x1EF3, 45 }, // U+1EF3
    { 0x1EF5, 45 }, // U+1EF5
    { 0x201C, 55 }, // U+201C
    { 0x201D, 56 }, // U+201D
    { 0x2022, 57 }, // U+2022
};

static const int8_t quicksand_8_regularKernMatrix[] = {
       0,    0,    0,   -4,    0,    0,    0,    0,    0,    0,    0,    0,    0,    0,    0,    0,    0,    0,    0,    0,    0,    0,  -10,    0,    0,    0,    0,    0,    0,    0,    0,    0,    0,    0,    0,    0,    0,    0,    0,    0,    0,   -7,    0,    0,    0,    0,    0,    0,    0,    0,    0,   -3,    0,    0,    0,    0,    0,
       0,    0,    0,    0,    0,    0,    0,    0,    0,    0,    0,    0,    0,    0,    0,    0,    0,    0,    0,    0,    0,    0,    0,    0,    0,    0,    0,    0,    0,    0,    0,    0,    0,    0,    0,    0,    0,    0,    0,    0,    0,    0,    0,    0,    0,    0,    0,    0,    0,    0,    0,    0,    4,    0,    0,    0,    0,
       0,    0,    0,    0,    0,    0,    0,    0,    0,    0,    0,    0,    0,    0,    0,    0,    0,    0,    0,    0,    0,    0,    0,    0,    0,    0,    0,    0,    0,    0,    0,    0,    0,    0,    0,    0,    0,    0,    0,    0,    0,    4,    0,    0,    0,    0,    0,    0,    0,    0,    0,   -7,    0,    0,    0,    0,    0,
       0,    0,    0,    0,    0,    0,    0,    0,  -13,    0,    0,    0,    0,    0,    0,    0,    0,    0,    0,    0,    0,    0,    0,    0,    0,    0,    0,    0,    0,    0,    0,    0,    0,    0,    0,    0,    0,    0,    0,    0,    0,    0,    0,    0,    0,    0,    0,    0,    0,    0,    0,    0,    0,    0,    0,    0,    0,
       0,    0,    0,    0,    0,    0,    0,    0,  -13,    0,    0,    0,    0,    0,    0,    0,    0,    0,    0,    0,    0,    0,    0,    0,    0,    0,    0,    0,    0,    0,    0,    0,    0,    0,    0,    2,    0,    0,    0,    0,    0,    0,    0,    0,    0,    0,    0,    0,    0,    0,    0,    0,    0,    0,    0,    0,    0,
       0,    0,    0,    0,    0,    0,    0,    0,  -11,   -8,    0,    0,    0,    0,    0,    0,    0,    0,    0,    0,    0,    0,    0,    0,    0,    0,    0,    0,    0,    0,    0,    0,    0,    0,    0,    0,    0,    0,    0,    0,    0,    0,    0,    0,    0,    0,    0,    0,    0,    0,    0,    0,    0,    0,    0,    0,    0,
       0,    0,    0,    0,    0,    0,    0,  -25,    0,    0,    0,    0,    0,    0,    0,    0,    0,    0,    0,    0,    0,    0,    0,    0,    0,    0,    0,    0,    0,    0,    0,    0,    0,    0,    0,    0,    0,    0,    0,    0,    0,   -1,    0,   -4,    0,    0,    0,    0,    0,    0,   -3,   -9,    0,    0,    0,    0,    0,
       0,    0,    0,    0,    0,    0,    0,    0,    0,    0,    0,    0,  -15,    0,    0,    0,   -1,    0,   -4,    0,   -5,    0,   -3,   -1,   -8,   -7,   -4,    0,    0,    0,    0,    0,    2,    0,    0,    0,    0,    0,    0,    0,    0,    0,    0,   -3,    0,    0,    0,    0,    0,    0,    0,    0,    0,    0,    0,    0,    0,
       0,    0,    0,    0,    0,    0,    0,    0,    0,   -4,    0,    0,    0,    0,    0,    0,    0,    0,    0,    0,    0,    0,    0,    0,    0,    0,    0,    0,    0,    0,    0,    0,    0,    0,    0,    0,    0,    0,    0,    0,    0,    0,    0,    0,    0,    0,    0,    0,    0,    0,    0,    0,    0,    0,    0,    0,    0,
       0,    0,    0,    0,    0,    0,    0,    0,    0,   -4,    0,    0,   -5,    0,    0,    0,    0,    0,    0,    0,    0,    0,    0,    0,    0,    0,    0,    0,    0,    0,    0,    0,    0,    0,    0,    0,    0,    0,    0,    0,    0,    0,    0,    0,    0,    0,    0,    0,    0,    0,    0,    0,    0,    0,    0,    0,    0,
       0,    0,    0,    0,    0,    0,    0,    0,   -2,    0,    2,    0,   -8,   -5,    0,    0,    0,    0,    0,    0,    0,    0,    0,    0,    0,    0,    0,    0,    0,    0,    0,    0,    0,    0,    0,    0,    0,    0,    0,    0,    0,    0,    0,    0,    0,    0,    0,    0,    0,    0,    0,    0,    0,    0,    0,    0,    0,
       0,    0,    0,    0,    0,    0,   -7,    0,    0,    0,    0,    0,    0,    0,    0,    0,    0,    0,    0,    0,    0,    0,    0,    0,    0,    0,    0,    0,    0,    0,    0,    0,    0,    0,    0,    0,    0,    0,    0,    0,    0,    0,    0,    0,    0,    0,    0,    0,    0,    0,    0,    0,    0,    0,    0,    0,    0,
       0,    0,    0,    0,    0,    0,    0,    0,   -1,    4,    0,    0,    0,    0,    0,    0,    0,    0,    0,    0,    0,    0,    0,    0,    0,    0,    0,    0,    0,    0,    0,    0,    0,    0,    0,    0,    0,    0,    0,    0,    0,    0,    0,    0,    0,    0,    0,    0,    0,    0,    0,    0,    0,    0,    0,    0,    0,
       0,    0,    0,    0,    0,  -12,  -17,    0,   13,  -11,    0,   -8,    0,    0,    0,    0,    0,   -5,    0,    0,    0,    0,    0,    0,    0,    0,    0,    0,    0,    0,    0,    0,    0,    0,    0,    0,    0,    0,    0,    0,    0,    0,    0,    0,    0,    0,    0,    0,    0,    0,    0,    0,    0,    0,    0,    0,    0,
       0,    0,    0,    0,    0,    0,    0,    0,    0,    0,    0,    0,   -8,    0,    0,    0,    0,    0,    0,    0,    0,    0,    0,    0,    0,    0,    0,    0,    0,    0,    0,    0,    0,    0,    0,    0,    0,    0,    0,    0,    0,    0,    0,    0,    0,    0,    0,    0,    0,    0,    0,    0,    0,    0,    0,    0,    0,
       0,    0,    0,    0,    0,   -5,  -11,    0,    2,    0,    0,    0,   -8,    0,    0,    0,    0,    0,    0,    0,    0,    0,    0,    0,    0,    0,    0,    0,    0,    0,    0,    0,    0,    0,    0,    0,    0,    0,    0,    0,    0,    0,    0,    0,    0,    0,    0,    0,    0,    0,    0,    0,    0,    0,    0,    0,    0,
       0,    0,    0,    0,    0,    0,    0,    0,   -2,    0,    0,    0,    0,    0,    0,    0,    0,    0,    0,    0,    0,    0,    0,    0,    0,    0,    0,    0,    0,    0,    0,    0,    0,    0,    0,    0,    0,    0,    0,    0,    0,    0,    0,    0,    0,    0,    0,    0,    0,    0,    0,    0,    0,    0,    0,    0,    0,
       0,    0,    0,    0,    0,    0,    0,    0,    0,    0,    0,    0,    0,    0,    0,    0,    0,    0,    0,    0,    0,    0,    0,    0,    0,    0,    0,    0,    0,    0,    0,    0,    0,    0,    0,    0,    0,    0,    0,    0,    0,    0,    0,    0,    0,    0,    0,    0,    0,    0,    0,   -4,    0,    0,    0,    0,    0,
       0,    0,    0,    0,    0,    0,    0,    0,    0,    0,    0,    0,    0,    0,    0,    0,    0,    0,    0,    0,    0,    0,   -4,    0,    0,    0,    0,    0,    0,    0,    0,    0,    0,    0,    0,    0,    0,    0,    0,    0,    0,    0,    0,   -2,    0,    0,    0,    0,    0,    0,    0,    0,    0,    0,    0,    0,    0,
       0,    0,    0,    0,    0,    0,    0,    0,    0,    0,    0,    0,    0,    0,    0,    0,    0,   -1,    0,    0,  -13,   -3,  -25,   -6,    0,  -11,    0,    0,    0,    0,    5,    0,    0,    0,    0,    0,    0,    0,    0,   -1,   -3,   -7,   -2,    0,   -7,    0,    0,    0,    0,    0,    0,    0,    0,    0,    0,    0,    0,
       0,    0,    0,    0,    0,    0,    0,    0,    0,    0,    0,    0,    0,    0,    0,    0,    0,    0,    0,    0,   -4,    0,   -2,   -2,   -3,   -6,    0,    0,    0,    0,    0,   -1,    0,    0,   -1,    0,    0,    0,    0,    0,    0,    0,    0,   -1,    0,    0,    0,    0,    0,    0,    0,    0,    0,    0,    0,    0,    0,
       0,    0,    0,    0,    0,    0,    0,    0,    0,    0,    0,    0,    0,    0,    0,    0,    0,    0,   -3,    0,    0,    0,    0,    0,    0,    0,    0,    0,    0,    0,    0,    0,   -1,    0,   -3,    0,    0,    0,    0,    0,   -3,   -4,    0,    0,   -3,    0,    0,    0,    0,    0,    0,    0,    0,    0,    0,    0,    0,
       0,    0,    0,    0,    0,    0,    0,    0,    0,    0,    0,    0,    0,    0,    0,    0,   -9,   -2,  -32,   -1,    4,    0,    0,    0,   -1,    0,    0,    0,    0,    0,   -5,    0,   -4,    0,   -3,    0,   -2,   -2,   -3,    0,   -4,   -1,    0,   -4,    0,   -1,    0,    0,    0,    0,    0,    0,    0,    0,    0,    0,    0,
       0,    0,    0,    0,    0,    0,    0,    0,    0,    0,    0,    0,    0,    0,    0,    0,    0,    0,    0,    0,   -7,    0,   -4,   -3,    0,   -6,    0,    0,    0,    0,    4,    0,    0,    0,    0,    0,    0,    0,    0,    0,    0,    0,    0,    0,    0,    0,    0,    0,    0,    0,    0,    0,    0,    0,    0,    0,    0,
       0,    0,    0,    0,    0,    0,    0,    0,    0,    0,    0,    0,    0,    0,    0,    0,   -4,    0,    0,    0,    0,    0,    0,    0,    0,    0,    0,    0,    0,    0,    0,    0,    0,    0,    0,    0,    0,    0,    0,    0,    0,    0,    0,    0,    0,    0,    0,    0,    0,    0,    0,    0,    0,    0,    0,    0,    0,
       0,    0,    0,    0,    0,    0,    0,    0,    0,    0,    0,    0,    0,    0,    0,    0,    0,   -8,   -1,   -3,    0,   -4,   -1,   -1,    0,    5,    0,    0,    0,    0,    0,    0,   -6,    0,    0,    0,   -2,   -2,   -1,   -1,   -3,   -2,   -4,    0,   -5,    0,    0,    0,    0,    0,    0,    0,    0,    0,    0,    0,    0,
       0,    0,    0,    0,    0,    0,    0,    0,    0,    0,    0,    0,    0,    0,    0,    0,    0,   -3,    0,    0,  -16,   -5,  -13,   -8,    0,  -16,    0,    0,    0,    0,    0,    0,    0,    0,    0,    0,    0,    0,    0,   -1,    0,   -6,   -1,    0,   -6,    5,    0,    0,    0,    0,    0,    0,    0,    0,    0,    0,    0,
       0,    0,    0,    0,    0,  -47,  -27,    0,    0,    0,    0,    0,    0,    0,    0,    0,  -11,    0,  -20,    0,    0,    0,    0,    2,   -4,    0,   -4,    0,    0,    0,   -1,    0,   -3,    2,   -3,    0,    0,    0,    0,    4,   -1,    3,    4,    0,    3,    0,    0,    0,    0,    0,    0,    0,    0,    0,    0,    0,    0,
       0,    0,    0,    0,    0,    0,    0,    0,    0,    0,    0,    0,  -15,    0,    0,    0,   -1,    0,   -4,    0,   -5,    0,   -3,   -1,   -8,   -7,   -4,    0,    0,   -7,    0,    0,    2,    0,    0,    0,    0,    0,    0,    0,    0,    0,    0,   -3,    0,    0,    0,    0,    0,    0,    0,    0,    0,    0,    0,    0,    0,
       0,    0,    0,    0,    0,    0,    0,    0,    0,    0,    0,    0,    0,    0,    0,    0,    0,   -3,    0,    0,   -4,   -1,   -4,    0,    0,   -5,    0,    0,    0,    0,    1,    0,   -1,    0,    0,    0,    0,    0,    0,    0,   -3,    0,    0,    0,    0,    0,    0,    0,    0,    0,    0,    0,    0,    0,    0,    0,    0,
       0,    0,    0,    0,    0,    0,    0,    0,    0,    0,    0,    0,    0,    0,    0,    0,    0,    0,    0,    0,    0,    0,    0,    0,   -4,   -4,    0,    0,    0,    0,    0,    0,    0,    0,    0,    0,    0,    0,    0,    0,    0,    0,    0,    0,    0,    0,    0,    0,    0,    0,    0,    0,    0,    0,    0,    0,    0,
       0,    0,    0,    0,    0,    0,  -27,    0,    0,    0,    0,    0,    0,    0,    0,    0,  -13,   -5,  -17,    0,    8,    0,    3,    3,    0,    3,    0,    0,    0,    0,  -27,    0,  -32,    0,  -12,    0,  -16,   -5,  -31,    0,  -32,   -3,  -32,   -4,  -25,  -32,    0,    0,    0,    0,    0,    0,    0,    3,    0,    0,    0,
       0,    0,    0,    0,    0,    0,    0,    0,    0,    0,    0,    0,    0,    0,    0,    0,   -3,    0,   -3,   -3,    0,    0,    0,    0,   -3,   -3,    0,    0,    0,    0,    0,    0,    0,    0,    0,    0,    0,    0,    0,    0,    0,    0,    0,   -1,    0,    0,    0,    0,    0,    0,    0,    0,    0,    0,    0,    0,    0,
       0,    0,   -4,    0,    0,    0,    0,  -13,    0,    0,    0,    0,    0,    0,    5,   -4,   -9,   -3,  -15,   -3,    3,    0,    0,    0,    0,    0,    0,    0,    0,  -20,   -3,    0,   -6,    0,   -5,    0,   -3,   -3,   -4,    0,   -3,    0,    0,    0,    0,   -1,   -4,   -8,  -14,    0,    0,    0,    0,    0,    0,    0,   -6,
       0,    0,    0,    0,    0,    0,    0,    0,    0,    0,    0,    0,    0,    0,    0,    0,   -6,   -1,   -8,   -3,    3,    0,    0,    0,    0,    0,    0,    0,    0,    0,   -2,    0,   -4,    0,   -5,    0,   -1,   -1,    0,    0,   -3,    0,    0,    0,    0,    0,    0,    0,    0,    0,    0,    0,    0,    0,    0,    0,    0,
       0,    0,    0,    0,    0,    0,    0,    0,    0,    0,    0,    0,    0,    0,    0,    0,    0,   -7,    0,   -4,    0,   -3,    0,    0,    0,    0,    0,    0,    0,    0,    0,    0,   -4,    0,   -1,    0,    0,    0,    0,    0,   -3,   -7,   -5,    0,   -6,    0,    0,    0,    0,    0,    0,    0,    0,    0,    0,    0,    0,
       0,    0,    0,    0,    0,    0,    0,    0,    0,    0,    0,    0,    0,    0,    0,    0,  -11,   -7,  -19,   -7,    3,   -3,    0,    0,    0,    0,    0,    0,    0,    0,   -9,    0,  -11,    0,  -10,    0,   -6,   -6,  -10,    0,   -5,   -3,   -3,   -5,   -3,   -3,    0,    0,    0,    0,    0,    0,    0,    0,    0,    0,    0,
       0,    0,    0,    0,    0,    0,    0,    0,    0,    0,    0,    0,    0,    0,    0,    0,    0,   -1,    0,    0,    0,    0,    0,    0,    0,    0,    0,    0,    0,    0,    0,    0,   -1,    0,    0,    0,    0,    0,    0,    0,   -1,   -1,    0,    0,    0,    0,    0,    0,    0,    0,    0,    0,    0,    0,    0,    0,    0,
       0,    0,    0,    0,    0,    0,    0,    0,    0,    0,    0,    0,    0,    0,    0,    0,    0,    0,    0,    0,    0,    0,  -13,    0,    0,    0,    0,  -25,    0,    0,    0,    0,    0,    0,    0,    0,    0,    0,    0,    0,    0,   -5,    0,    0,    0,    0,    0,    0,    0,    0,   -2,   -6,    0,    0,    0,    0,    0,
       0,    0,    0,    0,    0,    0,    0,    0,    0,    0,    0,    0,    0,    0,    0,    0,    0,    0,    0,    0,    0,    0,  -20,    0,    0,    0,    0,    0,    0,    0,    0,    0,    0,    0,    0,    0,    0,    0,    0,    0,    0,  -15,    0,    0,    0,    0,    0,    0,    0,    0,    0,   -9,    2,    0,    0,    0,    0,
       0,    0,    0,    0,    0,    0,    0,    0,    0,    0,    0,    0,    0,    0,    0,    0,    5,   -5,    0,    0,  -17,   -3,   -7,   -3,    0,  -14,    0,    0,    0,    0,    3,    0,    0,    0,    0,    0,    0,    0,    0,    0,   -3,   -3,   -2,    0,    0,    0,    0,    0,    0,    0,    0,    0,    0,    0,    0,    0,    0,
       0,    0,    0,    0,    0,    0,    0,    0,    0,    0,    0,    0,    0,    0,    0,    0,    0,    0,    0,    0,  -13,    0,   -6,   -4,   -4,  -10,   -3,    0,    0,    0,    0,    0,    0,    0,    0,    0,    0,    0,    0,    0,    0,   -1,    0,   -3,    0,   -3,    0,    0,    0,    0,    0,    0,    0,    0,    0,    0,    0,
       0,    0,    0,    0,    0,    0,    0,    0,    0,    0,    0,    0,    0,    0,    0,    0,    0,    0,    0,    0,   -8,    0,   -4,   -3,   -1,   -9,    0,    0,    0,    0,    0,    0,    0,    0,    0,    0,    0,    0,    0,    0,    0,    0,    0,    0,    0,    0,    0,    0,    0,    0,    0,    0,    0,    0,    0,    0,    0,
       0,    0,    0,    0,    0,    0,    0,    0,    0,    0,    0,    0,    0,    0,    0,    0,    0,    0,    0,    0,    0,    0,    0,    0,    0,    0,    0,    0,    0,    0,    0,    0,    0,    0,    0,    0,    0,    0,    0,    0,    4,    0,    0,    0,    0,    0,    0,    0,    0,    0,    0,    0,    0,    0,    0,    0,    0,
       0,    0,    0,    0,    0,    0,    0,    0,    0,    0,    0,    0,    0,    0,    0,    0,    0,    0,    0,    0,  -12,    0,   -5,   -3,   -3,   -9,    0,    0,    0,    0,    1,    0,    0,    0,   -1,    0,    0,    0,    0,    0,    0,   -1,    0,   -2,   -1,    0,    0,    0,    0,    0,    0,    0,    0,    0,    0,    0,    0,
       0,    0,    0,    0,    0,    0,    0,    0,    0,    0,    0,    0,    0,    0,    0,    0,   -5,    0,    0,    0,   16,    0,   15,   13,   13,   13,   13,    0,    0,    0,    0,    0,  -10,    0,    0,    0,    0,    0,    0,    1,    0,    3,    1,    0,    0,    1,    0,    0,    0,    0,    0,    0,    0,   12,    0,    0,    0,
       0,    0,    0,    0,    0,   -1,    0,    0,    0,    0,    0,    0,    0,    0,    0,    0,   -4,   -3,    0,   -1,    0,    0,    0,    0,    0,   -4,    0,    0,    0,    0,   -1,    0,   -5,    0,    0,    3,    0,    0,   -3,    0,   -2,    0,    0,    0,    0,    0,    0,    0,    0,    0,    0,    0,    0,    0,    0,    0,    0,
       0,    0,    0,    0,    0,    0,    0,    0,    0,    0,    0,    0,    0,    0,    0,    0,    0,    0,    0,    0,   -8,    0,   -4,    0,    0,   -7,    0,    0,    0,    0,    0,    0,    0,    0,    0,    0,    0,    0,    0,    0,    0,   -1,    0,    0,   -1,    0,    0,    0,    0,    0,    0,    0,    0,    0,    0,    0,    0,
       0,    0,    0,    0,    0,    0,    0,    0,    0,    0,    0,    0,    0,    0,    0,    0,    0,    0,    0,    0,   -8,    0,    0,    0,    0,    0,    0,    0,    0,    0,    0,    0,    0,    0,    0,    0,    0,    0,    0,    0,    0,    0,    0,    0,    0,    0,    0,    0,    0,    0,    0,    0,    0,    0,    0,    0,    0,
       0,    0,    0,    0,    0,    0,    0,    0,    0,    0,    0,    0,    0,    0,    0,    0,    0,    0,    0,    0,   -8,   -3,    0,    0,    0,    0,    0,    0,    0,    0,    0,    0,    0,    0,    0,    1,    0,    0,    0,    0,    0,    0,    0,    0,    0,    0,    0,    0,    0,    0,    0,    0,    0,    0,    0,    0,    0,
       0,    0,    0,    0,    0,    0,    0,    0,    0,    0,    0,    0,    0,    0,    0,    0,    0,   -3,    0,    0,    0,    0,    0,    0,    0,   -5,    0,    0,    0,    0,   -1,   -1,   -6,    0,    0,   -1,    0,    0,   -1,    0,   -1,    0,    0,    0,    0,    0,    0,    0,    0,    0,    0,    0,    0,    0,    0,    0,    0,
       0,    0,    0,    0,    0,    0,    0,    0,    0,    0,    0,    0,    0,    0,    0,    0,    0,   -5,    0,    0,   -7,    0,   -8,   -5,    0,   -8,    0,    0,    0,    0,    0,    0,   -3,    0,   -3,   -4,    0,    0,    0,   -1,   -1,   -7,   -4,    0,   -4,    0,    0,    0,    0,    0,    0,    0,    0,    0,    0,    0,    0,
       0,    0,    0,    0,    0,    0,    0,    0,    0,    0,    0,    0,    0,    0,    0,    0,    0,    0,    0,    0,   -5,    0,   -3,    0,    0,   -4,    0,   -4,    0,    1,    0,    0,    0,    0,    0,    0,    0,    0,    0,    0,    0,    0,    0,    0,    0,    0,    0,    0,    0,    0,    0,    0,    0,    0,    0,    0,    0,
       0,    0,    0,    0,    0,    0,  -28,    0,    0,    0,    0,    0,    0,    0,    0,    0,   -8,    0,    0,    0,   -3,    0,    0,    0,   -4,    0,    0,    0,    0,    0,   -3,    0,   -6,    0,   -4,   -3,    0,    0,    0,    0,    0,   13,   13,    0,    0,    0,    0,    0,    0,    0,    0,    0,    0,    0,    0,    0,    0,
       0,    0,    0,    0,    0,    0,    0,    0,    0,    0,    0,    0,    0,    0,    0,    0,    0,   -1,    0,    0,  -12,    0,   -1,    0,   -1,   -5,    0,    0,    0,    0,    2,    0,    0,    0,    0,    0,    0,    0,    0,    0,    0,    0,    0,   -1,    0,    0,    0,    0,    0,    0,    0,    0,    0,    0,    0,    0,    0,
       0,    0,    0,    0,    0,    0,    0,    0,    0,    0,    0,    0,    0,    0,    0,    0,    0,    0,    0,    0,    0,    0,    0,    0,    0,    0,    0,    0,    0,    0,    0,    0,   -1,   -7,   -1,    0,    0,    0,    5,    0,    0,    0,   11,    0,    0,    0,    0,    0,    0,    0,    0,    0,    0,    0,    0,    0,    0,
       0,    0,    0,    0,    0,    0,    0,    0,    0,    0,    0,    0,    0,    0,    0,    0,    0,    0,    0,    0,   -8,    0,   -3,   -3,    0,   -4,    0,    0,    0,    0,    0,    0,    0,    0,   -3,    0,    0,    0,    0,    0,    0,    0,    0,    0,    0,    0,    0,    0,    0,    0,    0,    0,    0,    0,    0,    0,    0,
       0,    0,   -1,    0,    4,    0,    0,   -5,    0,    0,    0,    0,    0,    0,    3,    0,   -7,    0,    0,    0,   -3,    0,    0,    0,   -7,   -3,   -5,   -1,    0,  -15,   -1,    0,   -1,    0,   -1,    0,    0,    0,   -1,   13,    0,   13,    0,    0,    0,    0,    0,    0,   -8,    0,    0,   -3,    0,    0,    0,    0,    0,
       0,    0,    0,    0,    0,    0,    0,    0,    0,    0,    0,    0,    0,    0,    0,    0,   -1,    0,    0,    0,   -3,    0,    0,    0,   -5,   -3,   -1,    0,    0,    0,    1,    0,    0,    0,    0,    0,    0,    0,   -1,   13,    0,   11,    0,    0,    0,    0,    0,    0,    0,    0,    0,    0,    0,    0,    0,    0,    0,
       0,    0,   -2,    0,    0,    0,    0,    0,    0,    0,    0,    0,    0,    0,    0,    0,    0,   -3,    0,    0,   -4,   -1,    0,    0,    0,   -5,    0,   -4,    0,    0,    0,    0,   -3,    0,    0,    0,    0,    0,   -1,   13,   -1,    0,    0,    0,    0,    0,    0,   -4,    0,    0,    0,   -2,    0,    0,    0,    0,    0,
       0,    0,    0,    0,    0,    0,    0,    0,    0,    0,    0,    0,    0,    0,    0,    0,   -7,    0,    0,    0,   -3,    0,    0,    0,   -5,   -3,   -3,    0,    0,    0,    0,    0,   -1,    0,   -4,    0,    0,    0,   -3,    0,    0,    0,    0,    0,    0,    0,    0,    0,    0,    0,    0,    0,    0,    0,    0,    0,    0,
       0,    0,    0,    0,    0,    0,    0,    0,    0,    0,    0,    0,    0,    0,    0,    0,    0,    0,    0,    0,   -3,    0,    0,    0,    0,   -3,    0,    0,    0,    0,    0,    0,   -3,    0,    0,    0,    0,    0,    0,    0,    0,    0,    0,    0,    0,    0,    0,    0,    0,    0,    0,    0,    0,    0,    0,    0,    0,
       0,    0,    0,    0,    0,    0,    0,    0,    0,    0,    0,    0,    0,    0,    0,    0,    0,    0,    0,    0,    0,    0,   -4,    0,    0,    0,    0,    0,    0,    0,    0,    0,    0,    0,    0,    0,    0,    0,    0,    0,    0,    0,    0,    0,    0,    0,    0,    0,    0,    0,    0,    0,    0,    0,    0,    0,    0,
       0,    0,    0,    0,    0,    0,    0,    0,    0,    0,    0,    0,    0,    0,    0,    0,    0,    0,    0,    0,    0,    0,   -8,    0,    0,    0,    0,    0,    0,    0,    0,    0,    0,    0,    0,    0,    0,    0,    0,    0,    0,    0,    0,   -4,    0,    0,    0,    0,    0,    0,    0,    3,    0,    0,    0,    0,    0,
       0,    0,    0,    0,    0,    0,    0,    0,    0,    0,    0,    0,    0,    0,    0,    0,    0,    0,    0,    0,    0,    0,  -11,    0,    0,    0,    0,    0,    0,    0,    0,    0,    0,    0,    0,    0,    0,    0,    0,    0,    0,   -6,    0,    0,    0,    0,    0,    0,    0,    0,    0,   -8,    0,    0,    0,    0,    0,
       3,    0,    0,    0,   -1,    0,    0,  -11,    0,    0,    0,    0,    0,    0,    0,    0,    0,    0,    0,    0,    0,    0,    0,    0,    0,    0,    0,   -5,    0,  -14,    0,    0,    0,    0,    0,    0,    0,    0,    0,    0,    0,    2,    0,   -2,    0,    0,    5,    7,   -5,    0,    0,    0,    0,    0,    0,    0,    1,
       0,    0,    0,    0,   -5,    0,    0,   -3,    0,    0,    0,    0,    0,    0,    0,    0,    0,    0,    0,    0,    0,    0,    0,    0,    0,    0,    0,   -1,    0,   -9,    0,    0,    0,    0,    0,    0,    0,    0,    0,    0,    0,   -2,    0,   -2,    0,    0,    0,    3,    0,    0,    0,    0,    0,    0,    0,    0,    0,
       0,    0,    0,    0,   -4,    0,    0,   -8,    0,    0,    0,    0,    0,    0,    0,    0,    0,    0,    0,    0,    0,    0,    0,    0,    0,    0,    0,    0,    0,  -14,    0,    0,    0,    0,    0,    0,    0,    0,    0,    0,    0,    0,    0,   -2,    0,    0,    0,    3,   -5,    0,    0,    0,    0,    0,    0,    0,    0,
       0,    0,    0,    0,    0,    0,    0,    0,   -3,    0,    0,    0,    0,    0,    0,    0,    0,    0,    0,    0,    0,    0,    0,    0,    0,    0,    0,    0,    0,    0,    0,    0,    0,    0,    0,    0,    0,    0,    0,    0,    0,    0,    0,    0,    0,    0,    0,    0,    0,    0,    0,    0,    0,    0,    0,    0,    0,
       0,   26,    0,   34,   19,    0,    0,    0,    0,    0,    0,    0,    0,    0,    0,    0,    0,    0,    0,    0,    0,    0,    0,    0,    0,    0,    0,   29,   35,    0,    0,    3,    0,    0,    0,    0,    0,    0,    0,    0,    0,    0,    0,    0,    0,    0,    0,    0,    0,    0,    0,    3,   16,    0,   24,   29,    0,
       0,   17,    0,   28,    7,    0,    0,    0,    0,    0,    0,    0,    0,    0,    0,    0,    0,    0,    0,    0,    0,    0,    0,    0,    0,    0,    0,   23,   27,    0,    0,    3,    0,    0,    0,    0,    0,    0,    0,    0,    0,    0,    0,    0,    0,    0,    0,    0,    0,    0,    0,    3,   16,    0,   18,   21,    0,
       0,    0,    0,    9,    0,    0,    0,    0,    0,    0,    0,    0,    0,    0,    0,    0,    0,    0,    0,    0,    0,    0,    0,    0,    0,    0,    0,    0,    5,    0,    0,    0,    0,    0,    0,    0,    0,    0,    0,    0,    0,    0,    0,    0,    0,    0,    0,    0,    0,    0,    0,    0,    0,    0,    3,    3,    0,
       0,    0,    0,    0,    0,    0,    0,    0,  -13,    0,    0,    0,    0,    0,    0,    0,    0,    0,    0,    0,    0,    0,    0,    0,    0,    0,    0,    0,    0,    0,    0,    0,    0,    0,    0,    0,    0,    0,    0,    0,    0,    0,    0,    0,    0,    0,    0,    0,    0,    2,    0,    0,    0,    0,    0,    0,    0,
       0,    0,    0,    0,    0,    0,    0,    0,    0,  -11,    0,    0,    0,   -9,    0,    0,    0,    0,    0,    0,    0,    0,    0,    0,    0,    0,    0,    0,    0,    0,    0,    0,    0,    0,    0,    0,    0,    0,    0,    0,    0,    0,    0,    0,    0,    0,    0,    0,    0,    0,    0,    0,    0,    0,    0,    0,    0,
       0,    0,    0,    0,    0,    0,    0,    0,    0,  -16,    0,  -13,    0,   -9,    0,    0,    0,    0,    0,    0,    0,    0,    0,    0,    0,    0,    0,    0,    0,    0,    0,    0,    0,    0,    0,    0,    0,    0,    0,    0,    0,    0,    0,    0,    0,    0,    0,    0,    0,    0,    0,    0,    0,    0,    0,    0,    0,
       0,    0,    0,    0,    0,    0,    0,    0,    0,    0,    0,    0,    0,    0,    0,    0,    0,    0,    0,    0,    0,    0,    0,    0,    0,    0,    0,    0,    0,    0,    0,    0,    0,    0,    0,    1,    0,    0,    0,    0,    0,    0,    0,    0,    0,    0,    0,    0,    0,    0,    0,    0,    0,    0,    0,    0,    0,
       0,    0,    0,    0,    0,    0,    0,    0,    0,    0,    0,    0,    0,    0,    0,    0,    0,    0,    0,    0,    0,    0,   -6,    0,    0,    0,    0,    0,    0,    0,    0,    0,    0,    0,    0,    0,    0,    0,    0,    0,    0,    0,    0,    0,    0,    0,    0,    0,    0,    2,    0,    0,    0,    0,    0,    0,    0,
};

static const EpdLigaturePair quicksand_8_regularLigaturePairs[] = {
    { 0x00660069, 0xFB01 }, // f i -> U+FB01
    { 0x0066006C, 0xFB02 }, // f l -> U+FB02
};

static const EpdFontData quicksand_8_regular = {
    quicksand_8_regularBitmaps,
    quicksand_8_regularGlyphs,
    quicksand_8_regularIntervals,
    57,
    21,
    17,
    -5,
    false,
    nullptr,
    0,
    nullptr,
    quicksand_8_regularKernLeftClasses,
    quicksand_8_regularKernRightClasses,
    quicksand_8_regularKernMatrix,
    228,
    167,
    77,
    57,
    quicksand_8_regularLigaturePairs,
    2,
};
