/**
 * generated by fontconvert.py
 * name: quicksand_10_bolditalic
 * size: 10
 * mode: 2-bit  compressed: true
 * Command used: fontconvert.py quicksand_10_bolditalic 10 ../builtinFonts/source/Quicksand/Quicksand-Bold.ttf --2bit --compress --pnum --darken-aa
 */
#pragma once
#include "EpdFontData.h"

static const uint8_t quicksand_10_bolditalicBitmaps[11584] = {
    0x8D, 0x57, 0x3D, 0x8C, 0xDC, 0xC6, 0x15, 0x7E, 0x24, 0x25, 0x31, 0x11, 0x11, 0xF0, 0x80, 0x9C,
    0x00, 0xC9, 0x42, 0xCC, 0x2B, 0xAE, 0xB8, 0x5C, 0x24, 0xB1, 0xB0, 0x0B, 0x15, 0xBB, 0x3B, 0x8C,
    0x9B, 0x94, 0x72, 0x21, 0x21, 0x45, 0x9A, 0x14, 0x2A, 0x5C, 0xE5, 0x1A, 0x15, 0x57, 0xEC, 0x1D,
    0x69, 0xA8, 0x70, 0x91, 0xC2, 0x72, 0x11, 0x37, 0x69, 0x52, 0xB8, 0x88, 0xCF, 0x40, 0x2E, 0xE5,
    0x15, 0xDC, 0xE5, 0x04, 0x29, 0x54, 0xB8, 0x08, 0x9D, 0x38, 0x48, 0xA9, 0x29, 0x84, 0x18, 0x88,
    0x8B, 0x0C, 0x64, 0x06, 0x9A, 0x8B, 0x66, 0x39, 0xF9, 0xDE, 0x70, 0x57, 0x77, 0x96, 0xCE, 0x52,
    0xC8, 0xF7, 0xB8, 0xE4, 0xEC, 0x70, 0xDE, 0x9B, 0xF7, 0xF3, 0xBD, 0xC7, 0xCD, 0x1A, 0xC7, 0x74,
    0x3A, 0x1A, 0xDD, 0x5C, 0xA3, 0x69, 0x3D, 0xBD, 0x72, 0x91, 0x26, 0x19, 0x8D, 0x73, 0x1A, 0xDD,
    0xA0, 0xE9, 0x98, 0xEE, 0x8D, 0x68, 0x63, 0x93, 0x68, 0xE3, 0x02, 0x91, 0x49, 0xC1, 0x19, 0x9D,
    0x3F, 0xDE, 0x29, 0x72, 0xE7, 0x54, 0xE6, 0x5C, 0x1B, 0xEA, 0x31, 0x45, 0x6A, 0x04, 0x9E, 0xD2,
    0x4F, 0xFE, 0xDB, 0x17, 0xA5, 0x73, 0x12, 0xFF, 0x15, 0x89, 0xEC, 0x28, 0xAD, 0x34, 0x25, 0x85,
    0x26, 0xFA, 0x11, 0x91, 0xA0, 0xA0, 0xA9, 0x12, 0x67, 0x72, 0xB7, 0x10, 0x62, 0x34, 0x11, 0x24,
    0x04, 0xE5, 0x8E, 0x12, 0xA7, 0xA9, 0xB1, 0x24, 0x7A, 0x12, 0x93, 0x2D, 0x31, 0x11, 0xCD, 0x22,
    0x77, 0x26, 0x76, 0x2D, 0xE6, 0x33, 0x7D, 0x8F, 0x62, 0x45, 0x15, 0xE5, 0x26, 0x52, 0x34, 0x9E,
    0x26, 0x12, 0xFA, 0xA4, 0x15, 0x4D, 0xF1, 0x3A, 0xEE, 0xA6, 0x98, 0x62, 0x0D, 0x51, 0xFA, 0xCD,
    0x13, 0x43, 0xC1, 0xCF, 0x3E, 0xEF, 0x71, 0xFB, 0x61, 0x86, 0xC1, 0x3C, 0x2D, 0x68, 0xCA, 0x17,
    0x93, 0xA5, 0x14, 0xEA, 0xD4, 0x51, 0xD8, 0x46, 0x96, 0x86, 0x23, 0x57, 0x44, 0x6E, 0x41, 0xD1,
    0x71, 0x03, 0x9D, 0x7F, 0x00, 0x26, 0x8A, 0x3A, 0x30, 0xFE, 0xCF, 0x5C, 0x24, 0x45, 0xF6, 0x50,
    0xEE, 0xC5, 0x4E, 0xEE, 0x05, 0xAE, 0xDA, 0xA7, 0xB2, 0x10, 0x1F, 0xB9, 0x36, 0x73, 0xCF, 0x74,
    0xE4, 0x5A, 0xCD, 0xAF, 0x5F, 0x11, 0xE3, 0xD1, 0xF4, 0xDE, 0x06, 0x5D, 0x26, 0x1B, 0x99, 0x44,
    0xA5, 0x32, 0x87, 0x9E, 0x13, 0xDA, 0xA3, 0x29, 0x78, 0x0F, 0x77, 0x82, 0xB2, 0x2A, 0x69, 0xB1,
    0xA4, 0xA5, 0x6B, 0x1B, 0xB4, 0xC0, 0x73, 0x2A, 0x23, 0x15, 0xEA, 0xA0, 0x23, 0x83, 0xB1, 0xE1,
    0x34, 0xA1, 0x8E, 0x74, 0x2A, 0x45, 0x31, 0xA3, 0x7B, 0x14, 0x16, 0x3F, 0xAC, 0x44, 0x9D, 0x2A,
    0x61, 0xDE, 0x7A, 0x2F, 0x2A, 0x20, 0xE3, 0x32, 0x61, 0x9D, 0x25, 0xED, 0x93, 0x70, 0x3D, 0xE8,
    0x7C, 0x79, 0xFB, 0x64, 0xF0, 0x1C, 0xCE, 0x92, 0xCA, 0x2A, 0xA9, 0xE0, 0x24, 0xDA, 0x51, 0x4E,
    0x37, 0xFA, 0xC8, 0xD6, 0xFE, 0xCD, 0x11, 0x11, 0x6E, 0x3A, 0xEC, 0x9B, 0xA2, 0x96, 0x60, 0x32,
    0xD8, 0x21, 0xF7, 0x6F, 0x61, 0xD8, 0xF8, 0x61, 0xE5, 0x87, 0xAB, 0xE5, 0x30, 0xCC, 0xF8, 0x36,
    0x84, 0x36, 0x45, 0xE4, 0x60, 0x2A, 0x9B, 0x4B, 0x2B, 0x68, 0x1F, 0xFE, 0x99, 0xAC, 0xC8, 0xFB,
    0x4A, 0xE4, 0xD5, 0x2C, 0xFD, 0xA7, 0x4D, 0x5C, 0x17, 0xC0, 0x3B, 0xE7, 0x88, 0x7E, 0x17, 0x77,
    0x79, 0xD7, 0x74, 0xFB, 0x5D, 0xF8, 0xC2, 0x89, 0x8D, 0xEA, 0xD0, 0xC0, 0xB9, 0x45, 0xD3, 0x48,
    0x9B, 0xB4, 0x1B, 0x90, 0x17, 0xB7, 0xB0, 0x02, 0x0C, 0x03, 0xAD, 0x83, 0x05, 0xDB, 0x3B, 0x55,
    0x24, 0xFE, 0x5E, 0x20, 0x86, 0x1A, 0xA7, 0xDE, 0x38, 0xA8, 0x84, 0x53, 0x02, 0xCB, 0xE6, 0x15,
    0xCD, 0x29, 0xB4, 0x14, 0x3B, 0x84, 0x8A, 0x0A, 0x62, 0x4D, 0x61, 0x47, 0x01, 0xEF, 0xE5, 0x46,
    0xAC, 0x85, 0x93, 0x99, 0x23, 0x82, 0x81, 0x82, 0x8A, 0x17, 0xCC, 0xB0, 0x84, 0x22, 0xA7, 0xA2,
    0xA7, 0x2A, 0xF9, 0x9B, 0xCA, 0xEE, 0x2B, 0xF1, 0xF3, 0xC7, 0xCE, 0xF5, 0x8D, 0xEB, 0x79, 0x87,
    0x4C, 0x2D, 0x45, 0x72, 0xB5, 0xB8, 0x9C, 0xFA, 0x9D, 0xCE, 0x0D, 0x35, 0x5E, 0xB1, 0x75, 0x04,
    0x56, 0xA4, 0x3D, 0xA9, 0xA3, 0x4C, 0x36, 0xAE, 0xCA, 0x17, 0x3E, 0x3E, 0xDE, 0xA0, 0xC0, 0x51,
    0xDC, 0x7B, 0x0D, 0x0B, 0x9A, 0xDC, 0xC5, 0x7C, 0x42, 0x4C, 0xF7, 0x89, 0xB2, 0x91, 0x36, 0x91,
    0xC6, 0xB5, 0x4C, 0xDB, 0x1C, 0x1A, 0xF6, 0x3C, 0x7D, 0xFB, 0xA0, 0x72, 0x30, 0x3F, 0xC2, 0x38,
    0xF1, 0x7B, 0xCC, 0x0B, 0x8E, 0xDB, 0x7D, 0x82, 0x93, 0x03, 0x33, 0x2C, 0xEF, 0xAD, 0xED, 0xFD,
    0xC0, 0xC7, 0xA7, 0xD8, 0x1D, 0x36, 0xA2, 0x44, 0xA4, 0x45, 0xD0, 0x89, 0x50, 0x67, 0x5F, 0xAB,
    0x04, 0x39, 0xF3, 0x35, 0x3F, 0x8E, 0xC9, 0x4C, 0xC8, 0x88, 0xDF, 0xC2, 0x11, 0x6D, 0xE8, 0x8A,
    0x98, 0xCD, 0x48, 0xE5, 0xA1, 0xB4, 0x71, 0x6B, 0x06, 0xE9, 0xB1, 0x6E, 0x0E, 0x61, 0x0A, 0x15,
    0x3F, 0xF3, 0x8B, 0x8A, 0x22, 0x84, 0xAA, 0x86, 0xD2, 0x96, 0xD7, 0x9E, 0xCE, 0xA6, 0xB4, 0xFC,
    0xE5, 0x40, 0xBC, 0x41, 0x27, 0xC7, 0x3A, 0x35, 0x38, 0x53, 0x38, 0xFC, 0xA6, 0x7F, 0x0E, 0x15,
    0xE5, 0x1A, 0x31, 0x8E, 0x77, 0xCB, 0x96, 0x9A, 0x8A, 0x32, 0x98, 0x19, 0xE6, 0x85, 0x49, 0x61,
    0x76, 0xE4, 0x1C, 0xB2, 0xC4, 0x19, 0xE7, 0xEC, 0xA5, 0x3B, 0xEF, 0x9E, 0xBE, 0x5F, 0xE3, 0x9D,
    0x91, 0x3B, 0x99, 0x8F, 0x54, 0x65, 0x55, 0x33, 0xC3, 0x83, 0x43, 0x92, 0x05, 0x0F, 0x90, 0x4A,
    0x54, 0x3A, 0xB9, 0x9F, 0xA8, 0x35, 0x98, 0x20, 0xF4, 0x94, 0x40, 0x9C, 0x8C, 0x7A, 0xB6, 0x09,
    0x84, 0xC3, 0x8F, 0xA1, 0xF7, 0x40, 0xC8, 0x69, 0xB5, 0x83, 0x34, 0x4E, 0x1C, 0x16, 0x28, 0xAB,
    0x58, 0xC3, 0xE7, 0x64, 0x62, 0xF9, 0xDE, 0xE6, 0x28, 0x0D, 0x9D, 0xB9, 0xF6, 0x66, 0xF2, 0x95,
    0xB9, 0x3E, 0x4A, 0x7F, 0xDA, 0x5D, 0x1F, 0xE5, 0x81, 0xBE, 0x76, 0x73, 0x12, 0xEA, 0xD1, 0xCD,
    0x49, 0xA4, 0x77, 0x6F, 0x8A, 0x54, 0xEB, 0x11, 0x40, 0x48, 0x8E, 0x62, 0x3D, 0xA7, 0x8C, 0x45,
    0x23, 0xAA, 0x37, 0x90, 0xDB, 0xBF, 0xC0, 0x12, 0x70, 0x29, 0x54, 0xB9, 0x8D, 0xC1, 0xEF, 0x93,
    0x07, 0x13, 0x12, 0x18, 0x68, 0x24, 0xB4, 0x6F, 0x29, 0x78, 0x0A, 0xCF, 0x3C, 0xE1, 0x14, 0x31,
    0x70, 0x8F, 0xA5, 0x14, 0x90, 0x00, 0xD8, 0x42, 0xB2, 0xB9, 0x62, 0x0A, 0xC3, 0x5A, 0x62, 0x00,
    0x8B, 0xE4, 0xD2, 0xC5, 0x8D, 0xEB, 0x1A, 0x67, 0x67, 0xB4, 0xA4, 0x86, 0x3D, 0xDE, 0x35, 0x9F,
    0x2D, 0x66, 0x24, 0x06, 0x9A, 0x1F, 0x20, 0xF0, 0x2C, 0xFC, 0x42, 0x57, 0x1F, 0xB3, 0xB5, 0x8A,
    0x18, 0x9C, 0xEA, 0x0B, 0x1C, 0xD2, 0x83, 0x6C, 0xF2, 0xC9, 0xE6, 0xD9, 0x3F, 0x23, 0x1A, 0x32,
    0x2C, 0x9F, 0x1E, 0xEF, 0x50, 0xE4, 0x77, 0xCE, 0xE1, 0x54, 0x40, 0x58, 0x01, 0xCD, 0x3B, 0xE2,
    0x30, 0xAE, 0x91, 0x2E, 0x35, 0x56, 0xA8, 0xA1, 0xD0, 0xCB, 0x9C, 0x81, 0x45, 0x31, 0x3F, 0x70,
    0x98, 0x0B, 0x04, 0x85, 0xE8, 0xED, 0x83, 0x07, 0x5E, 0x33, 0x55, 0xFB, 0x64, 0xAF, 0xBD, 0x0D,
    0x1A, 0xC7, 0xC1, 0xFD, 0x7C, 0x64, 0xCE, 0x9B, 0x41, 0x00, 0xE9, 0x97, 0x27, 0xCF, 0x0F, 0x8A,
    0x17, 0x26, 0x0F, 0x04, 0x44, 0xA1, 0xAB, 0xC7, 0xBC, 0xAB, 0x8A, 0x35, 0x4D, 0x75, 0x40, 0xB9,
    0x3C, 0xBD, 0x2B, 0xD7, 0x8A, 0x00, 0x01, 0x4D, 0x8D, 0xCA, 0xAB, 0x48, 0xA5, 0x6D, 0xA4, 0x92,
    0x7E, 0x47, 0x85, 0x8E, 0x33, 0x7A, 0xD8, 0xD5, 0x26, 0x5D, 0xC0, 0x4A, 0x69, 0x01, 0xAD, 0xAB,
    0xD3, 0x3C, 0x3F, 0x38, 0x84, 0x3A, 0xCE, 0xF3, 0x8B, 0xFF, 0x61, 0x7E, 0x35, 0x42, 0xC4, 0x6E,
    0xD6, 0xA7, 0x0F, 0x28, 0xF3, 0x60, 0x95, 0xB8, 0x67, 0xD3, 0x16, 0x12, 0x6B, 0x87, 0x33, 0x7E,
    0x48, 0xD0, 0x2D, 0xBA, 0x08, 0xD1, 0x02, 0x0C, 0x83, 0x46, 0x86, 0x00, 0xB4, 0x54, 0xC3, 0xFA,
    0xB3, 0x9E, 0xCD, 0x33, 0x84, 0x49, 0x73, 0xAB, 0xA5, 0x59, 0xA2, 0xF1, 0xBF, 0x1D, 0xE6, 0x61,
    0xFE, 0x88, 0xDE, 0x84, 0xDA, 0x54, 0xBF, 0x8E, 0x56, 0x06, 0x55, 0x5B, 0x44, 0xBF, 0x9C, 0x21,
    0xE9, 0x51, 0x57, 0x4C, 0x23, 0x13, 0xD3, 0xB4, 0x99, 0x69, 0xB4, 0x30, 0x33, 0x9C, 0xF5, 0xDC,
    0x98, 0x5A, 0x68, 0x53, 0x67, 0xD2, 0xD4, 0x49, 0x65, 0x18, 0x8A, 0x57, 0x8C, 0x94, 0xED, 0xB6,
    0x50, 0x04, 0xE6, 0x08, 0xB9, 0x06, 0x75, 0x13, 0xEF, 0xCA, 0x46, 0x83, 0x4D, 0x22, 0xEB, 0x05,
    0x58, 0x80, 0xB3, 0xCF, 0x65, 0x9D, 0x3C, 0x93, 0x75, 0xE4, 0xE0, 0x75, 0xE6, 0x12, 0x9C, 0xCB,
    0x5D, 0x4A, 0x90, 0x89, 0x8F, 0x01, 0x59, 0xC0, 0x2C, 0x24, 0x42, 0xAA, 0x52, 0x0D, 0x1F, 0x74,
    0xF0, 0x8B, 0x65, 0x9E, 0x2C, 0xD9, 0x3F, 0x17, 0xA1, 0xC9, 0x64, 0xAC, 0x93, 0xE3, 0x1D, 0x35,
    0x44, 0xDC, 0x00, 0x78, 0xDB, 0x07, 0xB0, 0x41, 0x8B, 0x3D, 0xD4, 0x01, 0xF4, 0xB1, 0x4C, 0x81,
    0x99, 0x7F, 0xA6, 0xFD, 0x60, 0x71, 0x7A, 0xAB, 0x0C, 0x2E, 0x10, 0xE6, 0xA5, 0x79, 0x71, 0xC4,
    0xF2, 0x88, 0x05, 0x72, 0x24, 0xD8, 0xE1, 0x32, 0x79, 0x7E, 0x19, 0xC6, 0x20, 0x96, 0x58, 0x2E,
    0xB1, 0xE0, 0x21, 0xD6, 0x07, 0xD1, 0xA5, 0x3C, 0x8F, 0xA5, 0x8E, 0x73, 0x5E, 0xCF, 0xF1, 0xB3,
    0xA1, 0xA5, 0x42, 0xF0, 0x88, 0x63, 0xA0, 0x5E, 0x2C, 0x53, 0x40, 0x2C, 0x79, 0x02, 0x6B, 0xDB,
    0x65, 0x7A, 0xB0, 0xA7, 0xF6, 0xFC, 0xD8, 0xF2, 0x7F, 0x0E, 0x16, 0x0F, 0xB1, 0x27, 0x8D, 0x06,
    0x8D, 0x26, 0x3E, 0x46, 0xF3, 0xE3, 0x55, 0xA3, 0x01, 0xE7, 0xD2, 0x64, 0x8B, 0x26, 0xE2, 0xE3,
    0x55, 0xA3, 0x71, 0x0E, 0xF2, 0x0E, 0x00, 0x56, 0xAE, 0x10, 0xAC, 0xC5, 0x2A, 0xAA, 0xFF, 0x1F,
    0xBE, 0xB1, 0x8A, 0xAE, 0xEC, 0xB5, 0xBC, 0x47, 0xDC, 0x27, 0x94, 0x94, 0xFF, 0x6B, 0x01, 0xAC,
    0x41, 0x19, 0x76, 0x1E, 0xB0, 0xF1, 0x7E, 0x50, 0xED, 0xA1, 0x46, 0x4C, 0x50, 0x3E, 0xB8, 0x53,
    0xC8, 0xAA, 0xAC, 0x40, 0x5F, 0x80, 0xA7, 0x09, 0x42, 0xB9, 0x06, 0x3A, 0x42, 0x67, 0x03, 0x34,
    0x83, 0xFA, 0x54, 0x02, 0x36, 0x05, 0x32, 0x8F, 0x31, 0x05, 0x9D, 0xD8, 0x26, 0xBF, 0x0F, 0xB7,
    0xD0, 0x6C, 0x46, 0xDE, 0xC7, 0x5B, 0x7C, 0x99, 0x85, 0x26, 0x2F, 0x1C, 0xBA, 0x8B, 0x3F, 0xF1,
    0xE5, 0xCF, 0xEE, 0x03, 0x54, 0xC7, 0x47, 0x7F, 0x91, 0xD1, 0xB3, 0x87, 0x8F, 0x64, 0xE4, 0xEE,
    0xBB, 0x2A, 0x74, 0x8C, 0xDB, 0x3D, 0x39, 0xF6, 0xCE, 0x9C, 0x68, 0x17, 0xA1, 0x7E, 0x99, 0x42,
    0xDF, 0xA8, 0x88, 0x2A, 0x2F, 0xD2, 0x76, 0x1F, 0xA2, 0x2D, 0x54, 0xD4, 0x1E, 0x2A, 0x3D, 0x6C,
    0x96, 0xD2, 0xAB, 0x10, 0x7D, 0x03, 0xB8, 0x6C, 0x17, 0xC8, 0x4E, 0x74, 0x04, 0xD0, 0x63, 0xC4,
    0xF1, 0x47, 0xAC, 0x0A, 0x9B, 0x21, 0xE7, 0xA6, 0x04, 0xA3, 0x80, 0xD3, 0xBF, 0xA2, 0xF6, 0x01,
    0x62, 0x81, 0xF8, 0xDC, 0x59, 0x7C, 0x1B, 0xFE, 0x4E, 0xF3, 0x75, 0xA2, 0x8B, 0x30, 0x3F, 0x83,
    0x78, 0xEA, 0x23, 0xA3, 0x21, 0x6E, 0x00, 0x7C, 0x0D, 0x4A, 0x97, 0xB2, 0x31, 0x14, 0xD8, 0xA1,
    0x4B, 0x43, 0xEE, 0xC2, 0x84, 0x9F, 0xB2, 0xBB, 0x2A, 0x86, 0xEA, 0xED, 0xDF, 0x97, 0x76, 0xFF,
    0x93, 0x29, 0x7D, 0xF7, 0x59, 0x5A, 0x61, 0x37, 0x7D, 0xE8, 0x42, 0x1C, 0x1A, 0x1E, 0x84, 0x08,
    0xCA, 0x31, 0x5A, 0x03, 0xAE, 0x3B, 0x9D, 0x0F, 0xEB, 0xF1, 0x99, 0x7F, 0x58, 0x0F, 0x7C, 0xD7,
    0xB6, 0x3F, 0x69, 0xEC, 0x36, 0xC7, 0xDA, 0x77, 0x9E, 0x8D, 0x2D, 0xB9, 0xB1, 0x43, 0x65, 0x8B,
    0x01, 0xF9, 0x8F, 0x64, 0xFE, 0x6B, 0x55, 0x46, 0x7A, 0x11, 0xA0, 0x35, 0xB5, 0x6B, 0xB4, 0x06,
    0x20, 0x47, 0x9F, 0xE3, 0xAA, 0x4B, 0x77, 0xEE, 0xB0, 0x97, 0xB8, 0x08, 0xB3, 0xC9, 0xD6, 0xCF,
    0x45, 0x6E, 0x8E, 0x2D, 0xE7, 0xEF, 0x3B, 0x98, 0x72, 0xEC, 0xC9, 0xF7, 0x5A, 0x65, 0xFE, 0x85,
    0xC3, 0x78, 0xE8, 0x7E, 0x85, 0x59, 0x6B, 0x5E, 0x41, 0x3B, 0xD0, 0x3A, 0xF5, 0x4E, 0xA2, 0xD9,
    0x70, 0xEF, 0x98, 0x05, 0x59, 0x4B, 0x53, 0x4B, 0x63, 0x5C, 0x71, 0xEF, 0xEE, 0xA3, 0x3A, 0xEB,
    0x99, 0xF3, 0xBE, 0xB8, 0x04, 0xCF, 0xA9, 0xD4, 0x75, 0xB9, 0xFC, 0xA3, 0xF0, 0xBB, 0x1E, 0xFB,
    0x2B, 0xA7, 0x41, 0x8B, 0xBE, 0xA2, 0xC3, 0xBF, 0xDC, 0xBF, 0x31, 0x8B, 0x25, 0xAD, 0x8B, 0xC8,
    0x35, 0xAF, 0x55, 0x06, 0x3D, 0x44, 0xC8, 0x6E, 0xD2, 0xF9, 0xFB, 0x00, 0x95, 0xA9, 0xEF, 0x4B,
    0x17, 0x93, 0x3B, 0xB7, 0xFD, 0xCA, 0x47, 0x88, 0xEA, 0xE5, 0xCA, 0x57, 0x10, 0x2A, 0x08, 0x35,
    0x39, 0x74, 0x61, 0xC2, 0xE1, 0x9B, 0xA0, 0xBA, 0xFA, 0x9F, 0x55, 0x53, 0xF6, 0x02, 0xC9, 0xC1,
    0x14, 0x87, 0x2C, 0xBD, 0x1A, 0xA4, 0xE7, 0xA0, 0x09, 0xE5, 0xDC, 0x73, 0x2E, 0xA5, 0x1F, 0x42,
    0xC9, 0xE4, 0xA3, 0x1E, 0xDD, 0x69, 0x04, 0x11, 0x2F, 0x99, 0x65, 0xC1, 0x66, 0x69, 0x5D, 0xCC,
    0xBD, 0xD9, 0xCB, 0xB4, 0x1B, 0xA8, 0x23, 0x7B, 0x97, 0x8E, 0xEC, 0xEA, 0x38, 0x8A, 0x65, 0xD2,
    0x86, 0xB0, 0x55, 0x24, 0xE3, 0x33, 0xCE, 0x44, 0xE6, 0xB2, 0x44, 0xEF, 0xCF, 0xFB, 0xE5, 0xB8,
    0x39, 0x41, 0xC0, 0x48, 0xA1, 0x78, 0xD4, 0xA2, 0xAA, 0x7B, 0x6A, 0x8C, 0xA7, 0x9E, 0x66, 0x78,
    0x4C, 0xDB, 0x3A, 0xD6, 0xA3, 0x40, 0xAF, 0x4F, 0x5F, 0x28, 0x55, 0xEB, 0xF4, 0x2E, 0xCD, 0xDC,
    0x43, 0x6E, 0x20, 0xFF, 0xED, 0x0A, 0x17, 0xDB, 0x4C, 0x5A, 0xEE, 0xFB, 0x5F, 0x7D, 0x81, 0xC2,
    0x71, 0x05, 0x37, 0xCE, 0x78, 0x5B, 0x0A, 0x59, 0x6C, 0xC3, 0x33, 0x68, 0x97, 0x34, 0xE6, 0xB0,
    0xAF, 0x01, 0x28, 0x16, 0xB5, 0x00, 0x9F, 0x50, 0xFE, 0x53, 0x24, 0x87, 0xC3, 0x33, 0xFF, 0xCB,
    0xCF, 0xD9, 0x17, 0x0B, 0x60, 0x9F, 0xF1, 0xF3, 0xBC, 0xDB, 0xD7, 0x69, 0xFE, 0xCA, 0x28, 0x5A,
    0xB8, 0xCA, 0xAE, 0x6C, 0x5B, 0xAF, 0x7A, 0xC7, 0xC8, 0xFD, 0xE1, 0x95, 0xE1, 0x51, 0x9E, 0xC4,
    0xD2, 0xD0, 0x75, 0xAE, 0xCF, 0x7A, 0xD7, 0xBB, 0xE7, 0xDF, 0x3B, 0xC3, 0xB9, 0x4B, 0xB0, 0x47,
    0xCA, 0x4D, 0x96, 0x9C, 0xE0, 0x4B, 0x0B, 0xB3, 0x3B, 0xE8, 0x56, 0x00, 0x5C, 0x36, 0xA2, 0x76,
    0x16, 0xB5, 0x82, 0xA3, 0x8B, 0xBD, 0x1B, 0xA2, 0x0C, 0xA2, 0x00, 0x2E, 0x9A, 0x3E, 0xFB, 0x92,
    0xEF, 0x96, 0xE7, 0x97, 0x71, 0xCF, 0xD8, 0x40, 0x75, 0x78, 0x86, 0x9B, 0x6B, 0xF4, 0xE5, 0x89,
    0x2F, 0xFB, 0x6E, 0xD9, 0xF2, 0x4E, 0x69, 0xB4, 0x8F, 0x52, 0x4F, 0x26, 0x7F, 0x07, 0x40, 0xA8,
    0x92, 0x7F, 0x70, 0x50, 0xA2, 0x55, 0x65, 0xE4, 0x5B, 0x0C, 0x6D, 0x8D, 0x3F, 0x70, 0x33, 0xDE,
    0x0B, 0x8A, 0x3D, 0x11, 0xB5, 0x36, 0x4F, 0x94, 0xC9, 0x3E, 0x7C, 0xD2, 0xA5, 0x8F, 0x9E, 0xEA,
    0xA4, 0x6F, 0x54, 0x64, 0x4B, 0x19, 0x59, 0x21, 0x19, 0x54, 0x49, 0xA7, 0xAB, 0x57, 0xEA, 0x50,
    0xCD, 0x63, 0x25, 0x6E, 0xB1, 0xBE, 0xF1, 0x82, 0x3F, 0x1E, 0xF9, 0x8B, 0x01, 0x25, 0xE4, 0x96,
    0x9C, 0xC7, 0x7A, 0x97, 0xFB, 0x5B, 0x7A, 0x85, 0xA2, 0x4D, 0xC2, 0x1D, 0x58, 0xF6, 0x8C, 0xDB,
    0x95, 0x1F, 0x67, 0xAC, 0xB4, 0xEF, 0x93, 0x60, 0x18, 0xD8, 0x40, 0x5D, 0xDA, 0x91, 0x6C, 0xC7,
    0x05, 0xA1, 0x70, 0x02, 0x07, 0xB9, 0xCB, 0xFF, 0x0D, 0x72, 0xC8, 0x7F, 0x21, 0x5D, 0x64, 0x38,
    0x0C, 0x57, 0x1F, 0x16, 0xCF, 0x09, 0x73, 0xB0, 0xAF, 0xC6, 0x7F, 0x17, 0x7D, 0x2B, 0xBD, 0x00,
    0xC1, 0x58, 0xB9, 0xE4, 0xC5, 0xDF, 0xB6, 0x2F, 0x1D, 0x9B, 0x77, 0x3D, 0xBA, 0xA2, 0x9B, 0xE3,
    0xF7, 0x9E, 0x93, 0xF2, 0x58, 0xDB, 0xF0, 0x87, 0x50, 0xA4, 0x4F, 0x8D, 0xFB, 0xCF, 0x49, 0x54,
    0x82, 0xB9, 0xDF, 0xDC, 0x95, 0xA0, 0x72, 0x5F, 0x21, 0x92, 0xA4, 0x6E, 0x18, 0x77, 0xFE, 0x07,
    0xAD, 0x58, 0xBF, 0x6F, 0x1C, 0xC7, 0x15, 0x7E, 0xBB, 0x4B, 0xDE, 0xDA, 0x5A, 0xC4, 0x43, 0x40,
    0x34, 0xA0, 0x58, 0x91, 0x96, 0x05, 0x0B, 0xC9, 0x88, 0xBD, 0x8D, 0x0B, 0x22, 0xB8, 0xBB, 0x59,
    0xA9, 0x4D, 0x21, 0x22, 0x10, 0xBB, 0x14, 0x2A, 0x5C, 0x24, 0x29, 0xA4, 0xC2, 0x2A, 0x58, 0x1C,
    0x75, 0x2B, 0xA5, 0x70, 0xE1, 0x22, 0xFC, 0x0F, 0x42, 0x24, 0x2C, 0x04, 0x3A, 0x00, 0x09, 0xD8,
    0xC5, 0x21, 0x59, 0x72, 0xC7, 0x54, 0x11, 0x20, 0x6E, 0xD6, 0xC9, 0x1F, 0xE0, 0x8D, 0x6D, 0x20,
    0x80, 0x55, 0x68, 0x60, 0x6F, 0xA0, 0x65, 0x38, 0x77, 0xE3, 0xEF, 0xCD, 0x92, 0x8A, 0xEC, 0x84,
    0xF6, 0x49, 0xD4, 0xEE, 0xBC, 0xB9, 0xD9, 0xD9, 0x79, 0x6F, 0x66, 0xDF, 0x8F, 0x6F, 0xDE, 0xDC,
    0x5C, 0x9E, 0x5F, 0xA2, 0xC5, 0xA5, 0x6E, 0x77, 0x30, 0xC8, 0x71, 0xCD, 0x51, 0x97, 0x68, 0x8D,
    0x7C, 0x5B, 0x0A, 0xAB, 0x93, 0x5D, 0x2D, 0xBB, 0xD4, 0xEB, 0xD2, 0x9A, 0x2B, 0x68, 0x27, 0xF9,
    0x8E, 0xB0, 0x75, 0x60, 0x2B, 0xBA, 0x43, 0x3C, 0x72, 0x98, 0x51, 0x60, 0x6B, 0x8A, 0x0E, 0x0D,
    0x09, 0x75, 0x9B, 0x44, 0x46, 0x8E, 0xA4, 0xCD, 0x68, 0x68, 0x15, 0x9D, 0x3F, 0x20, 0x0A, 0xF4,
    0x11, 0x55, 0x44, 0x49, 0xD3, 0x21, 0x6B, 0x6D, 0xF6, 0xE7, 0xC2, 0xA6, 0x44, 0x6F, 0x13, 0xAE,
    0xD5, 0x5F, 0x94, 0xD6, 0x56, 0xD2, 0x2A, 0x29, 0x54, 0x3F, 0xE2, 0x1A, 0xED, 0xC2, 0x56, 0xBB,
    0xEF, 0x57, 0x73, 0x94, 0x2E, 0xD2, 0x19, 0xDA, 0xA5, 0x84, 0x86, 0x24, 0x29, 0xC9, 0x30, 0xC9,
    0x47, 0x0D, 0x05, 0x5F, 0x6B, 0xAC, 0x4F, 0x51, 0xC7, 0x7E, 0x41, 0xC2, 0x1A, 0xF7, 0xDB, 0x29,
    0x36, 0x9F, 0xB4, 0x31, 0x94, 0xA8, 0x47, 0xF4, 0x56, 0xDE, 0x5E, 0x8B, 0x44, 0x8B, 0x4F, 0x9A,
    0x45, 0x16, 0x58, 0x2D, 0x0E, 0x1B, 0x91, 0x7D, 0x28, 0x14, 0x89, 0x03, 0x70, 0x61, 0xF2, 0x46,
    0x76, 0x8C, 0xA4, 0x5C, 0x1E, 0x98, 0xD8, 0x6A, 0xDF, 0x6A, 0x0A, 0xEB, 0x81, 0x57, 0x0F, 0xDF,
    0xD7, 0xD2, 0x96, 0x1D, 0x9B, 0x36, 0xA3, 0xC6, 0xDC, 0x78, 0x9B, 0xCE, 0x37, 0xE4, 0x59, 0x9B,
    0x86, 0x55, 0x58, 0x89, 0xB0, 0xAE, 0xBB, 0xD2, 0x74, 0x97, 0x76, 0xE7, 0x2F, 0xDC, 0xD6, 0xF4,
    0xCA, 0x31, 0x2D, 0x35, 0x74, 0x91, 0xFB, 0x2F, 0x0A, 0xB3, 0x1A, 0x65, 0xBE, 0xF6, 0x0F, 0x6E,
    0x29, 0x1A, 0x4E, 0xB0, 0x20, 0x7C, 0x2F, 0xB4, 0xB7, 0x67, 0x9A, 0x41, 0xDD, 0x6D, 0x06, 0x43,
    0x93, 0x5C, 0x0A, 0xEE, 0x96, 0xE2, 0x41, 0x95, 0x5C, 0x53, 0x77, 0x12, 0x32, 0x7D, 0x42, 0x8D,
    0xB6, 0xF8, 0x6B, 0x15, 0xDC, 0x2B, 0x0B, 0x6B, 0x59, 0x4F, 0xD0, 0xA1, 0x65, 0xB6, 0xA7, 0x68,
    0x86, 0x6E, 0x55, 0x56, 0x17, 0xDA, 0x6F, 0x48, 0x6C, 0xA7, 0x3F, 0xFB, 0x83, 0x7A, 0xC7, 0x54,
    0x1F, 0xFC, 0x69, 0xE7, 0x83, 0x66, 0xE7, 0x9D, 0x5F, 0x56, 0xBD, 0x48, 0x09, 0x9B, 0x7A, 0x9B,
    0xB4, 0x72, 0xDD, 0x9A, 0xDF, 0xDC, 0x8F, 0x2A, 0xAC, 0xA4, 0xB7, 0x7A, 0x71, 0xF0, 0xA6, 0x34,
    0x91, 0xA6, 0x56, 0x2B, 0x7D, 0x2E, 0xD2, 0x8E, 0xA5, 0x9D, 0xBC, 0x56, 0xDC, 0x6F, 0x1F, 0x21,
    0x35, 0xB1, 0x46, 0x5A, 0xF3, 0xFA, 0xD6, 0x7D, 0x99, 0xD9, 0xF2, 0x8F, 0x55, 0x50, 0xC2, 0x0E,
    0x64, 0x4B, 0x5B, 0x15, 0xAA, 0x50, 0x22, 0x95, 0xD9, 0xB0, 0xF4, 0xAA, 0xBF, 0x94, 0x45, 0x36,
    0x43, 0x2F, 0xC9, 0xB5, 0x7A, 0xF9, 0x12, 0x6D, 0x0C, 0x3C, 0xFD, 0x74, 0x59, 0x43, 0x09, 0xF4,
    0xF0, 0xE7, 0x7A, 0x68, 0xF5, 0xD0, 0xE8, 0x01, 0x51, 0x5B, 0xE6, 0x89, 0xBC, 0xAD, 0xFB, 0xC2,
    0x4E, 0xA4, 0xBD, 0x89, 0x32, 0x74, 0x05, 0x8D, 0xC4, 0xDE, 0x8C, 0xEC, 0x4D, 0x8A, 0xBE, 0x55,
    0xBC, 0x47, 0x17, 0x7C, 0x68, 0x6B, 0x99, 0xDE, 0x90, 0x7D, 0xFA, 0x49, 0xB7, 0xA9, 0xC9, 0xCF,
    0x12, 0x25, 0xD5, 0x59, 0x15, 0x1C, 0xDD, 0x51, 0x29, 0xEB, 0x3C, 0xAF, 0xBB, 0xA3, 0x81, 0xAC,
    0x45, 0xB9, 0x74, 0x81, 0xD6, 0x12, 0x82, 0xD3, 0x40, 0x93, 0xE1, 0xBE, 0x66, 0x7D, 0x0A, 0x85,
    0x1E, 0xF4, 0xFB, 0x19, 0xAD, 0x53, 0xA2, 0x7C, 0x4D, 0x52, 0x85, 0x25, 0x9D, 0x55, 0xB0, 0x77,
    0xA0, 0xA0, 0xC3, 0x40, 0xF5, 0xB8, 0x32, 0xA8, 0xF6, 0x35, 0x7C, 0x38, 0x28, 0xD1, 0x14, 0xFB,
    0xA8, 0x92, 0x08, 0x55, 0x2F, 0xDE, 0x23, 0x32, 0x89, 0x4D, 0x7D, 0x3D, 0x8B, 0x40, 0x28, 0xE9,
    0xA7, 0xE4, 0x2E, 0x3F, 0xF3, 0x32, 0xC8, 0x0B, 0x4A, 0xC8, 0x83, 0xA8, 0xB3, 0x2A, 0x4E, 0x21,
    0xA5, 0x7F, 0x2C, 0xEA, 0xA3, 0x1A, 0xD5, 0x83, 0x6A, 0x8F, 0x45, 0xC1, 0xFB, 0xE3, 0x2B, 0xEF,
    0x29, 0x68, 0x16, 0xC1, 0x60, 0x60, 0x37, 0xAF, 0xA6, 0x1C, 0x01, 0xE0, 0xDB, 0x34, 0x50, 0x3E,
    0xDE, 0xF2, 0x55, 0x64, 0x7E, 0x66, 0x55, 0xA8, 0x62, 0x0C, 0x1A, 0xA6, 0x09, 0x15, 0x8A, 0x67,
    0x6B, 0xE8, 0xE1, 0xBE, 0x26, 0xFB, 0x6E, 0xF9, 0xE1, 0x8C, 0xB8, 0xD7, 0x50, 0x12, 0x36, 0xB4,
    0x26, 0x46, 0xD4, 0xF4, 0xC7, 0x3E, 0x9C, 0x31, 0x28, 0x67, 0x47, 0x41, 0x46, 0xB7, 0xE9, 0xC8,
    0x98, 0x77, 0x5C, 0x7D, 0x6C, 0xD8, 0x70, 0x42, 0xB1, 0x21, 0x99, 0x22, 0x7E, 0x31, 0x1D, 0xD7,
    0xF2, 0xAA, 0x86, 0x43, 0x47, 0x08, 0x96, 0x5F, 0x93, 0x57, 0xE2, 0x1B, 0x1A, 0x8C, 0xC5, 0x12,
    0xE9, 0x25, 0xD0, 0xCB, 0xD4, 0x86, 0x8A, 0xC4, 0x7A, 0x0A, 0x45, 0xB0, 0x36, 0x79, 0x8F, 0x35,
    0x05, 0x5F, 0x81, 0xB0, 0x8E, 0x08, 0x9F, 0x25, 0xEC, 0x18, 0x9E, 0x61, 0xE1, 0x2F, 0x36, 0x1D,
    0x20, 0xC2, 0x0D, 0x7A, 0x6B, 0x7C, 0x70, 0xAB, 0x91, 0x8D, 0x36, 0xB0, 0x45, 0xD9, 0xCA, 0x3A,
    0xAD, 0xBC, 0x37, 0x41, 0x43, 0x45, 0xDE, 0x21, 0x80, 0x22, 0x5B, 0x3E, 0xB5, 0x3C, 0x6F, 0xF3,
    0x2D, 0x60, 0x53, 0x4E, 0xE1, 0xA7, 0x0D, 0xF9, 0x57, 0xD6, 0x4F, 0xBF, 0xBE, 0x34, 0x25, 0x1F,
    0x63, 0x99, 0xDC, 0x75, 0x5A, 0x79, 0x1C, 0xCE, 0xCC, 0xF7, 0x95, 0x6A, 0x7F, 0x4F, 0x65, 0x8B,
    0xD7, 0xB7, 0x98, 0x13, 0xB8, 0x0C, 0x84, 0x2A, 0x29, 0x80, 0x47, 0x12, 0x3B, 0x33, 0x3B, 0x04,
    0x5C, 0x63, 0x6F, 0x0B, 0x2E, 0x5D, 0xD8, 0xCC, 0xAF, 0x01, 0xBC, 0xC1, 0xBF, 0xD9, 0xDF, 0x2D,
    0xFB, 0x3B, 0x57, 0x77, 0x68, 0x6F, 0x2B, 0x35, 0xCC, 0x5B, 0x03, 0x6F, 0xCA, 0x56, 0xDC, 0x79,
    0xC0, 0x28, 0x43, 0x1D, 0x48, 0xE8, 0x0E, 0xA0, 0xF7, 0x68, 0x79, 0xE4, 0xE0, 0xC2, 0x91, 0x7B,
    0x06, 0xAA, 0xC5, 0x58, 0x81, 0x38, 0xB8, 0x05, 0x5D, 0x33, 0xE8, 0x23, 0x78, 0x23, 0x0C, 0x8E,
    0xA9, 0x25, 0x5E, 0x86, 0xF3, 0x10, 0x76, 0x94, 0x1B, 0x58, 0xE5, 0x7A, 0x01, 0xF4, 0xB2, 0x55,
    0xEE, 0x3C, 0x34, 0xE7, 0x25, 0x67, 0x05, 0xE3, 0x7D, 0xF6, 0xA4, 0x67, 0x6F, 0x0B, 0x3D, 0xF0,
    0x75, 0x80, 0x70, 0xCA, 0xC2, 0x87, 0x44, 0x0B, 0xCF, 0xC8, 0x38, 0xA2, 0x60, 0x42, 0xD1, 0xA3,
    0x74, 0xD6, 0x7F, 0x36, 0x46, 0xCF, 0x23, 0xF1, 0x3B, 0x85, 0xE2, 0x14, 0xFA, 0x0C, 0x8C, 0x4B,
    0xD0, 0x62, 0x92, 0xF9, 0xA9, 0x9F, 0x46, 0xEA, 0xA4, 0x1B, 0x91, 0x9F, 0x89, 0x52, 0x66, 0xD8,
    0x6D, 0xC1, 0x7B, 0xD2, 0xDD, 0x25, 0x20, 0x82, 0xEE, 0xE7, 0x0B, 0x33, 0xDF, 0x2F, 0x6B, 0x6E,
    0x3E, 0x5F, 0x1B, 0x20, 0xC2, 0x7F, 0x60, 0xC6, 0xAD, 0x4D, 0x8A, 0x60, 0x43, 0x50, 0x15, 0xA9,
    0x50, 0x47, 0xCA, 0x6F, 0x22, 0x45, 0x26, 0xAE, 0xC9, 0x48, 0x03, 0x94, 0x6B, 0xC8, 0xF0, 0x73,
    0xA4, 0x3C, 0x50, 0x50, 0x47, 0x5F, 0x6E, 0x03, 0x2D, 0xAC, 0x0A, 0xEC, 0xE4, 0x28, 0x7E, 0x46,
    0x88, 0x9F, 0xDA, 0xC5, 0xCF, 0x25, 0xCC, 0xB5, 0x07, 0x9F, 0x2B, 0x30, 0x63, 0x01, 0xE9, 0x05,
    0xA4, 0x15, 0x90, 0x96, 0x8F, 0x41, 0x12, 0x14, 0x7F, 0xAC, 0xF2, 0xE8, 0x50, 0xE5, 0x81, 0x55,
    0x39, 0x31, 0x0D, 0x41, 0x89, 0x5A, 0x65, 0x87, 0x58, 0x22, 0x07, 0x56, 0xCE, 0x91, 0x7C, 0x76,
    0x9A, 0x2F, 0xD8, 0x51, 0x09, 0xFE, 0xA5, 0x44, 0x25, 0x74, 0x92, 0x05, 0x35, 0xFC, 0xC9, 0x30,
    0xF5, 0x8F, 0xC8, 0x3D, 0xA7, 0x7E, 0x13, 0xF3, 0xBA, 0x0F, 0x6E, 0x55, 0xAD, 0x7F, 0x8D, 0x5B,
    0xA7, 0xC2, 0x6A, 0x88, 0xD0, 0x0E, 0x1A, 0x06, 0xE6, 0xD3, 0xCB, 0x0B, 0x61, 0xF2, 0x18, 0x2E,
    0xDA, 0x87, 0x55, 0x17, 0x66, 0x4E, 0x2F, 0xEF, 0xF2, 0x2B, 0x88, 0x9F, 0x47, 0x44, 0x8F, 0x11,
    0x0F, 0x1B, 0xBF, 0x3A, 0xBD, 0xBC, 0x39, 0xEC, 0xA2, 0x39, 0xCC, 0xCD, 0x26, 0xE7, 0xEB, 0x94,
    0xF2, 0x76, 0x04, 0xBF, 0x43, 0xB0, 0xC6, 0x48, 0x23, 0xB0, 0x41, 0x1A, 0x9A, 0x0C, 0xA9, 0x89,
    0xD3, 0x39, 0x8F, 0xDF, 0x2E, 0x42, 0xBC, 0x81, 0x78, 0x0D, 0xF1, 0x95, 0xA8, 0x62, 0x88, 0x97,
    0x10, 0x3F, 0x36, 0xD2, 0xD7, 0xA6, 0x1F, 0x95, 0xA6, 0x1F, 0x67, 0x46, 0x4A, 0x76, 0x21, 0x88,
    0xD7, 0xA1, 0x46, 0xF8, 0x57, 0x31, 0xC4, 0xF7, 0x21, 0xFE, 0x1C, 0x6F, 0x95, 0xAA, 0xDD, 0x19,
    0x88, 0xC1, 0xE7, 0x1C, 0x1B, 0xEB, 0x0C, 0x5C, 0x3B, 0xFE, 0x41, 0x5A, 0x03, 0x26, 0x4A, 0x04,
    0x7C, 0xF2, 0xE5, 0x18, 0x00, 0xD5, 0x70, 0x16, 0xDA, 0x7E, 0x2E, 0xEF, 0x5D, 0xA1, 0x6E, 0xB1,
    0xE6, 0x45, 0xC8, 0xE3, 0xAD, 0x06, 0x19, 0xA8, 0x7F, 0x08, 0x98, 0x4D, 0xB3, 0xD3, 0xCB, 0xC3,
    0xD6, 0x10, 0x7C, 0x0E, 0xA8, 0xFE, 0xBC, 0x3A, 0x72, 0xCE, 0x17, 0xF0, 0xBD, 0x51, 0xD5, 0x86,
    0xCB, 0x39, 0x36, 0x08, 0xCB, 0xE3, 0x2C, 0x78, 0xD8, 0x66, 0xC1, 0x7F, 0x47, 0x16, 0x8C, 0xED,
    0xC1, 0xB3, 0xBC, 0x75, 0xA4, 0xDF, 0xC6, 0xE5, 0xA7, 0xE9, 0x0D, 0x97, 0x7E, 0x0D, 0x5A, 0xF8,
    0x9A, 0x00, 0xC1, 0x90, 0x59, 0xEA, 0xDC, 0x6B, 0x72, 0x32, 0x5C, 0xBC, 0xC6, 0x41, 0x5C, 0x89,
    0x57, 0x2D, 0xA0, 0x61, 0x24, 0xCD, 0x42, 0x5E, 0x01, 0xF9, 0x80, 0x80, 0x50, 0x4B, 0x04, 0xBC,
    0x84, 0xDA, 0xFB, 0x34, 0x44, 0xE6, 0x2D, 0x1F, 0x60, 0x2B, 0xDA, 0xB7, 0xE8, 0x4B, 0x00, 0x00,
    0xE2, 0xBF, 0x50, 0xF3, 0x37, 0xB4, 0x3F, 0xC5, 0x76, 0xF1, 0xDE, 0xF8, 0x28, 0xD3, 0xE5, 0x6C,
    0xDF, 0x37, 0x2E, 0x07, 0x99, 0x9F, 0x09, 0xEC, 0x9E, 0xB0, 0x36, 0xB9, 0x6B, 0x25, 0xC9, 0x9E,
    0x2B, 0xC8, 0x40, 0xF1, 0xDD, 0xC9, 0x27, 0x16, 0xFD, 0x3E, 0x92, 0x40, 0xBE, 0x32, 0xE6, 0x01,
    0x18, 0x09, 0xA2, 0x0B, 0xD3, 0xB1, 0xFC, 0x98, 0x3F, 0xDE, 0x7B, 0xAC, 0x28, 0xCB, 0xA6, 0x9C,
    0xC5, 0xDB, 0xB8, 0x11, 0x4E, 0xEA, 0x68, 0x5B, 0x07, 0xFE, 0xFA, 0x94, 0x2C, 0xC1, 0x67, 0x15,
    0x4C, 0xEB, 0xDD, 0x9D, 0x76, 0x3C, 0xDB, 0x0B, 0x26, 0xF9, 0x5A, 0xD1, 0xA1, 0xDB, 0xBB, 0xCE,
    0x4D, 0xC7, 0x75, 0x1D, 0x39, 0x6F, 0x68, 0x3F, 0xB6, 0xBC, 0xC5, 0xE3, 0x2C, 0x14, 0x4C, 0x42,
    0xBD, 0xE4, 0x35, 0x9E, 0xEE, 0xE0, 0xB1, 0x41, 0x6C, 0xD9, 0x5A, 0xAE, 0x1C, 0xAC, 0x2C, 0xF7,
    0x39, 0xA4, 0x64, 0x68, 0xAF, 0xE2, 0xD0, 0xC2, 0x98, 0x3E, 0x89, 0x5C, 0x36, 0x39, 0x47, 0xF4,
    0x2A, 0xBC, 0xA7, 0xC2, 0xD9, 0x2C, 0x51, 0x3B, 0xD2, 0x19, 0xBF, 0xCD, 0xF5, 0xD1, 0x4E, 0x4A,
    0x8D, 0x7E, 0xBC, 0x65, 0xF3, 0x22, 0x4B, 0x3D, 0x4A, 0x5F, 0x90, 0x58, 0x38, 0xF8, 0xCC, 0x79,
    0xC9, 0x38, 0x4F, 0xF1, 0x79, 0xEF, 0x2E, 0x90, 0x63, 0x20, 0x39, 0x55, 0x1F, 0xF7, 0x57, 0xAE,
    0x3B, 0xDE, 0x11, 0x1C, 0x93, 0x79, 0x01, 0x8A, 0xC8, 0x7F, 0x81, 0x93, 0xC8, 0x7D, 0x63, 0xF6,
    0xAC, 0xA9, 0x58, 0x2E, 0x23, 0xCE, 0xC8, 0x7F, 0xA8, 0xBC, 0x2B, 0x30, 0xD1, 0x54, 0x2C, 0xC1,
    0x83, 0x32, 0xFC, 0x47, 0xE5, 0xDF, 0x9B, 0x76, 0x3C, 0x51, 0x43, 0x05, 0x21, 0x17, 0xC7, 0x36,
    0x83, 0x63, 0xC0, 0x77, 0x6E, 0x9C, 0xC1, 0x90, 0x5E, 0x27, 0xD8, 0x56, 0x17, 0x91, 0x15, 0x98,
    0xFF, 0xB9, 0x47, 0xD4, 0xC9, 0x92, 0xAA, 0xA7, 0x17, 0x16, 0x4E, 0xE2, 0x6F, 0x46, 0x86, 0xCF,
    0x7E, 0x27, 0xBC, 0x85, 0xD5, 0x3C, 0xF8, 0xBC, 0x6D, 0x70, 0x0A, 0x8E, 0x0E, 0x71, 0x74, 0x6C,
    0x22, 0x6B, 0xE2, 0x87, 0x00, 0xDF, 0x71, 0x9F, 0xD6, 0x7A, 0xD4, 0x43, 0x0D, 0xA0, 0x4C, 0xFE,
    0xD5, 0x08, 0x3E, 0x58, 0x2A, 0x77, 0x8E, 0xC8, 0xC4, 0x7F, 0xAA, 0xA4, 0x28, 0x7F, 0x74, 0x26,
    0x85, 0xD5, 0x76, 0xAD, 0x82, 0x21, 0x6D, 0xA0, 0x8D, 0xFF, 0x7F, 0xCA, 0x6A, 0x6B, 0x2D, 0x3E,
    0x3B, 0x73, 0x38, 0xB9, 0x6C, 0x1F, 0x6E, 0xCF, 0x9F, 0xCE, 0x19, 0x5C, 0xA2, 0x26, 0xB0, 0xB0,
    0x84, 0xA1, 0x13, 0xBC, 0x8A, 0xDD, 0x2F, 0x3F, 0xC7, 0x9F, 0x8C, 0xB1, 0xEF, 0x37, 0x6E, 0x9C,
    0xD3, 0x11, 0xA2, 0xCB, 0x09, 0x89, 0x38, 0x59, 0x83, 0xAE, 0x2E, 0x3E, 0x87, 0x8C, 0xD7, 0xC8,
    0x9D, 0xF7, 0x09, 0x01, 0xC7, 0x11, 0x87, 0xB5, 0x3F, 0xBB, 0x8C, 0x8D, 0x05, 0xA4, 0x66, 0x23,
    0x8A, 0xB6, 0x91, 0xB9, 0x5E, 0x5D, 0x7F, 0x2E, 0x19, 0xFE, 0x67, 0x95, 0xFB, 0x0B, 0xC0, 0x5B,
    0x7F, 0x3E, 0x7E, 0x0E, 0x16, 0xE3, 0xCA, 0x88, 0x15, 0x83, 0xF0, 0xB2, 0xD6, 0xBC, 0xBA, 0xB2,
    0xCC, 0xA7, 0xAA, 0xB6, 0xFF, 0x06, 0xE4, 0xBE, 0x8C, 0xF1, 0xB6, 0xCD, 0xB9, 0xF7, 0x27, 0x1C,
    0x71, 0xD4, 0x17, 0xDB, 0xD4, 0x93, 0x90, 0x6B, 0x20, 0x17, 0xC0, 0x18, 0xFF, 0x93, 0xF3, 0x71,
    0x80, 0x22, 0xBB, 0xA1, 0xD3, 0x31, 0x6B, 0x56, 0x20, 0x03, 0x77, 0x26, 0xCB, 0x61, 0xBF, 0xE0,
    0xBB, 0x25, 0xC7, 0x01, 0x39, 0xE2, 0x3F, 0x3B, 0x22, 0xEB, 0x18, 0x3A, 0x2E, 0x4B, 0x96, 0x0E,
    0x78, 0x17, 0xA6, 0x63, 0xD9, 0xE4, 0xE4, 0x3E, 0xFA, 0x3D, 0xCD, 0x76, 0xA6, 0x9D, 0x45, 0x5C,
    0x4B, 0xE3, 0x6B, 0xD9, 0x99, 0xCE, 0x0B, 0x5E, 0x55, 0x11, 0x71, 0xE6, 0x1B, 0x1F, 0x62, 0xDB,
    0xD3, 0x97, 0x63, 0x66, 0x4F, 0x26, 0xD4, 0xAA, 0x37, 0x3F, 0xD6, 0xA4, 0x99, 0xA7, 0x09, 0xFB,
    0xB7, 0xB6, 0x57, 0x9B, 0x31, 0x19, 0x43, 0x03, 0x43, 0x3D, 0xD4, 0x68, 0xDB, 0xDF, 0x42, 0xEF,
    0x7A, 0x6C, 0x33, 0x73, 0x3C, 0x38, 0xA7, 0x69, 0x57, 0x7B, 0xD2, 0xD4, 0xDF, 0x00, 0xAD, 0x59,
    0x3D, 0x6C, 0xDC, 0xD8, 0x11, 0x1E, 0x92, 0x92, 0x18, 0x8B, 0x40, 0xDE, 0x01, 0x91, 0x02, 0x9D,
    0xEF, 0x60, 0xBA, 0x50, 0xB1, 0x76, 0x70, 0x66, 0x93, 0x22, 0x01, 0x56, 0x4B, 0x02, 0x29, 0x52,
    0x9E, 0x8B, 0x53, 0x6A, 0x17, 0xD7, 0x26, 0x6A, 0x55, 0x48, 0xC7, 0xA7, 0x5C, 0x91, 0x2E, 0x51,
    0x10, 0x5C, 0xDA, 0xA8, 0x50, 0xE1, 0xDB, 0x14, 0x72, 0x91, 0x42, 0x08, 0xB8, 0xCB, 0x77, 0x48,
    0x71, 0x08, 0x52, 0x98, 0xCE, 0x39, 0x55, 0x0A, 0xF3, 0x10, 0x17, 0x81, 0x0E, 0x88, 0x89, 0xF3,
    0x1E, 0x44, 0x9F, 0xB8, 0xFB, 0xF2, 0xCD, 0xE3, 0xCA, 0xB7, 0x92, 0x2D, 0x8B, 0xEB, 0x35, 0xF9,
    0x86, 0xCB, 0xDF, 0x37, 0xF3, 0xE6, 0xCD, 0x7C, 0x33, 0xF3, 0xD6, 0xEA, 0xEE, 0x91, 0xA3, 0x07,
    0x44, 0xDD, 0x5D, 0xA2, 0x2B, 0x44, 0x14, 0x32, 0x49, 0xA2, 0x54, 0x11, 0xE9, 0x8C, 0xAC, 0xE3,
    0x82, 0x9C, 0xAF, 0x41, 0x59, 0x49, 0x9E, 0xAA, 0x48, 0xE8, 0x21, 0x05, 0x5A, 0x53, 0xA8, 0x75,
    0xB4, 0x45, 0x02, 0x77, 0x3C, 0x35, 0x20, 0x07, 0x2F, 0x13, 0x59, 0xEB, 0xB7, 0x1D, 0x5D, 0xD8,
    0xE8, 0x69, 0x69, 0xCE, 0xD1, 0x7D, 0xA1, 0x75, 0xB0, 0xA3, 0x43, 0x0A, 0xD7, 0x4C, 0xEB, 0x50,
    0x18, 0x52, 0x1C, 0x3C, 0xD0, 0xB8, 0x6F, 0xEB, 0x5F, 0x51, 0xBD, 0xD9, 0xEA, 0x1E, 0x59, 0xBA,
    0xA8, 0xF9, 0xF1, 0x36, 0xA3, 0x0C, 0x8E, 0x2A, 0x1C, 0x9D, 0x93, 0x96, 0xB4, 0xD2, 0x4C, 0x86,
    0xE9, 0xF9, 0xC9, 0x9A, 0x9F, 0xC8, 0x88, 0x3A, 0xF8, 0x30, 0x89, 0xF0, 0x21, 0xCE, 0x43, 0x7C,
    0x3C, 0x4F, 0x0D, 0x86, 0xAE, 0xC9, 0x2E, 0x59, 0x5A, 0xE7, 0x09, 0x39, 0x23, 0xA2, 0x7D, 0xA2,
    0x16, 0xBA, 0xA9, 0x20, 0x3B, 0xA6, 0xC1, 0x46, 0x6F, 0xEF, 0x3C, 0x86, 0x18, 0x3A, 0x72, 0x41,
    0xA2, 0x58, 0xA0, 0x40, 0x8E, 0x25, 0xA4, 0x9A, 0x61, 0xE7, 0x54, 0x62, 0xBC, 0xEA, 0x83, 0xA9,
    0x78, 0xB6, 0x81, 0x29, 0xC4, 0x88, 0x63, 0xF4, 0x46, 0xB8, 0x69, 0x49, 0x88, 0x0E, 0x19, 0x49,
    0x10, 0x5D, 0x23, 0x5B, 0xE7, 0x42, 0x0F, 0x02, 0x75, 0x2F, 0x34, 0x9F, 0xAE, 0x99, 0x23, 0xCE,
    0x83, 0xAC, 0xC0, 0x7D, 0x3C, 0xA5, 0x39, 0x22, 0x0F, 0x3C, 0x82, 0x9C, 0x68, 0xBB, 0x24, 0x7A,
    0x6B, 0x69, 0x76, 0x11, 0x6E, 0x40, 0x27, 0x91, 0x75, 0xAC, 0x48, 0x4A, 0x5A, 0x6E, 0x2E, 0x82,
    0x40, 0x5F, 0x0B, 0x6F, 0x40, 0x03, 0x1D, 0xD3, 0x56, 0xA8, 0x29, 0xEF, 0x3B, 0xAB, 0xB8, 0x0D,
    0xED, 0xFB, 0x50, 0xC1, 0x82, 0x9C, 0x99, 0xBF, 0xB5, 0x23, 0xED, 0x13, 0x45, 0x3A, 0x62, 0x3D,
    0x34, 0x13, 0x61, 0x01, 0x13, 0xEF, 0x3E, 0x89, 0xC8, 0x1E, 0xA2, 0x87, 0x0F, 0x89, 0x6E, 0x76,
    0x23, 0x4A, 0xE1, 0x97, 0xA9, 0x1E, 0x51, 0x42, 0x31, 0x28, 0x90, 0x09, 0xF4, 0xF3, 0x22, 0xF9,
    0xA0, 0x30, 0xEA, 0x77, 0x35, 0xDE, 0xAD, 0x60, 0xA3, 0x18, 0x02, 0xCD, 0xBD, 0xC7, 0xD2, 0xA5,
    0x7C, 0xD8, 0x80, 0x8C, 0x21, 0x0C, 0x61, 0x09, 0x56, 0xE8, 0xE8, 0x74, 0x15, 0xD6, 0xAC, 0xC1,
    0x7A, 0x47, 0xB3, 0x08, 0x21, 0x4B, 0x73, 0x7A, 0xE8, 0xF0, 0x01, 0x76, 0x8A, 0xA7, 0x0F, 0xF0,
    0xD4, 0xBC, 0x37, 0xE1, 0xA8, 0xDD, 0x7D, 0xF2, 0xA0, 0x0F, 0x50, 0xEE, 0x29, 0xB7, 0xF0, 0x94,
    0x5D, 0xC2, 0xC4, 0x2A, 0x7F, 0x40, 0x55, 0x58, 0x51, 0x15, 0x94, 0x54, 0xF1, 0xB5, 0xA7, 0x2C,
    0x90, 0x33, 0xF0, 0x8E, 0x0E, 0x0A, 0xBC, 0xAB, 0x1C, 0xCD, 0x3A, 0x99, 0xAB, 0x35, 0x66, 0xA5,
    0x30, 0x4D, 0x78, 0xD8, 0x0F, 0xB5, 0x84, 0x2C, 0x86, 0x05, 0x4B, 0xC2, 0x82, 0xAC, 0x8D, 0xA9,
    0x63, 0xAE, 0x62, 0x23, 0x03, 0x3F, 0x3F, 0x95, 0x60, 0xB1, 0x1B, 0x09, 0xAD, 0x16, 0xBA, 0xD1,
    0xCD, 0xEE, 0x6E, 0xAA, 0x8B, 0x54, 0xE7, 0x09, 0x7C, 0xCF, 0xB4, 0x54, 0xCB, 0x54, 0x2B, 0x1C,
    0x9F, 0xDF, 0xE9, 0x77, 0x71, 0xA7, 0x08, 0x75, 0x61, 0xAD, 0x43, 0x60, 0x40, 0x92, 0xA4, 0x25,
    0xF4, 0xA4, 0x84, 0x2E, 0x82, 0x9D, 0xAA, 0x43, 0x5B, 0xA1, 0x1E, 0x85, 0x7A, 0xD8, 0x59, 0xFF,
    0xC0, 0x4C, 0xC3, 0xA1, 0xD0, 0xE5, 0xD8, 0x12, 0x30, 0x6E, 0x07, 0xAF, 0x49, 0x9B, 0xA5, 0xA6,
    0xA9, 0x78, 0x39, 0x3B, 0x39, 0xC6, 0x66, 0x61, 0xD6, 0x57, 0x9A, 0xF1, 0x2A, 0x8D, 0xD7, 0xEF,
    0x4F, 0xC7, 0x85, 0xCD, 0xE7, 0x23, 0x03, 0x19, 0xCD, 0x46, 0xD4, 0xAC, 0xF3, 0xDD, 0x71, 0xE7,
    0xB7, 0x88, 0xB6, 0x22, 0x8A, 0x73, 0x0A, 0x33, 0x03, 0x66, 0xAF, 0x66, 0x51, 0x31, 0x0B, 0xC6,
    0x99, 0x88, 0x44, 0x45, 0x2E, 0xC6, 0x13, 0xC1, 0x8E, 0xDD, 0x27, 0xC6, 0x8A, 0xA7, 0x1C, 0xD7,
    0xA9, 0xCF, 0x4C, 0x31, 0x34, 0x46, 0x39, 0x12, 0x88, 0x1D, 0x1D, 0x74, 0xF4, 0xD6, 0xF7, 0xE0,
    0xB6, 0xCF, 0xD8, 0x6D, 0x25, 0xBB, 0xA2, 0x28, 0x2C, 0x0A, 0xD4, 0xA4, 0xDB, 0xEA, 0x2C, 0xB4,
    0x74, 0x1E, 0x52, 0x9A, 0x07, 0xD2, 0xC9, 0x45, 0xE6, 0xE4, 0xDE, 0x68, 0x23, 0x07, 0x1C, 0x67,
    0x14, 0x8C, 0x61, 0xE3, 0x2A, 0x51, 0xAC, 0xE8, 0x38, 0x23, 0x59, 0x87, 0xB0, 0x03, 0xC6, 0x71,
    0x59, 0xE3, 0x78, 0x80, 0xD6, 0xA1, 0x00, 0xE7, 0xA7, 0x38, 0x7E, 0x80, 0x9E, 0xBD, 0xDF, 0x8F,
    0xA0, 0x06, 0xC7, 0x38, 0x9D, 0xD9, 0x36, 0xAF, 0xE1, 0x2E, 0x66, 0x55, 0x0C, 0xEA, 0xEB, 0x19,
    0x45, 0x42, 0x78, 0xB4, 0x31, 0x2D, 0x08, 0x4C, 0x2B, 0xD3, 0xCB, 0xC3, 0xEA, 0x71, 0x71, 0x66,
    0xCB, 0xD9, 0x55, 0x13, 0x98, 0x76, 0x85, 0x5E, 0x47, 0x2F, 0xB3, 0xF0, 0xB6, 0x90, 0x96, 0x38,
    0x98, 0x62, 0x0B, 0xE4, 0x8C, 0xB5, 0x6C, 0x01, 0x75, 0x89, 0xDA, 0xF0, 0x83, 0x88, 0xC3, 0x76,
    0xF0, 0x5A, 0x42, 0xC1, 0xD2, 0x09, 0x68, 0x64, 0x63, 0xB6, 0xAD, 0x28, 0xA2, 0x55, 0x5A, 0x80,
    0x39, 0x8A, 0x08, 0x78, 0x2A, 0x27, 0xA9, 0xDF, 0x3D, 0x80, 0x81, 0x6A, 0x43, 0xE7, 0x9F, 0xE1,
    0x7D, 0xD9, 0x46, 0x90, 0x45, 0xE4, 0x42, 0xEC, 0x44, 0xE8, 0x44, 0xE4, 0x84, 0x6C, 0xEC, 0x10,
    0x75, 0xFB, 0x2C, 0x12, 0x8F, 0x2A, 0x64, 0x0F, 0xA2, 0x88, 0x85, 0x0A, 0x5F, 0x6C, 0xAE, 0xBC,
    0x06, 0xD8, 0xDF, 0x03, 0x64, 0x0E, 0xC4, 0xBF, 0x7E, 0x51, 0x22, 0xBF, 0xD0, 0xA0, 0x11, 0x5F,
    0x7B, 0x47, 0x7F, 0x1E, 0x00, 0x3E, 0x6B, 0xE2, 0xEB, 0x73, 0xE4, 0x2A, 0x2A, 0x6A, 0x5E, 0xC1,
    0x63, 0x8A, 0x2B, 0x0A, 0xBE, 0xB9, 0x9C, 0xD7, 0xE2, 0xCF, 0x64, 0x78, 0xA2, 0xD6, 0xB4, 0x6C,
    0xC1, 0xD0, 0x77, 0xC9, 0x2E, 0x1A, 0x35, 0x2A, 0x68, 0x71, 0x81, 0xE2, 0xAF, 0xE4, 0x5F, 0x75,
    0xF4, 0xE3, 0x1B, 0x26, 0x14, 0xE4, 0x3C, 0x25, 0x17, 0x35, 0x3C, 0xBD, 0x79, 0x37, 0x1D, 0x5D,
    0xDD, 0xB7, 0x23, 0x4F, 0x5D, 0xB4, 0x3B, 0x6A, 0x79, 0x1D, 0xB1, 0x8A, 0x6E, 0x7E, 0xDA, 0xA8,
    0x43, 0xA2, 0xBF, 0xBC, 0x17, 0x72, 0xA8, 0xA1, 0x57, 0x77, 0xDA, 0x16, 0xE1, 0x48, 0x94, 0x14,
    0xD9, 0xB9, 0x53, 0x9C, 0xDF, 0xED, 0xDC, 0x96, 0x5E, 0x76, 0xD1, 0x2E, 0xB2, 0x0E, 0x1D, 0x46,
    0x69, 0x16, 0xAA, 0x79, 0xCC, 0xAA, 0x50, 0x9C, 0x85, 0x78, 0xF8, 0x7D, 0x61, 0x97, 0x00, 0xA4,
    0x28, 0xCE, 0xF9, 0xBD, 0xAD, 0x5E, 0x6B, 0x35, 0x99, 0xDC, 0xDA, 0x74, 0x58, 0x9D, 0x6E, 0x87,
    0x2D, 0x4B, 0x6E, 0x3B, 0xF9, 0xB6, 0x53, 0xBC, 0xD8, 0x5A, 0x66, 0x60, 0xAB, 0x6E, 0xDE, 0xDF,
    0x50, 0x21, 0x9C, 0x62, 0xC8, 0x2E, 0x76, 0xB8, 0x56, 0x75, 0x3E, 0x04, 0xF6, 0xF1, 0xEF, 0xF9,
    0xFD, 0xB0, 0x43, 0x1D, 0x6B, 0xE8, 0x54, 0xEC, 0x09, 0xAC, 0x0F, 0xAF, 0x22, 0xBF, 0x4F, 0x73,
    0xF3, 0x3C, 0x8D, 0xAF, 0xD0, 0x9C, 0xE1, 0x14, 0x6E, 0xE4, 0xA1, 0x56, 0x9E, 0x89, 0x67, 0x36,
    0x1C, 0xB0, 0x73, 0xB8, 0xBA, 0xC4, 0x79, 0xB2, 0xFB, 0x92, 0xDD, 0x53, 0x81, 0x8A, 0x25, 0xC2,
    0x0B, 0x40, 0x78, 0x11, 0xFE, 0x10, 0x82, 0x90, 0x7F, 0x38, 0x25, 0x25, 0x22, 0xA7, 0x04, 0xF9,
    0x4E, 0x6F, 0xC4, 0x28, 0x6E, 0x90, 0x9C, 0xD2, 0xF7, 0x33, 0xEA, 0x79, 0x05, 0x9E, 0x57, 0xF5,
    0x7B, 0x78, 0xBF, 0x8D, 0x8C, 0x13, 0xF0, 0x0D, 0x60, 0x27, 0x4E, 0x3E, 0x0D, 0xC6, 0xF3, 0x86,
    0x5B, 0x5B, 0xA7, 0x98, 0xCF, 0xCD, 0xC9, 0xD1, 0x63, 0x12, 0xCA, 0x64, 0x44, 0x69, 0x69, 0xDA,
    0x88, 0x7A, 0xB8, 0x14, 0x59, 0xE2, 0x16, 0x6D, 0x78, 0x7B, 0xC4, 0xE9, 0x30, 0x87, 0x94, 0x43,
    0x63, 0x87, 0x26, 0xB9, 0xDF, 0xBA, 0xEC, 0x2B, 0x20, 0x1D, 0xFC, 0x2E, 0x64, 0x77, 0xE6, 0x96,
    0x5C, 0xD6, 0x4E, 0xA3, 0x0F, 0x4C, 0x03, 0x2E, 0x12, 0xB5, 0x20, 0xE6, 0x16, 0xEE, 0x5F, 0xB4,
    0xB7, 0xA7, 0xEB, 0x94, 0x6E, 0x73, 0xA6, 0x4F, 0x9B, 0xC6, 0x8B, 0xB8, 0x38, 0xF0, 0x81, 0x55,
    0x17, 0xED, 0x02, 0x01, 0x2D, 0xA6, 0x58, 0x8A, 0x28, 0x60, 0x68, 0xBB, 0x4A, 0xAB, 0x18, 0x57,
    0xA0, 0x12, 0x0F, 0x47, 0x4A, 0x56, 0x2E, 0x61, 0xB5, 0xB4, 0xB9, 0x3D, 0x4A, 0xFA, 0xC9, 0xAD,
    0xA4, 0x4A, 0xEE, 0x34, 0x91, 0xDB, 0x55, 0x09, 0x72, 0x47, 0x4F, 0xBD, 0xBC, 0xB3, 0x49, 0x25,
    0xB4, 0x93, 0x5E, 0xB2, 0x7D, 0xB6, 0x33, 0xD4, 0x17, 0x06, 0x8B, 0x9F, 0xD3, 0x97, 0x98, 0x2C,
    0x8D, 0x82, 0x06, 0x36, 0x11, 0x62, 0xC0, 0x48, 0x1F, 0xE8, 0x07, 0x93, 0xCF, 0xBF, 0xED, 0x72,
    0x7A, 0x1C, 0x81, 0x80, 0xB5, 0xEE, 0x77, 0x1E, 0x5B, 0x79, 0x55, 0x38, 0x88, 0xD5, 0x3B, 0x13,
    0x1E, 0x4C, 0xB4, 0x57, 0x03, 0x3E, 0x97, 0x57, 0x57, 0xD8, 0x0E, 0xED, 0xA8, 0x0F, 0x98, 0x4B,
    0xE1, 0xF7, 0x29, 0xDE, 0x48, 0x91, 0x78, 0xA6, 0x48, 0x3C, 0x93, 0x21, 0x28, 0x04, 0xF9, 0xFF,
    0xC0, 0x38, 0x4E, 0x54, 0x02, 0x01, 0x12, 0x62, 0x8A, 0x41, 0x81, 0xDA, 0x64, 0x54, 0xB6, 0xD1,
    0x8D, 0x89, 0x0F, 0xC8, 0x99, 0x7E, 0x4A, 0x3D, 0xAD, 0x90, 0xBB, 0x6A, 0xA7, 0xA8, 0xEC, 0x97,
    0xB4, 0x4D, 0x2A, 0x66, 0xE2, 0xC5, 0x75, 0x64, 0xC0, 0xA0, 0x51, 0x07, 0x4B, 0xB3, 0x2D, 0x5F,
    0xCE, 0x13, 0x36, 0x02, 0xEF, 0x82, 0x03, 0x41, 0xE7, 0xD6, 0x80, 0x2C, 0x8C, 0x5A, 0x42, 0x03,
    0x27, 0x50, 0x5B, 0x2C, 0x4D, 0x46, 0x32, 0x8B, 0x54, 0xB6, 0x4D, 0x9C, 0x8D, 0x8D, 0x4C, 0x49,
    0xB1, 0xDC, 0x44, 0x03, 0xB5, 0xC3, 0x32, 0x95, 0x10, 0xED, 0xE9, 0xBF, 0x47, 0xF4, 0x14, 0xB3,
    0xF6, 0x87, 0x12, 0xC1, 0xB9, 0x10, 0x0A, 0x01, 0xFA, 0xE5, 0x94, 0x79, 0xD1, 0x2A, 0xD0, 0xA5,
    0x47, 0xAE, 0x4A, 0x99, 0x80, 0x25, 0x69, 0xE1, 0xAA, 0x7E, 0x09, 0x43, 0x1B, 0x81, 0xC2, 0x9F,
    0xC3, 0xE0, 0x3E, 0x57, 0x89, 0x0B, 0x39, 0x6D, 0x96, 0x31, 0xE5, 0xAA, 0xC5, 0x54, 0x30, 0x6D,
    0x0E, 0x62, 0xF8, 0xA6, 0xAE, 0xFE, 0x34, 0x53, 0x43, 0xED, 0xD5, 0xF1, 0x09, 0xC6, 0x12, 0xE6,
    0xA6, 0x7C, 0x47, 0xBE, 0x7E, 0x97, 0x18, 0x12, 0xE8, 0x2A, 0x8A, 0x6A, 0xFF, 0x31, 0x59, 0x10,
    0x1D, 0x35, 0x9C, 0x12, 0xB9, 0x28, 0x30, 0x80, 0x01, 0x32, 0x8E, 0x8A, 0xA9, 0x33, 0x26, 0x73,
    0x1D, 0xD9, 0xA5, 0xCF, 0xF5, 0xCC, 0xB3, 0x8D, 0xBC, 0xAE, 0xE1, 0x86, 0x34, 0x5E, 0xCC, 0x80,
    0xD1, 0x82, 0x43, 0x77, 0x8F, 0x45, 0xE1, 0x22, 0x0E, 0xF5, 0x08, 0x02, 0xAD, 0x1A, 0x99, 0x0A,
    0x05, 0xE9, 0x05, 0xCC, 0xCA, 0x37, 0xBF, 0x7C, 0xED, 0x3F, 0x18, 0xA2, 0x3E, 0x2A, 0xCD, 0x7B,
    0x75, 0x21, 0x61, 0xA2, 0x56, 0x9D, 0x0D, 0xFA, 0xE3, 0x6C, 0x70, 0x46, 0x99, 0x1C, 0x55, 0xD4,
    0xFD, 0x23, 0x71, 0xA1, 0xB7, 0x5F, 0x43, 0x26, 0x1B, 0x29, 0x83, 0xB8, 0x2F, 0xC9, 0x87, 0x85,
    0xBE, 0xDB, 0x7A, 0x23, 0x32, 0x51, 0x8B, 0xB1, 0x05, 0x63, 0xFC, 0x06, 0x4E, 0x8B, 0x6A, 0xFF,
    0xB5, 0x74, 0x75, 0xB3, 0xDB, 0xBD, 0x8B, 0x94, 0x4F, 0x0F, 0x91, 0xEE, 0xE8, 0x4A, 0x64, 0xC6,
    0x6B, 0x71, 0x08, 0xF9, 0xD0, 0x21, 0x71, 0xB4, 0xBB, 0x86, 0x0E, 0x07, 0x38, 0xD3, 0x45, 0xE7,
    0xF9, 0x03, 0x5F, 0xE2, 0x20, 0xBE, 0x3D, 0x38, 0xDA, 0x77, 0xF8, 0x5B, 0xC4, 0x24, 0xF0, 0x5C,
    0xE6, 0xBA, 0x05, 0x1D, 0x63, 0xEA, 0x04, 0x77, 0x06, 0x21, 0x74, 0xD6, 0x67, 0xB6, 0x32, 0x60,
    0x01, 0x80, 0x43, 0x6B, 0xE6, 0x88, 0xF3, 0x4F, 0xD6, 0xF9, 0x3E, 0x2C, 0xCE, 0x7F, 0xA0, 0x07,
    0xBF, 0x84, 0x48, 0x27, 0x28, 0x56, 0xF1, 0x2D, 0x02, 0x0B, 0xC4, 0xB2, 0xD8, 0x0A, 0xF0, 0xD0,
    0x83, 0x90, 0xBC, 0x02, 0xB0, 0xC2, 0x72, 0x22, 0xEA, 0x41, 0xF0, 0x14, 0xDC, 0xEA, 0xAA, 0x3C,
    0x1C, 0x53, 0x07, 0xF0, 0x59, 0x8D, 0x2B, 0x76, 0x8E, 0x86, 0xDB, 0xE6, 0xDE, 0xF8, 0x39, 0x67,
    0x89, 0x91, 0x51, 0xD6, 0x75, 0x2A, 0xED, 0xC2, 0xC9, 0xEC, 0x0F, 0x7A, 0x23, 0x3D, 0xD2, 0x28,
    0xFF, 0x26, 0xF7, 0xCD, 0xD9, 0xFA, 0x5F, 0x19, 0xE7, 0xD4, 0xC8, 0x8D, 0x19, 0xF0, 0xA8, 0x8E,
    0x39, 0x41, 0x2C, 0x91, 0x62, 0x60, 0x90, 0xA6, 0xB8, 0x3F, 0xDF, 0xEA, 0x60, 0x9D, 0x9A, 0x26,
    0xCC, 0xBA, 0xC4, 0x4F, 0xA0, 0xBD, 0x1D, 0xC9, 0xF5, 0x57, 0xED, 0x88, 0xAD, 0xD9, 0x47, 0x7D,
    0xFD, 0xFA, 0x47, 0x45, 0x90, 0x23, 0xA3, 0x5A, 0x7A, 0xF9, 0xA8, 0x19, 0xF5, 0xA0, 0x64, 0xE8,
    0x78, 0x85, 0x57, 0x08, 0x60, 0x19, 0x81, 0x1E, 0x22, 0x95, 0x18, 0xAF, 0x92, 0x3C, 0xC3, 0xC4,
    0xA0, 0x04, 0x82, 0x89, 0xC1, 0xB3, 0x3B, 0x2D, 0xEA, 0x84, 0x7F, 0x1C, 0x06, 0xBA, 0x74, 0x51,
    0x21, 0xCC, 0x99, 0x25, 0x37, 0xDF, 0x08, 0x0E, 0xCC, 0xBA, 0x87, 0x29, 0x47, 0x56, 0xA9, 0x3A,
    0x8E, 0xE2, 0xE1, 0x0D, 0xF0, 0x21, 0x8A, 0x59, 0x75, 0xDD, 0xC9, 0x7A, 0x4E, 0x16, 0x72, 0x45,
    0x89, 0x3A, 0xD1, 0x28, 0x07, 0xC1, 0xE8, 0x44, 0x59, 0x91, 0x9C, 0x9A, 0xDD, 0x1E, 0x63, 0xB5,
    0x77, 0x40, 0xF3, 0xE0, 0x7B, 0xBB, 0x11, 0xBB, 0xE9, 0x58, 0x20, 0x49, 0x1A, 0x70, 0xCA, 0xCD,
    0x5B, 0x93, 0xFE, 0x07, 0x5C, 0x19, 0x99, 0x0C, 0x99, 0xA7, 0x8D, 0x2B, 0xE8, 0x94, 0xE7, 0x6C,
    0xDA, 0x71, 0xCD, 0x2F, 0x90, 0x38, 0x30, 0x61, 0x68, 0xAF, 0xE9, 0xB8, 0xE0, 0xB3, 0x14, 0xC3,
    0x8F, 0x42, 0xAD, 0xBF, 0xAB, 0xE7, 0x9A, 0x10, 0x57, 0x5E, 0x6D, 0x13, 0x60, 0xCC, 0x58, 0x8D,
    0xE8, 0x26, 0xAB, 0x4F, 0x87, 0xE9, 0xC8, 0x7F, 0x38, 0x91, 0xD1, 0x3F, 0x74, 0x47, 0x76, 0x45,
    0x85, 0x93, 0x73, 0x5E, 0x60, 0xA1, 0x28, 0xB7, 0x4E, 0xB2, 0x3A, 0x2E, 0xBE, 0x4D, 0xB3, 0xF1,
    0x5F, 0x8C, 0xB8, 0x0C, 0xFD, 0x51, 0x06, 0x48, 0xB5, 0xDF, 0x97, 0xDE, 0xDF, 0x39, 0x06, 0xA5,
    0x43, 0x8E, 0x1D, 0xFE, 0x43, 0x3E, 0x3F, 0xD3, 0x1E, 0x92, 0x0B, 0x58, 0xA8, 0x2E, 0xE6, 0x98,
    0xEE, 0x8E, 0xD7, 0xB0, 0xB3, 0x0B, 0x39, 0x9E, 0x1D, 0xA1, 0xFF, 0xDF, 0x70, 0xE8, 0x97, 0xA7,
    0x23, 0xB4, 0xF6, 0xEE, 0x91, 0x37, 0x82, 0x9A, 0x0F, 0x30, 0x95, 0x48, 0x61, 0xEB, 0xDC, 0xDB,
    0xBF, 0x94, 0xB6, 0x0D, 0x9C, 0xC6, 0x14, 0x1C, 0x0D, 0x31, 0x63, 0x0C, 0xA7, 0x99, 0xD1, 0xE6,
    0xC2, 0xAF, 0x65, 0x70, 0x8C, 0x3A, 0x4F, 0xBD, 0x7B, 0x95, 0x2F, 0x13, 0x44, 0x4B, 0xE7, 0x7C,
    0x4B, 0x9C, 0x22, 0xF6, 0x4C, 0x61, 0xA0, 0xEB, 0xD5, 0xBD, 0x5D, 0x13, 0xED, 0x2C, 0xFC, 0xCE,
    0xCA, 0x7E, 0x7E, 0x1D, 0xF8, 0xAA, 0x16, 0xBB, 0x51, 0x43, 0xDE, 0xA7, 0x91, 0xCD, 0x14, 0xE6,
    0x5A, 0xD6, 0x41, 0x65, 0x46, 0x19, 0xBE, 0xEF, 0x4A, 0xA1, 0x23, 0x77, 0x48, 0x53, 0xC8, 0xC0,
    0x2B, 0x9F, 0x74, 0x0C, 0x4B, 0x7B, 0xAA, 0x78, 0xF5, 0xDA, 0x20, 0xE3, 0xAC, 0x72, 0xD0, 0x1D,
    0x76, 0x2A, 0xE7, 0xB7, 0xE4, 0xFC, 0x8F, 0x2D, 0xA8, 0xA9, 0x34, 0x4B, 0x40, 0xA9, 0x2D, 0x00,
    0x5A, 0x09, 0xFF, 0xF8, 0x32, 0x7B, 0x23, 0x1A, 0xA1, 0x07, 0xD2, 0xF9, 0x4F, 0xEE, 0xDD, 0x97,
    0x0B, 0x0B, 0x4D, 0xC5, 0x98, 0x89, 0x25, 0x43, 0xBF, 0x8F, 0x61, 0xF8, 0x65, 0xBD, 0x18, 0x66,
    0x45, 0xCD, 0xD8, 0x96, 0x06, 0xFD, 0x10, 0x7D, 0x62, 0xC5, 0xD8, 0xCE, 0x80, 0x08, 0xE7, 0x62,
    0x13, 0xF9, 0x4A, 0x71, 0x02, 0x63, 0x6A, 0x3B, 0x6A, 0x71, 0x86, 0xDA, 0xEB, 0x91, 0x49, 0x4E,
    0x5A, 0x7C, 0xE8, 0xD9, 0x65, 0x10, 0x21, 0x55, 0x14, 0x9F, 0xF1, 0xE1, 0x6F, 0xFA, 0x37, 0xB9,
    0xF7, 0xC5, 0xA3, 0xFB, 0xCA, 0x39, 0xF9, 0xFC, 0x91, 0x72, 0xF4, 0xC7, 0x5A, 0xDA, 0xDA, 0xD6,
    0x8C, 0x7D, 0x9A, 0x57, 0x5D, 0xFB, 0x5C, 0x96, 0xB5, 0xEB, 0xA5, 0x31, 0x5E, 0x41, 0xBC, 0x75,
    0x08, 0xA5, 0x2F, 0x19, 0x3D, 0xE1, 0xEE, 0xDA, 0xB6, 0x15, 0x6D, 0x87, 0x4E, 0x56, 0x05, 0x5E,
    0x5E, 0xFA, 0xBF, 0xFB, 0x7A, 0x20, 0x1E, 0x1D, 0x17, 0xDE, 0x28, 0xCD, 0x9D, 0x2A, 0x56, 0x4E,
    0x15, 0x2A, 0xE6, 0x45, 0x85, 0xA8, 0x15, 0xCB, 0xB1, 0x16, 0x00, 0xC9, 0xF2, 0x21, 0xA2, 0x40,
    0x3C, 0xD6, 0x5A, 0xC0, 0xC5, 0x1C, 0x42, 0x5A, 0x45, 0xE2, 0x9F, 0xC8, 0xEF, 0x8F, 0xE1, 0x5A,
    0x7A, 0x6C, 0x56, 0x93, 0xFF, 0x22, 0x4C, 0x12, 0xAF, 0xD9, 0xEF, 0x9B, 0xF0, 0xF2, 0x27, 0xC6,
    0xE3, 0x57, 0x68, 0x2B, 0xF5, 0x78, 0xC5, 0xD4, 0x3F, 0xE1, 0xE4, 0xF7, 0x86, 0xCF, 0x9A, 0x33,
    0xCB, 0x74, 0x44, 0x11, 0xC4, 0xF8, 0x22, 0x37, 0xC4, 0xDB, 0x4C, 0xA2, 0x9C, 0x2B, 0xC4, 0x16,
    0x01, 0x7E, 0x3E, 0xE7, 0x88, 0x9C, 0xFB, 0x71, 0x90, 0x61, 0x73, 0x76, 0xC7, 0xCF, 0xC3, 0xFA,
    0x96, 0x35, 0xFE, 0x13, 0x4B, 0x70, 0xC6, 0x74, 0xF4, 0x29, 0x83, 0xA5, 0xE4, 0x3F, 0xCD, 0xCE,
    0x04, 0xE9, 0xEB, 0x08, 0x2D, 0x88, 0x22, 0xF9, 0xF2, 0x86, 0xC9, 0x49, 0x86, 0x5C, 0x23, 0xA3,
    0x1F, 0xAE, 0xDB, 0x3F, 0x89, 0x62, 0x8D, 0xD1, 0x64, 0x26, 0x85, 0xE1, 0x22, 0x6A, 0x71, 0x46,
    0xBE, 0x03, 0xAE, 0xA9, 0x78, 0x20, 0xD4, 0x80, 0xE9, 0xEE, 0xB8, 0xEE, 0xE2, 0x84, 0x70, 0x46,
    0xC6, 0x67, 0xC2, 0x69, 0x03, 0xDE, 0xFF, 0x07, 0xA5, 0x57, 0xBF, 0x73, 0xD4, 0x46, 0x14, 0x7E,
    0x92, 0x8C, 0x0F, 0xAC, 0x49, 0x94, 0xC2, 0xCC, 0x38, 0x21, 0x41, 0x14, 0x14, 0x86, 0x19, 0x50,
    0x9B, 0xC2, 0x96, 0x34, 0xFC, 0x05, 0x57, 0x40, 0x52, 0xA4, 0x48, 0x9D, 0x26, 0xA6, 0xA0, 0x70,
    0x01, 0xBE, 0x25, 0xF9, 0x03, 0xE2, 0x34, 0xA9, 0xAF, 0xA0, 0xBA, 0xC6, 0x29, 0x52, 0xB8, 0x10,
    0x27, 0x01, 0x05, 0x05, 0x8D, 0x98, 0x61, 0x26, 0x65, 0x94, 0x4C, 0x42, 0x11, 0x0A, 0x76, 0x40,
    0x99, 0xE8, 0x62, 0x49, 0x2F, 0xDF, 0x5B, 0x9D, 0x8D, 0x07, 0x30, 0xB9, 0xF8, 0xEE, 0xF4, 0x76,
    0x4F, 0x77, 0xAB, 0x7D, 0xBF, 0xBE, 0xF7, 0xED, 0x3B, 0x22, 0x3B, 0x23, 0x72, 0x72, 0xF2, 0x9F,
    0x67, 0x16, 0xB3, 0xEA, 0x31, 0x67, 0x5E, 0xE1, 0xE9, 0x40, 0x39, 0x65, 0x44, 0x54, 0x8B, 0x84,
    0x53, 0x31, 0xF7, 0xB1, 0x5D, 0xF9, 0x59, 0x4F, 0xBB, 0x93, 0x8D, 0xC2, 0xC1, 0x7A, 0x1A, 0x34,
    0xD4, 0xBD, 0x5C, 0x88, 0x47, 0x74, 0x7A, 0x40, 0x36, 0x37, 0xE4, 0x71, 0x4D, 0x41, 0xD6, 0x52,
    0x84, 0x77, 0x48, 0x01, 0xAD, 0x93, 0x6F, 0x66, 0xB9, 0xF7, 0x1F, 0x37, 0xE4, 0x72, 0x85, 0x75,
    0x05, 0xD1, 0x82, 0x79, 0xF8, 0x06, 0x64, 0x77, 0x95, 0x96, 0xCA, 0x84, 0x7C, 0x0D, 0x51, 0x10,
    0x3A, 0x4A, 0x6E, 0x99, 0x7D, 0x06, 0x14, 0xFC, 0x29, 0x7A, 0x64, 0x9F, 0xFC, 0xB0, 0x0D, 0x31,
    0xE1, 0xB7, 0xC4, 0x6E, 0xA9, 0x76, 0x4A, 0x88, 0x7E, 0x43, 0x12, 0xC8, 0xC0, 0x2D, 0x28, 0xE2,
    0x0C, 0x76, 0xD0, 0xC1, 0xEB, 0xE4, 0x92, 0x99, 0xBC, 0xB1, 0x99, 0x7A, 0x95, 0x99, 0xAC, 0x21,
    0x5D, 0x1C, 0xC5, 0x34, 0x1A, 0x0D, 0x53, 0x2E, 0x6D, 0xE6, 0x2A, 0xE5, 0x96, 0x98, 0x61, 0xE8,
    0x00, 0x4B, 0x8B, 0x84, 0x02, 0x05, 0x47, 0x13, 0xF2, 0x32, 0xD1, 0x2A, 0x53, 0x63, 0x26, 0xA7,
    0x32, 0x93, 0xAB, 0xCD, 0x14, 0x64, 0x62, 0x79, 0x86, 0x47, 0x12, 0x8A, 0x62, 0x84, 0x6C, 0x3C,
    0x62, 0xA7, 0x1D, 0x6D, 0xA7, 0x5C, 0x23, 0xE2, 0x65, 0xC4, 0x12, 0x4C, 0x2D, 0xFA, 0xB6, 0xB7,
    0x45, 0xDD, 0x5E, 0x01, 0x6D, 0x14, 0x65, 0xA2, 0x6C, 0x89, 0x8C, 0x2E, 0x8C, 0xC1, 0xB7, 0x5C,
    0x63, 0xB7, 0x87, 0xDC, 0x60, 0xBC, 0xF7, 0x59, 0x6D, 0xF4, 0x68, 0x19, 0xBD, 0xDC, 0x68, 0x51,
    0x9D, 0x12, 0xD1, 0x51, 0x1B, 0x15, 0x93, 0xAB, 0xD0, 0xE0, 0x72, 0x0B, 0x05, 0x3D, 0x64, 0x85,
    0x16, 0xAC, 0xDB, 0x8A, 0x28, 0xB2, 0xF7, 0x90, 0xF4, 0x88, 0xC4, 0xF7, 0x88, 0x56, 0x89, 0x96,
    0x91, 0x5A, 0x72, 0x38, 0xF5, 0xB8, 0xF4, 0x98, 0x11, 0xD3, 0xE0, 0x36, 0x9F, 0xF8, 0x42, 0x4B,
    0xB2, 0xBC, 0x7C, 0x1D, 0x63, 0xA0, 0x64, 0x4C, 0x91, 0xC2, 0xC8, 0xAA, 0x25, 0xF8, 0x08, 0x61,
    0xF0, 0x98, 0xBD, 0x3F, 0xFA, 0x58, 0xEF, 0x73, 0x65, 0xF3, 0xD7, 0x92, 0x09, 0xF3, 0x3A, 0x0F,
    0x59, 0x84, 0x0D, 0x08, 0x8F, 0x32, 0x63, 0x76, 0x8C, 0x71, 0xDB, 0x57, 0xE3, 0xD1, 0x37, 0x93,
    0x94, 0x52, 0xD6, 0x88, 0x01, 0xEC, 0x8F, 0x4A, 0x93, 0x0E, 0xB3, 0x7F, 0x82, 0x15, 0xF0, 0x9E,
    0xCE, 0x27, 0x26, 0x2E, 0x07, 0xF7, 0x6F, 0x95, 0xF1, 0x48, 0xD5, 0xD8, 0xA5, 0xC6, 0x1E, 0x35,
    0x96, 0x43, 0x6C, 0x88, 0x87, 0xED, 0x5C, 0x83, 0x9B, 0x65, 0xA2, 0x9B, 0x5E, 0x9C, 0xC0, 0x58,
    0x63, 0x75, 0xD2, 0x7D, 0x3E, 0xE2, 0x5A, 0xF3, 0x14, 0xDC, 0xA2, 0x41, 0x2C, 0xC1, 0x93, 0xED,
    0x10, 0x3E, 0x3B, 0x46, 0x8E, 0xC6, 0xE4, 0x66, 0xE4, 0xC7, 0x69, 0xDC, 0x4D, 0x59, 0x37, 0xE9,
    0x6E, 0xAA, 0xCC, 0x94, 0x34, 0xDD, 0x14, 0x75, 0x93, 0xFF, 0xC8, 0x4C, 0xEE, 0x9E, 0x99, 0x1C,
    0x80, 0x31, 0x88, 0x13, 0xE2, 0x7B, 0x2A, 0x92, 0x84, 0x3F, 0x98, 0xB0, 0x64, 0xFC, 0x3E, 0xEA,
    0x68, 0x93, 0x5C, 0x95, 0x6A, 0x9A, 0xBA, 0x2F, 0xFA, 0x4A, 0xD1, 0x56, 0x89, 0xAE, 0xA1, 0xD1,
    0x24, 0x7A, 0x4A, 0xD1, 0x52, 0x89, 0x8E, 0x4A, 0x34, 0x54, 0xB2, 0x7F, 0x25, 0xBB, 0x57, 0xB2,
    0x77, 0x85, 0x9D, 0x65, 0x18, 0xC8, 0x10, 0x64, 0x95, 0xEC, 0x69, 0xF2, 0x25, 0x43, 0x4F, 0x42,
    0xEB, 0x69, 0x13, 0xFB, 0xFD, 0x62, 0x08, 0xA7, 0xB2, 0x42, 0xA7, 0x89, 0xEE, 0x72, 0xB6, 0xCE,
    0x5C, 0x84, 0xEC, 0xE8, 0xB0, 0xB6, 0x8F, 0x96, 0x4D, 0xD2, 0xFB, 0xCF, 0xB5, 0x00, 0x14, 0xE2,
    0xE3, 0x74, 0x76, 0xAB, 0x21, 0x01, 0xD3, 0x40, 0x1B, 0xD0, 0xF7, 0x11, 0xEE, 0x4F, 0x19, 0xE4,
    0x75, 0xF7, 0x29, 0x74, 0xA2, 0x82, 0xAD, 0xBF, 0x35, 0x39, 0x2F, 0x20, 0x79, 0x05, 0xE7, 0x6A,
    0x54, 0x76, 0x43, 0x01, 0x33, 0x52, 0xCF, 0xF1, 0x4D, 0x18, 0x56, 0xE3, 0xDB, 0x92, 0x9C, 0xCE,
    0x40, 0xA5, 0x2C, 0x84, 0x2D, 0x8D, 0xE9, 0x02, 0xF2, 0xB7, 0xE0, 0xF0, 0x18, 0x30, 0x04, 0x66,
    0x01, 0xD8, 0x75, 0x73, 0x01, 0xA7, 0x00, 0xA9, 0x20, 0x94, 0x19, 0xD8, 0x14, 0x54, 0xAE, 0x44,
    0xB5, 0xA7, 0x6D, 0x65, 0x23, 0x68, 0x47, 0xBD, 0x9D, 0xEC, 0xDC, 0xB9, 0x2D, 0x1D, 0xE4, 0x8B,
    0xA0, 0x10, 0x57, 0xA1, 0xAA, 0x5E, 0x7B, 0xBB, 0x0A, 0xDB, 0xC0, 0xE8, 0xBA, 0x8B, 0x96, 0x0D,
    0xE3, 0xFD, 0xDF, 0x09, 0xB4, 0x49, 0xC7, 0xA6, 0x4D, 0xA5, 0x48, 0x3C, 0xA1, 0x14, 0x7B, 0x7D,
    0x88, 0x7B, 0x04, 0x5B, 0x68, 0xF1, 0xFF, 0xD0, 0xA7, 0xA5, 0xB6, 0xA7, 0x7B, 0xC0, 0xEC, 0x0B,
    0x02, 0x90, 0x25, 0x7A, 0x17, 0x7D, 0xFE, 0x17, 0x8D, 0x2E, 0x2E, 0x92, 0xFB, 0xDC, 0x24, 0x6F,
    0x28, 0xB7, 0x89, 0xAD, 0x41, 0x9A, 0xAF, 0x5D, 0xA0, 0x50, 0x30, 0x28, 0x08, 0x74, 0xCA, 0x9F,
    0xAB, 0x08, 0x4B, 0x70, 0x28, 0x2C, 0x67, 0x26, 0xC8, 0x29, 0x2B, 0x71, 0xD5, 0xD3, 0x16, 0x5C,
    0x99, 0xA6, 0xDB, 0x80, 0x83, 0xF3, 0xC8, 0x42, 0x3D, 0x53, 0x5A, 0x20, 0x5C, 0x85, 0x97, 0x3B,
    0x85, 0xDB, 0x6E, 0x14, 0xE0, 0xD6, 0x9C, 0x02, 0xC0, 0x86, 0x62, 0x61, 0x41, 0xDA, 0xCB, 0x69,
    0xA0, 0x04, 0x2C, 0x92, 0xDF, 0x1D, 0xC9, 0xAF, 0xEA, 0xF2, 0x1B, 0xE0, 0x42, 0x2C, 0xF0, 0x79,
    0x3F, 0xBF, 0x3B, 0xD8, 0xD9, 0xFD, 0xBE, 0x45, 0xD0, 0x1C, 0x89, 0xC9, 0x7C, 0x59, 0x41, 0x39,
    0xC9, 0x39, 0x46, 0x1E, 0xDC, 0x71, 0xAB, 0xCE, 0x9C, 0x83, 0xAC, 0x54, 0x60, 0xC2, 0xC6, 0x64,
    0x41, 0xA2, 0x27, 0xB2, 0x9F, 0x95, 0xE0, 0xF1, 0xA1, 0x28, 0x06, 0x78, 0x6C, 0x5D, 0xFC, 0x45,
    0x38, 0x7C, 0x88, 0x15, 0x9B, 0x43, 0x04, 0x29, 0xE2, 0xD2, 0x8C, 0xAD, 0xE1, 0xAD, 0xB7, 0xB1,
    0xFA, 0xE7, 0xC7, 0x60, 0xF5, 0x61, 0x57, 0x67, 0x5E, 0xDE, 0x15, 0x96, 0x68, 0x97, 0xA2, 0x7A,
    0x91, 0x75, 0xF3, 0x3C, 0x85, 0x66, 0xE5, 0xD4, 0xD3, 0x50, 0x2F, 0x1B, 0xAF, 0x18, 0x88, 0xBD,
    0xCC, 0x68, 0x4F, 0xCE, 0x3A, 0x5A, 0x99, 0xA9, 0xEE, 0xF0, 0x7A, 0x4F, 0x06, 0xF1, 0xD5, 0x32,
    0x84, 0xB9, 0x0D, 0xB9, 0x38, 0x12, 0x7B, 0x10, 0x52, 0x4B, 0xB2, 0x2E, 0x58, 0x23, 0x57, 0x06,
    0x5F, 0x86, 0x70, 0x3C, 0x42, 0x72, 0x52, 0x56, 0x76, 0x99, 0x72, 0xEC, 0xFC, 0x25, 0xB8, 0x42,
    0x3D, 0xC0, 0x48, 0x0C, 0x5B, 0x88, 0x00, 0xC2, 0x80, 0x67, 0x4B, 0x1A, 0x1C, 0x1C, 0xFC, 0xE2,
    0xB6, 0xF1, 0xDB, 0x84, 0xDD, 0x90, 0xDA, 0xD5, 0x7E, 0x1F, 0x00, 0x78, 0xC4, 0xE2, 0x1B, 0x67,
    0x91, 0xD3, 0xF6, 0xF4, 0xA7, 0x56, 0x65, 0xE9, 0x45, 0xDC, 0x56, 0x3E, 0xCB, 0xA9, 0x7B, 0x6D,
    0x72, 0xAD, 0x1F, 0x0A, 0x8B, 0x47, 0x3D, 0xBE, 0x02, 0x34, 0x83, 0xE2, 0xDC, 0xD6, 0x05, 0x0E,
    0x88, 0x3E, 0x30, 0xCC, 0x6E, 0x28, 0x1E, 0x5D, 0x04, 0x28, 0xF7, 0x3C, 0x40, 0x55, 0xC3, 0x5A,
    0x0D, 0x50, 0x15, 0x5E, 0xE1, 0x03, 0x54, 0x11, 0x40, 0xD5, 0xD4, 0x11, 0xEA, 0x23, 0x74, 0xF3,
    0x3A, 0xF4, 0x55, 0x0D, 0xE7, 0xEB, 0xA8, 0x06, 0xA8, 0x74, 0x4F, 0x7B, 0x00, 0x15, 0xD4, 0xA8,
    0x10, 0xA0, 0x5A, 0xE9, 0x6A, 0x1D, 0x7B, 0x15, 0x53, 0x80, 0x01, 0x0C, 0x67, 0x4F, 0x01, 0x2C,
    0xDC, 0x85, 0xFF, 0x7E, 0x2B, 0x36, 0x50, 0xE8, 0xED, 0xD0, 0x7A, 0x84, 0x52, 0xAF, 0x01, 0x2A,
    0x1C, 0xBF, 0xFE, 0xAF, 0x92, 0x9A, 0x4A, 0x8E, 0x3F, 0x5A, 0xE8, 0x3A, 0x25, 0xBA, 0xEC, 0xC3,
    0xD3, 0xEF, 0x90, 0x96, 0xDF, 0xB4, 0xC1, 0xE6, 0xBC, 0x5C, 0x7A, 0xF6, 0x12, 0x05, 0x3B, 0xCA,
    0x7D, 0x96, 0x0B, 0x17, 0xCD, 0xC6, 0xA5, 0x74, 0x82, 0x8C, 0x1A, 0xFB, 0x1F, 0x8D, 0x6A, 0xBF,
    0xFE, 0x2A, 0x05, 0xF3, 0x20, 0xED, 0x22, 0xB0, 0x90, 0x39, 0x4F, 0xB5, 0x1D, 0xF7, 0x67, 0x35,
    0x03, 0xD9, 0xC6, 0xCF, 0x1B, 0x99, 0xFB, 0x20, 0x47, 0x24, 0x96, 0x46, 0x77, 0x80, 0x10, 0x84,
    0x2B, 0x30, 0x50, 0x90, 0x8B, 0x8B, 0x80, 0xB5, 0x8C, 0x07, 0xDF, 0x8C, 0x86, 0x58, 0x03, 0x34,
    0x5D, 0x5A, 0xA3, 0x68, 0x10, 0xBB, 0xBF, 0x64, 0x84, 0x86, 0x68, 0x19, 0x89, 0xC8, 0x3C, 0xAC,
    0xBC, 0x0D, 0x6A, 0xB8, 0x19, 0x49, 0x61, 0x35, 0xE1, 0xB5, 0xAB, 0xF0, 0x26, 0xC8, 0x77, 0x3D,
    0xE9, 0x6E, 0x0A, 0x21, 0xDA, 0x3E, 0x5A, 0x24, 0xF2, 0x9E, 0xAB, 0xF7, 0x85, 0xE1, 0x00, 0x61,
    0x74, 0x6F, 0x1A, 0x38, 0x4C, 0xBA, 0x16, 0x44, 0xF0, 0xAC, 0x52, 0x46, 0xCB, 0xA6, 0x0E, 0xBE,
    0x41, 0xEB, 0x81, 0x35, 0x11, 0x3A, 0xBB, 0xAF, 0x44, 0x45, 0xEF, 0xE7, 0xC2, 0xA6, 0x99, 0xD5,
    0xA1, 0x2D, 0x59, 0xA7, 0x41, 0xA4, 0x70, 0x8E, 0x5B, 0x5D, 0x5B, 0x95, 0xCC, 0x76, 0xAD, 0xD1,
    0xE6, 0x0D, 0x1A, 0x8F, 0x25, 0xAD, 0xF6, 0x15, 0x13, 0xA6, 0x5D, 0x03, 0xE4, 0xA3, 0xAE, 0x5D,
    0xF0, 0x53, 0x50, 0x6D, 0x25, 0xD7, 0x3F, 0x16, 0xA0, 0xBF, 0xEB, 0x78, 0xB4, 0x87, 0x7E, 0x13,
    0x6E, 0x2C, 0x23, 0xFD, 0x76, 0xE1, 0xE8, 0xD7, 0xDF, 0xB6, 0xE1, 0xDE, 0x1E, 0x92, 0xD1, 0x7B,
    0x59, 0xA1, 0xD8, 0x93, 0xAE, 0x8C, 0xE6, 0x3C, 0x22, 0xCF, 0x7E, 0x42, 0xE2, 0x09, 0xB9, 0xCF,
    0xB0, 0xFD, 0xB6, 0x3A, 0xD6, 0x11, 0x29, 0x04, 0x4C, 0x01, 0x58, 0x61, 0x0B, 0x36, 0x89, 0x9B,
    0x34, 0xBF, 0x5D, 0x00, 0x2C, 0x9E, 0x07, 0x79, 0x3D, 0xD5, 0xD8, 0xBE, 0x7F, 0x3C, 0xBB, 0xF0,
    0x5A, 0x83, 0xA2, 0x08, 0x7F, 0x22, 0xBC, 0x87, 0x99, 0xA9, 0x67, 0xA1, 0xC6, 0x14, 0x6B, 0x52,
    0x6E, 0xCC, 0x11, 0x01, 0xDA, 0x9F, 0x4A, 0x08, 0x3C, 0xD5, 0xE6, 0x08, 0x01, 0xFD, 0xE3, 0xFE,
    0x96, 0xF9, 0x6E, 0xFA, 0xBB, 0x5A, 0x33, 0xA4, 0x42, 0xB4, 0xB9, 0x49, 0x83, 0x83, 0xDC, 0x5B,
    0x80, 0x78, 0xE1, 0x81, 0xB0, 0xB4, 0xB4, 0x76, 0x6F, 0x5E, 0x3D, 0x65, 0xFA, 0x5F, 0x0B, 0x6E,
    0x39, 0x88, 0xAF, 0x13, 0x77, 0x84, 0x3A, 0xAF, 0x0D, 0x4B, 0x6A, 0x50, 0x4E, 0x92, 0xFE, 0x32,
    0x2D, 0xDF, 0x6D, 0xB9, 0x65, 0x80, 0xEC, 0xF0, 0x7B, 0x73, 0xBF, 0x74, 0xA5, 0x76, 0x49, 0x8A,
    0x57, 0xFC, 0x9E, 0xB7, 0x6D, 0xF9, 0xE9, 0x47, 0x6A, 0x40, 0x2F, 0xF8, 0xFB, 0xB9, 0x38, 0x73,
    0xDB, 0x62, 0x5C, 0xCF, 0xC8, 0x41, 0x6B, 0xEA, 0xA8, 0x61, 0xD7, 0xC9, 0xCC, 0x69, 0x86, 0x75,
    0x47, 0xFE, 0x53, 0xFA, 0x5F, 0xAA, 0x93, 0xF6, 0xAC, 0x66, 0x58, 0xA9, 0x02, 0x28, 0x02, 0x6E,
    0xA2, 0x0E, 0x0C, 0x80, 0xEA, 0x04, 0x9B, 0x68, 0x4A, 0x6B, 0xD3, 0x47, 0x87, 0xAB, 0x14, 0x46,
    0x3F, 0x34, 0x60, 0xB6, 0x1E, 0x94, 0xAC, 0x9A, 0x15, 0xFE, 0xF4, 0xA4, 0x03, 0x29, 0x79, 0x42,
    0xA8, 0x59, 0xE8, 0x64, 0x12, 0xD0, 0x12, 0x0F, 0xC6, 0xE8, 0xF2, 0xCF, 0x39, 0xF9, 0x5D, 0x27,
    0x8F, 0x84, 0x67, 0xA4, 0x3F, 0xC0, 0x19, 0xE6, 0x98, 0x4A, 0xB7, 0xC1, 0xD8, 0x39, 0xF2, 0x3B,
    0xC2, 0xE1, 0xC9, 0x31, 0x88, 0xF8, 0x55, 0x63, 0x36, 0x8B, 0x5C, 0x3E, 0x44, 0xF4, 0x67, 0xE2,
    0xAE, 0xD3, 0xA7, 0x7D, 0xD6, 0x48, 0x9B, 0xB4, 0xF5, 0x9F, 0x1C, 0x62, 0x8C, 0x27, 0xBD, 0x16,
    0x7F, 0xB5, 0x62, 0xD4, 0x4E, 0x49, 0x25, 0x18, 0x22, 0xFB, 0x17, 0x15, 0x8D, 0x31, 0x6E, 0xC2,
    0x30, 0x00, 0x45, 0x9F, 0x52, 0x22, 0xAA, 0x30, 0x84, 0x81, 0x81, 0xA1, 0x12, 0x4B, 0x07, 0x54,
    0x55, 0xCA, 0x01, 0x1A, 0x62, 0x8B, 0x13, 0x30, 0xB4, 0x3B, 0x03, 0x13, 0x0B, 0x27, 0x40, 0xF6,
    0x11, 0x38, 0x42, 0xC6, 0x6E, 0x5D, 0x18, 0x18, 0x10, 0xF1, 0x11, 0x38, 0x82, 0x8F, 0x00, 0x22,
    0x12, 0x56, 0x71, 0x08, 0xE6, 0x0F, 0xEF, 0xBF, 0xE9, 0x7F, 0xF0, 0x54, 0xA4, 0x1A, 0x5E, 0xC5,
    0xBA, 0x9E, 0x25, 0x08, 0xF3, 0x6F, 0x37, 0xB3, 0x64, 0x2A, 0xC5, 0xD5, 0x4C, 0x5A, 0x3D, 0xFE,
    0xE0, 0xE7, 0xBB, 0xF5, 0xCB, 0xDF, 0x3C, 0x15, 0xF7, 0xD4, 0x81, 0xF3, 0x73, 0xB7, 0x0B, 0x58,
    0x80, 0xD0, 0x5F, 0xE6, 0xC5, 0x74, 0x81, 0x21, 0x95, 0xBC, 0x98, 0x9B, 0x51, 0xC1, 0x3F, 0xC7,
    0xEB, 0xBD, 0xAB, 0x37, 0x21, 0x37, 0x2B, 0x4C, 0xC2, 0x76, 0xCB, 0xA1, 0x21, 0xFB, 0x93, 0x51,
    0x44, 0x54, 0x8E, 0x9A, 0x62, 0xF5, 0x1E, 0x77, 0x28, 0xD8, 0x71, 0x0F, 0xCF, 0x05, 0x5D, 0x52,
    0xA9, 0x38, 0xB0, 0x78, 0x6E, 0xF7, 0x9F, 0x08, 0xD5, 0xEF, 0xA0, 0x50, 0xBA, 0xA7, 0x33, 0x72,
    0xDE, 0x72, 0x57, 0x83, 0xEC, 0x59, 0x21, 0x73, 0x94, 0x15, 0xC7, 0x98, 0x4C, 0x2A, 0x73, 0xB6,
    0x30, 0x88, 0x8B, 0xD5, 0xA8, 0x89, 0xCA, 0xCA, 0xB7, 0x1E, 0x96, 0x65, 0x7B, 0xAA, 0xEC, 0x03,
    0xB5, 0x98, 0xC1, 0x6F, 0xDB, 0x74, 0x14, 0xC7, 0xBF, 0xB6, 0xBB, 0x7A, 0xAB, 0x05, 0xE6, 0x50,
    0xA4, 0x6D, 0xEA, 0x96, 0x1D, 0x7A, 0x68, 0x26, 0x88, 0x2F, 0x3B, 0x20, 0xD1, 0xC6, 0x2E, 0xFC,
    0x03, 0x3B, 0x00, 0xE7, 0x1E, 0x90, 0xC6, 0x89, 0xED, 0xD0, 0x1B, 0x1D, 0x71, 0x07, 0x77, 0x7A,
    0x19, 0xE7, 0x1E, 0x38, 0x6D, 0x12, 0xEB, 0x31, 0x88, 0xA8, 0xB1, 0x38, 0x80, 0xD0, 0x84, 0xC8,
    0x38, 0x71, 0x23, 0x07, 0x0E, 0x88, 0x49, 0xD4, 0x42, 0xD1, 0x1A, 0x68, 0x92, 0x1F, 0xDF, 0xF7,
    0xB3, 0x9B, 0xA5, 0xE9, 0x2A, 0x6C, 0xC7, 0x73, 0xF2, 0x9A, 0xD8, 0xB5, 0xDF, 0xFB, 0xFC, 0xDE,
    0xEF, 0xBD, 0xF7, 0x7B, 0xBF, 0xE0, 0x02, 0x00, 0x5F, 0x24, 0x04, 0xDA, 0x11, 0xA0, 0x3A, 0x30,
    0x0E, 0x63, 0x58, 0x7F, 0x53, 0x3A, 0x7D, 0x38, 0xD1, 0x00, 0xAE, 0x1A, 0xC2, 0x53, 0x0A, 0xBE,
    0x52, 0xC1, 0x16, 0x5C, 0x5E, 0x71, 0xA2, 0x1E, 0xAC, 0x08, 0xF2, 0xAC, 0x97, 0x8A, 0x1C, 0x8B,
    0x73, 0x96, 0xDA, 0x77, 0x95, 0xF2, 0xB6, 0x95, 0x0F, 0x7F, 0x4D, 0xBF, 0xEB, 0xF0, 0x7D, 0x34,
    0xBC, 0x27, 0x8A, 0xD7, 0x4D, 0xF5, 0x31, 0xE6, 0xF4, 0xED, 0xB4, 0x38, 0x97, 0x3C, 0xD3, 0xA0,
    0x7C, 0x4B, 0xDB, 0x76, 0x00, 0xB8, 0xA9, 0x9E, 0x59, 0x98, 0xD2, 0xA3, 0x0D, 0x1C, 0x00, 0x0E,
    0xF0, 0x0A, 0x70, 0x31, 0x03, 0x96, 0x1C, 0x06, 0x9F, 0x76, 0xBA, 0xA8, 0x79, 0x21, 0x1A, 0xBF,
    0xC2, 0x38, 0xEA, 0x02, 0xE1, 0xCD, 0x12, 0x68, 0xE6, 0x29, 0x95, 0x44, 0x49, 0x75, 0x8B, 0x3A,
    0x36, 0xF8, 0x7C, 0x04, 0x23, 0x0C, 0xC5, 0x63, 0x20, 0x1B, 0x9F, 0x57, 0x20, 0x1D, 0xEF, 0xF0,
    0xB1, 0x96, 0x4A, 0x5D, 0x9F, 0x35, 0x40, 0x46, 0xFD, 0xFF, 0x63, 0x4A, 0xED, 0x29, 0x62, 0xC2,
    0xEC, 0x03, 0xB5, 0x65, 0x7A, 0x30, 0x2A, 0x91, 0x95, 0x93, 0x10, 0xC2, 0xED, 0xE2, 0x7A, 0x8C,
    0x76, 0x40, 0x4C, 0xA1, 0x5C, 0xCC, 0xE8, 0xBF, 0xD4, 0xEF, 0xE2, 0xF8, 0x1A, 0x3D, 0xDF, 0xF8,
    0xA9, 0x54, 0x2E, 0x63, 0x00, 0xF3, 0x2F, 0xE0, 0x0A, 0xAA, 0xAB, 0x09, 0x1A, 0xEE, 0x7F, 0x9E,
    0x85, 0xCB, 0xF8, 0xEA, 0x06, 0x7D, 0xDC, 0x82, 0xFD, 0x5B, 0x1F, 0xE6, 0xED, 0x9D, 0x52, 0xFD,
    0x65, 0xEC, 0x6E, 0xD8, 0xA3, 0xA6, 0xF3, 0xA8, 0x67, 0xBD, 0xB3, 0x83, 0x2A, 0x52, 0x97, 0x65,
    0xE3, 0x42, 0x0D, 0xE5, 0xB1, 0x4C, 0x67, 0xE2, 0xA5, 0x94, 0x05, 0x19, 0xA7, 0xEF, 0x44, 0x56,
    0xEE, 0x02, 0x56, 0xCC, 0x40, 0xE8, 0x68, 0x26, 0x33, 0xDA, 0x83, 0xA1, 0xE2, 0x84, 0xA9, 0x94,
    0xEC, 0x0C, 0x45, 0xBD, 0xDD, 0x81, 0x1B, 0x98, 0x3F, 0xEE, 0x99, 0x54, 0x4D, 0x2D, 0xD9, 0x72,
    0xD4, 0xE8, 0x24, 0x61, 0x8F, 0x7D, 0xCA, 0xF9, 0x97, 0xC1, 0x06, 0x33, 0x96, 0x48, 0xA3, 0x37,
    0xA8, 0xDB, 0xC8, 0xC3, 0x76, 0x56, 0x35, 0x7B, 0x09, 0x8C, 0x92, 0x65, 0x0F, 0x03, 0xA9, 0x6E,
    0xAF, 0xF2, 0x62, 0x9C, 0xCF, 0x85, 0x93, 0xE9, 0xB0, 0xBE, 0x53, 0x3A, 0x9E, 0xB1, 0xB3, 0xEB,
    0x0C, 0x63, 0xB7, 0x11, 0xDB, 0xF3, 0xA1, 0xBD, 0xDE, 0xB1, 0x54, 0xC7, 0x50, 0x01, 0x56, 0x32,
    0xBB, 0xB0, 0x54, 0x9E, 0xA9, 0xB4, 0xA0, 0xAF, 0x2C, 0xD5, 0x85, 0x0A, 0x33, 0xF9, 0x6A, 0x22,
    0x27, 0xAE, 0x3F, 0xD8, 0x69, 0xAB, 0xB8, 0xAD, 0xBA, 0x2D, 0x20, 0x79, 0xB7, 0x55, 0xD8, 0x56,
    0x11, 0xFF, 0x8E, 0xAF, 0xEC, 0x3F, 0xE0, 0x95, 0xD8, 0x27, 0xFA, 0x4D, 0x18, 0x3D, 0x18, 0x71,
    0xB2, 0x24, 0xB2, 0x6E, 0x47, 0xAE, 0x8A, 0xBD, 0xED, 0x41, 0x1D, 0x5B, 0xBE, 0x1A, 0xF9, 0x6A,
    0x58, 0x7F, 0xFF, 0x3D, 0x6A, 0xF5, 0x3A, 0x4D, 0x57, 0xF5, 0x4D, 0xF2, 0xD0, 0x50, 0x5D, 0xBF,
    0x17, 0xB5, 0x03, 0x06, 0xB0, 0xA8, 0xEE, 0x0D, 0xE0, 0x86, 0x9C, 0xE6, 0x33, 0xCD, 0x63, 0xA4,
    0x0B, 0x30, 0x83, 0x6F, 0x89, 0x2B, 0x5F, 0x26, 0xEB, 0xF3, 0xDB, 0x91, 0x77, 0xD4, 0xA9, 0xB5,
    0xA3, 0xF3, 0x0B, 0xF9, 0xCC, 0x19, 0xBB, 0xCF, 0xE7, 0x3A, 0xEB, 0x48, 0x61, 0xCB, 0x7C, 0x04,
    0x68, 0xEE, 0xC3, 0x1A, 0x6D, 0xC0, 0x39, 0x08, 0x70, 0xCE, 0xD4, 0xC3, 0xA4, 0x25, 0xC6, 0x31,
    0xEF, 0xA2, 0x89, 0xB1, 0xD0, 0x2E, 0x25, 0xD2, 0x9F, 0x93, 0xD7, 0xC9, 0xA0, 0xEF, 0x4F, 0x06,
    0x7D, 0x41, 0x4F, 0x55, 0x1D, 0x2B, 0x4D, 0xA8, 0x0D, 0xEB, 0x69, 0x68, 0xAC, 0x07, 0x59, 0x79,
    0xE8, 0x67, 0x3F, 0x60, 0xCC, 0xE0, 0x9B, 0xD0, 0x1A, 0x09, 0x0E, 0x69, 0x72, 0xFB, 0xBC, 0x12,
    0x48, 0xB5, 0xE4, 0x9A, 0xA9, 0x90, 0xCF, 0xFA, 0xA9, 0xE9, 0x96, 0xA3, 0x89, 0xE2, 0x24, 0x63,
    0x75, 0xD5, 0x1B, 0x84, 0x31, 0x9F, 0x46, 0xC6, 0x97, 0x61, 0xBE, 0x18, 0xD8, 0x2F, 0x68, 0xFD,
    0x44, 0x30, 0xAC, 0x40, 0x5B, 0x0F, 0x8D, 0x0F, 0x82, 0x4C, 0x7E, 0x28, 0x3C, 0xE4, 0xC9, 0x5C,
    0xAB, 0x22, 0x1D, 0xF2, 0x7A, 0x98, 0x3F, 0xEF, 0xFC, 0xE0, 0x93, 0xC8, 0x0A, 0x1D, 0x1D, 0x4C,
    0xDE, 0x99, 0x2F, 0x57, 0x17, 0xDF, 0x83, 0xC0, 0x61, 0xE5, 0x9D, 0xE3, 0x0A, 0xEE, 0x9F, 0x7A,
    0xD5, 0xB0, 0xDC, 0x9A, 0x3C, 0x56, 0x97, 0xEF, 0x6E, 0xA1, 0x39, 0xF8, 0x90, 0x72, 0x7C, 0x34,
    0xD1, 0x6A, 0xBD, 0x86, 0xCA, 0xEF, 0xAC, 0x73, 0x0A, 0xB6, 0x22, 0x67, 0xD7, 0x8D, 0xBD, 0xD0,
    0xEA, 0x91, 0x6E, 0x20, 0x52, 0x4F, 0x45, 0x9F, 0x07, 0x66, 0xBF, 0x12, 0xD9, 0xB1, 0xF3, 0xCF,
    0xED, 0xAE, 0xA5, 0x98, 0x05, 0x8D, 0x21, 0x67, 0x59, 0x96, 0x18, 0xAE, 0x85, 0x76, 0x5A, 0x23,
    0x5F, 0xE7, 0x25, 0x0E, 0xC8, 0x55, 0x03, 0x78, 0xD1, 0x48, 0x73, 0xD4, 0x49, 0xBB, 0xC6, 0xB6,
    0x53, 0x3E, 0xE5, 0xBC, 0xF2, 0x64, 0x08, 0x47, 0xF5, 0xF5, 0x7D, 0x3A, 0xF2, 0xFC, 0x54, 0xE6,
    0x8E, 0xFB, 0x3E, 0xEA, 0xBB, 0x2A, 0x8E, 0x94, 0xD6, 0x32, 0xD5, 0x3B, 0x0B, 0xE3, 0x64, 0x47,
    0xF8, 0x30, 0xD0, 0xBD, 0x38, 0x9D, 0xA6, 0x5B, 0x93, 0xDC, 0xAC, 0xC0, 0xA6, 0x6E, 0x00, 0xED,
    0x1F, 0x62, 0x54, 0x9E, 0x71, 0xCE, 0x18, 0x03, 0xD7, 0xE6, 0x4A, 0xE0, 0x93, 0xD6, 0xDC, 0x0D,
    0xA6, 0x5B, 0x73, 0xE9, 0x9A, 0x0A, 0xF9, 0x14, 0x7B, 0x94, 0x61, 0xE2, 0x58, 0xFB, 0x7B, 0xF2,
    0xC5, 0x25, 0xB2, 0x26, 0xBD, 0x39, 0x1C, 0xEA, 0xBC, 0xDE, 0x93, 0xFE, 0x6E, 0x46, 0x56, 0xA4,
    0x8B, 0xEA, 0xDB, 0x11, 0xCC, 0xCF, 0x22, 0xB8, 0x87, 0x01, 0xEA, 0x4D, 0x60, 0x79, 0xB1, 0x1C,
    0x56, 0xE9, 0xA2, 0x0C, 0x36, 0xEC, 0xB8, 0x0A, 0x5C, 0x5E, 0x25, 0x2F, 0x4D, 0x09, 0xEF, 0xFD,
    0x30, 0x3F, 0x6B, 0x6D, 0x81, 0xA9, 0xCD, 0x55, 0xED, 0x99, 0x02, 0x6E, 0xFD, 0x51, 0xAE, 0x5F,
    0x77, 0xAF, 0xB1, 0xF6, 0x34, 0x59, 0x7C, 0xD8, 0x31, 0xB0, 0x8B, 0x97, 0xF8, 0x1C, 0xFB, 0xB6,
    0x08, 0xAB, 0xE4, 0x64, 0x59, 0x7C, 0xD3, 0x79, 0x7E, 0x59, 0x5A, 0xCC, 0xD4, 0x8F, 0x45, 0xE7,
    0xFD, 0x44, 0xDE, 0xAF, 0x24, 0xF1, 0x6A, 0xFD, 0x2B, 0x31, 0xD0, 0x41, 0xE5, 0x20, 0x22, 0x6B,
    0x58, 0xD8, 0x97, 0x06, 0x99, 0x2C, 0xF2, 0xBA, 0x8F, 0x39, 0x6E, 0xD6, 0xCA, 0x2B, 0x0D, 0xDA,
    0x1D, 0xE6, 0xE3, 0x7B, 0x8B, 0xF2, 0xA9, 0xF4, 0x08, 0xF7, 0xC8, 0xF4, 0xEE, 0xEC, 0x4C, 0xD2,
    0xF7, 0x51, 0xB5, 0xD5, 0x67, 0x01, 0xDA, 0x22, 0xD3, 0xA5, 0x02, 0x4C, 0xA7, 0xEA, 0xE3, 0x77,
    0x91, 0x1E, 0x68, 0x09, 0x6C, 0xD2, 0xAF, 0x49, 0xC3, 0x06, 0x97, 0x7C, 0x57, 0x0A, 0xF2, 0x7D,
    0xB4, 0xC4, 0x18, 0xFB, 0x1A, 0xC6, 0x53, 0x76, 0x4A, 0x3B, 0xB7, 0x66, 0xE6, 0xE2, 0xB6, 0x16,
    0xCE, 0xB0, 0x07, 0xF7, 0xD1, 0x11, 0x6C, 0xF3, 0x0B, 0xC6, 0x59, 0x11, 0x9F, 0x99, 0xB3, 0xFB,
    0x68, 0x3A, 0xFE, 0xF5, 0x22, 0xE2, 0x16, 0xE3, 0xA9, 0xA7, 0xB2, 0x28, 0x51, 0xBF, 0xC0, 0x2E,
    0xA2, 0xF2, 0xBF, 0x72, 0x57, 0xEB, 0x6A, 0xC0, 0xFB, 0x53, 0x6C, 0x89, 0xAE, 0x8E, 0xF4, 0xD4,
    0x49, 0xFE, 0xD4, 0xC7, 0x33, 0xD8, 0x32, 0xE3, 0x81, 0x35, 0xFD, 0x6E, 0x59, 0x71, 0xC3, 0xE9,
    0xFA, 0x2A, 0x72, 0x58, 0xB3, 0xB8, 0xBB, 0x67, 0xC5, 0xEE, 0xEB, 0x2F, 0x48, 0xB7, 0xAF, 0x07,
    0xC9, 0x50, 0xE4, 0x07, 0xAA, 0x24, 0x13, 0x67, 0x60, 0x4A, 0xC3, 0xBC, 0xAF, 0x7B, 0x3F, 0xD6,
    0xDA, 0x3B, 0xD9, 0xB0, 0x90, 0x44, 0xB3, 0x2D, 0x9B, 0xFD, 0x68, 0x93, 0x8D, 0x4F, 0x93, 0x14,
    0x3D, 0x5A, 0x89, 0x29, 0x61, 0x21, 0x8A, 0xF1, 0x82, 0xAA, 0xB3, 0x2D, 0xC0, 0xB5, 0x06, 0x39,
    0x46, 0x18, 0x58, 0x3D, 0x4A, 0x7C, 0x4A, 0x88, 0x03, 0xF2, 0xB0, 0x8D, 0x8F, 0x70, 0x4C, 0xA4,
    0xE3, 0xA6, 0xA7, 0x0B, 0xD3, 0x26, 0x37, 0xF9, 0xB3, 0x33, 0xA5, 0x0B, 0xA7, 0xDB, 0x75, 0xD8,
    0x29, 0x0A, 0x5C, 0x7E, 0xA6, 0x17, 0x74, 0x32, 0x9B, 0xD2, 0xA9, 0x97, 0xC1, 0xC6, 0x69, 0xD3,
    0xF3, 0x86, 0x55, 0x2A, 0xDE, 0x2C, 0xC6, 0x67, 0xEC, 0xDE, 0x81, 0x3D, 0xE2, 0x6E, 0xF8, 0x51,
    0x6F, 0x93, 0xBB, 0xFA, 0x99, 0xB9, 0xE6, 0xB7, 0x43, 0x78, 0x87, 0x1D, 0xD4, 0xDB, 0x8F, 0xB1,
    0xB4, 0x50, 0xD8, 0x67, 0xB3, 0xFB, 0xE8, 0xD2, 0xC4, 0x8A, 0xF5, 0xBC, 0x02, 0xE4, 0xE7, 0x91,
    0xC4, 0xEB, 0xA7, 0xC2, 0xEF, 0x56, 0x98, 0xFC, 0xC6, 0x25, 0x4D, 0x8A, 0x64, 0xF4, 0xB2, 0xCE,
    0x3E, 0x8F, 0x5A, 0x69, 0x3F, 0x1C, 0xC0, 0xFD, 0x85, 0xB9, 0x74, 0x18, 0xB3, 0xAA, 0x46, 0xBA,
    0x1B, 0x18, 0x67, 0xFC, 0xB4, 0xBC, 0x99, 0x84, 0x57, 0x20, 0xBF, 0x99, 0x26, 0xDB, 0x90, 0xB3,
    0xD2, 0xAE, 0xED, 0xC8, 0x86, 0xA5, 0x72, 0x14, 0xD3, 0x70, 0xB5, 0x22, 0x29, 0xE8, 0x49, 0xE9,
    0x9F, 0xCD, 0xF4, 0xC5, 0x89, 0xF3, 0xE7, 0xD5, 0xE8, 0x85, 0x2E, 0x39, 0x76, 0x0B, 0x39, 0xF4,
    0xAE, 0x59, 0x48, 0xC4, 0x07, 0xD5, 0xCA, 0x41, 0xE0, 0xAB, 0x9F, 0x43, 0x6F, 0x74, 0xEE, 0x05,
    0x8B, 0x12, 0xF4, 0xEF, 0x08, 0x33, 0x73, 0x66, 0x2E, 0x4E, 0x67, 0x79, 0xC9, 0xEC, 0xEE, 0xC1,
    0x19, 0xC5, 0x5C, 0x92, 0x62, 0xCC, 0x73, 0x59, 0x98, 0x85, 0x66, 0xFE, 0x5E, 0xE8, 0x1D, 0x46,
    0x6B, 0x2A, 0x5A, 0xBA, 0x5C, 0x04, 0xE5, 0x3F, 0x5D, 0x8F, 0xB1, 0x4E, 0xC3, 0x30, 0x10, 0x86,
    0xFF, 0xD6, 0x85, 0xA0, 0x64, 0xF0, 0x08, 0x2C, 0x35, 0x43, 0x87, 0x0E, 0xA8, 0x7E, 0x81, 0x36,
    0xE7, 0x8D, 0x81, 0x37, 0x61, 0x61, 0xC9, 0x18, 0x64, 0x4B, 0x3C, 0x00, 0xEF, 0xD1, 0x85, 0x35,
    0x43, 0xA4, 0x78, 0x67, 0xE1, 0x11, 0xF2, 0x08, 0x16, 0xAA, 0x84, 0x91, 0xD2, 0x9A, 0x6B, 0xCA,
    0x00, 0x9C, 0x4E, 0xBF, 0xBE, 0xFB, 0x7D, 0xF6, 0x9D, 0x1F, 0xFB, 0x14, 0xBA, 0xF0, 0xB0, 0x45,
    0x4A, 0xBE, 0x4B, 0xE6, 0x17, 0x6C, 0x8F, 0x98, 0x92, 0xE9, 0x58, 0xF0, 0xAF, 0xCC, 0x41, 0xA8,
    0xD1, 0x19, 0x32, 0xD7, 0x58, 0xC1, 0x1A, 0xED, 0xA4, 0x21, 0x2C, 0x31, 0x83, 0x85, 0x75, 0x85,
    0xD3, 0x58, 0x23, 0xCF, 0x50, 0x6A, 0xD3, 0xAC, 0x91, 0xAC, 0xEB, 0xC8, 0x5F, 0xE5, 0x58, 0xCD,
    0x61, 0xAD, 0xD7, 0xAF, 0x5E, 0xDE, 0x79, 0xD2, 0x58, 0x5E, 0x60, 0x76, 0x06, 0xB2, 0xCE, 0x76,
    0xBE, 0x78, 0xF6, 0x5A, 0x99, 0xDB, 0x39, 0x38, 0x26, 0x01, 0xD3, 0x80, 0xCB, 0x2F, 0x50, 0xF2,
    0x3A, 0x99, 0xE9, 0x58, 0x9E, 0x92, 0x8F, 0x8E, 0x61, 0x44, 0x2F, 0x02, 0xED, 0xE9, 0x90, 0xED,
    0x46, 0x0D, 0x22, 0x88, 0x7E, 0xFA, 0x3E, 0x81, 0xEA, 0x69, 0x67, 0x23, 0x45, 0x0A, 0xE7, 0xAE,
    0x69, 0x9A, 0x61, 0x18, 0xDA, 0x36, 0x66, 0x3D, 0x1C, 0xA0, 0xA3, 0xE8, 0x81, 0x4D, 0x5D, 0x78,
    0xA0, 0xDE, 0x48, 0x76, 0xEA, 0x92, 0x70, 0xE4, 0x96, 0x95, 0x86, 0xC8, 0x2A, 0x3F, 0x3F, 0xA2,
    0xD8, 0x4D, 0xEE, 0xDF, 0x0E, 0x72, 0x0F, 0xF9, 0xA2, 0xB4, 0x06, 0x69, 0xF9, 0x24, 0xD1, 0x8E,
    0x1A, 0x95, 0x2C, 0x95, 0x08, 0x32, 0xA9, 0xBD, 0xF0, 0x62, 0xC8, 0xE2, 0x69, 0x99, 0xEB, 0x1C,
    0xA5, 0xC2, 0x86, 0xFF, 0xBC, 0xE2, 0xD7, 0x50, 0xAD, 0x71, 0xB3, 0x80, 0x70, 0x85, 0x57, 0xA6,
    0x44, 0x8B, 0x12, 0xDA, 0x48, 0x2F, 0x7C, 0xC5, 0x4C, 0x50, 0xEC, 0x4B, 0x47, 0xCC, 0x15, 0xDF,
    0x5D, 0x80, 0x01, 0x3B, 0x88, 0x00, 0xDE, 0x4B, 0x1A, 0x6E, 0xF8, 0x63, 0xB8, 0x1F, 0xA3, 0x1A,
    0x27, 0x7D, 0x03, 0xBD, 0x8E, 0xB1, 0x0D, 0xC2, 0x30, 0x10, 0x45, 0xCF, 0x98, 0x88, 0xC2, 0x85,
    0x0B, 0x06, 0xA0, 0x87, 0x22, 0x0B, 0xC4, 0xB9, 0x0C, 0x45, 0x41, 0x61, 0x61, 0x8F, 0x82, 0xC4,
    0x0A, 0x14, 0x41, 0x41, 0xB2, 0x47, 0xB8, 0x11, 0x3C, 0xC2, 0x15, 0x14, 0x16, 0x04, 0x19, 0x0B,
    0xD1, 0xD1, 0xA3, 0xDF, 0xFD, 0x2F, 0xFD, 0xF7, 0x54, 0x6A, 0x67, 0xD3, 0xD9, 0xDE, 0xF6, 0x9D,
    0xC1, 0x59, 0x33, 0x00, 0x5C, 0x44, 0x5E, 0x65, 0x3D, 0xE2, 0x0B, 0x4B, 0x33, 0xC2, 0x1E, 0x29,
    0xA4, 0x2B, 0x14, 0x9A, 0x58, 0xF0, 0x33, 0x85, 0x08, 0xA0, 0xB8, 0x65, 0x03, 0x8E, 0x8F, 0xD9,
    0x5A, 0x93, 0x37, 0x2C, 0x60, 0x7B, 0xC2, 0x0C, 0x75, 0x97, 0x24, 0xA3, 0x1A, 0x74, 0x3D, 0x69,
    0x7D, 0x48, 0x77, 0x76, 0xE4, 0x12, 0xF3, 0x83, 0x91, 0x1A, 0xD0, 0x84, 0x6C, 0x0F, 0xF6, 0x86,
    0x73, 0x93, 0x77, 0x9F, 0x46, 0xFD, 0xB0, 0x17, 0xBE, 0x8D, 0x18, 0xD7, 0x51, 0x7E, 0x83, 0xBE,
    0xD0, 0x39, 0x49, 0xD2, 0x11, 0xAB, 0x41, 0xA9, 0xF4, 0x10, 0xF5, 0x80, 0xDE, 0x91, 0x48, 0x13,
    0x05, 0xBF, 0xFC, 0xA3, 0xED, 0x1B, 0x7D, 0x53, 0x3D, 0x6F, 0xD4, 0x40, 0x10, 0x7D, 0x67, 0x2B,
    0x67, 0xC1, 0x16, 0xA6, 0x44, 0x0A, 0x92, 0x9B, 0x14, 0x51, 0x28, 0xF6, 0x0F, 0x10, 0xAF, 0x7B,
    0x7E, 0x00, 0x25, 0x14, 0xF4, 0x69, 0x28, 0x90, 0x38, 0xC5, 0x8B, 0x22, 0x68, 0x28, 0x42, 0x4F,
    0x41, 0x0A, 0x1A, 0xAE, 0x09, 0x25, 0x8A, 0x2E, 0x78, 0x25, 0x0A, 0x0A, 0x8A, 0xB8, 0x81, 0x86,
    0xE2, 0x8C, 0xA0, 0xBA, 0x14, 0x67, 0x21, 0x17, 0x26, 0xE7, 0xF3, 0xF0, 0xF6, 0x2E, 0x48, 0xA4,
    0x41, 0x9A, 0x37, 0xBB, 0xDE, 0x9D, 0xAF, 0x7D, 0x33, 0x06, 0xB6, 0x01, 0x8C, 0xDE, 0x61, 0x73,
    0x59, 0x43, 0xA4, 0x8E, 0x44, 0xCA, 0x78, 0x71, 0xE6, 0xF4, 0xE1, 0x61, 0x66, 0x12, 0x0D, 0x93,
    0xEE, 0x22, 0x1D, 0x4D, 0x90, 0xB6, 0x0D, 0xCC, 0xAF, 0x1A, 0xE6, 0x47, 0x89, 0xE4, 0x9B, 0x43,
    0x2C, 0xC7, 0x48, 0x44, 0xAC, 0xC9, 0x7B, 0xEC, 0x4E, 0x32, 0x8C, 0x1A, 0x86, 0x79, 0x00, 0x04,
    0xE3, 0xB7, 0x4A, 0x44, 0x49, 0xAF, 0x1C, 0x2E, 0x65, 0xF6, 0x46, 0x49, 0xA7, 0xA4, 0xE5, 0x5E,
    0x33, 0x48, 0x07, 0xDD, 0xFA, 0xF3, 0xD0, 0x01, 0xB9, 0x45, 0x28, 0x0D, 0xD4, 0xA2, 0x43, 0xEC,
    0x1E, 0x21, 0xB6, 0x58, 0xC1, 0x88, 0x45, 0x2E, 0x0E, 0xB7, 0x2F, 0x80, 0x82, 0xAB, 0x47, 0x58,
    0x81, 0x8E, 0x43, 0xD6, 0x28, 0xF6, 0xA4, 0x90, 0x0C, 0x78, 0x88, 0xC0, 0x62, 0x0B, 0xAA, 0xC2,
    0x04, 0xAA, 0xF1, 0xAA, 0xF3, 0x4A, 0x56, 0xCA, 0x4E, 0xA0, 0xE7, 0xB3, 0x3E, 0x2B, 0x68, 0xEF,
    0xCC, 0x79, 0x2F, 0x56, 0xB9, 0x82, 0x17, 0x8E, 0xF9, 0x95, 0x8B, 0xBD, 0x8A, 0xBC, 0x0A, 0x3A,
    0x44, 0x16, 0xEF, 0x59, 0xF7, 0x11, 0xBD, 0x96, 0x84, 0xF0, 0x54, 0xDB, 0x5C, 0xA4, 0xF5, 0x48,
    0xBE, 0xEC, 0x95, 0x6A, 0x56, 0x5C, 0xDE, 0x35, 0xBE, 0xF0, 0x2B, 0x88, 0x88, 0x2D, 0x3E, 0x7D,
    0x7B, 0x42, 0x75, 0x7A, 0x4A, 0xD5, 0x19, 0x52, 0x4A, 0x75, 0x1A, 0xB4, 0x3A, 0x93, 0xB0, 0x36,
    0x5F, 0xE5, 0x5E, 0xEB, 0xCB, 0xE8, 0xCC, 0xF9, 0x7C, 0xDA, 0x86, 0x8B, 0x4F, 0x53, 0x17, 0xCA,
    0x81, 0xD8, 0x40, 0x02, 0x01, 0x7A, 0x50, 0x75, 0xF8, 0x00, 0x3C, 0xC6, 0x1D, 0x60, 0x48, 0x06,
    0x32, 0x14, 0x15, 0xA4, 0x0E, 0x5E, 0xDB, 0x84, 0x04, 0x17, 0x36, 0x8D, 0xBD, 0x70, 0x93, 0x48,
    0x36, 0x7C, 0xC6, 0x14, 0x24, 0xC8, 0x51, 0x30, 0x38, 0x01, 0x9B, 0x50, 0x92, 0x9F, 0x72, 0xB0,
    0x1C, 0xD8, 0xB0, 0xF1, 0x37, 0x15, 0x51, 0x63, 0x73, 0x96, 0x71, 0x2D, 0xD7, 0xFB, 0x0B, 0x8B,
    0xA0, 0xA5, 0x9B, 0xBC, 0x72, 0x2B, 0x03, 0xD2, 0x03, 0xDC, 0xF0, 0xF4, 0x1D, 0x29, 0x17, 0xD6,
    0xE4, 0xA3, 0x22, 0x31, 0x64, 0xA8, 0x87, 0xFA, 0xC8, 0x16, 0x4D, 0xA5, 0xE2, 0xDB, 0x6B, 0x2D,
    0x52, 0xA9, 0x86, 0xEF, 0x2E, 0x0B, 0x4F, 0x9C, 0x5B, 0xDB, 0x85, 0x75, 0xE8, 0x06, 0xD5, 0xBF,
    0x7C, 0xE5, 0xB3, 0xA2, 0xCE, 0x67, 0xC7, 0xB5, 0x21, 0xBC, 0x1F, 0xF9, 0xCA, 0xFE, 0xC7, 0x17,
    0x22, 0xAC, 0xFB, 0x9C, 0xFC, 0x66, 0x4D, 0x62, 0x43, 0x22, 0x96, 0xA7, 0xD0, 0x67, 0x16, 0x26,
    0x5E, 0x23, 0x8D, 0xA5, 0x34, 0xB1, 0x54, 0x1E, 0xFA, 0xF0, 0xA0, 0x8A, 0xA7, 0x07, 0x95, 0x92,
    0x79, 0x15, 0x70, 0x3E, 0xA1, 0x7B, 0xFA, 0xBB, 0x75, 0x8C, 0xA1, 0x8F, 0x97, 0xAD, 0xBF, 0x93,
    0x9F, 0x3E, 0x5E, 0xC6, 0x19, 0xCE, 0x62, 0x79, 0x0E, 0xFD, 0x82, 0xB1, 0xD4, 0x1A, 0xE9, 0x25,
    0x56, 0xDF, 0x77, 0x2D, 0x92, 0xCF, 0x96, 0x33, 0x3C, 0x87, 0xCF, 0x8D, 0xFC, 0x6F, 0x3C, 0x22,
    0x00, 0x76, 0xC6, 0x47, 0x86, 0xDD, 0x92, 0x66, 0x63, 0xAF, 0x34, 0xD2, 0x52, 0x36, 0xEE, 0x97,
    0x3B, 0x45, 0x66, 0x7A, 0x68, 0x59, 0x65, 0xA5, 0x21, 0x25, 0xAA, 0x11, 0xD4, 0x4C, 0x3F, 0xB0,
    0x7E, 0x3A, 0xBD, 0xF8, 0xB7, 0x58, 0xBD, 0x44, 0xF1, 0xDD, 0x3E, 0x91, 0xD2, 0xEF, 0xDB, 0x6B,
    0xA6, 0xD2, 0x51, 0x95, 0x87, 0x8B, 0x65, 0x28, 0x2D, 0x4F, 0xC8, 0x3B, 0x6E, 0xD1, 0x29, 0x25,
    0xF2, 0x0C, 0x11, 0xFB, 0x93, 0x48, 0x07, 0x53, 0xF4, 0xD8, 0x4F, 0x0D, 0x26, 0xA9, 0xBE, 0x8A,
    0x9B, 0x04, 0xAE, 0x62, 0x84, 0xC4, 0x0F, 0x01, 0xAE, 0x8F, 0xAD, 0x96, 0x46, 0x4B, 0xA7, 0xB1,
    0xCF, 0x3F, 0x75, 0x25, 0xFB, 0xC5, 0xB8, 0x13, 0x69, 0x38, 0x11, 0xF9, 0x4B, 0xCE, 0x10, 0x8A,
    0x9A, 0x0E, 0xDE, 0xFE, 0x0F, 0x9D, 0x52, 0x31, 0x8E, 0xD4, 0x40, 0x10, 0xAC, 0xF5, 0x00, 0x16,
    0x58, 0x62, 0x4E, 0x82, 0x93, 0xC8, 0x26, 0x5F, 0x82, 0x49, 0x08, 0xEF, 0xDC, 0x23, 0xF1, 0x81,
    0x4D, 0xC8, 0x09, 0x78, 0xC6, 0xA1, 0xF5, 0x13, 0xF8, 0xC1, 0x25, 0x17, 0x6D, 0xC4, 0x03, 0x40,
    0x9E, 0x27, 0x2C, 0x01, 0xB9, 0x45, 0x48, 0x34, 0x08, 0x0B, 0x39, 0xB0, 0xDD, 0xD4, 0x8C, 0x37,
    0x20, 0xC6, 0x52, 0x59, 0xE3, 0xEE, 0x72, 0x77, 0x75, 0xF5, 0xE0, 0x03, 0xA0, 0x40, 0x1F, 0x51,
    0x27, 0x5C, 0x4F, 0x95, 0xCE, 0x56, 0x17, 0x1F, 0x57, 0x81, 0xB4, 0xF0, 0xB7, 0xF0, 0x2D, 0x44,
    0xD0, 0xBA, 0x6F, 0x73, 0xA3, 0x63, 0xA5, 0x67, 0x3C, 0x42, 0x79, 0xFA, 0xFB, 0x60, 0x54, 0x83,
    0xFD, 0xB9, 0xC2, 0xBF, 0x55, 0x88, 0x55, 0xB4, 0x72, 0x1F, 0x64, 0xF1, 0xF0, 0xA3, 0xC0, 0xFD,
    0x5A, 0x21, 0x3A, 0xA1, 0xD5, 0x01, 0x57, 0xF9, 0x17, 0x43, 0xD8, 0xB8, 0xC1, 0x27, 0xA0, 0x25,
    0xBE, 0x4C, 0xC0, 0x78, 0x87, 0x2A, 0xB5, 0x30, 0x83, 0x47, 0x1D, 0x6D, 0xB0, 0x5D, 0x13, 0x2D,
    0xCC, 0xD9, 0xC3, 0x24, 0x51, 0x2D, 0xD8, 0x9F, 0x4E, 0x0F, 0xBD, 0xEA, 0x7C, 0x54, 0x9D, 0xEA,
    0xC1, 0x75, 0xFF, 0x0B, 0x73, 0xB6, 0x21, 0x4B, 0xF7, 0xB9, 0x6C, 0x92, 0x90, 0xB5, 0x18, 0xCA,
    0x98, 0xA9, 0x06, 0x90, 0x7C, 0xE0, 0x27, 0x83, 0x4C, 0x49, 0xE1, 0x90, 0xCC, 0x9E, 0x6C, 0x7D,
    0xFD, 0xEE, 0x00, 0xBC, 0x02, 0x6E, 0x28, 0x9A, 0x9A, 0x29, 0x99, 0x1A, 0xD1, 0x44, 0xB0, 0xA2,
    0x07, 0x6E, 0x4B, 0x78, 0x2A, 0xE1, 0xA1, 0x84, 0xBB, 0x1C, 0x66, 0xD5, 0x3B, 0xE0, 0x0D, 0xF0,
    0x72, 0x59, 0x99, 0x47, 0xC5, 0xF6, 0x75, 0xF6, 0xA0, 0x23, 0xB2, 0x10, 0xE4, 0x5F, 0x9F, 0x91,
    0xD4, 0x77, 0x13, 0x34, 0x26, 0xBC, 0xF8, 0x91, 0xB0, 0xFB, 0x7D, 0x66, 0x5B, 0xD2, 0x8E, 0x5D,
    0x51, 0x85, 0xE7, 0x9B, 0xE3, 0x68, 0x26, 0x43, 0xB3, 0xD5, 0x6A, 0x68, 0xAD, 0x36, 0xF1, 0xC6,
    0xCC, 0x66, 0x7B, 0x89, 0x53, 0x1B, 0x5D, 0x4E, 0x34, 0x53, 0xB5, 0x5C, 0xD8, 0xE0, 0xC1, 0x70,
    0xB3, 0x56, 0x37, 0xD3, 0x5D, 0xD8, 0x1A, 0x66, 0xC8, 0x05, 0x14, 0x88, 0x8F, 0x28, 0xE2, 0x0B,
    0xE6, 0x0D, 0x3B, 0xEE, 0xE5, 0xF5, 0xC8, 0x1D, 0xA7, 0x72, 0x31, 0xF0, 0x78, 0x2B, 0x28, 0x5D,
    0xD2, 0x35, 0xFD, 0xD1, 0xF4, 0xD9, 0xC5, 0x3D, 0x3E, 0xE9, 0x98, 0xB8, 0x9C, 0x74, 0x1C, 0xAE,
    0x76, 0x21, 0x8F, 0x56, 0xE7, 0xB1, 0x2F, 0x76, 0x7D, 0x3D, 0xD0, 0xA4, 0xED, 0xEC, 0xBE, 0x1F,
    0x38, 0xEB, 0xD3, 0x5C, 0xE0, 0x3D, 0x1C, 0xAF, 0xD0, 0x20, 0x0B, 0xFA, 0x81, 0x83, 0x04, 0xF4,
    0x23, 0x9E, 0xB0, 0x0F, 0x8E, 0x85, 0xB9, 0x3F, 0x3D, 0xD0, 0x62, 0x29, 0xA9, 0x5D, 0x3F, 0xC1,
    0xCD, 0x24, 0xFB, 0x85, 0x7D, 0xF1, 0x2F, 0xE7, 0x2F, 0x63, 0x90, 0x64, 0x60, 0x60, 0xF8, 0x7F,
    0xFA, 0x00, 0xF3, 0xFF, 0xF3, 0x07, 0x98, 0x1F, 0xB0, 0x39, 0x30, 0x3F, 0x60, 0x60, 0xB0, 0xFF,
    0xEF, 0xDD, 0x50, 0xFF, 0xBF, 0xFF, 0x80, 0xF4, 0x57, 0x7E, 0xA0, 0x18, 0x1E, 0x7C, 0x80, 0xBB,
    0x81, 0x41, 0x92, 0xD1, 0x81, 0xE1, 0xFF, 0x71, 0xA0, 0x7E, 0x20, 0x7E, 0xC0, 0x0E, 0xC6, 0xF6,
    0xFF, 0xDD, 0x0F, 0xD4, 0xFF, 0x6F, 0x07, 0xEA, 0x67, 0x87, 0x8B, 0x61, 0xC5, 0x40, 0x08, 0x00,
};

static const EpdGlyph quicksand_10_bolditalicGlyphs[] = {
    { 0, 0, 93, 0, 0, 0, 0 }, // U+000D
    { 0, 0, 93, 0, 0, 0, 0 }, // U+0020
    { 4, 15, 89, 1, 15, 15, 0 }, // !
    { 9, 7, 143, 0, 15, 16, 15 }, // "
    { 14, 15, 231, 0, 15, 53, 31 }, // #
    { 12, 20, 199, 0, 17, 60, 84 }, // $
    { 17, 16, 272, 0, 15, 68, 144 }, // %
    { 15, 16, 236, 0, 15, 60, 212 }, // &
    { 4, 7, 71, 0, 15, 7, 272 }, // '
    { 8, 19, 119, 0, 15, 38, 279 }, // (
    { 7, 19, 119, 0, 15, 34, 317 }, // )
    { 7, 8, 121, 0, 15, 14, 351 }, // *
    { 12, 12, 193, 0, 13, 36, 365 }, // +
    { 5, 6, 92, 0, 3, 8, 401 }, // ,
    { 7, 3, 132, 1, 8, 6, 409 }, // -
    { 3, 3, 83, 1, 3, 3, 415 }, // .
    { 12, 20, 189, 0, 17, 60, 418 }, // /
    { 12, 16, 205, 0, 15, 48, 478 }, // 0
    { 7, 15, 130, 0, 15, 27, 526 }, // 1
    { 10, 15, 190, 1, 15, 38, 553 }, // 2
    { 11, 16, 179, 0, 15, 44, 591 }, // 3
    { 12, 15, 196, 0, 15, 45, 635 }, // 4
    { 10, 16, 192, 1, 15, 40, 680 }, // 5
    { 10, 16, 184, 1, 15, 40, 720 }, // 6
    { 10, 16, 183, 1, 15, 40, 760 }, // 7
    { 11, 15, 183, 0, 15, 42, 800 }, // 8
    { 10, 16, 189, 1, 15, 40, 842 }, // 9
    { 4, 11, 91, 1, 11, 11, 882 }, // :
    { 5, 14, 98, 1, 11, 18, 893 }, // ;
    { 10, 12, 175, 0, 13, 30, 911 }, // <
    { 11, 8, 206, 1, 11, 22, 941 }, // =
    { 10, 12, 175, 1, 13, 30, 963 }, // >
    { 11, 16, 176, 0, 16, 44, 993 }, // ?
    { 20, 19, 321, 0, 15, 95, 1037 }, // @
    { 14, 16, 213, 0, 15, 56, 1132 }, // A
    { 12, 15, 218, 1, 15, 45, 1188 }, // B
    { 13, 16, 209, 0, 15, 52, 1233 }, // C
    { 14, 15, 238, 1, 15, 53, 1285 }, // D
    { 11, 15, 191, 1, 15, 42, 1338 }, // E
    { 10, 15, 187, 1, 15, 38, 1380 }, // F
    { 14, 16, 232, 0, 15, 56, 1418 }, // G
    { 13, 15, 240, 1, 15, 49, 1474 }, // H
    { 4, 15, 92, 1, 15, 15, 1523 }, // I
    { 10, 16, 184, 0, 15, 40, 1538 }, // J
    { 13, 15, 218, 1, 15, 49, 1578 }, // K
    { 10, 15, 187, 1, 15, 38, 1627 }, // L
    { 15, 15, 273, 1, 15, 57, 1665 }, // M
    { 13, 15, 245, 1, 15, 49, 1722 }, // N
    { 15, 16, 253, 0, 15, 60, 1771 }, // O
    { 11, 15, 201, 1, 15, 42, 1831 }, // P
    { 17, 20, 252, 0, 15, 85, 1873 }, // Q
    { 13, 16, 229, 1, 15, 52, 1958 }, // R
    { 12, 16, 199, 0, 15, 48, 2010 }, // S
    { 13, 15, 209, 0, 15, 49, 2058 }, // T
    { 13, 16, 235, 1, 15, 52, 2107 }, // U
    { 14, 15, 226, 0, 15, 53, 2159 }, // V
    { 20, 15, 314, 0, 15, 75, 2212 }, // W
    { 13, 16, 218, 0, 15, 52, 2287 }, // X
    { 13, 15, 199, 0, 15, 49, 2339 }, // Y
    { 13, 15, 216, 0, 15, 49, 2388 }, // Z
    { 8, 19, 136, 1, 15, 38, 2437 }, // [
    { 12, 20, 189, 0, 17, 60, 2475 }, // <backslash>
    { 7, 19, 136, 0, 15, 34, 2535 }, // ]
    { 11, 9, 206, 1, 15, 25, 2569 }, // ^
    { 13, 3, 235, 1, -1, 10, 2594 }, // _
    { 5, 5, 86, 0, 16, 7, 2604 }, // `
    { 12, 13, 209, 0, 12, 39, 2611 }, // a
    { 12, 17, 209, 1, 16, 51, 2650 }, // b
    { 11, 13, 173, 0, 12, 36, 2701 }, // c
    { 12, 17, 209, 0, 16, 51, 2737 }, // d
    { 12, 13, 197, 0, 12, 39, 2788 }, // e
    { 9, 16, 146, 0, 16, 36, 2827 }, // f
    { 12, 17, 213, 0, 12, 51, 2863 }, // g
    { 10, 16, 195, 1, 16, 40, 2914 }, // h
    { 3, 15, 79, 1, 15, 12, 2954 }, // i
    { 6, 20, 92, -1, 15, 30, 2966 }, // j
    { 11, 16, 190, 1, 16, 44, 2996 }, // k
    { 4, 16, 90, 1, 16, 16, 3040 }, // l
    { 17, 12, 307, 1, 12, 51, 3056 }, // m
    { 11, 12, 199, 1, 12, 33, 3107 }, // n
    { 13, 13, 208, 0, 12, 43, 3140 }, // o
    { 12, 17, 209, 1, 12, 51, 3183 }, // p
    { 12, 17, 209, 0, 12, 51, 3234 }, // q
    { 8, 12, 145, 1, 12, 24, 3285 }, // r
    { 10, 13, 161, 0, 12, 33, 3309 }, // s
    { 8, 14, 136, 0, 14, 28, 3342 }, // t
    { 10, 13, 196, 1, 12, 33, 3370 }, // u
    { 12, 13, 187, 0, 12, 39, 3403 }, // v
    { 16, 13, 256, 0, 12, 52, 3442 }, // w
    { 10, 13, 162, 0, 12, 33, 3494 }, // x
    { 10, 17, 196, 1, 12, 43, 3527 }, // y
    { 10, 11, 161, 0, 11, 28, 3570 }, // z
    { 9, 20, 134, 0, 15, 45, 3598 }, // {
    { 3, 20, 83, 1, 17, 15, 3643 }, // |
    { 9, 20, 134, 0, 15, 45, 3658 }, // }
    { 10, 5, 180, 1, 9, 13, 3703 }, // ~
    { 0, 0, 93, 0, 0, 0, 0 }, // U+00A0
    { 4, 16, 89, 1, 12, 16, 0 }, // U+00A1
    { 11, 15, 172, 0, 15, 42, 16 }, // U+00A2
    { 13, 16, 208, 0, 15, 52, 58 }, // U+00A3
    { 10, 11, 193, 1, 12, 28, 110 }, // U+00A4
    { 13, 15, 199, 0, 15, 49, 138 }, // U+00A5
    { 3, 20, 86, 1, 17, 15, 187 }, // U+00A6
    { 12, 18, 186, 0, 15, 54, 202 }, // U+00A7
    { 7, 3, 141, 1, 15, 6, 256 }, // U+00A8
    { 16, 16, 260, 0, 15, 64, 262 }, // U+00A9
    { 7, 8, 118, 0, 16, 14, 326 }, // U+00AA
    { 10, 9, 162, 0, 10, 23, 340 }, // U+00AB
    { 13, 7, 227, 1, 9, 23, 363 }, // U+00AC
    { 7, 3, 132, 1, 8, 6, 386 }, // U+00AD
    { 10, 10, 163, 0, 15, 25, 392 }, // U+00AE
    { 8, 3, 147, 1, 15, 6, 417 }, // U+00AF
    { 8, 7, 131, 0, 15, 14, 423 }, // U+00B0
    { 12, 13, 193, 0, 14, 39, 437 }, // U+00B1
    { 6, 8, 121, 1, 16, 12, 476 }, // U+00B2
    { 6, 9, 118, 1, 16, 14, 488 }, // U+00B3
    { 4, 5, 87, 1, 17, 5, 502 }, // U+00B4
    { 11, 15, 202, 1, 11, 42, 507 }, // U+00B5
    { 12, 17, 211, 0, 15, 51, 549 }, // U+00B6
    { 4, 4, 74, 0, 8, 4, 600 }, // U+00B7
    { 4, 5, 87, 1, 1, 5, 604 }, // U+00B8
    { 5, 8, 107, 0, 16, 10, 609 }, // U+00B9
    { 7, 7, 117, 0, 15, 13, 619 }, // U+00BA
    { 11, 9, 166, 0, 10, 25, 632 }, // U+00BB
    { 17, 16, 276, 0, 15, 68, 657 }, // U+00BC
    { 17, 16, 281, 0, 15, 68, 725 }, // U+00BD
    { 16, 16, 281, 1, 15, 64, 793 }, // U+00BE
    { 11, 16, 176, 0, 11, 44, 857 }, // U+00BF
    { 14, 20, 213, 0, 19, 70, 901 }, // U+00C0
    { 14, 20, 213, 0, 19, 70, 971 }, // U+00C1
    { 14, 20, 213, 0, 19, 70, 1041 }, // U+00C2
    { 14, 20, 213, 0, 19, 70, 1111 }, // U+00C3
    { 14, 20, 213, 0, 19, 70, 1181 }, // U+00C4
    { 14, 19, 214, 0, 18, 67, 1251 }, // U+00C5
    { 18, 16, 295, 0, 15, 72, 1318 }, // U+00C6
    { 13, 19, 209, 0, 15, 62, 1390 }, // U+00C7
    { 11, 19, 191, 1, 19, 53, 1452 }, // U+00C8
    { 11, 19, 191, 1, 19, 53, 1505 }, // U+00C9
    { 11, 19, 191, 1, 19, 53, 1558 }, // U+00CA
    { 11, 19, 191, 1, 19, 53, 1611 }, // U+00CB
    { 6, 19, 92, -1, 19, 29, 1664 }, // U+00CC
    { 6, 19, 92, 1, 19, 29, 1693 }, // U+00CD
    { 7, 19, 92, -1, 19, 34, 1722 }, // U+00CE
    { 8, 19, 92, -1, 19, 38, 1756 }, // U+00CF
    { 16, 15, 238, -1, 15, 60, 1794 }, // U+00D0
    { 13, 19, 245, 1, 19, 62, 1854 }, // U+00D1
    { 15, 20, 253, 0, 19, 75, 1916 }, // U+00D2
    { 15, 20, 253, 0, 19, 75, 1991 }, // U+00D3
    { 15, 20, 253, 0, 19, 75, 2066 }, // U+00D4
    { 15, 20, 253, 0, 19, 75, 2141 }, // U+00D5
    { 15, 20, 253, 0, 19, 75, 2216 }, // U+00D6
    { 9, 9, 167, 1, 11, 21, 2291 }, // U+00D7
    { 15, 17, 246, 0, 16, 64, 2312 }, // U+00D8
    { 13, 20, 235, 1, 19, 65, 2376 }, // U+00D9
    { 13, 20, 235, 1, 19, 65, 2441 }, // U+00DA
    { 13, 20, 235, 1, 19, 65, 2506 }, // U+00DB
    { 13, 20, 235, 1, 19, 65, 2571 }, // U+00DC
    { 13, 19, 199, 0, 19, 62, 2636 }, // U+00DD
    { 11, 16, 201, 1, 16, 44, 2698 }, // U+00DE
    { 14, 17, 222, 0, 16, 60, 2742 }, // U+00DF
    { 12, 17, 209, 0, 16, 51, 2802 }, // U+00E0
    { 12, 17, 209, 0, 16, 51, 2853 }, // U+00E1
    { 12, 17, 209, 0, 16, 51, 2904 }, // U+00E2
    { 12, 17, 209, 0, 16, 51, 2955 }, // U+00E3
    { 12, 16, 209, 0, 15, 48, 3006 }, // U+00E4
    { 12, 18, 209, 0, 17, 54, 3054 }, // U+00E5
    { 19, 13, 309, 0, 12, 62, 3108 }, // U+00E6
    { 11, 16, 173, 0, 12, 44, 3170 }, // U+00E7
    { 12, 17, 197, 0, 16, 51, 3214 }, // U+00E8
    { 12, 17, 197, 0, 16, 51, 3265 }, // U+00E9
    { 12, 17, 197, 0, 16, 51, 3316 }, // U+00EA
    { 12, 16, 197, 0, 15, 48, 3367 }, // U+00EB
    { 5, 16, 79, -1, 16, 20, 3415 }, // U+00EC
    { 5, 16, 79, 1, 16, 20, 3435 }, // U+00ED
    { 7, 16, 79, -1, 16, 28, 3455 }, // U+00EE
    { 7, 15, 79, -1, 15, 27, 3483 }, // U+00EF
    { 12, 17, 195, 0, 16, 51, 3510 }, // U+00F0
    { 11, 16, 199, 1, 16, 44, 3561 }, // U+00F1
    { 13, 17, 208, 0, 16, 56, 3605 }, // U+00F2
    { 13, 17, 208, 0, 16, 56, 3661 }, // U+00F3
    { 13, 17, 208, 0, 16, 56, 3717 }, // U+00F4
    { 13, 17, 208, 0, 16, 56, 3773 }, // U+00F5
    { 13, 16, 208, 0, 15, 52, 3829 }, // U+00F6
    { 11, 12, 206, 1, 13, 33, 3881 }, // U+00F7
    { 13, 13, 208, 0, 12, 43, 3914 }, // U+00F8
    { 10, 17, 196, 1, 16, 43, 3957 }, // U+00F9
    { 10, 17, 196, 1, 16, 43, 4000 }, // U+00FA
    { 10, 17, 196, 1, 16, 43, 4043 }, // U+00FB
    { 10, 16, 196, 1, 15, 40, 4086 }, // U+00FC
    { 10, 21, 196, 1, 16, 53, 4126 }, // U+00FD
    { 12, 21, 209, 1, 16, 63, 4179 }, // U+00FE
    { 10, 20, 196, 1, 15, 50, 4242 }, // U+00FF
    { 14, 19, 213, 0, 18, 67, 0 }, // U+0100
    { 12, 16, 209, 0, 15, 48, 67 }, // U+0101
    { 14, 21, 213, 0, 20, 74, 115 }, // U+0102
    { 12, 16, 209, 0, 15, 48, 189 }, // U+0103
    { 14, 20, 214, 0, 15, 70, 237 }, // U+0104
    { 12, 17, 209, 0, 12, 51, 307 }, // U+0105
    { 13, 20, 209, 0, 19, 65, 358 }, // U+0106
    { 11, 17, 173, 0, 16, 47, 423 }, // U+0107
    { 13, 20, 209, 0, 19, 65, 470 }, // U+0108
    { 11, 17, 173, 0, 16, 47, 535 }, // U+0109
    { 13, 19, 209, 0, 18, 62, 582 }, // U+010A
    { 11, 16, 173, 0, 15, 44, 644 }, // U+010B
    { 13, 20, 209, 0, 19, 65, 688 }, // U+010C
    { 11, 17, 173, 0, 16, 47, 753 }, // U+010D
    { 14, 19, 238, 1, 19, 67, 800 }, // U+010E
    { 17, 17, 236, 0, 16, 73, 867 }, // U+010F
    { 16, 15, 238, -1, 15, 60, 940 }, // U+0110
    { 14, 17, 209, 0, 16, 60, 1000 }, // U+0111
    { 11, 18, 191, 1, 18, 50, 1060 }, // U+0112
    { 12, 16, 197, 0, 15, 48, 1110 }, // U+0113
    { 11, 20, 191, 1, 20, 55, 1158 }, // U+0114
    { 12, 16, 197, 0, 15, 48, 1213 }, // U+0115
    { 11, 18, 191, 1, 18, 50, 1261 }, // U+0116
    { 12, 16, 197, 0, 15, 48, 1311 }, // U+0117
    { 11, 20, 191, 1, 15, 55, 1359 }, // U+0118
    { 12, 17, 197, 0, 12, 51, 1414 }, // U+0119
    { 11, 19, 191, 1, 19, 53, 1465 }, // U+011A
    { 12, 17, 197, 0, 16, 51, 1518 }, // U+011B
    { 14, 20, 232, 0, 19, 70, 1569 }, // U+011C
    { 12, 21, 213, 0, 16, 63, 1639 }, // U+011D
    { 14, 21, 232, 0, 20, 74, 1702 }, // U+011E
    { 12, 20, 213, 0, 15, 60, 1776 }, // U+011F
    { 14, 19, 232, 0, 18, 67, 1836 }, // U+0120
    { 12, 20, 213, 0, 15, 60, 1903 }, // U+0121
    { 14, 20, 232, 0, 15, 70, 1963 }, // U+0122
    { 12, 23, 213, 0, 18, 69, 2033 }, // U+0123
    { 13, 19, 240, 1, 19, 62, 2102 }, // U+0124
    { 12, 20, 195, -1, 20, 60, 2164 }, // U+0125
    { 16, 15, 268, 0, 15, 60, 2224 }, // U+0126
    { 12, 16, 195, -1, 16, 48, 2284 }, // U+0127
    { 9, 19, 92, -2, 19, 43, 2332 }, // U+0128
    { 9, 16, 79, -2, 16, 36, 2375 }, // U+0129
    { 8, 18, 92, -1, 18, 36, 2411 }, // U+012A
    { 9, 15, 79, -2, 15, 34, 2447 }, // U+012B
    { 8, 20, 92, -1, 20, 40, 2481 }, // U+012C
    { 8, 15, 79, -2, 15, 30, 2521 }, // U+012D
    { 6, 20, 93, -1, 15, 30, 2551 }, // U+012E
    { 6, 20, 79, -1, 15, 30, 2581 }, // U+012F
    { 4, 18, 92, 1, 18, 18, 2611 }, // U+0130
    { 3, 12, 79, 1, 12, 9, 2629 }, // U+0131
    { 10, 16, 196, 1, 15, 40, 2638 }, // U+0132
    { 8, 20, 160, 1, 15, 40, 2678 }, // U+0133
    { 12, 20, 184, 0, 19, 60, 2718 }, // U+0134
    { 7, 21, 92, -1, 16, 37, 2778 }, // U+0135
    { 13, 20, 218, 1, 15, 65, 2815 }, // U+0136
    { 11, 22, 190, 1, 16, 61, 2880 }, // U+0137
    { 11, 12, 190, 1, 12, 33, 2941 }, // U+0138
    { 10, 19, 187, 1, 19, 48, 2974 }, // U+0139
    { 6, 20, 90, 1, 20, 30, 3022 }, // U+013A
    { 10, 20, 187, 1, 15, 50, 3052 }, // U+013B
    { 5, 22, 90, 0, 16, 28, 3102 }, // U+013C
    { 10, 16, 187, 1, 16, 40, 3130 }, // U+013D
    { 8, 16, 112, 1, 16, 32, 3170 }, // U+013E
    { 10, 15, 181, 1, 15, 38, 3202 }, // U+013F
    { 8, 16, 132, 1, 16, 32, 3240 }, // U+0140
    { 13, 15, 211, 0, 15, 49, 3272 }, // U+0141
    { 8, 16, 90, -1, 16, 32, 3321 }, // U+0142
    { 13, 19, 245, 1, 19, 62, 3353 }, // U+0143
    { 11, 16, 199, 1, 16, 44, 3415 }, // U+0144
    { 13, 20, 245, 1, 15, 65, 3459 }, // U+0145
    { 11, 18, 199, 1, 12, 50, 3524 }, // U+0146
    { 13, 19, 245, 1, 19, 62, 3574 }, // U+0147
    { 11, 16, 199, 1, 16, 44, 3636 }, // U+0148
    { 13, 15, 208, -1, 15, 49, 3680 }, // U+0149
    { 14, 20, 252, 1, 15, 70, 3729 }, // U+014A
    { 11, 17, 199, 1, 12, 47, 3799 }, // U+014B
    { 15, 19, 253, 0, 18, 72, 3846 }, // U+014C
    { 13, 16, 208, 0, 15, 52, 3918 }, // U+014D
    { 15, 21, 253, 0, 20, 79, 3970 }, // U+014E
    { 13, 16, 208, 0, 15, 52, 4049 }, // U+014F
    { 15, 21, 253, 0, 20, 79, 4101 }, // U+0150
    { 13, 17, 208, 0, 16, 56, 4180 }, // U+0151
    { 20, 15, 322, 0, 15, 75, 4236 }, // U+0152
    { 21, 13, 338, 0, 12, 69, 4311 }, // U+0153
    { 13, 20, 229, 1, 19, 65, 4380 }, // U+0154
    { 8, 16, 145, 1, 16, 32, 4445 }, // U+0155
    { 13, 20, 229, 1, 15, 65, 4477 }, // U+0156
    { 9, 18, 145, 0, 12, 41, 4542 }, // U+0157
    { 13, 20, 229, 1, 19, 65, 4583 }, // U+0158
    { 8, 16, 145, 1, 16, 32, 4648 }, // U+0159
    { 12, 20, 199, 0, 19, 60, 4680 }, // U+015A
    { 10, 17, 161, 0, 16, 43, 4740 }, // U+015B
    { 12, 20, 199, 0, 19, 60, 4783 }, // U+015C
    { 10, 17, 161, 0, 16, 43, 4843 }, // U+015D
    { 12, 19, 199, 0, 15, 57, 4886 }, // U+015E
    { 10, 16, 161, 0, 12, 40, 4943 }, // U+015F
    { 12, 20, 199, 0, 19, 60, 4983 }, // U+0160
    { 10, 17, 161, 0, 16, 43, 5043 }, // U+0161
    { 13, 19, 209, 0, 15, 62, 5086 }, // U+0162
    { 8, 18, 136, 0, 14, 36, 5148 }, // U+0163
    { 13, 19, 209, 0, 19, 62, 5184 }, // U+0164
    { 10, 18, 136, 0, 18, 45, 5246 }, // U+0165
    { 13, 15, 209, 0, 15, 49, 5291 }, // U+0166
    { 8, 14, 136, 0, 14, 28, 5340 }, // U+0167
    { 13, 20, 235, 1, 19, 65, 5368 }, // U+0168
    { 10, 17, 196, 1, 16, 43, 5433 }, // U+0169
    { 13, 19, 235, 1, 18, 62, 5476 }, // U+016A
    { 10, 16, 196, 1, 15, 40, 5538 }, // U+016B
    { 13, 21, 235, 1, 20, 69, 5578 }, // U+016C
    { 10, 16, 196, 1, 15, 40, 5647 }, // U+016D
    { 13, 22, 235, 1, 21, 72, 5687 }, // U+016E
    { 10, 18, 196, 1, 17, 45, 5759 }, // U+016F
    { 13, 21, 235, 1, 20, 69, 5804 }, // U+0170
    { 10, 17, 196, 1, 16, 43, 5873 }, // U+0171
    { 13, 20, 235, 1, 15, 65, 5916 }, // U+0172
    { 10, 17, 196, 1, 12, 43, 5981 }, // U+0173
    { 20, 19, 314, 0, 19, 95, 6024 }, // U+0174
    { 16, 17, 256, 0, 16, 68, 6119 }, // U+0175
    { 13, 19, 199, 0, 19, 62, 6187 }, // U+0176
    { 10, 21, 196, 1, 16, 53, 6249 }, // U+0177
    { 13, 19, 199, 0, 19, 62, 6302 }, // U+0178
    { 13, 19, 216, 0, 19, 62, 6364 }, // U+0179
    { 10, 16, 161, 0, 16, 40, 6426 }, // U+017A
    { 13, 18, 216, 0, 18, 59, 6466 }, // U+017B
    { 10, 15, 161, 0, 15, 38, 6525 }, // U+017C
    { 13, 19, 216, 0, 19, 62, 6563 }, // U+017D
    { 10, 16, 161, 0, 16, 40, 6625 }, // U+017E
    { 15, 18, 253, 0, 17, 68, 0 }, // U+01A0
    { 13, 15, 208, 0, 14, 49, 68 }, // U+01A1
    { 15, 18, 235, 1, 17, 68, 117 }, // U+01AF
    { 13, 15, 196, 1, 14, 49, 185 }, // U+01B0
    { 27, 19, 454, 1, 19, 129, 234 }, // U+01C4
    { 24, 16, 400, 1, 16, 96, 363 }, // U+01C5
    { 23, 17, 371, 0, 16, 98, 459 }, // U+01C6
    { 21, 16, 371, 1, 15, 84, 557 }, // U+01C7
    { 15, 20, 279, 1, 15, 75, 641 }, // U+01C8
    { 9, 21, 177, 1, 16, 48, 716 }, // U+01C9
    { 25, 16, 429, 1, 15, 100, 764 }, // U+01CA
    { 19, 20, 337, 1, 15, 95, 864 }, // U+01CB
    { 16, 20, 290, 1, 15, 80, 959 }, // U+01CC
    { 14, 20, 213, 0, 19, 70, 1039 }, // U+01CD
    { 12, 17, 209, 0, 16, 51, 1109 }, // U+01CE
    { 7, 19, 92, -1, 19, 34, 1160 }, // U+01CF
    { 7, 16, 79, -1, 16, 28, 1194 }, // U+01D0
    { 15, 20, 253, 0, 19, 75, 1222 }, // U+01D1
    { 13, 17, 208, 0, 16, 56, 1297 }, // U+01D2
    { 13, 20, 235, 1, 19, 65, 1353 }, // U+01D3
    { 10, 17, 196, 1, 16, 43, 1418 }, // U+01D4
    { 14, 20, 232, 0, 19, 70, 1461 }, // U+01E6
    { 12, 21, 213, 0, 16, 63, 1531 }, // U+01E7
    { 15, 20, 253, 0, 15, 75, 1594 }, // U+01EA
    { 13, 17, 205, 0, 12, 56, 1669 }, // U+01EB
    { 24, 15, 399, 1, 15, 90, 1725 }, // U+01F2
    { 14, 23, 214, 0, 22, 81, 1815 }, // U+01FA
    { 12, 22, 208, 0, 21, 66, 1896 }, // U+01FB
    { 18, 20, 295, 0, 19, 90, 1962 }, // U+01FC
    { 19, 17, 309, 0, 16, 81, 2052 }, // U+01FD
    { 15, 20, 246, 0, 19, 75, 2133 }, // U+01FE
    { 13, 17, 208, 0, 16, 56, 2208 }, // U+01FF
    { 14, 21, 213, 0, 20, 74, 2264 }, // U+0200
    { 12, 17, 209, 0, 16, 51, 2338 }, // U+0201
    { 14, 21, 213, 0, 20, 74, 2389 }, // U+0202
    { 12, 17, 209, 0, 16, 51, 2463 }, // U+0203
    { 12, 20, 191, 0, 20, 60, 2514 }, // U+0204
    { 12, 17, 197, 0, 16, 51, 2574 }, // U+0205
    { 11, 20, 191, 1, 20, 55, 2625 }, // U+0206
    { 12, 17, 197, 0, 16, 51, 2680 }, // U+0207
    { 9, 20, 92, -3, 20, 45, 2731 }, // U+0208
    { 9, 16, 79, -3, 16, 36, 2776 }, // U+0209
    { 8, 20, 92, -1, 20, 40, 2812 }, // U+020A
    { 8, 16, 79, -2, 16, 32, 2852 }, // U+020B
    { 15, 21, 253, 0, 20, 79, 2884 }, // U+020C
    { 13, 17, 208, 0, 16, 56, 2963 }, // U+020D
    { 15, 21, 253, 0, 20, 79, 3019 }, // U+020E
    { 13, 17, 208, 0, 16, 56, 3098 }, // U+020F
    { 13, 21, 229, 1, 20, 69, 3154 }, // U+0210
    { 10, 16, 145, -1, 16, 40, 3223 }, // U+0211
    { 13, 21, 229, 1, 20, 69, 3263 }, // U+0212
    { 8, 16, 145, 1, 16, 32, 3332 }, // U+0213
    { 13, 21, 235, 1, 20, 69, 3364 }, // U+0214
    { 10, 17, 196, 1, 16, 43, 3433 }, // U+0215
    { 13, 21, 235, 1, 20, 69, 3476 }, // U+0216
    { 10, 17, 196, 1, 16, 43, 3545 }, // U+0217
    { 12, 20, 199, 0, 15, 60, 3588 }, // U+0218
    { 10, 18, 161, 0, 12, 45, 3648 }, // U+0219
    { 13, 20, 209, 0, 15, 65, 3693 }, // U+021A
    { 8, 20, 136, 0, 14, 40, 3758 }, // U+021B
    { 5, 5, 0, 0, 16, 7, 0 }, // U+0300
    { 4, 5, 0, 1, 17, 5, 7 }, // U+0301
    { 6, 4, 0, 1, 16, 6, 12 }, // U+0302
    { 9, 4, 0, 0, 16, 9, 18 }, // U+0303
    { 8, 3, 0, 1, 15, 6, 27 }, // U+0304
    { 8, 4, 0, 0, 15, 8, 33 }, // U+0306
    { 3, 3, 0, 1, 15, 3, 41 }, // U+0307
    { 7, 3, 0, 1, 15, 6, 44 }, // U+0308
    { 5, 6, 0, 0, 17, 8, 50 }, // U+0309
    { 5, 6, 0, 1, 17, 8, 58 }, // U+030A
    { 8, 4, 0, 1, 16, 8, 66 }, // U+030B
    { 6, 4, 0, 1, 16, 6, 74 }, // U+030C
    { 9, 4, 0, 0, 16, 9, 80 }, // U+030F
    { 8, 4, 0, 0, 16, 8, 89 }, // U+0311
    { 5, 6, 0, 5, 18, 8, 97 }, // U+0312
    { 5, 5, 0, 1, 13, 7, 105 }, // U+031B
    { 3, 4, 0, 1, 0, 3, 112 }, // U+0323
    { 7, 4, 0, 1, 0, 7, 115 }, // U+0324
    { 5, 6, 0, 0, 0, 8, 122 }, // U+0326
    { 4, 5, 0, 1, 1, 5, 130 }, // U+0327
    { 6, 7, 0, 0, 2, 11, 135 }, // U+0328
    { 6, 4, 0, 1, -1, 6, 146 }, // U+032D
    { 8, 4, 0, 0, 0, 8, 152 }, // U+032E
    { 8, 3, 0, 1, -1, 6, 160 }, // U+0331
    { 7, 3, 0, 1, 8, 6, 166 }, // U+0335
    { 14, 19, 213, 0, 15, 67, 0 }, // U+1EA0
    { 12, 16, 209, 0, 12, 48, 67 }, // U+1EA1
    { 14, 22, 213, 0, 21, 77, 115 }, // U+1EA2
    { 12, 18, 209, 0, 17, 54, 192 }, // U+1EA3
    { 14, 22, 213, 0, 21, 77, 246 }, // U+1EA4
    { 13, 20, 209, 0, 19, 65, 323 }, // U+1EA5
    { 14, 23, 213, 0, 22, 81, 388 }, // U+1EA6
    { 12, 20, 209, 0, 19, 60, 469 }, // U+1EA7
    { 14, 23, 213, 0, 22, 81, 529 }, // U+1EA8
    { 12, 20, 209, 0, 19, 60, 610 }, // U+1EA9
    { 14, 23, 213, 0, 22, 81, 670 }, // U+1EAA
    { 12, 20, 209, 0, 19, 60, 751 }, // U+1EAB
    { 14, 23, 213, 0, 19, 81, 811 }, // U+1EAC
    { 12, 20, 209, 0, 16, 60, 892 }, // U+1EAD
    { 14, 24, 213, 0, 23, 84, 952 }, // U+1EAE
    { 12, 20, 209, 0, 19, 60, 1036 }, // U+1EAF
    { 14, 24, 213, 0, 23, 84, 1096 }, // U+1EB0
    { 12, 20, 209, 0, 19, 60, 1180 }, // U+1EB1
    { 14, 26, 213, 0, 25, 91, 1240 }, // U+1EB2
    { 12, 21, 209, 0, 20, 63, 1331 }, // U+1EB3
    { 14, 24, 213, 0, 23, 84, 1394 }, // U+1EB4
    { 12, 20, 209, 0, 19, 60, 1478 }, // U+1EB5
    { 14, 24, 213, 0, 20, 84, 1538 }, // U+1EB6
    { 12, 19, 209, 0, 15, 57, 1622 }, // U+1EB7
    { 11, 19, 191, 1, 15, 53, 1679 }, // U+1EB8
    { 12, 16, 197, 0, 12, 48, 1732 }, // U+1EB9
    { 11, 21, 191, 1, 21, 58, 1780 }, // U+1EBA
    { 12, 18, 197, 0, 17, 54, 1838 }, // U+1EBB
    { 11, 19, 191, 1, 19, 53, 1892 }, // U+1EBC
    { 12, 17, 197, 0, 16, 51, 1945 }, // U+1EBD
    { 13, 21, 191, 1, 21, 69, 1996 }, // U+1EBE
    { 12, 20, 197, 0, 19, 60, 2065 }, // U+1EBF
    { 11, 22, 191, 1, 22, 61, 2125 }, // U+1EC0
    { 12, 20, 197, 0, 19, 60, 2186 }, // U+1EC1
    { 11, 26, 191, 1, 26, 72, 2246 }, // U+1EC2
    { 12, 20, 197, 0, 19, 60, 2318 }, // U+1EC3
    { 11, 22, 191, 1, 22, 61, 2378 }, // U+1EC4
    { 12, 20, 197, 0, 19, 60, 2439 }, // U+1EC5
    { 11, 23, 191, 1, 19, 64, 2499 }, // U+1EC6
    { 12, 20, 197, 0, 16, 60, 2563 }, // U+1EC7
    { 5, 21, 92, 0, 21, 27, 2623 }, // U+1EC8
    { 5, 17, 79, 0, 17, 22, 2650 }, // U+1EC9
    { 4, 19, 92, 1, 15, 19, 2672 }, // U+1ECA
    { 3, 19, 79, 1, 15, 15, 2691 }, // U+1ECB
    { 15, 19, 253, 0, 15, 72, 2706 }, // U+1ECC
    { 13, 16, 208, 0, 12, 52, 2778 }, // U+1ECD
    { 15, 22, 253, 0, 21, 83, 2830 }, // U+1ECE
    { 13, 18, 208, 0, 17, 59, 2913 }, // U+1ECF
    { 15, 22, 253, 0, 21, 83, 2972 }, // U+1ED0
    { 13, 20, 208, 0, 19, 65, 3055 }, // U+1ED1
    { 15, 23, 253, 0, 22, 87, 3120 }, // U+1ED2
    { 13, 20, 208, 0, 19, 65, 3207 }, // U+1ED3
    { 15, 23, 253, 0, 22, 87, 3272 }, // U+1ED4
    { 13, 20, 208, 0, 19, 65, 3359 }, // U+1ED5
    { 15, 23, 253, 0, 22, 87, 3424 }, // U+1ED6
    { 13, 20, 208, 0, 19, 65, 3511 }, // U+1ED7
    { 15, 23, 253, 0, 19, 87, 3576 }, // U+1ED8
    { 13, 20, 208, 0, 16, 65, 3663 }, // U+1ED9
    { 15, 20, 253, 0, 19, 75, 3728 }, // U+1EDA
    { 13, 17, 208, 0, 16, 56, 3803 }, // U+1EDB
    { 15, 20, 253, 0, 19, 75, 3859 }, // U+1EDC
    { 13, 17, 208, 0, 16, 56, 3934 }, // U+1EDD
    { 15, 22, 253, 0, 21, 83, 3990 }, // U+1EDE
    { 13, 18, 208, 0, 17, 59, 4073 }, // U+1EDF
    { 15, 20, 253, 0, 19, 75, 4132 }, // U+1EE0
    { 13, 17, 208, 0, 16, 56, 4207 }, // U+1EE1
    { 15, 21, 253, 0, 17, 79, 4263 }, // U+1EE2
    { 13, 18, 208, 0, 14, 59, 4342 }, // U+1EE3
    { 13, 19, 235, 1, 15, 62, 4401 }, // U+1EE4
    { 10, 16, 196, 1, 12, 40, 4463 }, // U+1EE5
    { 13, 22, 235, 1, 21, 72, 4503 }, // U+1EE6
    { 10, 18, 196, 1, 17, 45, 4575 }, // U+1EE7
    { 15, 20, 235, 1, 19, 75, 4620 }, // U+1EE8
    { 13, 17, 196, 1, 16, 56, 4695 }, // U+1EE9
    { 15, 20, 235, 1, 19, 75, 4751 }, // U+1EEA
    { 13, 17, 196, 1, 16, 56, 4826 }, // U+1EEB
    { 15, 22, 235, 1, 21, 83, 4882 }, // U+1EEC
    { 13, 18, 196, 1, 17, 59, 4965 }, // U+1EED
    { 15, 20, 235, 1, 19, 75, 5024 }, // U+1EEE
    { 13, 17, 196, 1, 16, 56, 5099 }, // U+1EEF
    { 15, 21, 235, 1, 17, 79, 5155 }, // U+1EF0
    { 13, 18, 196, 1, 14, 59, 5234 }, // U+1EF1
    { 13, 19, 199, 0, 19, 62, 5293 }, // U+1EF2
    { 10, 21, 196, 1, 16, 53, 5355 }, // U+1EF3
    { 13, 19, 199, 0, 15, 62, 5408 }, // U+1EF4
    { 13, 17, 196, 1, 12, 56, 5470 }, // U+1EF5
    { 13, 21, 199, 0, 21, 69, 5526 }, // U+1EF6
    { 10, 22, 196, 1, 17, 55, 5595 }, // U+1EF7
    { 13, 19, 199, 0, 19, 62, 5650 }, // U+1EF8
    { 10, 21, 196, 1, 16, 53, 5712 }, // U+1EF9
    { 0, 0, 183, 0, 0, 0, 0 }, // U+2007
    { 0, 0, 87, 0, 0, 0, 0 }, // U+2008
    { 0, 0, 68, 0, 0, 0, 0 }, // U+2009
    { 0, 0, 34, 0, 0, 0, 0 }, // U+200A
    { 0, 0, 0, 0, 0, 0, 0 }, // U+200B
    { 7, 3, 132, 1, 8, 6, 0 }, // U+2010
    { 9, 3, 172, 1, 8, 7, 6 }, // U+2012
    { 9, 3, 172, 1, 8, 7, 13 }, // U+2013
    { 17, 3, 295, 1, 8, 13, 20 }, // U+2014
    { 17, 3, 295, 1, 8, 13, 33 }, // U+2015
    { 5, 6, 92, 0, 15, 8, 46 }, // U+2018
    { 5, 6, 92, 0, 15, 8, 54 }, // U+2019
    { 5, 6, 92, 0, 3, 8, 62 }, // U+201A
    { 9, 6, 152, 0, 15, 14, 70 }, // U+201C
    { 9, 6, 152, 0, 15, 14, 84 }, // U+201D
    { 9, 6, 145, 0, 3, 14, 98 }, // U+201E
    { 9, 12, 154, 0, 16, 27, 112 }, // U+2020
    { 8, 12, 137, 0, 16, 24, 139 }, // U+2021
    { 7, 7, 116, 0, 11, 13, 163 }, // U+2022
    { 11, 3, 208, 1, 3, 9, 176 }, // U+2026
    { 24, 16, 394, 0, 15, 96, 185 }, // U+2030
    { 9, 7, 143, 0, 15, 16, 281 }, // U+2033
    { 5, 9, 92, 0, 10, 12, 297 }, // U+2039
    { 5, 9, 92, 0, 10, 12, 309 }, // U+203A
    { 11, 16, 180, 0, 15, 44, 321 }, // U+2044
    { 8, 9, 129, 0, 16, 18, 0 }, // U+2070
    { 8, 8, 146, 0, 16, 16, 18 }, // U+2074
    { 6, 9, 126, 1, 16, 14, 34 }, // U+2075
    { 7, 9, 117, 0, 16, 16, 48 }, // U+2076
    { 7, 9, 116, 0, 16, 16, 64 }, // U+2077
    { 6, 9, 129, 1, 16, 14, 80 }, // U+2078
    { 7, 9, 117, 0, 16, 16, 94 }, // U+2079
    { 8, 9, 129, 0, 4, 18, 110 }, // U+2080
    { 5, 8, 107, 0, 4, 10, 128 }, // U+2081
    { 6, 8, 121, 1, 4, 12, 138 }, // U+2082
    { 6, 9, 118, 1, 4, 14, 150 }, // U+2083
    { 8, 8, 146, 0, 4, 16, 164 }, // U+2084
    { 6, 9, 126, 1, 4, 14, 180 }, // U+2085
    { 7, 9, 117, 0, 4, 16, 194 }, // U+2086
    { 7, 9, 116, 0, 4, 16, 210 }, // U+2087
    { 6, 9, 129, 1, 4, 14, 226 }, // U+2088
    { 7, 9, 117, 0, 4, 16, 240 }, // U+2089
    { 15, 20, 209, 0, 17, 75, 0 }, // U+20A1
    { 12, 15, 187, -1, 15, 45, 75 }, // U+20A3
    { 13, 16, 208, 0, 15, 52, 120 }, // U+20A4
    { 17, 15, 245, -1, 15, 64, 172 }, // U+20A6
    { 15, 15, 201, -1, 15, 57, 236 }, // U+20A7
    { 20, 15, 314, 0, 15, 75, 293 }, // U+20A9
    { 10, 15, 168, 0, 15, 38, 368 }, // U+20AB
    { 14, 16, 209, -1, 15, 56, 406 }, // U+20AC
    { 15, 15, 218, -1, 15, 57, 462 }, // U+20AD
    { 15, 15, 201, -1, 15, 57, 519 }, // U+20B1
    { 14, 20, 232, 0, 17, 70, 576 }, // U+20B2
    { 13, 20, 209, 0, 17, 65, 646 }, // U+20B5
    { 11, 16, 184, 0, 15, 44, 711 }, // U+20B9
    { 12, 16, 211, 0, 15, 48, 755 }, // U+20BA
    { 13, 18, 235, 1, 17, 59, 803 }, // U+20BC
    { 12, 15, 201, 0, 15, 45, 862 }, // U+20BD
    { 12, 17, 203, 0, 16, 51, 0 }, // U+2202
    { 13, 13, 212, 0, 12, 43, 51 }, // U+2205
    { 15, 15, 241, 0, 15, 57, 94 }, // U+2206
    { 15, 20, 245, 0, 15, 75, 151 }, // U+220F
    { 11, 14, 175, 0, 14, 39, 226 }, // U+2211
    { 11, 4, 206, 1, 9, 11, 265 }, // U+2212
    { 12, 20, 189, 0, 17, 60, 276 }, // U+2215
    { 4, 5, 89, 1, 9, 5, 336 }, // U+2219
    { 13, 15, 234, 1, 15, 49, 341 }, // U+221A
    { 17, 10, 287, 0, 10, 43, 390 }, // U+221E
    { 13, 20, 194, 0, 16, 65, 433 }, // U+222B
    { 11, 10, 193, 1, 12, 28, 498 }, // U+2248
    { 11, 12, 206, 1, 13, 33, 526 }, // U+2260
    { 12, 12, 216, 1, 13, 36, 559 }, // U+2264
    { 12, 12, 216, 1, 13, 36, 595 }, // U+2265
    { 13, 16, 224, 0, 16, 52, 0 }, // U+FB01
    { 14, 16, 236, 0, 16, 56, 52 }, // U+FB02
};

static const EpdUnicodeInterval quicksand_10_bolditalicIntervals[] = {
    { 0xD, 0xD, 0x0 },
    { 0x20, 0x7E, 0x1 },
    { 0xA0, 0xFF, 0x60 },
    { 0x100, 0x17E, 0xC0 },
    { 0x1A0, 0x1A1, 0x13F },
    { 0x1AF, 0x1B0, 0x141 },
    { 0x1C4, 0x1D4, 0x143 },
    { 0x1E6, 0x1E7, 0x154 },
    { 0x1EA, 0x1EB, 0x156 },
    { 0x1F2, 0x1F2, 0x158 },
    { 0x1FA, 0x21B, 0x159 },
    { 0x300, 0x304, 0x17B },
    { 0x306, 0x30C, 0x180 },
    { 0x30F, 0x30F, 0x187 },
    { 0x311, 0x312, 0x188 },
    { 0x31B, 0x31B, 0x18A },
    { 0x323, 0x324, 0x18B },
    { 0x326, 0x328, 0x18D },
    { 0x32D, 0x32E, 0x190 },
    { 0x331, 0x331, 0x192 },
    { 0x335, 0x335, 0x193 },
    { 0x1EA0, 0x1EF9, 0x194 },
    { 0x2007, 0x200B, 0x1EE },
    { 0x2010, 0x2010, 0x1F3 },
    { 0x2012, 0x2015, 0x1F4 },
    { 0x2018, 0x201A, 0x1F8 },
    { 0x201C, 0x201E, 0x1FB },
    { 0x2020, 0x2022, 0x1FE },
    { 0x2026, 0x2026, 0x201 },
    { 0x2030, 0x2030, 0x202 },
    { 0x2033, 0x2033, 0x203 },
    { 0x2039, 0x203A, 0x204 },
    { 0x2044, 0x2044, 0x206 },
    { 0x2070, 0x2070, 0x207 },
    { 0x2074, 0x2079, 0x208 },
    { 0x2080, 0x2089, 0x20E },
    { 0x20A1, 0x20A1, 0x218 },
    { 0x20A3, 0x20A4, 0x219 },
    { 0x20A6, 0x20A7, 0x21B },
    { 0x20A9, 0x20A9, 0x21D },
    { 0x20AB, 0x20AD, 0x21E },
    { 0x20B1, 0x20B2, 0x221 },
    { 0x20B5, 0x20B5, 0x223 },
    { 0x20B9, 0x20BA, 0x224 },
    { 0x20BC, 0x20BD, 0x226 },
    { 0x2202, 0x2202, 0x228 },
    { 0x2205, 0x2206, 0x229 },
    { 0x220F, 0x220F, 0x22B },
    { 0x2211, 0x2212, 0x22C },
    { 0x2215, 0x2215, 0x22E },
    { 0x2219, 0x221A, 0x22F },
    { 0x221E, 0x221E, 0x231 },
    { 0x222B, 0x222B, 0x232 },
    { 0x2248, 0x2248, 0x233 },
    { 0x2260, 0x2260, 0x234 },
    { 0x2264, 0x2265, 0x235 },
    { 0xFB01, 0xFB02, 0x237 },
};

static const EpdFontGroup quicksand_10_bolditalicGroups[] = {
    { 0, 2208, 4165, 96, 0 },
    { 2208, 1982, 4812, 96, 96 },
    { 4190, 2522, 7558, 127, 192 },
    { 6712, 1683, 4206, 60, 319 },
    { 8395, 197, 211, 25, 379 },
    { 8592, 1432, 6451, 90, 404 },
    { 10024, 299, 428, 25, 494 },
    { 10323, 163, 298, 17, 519 },
    { 10486, 623, 1001, 16, 536 },
    { 11109, 404, 690, 15, 552 },
    { 11513, 71, 128, 2, 567 },
};

static const EpdKernClassEntry quicksand_10_bolditalicKernLeftClasses[] = {
    { 0x0026, 1 }, // &
    { 0x0028, 2 }, // (
    { 0x002A, 3 }, // *
    { 0x002B, 4 }, // +
    { 0x002C, 5 }, // ,
    { 0x002D, 4 }, // -
    { 0x002E, 6 }, // .
    { 0x002F, 7 }, // /
    { 0x0030, 8 }, // 0
    { 0x0034, 9 }, // 4
    { 0x0035, 10 }, // 5
    { 0x0036, 11 }, // 6
    { 0x0037, 12 }, // 7
    { 0x0039, 13 }, // 9
    { 0x003E, 14 }, // >
    { 0x003F, 15 }, // ?
    { 0x0041, 16 }, // A
    { 0x0042, 17 }, // B
    { 0x0044, 8 }, // D
    { 0x0045, 18 }, // E
    { 0x0046, 19 }, // F
    { 0x0047, 20 }, // G
    { 0x004A, 21 }, // J
    { 0x004B, 22 }, // K
    { 0x004C, 23 }, // L
    { 0x004F, 8 }, // O
    { 0x0050, 24 }, // P
    { 0x0051, 8 }, // Q
    { 0x0052, 25 }, // R
    { 0x0053, 26 }, // S
    { 0x0054, 27 }, // T
    { 0x0055, 28 }, // U
    { 0x0056, 29 }, // V
    { 0x0057, 30 }, // W
    { 0x0058, 31 }, // X
    { 0x0059, 32 }, // Y
    { 0x005A, 33 }, // Z
    { 0x005C, 34 }, // <backslash>
    { 0x005F, 35 }, // _
    { 0x0061, 36 }, // a
    { 0x0062, 37 }, // b
    { 0x0063, 38 }, // c
    { 0x0064, 39 }, // d
    { 0x0065, 40 }, // e
    { 0x0066, 41 }, // f
    { 0x0067, 42 }, // g
    { 0x0068, 43 }, // h
    { 0x0069, 44 }, // i
    { 0x006A, 45 }, // j
    { 0x006B, 46 }, // k
    { 0x006C, 47 }, // l
    { 0x006D, 43 }, // m
    { 0x006E, 43 }, // n
    { 0x006F, 37 }, // o
    { 0x0070, 37 }, // p
    { 0x0071, 48 }, // q
    { 0x0072, 49 }, // r
    { 0x0073, 50 }, // s
    { 0x0074, 51 }, // t
    { 0x0075, 52 }, // u
    { 0x0076, 53 }, // v
    { 0x0077, 54 }, // w
    { 0x0078, 55 }, // x
    { 0x0079, 56 }, // y
    { 0x007A, 57 }, // z
    { 0x007E, 4 }, // ~
    { 0x00B7, 58 }, // U+00B7
    { 0x00BF, 59 }, // U+00BF
    { 0x00D9, 28 }, // U+00D9
    { 0x00DA, 28 }, // U+00DA
    { 0x00DB, 28 }, // U+00DB
    { 0x00DC, 28 }, // U+00DC
    { 0x00DD, 32 }, // U+00DD
    { 0x00DE, 60 }, // U+00DE
    { 0x00DF, 61 }, // U+00DF
    { 0x00E0, 36 }, // U+00E0
    { 0x00E1, 36 }, // U+00E1
    { 0x00E2, 36 }, // U+00E2
    { 0x00E3, 36 }, // U+00E3
    { 0x00E4, 36 }, // U+00E4
    { 0x00E5, 36 }, // U+00E5
    { 0x00E8, 40 }, // U+00E8
    { 0x00E9, 40 }, // U+00E9
    { 0x00EA, 40 }, // U+00EA
    { 0x00EB, 40 }, // U+00EB
    { 0x00F0, 62 }, // U+00F0
    { 0x00F2, 37 }, // U+00F2
    { 0x00F3, 37 }, // U+00F3
    { 0x00F4, 37 }, // U+00F4
    { 0x00F5, 37 }, // U+00F5
    { 0x00F6, 37 }, // U+00F6
    { 0x00F7, 4 }, // U+00F7
    { 0x00F8, 37 }, // U+00F8
    { 0x00F9, 52 }, // U+00F9
    { 0x00FA, 52 }, // U+00FA
    { 0x00FB, 52 }, // U+00FB
    { 0x00FC, 52 }, // U+00FC
    { 0x00FD, 56 }, // U+00FD
    { 0x00FF, 56 }, // U+00FF
    { 0x0101, 36 }, // U+0101
    { 0x0103, 36 }, // U+0103
    { 0x0105, 36 }, // U+0105
    { 0x010F, 63 }, // U+010F
    { 0x0113, 40 }, // U+0113
    { 0x0114, 18 }, // U+0114
    { 0x0115, 40 }, // U+0115
    { 0x0117, 40 }, // U+0117
    { 0x0119, 40 }, // U+0119
    { 0x011B, 40 }, // U+011B
    { 0x013E, 64 }, // U+013E
    { 0x014D, 37 }, // U+014D
    { 0x014F, 37 }, // U+014F
    { 0x0151, 37 }, // U+0151
    { 0x0153, 37 }, // U+0153
    { 0x0165, 65 }, // U+0165
    { 0x0169, 52 }, // U+0169
    { 0x016A, 28 }, // U+016A
    { 0x016B, 52 }, // U+016B
    { 0x016D, 52 }, // U+016D
    { 0x016E, 28 }, // U+016E
    { 0x016F, 52 }, // U+016F
    { 0x0170, 28 }, // U+0170
    { 0x0171, 52 }, // U+0171
    { 0x0172, 28 }, // U+0172
    { 0x0173, 52 }, // U+0173
    { 0x0176, 32 }, // U+0176
    { 0x0177, 56 }, // U+0177
    { 0x0178, 32 }, // U+0178
    { 0x01A1, 37 }, // U+01A1
    { 0x01B0, 52 }, // U+01B0
    { 0x01CD, 16 }, // U+01CD
    { 0x01CE, 36 }, // U+01CE
    { 0x01D2, 37 }, // U+01D2
    { 0x01D4, 52 }, // U+01D4
    { 0x01EB, 37 }, // U+01EB
    { 0x01FB, 36 }, // U+01FB
    { 0x01FF, 37 }, // U+01FF
    { 0x0200, 16 }, // U+0200
    { 0x0201, 36 }, // U+0201
    { 0x0202, 16 }, // U+0202
    { 0x0203, 36 }, // U+0203
    { 0x0204, 18 }, // U+0204
    { 0x0205, 40 }, // U+0205
    { 0x0206, 18 }, // U+0206
    { 0x0207, 40 }, // U+0207
    { 0x020D, 37 }, // U+020D
    { 0x020F, 37 }, // U+020F
    { 0x0215, 52 }, // U+0215
    { 0x0217, 52 }, // U+0217
    { 0x1EA0, 16 }, // U+1EA0
    { 0x1EA1, 36 }, // U+1EA1
    { 0x1EA2, 16 }, // U+1EA2
    { 0x1EA3, 36 }, // U+1EA3
    { 0x1EA4, 16 }, // U+1EA4
    { 0x1EA5, 36 }, // U+1EA5
    { 0x1EA6, 16 }, // U+1EA6
    { 0x1EA7, 36 }, // U+1EA7
    { 0x1EA8, 16 }, // U+1EA8
    { 0x1EA9, 36 }, // U+1EA9
    { 0x1EAA, 16 }, // U+1EAA
    { 0x1EAB, 36 }, // U+1EAB
    { 0x1EAC, 16 }, // U+1EAC
    { 0x1EAD, 36 }, // U+1EAD
    { 0x1EAE, 16 }, // U+1EAE
    { 0x1EAF, 36 }, // U+1EAF
    { 0x1EB0, 16 }, // U+1EB0
    { 0x1EB1, 36 }, // U+1EB1
    { 0x1EB2, 16 }, // U+1EB2
    { 0x1EB3, 36 }, // U+1EB3
    { 0x1EB4, 16 }, // U+1EB4
    { 0x1EB5, 36 }, // U+1EB5
    { 0x1EB6, 16 }, // U+1EB6
    { 0x1EB7, 36 }, // U+1EB7
    { 0x1EB8, 18 }, // U+1EB8
    { 0x1EB9, 40 }, // U+1EB9
    { 0x1EBA, 18 }, // U+1EBA
    { 0x1EBB, 40 }, // U+1EBB
    { 0x1EBC, 18 }, // U+1EBC
    { 0x1EBD, 40 }, // U+1EBD
    { 0x1EBE, 18 }, // U+1EBE
    { 0x1EBF, 40 }, // U+1EBF
    { 0x1EC0, 18 }, // U+1EC0
    { 0x1EC1, 40 }, // U+1EC1
    { 0x1EC2, 18 }, // U+1EC2
    { 0x1EC3, 40 }, // U+1EC3
    { 0x1EC4, 18 }, // U+1EC4
    { 0x1EC5, 40 }, // U+1EC5
    { 0x1EC6, 18 }, // U+1EC6
    { 0x1EC7, 40 }, // U+1EC7
    { 0x1ECD, 37 }, // U+1ECD
    { 0x1ECF, 37 }, // U+1ECF
    { 0x1ED1, 37 }, // U+1ED1
    { 0x1ED3, 37 }, // U+1ED3
    { 0x1ED5, 37 }, // U+1ED5
    { 0x1ED7, 37 }, // U+1ED7
    { 0x1ED9, 37 }, // U+1ED9
    { 0x1EDB, 37 }, // U+1EDB
    { 0x1EDD, 37 }, // U+1EDD
    { 0x1EDF, 37 }, // U+1EDF
    { 0x1EE1, 37 }, // U+1EE1
    { 0x1EE3, 37 }, // U+1EE3
    { 0x1EE5, 52 }, // U+1EE5
    { 0x1EE7, 52 }, // U+1EE7
    { 0x1EE9, 52 }, // U+1EE9
    { 0x1EEB, 52 }, // U+1EEB
    { 0x1EED, 52 }, // U+1EED
    { 0x1EEF, 52 }, // U+1EEF
    { 0x1EF1, 52 }, // U+1EF1
    { 0x1EF2, 32 }, // U+1EF2
    { 0x1EF3, 56 }, // U+1EF3
    { 0x1EF5, 56 }, // U+1EF5
    { 0x2013, 66 }, // U+2013
    { 0x2014, 4 }, // U+2014
    { 0x2018, 67 }, // U+2018
    { 0x2019, 68 }, // U+2019
    { 0x201C, 67 }, // U+201C
    { 0x201D, 68 }, // U+201D
    { 0x2022, 69 }, // U+2022
    { 0x2212, 4 }, // U+2212
    { 0x2248, 4 }, // U+2248
    { 0x2260, 4 }, // U+2260
};

static const EpdKernClassEntry quicksand_10_bolditalicKernRightClasses[] = {
    { 0x0021, 1 }, // !
    { 0x0022, 2 }, // "
    { 0x0029, 3 }, // )
    { 0x002A, 4 }, // *
    { 0x002C, 5 }, // ,
    { 0x002E, 6 }, // .
    { 0x002F, 7 }, // /
    { 0x0031, 8 }, // 1
    { 0x0034, 9 }, // 4
    { 0x0036, 10 }, // 6
    { 0x0037, 11 }, // 7
    { 0x0039, 12 }, // 9
    { 0x0041, 13 }, // A
    { 0x0043, 14 }, // C
    { 0x0047, 14 }, // G
    { 0x004A, 15 }, // J
    { 0x004F, 14 }, // O
    { 0x0051, 14 }, // Q
    { 0x0053, 16 }, // S
    { 0x0054, 17 }, // T
    { 0x0055, 18 }, // U
    { 0x0056, 19 }, // V
    { 0x0057, 20 }, // W
    { 0x0058, 21 }, // X
    { 0x0059, 22 }, // Y
    { 0x005A, 23 }, // Z
    { 0x005C, 24 }, // <backslash>
    { 0x005D, 25 }, // ]
    { 0x005F, 26 }, // _
    { 0x0061, 27 }, // a
    { 0x0062, 28 }, // b
    { 0x0063, 29 }, // c
    { 0x0064, 29 }, // d
    { 0x0065, 29 }, // e
    { 0x0066, 30 }, // f
    { 0x0067, 31 }, // g
    { 0x0068, 28 }, // h
    { 0x006A, 32 }, // j
    { 0x006B, 28 }, // k
    { 0x006C, 28 }, // l
    { 0x006D, 33 }, // m
    { 0x006E, 33 }, // n
    { 0x006F, 29 }, // o
    { 0x0070, 34 }, // p
    { 0x0071, 29 }, // q
    { 0x0072, 33 }, // r
    { 0x0073, 35 }, // s
    { 0x0074, 36 }, // t
    { 0x0075, 37 }, // u
    { 0x0076, 38 }, // v
    { 0x0077, 39 }, // w
    { 0x0078, 40 }, // x
    { 0x0079, 41 }, // y
    { 0x007A, 42 }, // z
    { 0x00A1, 43 }, // U+00A1
    { 0x00B7, 44 }, // U+00B7
    { 0x00BF, 45 }, // U+00BF
    { 0x00D0, 46 }, // U+00D0
    { 0x00D9, 18 }, // U+00D9
    { 0x00DA, 18 }, // U+00DA
    { 0x00DB, 18 }, // U+00DB
    { 0x00DC, 18 }, // U+00DC
    { 0x00DD, 22 }, // U+00DD
    { 0x00DF, 47 }, // U+00DF
    { 0x00E0, 27 }, // U+00E0
    { 0x00E1, 27 }, // U+00E1
    { 0x00E2, 27 }, // U+00E2
    { 0x00E3, 27 }, // U+00E3
    { 0x00E4, 27 }, // U+00E4
    { 0x00E5, 27 }, // U+00E5
    { 0x00E8, 29 }, // U+00E8
    { 0x00E9, 29 }, // U+00E9
    { 0x00EA, 29 }, // U+00EA
    { 0x00EB, 29 }, // U+00EB
    { 0x00F0, 48 }, // U+00F0
    { 0x00F9, 37 }, // U+00F9
    { 0x00FA, 37 }, // U+00FA
    { 0x00FB, 37 }, // U+00FB
    { 0x00FC, 37 }, // U+00FC
    { 0x00FD, 41 }, // U+00FD
    { 0x00FE, 49 }, // U+00FE
    { 0x00FF, 41 }, // U+00FF
    { 0x0101, 27 }, // U+0101
    { 0x0103, 27 }, // U+0103
    { 0x0105, 27 }, // U+0105
    { 0x0113, 29 }, // U+0113
    { 0x0115, 29 }, // U+0115
    { 0x0117, 29 }, // U+0117
    { 0x0119, 29 }, // U+0119
    { 0x011B, 29 }, // U+011B
    { 0x013E, 28 }, // U+013E
    { 0x0169, 37 }, // U+0169
    { 0x016A, 18 }, // U+016A
    { 0x016B, 37 }, // U+016B
    { 0x016D, 37 }, // U+016D
    { 0x016E, 18 }, // U+016E
    { 0x016F, 37 }, // U+016F
    { 0x0170, 18 }, // U+0170
    { 0x0171, 37 }, // U+0171
    { 0x0172, 18 }, // U+0172
    { 0x0173, 37 }, // U+0173
    { 0x0176, 22 }, // U+0176
    { 0x0177, 41 }, // U+0177
    { 0x0178, 22 }, // U+0178
    { 0x01B0, 37 }, // U+01B0
    { 0x01CD, 13 }, // U+01CD
    { 0x01CE, 27 }, // U+01CE
    { 0x01D4, 37 }, // U+01D4
    { 0x01FB, 27 }, // U+01FB
    { 0x0200, 13 }, // U+0200
    { 0x0201, 27 }, // U+0201
    { 0x0202, 13 }, // U+0202
    { 0x0203, 27 }, // U+0203
    { 0x0205, 29 }, // U+0205
    { 0x0207, 29 }, // U+0207
    { 0x0215, 37 }, // U+0215
    { 0x0217, 37 }, // U+0217
    { 0x1EA0, 13 }, // U+1EA0
    { 0x1EA1, 27 }, // U+1EA1
    { 0x1EA2, 13 }, // U+1EA2
    { 0x1EA3, 27 }, // U+1EA3
    { 0x1EA4, 13 }, // U+1EA4
    { 0x1EA5, 27 }, // U+1EA5
    { 0x1EA6, 13 }, // U+1EA6
    { 0x1EA7, 27 }, // U+1EA7
    { 0x1EA8, 13 }, // U+1EA8
    { 0x1EA9, 27 }, // U+1EA9
    { 0x1EAA, 13 }, // U+1EAA
    { 0x1EAB, 27 }, // U+1EAB
    { 0x1EAC, 13 }, // U+1EAC
    { 0x1EAD, 27 }, // U+1EAD
    { 0x1EAE, 13 }, // U+1EAE
    { 0x1EAF, 27 }, // U+1EAF
    { 0x1EB0, 13 }, // U+1EB0
    { 0x1EB1, 27 }, // U+1EB1
    { 0x1EB2, 13 }, // U+1EB2
    { 0x1EB3, 27 }, // U+1EB3
    { 0x1EB4, 13 }, // U+1EB4
    { 0x1EB5, 27 }, // U+1EB5
    { 0x1EB6, 13 }, // U+1EB6
    { 0x1EB7, 27 }, // U+1EB7
    { 0x1EB9, 29 }, // U+1EB9
    { 0x1EBB, 29 }, // U+1EBB
    { 0x1EBD, 29 }, // U+1EBD
    { 0x1EBF, 29 }, // U+1EBF
    { 0x1EC1, 29 }, // U+1EC1
    { 0x1EC3, 29 }, // U+1EC3
    { 0x1EC5, 29 }, // U+1EC5
    { 0x1EC7, 29 }, // U+1EC7
    { 0x1EE5, 37 }, // U+1EE5
    { 0x1EE7, 37 }, // U+1EE7
    { 0x1EE9, 37 }, // U+1EE9
    { 0x1EEB, 37 }, // U+1EEB
    { 0x1EED, 37 }, // U+1EED
    { 0x1EEF, 37 }, // U+1EEF
    { 0x1EF1, 37 }, // U+1EF1
    { 0x1EF2, 22 }, // U+1EF2
    { 0x1EF3, 41 }, // U+1EF3
    { 0x1EF5, 41 }, // U+1EF5
    { 0x201C, 50 }, // U+201C
    { 0x201D, 51 }, // U+201D
    { 0x2022, 52 }, // U+2022
};

static const int8_t quicksand_10_bolditalicKernMatrix[] = {
       0,    0,   -5,    0,    0,    0,    0,    0,    0,    0,    0,    0,    0,    0,    0,    0,    0,    0,    0,    0,    0,    0,    0,    0,    0,    0,    0,    0,    0,    0,    0,    0,    0,    0,    0,    0,    0,    0,    0,    0,    0,    0,    0,    0,    0,    0,    0,   -3,    0,    0,    0,    0,
       0,    0,    0,    0,    0,    0,    0,    0,    0,    0,    0,    0,    0,    0,    0,    0,    0,    0,    0,    0,    0,    0,    0,    0,    0,    0,    0,    0,    0,    0,    0,    0,    0,    0,    0,    0,    0,    0,    0,    0,    0,    0,    0,    0,    0,    0,    0,    0,    5,    0,    0,    0,
       0,    0,    0,    0,    0,    0,    0,    0,    0,    0,    0,    0,    0,    0,    0,    0,    0,    0,    0,    0,    0,    0,    0,    0,    0,    0,    0,    0,    0,    0,    0,    0,    0,    0,    0,    0,    0,    0,    0,    0,    0,    0,    0,    0,    0,    0,    0,   -8,    0,    0,    0,    0,
       0,    0,    0,    0,    0,    0,    0,  -13,    0,    0,    0,    0,    0,    0,    0,    0,    0,    0,    0,    0,    0,    0,    0,    0,    0,    0,    0,    0,    0,    0,    0,    0,    0,    0,    0,    0,    0,    0,    0,    0,    0,    0,    0,    0,    0,    0,    0,    0,    0,    0,    0,    0,
       0,    0,    0,    0,    0,    0,    0,  -23,    0,    0,    0,    0,    0,    0,    0,    0,    0,    0,    0,    0,    0,    0,    0,    0,    0,    0,    0,    0,    0,    0,    0,    5,    0,    0,    0,    0,    0,    0,    0,    0,    0,    0,    0,    0,    0,    0,    0,    0,    0,    0,    0,    0,
       0,    0,    0,    0,    0,    0,    0,  -17,  -10,    0,    0,    0,    0,    0,    0,    0,    0,    0,    0,    0,    0,    0,    0,    0,    0,    0,    0,    0,    0,    0,    0,    0,    0,    0,    0,    0,    0,    0,    0,    0,    0,    0,    0,    0,    0,    0,    0,    0,    0,    0,    0,    0,
       0,    0,    0,    0,    0,    0,  -31,    0,    0,    0,    0,    0,    0,    0,    0,    0,    0,    0,    0,    0,    0,    0,    0,    0,    0,    0,    0,    0,    0,    0,    0,    0,    0,    0,    0,    0,    0,    0,    0,    0,    0,    0,    0,    0,    0,    0,   -4,  -11,    0,    0,    0,    0,
       0,    0,    0,    0,    0,    0,    0,    0,    0,    0,  -13,    0,   -2,    0,   -5,    0,   -7,    0,   -4,   -2,  -10,   -9,   -5,    0,    0,    0,    0,    0,    3,    0,    0,    0,    0,    0,    0,    0,    0,    0,    0,   -3,    0,    0,    0,    0,    0,    0,    0,    0,    0,    0,    0,    0,
       0,    0,    0,    0,    0,    0,    0,  -10,    0,    0,  -10,   -7,    0,    0,    0,    0,    0,    0,    0,    0,    0,    0,    0,    0,    0,    0,    0,    0,    0,    0,    0,    0,    0,    0,    0,    0,    0,    0,    0,    0,    0,    0,    0,    0,    0,    0,    0,    0,    0,    0,    0,    0,
       0,    0,    0,    0,    0,  -13,    0,    0,    0,    0,    0,    0,    0,    0,    0,    0,    0,    0,    0,    0,    0,    0,    0,    0,    0,    0,    0,    0,    0,    0,    0,    0,    0,    0,    0,    0,    0,    0,    0,    0,    0,    0,    0,    0,    0,    0,    0,    0,    0,    0,    0,    0,
       0,    0,    0,    0,    0,    0,    0,   -7,    0,    0,    0,    0,    0,    0,    0,    0,    0,    0,    0,    0,    0,    0,    0,    0,    0,    0,    0,    0,    0,    0,    0,    0,    0,    0,    0,    0,    0,    0,    0,    0,    0,    0,    0,    0,    0,    0,    0,    0,    0,    0,    0,    0,
       0,    0,    0,    0,  -10,  -23,    0,   13,  -13,  -10,    0,    0,    0,   -7,    0,    0,    0,    0,    0,    0,    0,    0,    0,    0,    0,    0,    0,    0,    0,    0,    0,    0,    0,    0,    0,    0,    0,    0,    0,    0,    0,    0,    0,    0,    0,    0,    0,    0,    0,    0,    0,    0,
       0,    0,    0,    0,   -7,  -13,    0,    0,    0,    0,  -10,    0,    0,    0,    0,    0,    0,    0,    0,    0,    0,    0,    0,    0,    0,    0,    0,    0,    0,    0,    0,    0,    0,    0,    0,    0,    0,    0,    0,    0,    0,    0,    0,    0,    0,    0,    0,    0,    0,    0,    0,    0,
       0,    0,    0,    0,    0,    0,    0,  -10,    0,    0,    0,    0,    0,    0,    0,    0,    0,    0,    0,    0,    0,    0,    0,    0,    0,    0,    0,    0,    0,    0,    0,    0,    0,    0,    0,    0,    0,    0,    0,    0,    0,    0,    0,    0,    0,    0,    0,    0,    0,    0,    0,    0,
       0,    0,    0,    0,    0,    0,    0,    0,    0,    0,    0,    0,    0,    0,    0,    0,    0,    0,    0,    0,    0,    0,    0,    0,    0,    0,    0,    0,    0,    0,    0,    0,    0,    0,    0,    0,    0,    0,    0,    0,    0,    0,    0,    0,    0,    0,    0,   -5,    0,    0,    0,    0,
       0,    0,    0,    0,    0,    0,    0,    0,    0,    0,    0,    0,    0,   -2,    0,    0,  -17,   -3,  -31,   -7,    0,  -14,    0,    0,    0,    0,    7,    0,    0,    0,    0,    0,    0,    0,    0,   -2,   -3,   -9,   -3,    0,   -8,    0,    0,    0,    0,    0,    0,    0,    0,    0,    0,    0,
       0,    0,    0,    0,    0,    0,    0,    0,    0,    0,    0,    0,    0,    0,    0,    0,   -5,    0,   -3,   -2,   -4,   -8,    0,    0,    0,    0,    0,   -1,    0,    0,   -2,    0,    0,    0,    0,    0,    0,    0,    0,   -1,    0,    0,    0,    0,    0,    0,    0,    0,    0,    0,    0,    0,
       0,    0,    0,    0,    0,    0,    0,    0,    0,    0,    0,    0,    0,    0,   -3,    0,    0,    0,    0,    0,    0,    0,    0,    0,    0,    0,    0,    0,   -2,    0,   -3,    0,    0,    0,    0,    0,   -3,   -5,    0,    0,   -3,    0,    0,    0,    0,    0,    0,    0,    0,    0,    0,    0,
       0,    0,    0,    0,    0,    0,    0,    0,    0,    0,    0,    0,  -11,   -3,  -40,   -2,    5,    0,    0,    0,   -2,    0,    0,    0,    0,    0,   -7,    0,   -5,    0,   -3,    0,   -3,   -3,   -3,    0,   -5,   -2,    0,   -5,    0,   -2,    0,    0,    0,    0,    0,    0,    0,    0,    0,    0,
       0,    0,    0,    0,    0,    0,    0,    0,    0,    0,    0,    0,    0,    0,    0,    0,   -8,    0,   -5,   -3,    0,   -8,    0,    0,    0,    0,    5,    0,    0,    0,    0,    0,    0,    0,    0,    0,    0,    0,    0,    0,    0,    0,    0,    0,    0,    0,    0,    0,    0,    0,    0,    0,
       0,    0,    0,    0,    0,    0,    0,    0,    0,    0,    0,    0,   -5,    0,    0,    0,    0,    0,    0,    0,    0,    0,    0,    0,    0,    0,    0,    0,    0,    0,    0,    0,    0,    0,    0,    0,    0,    0,    0,    0,    0,    0,    0,    0,    0,    0,    0,    0,    0,    0,    0,    0,
       0,    0,    0,    0,    0,    0,    0,    0,    0,    0,    0,    0,    0,  -10,   -2,   -3,    0,   -5,   -2,   -2,    0,    7,    0,    0,    0,    0,    0,    0,   -7,    0,    0,    0,   -3,   -3,   -1,   -1,   -4,   -2,   -5,    0,   -7,    0,    0,    0,    0,    0,    0,    0,    0,    0,    0,    0,
       0,    0,    0,    0,    0,    0,    0,    0,    0,    0,    0,    0,    0,   -3,    0,    0,  -33,   -7,  -17,  -10,    0,  -20,    0,    0,    0,    0,    0,    0,    0,    0,    0,    0,    0,    0,    0,   -2,    0,   -8,   -2,    0,   -7,    7,    0,    0,    0,    0,    0,    0,    0,    0,    0,    0,
       0,    0,    0,    0,  -33,  -33,    0,    0,    0,    0,    0,    0,  -13,    0,  -25,    0,    0,    0,    0,    3,   -5,    0,   -5,    0,    0,    0,   -2,    0,   -3,    3,   -3,    0,    0,    0,    0,    5,   -2,    3,    5,    0,    3,    0,    0,    0,    0,    0,    0,    0,    0,    0,    0,    0,
       0,    0,    0,    0,    0,    0,    0,    0,    0,    0,    0,    0,    0,   -3,    0,    0,   -5,   -2,   -5,    0,    0,   -7,    0,    0,    0,    0,    1,    0,   -2,    0,    0,    0,    0,    0,    0,    0,   -3,    0,    0,    0,    0,    0,    0,    0,    0,    0,    0,    0,    0,    0,    0,    0,
       0,    0,    0,    0,    0,    0,    0,    0,    0,    0,    0,    0,    0,    0,    0,    0,    0,    0,    0,    0,   -5,   -5,    0,    0,    0,    0,    0,    0,    0,    0,    0,    0,    0,    0,    0,    0,    0,    0,    0,    0,    0,    0,    0,    0,    0,    0,    0,    0,    0,    0,    0,    0,
       0,    0,    0,    0,    0,  -33,    0,    0,    0,    0,    0,    0,  -17,   -7,  -22,    0,   10,    0,    3,    3,    0,    3,    0,    0,    0,    0,  -33,    0,  -40,    0,  -15,    0,  -20,   -7,  -33,    0,  -40,   -3,  -40,   -5,   -3,  -40,    0,    0,    0,    0,    0,    0,    0,    0,    0,    0,
       0,    0,    0,    0,    0,    0,    0,    0,    0,    0,    0,    0,   -3,    0,   -3,   -3,    0,    0,    0,    0,   -3,   -3,    0,    0,    0,    0,    0,    0,    0,    0,    0,    0,    0,    0,    0,    0,    0,    0,    0,   -2,    0,    0,    0,    0,    0,    0,    0,    0,    0,    0,    0,    0,
       0,    0,    0,    0,    0,    0,    0,    0,    0,    0,    0,    0,  -11,   -4,  -18,   -3,    3,    0,    0,    0,    0,    0,    0,    0,    0,    0,   -4,    0,   -8,    0,   -7,    0,   -4,   -4,   -5,    0,   -3,    0,    0,    0,    0,   -2,    0,    0,    0,    0,    0,    0,    0,    0,    0,    0,
       0,    0,    0,    0,    0,    0,    0,    0,    0,    0,    0,    0,   -7,   -2,  -10,   -3,    3,    0,    0,    0,    0,    0,    0,    0,    0,    0,   -3,    0,   -5,    0,   -7,    0,   -1,   -1,    0,    0,   -3,    0,    0,    0,    0,    0,    0,    0,    0,    0,    0,    0,    0,    0,    0,    0,
       0,    0,    0,    0,    0,    0,    0,    0,    0,    0,    0,    0,    0,   -9,    0,   -5,    0,   -3,    0,    0,    0,    0,    0,    0,    0,    0,    0,    0,   -5,    0,   -1,    0,    0,    0,    0,    0,   -3,   -9,   -6,    0,   -8,    0,    0,    0,    0,    0,    0,    0,    0,    0,    0,    0,
       0,    0,    0,    0,    0,    0,    0,    0,    0,    0,    0,    0,  -14,   -9,  -23,   -8,    3,   -3,    0,    0,    0,    0,    0,    0,    0,    0,  -11,    0,  -14,    0,  -13,    0,   -8,   -7,  -12,    0,   -7,   -3,   -3,   -7,   -3,   -3,    0,    0,    0,    0,    0,    0,    0,    0,    0,    0,
       0,    0,    0,    0,    0,    0,    0,    0,    0,    0,    0,    0,    0,   -2,    0,    0,    0,    0,    0,    0,    0,    0,    0,    0,    0,    0,    0,    0,   -2,    0,    0,    0,    0,    0,    0,    0,   -2,   -2,    0,    0,    0,    0,    0,    0,    0,    0,    0,    0,    0,    0,    0,    0,
       0,    0,    0,    0,    0,    0,    0,    0,    0,    0,    0,    0,    0,    0,    0,    0,    0,    0,    0,    0,    0,    0,    0,  -31,    0,    0,    0,    0,    0,    0,    0,    0,    0,    0,    0,    0,    0,    0,    0,    0,    0,    0,    0,    0,    0,    0,   -2,   -7,    0,    0,    0,    0,
       0,    0,    0,    0,    0,    0,    0,    0,    0,    0,    0,    0,    0,    0,    0,    0,    0,    0,    0,    0,    0,    0,    0,    0,    0,    0,    0,    0,    0,    0,    0,    0,    0,    0,    0,    0,    0,    0,    0,    0,    0,    0,    0,    0,    0,    0,    0,  -11,    3,    0,    0,    0,
       0,    0,    0,    0,    0,    0,    0,    0,    0,    0,    0,    0,    7,   -7,    0,    0,  -22,   -3,   -9,   -3,    0,  -18,    0,    0,    0,    0,    3,    0,    0,    0,    0,    0,    0,    0,    0,    0,   -3,   -4,   -2,    0,    0,    0,    0,    0,    0,    0,    0,    0,    0,    0,    0,    0,
       0,    0,    0,    0,    0,    0,    0,    0,    0,    0,    0,    0,    0,    0,    0,    0,  -16,    0,   -8,   -5,   -5,  -13,   -3,    0,    0,    0,    0,    0,    0,    0,    0,    0,    0,    0,    0,    0,    0,   -2,    0,    0,    0,   -3,    0,    0,    0,    0,    0,    0,    0,    0,    0,    0,
       0,    0,    0,    0,    0,    0,    0,    0,    0,    0,    0,    0,    0,    0,    0,    0,  -10,    0,   -5,   -3,   -2,  -12,    0,    0,    0,    0,    0,    0,    0,    0,    0,    0,    0,    0,    0,    0,    0,    0,    0,    0,    0,    0,    0,    0,    0,    0,    0,    0,    0,    0,    0,    0,
       0,    0,    0,    0,    0,    0,    0,    0,    0,    0,    0,    0,    0,    0,    0,    0,    0,    0,    0,    0,    0,    0,    0,    0,    0,    0,    0,    0,    0,    0,    0,    0,    0,    0,    0,    0,    5,    0,    0,    0,    0,    0,    0,    0,    0,    0,    0,    0,    0,    0,    0,    0,
       0,    0,    0,    0,    0,    0,    0,    0,    0,    0,    0,    0,    0,    0,    0,    0,  -15,    0,   -7,   -3,   -3,  -12,    0,    0,    0,    0,    1,    0,    0,    0,   -2,    0,    0,    0,    0,    0,    0,   -2,    0,    0,   -2,    0,    0,    0,    0,    0,    0,    0,    0,    0,    0,    0,
       0,    0,    0,    0,    0,    0,    0,    0,    0,    0,    0,    0,   -7,    0,    0,    0,   20,    0,   18,   17,   17,   17,   17,    0,    0,    0,    0,    0,  -10,    0,    0,    0,    0,    0,    0,    1,    0,    3,    1,    0,    0,    1,    0,    0,    0,    0,    0,    0,    0,    0,    0,    0,
       0,    0,    0,    0,   -2,    0,    0,    0,    0,    0,    0,    0,   -5,   -3,    0,   -2,    0,    0,    0,    0,    0,   -5,    0,    0,    0,    0,   -2,    0,   -7,    0,    0,    3,    0,    0,   -3,    0,   -3,    0,    0,    0,    0,    0,    0,    0,    0,    0,    0,    0,    0,    0,    0,    0,
       0,    0,    0,    0,    0,    0,    0,    0,    0,    0,    0,    0,    0,    0,    0,    0,  -10,    0,   -5,    0,    0,   -8,    0,    0,    0,    0,    0,    0,    0,    0,    0,    0,    0,    0,    0,    0,    0,   -2,    0,    0,   -2,    0,    0,    0,    0,    0,    0,    0,    0,    0,    0,    0,
       0,    0,    0,    0,    0,    0,    0,    0,    0,    0,    0,    0,    0,    0,    0,    0,  -10,    0,    0,    0,    0,    0,    0,    0,    0,    0,    0,    0,    0,    0,    0,    0,    0,    0,    0,    0,    0,    0,    0,    0,    0,    0,    0,    0,    0,    0,    0,    0,    0,    0,    0,    0,
       0,    0,    0,    0,    0,    0,    0,    0,    0,    0,    0,    0,    0,    0,    0,    0,  -10,   -3,    0,    0,    0,    0,    0,    0,    0,    0,    0,    0,    0,    0,    0,    2,    0,    0,    0,    0,    0,    0,    0,    0,    0,    0,    0,    0,    0,    0,    0,    0,    0,    0,    0,    0,
       0,    0,    0,    0,    0,    0,    0,    0,    0,    0,    0,    0,    0,   -3,    0,    0,    0,    0,    0,    0,    0,   -7,    0,    0,    0,    0,   -1,   -2,   -7,    0,    0,   -2,    0,    0,   -2,    0,   -2,    0,    0,    0,    0,    0,    0,    0,    0,    0,    0,    0,    0,    0,    0,    0,
       0,    0,    0,    0,    0,    0,    0,    0,    0,    0,    0,    0,    0,   -7,    0,    0,   -8,    0,  -10,   -7,    0,  -10,    0,    0,    0,    0,    0,    0,   -3,    0,   -3,   -5,    0,    0,    0,   -1,   -2,   -8,   -5,    0,   -5,    0,    0,    0,    0,    0,    0,    0,    0,    0,    0,    0,
       0,    0,    0,    0,    0,    0,    0,    0,    0,    0,    0,    0,    0,    0,    0,    0,   -7,    0,   -7,    0,    0,   -5,    0,    0,    0,    0,    0,    0,    0,    0,    0,    0,    0,    0,    0,    0,    0,    0,    0,    0,    0,    0,    0,    0,    0,    0,    0,    0,    0,    0,    0,    0,
       0,    0,    0,    0,    0,  -40,    0,    0,    0,    0,    0,    0,  -10,    0,    0,    0,   -3,    0,    0,    0,   -5,    0,    0,    0,    0,    0,   -4,    0,   -7,    0,   -5,   -3,    0,    0,    0,    0,    0,   17,   17,    0,    0,    0,    0,    0,    0,    0,    0,    0,    0,    0,    0,    0,
       0,    0,    0,    0,    0,    0,    0,    0,    0,    0,    0,    0,    0,   -2,    0,    0,  -15,    0,   -2,    0,   -2,   -7,    0,    0,    0,    0,    3,    0,    0,    0,    0,    0,    0,    0,    0,    0,    0,    0,    0,   -2,    0,    0,    0,    0,    0,    0,    0,    0,    0,    0,    0,    0,
       0,    0,    0,    0,    0,    0,    0,    0,    0,    0,    0,    0,    0,    0,    0,    0,    0,    0,    0,    0,    0,    0,    0,    0,    0,    0,    0,    0,   -2,   -8,   -2,    0,    0,    0,    7,    0,    0,    0,   13,    0,    0,    0,    0,    0,    0,    0,    0,    0,    0,    0,    0,    0,
       0,    0,    0,    0,    0,    0,    0,    0,    0,    0,    0,    0,    0,    0,    0,    0,  -10,    0,   -3,   -3,    0,   -5,    0,    0,    0,    0,    0,    0,    0,    0,   -3,    0,    0,    0,    0,    0,    0,    0,    0,    0,    0,    0,    0,    0,    0,    0,    0,    0,    0,    0,    0,    0,
       0,    0,    0,    0,    0,    0,    0,    0,    0,    0,    0,    0,   -8,    0,    0,    0,   -3,    0,    0,    0,   -9,   -3,   -7,    0,    0,    0,   -1,    0,   -2,    0,   -2,    0,    0,    0,   -2,   17,    0,   17,    0,    0,    0,    0,    0,    0,    0,    0,    0,    0,    0,    0,    0,    0,
       0,    0,    0,    0,    0,    0,    0,    0,    0,    0,    0,    0,   -2,    0,    0,    0,   -3,    0,    0,    0,   -6,   -3,   -2,    0,    0,    0,    1,    0,    0,    0,    0,    0,    0,    0,   -2,   17,    0,   13,    0,    0,    0,    0,    0,    0,    0,    0,    0,    0,    0,    0,    0,    0,
       0,    0,    0,    0,    0,    0,    0,    0,    0,    0,    0,    0,    0,   -3,    0,    0,   -5,   -2,    0,    0,    0,   -7,    0,    0,    0,    0,    0,    0,    0,    0,    0,    0,    0,    0,   -2,   17,   -2,    0,    0,    0,    0,    0,    0,    0,    0,    0,    0,    0,    0,    0,    0,    0,
       0,    0,    0,    0,    0,    0,    0,    0,    0,    0,    0,    0,   -8,    0,    0,    0,   -3,    0,    0,    0,   -7,   -3,   -3,    0,    0,    0,    0,    0,   -2,    0,   -5,    0,    0,    0,   -3,    0,    0,    0,    0,    0,    0,    0,    0,    0,    0,    0,    0,    0,    0,    0,    0,    0,
       0,    0,    0,    0,    0,    0,    0,    0,    0,    0,    0,    0,    0,    0,    0,    0,   -3,    0,    0,    0,    0,   -3,    0,    0,    0,    0,    0,    0,   -3,    0,    0,    0,    0,    0,    0,    0,    0,    0,    0,    0,    0,    0,    0,    0,    0,    0,    0,    0,    0,    0,    0,    0,
       0,    0,    0,    0,    0,    0,    0,    0,    0,    0,    0,    0,    0,    0,    0,    0,    0,    0,    0,    0,    0,    0,    0,    0,    0,    0,    0,    0,    0,    0,    0,    0,    0,    0,    0,    0,    0,    0,    0,    0,    0,    0,    0,    0,    0,    0,    0,    3,    0,    0,    0,    0,
       0,    0,    0,    0,    0,    0,    0,    0,    0,    0,    0,    0,    0,    0,    0,    0,    0,    0,    0,    0,    0,    0,    0,    0,    0,    0,    0,    0,    0,    0,    0,    0,    0,    0,    0,    0,    0,    0,    0,    0,    0,    0,    0,    0,    0,    0,    0,  -10,    0,    0,    0,    0,
       3,    0,    0,   -2,    0,    0,  -13,    0,    0,    0,    0,    0,    0,    0,    0,    0,    0,    0,    0,    0,    0,    0,    0,   -7,    0,  -18,    0,    0,    0,    0,    0,    0,    0,    0,    0,    0,    0,    0,    0,    0,    0,    0,    7,    8,   -7,    0,    0,    0,    0,    0,    0,    1,
       0,    0,    0,   -7,    0,    0,   -4,    0,    0,    0,    0,    0,    0,    0,    0,    0,    0,    0,    0,    0,    0,    0,    0,   -2,    0,  -11,    0,    0,    0,    0,    0,    0,    0,    0,    0,    0,    0,    0,    0,    0,    0,    0,    0,    3,    0,    0,    0,    0,    0,    0,    0,    0,
       0,    0,    0,   -5,    0,    0,  -10,    0,    0,    0,    0,    0,    0,    0,    0,    0,    0,    0,    0,    0,    0,    0,    0,    0,    0,  -18,    0,    0,    0,    0,    0,    0,    0,    0,    0,    0,    0,    0,    0,    0,    0,    0,    0,    3,   -7,    0,    0,    0,    0,    0,    0,    0,
       0,   33,   42,   24,    0,    0,    0,    0,    0,    0,    0,    0,    0,    0,    0,    0,    0,    0,    0,    0,    0,    0,    0,   37,   44,    0,    0,   13,    0,    0,    0,    0,    0,    0,    0,    0,    0,    0,    0,    0,    0,    0,    0,    0,    0,    0,    0,    3,   20,   30,   37,    0,
       0,   21,   35,    9,    0,    0,    0,    0,    0,    0,    0,    0,    0,    0,    0,    0,    0,    0,    0,    0,    0,    0,    0,   29,   33,    0,    0,   13,    0,    0,    0,    0,    0,    0,    0,    0,    0,    0,    0,    0,    0,    0,    0,    0,    0,    0,    0,    3,   20,   22,   26,    0,
       0,    0,   11,    0,    0,    0,    0,    0,    0,    0,    0,    0,    0,    0,    0,    0,    0,    0,    0,    0,    0,    0,    0,    0,    7,    0,    0,    0,    0,    0,    0,    0,    0,    0,    0,    0,    0,    0,    0,    0,    0,    0,    0,    0,    0,    0,    0,    0,    0,    4,    4,    0,
       0,    0,    0,    0,    0,    0,    0,  -13,    0,    0,    0,    0,    0,    0,    0,    0,    0,    0,    0,    0,    0,    0,    0,    0,    0,    0,    0,    0,    0,    0,    0,    0,    0,    0,    0,    0,    0,    0,    0,    0,    0,    0,    0,    0,    0,    2,    0,    0,    0,    0,    0,    0,
       0,    0,    0,    0,    0,    0,    0,    0,  -13,    0,    0,   -7,    0,    0,    0,    0,    0,    0,    0,    0,    0,    0,    0,    0,    0,    0,    0,    0,    0,    0,    0,    0,    0,    0,    0,    0,    0,    0,    0,    0,    0,    0,    0,    0,    0,    0,    0,    0,    0,    0,    0,    0,
       0,    0,    0,    0,    0,    0,    0,    0,  -20,  -13,    0,   -7,    0,    0,    0,    0,    0,    0,    0,    0,    0,    0,    0,    0,    0,    0,    0,    0,    0,    0,    0,    0,    0,    0,    0,    0,    0,    0,    0,    0,    0,    0,    0,    0,    0,    0,    0,    0,    0,    0,    0,    0,
       0,    0,    0,    0,    0,    0,    0,    0,    0,    0,    0,    0,    0,    0,    0,    0,    0,    0,    0,    0,    0,    0,    0,    0,    0,    0,    0,    0,    0,    0,    0,    0,    0,    0,    0,    0,    0,    0,    0,    0,    0,    0,    0,    0,    0,    2,    0,    0,    0,    0,    0,    0,
};

static const EpdLigaturePair quicksand_10_bolditalicLigaturePairs[] = {
    { 0x00660069, 0xFB01 }, // f i -> U+FB01
    { 0x0066006C, 0xFB02 }, // f l -> U+FB02
};

static const EpdFontData quicksand_10_bolditalic = {
    quicksand_10_bolditalicBitmaps,
    quicksand_10_bolditalicGlyphs,
    quicksand_10_bolditalicIntervals,
    57,
    26,
    21,
    -6,
    true,
    quicksand_10_bolditalicGroups,
    11,
    nullptr,
    quicksand_10_bolditalicKernLeftClasses,
    quicksand_10_bolditalicKernRightClasses,
    quicksand_10_bolditalicKernMatrix,
    221,
    162,
    69,
    52,
    quicksand_10_bolditalicLigaturePairs,
    2,
};
