/**
 * generated by fontconvert.py
 * name: quicksand_16_italic
 * size: 16
 * mode: 2-bit  compressed: true
 * Command used: fontconvert.py quicksand_16_italic 16 ../builtinFonts/source/Quicksand/Quicksand-Medium.ttf --2bit --compress --pnum --darken-aa
 */
#pragma once
#include "EpdFontData.h"

static const uint8_t quicksand_16_italicBitmaps[18969] = {
    0xBD, 0x5A, 0xBD, 0x8F, 0xEC, 0xD4, 0x15, 0x3F, 0xB6, 0xDF, 0xAE, 0x03, 0x2E, 0xBC, 0x05, 0x1B,
    0x45, 0xA0, 0xE0, 0x14, 0xAF, 0x78, 0xCA, 0x07, 0x6E, 0x29, 0xD8, 0xB9, 0x16, 0x48, 0xA1, 0xDD,
    0xE2, 0x0D, 0x29, 0x68, 0x28, 0x52, 0x85, 0xE2, 0x11, 0x09, 0x29, 0x29, 0x76, 0xC7, 0x56, 0x52,
    0xA6, 0xE0, 0x15, 0x51, 0x9A, 0x14, 0xA1, 0x20, 0xD2, 0xCB, 0x20, 0x25, 0x14, 0x14, 0x1B, 0x69,
    0x66, 0x6D, 0xA0, 0x48, 0x41, 0x81, 0x15, 0xFE, 0x00, 0x4C, 0x78, 0x91, 0x80, 0x06, 0x47, 0x31,
    0xC1, 0xFB, 0x9E, 0x67, 0x9C, 0xDF, 0xEF, 0x5C, 0xCF, 0xEC, 0xCE, 0xCB, 0x7B, 0xCB, 0xAE, 0x20,
    0xCC, 0x8E, 0xCF, 0xCC, 0x7A, 0xEF, 0xBD, 0x3E, 0xF7, 0x7C, 0xFC, 0xCE, 0xC7, 0xDD, 0x2B, 0x62,
    0x36, 0x7E, 0x62, 0xFD, 0x79, 0x42, 0x7F, 0x1E, 0xC7, 0xCF, 0x77, 0xC5, 0xBE, 0x9E, 0x18, 0xFE,
    0xBE, 0x25, 0xD7, 0x4D, 0xD2, 0x19, 0xA7, 0x33, 0x6E, 0x3B, 0x71, 0xEB, 0x03, 0xAF, 0x9E, 0x79,
    0xD5, 0x91, 0x57, 0xBC, 0xE9, 0x15, 0x6F, 0x78, 0x99, 0x48, 0x22, 0x3B, 0x22, 0x5E, 0x2D, 0xED,
    0x9A, 0x56, 0x4E, 0x23, 0xE2, 0x57, 0x6E, 0x0D, 0x5A, 0x82, 0xFA, 0x3D, 0x5E, 0x59, 0x48, 0x5A,
    0xEA, 0xF7, 0x42, 0xC2, 0xCC, 0x2F, 0x45, 0xA2, 0x24, 0x28, 0x04, 0x0F, 0x0F, 0xD7, 0xD4, 0xE0,
    0x2F, 0x03, 0xDD, 0xCA, 0xC7, 0x37, 0x7E, 0x2B, 0x86, 0xE3, 0x07, 0xBA, 0xB5, 0x18, 0xA7, 0xD7,
    0x45, 0x3A, 0x19, 0x09, 0xE9, 0x04, 0xB4, 0x95, 0x43, 0x11, 0x3C, 0x6E, 0x86, 0xEF, 0xB5, 0x1C,
    0x90, 0xEF, 0x7D, 0x5C, 0x0E, 0x1E, 0x2D, 0x6E, 0xB3, 0x22, 0xC1, 0x02, 0xA4, 0xEF, 0x95, 0x93,
    0x85, 0x84, 0xFF, 0xF9, 0x4F, 0x2F, 0xF1, 0xAF, 0x9A, 0x58, 0x8C, 0xDB, 0x6C, 0x91, 0xC8, 0x40,
    0x9E, 0x06, 0x89, 0xFE, 0x01, 0x12, 0xF6, 0x20, 0x6E, 0xBF, 0xC4, 0xB4, 0xB8, 0xAF, 0xF8, 0xB5,
    0x03, 0xB9, 0xD3, 0x73, 0xBD, 0x34, 0x01, 0x89, 0x33, 0x90, 0x30, 0xDB, 0x21, 0x99, 0xF1, 0xD7,
    0xFE, 0xE9, 0x26, 0x17, 0x73, 0x17, 0xCB, 0x07, 0x3D, 0x27, 0xE7, 0x7D, 0x76, 0x96, 0x03, 0x25,
    0xCA, 0x15, 0xF9, 0x73, 0x6E, 0x09, 0xC4, 0x1A, 0xF6, 0x89, 0x44, 0x12, 0x7F, 0x56, 0x60, 0xBF,
    0x23, 0xAF, 0x92, 0xB9, 0xCC, 0xDC, 0xDA, 0x69, 0x49, 0x21, 0xC8, 0xCE, 0xA9, 0x83, 0x52, 0x66,
    0x4E, 0x1D, 0x65, 0xBC, 0x63, 0x44, 0xF6, 0xBC, 0x6A, 0x0E, 0x26, 0xFF, 0x50, 0x74, 0x64, 0xF0,
    0x19, 0x2C, 0xE6, 0x76, 0x41, 0x99, 0x82, 0xBD, 0xF0, 0xAD, 0x1E, 0x72, 0x37, 0x5E, 0x8D, 0xBF,
    0xCF, 0xFD, 0x02, 0xE2, 0xE9, 0x82, 0x22, 0x86, 0x3A, 0x42, 0xD0, 0xA0, 0x0C, 0x33, 0x0A, 0x97,
    0xDF, 0x8D, 0x04, 0x85, 0x91, 0x63, 0xE1, 0xC8, 0x0E, 0xBB, 0x6A, 0x21, 0x34, 0xC9, 0x2B, 0xB2,
    0xB5, 0x05, 0xB6, 0xFE, 0x0C, 0x9E, 0xB1, 0x34, 0xD6, 0xA7, 0xC4, 0x41, 0x97, 0x62, 0x32, 0x8A,
    0x3A, 0xC8, 0x04, 0x8C, 0x39, 0x78, 0x62, 0xCB, 0xB1, 0x4E, 0xA7, 0x16, 0xB2, 0x50, 0x9A, 0xEA,
    0x1D, 0xE8, 0x14, 0x72, 0xA6, 0xAC, 0x24, 0x7E, 0xA7, 0x95, 0x2B, 0xB8, 0xBD, 0x94, 0x3D, 0xE8,
    0x25, 0xCD, 0x0E, 0xB1, 0x40, 0x54, 0xCD, 0x40, 0xFD, 0xB6, 0x03, 0x75, 0xF0, 0x58, 0x2C, 0x60,
    0x6A, 0xC9, 0xF1, 0xB4, 0x9A, 0x8F, 0x48, 0x17, 0x12, 0x9D, 0x3C, 0xDF, 0xE7, 0x19, 0x14, 0xD4,
    0x46, 0x05, 0xA5, 0xE7, 0x15, 0xE2, 0xEC, 0x2B, 0x5F, 0x26, 0xA1, 0x19, 0x4E, 0xA0, 0xDD, 0x99,
    0x1C, 0xC9, 0x9B, 0xF2, 0x06, 0xEE, 0x7E, 0x8F, 0x9C, 0x84, 0x8D, 0x18, 0x8C, 0x25, 0x3B, 0x10,
    0x18, 0xA4, 0x05, 0x0B, 0x8A, 0x13, 0x8C, 0xE5, 0x1B, 0xD6, 0x31, 0xDF, 0x7C, 0x4F, 0x64, 0xF8,
    0x13, 0x94, 0x87, 0x91, 0x18, 0x8F, 0x59, 0x2E, 0x38, 0x01, 0x1B, 0xA6, 0x94, 0xA0, 0xE1, 0x1E,
    0x65, 0xE7, 0x11, 0x3B, 0xCC, 0xDE, 0xE8, 0x74, 0x7F, 0xC3, 0x84, 0x8A, 0x13, 0x38, 0xA7, 0xA1,
    0xE1, 0x71, 0x0F, 0x67, 0xDE, 0x98, 0x8B, 0xFB, 0x76, 0x40, 0x58, 0x0A, 0x36, 0x61, 0x12, 0x88,
    0xC0, 0xEB, 0x74, 0x8B, 0x85, 0xDA, 0x2C, 0x5E, 0xF0, 0x95, 0x97, 0x65, 0xE7, 0xE5, 0x9D, 0xBD,
    0x9F, 0xD7, 0x71, 0x5F, 0x3A, 0x34, 0x97, 0xC4, 0xFC, 0xA2, 0x7E, 0xF2, 0xA5, 0x37, 0x70, 0x5F,
    0x5E, 0xC2, 0x08, 0xEA, 0xC0, 0xAB, 0xCF, 0x21, 0xBB, 0x3F, 0xF9, 0x7C, 0x0C, 0x09, 0xC1, 0x8D,
    0x52, 0xFA, 0x95, 0x78, 0xCD, 0x79, 0x33, 0xDC, 0x7A, 0xED, 0xCF, 0x79, 0xD6, 0x17, 0x41, 0x11,
    0x66, 0xA9, 0xBA, 0x0B, 0x0C, 0xDB, 0xF4, 0x8D, 0xE9, 0xEB, 0x27, 0x4C, 0x4A, 0xE6, 0x5C, 0x3E,
    0x98, 0x5E, 0xA9, 0x8E, 0x28, 0x11, 0x7F, 0x35, 0x9C, 0x48, 0x3F, 0xE3, 0x1E, 0x55, 0x3C, 0x76,
    0x51, 0xBF, 0xFA, 0x46, 0x86, 0xCD, 0x06, 0x89, 0xE1, 0xB5, 0x7D, 0x42, 0x53, 0xEB, 0x4B, 0x58,
    0x0F, 0xDC, 0xCB, 0x5B, 0xF8, 0x2A, 0xD7, 0x9E, 0xD3, 0x0C, 0xF5, 0x13, 0x67, 0x86, 0x6B, 0x9C,
    0x12, 0x2C, 0x10, 0x94, 0xF7, 0x90, 0x94, 0xE4, 0xCC, 0x38, 0xF8, 0x5F, 0x01, 0x45, 0xC5, 0x19,
    0x14, 0x06, 0xD7, 0xA8, 0xA9, 0xAF, 0xE5, 0xEB, 0x9D, 0xC5, 0x0A, 0x08, 0x08, 0xDC, 0x38, 0xD7,
    0xC9, 0xAA, 0x50, 0x9F, 0x79, 0xE1, 0xF7, 0x45, 0x0C, 0xA9, 0xBF, 0x57, 0xEC, 0xE1, 0xB1, 0x97,
    0x7D, 0xFB, 0x85, 0x3C, 0x7C, 0x9B, 0x4B, 0xD3, 0xC8, 0xAB, 0xB0, 0x0A, 0x1A, 0x93, 0xB8, 0x1D,
    0x7D, 0xF5, 0x8A, 0xDD, 0xE9, 0x6C, 0x10, 0x4C, 0x67, 0xDD, 0xCC, 0x07, 0x0B, 0xE0, 0x4B, 0x3D,
    0x10, 0xBE, 0xE8, 0x75, 0xEA, 0x2C, 0x12, 0x43, 0x4E, 0x39, 0x20, 0x08, 0xCE, 0xE7, 0x63, 0x54,
    0x74, 0x67, 0x7A, 0x8B, 0xE8, 0x18, 0xF7, 0x8A, 0x56, 0x10, 0x51, 0x5F, 0xC3, 0x36, 0xEA, 0xDD,
    0xF1, 0x0D, 0xCE, 0x4D, 0xE8, 0xC3, 0xE2, 0x61, 0x60, 0x08, 0x21, 0x1B, 0xCE, 0xBD, 0x4D, 0x11,
    0x92, 0x0F, 0xFC, 0x12, 0x61, 0x41, 0x9A, 0x8F, 0xD3, 0x9D, 0x3E, 0x7B, 0x75, 0x79, 0xCD, 0x8F,
    0x20, 0x12, 0x73, 0x33, 0x2D, 0xB1, 0x76, 0xE2, 0x13, 0x61, 0x76, 0x55, 0x15, 0xC9, 0x4A, 0x6F,
    0x01, 0x49, 0x4C, 0x92, 0x92, 0x50, 0x66, 0xDE, 0x17, 0x20, 0xC1, 0x47, 0x20, 0xD1, 0x3B, 0xB5,
    0x42, 0x12, 0x60, 0x82, 0x2E, 0xD3, 0xD2, 0x43, 0x89, 0x6B, 0x51, 0x01, 0x62, 0xA6, 0xAF, 0xDF,
    0x49, 0x68, 0xC2, 0x65, 0xAA, 0xE1, 0xE0, 0x7C, 0x83, 0x17, 0x57, 0x11, 0x4A, 0x22, 0xEC, 0x0B,
    0xBC, 0xD4, 0x66, 0x3A, 0xA5, 0xB6, 0xD5, 0xA5, 0xF6, 0x70, 0x11, 0xF6, 0x67, 0x3F, 0xCB, 0xE0,
    0x13, 0x0B, 0x6C, 0xAB, 0x4F, 0xF2, 0x24, 0x2D, 0x77, 0x94, 0x3B, 0xDD, 0x5B, 0xAB, 0x71, 0x42,
    0x2F, 0x7E, 0xA7, 0xF7, 0xFA, 0xF5, 0x91, 0x44, 0x65, 0xFF, 0xBB, 0x3E, 0x4B, 0x21, 0x36, 0x0B,
    0x5B, 0x7C, 0x05, 0xB4, 0xBF, 0x1C, 0xFC, 0xF8, 0xC0, 0x66, 0x89, 0x38, 0x8B, 0x32, 0xA3, 0xFC,
    0x15, 0x29, 0x86, 0x7D, 0xAB, 0x93, 0xBC, 0x0B, 0x0D, 0x44, 0x39, 0x98, 0x27, 0x4B, 0x40, 0x33,
    0x28, 0x08, 0x63, 0x17, 0x16, 0x63, 0x94, 0x8C, 0xD6, 0x44, 0x7F, 0x05, 0x34, 0x1D, 0x43, 0xA3,
    0x90, 0xB5, 0x7F, 0xF2, 0x58, 0x03, 0xF4, 0xE5, 0x63, 0x53, 0x3E, 0x48, 0x81, 0xCE, 0x82, 0xEE,
    0x92, 0xD7, 0xD6, 0x78, 0xDC, 0x59, 0xA5, 0x70, 0x03, 0x7C, 0x26, 0x1F, 0xA9, 0x51, 0x32, 0xB3,
    0xFE, 0x31, 0xB1, 0x3A, 0xDA, 0x18, 0x52, 0x6D, 0x0E, 0x49, 0x07, 0x84, 0x26, 0xDB, 0xCD, 0xB0,
    0x3F, 0x07, 0x0F, 0xCB, 0x61, 0xE4, 0x90, 0x79, 0x78, 0x72, 0xA3, 0x86, 0x2E, 0x9A, 0x38, 0x71,
    0x5A, 0x0C, 0xEF, 0x78, 0xC5, 0xB8, 0x78, 0x2F, 0xA8, 0xC3, 0x0A, 0xEC, 0x65, 0xBC, 0x38, 0x2E,
    0x2E, 0x3C, 0x1D, 0x43, 0x4C, 0xC5, 0x35, 0xE1, 0xA7, 0x8E, 0x2F, 0xBC, 0x8E, 0x7F, 0xE7, 0x7A,
    0x92, 0x2E, 0x07, 0x19, 0xB6, 0x1A, 0x6C, 0x33, 0x3E, 0x05, 0x50, 0x58, 0xC3, 0x4A, 0x61, 0xB3,
    0x9D, 0xC5, 0xE4, 0xFB, 0xC9, 0xC5, 0x10, 0x81, 0xE3, 0xC2, 0x81, 0x33, 0x37, 0x8F, 0x29, 0x73,
    0x60, 0xBB, 0x5F, 0x82, 0xEF, 0xED, 0x9B, 0xED, 0x86, 0xAD, 0x45, 0xD4, 0x05, 0xE2, 0xAF, 0xB8,
    0x1A, 0x99, 0xF5, 0x41, 0xA5, 0x86, 0xA9, 0x01, 0x27, 0x76, 0xBA, 0x45, 0x77, 0x55, 0x56, 0xAF,
    0x5F, 0x76, 0x8B, 0x99, 0x03, 0x99, 0xD0, 0xC9, 0xB7, 0xE5, 0x7E, 0xAF, 0x28, 0x31, 0x85, 0xA9,
    0xBC, 0xCA, 0x2B, 0xE2, 0x6C, 0xB4, 0xBE, 0x4B, 0xC8, 0x8C, 0x1A, 0x5D, 0x3B, 0x58, 0x6A, 0x7C,
    0xF4, 0x61, 0x00, 0x86, 0x77, 0x32, 0x7B, 0xF1, 0xBB, 0x9A, 0x08, 0xA3, 0x2F, 0xC7, 0x28, 0x1F,
    0x9C, 0xA3, 0x81, 0x5E, 0x76, 0xC7, 0xE3, 0xEB, 0xB4, 0x6C, 0x33, 0x78, 0xE5, 0xD9, 0x17, 0xEF,
    0xF1, 0x6F, 0x8F, 0x4E, 0xA7, 0xB7, 0x76, 0x06, 0x1D, 0x71, 0x36, 0xB7, 0xE3, 0x6E, 0x2C, 0xCE,
    0xC0, 0x4C, 0x69, 0xD2, 0x0E, 0x37, 0x79, 0x49, 0xC9, 0x0B, 0x46, 0x1C, 0x71, 0xC1, 0xEF, 0xDF,
    0xC4, 0xBD, 0x05, 0xBD, 0x03, 0x76, 0x9F, 0x16, 0xC7, 0x90, 0xD5, 0x55, 0x15, 0x9A, 0x3B, 0x58,
    0xFF, 0xCA, 0xEA, 0x79, 0x2F, 0x2A, 0x65, 0x1B, 0x0F, 0x31, 0x58, 0xCB, 0x54, 0xD6, 0x50, 0x56,
    0xD7, 0xE3, 0x67, 0x98, 0x7C, 0x7C, 0x75, 0x3F, 0x61, 0x66, 0xA6, 0x00, 0x7C, 0x7C, 0x53, 0x3F,
    0xE8, 0x60, 0xD4, 0xC2, 0x9D, 0x71, 0x4E, 0x07, 0x5B, 0x5A, 0xC7, 0x20, 0xBA, 0x70, 0x82, 0x26,
    0x03, 0x48, 0xDE, 0x34, 0x4D, 0xF0, 0xD5, 0xD5, 0xAB, 0x37, 0xBD, 0x32, 0x28, 0x90, 0x41, 0xB5,
    0x6E, 0x15, 0x26, 0x41, 0x73, 0xA3, 0x71, 0xEA, 0x18, 0x48, 0x0F, 0x8D, 0xD6, 0x7B, 0x98, 0xE3,
    0xD5, 0x4E, 0xFD, 0x14, 0xC0, 0x8F, 0x9F, 0x07, 0xC2, 0x50, 0xEE, 0x56, 0x47, 0x58, 0xC0, 0xAF,
    0xBC, 0xF2, 0xC8, 0x65, 0x5C, 0xF7, 0x8A, 0x06, 0x9F, 0x21, 0x62, 0x57, 0xE3, 0x32, 0xE4, 0x87,
    0x72, 0x84, 0x2D, 0xE5, 0xC8, 0x73, 0x8E, 0x64, 0x09, 0x4C, 0xEE, 0x80, 0x00, 0xA6, 0x7F, 0x17,
    0xD6, 0xF6, 0x94, 0x84, 0x0B, 0xCA, 0x30, 0x1E, 0xB6, 0x11, 0x26, 0x83, 0x4D, 0x16, 0xF6, 0x53,
    0x43, 0x25, 0xF7, 0xC1, 0xD4, 0x4B, 0x73, 0x95, 0xE5, 0xEB, 0x14, 0x39, 0x9D, 0xD1, 0xFA, 0xC8,
    0xD6, 0x1F, 0xED, 0xC8, 0x87, 0x94, 0xDA, 0x75, 0x88, 0xC0, 0x16, 0x16, 0x06, 0x7B, 0x73, 0xEE,
    0x2A, 0x2A, 0xFD, 0x5B, 0x01, 0xEA, 0xC3, 0x56, 0x21, 0xA1, 0xD3, 0x18, 0x36, 0xD7, 0x20, 0x66,
    0x25, 0x4A, 0xD9, 0x8D, 0x34, 0xA4, 0xCD, 0xD4, 0x31, 0x3B, 0xBA, 0x28, 0xB0, 0x17, 0x7C, 0xC2,
    0xC6, 0x19, 0xC5, 0x40, 0x3B, 0xE5, 0xAD, 0xD3, 0x01, 0x13, 0x42, 0x84, 0x75, 0x08, 0x7C, 0x1B,
    0xE9, 0x82, 0x4F, 0xAD, 0x50, 0x89, 0xBC, 0x8D, 0xC7, 0x09, 0xCD, 0xA7, 0xD5, 0x7C, 0x58, 0xCC,
    0xF8, 0xB9, 0x9E, 0x8F, 0x8A, 0x8B, 0x7B, 0x42, 0xDF, 0x8A, 0x20, 0x71, 0x9A, 0x4E, 0x17, 0x1B,
    0x33, 0xC6, 0x39, 0xFF, 0x10, 0x30, 0x9D, 0xF4, 0x94, 0x34, 0x6B, 0xB2, 0xBE, 0x17, 0x55, 0x80,
    0xE7, 0xBE, 0x30, 0x43, 0xE2, 0x4D, 0xB9, 0x3C, 0x7A, 0x4B, 0x2C, 0x5E, 0xC5, 0xE4, 0xB8, 0xBF,
    0xBD, 0xBD, 0xF0, 0x60, 0xB6, 0xD7, 0xD4, 0x29, 0x19, 0xA3, 0x14, 0x74, 0x6C, 0xE0, 0x4E, 0xD7,
    0xD1, 0xFB, 0x98, 0x64, 0xBE, 0xFE, 0xA6, 0xF7, 0xCC, 0x9A, 0x30, 0x8E, 0xD9, 0xB9, 0xBE, 0x26,
    0xC8, 0x4B, 0xE2, 0x78, 0x7E, 0xF2, 0xE2, 0x92, 0x86, 0xCC, 0x24, 0x91, 0x7A, 0xD9, 0xDA, 0xE7,
    0xA6, 0xAD, 0xD3, 0xB4, 0x4A, 0xA1, 0x38, 0xEE, 0xA2, 0xE2, 0x22, 0x48, 0xD0, 0x8C, 0x9A, 0x9F,
    0x51, 0x37, 0xB2, 0xA0, 0x37, 0xC8, 0x5E, 0x4E, 0x05, 0xA9, 0x34, 0xFB, 0x1F, 0x9A, 0xDC, 0x3B,
    0xF2, 0xF8, 0x74, 0x1D, 0x4F, 0xD7, 0x8C, 0x34, 0x50, 0x41, 0xE3, 0x2A, 0x0A, 0xD2, 0xDB, 0xAA,
    0x84, 0xEB, 0xF8, 0xB6, 0xD0, 0x6B, 0x3C, 0xDE, 0x3F, 0xEB, 0x41, 0x1B, 0x17, 0x94, 0x65, 0x18,
    0xAC, 0x78, 0xF1, 0xFB, 0x83, 0xC6, 0xF1, 0x9A, 0x6A, 0x10, 0x27, 0xF6, 0x2F, 0xCE, 0xAC, 0xDF,
    0x5D, 0x78, 0xFD, 0xE9, 0xF4, 0xFC, 0xF5, 0x87, 0x6B, 0x4F, 0xCD, 0xE8, 0xD1, 0x4F, 0xD6, 0x06,
    0x1F, 0x5B, 0xAC, 0x85, 0x3E, 0xD5, 0x93, 0x1F, 0xA1, 0x48, 0x57, 0x6A, 0xB1, 0x3A, 0xB5, 0xCA,
    0x1A, 0xA8, 0xAA, 0xD0, 0x6A, 0x93, 0x8A, 0x85, 0x50, 0x8E, 0xA9, 0xA8, 0x04, 0xF7, 0xA7, 0x79,
    0x32, 0x48, 0x95, 0x88, 0x91, 0x50, 0xBB, 0x71, 0x42, 0x54, 0x88, 0x13, 0xA6, 0x29, 0x88, 0x32,
    0xD4, 0x5C, 0x02, 0xDC, 0x78, 0x11, 0x5F, 0x42, 0x7D, 0x2E, 0xA6, 0xAA, 0x37, 0x21, 0xFA, 0x5D,
    0x21, 0x78, 0xD3, 0xE2, 0x67, 0x5C, 0xA5, 0xBB, 0x30, 0xA1, 0x07, 0x59, 0x32, 0x9D, 0x4E, 0xBB,
    0x4B, 0xCD, 0xD5, 0xCC, 0xE1, 0xCA, 0xC8, 0xDC, 0xEF, 0xB5, 0x37, 0xC4, 0x93, 0xEE, 0xAB, 0x5E,
    0xDF, 0xD1, 0xA7, 0xB9, 0xAD, 0x01, 0xDC, 0x45, 0x27, 0x79, 0xE5, 0xD3, 0xAC, 0xB9, 0xF7, 0xAD,
    0x64, 0xBD, 0x67, 0x8D, 0xBF, 0x7E, 0x63, 0x3D, 0x0F, 0x26, 0x0C, 0xF3, 0x74, 0x68, 0x85, 0x3E,
    0xCD, 0x3B, 0x66, 0x66, 0x8A, 0x7C, 0xCF, 0x10, 0x65, 0x0D, 0x1D, 0xCE, 0x30, 0x50, 0x98, 0x1C,
    0x6B, 0x98, 0x8E, 0x95, 0x4B, 0x8D, 0xAC, 0x03, 0x98, 0x58, 0x13, 0x4A, 0xE1, 0xE7, 0x76, 0x2E,
    0x22, 0x2A, 0x01, 0x40, 0xA1, 0x80, 0x8B, 0xFA, 0xAD, 0x7A, 0xCA, 0xDE, 0x90, 0x0A, 0x59, 0x81,
    0x8F, 0x2E, 0x60, 0x32, 0x97, 0xBA, 0xE0, 0xA4, 0xC6, 0x2A, 0x84, 0x39, 0x2D, 0x76, 0xA7, 0x66,
    0xD3, 0xD2, 0x24, 0x90, 0x40, 0x14, 0x8C, 0x66, 0x86, 0x59, 0x6D, 0xCB, 0x10, 0x67, 0xDA, 0x11,
    0x6B, 0xAF, 0x76, 0x84, 0x4D, 0x2C, 0xDA, 0x91, 0x49, 0xBC, 0x7F, 0xB5, 0x23, 0x80, 0xFC, 0x87,
    0xED, 0x08, 0xF9, 0xC7, 0x5B, 0xED, 0x08, 0xB0, 0xE4, 0xB4, 0x23, 0xE9, 0x8E, 0x49, 0xF3, 0x8E,
    0xD4, 0xD4, 0xA4, 0x51, 0x45, 0x1A, 0x14, 0xA4, 0x14, 0xDF, 0xF9, 0x54, 0x8D, 0xBE, 0x21, 0x3F,
    0x57, 0x34, 0x61, 0x54, 0x58, 0x26, 0x33, 0x23, 0xF2, 0x32, 0x32, 0x60, 0x62, 0x34, 0x5A, 0x92,
    0x18, 0x12, 0x58, 0xEE, 0x68, 0x04, 0x69, 0x8E, 0x46, 0x90, 0xE6, 0x68, 0x04, 0x3C, 0x00, 0x49,
    0x49, 0xE2, 0x02, 0x24, 0xAC, 0x40, 0xBC, 0x06, 0xC4, 0xE9, 0x40, 0x24, 0x27, 0x31, 0xC7, 0x20,
    0xE1, 0x12, 0xC4, 0x27, 0x71, 0x49, 0x64, 0x49, 0xE8, 0xC6, 0xF5, 0xE2, 0x6B, 0x5A, 0x19, 0x6B,
    0x64, 0x57, 0x14, 0xEB, 0xCB, 0x40, 0xEB, 0x42, 0xD4, 0x63, 0x36, 0xA1, 0x67, 0x5A, 0x03, 0x48,
    0xCE, 0x06, 0xFC, 0x85, 0xB9, 0xA4, 0x5A, 0x64, 0xAB, 0xA3, 0x0D, 0x74, 0x7E, 0xE6, 0xBB, 0x2D,
    0xA1, 0x8C, 0x0C, 0xA6, 0x03, 0x76, 0xE8, 0x6E, 0x7E, 0x4D, 0xB7, 0x65, 0x5D, 0x41, 0xC5, 0xC3,
    0x9D, 0x1D, 0x66, 0xF9, 0x9F, 0xDC, 0x58, 0x88, 0xCD, 0x50, 0xE9, 0xF2, 0x0C, 0x87, 0xC0, 0x54,
    0x80, 0xD8, 0x75, 0xE5, 0xA6, 0x1C, 0x82, 0xC3, 0xF8, 0xB9, 0x05, 0xAD, 0x21, 0xD5, 0xAC, 0x8C,
    0x91, 0x27, 0xCA, 0x36, 0x88, 0x46, 0x23, 0xE6, 0x6C, 0xCE, 0x92, 0x33, 0x3A, 0x12, 0x40, 0x70,
    0x7F, 0xC7, 0x1A, 0xD1, 0x45, 0x88, 0xC5, 0x1E, 0x2B, 0x8D, 0x41, 0x1C, 0x83, 0x3C, 0xAC, 0x40,
    0x06, 0x89, 0xAC, 0x6A, 0x1C, 0x2B, 0x13, 0xB1, 0x42, 0x11, 0x2B, 0x15, 0xB1, 0x62, 0xB1, 0x00,
    0xB4, 0xFE, 0x98, 0x6F, 0xFC, 0x36, 0x94, 0x97, 0x56, 0x38, 0x62, 0xA5, 0x23, 0x56, 0x3C, 0x62,
    0xE5, 0x23, 0x56, 0x40, 0x32, 0x48, 0x68, 0x10, 0xD1, 0x20, 0xA3, 0x95, 0x90, 0x24, 0x2D, 0x2D,
    0x9F, 0x25, 0x73, 0x66, 0xC3, 0xB6, 0x4E, 0x29, 0xF1, 0xEF, 0xFB, 0x4F, 0x35, 0x0B, 0x48, 0xED,
    0xA0, 0xED, 0x7E, 0x95, 0x57, 0xAF, 0x43, 0x73, 0x67, 0x63, 0xD4, 0x2A, 0xD0, 0xAA, 0xEF, 0x9D,
    0x46, 0xD6, 0x53, 0xE2, 0x93, 0x84, 0xAC, 0x45, 0x4D, 0xA6, 0x49, 0xA2, 0x9D, 0x3B, 0x9D, 0xF6,
    0xB2, 0x11, 0xD1, 0xB5, 0x5C, 0xF5, 0x95, 0xE8, 0x52, 0xD5, 0x2A, 0x5C, 0x6B, 0xE5, 0x88, 0xC4,
    0xE2, 0xE1, 0x93, 0x8D, 0xD6, 0x56, 0xE3, 0xF6, 0x5A, 0x0D, 0x73, 0x95, 0xAD, 0x33, 0xD1, 0x96,
    0x46, 0x6F, 0x33, 0x9E, 0x70, 0x99, 0x6C, 0xB4, 0xB6, 0x9C, 0xBC, 0xD3, 0x6D, 0xCB, 0x90, 0x5A,
    0x5B, 0xD8, 0x0F, 0xB3, 0x1D, 0x92, 0x19, 0x7F, 0xC5, 0x5E, 0x81, 0x26, 0x27, 0xCF, 0x6F, 0xB4,
    0xB6, 0x08, 0xDA, 0xC8, 0x72, 0xC7, 0xFB, 0xEC, 0xCC, 0x35, 0x24, 0xF5, 0xEE, 0x73, 0x0B, 0x08,
    0x41, 0xCB, 0xAD, 0xFF, 0x1F, 0x61, 0x29, 0xB3, 0x0E, 0x16, 0x97, 0x03, 0xFC, 0x2F, 0x25, 0x4E,
    0x1B, 0xB3, 0x9B, 0x02, 0x33, 0x09, 0xEA, 0x80, 0x55, 0x8B, 0xD7, 0xBF, 0xCE, 0xCD, 0x13, 0xAF,
    0x43, 0xAD, 0x11, 0x1F, 0xB1, 0x61, 0x61, 0x4B, 0xC1, 0x3D, 0x52, 0x6A, 0xD4, 0xE4, 0x6C, 0xDE,
    0x31, 0x57, 0xE1, 0x69, 0x32, 0xC7, 0xF6, 0x94, 0x36, 0x98, 0x60, 0x77, 0xBE, 0x36, 0x8E, 0x02,
    0x7B, 0x53, 0xB3, 0x3D, 0xE6, 0x79, 0xF3, 0x01, 0x37, 0x27, 0x4A, 0x75, 0xC1, 0x8C, 0x3B, 0x0C,
    0xDF, 0xD6, 0x96, 0xE5, 0x47, 0x9A, 0x5C, 0x7E, 0x41, 0x33, 0xF4, 0xB4, 0xB9, 0xE6, 0xA8, 0xCB,
    0x68, 0x29, 0xAA, 0x2D, 0x2B, 0x8B, 0x2E, 0x2A, 0x0C, 0x36, 0xC4, 0x86, 0xF2, 0xA5, 0x33, 0xAB,
    0xCF, 0xC4, 0x76, 0xEA, 0xB4, 0x66, 0xE2, 0xAE, 0x0A, 0x5A, 0xB2, 0x47, 0x90, 0xF0, 0xF1, 0xAE,
    0xE9, 0x0F, 0x74, 0x09, 0xCF, 0x7E, 0x16, 0x74, 0x93, 0x16, 0x2C, 0xC0, 0xBF, 0x00, 0x89, 0x98,
    0x0D, 0x5F, 0x52, 0x16, 0xE7, 0x5C, 0xF3, 0x98, 0x5B, 0x6C, 0x63, 0x16, 0x2B, 0xC6, 0xAD, 0xC3,
    0x0C, 0xEC, 0xC6, 0xCF, 0xD4, 0xE1, 0xDB, 0xAC, 0x4E, 0xFE, 0x56, 0xFA, 0xEF, 0xB3, 0x67, 0xFA,
    0x5E, 0xE1, 0x31, 0x23, 0x0E, 0x3E, 0xCB, 0xDC, 0xBB, 0x95, 0x68, 0x9D, 0xA2, 0xA5, 0xFD, 0xF0,
    0xC9, 0x8E, 0x45, 0x9A, 0xD9, 0x9A, 0xD5, 0x0C, 0x9A, 0x8C, 0xD8, 0xC9, 0x83, 0x4C, 0xD9, 0xFA,
    0x68, 0x73, 0x35, 0xED, 0x0C, 0x59, 0xB2, 0xF6, 0xCF, 0x7C, 0x8D, 0x68, 0x1D, 0x1F, 0xB9, 0x64,
    0x3F, 0xC4, 0x3C, 0x4B, 0x64, 0x78, 0xAF, 0x10, 0x6D, 0x9C, 0x6A, 0xBE, 0xA2, 0x6B, 0xEA, 0x03,
    0x70, 0x8F, 0x19, 0xC7, 0x2B, 0xAC, 0xA8, 0xD9, 0x38, 0xE9, 0x10, 0x2E, 0xB1, 0xA3, 0x9E, 0x29,
    0xB7, 0x49, 0x22, 0xE2, 0x89, 0xE6, 0xBD, 0x73, 0x46, 0xA2, 0xA3, 0x75, 0x45, 0x0C, 0x7D, 0xCA,
    0x0B, 0x13, 0x76, 0x90, 0xD3, 0x01, 0x46, 0x59, 0xFA, 0xB2, 0x47, 0x81, 0xD8, 0x9B, 0x80, 0x53,
    0x96, 0x5C, 0x1A, 0x79, 0x7F, 0xCD, 0xB8, 0xF5, 0x81, 0x6E, 0xAB, 0x58, 0xB9, 0xCB, 0x62, 0xD5,
    0xCA, 0xBA, 0x1C, 0x39, 0x52, 0xB8, 0x18, 0xEF, 0x47, 0xCC, 0x5B, 0x94, 0x38, 0xE3, 0xF1, 0xF3,
    0x64, 0xC8, 0x56, 0x51, 0xC5, 0xA0, 0x5F, 0x47, 0x37, 0xA7, 0x26, 0x51, 0xAF, 0x12, 0x66, 0xF5,
    0x50, 0xEE, 0x9C, 0x68, 0x79, 0xA6, 0x28, 0xD6, 0x12, 0x65, 0xDD, 0xA5, 0xF0, 0xD7, 0x79, 0xB9,
    0xF9, 0x74, 0x3A, 0x7D, 0x35, 0x5D, 0x65, 0x49, 0xED, 0xEE, 0x78, 0x3F, 0xED, 0x9B, 0xB4, 0xAF,
    0x0F, 0x45, 0xBE, 0xAE, 0x37, 0x56, 0xC3, 0x9A, 0x58, 0xF9, 0xC9, 0x75, 0xCB, 0xCE, 0xAC, 0x6B,
    0x27, 0xED, 0xEA, 0x69, 0xF5, 0x75, 0xA6, 0x19, 0xD9, 0x7D, 0xD3, 0x03, 0x35, 0xCB, 0x4C, 0x76,
    0xC7, 0x09, 0xA2, 0x96, 0x96, 0x5F, 0x5F, 0xDB, 0x1B, 0xAB, 0x61, 0x4D, 0xAC, 0x2C, 0xEE, 0x4D,
    0xAB, 0xA7, 0x88, 0xD6, 0x02, 0xCD, 0xE5, 0x29, 0x9D, 0x30, 0x73, 0x5B, 0xB8, 0x56, 0x4D, 0x93,
    0xF6, 0xEA, 0xA8, 0x70, 0xE9, 0x96, 0x0B, 0x76, 0x42, 0xAE, 0xA1, 0x7C, 0xA2, 0x4A, 0x96, 0x7A,
    0xB4, 0x41, 0x24, 0xBD, 0xFE, 0x02, 0xB6, 0x91, 0xD3, 0xF6, 0x4A, 0x49, 0xE4, 0xE1, 0x8F, 0x1D,
    0x22, 0xED, 0x6F, 0x0A, 0x16, 0x89, 0x05, 0x71, 0x9D, 0x69, 0x42, 0x5A, 0x9C, 0x46, 0x87, 0x43,
    0x92, 0x19, 0xB7, 0xA8, 0x64, 0x3E, 0x34, 0x3D, 0x35, 0x6C, 0x44, 0xEC, 0x6D, 0x22, 0x29, 0x2C,
    0xE1, 0x79, 0xC1, 0xE2, 0xB1, 0x1E, 0xE5, 0x77, 0xFF, 0x01, 0xA6, 0xF7, 0xBE, 0xED, 0xAA, 0x5F,
    0x5B, 0xCB, 0xEB, 0xC1, 0xC4, 0x3D, 0x61, 0x36, 0x8E, 0x00, 0x38, 0x27, 0xEA, 0xE7, 0x0D, 0x7C,
    0x2D, 0x67, 0xB7, 0x9D, 0x39, 0x67, 0x72, 0xCC, 0xE8, 0x30, 0x1F, 0x38, 0x38, 0x4B, 0xF4, 0x5E,
    0x4E, 0x2C, 0x63, 0xD2, 0x2A, 0x79, 0x09, 0x6B, 0xCD, 0x4F, 0x1E, 0xEB, 0x64, 0x46, 0xC1, 0x1F,
    0x68, 0x4F, 0x55, 0x8F, 0x68, 0xB6, 0xEF, 0xA0, 0x18, 0xE8, 0xB1, 0xAF, 0xBE, 0x03, 0xD6, 0xCE,
    0xA2, 0x52, 0x1E, 0x31, 0xC9, 0x69, 0x73, 0x6B, 0x7E, 0xE6, 0x9A, 0x0C, 0x7A, 0x25, 0xB8, 0xC2,
    0x45, 0x7E, 0xE8, 0x2F, 0x7F, 0xBC, 0x70, 0x6C, 0xAC, 0x2D, 0x6D, 0x83, 0x56, 0xDC, 0x64, 0xA5,
    0xF1, 0x07, 0x90, 0x87, 0x6F, 0x87, 0x3C, 0x56, 0x78, 0xE5, 0x32, 0xF2, 0x0C, 0xD6, 0xF2, 0x04,
    0xC9, 0xAC, 0x3C, 0xF3, 0x0D, 0x79, 0x2E, 0x07, 0x79, 0xCA, 0xF6, 0xC7, 0x74, 0x5A, 0x40, 0x83,
    0x36, 0xBD, 0x82, 0xC6, 0xEF, 0xE8, 0x97, 0xC7, 0xEB, 0x7E, 0x57, 0x9C, 0xA4, 0xD3, 0xE9, 0x5F,
    0x32, 0xB6, 0x3C, 0x95, 0xD8, 0xAC, 0xE5, 0x4C, 0x49, 0x9C, 0x01, 0xC8, 0x43, 0x56, 0xB5, 0xD8,
    0x1C, 0x13, 0x13, 0x26, 0x46, 0xB1, 0x96, 0x47, 0xDA, 0x80, 0xFE, 0x93, 0x45, 0x3D, 0x83, 0x2B,
    0x1D, 0xA4, 0x32, 0x3B, 0xBD, 0x8C, 0x4D, 0x20, 0xE4, 0xD1, 0xE5, 0xAD, 0x8D, 0xFB, 0x17, 0xBE,
    0x0E, 0x74, 0x0B, 0x0E, 0x63, 0xDD, 0x3B, 0x15, 0xB6, 0xF0, 0x45, 0x15, 0xB4, 0x4E, 0x5F, 0xF1,
    0x10, 0xA3, 0x5A, 0xA5, 0x31, 0x41, 0x75, 0xC8, 0x2C, 0x64, 0xC6, 0x2C, 0x44, 0x09, 0xB1, 0xB4,
    0x9A, 0x0C, 0x99, 0x49, 0x58, 0x41, 0x3B, 0x11, 0x91, 0x3B, 0xAD, 0xFC, 0x85, 0x7F, 0xB7, 0xC2,
    0x16, 0x3E, 0x62, 0x8A, 0xF8, 0x6C, 0x05, 0x09, 0x05, 0xEB, 0x63, 0x05, 0x04, 0xD5, 0xDB, 0x48,
    0xBB, 0x86, 0x26, 0x1F, 0x53, 0x2E, 0x76, 0xF6, 0xAF, 0x9D, 0xC7, 0x9F, 0xF3, 0x9A, 0xCC, 0xE2,
    0x3E, 0x81, 0x19, 0x96, 0x79, 0x13, 0xD6, 0x79, 0xE6, 0x35, 0x39, 0x62, 0x35, 0x1E, 0xDF, 0xE2,
    0xEF, 0xDD, 0x45, 0x2E, 0xEC, 0xAF, 0x99, 0x2D, 0x16, 0x3B, 0x72, 0x75, 0xD6, 0x6D, 0xBE, 0x0E,
    0xA4, 0x75, 0x3A, 0x00, 0xBD, 0x76, 0x0F, 0x51, 0x1B, 0x5D, 0xE0, 0xC7, 0x6D, 0x83, 0x3A, 0xAF,
    0xFA, 0xEC, 0x9A, 0xB2, 0x7D, 0x38, 0xE8, 0xF1, 0x3E, 0xD7, 0xCE, 0x04, 0x81, 0x65, 0x02, 0x6B,
    0x98, 0xA0, 0x8C, 0x9B, 0x08, 0xEA, 0x64, 0xA0, 0xF6, 0x04, 0x20, 0x31, 0x31, 0xF4, 0x45, 0x42,
    0x27, 0x3E, 0x3F, 0xAB, 0x24, 0x7D, 0xB6, 0x95, 0x09, 0x52, 0xEB, 0x09, 0x02, 0xE4, 0x44, 0xA2,
    0xD2, 0xCE, 0x71, 0x3B, 0xC4, 0xF7, 0xA3, 0x6B, 0x87, 0x93, 0xFB, 0xBE, 0x9E, 0x12, 0xF7, 0x35,
    0xD9, 0x7E, 0x95, 0x2E, 0x95, 0x60, 0x2D, 0x48, 0xE7, 0xEF, 0x30, 0xEC, 0xBC, 0x89, 0xEE, 0x96,
    0x71, 0x09, 0x19, 0x21, 0xF4, 0xD5, 0x39, 0xC3, 0x01, 0xCF, 0xFA, 0xF4, 0x84, 0x6C, 0xC6, 0xDA,
    0xCF, 0xFD, 0xAA, 0x1F, 0x14, 0x25, 0x4F, 0x32, 0x01, 0x0F, 0x07, 0xA6, 0x2F, 0xE6, 0x3C, 0x6F,
    0xA8, 0xFC, 0x26, 0x4F, 0xB4, 0x5E, 0x61, 0x9D, 0xD2, 0x5D, 0x42, 0x2B, 0x07, 0xB2, 0xFD, 0x57,
    0x4D, 0xA8, 0x2B, 0x66, 0xDE, 0x9D, 0xD0, 0xEC, 0xF4, 0xEC, 0x2C, 0x03, 0x18, 0xA8, 0xEB, 0xF9,
    0x34, 0x31, 0x3D, 0xD9, 0x3C, 0x4B, 0x26, 0x43, 0x2E, 0x1C, 0x94, 0x7A, 0x36, 0x07, 0xCF, 0x49,
    0x93, 0xFB, 0x79, 0xCE, 0x0E, 0x8C, 0x87, 0xD6, 0x53, 0x0C, 0x28, 0xD6, 0xC2, 0x31, 0x37, 0x50,
    0x2C, 0xBA, 0x38, 0x8A, 0x2D, 0x9E, 0x1F, 0x50, 0x6C, 0x16, 0x01, 0xC5, 0x66, 0x44, 0xB1, 0x07,
    0xA2, 0xA7, 0x02, 0x2C, 0x40, 0xE7, 0xF2, 0x20, 0x7E, 0x01, 0xD0, 0x61, 0x2A, 0xB7, 0x7F, 0x1E,
    0xD8, 0x41, 0x38, 0x08, 0x48, 0xD5, 0x41, 0xDC, 0xCD, 0xFA, 0xF6, 0xB8, 0x62, 0x59, 0x95, 0x6B,
    0xDF, 0x66, 0xAE, 0xEC, 0x3D, 0xE8, 0x4D, 0x14, 0xB8, 0x71, 0x13, 0xBE, 0xB9, 0x64, 0x83, 0x26,
    0x63, 0xDE, 0x64, 0xC4, 0xCD, 0x56, 0x6D, 0x82, 0xF8, 0x36, 0x0B, 0xA2, 0x9B, 0x10, 0x31, 0xCF,
    0x9E, 0x08, 0xE4, 0x5A, 0x57, 0x95, 0x2F, 0x43, 0x15, 0x0B, 0x7C, 0xA6, 0x59, 0x54, 0xB0, 0x09,
    0xAD, 0x87, 0xE5, 0x5B, 0x00, 0xE4, 0x17, 0xB4, 0xD9, 0xA0, 0x6F, 0x18, 0x60, 0xDA, 0x77, 0x78,
    0x7F, 0x7B, 0xB1, 0xBF, 0xBE, 0x79, 0xFF, 0x37, 0x26, 0x2F, 0x5F, 0x45, 0xBC, 0x91, 0x98, 0xD9,
    0xD0, 0xCE, 0xC1, 0x25, 0xDC, 0x9C, 0x90, 0x30, 0x61, 0xB7, 0x25, 0xF1, 0xEA, 0xF8, 0x9F, 0x37,
    0x2A, 0xD4, 0x2B, 0x85, 0xC3, 0x52, 0x07, 0xDC, 0x20, 0xCF, 0x7C, 0x68, 0x08, 0xCD, 0x26, 0x1D,
    0xCE, 0x2F, 0xA2, 0xCC, 0x6D, 0x6C, 0x78, 0xF6, 0x2B, 0x1E, 0x96, 0xF3, 0x34, 0xDF, 0x9E, 0x82,
    0x30, 0x44, 0x1F, 0xB2, 0xC3, 0x62, 0xFB, 0xF2, 0xE1, 0x70, 0xBE, 0xE2, 0xD9, 0x3E, 0x32, 0x73,
    0x56, 0xB9, 0x6A, 0x93, 0x8E, 0x6E, 0x28, 0xC9, 0x5D, 0x2D, 0xC6, 0xB9, 0x86, 0xD1, 0xAC, 0x3A,
    0xCA, 0xE2, 0xDA, 0xAF, 0xA0, 0xC3, 0x3A, 0x28, 0x83, 0xE2, 0x10, 0x69, 0x00, 0xB0, 0x13, 0x4F,
    0xF4, 0xEA, 0xF6, 0x30, 0x16, 0xF7, 0xF3, 0xDA, 0xE0, 0x19, 0x77, 0xEB, 0xF8, 0x98, 0xF5, 0x6F,
    0xC8, 0xDA, 0xB7, 0x20, 0x35, 0x19, 0xDB, 0x65, 0xDC, 0x00, 0xB3, 0x63, 0x77, 0x75, 0x30, 0xF5,
    0x2D, 0xE4, 0xAA, 0x86, 0xF1, 0x18, 0xF9, 0x79, 0x54, 0xDA, 0x13, 0x1A, 0xAF, 0x83, 0xED, 0x2F,
    0x53, 0xCB, 0x25, 0xCF, 0x1E, 0xD6, 0xE9, 0x07, 0x76, 0xBC, 0xC0, 0x12, 0x6D, 0x54, 0xA0, 0x90,
    0xE1, 0x29, 0x0F, 0xD3, 0x0E, 0x36, 0x7F, 0xF4, 0x1F, 0x24, 0xAE, 0x42, 0x33, 0xB3, 0x4B, 0xB8,
    0xE9, 0x5C, 0x1B, 0x0F, 0x48, 0x5D, 0xC4, 0xEF, 0xCC, 0xED, 0xB4, 0x0B, 0xFB, 0x45, 0xE7, 0xF5,
    0x75, 0x27, 0xBB, 0xA7, 0xC7, 0x69, 0x4F, 0x00, 0xE1, 0x10, 0x81, 0xB2, 0x08, 0xB6, 0xE1, 0x1C,
    0xDF, 0xD4, 0x7A, 0x98, 0x3D, 0x02, 0xED, 0x13, 0xA8, 0x9D, 0x0C, 0x47, 0x91, 0xCC, 0x4F, 0xCF,
    0x9E, 0x6C, 0xE6, 0xA7, 0x87, 0x58, 0xE1, 0x6A, 0xE4, 0x74, 0xCA, 0x18, 0x59, 0xA5, 0xDA, 0x1E,
    0x64, 0x64, 0xCF, 0x19, 0x57, 0x13, 0xBB, 0xBF, 0xCC, 0xA6, 0x77, 0x0F, 0xEA, 0x41, 0xD9, 0x7F,
    0x0D, 0x91, 0x1F, 0xB4, 0xB6, 0x84, 0x67, 0xA3, 0x49, 0xB3, 0xC3, 0xC9, 0x39, 0x73, 0xE2, 0xD3,
    0xDC, 0x02, 0xE1, 0x57, 0x6C, 0xB9, 0x12, 0x64, 0x3B, 0xF7, 0xC6, 0x8A, 0xCD, 0xD7, 0x6C, 0xE7,
    0xA7, 0x62, 0x4F, 0x83, 0xD2, 0x7A, 0xC8, 0xBB, 0xE7, 0x5F, 0xD2, 0x54, 0x8B, 0x87, 0x74, 0x3D,
    0xB8, 0xC3, 0x72, 0x2E, 0xD1, 0x87, 0xD9, 0xFF, 0x7D, 0x39, 0x7F, 0x43, 0x73, 0xBB, 0x3E, 0x8F,
    0x5A, 0x59, 0xFA, 0xBC, 0x66, 0x6D, 0x22, 0x89, 0x5A, 0x17, 0x02, 0x7E, 0xBF, 0x9A, 0xE4, 0x7D,
    0x75, 0xB0, 0xDD, 0x17, 0x57, 0x65, 0x57, 0xFE, 0x0B, 0xCD, 0x5A, 0xBD, 0x8F, 0xDC, 0xC6, 0x15,
    0x7F, 0x24, 0xA5, 0xA3, 0x13, 0x22, 0xE0, 0x15, 0x12, 0x62, 0x4B, 0x81, 0xE9, 0x42, 0x85, 0x12,
    0x28, 0x62, 0xA3, 0x42, 0x01, 0x56, 0x3B, 0x84, 0x05, 0xB8, 0xBE, 0xC2, 0x87, 0x20, 0x50, 0x61,
    0x15, 0x69, 0x02, 0x17, 0x6A, 0x52, 0x18, 0xC6, 0xE9, 0xC8, 0xC0, 0x45, 0x8A, 0x14, 0xBE, 0x3F,
    0x41, 0x85, 0x0A, 0xE7, 0x02, 0x44, 0x06, 0x72, 0x85, 0x0C, 0xEC, 0x1D, 0x89, 0xA4, 0x48, 0x91,
    0xC2, 0x4C, 0x52, 0xA4, 0x48, 0x61, 0xC6, 0xB0, 0x10, 0x07, 0x2A, 0x44, 0xD8, 0x94, 0x41, 0x49,
    0xDC, 0x9D, 0xFC, 0x7E, 0x8F, 0xDC, 0x0F, 0x39, 0xB2, 0x2D, 0x1B, 0xD6, 0xE5, 0x76, 0x6F, 0xDE,
    0xEE, 0x91, 0xC3, 0x99, 0xF7, 0xFD, 0x35, 0x7B, 0x4C, 0x8C, 0xBE, 0x8F, 0x09, 0x5F, 0xCF, 0xC9,
    0x8B, 0x78, 0x9F, 0x1F, 0xDE, 0x31, 0xDE, 0xE6, 0xB1, 0xF7, 0x79, 0xCC, 0xC9, 0x44, 0xBC, 0xBA,
    0x1F, 0xFE, 0x43, 0x91, 0xDC, 0xD6, 0x9E, 0xB5, 0x5D, 0xF8, 0x49, 0xDD, 0x45, 0x7F, 0xAC, 0xD7,
    0x8D, 0x5B, 0xCB, 0x36, 0xC6, 0x3E, 0xC6, 0x64, 0x65, 0xF0, 0x7F, 0xDE, 0x33, 0x2F, 0xD7, 0x82,
    0x79, 0x17, 0x83, 0x47, 0x9F, 0x74, 0xAE, 0xB5, 0xAD, 0xA4, 0xB6, 0x14, 0xAF, 0xE9, 0xD7, 0x73,
    0x2B, 0x11, 0xE7, 0xF7, 0xD8, 0x20, 0xB2, 0x9D, 0xE0, 0x8E, 0x4D, 0xC4, 0x26, 0x69, 0xE1, 0x76,
    0x12, 0x16, 0xBC, 0x2F, 0x3D, 0xA8, 0x16, 0x80, 0xFF, 0x7E, 0xFF, 0xFE, 0x66, 0x02, 0x2C, 0x6C,
    0xDD, 0x03, 0xE9, 0x48, 0x88, 0x82, 0x7D, 0x82, 0xED, 0x05, 0xB8, 0x4E, 0x30, 0x21, 0x98, 0x62,
    0x9C, 0xB6, 0x0F, 0x64, 0x64, 0xF1, 0x9A, 0xCE, 0x36, 0x73, 0xDB, 0xAD, 0x8B, 0x73, 0x2B, 0x7B,
    0x5E, 0xE4, 0x86, 0x89, 0x3E, 0x6C, 0x0C, 0x16, 0x0A, 0x67, 0xB6, 0x0C, 0xAA, 0xA8, 0x08, 0x8B,
    0x00, 0xC3, 0x2F, 0xFB, 0x11, 0x14, 0x41, 0x8D, 0x6B, 0xD6, 0x96, 0x98, 0xD3, 0x98, 0xD3, 0x1F,
    0x36, 0xCF, 0x89, 0x6C, 0x9C, 0xC0, 0x7A, 0x57, 0xB1, 0x87, 0xD3, 0xA4, 0x40, 0xAA, 0x89, 0x0B,
    0x09, 0xEA, 0xB0, 0x92, 0xA8, 0x00, 0x61, 0x26, 0x71, 0x3A, 0x39, 0x10, 0x39, 0xC0, 0x87, 0x98,
    0xCB, 0x40, 0x30, 0xFC, 0x0B, 0x70, 0x0F, 0x6C, 0x81, 0xA9, 0x16, 0x34, 0x5B, 0xBB, 0x8B, 0x2F,
    0xD6, 0x66, 0xF8, 0x66, 0x65, 0x89, 0x3F, 0xAF, 0x25, 0x7A, 0x43, 0x36, 0x67, 0x3F, 0x93, 0x55,
    0xC2, 0xBA, 0x81, 0x92, 0xF5, 0xC9, 0xCA, 0x6B, 0x4B, 0x25, 0xB8, 0xB5, 0x7A, 0x69, 0x5D, 0xD6,
    0x3E, 0x26, 0x1F, 0x0B, 0x2C, 0x5D, 0x7B, 0xAD, 0xDF, 0x06, 0xA5, 0xEC, 0x85, 0xD8, 0x98, 0x23,
    0xA0, 0x10, 0x67, 0x40, 0x1A, 0x8C, 0xF0, 0x41, 0x50, 0xF4, 0xC8, 0xB6, 0x26, 0x09, 0xA6, 0x06,
    0xB8, 0x82, 0x0C, 0x63, 0x12, 0x8C, 0x4A, 0xF6, 0x43, 0x7B, 0xB7, 0x03, 0x1A, 0x95, 0xC4, 0x44,
    0x39, 0xA7, 0xD8, 0x21, 0x2E, 0xA7, 0x3D, 0x83, 0x31, 0x15, 0xB7, 0xC9, 0xCB, 0xA0, 0x8E, 0xAD,
    0x2D, 0x7C, 0x62, 0x7F, 0xEA, 0xA6, 0xAC, 0x3B, 0x32, 0x0D, 0xCB, 0x69, 0x58, 0x4D, 0x82, 0x42,
    0x2F, 0x28, 0x8D, 0xA5, 0x48, 0xFC, 0xF0, 0x16, 0x10, 0xC7, 0x8E, 0xA9, 0x0A, 0x0E, 0xAC, 0x2C,
    0x9C, 0x9B, 0x6E, 0x1D, 0x8A, 0xB1, 0x49, 0x3B, 0x76, 0xB0, 0xC4, 0x68, 0xE4, 0x35, 0x6E, 0x32,
    0xDE, 0xE2, 0x83, 0xD1, 0xED, 0x30, 0x01, 0xA2, 0x4D, 0x28, 0x84, 0x11, 0xE1, 0x9E, 0x7E, 0xBF,
    0x1D, 0x42, 0x41, 0xC2, 0x2D, 0x90, 0x22, 0xE7, 0x47, 0x5E, 0x1B, 0x64, 0x97, 0x62, 0xC1, 0xB3,
    0x5B, 0x61, 0x12, 0xCD, 0xA4, 0xF1, 0x4B, 0xEA, 0x86, 0xDB, 0x62, 0x81, 0x42, 0xF2, 0xCC, 0x01,
    0x4E, 0x90, 0x16, 0x11, 0xCE, 0xA1, 0x4D, 0xFD, 0xCB, 0xED, 0xAE, 0x86, 0xA0, 0xF5, 0x72, 0x3B,
    0x96, 0x76, 0x4B, 0xDA, 0x89, 0xC2, 0x4B, 0xC2, 0x2B, 0x91, 0x05, 0x97, 0xAE, 0xCA, 0xF3, 0x72,
    0x43, 0xAE, 0x3B, 0x8D, 0x74, 0x5E, 0xED, 0x35, 0x90, 0x7A, 0x15, 0x27, 0x51, 0x91, 0xC2, 0x00,
    0x3A, 0xD9, 0x76, 0x5A, 0xC8, 0x74, 0x0A, 0x16, 0x1A, 0xF1, 0xEB, 0xB8, 0x70, 0x5B, 0x48, 0x1A,
    0xF3, 0xE4, 0x92, 0x53, 0x0F, 0x56, 0x04, 0xE6, 0x41, 0x6C, 0x5D, 0x4A, 0xE5, 0xFA, 0xD1, 0xEE,
    0xEE, 0xEE, 0x74, 0xA1, 0x8C, 0x4F, 0x02, 0xBD, 0xDC, 0x62, 0x5B, 0x19, 0x28, 0x14, 0x14, 0xF8,
    0xD4, 0x0E, 0x44, 0x32, 0x13, 0xEA, 0x5E, 0x2C, 0x6E, 0x3D, 0x32, 0xF5, 0xDE, 0xDE, 0x4F, 0x6E,
    0x8F, 0xEA, 0x0B, 0x17, 0x47, 0xF5, 0xB8, 0x3E, 0x57, 0x9B, 0xEA, 0x5C, 0x7D, 0xE1, 0xDD, 0xD1,
    0xED, 0x0B, 0xBF, 0x1C, 0x8D, 0x2E, 0x5C, 0x04, 0x67, 0xBC, 0xCA, 0xBF, 0x7F, 0x2D, 0x13, 0x8B,
    0x6D, 0x8E, 0x27, 0xF2, 0xA3, 0xDD, 0x77, 0x52, 0xDB, 0x01, 0xCA, 0x6F, 0x21, 0xD6, 0x22, 0xBC,
    0x5B, 0x1B, 0x12, 0x37, 0x19, 0xC9, 0x16, 0x60, 0xEC, 0x34, 0x21, 0x0D, 0x36, 0x13, 0xE8, 0xAC,
    0x93, 0xF5, 0x76, 0xE4, 0xD7, 0x8B, 0x71, 0xF2, 0xCA, 0xFD, 0x57, 0x81, 0xF7, 0x8C, 0x63, 0xF5,
    0xBA, 0xF8, 0x98, 0xE7, 0x95, 0x32, 0x7F, 0xE1, 0xFE, 0x14, 0xE6, 0x36, 0x03, 0x79, 0xEF, 0x38,
    0x37, 0x24, 0x9A, 0x8A, 0xC9, 0x65, 0x04, 0x89, 0x45, 0xD0, 0x1A, 0xEA, 0xA6, 0xDB, 0x08, 0x24,
    0x14, 0x27, 0x98, 0x99, 0x18, 0xE5, 0xBC, 0xB1, 0x20, 0x92, 0xBA, 0x0B, 0x5E, 0x85, 0x2D, 0x4C,
    0x5C, 0x8E, 0x61, 0x72, 0x98, 0xAD, 0x87, 0x49, 0x6A, 0xC5, 0x74, 0xE2, 0x24, 0xE2, 0x66, 0x41,
    0x11, 0x81, 0xB1, 0x13, 0x79, 0x57, 0xB7, 0x19, 0x89, 0xB4, 0x30, 0xDB, 0xEE, 0x69, 0xC6, 0xB6,
    0x38, 0x1D, 0x34, 0xAB, 0x4B, 0x93, 0xA0, 0x4B, 0xEF, 0xE4, 0x60, 0x7F, 0xD7, 0x5D, 0xCF, 0xAB,
    0xBD, 0xEB, 0xC7, 0x7B, 0xD3, 0x9F, 0x8F, 0xD1, 0x9C, 0x06, 0x67, 0x73, 0x13, 0x9C, 0x86, 0xEA,
    0x40, 0x41, 0x6E, 0x15, 0x50, 0x61, 0xBF, 0x30, 0x04, 0x29, 0x41, 0xFE, 0x04, 0x90, 0x2E, 0xA6,
    0x44, 0x04, 0x3E, 0x81, 0x5C, 0x23, 0x90, 0xE8, 0xE9, 0xC0, 0xD9, 0xD4, 0xCB, 0xC4, 0x50, 0x1F,
    0xA2, 0x66, 0xC0, 0x62, 0x0C, 0x73, 0x48, 0xE1, 0x58, 0xDD, 0x22, 0xC8, 0x22, 0xF0, 0x6E, 0x5F,
    0x11, 0xC4, 0x3E, 0xA5, 0x2D, 0xFF, 0x50, 0x7A, 0xAB, 0x6F, 0x2C, 0x22, 0xEF, 0xD1, 0x73, 0x44,
    0x77, 0x6B, 0x55, 0x5D, 0xD8, 0xFC, 0x16, 0xFE, 0xC6, 0xD2, 0xC5, 0xBF, 0x86, 0x5C, 0x2B, 0xD7,
    0x26, 0x2F, 0x41, 0xA8, 0xD4, 0xC6, 0xD4, 0x5D, 0x55, 0xD3, 0x08, 0x6A, 0x1A, 0xA8, 0x9A, 0xBA,
    0x4D, 0x58, 0x42, 0x6D, 0x33, 0x5E, 0xA7, 0x3A, 0x1F, 0xB8, 0xD4, 0xF2, 0x4A, 0xD6, 0xA5, 0xB7,
    0x8E, 0x75, 0x75, 0xC2, 0x13, 0x89, 0xD5, 0x93, 0xC2, 0xDA, 0xB1, 0xD6, 0x9B, 0x35, 0x65, 0x09,
    0xE7, 0x0D, 0xB7, 0x41, 0x17, 0x2E, 0x84, 0x07, 0x0A, 0x3B, 0x42, 0x75, 0xDD, 0x75, 0x40, 0xE7,
    0x5D, 0xD1, 0xB3, 0x08, 0xA7, 0xA8, 0xD7, 0x8D, 0xD5, 0x59, 0xA5, 0xEA, 0xA9, 0x2D, 0x95, 0x88,
    0x1E, 0x2F, 0x2C, 0xC2, 0xF7, 0x39, 0x25, 0x0E, 0x39, 0x25, 0xCD, 0x77, 0xB8, 0x91, 0xE5, 0x2A,
    0x27, 0xAF, 0x6D, 0x50, 0xCF, 0x42, 0x21, 0xA9, 0xA1, 0x2C, 0x5F, 0x3D, 0x56, 0x2D, 0xB1, 0x02,
    0xBE, 0xC0, 0x0A, 0xD3, 0xDE, 0x9C, 0xE3, 0x03, 0x25, 0x63, 0xD0, 0x59, 0xE2, 0x83, 0x29, 0x80,
    0x5C, 0x09, 0xDE, 0xA5, 0x20, 0x56, 0x71, 0xD2, 0xE3, 0xF3, 0x0B, 0xE2, 0x43, 0xED, 0x07, 0x1B,
    0xEE, 0x21, 0xEE, 0xD4, 0x21, 0x48, 0xC7, 0x14, 0x40, 0x4C, 0x81, 0xDB, 0x01, 0xE2, 0x50, 0xCA,
    0x8E, 0x73, 0xB1, 0x0A, 0x4C, 0xDD, 0xD3, 0xBD, 0x30, 0x05, 0xEC, 0x0D, 0x12, 0xC2, 0x25, 0x56,
    0xC7, 0xA8, 0xD3, 0x8C, 0x91, 0x56, 0x23, 0x4C, 0xA7, 0xCA, 0x5D, 0xF1, 0x41, 0xE8, 0x37, 0xBE,
    0x40, 0xC5, 0xF1, 0x20, 0xB4, 0x9C, 0xDB, 0x87, 0x19, 0xD6, 0x7E, 0x29, 0x4C, 0x34, 0xB0, 0x11,
    0x43, 0x43, 0x31, 0x41, 0xE9, 0x7B, 0x8E, 0xC5, 0x09, 0xAD, 0xCB, 0x48, 0x58, 0x72, 0x15, 0x53,
    0x2A, 0x9D, 0xC4, 0xD0, 0xF9, 0xB4, 0xC4, 0x2A, 0xFE, 0xDF, 0x61, 0x4C, 0x59, 0x78, 0xB7, 0xE5,
    0x14, 0x58, 0x7A, 0x27, 0xC7, 0x7F, 0xFA, 0x11, 0xD0, 0x83, 0x4D, 0x3A, 0xF4, 0xE3, 0xC5, 0x0A,
    0xB3, 0x68, 0xD2, 0x74, 0xEE, 0x1C, 0xEE, 0xCA, 0x0D, 0xB7, 0xEC, 0xEF, 0xCD, 0xC7, 0xB5, 0x0A,
    0x31, 0x06, 0x8B, 0x3F, 0x80, 0xC9, 0x16, 0xBD, 0xCC, 0xF6, 0x87, 0xE0, 0xD2, 0x0D, 0xDF, 0x41,
    0xD5, 0x8E, 0x49, 0xBC, 0x26, 0x6A, 0xE2, 0x3A, 0x80, 0xA5, 0xD0, 0x31, 0xD1, 0x41, 0xC9, 0x9A,
    0xAE, 0xD8, 0xA3, 0x1E, 0xAA, 0x2A, 0x3B, 0xEA, 0xE5, 0x90, 0x3D, 0x2C, 0x5F, 0xDF, 0xE9, 0x3D,
    0x5B, 0xEF, 0x11, 0x33, 0xC2, 0x5C, 0x1F, 0x60, 0x30, 0x10, 0xE7, 0x11, 0x83, 0xB7, 0xFB, 0xA9,
    0x46, 0xF4, 0x7F, 0x81, 0x12, 0xE8, 0x58, 0xA7, 0x6B, 0x72, 0xE3, 0x88, 0xDC, 0x62, 0xCA, 0x91,
    0xD0, 0x42, 0xA2, 0x8C, 0x2A, 0xC9, 0xDD, 0x3A, 0xF8, 0x45, 0x35, 0xDA, 0x5A, 0xE3, 0x63, 0xA3,
    0xB0, 0xA3, 0xE4, 0xA4, 0xD3, 0x09, 0xDB, 0x14, 0xA4, 0xE6, 0x2A, 0xE4, 0xE9, 0x58, 0x17, 0xA4,
    0x41, 0x05, 0xD9, 0x02, 0xAD, 0xE7, 0x7A, 0x0F, 0xA6, 0x2C, 0x99, 0x2D, 0x09, 0x08, 0x93, 0x23,
    0x8F, 0xF9, 0x0A, 0x3E, 0x8A, 0x89, 0xF7, 0x88, 0x98, 0x07, 0x05, 0x93, 0x1A, 0x67, 0xA0, 0xEB,
    0xE8, 0xE2, 0xEF, 0xDE, 0x08, 0x78, 0x71, 0x4A, 0x46, 0xC7, 0xF9, 0x3D, 0xFA, 0xBE, 0x80, 0x09,
    0xCF, 0x0F, 0xE4, 0xE7, 0x47, 0x1C, 0xF3, 0x9E, 0xC3, 0x61, 0x39, 0x53, 0x48, 0x45, 0x77, 0x92,
    0x13, 0x47, 0x5D, 0x5B, 0x4E, 0xC9, 0x02, 0x07, 0xF7, 0xBE, 0xEE, 0x5E, 0xEC, 0x11, 0x96, 0x7B,
    0x0B, 0xAC, 0x24, 0x2D, 0x8E, 0x9A, 0x86, 0x6F, 0x22, 0x28, 0x33, 0xFE, 0x31, 0x2E, 0x8B, 0xE6,
    0x6E, 0x96, 0x77, 0xE3, 0x3B, 0xFD, 0xF5, 0x74, 0x70, 0xBF, 0x83, 0x1B, 0xF6, 0x1E, 0xF5, 0x9F,
    0xC1, 0xBF, 0xFB, 0xCF, 0xF0, 0xCF, 0xFD, 0xA7, 0xF1, 0xFB, 0xCF, 0x03, 0xFF, 0xCE, 0xE6, 0x06,
    0xE8, 0xE9, 0x7C, 0x62, 0x02, 0x6F, 0xDA, 0x7F, 0x06, 0x95, 0xFF, 0x70, 0xF7, 0x26, 0x53, 0xC4,
    0x7E, 0x9E, 0x91, 0xFE, 0xD3, 0x5A, 0x5D, 0xD7, 0x19, 0x3E, 0xBD, 0xE1, 0x13, 0x3E, 0x59, 0xEF,
    0xC7, 0x59, 0xFF, 0x69, 0x58, 0xF9, 0xEC, 0xEE, 0xB2, 0x8C, 0x50, 0x3C, 0x6F, 0xF7, 0x53, 0x57,
    0xA8, 0x38, 0xF5, 0x8E, 0x26, 0xBD, 0xCC, 0x99, 0xB1, 0x9F, 0xFD, 0x68, 0x6D, 0xEA, 0x61, 0xF2,
    0x59, 0x7A, 0x64, 0xF5, 0xF0, 0x5C, 0x6A, 0x88, 0x92, 0xE9, 0xA2, 0x3E, 0x39, 0x58, 0xA4, 0x84,
    0x07, 0x8B, 0x6B, 0x66, 0x01, 0xE2, 0x62, 0xFE, 0x2C, 0xD3, 0x6F, 0xF5, 0x5C, 0x5B, 0x92, 0x3F,
    0x78, 0x7D, 0x86, 0x30, 0x83, 0x3D, 0x1C, 0xDD, 0x9F, 0x49, 0x71, 0xEF, 0xC8, 0xCC, 0x62, 0x1D,
    0x72, 0x78, 0x87, 0x3C, 0x20, 0x81, 0xC3, 0x42, 0x43, 0x58, 0x38, 0xBE, 0xB9, 0xF9, 0x2A, 0xF2,
    0x99, 0xA9, 0x8E, 0xCD, 0xCD, 0x0D, 0x33, 0x3C, 0xF8, 0x3F, 0x63, 0x73, 0x33, 0x61, 0x4D, 0xA4,
    0x83, 0xDF, 0xBF, 0x68, 0x1E, 0x07, 0x32, 0x42, 0xCC, 0x9B, 0x71, 0xCD, 0x3E, 0xC5, 0x24, 0x52,
    0x0C, 0x30, 0xB4, 0x9E, 0xEA, 0x90, 0xF6, 0x95, 0x3E, 0x6B, 0x0D, 0x59, 0x73, 0x81, 0xC3, 0x2D,
    0x94, 0x70, 0xC3, 0x49, 0x0E, 0x65, 0xEF, 0x0E, 0xAA, 0x3E, 0x1F, 0xA8, 0x85, 0x0E, 0x63, 0xCF,
    0x33, 0x90, 0x74, 0x8A, 0xCA, 0x54, 0xB3, 0xE6, 0x75, 0xE4, 0x49, 0xDD, 0x53, 0xBF, 0x1B, 0x14,
    0x02, 0x53, 0xAF, 0x0B, 0xAB, 0x17, 0x35, 0xA1, 0x19, 0x7F, 0xAE, 0xE0, 0xFF, 0xB2, 0xF7, 0x25,
    0x0D, 0xFB, 0x1D, 0x6C, 0x40, 0xC2, 0x7B, 0xC5, 0xD8, 0xAB, 0xD6, 0x65, 0xA3, 0x4F, 0xD6, 0x80,
    0x41, 0x9F, 0x0D, 0x7D, 0xF3, 0xBF, 0x46, 0xB0, 0x60, 0xEA, 0xD7, 0xC6, 0xAB, 0x8F, 0xF5, 0xA9,
    0xE9, 0xB7, 0xB4, 0x2C, 0x3C, 0xCC, 0xC6, 0xDC, 0x5E, 0x07, 0x37, 0x75, 0x7F, 0xF3, 0xCA, 0x4C,
    0x4B, 0xD2, 0x3C, 0x21, 0x8C, 0xB5, 0xD7, 0x10, 0x96, 0xDA, 0xE1, 0xA8, 0xFB, 0x5E, 0xC7, 0x12,
    0xBA, 0x0D, 0x2A, 0x1A, 0x71, 0xDB, 0x9C, 0x59, 0x64, 0xCB, 0xD4, 0xCF, 0x6D, 0xFB, 0xEB, 0x9F,
    0x9F, 0x19, 0x54, 0xCB, 0x75, 0x0C, 0xD7, 0x44, 0x31, 0xEA, 0x3D, 0xDC, 0xCD, 0xA7, 0xBA, 0xAF,
    0x3A, 0xC9, 0x19, 0x28, 0x5B, 0xCB, 0xBE, 0x87, 0x3D, 0xDB, 0x88, 0x15, 0x12, 0x0C, 0x76, 0x2B,
    0x02, 0x9A, 0x67, 0x50, 0x53, 0x0D, 0x29, 0x26, 0x06, 0x3D, 0xE5, 0x25, 0xF5, 0xB6, 0x34, 0xA3,
    0xB1, 0xA9, 0x09, 0x30, 0x6B, 0x3C, 0x9E, 0x11, 0x18, 0x02, 0x58, 0xF5, 0x78, 0x1C, 0xD6, 0x00,
    0x5E, 0x0B, 0x00, 0xDF, 0x34, 0x66, 0x65, 0x01, 0x10, 0x17, 0x00, 0x61, 0x05, 0xE0, 0x35, 0x00,
    0x4E, 0x07, 0x20, 0x39, 0x81, 0x39, 0x00, 0x08, 0x67, 0x00, 0x3E, 0x81, 0x4B, 0x20, 0xB3, 0x91,
    0xFA, 0x0C, 0x47, 0xBD, 0x99, 0x36, 0x58, 0xC4, 0xEB, 0x0D, 0x2A, 0x55, 0x31, 0xF8, 0x2B, 0x6E,
    0xEE, 0x75, 0x16, 0xF7, 0x81, 0x7A, 0x1E, 0xC3, 0x5E, 0x0E, 0xA2, 0x47, 0x00, 0x4E, 0x02, 0xB5,
    0x3C, 0x0B, 0x95, 0x93, 0x91, 0x36, 0x1A, 0x8C, 0xF6, 0x8C, 0xA8, 0xB5, 0x6E, 0x9B, 0xAA, 0xD2,
    0xA8, 0x67, 0x1A, 0xE0, 0xFE, 0xCA, 0x77, 0x75, 0x7A, 0x1D, 0x67, 0x3A, 0x2D, 0xA1, 0x36, 0x53,
    0x20, 0x05, 0x3A, 0xBE, 0xB0, 0x0A, 0x1A, 0xE5, 0xE4, 0x8C, 0x9C, 0x14, 0xFB, 0x9F, 0x6B, 0x53,
    0xD6, 0xCD, 0xEC, 0xF9, 0xB8, 0x56, 0x4B, 0xCC, 0xE3, 0x1B, 0x7D, 0xA2, 0x21, 0x0B, 0x87, 0x09,
    0x44, 0xB8, 0x8A, 0x36, 0x4C, 0x56, 0xCA, 0xD7, 0xA3, 0x8A, 0x79, 0x1F, 0xC4, 0x14, 0x4F, 0xA3,
    0x49, 0xE9, 0x8C, 0xAC, 0x77, 0xEB, 0x58, 0x53, 0x0E, 0xE7, 0xA8, 0xE3, 0x7F, 0xD3, 0xD5, 0xA6,
    0xD6, 0x65, 0x3C, 0x12, 0xDC, 0x63, 0xFC, 0x0E, 0x5F, 0x26, 0x86, 0xBE, 0xBC, 0x70, 0xC4, 0x31,
    0xEF, 0x39, 0xEC, 0x35, 0x34, 0xB2, 0x1E, 0xCA, 0xC6, 0xF1, 0xA3, 0xAF, 0x2D, 0x97, 0xD8, 0x27,
    0x48, 0xA2, 0x22, 0x2A, 0xD3, 0xC4, 0xBF, 0x3F, 0xC5, 0x74, 0x3C, 0x98, 0x96, 0x3A, 0xF8, 0xDD,
    0xFF, 0xAC, 0x93, 0xA8, 0xCC, 0x91, 0xA9, 0xC5, 0xC5, 0x75, 0x4D, 0xC4, 0x06, 0x15, 0xBA, 0x4A,
    0x9A, 0x9C, 0x86, 0x34, 0xBD, 0x55, 0x6B, 0xB7, 0xAA, 0x24, 0x4D, 0x36, 0x21, 0x4D, 0x96, 0x34,
    0x39, 0x96, 0x34, 0x79, 0x96, 0x34, 0x85, 0x7F, 0x22, 0x4D, 0xE6, 0x65, 0xD2, 0x74, 0x40, 0x9A,
    0x50, 0x78, 0x02, 0x22, 0xC0, 0x82, 0x26, 0x46, 0xBA, 0x03, 0x46, 0x24, 0xD0, 0x34, 0x25, 0x4D,
    0x6E, 0x4B, 0x9A, 0x70, 0x13, 0x34, 0xBD, 0x5F, 0x90, 0x26, 0xAB, 0x34, 0x4D, 0x97, 0x34, 0x05,
    0x4A, 0x53, 0x74, 0x8F, 0x34, 0x19, 0xA5, 0xE9, 0x5C, 0x4F, 0xD3, 0xF3, 0xAA, 0xF9, 0x9A, 0xBF,
    0x68, 0xA6, 0xC3, 0xD4, 0x53, 0xDE, 0x90, 0xA5, 0x2F, 0x5C, 0x1F, 0xCF, 0xF9, 0xF6, 0xED, 0x01,
    0xA7, 0x45, 0x36, 0xE6, 0x35, 0x60, 0x7D, 0x50, 0x07, 0x2D, 0xDD, 0xBF, 0xFD, 0x9D, 0x65, 0x4B,
    0x79, 0x2A, 0x43, 0xBD, 0xDF, 0xE7, 0xFA, 0x2F, 0xC9, 0x90, 0x45, 0x05, 0x44, 0x2B, 0x2E, 0x55,
    0x00, 0x47, 0x03, 0x35, 0x75, 0x15, 0x9A, 0xB1, 0x32, 0xDF, 0xBA, 0xC7, 0x66, 0x2B, 0xDB, 0x02,
    0xC7, 0x14, 0xE7, 0xFF, 0x3B, 0x7E, 0xB1, 0xCB, 0x08, 0xF8, 0x56, 0x4B, 0x1D, 0x82, 0x82, 0x1E,
    0x97, 0x8D, 0xA3, 0xC1, 0xB5, 0xAB, 0x6A, 0xA8, 0xF3, 0x06, 0x80, 0x56, 0x41, 0x17, 0x07, 0x66,
    0x7E, 0x65, 0x47, 0x1F, 0xDC, 0xCE, 0x5D, 0x66, 0x97, 0x6F, 0x31, 0xC6, 0x7F, 0xC0, 0x2E, 0x2A,
    0x1D, 0x9E, 0x6B, 0xE7, 0xE7, 0x0B, 0x9F, 0x6F, 0xD7, 0x3F, 0x05, 0xB8, 0x3D, 0x18, 0xC0, 0xF8,
    0x09, 0xC0, 0xD0, 0xFB, 0x18, 0x35, 0x18, 0xA6, 0xFB, 0x63, 0xCA, 0x9B, 0x21, 0x9C, 0x40, 0x6B,
    0xA9, 0x68, 0x01, 0xF4, 0x5F, 0xD3, 0x4F, 0xD1, 0xC9, 0xF3, 0xC7, 0xB2, 0x27, 0xAE, 0x3C, 0x96,
    0xA5, 0x22, 0xBF, 0x40, 0xFF, 0x47, 0x07, 0x17, 0xB1, 0x99, 0x6F, 0x4A, 0x44, 0xCF, 0x03, 0xB5,
    0x70, 0x82, 0x16, 0x00, 0x3E, 0x23, 0xCC, 0x4E, 0x37, 0xC8, 0x2C, 0x4C, 0x03, 0x5F, 0x11, 0x37,
    0x3E, 0x8F, 0x00, 0x3C, 0x5B, 0xB8, 0x8D, 0xC4, 0x6C, 0xBC, 0x79, 0x2D, 0x7B, 0x5B, 0x1D, 0xC1,
    0x3E, 0xC1, 0xF6, 0xE3, 0xE0, 0xFA, 0xFC, 0xAE, 0x83, 0x79, 0x6F, 0x04, 0x78, 0x82, 0x75, 0x5E,
    0x6D, 0xA8, 0xBC, 0x0E, 0xD4, 0xE2, 0xEC, 0xB2, 0xF2, 0xC9, 0x64, 0xA8, 0x67, 0x9C, 0x7A, 0xAE,
    0xE2, 0xDF, 0xFD, 0xD8, 0xE1, 0x81, 0xD3, 0x6F, 0x0A, 0x4F, 0xDB, 0xB6, 0x8D, 0xAB, 0x4E, 0x2A,
    0x2D, 0x0C, 0x5D, 0xB0, 0x61, 0x39, 0x79, 0x9D, 0x60, 0x32, 0x54, 0xEC, 0x01, 0xCB, 0xD5, 0xB0,
    0xD8, 0x16, 0xED, 0x82, 0x42, 0x78, 0x3C, 0xD2, 0x28, 0xA0, 0x16, 0xB6, 0x08, 0xA6, 0xA7, 0xF5,
    0x54, 0xE4, 0x03, 0x3C, 0xCE, 0x06, 0xAE, 0xA3, 0x2A, 0xE9, 0x26, 0xF3, 0xA6, 0xD6, 0xB2, 0x3E,
    0x53, 0xC9, 0x1C, 0x1A, 0x06, 0xFD, 0xF1, 0x04, 0x29, 0x27, 0x47, 0xA2, 0xD7, 0x80, 0xC6, 0x88,
    0xCD, 0xBD, 0x79, 0x7B, 0xF6, 0x70, 0x30, 0x88, 0xB3, 0x3D, 0x84, 0x81, 0xE6, 0xB6, 0xB8, 0x9F,
    0x21, 0x8A, 0xB8, 0x55, 0x0C, 0xF5, 0x5E, 0x66, 0x1F, 0xCF, 0x18, 0x83, 0x13, 0xAC, 0xD3, 0x0E,
    0xD8, 0x4D, 0x56, 0x70, 0xDD, 0x2F, 0x57, 0xBB, 0x5F, 0xCF, 0x9A, 0xFC, 0x1B, 0x73, 0xDE, 0x87,
    0xAF, 0x01, 0x8D, 0x1F, 0x33, 0xDB, 0x3D, 0x4F, 0x10, 0xDE, 0x62, 0x3C, 0x52, 0xC3, 0xDE, 0x78,
    0xF6, 0x68, 0x9C, 0xFE, 0x58, 0x4E, 0xDF, 0x64, 0x4D, 0xFF, 0x2B, 0xCB, 0x68, 0x69, 0xEF, 0x22,
    0x40, 0xC7, 0x88, 0xCF, 0x65, 0xD0, 0x18, 0xFA, 0x18, 0xA7, 0x1B, 0x69, 0xC3, 0x75, 0xE8, 0xD7,
    0x8E, 0x65, 0x6D, 0x77, 0xB6, 0xBB, 0x9B, 0xF3, 0x04, 0x11, 0xAF, 0x50, 0xE1, 0x14, 0x21, 0xB4,
    0xED, 0xB5, 0xB8, 0xEB, 0x8F, 0x3E, 0xFA, 0xAE, 0x2E, 0x5D, 0xD4, 0x89, 0x14, 0xAB, 0x66, 0x32,
    0x31, 0x7F, 0xCD, 0xDF, 0x7E, 0x70, 0xBA, 0x8B, 0xEC, 0xCC, 0xE3, 0x09, 0xA1, 0x9E, 0xA1, 0x26,
    0x72, 0xB2, 0xB7, 0xC5, 0xB5, 0x87, 0x3C, 0xBD, 0x01, 0x69, 0xB6, 0x83, 0x17, 0x9D, 0x44, 0xA5,
    0x9C, 0x30, 0x49, 0x6F, 0x15, 0xDB, 0x43, 0xA7, 0x62, 0x7F, 0xD9, 0x27, 0xEE, 0xBB, 0x3A, 0xE4,
    0x54, 0x25, 0xE7, 0xFC, 0xD9, 0x2B, 0x53, 0xA7, 0x77, 0x3D, 0xDA, 0xC9, 0x16, 0x7F, 0x38, 0x74,
    0xD4, 0x4E, 0x38, 0x26, 0x9E, 0x59, 0xB8, 0xC9, 0x74, 0x61, 0x73, 0xEE, 0xA2, 0xB5, 0xCE, 0x53,
    0x4B, 0x60, 0xC2, 0xFC, 0x03, 0x28, 0x05, 0x8D, 0xDF, 0xF1, 0x34, 0x4F, 0xB3, 0x8C, 0xC1, 0xE1,
    0xA5, 0xBB, 0xBB, 0xB7, 0xB2, 0x9C, 0x45, 0x1C, 0xC1, 0xCA, 0x49, 0xAF, 0x19, 0x7C, 0xC7, 0x31,
    0xE2, 0x61, 0x50, 0xD8, 0xBC, 0xC2, 0x8C, 0x83, 0x2E, 0x2D, 0xD6, 0xD6, 0xD6, 0xAB, 0xBA, 0xBE,
    0x68, 0x1B, 0x6B, 0x9E, 0x6B, 0x68, 0x4A, 0xA6, 0xA9, 0xC6, 0xA1, 0x61, 0xA0, 0xF5, 0x88, 0x86,
    0x1E, 0x32, 0xC1, 0x30, 0xFB, 0xD4, 0xE3, 0xD2, 0xA5, 0x9D, 0x3F, 0x63, 0x0C, 0xB4, 0x33, 0xC1,
    0x16, 0x05, 0x0F, 0x6B, 0x87, 0xCD, 0x97, 0xAF, 0x67, 0xBB, 0xF9, 0x19, 0x4C, 0x4F, 0x93, 0xB0,
    0x50, 0x81, 0xEF, 0xF0, 0xFC, 0xE8, 0xCB, 0xDE, 0x4E, 0xED, 0x64, 0x5E, 0x15, 0x96, 0x51, 0x36,
    0xD6, 0xF0, 0x7C, 0x46, 0x26, 0x5F, 0xD1, 0xD3, 0xD8, 0x1A, 0xB8, 0x0B, 0xDE, 0x9A, 0x38, 0xD9,
    0xF2, 0x8B, 0x81, 0xAB, 0x3B, 0x3C, 0x21, 0xF2, 0xBE, 0xCE, 0x1F, 0x42, 0x0F, 0x18, 0x05, 0x36,
    0x81, 0x49, 0x4B, 0x16, 0x7D, 0xA3, 0x75, 0xE4, 0x87, 0x8B, 0xFE, 0xA5, 0xE9, 0x5E, 0x60, 0xA6,
    0x00, 0x2F, 0xB3, 0x46, 0xBE, 0xA4, 0xCC, 0xEC, 0xB7, 0x99, 0x19, 0xAD, 0xED, 0xE8, 0xE9, 0x10,
    0x6D, 0x94, 0x76, 0x3F, 0xBD, 0x62, 0x59, 0x0C, 0xDA, 0x04, 0x5A, 0x9A, 0xB2, 0xE9, 0x1A, 0x67,
    0xDB, 0x74, 0x1E, 0xFB, 0x43, 0x27, 0xB6, 0x07, 0x7A, 0x2D, 0x53, 0xC9, 0x20, 0x4D, 0xC9, 0x25,
    0xAC, 0x11, 0x40, 0xFC, 0xD9, 0xAD, 0x96, 0x6C, 0xC7, 0x76, 0xF1, 0x6C, 0x55, 0xB2, 0x07, 0x4E,
    0xE5, 0xD9, 0xBF, 0xD5, 0xFE, 0x3F, 0x6D, 0xE5, 0x17, 0x79, 0xE1, 0xCC, 0x8F, 0xAC, 0xDD, 0x07,
    0xB2, 0x65, 0x6C, 0xB1, 0x0F, 0x79, 0xE7, 0x95, 0xDF, 0xE4, 0x89, 0xD6, 0x2E, 0xAC, 0x59, 0xBA,
    0xC9, 0x53, 0x8E, 0x2D, 0x76, 0x24, 0xCF, 0x3E, 0xDE, 0xB0, 0x0C, 0xAA, 0xC7, 0x02, 0xF8, 0xDA,
    0x7B, 0x7A, 0x76, 0x5C, 0x91, 0xC0, 0x0E, 0x79, 0x34, 0x6A, 0x01, 0xE8, 0x95, 0xC9, 0x40, 0xA0,
    0x3A, 0x46, 0xBF, 0xDA, 0x66, 0x05, 0xB5, 0xFF, 0x38, 0xE0, 0xB5, 0xCA, 0x30, 0x1B, 0x80, 0x7F,
    0x09, 0x0B, 0xE8, 0x15, 0xCA, 0x9D, 0x27, 0x9A, 0x95, 0x06, 0x70, 0x95, 0x13, 0x0B, 0xB2, 0x1E,
    0x0F, 0xFD, 0xC5, 0xC7, 0xBB, 0x87, 0x85, 0xC1, 0x22, 0x80, 0xFB, 0xCC, 0x04, 0xA3, 0xB7, 0x81,
    0xC6, 0x25, 0x36, 0x1E, 0x56, 0x0C, 0xFB, 0x10, 0x30, 0x88, 0xB3, 0x37, 0x18, 0xC0, 0x27, 0xE2,
    0x7C, 0xC6, 0xBB, 0x35, 0x4F, 0x73, 0x97, 0x01, 0xFC, 0x19, 0x63, 0xA0, 0xFD, 0xBA, 0x94, 0xED,
    0xD7, 0x9C, 0x0D, 0xEF, 0xB1, 0x57, 0x3D, 0xE6, 0x5A, 0x9E, 0xED, 0xE6, 0x8E, 0x36, 0xEE, 0x9B,
    0xB9, 0x7B, 0x75, 0xEB, 0xD5, 0xBD, 0x4F, 0xF2, 0x74, 0x81, 0x3F, 0xCB, 0xC8, 0xCC, 0xE3, 0xFD,
    0xFA, 0x41, 0x6E, 0xF5, 0xFC, 0x31, 0x5D, 0xC0, 0x19, 0xF0, 0x4E, 0x80, 0x33, 0x68, 0x48, 0xED,
    0xBD, 0x92, 0x76, 0x99, 0x0D, 0x38, 0x3B, 0x58, 0x25, 0x41, 0xE6, 0x6B, 0x24, 0xFC, 0x07, 0x70,
    0x36, 0x97, 0x81, 0xE9, 0x0C, 0xE8, 0xB2, 0x1D, 0xB8, 0xCF, 0xBE, 0xE1, 0x36, 0xAA, 0x85, 0xCA,
    0x18, 0xE2, 0xCC, 0x73, 0x78, 0x14, 0x19, 0x70, 0x7A, 0xC4, 0x39, 0x26, 0xCE, 0x86, 0x38, 0x9F,
    0x23, 0xCE, 0xCE, 0x4E, 0xBF, 0xA1, 0x9E, 0xA0, 0x52, 0x65, 0xC3, 0x05, 0x66, 0xEB, 0xB0, 0xA9,
    0xF6, 0x69, 0xED, 0x0F, 0x8C, 0x6A, 0xB7, 0xD9, 0x93, 0x4C, 0xBC, 0x3A, 0xBE, 0x73, 0xAD, 0x5A,
    0x1C, 0xD8, 0x1E, 0x4F, 0x86, 0xD2, 0x7A, 0xBB, 0x0F, 0xBA, 0x0C, 0xC8, 0xFA, 0xBB, 0x8F, 0x67,
    0xB1, 0xCF, 0xD0, 0xC0, 0x62, 0xFB, 0x0A, 0xB3, 0xB5, 0xB1, 0xB2, 0xD4, 0xBC, 0x6F, 0x6F, 0x9F,
    0xE4, 0x98, 0x76, 0x5A, 0x30, 0x92, 0xBE, 0x79, 0x23, 0x87, 0xCA, 0x33, 0xE4, 0x2F, 0x57, 0x27,
    0x5F, 0xC3, 0x37, 0xEE, 0x6B, 0xE7, 0xC7, 0x45, 0x75, 0xEA, 0x77, 0xE6, 0xA3, 0xB4, 0x0B, 0xED,
    0xB4, 0x43, 0xBA, 0xD5, 0xC9, 0x49, 0x1E, 0xE2, 0x6B, 0x86, 0x54, 0x9F, 0x97, 0x98, 0xBF, 0x2A,
    0xCB, 0x22, 0xD4, 0xA9, 0xCE, 0xC1, 0x4E, 0xEF, 0x4A, 0x27, 0x5F, 0x0E, 0x9C, 0x9B, 0x00, 0xFC,
    0x61, 0xD6, 0x3E, 0x3B, 0xD9, 0x79, 0x8B, 0x40, 0x9D, 0x33, 0x08, 0xE4, 0x4C, 0x6D, 0x0E, 0x18,
    0x18, 0xF6, 0x87, 0x3C, 0x74, 0x15, 0xE8, 0xB5, 0x9C, 0x77, 0x73, 0xFE, 0x5C, 0x27, 0x2F, 0x51,
    0x29, 0xE6, 0xD3, 0x2B, 0x9D, 0x4C, 0x18, 0xEE, 0x27, 0x11, 0x53, 0x43, 0xA6, 0xB9, 0x5F, 0xB8,
    0xEF, 0xD9, 0xDE, 0x30, 0x16, 0x32, 0xC0, 0x58, 0xCA, 0xE0, 0x30, 0x78, 0xF3, 0x5F, 0xCD, 0x5B,
    0xBF, 0x8F, 0xE4, 0xC6, 0x95, 0x7E, 0x24, 0x77, 0x87, 0xF2, 0x12, 0x16, 0x27, 0x90, 0x0E, 0x82,
    0x7F, 0x51, 0xC1, 0x06, 0xB2, 0x4F, 0xBB, 0xBC, 0xE0, 0x02, 0x1D, 0x30, 0xD3, 0x45, 0xDB, 0x80,
    0x9D, 0x4E, 0xE0, 0xB9, 0x44, 0x81, 0x15, 0x38, 0xB0, 0xA1, 0x40, 0x0E, 0x14, 0x38, 0x98, 0xE9,
    0x26, 0xA0, 0xF0, 0x02, 0xCF, 0x7F, 0x70, 0x1B, 0xF8, 0x00, 0xA3, 0x15, 0xE8, 0x02, 0x07, 0x7B,
    0x40, 0x77, 0x93, 0x90, 0x01, 0x2B, 0x70, 0x70, 0x0D, 0xDC, 0x1F, 0x20, 0x1E, 0x6E, 0x0F, 0xB0,
    0xEF, 0x02, 0x11, 0x70, 0x0B, 0xE6, 0xAE, 0xD8, 0x4D, 0x7F, 0xDF, 0xAB, 0xEA, 0x1F, 0xBB, 0xDA,
    0x5D, 0xCD, 0x0C, 0x7A, 0x67, 0xBA, 0xA7, 0xF9, 0xB1, 0x87, 0x4D, 0x56, 0xBD, 0xF7, 0xAA, 0xEA,
    0xFD, 0xAA, 0xD7, 0x22, 0xFA, 0x4A, 0xBB, 0x0E, 0x98, 0x28, 0x3E, 0xF6, 0xFA, 0x9A, 0xFD, 0x5A,
    0xD1, 0xE4, 0xC4, 0xA2, 0x24, 0x76, 0x53, 0x80, 0xF7, 0x45, 0x0D, 0xF4, 0xFF, 0x42, 0x0C, 0xFE,
    0xBB, 0x01, 0x46, 0xD3, 0x16, 0x18, 0x97, 0x63, 0xB6, 0x96, 0x1B, 0x3E, 0x24, 0x26, 0x13, 0xE9,
    0xE1, 0x3F, 0x91, 0x11, 0xBE, 0x11, 0x69, 0x25, 0xAA, 0xC4, 0xEB, 0xBA, 0xAE, 0x96, 0x00, 0x38,
    0x53, 0xC4, 0x45, 0xFD, 0x8A, 0x37, 0xF4, 0x25, 0xCD, 0xF4, 0x41, 0xF6, 0x9C, 0xF5, 0xB4, 0xC1,
    0x03, 0x36, 0x9E, 0x3B, 0xA2, 0x86, 0xC3, 0x7B, 0x6C, 0xA0, 0xB6, 0x9F, 0x36, 0x5E, 0xB7, 0xFE,
    0xE4, 0x81, 0xC0, 0xEE, 0x5F, 0x4A, 0x36, 0x59, 0xC6, 0x33, 0xBF, 0x2B, 0x93, 0x52, 0x06, 0x25,
    0x5A, 0x4A, 0x09, 0x71, 0x79, 0x4A, 0x18, 0xA1, 0x2D, 0x0B, 0x63, 0xFE, 0xDB, 0x27, 0xE0, 0xDB,
    0xA4, 0x04, 0xA9, 0xA6, 0x8C, 0xA7, 0xD2, 0x95, 0xD1, 0xFC, 0x9B, 0x5D, 0xE9, 0x77, 0xDD, 0xA7,
    0x78, 0xBC, 0x0B, 0x4B, 0xF1, 0x8E, 0x56, 0x9D, 0xC4, 0x92, 0x10, 0x73, 0x12, 0x16, 0x76, 0xE4,
    0xD7, 0x23, 0x29, 0x22, 0xDF, 0xC8, 0x76, 0x5C, 0x6E, 0x22, 0xF8, 0x7E, 0xE6, 0x57, 0x78, 0x20,
    0x00, 0x1D, 0xE6, 0xA3, 0x92, 0x63, 0x4E, 0x52, 0xFE, 0x74, 0x55, 0x12, 0xBC, 0x1E, 0xB9, 0x24,
    0x4F, 0x95, 0x8B, 0xD1, 0x9E, 0xE7, 0x84, 0x40, 0x07, 0x90, 0x42, 0x01, 0x56, 0xA4, 0x2B, 0xE8,
    0x2A, 0x1D, 0x59, 0xBD, 0xE7, 0xBB, 0x2F, 0x4C, 0x30, 0x09, 0x05, 0xB3, 0x20, 0xD7, 0xCA, 0x74,
    0xA5, 0x00, 0x6A, 0x83, 0x2F, 0x2A, 0xF6, 0x4E, 0x82, 0xEE, 0x92, 0x02, 0x5F, 0xC5, 0x46, 0x62,
    0x0A, 0x50, 0x17, 0xB4, 0x2B, 0x6A, 0x75, 0xE2, 0xFD, 0x16, 0x37, 0x74, 0x20, 0x38, 0x25, 0xE3,
    0xDD, 0x83, 0xBD, 0x79, 0x00, 0xAE, 0xDE, 0x88, 0xD8, 0x64, 0xCC, 0xBB, 0xD2, 0x5C, 0x25, 0x87,
    0xD7, 0x80, 0xD0, 0x27, 0x4C, 0x08, 0xE3, 0xD5, 0x27, 0xBD, 0x66, 0x56, 0xA0, 0x5D, 0xE9, 0xB3,
    0xE1, 0x8C, 0xDD, 0x83, 0xC4, 0x13, 0x29, 0x1E, 0xBE, 0xBB, 0xA0, 0x92, 0x68, 0x29, 0x6E, 0x34,
    0x79, 0x93, 0x43, 0xEA, 0x67, 0xA2, 0x52, 0x06, 0x27, 0xFA, 0x28, 0x98, 0x97, 0xDA, 0xD2, 0xB5,
    0xF7, 0x28, 0x03, 0x8B, 0x10, 0x55, 0xD7, 0x46, 0x8D, 0x8C, 0x92, 0xA9, 0xBC, 0x62, 0x32, 0x7B,
    0x57, 0xDF, 0x75, 0xBE, 0x3C, 0xFA, 0xAE, 0x63, 0x52, 0x1A, 0x57, 0xF2, 0x66, 0xB8, 0xF8, 0xD1,
    0xDC, 0x63, 0x4F, 0x06, 0x32, 0xF0, 0x7E, 0xB2, 0x5A, 0x7B, 0xA4, 0xC8, 0x90, 0xA2, 0xC5, 0x9C,
    0x32, 0xC3, 0x44, 0xF2, 0x32, 0x6F, 0x27, 0xE4, 0xC0, 0x6F, 0x31, 0x2C, 0x11, 0xD6, 0x53, 0xF2,
    0xD3, 0x5C, 0x0E, 0x83, 0x52, 0xF6, 0x25, 0xDB, 0xBE, 0x1C, 0x22, 0xB6, 0x49, 0x61, 0x5B, 0x88,
    0xB2, 0x5D, 0xE0, 0xDE, 0x9B, 0x59, 0xEE, 0x7D, 0x2E, 0xDA, 0xA3, 0xED, 0x8F, 0xBE, 0x5F, 0x46,
    0xE8, 0xA4, 0xE1, 0x3D, 0x05, 0xE7, 0x7E, 0x4A, 0xA6, 0xA2, 0x72, 0x17, 0x58, 0x7F, 0xCB, 0x2F,
    0xC5, 0x80, 0x94, 0xB8, 0xCB, 0x24, 0x9C, 0x5B, 0x51, 0x6C, 0x9B, 0xFD, 0x2A, 0x20, 0xFD, 0x2D,
    0xD5, 0x98, 0x98, 0x85, 0x2E, 0x84, 0x46, 0x96, 0xFA, 0xC2, 0xBE, 0x6E, 0x1E, 0x1F, 0xF3, 0xCB,
    0xAE, 0x6B, 0x14, 0x41, 0x8C, 0x39, 0x3E, 0x2E, 0x2A, 0xB6, 0x1B, 0xCD, 0x88, 0x18, 0x1E, 0xA3,
    0xEA, 0xCE, 0xA8, 0x14, 0x9C, 0x2E, 0x95, 0xB5, 0x62, 0xB4, 0x14, 0x7C, 0x09, 0xB3, 0x27, 0xEF,
    0x9C, 0xAC, 0xDB, 0x09, 0xB4, 0xCD, 0xA4, 0x16, 0x33, 0xFC, 0x10, 0xA4, 0xB2, 0x5F, 0xED, 0xFD,
    0x81, 0x5D, 0x0E, 0x3F, 0x54, 0xF9, 0xFF, 0x51, 0x55, 0xF8, 0x1F, 0xAC, 0x22, 0x3F, 0x51, 0x24,
    0xF1, 0xF1, 0x27, 0xFA, 0xED, 0x27, 0xA5, 0xDC, 0x7A, 0x40, 0xFD, 0x51, 0x74, 0xBF, 0x2E, 0x55,
    0x75, 0x43, 0x94, 0xD4, 0xAE, 0xA2, 0xEA, 0x55, 0x54, 0xBF, 0x8A, 0x2A, 0x58, 0x51, 0x0D, 0x2B,
    0xAA, 0x5D, 0x1D, 0x8E, 0x15, 0x55, 0xCB, 0xBA, 0x7B, 0x60, 0x54, 0xA0, 0xD7, 0x31, 0x70, 0xB0,
    0x2B, 0xAA, 0x69, 0xC5, 0xAA, 0x5A, 0x19, 0x2C, 0x60, 0x84, 0x9C, 0x15, 0x3A, 0x3E, 0x3E, 0x12,
    0xED, 0x2B, 0x5F, 0x9A, 0x8C, 0xCF, 0x8F, 0xDF, 0x5E, 0xA8, 0x15, 0x28, 0x32, 0x62, 0x5A, 0x12,
    0xE3, 0x29, 0x31, 0xAC, 0x89, 0xC1, 0x06, 0xFA, 0xB3, 0x01, 0xE4, 0xEB, 0x37, 0x05, 0x9E, 0xF7,
    0x1B, 0xD3, 0x71, 0xDE, 0xDB, 0xEB, 0x4F, 0xDE, 0x19, 0x55, 0xEB, 0x76, 0x0C, 0xDB, 0xF4, 0x3A,
    0x09, 0x1E, 0x0D, 0x8B, 0xB9, 0xF6, 0xAB, 0x06, 0x6B, 0xA1, 0x0B, 0x98, 0x5A, 0x54, 0xD5, 0xA8,
    0x82, 0xCF, 0x51, 0x0C, 0xE8, 0x5B, 0xE8, 0x27, 0x5E, 0x53, 0x21, 0x51, 0x46, 0x17, 0xB0, 0x3F,
    0xD1, 0xCA, 0xFE, 0x00, 0x72, 0x6B, 0x7F, 0x8A, 0xC7, 0xEC, 0xCF, 0x62, 0xC3, 0xB5, 0x41, 0xC3,
    0xB5, 0xDF, 0x75, 0xF5, 0xC6, 0x8C, 0xFA, 0x09, 0xC6, 0x72, 0xAE, 0x07, 0x24, 0x66, 0xDC, 0x2C,
    0xFD, 0xD2, 0x71, 0x7C, 0x9C, 0xE1, 0x9E, 0x5A, 0x0F, 0x7E, 0x7E, 0xD6, 0x7D, 0x3C, 0x86, 0xC3,
    0xDF, 0xE2, 0xBE, 0x05, 0xDB, 0x84, 0xF3, 0x76, 0x26, 0xBE, 0x73, 0xE3, 0xCE, 0x36, 0xDD, 0xB8,
    0x3D, 0xBA, 0x23, 0x45, 0xA7, 0xD3, 0xA1, 0xC6, 0xF4, 0x0D, 0x5B, 0x4E, 0x06, 0x9D, 0x77, 0x06,
    0xA6, 0x1F, 0x73, 0x72, 0x30, 0x1C, 0x7E, 0x94, 0x17, 0x1C, 0x40, 0x82, 0x5D, 0xC5, 0x1B, 0x0B,
    0x38, 0x97, 0x1B, 0x5C, 0x48, 0x46, 0xB0, 0x92, 0x16, 0x5C, 0xAB, 0x0D, 0x5D, 0x5C, 0x2E, 0x66,
    0x67, 0x49, 0xBC, 0xCA, 0x9F, 0x7A, 0x33, 0x30, 0xCF, 0x29, 0x90, 0x62, 0x45, 0x79, 0x67, 0x57,
    0xC3, 0x73, 0x86, 0x3F, 0xAF, 0x86, 0x6D, 0x90, 0x19, 0xD5, 0xD7, 0xE4, 0xA3, 0xDC, 0xAD, 0xE8,
    0xBD, 0x07, 0x57, 0xC4, 0x3D, 0xDD, 0x3F, 0x3B, 0x41, 0xED, 0xE7, 0xAB, 0xE0, 0xDA, 0x3A, 0x37,
    0xB3, 0x95, 0xA3, 0x95, 0x5D, 0x0D, 0xAF, 0x2F, 0x9C, 0x2F, 0x44, 0x01, 0xF4, 0x45, 0x45, 0xE8,
    0x4E, 0x9E, 0xBE, 0x86, 0x6F, 0x71, 0x2D, 0xE5, 0xB2, 0x3D, 0x7B, 0x01, 0xAC, 0xB5, 0x64, 0x8D,
    0x23, 0xF6, 0x53, 0xD5, 0x13, 0x2B, 0x47, 0x3A, 0xDD, 0x13, 0xE7, 0xC7, 0x47, 0x9C, 0x49, 0x1E,
    0x42, 0xA2, 0x7B, 0x7E, 0x2E, 0x63, 0xB8, 0xC8, 0x9C, 0x5A, 0x71, 0x7B, 0x75, 0x03, 0xFD, 0x4B,
    0xF4, 0x2B, 0x63, 0x4A, 0x25, 0x2D, 0xC4, 0x76, 0xBD, 0xEC, 0xFB, 0x4A, 0xD6, 0xF5, 0xCA, 0x47,
    0xB4, 0x4E, 0xA2, 0x7A, 0x89, 0xD6, 0x4D, 0xDC, 0xF4, 0x13, 0xE1, 0x30, 0xFC, 0x59, 0xD4, 0x63,
    0x98, 0x69, 0xE8, 0x8B, 0x9B, 0xE8, 0x33, 0x48, 0x00, 0x69, 0xBD, 0x42, 0x73, 0xB9, 0x6A, 0x45,
    0xFD, 0x06, 0xDB, 0xB9, 0x43, 0xA5, 0xC6, 0x7A, 0x0C, 0x24, 0x0F, 0x44, 0x4E, 0x48, 0x48, 0x86,
    0xEB, 0xC3, 0x22, 0x73, 0x16, 0x33, 0x23, 0xD2, 0x83, 0x48, 0x33, 0x90, 0x0B, 0x0C, 0x49, 0x68,
    0xE6, 0xD1, 0x2A, 0xC3, 0x2B, 0x78, 0xF4, 0x2E, 0x3E, 0xC4, 0xDA, 0x2F, 0x1E, 0xD5, 0xC8, 0x67,
    0x1D, 0x5E, 0xCE, 0x55, 0x15, 0xD3, 0xA9, 0xFE, 0x23, 0x1A, 0xB8, 0xCB, 0xA5, 0x73, 0x63, 0xE9,
    0x52, 0x41, 0x82, 0x5E, 0x06, 0x09, 0xFE, 0xBE, 0x82, 0x04, 0xFF, 0x5A, 0x45, 0x8D, 0xD7, 0x55,
    0x90, 0xA0, 0xA9, 0xA8, 0xE2, 0x09, 0x51, 0x05, 0x2B, 0x10, 0x56, 0x23, 0xBA, 0x06, 0x0A, 0x63,
    0x42, 0x9F, 0xD7, 0xF4, 0x16, 0xF0, 0x93, 0x54, 0x60, 0x6D, 0x50, 0x85, 0xF3, 0xF0, 0x8B, 0x0A,
    0xBD, 0xFF, 0x0F, 0xC4, 0xD9, 0xFD, 0x18, 0x01, 0xD4, 0x51, 0x34, 0x5D, 0x9A, 0x20, 0x58, 0xBF,
    0x07, 0x34, 0x54, 0x56, 0x32, 0x54, 0xD0, 0x7B, 0x0F, 0x57, 0xF4, 0x05, 0x65, 0xC8, 0x08, 0xA4,
    0xE2, 0x20, 0x7B, 0x36, 0x61, 0xA0, 0x2E, 0x99, 0xEC, 0xE5, 0x3B, 0x2E, 0xDF, 0x7D, 0xFC, 0xC1,
    0x89, 0x03, 0x3B, 0x87, 0x94, 0x6A, 0xFA, 0x11, 0x1E, 0x8D, 0xE9, 0xC6, 0x79, 0xFF, 0x21, 0x3B,
    0x21, 0xDF, 0x30, 0x5F, 0x4B, 0xC6, 0x62, 0xB8, 0xEB, 0x32, 0xD5, 0x70, 0xCF, 0xC6, 0xD0, 0x3A,
    0x09, 0xF6, 0x77, 0x43, 0x92, 0xBB, 0x29, 0x2B, 0x5F, 0xFB, 0xB4, 0xFD, 0x87, 0xEA, 0xC0, 0x8B,
    0xA5, 0x45, 0x35, 0xA4, 0x55, 0x4F, 0x37, 0x56, 0x44, 0xCC, 0xD7, 0x09, 0x01, 0x55, 0x09, 0x2E,
    0x0A, 0x11, 0xF9, 0xB9, 0xEC, 0x8E, 0x36, 0x98, 0xA8, 0x9C, 0x21, 0xC5, 0xE8, 0xFF, 0x41, 0x65,
    0xF2, 0x7D, 0xF0, 0xF3, 0x92, 0xBC, 0x2E, 0x2B, 0x56, 0xF6, 0x69, 0x1D, 0x47, 0x14, 0x5B, 0x7B,
    0x6E, 0x60, 0xFA, 0xC6, 0xC2, 0x70, 0x38, 0x6C, 0x2F, 0xF4, 0xEC, 0xA1, 0x70, 0x85, 0xAB, 0x9A,
    0x52, 0xBF, 0x99, 0x32, 0x34, 0x05, 0x86, 0x6B, 0x44, 0x6F, 0x6B, 0x5F, 0x38, 0xDC, 0xF7, 0x96,
    0xD9, 0x96, 0xE7, 0xC0, 0x1E, 0x3C, 0xD3, 0x1A, 0x5E, 0xBA, 0xFF, 0x57, 0x0C, 0xBD, 0xDF, 0x4D,
    0x4D, 0x09, 0xD1, 0xC7, 0x53, 0xC4, 0x50, 0x61, 0xE5, 0x23, 0x5C, 0xA8, 0x70, 0x5F, 0x50, 0x5F,
    0x08, 0x3C, 0xC0, 0x14, 0xE3, 0x85, 0x71, 0x0E, 0xA7, 0x14, 0x6D, 0x54, 0x3D, 0x89, 0x03, 0x30,
    0xDD, 0x35, 0x84, 0xAE, 0xB5, 0x9F, 0xBF, 0x7C, 0x4F, 0xC4, 0xEB, 0x4B, 0x7C, 0x04, 0x73, 0xF9,
    0x94, 0x76, 0x9E, 0x8F, 0xA1, 0x22, 0x5D, 0xD0, 0x28, 0xA7, 0xB9, 0xB6, 0x71, 0xF4, 0x1A, 0x0A,
    0xCE, 0x34, 0x06, 0x90, 0x08, 0x0F, 0xF4, 0xDA, 0x37, 0x32, 0x89, 0x3E, 0xC6, 0x52, 0x8A, 0x3E,
    0xC5, 0x0C, 0x88, 0xBA, 0xAC, 0x13, 0x04, 0xB4, 0x26, 0x43, 0x74, 0x9D, 0xE4, 0x98, 0x26, 0x71,
    0xCE, 0xE8, 0xB7, 0xBC, 0x10, 0xC0, 0xF3, 0x8E, 0xB3, 0xBD, 0xB3, 0x97, 0xD3, 0x36, 0xC6, 0x48,
    0x1F, 0xC4, 0xF3, 0x37, 0x74, 0x58, 0x38, 0x65, 0x7A, 0x62, 0xFD, 0x81, 0xCB, 0xBF, 0x39, 0x09,
    0x24, 0x99, 0x1E, 0x0C, 0xDA, 0xC3, 0x79, 0xD7, 0xCE, 0x92, 0x99, 0xCB, 0xC3, 0xDC, 0x56, 0x6D,
    0xD5, 0x5E, 0xE4, 0xAD, 0x73, 0x09, 0xA3, 0xA1, 0x9E, 0x86, 0x38, 0x05, 0xD7, 0x5C, 0xB0, 0x91,
    0x2F, 0xBF, 0x67, 0xF2, 0xBD, 0xE1, 0x6F, 0x8A, 0xAE, 0x05, 0xBA, 0x66, 0x2F, 0x4B, 0xDB, 0x7D,
    0x99, 0x9D, 0xFA, 0xF0, 0xD3, 0x2A, 0x1A, 0xB2, 0x9F, 0x6D, 0x93, 0x42, 0x58, 0xCB, 0x03, 0x99,
    0xF5, 0xE0, 0x3C, 0x7D, 0x58, 0x45, 0x5D, 0xE9, 0x6C, 0xE4, 0xE5, 0xE8, 0xDC, 0x07, 0x45, 0xED,
    0x79, 0xFF, 0x82, 0x26, 0x29, 0x7B, 0xF0, 0xA8, 0x0F, 0x5F, 0x32, 0x8B, 0xA4, 0xF5, 0xCF, 0xFC,
    0x3A, 0x60, 0x5C, 0xCD, 0x21, 0xE4, 0xE7, 0xAF, 0xF8, 0x4B, 0xF2, 0x03, 0x50, 0x38, 0x7A, 0x6D,
    0xD0, 0x9A, 0x66, 0xEF, 0xEC, 0xCE, 0x60, 0x70, 0x47, 0x6E, 0xF4, 0xCC, 0xD3, 0x5E, 0x87, 0xB7,
    0x47, 0xED, 0xE3, 0xAF, 0x13, 0x4C, 0xBF, 0xFD, 0xD4, 0xEA, 0x92, 0x0B, 0x1F, 0xDF, 0xB1, 0x16,
    0x50, 0x8F, 0xD7, 0xF4, 0x9A, 0xDF, 0x98, 0x3C, 0xAA, 0x93, 0x87, 0x45, 0x15, 0x32, 0xCC, 0xA4,
    0xFA, 0xBC, 0x99, 0x81, 0xB8, 0x66, 0xEE, 0xB7, 0x73, 0xAF, 0x51, 0x77, 0xC4, 0x0A, 0x74, 0xD6,
    0x7A, 0xCD, 0xF9, 0xDF, 0x27, 0x5E, 0x23, 0xF6, 0x8D, 0x90, 0x2A, 0xAE, 0xA5, 0x98, 0x0A, 0x9A,
    0x7F, 0xE3, 0x09, 0x0F, 0x92, 0xEA, 0x8F, 0x79, 0x8F, 0x1E, 0x55, 0xDA, 0x2B, 0x2B, 0x0F, 0xD2,
    0x5A, 0xE8, 0x76, 0xEB, 0x40, 0x96, 0x85, 0x3C, 0x0B, 0x99, 0x16, 0x72, 0x2D, 0xCA, 0xB6, 0xF2,
    0x4D, 0xC6, 0xD5, 0xC6, 0x41, 0x81, 0x76, 0x12, 0xFF, 0xBA, 0x3C, 0x0C, 0x2A, 0xB7, 0x2A, 0xED,
    0x74, 0xBD, 0xD4, 0x1B, 0x9D, 0xA1, 0x2B, 0x74, 0x64, 0xD9, 0x5F, 0xDA, 0x1B, 0xCD, 0x13, 0x86,
    0x33, 0x66, 0xA6, 0x68, 0xE7, 0x06, 0xB9, 0x11, 0x8F, 0xE9, 0xAA, 0x90, 0x79, 0xB0, 0x74, 0x0A,
    0x80, 0x45, 0x30, 0x4C, 0x57, 0x1A, 0x66, 0x08, 0x4D, 0xCA, 0x94, 0x19, 0x94, 0xBD, 0x98, 0x16,
    0x41, 0x8B, 0xA9, 0x4D, 0xC9, 0x54, 0x49, 0x8D, 0xFB, 0x60, 0x44, 0xDC, 0xB3, 0x52, 0xA8, 0x72,
    0x29, 0x97, 0xA6, 0x35, 0x6C, 0x34, 0xA5, 0x46, 0x55, 0xE3, 0x34, 0x83, 0x86, 0x39, 0x6A, 0xD5,
    0x35, 0x3B, 0x8F, 0x95, 0xC9, 0xD4, 0x91, 0xB3, 0xEB, 0x1C, 0x9C, 0x53, 0x67, 0xD8, 0x9F, 0x72,
    0xEC, 0xF7, 0xC5, 0x9B, 0xF5, 0xE1, 0x19, 0xF4, 0x41, 0x5F, 0x5F, 0xE0, 0x6D, 0xA0, 0x8D, 0x3E,
    0x48, 0xE8, 0x1B, 0x6E, 0x12, 0x80, 0x07, 0x04, 0x4D, 0x83, 0xCF, 0x2A, 0x19, 0xFC, 0xB8, 0x91,
    0xBE, 0xB7, 0xC0, 0x33, 0x83, 0xBC, 0x0F, 0x1D, 0x67, 0x9F, 0xF1, 0xDB, 0x03, 0xDB, 0x9F, 0xC8,
    0x77, 0x98, 0xDC, 0x2B, 0xED, 0xC1, 0x0D, 0x82, 0x50, 0x9D, 0x94, 0xA5, 0x5B, 0xA3, 0xF2, 0x3E,
    0xDC, 0x46, 0x5F, 0xB7, 0x75, 0x2C, 0x25, 0x64, 0x4C, 0x8A, 0x6E, 0xEE, 0xC8, 0xDA, 0xE4, 0xF7,
    0x9E, 0x17, 0x2C, 0x5E, 0xE6, 0x80, 0xF2, 0x35, 0xD6, 0x25, 0x68, 0xD1, 0x6F, 0x1B, 0xB6, 0xE9,
    0xF4, 0x8E, 0xCA, 0xF4, 0x14, 0xB4, 0x9D, 0xFF, 0xEF, 0xE0, 0xC5, 0x53, 0x27, 0x6E, 0xB7, 0x2D,
    0xA1, 0x89, 0x75, 0xF9, 0x15, 0x66, 0xE9, 0xD1, 0xF1, 0x2D, 0x49, 0xB2, 0x24, 0x3F, 0xFF, 0x5F,
    0xAC, 0x83, 0x59, 0x94, 0x05, 0x6C, 0x65, 0x54, 0x9A, 0xEC, 0xD4, 0x79, 0xA4, 0x37, 0xFC, 0x4E,
    0x7A, 0x70, 0x34, 0x8D, 0xC4, 0x9C, 0xCD, 0x38, 0xB8, 0xEC, 0xEA, 0xAD, 0xF1, 0xF0, 0x46, 0x9A,
    0x9D, 0x0E, 0xCA, 0xBE, 0x99, 0xF6, 0x83, 0x69, 0x3F, 0xC2, 0x87, 0xAC, 0x7F, 0xC8, 0xD9, 0x73,
    0xD1, 0xF7, 0xC1, 0x79, 0x27, 0x03, 0x98, 0x83, 0x67, 0x65, 0x8F, 0x28, 0xBF, 0x10, 0xA9, 0xBA,
    0xA6, 0x9E, 0x49, 0x03, 0x88, 0x8F, 0x2B, 0xBE, 0xC3, 0xF2, 0x2B, 0x49, 0xB5, 0x5A, 0x91, 0xCE,
    0xB8, 0xD7, 0x3C, 0x13, 0x70, 0x8F, 0xF7, 0xB0, 0xA5, 0x4F, 0xDF, 0x52, 0xC1, 0x4E, 0x6D, 0xBA,
    0x47, 0x0A, 0x7E, 0xFB, 0x4F, 0xCD, 0xF3, 0x9F, 0x5D, 0x01, 0xFC, 0xB6, 0xA9, 0xDD, 0xAC, 0x54,
    0xB8, 0xC7, 0xFD, 0x82, 0x95, 0x3E, 0x7F, 0xEC, 0xFD, 0x10, 0xF7, 0xD5, 0x7E, 0x57, 0xA6, 0xAD,
    0x0C, 0x1A, 0xF9, 0x6E, 0xF3, 0x8C, 0xDB, 0xF4, 0x6D, 0x77, 0xDC, 0x6E, 0x2F, 0xF5, 0x31, 0x97,
    0xA5, 0x4E, 0x42, 0xBB, 0x79, 0xE8, 0x16, 0xE6, 0x0D, 0x0E, 0xC6, 0xA1, 0x6E, 0x9F, 0x72, 0xEB,
    0xB3, 0x67, 0x6A, 0x02, 0x6E, 0xED, 0xF5, 0x16, 0x04, 0x43, 0x40, 0x54, 0xD3, 0xEB, 0x61, 0xEE,
    0xF6, 0x7A, 0x50, 0x7E, 0xBD, 0x1E, 0x8C, 0x09, 0x60, 0x40, 0x48, 0x4B, 0x40, 0x5C, 0x01, 0x82,
    0x19, 0xC0, 0x6B, 0x01, 0x52, 0x10, 0xCC, 0x04, 0x10, 0x2F, 0x00, 0x21, 0xC1, 0x27, 0xC8, 0xE2,
    0xC0, 0xE6, 0xC5, 0xBE, 0xE6, 0x46, 0x6E, 0x60, 0x69, 0xA3, 0x35, 0xF2, 0xDD, 0xC6, 0x8D, 0xFF,
    0x50, 0x4E, 0x4C, 0x57, 0x8E, 0x21, 0x08, 0xD8, 0xC8, 0x59, 0x91, 0x79, 0x2D, 0xE2, 0x89, 0x16,
    0x51, 0x4A, 0x3B, 0x3A, 0xE7, 0x01, 0xE7, 0xE2, 0xE4, 0xFA, 0x78, 0xD3, 0x97, 0xEA, 0x3E, 0xC6,
    0x18, 0xD0, 0x93, 0x34, 0xBA, 0xFC, 0xB4, 0x58, 0x5A, 0xDA, 0x2D, 0xB1, 0xB8, 0xD2, 0x2C, 0xA6,
    0xA2, 0x85, 0xB2, 0x62, 0x0C, 0x9C, 0x76, 0x49, 0x1D, 0x21, 0x2F, 0xCB, 0xFB, 0xE8, 0xFE, 0xE3,
    0x99, 0x9B, 0x9C, 0xB4, 0x8A, 0x76, 0x01, 0x5E, 0xEB, 0x04, 0xA8, 0xC2, 0x4C, 0xDA, 0xD4, 0xAE,
    0x15, 0xEE, 0x5A, 0x85, 0xD3, 0xAD, 0x0E, 0xFE, 0x4D, 0x59, 0xEE, 0x84, 0x6A, 0x2C, 0x9F, 0x66,
    0x8F, 0xED, 0xE2, 0xC1, 0x3E, 0x4F, 0xB2, 0x83, 0x34, 0xEE, 0xEA, 0x83, 0x74, 0xD0, 0xB5, 0xFF,
    0x98, 0x36, 0xB0, 0xE6, 0x30, 0x58, 0x05, 0xEF, 0x36, 0xBC, 0x9B, 0x3A, 0xF4, 0xA2, 0x90, 0x40,
    0x35, 0xAB, 0x3C, 0x55, 0xBA, 0xA9, 0x16, 0x32, 0x00, 0xA7, 0x8A, 0xB5, 0x22, 0xED, 0xA2, 0x50,
    0xAA, 0x40, 0x08, 0x1C, 0x08, 0x1A, 0x81, 0x70, 0x38, 0x80, 0xF0, 0x3D, 0x80, 0x98, 0x25, 0x44,
    0x93, 0x11, 0x93, 0x92, 0x18, 0xD5, 0xC4, 0xA0, 0x25, 0xCA, 0x42, 0xD1, 0xBC, 0x47, 0x4C, 0x3A,
    0x62, 0xA4, 0x18, 0x28, 0x4A, 0xE7, 0x94, 0xEB, 0xE1, 0xAA, 0xA0, 0x62, 0x13, 0x6D, 0x36, 0xA3,
    0xD0, 0x8F, 0xED, 0x3A, 0x21, 0x7A, 0x37, 0xDB, 0x96, 0xE4, 0x57, 0xCE, 0xAE, 0x5B, 0xD7, 0x18,
    0xDA, 0xAE, 0xB6, 0x25, 0x0B, 0xAB, 0x74, 0x5A, 0xC4, 0xDD, 0x3C, 0xBA, 0x81, 0xE5, 0x13, 0x65,
    0x45, 0xEF, 0xFE, 0xC6, 0x7E, 0x9B, 0x2F, 0xB7, 0x2C, 0xBB, 0x69, 0xB4, 0x50, 0xC7, 0xA9, 0xC8,
    0x63, 0xDD, 0x7F, 0xE3, 0x90, 0x46, 0x35, 0x25, 0x1B, 0xD4, 0xE4, 0xC5, 0x6F, 0x06, 0xEA, 0x3F,
    0x6A, 0x66, 0xC6, 0xE1, 0x78, 0xE3, 0xB3, 0x3A, 0x38, 0x9A, 0x04, 0xB0, 0xDB, 0xC4, 0xC1, 0x8C,
    0xF9, 0x99, 0xB0, 0x66, 0x9E, 0x27, 0xAE, 0x98, 0x73, 0x31, 0x65, 0xC0, 0x9C, 0x31, 0xFA, 0xFA,
    0xF3, 0x7B, 0x73, 0xCD, 0x0B, 0xD5, 0x9A, 0x23, 0xE2, 0x8C, 0xD1, 0x1D, 0x7C, 0x2D, 0x26, 0xD2,
    0x9C, 0xD1, 0x13, 0x65, 0x45, 0x7B, 0x64, 0x68, 0xD0, 0x55, 0xBC, 0xBB, 0x15, 0xE6, 0x59, 0x38,
    0xE3, 0x4C, 0x8E, 0x81, 0xD5, 0xDD, 0xB5, 0x90, 0x39, 0x95, 0xA0, 0x1E, 0x3F, 0x0E, 0xBC, 0xA6,
    0x59, 0x98, 0x29, 0xE6, 0x5A, 0x5C, 0xC6, 0xF0, 0xA8, 0xB2, 0xE7, 0xE4, 0xAD, 0xCF, 0x95, 0x57,
    0xDD, 0x49, 0xB9, 0xA9, 0xED, 0x6C, 0x3C, 0x5C, 0x1D, 0x51, 0x25, 0xB9, 0xB2, 0xA2, 0xCC, 0x55,
    0x03, 0x5C, 0x89, 0x04, 0x63, 0x8F, 0xC6, 0x2E, 0xFD, 0x80, 0x66, 0x70, 0xA0, 0xA9, 0x3D, 0xBB,
    0x59, 0x5E, 0xDD, 0xD9, 0x71, 0xD9, 0x59, 0x55, 0x58, 0x9F, 0xB0, 0x4B, 0x50, 0x12, 0xFF, 0x9E,
    0x19, 0x4B, 0xAA, 0xC8, 0x37, 0xC3, 0xEC, 0x8A, 0x64, 0xF7, 0xEA, 0x31, 0x5E, 0x99, 0x68, 0x4A,
    0x09, 0xE4, 0x15, 0xF6, 0xEC, 0x77, 0xFF, 0x76, 0x3C, 0xC7, 0xF5, 0xD0, 0xE6, 0x12, 0x34, 0x5F,
    0xDA, 0x3A, 0x2D, 0xDB, 0x3A, 0xFD, 0xB2, 0x79, 0xEE, 0xBB, 0xF3, 0x78, 0xE3, 0xCC, 0x7D, 0x9C,
    0x91, 0x3D, 0x6B, 0x05, 0xD7, 0x62, 0x38, 0xD4, 0x28, 0x68, 0xF3, 0xFE, 0x55, 0x3B, 0x99, 0x3D,
    0x27, 0xA5, 0xEB, 0xAF, 0xB6, 0x67, 0x16, 0x72, 0xB4, 0xCE, 0x71, 0xEA, 0x58, 0xE2, 0x61, 0xF4,
    0x3C, 0xA3, 0x56, 0x51, 0x7A, 0x29, 0x9E, 0xBF, 0x3F, 0x53, 0x09, 0x05, 0xDD, 0x42, 0x85, 0x14,
    0x33, 0x37, 0x06, 0x39, 0x99, 0x3C, 0xD1, 0x84, 0xE8, 0x9C, 0xE3, 0x99, 0xA9, 0xF5, 0xD1, 0xD0,
    0xB0, 0xB6, 0x63, 0x17, 0x3C, 0x1A, 0x0E, 0x39, 0x9E, 0x5A, 0x2F, 0xE6, 0xCE, 0xCD, 0xD8, 0xED,
    0x51, 0xF6, 0xDD, 0x99, 0x22, 0x6C, 0x2C, 0xDF, 0xDC, 0xCD, 0xDA, 0xA7, 0x20, 0x3B, 0x8C, 0x37,
    0x65, 0x69, 0x1E, 0x24, 0x33, 0x8A, 0x33, 0x62, 0x92, 0x37, 0xA5, 0x5F, 0xB7, 0x70, 0x1B, 0x8F,
    0x3A, 0x76, 0x67, 0xCB, 0xFD, 0xCE, 0xA4, 0x5E, 0x3A, 0x07, 0xF7, 0xD7, 0x7B, 0xEB, 0x99, 0x18,
    0x5B, 0xE2, 0x81, 0xD9, 0xC0, 0x52, 0x8D, 0x55, 0x68, 0xA9, 0x73, 0xEF, 0x09, 0x08, 0x09, 0xF4,
    0x90, 0x39, 0xEE, 0x1D, 0xBA, 0xB1, 0xCF, 0x0E, 0x87, 0x9D, 0xAC, 0x0B, 0x00, 0x74, 0xB4, 0x79,
    0xB3, 0x82, 0x36, 0xA5, 0x30, 0xD3, 0x50, 0x55, 0x13, 0xB1, 0xB2, 0xA7, 0x7B, 0x96, 0x10, 0x46,
    0x5F, 0x03, 0xD7, 0xCA, 0x85, 0xAE, 0x27, 0x69, 0x3B, 0xEA, 0x9A, 0x49, 0xC5, 0xEA, 0xB2, 0x42,
    0xB3, 0xBA, 0x63, 0x4D, 0xF4, 0x3C, 0xEB, 0x7D, 0x72, 0x8D, 0x2C, 0xD8, 0xD7, 0xEF, 0x48, 0x37,
    0xDD, 0x6F, 0x6F, 0xE1, 0x0C, 0xBD, 0x4D, 0xF9, 0xDA, 0xA4, 0xC2, 0xFD, 0x24, 0xEA, 0x52, 0xB3,
    0x48, 0xEF, 0x4B, 0x5A, 0xB1, 0x7E, 0x04, 0xA3, 0x97, 0xD2, 0x0A, 0x3F, 0xF3, 0x9D, 0x68, 0xA3,
    0x77, 0xD5, 0x69, 0x82, 0xB5, 0x62, 0x92, 0x32, 0xA7, 0xCB, 0xEA, 0xBA, 0x7B, 0xCB, 0xA3, 0xB7,
    0xCF, 0x9C, 0x38, 0xCB, 0x7C, 0x74, 0x23, 0x61, 0x15, 0xF8, 0x5F, 0x9B, 0x24, 0xDE, 0xF7, 0xF3,
    0xD3, 0x38, 0x4F, 0x0B, 0x89, 0xDA, 0xE5, 0x26, 0xEB, 0xA5, 0x46, 0x12, 0x32, 0xD4, 0x34, 0x30,
    0x9B, 0xA0, 0x13, 0x63, 0xBD, 0xD7, 0xD5, 0xAE, 0xED, 0xAD, 0x87, 0x62, 0xF3, 0xFE, 0x21, 0x77,
    0x00, 0x58, 0x79, 0xA2, 0xE2, 0x24, 0xAD, 0x37, 0x37, 0x5C, 0x2D, 0x93, 0x2D, 0x63, 0x8E, 0x98,
    0x25, 0x2D, 0xBE, 0xAE, 0x05, 0xDD, 0xAF, 0xF6, 0xD4, 0x8E, 0xF9, 0x6A, 0xD2, 0x06, 0xD9, 0xD2,
    0x53, 0x8B, 0xF3, 0x7D, 0xC2, 0x88, 0xFF, 0x42, 0xA6, 0x85, 0x98, 0x87, 0x6F, 0x33, 0xBD, 0x4C,
    0xFB, 0x5B, 0xE8, 0xAE, 0xDC, 0xD1, 0x32, 0xA6, 0x71, 0xEE, 0x85, 0x96, 0xD2, 0x94, 0x6E, 0xE7,
    0x1B, 0xAF, 0xF7, 0xCE, 0x84, 0x2B, 0x1E, 0xAB, 0x1D, 0xBA, 0x30, 0x81, 0xC4, 0xFC, 0x7C, 0x19,
    0x6E, 0xA6, 0x0F, 0xA8, 0xEA, 0xCF, 0xA0, 0x35, 0xE6, 0xF4, 0x3F, 0x72, 0x5B, 0xCF, 0x15, 0x4E,
    0xDF, 0x87, 0x14, 0xE7, 0x38, 0x0F, 0xF2, 0xA4, 0x4C, 0x34, 0xB5, 0xDF, 0xAE, 0x72, 0x53, 0xAE,
    0x42, 0x41, 0xF7, 0xAC, 0x0D, 0x15, 0x7F, 0xC3, 0x74, 0xF8, 0x91, 0x97, 0xED, 0x84, 0x1C, 0x5C,
    0xBD, 0x6A, 0x01, 0x33, 0xF0, 0xF9, 0x0C, 0xCE, 0xC2, 0x89, 0x78, 0x76, 0xAF, 0x68, 0xBB, 0x72,
    0xB8, 0x2E, 0x26, 0xC3, 0xF5, 0x76, 0xD3, 0xCA, 0x83, 0xBF, 0xB3, 0x4D, 0xE6, 0x38, 0x96, 0xB1,
    0xAB, 0xBF, 0x9B, 0xB8, 0xE8, 0xED, 0x1E, 0x03, 0x51, 0x5B, 0xAD, 0xA0, 0xD5, 0x13, 0xED, 0x72,
    0x03, 0xE8, 0xDA, 0xC7, 0x3B, 0xC8, 0xDE, 0x04, 0x13, 0xAD, 0xAD, 0x2C, 0x67, 0x85, 0x74, 0x92,
    0x6D, 0x7D, 0xAC, 0x69, 0xF7, 0x8F, 0xD4, 0x96, 0xAA, 0x21, 0x7D, 0xF5, 0x9F, 0xE7, 0x50, 0x63,
    0xDE, 0x79, 0xF3, 0x18, 0x97, 0x03, 0x4D, 0xB1, 0xA8, 0x88, 0x37, 0x06, 0x3C, 0x5F, 0x56, 0xB3,
    0xBC, 0xB3, 0x4E, 0xED, 0x7A, 0x2D, 0xCC, 0x6C, 0x8B, 0xF7, 0xDF, 0xCD, 0x8F, 0xBE, 0x22, 0x0F,
    0x0C, 0x6E, 0x16, 0xF7, 0xA4, 0x98, 0x51, 0xD5, 0xEB, 0xBE, 0x12, 0xA5, 0x31, 0xD1, 0x11, 0x7E,
    0xAE, 0xDA, 0xBE, 0x36, 0xFE, 0x35, 0x15, 0xC2, 0xF1, 0xA1, 0xA3, 0x8C, 0x79, 0xF9, 0x0E, 0x48,
    0x6E, 0xA0, 0xAB, 0x9B, 0xFB, 0x4A, 0x1C, 0xF3, 0xAA, 0x60, 0x5C, 0x0F, 0x72, 0xAF, 0x04, 0x9F,
    0xE7, 0xE0, 0x6C, 0x83, 0x24, 0x28, 0x0A, 0xCA, 0xE2, 0xB2, 0xFC, 0x25, 0x8C, 0xD6, 0x0C, 0x27,
    0x70, 0xA2, 0xD3, 0xF1, 0xC2, 0xFC, 0x9D, 0x63, 0x18, 0xA3, 0xAE, 0x8E, 0xBB, 0x59, 0x84, 0x4E,
    0x9E, 0x3A, 0x8C, 0xB7, 0xF2, 0x6F, 0x81, 0x84, 0x86, 0xD1, 0x7B, 0x07, 0xF3, 0x75, 0x9F, 0x25,
    0x55, 0xFF, 0xE0, 0x4A, 0xF4, 0xD6, 0xDB, 0xCA, 0x17, 0xDB, 0x1A, 0xFE, 0x4A, 0xF0, 0x1A, 0xCC,
    0xC4, 0x60, 0x06, 0x47, 0x37, 0xAA, 0xE1, 0xF2, 0xA5, 0x65, 0xD0, 0x7D, 0xC8, 0x05, 0xAA, 0x75,
    0x5E, 0x5A, 0x77, 0xF5, 0x8A, 0x2B, 0x1E, 0x9C, 0x07, 0x65, 0xD4, 0x7D, 0x50, 0xC6, 0xFF, 0xDA,
    0x95, 0xB1, 0xD7, 0x65, 0x2B, 0x45, 0x0C, 0xBA, 0x60, 0x4E, 0x9B, 0xF3, 0x06, 0xD1, 0xE0, 0xAC,
    0xE9, 0x73, 0x97, 0x28, 0x0B, 0xEA, 0xF4, 0x7F, 0xDF, 0xAB, 0x18, 0x2D, 0xAB, 0x0B, 0xB9, 0x32,
    0x48, 0x03, 0xF6, 0x3D, 0x70, 0x89, 0xE5, 0x1D, 0xE0, 0xDE, 0x1F, 0x0E, 0x33, 0x52, 0xC9, 0xF3,
    0x06, 0x4D, 0x5B, 0xE6, 0xFA, 0x80, 0x4E, 0x89, 0xE1, 0x9C, 0x48, 0xA8, 0xFE, 0x42, 0xCD, 0x1E,
    0xFC, 0x62, 0x17, 0xF8, 0xF7, 0xB8, 0x79, 0x5F, 0xC6, 0x12, 0x4C, 0x53, 0xF1, 0x1F, 0x81, 0x66,
    0x86, 0x52, 0xDF, 0x3C, 0x7B, 0x01, 0x72, 0xF8, 0x85, 0xEE, 0xE1, 0xD1, 0x30, 0x7E, 0x42, 0xC3,
    0x45, 0xF7, 0x2E, 0xFA, 0x01, 0xF4, 0x58, 0xF0, 0x19, 0x8B, 0x98, 0xBB, 0x5D, 0x10, 0x86, 0xEC,
    0x65, 0x36, 0x17, 0x39, 0x06, 0x3B, 0xF5, 0x81, 0x3D, 0x26, 0x23, 0x5B, 0x9C, 0x6F, 0xBD, 0xA6,
    0x2D, 0x0A, 0xE4, 0x77, 0x2F, 0xD3, 0x09, 0x54, 0x17, 0x7A, 0xE2, 0x4A, 0xC8, 0x63, 0x7F, 0xBA,
    0x23, 0x1A, 0x41, 0xE2, 0x60, 0xAA, 0x76, 0x66, 0x92, 0xE4, 0xD2, 0x80, 0x92, 0xEA, 0xAD, 0xAD,
    0xCF, 0x89, 0xAB, 0x62, 0x72, 0x4A, 0x26, 0xF3, 0x25, 0x93, 0x1A, 0xBE, 0xE6, 0x1B, 0xE9, 0x54,
    0x91, 0xDE, 0x4B, 0xCB, 0x5F, 0x21, 0xD8, 0xF2, 0xCE, 0x7B, 0x5B, 0x62, 0x73, 0x6E, 0x23, 0xF3,
    0xE5, 0xAE, 0x65, 0x38, 0xA5, 0xAB, 0xE3, 0x32, 0x8A, 0xDF, 0xDB, 0x4C, 0xC7, 0x45, 0x2E, 0x34,
    0x49, 0x9D, 0x25, 0x9F, 0xD8, 0x6A, 0x2D, 0x6F, 0xE6, 0x9C, 0xA4, 0xDC, 0x7F, 0x42, 0x5F, 0xE2,
    0xF5, 0xBA, 0xCB, 0x83, 0xB7, 0x66, 0x79, 0xCE, 0xEC, 0x7E, 0xB4, 0xA6, 0x8E, 0xC9, 0x7F, 0xC9,
    0x39, 0x1B, 0x30, 0x77, 0x03, 0xD7, 0x24, 0xAC, 0x41, 0x4A, 0x5C, 0xDB, 0xCA, 0x7D, 0x9E, 0x4B,
    0xC4, 0x06, 0xE8, 0x2F, 0xC9, 0x61, 0xD1, 0x4C, 0x4B, 0xA7, 0xAF, 0x95, 0xFE, 0x98, 0x52, 0x19,
    0xB3, 0xCD, 0x09, 0x8D, 0x7A, 0x93, 0x72, 0xEB, 0xDD, 0xF8, 0x75, 0x9C, 0x33, 0xFD, 0xFB, 0xC3,
    0x3A, 0xFE, 0x98, 0x3A, 0xEC, 0x93, 0x69, 0xF8, 0x5F, 0x30, 0x8B, 0xF1, 0x7F, 0x96, 0x01, 0x7F,
    0xD9, 0x16, 0x7D, 0x96, 0xFB, 0xFC, 0x71, 0x57, 0xC8, 0xAC, 0x50, 0x69, 0x77, 0xEA, 0x79, 0x66,
    0x30, 0xCB, 0x1C, 0x01, 0xCD, 0xBF, 0x71, 0xA6, 0x34, 0xD9, 0xA8, 0x6A, 0xAD, 0xD6, 0x49, 0x5C,
    0x0A, 0xD1, 0x55, 0xB5, 0xCA, 0xBA, 0xAA, 0x55, 0xAB, 0xAE, 0x6E, 0xAB, 0xAD, 0x18, 0xB5, 0x2E,
    0x3F, 0xE5, 0x6B, 0x66, 0x2A, 0x2E, 0xFD, 0x99, 0x51, 0x5E, 0x92, 0x3C, 0xAD, 0xC3, 0x0A, 0xD1,
    0x65, 0x1D, 0x4D, 0xA3, 0xF2, 0xB4, 0x61, 0x35, 0xD0, 0xA8, 0x4D, 0xF2, 0xA0, 0x6E, 0x4E, 0xA1,
    0xD2, 0x3E, 0xAF, 0x0D, 0xBA, 0xFE, 0xA2, 0x4E, 0x27, 0xCC, 0x8E, 0x71, 0x78, 0x8B, 0x92, 0x68,
    0x72, 0xA6, 0x81, 0x8C, 0xFE, 0x34, 0x22, 0xD9, 0x28, 0xE8, 0x75, 0xE6, 0xF0, 0x39, 0xF5, 0x06,
    0x5C, 0x20, 0xEF, 0xF4, 0x39, 0x38, 0x03, 0x97, 0x1F, 0x8B, 0x6A, 0xB0, 0x92, 0x50, 0x9E, 0x26,
    0x03, 0xAF, 0x98, 0x47, 0x85, 0x6E, 0xC5, 0x33, 0x77, 0x17, 0x7F, 0x5A, 0x39, 0x7D, 0x6F, 0xBD,
    0xE6, 0xF9, 0xE5, 0xAA, 0x11, 0xEE, 0x6F, 0x54, 0x02, 0x53, 0x62, 0x90, 0x97, 0x4A, 0xCB, 0xC9,
    0x0A, 0x21, 0xE5, 0x3B, 0xA3, 0x0B, 0x24, 0xBB, 0xC7, 0x9A, 0xF0, 0xF3, 0x31, 0xCC, 0x61, 0x6B,
    0x1E, 0x0C, 0xDA, 0xB8, 0x9B, 0xB7, 0x98, 0x99, 0xAD, 0xBC, 0x4A, 0x9F, 0xC7, 0x9F, 0x71, 0xDE,
    0xDE, 0xC5, 0xC2, 0x41, 0x18, 0x9F, 0x27, 0x98, 0xC6, 0xDE, 0x04, 0x16, 0xC1, 0xE8, 0x4F, 0x3E,
    0x56, 0x70, 0x63, 0x59, 0xF3, 0x7E, 0x8D, 0x02, 0x79, 0xDD, 0x16, 0x60, 0xB8, 0x84, 0x96, 0x46,
    0xFA, 0x87, 0xEB, 0x14, 0xC6, 0xF1, 0x51, 0xC2, 0x3C, 0x98, 0x82, 0x77, 0x7C, 0xFC, 0xF6, 0x6C,
    0x39, 0xE9, 0xF4, 0x67, 0x92, 0xC5, 0x6A, 0xA0, 0x1B, 0x97, 0x9C, 0xB3, 0xBF, 0x90, 0x1A, 0x2C,
    0x77, 0xBB, 0xB4, 0xE8, 0x41, 0x7F, 0x70, 0xA5, 0x2B, 0x4A, 0x7F, 0xDB, 0xD9, 0xB9, 0xDF, 0xC4,
    0xD9, 0x3A, 0x08, 0xFB, 0xDB, 0xBD, 0xFF, 0x1B, 0x0E, 0xEF, 0x0D, 0x96, 0x15, 0x7E, 0x8D, 0xAD,
    0x8C, 0x70, 0x39, 0x43, 0x86, 0xDF, 0x0C, 0x0B, 0x5C, 0xE6, 0xF3, 0xA6, 0x2D, 0x42, 0xAF, 0x78,
    0xD8, 0xDE, 0xB8, 0x66, 0x17, 0xB6, 0xC9, 0xB0, 0x76, 0xC3, 0x9B, 0x2B, 0x6D, 0x9E, 0x7B, 0x3C,
    0x5E, 0xDE, 0x39, 0x1C, 0xB2, 0x82, 0xBC, 0x1A, 0x68, 0xF9, 0xE5, 0xAF, 0x56, 0xA2, 0x53, 0xF8,
    0xD5, 0x75, 0x33, 0xCD, 0x88, 0x93, 0x0F, 0x30, 0xFC, 0xF1, 0x64, 0xBB, 0xCC, 0x7E, 0x5B, 0xFE,
    0x1D, 0x8D, 0x7F, 0x50, 0x3F, 0x36, 0x6D, 0x46, 0xD7, 0xCC, 0xB1, 0x9F, 0x7F, 0x1D, 0x2B, 0xF0,
    0x14, 0x4D, 0x34, 0x76, 0x0B, 0xD3, 0xFD, 0x24, 0x79, 0x5B, 0x5C, 0xFF, 0x0D, 0xCD, 0x5A, 0x31,
    0x8F, 0xDC, 0xC6, 0x15, 0x7E, 0x24, 0x4F, 0x47, 0xFB, 0x88, 0x98, 0x2A, 0xA4, 0x00, 0xB1, 0xE0,
    0xAC, 0x8B, 0x14, 0x4A, 0x20, 0x84, 0x4D, 0x0A, 0x17, 0xD2, 0x91, 0x88, 0x81, 0xB8, 0xBD, 0xC2,
    0x97, 0x26, 0x8D, 0x8A, 0x34, 0x81, 0x0A, 0x35, 0x57, 0xA8, 0xB8, 0xDB, 0x65, 0x92, 0x22, 0x85,
    0x0B, 0xEB, 0x1F, 0x44, 0x85, 0x0A, 0x61, 0x5D, 0x9C, 0x0A, 0x15, 0x36, 0xB0, 0xB7, 0x4B, 0x47,
    0x45, 0x8A, 0x14, 0x5E, 0x55, 0x29, 0xC3, 0x24, 0x52, 0x22, 0xC7, 0x40, 0x44, 0x23, 0x0C, 0xB2,
    0x92, 0xB8, 0x9C, 0x7C, 0xDF, 0x9B, 0x21, 0xF7, 0xCE, 0x91, 0x11, 0x39, 0x3E, 0x29, 0xB7, 0xE0,
    0xBE, 0x79, 0xC7, 0x1D, 0x92, 0xF3, 0xDE, 0xBC, 0xF9, 0xDE, 0xF7, 0x86, 0x27, 0x22, 0xF2, 0x8A,
    0xF0, 0xF3, 0x7D, 0x95, 0x9B, 0x2A, 0xF7, 0xF0, 0xBD, 0xB2, 0xDF, 0x88, 0x44, 0xC6, 0x54, 0x22,
    0xA9, 0x31, 0x0B, 0x11, 0x33, 0x8F, 0x5A, 0x09, 0x70, 0x72, 0x96, 0xC7, 0x38, 0x99, 0x14, 0x83,
    0x02, 0x1D, 0xAA, 0x34, 0x17, 0x09, 0xAA, 0x14, 0x57, 0xF8, 0x8B, 0x11, 0xA4, 0xD7, 0x4C, 0x79,
    0x0B, 0x27, 0x0F, 0x0E, 0xE9, 0x43, 0x95, 0xEC, 0xE9, 0x2D, 0x28, 0x83, 0x3A, 0xC1, 0x1D, 0xC2,
    0x2A, 0x9E, 0x8B, 0xC4, 0x65, 0x54, 0xE3, 0x41, 0x45, 0xD0, 0x8A, 0x67, 0xF0, 0xAC, 0x4F, 0xAF,
    0x2E, 0xF1, 0x08, 0x7D, 0xBA, 0x6F, 0x4C, 0x86, 0xDE, 0xA7, 0xB6, 0x74, 0x68, 0x92, 0xF3, 0xCA,
    0xD2, 0x8A, 0xF5, 0x8F, 0xA2, 0xB9, 0x8C, 0x8C, 0x29, 0xD0, 0xC7, 0x48, 0xB4, 0xC0, 0xA5, 0x18,
    0x54, 0x9A, 0xA7, 0x99, 0xC4, 0x05, 0x1E, 0x11, 0x96, 0x43, 0x0E, 0xEE, 0xE0, 0xA8, 0xE0, 0xB9,
    0x12, 0xBF, 0x46, 0xF3, 0x24, 0x47, 0xBF, 0xB8, 0x94, 0x51, 0x16, 0xB6, 0x3F, 0xE2, 0x93, 0x69,
    0x67, 0x62, 0x30, 0x1E, 0x79, 0xD7, 0x3E, 0x4D, 0xDE, 0x54, 0xB9, 0x58, 0x49, 0xAF, 0x5E, 0x83,
    0x4C, 0x2B, 0x7A, 0xCA, 0xF0, 0x21, 0xB2, 0x14, 0xCA, 0xE6, 0xF8, 0xA5, 0xB7, 0x10, 0x8C, 0x30,
    0xA8, 0x05, 0x1E, 0x8A, 0x2A, 0xD8, 0x07, 0xA7, 0x4B, 0x60, 0x3E, 0xA0, 0x3F, 0x66, 0x06, 0x0E,
    0x92, 0xD8, 0xD0, 0x13, 0x72, 0xC6, 0x0D, 0xF6, 0x32, 0x45, 0xDD, 0x0D, 0xD5, 0xAF, 0x74, 0xA0,
    0xBB, 0x1C, 0xE7, 0x84, 0xB7, 0xFC, 0x4A, 0xE2, 0x80, 0x37, 0x19, 0x62, 0x52, 0x25, 0xCD, 0x82,
    0x4A, 0x92, 0x07, 0x57, 0x4B, 0x86, 0x43, 0x01, 0x2F, 0xB5, 0x9C, 0x8E, 0x4C, 0xBA, 0xCF, 0x6D,
    0xBF, 0xE8, 0xD4, 0xBD, 0xB8, 0x57, 0x13, 0xD3, 0x77, 0x88, 0x9A, 0x5E, 0xD5, 0x31, 0xAD, 0x3E,
    0xA7, 0xB6, 0xB7, 0x21, 0xCF, 0x6E, 0x6F, 0x6F, 0x67, 0x36, 0xC8, 0x30, 0x99, 0xA6, 0x82, 0x0A,
    0x13, 0xAD, 0xBA, 0xBD, 0x3D, 0x2B, 0xD9, 0xED, 0xEA, 0x9C, 0x33, 0xA6, 0xB6, 0x61, 0x7E, 0x71,
    0x23, 0xBD, 0xA7, 0x11, 0x3B, 0x01, 0xFA, 0x37, 0x55, 0x46, 0x60, 0x58, 0xA9, 0xCA, 0x2F, 0xE6,
    0xB6, 0x53, 0xD3, 0x42, 0x9B, 0x84, 0xBE, 0xB3, 0x67, 0xE0, 0x5B, 0xAF, 0xE9, 0xD5, 0xA0, 0xEE,
    0x55, 0x5C, 0xD5, 0xF5, 0x65, 0x84, 0xBA, 0x3B, 0x8C, 0xA4, 0x57, 0x97, 0x4E, 0x9D, 0x4A, 0xB0,
    0x70, 0xEA, 0x52, 0xE2, 0xCA, 0xAA, 0x58, 0x22, 0xBC, 0x8A, 0xEA, 0xA0, 0x42, 0x68, 0x51, 0x1D,
    0x7F, 0x80, 0xA0, 0x32, 0xE3, 0xF1, 0x38, 0xA7, 0x6D, 0x0C, 0x69, 0x6B, 0xE6, 0x7D, 0x98, 0x80,
    0x4F, 0x69, 0xFD, 0xB0, 0x21, 0x3B, 0x6E, 0xAD, 0xC5, 0x1F, 0xD7, 0x62, 0xBD, 0x10, 0x3C, 0x85,
    0x09, 0xEA, 0x04, 0x31, 0xB9, 0x38, 0x1F, 0x6C, 0xEA, 0xDD, 0xAD, 0x0B, 0xDC, 0xD3, 0xE1, 0x43,
    0xE7, 0x00, 0x5C, 0x96, 0xDB, 0x71, 0xAE, 0x34, 0xDA, 0xDC, 0x59, 0xDF, 0xF4, 0x16, 0x2F, 0x3A,
    0x2D, 0xAA, 0x3A, 0x6D, 0xD0, 0x7B, 0x09, 0x6B, 0xC8, 0x5D, 0xDB, 0x76, 0x76, 0xFB, 0x4D, 0x67,
    0x76, 0x58, 0xF5, 0x56, 0xCF, 0x3B, 0xA3, 0x09, 0x04, 0xD6, 0xE6, 0x59, 0x67, 0xB2, 0xD7, 0x8E,
    0xC7, 0x6A, 0x07, 0xA2, 0x96, 0x63, 0xA1, 0xC1, 0xBE, 0xB1, 0xEB, 0xD9, 0xEF, 0x02, 0x08, 0x21,
    0x33, 0x8F, 0x9C, 0xA2, 0xB8, 0x40, 0x65, 0xD4, 0x38, 0x25, 0xA9, 0x9C, 0x12, 0x15, 0x4E, 0xE1,
    0x67, 0xE3, 0x7E, 0x5C, 0xC0, 0x67, 0x19, 0x96, 0xC1, 0xFB, 0x05, 0x61, 0x82, 0xF7, 0x2F, 0x06,
    0x50, 0xE2, 0xDA, 0x47, 0x8C, 0x62, 0x0A, 0x61, 0xC9, 0xA8, 0x20, 0x4C, 0xA5, 0xA2, 0xF3, 0x31,
    0xE2, 0xE0, 0x78, 0xF9, 0x92, 0xF0, 0x06, 0x05, 0xE6, 0x23, 0xD0, 0x71, 0x5B, 0x58, 0x6F, 0x15,
    0x5C, 0x72, 0xA0, 0x0A, 0x6C, 0x1F, 0x6A, 0x1F, 0x6B, 0x7A, 0x5C, 0xA8, 0xE5, 0x70, 0x7F, 0x41,
    0xC3, 0x61, 0xF2, 0xAC, 0xA0, 0xDD, 0xD1, 0xF2, 0x1C, 0x10, 0xE0, 0x6F, 0xE3, 0xEB, 0xB0, 0xE9,
    0x0F, 0x45, 0x4A, 0xB4, 0x1A, 0xB5, 0xA1, 0x55, 0x3C, 0x07, 0x57, 0x6B, 0xAE, 0xB1, 0xC0, 0x2A,
    0x69, 0x7A, 0x02, 0xDA, 0x75, 0xD7, 0xC2, 0xC0, 0xA9, 0x5D, 0x25, 0x5E, 0xC3, 0xB8, 0x0B, 0xDA,
    0xAB, 0x0B, 0xB4, 0x0D, 0x70, 0xB0, 0x64, 0x8B, 0xA9, 0xB3, 0x93, 0x04, 0x63, 0xD6, 0xFA, 0xF4,
    0xA0, 0xD8, 0x89, 0x08, 0x50, 0x08, 0x57, 0x29, 0x59, 0xDA, 0x47, 0xA2, 0xD5, 0x6D, 0x9F, 0xA0,
    0x3A, 0x36, 0xC9, 0xD1, 0x51, 0x36, 0x9D, 0x14, 0x3D, 0xBF, 0x92, 0x91, 0x02, 0xA1, 0x2E, 0x3C,
    0xCF, 0x30, 0x47, 0xF8, 0xAD, 0x8E, 0xE9, 0x86, 0x9C, 0xD7, 0x7C, 0x36, 0x94, 0xBD, 0xA1, 0xB4,
    0x43, 0x99, 0x0E, 0xE5, 0xF4, 0x90, 0x7F, 0xE2, 0xD8, 0x1D, 0xCA, 0xC1, 0xF3, 0x1F, 0x17, 0x19,
    0x1C, 0xF6, 0x68, 0x24, 0x84, 0x73, 0xB0, 0x68, 0xE6, 0xF2, 0x2D, 0xF5, 0x8C, 0x7A, 0x27, 0xA3,
    0x77, 0x2E, 0x29, 0xC8, 0x21, 0x80, 0xD4, 0x57, 0x7E, 0x0D, 0xD8, 0xE9, 0xB4, 0xAA, 0xD7, 0x9A,
    0x4E, 0xDB, 0x6C, 0x7B, 0x2D, 0xED, 0x35, 0x18, 0xE1, 0x34, 0x40, 0x8A, 0xD3, 0x10, 0xAC, 0x4E,
    0x43, 0xFC, 0x76, 0xDA, 0xA8, 0xD7, 0x92, 0xA2, 0xD3, 0xE2, 0xB2, 0xD3, 0x82, 0xBA, 0xD3, 0xBC,
    0xA6, 0xD3, 0x64, 0xD6, 0x6B, 0xE9, 0x14, 0xB9, 0x2D, 0x60, 0x1A, 0x8B, 0x5B, 0x1A, 0x44, 0x2D,
    0x6C, 0xB1, 0x76, 0xF5, 0x0E, 0xF0, 0x5E, 0xFA, 0x17, 0xA3, 0x77, 0x6D, 0x91, 0x65, 0x8C, 0x5C,
    0x84, 0x76, 0x11, 0x8B, 0x77, 0xD1, 0x41, 0xF7, 0x59, 0xE9, 0x2D, 0xB7, 0x76, 0x27, 0x62, 0xAD,
    0x4E, 0x33, 0x6B, 0x73, 0x2A, 0xD6, 0xE2, 0x35, 0xE9, 0xEC, 0xB5, 0xD6, 0xAE, 0x89, 0xB5, 0x35,
    0x11, 0x6B, 0x69, 0x2A, 0xD6, 0x4E, 0xB4, 0x6A, 0x25, 0x5A, 0xB5, 0x91, 0xED, 0xC8, 0xB5, 0xB4,
    0x8F, 0x2D, 0xC7, 0xC6, 0x96, 0xB6, 0xB1, 0xA5, 0x65, 0x6C, 0x69, 0x97, 0xB6, 0xB0, 0x4A, 0x5B,
    0xD8, 0xA4, 0x6D, 0xE8, 0x5A, 0xDF, 0xB5, 0xC2, 0xD6, 0xDA, 0xE2, 0x56, 0xC4, 0x7F, 0xB4, 0x23,
    0x97, 0xA9, 0x5A, 0x07, 0x4F, 0x2E, 0x79, 0x0D, 0x5C, 0xE6, 0xDA, 0x70, 0xB8, 0x35, 0x51, 0xB9,
    0x3C, 0x24, 0x4F, 0x77, 0x39, 0xEE, 0x31, 0xF4, 0xDD, 0x14, 0x30, 0x34, 0x39, 0x20, 0x14, 0x4C,
    0x66, 0x65, 0x58, 0x43, 0x66, 0xC8, 0x36, 0x93, 0xA9, 0x26, 0x58, 0x8D, 0xA1, 0xC9, 0xE4, 0x6B,
    0x48, 0x64, 0xF5, 0x5D, 0x37, 0x06, 0x2B, 0x9B, 0x95, 0x0C, 0x75, 0x92, 0x52, 0x1D, 0x70, 0xAA,
    0x80, 0xF9, 0x5D, 0x9C, 0xCC, 0x2E, 0xF0, 0xA7, 0xB2, 0xD1, 0x15, 0xA2, 0xBF, 0xCD, 0xF4, 0xB7,
    0xE4, 0x50, 0x3E, 0x7E, 0x55, 0x56, 0x67, 0x88, 0xE7, 0x5D, 0x1F, 0xA5, 0x44, 0xDE, 0x53, 0x5E,
    0xE5, 0xFF, 0x83, 0x32, 0xF8, 0x23, 0x9F, 0x11, 0xCD, 0x1B, 0x85, 0x11, 0xB2, 0xBC, 0x81, 0x4B,
    0x35, 0x36, 0x08, 0x06, 0x39, 0xC7, 0x45, 0xB8, 0x6D, 0xB8, 0x34, 0x3D, 0xE6, 0x3B, 0x4D, 0x02,
    0xB5, 0xCA, 0x46, 0xE1, 0xBC, 0xD1, 0x0E, 0x43, 0xCD, 0x4A, 0xA9, 0xCB, 0x3B, 0x9B, 0x7A, 0x43,
    0xCE, 0x50, 0x94, 0xBB, 0x41, 0xFD, 0x80, 0xFC, 0x62, 0x93, 0x17, 0x0C, 0xC8, 0x29, 0xC2, 0xA5,
    0xB2, 0xB0, 0x6E, 0xC8, 0x1B, 0x0F, 0x3D, 0xB2, 0xA1, 0xF7, 0x0A, 0x4D, 0x01, 0x0A, 0xFF, 0x0A,
    0xFD, 0xA9, 0xC3, 0xFE, 0xB8, 0x50, 0xB8, 0x57, 0x84, 0x57, 0x71, 0xC0, 0x3F, 0x15, 0xDE, 0x99,
    0xAD, 0x0A, 0xE6, 0x39, 0xA2, 0xB9, 0x29, 0x14, 0xCE, 0x15, 0xCA, 0xC1, 0x3D, 0xC2, 0x42, 0x21,
    0xFC, 0x2D, 0x29, 0xD3, 0x70, 0x1E, 0x9B, 0x1C, 0xC4, 0xD4, 0xB1, 0xC0, 0xD3, 0xAA, 0x34, 0x5F,
    0xEF, 0xA8, 0x65, 0xC7, 0xCF, 0xF7, 0xE2, 0x3C, 0x99, 0x91, 0x1D, 0xF9, 0x0A, 0x5E, 0x72, 0x9D,
    0xF4, 0x28, 0xF8, 0x2A, 0x87, 0x47, 0x7E, 0x5C, 0x44, 0x3D, 0xA5, 0x96, 0x99, 0x06, 0x80, 0x4D,
    0x9A, 0x51, 0xB1, 0x9A, 0xD8, 0x2B, 0x37, 0x45, 0xD9, 0x7C, 0x7E, 0x92, 0xD8, 0xFC, 0x5B, 0x1E,
    0xC9, 0x03, 0x87, 0x19, 0xF3, 0x24, 0x5D, 0x4C, 0xCE, 0xEB, 0x3E, 0xEB, 0x1F, 0x71, 0x31, 0x82,
    0xE0, 0xFA, 0x1A, 0x2F, 0xC7, 0x4D, 0xEE, 0xDF, 0x90, 0xDB, 0x98, 0xFE, 0x5F, 0x62, 0x48, 0x21,
    0x09, 0x83, 0x67, 0xBA, 0xC2, 0xA7, 0xCB, 0xDA, 0xA7, 0x37, 0x3B, 0x03, 0x8F, 0x4F, 0x78, 0x0B,
    0x65, 0x9A, 0xCA, 0xE7, 0x95, 0xCE, 0x5B, 0x36, 0xAF, 0x64, 0xDE, 0x72, 0x79, 0x50, 0x79, 0xAF,
    0x78, 0xCD, 0x42, 0xF4, 0xB4, 0xB1, 0xAB, 0xB8, 0x5F, 0x09, 0x80, 0x15, 0x04, 0x1F, 0x01, 0xE0,
    0x79, 0xBE, 0x64, 0xF0, 0x24, 0xF0, 0xE4, 0xEF, 0xA4, 0xEF, 0x64, 0xEF, 0x4A, 0xDE, 0xC9, 0xDD,
    0x9F, 0x2B, 0x6A, 0x5E, 0xFF, 0x54, 0x74, 0xC6, 0x6A, 0x9D, 0x3D, 0x8C, 0xD1, 0xDC, 0x5F, 0x5F,
    0xEA, 0x3C, 0x9D, 0x71, 0x5C, 0x9C, 0xB3, 0xAD, 0xC4, 0xB1, 0x07, 0x50, 0x2B, 0x35, 0x3A, 0x44,
    0x23, 0x85, 0x09, 0x13, 0x09, 0x64, 0xCA, 0x19, 0xC8, 0x70, 0x7E, 0x3C, 0xCB, 0xEC, 0x52, 0x27,
    0x52, 0x24, 0x19, 0xA3, 0x26, 0xC9, 0x48, 0xB9, 0x93, 0x8C, 0xC0, 0x95, 0x64, 0x9E, 0x51, 0xF6,
    0x39, 0x7A, 0x72, 0x05, 0x4A, 0xAC, 0xCF, 0xC5, 0xA5, 0x73, 0xCB, 0x43, 0x44, 0x2E, 0x08, 0xFB,
    0xBE, 0x0D, 0x11, 0x3D, 0xC2, 0xB5, 0x81, 0x4E, 0xDC, 0x87, 0x7D, 0xD4, 0x3C, 0xF4, 0xE8, 0xCF,
    0xBB, 0x25, 0xE0, 0xE0, 0x5F, 0x25, 0xA3, 0x86, 0x4C, 0x30, 0x65, 0x48, 0xC4, 0x1A, 0x17, 0xE5,
    0x1E, 0x43, 0x67, 0xC2, 0x30, 0x51, 0xC1, 0xA8, 0x61, 0x24, 0x85, 0xB6, 0x0B, 0x39, 0x70, 0x09,
    0xAB, 0x46, 0x65, 0xB8, 0x0C, 0x9F, 0x96, 0x78, 0xF0, 0x9F, 0x41, 0xC0, 0xCD, 0x3B, 0xC0, 0xB0,
    0xAD, 0x68, 0xDE, 0x31, 0x50, 0x4C, 0xDC, 0x7D, 0x4F, 0x59, 0x2D, 0x9D, 0xC2, 0xB8, 0x5E, 0x7F,
    0x7C, 0x12, 0x97, 0x99, 0x9D, 0x9E, 0xF8, 0x10, 0xAA, 0x27, 0xEB, 0x9A, 0xCC, 0xD4, 0x69, 0x91,
    0xA6, 0x38, 0x8F, 0x63, 0xD6, 0xE1, 0xCF, 0x10, 0x81, 0xC1, 0x17, 0x16, 0x9B, 0x03, 0xCB, 0x68,
    0x7E, 0x70, 0xC4, 0x6D, 0x95, 0x6A, 0x7B, 0x9D, 0xDB, 0x88, 0xA2, 0x03, 0xA2, 0x28, 0x16, 0xDB,
    0x32, 0xD4, 0xC5, 0xA6, 0x31, 0x93, 0x8B, 0x96, 0x58, 0xB6, 0xEC, 0x0B, 0xAC, 0xB8, 0xCC, 0xD1,
    0x51, 0xD5, 0x78, 0x7F, 0x3D, 0x73, 0x45, 0xA0, 0xC6, 0x8E, 0xE9, 0xF8, 0x45, 0xEA, 0xAA, 0x04,
    0xE9, 0x8A, 0x1F, 0x1B, 0x59, 0x36, 0xE8, 0x8E, 0xA5, 0xF8, 0xA9, 0xFB, 0xE2, 0xA7, 0x7C, 0x46,
    0xF1, 0x23, 0x2F, 0xB6, 0xF8, 0x79, 0x65, 0xC5, 0x34, 0x2C, 0xCF, 0x88, 0xED, 0x6A, 0xCA, 0x0E,
    0xAD, 0x3D, 0xE9, 0x13, 0xAF, 0xFF, 0x4F, 0xF5, 0x5C, 0x71, 0x87, 0x72, 0x7E, 0xA7, 0x4F, 0xC5,
    0x5A, 0xE0, 0x9C, 0xA0, 0x44, 0xCD, 0x0C, 0xE6, 0xA6, 0x59, 0x8B, 0xE1, 0x11, 0x7F, 0xB8, 0xC6,
    0xF3, 0x3F, 0x65, 0xDE, 0x66, 0xCC, 0xC5, 0xBF, 0xC6, 0xB9, 0x6F, 0x07, 0x84, 0x7C, 0x15, 0xFB,
    0xB9, 0xC3, 0x7D, 0xD9, 0x7A, 0xE1, 0xB9, 0xDC, 0x96, 0x32, 0x6E, 0xB0, 0xB6, 0x5E, 0x10, 0x52,
    0x78, 0xFD, 0x38, 0xB6, 0x27, 0xE5, 0x91, 0xFD, 0x09, 0xD9, 0xB6, 0xB1, 0x19, 0x72, 0x3C, 0xBA,
    0xDF, 0xA2, 0x6B, 0x5B, 0x92, 0x07, 0xF6, 0xFC, 0xC8, 0x75, 0xB7, 0xDB, 0x30, 0x5A, 0xAC, 0xEB,
    0xCD, 0xFF, 0x6A, 0xDB, 0xF8, 0xB7, 0x2E, 0x72, 0x43, 0xDB, 0x4E, 0xC3, 0x07, 0xDB, 0x5B, 0x5C,
    0x12, 0x21, 0x3D, 0x0B, 0x4F, 0xD9, 0x36, 0x2A, 0xC3, 0x27, 0xE3, 0x9B, 0x34, 0xC0, 0xF6, 0x4B,
    0xC5, 0xB6, 0xDC, 0x19, 0x50, 0xB6, 0x66, 0xDB, 0xC0, 0xB5, 0x30, 0x50, 0x7F, 0x47, 0xC4, 0x6A,
    0xCB, 0x5C, 0xF8, 0x04, 0xB1, 0xB6, 0x74, 0xE3, 0xFC, 0xD0, 0x76, 0xCD, 0x0F, 0x99, 0xE1, 0xAC,
    0x0E, 0xDC, 0xB0, 0xAC, 0xCD, 0x83, 0xFC, 0xD0, 0x96, 0x1F, 0x98, 0xCE, 0xEA, 0x73, 0xEE, 0xA1,
    0x9C, 0xBB, 0xC9, 0xE7, 0xFE, 0x9C, 0xDB, 0x6A, 0xC6, 0x7C, 0x06, 0xF8, 0x4D, 0xE6, 0x11, 0xC0,
    0xAC, 0xC6, 0x42, 0x30, 0x30, 0xE0, 0xA2, 0x78, 0x4B, 0x45, 0x76, 0x51, 0x6E, 0xBF, 0x3E, 0x46,
    0xB0, 0xCF, 0x74, 0x5B, 0xC3, 0x98, 0x58, 0xE5, 0x12, 0x9E, 0x75, 0x9B, 0x23, 0x8D, 0xCD, 0xAC,
    0x8D, 0xE6, 0x02, 0x5C, 0x2E, 0x67, 0x46, 0xB8, 0x6B, 0x2E, 0x93, 0xF4, 0xDE, 0xEC, 0xFD, 0xC7,
    0xE7, 0x9A, 0x81, 0x69, 0x03, 0xAD, 0xE1, 0xB1, 0x7A, 0xB0, 0x3C, 0xCE, 0x3A, 0xA0, 0x77, 0x6C,
    0x54, 0x13, 0x8A, 0x4D, 0xCF, 0x96, 0xD8, 0xF6, 0xF1, 0x76, 0x99, 0x80, 0x0B, 0x26, 0x88, 0x11,
    0x22, 0x8F, 0x73, 0xA9, 0xCD, 0x09, 0xB8, 0x26, 0x23, 0xE0, 0x1A, 0x02, 0xAE, 0xA7, 0x01, 0x84,
    0x1B, 0x63, 0x8D, 0xC4, 0x77, 0x09, 0xB8, 0xE9, 0x0F, 0x09, 0xB8, 0x53, 0x02, 0x2E, 0xA8, 0x46,
    0xA3, 0xAB, 0x19, 0x80, 0x8B, 0xF8, 0x6E, 0xA6, 0x3A, 0xD6, 0x21, 0xFD, 0xD8, 0xA4, 0xFE, 0x82,
    0x80, 0x8B, 0x1F, 0x01, 0xB8, 0x9F, 0x14, 0x04, 0x5C, 0xA3, 0x80, 0xBB, 0x5C, 0x01, 0x6E, 0xA4,
    0x80, 0x3B, 0x78, 0xC4, 0x15, 0x93, 0x2A, 0xE0, 0x5E, 0x70, 0xBB, 0x94, 0xBA, 0xB7, 0xA1, 0x89,
    0x74, 0x50, 0x74, 0x16, 0x28, 0x4B, 0xBF, 0x6D, 0x07, 0x9E, 0x81, 0xDC, 0x60, 0x2E, 0x46, 0xE6,
    0xD1, 0x9C, 0x3E, 0xCB, 0x1D, 0xDE, 0xA2, 0x70, 0x45, 0xAE, 0xE6, 0xA6, 0x62, 0xFC, 0x7B, 0xA4,
    0xA4, 0xF4, 0x6D, 0x50, 0x9A, 0x16, 0xBC, 0xC6, 0x47, 0xED, 0x7B, 0x10, 0x56, 0x20, 0x37, 0x83,
    0x02, 0xE4, 0x26, 0x25, 0xB9, 0x59, 0x92, 0xDC, 0xD4, 0xC0, 0xDB, 0x98, 0xE4, 0x26, 0x21, 0x70,
    0xA6, 0x24, 0x37, 0x17, 0x94, 0xDC, 0xDC, 0xD8, 0xD0, 0xA4, 0xA2, 0x4F, 0x37, 0x8A, 0x2D, 0xC9,
    0x3D, 0xDD, 0x25, 0x9B, 0xBF, 0x71, 0xC2, 0xC9, 0xBE, 0x4E, 0x73, 0x51, 0x33, 0xC5, 0x31, 0xEF,
    0x37, 0xBA, 0xEB, 0xC6, 0x2B, 0x37, 0xFC, 0xE2, 0xF0, 0xC2, 0x7C, 0xD1, 0x50, 0xF1, 0x3D, 0xDD,
    0xA3, 0xD2, 0x3C, 0x15, 0x3E, 0x51, 0xC3, 0xF3, 0x4B, 0x9A, 0x4A, 0x4F, 0xBA, 0x03, 0x35, 0x9D,
    0x2B, 0x9F, 0x4E, 0x49, 0x8F, 0xF6, 0xB8, 0xE6, 0x27, 0xAC, 0x13, 0xDE, 0x94, 0xAD, 0x97, 0xE2,
    0xBB, 0x57, 0x91, 0x05, 0x92, 0x5F, 0x34, 0x32, 0xF8, 0xDC, 0x20, 0x69, 0x82, 0xAD, 0x5C, 0xB0,
    0x33, 0x87, 0x34, 0xFF, 0x6E, 0x4A, 0x5C, 0xE0, 0x77, 0x7B, 0x7B, 0x2B, 0x5D, 0xED, 0xA7, 0x1E,
    0xFD, 0xDA, 0xCD, 0xE0, 0x2A, 0xB5, 0xDB, 0xBF, 0xD9, 0x97, 0xF6, 0xD3, 0x44, 0x3B, 0xBE, 0x85,
    0x7E, 0x6D, 0xAA, 0x44, 0x8C, 0x6E, 0xF8, 0x98, 0x7C, 0xF9, 0xF3, 0x86, 0xC4, 0x8A, 0x99, 0x78,
    0x8F, 0xAE, 0xFD, 0x86, 0x7F, 0x38, 0xBA, 0x40, 0x11, 0x95, 0xEB, 0x10, 0x17, 0xE0, 0xE6, 0xA8,
    0x0E, 0x1B, 0x2E, 0xD3, 0xA9, 0x4D, 0xFA, 0x9B, 0x74, 0xEB, 0x68, 0x3C, 0xDE, 0xCF, 0x67, 0x5C,
    0x99, 0x14, 0x0A, 0x73, 0x96, 0xD1, 0xA6, 0x6E, 0xAA, 0xD7, 0xEC, 0xCE, 0xF2, 0x33, 0x0B, 0x8B,
    0xF5, 0x1B, 0xE8, 0x82, 0x74, 0x62, 0x66, 0xB9, 0xD4, 0xF0, 0x49, 0xF9, 0x92, 0xCC, 0xD7, 0x89,
    0x57, 0x62, 0x97, 0x32, 0x0C, 0x9B, 0x10, 0x03, 0xAA, 0x39, 0xFB, 0x5B, 0x92, 0xBF, 0x14, 0xCB,
    0xBF, 0x03, 0xD8, 0x6B, 0x59, 0x70, 0xFD, 0x0A, 0xA1, 0x5A, 0xC1, 0xFB, 0x55, 0xE4, 0x42, 0x52,
    0x97, 0x8F, 0xA5, 0xCE, 0xC7, 0xFE, 0x55, 0xCA, 0x34, 0x19, 0xC8, 0x6C, 0x50, 0x24, 0xEF, 0x55,
    0xE1, 0xBD, 0x85, 0xCC, 0xCF, 0xAF, 0xD6, 0x67, 0x22, 0x8E, 0xCB, 0x3D, 0xE7, 0x31, 0x10, 0xEF,
    0x16, 0x56, 0x4F, 0x9E, 0xEE, 0x97, 0xBB, 0x7E, 0x75, 0x4D, 0xAA, 0x63, 0xAC, 0xF8, 0x31, 0x41,
    0x98, 0x9E, 0x74, 0xBF, 0x98, 0x04, 0xF3, 0xDA, 0x2F, 0xDD, 0xB4, 0xFC, 0x6F, 0x45, 0xFF, 0x79,
    0x0D, 0xE9, 0x51, 0xA8, 0xEF, 0x1C, 0xEE, 0x32, 0xF6, 0xA3, 0x5A, 0x5F, 0x35, 0xDC, 0x09, 0xB3,
    0x93, 0x5D, 0xF4, 0x2B, 0x0F, 0x99, 0x2F, 0x78, 0x6D, 0xCB, 0x47, 0x11, 0x01, 0x75, 0x0F, 0x20,
    0xF2, 0x8E, 0x00, 0xFC, 0x0B, 0x2E, 0xFF, 0x65, 0xE3, 0x7A, 0x5F, 0xF9, 0xFA, 0xED, 0x4C, 0xC9,
    0x11, 0x63, 0x29, 0x28, 0x4E, 0xBC, 0x03, 0xED, 0xA0, 0x58, 0x3C, 0x3F, 0xC2, 0x55, 0x9B, 0xE4,
    0xDB, 0xBB, 0x72, 0x04, 0xE0, 0x5F, 0xAC, 0xEF, 0x7C, 0xD2, 0xF9, 0x78, 0x8E, 0xD9, 0x8B, 0x16,
    0xC0, 0x38, 0xAF, 0xA5, 0x2B, 0x06, 0x72, 0xA3, 0x7F, 0xA5, 0x97, 0x89, 0x7B, 0x7B, 0x80, 0x51,
    0xB3, 0x7C, 0x2B, 0xBA, 0xE2, 0x5B, 0x7D, 0xF4, 0x05, 0xA1, 0x2F, 0x12, 0x62, 0xBE, 0xDD, 0x4B,
    0x59, 0x23, 0xB5, 0xEE, 0xDA, 0xF1, 0x58, 0xDF, 0xED, 0xB9, 0x7C, 0xA4, 0xA3, 0x62, 0x67, 0x15,
    0x7A, 0x2B, 0x15, 0xB5, 0x56, 0x82, 0x9B, 0x1D, 0xBD, 0x02, 0x0C, 0x10, 0x07, 0x04, 0x40, 0x20,
    0x44, 0x82, 0x15, 0x14, 0xD8, 0x37, 0xDC, 0xE1, 0x6F, 0x90, 0xB2, 0x3E, 0x01, 0xDF, 0xFA, 0x3B,
    0xC7, 0xCE, 0x99, 0xB3, 0x85, 0x00, 0x0B, 0x7B, 0x0D, 0xC1, 0xFF, 0xF2, 0x0D, 0xF5, 0xF5, 0xC2,
    0x2D, 0x4D, 0xB0, 0x8C, 0x89, 0x7D, 0x5C, 0x37, 0x61, 0x6D, 0xBB, 0x23, 0xD5, 0xFF, 0xD7, 0xFA,
    0x67, 0x63, 0x8B, 0x5F, 0xEE, 0x26, 0xCD, 0xC4, 0x2C, 0xA6, 0x25, 0x02, 0x96, 0x95, 0xE9, 0x54,
    0x39, 0xFB, 0xE4, 0xCB, 0x8F, 0x5D, 0xD6, 0x0A, 0xE7, 0xBB, 0x11, 0x92, 0xC3, 0xCB, 0xEC, 0x1D,
    0x44, 0x65, 0x94, 0xED, 0x9C, 0x80, 0x9D, 0x31, 0xA5, 0x5B, 0x98, 0x84, 0xF4, 0x77, 0xC8, 0x5E,
    0x7F, 0x6A, 0xC4, 0xAF, 0x11, 0xB3, 0x3B, 0xAF, 0x1D, 0x86, 0x8D, 0xE3, 0xDB, 0x21, 0x93, 0x9F,
    0x69, 0xE1, 0x07, 0x0F, 0x0C, 0x3E, 0xD3, 0x8A, 0x7F, 0xC1, 0xB7, 0x06, 0x27, 0xC2, 0x0D, 0xEB,
    0x98, 0x5D, 0xBE, 0x21, 0x6D, 0x0D, 0x26, 0x6A, 0x90, 0x05, 0xF3, 0x38, 0xF7, 0x32, 0xFF, 0xF8,
    0x5D, 0xB0, 0xF1, 0x58, 0xEC, 0xF6, 0x56, 0x48, 0x82, 0x41, 0xA2, 0xC8, 0xA2, 0x33, 0x61, 0x68,
    0x9E, 0x72, 0x8C, 0x40, 0x05, 0xBD, 0x35, 0xD0, 0xD2, 0xB4, 0xE5, 0xD6, 0xA2, 0xFE, 0x83, 0x40,
    0xC2, 0xD1, 0x7A, 0x16, 0x5F, 0xB5, 0x78, 0xD3, 0xF4, 0xA4, 0x3B, 0x85, 0x71, 0x7E, 0x9A, 0x62,
    0xC2, 0x3F, 0x69, 0x9C, 0xA4, 0x8F, 0x7F, 0xB2, 0x24, 0xCE, 0xD6, 0x64, 0x27, 0xB9, 0x2B, 0xFF,
    0x3C, 0xAD, 0x79, 0x49, 0x9C, 0x03, 0x5D, 0xDC, 0xD7, 0xEC, 0xAB, 0x7D, 0xFC, 0xC0, 0x1B, 0x5D,
    0xBD, 0x0E, 0x12, 0xA3, 0xAF, 0xA6, 0x80, 0x6A, 0xA0, 0xA4, 0xE2, 0xE7, 0x9B, 0x6E, 0x3C, 0xC9,
    0x7D, 0xE2, 0xE3, 0x75, 0xC0, 0x96, 0x56, 0xC4, 0xB9, 0x7D, 0x2D, 0x18, 0xCE, 0x77, 0xB0, 0x6C,
    0x96, 0x68, 0x47, 0xF9, 0x80, 0xAF, 0x8A, 0x33, 0x9F, 0xB5, 0x37, 0xCD, 0xE4, 0xBF, 0xBE, 0x60,
    0x7D, 0x28, 0x7B, 0xEF, 0x96, 0xFA, 0xC8, 0x6E, 0x5C, 0x8A, 0xFB, 0xF7, 0x84, 0x2D, 0x96, 0xB4,
    0xB5, 0xBE, 0xB6, 0x3F, 0xFB, 0xE3, 0x25, 0xD6, 0xB8, 0xEE, 0x53, 0xBF, 0x38, 0x21, 0xFD, 0xFB,
    0x0D, 0xE1, 0x7E, 0x8F, 0xAF, 0xEF, 0x3C, 0x74, 0x8F, 0xE2, 0x52, 0xE7, 0x15, 0xC9, 0x6C, 0x09,
    0xBC, 0x70, 0x87, 0xD7, 0x00, 0xF2, 0x1B, 0x1C, 0xDF, 0x5C, 0x6E, 0xF5, 0x27, 0x9F, 0x7D, 0x30,
    0x74, 0x6E, 0xC8, 0xAC, 0x96, 0xA4, 0x74, 0xFF, 0xFA, 0x03, 0xF3, 0x8D, 0xBE, 0x63, 0xC7, 0x31,
    0x72, 0x96, 0xFF, 0x1B, 0x1D, 0x90, 0x31, 0x4E, 0xC3, 0x40, 0x10, 0x45, 0xFF, 0xAE, 0x11, 0x2E,
    0x56, 0x62, 0x5D, 0x50, 0x20, 0x04, 0xB2, 0x4B, 0x40, 0x10, 0x37, 0xB4, 0xF6, 0xBA, 0xA3, 0x24,
    0x47, 0xA0, 0xA0, 0xE0, 0x00, 0x14, 0x29, 0x42, 0x3C, 0x47, 0xC8, 0x11, 0x28, 0xA3, 0x34, 0xD0,
    0x22, 0x25, 0xDA, 0x91, 0x72, 0x01, 0x1F, 0xC1, 0x37, 0xC8, 0x16, 0x2E, 0xB6, 0x88, 0x59, 0x36,
    0xCC, 0x8C, 0xBE, 0x46, 0xBF, 0x18, 0xBD, 0x3F, 0x2F, 0x38, 0xC0, 0x22, 0xE7, 0xA4, 0x43, 0x23,
    0x49, 0x71, 0xCE, 0x06, 0x1B, 0x7C, 0x23, 0x56, 0xE2, 0xA1, 0x7F, 0x51, 0x96, 0xCD, 0x3C, 0xE5,
    0x0C, 0x4D, 0x74, 0x54, 0x7F, 0x6D, 0xC6, 0xC9, 0xD6, 0x8E, 0x33, 0xE5, 0xA3, 0x73, 0xB7, 0x5E,
    0xB5, 0xE1, 0x10, 0x35, 0x43, 0x36, 0x87, 0xAB, 0xA4, 0x2B, 0xBF, 0x7A, 0x1D, 0x48, 0xFC, 0xA0,
    0x6E, 0xDB, 0x93, 0x4C, 0x60, 0xD4, 0xDD, 0xA8, 0xFB, 0x8D, 0x62, 0xC0, 0x70, 0x70, 0x53, 0x07,
    0x97, 0x70, 0x42, 0x80, 0x5C, 0xE6, 0xBE, 0x5E, 0xCC, 0xF4, 0x4C, 0xD7, 0x5B, 0xED, 0xC5, 0xF1,
    0x78, 0xC2, 0x83, 0xDE, 0x0D, 0xE5, 0x53, 0x5F, 0x6B, 0x7A, 0x3C, 0xC3, 0xBB, 0xE4, 0x85, 0xE6,
    0xD2, 0x42, 0x1D, 0x20, 0xDD, 0x91, 0xA7, 0xD2, 0x64, 0x9E, 0xFB, 0x7C, 0x37, 0x24, 0x2E, 0x12,
    0x5E, 0xE1, 0x0D, 0x69, 0xE0, 0x7C, 0xEF, 0x8C, 0x18, 0x2A, 0xF8, 0x73, 0x14, 0x02, 0x39, 0x19,
    0xF8, 0xD8, 0x81, 0x2D, 0xDD, 0x02, 0x24, 0x9D, 0x74, 0x69, 0x6F, 0xD9, 0x36, 0xAF, 0xFF, 0x48,
    0x37, 0x82, 0xDA, 0xD4, 0xC5, 0x79, 0x90, 0xDD, 0x04, 0x96, 0x02, 0x2B, 0xD6, 0xD4, 0xC6, 0xC4,
    0x80, 0xE0, 0x34, 0xEE, 0x06, 0x0B, 0xDC, 0x03, 0xD3, 0xD4, 0x97, 0xF4, 0x11, 0xFD, 0xCD, 0x45,
    0x7B, 0x30, 0xFE, 0x74, 0x29, 0x07, 0xA8, 0x11, 0xB9, 0x45, 0xA5, 0xB8, 0x10, 0x54, 0xA0, 0x88,
    0x89, 0xEB, 0x98, 0x78, 0xDF, 0xA9, 0x40, 0x58, 0xC1, 0x04, 0x1F, 0x9F, 0x71, 0xB9, 0xFE, 0x34,
    0x81, 0xDA, 0xC0, 0x65, 0x68, 0xFE, 0x00, 0xDD, 0x9B, 0xBF, 0x6F, 0x1C, 0x45, 0x14, 0xC7, 0xDF,
    0xEC, 0x26, 0xBE, 0x90, 0x2D, 0xF6, 0x0A, 0x90, 0xC2, 0x0F, 0x71, 0x2E, 0x52, 0x24, 0x52, 0xF0,
    0x35, 0x14, 0x14, 0x8E, 0x77, 0x25, 0x24, 0xEA, 0x14, 0xB8, 0x8E, 0x0B, 0x0A, 0x24, 0x24, 0xD2,
    0x50, 0x50, 0x18, 0xDF, 0x42, 0x1A, 0x24, 0x8A, 0xF8, 0x3F, 0x48, 0x8A, 0x14, 0x28, 0x14, 0xA1,
    0x70, 0x61, 0x24, 0xC7, 0x37, 0x25, 0xE5, 0x09, 0x0A, 0x0A, 0x0A, 0x16, 0x29, 0x48, 0xA1, 0xCA,
    0x00, 0x4B, 0x58, 0xE1, 0xBD, 0x1B, 0xDE, 0xF7, 0xCD, 0xDC, 0x5E, 0x7E, 0xF8, 0x9C, 0x44, 0x8A,
    0xF7, 0xEE, 0x58, 0x74, 0x2F, 0xE7, 0xBD, 0xD9, 0xDD, 0x37, 0x9F, 0x79, 0xF3, 0xDE, 0x9B, 0x37,
    0x0B, 0xD1, 0x4B, 0x84, 0xA3, 0x2B, 0x32, 0xC9, 0x20, 0xFB, 0x1A, 0xD2, 0x0E, 0x58, 0xA8, 0x03,
    0xC3, 0x32, 0xF8, 0x0B, 0x32, 0xFC, 0xB5, 0x64, 0x19, 0x0D, 0x2A, 0x96, 0xB1, 0xBE, 0xC3, 0xB2,
    0x93, 0x25, 0xB8, 0x88, 0x92, 0x94, 0x68, 0x8D, 0xFF, 0x22, 0xDA, 0xE3, 0x5F, 0x88, 0x2A, 0x8A,
    0x72, 0x52, 0xD6, 0x5A, 0x43, 0x21, 0xCB, 0x42, 0x24, 0x9F, 0x94, 0x9F, 0xD0, 0x60, 0x8B, 0xBA,
    0xA9, 0x5C, 0x88, 0x27, 0xA7, 0x6B, 0x72, 0xC3, 0x55, 0xDC, 0x5C, 0x9E, 0x8F, 0xE3, 0xF4, 0x43,
    0xFA, 0x38, 0xF9, 0xA6, 0x9C, 0xBE, 0xA7, 0x58, 0x3F, 0xFB, 0x95, 0xC6, 0x1D, 0x75, 0x5C, 0x04,
    0x56, 0x77, 0x34, 0xF5, 0x34, 0xDF, 0xA8, 0x0B, 0x11, 0xEB, 0xCF, 0x20, 0xF6, 0xF8, 0x56, 0x4E,
    0xDC, 0xC1, 0x9F, 0x5B, 0x10, 0xFC, 0x6B, 0x47, 0xB3, 0xA6, 0x89, 0x8E, 0x07, 0x64, 0x75, 0x34,
    0x7C, 0xDD, 0xEA, 0xC0, 0xDA, 0x5F, 0xF8, 0x72, 0xDB, 0xD2, 0xA4, 0x2E, 0x8D, 0x1F, 0xAD, 0x0A,
    0x74, 0x19, 0xBD, 0x0C, 0xD0, 0x61, 0xAA, 0x7F, 0x20, 0xEA, 0x41, 0x13, 0x25, 0x64, 0xE8, 0xF3,
    0x1C, 0x32, 0x90, 0xEF, 0x2D, 0xD1, 0x30, 0x9E, 0x34, 0x9C, 0x53, 0xAA, 0xA2, 0x2B, 0x9E, 0x17,
    0x8F, 0xA0, 0xA3, 0x28, 0xBC, 0x02, 0xB1, 0x09, 0xB1, 0x53, 0xC3, 0x3F, 0x76, 0xCA, 0x4B, 0x0E,
    0x4F, 0x06, 0x38, 0x96, 0x95, 0xB6, 0x3F, 0xB2, 0x56, 0xE1, 0xC1, 0x41, 0xE6, 0x6F, 0x49, 0x8A,
    0x4E, 0xCD, 0x3D, 0xCC, 0x20, 0x95, 0xB3, 0x78, 0x8A, 0x96, 0x87, 0x50, 0x58, 0xB2, 0xEE, 0xF1,
    0xF0, 0x5B, 0xFE, 0x03, 0x57, 0x6F, 0x72, 0x8F, 0xA9, 0x4D, 0x69, 0x43, 0x58, 0x03, 0x79, 0x4A,
    0x2C, 0x16, 0x19, 0x89, 0xE9, 0x2A, 0x2B, 0xC8, 0xAE, 0xD5, 0xB0, 0xC2, 0x03, 0x18, 0xF7, 0xC2,
    0x20, 0x3E, 0x27, 0x93, 0xAE, 0xD6, 0x89, 0xEF, 0x47, 0xE1, 0xDF, 0x06, 0x88, 0x71, 0x0A, 0xDA,
    0xEE, 0x45, 0x8D, 0x22, 0xF6, 0x47, 0x6C, 0x44, 0x27, 0x61, 0x7C, 0x76, 0x55, 0xD4, 0xFB, 0x54,
    0x60, 0x19, 0x20, 0xFE, 0x7B, 0xB0, 0x48, 0x56, 0x2C, 0x76, 0x02, 0x77, 0xD0, 0xC2, 0x44, 0x0C,
    0xC4, 0x95, 0x45, 0x29, 0x85, 0x15, 0x3B, 0xDC, 0x68, 0x74, 0x81, 0xAF, 0xBB, 0xCC, 0xE7, 0x57,
    0x6B, 0x53, 0x3E, 0x66, 0xC4, 0xC1, 0x8D, 0x08, 0x5A, 0x0E, 0x63, 0x7E, 0x54, 0xB7, 0x7F, 0x9F,
    0xBF, 0xAF, 0x45, 0xB0, 0xE2, 0x37, 0xE8, 0x83, 0x09, 0xB8, 0x69, 0xB6, 0x3C, 0xBF, 0x88, 0xBB,
    0x30, 0x10, 0x5B, 0xEC, 0x92, 0x7A, 0x60, 0x4B, 0x52, 0xA6, 0xCB, 0xA6, 0x9C, 0x2A, 0x68, 0x02,
    0x15, 0x22, 0xF0, 0x6F, 0x96, 0xB3, 0x3F, 0x8E, 0xE6, 0x39, 0xCF, 0x86, 0x3B, 0x25, 0x43, 0x70,
    0x9E, 0xB9, 0x86, 0xDA, 0xB9, 0xCC, 0x3F, 0xAD, 0x86, 0x8D, 0x3B, 0x89, 0xC3, 0x93, 0x08, 0x07,
    0x55, 0x1C, 0x5A, 0x30, 0x12, 0x47, 0x52, 0x88, 0x4C, 0x27, 0x9E, 0x85, 0x3A, 0x90, 0xD9, 0x9A,
    0x4C, 0xC8, 0x4A, 0x7C, 0xB8, 0x38, 0x9B, 0xD7, 0xD2, 0x79, 0x1F, 0x90, 0x40, 0x3C, 0xC7, 0x60,
    0x1C, 0x13, 0xF1, 0x04, 0x62, 0x90, 0xD4, 0xFE, 0x84, 0xC5, 0x2E, 0xB1, 0x3E, 0x9B, 0x21, 0x8B,
    0xE4, 0x36, 0x37, 0x89, 0x2D, 0x37, 0x56, 0xBB, 0x0D, 0x25, 0x1C, 0x2E, 0xDB, 0x10, 0xAD, 0x3C,
    0x71, 0x35, 0xA4, 0x47, 0x2D, 0x66, 0x81, 0xC1, 0x9F, 0x21, 0x97, 0x7C, 0x80, 0x15, 0x94, 0xC7,
    0xF3, 0xDB, 0xE8, 0xE5, 0x66, 0x9B, 0xBF, 0x5E, 0x0C, 0x66, 0xC3, 0xFC, 0xB9, 0x33, 0xE6, 0x45,
    0x37, 0xFF, 0x49, 0x6E, 0x0D, 0xDB, 0x3A, 0x25, 0xA6, 0xF5, 0xD6, 0x38, 0xB7, 0x6E, 0x7F, 0x8B,
    0x39, 0xA0, 0x58, 0xA9, 0xBD, 0x30, 0xC7, 0x78, 0x68, 0x8C, 0x07, 0xE2, 0x6D, 0x53, 0xE3, 0xF1,
    0x94, 0xB8, 0xFA, 0xFF, 0x19, 0x83, 0x6E, 0xB6, 0x83, 0x48, 0x5B, 0x52, 0xF0, 0x80, 0xEF, 0x11,
    0xE4, 0x09, 0xF3, 0xCE, 0x14, 0x5F, 0x68, 0x02, 0xFE, 0x56, 0xB5, 0x58, 0xC1, 0x1E, 0xF0, 0x77,
    0xD1, 0xFB, 0xE0, 0x6E, 0xA3, 0xD3, 0x61, 0x81, 0xD1, 0x4E, 0x0D, 0xB7, 0x7C, 0x5D, 0x21, 0x64,
    0xC3, 0x81, 0x37, 0xEC, 0x8E, 0x90, 0xBD, 0x47, 0xB3, 0x0D, 0xB7, 0x27, 0xD7, 0xD7, 0xDF, 0x4F,
    0xAC, 0x1D, 0xCA, 0x67, 0x7D, 0xFD, 0x52, 0xE2, 0xBD, 0xE4, 0x13, 0x9F, 0xF5, 0xF5, 0x94, 0xDB,
    0x18, 0xF9, 0xE0, 0xFB, 0xB4, 0x76, 0xF8, 0xDC, 0xBA, 0xF5, 0x35, 0xB7, 0x1B, 0xE1, 0x9E, 0x75,
    0xCC, 0x8B, 0x8C, 0xFB, 0xA0, 0xFF, 0x4B, 0xE8, 0x75, 0xDF, 0x6A, 0x00, 0x36, 0x14, 0x15, 0xAD,
    0x0A, 0x6B, 0xC3, 0x7D, 0x5C, 0x9C, 0xF0, 0x88, 0x30, 0xDB, 0xDE, 0xAD, 0x5B, 0xB7, 0xB3, 0x3E,
    0x93, 0x10, 0x41, 0x18, 0x35, 0xA6, 0x3F, 0xF6, 0xE0, 0x4C, 0xF6, 0x04, 0xC5, 0x39, 0xFF, 0xD1,
    0x1A, 0xBD, 0x37, 0xC2, 0x90, 0x95, 0xB0, 0x54, 0x8C, 0xFC, 0xFB, 0x75, 0x9C, 0x95, 0xB1, 0x47,
    0x87, 0x43, 0xE3, 0x07, 0x40, 0x8E, 0x88, 0x4F, 0x75, 0x19, 0xC1, 0x19, 0x0C, 0x1C, 0x3E, 0x68,
    0x22, 0x2D, 0x9A, 0x61, 0x21, 0x0A, 0x88, 0x06, 0x74, 0x4A, 0x1C, 0x1F, 0x74, 0x20, 0xF1, 0x6F,
    0x66, 0xAC, 0xFB, 0x31, 0xF3, 0x39, 0x4F, 0xB9, 0xB2, 0xDA, 0xE0, 0xE6, 0xA1, 0xEE, 0x0F, 0x82,
    0xEC, 0x74, 0x83, 0xDD, 0xEF, 0xA5, 0x86, 0x15, 0xCA, 0x79, 0x8A, 0xFD, 0x83, 0x79, 0xA6, 0x7B,
    0x03, 0x9F, 0xE2, 0x37, 0xD1, 0x73, 0x3E, 0x36, 0x9C, 0xF5, 0xB7, 0x0C, 0xA7, 0x38, 0x71, 0x95,
    0x68, 0x4A, 0x7A, 0x3C, 0x02, 0x25, 0x26, 0xF9, 0x25, 0xE5, 0x8D, 0x04, 0x24, 0x48, 0x54, 0x76,
    0x82, 0x61, 0xF8, 0xDB, 0x4F, 0x15, 0xCC, 0x01, 0x8D, 0x8D, 0x17, 0xF2, 0xE7, 0xD1, 0x57, 0x90,
    0xC7, 0x83, 0x2B, 0x46, 0x34, 0x06, 0xB4, 0x54, 0xE7, 0x60, 0xE2, 0x3E, 0xB8, 0x67, 0x2D, 0x76,
    0xD2, 0xAC, 0x29, 0xE2, 0x21, 0xAE, 0x29, 0xE1, 0x6C, 0xDA, 0x8D, 0x01, 0x03, 0x2E, 0x28, 0x86,
    0x28, 0xDC, 0xC9, 0xA9, 0xF5, 0x47, 0xCE, 0xBA, 0xF0, 0x65, 0x3D, 0xC7, 0xCC, 0x23, 0x3B, 0x7E,
    0xD3, 0x39, 0x8B, 0xC7, 0xEC, 0xD3, 0x38, 0x63, 0x06, 0xA1, 0xD6, 0x9F, 0xCC, 0xA4, 0x83, 0x89,
    0xB4, 0x86, 0xF6, 0x45, 0x9C, 0x35, 0x6B, 0x49, 0x47, 0xB9, 0x12, 0x97, 0xE7, 0xA0, 0x06, 0x33,
    0x0B, 0x58, 0xCE, 0x01, 0xE2, 0x8B, 0x24, 0x2F, 0x4B, 0xB1, 0xCF, 0x22, 0xC3, 0xE2, 0x22, 0x92,
    0x9B, 0x55, 0x6F, 0x4A, 0xBB, 0x52, 0x15, 0x52, 0xB3, 0x71, 0x38, 0x33, 0x85, 0xE3, 0x9C, 0x90,
    0x29, 0xBC, 0x13, 0x1A, 0xD4, 0x4E, 0x48, 0x02, 0xC6, 0xA4, 0x6E, 0xE6, 0x09, 0xA5, 0x8D, 0x98,
    0xD3, 0x2C, 0x89, 0x3C, 0x1E, 0xA1, 0xE5, 0x08, 0x4B, 0x3A, 0xA2, 0x88, 0x38, 0xB3, 0x20, 0x9E,
    0x68, 0x6B, 0x36, 0x0C, 0x99, 0x70, 0x10, 0x62, 0xA9, 0xC6, 0x89, 0x62, 0xAC, 0x9F, 0xF9, 0x3F,
    0xE4, 0xF5, 0x83, 0xBE, 0x59, 0xDE, 0x41, 0xA2, 0x8B, 0x82, 0x47, 0x90, 0x46, 0x4F, 0xB9, 0xA6,
    0xA5, 0x4F, 0xAC, 0x25, 0x87, 0x1D, 0x17, 0xE9, 0x7C, 0xAF, 0xB7, 0xB2, 0x37, 0x1C, 0xB6, 0xE9,
    0xEC, 0x5E, 0xF5, 0xE8, 0xC1, 0xCB, 0x99, 0xBD, 0x11, 0xFF, 0x40, 0x1F, 0xDD, 0x94, 0x69, 0x88,
    0x55, 0x65, 0x22, 0x5D, 0xB4, 0x83, 0x68, 0x24, 0xF5, 0xAC, 0x7E, 0x86, 0x02, 0x69, 0x17, 0x69,
    0x1E, 0x73, 0x87, 0xBB, 0x0F, 0x4D, 0x22, 0xD1, 0x09, 0xA5, 0x0F, 0x55, 0x89, 0xB7, 0xF3, 0xF2,
    0xCE, 0x43, 0xDF, 0x05, 0x61, 0x85, 0x96, 0xAA, 0x4C, 0x84, 0x0F, 0x56, 0xB4, 0x1C, 0xD0, 0xB0,
    0x7A, 0xCD, 0xE1, 0x94, 0x12, 0x1D, 0x8E, 0xA4, 0xAA, 0x6D, 0x7F, 0xBF, 0x32, 0x04, 0x54, 0xA4,
    0xCF, 0x9C, 0x11, 0x02, 0xDF, 0x49, 0xC9, 0x06, 0x97, 0xB2, 0x49, 0x11, 0x3C, 0x9E, 0x2C, 0x35,
    0x97, 0xBE, 0xC3, 0xE4, 0xB0, 0x39, 0x1A, 0x73, 0xE2, 0x5B, 0xF2, 0x3D, 0x58, 0xBB, 0x24, 0x63,
    0x9F, 0x2B, 0x69, 0x66, 0x2B, 0xDF, 0x82, 0x96, 0x77, 0x1E, 0x15, 0x38, 0x97, 0x27, 0xC8, 0xB1,
    0xBB, 0x19, 0xB7, 0xE3, 0x31, 0xED, 0xA5, 0xD3, 0xC7, 0x94, 0xCA, 0x71, 0x12, 0xAA, 0x20, 0xD8,
    0xA2, 0x26, 0x8B, 0x12, 0x59, 0xFA, 0xF6, 0x64, 0xA8, 0x97, 0xDD, 0x92, 0x4F, 0xEA, 0x10, 0x81,
    0x9C, 0x0F, 0xF5, 0xA4, 0xE5, 0x7C, 0x52, 0xA5, 0x71, 0xA5, 0x32, 0xB6, 0xF5, 0xC6, 0x51, 0xA7,
    0xCE, 0xF1, 0x3E, 0x1D, 0xF7, 0xF6, 0xF8, 0x29, 0x2B, 0x19, 0x5E, 0x6C, 0x04, 0xC4, 0x83, 0x04,
    0x0B, 0x8E, 0x02, 0x75, 0xB4, 0xD1, 0x30, 0xC7, 0x94, 0xC2, 0x5C, 0x56, 0x93, 0x40, 0x39, 0xB7,
    0x30, 0x1F, 0xAF, 0x94, 0x81, 0xED, 0x67, 0x28, 0x58, 0xEE, 0xA0, 0x0A, 0xFC, 0x64, 0xC1, 0xF2,
    0xD8, 0xB1, 0x6E, 0xD7, 0x45, 0x53, 0x56, 0x9B, 0xEA, 0x52, 0x52, 0xFC, 0x83, 0xA8, 0x27, 0x96,
    0x3A, 0x1A, 0xD2, 0x02, 0x21, 0x3E, 0x77, 0x48, 0x4D, 0x0C, 0x09, 0x4C, 0x58, 0xB6, 0xFD, 0xE6,
    0x67, 0xF7, 0x90, 0x0D, 0xBA, 0x46, 0x9C, 0x84, 0x5F, 0x27, 0xB9, 0x85, 0x92, 0x5F, 0x29, 0xC9,
    0x34, 0x8A, 0xF3, 0x1D, 0xA1, 0x0D, 0x5D, 0xAB, 0xBD, 0x9A, 0x36, 0x2D, 0x80, 0x41, 0xD7, 0x7B,
    0x48, 0x21, 0x34, 0x0B, 0xDE, 0xD5, 0xAE, 0x74, 0x10, 0x54, 0x31, 0xB4, 0xE5, 0x2E, 0x76, 0xAE,
    0xF3, 0xF9, 0x8B, 0x88, 0xBF, 0xCD, 0xD1, 0xFE, 0x5A, 0x69, 0x28, 0x74, 0x95, 0x5D, 0x43, 0x74,
    0xFF, 0x00, 0x7B, 0x72, 0x5F, 0x58, 0x9C, 0xA1, 0x57, 0x27, 0xB1, 0x61, 0x11, 0x6D, 0xDB, 0x15,
    0xB9, 0xDE, 0xE1, 0x16, 0x25, 0xC7, 0xE2, 0x7F, 0xA1, 0x97, 0xE9, 0x1A, 0x6F, 0x27, 0x6E, 0xE7,
    0x03, 0x73, 0xF8, 0x31, 0xE4, 0xCD, 0xD8, 0xF6, 0xE2, 0x52, 0x9D, 0x92, 0x37, 0x4C, 0xB6, 0x93,
    0x5A, 0x02, 0xF5, 0x9A, 0x6E, 0xDC, 0x8E, 0xA7, 0xA7, 0x16, 0xC1, 0xC4, 0x55, 0x53, 0xFF, 0x4B,
    0x09, 0xD1, 0x78, 0x9B, 0x23, 0x1C, 0xAC, 0xC9, 0x0F, 0xD8, 0x7C, 0xF9, 0xE8, 0x76, 0x25, 0xB0,
    0xCD, 0x5C, 0xC1, 0x9E, 0xBC, 0x39, 0x81, 0x57, 0x40, 0x9C, 0xA3, 0xAE, 0x88, 0xBF, 0x1A, 0x54,
    0xC7, 0x19, 0x0C, 0x43, 0xE5, 0xF8, 0xD8, 0xB3, 0x52, 0xEE, 0xB3, 0x2F, 0x1E, 0xAA, 0x4B, 0x23,
    0x5C, 0xEA, 0x1D, 0x0E, 0x65, 0x5F, 0xAE, 0x97, 0xAE, 0xC8, 0xA0, 0xCF, 0x39, 0xBB, 0x27, 0x5F,
    0x89, 0xC8, 0x48, 0x35, 0x85, 0xED, 0x88, 0x6C, 0xF6, 0x94, 0x64, 0xB3, 0x62, 0x7E, 0x7A, 0xDE,
    0xCD, 0x6F, 0xEA, 0x6B, 0x50, 0xAB, 0xB0, 0xC1, 0x9D, 0xA6, 0x6C, 0xF0, 0x26, 0x56, 0x79, 0x91,
    0x0D, 0x65, 0x2F, 0xC8, 0x7E, 0xCF, 0x32, 0xB4, 0x1F, 0xA3, 0xD2, 0x7E, 0x6E, 0x11, 0x00, 0xFA,
    0x7D, 0x96, 0xDD, 0xF1, 0x3E, 0x4B, 0x37, 0xCF, 0x38, 0x04, 0x35, 0x67, 0x88, 0x6E, 0x2F, 0x5D,
    0x86, 0x8D, 0xE6, 0x9D, 0xD7, 0xF4, 0xE0, 0x92, 0x39, 0x5C, 0x8D, 0x4D, 0xDE, 0x43, 0x36, 0x4A,
    0x4E, 0x20, 0x9E, 0xAC, 0x8D, 0x3B, 0xF9, 0xE2, 0x84, 0x2A, 0x59, 0xA1, 0xB0, 0xE0, 0xFE, 0x46,
    0x26, 0x2A, 0x99, 0x7C, 0x68, 0xBF, 0x61, 0x26, 0x7D, 0x14, 0x66, 0x62, 0x8B, 0x3E, 0xBF, 0x5C,
    0xA7, 0xEA, 0xA3, 0x5A, 0xC8, 0x9B, 0x88, 0xD4, 0xE6, 0x7F, 0xF0, 0x2E, 0x5D, 0xF5, 0x2C, 0x1F,
    0xC6, 0x50, 0x6E, 0x71, 0x7F, 0x92, 0x34, 0x34, 0xDD, 0xDF, 0xAE, 0xE4, 0x3C, 0xFC, 0x5A, 0x59,
    0xBE, 0xDB, 0x49, 0x1F, 0xA2, 0x51, 0xDE, 0x91, 0xE1, 0xD2, 0xA8, 0xAA, 0x4C, 0x7F, 0xE7, 0xC9,
    0xAF, 0x69, 0x2F, 0xF8, 0x16, 0x33, 0x06, 0x83, 0x39, 0xC6, 0x4A, 0xF7, 0xD9, 0x98, 0x96, 0x77,
    0xDC, 0xF2, 0x05, 0xE5, 0x82, 0x49, 0xB1, 0xE0, 0x45, 0x42, 0x92, 0x2A, 0xB4, 0xCB, 0x2D, 0x5A,
    0x15, 0x2D, 0xCB, 0xA3, 0x4B, 0xD9, 0xC0, 0x76, 0x2F, 0x12, 0x16, 0x80, 0x91, 0x18, 0xD0, 0xB0,
    0xB0, 0x45, 0x1A, 0x4A, 0xD4, 0xAE, 0x5E, 0xBC, 0x54, 0x25, 0x09, 0x1E, 0x12, 0x3E, 0x24, 0x80,
    0xC8, 0x11, 0x72, 0x88, 0x3C, 0x23, 0x0F, 0xE9, 0xA5, 0x7A, 0xA5, 0xE7, 0xA6, 0x2B, 0x6D, 0x20,
    0xAC, 0x17, 0xC0, 0x54, 0x8E, 0xEB, 0x6C, 0x89, 0xD9, 0x84, 0xDA, 0xC0, 0x40, 0xCF, 0x25, 0x00,
    0x8D, 0x40, 0x8D, 0x80, 0x8D, 0xC0, 0x0D, 0xCE, 0x45, 0x93, 0x90, 0x73, 0xE8, 0xCE, 0x50, 0x5D,
    0xBB, 0x97, 0xC0, 0xB8, 0x2C, 0xA1, 0xA5, 0x94, 0xAA, 0xC8, 0x7C, 0xB3, 0xBB, 0x51, 0x0F, 0xF9,
    0x08, 0xDB, 0x21, 0x7C, 0x65, 0x41, 0xAD, 0xA6, 0xB0, 0x3D, 0x34, 0x09, 0xDD, 0xAA, 0xD1, 0x2F,
    0x1B, 0xB1, 0x6E, 0x5C, 0x96, 0x9A, 0xFE, 0x42, 0x98, 0x9F, 0x14, 0xC2, 0xF2, 0xF1, 0xCB, 0xA0,
    0x67, 0xFD, 0x96, 0xE7, 0x06, 0x66, 0x6B, 0x81, 0x57, 0x5D, 0x9A, 0x81, 0xB9, 0x94, 0xBD, 0x21,
    0x2A, 0xAC, 0xC8, 0x4A, 0x64, 0x9F, 0x01, 0xEE, 0x76, 0x2A, 0xBE, 0xEC, 0x6D, 0x75, 0x63, 0x11,
    0x00, 0xEE, 0x33, 0xA8, 0xD0, 0xFE, 0xC0, 0xFD, 0xFA, 0xD9, 0x0E, 0x36, 0xA2, 0xAC, 0x9F, 0x15,
    0x8A, 0xBD, 0x6F, 0x73, 0x86, 0xB8, 0x5C, 0xAF, 0xB1, 0xE6, 0xDE, 0xE0, 0xCE, 0x51, 0xED, 0xEB,
    0x5C, 0xC0, 0x74, 0x25, 0x58, 0xBF, 0xA1, 0xE9, 0xAA, 0xCA, 0x0D, 0xCE, 0x60, 0xBC, 0x4E, 0x23,
    0x7B, 0x2B, 0x52, 0x93, 0x25, 0xD9, 0xD8, 0x79, 0x68, 0x89, 0xA2, 0xEB, 0x72, 0xD7, 0xF8, 0x7F,
    0x2E, 0x40, 0x2F, 0x36, 0xB6, 0x40, 0xB8, 0xE7, 0x73, 0xA9, 0xC8, 0x70, 0xCE, 0xD2, 0xD1, 0x4C,
    0x20, 0x49, 0xD9, 0x1D, 0xF1, 0xFD, 0xFB, 0x48, 0x50, 0x92, 0xAB, 0xD8, 0x35, 0xFA, 0x25, 0x47,
    0x90, 0xC6, 0x6E, 0x86, 0xD4, 0x25, 0x87, 0xCE, 0xC7, 0x3F, 0xAF, 0xE0, 0x35, 0x8A, 0xDA, 0x76,
    0xFB, 0x2D, 0xE2, 0xF0, 0x12, 0x79, 0x0B, 0x47, 0x92, 0x01, 0x0E, 0x7C, 0x1B, 0xCF, 0x1A, 0x43,
    0x7D, 0x1C, 0xE5, 0xC4, 0x30, 0xE0, 0x38, 0xDE, 0xAA, 0x92, 0xBB, 0xBD, 0x2A, 0xB6, 0xC3, 0x2A,
    0xB4, 0xA6, 0xA2, 0x57, 0x78, 0x20, 0x29, 0x28, 0x90, 0x1A, 0xAE, 0x70, 0xF4, 0xE4, 0xEC, 0x33,
    0xEB, 0xF0, 0xF0, 0xA9, 0xFD, 0xED, 0x99, 0xF5, 0xD9, 0x1F, 0x1F, 0xD6, 0x77, 0x19, 0xFA, 0x1F,
    0xD0, 0x69, 0x7A, 0x7E, 0xAB, 0x18, 0x9B, 0x46, 0x45, 0x20, 0x80, 0xFD, 0x2D, 0x16, 0xCC, 0x80,
    0x00, 0x81, 0x84, 0x82, 0xC3, 0x20, 0x1C, 0x50, 0x75, 0x65, 0x12, 0x3F, 0x01, 0xC5, 0xB5, 0x9C,
    0x59, 0x44, 0x39, 0xC3, 0x50, 0x4F, 0x6E, 0xE2, 0x4A, 0xE6, 0x15, 0xD7, 0xEF, 0xCB, 0xAD, 0xCE,
    0xD8, 0x52, 0x0E, 0xCF, 0xBC, 0x06, 0x75, 0xE6, 0xD5, 0x84, 0xC5, 0xD0, 0xE9, 0xF4, 0x1D, 0x9E,
    0x43, 0x05, 0xB3, 0x40, 0x51, 0x89, 0x4C, 0x97, 0x9B, 0x6E, 0x04, 0xDB, 0xB3, 0x27, 0xA3, 0x86,
    0xA1, 0x8E, 0xEC, 0x55, 0x1D, 0x5F, 0xB7, 0x3A, 0x56, 0x36, 0x55, 0x92, 0x26, 0x37, 0x43, 0xE5,
    0x3F, 0x85, 0x52, 0xBD, 0x8E, 0xD4, 0x30, 0x10, 0x1E, 0xDB, 0x0B, 0x91, 0xCE, 0x45, 0xB6, 0x41,
    0x42, 0xD7, 0x98, 0xFA, 0x8A, 0x4D, 0x4B, 0xC1, 0xEE, 0x58, 0xDC, 0x0B, 0x50, 0xF0, 0x00, 0x3C,
    0xC6, 0x15, 0xB0, 0x36, 0x4F, 0x00, 0x6F, 0xC0, 0x15, 0x14, 0x68, 0x2B, 0x0A, 0x0A, 0x8A, 0xCD,
    0xC6, 0xF7, 0x04, 0xE4, 0xC4, 0x0B, 0xB8, 0xB8, 0x1E, 0x4B, 0x97, 0x22, 0x45, 0xB2, 0x66, 0xEC,
    0x84, 0x9F, 0x43, 0x08, 0x26, 0x93, 0xC9, 0x8C, 0xE7, 0xE7, 0x8B, 0x3F, 0xBB, 0x8A, 0x1E, 0x63,
    0x87, 0x31, 0x9C, 0xEE, 0x76, 0x6F, 0x31, 0xC6, 0x90, 0x5E, 0x20, 0xF9, 0x33, 0x3E, 0xDB, 0x25,
    0xB1, 0x14, 0x92, 0xF8, 0xE9, 0xD3, 0xC2, 0x24, 0xFF, 0xCA, 0xDD, 0xD7, 0x95, 0xDB, 0x42, 0x0F,
    0xA3, 0x8E, 0xCE, 0xD8, 0x05, 0x9C, 0x68, 0x6C, 0x31, 0x88, 0x20, 0xBC, 0x72, 0x08, 0x0B, 0x58,
    0x41, 0x63, 0x1B, 0x27, 0xE9, 0x31, 0x50, 0x53, 0x3D, 0xB3, 0x0F, 0xA5, 0x3F, 0x54, 0x4F, 0xBB,
    0xB5, 0x68, 0x37, 0xE7, 0x37, 0x78, 0x1B, 0xD5, 0xF5, 0xC8, 0x60, 0x79, 0xA2, 0x2F, 0xF1, 0xEB,
    0x80, 0xB7, 0x47, 0x11, 0x36, 0xC2, 0xAF, 0xD5, 0xD5, 0x80, 0x22, 0x2C, 0x40, 0xAF, 0x8A, 0xB6,
    0x79, 0x13, 0xE2, 0x97, 0x5E, 0x3A, 0xD2, 0x60, 0xA4, 0xAF, 0x4B, 0x9B, 0x80, 0x9F, 0x00, 0xBC,
    0xFA, 0xA5, 0x18, 0x47, 0x13, 0x8F, 0xA7, 0x87, 0xF7, 0xBF, 0x2F, 0xDE, 0xD1, 0x75, 0xFE, 0xDD,
    0x0B, 0x80, 0x61, 0xD6, 0x07, 0xE3, 0x33, 0x13, 0x07, 0x13, 0xFB, 0x29, 0x3C, 0x3B, 0x5E, 0x52,
    0x48, 0x64, 0xFD, 0x2C, 0x48, 0xBA, 0x07, 0x78, 0x9C, 0xFA, 0xE4, 0x48, 0x10, 0xDA, 0x44, 0xD7,
    0x44, 0x17, 0xB3, 0xC5, 0x68, 0x55, 0x04, 0x7E, 0x03, 0x2B, 0xE6, 0x4B, 0x40, 0xD1, 0x55, 0xD6,
    0x24, 0xB3, 0xE1, 0x41, 0x69, 0xF6, 0x01, 0xE0, 0x5E, 0xEA, 0x2B, 0xA3, 0x06, 0x95, 0x9C, 0xEA,
    0x9B, 0x03, 0x4C, 0x0E, 0xED, 0x2E, 0x0D, 0xA6, 0xD1, 0x3C, 0xB0, 0x7E, 0x76, 0x44, 0x3E, 0x83,
    0x81, 0x85, 0xD2, 0xE5, 0x15, 0x16, 0x94, 0x9D, 0x53, 0xB9, 0x09, 0xD6, 0xC2, 0xE7, 0x26, 0xC0,
    0x77, 0x57, 0xB9, 0x89, 0x26, 0x9F, 0xE7, 0x26, 0xE0, 0x83, 0x6C, 0x8D, 0x87, 0x48, 0x9D, 0xEA,
    0x75, 0xEC, 0x45, 0x3A, 0x4F, 0xE2, 0xAE, 0x96, 0xD7, 0x54, 0x58, 0x17, 0x6E, 0x53, 0xDA, 0x3D,
    0x30, 0x22, 0xAF, 0x52, 0x44, 0x82, 0x20, 0x88, 0xAA, 0x22, 0x47, 0xB6, 0xA5, 0xCD, 0x8E, 0xB2,
    0xE5, 0x94, 0x42, 0x90, 0x0E, 0x53, 0x71, 0x4D, 0x55, 0x75, 0xE9, 0x7A, 0x3A, 0x56, 0x3E, 0x0D,
    0xA4, 0x91, 0xCD, 0x04, 0x91, 0xF7, 0xB5, 0x20, 0xF3, 0x1C, 0xF5, 0x80, 0x6C, 0x40, 0xDE, 0x6F,
    0x79, 0x78, 0x29, 0xC2, 0x5E, 0xF8, 0xCF, 0xC2, 0x7D, 0x12, 0xEE, 0xA3, 0xB0, 0xF0, 0x08, 0x06,
    0xDE, 0x15, 0xBE, 0xA4, 0x2B, 0x70, 0xA0, 0xDD, 0x1A, 0x40, 0x02, 0x29, 0x02, 0x4F, 0x5C, 0x2F,
    0x5F, 0x90, 0x39, 0x00, 0xEA, 0x1F, 0x2B, 0xA2, 0x93, 0xF9, 0xB2, 0x8C, 0x84, 0xB7, 0x4C, 0x08,
    0x4C, 0x93, 0x29, 0x12, 0x58, 0xA6, 0x23, 0x33, 0xB0, 0xCD, 0x04, 0xD1, 0x9B, 0xA9, 0x2A, 0xFC,
    0xDF, 0x93, 0xBC, 0xBB, 0x93, 0xAC, 0xF4, 0xFF, 0x92, 0x9B, 0xF9, 0x2A, 0xCD, 0xF2, 0x1D, 0xE5,
    0x90, 0xB1, 0x55, 0xC3, 0x30, 0x10, 0x86, 0x3F, 0x47, 0xE1, 0xA5, 0x70, 0x71, 0x14, 0x50, 0x7B,
    0x02, 0xA2, 0x86, 0x12, 0xA2, 0x1B, 0x21, 0x43, 0xA4, 0x66, 0x02, 0x92, 0x78, 0x04, 0x46, 0x60,
    0x07, 0x1A, 0x0A, 0x3F, 0xEC, 0x11, 0x3C, 0x82, 0x47, 0x48, 0xE1, 0xC2, 0x85, 0x23, 0x71, 0x32,
    0x0D, 0x25, 0x3D, 0x92, 0x9A, 0xBB, 0xF7, 0xEB, 0xBB, 0xFF, 0xFE, 0xE2, 0x1D, 0x89, 0x84, 0x54,
    0x37, 0x65, 0x37, 0xB9, 0x7E, 0x74, 0x83, 0xBD, 0xC9, 0x0D, 0xB3, 0xEB, 0x8F, 0x65, 0x17, 0x92,
    0xCA, 0x15, 0xF6, 0xB0, 0x86, 0x1D, 0x44, 0x56, 0x91, 0x4D, 0x44, 0x5E, 0xD8, 0x6D, 0x89, 0x6D,
    0x9D, 0xD2, 0x70, 0x7F, 0x56, 0xB6, 0xF0, 0x80, 0x1D, 0x49, 0x5A, 0x25, 0xF5, 0xB0, 0x3D, 0x18,
    0x93, 0xD0, 0xEA, 0x9D, 0x74, 0x94, 0xDD, 0xA3, 0xD4, 0xE7, 0x84, 0xBF, 0x52, 0x28, 0x1C, 0x70,
    0x46, 0xB8, 0x12, 0x94, 0x23, 0xA4, 0x89, 0x14, 0x99, 0x3D, 0x63, 0xC5, 0xE4, 0x39, 0x7D, 0xE1,
    0xA7, 0x2C, 0x33, 0x7D, 0x9B, 0xC0, 0x58, 0xCF, 0xD0, 0x80, 0x35, 0x2F, 0xB8, 0x81, 0x4D, 0x87,
    0xD4, 0x48, 0x9E, 0x46, 0xF1, 0x46, 0x65, 0x9C, 0x96, 0x57, 0x51, 0x7B, 0x3E, 0xE6, 0xF2, 0xE4,
    0xF5, 0xB3, 0xAC, 0x1B, 0x9B, 0xD8, 0xAA, 0x95, 0xC5, 0x7E, 0x91, 0xCD, 0x59, 0xD6, 0x08, 0xB3,
    0x68, 0x53, 0xD5, 0x21, 0xFB, 0x5C, 0x36, 0xB2, 0xFE, 0x48, 0xE8, 0xB9, 0x31, 0xDA, 0x1F, 0xA3,
    0x30, 0x0B, 0xA1, 0x4F, 0xFD, 0x47, 0xEF, 0x7E, 0xDF, 0x6E, 0x01, 0xFC, 0xD8, 0x79, 0x12, 0xA5,
    0x52, 0x42, 0x36, 0xBE, 0x1A, 0x29, 0x7B, 0x7C, 0x5E, 0x48, 0x8D, 0x61, 0xDF, 0x2D, 0x18, 0x9F,
    0xF2, 0x64, 0x77, 0x41, 0x26, 0xCC, 0xC8, 0xDA, 0xC4, 0x52, 0xDF, 0x8A, 0xDA, 0xD2, 0x61, 0x5E,
    0x42, 0xFA, 0x07, 0x79, 0x7F, 0x03, 0xAD, 0x56, 0xBD, 0x8E, 0xDC, 0x54, 0x14, 0x3E, 0xB6, 0x09,
    0x16, 0x72, 0xE1, 0x2D, 0x58, 0x90, 0x76, 0x0B, 0xA7, 0x5C, 0xB1, 0x42, 0xF7, 0x05, 0x60, 0xAF,
    0xC5, 0x3E, 0x00, 0x29, 0xD6, 0xA1, 0xA0, 0xA5, 0xA3, 0xE0, 0x05, 0xC2, 0xD8, 0xBC, 0xC1, 0x36,
    0x50, 0x53, 0x50, 0x2D, 0x12, 0x50, 0x50, 0xC6, 0x63, 0x2B, 0x48, 0xA1, 0x48, 0x81, 0x25, 0x1E,
    0x00, 0x0B, 0x14, 0x14, 0xD8, 0x62, 0x2D, 0x65, 0x56, 0x9A, 0x04, 0xDB, 0x97, 0xEF, 0x3B, 0xF6,
    0x4C, 0x26, 0x88, 0x28, 0x42, 0xC2, 0x9A, 0xF9, 0x8E, 0xE7, 0xDE, 0x73, 0xCF, 0x3D, 0x3F, 0xDF,
    0xB9, 0x77, 0x44, 0x24, 0x4C, 0x05, 0x4F, 0x5C, 0xB4, 0x40, 0xF3, 0x5E, 0x27, 0x72, 0x50, 0x05,
    0xAD, 0xF8, 0xCE, 0x5D, 0xD5, 0x62, 0x9C, 0x73, 0x85, 0xB8, 0xDF, 0x9F, 0x3A, 0x09, 0x86, 0xA0,
    0x5B, 0x48, 0xD4, 0x45, 0x4D, 0x2F, 0x71, 0x13, 0xD7, 0x6B, 0x31, 0x85, 0x39, 0xED, 0xC4, 0x8A,
    0x85, 0x7A, 0x2E, 0x65, 0x5C, 0xCB, 0x42, 0xFA, 0xB8, 0x90, 0xA5, 0xBF, 0xB2, 0x22, 0x65, 0xD0,
    0x9D, 0x88, 0x2C, 0xA9, 0x2E, 0x0B, 0xAA, 0x8B, 0xA5, 0xBA, 0xD8, 0x1C, 0xEA, 0x62, 0x06, 0xA8,
    0x4B, 0x4C, 0x75, 0x09, 0xD7, 0x50, 0x97, 0x60, 0x5C, 0xC8, 0x1D, 0x89, 0xDC, 0xF8, 0xF1, 0x28,
    0xF1, 0x2F, 0xCE, 0xF5, 0x62, 0x4E, 0xB9, 0xB9, 0x0D, 0x1E, 0xDE, 0x12, 0xB5, 0x2E, 0x6A, 0x5D,
    0xE4, 0xA6, 0xA1, 0xC3, 0xF2, 0x9A, 0x62, 0x96, 0x65, 0x69, 0x00, 0x2F, 0x1B, 0x42, 0x1D, 0x5C,
    0x67, 0x99, 0x04, 0x1D, 0xCD, 0xBD, 0x10, 0xAE, 0xB3, 0x33, 0xA1, 0xF2, 0x0C, 0x4F, 0x2F, 0xBE,
    0xDA, 0x99, 0xCD, 0x1D, 0xB2, 0x51, 0x61, 0x5B, 0xB1, 0xEE, 0x45, 0x06, 0x1A, 0xEE, 0xEB, 0x7D,
    0x03, 0x9D, 0x04, 0x5E, 0x62, 0x09, 0xD6, 0xB8, 0x34, 0xAF, 0x7D, 0x24, 0xA6, 0xDE, 0xD1, 0x6B,
    0xB7, 0xC0, 0x9F, 0x6F, 0x5E, 0x67, 0x29, 0x2C, 0xBB, 0x6E, 0x02, 0xC1, 0x4A, 0x79, 0x6B, 0xBC,
    0x38, 0x17, 0x78, 0xB1, 0x9A, 0xC7, 0x16, 0xB4, 0xFC, 0x29, 0xE1, 0x2E, 0x61, 0xC0, 0xF7, 0xD0,
    0x3D, 0x91, 0x77, 0xA0, 0xE2, 0x86, 0x31, 0xAB, 0x5C, 0xBF, 0x27, 0xDE, 0xB7, 0x85, 0xB0, 0x62,
    0xA9, 0xDA, 0x86, 0x33, 0xC1, 0x4A, 0xB7, 0x09, 0xFA, 0x49, 0xB8, 0x59, 0xD4, 0x2A, 0xAE, 0x5A,
    0x15, 0xBF, 0x75, 0x2A, 0x7E, 0xED, 0x55, 0xB4, 0x8E, 0xE2, 0xF8, 0x61, 0xFE, 0xF9, 0x07, 0x4F,
    0xB8, 0x3D, 0x8B, 0x3C, 0x89, 0x34, 0x6C, 0xFD, 0x5E, 0x55, 0x64, 0x9C, 0x84, 0x3D, 0x55, 0x91,
    0xFC, 0xA0, 0x22, 0x7A, 0x3C, 0xD9, 0xFB, 0x4B, 0x85, 0xB8, 0x49, 0xE4, 0x93, 0x30, 0x93, 0x88,
    0x21, 0x50, 0x2C, 0x7E, 0xF7, 0x33, 0x94, 0x8E, 0x3B, 0xA4, 0x8A, 0x98, 0x1C, 0xB2, 0x0F, 0xE1,
    0xEE, 0x5A, 0xBC, 0x9E, 0x88, 0x08, 0x0F, 0xC6, 0x8B, 0x0B, 0x77, 0x6E, 0xB9, 0x79, 0x37, 0x21,
    0xC7, 0x4B, 0x9D, 0x55, 0x9D, 0x70, 0xAD, 0x6B, 0x3B, 0xC5, 0x82, 0xF8, 0x48, 0x74, 0xF6, 0x3F,
    0xE1, 0x8A, 0xF0, 0x8A, 0xBE, 0xCA, 0xCD, 0x93, 0x49, 0xF6, 0x76, 0x23, 0xB5, 0x03, 0xBC, 0x3E,
    0x21, 0xC7, 0x90, 0x4F, 0x70, 0xCD, 0x43, 0x7A, 0xBB, 0xB8, 0x91, 0x10, 0x9F, 0x2E, 0xEC, 0x24,
    0xC6, 0xA7, 0x09, 0x26, 0x59, 0x23, 0xE3, 0x66, 0x2D, 0x49, 0x71, 0xD8, 0x8B, 0xC5, 0xA7, 0xCD,
    0xA7, 0xE4, 0xF5, 0x76, 0x96, 0x52, 0xC9, 0xDA, 0xB0, 0x7A, 0xD6, 0xEF, 0xE2, 0x02, 0x51, 0x80,
    0xF8, 0xF1, 0x3D, 0x38, 0x92, 0xFC, 0xD8, 0x84, 0x3F, 0xC3, 0x95, 0xF8, 0xA7, 0x3A, 0x78, 0x8C,
    0x88, 0xA2, 0xAB, 0xC2, 0x47, 0x2A, 0x25, 0x44, 0xD1, 0x1C, 0x73, 0x36, 0x4B, 0x1F, 0x6B, 0xF3,
    0x42, 0x34, 0x4B, 0x76, 0x76, 0x3F, 0xD9, 0x44, 0x60, 0xA7, 0xEF, 0xAB, 0xD5, 0xB9, 0xC4, 0x60,
    0x4E, 0xC4, 0xD4, 0xE0, 0xF7, 0x99, 0x85, 0x99, 0x1C, 0x94, 0x74, 0x62, 0x3F, 0x73, 0xA0, 0x52,
    0x0E, 0x12, 0x59, 0xE4, 0xD0, 0xAA, 0x5C, 0xE2, 0xB7, 0x4D, 0x9D, 0xCE, 0x87, 0x0E, 0x44, 0xFB,
    0x68, 0x0A, 0xFE, 0x06, 0x1A, 0x06, 0xE4, 0xAB, 0x11, 0x03, 0x36, 0xF6, 0x2E, 0x98, 0x0A, 0xE3,
    0xB0, 0xBF, 0xA7, 0xE9, 0x0E, 0x47, 0x10, 0x5B, 0x92, 0x96, 0xA7, 0x84, 0x65, 0xF3, 0xC1, 0x90,
    0xE6, 0x4C, 0x33, 0xA6, 0xB9, 0xC5, 0xCA, 0x66, 0x53, 0x22, 0xA3, 0x56, 0x94, 0xEF, 0x20, 0xFC,
    0x99, 0xB0, 0x97, 0x58, 0xF6, 0x09, 0xDF, 0x18, 0xD5, 0xBC, 0xAE, 0x85, 0x3B, 0x7C, 0xAC, 0xA6,
    0x3C, 0x46, 0x18, 0x48, 0xB8, 0xFB, 0xA2, 0xAA, 0x37, 0x74, 0x49, 0x9C, 0x1A, 0xDF, 0x57, 0xA6,
    0x8B, 0xA7, 0xCC, 0x4A, 0x0A, 0x5A, 0xCE, 0x53, 0xA0, 0x37, 0x72, 0x17, 0x70, 0x03, 0x98, 0x34,
    0xC4, 0x9C, 0x15, 0x63, 0xE2, 0x82, 0x2E, 0x62, 0x47, 0x74, 0x06, 0xB6, 0xAA, 0x1E, 0x3D, 0x23,
    0x6E, 0x74, 0x6E, 0xA4, 0x0F, 0x88, 0x2B, 0x70, 0x0F, 0x3A, 0x26, 0x5A, 0xDB, 0x05, 0x53, 0xEA,
    0x2D, 0x22, 0xDB, 0xDA, 0x89, 0x3A, 0x22, 0xA6, 0xB8, 0x97, 0xEE, 0x82, 0x52, 0x10, 0x4D, 0xCD,
    0xCE, 0xD7, 0x13, 0x48, 0x3D, 0xFB, 0x77, 0x6E, 0x1F, 0xAC, 0xC5, 0x1F, 0x0B, 0x65, 0x42, 0x7B,
    0x0C, 0x6E, 0xA3, 0x4A, 0x6B, 0x36, 0xF6, 0xC1, 0x90, 0x65, 0xD5, 0x3C, 0x7E, 0x38, 0x64, 0xB7,
    0xC7, 0xE2, 0xFF, 0xE5, 0x36, 0x73, 0xC4, 0x27, 0x9A, 0x12, 0xBA, 0x83, 0xC9, 0x1F, 0x00, 0x9F,
    0x87, 0x0C, 0xCB, 0x83, 0x04, 0xB9, 0xAB, 0xFB, 0xC8, 0xC3, 0x18, 0xD7, 0xAF, 0x4B, 0xB4, 0xD2,
    0x63, 0xB8, 0x21, 0x9A, 0x82, 0x68, 0xE5, 0x19, 0x2E, 0x14, 0x97, 0x8A, 0x25, 0xC8, 0xE6, 0xF8,
    0x8E, 0x80, 0x31, 0xFE, 0x67, 0x95, 0x52, 0xC7, 0xA4, 0x36, 0x25, 0x9A, 0x9A, 0x18, 0xB7, 0xC4,
    0x70, 0x4D, 0xF4, 0xDC, 0xFB, 0x35, 0xFA, 0x2A, 0x77, 0x97, 0x48, 0x50, 0xEC, 0x66, 0x46, 0xF1,
    0xE8, 0x8C, 0x9B, 0x7F, 0x7A, 0x38, 0xF9, 0xEC, 0xC9, 0xF6, 0x09, 0xEB, 0xCD, 0xA8, 0x42, 0xF2,
    0x48, 0x03, 0x68, 0xE9, 0x3F, 0x4A, 0x76, 0x79, 0x7F, 0x08, 0x86, 0xA8, 0x3E, 0xC2, 0x5D, 0x54,
    0xC3, 0x1A, 0xC0, 0x14, 0x00, 0x4B, 0xE5, 0x9C, 0xB0, 0x20, 0x2C, 0x09, 0xE5, 0xF6, 0x4D, 0xC7,
    0xEC, 0x16, 0x4C, 0xBD, 0x59, 0x1B, 0xAE, 0x00, 0xFE, 0x18, 0xD5, 0x77, 0xC0, 0x90, 0xCB, 0x91,
    0x0D, 0xD2, 0xD3, 0xD5, 0x62, 0xF6, 0x34, 0x7A, 0xDE, 0x17, 0x3F, 0x45, 0xE5, 0x71, 0x83, 0xB0,
    0xE7, 0x27, 0xD8, 0xBF, 0xED, 0x48, 0x74, 0x53, 0x4C, 0xF1, 0xD8, 0xED, 0x84, 0x21, 0xEB, 0xE6,
    0x18, 0x75, 0xB6, 0xE2, 0xAD, 0xC2, 0x96, 0x66, 0x2D, 0x0E, 0xBE, 0x1E, 0x64, 0xEE, 0x66, 0x10,
    0x5B, 0x66, 0x66, 0xA9, 0xF2, 0x33, 0x88, 0xF4, 0xFA, 0x60, 0x81, 0x3D, 0x90, 0x64, 0x6F, 0x7B,
    0x33, 0xEC, 0x00, 0x97, 0xDD, 0xE5, 0x61, 0x51, 0xD1, 0x5E, 0xC5, 0xD6, 0x73, 0xE9, 0x77, 0x12,
    0x0D, 0x58, 0x66, 0x07, 0x9C, 0xC9, 0x63, 0x89, 0x0A, 0x7C, 0x5F, 0x91, 0x2B, 0x55, 0xC3, 0x44,
    0xD2, 0x38, 0x75, 0xED, 0x20, 0x7E, 0xF1, 0x36, 0x52, 0xD4, 0xB0, 0xBA, 0x4C, 0x16, 0xCC, 0x94,
    0x9C, 0x5F, 0x52, 0xBB, 0x62, 0xB5, 0x72, 0x2A, 0xDE, 0xD0, 0xA2, 0x1C, 0x11, 0xCA, 0x2D, 0xF0,
    0x1C, 0x48, 0x48, 0x7B, 0x46, 0xC9, 0xAB, 0xB4, 0x88, 0x56, 0xA5, 0x01, 0x93, 0xCA, 0xA8, 0x33,
    0x69, 0x19, 0xE0, 0x3F, 0x40, 0xE9, 0xAD, 0x4F, 0xA0, 0xDC, 0xBF, 0x0C, 0x8E, 0x08, 0xF2, 0x32,
    0x78, 0x77, 0x43, 0xF8, 0x3D, 0x5C, 0xFA, 0x3C, 0x2D, 0xB4, 0x9B, 0xB1, 0x2F, 0x6E, 0xF4, 0x4F,
    0x1A, 0x9C, 0x0F, 0x61, 0xC7, 0xAB, 0x69, 0x05, 0xF0, 0xD6, 0xCF, 0x81, 0xCF, 0xB1, 0x80, 0xB3,
    0x89, 0x9E, 0xD5, 0x75, 0x45, 0x9F, 0x8F, 0x9D, 0xFB, 0x72, 0xE7, 0x92, 0xCE, 0x9D, 0xB6, 0x73,
    0x31, 0xBF, 0xED, 0xDC, 0xDE, 0xED, 0xE6, 0xD2, 0xFF, 0x1B, 0xCD, 0x54, 0x3B, 0x6E, 0xD5, 0x40,
    0x14, 0xBD, 0xB6, 0x03, 0x4F, 0xC8, 0x12, 0x4E, 0x41, 0x04, 0x0A, 0x85, 0x5B, 0x94, 0x66, 0x36,
    0x10, 0x79, 0x5C, 0xA5, 0xA6, 0xC8, 0x53, 0x0A, 0x1A, 0x5A, 0x68, 0xD2, 0x52, 0x24, 0xCF, 0xEE,
    0x69, 0xD2, 0xB0, 0x83, 0x57, 0x65, 0x0D, 0x49, 0x6C, 0x89, 0x05, 0x60, 0xB1, 0x02, 0x8B, 0x82,
    0x16, 0x4B, 0x38, 0x92, 0x23, 0x1C, 0x5F, 0xCE, 0xB9, 0x0E, 0x2F, 0x61, 0x03, 0x88, 0x91, 0x75,
    0x6C, 0xDF, 0x99, 0xFB, 0x3B, 0x73, 0x66, 0x64, 0x4B, 0x30, 0x7C, 0x4B, 0xB8, 0x05, 0x3C, 0xD6,
    0x1C, 0xE8, 0x1A, 0xC0, 0xA2, 0x03, 0x04, 0x03, 0x6C, 0xEB, 0x51, 0xA4, 0xD0, 0x95, 0x84, 0xAA,
    0x2A, 0xF1, 0x10, 0x6A, 0x9E, 0xD6, 0x52, 0x94, 0x3E, 0x17, 0x57, 0x7B, 0x91, 0xA4, 0x5E, 0x11,
    0x2E, 0x45, 0xE2, 0x07, 0x60, 0x36, 0xCC, 0xA6, 0xA5, 0xAB, 0xC5, 0x4B, 0xD2, 0xCA, 0x24, 0xD1,
    0xF4, 0x06, 0xA1, 0x54, 0x91, 0xCE, 0x59, 0x22, 0x1B, 0x87, 0xF2, 0x16, 0xBF, 0x5F, 0x7B, 0x4C,
    0x68, 0x17, 0x4D, 0x07, 0x5A, 0x63, 0xB1, 0xC2, 0x2D, 0x54, 0x04, 0x88, 0xB5, 0xC9, 0xC4, 0x7F,
    0x6E, 0x57, 0xA2, 0x51, 0x77, 0x1A, 0x8D, 0x51, 0xB7, 0x4A, 0xBA, 0xA8, 0xF3, 0xBE, 0x8E, 0x5A,
    0x8F, 0x72, 0x1A, 0x37, 0x22, 0x51, 0xD2, 0x89, 0xCF, 0xFD, 0x74, 0x30, 0x31, 0xC8, 0x20, 0xA3,
    0xD3, 0x46, 0xB6, 0x11, 0x19, 0x23, 0xB4, 0x44, 0x71, 0x4D, 0x4C, 0xD8, 0x98, 0xB8, 0xCE, 0x9A,
    0xEE, 0x89, 0xA7, 0x23, 0x71, 0xBC, 0x60, 0xAF, 0x7D, 0x06, 0x8C, 0x3A, 0x47, 0x6C, 0x93, 0x92,
    0x4E, 0x09, 0xDC, 0x92, 0x72, 0xC1, 0x82, 0x31, 0x03, 0x27, 0xAC, 0x82, 0x13, 0x3C, 0xEC, 0xB9,
    0xB0, 0xDF, 0xCC, 0xA6, 0xB0, 0xA0, 0xE5, 0x62, 0x66, 0x82, 0x63, 0xC9, 0x20, 0xEE, 0xD3, 0x72,
    0x79, 0xD4, 0x79, 0xD4, 0xA4, 0xBD, 0x23, 0x76, 0x3B, 0x4B, 0x0C, 0x16, 0xA9, 0x5A, 0xCF, 0xF8,
    0xFC, 0x7A, 0x79, 0x74, 0xCD, 0x08, 0xFF, 0xED, 0x13, 0x34, 0x7C, 0x50, 0xFF, 0x50, 0xA9, 0x8E,
    0xC5, 0xF9, 0xF9, 0xDA, 0x91, 0x16, 0x74, 0x1B, 0x41, 0x1E, 0x42, 0xDD, 0x40, 0x0B, 0x42, 0xAE,
    0x48, 0x44, 0x40, 0x4A, 0xAF, 0xC4, 0x08, 0xE2, 0x3F, 0x49, 0xE7, 0xFC, 0x84, 0xBD, 0xC0, 0xFA,
    0x98, 0x5C, 0x61, 0x69, 0xB1, 0x5C, 0xBE, 0x66, 0x3C, 0xB0, 0x33, 0x80, 0x95, 0xC3, 0x42, 0x75,
    0xC2, 0xF7, 0x74, 0xA7, 0x8A, 0xB0, 0xB6, 0x6D, 0x90, 0x39, 0xAE, 0x90, 0x4F, 0xB0, 0x2F, 0x64,
    0x7B, 0x0E, 0x2D, 0x32, 0xC8, 0x9C, 0xE0, 0x5F, 0x2D, 0x3B, 0x21, 0x3C, 0x23, 0xA4, 0xE2, 0xEB,
    0xA2, 0xF6, 0xE5, 0x13, 0x2B, 0x75, 0xDF, 0x84, 0xF4, 0x57, 0x20, 0xCA, 0xE2, 0x41, 0x34, 0x68,
    0x62, 0x1B, 0x21, 0xC3, 0x1E, 0x21, 0xA1, 0x57, 0x27, 0xD5, 0x2D, 0xE2, 0x7E, 0xF0, 0x8C, 0xEB,
    0xA0, 0x22, 0x98, 0x47, 0xAE, 0x82, 0x57, 0xF4, 0x0D, 0x5E, 0xD1, 0x4F, 0xF2, 0xF8, 0x8B, 0x6A,
    0x55, 0x16, 0x52, 0x94, 0x77, 0x1C, 0x23, 0xB3, 0xC8, 0x7B, 0xB0, 0xB3, 0x96, 0x05, 0x8E, 0x11,
    0x4E, 0x51, 0xAA, 0x23, 0xE4, 0xD4, 0xF8, 0xBC, 0x8A, 0x86, 0x45, 0x97, 0x49, 0xFA, 0xA5, 0x09,
    0xFA, 0x0B, 0xCC, 0xE6, 0x32, 0x40, 0x9E, 0xD8, 0x1C, 0xBC, 0xC2, 0xC9, 0x5E, 0xF1, 0x8F, 0x52,
    0x86, 0x4C, 0xDC, 0xC7, 0x36, 0xEC, 0x7D, 0x79, 0x15, 0x8E, 0x71, 0x97, 0xE0, 0xB4, 0x54, 0xDA,
    0x2C, 0x70, 0x5E, 0x52, 0xB8, 0xBC, 0x43, 0xDA, 0x35, 0x9B, 0xD8, 0x43, 0xB2, 0x10, 0x46, 0x9C,
    0x3F, 0x34, 0x90, 0x7E, 0x2F, 0xEF, 0xF2, 0x1B, 0x1B, 0x06, 0x2B, 0xC2, 0xE5, 0xA6, 0xEB, 0x0D,
    0xF0, 0xCA, 0xB0, 0x8D, 0x96, 0xF0, 0x9E, 0x84, 0x0D, 0x2C, 0x8C, 0x0E, 0x83, 0x66, 0x43, 0xF3,
    0x06, 0x3C, 0xD2, 0xEC, 0x29, 0xBB, 0xA6, 0xA8, 0x2A, 0xFA, 0xEF, 0x32, 0x6B, 0x78, 0x26, 0x2F,
    0x52, 0x2D, 0x33, 0xAF, 0xD3, 0xEA, 0xE4, 0xA5, 0x8E, 0xFB, 0x72, 0x6C, 0xA7, 0x37, 0xC8, 0x65,
    0x2B, 0x9D, 0x72, 0xD8, 0x6F, 0xB2, 0x53, 0x47, 0x7B, 0x35, 0x6C, 0xD3, 0x6A, 0x23, 0x2E, 0xE7,
    0x2D, 0x74, 0xB2, 0x7B, 0x5E, 0xAD, 0xA1, 0x2F, 0x35, 0x7D, 0xB1, 0x8E, 0xA8, 0x99, 0x33, 0xA6,
    0xA5, 0xD0, 0xC6, 0xB9, 0x9D, 0xDB, 0xE5, 0x61, 0xD0, 0xCD, 0x1B, 0x16, 0xD5, 0x7F, 0x2E, 0x27,
    0x79, 0xC5, 0xA2, 0x29, 0xCA, 0x0A, 0xCD, 0xA5, 0x7A, 0x06, 0x56, 0x90, 0xBA, 0xA0, 0x45, 0x6D,
    0x7F, 0x58, 0x48, 0x6A, 0x9F, 0xD5, 0x64, 0x37, 0x28, 0x5B, 0x4F, 0x4D, 0xC6, 0x57, 0x72, 0x3F,
    0x2A, 0x5E, 0x9E, 0x3C, 0xF0, 0x42, 0xB1, 0x33, 0x31, 0x0A, 0x63, 0x97, 0x46, 0xB0, 0x1C, 0x2B,
    0x0C, 0x81, 0xCE, 0x06, 0x66, 0xAF, 0x58, 0x1D, 0x8C, 0x96, 0x8E, 0x91, 0x13, 0xE4, 0x16, 0xC7,
    0xE0, 0x4F, 0x37, 0x41, 0x1F, 0xF1, 0x32, 0xE1, 0xF5, 0x52, 0x1B, 0x98, 0xED, 0x37, 0xA5, 0xCD,
    0xA1, 0x11, 0x80, 0x30, 0x10, 0x44, 0xD1, 0x25, 0x29, 0x00, 0x4F, 0x33, 0x09, 0xD0, 0x16, 0x33,
    0x50, 0x0A, 0x12, 0x7A, 0x08, 0xBD, 0x50, 0xC2, 0x89, 0xD3, 0x39, 0xF6, 0x70, 0x0C, 0x0E, 0xCC,
    0x33, 0x5F, 0x7C, 0x34, 0x3B, 0x80, 0xD6, 0x32, 0x90, 0x6C, 0x14, 0xCC, 0x88, 0x82, 0xC3, 0x29,
    0x40, 0x76, 0xE0, 0x2C, 0xC9, 0x6A, 0x94, 0x64, 0x16, 0xA5, 0xAB, 0xDB, 0x5D, 0x7F, 0x32, 0x21,
    0x9C, 0xE0, 0x7C, 0xE5, 0xBC, 0x57, 0xCE, 0x07, 0xE5, 0x3C, 0x28, 0xE7, 0xA4, 0x3C, 0xE0, 0xDC,
    0xB1, 0xA0, 0x9C, 0xBF, 0xEA, 0x07, 0x26, 0x40, 0x2E,
};

static const EpdGlyph quicksand_16_italicGlyphs[] = {
    { 0, 0, 147, 0, 0, 0, 0 }, // U+000D
    { 0, 0, 147, 0, 0, 0, 0 }, // U+0020
    { 5, 24, 114, 1, 24, 30, 0 }, // !
    { 12, 10, 213, 1, 24, 30, 30 }, // "
    { 22, 24, 356, 0, 24, 132, 60 }, // #
    { 17, 33, 306, 1, 28, 141, 192 }, // $
    { 24, 25, 421, 1, 24, 150, 333 }, // %
    { 22, 25, 367, 1, 24, 138, 483 }, // &
    { 5, 10, 107, 1, 24, 13, 621 }, // '
    { 11, 31, 196, 1, 24, 86, 634 }, // (
    { 11, 31, 196, 0, 24, 86, 720 }, // )
    { 11, 11, 174, 0, 24, 31, 806 }, // *
    { 17, 18, 302, 1, 20, 77, 837 }, // +
    { 5, 8, 118, 1, 3, 10, 914 }, // ,
    { 11, 3, 209, 1, 12, 9, 924 }, // -
    { 4, 4, 109, 1, 4, 4, 933 }, // .
    { 18, 32, 287, 0, 27, 144, 937 }, // /
    { 18, 25, 320, 1, 24, 113, 1081 }, // 0
    { 10, 24, 201, 0, 24, 60, 1194 }, // 1
    { 16, 24, 298, 1, 24, 96, 1254 }, // 2
    { 15, 25, 282, 1, 24, 94, 1350 }, // 3
    { 18, 24, 292, 0, 24, 108, 1444 }, // 4
    { 15, 25, 296, 2, 24, 94, 1552 }, // 5
    { 17, 25, 290, 1, 24, 107, 1646 }, // 6
    { 16, 25, 280, 1, 24, 100, 1753 }, // 7
    { 16, 25, 290, 1, 24, 100, 1853 }, // 8
    { 17, 25, 300, 1, 24, 107, 1953 }, // 9
    { 4, 18, 115, 2, 18, 18, 2060 }, // :
    { 6, 23, 123, 1, 18, 35, 2078 }, // ;
    { 15, 18, 279, 1, 20, 68, 2113 }, // <
    { 16, 10, 295, 1, 16, 40, 2181 }, // =
    { 15, 17, 282, 2, 20, 64, 2221 }, // >
    { 15, 25, 266, 1, 25, 94, 2285 }, // ?
    { 30, 30, 517, 1, 24, 225, 2379 }, // @
    { 21, 25, 343, 0, 24, 132, 2604 }, // A
    { 19, 24, 348, 2, 24, 114, 2736 }, // B
    { 20, 25, 344, 1, 24, 125, 2850 }, // C
    { 21, 24, 383, 2, 24, 126, 2975 }, // D
    { 16, 24, 304, 2, 24, 96, 3101 }, // E
    { 16, 24, 301, 2, 24, 96, 3197 }, // F
    { 21, 25, 371, 1, 24, 132, 3293 }, // G
    { 20, 24, 384, 2, 24, 120, 3425 }, // H
    { 4, 24, 138, 2, 24, 24, 3545 }, // I
    { 15, 25, 301, 1, 24, 94, 3569 }, // J
    { 19, 25, 357, 2, 24, 119, 3663 }, // K
    { 16, 24, 289, 2, 24, 96, 3782 }, // L
    { 23, 24, 439, 2, 24, 138, 3878 }, // M
    { 20, 24, 389, 2, 24, 120, 4016 }, // N
    { 23, 25, 407, 1, 24, 144, 4136 }, // O
    { 17, 24, 319, 2, 24, 102, 4280 }, // P
    { 26, 31, 410, 1, 24, 202, 4382 }, // Q
    { 20, 24, 360, 2, 24, 120, 4584 }, // R
    { 17, 25, 306, 1, 24, 107, 4704 }, // S
    { 19, 24, 326, 1, 24, 114, 4811 }, // T
    { 19, 25, 379, 2, 24, 119, 4925 }, // U
    { 21, 24, 357, 1, 24, 126, 5044 }, // V
    { 32, 24, 511, 0, 24, 192, 5170 }, // W
    { 19, 25, 332, 1, 24, 119, 5362 }, // X
    { 19, 24, 305, 0, 24, 114, 5481 }, // Y
    { 20, 24, 344, 1, 24, 120, 5595 }, // Z
    { 11, 31, 213, 2, 24, 86, 5715 }, // [
    { 18, 32, 287, 0, 27, 144, 5801 }, // <backslash>
    { 10, 31, 213, 1, 24, 78, 5945 }, // ]
    { 16, 13, 294, 1, 25, 52, 6023 }, // ^
    { 20, 3, 362, 1, -3, 15, 6075 }, // _
    { 6, 6, 126, 1, 24, 9, 6090 }, // `
    { 17, 19, 327, 1, 18, 81, 6099 }, // a
    { 17, 26, 327, 2, 25, 111, 6180 }, // b
    { 16, 19, 277, 1, 18, 76, 6291 }, // c
    { 17, 26, 327, 1, 25, 111, 6367 }, // d
    { 17, 19, 306, 1, 18, 81, 6478 }, // e
    { 13, 25, 206, 0, 25, 82, 6559 }, // f
    { 18, 25, 335, 1, 18, 113, 6641 }, // g
    { 15, 25, 306, 2, 25, 94, 6754 }, // h
    { 4, 23, 118, 2, 23, 23, 6848 }, // i
    { 7, 30, 145, -1, 23, 53, 6871 }, // j
    { 15, 25, 292, 2, 25, 94, 6924 }, // k
    { 4, 25, 130, 2, 25, 25, 7018 }, // l
    { 27, 18, 488, 2, 18, 122, 7043 }, // m
    { 15, 18, 311, 2, 18, 68, 7165 }, // n
    { 18, 19, 326, 1, 18, 86, 7233 }, // o
    { 17, 25, 327, 2, 18, 107, 7319 }, // p
    { 17, 25, 327, 1, 18, 107, 7426 }, // q
    { 11, 18, 214, 2, 18, 50, 7533 }, // r
    { 14, 19, 253, 1, 18, 67, 7583 }, // s
    { 11, 22, 194, 0, 22, 61, 7650 }, // t
    { 15, 19, 307, 2, 18, 72, 7711 }, // u
    { 16, 19, 288, 1, 18, 76, 7783 }, // v
    { 24, 19, 404, 1, 18, 114, 7859 }, // w
    { 16, 19, 259, 0, 18, 76, 7973 }, // x
    { 15, 25, 307, 2, 18, 94, 8049 }, // y
    { 14, 18, 256, 1, 18, 63, 8143 }, // z
    { 13, 31, 223, 0, 24, 101, 8206 }, // {
    { 3, 33, 117, 2, 27, 25, 8307 }, // |
    { 13, 31, 223, 1, 24, 101, 8332 }, // }
    { 14, 6, 261, 1, 14, 21, 8433 }, // ~
    { 0, 0, 147, 0, 0, 0, 0 }, // U+00A0
    { 5, 24, 114, 1, 18, 30, 0 }, // U+00A1
    { 16, 24, 274, 1, 24, 96, 30 }, // U+00A2
    { 20, 25, 330, 1, 24, 125, 126 }, // U+00A3
    { 15, 14, 278, 1, 17, 53, 251 }, // U+00A4
    { 19, 24, 305, 0, 24, 114, 304 }, // U+00A5
    { 4, 33, 120, 2, 27, 33, 418 }, // U+00A6
    { 16, 29, 289, 1, 24, 116, 451 }, // U+00A7
    { 10, 4, 217, 2, 24, 10, 567 }, // U+00A8
    { 24, 25, 421, 1, 24, 150, 577 }, // U+00A9
    { 11, 11, 188, 0, 24, 31, 727 }, // U+00AA
    { 15, 15, 248, 0, 16, 57, 758 }, // U+00AB
    { 20, 11, 352, 1, 15, 55, 815 }, // U+00AC
    { 11, 3, 209, 1, 12, 9, 870 }, // U+00AD
    { 16, 16, 277, 1, 24, 64, 879 }, // U+00AE
    { 12, 3, 219, 1, 22, 9, 943 }, // U+00AF
    { 11, 11, 188, 0, 24, 31, 952 }, // U+00B0
    { 16, 18, 288, 1, 21, 72, 983 }, // U+00B1
    { 9, 12, 178, 1, 27, 27, 1055 }, // U+00B2
    { 9, 13, 174, 1, 27, 30, 1082 }, // U+00B3
    { 6, 6, 147, 2, 25, 9, 1112 }, // U+00B4
    { 15, 24, 304, 2, 18, 90, 1121 }, // U+00B5
    { 17, 27, 334, 1, 24, 115, 1211 }, // U+00B6
    { 5, 4, 109, 1, 12, 5, 1326 }, // U+00B7
    { 6, 6, 145, 1, 1, 9, 1331 }, // U+00B8
    { 6, 13, 136, 1, 27, 20, 1340 }, // U+00B9
    { 11, 11, 186, 0, 24, 31, 1360 }, // U+00BA
    { 14, 15, 247, 1, 16, 53, 1391 }, // U+00BB
    { 22, 25, 391, 1, 24, 138, 1444 }, // U+00BC
    { 22, 25, 387, 1, 24, 138, 1582 }, // U+00BD
    { 24, 25, 412, 1, 24, 150, 1720 }, // U+00BE
    { 15, 26, 263, 1, 19, 98, 1870 }, // U+00BF
    { 21, 31, 343, 0, 30, 163, 1968 }, // U+00C0
    { 21, 31, 343, 0, 30, 163, 2131 }, // U+00C1
    { 21, 32, 343, 0, 31, 168, 2294 }, // U+00C2
    { 21, 31, 343, 0, 30, 163, 2462 }, // U+00C3
    { 21, 30, 343, 0, 29, 158, 2625 }, // U+00C4
    { 21, 30, 344, 0, 29, 158, 2783 }, // U+00C5
    { 29, 25, 484, 0, 24, 182, 2941 }, // U+00C6
    { 20, 29, 344, 1, 24, 145, 3123 }, // U+00C7
    { 16, 30, 304, 2, 30, 120, 3268 }, // U+00C8
    { 16, 30, 304, 2, 30, 120, 3388 }, // U+00C9
    { 16, 31, 304, 2, 31, 124, 3508 }, // U+00CA
    { 16, 29, 304, 2, 29, 116, 3632 }, // U+00CB
    { 7, 30, 138, -1, 30, 53, 3748 }, // U+00CC
    { 8, 30, 138, 2, 30, 60, 3801 }, // U+00CD
    { 10, 31, 138, -1, 31, 78, 3861 }, // U+00CE
    { 10, 29, 138, -1, 29, 73, 3939 }, // U+00CF
    { 23, 24, 383, 0, 24, 138, 4012 }, // U+00D0
    { 20, 30, 389, 2, 30, 150, 4150 }, // U+00D1
    { 23, 31, 407, 1, 30, 179, 4300 }, // U+00D2
    { 23, 31, 407, 1, 30, 179, 4479 }, // U+00D3
    { 23, 32, 407, 1, 31, 184, 4658 }, // U+00D4
    { 23, 31, 407, 1, 30, 179, 4842 }, // U+00D5
    { 23, 30, 407, 1, 29, 173, 5021 }, // U+00D6
    { 14, 14, 254, 1, 18, 49, 5194 }, // U+00D7
    { 23, 26, 389, 1, 25, 150, 5243 }, // U+00D8
    { 19, 31, 379, 2, 30, 148, 5393 }, // U+00D9
    { 19, 31, 379, 2, 30, 148, 5541 }, // U+00DA
    { 19, 32, 379, 2, 31, 152, 5689 }, // U+00DB
    { 19, 30, 379, 2, 29, 143, 5841 }, // U+00DC
    { 19, 30, 305, 0, 30, 143, 5984 }, // U+00DD
    { 17, 25, 316, 2, 25, 107, 6127 }, // U+00DE
    { 20, 26, 334, 0, 25, 130, 6234 }, // U+00DF
    { 17, 25, 327, 1, 24, 107, 6364 }, // U+00E0
    { 17, 26, 327, 1, 25, 111, 6471 }, // U+00E1
    { 17, 26, 327, 1, 25, 111, 6582 }, // U+00E2
    { 17, 26, 327, 1, 25, 111, 6693 }, // U+00E3
    { 17, 25, 327, 1, 24, 107, 6804 }, // U+00E4
    { 17, 27, 327, 1, 26, 115, 6911 }, // U+00E5
    { 28, 19, 486, 1, 18, 133, 7026 }, // U+00E6
    { 16, 23, 277, 1, 18, 92, 7159 }, // U+00E7
    { 17, 25, 306, 1, 24, 107, 7251 }, // U+00E8
    { 17, 26, 306, 1, 25, 111, 7358 }, // U+00E9
    { 17, 26, 306, 1, 25, 111, 7469 }, // U+00EA
    { 17, 25, 306, 1, 24, 107, 7580 }, // U+00EB
    { 7, 24, 118, -1, 24, 42, 7687 }, // U+00EC
    { 6, 25, 118, 2, 25, 38, 7729 }, // U+00ED
    { 9, 25, 118, -1, 25, 57, 7767 }, // U+00EE
    { 10, 24, 118, -1, 24, 60, 7824 }, // U+00EF
    { 17, 26, 308, 1, 25, 111, 7884 }, // U+00F0
    { 15, 25, 311, 2, 25, 94, 7995 }, // U+00F1
    { 18, 25, 326, 1, 24, 113, 8089 }, // U+00F2
    { 18, 26, 326, 1, 25, 117, 8202 }, // U+00F3
    { 18, 26, 326, 1, 25, 117, 8319 }, // U+00F4
    { 18, 26, 326, 1, 25, 117, 8436 }, // U+00F5
    { 18, 25, 326, 1, 24, 113, 8553 }, // U+00F6
    { 17, 16, 310, 1, 19, 68, 8666 }, // U+00F7
    { 18, 20, 326, 1, 19, 90, 8734 }, // U+00F8
    { 15, 25, 307, 2, 24, 94, 8824 }, // U+00F9
    { 15, 26, 307, 2, 25, 98, 8918 }, // U+00FA
    { 15, 26, 307, 2, 25, 98, 9016 }, // U+00FB
    { 15, 25, 307, 2, 24, 94, 9114 }, // U+00FC
    { 15, 32, 307, 2, 25, 120, 9208 }, // U+00FD
    { 17, 32, 327, 2, 25, 136, 9328 }, // U+00FE
    { 15, 31, 307, 2, 24, 117, 9464 }, // U+00FF
    { 21, 30, 343, 0, 29, 158, 0 }, // U+0100
    { 17, 24, 327, 1, 23, 102, 158 }, // U+0101
    { 21, 32, 343, 0, 31, 168, 260 }, // U+0102
    { 17, 26, 327, 1, 25, 111, 428 }, // U+0103
    { 22, 31, 344, 0, 24, 171, 539 }, // U+0104
    { 18, 25, 327, 1, 18, 113, 710 }, // U+0105
    { 20, 31, 344, 1, 30, 155, 823 }, // U+0106
    { 16, 26, 277, 1, 25, 104, 978 }, // U+0107
    { 20, 32, 344, 1, 31, 160, 1082 }, // U+0108
    { 16, 26, 277, 1, 25, 104, 1242 }, // U+0109
    { 20, 30, 344, 1, 29, 150, 1346 }, // U+010A
    { 16, 24, 277, 1, 23, 96, 1496 }, // U+010B
    { 20, 31, 344, 1, 30, 155, 1592 }, // U+010C
    { 16, 25, 277, 1, 24, 100, 1747 }, // U+010D
    { 21, 30, 383, 2, 30, 158, 1847 }, // U+010E
    { 24, 26, 349, 1, 25, 156, 2005 }, // U+010F
    { 23, 24, 383, 0, 24, 138, 2161 }, // U+0110
    { 20, 26, 327, 1, 25, 130, 2299 }, // U+0111
    { 16, 29, 304, 2, 29, 116, 2429 }, // U+0112
    { 17, 24, 306, 1, 23, 102, 2545 }, // U+0113
    { 16, 31, 304, 2, 31, 124, 2647 }, // U+0114
    { 17, 26, 306, 1, 25, 111, 2771 }, // U+0115
    { 16, 29, 304, 2, 29, 116, 2882 }, // U+0116
    { 17, 24, 306, 1, 23, 102, 2998 }, // U+0117
    { 16, 31, 308, 2, 24, 124, 3100 }, // U+0118
    { 17, 25, 306, 1, 18, 107, 3224 }, // U+0119
    { 16, 30, 304, 2, 30, 120, 3331 }, // U+011A
    { 17, 25, 306, 1, 24, 107, 3451 }, // U+011B
    { 21, 32, 371, 1, 31, 168, 3558 }, // U+011C
    { 18, 32, 335, 1, 25, 144, 3726 }, // U+011D
    { 21, 32, 371, 1, 31, 168, 3870 }, // U+011E
    { 18, 32, 335, 1, 25, 144, 4038 }, // U+011F
    { 21, 30, 371, 1, 29, 158, 4182 }, // U+0120
    { 18, 30, 335, 1, 23, 135, 4340 }, // U+0121
    { 21, 31, 371, 1, 24, 163, 4475 }, // U+0122
    { 18, 34, 335, 1, 27, 153, 4638 }, // U+0123
    { 20, 31, 384, 2, 31, 155, 4791 }, // U+0124
    { 18, 31, 306, -1, 31, 140, 4946 }, // U+0125
    { 24, 24, 439, 2, 24, 144, 5086 }, // U+0126
    { 17, 25, 306, 0, 25, 107, 5230 }, // U+0127
    { 12, 30, 138, -2, 30, 90, 5337 }, // U+0128
    { 12, 25, 118, -2, 25, 75, 5427 }, // U+0129
    { 11, 29, 138, -1, 29, 80, 5502 }, // U+012A
    { 11, 23, 118, -2, 23, 64, 5582 }, // U+012B
    { 11, 31, 138, -1, 31, 86, 5646 }, // U+012C
    { 11, 25, 118, -2, 25, 69, 5732 }, // U+012D
    { 8, 31, 133, -1, 24, 62, 5801 }, // U+012E
    { 8, 30, 118, -1, 23, 60, 5863 }, // U+012F
    { 4, 29, 138, 2, 29, 29, 5923 }, // U+0130
    { 4, 18, 118, 2, 18, 18, 5952 }, // U+0131
    { 15, 25, 317, 2, 24, 94, 5970 }, // U+0132
    { 11, 30, 255, 2, 23, 83, 6064 }, // U+0133
    { 18, 32, 301, 1, 31, 144, 6147 }, // U+0134
    { 10, 32, 134, -1, 25, 80, 6291 }, // U+0135
    { 19, 31, 357, 2, 24, 148, 6371 }, // U+0136
    { 15, 34, 292, 2, 25, 128, 6519 }, // U+0137
    { 15, 18, 292, 2, 18, 68, 6647 }, // U+0138
    { 16, 30, 289, 2, 30, 120, 6715 }, // U+0139
    { 8, 31, 130, 2, 31, 62, 6835 }, // U+013A
    { 16, 31, 289, 2, 24, 124, 6897 }, // U+013B
    { 6, 34, 130, 1, 25, 51, 7021 }, // U+013C
    { 16, 25, 289, 2, 25, 100, 7072 }, // U+013D
    { 10, 25, 146, 2, 25, 63, 7172 }, // U+013E
    { 16, 24, 288, 2, 24, 96, 7235 }, // U+013F
    { 10, 25, 180, 2, 25, 63, 7331 }, // U+0140
    { 18, 24, 318, 1, 24, 108, 7394 }, // U+0141
    { 10, 25, 130, -1, 25, 63, 7502 }, // U+0142
    { 20, 30, 389, 2, 30, 150, 7565 }, // U+0143
    { 15, 25, 311, 2, 25, 94, 7715 }, // U+0144
    { 20, 31, 389, 2, 24, 155, 7809 }, // U+0145
    { 15, 27, 311, 2, 18, 102, 7964 }, // U+0146
    { 20, 30, 389, 2, 30, 150, 8066 }, // U+0147
    { 15, 24, 311, 2, 24, 90, 8216 }, // U+0148
    { 20, 24, 327, -2, 24, 120, 8306 }, // U+0149
    { 21, 31, 400, 2, 24, 163, 8426 }, // U+014A
    { 16, 25, 311, 2, 18, 100, 8589 }, // U+014B
    { 23, 30, 407, 1, 29, 173, 8689 }, // U+014C
    { 18, 24, 326, 1, 23, 108, 8862 }, // U+014D
    { 23, 32, 407, 1, 31, 184, 8970 }, // U+014E
    { 18, 26, 326, 1, 25, 117, 9154 }, // U+014F
    { 23, 31, 407, 1, 30, 179, 9271 }, // U+0150
    { 18, 26, 326, 1, 25, 117, 9450 }, // U+0151
    { 31, 24, 524, 1, 24, 186, 9567 }, // U+0152
    { 32, 19, 540, 1, 18, 152, 9753 }, // U+0153
    { 20, 30, 360, 2, 30, 150, 9905 }, // U+0154
    { 11, 25, 214, 2, 25, 69, 10055 }, // U+0155
    { 20, 31, 360, 2, 24, 155, 10124 }, // U+0156
    { 12, 27, 214, 1, 18, 81, 10279 }, // U+0157
    { 20, 30, 360, 2, 30, 150, 10360 }, // U+0158
    { 11, 24, 214, 2, 24, 66, 10510 }, // U+0159
    { 17, 31, 306, 1, 30, 132, 10576 }, // U+015A
    { 14, 26, 253, 1, 25, 91, 10708 }, // U+015B
    { 17, 32, 306, 1, 31, 136, 10799 }, // U+015C
    { 14, 26, 253, 1, 25, 91, 10935 }, // U+015D
    { 17, 29, 306, 1, 24, 124, 11026 }, // U+015E
    { 14, 23, 253, 1, 18, 81, 11150 }, // U+015F
    { 17, 31, 306, 1, 30, 132, 11231 }, // U+0160
    { 14, 25, 253, 1, 24, 88, 11363 }, // U+0161
    { 19, 29, 326, 1, 24, 138, 11451 }, // U+0162
    { 11, 27, 194, 0, 22, 75, 11589 }, // U+0163
    { 19, 30, 326, 1, 30, 143, 11664 }, // U+0164
    { 13, 26, 194, 0, 26, 85, 11807 }, // U+0165
    { 19, 24, 326, 1, 24, 114, 11892 }, // U+0166
    { 11, 22, 194, 0, 22, 61, 12006 }, // U+0167
    { 19, 31, 379, 2, 30, 148, 12067 }, // U+0168
    { 15, 26, 307, 2, 25, 98, 12215 }, // U+0169
    { 19, 30, 379, 2, 29, 143, 12313 }, // U+016A
    { 15, 24, 307, 2, 23, 90, 12456 }, // U+016B
    { 19, 32, 379, 2, 31, 152, 12546 }, // U+016C
    { 15, 26, 307, 2, 25, 98, 12698 }, // U+016D
    { 19, 33, 379, 2, 32, 157, 12796 }, // U+016E
    { 15, 27, 307, 2, 26, 102, 12953 }, // U+016F
    { 19, 31, 379, 2, 30, 148, 13055 }, // U+0170
    { 15, 26, 307, 2, 25, 98, 13203 }, // U+0171
    { 19, 31, 379, 2, 24, 148, 13301 }, // U+0172
    { 15, 25, 307, 2, 18, 94, 13449 }, // U+0173
    { 32, 31, 511, 0, 31, 248, 13543 }, // U+0174
    { 24, 26, 404, 1, 25, 156, 13791 }, // U+0175
    { 19, 31, 305, 0, 31, 148, 13947 }, // U+0176
    { 15, 32, 307, 2, 25, 120, 14095 }, // U+0177
    { 19, 29, 305, 0, 29, 138, 14215 }, // U+0178
    { 20, 30, 344, 1, 30, 150, 14353 }, // U+0179
    { 14, 25, 256, 1, 25, 88, 14503 }, // U+017A
    { 20, 29, 344, 1, 29, 145, 14591 }, // U+017B
    { 14, 23, 256, 1, 23, 81, 14736 }, // U+017C
    { 20, 30, 344, 1, 30, 150, 14817 }, // U+017D
    { 14, 24, 256, 1, 24, 84, 14967 }, // U+017E
    { 23, 29, 407, 1, 28, 167, 0 }, // U+01A0
    { 18, 22, 326, 1, 21, 99, 167 }, // U+01A1
    { 23, 29, 379, 2, 28, 167, 266 }, // U+01AF
    { 19, 23, 307, 2, 22, 110, 433 }, // U+01B0
    { 43, 30, 727, 2, 30, 323, 543 }, // U+01C4
    { 37, 24, 639, 2, 24, 222, 866 }, // U+01C5
    { 35, 26, 583, 1, 25, 228, 1088 }, // U+01C6
    { 32, 25, 590, 2, 24, 200, 1316 }, // U+01C7
    { 22, 31, 434, 2, 24, 171, 1516 }, // U+01C8
    { 12, 32, 267, 2, 25, 96, 1687 }, // U+01C9
    { 39, 25, 691, 2, 24, 244, 1783 }, // U+01CA
    { 29, 31, 534, 2, 24, 225, 2027 }, // U+01CB
    { 24, 30, 456, 2, 23, 180, 2252 }, // U+01CC
    { 21, 31, 343, 0, 30, 163, 2432 }, // U+01CD
    { 17, 25, 327, 1, 24, 107, 2595 }, // U+01CE
    { 10, 30, 138, -1, 30, 75, 2702 }, // U+01CF
    { 9, 24, 118, -1, 24, 54, 2777 }, // U+01D0
    { 23, 31, 407, 1, 30, 179, 2831 }, // U+01D1
    { 18, 25, 326, 1, 24, 113, 3010 }, // U+01D2
    { 19, 31, 379, 2, 30, 148, 3123 }, // U+01D3
    { 15, 25, 307, 2, 24, 94, 3271 }, // U+01D4
    { 21, 31, 371, 1, 30, 163, 3365 }, // U+01E6
    { 18, 31, 335, 1, 24, 140, 3528 }, // U+01E7
    { 23, 31, 407, 1, 24, 179, 3668 }, // U+01EA
    { 18, 25, 321, 1, 18, 113, 3847 }, // U+01EB
    { 37, 24, 638, 2, 24, 222, 3960 }, // U+01F2
    { 21, 36, 344, 0, 35, 189, 4182 }, // U+01FA
    { 17, 32, 326, 1, 31, 136, 4371 }, // U+01FB
    { 29, 31, 484, 0, 30, 225, 4507 }, // U+01FC
    { 28, 26, 486, 1, 25, 182, 4732 }, // U+01FD
    { 23, 31, 389, 1, 30, 179, 4914 }, // U+01FE
    { 18, 26, 326, 1, 25, 117, 5093 }, // U+01FF
    { 21, 31, 343, 0, 30, 163, 5210 }, // U+0200
    { 17, 27, 327, 1, 26, 115, 5373 }, // U+0201
    { 21, 31, 343, 0, 30, 163, 5488 }, // U+0202
    { 17, 26, 327, 1, 25, 111, 5651 }, // U+0203
    { 16, 30, 304, 2, 30, 120, 5762 }, // U+0204
    { 17, 27, 306, 1, 26, 115, 5882 }, // U+0205
    { 16, 30, 304, 2, 30, 120, 5997 }, // U+0206
    { 17, 26, 306, 1, 25, 111, 6117 }, // U+0207
    { 13, 30, 138, -3, 30, 98, 6228 }, // U+0208
    { 11, 26, 118, -3, 26, 72, 6326 }, // U+0209
    { 11, 30, 138, -1, 30, 83, 6398 }, // U+020A
    { 10, 25, 118, -1, 25, 63, 6481 }, // U+020B
    { 23, 31, 407, 1, 30, 179, 6544 }, // U+020C
    { 18, 27, 326, 1, 26, 122, 6723 }, // U+020D
    { 23, 31, 407, 1, 30, 179, 6845 }, // U+020E
    { 18, 26, 326, 1, 25, 117, 7024 }, // U+020F
    { 20, 30, 360, 2, 30, 150, 7141 }, // U+0210
    { 13, 26, 214, 0, 26, 85, 7291 }, // U+0211
    { 20, 30, 360, 2, 30, 150, 7376 }, // U+0212
    { 11, 25, 214, 2, 25, 69, 7526 }, // U+0213
    { 19, 31, 379, 2, 30, 148, 7595 }, // U+0214
    { 15, 27, 307, 2, 26, 102, 7743 }, // U+0215
    { 19, 31, 379, 2, 30, 148, 7845 }, // U+0216
    { 15, 26, 307, 2, 25, 98, 7993 }, // U+0217
    { 17, 31, 306, 1, 24, 132, 8091 }, // U+0218
    { 14, 27, 253, 1, 18, 95, 8223 }, // U+0219
    { 19, 31, 326, 1, 24, 148, 8318 }, // U+021A
    { 11, 31, 194, 0, 22, 86, 8466 }, // U+021B
    { 6, 6, 0, 1, 24, 9, 0 }, // U+0300
    { 6, 6, 0, 2, 25, 9, 9 }, // U+0301
    { 9, 6, 0, 1, 25, 14, 18 }, // U+0302
    { 12, 6, 0, 1, 25, 18, 32 }, // U+0303
    { 12, 3, 0, 1, 22, 9, 50 }, // U+0304
    { 11, 6, 0, 1, 24, 17, 59 }, // U+0306
    { 4, 4, 0, 1, 23, 4, 76 }, // U+0307
    { 10, 4, 0, 2, 24, 10, 80 }, // U+0308
    { 7, 8, 0, 2, 26, 14, 90 }, // U+0309
    { 8, 8, 0, 1, 26, 16, 104 }, // U+030A
    { 11, 6, 0, 1, 25, 17, 120 }, // U+030B
    { 9, 5, 0, 1, 24, 12, 137 }, // U+030C
    { 12, 6, 0, 0, 25, 18, 149 }, // U+030F
    { 11, 6, 0, 1, 25, 17, 167 }, // U+0311
    { 5, 8, 0, 5, 27, 10, 184 }, // U+0312
    { 6, 7, 0, 2, 21, 11, 194 }, // U+031B
    { 4, 4, 0, 1, -2, 4, 205 }, // U+0323
    { 10, 4, 0, 1, -1, 10, 209 }, // U+0324
    { 5, 8, 0, 1, -1, 10, 219 }, // U+0326
    { 6, 6, 0, 1, 1, 9, 229 }, // U+0327
    { 8, 9, 0, 1, 2, 18, 238 }, // U+0328
    { 9, 5, 0, 1, -2, 12, 256 }, // U+032D
    { 11, 6, 0, 1, 0, 17, 268 }, // U+032E
    { 11, 3, 0, 1, -2, 9, 285 }, // U+0331
    { 9, 3, 0, 1, 11, 7, 294 }, // U+0335
    { 21, 29, 343, 0, 24, 153, 0 }, // U+1EA0
    { 17, 24, 327, 1, 18, 102, 153 }, // U+1EA1
    { 21, 33, 343, 0, 32, 174, 255 }, // U+1EA2
    { 17, 27, 327, 1, 26, 115, 429 }, // U+1EA3
    { 21, 33, 343, 0, 32, 174, 544 }, // U+1EA4
    { 18, 29, 327, 1, 28, 131, 718 }, // U+1EA5
    { 21, 35, 343, 0, 34, 184, 849 }, // U+1EA6
    { 17, 29, 327, 1, 28, 124, 1033 }, // U+1EA7
    { 21, 35, 343, 0, 34, 184, 1157 }, // U+1EA8
    { 17, 29, 327, 1, 28, 124, 1341 }, // U+1EA9
    { 21, 35, 343, 0, 34, 184, 1465 }, // U+1EAA
    { 17, 30, 327, 1, 29, 128, 1649 }, // U+1EAB
    { 21, 36, 343, 0, 31, 189, 1777 }, // U+1EAC
    { 17, 31, 327, 1, 25, 132, 1966 }, // U+1EAD
    { 21, 37, 343, 0, 36, 195, 2098 }, // U+1EAE
    { 17, 31, 327, 1, 30, 132, 2293 }, // U+1EAF
    { 21, 37, 343, 0, 36, 195, 2425 }, // U+1EB0
    { 17, 30, 327, 1, 29, 128, 2620 }, // U+1EB1
    { 21, 40, 343, 0, 39, 210, 2748 }, // U+1EB2
    { 17, 32, 327, 1, 31, 136, 2958 }, // U+1EB3
    { 21, 38, 343, 0, 37, 200, 3094 }, // U+1EB4
    { 17, 31, 327, 1, 30, 132, 3294 }, // U+1EB5
    { 21, 36, 343, 0, 31, 189, 3426 }, // U+1EB6
    { 17, 31, 327, 1, 25, 132, 3615 }, // U+1EB7
    { 16, 29, 304, 2, 24, 116, 3747 }, // U+1EB8
    { 17, 24, 306, 1, 18, 102, 3863 }, // U+1EB9
    { 16, 32, 304, 2, 32, 128, 3965 }, // U+1EBA
    { 17, 27, 306, 1, 26, 115, 4093 }, // U+1EBB
    { 16, 30, 304, 2, 30, 120, 4208 }, // U+1EBC
    { 17, 26, 306, 1, 25, 111, 4328 }, // U+1EBD
    { 19, 32, 304, 2, 32, 152, 4439 }, // U+1EBE
    { 17, 29, 306, 1, 28, 124, 4591 }, // U+1EBF
    { 16, 34, 304, 2, 34, 136, 4715 }, // U+1EC0
    { 17, 29, 306, 1, 28, 124, 4851 }, // U+1EC1
    { 16, 39, 304, 2, 39, 156, 4975 }, // U+1EC2
    { 17, 29, 306, 1, 28, 124, 5131 }, // U+1EC3
    { 16, 35, 304, 2, 35, 140, 5255 }, // U+1EC4
    { 17, 30, 306, 1, 29, 128, 5395 }, // U+1EC5
    { 16, 36, 304, 2, 31, 144, 5523 }, // U+1EC6
    { 17, 31, 306, 1, 25, 132, 5667 }, // U+1EC7
    { 7, 32, 138, 1, 32, 56, 5799 }, // U+1EC8
    { 7, 26, 118, 0, 26, 46, 5855 }, // U+1EC9
    { 4, 29, 138, 2, 24, 29, 5901 }, // U+1ECA
    { 4, 29, 118, 2, 23, 29, 5930 }, // U+1ECB
    { 23, 29, 407, 1, 24, 167, 5959 }, // U+1ECC
    { 18, 24, 326, 1, 18, 108, 6126 }, // U+1ECD
    { 23, 33, 407, 1, 32, 190, 6234 }, // U+1ECE
    { 18, 27, 326, 1, 26, 122, 6424 }, // U+1ECF
    { 23, 33, 407, 1, 32, 190, 6546 }, // U+1ED0
    { 18, 29, 326, 1, 28, 131, 6736 }, // U+1ED1
    { 23, 35, 407, 1, 34, 202, 6867 }, // U+1ED2
    { 18, 30, 326, 1, 29, 135, 7069 }, // U+1ED3
    { 23, 36, 407, 1, 35, 207, 7204 }, // U+1ED4
    { 18, 30, 326, 1, 29, 135, 7411 }, // U+1ED5
    { 23, 36, 407, 1, 35, 207, 7546 }, // U+1ED6
    { 18, 30, 326, 1, 29, 135, 7753 }, // U+1ED7
    { 23, 36, 407, 1, 31, 207, 7888 }, // U+1ED8
    { 18, 31, 326, 1, 25, 140, 8095 }, // U+1ED9
    { 23, 31, 407, 1, 30, 179, 8235 }, // U+1EDA
    { 18, 26, 326, 1, 25, 117, 8414 }, // U+1EDB
    { 23, 31, 407, 1, 30, 179, 8531 }, // U+1EDC
    { 18, 25, 326, 1, 24, 113, 8710 }, // U+1EDD
    { 23, 33, 407, 1, 32, 190, 8823 }, // U+1EDE
    { 18, 27, 326, 1, 26, 122, 9013 }, // U+1EDF
    { 23, 31, 407, 1, 30, 179, 9135 }, // U+1EE0
    { 18, 26, 326, 1, 25, 117, 9314 }, // U+1EE1
    { 23, 33, 407, 1, 28, 190, 9431 }, // U+1EE2
    { 18, 27, 326, 1, 21, 122, 9621 }, // U+1EE3
    { 19, 29, 379, 2, 24, 138, 9743 }, // U+1EE4
    { 15, 24, 307, 2, 18, 90, 9881 }, // U+1EE5
    { 19, 33, 379, 2, 32, 157, 9971 }, // U+1EE6
    { 15, 27, 307, 2, 26, 102, 10128 }, // U+1EE7
    { 23, 31, 379, 2, 30, 179, 10230 }, // U+1EE8
    { 19, 26, 307, 2, 25, 124, 10409 }, // U+1EE9
    { 23, 31, 379, 2, 30, 179, 10533 }, // U+1EEA
    { 19, 25, 307, 2, 24, 119, 10712 }, // U+1EEB
    { 23, 33, 379, 2, 32, 190, 10831 }, // U+1EEC
    { 19, 27, 307, 2, 26, 129, 11021 }, // U+1EED
    { 23, 31, 379, 2, 30, 179, 11150 }, // U+1EEE
    { 19, 26, 307, 2, 25, 124, 11329 }, // U+1EEF
    { 23, 33, 379, 2, 28, 190, 11453 }, // U+1EF0
    { 19, 28, 307, 2, 22, 133, 11643 }, // U+1EF1
    { 19, 30, 305, 0, 30, 143, 11776 }, // U+1EF2
    { 15, 31, 307, 2, 24, 117, 11919 }, // U+1EF3
    { 19, 29, 305, 0, 24, 138, 12036 }, // U+1EF4
    { 18, 25, 307, 2, 18, 113, 12174 }, // U+1EF5
    { 19, 32, 305, 0, 32, 152, 12287 }, // U+1EF6
    { 15, 33, 307, 2, 26, 124, 12439 }, // U+1EF7
    { 19, 30, 305, 0, 30, 143, 12563 }, // U+1EF8
    { 15, 32, 307, 2, 25, 120, 12706 }, // U+1EF9
    { 0, 0, 293, 0, 0, 0, 0 }, // U+2007
    { 0, 0, 139, 0, 0, 0, 0 }, // U+2008
    { 0, 0, 109, 0, 0, 0, 0 }, // U+2009
    { 0, 0, 54, 0, 0, 0, 0 }, // U+200A
    { 0, 0, 0, 0, 0, 0, 0 }, // U+200B
    { 11, 3, 209, 1, 12, 9, 0 }, // U+2010
    { 15, 4, 273, 1, 11, 15, 9 }, // U+2012
    { 15, 4, 273, 1, 11, 15, 24 }, // U+2013
    { 26, 4, 455, 1, 11, 26, 39 }, // U+2014
    { 26, 4, 455, 1, 11, 26, 65 }, // U+2015
    { 5, 8, 125, 1, 24, 10, 91 }, // U+2018
    { 6, 8, 118, 0, 24, 12, 101 }, // U+2019
    { 5, 8, 120, 1, 3, 10, 113 }, // U+201A
    { 12, 8, 205, 0, 24, 24, 123 }, // U+201C
    { 12, 8, 205, 0, 24, 24, 147 }, // U+201D
    { 11, 8, 189, 1, 3, 22, 171 }, // U+201E
    { 12, 18, 226, 1, 24, 54, 193 }, // U+2020
    { 11, 18, 212, 1, 24, 50, 247 }, // U+2021
    { 10, 10, 184, 1, 17, 25, 297 }, // U+2022
    { 17, 4, 310, 1, 4, 17, 322 }, // U+2026
    { 36, 25, 603, 1, 24, 225, 339 }, // U+2030
    { 12, 10, 213, 1, 24, 30, 564 }, // U+2033
    { 7, 15, 147, 1, 16, 27, 594 }, // U+2039
    { 7, 15, 147, 1, 16, 27, 621 }, // U+203A
    { 18, 25, 285, 0, 24, 113, 648 }, // U+2044
    { 10, 13, 186, 1, 27, 33, 0 }, // U+2070
    { 10, 13, 189, 1, 27, 33, 33 }, // U+2074
    { 9, 12, 182, 1, 26, 27, 66 }, // U+2075
    { 9, 13, 161, 1, 27, 30, 93 }, // U+2076
    { 9, 12, 166, 1, 26, 27, 123 }, // U+2077
    { 9, 13, 177, 1, 27, 30, 150 }, // U+2078
    { 9, 13, 169, 1, 27, 30, 180 }, // U+2079
    { 10, 13, 186, 1, 6, 33, 210 }, // U+2080
    { 6, 13, 136, 1, 5, 20, 243 }, // U+2081
    { 9, 12, 178, 1, 5, 27, 263 }, // U+2082
    { 9, 13, 174, 1, 6, 30, 290 }, // U+2083
    { 10, 13, 189, 1, 5, 33, 320 }, // U+2084
    { 9, 12, 182, 1, 4, 27, 353 }, // U+2085
    { 9, 13, 161, 1, 5, 30, 380 }, // U+2086
    { 9, 12, 166, 1, 4, 27, 410 }, // U+2087
    { 9, 13, 177, 1, 5, 30, 437 }, // U+2088
    { 9, 13, 169, 1, 5, 30, 467 }, // U+2089
    { 22, 32, 344, 1, 27, 176, 0 }, // U+20A1
    { 18, 24, 301, 0, 24, 108, 176 }, // U+20A3
    { 20, 25, 330, 1, 24, 125, 284 }, // U+20A4
    { 25, 24, 389, 0, 24, 150, 409 }, // U+20A6
    { 22, 24, 319, -1, 24, 132, 559 }, // U+20A7
    { 32, 24, 511, 0, 24, 192, 691 }, // U+20A9
    { 15, 24, 253, 1, 24, 90, 883 }, // U+20AB
    { 21, 25, 350, 0, 24, 132, 973 }, // U+20AC
    { 21, 25, 357, 0, 24, 132, 1105 }, // U+20AD
    { 22, 24, 319, -1, 24, 132, 1237 }, // U+20B1
    { 21, 33, 371, 1, 28, 174, 1369 }, // U+20B2
    { 20, 33, 344, 1, 28, 165, 1543 }, // U+20B5
    { 17, 24, 301, 1, 24, 102, 1708 }, // U+20B9
    { 18, 25, 316, 1, 24, 113, 1810 }, // U+20BA
    { 19, 28, 379, 2, 27, 133, 1923 }, // U+20BC
    { 19, 24, 319, 0, 24, 114, 2056 }, // U+20BD
    { 18, 26, 314, 1, 25, 117, 0 }, // U+2202
    { 19, 19, 326, 1, 18, 91, 117 }, // U+2205
    { 23, 24, 374, 0, 24, 138, 208 }, // U+2206
    { 21, 31, 366, 1, 24, 163, 346 }, // U+220F
    { 15, 23, 278, 1, 23, 87, 509 }, // U+2211
    { 16, 4, 294, 1, 13, 16, 596 }, // U+2212
    { 18, 32, 288, 0, 27, 144, 612 }, // U+2215
    { 5, 5, 121, 1, 13, 7, 756 }, // U+2219
    { 20, 23, 348, 1, 23, 115, 763 }, // U+221A
    { 27, 14, 464, 1, 15, 95, 878 }, // U+221E
    { 18, 29, 284, 0, 25, 131, 973 }, // U+222B
    { 16, 12, 290, 1, 17, 48, 1104 }, // U+2248
    { 16, 18, 295, 1, 20, 72, 1152 }, // U+2260
    { 17, 18, 326, 2, 20, 77, 1224 }, // U+2264
    { 18, 18, 326, 1, 20, 81, 1301 }, // U+2265
    { 19, 25, 324, 0, 25, 119, 0 }, // U+FB01
    { 19, 25, 335, 0, 25, 119, 119 }, // U+FB02
};

static const EpdUnicodeInterval quicksand_16_italicIntervals[] = {
    { 0xD, 0xD, 0x0 },
    { 0x20, 0x7E, 0x1 },
    { 0xA0, 0xFF, 0x60 },
    { 0x100, 0x17E, 0xC0 },
    { 0x1A0, 0x1A1, 0x13F },
    { 0x1AF, 0x1B0, 0x141 },
    { 0x1C4, 0x1D4, 0x143 },
    { 0x1E6, 0x1E7, 0x154 },
    { 0x1EA, 0x1EB, 0x156 },
    { 0x1F2, 0x1F2, 0x158 },
    { 0x1FA, 0x21B, 0x159 },
    { 0x300, 0x304, 0x17B },
    { 0x306, 0x30C, 0x180 },
    { 0x30F, 0x30F, 0x187 },
    { 0x311, 0x312, 0x188 },
    { 0x31B, 0x31B, 0x18A },
    { 0x323, 0x324, 0x18B },
    { 0x326, 0x328, 0x18D },
    { 0x32D, 0x32E, 0x190 },
    { 0x331, 0x331, 0x192 },
    { 0x335, 0x335, 0x193 },
    { 0x1EA0, 0x1EF9, 0x194 },
    { 0x2007, 0x200B, 0x1EE },
    { 0x2010, 0x2010, 0x1F3 },
    { 0x2012, 0x2015, 0x1F4 },
    { 0x2018, 0x201A, 0x1F8 },
    { 0x201C, 0x201E, 0x1FB },
    { 0x2020, 0x2022, 0x1FE },
    { 0x2026, 0x2026, 0x201 },
    { 0x2030, 0x2030, 0x202 },
    { 0x2033, 0x2033, 0x203 },
    { 0x2039, 0x203A, 0x204 },
    { 0x2044, 0x2044, 0x206 },
    { 0x2070, 0x2070, 0x207 },
    { 0x2074, 0x2079, 0x208 },
    { 0x2080, 0x2089, 0x20E },
    { 0x20A1, 0x20A1, 0x218 },
    { 0x20A3, 0x20A4, 0x219 },
    { 0x20A6, 0x20A7, 0x21B },
    { 0x20A9, 0x20A9, 0x21D },
    { 0x20AB, 0x20AD, 0x21E },
    { 0x20B1, 0x20B2, 0x221 },
    { 0x20B5, 0x20B5, 0x223 },
    { 0x20B9, 0x20BA, 0x224 },
    { 0x20BC, 0x20BD, 0x226 },
    { 0x2202, 0x2202, 0x228 },
    { 0x2205, 0x2206, 0x229 },
    { 0x220F, 0x220F, 0x22B },
    { 0x2211, 0x2212, 0x22C },
    { 0x2215, 0x2215, 0x22E },
    { 0x2219, 0x221A, 0x22F },
    { 0x221E, 0x221E, 0x231 },
    { 0x222B, 0x222B, 0x232 },
    { 0x2248, 0x2248, 0x233 },
    { 0x2260, 0x2260, 0x234 },
    { 0x2264, 0x2265, 0x235 },
    { 0xFB01, 0xFB02, 0x237 },
};

static const EpdFontGroup quicksand_16_italicGroups[] = {
    { 0, 3801, 9182, 96, 0 },
    { 3801, 3269, 10423, 96, 96 },
    { 7070, 3999, 16070, 127, 192 },
    { 11069, 2823, 9244, 60, 319 },
    { 13892, 291, 347, 25, 379 },
    { 14183, 2170, 13997, 90, 404 },
    { 16353, 462, 815, 25, 494 },
    { 16815, 263, 635, 17, 519 },
    { 17078, 1108, 2349, 16, 536 },
    { 18186, 692, 1491, 15, 552 },
    { 18878, 91, 250, 2, 567 },
};

static const EpdKernClassEntry quicksand_16_italicKernLeftClasses[] = {
    { 0x0026, 1 }, // &
    { 0x0028, 2 }, // (
    { 0x002A, 3 }, // *
    { 0x002B, 4 }, // +
    { 0x002C, 5 }, // ,
    { 0x002D, 4 }, // -
    { 0x002E, 6 }, // .
    { 0x002F, 7 }, // /
    { 0x0030, 8 }, // 0
    { 0x0031, 9 }, // 1
    { 0x0032, 10 }, // 2
    { 0x0034, 11 }, // 4
    { 0x0035, 12 }, // 5
    { 0x0036, 13 }, // 6
    { 0x0037, 14 }, // 7
    { 0x0038, 15 }, // 8
    { 0x0039, 16 }, // 9
    { 0x003E, 17 }, // >
    { 0x003F, 18 }, // ?
    { 0x0040, 19 }, // @
    { 0x0041, 20 }, // A
    { 0x0042, 21 }, // B
    { 0x0044, 8 }, // D
    { 0x0045, 22 }, // E
    { 0x0046, 23 }, // F
    { 0x0047, 24 }, // G
    { 0x004A, 25 }, // J
    { 0x004B, 26 }, // K
    { 0x004C, 27 }, // L
    { 0x004F, 8 }, // O
    { 0x0050, 28 }, // P
    { 0x0051, 29 }, // Q
    { 0x0052, 30 }, // R
    { 0x0053, 31 }, // S
    { 0x0054, 32 }, // T
    { 0x0055, 33 }, // U
    { 0x0056, 34 }, // V
    { 0x0057, 35 }, // W
    { 0x0058, 36 }, // X
    { 0x0059, 37 }, // Y
    { 0x005A, 38 }, // Z
    { 0x005C, 39 }, // <backslash>
    { 0x005F, 40 }, // _
    { 0x0061, 41 }, // a
    { 0x0062, 42 }, // b
    { 0x0063, 43 }, // c
    { 0x0064, 44 }, // d
    { 0x0065, 45 }, // e
    { 0x0066, 46 }, // f
    { 0x0067, 47 }, // g
    { 0x0068, 48 }, // h
    { 0x0069, 49 }, // i
    { 0x006A, 50 }, // j
    { 0x006B, 51 }, // k
    { 0x006C, 52 }, // l
    { 0x006D, 48 }, // m
    { 0x006E, 48 }, // n
    { 0x006F, 42 }, // o
    { 0x0070, 42 }, // p
    { 0x0071, 53 }, // q
    { 0x0072, 54 }, // r
    { 0x0073, 55 }, // s
    { 0x0074, 56 }, // t
    { 0x0075, 57 }, // u
    { 0x0076, 58 }, // v
    { 0x0077, 59 }, // w
    { 0x0078, 60 }, // x
    { 0x0079, 61 }, // y
    { 0x007A, 62 }, // z
    { 0x007E, 4 }, // ~
    { 0x00A1, 63 }, // U+00A1
    { 0x00B7, 64 }, // U+00B7
    { 0x00BF, 65 }, // U+00BF
    { 0x00D9, 33 }, // U+00D9
    { 0x00DA, 33 }, // U+00DA
    { 0x00DB, 33 }, // U+00DB
    { 0x00DC, 33 }, // U+00DC
    { 0x00DD, 37 }, // U+00DD
    { 0x00DE, 66 }, // U+00DE
    { 0x00DF, 67 }, // U+00DF
    { 0x00E0, 41 }, // U+00E0
    { 0x00E1, 41 }, // U+00E1
    { 0x00E2, 41 }, // U+00E2
    { 0x00E3, 41 }, // U+00E3
    { 0x00E4, 41 }, // U+00E4
    { 0x00E5, 41 }, // U+00E5
    { 0x00E8, 45 }, // U+00E8
    { 0x00E9, 45 }, // U+00E9
    { 0x00EA, 45 }, // U+00EA
    { 0x00EB, 45 }, // U+00EB
    { 0x00F0, 68 }, // U+00F0
    { 0x00F2, 42 }, // U+00F2
    { 0x00F3, 42 }, // U+00F3
    { 0x00F4, 42 }, // U+00F4
    { 0x00F5, 42 }, // U+00F5
    { 0x00F6, 42 }, // U+00F6
    { 0x00F7, 69 }, // U+00F7
    { 0x00F8, 42 }, // U+00F8
    { 0x00F9, 57 }, // U+00F9
    { 0x00FA, 57 }, // U+00FA
    { 0x00FB, 57 }, // U+00FB
    { 0x00FC, 57 }, // U+00FC
    { 0x00FD, 61 }, // U+00FD
    { 0x00FF, 61 }, // U+00FF
    { 0x0101, 41 }, // U+0101
    { 0x0103, 41 }, // U+0103
    { 0x0105, 41 }, // U+0105
    { 0x010F, 70 }, // U+010F
    { 0x0113, 45 }, // U+0113
    { 0x0114, 22 }, // U+0114
    { 0x0115, 45 }, // U+0115
    { 0x0117, 45 }, // U+0117
    { 0x0119, 45 }, // U+0119
    { 0x011B, 45 }, // U+011B
    { 0x013E, 71 }, // U+013E
    { 0x014D, 42 }, // U+014D
    { 0x014F, 42 }, // U+014F
    { 0x0151, 42 }, // U+0151
    { 0x0153, 42 }, // U+0153
    { 0x0165, 72 }, // U+0165
    { 0x0169, 57 }, // U+0169
    { 0x016A, 33 }, // U+016A
    { 0x016B, 57 }, // U+016B
    { 0x016D, 57 }, // U+016D
    { 0x016E, 33 }, // U+016E
    { 0x016F, 57 }, // U+016F
    { 0x0170, 33 }, // U+0170
    { 0x0171, 57 }, // U+0171
    { 0x0172, 33 }, // U+0172
    { 0x0173, 57 }, // U+0173
    { 0x0176, 37 }, // U+0176
    { 0x0177, 61 }, // U+0177
    { 0x0178, 37 }, // U+0178
    { 0x01A1, 42 }, // U+01A1
    { 0x01B0, 57 }, // U+01B0
    { 0x01CD, 20 }, // U+01CD
    { 0x01CE, 41 }, // U+01CE
    { 0x01D2, 42 }, // U+01D2
    { 0x01D4, 57 }, // U+01D4
    { 0x01EB, 42 }, // U+01EB
    { 0x01FB, 41 }, // U+01FB
    { 0x01FF, 42 }, // U+01FF
    { 0x0200, 20 }, // U+0200
    { 0x0201, 41 }, // U+0201
    { 0x0202, 20 }, // U+0202
    { 0x0203, 41 }, // U+0203
    { 0x0204, 22 }, // U+0204
    { 0x0205, 45 }, // U+0205
    { 0x0206, 22 }, // U+0206
    { 0x0207, 45 }, // U+0207
    { 0x020D, 42 }, // U+020D
    { 0x020F, 42 }, // U+020F
    { 0x0215, 57 }, // U+0215
    { 0x0217, 57 }, // U+0217
    { 0x1EA0, 20 }, // U+1EA0
    { 0x1EA1, 41 }, // U+1EA1
    { 0x1EA2, 20 }, // U+1EA2
    { 0x1EA3, 41 }, // U+1EA3
    { 0x1EA4, 20 }, // U+1EA4
    { 0x1EA5, 41 }, // U+1EA5
    { 0x1EA6, 20 }, // U+1EA6
    { 0x1EA7, 41 }, // U+1EA7
    { 0x1EA8, 20 }, // U+1EA8
    { 0x1EA9, 41 }, // U+1EA9
    { 0x1EAA, 20 }, // U+1EAA
    { 0x1EAB, 41 }, // U+1EAB
    { 0x1EAC, 20 }, // U+1EAC
    { 0x1EAD, 41 }, // U+1EAD
    { 0x1EAE, 20 }, // U+1EAE
    { 0x1EAF, 41 }, // U+1EAF
    { 0x1EB0, 20 }, // U+1EB0
    { 0x1EB1, 41 }, // U+1EB1
    { 0x1EB2, 20 }, // U+1EB2
    { 0x1EB3, 41 }, // U+1EB3
    { 0x1EB4, 20 }, // U+1EB4
    { 0x1EB5, 41 }, // U+1EB5
    { 0x1EB6, 20 }, // U+1EB6
    { 0x1EB7, 41 }, // U+1EB7
    { 0x1EB8, 22 }, // U+1EB8
    { 0x1EB9, 45 }, // U+1EB9
    { 0x1EBA, 22 }, // U+1EBA
    { 0x1EBB, 45 }, // U+1EBB
    { 0x1EBC, 22 }, // U+1EBC
    { 0x1EBD, 45 }, // U+1EBD
    { 0x1EBE, 22 }, // U+1EBE
    { 0x1EBF, 45 }, // U+1EBF
    { 0x1EC0, 22 }, // U+1EC0
    { 0x1EC1, 45 }, // U+1EC1
    { 0x1EC2, 22 }, // U+1EC2
    { 0x1EC3, 45 }, // U+1EC3
    { 0x1EC4, 22 }, // U+1EC4
    { 0x1EC5, 45 }, // U+1EC5
    { 0x1EC6, 22 }, // U+1EC6
    { 0x1EC7, 45 }, // U+1EC7
    { 0x1ECD, 42 }, // U+1ECD
    { 0x1ECF, 42 }, // U+1ECF
    { 0x1ED1, 42 }, // U+1ED1
    { 0x1ED3, 42 }, // U+1ED3
    { 0x1ED5, 42 }, // U+1ED5
    { 0x1ED7, 42 }, // U+1ED7
    { 0x1ED9, 42 }, // U+1ED9
    { 0x1EDB, 42 }, // U+1EDB
    { 0x1EDD, 42 }, // U+1EDD
    { 0x1EDF, 42 }, // U+1EDF
    { 0x1EE1, 42 }, // U+1EE1
    { 0x1EE3, 42 }, // U+1EE3
    { 0x1EE5, 57 }, // U+1EE5
    { 0x1EE7, 57 }, // U+1EE7
    { 0x1EE9, 57 }, // U+1EE9
    { 0x1EEB, 57 }, // U+1EEB
    { 0x1EED, 57 }, // U+1EED
    { 0x1EEF, 57 }, // U+1EEF
    { 0x1EF1, 57 }, // U+1EF1
    { 0x1EF2, 37 }, // U+1EF2
    { 0x1EF3, 61 }, // U+1EF3
    { 0x1EF5, 61 }, // U+1EF5
    { 0x2013, 73 }, // U+2013
    { 0x2014, 4 }, // U+2014
    { 0x2018, 74 }, // U+2018
    { 0x2019, 75 }, // U+2019
    { 0x201A, 76 }, // U+201A
    { 0x201C, 74 }, // U+201C
    { 0x201D, 75 }, // U+201D
    { 0x201E, 76 }, // U+201E
    { 0x2022, 77 }, // U+2022
    { 0x2212, 4 }, // U+2212
    { 0x2248, 4 }, // U+2248
    { 0x2260, 4 }, // U+2260
};

static const EpdKernClassEntry quicksand_16_italicKernRightClasses[] = {
    { 0x0021, 1 }, // !
    { 0x0022, 2 }, // "
    { 0x0026, 3 }, // &
    { 0x0029, 4 }, // )
    { 0x002A, 5 }, // *
    { 0x002C, 6 }, // ,
    { 0x002E, 7 }, // .
    { 0x002F, 8 }, // /
    { 0x0031, 9 }, // 1
    { 0x0034, 10 }, // 4
    { 0x0035, 11 }, // 5
    { 0x0036, 12 }, // 6
    { 0x0037, 13 }, // 7
    { 0x0039, 14 }, // 9
    { 0x003F, 15 }, // ?
    { 0x0040, 16 }, // @
    { 0x0041, 17 }, // A
    { 0x0043, 18 }, // C
    { 0x0047, 18 }, // G
    { 0x004A, 19 }, // J
    { 0x004F, 18 }, // O
    { 0x0051, 18 }, // Q
    { 0x0053, 20 }, // S
    { 0x0054, 21 }, // T
    { 0x0055, 22 }, // U
    { 0x0056, 23 }, // V
    { 0x0057, 24 }, // W
    { 0x0058, 25 }, // X
    { 0x0059, 26 }, // Y
    { 0x005A, 27 }, // Z
    { 0x005C, 28 }, // <backslash>
    { 0x005D, 29 }, // ]
    { 0x005F, 30 }, // _
    { 0x0061, 31 }, // a
    { 0x0062, 32 }, // b
    { 0x0063, 33 }, // c
    { 0x0064, 33 }, // d
    { 0x0065, 33 }, // e
    { 0x0066, 34 }, // f
    { 0x0067, 35 }, // g
    { 0x0068, 32 }, // h
    { 0x006A, 36 }, // j
    { 0x006B, 32 }, // k
    { 0x006C, 32 }, // l
    { 0x006D, 37 }, // m
    { 0x006E, 37 }, // n
    { 0x006F, 33 }, // o
    { 0x0070, 38 }, // p
    { 0x0071, 33 }, // q
    { 0x0072, 37 }, // r
    { 0x0073, 39 }, // s
    { 0x0074, 40 }, // t
    { 0x0075, 41 }, // u
    { 0x0076, 42 }, // v
    { 0x0077, 43 }, // w
    { 0x0078, 44 }, // x
    { 0x0079, 45 }, // y
    { 0x007A, 46 }, // z
    { 0x00A1, 47 }, // U+00A1
    { 0x00B7, 48 }, // U+00B7
    { 0x00BF, 49 }, // U+00BF
    { 0x00D0, 50 }, // U+00D0
    { 0x00D9, 22 }, // U+00D9
    { 0x00DA, 22 }, // U+00DA
    { 0x00DB, 22 }, // U+00DB
    { 0x00DC, 22 }, // U+00DC
    { 0x00DD, 26 }, // U+00DD
    { 0x00DF, 51 }, // U+00DF
    { 0x00E0, 31 }, // U+00E0
    { 0x00E1, 31 }, // U+00E1
    { 0x00E2, 31 }, // U+00E2
    { 0x00E3, 31 }, // U+00E3
    { 0x00E4, 31 }, // U+00E4
    { 0x00E5, 31 }, // U+00E5
    { 0x00E8, 33 }, // U+00E8
    { 0x00E9, 33 }, // U+00E9
    { 0x00EA, 33 }, // U+00EA
    { 0x00EB, 33 }, // U+00EB
    { 0x00F0, 52 }, // U+00F0
    { 0x00F9, 41 }, // U+00F9
    { 0x00FA, 41 }, // U+00FA
    { 0x00FB, 41 }, // U+00FB
    { 0x00FC, 41 }, // U+00FC
    { 0x00FD, 45 }, // U+00FD
    { 0x00FE, 53 }, // U+00FE
    { 0x00FF, 45 }, // U+00FF
    { 0x0101, 31 }, // U+0101
    { 0x0103, 31 }, // U+0103
    { 0x0105, 31 }, // U+0105
    { 0x0113, 33 }, // U+0113
    { 0x0115, 33 }, // U+0115
    { 0x0117, 33 }, // U+0117
    { 0x0119, 33 }, // U+0119
    { 0x011B, 33 }, // U+011B
    { 0x0127, 54 }, // U+0127
    { 0x013E, 32 }, // U+013E
    { 0x0169, 41 }, // U+0169
    { 0x016A, 22 }, // U+016A
    { 0x016B, 41 }, // U+016B
    { 0x016D, 41 }, // U+016D
    { 0x016E, 22 }, // U+016E
    { 0x016F, 41 }, // U+016F
    { 0x0170, 22 }, // U+0170
    { 0x0171, 41 }, // U+0171
    { 0x0172, 22 }, // U+0172
    { 0x0173, 41 }, // U+0173
    { 0x0176, 26 }, // U+0176
    { 0x0177, 45 }, // U+0177
    { 0x0178, 26 }, // U+0178
    { 0x01B0, 41 }, // U+01B0
    { 0x01CD, 17 }, // U+01CD
    { 0x01CE, 31 }, // U+01CE
    { 0x01D4, 41 }, // U+01D4
    { 0x01FB, 31 }, // U+01FB
    { 0x0200, 17 }, // U+0200
    { 0x0201, 31 }, // U+0201
    { 0x0202, 17 }, // U+0202
    { 0x0203, 31 }, // U+0203
    { 0x0205, 33 }, // U+0205
    { 0x0207, 33 }, // U+0207
    { 0x0215, 41 }, // U+0215
    { 0x0217, 41 }, // U+0217
    { 0x1EA0, 17 }, // U+1EA0
    { 0x1EA1, 31 }, // U+1EA1
    { 0x1EA2, 17 }, // U+1EA2
    { 0x1EA3, 31 }, // U+1EA3
    { 0x1EA4, 17 }, // U+1EA4
    { 0x1EA5, 31 }, // U+1EA5
    { 0x1EA6, 17 }, // U+1EA6
    { 0x1EA7, 31 }, // U+1EA7
    { 0x1EA8, 17 }, // U+1EA8
    { 0x1EA9, 31 }, // U+1EA9
    { 0x1EAA, 17 }, // U+1EAA
    { 0x1EAB, 31 }, // U+1EAB
    { 0x1EAC, 17 }, // U+1EAC
    { 0x1EAD, 31 }, // U+1EAD
    { 0x1EAE, 17 }, // U+1EAE
    { 0x1EAF, 31 }, // U+1EAF
    { 0x1EB0, 17 }, // U+1EB0
    { 0x1EB1, 31 }, // U+1EB1
    { 0x1EB2, 17 }, // U+1EB2
    { 0x1EB3, 31 }, // U+1EB3
    { 0x1EB4, 17 }, // U+1EB4
    { 0x1EB5, 31 }, // U+1EB5
    { 0x1EB6, 17 }, // U+1EB6
    { 0x1EB7, 31 }, // U+1EB7
    { 0x1EB9, 33 }, // U+1EB9
    { 0x1EBB, 33 }, // U+1EBB
    { 0x1EBD, 33 }, // U+1EBD
    { 0x1EBF, 33 }, // U+1EBF
    { 0x1EC1, 33 }, // U+1EC1
    { 0x1EC3, 33 }, // U+1EC3
    { 0x1EC5, 33 }, // U+1EC5
    { 0x1EC7, 33 }, // U+1EC7
    { 0x1EE5, 41 }, // U+1EE5
    { 0x1EE7, 41 }, // U+1EE7
    { 0x1EE9, 41 }, // U+1EE9
    { 0x1EEB, 41 }, // U+1EEB
    { 0x1EED, 41 }, // U+1EED
    { 0x1EEF, 41 }, // U+1EEF
    { 0x1EF1, 41 }, // U+1EF1
    { 0x1EF2, 26 }, // U+1EF2
    { 0x1EF3, 45 }, // U+1EF3
    { 0x1EF5, 45 }, // U+1EF5
    { 0x201C, 55 }, // U+201C
    { 0x201D, 56 }, // U+201D
    { 0x2022, 57 }, // U+2022
};

static const int8_t quicksand_16_italicKernMatrix[] = {
       0,    0,    0,   -8,    0,    0,    0,    0,    0,    0,    0,    0,    0,    0,    0,    0,    0,    0,    0,    0,    0,    0,  -13,    0,    0,    0,    0,    0,    0,    0,    0,    0,    0,    0,    0,    0,    0,    0,    0,    0,    0,   -9,    0,    0,    0,    0,    0,    0,    0,    0,    0,   -5,    0,    0,    0,    0,    0,
       0,    0,    0,    0,    0,    0,    0,    0,    0,    0,    0,    0,    0,    0,    0,    0,    0,    0,    0,    0,    0,    0,    0,    0,    0,    0,    0,    0,    0,    0,    0,    0,    0,    0,    0,    0,    0,    0,    0,    0,    0,    0,    0,    0,    0,    0,    0,    0,    0,    0,    0,    0,    8,    0,    0,    0,    0,
       0,    0,    0,    0,    0,    0,    0,    0,    0,    0,    0,    0,    0,    0,    0,    0,    0,    0,    0,    0,    0,    0,    0,    0,    0,    0,    0,    0,    0,    0,    0,    0,    0,    0,    0,    0,    0,    0,    0,    0,    0,    5,    0,    0,    0,    0,    0,    0,    0,    0,    0,  -13,    0,    0,    0,    0,    0,
       0,    0,    0,    0,    0,    0,    0,    0,  -24,    0,    0,    0,    0,    0,    0,    0,    0,    0,    0,    0,    0,    0,    0,    0,    0,    0,    0,    0,    0,    0,    0,    0,    0,    0,    0,    0,    0,    0,    0,    0,    0,    0,    0,    0,    0,    0,    0,    0,    0,    0,    0,    0,    0,    0,    0,    0,    0,
       0,    0,    0,    0,    0,    0,    0,    0,  -29,    0,    0,    0,    0,    0,    0,    0,    0,    0,    0,    0,    0,    0,    0,    0,    0,    0,    0,    0,    0,    0,    0,    0,    0,    0,    0,    6,    0,    0,    0,    0,    0,    0,    0,    0,    0,    0,    0,    0,    0,    0,    0,    0,    0,    0,    0,    0,    0,
       0,    0,    0,    0,    0,    0,    0,    0,  -24,  -16,    0,    0,    0,    0,    0,    0,    0,    0,    0,    0,    0,    0,    0,    0,    0,    0,    0,    0,    0,    0,    0,    0,    0,    0,    0,    0,    0,    0,    0,    0,    0,    0,    0,    0,    0,    0,    0,    0,    0,    0,    0,    0,    0,    0,    0,    0,    0,
       0,    0,    0,    0,    0,    0,    0,  -49,    0,    0,    0,    0,    0,    0,    0,    0,    0,    0,    0,    0,    0,    0,    0,    0,    0,    0,    0,    0,    0,    0,    0,    0,    0,    0,    0,    0,    0,    0,    0,    0,    0,   -1,    0,   -5,    0,    0,    0,    0,    0,    0,   -6,  -17,    0,    0,    0,    0,    0,
       0,    0,    0,    0,    0,    0,    0,    0,    0,    0,    0,    0,  -27,    0,    0,    0,   -3,    0,   -8,    0,  -11,    0,   -6,   -3,  -17,  -14,   -8,    0,    0,    0,    0,    0,    4,    0,    0,    0,    0,    0,    0,    0,    0,    0,    0,   -5,    0,   -1,    0,    0,    0,    0,    0,    0,    0,    0,    0,    0,    0,
       0,    0,    0,    0,    0,    0,    0,    0,    0,   -5,    0,    0,    0,    0,    0,    0,    0,    0,    0,    0,    0,    0,    0,    0,    0,    0,    0,    0,    0,    0,    0,    0,    0,    0,    0,    0,    0,    0,    0,    0,    0,    0,    0,    0,    0,    0,    0,    0,    0,    0,    0,    0,    0,    0,    0,    0,    0,
       0,    0,    0,    0,    0,    0,    0,    0,    0,   -5,    0,    0,   -6,    0,    0,    0,    0,    0,    0,    0,    0,    0,    0,    0,    0,    0,    0,    0,    0,    0,    0,    0,    0,    0,    0,    0,    0,    0,    0,    0,    0,    0,    0,    0,    0,    0,    0,    0,    0,    0,    0,    0,    0,    0,    0,    0,    0,
       0,    0,    0,    0,    0,    0,    0,    0,   -8,    0,    3,    0,  -16,  -11,    0,    0,    0,    0,    0,    0,    0,    0,    0,    0,    0,    0,    0,    0,    0,    0,    0,    0,    0,    0,    0,    0,    0,    0,    0,    0,    0,    0,    0,    0,    0,    0,    0,    0,    0,    0,    0,    0,    0,    0,    0,    0,    0,
       0,    0,    0,    0,    0,    0,  -16,    0,    0,    0,    0,    0,    0,    0,    0,    0,    0,    0,    0,    0,    0,    0,    0,    0,    0,    0,    0,    0,    0,    0,    0,    0,    0,    0,    0,    0,    0,    0,    0,    0,    0,    0,    0,    0,    0,    0,    0,    0,    0,    0,    0,    0,    0,    0,    0,    0,    0,
       0,    0,    0,    0,    0,    0,    0,    0,   -5,    5,    0,    0,    0,    0,    0,    0,    0,    0,    0,    0,    0,    0,    0,    0,    0,    0,    0,    0,    0,    0,    0,    0,    0,    0,    0,    0,    0,    0,    0,    0,    0,    0,    0,    0,    0,    0,    0,    0,    0,    0,    0,    0,    0,    0,    0,    0,    0,
       0,    0,    0,    0,    0,  -21,  -35,    0,   24,  -21,    0,  -16,    0,    0,    0,    0,    0,  -11,    0,    0,    0,    0,    0,    0,    0,    0,    0,    0,    0,    0,    0,    0,    0,    0,    0,    0,    0,    0,    0,    0,    0,    0,    0,    0,    0,    0,    0,    0,    0,    0,    0,    0,    0,    0,    0,    0,    0,
       0,    0,    0,    0,    0,    0,    0,    0,    0,    0,    0,    0,  -11,    0,    0,    0,    0,    0,    0,    0,    0,    0,    0,    0,    0,    0,    0,    0,    0,    0,    0,    0,    0,    0,    0,    0,    0,    0,    0,    0,    0,    0,    0,    0,    0,    0,    0,    0,    0,    0,    0,    0,    0,    0,    0,    0,    0,
       0,    0,    0,    0,    0,  -11,  -21,    0,    3,    0,    0,    0,  -16,    0,    0,    0,    0,    0,    0,    0,    0,    0,    0,    0,    0,    0,    0,    0,    0,    0,    0,    0,    0,    0,    0,    0,    0,    0,    0,    0,    0,    0,    0,    0,    0,    0,    0,    0,    0,    0,    0,    0,    0,    0,    0,    0,    0,
       0,    0,    0,    0,    0,    0,    0,    0,   -8,    0,    0,    0,    0,    0,    0,    0,    0,    0,    0,    0,    0,    0,    0,    0,    0,    0,    0,    0,    0,    0,    0,    0,    0,    0,    0,    0,    0,    0,    0,    0,    0,    0,    0,    0,    0,    0,    0,    0,    0,    0,    0,    0,    0,    0,    0,    0,    0,
       0,    0,    0,    0,    0,    0,    0,    0,    0,    0,    0,    0,    0,    0,    0,    0,    0,    0,    0,    0,    0,    0,    0,    0,    0,    0,    0,    0,    0,    0,    0,    0,    0,    0,    0,    0,    0,    0,    0,    0,    0,    0,    0,    0,    0,    0,    0,    0,    0,    0,    0,   -8,    0,    0,    0,    0,    0,
       0,    0,    0,    0,    0,    0,    0,    0,    0,    0,    0,    0,    0,    0,    0,    0,    0,    0,    0,    0,    0,    0,   -5,    0,    0,    0,    0,    0,    0,    0,    0,    0,    0,    0,    0,    0,    0,    0,    0,    0,    0,    0,    0,   -3,    0,    0,    0,    0,    0,    0,    0,    0,    0,    0,    0,    0,    0,
       0,    0,    0,    0,    0,    0,    0,    0,    0,    0,    0,    0,    0,    0,    0,    0,    0,   -3,    0,    0,  -27,   -5,  -49,  -12,    0,  -23,    0,    0,    0,    0,   11,    0,    0,    0,    0,    0,    0,    0,    0,   -3,   -5,  -15,   -5,    0,  -13,    0,    0,    0,    0,    0,    0,    0,    0,    0,    0,    0,    0,
       0,    0,    0,    0,    0,    0,    0,    0,    0,    0,    0,    0,    0,    0,    0,    0,    0,    0,    0,    0,   -8,    0,   -4,   -3,   -6,  -12,    0,    0,    0,    0,    0,   -2,   -1,    0,   -3,    0,    0,    0,    0,    0,    0,    0,    0,   -2,    0,    0,    0,    0,    0,    0,    0,    0,    0,    0,    0,    0,    0,
       0,    0,    0,    0,    0,    0,    0,    0,    0,    0,    0,    0,    0,    0,    0,    0,    0,    0,   -5,    0,    0,    0,    0,    0,    0,    0,    0,    0,    0,    0,    0,    0,   -3,    0,   -5,    0,    0,    0,    0,    0,   -5,   -8,    0,    0,   -5,    0,    0,    0,    0,    0,    0,    0,    0,    0,    0,    0,    0,
       0,    0,    0,    0,    0,    0,    0,    0,    0,    0,    0,    0,    0,    0,    0,    0,  -17,   -5,  -64,   -3,    8,    0,    0,    0,   -3,    0,    0,    0,    0,    0,  -11,    0,   -8,    0,   -5,    0,   -5,   -5,   -5,    0,   -8,   -3,    0,   -8,    0,   -3,    0,    0,    0,    0,    0,    0,    0,    0,    0,    0,    0,
       0,    0,    0,    0,    0,    0,    0,    0,    0,    0,    0,    0,    0,    0,    0,    0,    0,    0,    0,    0,  -13,    0,   -8,   -5,    0,  -13,    0,    0,    0,    0,    7,    0,    0,    0,    0,    0,    0,    0,    0,    0,    0,    0,    0,    0,    0,    0,    0,    0,    0,    0,    0,    0,    0,    0,    0,    0,    0,
       0,    0,    0,    0,    0,    0,    0,    0,    0,    0,    0,    0,    0,    0,    0,    0,   -8,    0,    0,    0,    0,    0,    0,    0,    0,    0,    0,    0,    0,    0,    0,    0,    0,    0,    0,    0,    0,    0,    0,    0,    0,    0,    0,    0,    0,    0,    0,    0,    0,    0,    0,    0,    0,    0,    0,    0,    0,
       0,    0,    0,    0,    0,    0,    0,    0,    0,    0,    0,    0,    0,    0,    0,    0,    0,  -16,   -3,   -5,    0,   -8,   -3,   -3,    0,   11,    0,    0,    0,    0,    0,    0,  -11,    0,    0,    0,   -4,   -4,   -2,   -2,   -6,   -4,   -7,    0,  -11,    0,    0,    0,    0,    0,    0,    0,    0,    0,    0,    0,    0,
       0,    0,    0,    0,    0,    0,    0,    0,    0,    0,    0,    0,    0,    0,    0,    0,    0,   -5,    0,    0,  -38,  -11,  -27,  -16,    0,  -32,    0,    0,    0,    0,    0,    0,    0,    0,    0,    0,    0,    0,    0,   -3,    0,  -13,   -3,    0,  -12,   11,    0,    0,    0,    0,    0,    0,    0,    0,    0,    0,    0,
       0,    0,    0,    0,    0,  -80,  -53,    0,    0,    0,    0,    0,    0,    0,    0,    0,  -21,    0,  -40,    0,    0,    0,    0,    4,   -8,    0,   -8,    0,    0,    0,   -3,    0,   -5,    4,   -5,    0,    0,    0,    0,    8,   -3,    5,    8,    0,    5,    0,    0,    0,    0,    0,    0,    0,    0,    0,    0,    0,    0,
       0,    0,    0,    0,    0,    0,    0,    0,    0,    0,    0,    0,  -27,    0,    0,    0,   -3,    0,   -8,    0,  -11,    0,   -6,   -3,  -17,  -14,   -8,    0,    0,   -9,    0,    0,    4,    0,    0,    0,    0,    0,    0,    0,    0,    0,    0,   -5,    0,   -1,    0,    0,    0,    0,    0,    0,    0,    0,    0,    0,    0,
       0,    0,    0,    0,    0,    0,    0,    0,    0,    0,    0,    0,    0,    0,    0,    0,    0,   -5,    0,    0,   -8,   -3,   -8,   -1,    0,  -11,    0,    0,    0,    0,    2,    0,   -3,    0,    0,    0,    0,    0,    0,    0,   -5,    0,    0,    0,    0,    0,    0,    0,    0,    0,    0,    0,    0,    0,    0,    0,    0,
       0,    0,    0,    0,    0,    0,    0,    0,    0,    0,    0,    0,    0,    0,    0,    0,    0,    0,    0,    0,    0,    0,    0,    0,   -8,   -8,    0,    0,    0,    0,    0,    0,    0,    0,    0,    0,    0,    0,    0,    0,    0,    0,    0,    0,    0,    0,    0,    0,    0,    0,    0,    0,    0,    0,    0,    0,    0,
       0,    0,    0,    0,    0,    0,  -53,    0,    0,    0,    0,    0,    0,    0,    0,    0,  -27,  -11,  -35,    0,   16,    0,    5,    5,    0,    5,    0,    0,    0,    0,  -53,    0,  -64,    0,  -24,    0,  -32,  -11,  -59,    0,  -64,   -5,  -64,   -8,  -35,  -64,    0,    0,    0,    0,    0,    0,    0,    4,    0,    0,    0,
       0,    0,    0,    0,    0,    0,    0,    0,    0,    0,    0,    0,    0,    0,    0,    0,   -5,    0,   -5,   -5,    0,    0,    0,    0,   -5,   -5,    0,    0,    0,    0,    0,    0,    0,    0,    0,    0,    0,    0,    0,    0,    0,    0,    0,   -3,    0,    0,    0,    0,    0,    0,    0,    0,    0,    0,    0,    0,    0,
       0,    0,   -5,    0,    0,    0,    0,  -17,    0,    0,    0,    0,    0,    0,    6,   -6,  -18,   -6,  -29,   -5,    5,    0,    0,    0,    0,    0,    0,    0,    0,  -27,   -7,    0,  -12,    0,  -11,    0,   -7,   -7,   -8,    0,   -5,    0,    0,    0,    0,   -3,   -5,  -11,  -19,    0,    0,    0,    0,    0,    0,    0,   -7,
       0,    0,    0,    0,    0,    0,    0,    0,    0,    0,    0,    0,    0,    0,    0,    0,  -12,   -3,  -16,   -5,    5,    0,    0,    0,    0,    0,    0,    0,    0,    0,   -5,    0,   -8,    0,  -11,    0,   -2,   -2,    0,    0,   -5,    0,    0,    0,    0,    0,    0,    0,    0,    0,    0,    0,    0,    0,    0,    0,    0,
       0,    0,    0,    0,    0,    0,    0,    0,    0,    0,    0,    0,    0,    0,    0,    0,    0,  -14,    0,   -8,    0,   -5,    0,    0,    0,    0,    0,    0,    0,    0,    0,    0,   -9,    0,   -1,    0,    0,    0,    0,    0,   -5,  -14,   -9,    0,  -13,    0,    0,    0,    0,    0,    0,    0,    0,    0,    0,    0,    0,
       0,    0,    0,    0,    0,    0,    0,    0,    0,    0,    0,    0,    0,    0,    0,    0,  -23,  -14,  -37,  -13,    5,   -5,    0,    0,    0,    0,    0,    0,    0,    0,  -17,    0,  -22,    0,  -20,    0,  -12,  -11,  -19,    0,  -11,   -5,   -5,  -11,   -5,   -5,    0,    0,    0,    0,    0,    0,    0,    0,    0,    0,    0,
       0,    0,    0,    0,    0,    0,    0,    0,    0,    0,    0,    0,    0,    0,    0,    0,    0,   -3,    0,    0,    0,    0,    0,    0,    0,    0,    0,    0,    0,    0,    0,    0,   -3,    0,    0,    0,    0,    0,    0,    0,   -3,   -3,    0,    0,    0,    0,    0,    0,    0,    0,    0,    0,    0,    0,    0,    0,    0,
       0,    0,    0,    0,    0,    0,    0,    0,    0,    0,    0,    0,    0,    0,    0,    0,    0,    0,    0,    0,    0,    0,  -17,    0,    0,    0,    0,  -49,    0,    0,    0,    0,    0,    0,    0,    0,    0,    0,    0,    0,    0,   -7,    0,   -1,    0,    0,    0,    0,    0,    0,   -3,  -12,    0,    0,    0,    0,    0,
       0,    0,    0,    0,    0,    0,    0,    0,    0,    0,    0,    0,    0,    0,    0,    0,    0,    0,    0,    0,    0,    0,  -27,    0,    0,    0,    0,    0,    0,    0,    0,    0,    0,    0,    0,    0,    0,    0,    0,    0,    0,  -20,    0,    0,    0,    0,    0,    0,    0,    0,    0,  -18,    4,    0,    0,    0,    0,
       0,    0,    0,    0,    0,    0,    0,    0,    0,    0,    0,    0,    0,    0,    0,    0,   11,  -11,    0,    0,  -35,   -5,  -15,   -5,    0,  -28,    0,    0,    0,    0,    5,    0,    0,    0,    0,    0,    0,    0,    0,    0,   -5,   -6,   -3,    0,    0,    0,    0,    0,    0,    0,    0,    0,    0,    0,    0,    0,    0,
       0,    0,    0,    0,    0,    0,    0,    0,    0,    0,    0,    0,    0,    0,    0,    0,    0,    0,    0,    0,  -26,    0,  -12,   -8,   -9,  -21,   -5,    0,    0,    0,    0,    0,    0,    0,    0,    0,    0,    0,    0,    0,    0,   -3,    0,   -4,    0,   -5,    0,    0,    0,    0,    0,    0,    0,    0,    0,    0,    0,
       0,    0,    0,    0,    0,    0,    0,    0,    0,    0,    0,    0,    0,    0,    0,    0,    0,    0,    0,    0,  -16,    0,   -8,   -5,   -3,  -19,    0,    0,    0,    0,    0,    0,    0,    0,    0,    0,    0,    0,    0,    0,    0,    0,    0,    0,    0,    0,    0,    0,    0,    0,    0,    0,    0,    0,    0,    0,    0,
       0,    0,    0,    0,    0,    0,    0,    0,    0,    0,    0,    0,    0,    0,    0,    0,    0,    0,    0,    0,    0,    0,    0,    0,    0,    0,    0,    0,    0,    0,    0,    0,    0,    0,    0,    0,    0,    0,    0,    0,    9,    0,    0,    0,    0,    0,    0,    0,    0,    0,    0,    0,    0,    0,    0,    0,    0,
       0,    0,    0,    0,    0,    0,    0,    0,    0,    0,    0,    0,    0,    0,    0,    0,    0,    0,    0,    0,  -24,    0,  -11,   -5,   -5,  -19,    0,    0,    0,    0,    2,    0,    0,    0,   -3,    0,    0,    0,    0,    0,    0,   -3,    0,   -3,   -3,    0,    0,    0,    0,    0,    0,    0,    0,    0,    0,    0,    0,
       0,    0,    0,    0,    0,    0,    0,    0,    0,    0,    0,    0,    0,    0,    0,    0,  -11,    0,    0,    0,   32,    0,   29,   27,   27,   27,   27,    0,    0,    0,    0,    0,  -19,    0,    0,    0,    0,    0,    0,    2,    0,    5,    1,    0,    0,    2,    0,    0,    0,    0,    0,    0,    0,   15,    0,    0,    0,
       0,    0,    0,    0,    0,   -2,    0,    0,    0,    0,    0,    0,    0,    0,    0,    0,   -8,   -5,    0,   -3,    0,    0,    0,    0,    0,   -8,    0,    0,    0,    0,   -3,    0,  -11,    0,    0,    5,    0,    0,   -5,    0,   -4,    0,    0,    0,    0,    0,    0,    0,    0,    0,    0,    0,    0,    0,    0,    0,    0,
       0,    0,    0,    0,    0,    0,    0,    0,    0,    0,    0,    0,    0,    0,    0,    0,    0,    0,    0,    0,  -16,    0,   -8,    0,    0,  -13,    0,    0,    0,    0,    0,    0,    0,    0,    0,    0,    0,    0,    0,    0,    0,   -3,    0,    0,   -3,    0,    0,    0,    0,    0,    0,    0,    0,    0,    0,    0,    0,
       0,    0,    0,    0,    0,    0,    0,    0,    0,    0,    0,    0,    0,    0,    0,    0,    0,    0,    0,    0,  -16,    0,    0,    0,    0,    0,    0,    0,    0,    0,    0,    0,    0,    0,    0,    0,    0,    0,    0,    0,    0,    0,    0,    0,    0,    0,    0,    0,    0,    0,    0,    0,    0,    0,    0,    0,    0,
       0,    0,    0,    0,    0,    0,    0,    0,    0,    0,    0,    0,    0,    0,    0,    0,    0,    0,    0,    0,  -16,   -5,    0,    0,    0,    0,    0,    0,    0,    0,    0,    0,    0,    0,    0,    3,    0,    0,    0,    0,    0,    0,    0,    0,    0,    0,    0,    0,    0,    0,    0,    0,    0,    0,    0,    0,    0,
       0,    0,    0,    0,    0,    0,    0,    0,    0,    0,    0,    0,    0,    0,    0,    0,    0,   -5,    0,    0,    0,    0,    0,    0,    0,  -11,    0,    0,    0,    0,   -2,   -3,  -12,    0,    0,   -3,    0,    0,   -3,    0,   -3,    0,    0,    0,    0,    0,    0,    0,    0,    0,    0,    0,    0,    0,    0,    0,    0,
       0,    0,    0,    0,    0,    0,    0,    0,    0,    0,    0,    0,    0,    0,    0,    0,    0,  -11,    0,    0,  -13,    0,  -16,  -11,    0,  -16,    0,    0,    0,    0,    0,    0,   -5,    0,   -5,   -7,    0,    0,    0,   -2,   -3,  -13,   -8,    0,   -8,    0,    0,    0,    0,    0,    0,    0,    0,    0,    0,    0,    0,
       0,    0,    0,    0,    0,    0,    0,    0,    0,    0,    0,    0,    0,    0,    0,    0,    0,    0,    0,    0,  -11,    0,   -8,    0,    0,   -8,    0,   -5,    0,    1,    0,    0,    0,    0,    0,    0,    0,    0,    0,    0,    0,    0,    0,    0,    0,    0,    0,    0,    0,    0,    0,    0,    0,    0,    0,    0,    0,
       0,    0,    0,    0,    0,    0,  -59,    0,    0,    0,    0,    0,    0,    0,    0,    0,  -16,    0,    0,    0,   -5,    0,    0,    0,   -8,    0,    0,    0,    0,    0,   -6,    0,  -12,    0,   -8,   -5,    0,    0,    0,    0,    0,   27,   27,    0,    0,    0,    0,    0,    0,    0,    0,    0,    0,    0,    0,    0,    0,
       0,    0,    0,    0,    0,    0,    0,    0,    0,    0,    0,    0,    0,    0,    0,    0,    0,   -3,    0,    0,  -24,    0,   -3,    0,   -3,  -11,    0,    0,    0,    0,    4,    0,    0,    0,    0,    0,    0,    0,    0,    0,    0,    0,    0,   -3,    0,    0,    0,    0,    0,    0,    0,    0,    0,    0,    0,    0,    0,
       0,    0,    0,    0,    0,    0,    0,    0,    0,    0,    0,    0,    0,    0,    0,    0,    0,    0,    0,    0,    0,    0,    0,    0,    0,    0,    0,    0,    0,    0,    0,    0,   -3,  -13,   -3,    0,    0,    0,   11,    0,    0,    0,   21,    0,    0,    0,    0,    0,    0,    0,    0,    0,    0,    0,    0,    0,    0,
       0,    0,    0,    0,    0,    0,    0,    0,    0,    0,    0,    0,    0,    0,    0,    0,    0,    0,    0,    0,  -16,    0,   -5,   -5,    0,   -8,    0,    0,    0,    0,    0,    0,    0,    0,   -5,    0,    0,    0,    0,    0,    0,    0,    0,    0,    0,    0,    0,    0,    0,    0,    0,    0,    0,    0,    0,    0,    0,
       0,    0,   -1,    0,    5,    0,    0,   -7,    0,    0,    0,    0,    0,    0,    4,    0,  -13,    0,    0,    0,   -5,    0,    0,    0,  -14,   -5,  -11,   -1,    0,  -20,   -1,    0,   -3,    0,   -3,    0,    0,    0,   -3,   27,    0,   27,    0,    0,    0,    0,    0,    0,  -11,    0,    0,   -4,    0,    0,    0,    0,    0,
       0,    0,    0,    0,    0,    0,    0,    0,    0,    0,    0,    0,    0,    0,    0,    0,   -3,    0,    0,    0,   -5,    0,    0,    0,   -9,   -5,   -3,    0,    0,    0,    2,    0,    0,    0,    0,    0,    0,    0,   -3,   27,    0,   21,    0,    0,    0,    0,    0,    0,    0,    0,    0,    0,    0,    0,    0,    0,    0,
       0,    0,   -3,    0,    0,    0,    0,   -1,    0,    0,    0,    0,    0,    0,    0,    0,    0,   -5,    0,    0,   -8,   -3,    0,    0,    0,  -11,    0,   -5,    0,    0,    0,    0,   -4,    0,    0,    0,    0,    0,   -3,   27,   -3,    0,    0,    0,    0,    0,    0,   -5,    0,    0,    0,   -3,    0,    0,    0,    0,    0,
       0,    0,    0,    0,    0,    0,    0,    0,    0,    0,    0,    0,    0,    0,    0,    0,  -13,    0,    0,    0,   -5,    0,    0,    0,  -11,   -5,   -5,    0,    0,    0,    0,    0,   -3,    0,   -8,    0,    0,    0,   -5,    0,    0,    0,    0,    0,    0,    0,    0,    0,    0,    0,    0,    0,    0,    0,    0,    0,    0,
       0,    0,    0,    0,    0,    0,    0,    0,    0,    0,    0,    0,    0,    0,    0,    0,    0,    0,    0,    0,   -5,    0,    0,    0,    0,   -5,    0,    0,    0,    0,    0,    0,   -5,    0,    0,    0,    0,    0,    0,    0,    0,    0,    0,    0,    0,    0,    0,    0,    0,    0,    0,    0,    0,    0,    0,    0,    0,
       0,    0,    0,    0,    0,    0,    0,    0,    0,    0,    0,    0,    0,    0,    0,    0,    0,    0,    0,    0,    0,    0,   -5,    0,    0,    0,    0,    0,    0,    0,    0,    0,    0,    0,    0,    0,    0,    0,    0,    0,    0,    0,    0,    0,    0,    0,    0,    0,    0,    0,    0,    0,    0,    0,    0,    0,    0,
       0,    0,    0,    0,    0,    0,    0,    0,    0,    0,    0,    0,    0,    0,    0,    0,    0,    0,    0,    0,    0,    0,  -11,    0,    0,    0,    0,    0,    0,    0,    0,    0,    0,    0,    0,    0,    0,    0,    0,    0,    0,    0,    0,   -5,    0,    0,    0,    0,    0,    0,    0,    5,    0,    0,    0,    0,    0,
       0,    0,    0,    0,    0,    0,    0,    0,    0,    0,    0,    0,    0,    0,    0,    0,    0,    0,    0,    0,    0,    0,  -15,    0,    0,    0,    0,    0,    0,    0,    0,    0,    0,    0,    0,    0,    0,    0,    0,    0,    0,   -8,    0,    0,    0,    0,    0,    0,    0,    0,    0,  -16,    0,    0,    0,    0,    0,
       5,    0,    0,    0,   -3,    0,    0,  -21,    0,    0,    0,    0,    0,    0,    0,    0,    0,    0,    0,    0,    0,    0,    0,    0,    0,    0,    0,  -11,    0,  -29,    0,    0,    0,    0,    0,    0,    0,    0,    0,    0,    0,    3,    0,   -3,    0,    0,   11,   13,  -11,    0,    0,    0,    0,    0,    0,    0,    2,
       0,    0,    0,    0,  -11,    0,    0,   -6,    0,    0,    0,    0,    0,    0,    0,    0,    0,    0,    0,    0,    0,    0,    0,    0,    0,    0,    0,   -3,    0,  -18,    0,    0,    0,    0,    0,    0,    0,    0,    0,    0,    0,   -3,    0,   -3,    0,    0,    0,    5,    0,    0,    0,    0,    0,    0,    0,    0,    0,
       0,    0,    0,    0,   -8,    0,    0,  -15,    0,    0,    0,    0,    0,    0,    0,    0,    0,    0,    0,    0,    0,    0,    0,    0,    0,    0,    0,    0,    0,  -29,    0,    0,    0,    0,    0,    0,    0,    0,    0,    0,    0,    0,    0,   -3,    0,    0,    0,    5,  -11,    0,    0,    0,    0,    0,    0,    0,    0,
       0,    0,    0,    0,    0,    0,    0,    0,  -11,    0,    0,    0,    0,    0,    0,    0,    0,    0,    0,    0,    0,    0,    0,    0,    0,    0,    0,    0,    0,    0,    0,    0,    0,    0,    0,    0,    0,    0,    0,    0,    0,    0,    0,    0,    0,    0,    0,    0,    0,    0,    0,    0,    0,    0,    0,    0,    0,
       0,   52,    0,   67,   38,    0,    0,    0,    0,    0,    0,    0,    0,    0,    0,    0,    0,    0,    0,    0,    0,    0,    0,    0,    0,    0,    0,   59,   70,    0,    0,   11,    0,    0,    0,    0,    0,    0,    0,    0,    0,    0,    0,    0,    0,    0,    0,    0,    0,    0,    0,    5,   32,    0,   48,   59,    0,
       0,   33,    0,   57,   15,    0,    0,    0,    0,    0,    0,    0,    0,    0,    0,    0,    0,    0,    0,    0,    0,    0,    0,    0,    0,    0,    0,   46,   53,    0,    0,   11,    0,    0,    0,    0,    0,    0,    0,    0,    0,    0,    0,    0,    0,    0,    0,    0,    0,    0,    0,    5,   32,    0,   35,   42,    0,
       0,    0,    0,   18,    0,    0,    0,    0,    0,    0,    0,    0,    0,    0,    0,    0,    0,    0,    0,    0,    0,    0,    0,    0,    0,    0,    0,    0,   11,    0,    0,    0,    0,    0,    0,    0,    0,    0,    0,    0,    0,    0,    0,    0,    0,    0,    0,    0,    0,    0,    0,    0,    0,    0,    6,    6,    0,
       0,    0,    0,    0,    0,    0,    0,    0,  -24,    0,    0,    0,    0,    0,    0,    0,    0,    0,    0,    0,    0,    0,    0,    0,    0,    0,    0,    0,    0,    0,    0,    0,    0,    0,    0,    0,    0,    0,    0,    0,    0,    0,    0,    0,    0,    0,    0,    0,    0,    3,    0,    0,    0,    0,    0,    0,    0,
       0,    0,    0,    0,    0,    0,    0,    0,    0,  -21,    0,    0,    0,  -16,    0,    0,    0,    0,    0,    0,    0,    0,    0,    0,    0,    0,    0,    0,    0,    0,    0,    0,    0,    0,    0,    0,    0,    0,    0,    0,    0,    0,    0,    0,    0,    0,    0,    0,    0,    0,    0,    0,    0,    0,    0,    0,    0,
       0,    0,    0,    0,    0,    0,    0,    0,    0,  -32,    0,  -24,    0,  -16,    0,    0,    0,    0,    0,    0,    0,    0,    0,    0,    0,    0,    0,    0,    0,    0,    0,    0,    0,    0,    0,    0,    0,    0,    0,    0,    0,    0,    0,    0,    0,    0,    0,    0,    0,    0,    0,    0,    0,    0,    0,    0,    0,
       0,    0,    0,    0,    0,    0,    0,    0,    0,    0,    0,    0,    0,    0,    0,    0,    0,    0,    0,    0,    0,    0,    0,    0,    0,    0,    0,    0,    0,    0,    0,    0,    0,    0,    0,    2,    0,    0,    0,    0,    0,    0,    0,    0,    0,    0,    0,    0,    0,    0,    0,    0,    0,    0,    0,    0,    0,
       0,    0,    0,    0,    0,    0,    0,    0,    0,    0,    0,    0,    0,    0,    0,    0,    0,    0,    0,    0,    0,    0,   -7,    0,    0,    0,    0,    0,    0,    0,    0,    0,    0,    0,    0,    0,    0,    0,    0,    0,    0,    0,    0,    0,    0,    0,    0,    0,    0,    3,    0,    0,    0,    0,    0,    0,    0,
};

static const EpdLigaturePair quicksand_16_italicLigaturePairs[] = {
    { 0x00660069, 0xFB01 }, // f i -> U+FB01
    { 0x0066006C, 0xFB02 }, // f l -> U+FB02
};

static const EpdFontData quicksand_16_italic = {
    quicksand_16_italicBitmaps,
    quicksand_16_italicGlyphs,
    quicksand_16_italicIntervals,
    57,
    42,
    34,
    -9,
    true,
    quicksand_16_italicGroups,
    11,
    nullptr,
    quicksand_16_italicKernLeftClasses,
    quicksand_16_italicKernRightClasses,
    quicksand_16_italicKernMatrix,
    228,
    167,
    77,
    57,
    quicksand_16_italicLigaturePairs,
    2,
};
