/**
 * generated by fontconvert.py
 * name: quicksand_10_regular
 * size: 10
 * mode: 1-bit
 * Command used: fontconvert.py quicksand_10_regular 10 ../builtinFonts/source/Quicksand/Quicksand-Regular.ttf
 */
#pragma once
#include "EpdFontData.h"

static const uint8_t quicksand_10_regularBitmaps[11927] = {
    0xFF, 0xFF, 0xFC, 0x3C, 0x66, 0x66, 0x66, 0x66, 0x44, 0x44, 0x0C, 0x20, 0x30, 0xC0, 0xC6, 0x03,
    0x18, 0x7F, 0xF9, 0xFF, 0xE1, 0x86, 0x06, 0x18, 0x18, 0xC0, 0x63, 0x0F, 0xFF, 0x9F, 0xFC, 0x30,
    0xC0, 0xC7, 0x03, 0x18, 0x00, 0x06, 0x00, 0xC0, 0x18, 0x0F, 0xC3, 0xFC, 0xED, 0xD9, 0x83, 0x30,
    0x76, 0x07, 0xC0, 0x7E, 0x03, 0xE0, 0x6E, 0x0C, 0xC1, 0x9F, 0x33, 0x7F, 0xC7, 0xF0, 0x18, 0x03,
    0x00, 0x60, 0x3C, 0x08, 0x7C, 0x18, 0x66, 0x38, 0x66, 0x30, 0x66, 0x60, 0x66, 0xE0, 0x7C, 0xC0,
    0x3D, 0x9C, 0x03, 0xBE, 0x03, 0x66, 0x06, 0x63, 0x0E, 0x63, 0x0C, 0x62, 0x18, 0x36, 0x18, 0x3E,
    0x00, 0x08, 0x0F, 0x80, 0x7F, 0x81, 0x86, 0x06, 0x00, 0x18, 0x00, 0x60, 0x03, 0xC0, 0x1F, 0x80,
    0x67, 0x1B, 0x0E, 0x6C, 0x1D, 0xB8, 0x3C, 0x60, 0x71, 0xE7, 0xE3, 0xFC, 0xC1, 0x80, 0x66, 0x66,
    0x44, 0x04, 0x38, 0xE1, 0x86, 0x0C, 0x30, 0x60, 0xC1, 0x83, 0x06, 0x0C, 0x18, 0x18, 0x38, 0x38,
    0x38, 0x38, 0xC0, 0xE0, 0xE0, 0xC0, 0xC1, 0x81, 0x83, 0x06, 0x0C, 0x18, 0x30, 0x61, 0x83, 0x0C,
    0x38, 0xE3, 0x80, 0x11, 0x6B, 0xF1, 0xCF, 0xD6, 0x84, 0x00, 0x0C, 0x03, 0x00, 0xC0, 0x30, 0xFF,
    0xFF, 0xF0, 0xC0, 0x30, 0x0C, 0x03, 0x00, 0x00, 0x67, 0x36, 0x40, 0x7B, 0xF0, 0x00, 0x3C, 0x00,
    0x60, 0x0C, 0x03, 0x00, 0x60, 0x18, 0x03, 0x00, 0xC0, 0x18, 0x06, 0x00, 0xC0, 0x30, 0x06, 0x01,
    0x80, 0x30, 0x0C, 0x01, 0x80, 0x60, 0x0C, 0x03, 0x00, 0x60, 0x00, 0x1F, 0x07, 0xF1, 0x86, 0x70,
    0x6C, 0x0D, 0x81, 0xB0, 0x3E, 0x03, 0xC0, 0x78, 0x1F, 0x03, 0x60, 0x66, 0x1C, 0xF7, 0x0F, 0xC0,
    0x60, 0x0C, 0xF7, 0xFB, 0x0C, 0x30, 0xC3, 0x0C, 0x30, 0xC3, 0x0C, 0x30, 0xC0, 0x3E, 0x1F, 0xCE,
    0x1B, 0x06, 0x01, 0x80, 0x60, 0x18, 0x0C, 0x07, 0x03, 0x81, 0xC0, 0xE0, 0x70, 0x3F, 0xEF, 0xFC,
    0xFF, 0x7F, 0x81, 0xC1, 0xC1, 0xC1, 0xC0, 0xF8, 0x0E, 0x01, 0x80, 0xC0, 0x60, 0x30, 0x3F, 0x3B,
    0xF8, 0x30, 0x01, 0x00, 0x70, 0x1E, 0x03, 0xC0, 0xD8, 0x33, 0x0E, 0x63, 0x8C, 0x61, 0x9F, 0xFF,
    0xFF, 0x00, 0xC0, 0x18, 0x03, 0x00, 0x60, 0x7F, 0x9F, 0xE6, 0x01, 0x00, 0xC0, 0x3F, 0x8F, 0xF3,
    0x0E, 0x01, 0x80, 0x30, 0x0C, 0x06, 0x01, 0xBF, 0xC7, 0xE0, 0x00, 0x00, 0x01, 0xC0, 0xE0, 0x70,
    0x30, 0x1C, 0x06, 0xC3, 0xFC, 0xF3, 0xB8, 0x7C, 0x0F, 0x03, 0xC0, 0xF0, 0x77, 0x38, 0xFC, 0x0C,
    0x00, 0xFF, 0xBF, 0xE0, 0x18, 0x0E, 0x03, 0x01, 0xC0, 0x60, 0x18, 0x0C, 0x03, 0x01, 0x80, 0x60,
    0x38, 0x0C, 0x03, 0x00, 0x00, 0x1E, 0x1F, 0xC6, 0x3B, 0x06, 0xC1, 0xB0, 0x66, 0x30, 0xFC, 0x7F,
    0x30, 0x6C, 0x1B, 0x06, 0xC1, 0x9D, 0xE3, 0xF0, 0x20, 0x3E, 0x1F, 0xEE, 0x1B, 0x03, 0xC0, 0xF0,
    0x3C, 0x1F, 0x87, 0x7F, 0x87, 0xE0, 0x38, 0x0C, 0x06, 0x07, 0x03, 0x80, 0x00, 0xFC, 0x00, 0x3C,
    0x67, 0x20, 0x00, 0x00, 0x06, 0x73, 0x64, 0x01, 0xC1, 0xE0, 0xF0, 0xF0, 0x70, 0x3C, 0x03, 0x80,
    0x78, 0x07, 0x80, 0x70, 0x00, 0xFF, 0xFF, 0xC0, 0x00, 0x0F, 0xFF, 0xFC, 0x00, 0x38, 0x07, 0x80,
    0xF0, 0x0F, 0x00, 0xF0, 0x3C, 0x3C, 0x1C, 0x1E, 0x0E, 0x00, 0x00, 0x18, 0x3F, 0x39, 0xD8, 0x70,
    0x18, 0x0C, 0x0E, 0x0E, 0x1E, 0x0E, 0x06, 0x03, 0x00, 0x00, 0x00, 0x60, 0x30, 0x00, 0xFF, 0x00,
    0x3F, 0xF8, 0x0E, 0x00, 0xC1, 0xC0, 0x06, 0x38, 0x76, 0x63, 0x1F, 0xE3, 0x63, 0x8E, 0x36, 0x30,
    0xE3, 0x46, 0x0E, 0x24, 0x60, 0xC6, 0xC6, 0x0C, 0x6C, 0x61, 0xCC, 0x43, 0xFF, 0xC6, 0x3E, 0x78,
    0x60, 0x00, 0x03, 0x00, 0x00, 0x1C, 0x0C, 0x00, 0xFF, 0x80, 0x03, 0xE0, 0x00, 0x03, 0x00, 0x38,
    0x01, 0xC0, 0x0F, 0x00, 0xD8, 0x06, 0x60, 0x63, 0x03, 0x18, 0x18, 0x61, 0xFF, 0x0F, 0xFC, 0xC0,
    0x66, 0x03, 0xB0, 0x0F, 0x00, 0x60, 0x00, 0x7F, 0x87, 0xFC, 0x60, 0xE6, 0x06, 0x60, 0x66, 0x06,
    0x7F, 0xC7, 0xFC, 0x61, 0xE6, 0x03, 0x60, 0x36, 0x03, 0x60, 0x77, 0xFE, 0x7F, 0xC0, 0x0F, 0xC1,
    0xFF, 0x38, 0x36, 0x00, 0xE0, 0x0C, 0x00, 0xC0, 0x0C, 0x00, 0xC0, 0x0C, 0x00, 0xC0, 0x06, 0x00,
    0x70, 0x03, 0xCF, 0x1F, 0xE0, 0x30, 0x7F, 0x83, 0xFF, 0x18, 0x1C, 0xC0, 0x66, 0x01, 0xB0, 0x0D,
    0x80, 0x6C, 0x03, 0x60, 0x1B, 0x00, 0xD8, 0x06, 0xC0, 0x76, 0x03, 0x3F, 0xF1, 0xFF, 0x00, 0x7F,
    0xDF, 0xF6, 0x01, 0x80, 0x60, 0x18, 0x07, 0xF1, 0xFE, 0x60, 0x18, 0x06, 0x01, 0x80, 0x60, 0x1F,
    0xF7, 0xFC, 0x7F, 0xDF, 0xF6, 0x01, 0x80, 0x60, 0x18, 0x07, 0xF1, 0xFE, 0x60, 0x18, 0x06, 0x01,
    0x80, 0x60, 0x18, 0x06, 0x00, 0x0F, 0xE0, 0xFF, 0x8E, 0x0C, 0xC0, 0x0E, 0x00, 0x60, 0x03, 0x00,
    0x18, 0x3E, 0xC1, 0xFE, 0x00, 0xF0, 0x06, 0xC0, 0x37, 0x01, 0x9F, 0x7C, 0x7F, 0xC0, 0x70, 0x40,
    0x13, 0x01, 0x98, 0x0C, 0xC0, 0x66, 0x03, 0x30, 0x19, 0x80, 0xCF, 0xFE, 0x7F, 0xF3, 0x01, 0x98,
    0x0C, 0xC0, 0x66, 0x03, 0x30, 0x19, 0x80, 0xC0, 0x4D, 0xB6, 0xDB, 0x6D, 0xB6, 0xD8, 0x00, 0x80,
    0xC0, 0x60, 0x30, 0x18, 0x0C, 0x06, 0x03, 0x01, 0x80, 0xC0, 0x78, 0x3C, 0x1B, 0xBC, 0xFC, 0x10,
    0x40, 0x33, 0x03, 0x98, 0x38, 0xC3, 0x86, 0x38, 0x33, 0x81, 0xB8, 0x0F, 0xC0, 0x7F, 0x03, 0x9C,
    0x18, 0x70, 0xC1, 0x86, 0x06, 0x30, 0x39, 0x80, 0xC0, 0x00, 0x40, 0x18, 0x06, 0x01, 0x80, 0x60,
    0x18, 0x06, 0x01, 0x80, 0x60, 0x18, 0x06, 0x01, 0x80, 0x60, 0x1F, 0xE7, 0xFC, 0x40, 0x04, 0xC0,
    0x1D, 0xC0, 0x7B, 0x80, 0xF7, 0x83, 0x6F, 0x8E, 0xDB, 0x19, 0xB3, 0x63, 0x67, 0xC6, 0xC7, 0x0D,
    0x84, 0x1B, 0x00, 0x36, 0x00, 0x6C, 0x00, 0xD8, 0x01, 0x80, 0x40, 0x13, 0x00, 0xDC, 0x06, 0xF0,
    0x37, 0x81, 0xB6, 0x0D, 0xB8, 0x6C, 0xE3, 0x63, 0x1B, 0x0C, 0xD8, 0x76, 0xC1, 0xF6, 0x07, 0xB0,
    0x1D, 0x00, 0xE0, 0x0F, 0xC0, 0xFF, 0xC7, 0x03, 0x98, 0x06, 0xC0, 0x0F, 0x00, 0x3C, 0x00, 0xF0,
    0x03, 0xC0, 0x0F, 0x00, 0x3C, 0x00, 0xF8, 0x06, 0x70, 0x38, 0xF3, 0xC1, 0xFE, 0x00, 0xC0, 0x7F,
    0x0F, 0xF9, 0x83, 0x30, 0x36, 0x06, 0xC0, 0xD8, 0x33, 0xFE, 0x7F, 0x8C, 0x01, 0x80, 0x30, 0x06,
    0x00, 0xC0, 0x18, 0x00, 0x0F, 0xC0, 0x3F, 0xF0, 0x70, 0x38, 0x60, 0x18, 0xC0, 0x0C, 0xC0, 0x0C,
    0xC0, 0x0C, 0xC0, 0x0C, 0xC0, 0x0C, 0xC0, 0x0C, 0xC0, 0x0C, 0xE0, 0x18, 0x70, 0x38, 0x3C, 0xF0,
    0x1F, 0xE0, 0x0F, 0x00, 0x1F, 0x83, 0x11, 0xFF, 0x00, 0x7C, 0x7F, 0x87, 0xFE, 0x60, 0x66, 0x07,
    0x60, 0x36, 0x07, 0x60, 0x67, 0xFC, 0x7F, 0xC6, 0x0E, 0x60, 0x66, 0x06, 0x60, 0x66, 0x03, 0x60,
    0x30, 0x1F, 0x87, 0xF9, 0xC3, 0xB0, 0x06, 0x00, 0xE0, 0x0F, 0x00, 0xFC, 0x07, 0xC0, 0x1C, 0x01,
    0x80, 0x3E, 0x06, 0xF3, 0x8F, 0xE0, 0x30, 0x7F, 0xF7, 0xFF, 0x06, 0x00, 0x60, 0x06, 0x00, 0x60,
    0x06, 0x00, 0x60, 0x06, 0x00, 0x60, 0x06, 0x00, 0x60, 0x06, 0x00, 0x60, 0x06, 0x00, 0x40, 0x16,
    0x03, 0x60, 0x36, 0x03, 0x60, 0x36, 0x03, 0x60, 0x36, 0x03, 0x60, 0x36, 0x03, 0x60, 0x36, 0x03,
    0x70, 0x73, 0xDE, 0x1F, 0xC0, 0x20, 0x40, 0x0B, 0x80, 0x66, 0x01, 0x98, 0x0E, 0x30, 0x30, 0xC0,
    0xC1, 0x86, 0x06, 0x18, 0x1C, 0xC0, 0x33, 0x00, 0xCC, 0x01, 0xE0, 0x07, 0x80, 0x1C, 0x00, 0x30,
    0x00, 0xC0, 0x00, 0x3E, 0x00, 0x03, 0x60, 0x00, 0x66, 0x06, 0x06, 0x70, 0x60, 0x63, 0x0F, 0x0C,
    0x30, 0xF0, 0xC3, 0x8F, 0x0C, 0x19, 0x99, 0x81, 0x99, 0x98, 0x1F, 0x8D, 0x80, 0xF0, 0xF0, 0x0F,
    0x0F, 0x00, 0x60, 0x70, 0x06, 0x06, 0x00, 0x40, 0x36, 0x03, 0x70, 0x63, 0x0E, 0x18, 0xC1, 0xD8,
    0x0F, 0x00, 0x70, 0x07, 0x00, 0xF8, 0x19, 0xC3, 0x8C, 0x30, 0x66, 0x07, 0xC0, 0x30, 0x00, 0xC0,
    0x2E, 0x06, 0x60, 0xE3, 0x0C, 0x39, 0x81, 0xF8, 0x0F, 0x00, 0x60, 0x06, 0x00, 0x60, 0x06, 0x00,
    0x60, 0x06, 0x00, 0x60, 0x06, 0x00, 0x7F, 0xFF, 0xFF, 0x00, 0x60, 0x0C, 0x01, 0x80, 0x38, 0x07,
    0x00, 0x60, 0x0C, 0x01, 0xC0, 0x38, 0x03, 0x00, 0x60, 0x0F, 0xFE, 0xFF, 0xF0, 0x7F, 0xFF, 0x06,
    0x0C, 0x18, 0x30, 0x60, 0xC1, 0x83, 0x06, 0x0C, 0x18, 0x30, 0x60, 0xC1, 0xFB, 0xF8, 0xC0, 0x18,
    0x01, 0x80, 0x30, 0x03, 0x00, 0x60, 0x06, 0x00, 0xC0, 0x0C, 0x01, 0x80, 0x18, 0x03, 0x00, 0x30,
    0x06, 0x00, 0x60, 0x0C, 0x00, 0xC0, 0x18, 0x01, 0x80, 0x30, 0x7E, 0xFC, 0x18, 0x30, 0x60, 0xC1,
    0x83, 0x06, 0x0C, 0x18, 0x30, 0x60, 0xC1, 0x83, 0x06, 0x7F, 0xF8, 0x18, 0x0E, 0x0F, 0x86, 0xC6,
    0x73, 0x1B, 0x0F, 0x83, 0xFF, 0xFF, 0xFF, 0x46, 0x31, 0x3F, 0x5F, 0xFE, 0x1F, 0x03, 0xC0, 0xF0,
    0x3C, 0x0F, 0x03, 0xE0, 0xDC, 0xF3, 0xFC, 0x30, 0x40, 0x18, 0x03, 0x00, 0x60, 0x0C, 0x01, 0xBE,
    0x3F, 0xF7, 0x06, 0xE0, 0x78, 0x0F, 0x01, 0xE0, 0x3E, 0x07, 0xC1, 0xBE, 0x76, 0xFC, 0x06, 0x00,
    0x3F, 0x1F, 0xE6, 0x0B, 0x00, 0xC0, 0x30, 0x0C, 0x03, 0x00, 0xE0, 0x1C, 0x63, 0xF8, 0x30, 0x00,
    0x40, 0x30, 0x0C, 0x03, 0x00, 0xCF, 0xB7, 0xFF, 0x87, 0xC0, 0xF0, 0x3C, 0x0F, 0x03, 0xC0, 0xF8,
    0x37, 0x3C, 0xFF, 0x0C, 0x00, 0x3F, 0x1F, 0xEE, 0x1B, 0x03, 0xFF, 0xFF, 0xFC, 0x03, 0x00, 0xE0,
    0xDC, 0x73, 0xF8, 0x30, 0x0E, 0x1E, 0x38, 0x30, 0x30, 0x7E, 0xFE, 0x30, 0x30, 0x30, 0x30, 0x30,
    0x30, 0x30, 0x30, 0x30, 0x3F, 0x6F, 0xFF, 0x83, 0xE0, 0x7C, 0x07, 0x80, 0xF0, 0x1E, 0x07, 0xE0,
    0xEE, 0x7C, 0xFD, 0x86, 0x30, 0x0C, 0xE7, 0x8F, 0xE0, 0x60, 0x40, 0x30, 0x0C, 0x03, 0x00, 0xC0,
    0x37, 0xCF, 0xFB, 0x86, 0xC1, 0xB0, 0x3C, 0x0F, 0x03, 0xC0, 0xF0, 0x3C, 0x0F, 0x03, 0xD8, 0x6D,
    0xB6, 0xDB, 0x6D, 0x80, 0x39, 0xC0, 0x21, 0x8C, 0x63, 0x18, 0xC6, 0x31, 0x8C, 0x66, 0x77, 0x00,
    0x40, 0x30, 0x0C, 0x03, 0x00, 0xC0, 0x30, 0x2C, 0x3B, 0x1C, 0xCE, 0x37, 0x0F, 0x83, 0xF0, 0xC6,
    0x30, 0xCC, 0x1B, 0x07, 0x5B, 0x6D, 0xB6, 0xDB, 0x6D, 0xB6, 0xDF, 0x3E, 0x7F, 0xFF, 0xB8, 0x70,
    0xD8, 0x38, 0x3C, 0x18, 0x1E, 0x0C, 0x0F, 0x06, 0x07, 0x83, 0x03, 0xC1, 0x81, 0xE0, 0xC0, 0xF0,
    0x60, 0x60, 0xDF, 0x3F, 0xEE, 0x1F, 0x03, 0xC0, 0xF0, 0x3C, 0x0F, 0x03, 0xC0, 0xF0, 0x3C, 0x0C,
    0x1F, 0x0F, 0xF1, 0x83, 0x60, 0x7C, 0x07, 0x80, 0xF0, 0x1E, 0x03, 0xE0, 0xCE, 0x78, 0xFE, 0x06,
    0x00, 0xDF, 0x1F, 0xF3, 0xC3, 0x70, 0x7C, 0x07, 0x80, 0xF0, 0x1F, 0x03, 0xE0, 0xDF, 0x7B, 0x7E,
    0x60, 0x0C, 0x01, 0x80, 0x30, 0x00, 0x00, 0x3E, 0x5F, 0xFE, 0x1F, 0x03, 0xC0, 0xF0, 0x3C, 0x0F,
    0x03, 0xE0, 0xDC, 0xF3, 0xFC, 0x33, 0x00, 0xC0, 0x30, 0x0C, 0x00, 0xDF, 0xFF, 0x87, 0x0C, 0x18,
    0x30, 0x60, 0xC1, 0x83, 0x00, 0x3F, 0x3F, 0xD8, 0x6C, 0x07, 0x81, 0xF8, 0x1E, 0x03, 0x41, 0xB9,
    0xCF, 0xC1, 0x80, 0x30, 0x60, 0xC7, 0xFF, 0xE6, 0x0C, 0x18, 0x30, 0x60, 0xC1, 0x83, 0x83, 0x80,
    0xC0, 0xB0, 0x3C, 0x0F, 0x03, 0xC0, 0xF0, 0x3C, 0x0F, 0x03, 0xE1, 0x9C, 0xE3, 0xF0, 0x00, 0xC0,
    0x6C, 0x19, 0x83, 0x38, 0xE3, 0x18, 0x63, 0x06, 0xC0, 0xD8, 0x0E, 0x01, 0xC0, 0x38, 0x00, 0x00,
    0xC0, 0x06, 0xC0, 0x0D, 0x86, 0x1B, 0x1C, 0x63, 0x3C, 0xC6, 0x79, 0x8D, 0xB6, 0x0F, 0x3C, 0x1C,
    0x78, 0x38, 0x60, 0x30, 0xC0, 0x00, 0x00, 0xC0, 0xD8, 0x67, 0x38, 0xEC, 0x1E, 0x03, 0x01, 0xE0,
    0xFC, 0x33, 0x18, 0x6E, 0x0C, 0x00, 0xC0, 0xB0, 0x3C, 0x0F, 0x03, 0xC0, 0xF0, 0x3C, 0x0F, 0x03,
    0xE1, 0xDC, 0xF7, 0xFC, 0x66, 0x01, 0x99, 0xE7, 0xF0, 0x60, 0x7F, 0x8F, 0xE0, 0x30, 0x1C, 0x06,
    0x03, 0x01, 0xC0, 0xE0, 0x30, 0x1F, 0xC7, 0xF8, 0x03, 0x07, 0x87, 0x03, 0x01, 0x80, 0xC0, 0x60,
    0x30, 0x38, 0x78, 0x1C, 0x03, 0x01, 0x80, 0xC0, 0x60, 0x30, 0x18, 0x07, 0x01, 0xC0, 0x00, 0x7F,
    0xFF, 0xFF, 0xFF, 0xFF, 0xC0, 0x60, 0x3C, 0x07, 0x01, 0x80, 0xC0, 0x60, 0x30, 0x18, 0x0E, 0x03,
    0xC1, 0xC1, 0x80, 0xC0, 0x60, 0x30, 0x18, 0x0C, 0x1C, 0x1C, 0x00, 0x00, 0x00, 0xFB, 0xFF, 0x86,
    0xFC, 0xFF, 0xFF, 0xFC, 0x06, 0x01, 0x80, 0xF8, 0xFF, 0x76, 0x59, 0x86, 0x61, 0x98, 0x66, 0x19,
    0x86, 0x60, 0xFB, 0x1F, 0xC1, 0xC0, 0x60, 0x07, 0xC0, 0xFF, 0x06, 0x1C, 0x70, 0x03, 0x00, 0x18,
    0x00, 0xC0, 0x0F, 0xF8, 0x18, 0x00, 0xC0, 0x06, 0x00, 0x30, 0x01, 0x80, 0x1F, 0x85, 0xFF, 0xE8,
    0x1E, 0x00, 0x7F, 0xBF, 0xCC, 0x6C, 0x33, 0x19, 0x9D, 0xFE, 0xC9, 0x00, 0xC0, 0x2E, 0x06, 0x60,
    0xE3, 0x0C, 0x39, 0x81, 0xF8, 0x0F, 0x03, 0xF0, 0x7F, 0xC0, 0x60, 0x3F, 0xC7, 0xFC, 0x06, 0x00,
    0x60, 0x06, 0x00, 0x7F, 0xFF, 0xC0, 0xFF, 0xFF, 0xC0, 0x0F, 0x07, 0xF8, 0xC3, 0x18, 0x03, 0x00,
    0x7C, 0x0F, 0xE3, 0x9E, 0x60, 0xCC, 0x19, 0xE3, 0x1F, 0xC0, 0x78, 0x03, 0x80, 0x33, 0x06, 0x7F,
    0x87, 0xE0, 0x4F, 0xB4, 0xC0, 0x03, 0xE0, 0x0F, 0xF8, 0x18, 0x1C, 0x31, 0xC6, 0x67, 0xF6, 0x66,
    0x23, 0x4C, 0x03, 0x4C, 0x03, 0x4C, 0x03, 0x6E, 0x03, 0x67, 0xF2, 0x33, 0xE6, 0x38, 0x0C, 0x1E,
    0x38, 0x07, 0xF0, 0x00, 0x00, 0x7E, 0xFF, 0x1E, 0x3C, 0x6F, 0xDF, 0x80, 0x19, 0x9D, 0xDC, 0xCC,
    0xCC, 0xE7, 0x31, 0xDC, 0x67, 0x19, 0x80, 0xFF, 0xFF, 0xFF, 0x00, 0x30, 0x03, 0x00, 0x30, 0x03,
    0x7B, 0xF0, 0x00, 0x1F, 0x07, 0xF1, 0xBB, 0x27, 0xA4, 0xF6, 0x9C, 0xDA, 0xD3, 0x5E, 0x3F, 0x83,
    0xE0, 0x01, 0xFC, 0x00, 0x38, 0xFB, 0x1E, 0x3E, 0xCF, 0x84, 0x00, 0x08, 0x0E, 0x07, 0x1F, 0xFF,
    0xF8, 0xE0, 0x70, 0x10, 0x00, 0x7F, 0xFF, 0xE0, 0x77, 0xE6, 0x66, 0x73, 0xE0, 0xFF, 0x99, 0xF1,
    0xCF, 0xCC, 0x36, 0xE4, 0xC0, 0xB0, 0x6C, 0x1B, 0x06, 0xC1, 0xB0, 0x6C, 0x1B, 0x06, 0xE1, 0xBD,
    0xEF, 0xEB, 0x20, 0xC0, 0x30, 0x00, 0x00, 0x1F, 0xE7, 0xFD, 0xFC, 0xBF, 0x97, 0xF2, 0xFE, 0x5F,
    0xCB, 0xF9, 0x3F, 0x21, 0xE4, 0x04, 0x80, 0x90, 0x12, 0x02, 0x40, 0xC8, 0xF8, 0x04, 0x00, 0x7C,
    0x33, 0x6E, 0x3F, 0xF3, 0x33, 0x30, 0x3C, 0xFF, 0x1E, 0x3C, 0x6F, 0xCF, 0x00, 0x44, 0x33, 0x1D,
    0xC7, 0x71, 0x99, 0xDC, 0xCC, 0xCC, 0x66, 0x00, 0x60, 0x67, 0x03, 0x38, 0x30, 0xC3, 0x86, 0x18,
    0x31, 0x81, 0x9C, 0x00, 0xC0, 0x0C, 0x20, 0xE3, 0x86, 0x3C, 0x63, 0x67, 0x1F, 0x30, 0xFB, 0x00,
    0x80, 0x00, 0x60, 0x6E, 0x06, 0xE0, 0xC6, 0x18, 0x61, 0x86, 0x30, 0x66, 0x00, 0x60, 0x0C, 0xF1,
    0x9F, 0x19, 0x33, 0x07, 0x60, 0xE6, 0x0C, 0xC1, 0xF0, 0x00, 0xF8, 0x33, 0xC1, 0xC6, 0x06, 0x3E,
    0x30, 0x18, 0xC2, 0x66, 0x0F, 0x30, 0x18, 0xC0, 0x06, 0x10, 0x30, 0xE0, 0xC7, 0x86, 0x3E, 0x30,
    0xFC, 0xC3, 0xE6, 0x01, 0x80, 0x00, 0x04, 0x03, 0x80, 0x40, 0x00, 0x04, 0x01, 0x80, 0x60, 0x78,
    0x3C, 0x18, 0x06, 0x01, 0x80, 0x60, 0x18, 0x73, 0xF8, 0x7C, 0x08, 0x00, 0x60, 0x01, 0x80, 0x00,
    0x00, 0x30, 0x03, 0x80, 0x1C, 0x00, 0xF0, 0x0D, 0x80, 0x66, 0x06, 0x30, 0x31, 0x81, 0x86, 0x1F,
    0xF0, 0xFF, 0xCC, 0x06, 0x60, 0x3B, 0x00, 0xF0, 0x06, 0x00, 0x00, 0x00, 0xC0, 0x0E, 0x00, 0xE0,
    0x00, 0x00, 0x30, 0x03, 0x80, 0x1C, 0x00, 0xF0, 0x0D, 0x80, 0x66, 0x06, 0x30, 0x31, 0x81, 0x86,
    0x1F, 0xF0, 0xFF, 0xCC, 0x06, 0x60, 0x3B, 0x00, 0xF0, 0x06, 0x00, 0x00, 0x02, 0x00, 0x38, 0x03,
    0xE0, 0x11, 0x80, 0x30, 0x03, 0x80, 0x1C, 0x00, 0xF0, 0x0D, 0x80, 0x66, 0x06, 0x30, 0x31, 0x81,
    0x86, 0x1F, 0xF0, 0xFF, 0xCC, 0x06, 0x60, 0x3B, 0x00, 0xF0, 0x06, 0x00, 0x00, 0x0C, 0x40, 0xFE,
    0x06, 0xF0, 0x00, 0x00, 0x30, 0x03, 0x80, 0x1C, 0x00, 0xF0, 0x0D, 0x80, 0x66, 0x06, 0x30, 0x31,
    0x81, 0x86, 0x1F, 0xF0, 0xFF, 0xCC, 0x06, 0x60, 0x3B, 0x00, 0xF0, 0x06, 0x00, 0x00, 0x00, 0x00,
    0x6E, 0x03, 0x70, 0x00, 0x00, 0x30, 0x03, 0x80, 0x1C, 0x00, 0xF0, 0x0D, 0x80, 0x66, 0x06, 0x30,
    0x31, 0x81, 0x86, 0x1F, 0xF0, 0xFF, 0xCC, 0x06, 0x60, 0x3B, 0x00, 0xF0, 0x06, 0x00, 0x00, 0x07,
    0x80, 0x6C, 0x03, 0x60, 0x0F, 0x00, 0x70, 0x03, 0x80, 0x1E, 0x01, 0xB0, 0x0C, 0xC0, 0xC6, 0x06,
    0x30, 0x30, 0xC3, 0xFE, 0x1F, 0xF9, 0x80, 0xCC, 0x07, 0x60, 0x1E, 0x00, 0xC0, 0x00, 0x00, 0x7F,
    0xC0, 0x0F, 0xF8, 0x03, 0x80, 0x00, 0xF0, 0x00, 0x1E, 0x00, 0x06, 0xC0, 0x01, 0x98, 0x00, 0x73,
    0xFE, 0x0C, 0x7F, 0x03, 0x0C, 0x00, 0xFF, 0x80, 0x1F, 0xF0, 0x06, 0x06, 0x01, 0xC0, 0xFF, 0xB0,
    0x1F, 0xF0, 0x00, 0x00, 0x0F, 0xC1, 0xFF, 0x38, 0x36, 0x00, 0xE0, 0x0C, 0x00, 0xC0, 0x0C, 0x00,
    0xC0, 0x0C, 0x00, 0xC0, 0x06, 0x00, 0x70, 0x03, 0xCF, 0x1F, 0xE0, 0x30, 0x06, 0x00, 0x60, 0x10,
    0x0E, 0x01, 0xC0, 0x00, 0x7F, 0xDF, 0xF6, 0x01, 0x80, 0x60, 0x18, 0x07, 0xF1, 0xFE, 0x60, 0x18,
    0x06, 0x01, 0x80, 0x60, 0x1F, 0xF7, 0xFC, 0x01, 0x00, 0xE0, 0x70, 0x00, 0x7F, 0xDF, 0xF6, 0x01,
    0x80, 0x60, 0x18, 0x07, 0xF1, 0xFE, 0x60, 0x18, 0x06, 0x01, 0x80, 0x60, 0x1F, 0xF7, 0xFC, 0x04,
    0x03, 0x81, 0xF0, 0x44, 0x7F, 0xDF, 0xF6, 0x01, 0x80, 0x60, 0x18, 0x07, 0xF1, 0xFE, 0x60, 0x18,
    0x06, 0x01, 0x80, 0x60, 0x1F, 0xF7, 0xFC, 0x00, 0x06, 0xE1, 0xB8, 0x00, 0x7F, 0xDF, 0xF6, 0x01,
    0x80, 0x60, 0x18, 0x07, 0xF1, 0xFE, 0x60, 0x18, 0x06, 0x01, 0x80, 0x60, 0x1F, 0xF7, 0xFC, 0x47,
    0x1C, 0x01, 0x0C, 0x63, 0x18, 0xC6, 0x31, 0x8C, 0x63, 0x18, 0xC6, 0x11, 0xDC, 0x04, 0x31, 0x8C,
    0x63, 0x18, 0xC6, 0x31, 0x8C, 0x63, 0x18, 0x21, 0xCF, 0xA2, 0x20, 0xC3, 0x0C, 0x30, 0xC3, 0x0C,
    0x30, 0xC3, 0x0C, 0x30, 0xC3, 0x00, 0x00, 0xDD, 0xB8, 0x01, 0x03, 0x06, 0x0C, 0x18, 0x30, 0x60,
    0xC1, 0x83, 0x06, 0x0C, 0x18, 0x30, 0x60, 0x3F, 0xC0, 0xFF, 0xC3, 0x03, 0x8C, 0x06, 0x30, 0x0C,
    0xC0, 0x3F, 0x80, 0xFE, 0x03, 0x30, 0x0C, 0xC0, 0x33, 0x00, 0xCC, 0x07, 0x30, 0x18, 0xFF, 0xC3,
    0xFE, 0x00, 0x0C, 0x40, 0xFE, 0x06, 0xF0, 0x00, 0x04, 0x01, 0x30, 0x0D, 0xC0, 0x6F, 0x03, 0x78,
    0x1B, 0x60, 0xDB, 0x86, 0xCE, 0x36, 0x31, 0xB0, 0xCD, 0x87, 0x6C, 0x1F, 0x60, 0x7B, 0x01, 0xD0,
    0x0E, 0x08, 0x00, 0x38, 0x00, 0x70, 0x00, 0x00, 0x0F, 0xC0, 0xFF, 0xC7, 0x03, 0x98, 0x06, 0xC0,
    0x0F, 0x00, 0x3C, 0x00, 0xF0, 0x03, 0xC0, 0x0F, 0x00, 0x3C, 0x00, 0xF8, 0x06, 0x70, 0x38, 0xF3,
    0xC1, 0xFE, 0x00, 0xC0, 0x00, 0x40, 0x07, 0x00, 0x38, 0x00, 0x00, 0x0F, 0xC0, 0xFF, 0xC7, 0x03,
    0x98, 0x06, 0xC0, 0x0F, 0x00, 0x3C, 0x00, 0xF0, 0x03, 0xC0, 0x0F, 0x00, 0x3C, 0x00, 0xF8, 0x06,
    0x70, 0x38, 0xF3, 0xC1, 0xFE, 0x00, 0xC0, 0x00, 0x00, 0x1E, 0x00, 0xFC, 0x03, 0x30, 0x0F, 0xC0,
    0xFF, 0xC7, 0x03, 0x98, 0x06, 0xC0, 0x0F, 0x00, 0x3C, 0x00, 0xF0, 0x03, 0xC0, 0x0F, 0x00, 0x3C,
    0x00, 0xF8, 0x06, 0x70, 0x38, 0xF3, 0xC1, 0xFE, 0x00, 0xC0, 0x06, 0x40, 0x3F, 0x81, 0x9C, 0x00,
    0x00, 0x0F, 0xC0, 0xFF, 0xC7, 0x03, 0x98, 0x06, 0xC0, 0x0F, 0x00, 0x3C, 0x00, 0xF0, 0x03, 0xC0,
    0x0F, 0x00, 0x3C, 0x00, 0xF8, 0x06, 0x70, 0x38, 0xF3, 0xC1, 0xFE, 0x00, 0xC0, 0x00, 0x00, 0x33,
    0x00, 0xCC, 0x00, 0x00, 0x0F, 0xC0, 0xFF, 0xC7, 0x03, 0x98, 0x06, 0xC0, 0x0F, 0x00, 0x3C, 0x00,
    0xF0, 0x03, 0xC0, 0x0F, 0x00, 0x3C, 0x00, 0xF8, 0x06, 0x70, 0x38, 0xF3, 0xC1, 0xFE, 0x00, 0xC0,
    0xC3, 0xE7, 0x7E, 0x3C, 0x3C, 0x7C, 0xE6, 0xC3, 0x00, 0x00, 0x3F, 0x33, 0xFF, 0x9C, 0x0E, 0x60,
    0x7B, 0x03, 0xBC, 0x0C, 0xF0, 0x63, 0xC3, 0x0F, 0x18, 0x3C, 0xE0, 0xF7, 0x03, 0xF8, 0x19, 0xC0,
    0xE7, 0xCF, 0x3F, 0xF8, 0xC3, 0x00, 0x08, 0x01, 0xC0, 0x0E, 0x00, 0x00, 0x40, 0x16, 0x03, 0x60,
    0x36, 0x03, 0x60, 0x36, 0x03, 0x60, 0x36, 0x03, 0x60, 0x36, 0x03, 0x60, 0x36, 0x03, 0x70, 0x73,
    0xDE, 0x1F, 0xC0, 0x20, 0x00, 0x80, 0x1C, 0x03, 0x80, 0x00, 0x40, 0x16, 0x03, 0x60, 0x36, 0x03,
    0x60, 0x36, 0x03, 0x60, 0x36, 0x03, 0x60, 0x36, 0x03, 0x60, 0x36, 0x03, 0x70, 0x73, 0xDE, 0x1F,
    0xC0, 0x20, 0x02, 0x00, 0x70, 0x0F, 0x80, 0x88, 0x40, 0x16, 0x03, 0x60, 0x36, 0x03, 0x60, 0x36,
    0x03, 0x60, 0x36, 0x03, 0x60, 0x36, 0x03, 0x60, 0x36, 0x03, 0x70, 0x73, 0xDE, 0x1F, 0xC0, 0x20,
    0x00, 0x00, 0xD8, 0x0D, 0x80, 0x00, 0x40, 0x16, 0x03, 0x60, 0x36, 0x03, 0x60, 0x36, 0x03, 0x60,
    0x36, 0x03, 0x60, 0x36, 0x03, 0x60, 0x36, 0x03, 0x70, 0x73, 0xDE, 0x1F, 0xC0, 0x20, 0x00, 0x80,
    0x38, 0x07, 0x00, 0x00, 0xC0, 0x2E, 0x06, 0x60, 0xE3, 0x0C, 0x39, 0x81, 0xF8, 0x0F, 0x00, 0x60,
    0x06, 0x00, 0x60, 0x06, 0x00, 0x60, 0x06, 0x00, 0x60, 0x06, 0x00, 0x40, 0x0C, 0x01, 0x80, 0x3F,
    0x87, 0xF8, 0xC3, 0x98, 0x3B, 0x03, 0x60, 0x6C, 0x19, 0xFF, 0x3F, 0xC6, 0x00, 0xC0, 0x18, 0x03,
    0x00, 0x02, 0x00, 0xF8, 0x1D, 0xC3, 0x0C, 0x30, 0xC7, 0x1C, 0xF3, 0x83, 0x1E, 0x30, 0x63, 0x03,
    0x30, 0x33, 0x03, 0x30, 0x33, 0x07, 0x34, 0xE3, 0x7C, 0x03, 0x00, 0x10, 0x06, 0x01, 0xC0, 0x10,
    0x3F, 0x5F, 0xFE, 0x1F, 0x03, 0xC0, 0xF0, 0x3C, 0x0F, 0x03, 0xE0, 0xDC, 0xF3, 0xFC, 0x30, 0x03,
    0x01, 0x80, 0xE0, 0x00, 0x3F, 0x5F, 0xFE, 0x1F, 0x03, 0xC0, 0xF0, 0x3C, 0x0F, 0x03, 0xE0, 0xDC,
    0xF3, 0xFC, 0x30, 0x0E, 0x07, 0x83, 0x30, 0x00, 0x3F, 0x5F, 0xFE, 0x1F, 0x03, 0xC0, 0xF0, 0x3C,
    0x0F, 0x03, 0xE0, 0xDC, 0xF3, 0xFC, 0x30, 0x39, 0x8F, 0xE2, 0x70, 0x00, 0x3F, 0x5F, 0xFE, 0x1F,
    0x03, 0xC0, 0xF0, 0x3C, 0x0F, 0x03, 0xE0, 0xDC, 0xF3, 0xFC, 0x30, 0x13, 0x0E, 0xC1, 0x30, 0x00,
    0x3F, 0x5F, 0xFE, 0x1F, 0x03, 0xC0, 0xF0, 0x3C, 0x0F, 0x03, 0xE0, 0xDC, 0xF3, 0xFC, 0x30, 0x0E,
    0x07, 0x81, 0x30, 0x78, 0x0C, 0x0F, 0xD7, 0xFF, 0x87, 0xC0, 0xF0, 0x3C, 0x0F, 0x03, 0xC0, 0xF8,
    0x37, 0x3C, 0xFF, 0x0C, 0x00, 0x3E, 0x7E, 0x3F, 0xFF, 0xB0, 0x70, 0xF0, 0x30, 0x31, 0xFF, 0xFB,
    0xFF, 0xFF, 0x86, 0x01, 0x83, 0x00, 0xC3, 0xC1, 0xF3, 0xF1, 0xDF, 0x9F, 0xC2, 0x01, 0x00, 0x3F,
    0x1F, 0xE6, 0x0B, 0x00, 0xC0, 0x30, 0x0C, 0x03, 0x00, 0xE0, 0x1C, 0x63, 0xF8, 0x30, 0x18, 0x06,
    0x00, 0x30, 0x0E, 0x01, 0xC0, 0x20, 0x3F, 0x1F, 0xEE, 0x1B, 0x03, 0xFF, 0xFF, 0xFC, 0x03, 0x00,
    0xE0, 0xDC, 0x73, 0xF8, 0x30, 0x02, 0x01, 0x80, 0xC0, 0x20, 0x3F, 0x1F, 0xEE, 0x1B, 0x03, 0xFF,
    0xFF, 0xFC, 0x03, 0x00, 0xE0, 0xDC, 0x73, 0xF8, 0x30, 0x0C, 0x07, 0x83, 0x30, 0x00, 0x3F, 0x1F,
    0xEE, 0x1B, 0x03, 0xFF, 0xFF, 0xFC, 0x03, 0x00, 0xE0, 0xDC, 0x73, 0xF8, 0x30, 0x32, 0x0C, 0xC3,
    0x30, 0x00, 0x3F, 0x1F, 0xEE, 0x1B, 0x03, 0xFF, 0xFF, 0xFC, 0x03, 0x00, 0xE0, 0xDC, 0x73, 0xF8,
    0x30, 0x46, 0x31, 0x33, 0x33, 0x33, 0x33, 0x33, 0x30, 0x36, 0xE4, 0xCC, 0xCC, 0xCC, 0xCC, 0xCC,
    0xC0, 0x39, 0xEC, 0xC0, 0x30, 0xC3, 0x0C, 0x30, 0xC3, 0x0C, 0x30, 0xC3, 0x00, 0x4F, 0xB4, 0xC0,
    0x30, 0xC3, 0x0C, 0x30, 0xC3, 0x0C, 0x30, 0xC3, 0x00, 0x10, 0x0F, 0x00, 0xFC, 0x7C, 0x19, 0x8F,
    0xE7, 0xFF, 0x87, 0xC0, 0xF0, 0x3C, 0x0F, 0x03, 0xC0, 0xF8, 0x67, 0xF8, 0xFC, 0x00, 0x00, 0x19,
    0x8F, 0xE2, 0x70, 0x00, 0xDF, 0x3F, 0xEE, 0x1F, 0x03, 0xC0, 0xF0, 0x3C, 0x0F, 0x03, 0xC0, 0xF0,
    0x3C, 0x0C, 0x10, 0x03, 0x00, 0x30, 0x02, 0x01, 0xF0, 0xFF, 0x18, 0x36, 0x07, 0xC0, 0x78, 0x0F,
    0x01, 0xE0, 0x3E, 0x0C, 0xE7, 0x8F, 0xE0, 0x60, 0x03, 0x00, 0xE0, 0x18, 0x02, 0x01, 0xF0, 0xFF,
    0x18, 0x36, 0x07, 0xC0, 0x78, 0x0F, 0x01, 0xE0, 0x3E, 0x0C, 0xE7, 0x8F, 0xE0, 0x60, 0x0E, 0x03,
    0xE0, 0x4C, 0x00, 0x01, 0xF0, 0xFF, 0x18, 0x36, 0x07, 0xC0, 0x78, 0x0F, 0x01, 0xE0, 0x3E, 0x0C,
    0xE7, 0x8F, 0xE0, 0x60, 0x19, 0x87, 0xF0, 0x9C, 0x00, 0x01, 0xF0, 0xFF, 0x18, 0x36, 0x07, 0xC0,
    0x78, 0x0F, 0x01, 0xE0, 0x3E, 0x0C, 0xE7, 0x8F, 0xE0, 0x60, 0x13, 0x07, 0x60, 0x4C, 0x00, 0x01,
    0xF0, 0xFF, 0x18, 0x36, 0x07, 0xC0, 0x78, 0x0F, 0x01, 0xE0, 0x3E, 0x0C, 0xE7, 0x8F, 0xE0, 0x60,
    0x0C, 0x03, 0x00, 0xC0, 0x00, 0xFF, 0xFF, 0xF0, 0x00, 0x20, 0x0C, 0x03, 0x00, 0x00, 0x03, 0xFD,
    0xFF, 0x30, 0xEC, 0x3F, 0x8E, 0xF3, 0x9E, 0xE3, 0xD8, 0x7E, 0x19, 0xCF, 0x7F, 0xCC, 0xC0, 0x30,
    0x0E, 0x01, 0xC0, 0x20, 0xC0, 0xB0, 0x3C, 0x0F, 0x03, 0xC0, 0xF0, 0x3C, 0x0F, 0x03, 0xE1, 0x9C,
    0xE3, 0xF0, 0x00, 0x06, 0x01, 0x80, 0xC0, 0x20, 0xC0, 0xB0, 0x3C, 0x0F, 0x03, 0xC0, 0xF0, 0x3C,
    0x0F, 0x03, 0xE1, 0x9C, 0xE3, 0xF0, 0x00, 0x0C, 0x07, 0x83, 0x30, 0x00, 0xC0, 0xB0, 0x3C, 0x0F,
    0x03, 0xC0, 0xF0, 0x3C, 0x0F, 0x03, 0xE1, 0x9C, 0xE3, 0xF0, 0x00, 0x32, 0x0C, 0xC3, 0x30, 0x00,
    0xC0, 0xB0, 0x3C, 0x0F, 0x03, 0xC0, 0xF0, 0x3C, 0x0F, 0x03, 0xE1, 0x9C, 0xE3, 0xF0, 0x00, 0x06,
    0x01, 0x80, 0xC0, 0x20, 0xC0, 0xB0, 0x3C, 0x0F, 0x03, 0xC0, 0xF0, 0x3C, 0x0F, 0x03, 0xE1, 0xDC,
    0xF7, 0xFC, 0x66, 0x01, 0x99, 0xE7, 0xF0, 0x60, 0x40, 0x18, 0x03, 0x00, 0x60, 0x0C, 0x01, 0xBE,
    0x3F, 0xE7, 0x86, 0xE0, 0xF8, 0x0F, 0x01, 0xE0, 0x3E, 0x07, 0xC1, 0xBE, 0xF6, 0xFC, 0xC0, 0x18,
    0x03, 0x00, 0x60, 0x00, 0x00, 0x32, 0x0C, 0xC3, 0x30, 0x00, 0xC0, 0xB0, 0x3C, 0x0F, 0x03, 0xC0,
    0xF0, 0x3C, 0x0F, 0x03, 0xE1, 0xDC, 0xF7, 0xFC, 0x66, 0x01, 0x99, 0xE7, 0xF0, 0x60, 0x1F, 0xC0,
    0x7E, 0x00, 0x00, 0x06, 0x00, 0x70, 0x03, 0x80, 0x1E, 0x01, 0xB0, 0x0C, 0xC0, 0xC6, 0x06, 0x30,
    0x30, 0xC3, 0xFE, 0x1F, 0xF9, 0x80, 0xCC, 0x07, 0x60, 0x1E, 0x00, 0xC0, 0x00, 0x00, 0x0F, 0xE0,
    0x00, 0x00, 0x3F, 0x5F, 0xFE, 0x1F, 0x03, 0xC0, 0xF0, 0x3C, 0x0F, 0x03, 0xE0, 0xDC, 0xF3, 0xFC,
    0x30, 0x08, 0xC0, 0x7E, 0x01, 0xE0, 0x00, 0x00, 0x30, 0x03, 0x80, 0x1C, 0x00, 0xF0, 0x0D, 0x80,
    0x66, 0x06, 0x30, 0x31, 0x81, 0x86, 0x1F, 0xF0, 0xFF, 0xCC, 0x06, 0x60, 0x3B, 0x00, 0xF0, 0x06,
    0x00, 0x00, 0x21, 0x0C, 0xC3, 0xF0, 0x78, 0x00, 0x0F, 0xD7, 0xFF, 0x87, 0xC0, 0xF0, 0x3C, 0x0F,
    0x03, 0xC0, 0xF8, 0x37, 0x3C, 0xFF, 0x0C, 0x00, 0x03, 0x00, 0x1C, 0x00, 0x70, 0x01, 0xE0, 0x0D,
    0x80, 0x33, 0x01, 0x8C, 0x06, 0x30, 0x18, 0x60, 0xFF, 0x83, 0xFF, 0x18, 0x0C, 0x60, 0x39, 0x80,
    0x6C, 0x01, 0x80, 0x0C, 0x00, 0x60, 0x01, 0xF0, 0x03, 0xC0, 0x3F, 0x4F, 0xFB, 0x87, 0x60, 0x6C,
    0x0D, 0x81, 0xB0, 0x36, 0x06, 0xE0, 0xCE, 0x78, 0xFF, 0x06, 0xE0, 0x10, 0x03, 0xC0, 0x78, 0x00,
    0x00, 0x40, 0x0C, 0x01, 0x80, 0x00, 0x0F, 0xC1, 0xFF, 0x38, 0x36, 0x00, 0xE0, 0x0C, 0x00, 0xC0,
    0x0C, 0x00, 0xC0, 0x0C, 0x00, 0xC0, 0x06, 0x00, 0x70, 0x03, 0xCF, 0x1F, 0xE0, 0x30, 0x03, 0x01,
    0xC0, 0x60, 0x10, 0x3F, 0x1F, 0xE6, 0x0B, 0x00, 0xC0, 0x30, 0x0C, 0x03, 0x00, 0xE0, 0x1C, 0x63,
    0xF8, 0x30, 0x00, 0x00, 0x38, 0x07, 0xC0, 0xC4, 0x0F, 0xC1, 0xFF, 0x38, 0x36, 0x00, 0xE0, 0x0C,
    0x00, 0xC0, 0x0C, 0x00, 0xC0, 0x0C, 0x00, 0xC0, 0x06, 0x00, 0x70, 0x03, 0xCF, 0x1F, 0xE0, 0x30,
    0x0E, 0x07, 0xC1, 0x30, 0x00, 0x3F, 0x1F, 0xE6, 0x0B, 0x00, 0xC0, 0x30, 0x0C, 0x03, 0x00, 0xE0,
    0x1C, 0x63, 0xF8, 0x30, 0x03, 0x00, 0x30, 0x00, 0x00, 0xFC, 0x1F, 0xF3, 0x83, 0x60, 0x0E, 0x00,
    0xC0, 0x0C, 0x00, 0xC0, 0x0C, 0x00, 0xC0, 0x0C, 0x00, 0x60, 0x07, 0x00, 0x3C, 0xF1, 0xFE, 0x03,
    0x00, 0x0C, 0x03, 0x00, 0x00, 0xFC, 0x7F, 0x98, 0x2C, 0x03, 0x00, 0xC0, 0x30, 0x0C, 0x03, 0x80,
    0x71, 0x8F, 0xE0, 0xC0, 0x0C, 0xC0, 0x7C, 0x03, 0x80, 0x00, 0x0F, 0xC1, 0xFF, 0x38, 0x36, 0x00,
    0xE0, 0x0C, 0x00, 0xC0, 0x0C, 0x00, 0xC0, 0x0C, 0x00, 0xC0, 0x06, 0x00, 0x70, 0x03, 0xCF, 0x1F,
    0xE0, 0x30, 0x11, 0x07, 0xC0, 0xE0, 0x10, 0x3F, 0x1F, 0xE6, 0x0B, 0x00, 0xC0, 0x30, 0x0C, 0x03,
    0x00, 0xE0, 0x1C, 0x63, 0xF8, 0x30, 0x11, 0x00, 0xF8, 0x03, 0x80, 0x00, 0x07, 0xF8, 0x3F, 0xF1,
    0x81, 0xCC, 0x06, 0x60, 0x1B, 0x00, 0xD8, 0x06, 0xC0, 0x36, 0x01, 0xB0, 0x0D, 0x80, 0x6C, 0x07,
    0x60, 0x33, 0xFF, 0x1F, 0xF0, 0x00, 0x58, 0x03, 0x70, 0x0C, 0xC0, 0x36, 0x00, 0xD0, 0xFB, 0x07,
    0xFC, 0x38, 0x70, 0xC0, 0xC3, 0x03, 0x0C, 0x0C, 0x30, 0x30, 0xC0, 0xC3, 0x83, 0x07, 0x3C, 0x0F,
    0xF0, 0x0C, 0x00, 0x3F, 0xC0, 0xFF, 0xC3, 0x03, 0x8C, 0x06, 0x30, 0x0C, 0xC0, 0x3F, 0x80, 0xFE,
    0x03, 0x30, 0x0C, 0xC0, 0x33, 0x00, 0xCC, 0x07, 0x30, 0x18, 0xFF, 0xC3, 0xFE, 0x00, 0x00, 0x40,
    0x0C, 0x01, 0xE0, 0x3F, 0x00, 0xC3, 0xEC, 0x7F, 0xCE, 0x1C, 0xC0, 0xCC, 0x0C, 0xC0, 0xCC, 0x0C,
    0xC0, 0xCE, 0x0C, 0x73, 0xC3, 0xFC, 0x0C, 0x00, 0x3F, 0x8F, 0xE0, 0x01, 0xFF, 0x7F, 0xD8, 0x06,
    0x01, 0x80, 0x60, 0x1F, 0xC7, 0xF9, 0x80, 0x60, 0x18, 0x06, 0x01, 0x80, 0x7F, 0xDF, 0xF0, 0x00,
    0x0F, 0xC0, 0x00, 0x00, 0x3F, 0x1F, 0xEE, 0x1B, 0x03, 0xFF, 0xFF, 0xFC, 0x03, 0x00, 0xE0, 0xDC,
    0x73, 0xF8, 0x30, 0x31, 0x87, 0xE0, 0xF0, 0x00, 0x7F, 0xDF, 0xF6, 0x01, 0x80, 0x60, 0x18, 0x07,
    0xF1, 0xFE, 0x60, 0x18, 0x06, 0x01, 0x80, 0x60, 0x1F, 0xF7, 0xFC, 0x21, 0x0C, 0xC3, 0xE0, 0x78,
    0x00, 0x0F, 0xC7, 0xFB, 0x86, 0xC0, 0xFF, 0xFF, 0xFF, 0x00, 0xC0, 0x38, 0x37, 0x1C, 0xFE, 0x0C,
    0x00, 0x0E, 0x03, 0x80, 0x01, 0xFF, 0x7F, 0xD8, 0x06, 0x01, 0x80, 0x60, 0x1F, 0xC7, 0xF9, 0x80,
    0x60, 0x18, 0x06, 0x01, 0x80, 0x7F, 0xDF, 0xF0, 0x0C, 0x03, 0x00, 0x00, 0xFC, 0x7F, 0xB8, 0x6C,
    0x0F, 0xFF, 0xFF, 0xF0, 0x0C, 0x03, 0x83, 0x71, 0xCF, 0xE0, 0xC0, 0x7F, 0xDF, 0xF6, 0x01, 0x80,
    0x60, 0x18, 0x07, 0xF1, 0xFE, 0x60, 0x18, 0x06, 0x01, 0x80, 0x60, 0x1F, 0xF7, 0xFC, 0x0E, 0x03,
    0x00, 0xF0, 0x3C, 0x3F, 0x1F, 0xEE, 0x1B, 0x03, 0xFF, 0xFF, 0xFC, 0x03, 0x00, 0xE0, 0xDC, 0x73,
    0xF8, 0x3C, 0x06, 0x01, 0xF0, 0x3C, 0x11, 0x07, 0xC0, 0xE0, 0x00, 0x7F, 0xDF, 0xF6, 0x01, 0x80,
    0x60, 0x18, 0x07, 0xF1, 0xFE, 0x60, 0x18, 0x06, 0x01, 0x80, 0x60, 0x1F, 0xF7, 0xFC, 0x33, 0x0F,
    0xC1, 0xE0, 0x00, 0x3F, 0x1F, 0xEE, 0x1B, 0x03, 0xFF, 0xFF, 0xFC, 0x03, 0x00, 0xE0, 0xDC, 0x73,
    0xF8, 0x30, 0x00, 0x00, 0x3C, 0x03, 0xE0, 0x11, 0x80, 0xFE, 0x0F, 0xF8, 0xE0, 0xCC, 0x00, 0xE0,
    0x06, 0x00, 0x30, 0x01, 0x83, 0xEC, 0x1F, 0xE0, 0x0F, 0x00, 0x6C, 0x03, 0x70, 0x19, 0xF7, 0xC7,
    0xFC, 0x07, 0x00, 0x0E, 0x03, 0xE0, 0x64, 0x00, 0x03, 0xF6, 0xFF, 0xF8, 0x3E, 0x07, 0xC0, 0x78,
    0x0F, 0x01, 0xE0, 0x7E, 0x0E, 0xE7, 0xCF, 0xD8, 0x63, 0x00, 0xCE, 0x78, 0xFE, 0x06, 0x00, 0x08,
    0xC0, 0x7E, 0x01, 0xE0, 0x00, 0x00, 0xFE, 0x0F, 0xF8, 0xE0, 0xCC, 0x00, 0xE0, 0x06, 0x00, 0x30,
    0x01, 0x83, 0xEC, 0x1F, 0xE0, 0x0F, 0x00, 0x6C, 0x03, 0x70, 0x19, 0xF7, 0xC7, 0xFC, 0x07, 0x00,
    0x11, 0x06, 0x20, 0x7C, 0x07, 0x00, 0x00, 0x7E, 0xDF, 0xFF, 0x07, 0xC0, 0xF8, 0x0F, 0x01, 0xE0,
    0x3C, 0x0F, 0xC1, 0xDC, 0xF9, 0xFB, 0x0C, 0x60, 0x19, 0xCF, 0x1F, 0xC0, 0xC0, 0x03, 0x00, 0x18,
    0x00, 0x00, 0x1F, 0xC1, 0xFF, 0x1C, 0x19, 0x80, 0x1C, 0x00, 0xC0, 0x06, 0x00, 0x30, 0x7D, 0x83,
    0xFC, 0x01, 0xE0, 0x0D, 0x80, 0x6E, 0x03, 0x3E, 0xF8, 0xFF, 0x80, 0xE0, 0x0E, 0x01, 0xC0, 0x00,
    0x1F, 0xB7, 0xFF, 0xC1, 0xF0, 0x3E, 0x03, 0xC0, 0x78, 0x0F, 0x03, 0xF0, 0x77, 0x3E, 0x7E, 0xC3,
    0x18, 0x06, 0x73, 0xC7, 0xF0, 0x30, 0x00, 0x0F, 0xE0, 0xFF, 0x8E, 0x0C, 0xC0, 0x0E, 0x00, 0x60,
    0x03, 0x00, 0x18, 0x3E, 0xC1, 0xFE, 0x00, 0xF0, 0x06, 0xC0, 0x37, 0x01, 0x9F, 0x7C, 0x7F, 0xC0,
    0x70, 0x03, 0x80, 0x1C, 0x00, 0xC0, 0x06, 0x01, 0x80, 0x38, 0x07, 0x00, 0x00, 0x7E, 0xDF, 0xFF,
    0x07, 0xC0, 0xF8, 0x0F, 0x01, 0xE0, 0x3C, 0x0F, 0xC1, 0xDC, 0xF9, 0xFB, 0x0C, 0x60, 0x19, 0xCF,
    0x1F, 0xC0, 0xC0, 0x02, 0x00, 0x38, 0x03, 0xE0, 0x11, 0x04, 0x01, 0x30, 0x19, 0x80, 0xCC, 0x06,
    0x60, 0x33, 0x01, 0x98, 0x0C, 0xFF, 0xE7, 0xFF, 0x30, 0x19, 0x80, 0xCC, 0x06, 0x60, 0x33, 0x01,
    0x98, 0x0C, 0x10, 0x03, 0x80, 0x7C, 0x0C, 0x40, 0x10, 0x03, 0x00, 0x30, 0x03, 0x00, 0x30, 0x03,
    0x7C, 0x3F, 0xE3, 0x86, 0x30, 0x63, 0x03, 0x30, 0x33, 0x03, 0x30, 0x33, 0x03, 0x30, 0x33, 0x03,
    0x30, 0x08, 0x60, 0x18, 0xC0, 0x33, 0xFF, 0xE7, 0xFF, 0xE6, 0x01, 0x8C, 0x07, 0x1F, 0xFE, 0x3F,
    0xFC, 0x60, 0x18, 0xC0, 0x31, 0x80, 0x63, 0x00, 0xC6, 0x01, 0x8C, 0x03, 0x00, 0x20, 0x0C, 0x03,
    0xE0, 0x7C, 0x06, 0x00, 0xDF, 0x1F, 0xF3, 0x86, 0x60, 0xCC, 0x0D, 0x81, 0xB0, 0x36, 0x06, 0xC0,
    0xD8, 0x1B, 0x03, 0x63, 0xFF, 0x78, 0x01, 0x03, 0x06, 0x0C, 0x18, 0x30, 0x60, 0xC1, 0x83, 0x06,
    0x0C, 0x18, 0x30, 0x60, 0x67, 0xFE, 0x70, 0x03, 0x06, 0x0C, 0x18, 0x30, 0x60, 0xC1, 0x83, 0x06,
    0x0C, 0x00, 0xFF, 0xFC, 0x00, 0x81, 0x83, 0x06, 0x0C, 0x18, 0x30, 0x60, 0xC1, 0x83, 0x06, 0x0C,
    0x18, 0x30, 0x01, 0xFC, 0x00, 0x03, 0x06, 0x0C, 0x18, 0x30, 0x60, 0xC1, 0x83, 0x06, 0x0C, 0x00,
    0xC6, 0xFC, 0xF0, 0x01, 0x03, 0x06, 0x0C, 0x18, 0x30, 0x60, 0xC1, 0x83, 0x06, 0x0C, 0x18, 0x30,
    0x60, 0x87, 0x3F, 0xDE, 0x00, 0xC3, 0x0C, 0x30, 0xC3, 0x0C, 0x30, 0xC3, 0x0C, 0x23, 0x33, 0x33,
    0x33, 0x33, 0x33, 0x33, 0x7C, 0xCF, 0xF0, 0x31, 0x80, 0x63, 0x18, 0xC6, 0x31, 0x8C, 0x63, 0x19,
    0x98, 0xFB, 0xC0, 0xFC, 0x26, 0xDB, 0x6D, 0xB6, 0xDB, 0x6C, 0xFF, 0xFF, 0xFC, 0x60, 0xD8, 0x36,
    0x0D, 0x83, 0x60, 0xD8, 0x36, 0x0D, 0x83, 0x60, 0xD8, 0x30, 0x0D, 0x03, 0x61, 0xDC, 0xE3, 0xF0,
    0x30, 0xC7, 0x8C, 0x06, 0x3C, 0x78, 0xF1, 0xE3, 0xC7, 0x8F, 0x1E, 0x3C, 0x78, 0xC1, 0x83, 0x1C,
    0x38, 0x00, 0x00, 0x80, 0x38, 0x0F, 0x81, 0x10, 0x08, 0x03, 0x00, 0x60, 0x0C, 0x01, 0x80, 0x30,
    0x06, 0x00, 0xC0, 0x18, 0x03, 0x00, 0x66, 0x0C, 0xC1, 0x8E, 0xF0, 0xFC, 0x04, 0x00, 0x38, 0xF9,
    0x90, 0x01, 0x03, 0x06, 0x0C, 0x18, 0x30, 0x60, 0xC1, 0x83, 0x06, 0x0C, 0x30, 0xE3, 0x80, 0x00,
    0x40, 0x33, 0x03, 0x98, 0x38, 0xC3, 0x86, 0x38, 0x33, 0x81, 0xB8, 0x0F, 0xC0, 0x7F, 0x03, 0x9C,
    0x18, 0x70, 0xC1, 0x86, 0x06, 0x30, 0x39, 0x80, 0xC0, 0x00, 0x0E, 0x00, 0x30, 0x03, 0x00, 0x40,
    0x30, 0x0C, 0x03, 0x00, 0xC0, 0x30, 0x2C, 0x3B, 0x1C, 0xCE, 0x37, 0x0F, 0x83, 0xF0, 0xC6, 0x30,
    0xCC, 0x1B, 0x07, 0x08, 0x07, 0x00, 0xC0, 0x70, 0x18, 0x00, 0x40, 0xB0, 0xEC, 0x73, 0x38, 0xDC,
    0x3E, 0x0F, 0xC3, 0x18, 0xC3, 0x30, 0x6C, 0x1C, 0x10, 0x0E, 0x07, 0x00, 0x00, 0x40, 0x18, 0x06,
    0x01, 0x80, 0x60, 0x18, 0x06, 0x01, 0x80, 0x60, 0x18, 0x06, 0x01, 0x80, 0x60, 0x1F, 0xE7, 0xFC,
    0x11, 0xDC, 0x8C, 0x63, 0x18, 0xC6, 0x31, 0x8C, 0x63, 0x18, 0xC6, 0x30, 0x40, 0x18, 0x06, 0x01,
    0x80, 0x60, 0x18, 0x06, 0x01, 0x80, 0x60, 0x18, 0x06, 0x01, 0x80, 0x60, 0x1F, 0xE7, 0xFC, 0x00,
    0x0C, 0x03, 0x00, 0xC0, 0x26, 0x66, 0x66, 0x66, 0x66, 0x66, 0x66, 0x66, 0x67, 0x36, 0x40, 0x06,
    0x11, 0xC6, 0x31, 0x98, 0x64, 0x18, 0x06, 0x01, 0x80, 0x60, 0x18, 0x06, 0x01, 0x80, 0x60, 0x18,
    0x07, 0xF9, 0xFF, 0x5B, 0x7C, 0xF6, 0xD3, 0x0C, 0x30, 0xC3, 0x0C, 0x30, 0xC3, 0x0C, 0x30, 0x40,
    0x18, 0x06, 0x01, 0x80, 0x60, 0x18, 0x46, 0x39, 0x8C, 0x60, 0x18, 0x06, 0x01, 0x80, 0x60, 0x1F,
    0xE7, 0xFC, 0x43, 0x0C, 0x30, 0xC3, 0x0C, 0xB7, 0xCF, 0x0C, 0x30, 0xC3, 0x0C, 0x30, 0x10, 0x01,
    0x80, 0x18, 0x01, 0x80, 0x18, 0x01, 0xE0, 0x3C, 0x07, 0x80, 0x18, 0x01, 0x80, 0x18, 0x01, 0x80,
    0x18, 0x01, 0xFE, 0x1F, 0xF0, 0x10, 0x60, 0xC1, 0x83, 0x06, 0x0F, 0x1E, 0x70, 0x60, 0xC1, 0x83,
    0x06, 0x0C, 0x18, 0x00, 0x80, 0x0E, 0x00, 0xE0, 0x00, 0x04, 0x01, 0x30, 0x0D, 0xC0, 0x6F, 0x03,
    0x78, 0x1B, 0x60, 0xDB, 0x86, 0xCE, 0x36, 0x31, 0xB0, 0xCD, 0x87, 0x6C, 0x1F, 0x60, 0x7B, 0x01,
    0xD0, 0x0E, 0x03, 0x01, 0xC0, 0x60, 0x10, 0xDF, 0x3F, 0xEE, 0x1F, 0x03, 0xC0, 0xF0, 0x3C, 0x0F,
    0x03, 0xC0, 0xF0, 0x3C, 0x0C, 0x40, 0x13, 0x00, 0xDC, 0x06, 0xF0, 0x37, 0x81, 0xB6, 0x0D, 0xB8,
    0x6C, 0xE3, 0x63, 0x1B, 0x0C, 0xD8, 0x76, 0xC1, 0xF6, 0x07, 0xB0, 0x1D, 0x00, 0xE0, 0x00, 0x07,
    0x00, 0x18, 0x01, 0xC0, 0xDF, 0x3F, 0xEE, 0x1F, 0x03, 0xC0, 0xF0, 0x3C, 0x0F, 0x03, 0xC0, 0xF0,
    0x3C, 0x0C, 0x30, 0x1C, 0x01, 0x01, 0xC0, 0x60, 0x08, 0x80, 0x7C, 0x01, 0xC0, 0x00, 0x04, 0x01,
    0x30, 0x0D, 0xC0, 0x6F, 0x03, 0x78, 0x1B, 0x60, 0xDB, 0x86, 0xCE, 0x36, 0x31, 0xB0, 0xCD, 0x87,
    0x6C, 0x1F, 0x60, 0x7B, 0x01, 0xD0, 0x0E, 0x11, 0x07, 0xC0, 0xE0, 0x00, 0xDF, 0x3F, 0xEE, 0x1F,
    0x03, 0xC0, 0xF0, 0x3C, 0x0F, 0x03, 0xC0, 0xF0, 0x3C, 0x0C, 0x60, 0x07, 0x00, 0x30, 0x01, 0x80,
    0x0D, 0xBE, 0x6F, 0xF8, 0x70, 0xC3, 0x06, 0x18, 0x30, 0xC1, 0x86, 0x0C, 0x30, 0x61, 0x83, 0x0C,
    0x18, 0x60, 0xC0, 0x40, 0x1B, 0x00, 0xDC, 0x06, 0xF0, 0x37, 0xC1, 0xB6, 0x0D, 0x98, 0x6C, 0xE3,
    0x63, 0x9B, 0x0C, 0xD8, 0x36, 0xC0, 0xF6, 0x07, 0xB0, 0x1D, 0x80, 0x60, 0x03, 0x00, 0x18, 0x01,
    0xC0, 0x3C, 0x00, 0x80, 0xDF, 0x3F, 0xEE, 0x1F, 0x03, 0xC0, 0xF0, 0x3C, 0x0F, 0x03, 0xC0, 0xF0,
    0x3C, 0x0C, 0x03, 0x00, 0xC0, 0x60, 0x78, 0x00, 0x0F, 0xE0, 0x3F, 0x00, 0x00, 0x03, 0xF0, 0x3F,
    0xF1, 0xC0, 0xE6, 0x01, 0xB0, 0x03, 0xC0, 0x0F, 0x00, 0x3C, 0x00, 0xF0, 0x03, 0xC0, 0x0F, 0x00,
    0x3E, 0x01, 0x9C, 0x0E, 0x3C, 0xF0, 0x7F, 0x80, 0x30, 0x00, 0x00, 0x07, 0xF0, 0x00, 0x00, 0x01,
    0xF0, 0xFF, 0x18, 0x36, 0x07, 0xC0, 0x78, 0x0F, 0x01, 0xE0, 0x3E, 0x0C, 0xE7, 0x8F, 0xE0, 0x60,
    0x0C, 0xC0, 0x3F, 0x00, 0x78, 0x00, 0x00, 0x0F, 0xC0, 0xFF, 0xC7, 0x03, 0x98, 0x06, 0xC0, 0x0F,
    0x00, 0x3C, 0x00, 0xF0, 0x03, 0xC0, 0x0F, 0x00, 0x3C, 0x00, 0xF8, 0x06, 0x70, 0x38, 0xF3, 0xC1,
    0xFE, 0x00, 0xC0, 0x21, 0x06, 0x60, 0xFC, 0x0F, 0x00, 0x00, 0x3E, 0x1F, 0xE3, 0x06, 0xC0, 0xF8,
    0x0F, 0x01, 0xE0, 0x3C, 0x07, 0xC1, 0x9C, 0xF1, 0xFC, 0x0C, 0x00, 0x02, 0x40, 0x1F, 0x80, 0x6C,
    0x03, 0x20, 0x0F, 0xC0, 0xFF, 0xC7, 0x03, 0x98, 0x06, 0xC0, 0x0F, 0x00, 0x3C, 0x00, 0xF0, 0x03,
    0xC0, 0x0F, 0x00, 0x3C, 0x00, 0xF8, 0x06, 0x70, 0x38, 0xF3, 0xC1, 0xFE, 0x00, 0xC0, 0x0D, 0x83,
    0xF0, 0x6C, 0x09, 0x01, 0xF0, 0xFF, 0x18, 0x36, 0x07, 0xC0, 0x78, 0x0F, 0x01, 0xE0, 0x3E, 0x0C,
    0xE7, 0x8F, 0xE0, 0x60, 0x0F, 0xFF, 0xE7, 0xFF, 0xFD, 0xC0, 0xC0, 0x30, 0x18, 0x0C, 0x03, 0x01,
    0x80, 0x60, 0x30, 0x0F, 0xE6, 0x01, 0xFE, 0xC0, 0x30, 0x18, 0x06, 0x03, 0x00, 0xC0, 0x70, 0x18,
    0x06, 0x03, 0x00, 0x7F, 0xFF, 0x87, 0xFF, 0xF8, 0x1F, 0x0F, 0x87, 0xFB, 0xFC, 0x60, 0xF0, 0xEC,
    0x0E, 0x06, 0xC0, 0x7F, 0xEC, 0x07, 0xFE, 0xC0, 0x60, 0x0C, 0x06, 0x00, 0xE0, 0xF0, 0x67, 0x3F,
    0x8E, 0x3F, 0x9F, 0xC0, 0xC0, 0x30, 0x00, 0x80, 0x38, 0x07, 0x00, 0x00, 0x7F, 0x87, 0xFE, 0x60,
    0x66, 0x07, 0x60, 0x36, 0x07, 0x60, 0x67, 0xFC, 0x7F, 0xC6, 0x0E, 0x60, 0x66, 0x06, 0x60, 0x66,
    0x03, 0x60, 0x30, 0x08, 0x30, 0xC1, 0x0D, 0xFF, 0xF8, 0x70, 0xC1, 0x83, 0x06, 0x0C, 0x18, 0x30,
    0x00, 0x7F, 0x87, 0xFE, 0x60, 0x66, 0x07, 0x60, 0x36, 0x07, 0x60, 0x67, 0xFC, 0x7F, 0xC6, 0x0E,
    0x60, 0x66, 0x06, 0x60, 0x66, 0x03, 0x60, 0x30, 0x00, 0x06, 0x00, 0x60, 0x06, 0x00, 0x6F, 0x7F,
    0x70, 0x70, 0x60, 0x60, 0x60, 0x60, 0x60, 0x60, 0x60, 0x60, 0x70, 0x30, 0x60, 0x40, 0x19, 0x81,
    0xF0, 0x0E, 0x00, 0x00, 0x7F, 0x87, 0xFE, 0x60, 0x66, 0x07, 0x60, 0x36, 0x07, 0x60, 0x67, 0xFC,
    0x7F, 0xC6, 0x0E, 0x60, 0x66, 0x06, 0x60, 0x66, 0x03, 0x60, 0x30, 0xCD, 0xF9, 0xE0, 0x0D, 0xFF,
    0xF8, 0x70, 0xC1, 0x83, 0x06, 0x0C, 0x18, 0x30, 0x00, 0x00, 0x80, 0x70, 0x1C, 0x00, 0x01, 0xF8,
    0x7F, 0x9C, 0x3B, 0x00, 0x60, 0x0E, 0x00, 0xF0, 0x0F, 0xC0, 0x7C, 0x01, 0xC0, 0x18, 0x03, 0xE0,
    0x6F, 0x38, 0xFE, 0x03, 0x00, 0x06, 0x03, 0x03, 0x01, 0x03, 0xF3, 0xFD, 0x86, 0xC0, 0x78, 0x1F,
    0x81, 0xE0, 0x34, 0x1B, 0x9C, 0xFC, 0x18, 0x04, 0x01, 0xC0, 0x7C, 0x08, 0xC1, 0xF8, 0x7F, 0x9C,
    0x3B, 0x00, 0x60, 0x0E, 0x00, 0xF0, 0x0F, 0xC0, 0x7C, 0x01, 0xC0, 0x18, 0x03, 0xE0, 0x6F, 0x38,
    0xFE, 0x03, 0x00, 0x0C, 0x0F, 0x0C, 0xC0, 0x03, 0xF3, 0xFD, 0x86, 0xC0, 0x78, 0x1F, 0x81, 0xE0,
    0x34, 0x1B, 0x9C, 0xFC, 0x18, 0x1F, 0x87, 0xF9, 0xC3, 0xB0, 0x06, 0x00, 0xE0, 0x0F, 0x00, 0xFC,
    0x07, 0xC0, 0x1C, 0x01, 0x80, 0x3E, 0x06, 0xF3, 0x8F, 0xE0, 0x70, 0x0C, 0x03, 0x00, 0x3F, 0x3F,
    0xD8, 0x6C, 0x07, 0x81, 0xF8, 0x1E, 0x03, 0x41, 0xB9, 0xCF, 0xC1, 0x80, 0xC0, 0xC0, 0x19, 0x83,
    0xE0, 0x38, 0x00, 0x01, 0xF8, 0x7F, 0x9C, 0x3B, 0x00, 0x60, 0x0E, 0x00, 0xF0, 0x0F, 0xC0, 0x7C,
    0x01, 0xC0, 0x18, 0x03, 0xE0, 0x6F, 0x38, 0xFE, 0x03, 0x00, 0x23, 0x1F, 0x07, 0x00, 0x03, 0xF3,
    0xFD, 0x86, 0xC0, 0x78, 0x1F, 0x81, 0xE0, 0x34, 0x1B, 0x9C, 0xFC, 0x18, 0x7F, 0xF7, 0xFF, 0x06,
    0x00, 0x60, 0x06, 0x00, 0x60, 0x06, 0x00, 0x60, 0x06, 0x00, 0x60, 0x06, 0x00, 0x60, 0x06, 0x00,
    0x60, 0x06, 0x00, 0x60, 0x0C, 0x00, 0xC0, 0x30, 0x60, 0xC7, 0xFF, 0xE6, 0x0C, 0x18, 0x30, 0x60,
    0xC1, 0x83, 0x83, 0x83, 0x0C, 0x38, 0x19, 0x80, 0xF8, 0x07, 0x00, 0x00, 0x7F, 0xF7, 0xFF, 0x06,
    0x00, 0x60, 0x06, 0x00, 0x60, 0x06, 0x00, 0x60, 0x06, 0x00, 0x60, 0x06, 0x00, 0x60, 0x06, 0x00,
    0x60, 0x06, 0x00, 0x06, 0x07, 0x33, 0x36, 0x34, 0xFE, 0xFE, 0x30, 0x30, 0x30, 0x30, 0x30, 0x30,
    0x30, 0x38, 0x1C, 0x7F, 0xF7, 0xFF, 0x06, 0x00, 0x60, 0x06, 0x00, 0x60, 0x06, 0x00, 0xF8, 0x0F,
    0x80, 0x60, 0x06, 0x00, 0x60, 0x06, 0x00, 0x60, 0x06, 0x00, 0x30, 0x60, 0xC7, 0xFF, 0xE6, 0x0C,
    0x3E, 0x7C, 0x60, 0xC1, 0x83, 0x83, 0x80, 0x0C, 0xC1, 0xFC, 0x1B, 0x80, 0x00, 0x40, 0x16, 0x03,
    0x60, 0x36, 0x03, 0x60, 0x36, 0x03, 0x60, 0x36, 0x03, 0x60, 0x36, 0x03, 0x60, 0x36, 0x03, 0x70,
    0x73, 0xDE, 0x1F, 0xC0, 0x20, 0x39, 0x0F, 0xC6, 0x70, 0x00, 0xC0, 0xB0, 0x3C, 0x0F, 0x03, 0xC0,
    0xF0, 0x3C, 0x0F, 0x03, 0xE1, 0x9C, 0xE3, 0xF0, 0x00, 0x1F, 0xC1, 0xFC, 0x00, 0x04, 0x01, 0x60,
    0x36, 0x03, 0x60, 0x36, 0x03, 0x60, 0x36, 0x03, 0x60, 0x36, 0x03, 0x60, 0x36, 0x03, 0x60, 0x37,
    0x07, 0x3D, 0xE1, 0xFC, 0x02, 0x00, 0x00, 0x0F, 0xC0, 0x00, 0x00, 0xC0, 0xB0, 0x3C, 0x0F, 0x03,
    0xC0, 0xF0, 0x3C, 0x0F, 0x03, 0xE1, 0x9C, 0xE3, 0xF0, 0x00, 0x18, 0xC0, 0xF8, 0x0F, 0x80, 0x00,
    0x40, 0x16, 0x03, 0x60, 0x36, 0x03, 0x60, 0x36, 0x03, 0x60, 0x36, 0x03, 0x60, 0x36, 0x03, 0x60,
    0x36, 0x03, 0x70, 0x73, 0xDE, 0x1F, 0xC0, 0x20, 0x20, 0x0C, 0xC3, 0xE0, 0x78, 0x00, 0x30, 0x2C,
    0x0F, 0x03, 0xC0, 0xF0, 0x3C, 0x0F, 0x03, 0xC0, 0xF8, 0x67, 0x38, 0xFC, 0x00, 0x00, 0x07, 0x00,
    0xF8, 0x0D, 0x80, 0xF8, 0x07, 0x04, 0x01, 0x60, 0x36, 0x03, 0x60, 0x36, 0x03, 0x60, 0x36, 0x03,
    0x60, 0x36, 0x03, 0x60, 0x36, 0x03, 0x60, 0x37, 0x07, 0x3D, 0xE1, 0xFC, 0x02, 0x00, 0x1C, 0x07,
    0x83, 0x20, 0x78, 0x0C, 0x30, 0x2C, 0x0F, 0x03, 0xC0, 0xF0, 0x3C, 0x0F, 0x03, 0xC0, 0xF8, 0x67,
    0x38, 0xFC, 0x00, 0x00, 0x02, 0x40, 0x6C, 0x0D, 0xC0, 0x98, 0x40, 0x16, 0x03, 0x60, 0x36, 0x03,
    0x60, 0x36, 0x03, 0x60, 0x36, 0x03, 0x60, 0x36, 0x03, 0x60, 0x36, 0x03, 0x70, 0x73, 0xDE, 0x1F,
    0xC0, 0x20, 0x0D, 0x06, 0xC3, 0xE0, 0x00, 0xC0, 0xB0, 0x3C, 0x0F, 0x03, 0xC0, 0xF0, 0x3C, 0x0F,
    0x03, 0xE1, 0x9C, 0xE3, 0xF0, 0x00, 0x40, 0x16, 0x03, 0x60, 0x36, 0x03, 0x60, 0x36, 0x03, 0x60,
    0x36, 0x03, 0x60, 0x36, 0x03, 0x60, 0x36, 0x03, 0x70, 0x73, 0xDE, 0x1F, 0xC0, 0x30, 0x03, 0x00,
    0x3C, 0x03, 0xC0, 0xC0, 0xB0, 0x3C, 0x0F, 0x03, 0xC0, 0xF0, 0x3C, 0x0F, 0x03, 0xE1, 0x9C, 0xE3,
    0xF0, 0x38, 0x0C, 0x03, 0xE0, 0x78, 0x00, 0x00, 0x00, 0x0F, 0x00, 0x01, 0xF8, 0x00, 0x19, 0x80,
    0xC0, 0x00, 0x3E, 0x00, 0x03, 0x60, 0x00, 0x66, 0x06, 0x06, 0x70, 0x60, 0x63, 0x0F, 0x0C, 0x30,
    0xF0, 0xC3, 0x8F, 0x0C, 0x19, 0x99, 0x81, 0x99, 0x98, 0x1F, 0x8D, 0x80, 0xF0, 0xF0, 0x0F, 0x0F,
    0x00, 0x60, 0x70, 0x06, 0x06, 0x00, 0x01, 0x80, 0x07, 0x80, 0x19, 0x80, 0x00, 0x0C, 0x00, 0x6C,
    0x00, 0xD8, 0x61, 0xB1, 0xC6, 0x33, 0xCC, 0x67, 0x98, 0xDB, 0x60, 0xF3, 0xC1, 0xC7, 0x83, 0x86,
    0x03, 0x0C, 0x00, 0x00, 0x04, 0x00, 0xE0, 0x1F, 0x01, 0x18, 0xC0, 0x2E, 0x06, 0x60, 0xE3, 0x0C,
    0x39, 0x81, 0xF8, 0x0F, 0x00, 0x60, 0x06, 0x00, 0x60, 0x06, 0x00, 0x60, 0x06, 0x00, 0x60, 0x06,
    0x00, 0x0C, 0x07, 0x83, 0x30, 0x00, 0xC0, 0xB0, 0x3C, 0x0F, 0x03, 0xC0, 0xF0, 0x3C, 0x0F, 0x03,
    0xE1, 0xDC, 0xF7, 0xFC, 0x66, 0x01, 0x99, 0xE7, 0xF0, 0x60, 0x00, 0x01, 0xB8, 0x19, 0x80, 0x00,
    0xC0, 0x2E, 0x06, 0x60, 0xE3, 0x0C, 0x39, 0x81, 0xF8, 0x0F, 0x00, 0x60, 0x06, 0x00, 0x60, 0x06,
    0x00, 0x60, 0x06, 0x00, 0x60, 0x06, 0x00, 0x01, 0x80, 0x38, 0x07, 0x00, 0x00, 0x7F, 0xFF, 0xFF,
    0x00, 0x60, 0x0C, 0x01, 0x80, 0x38, 0x07, 0x00, 0x60, 0x0C, 0x01, 0xC0, 0x38, 0x03, 0x00, 0x60,
    0x0F, 0xFE, 0xFF, 0xF0, 0x03, 0x01, 0xC0, 0x60, 0x10, 0x7F, 0x8F, 0xE0, 0x30, 0x1C, 0x06, 0x03,
    0x01, 0xC0, 0xE0, 0x30, 0x1F, 0xC7, 0xF8, 0x06, 0x00, 0x60, 0x00, 0x07, 0xFF, 0xFF, 0xF0, 0x06,
    0x00, 0xC0, 0x18, 0x03, 0x80, 0x70, 0x06, 0x00, 0xC0, 0x1C, 0x03, 0x80, 0x30, 0x06, 0x00, 0xFF,
    0xEF, 0xFF, 0x0C, 0x03, 0x00, 0x01, 0xFE, 0x3F, 0x80, 0xC0, 0x70, 0x18, 0x0C, 0x07, 0x03, 0x80,
    0xC0, 0x7F, 0x1F, 0xE0, 0x19, 0x81, 0xF0, 0x0E, 0x00, 0x00, 0x7F, 0xFF, 0xFF, 0x00, 0x60, 0x0C,
    0x01, 0x80, 0x38, 0x07, 0x00, 0x60, 0x0C, 0x01, 0xC0, 0x38, 0x03, 0x00, 0x60, 0x0F, 0xFE, 0xFF,
    0xF0, 0x11, 0x07, 0xC0, 0xE0, 0x10, 0x7F, 0x8F, 0xE0, 0x30, 0x1C, 0x06, 0x03, 0x01, 0xC0, 0xE0,
    0x30, 0x1F, 0xC7, 0xF8, 0x00, 0x30, 0x00, 0xC0, 0xFF, 0x0F, 0xFC, 0x70, 0x39, 0x80, 0x6C, 0x00,
    0xF0, 0x03, 0xC0, 0x0F, 0x00, 0x3C, 0x00, 0xF0, 0x03, 0xC0, 0x0F, 0x80, 0x67, 0x03, 0x8F, 0x3C,
    0x1F, 0xE0, 0x0C, 0x00, 0x00, 0x40, 0x0C, 0x7F, 0x3F, 0xC6, 0x0D, 0x81, 0xF0, 0x1E, 0x03, 0xC0,
    0x78, 0x0F, 0x83, 0x39, 0xE3, 0xF8, 0x18, 0x00, 0x00, 0x06, 0x00, 0x0D, 0x00, 0x73, 0x01, 0xC6,
    0x03, 0x0C, 0x06, 0x18, 0x0C, 0x30, 0x18, 0x60, 0x30, 0xC0, 0x61, 0x80, 0xC3, 0x01, 0x86, 0x03,
    0x0C, 0x06, 0x1C, 0x1C, 0x1E, 0xF0, 0x1F, 0xC0, 0x04, 0x00, 0x00, 0x30, 0x03, 0xC0, 0xEC, 0x0E,
    0xC0, 0xCC, 0x0C, 0xC0, 0xCC, 0x0C, 0xC0, 0xCC, 0x0C, 0xE1, 0x87, 0x38, 0x3F, 0x00, 0x00, 0x00,
    0x00, 0x23, 0x00, 0x00, 0x07, 0xC0, 0x00, 0x00, 0x70, 0x00, 0x00, 0x00, 0x07, 0xF8, 0x1F, 0xFE,
    0xFF, 0xC3, 0xFF, 0xD8, 0x1C, 0x00, 0x73, 0x01, 0x80, 0x0C, 0x60, 0x18, 0x03, 0x0C, 0x03, 0x00,
    0xE1, 0x80, 0x60, 0x38, 0x30, 0x0C, 0x06, 0x06, 0x01, 0x81, 0x80, 0xC0, 0x30, 0x70, 0x18, 0x06,
    0x1C, 0x03, 0x01, 0xC3, 0x00, 0x60, 0x30, 0xC0, 0x0F, 0xFC, 0x3F, 0xF9, 0xFF, 0x07, 0xFF, 0x80,
    0x7F, 0x80, 0x44, 0x7F, 0xE0, 0x7C, 0x60, 0x70, 0x38, 0x60, 0x30, 0x10, 0x60, 0x19, 0xFE, 0x60,
    0x19, 0xFE, 0x60, 0x18, 0x0C, 0x60, 0x18, 0x1C, 0x60, 0x18, 0x18, 0x60, 0x18, 0x30, 0x60, 0x18,
    0x70, 0x60, 0x38, 0xE0, 0x60, 0x30, 0xC0, 0x7F, 0xE1, 0xFC, 0x7F, 0xC1, 0xFE, 0x00, 0x40, 0x00,
    0x06, 0x19, 0x80, 0x30, 0xF8, 0x01, 0x83, 0xC0, 0x0C, 0x00, 0x1F, 0x63, 0xFD, 0xFF, 0x1F, 0xFC,
    0x38, 0x06, 0xC0, 0xC0, 0x66, 0x06, 0x07, 0x30, 0x30, 0x31, 0x81, 0x83, 0x0C, 0x0C, 0x30, 0x70,
    0x63, 0x81, 0xCF, 0x1F, 0xC7, 0xF9, 0xFF, 0x0C, 0x00, 0x00, 0x40, 0x00, 0x13, 0x00, 0x01, 0x98,
    0x00, 0x0C, 0xC0, 0x00, 0x66, 0x00, 0x03, 0x30, 0x00, 0x19, 0x80, 0x00, 0xCC, 0x00, 0x06, 0x60,
    0x00, 0x33, 0x00, 0x01, 0x98, 0x00, 0x0C, 0xC0, 0x10, 0x66, 0x01, 0x83, 0x3F, 0xC7, 0x79, 0xFF,
    0x1F, 0x80, 0x00, 0x20, 0x40, 0x01, 0x80, 0x76, 0x00, 0xD8, 0x00, 0x60, 0x09, 0x80, 0x36, 0x00,
    0xD8, 0x03, 0x60, 0x0D, 0x80, 0x36, 0x00, 0xD8, 0x03, 0x60, 0x0D, 0xFE, 0x37, 0xFC, 0xC0, 0x03,
    0x00, 0x1C, 0x00, 0xE0, 0x07, 0x80, 0x00, 0x41, 0x83, 0x1E, 0x3C, 0x18, 0xF1, 0xE3, 0xC7, 0x8F,
    0x1E, 0x3C, 0x78, 0xF1, 0xE3, 0x06, 0x0C, 0x38, 0xE0, 0x00, 0x40, 0x10, 0x01, 0x30, 0x0C, 0x01,
    0x9C, 0x06, 0x00, 0xCF, 0x03, 0x00, 0x67, 0x81, 0x80, 0x33, 0x60, 0xC0, 0x19, 0xB8, 0x60, 0x0C,
    0xCE, 0x30, 0x06, 0x63, 0x18, 0x03, 0x30, 0xCC, 0x01, 0x98, 0x76, 0x00, 0xCC, 0x1F, 0x10, 0x66,
    0x07, 0x98, 0x33, 0x01, 0xC7, 0x79, 0x00, 0xE1, 0xF8, 0x00, 0x00, 0x20, 0x40, 0x10, 0x18, 0x06,
    0x37, 0x01, 0x8D, 0xE0, 0x60, 0x78, 0x18, 0x9B, 0x06, 0x36, 0xE1, 0x8D, 0x9C, 0x63, 0x63, 0x18,
    0xD8, 0x66, 0x36, 0x1D, 0x8D, 0x83, 0xE3, 0x60, 0x78, 0xD8, 0x0E, 0x34, 0x03, 0x8C, 0x00, 0x03,
    0x00, 0x00, 0xC0, 0x00, 0xE0, 0x00, 0x78, 0x00, 0x00, 0x00, 0x0E, 0x00, 0x1C, 0x00, 0x06, 0xF8,
    0x2F, 0xF8, 0x7C, 0x38, 0xF0, 0x31, 0xE0, 0x63, 0xC0, 0xC7, 0x81, 0x8F, 0x03, 0x1E, 0x06, 0x3C,
    0x0C, 0x78, 0x18, 0xC0, 0x01, 0x80, 0x07, 0x00, 0x1C, 0x00, 0x70, 0x00, 0x00, 0x0C, 0xC0, 0x7C,
    0x01, 0xC0, 0x00, 0x00, 0x30, 0x03, 0x80, 0x1C, 0x00, 0xF0, 0x0D, 0x80, 0x66, 0x06, 0x30, 0x31,
    0x81, 0x86, 0x1F, 0xF0, 0xFF, 0xCC, 0x06, 0x60, 0x3B, 0x00, 0xF0, 0x06, 0x00, 0x00, 0x31, 0x07,
    0xC0, 0xE0, 0x00, 0x3F, 0x5F, 0xFE, 0x1F, 0x03, 0xC0, 0xF0, 0x3C, 0x0F, 0x03, 0xE0, 0xDC, 0xF3,
    0xFC, 0x30, 0x8B, 0xE7, 0x00, 0x20, 0xC3, 0x0C, 0x30, 0xC3, 0x0C, 0x30, 0xC3, 0x0C, 0x30, 0xC3,
    0x00, 0xC5, 0xF3, 0x80, 0x30, 0xC3, 0x0C, 0x30, 0xC3, 0x0C, 0x30, 0xC3, 0x00, 0x0C, 0xC0, 0x1E,
    0x00, 0x70, 0x00, 0x00, 0x0F, 0xC0, 0xFF, 0xC7, 0x03, 0x98, 0x06, 0xC0, 0x0F, 0x00, 0x3C, 0x00,
    0xF0, 0x03, 0xC0, 0x0F, 0x00, 0x3C, 0x00, 0xF8, 0x06, 0x70, 0x38, 0xF3, 0xC1, 0xFE, 0x00, 0xC0,
    0x11, 0x03, 0xE0, 0x38, 0x02, 0x01, 0xF0, 0xFF, 0x18, 0x36, 0x07, 0xC0, 0x78, 0x0F, 0x01, 0xE0,
    0x3E, 0x0C, 0xE7, 0x8F, 0xE0, 0x60, 0x08, 0x80, 0xF8, 0x07, 0x00, 0x00, 0x40, 0x16, 0x03, 0x60,
    0x36, 0x03, 0x60, 0x36, 0x03, 0x60, 0x36, 0x03, 0x60, 0x36, 0x03, 0x60, 0x36, 0x03, 0x70, 0x73,
    0xDE, 0x1F, 0xC0, 0x20, 0x33, 0x0F, 0x81, 0xE0, 0x00, 0xC0, 0xB0, 0x3C, 0x0F, 0x03, 0xC0, 0xF0,
    0x3C, 0x0F, 0x03, 0xE1, 0x9C, 0xE3, 0xF0, 0x00, 0x0C, 0xC0, 0x7C, 0x01, 0xC0, 0x00, 0x00, 0xFE,
    0x0F, 0xF8, 0xE0, 0xCC, 0x00, 0xE0, 0x06, 0x00, 0x30, 0x01, 0x83, 0xEC, 0x1F, 0xE0, 0x0F, 0x00,
    0x6C, 0x03, 0x70, 0x19, 0xF7, 0xC7, 0xFC, 0x07, 0x00, 0x11, 0x03, 0xE0, 0x38, 0x02, 0x03, 0xF6,
    0xFF, 0xF8, 0x3E, 0x07, 0xC0, 0x78, 0x0F, 0x01, 0xE0, 0x7E, 0x0E, 0xE7, 0xCF, 0xD8, 0x63, 0x00,
    0xCE, 0x78, 0xFE, 0x06, 0x00, 0x0F, 0xC0, 0xFF, 0xC7, 0x03, 0x98, 0x06, 0xC0, 0x0F, 0x00, 0x3C,
    0x00, 0xF0, 0x03, 0xC0, 0x0F, 0x00, 0x3C, 0x00, 0xF8, 0x06, 0x70, 0x38, 0xF3, 0xC1, 0xFE, 0x00,
    0xC0, 0x02, 0x00, 0x0F, 0x00, 0x3C, 0x00, 0x1F, 0x83, 0xFC, 0x70, 0x66, 0x06, 0x60, 0x36, 0x03,
    0x60, 0x36, 0x07, 0x70, 0x63, 0x9C, 0x1F, 0x80, 0x60, 0x06, 0x00, 0x78, 0x07, 0x80, 0x7F, 0x80,
    0x00, 0xFF, 0xC0, 0x01, 0x81, 0xC0, 0x03, 0x01, 0x80, 0x06, 0x01, 0x9F, 0xEC, 0x03, 0x3F, 0xD8,
    0x06, 0x03, 0x30, 0x0C, 0x0E, 0x60, 0x18, 0x18, 0xC0, 0x30, 0x61, 0x80, 0x61, 0x83, 0x01, 0xC7,
    0x06, 0x03, 0x0C, 0x0F, 0xFC, 0x3F, 0x9F, 0xF0, 0x7F, 0x80, 0x00, 0xC0, 0x0E, 0x00, 0xE0, 0x00,
    0x00, 0x78, 0x06, 0xC0, 0x36, 0x00, 0xF0, 0x07, 0x00, 0x38, 0x01, 0xE0, 0x1B, 0x00, 0xCC, 0x0C,
    0x60, 0x63, 0x03, 0x0C, 0x3F, 0xE1, 0xFF, 0x98, 0x0C, 0xC0, 0x76, 0x01, 0xE0, 0x0C, 0x00, 0x00,
    0x01, 0x00, 0xE0, 0x70, 0x38, 0x1F, 0x06, 0xC1, 0xF0, 0x38, 0x3F, 0x5F, 0xFE, 0x1F, 0x03, 0xC0,
    0xF0, 0x3C, 0x0F, 0x03, 0xE0, 0xDC, 0xF3, 0xFC, 0x30, 0x00, 0x01, 0x00, 0x00, 0xE0, 0x00, 0x38,
    0x00, 0x00, 0x00, 0x07, 0xFC, 0x00, 0xFF, 0x80, 0x38, 0x00, 0x0F, 0x00, 0x01, 0xE0, 0x00, 0x6C,
    0x00, 0x19, 0x80, 0x07, 0x3F, 0xE0, 0xC7, 0xF0, 0x30, 0xC0, 0x0F, 0xF8, 0x01, 0xFF, 0x00, 0x60,
    0x60, 0x1C, 0x0F, 0xFB, 0x01, 0xFF, 0x00, 0x00, 0x00, 0x00, 0x60, 0x00, 0x70, 0x00, 0x30, 0x00,
    0x10, 0x03, 0xE7, 0xE3, 0xFF, 0xFB, 0x07, 0x0F, 0x03, 0x03, 0x1F, 0xFF, 0xBF, 0xFF, 0xF8, 0x60,
    0x18, 0x30, 0x0C, 0x3C, 0x1F, 0x3F, 0x1D, 0xF9, 0xFC, 0x20, 0x10, 0x00, 0x80, 0x07, 0x00, 0x38,
    0x00, 0x00, 0x0F, 0xCC, 0xFF, 0xE7, 0x03, 0x98, 0x1E, 0xC0, 0xEF, 0x03, 0x3C, 0x18, 0xF0, 0xC3,
    0xC6, 0x0F, 0x38, 0x3D, 0xC0, 0xFE, 0x06, 0x70, 0x39, 0xF3, 0xCF, 0xFE, 0x30, 0xC0, 0x03, 0x00,
    0xE0, 0x18, 0x02, 0x01, 0xFE, 0xFF, 0x98, 0x76, 0x1F, 0xC7, 0x79, 0xCF, 0x71, 0xEC, 0x3F, 0x0C,
    0xE7, 0xBF, 0xE6, 0x60, 0x00, 0x00, 0xDC, 0x07, 0x70, 0x08, 0x80, 0x30, 0x03, 0x80, 0x1C, 0x00,
    0xF0, 0x0D, 0x80, 0x66, 0x06, 0x30, 0x31, 0x81, 0x86, 0x1F, 0xF0, 0xFF, 0xCC, 0x06, 0x60, 0x3B,
    0x00, 0xF0, 0x06, 0x00, 0x00, 0x6C, 0x0D, 0x81, 0xB0, 0x00, 0x00, 0x0F, 0xD7, 0xFF, 0x87, 0xC0,
    0xF0, 0x3C, 0x0F, 0x03, 0xC0, 0xF8, 0x37, 0x3C, 0xFF, 0x0C, 0x00, 0x00, 0x00, 0x7C, 0x03, 0x70,
    0x11, 0x80, 0x30, 0x03, 0x80, 0x1C, 0x00, 0xF0, 0x0D, 0x80, 0x66, 0x06, 0x30, 0x31, 0x81, 0x86,
    0x1F, 0xF0, 0xFF, 0xCC, 0x06, 0x60, 0x3B, 0x00, 0xF0, 0x06, 0x00, 0x00, 0x04, 0x07, 0xC3, 0xB0,
    0xC4, 0x00, 0x0F, 0xD7, 0xFF, 0x87, 0xC0, 0xF0, 0x3C, 0x0F, 0x03, 0xC0, 0xF8, 0x37, 0x3C, 0xFF,
    0x0C, 0x00, 0x00, 0x1D, 0xC3, 0xB8, 0x20, 0x7F, 0xDF, 0xF6, 0x01, 0x80, 0x60, 0x18, 0x07, 0xF1,
    0xFE, 0x60, 0x18, 0x06, 0x01, 0x80, 0x60, 0x1F, 0xF7, 0xFC, 0x6C, 0x1F, 0x83, 0xF0, 0x00, 0x00,
    0x0F, 0xC7, 0xFB, 0x86, 0xC0, 0xFF, 0xFF, 0xFF, 0x00, 0xC0, 0x38, 0x37, 0x1C, 0xFE, 0x0C, 0x00,
    0x00, 0x07, 0xC1, 0xB8, 0x46, 0x7F, 0xDF, 0xF6, 0x01, 0x80, 0x60, 0x18, 0x07, 0xF1, 0xFE, 0x60,
    0x18, 0x06, 0x01, 0x80, 0x60, 0x1F, 0xF7, 0xFC, 0x04, 0x07, 0x83, 0x30, 0xCC, 0x00, 0x0F, 0xC7,
    0xFB, 0x86, 0xC0, 0xFF, 0xFF, 0xFF, 0x00, 0xC0, 0x38, 0x37, 0x1C, 0xFE, 0x0C, 0x00, 0x00, 0xEE,
    0x77, 0x10, 0x08, 0x0C, 0x0C, 0x0C, 0x0C, 0x0C, 0x0C, 0x0C, 0x0C, 0x0C, 0x0C, 0x0C, 0x0C, 0x0C,
    0x0C, 0x58, 0xD8, 0xD8, 0x00, 0x03, 0x06, 0x0C, 0x18, 0x30, 0x60, 0xC1, 0x83, 0x06, 0x0C, 0x00,
    0xF9, 0xBA, 0x31, 0x03, 0x06, 0x0C, 0x18, 0x30, 0x60, 0xC1, 0x83, 0x06, 0x0C, 0x18, 0x30, 0x60,
    0x10, 0xF9, 0xB6, 0x20, 0x06, 0x0C, 0x18, 0x30, 0x60, 0xC1, 0x83, 0x06, 0x0C, 0x18, 0x00, 0x00,
    0x6E, 0x01, 0xFC, 0x01, 0x10, 0x0F, 0xC0, 0xFF, 0xC7, 0x03, 0x98, 0x06, 0xC0, 0x0F, 0x00, 0x3C,
    0x00, 0xF0, 0x03, 0xC0, 0x0F, 0x00, 0x3C, 0x00, 0xF8, 0x06, 0x70, 0x38, 0xF3, 0xC1, 0xFE, 0x00,
    0xC0, 0x24, 0x06, 0xC0, 0x6C, 0x00, 0x00, 0x00, 0x3E, 0x1F, 0xE3, 0x06, 0xC0, 0xF8, 0x0F, 0x01,
    0xE0, 0x3C, 0x07, 0xC1, 0x9C, 0xF1, 0xFC, 0x0C, 0x00, 0x00, 0x00, 0x1E, 0x00, 0xDC, 0x03, 0x30,
    0x0F, 0xC0, 0xFF, 0xC7, 0x03, 0x98, 0x06, 0xC0, 0x0F, 0x00, 0x3C, 0x00, 0xF0, 0x03, 0xC0, 0x0F,
    0x00, 0x3C, 0x00, 0xF8, 0x06, 0x70, 0x38, 0xF3, 0xC1, 0xFE, 0x00, 0xC0, 0x04, 0x03, 0xE0, 0x6C,
    0x18, 0x80, 0x00, 0x3E, 0x1F, 0xE3, 0x06, 0xC0, 0xF8, 0x0F, 0x01, 0xE0, 0x3C, 0x07, 0xC1, 0x9C,
    0xF1, 0xFC, 0x0C, 0x00, 0x00, 0x03, 0x70, 0x3F, 0x80, 0x88, 0x7F, 0x87, 0xFE, 0x60, 0x66, 0x07,
    0x60, 0x36, 0x07, 0x60, 0x67, 0xFC, 0x7F, 0xC6, 0x0E, 0x60, 0x66, 0x06, 0x60, 0x66, 0x03, 0x60,
    0x30, 0xD8, 0xFC, 0x7E, 0x00, 0x00, 0x6F, 0x7F, 0x70, 0x70, 0x60, 0x60, 0x60, 0x60, 0x60, 0x60,
    0x60, 0x00, 0x00, 0xF0, 0x1B, 0x81, 0x18, 0x7F, 0x87, 0xFE, 0x60, 0x66, 0x07, 0x60, 0x36, 0x07,
    0x60, 0x67, 0xFC, 0x7F, 0xC6, 0x0E, 0x60, 0x66, 0x06, 0x60, 0x66, 0x03, 0x60, 0x30, 0x10, 0xF3,
    0x36, 0x60, 0x1B, 0xFF, 0xF0, 0xE1, 0x83, 0x06, 0x0C, 0x18, 0x30, 0x60, 0x00, 0x03, 0xB0, 0x1F,
    0x80, 0x48, 0x40, 0x16, 0x03, 0x60, 0x36, 0x03, 0x60, 0x36, 0x03, 0x60, 0x36, 0x03, 0x60, 0x36,
    0x03, 0x60, 0x36, 0x03, 0x70, 0x73, 0xDE, 0x1F, 0xC0, 0x20, 0x6C, 0x1F, 0x83, 0xE0, 0x00, 0x00,
    0x30, 0x2C, 0x0F, 0x03, 0xC0, 0xF0, 0x3C, 0x0F, 0x03, 0xC0, 0xF8, 0x67, 0x38, 0xFC, 0x00, 0x00,
    0x00, 0x00, 0xF8, 0x1D, 0x81, 0x88, 0x40, 0x16, 0x03, 0x60, 0x36, 0x03, 0x60, 0x36, 0x03, 0x60,
    0x36, 0x03, 0x60, 0x36, 0x03, 0x60, 0x36, 0x03, 0x70, 0x73, 0xDE, 0x1F, 0xC0, 0x20, 0x04, 0x07,
    0x83, 0x30, 0xCC, 0x00, 0x30, 0x2C, 0x0F, 0x03, 0xC0, 0xF0, 0x3C, 0x0F, 0x03, 0xC0, 0xF8, 0x67,
    0x38, 0xFC, 0x00, 0x00, 0x1F, 0x87, 0xF9, 0xC3, 0xB0, 0x06, 0x00, 0xE0, 0x0F, 0x00, 0xFC, 0x07,
    0xC0, 0x1C, 0x01, 0x80, 0x3E, 0x06, 0xF3, 0x8F, 0xE0, 0x30, 0x06, 0x00, 0xC0, 0x18, 0x00, 0x3F,
    0x3F, 0xD8, 0x6C, 0x07, 0x81, 0xF8, 0x1E, 0x03, 0x41, 0xB9, 0xCF, 0xC1, 0x81, 0xC0, 0x60, 0x70,
    0x30, 0x7F, 0xF7, 0xFF, 0x06, 0x00, 0x60, 0x06, 0x00, 0x60, 0x06, 0x00, 0x60, 0x06, 0x00, 0x60,
    0x06, 0x00, 0x60, 0x06, 0x00, 0x60, 0x06, 0x00, 0x00, 0x07, 0x00, 0x70, 0x06, 0x00, 0x30, 0x60,
    0xC7, 0xFF, 0xE6, 0x0C, 0x18, 0x30, 0x60, 0xC1, 0x83, 0x83, 0x86, 0x1C, 0x0C, 0x30, 0x40, 0x46,
    0x31, 0x36, 0xE4, 0x73, 0xEC, 0x80, 0x67, 0xFE, 0x70, 0x01, 0xFC, 0x00, 0x83, 0x3F, 0x9E, 0xF0,
    0x4F, 0xB4, 0xC0, 0x67, 0x84, 0x62, 0x00, 0x77, 0xA7, 0xE6, 0x00, 0x6F, 0xFD, 0xA4, 0x45, 0xF3,
    0x84, 0xD8, 0xF8, 0xD8, 0x00, 0x11, 0xEC, 0xF3, 0x7B, 0xF0, 0x33, 0xFE, 0xF8, 0x03, 0x7D, 0xC0,
    0x67, 0x36, 0x40, 0x2F, 0x60, 0x33, 0x98, 0xF7, 0x80, 0x31, 0xED, 0x80, 0x8F, 0x3F, 0x8C, 0xFD,
    0xF8, 0xFF, 0xC0, 0x03, 0x00, 0x38, 0x01, 0xC0, 0x0F, 0x00, 0xD8, 0x06, 0x60, 0x63, 0x03, 0x18,
    0x18, 0x61, 0xFF, 0x0F, 0xFC, 0xC0, 0x66, 0x03, 0xB0, 0x0F, 0x00, 0x60, 0x00, 0x03, 0x00, 0x18,
    0x00, 0x3F, 0x5F, 0xFE, 0x1F, 0x03, 0xC0, 0xF0, 0x3C, 0x0F, 0x03, 0xE0, 0xDC, 0xF3, 0xFC, 0x30,
    0x0C, 0x03, 0x00, 0x40, 0x03, 0x00, 0x3C, 0x00, 0x60, 0x06, 0x00, 0x00, 0x01, 0x80, 0x1C, 0x00,
    0xE0, 0x07, 0x80, 0x6C, 0x03, 0x30, 0x31, 0x81, 0x8C, 0x0C, 0x30, 0xFF, 0x87, 0xFE, 0x60, 0x33,
    0x01, 0xD8, 0x07, 0x80, 0x30, 0x00, 0x00, 0x0C, 0x07, 0x80, 0x60, 0x10, 0x04, 0x0F, 0xD7, 0xFF,
    0x87, 0xC0, 0xF0, 0x3C, 0x0F, 0x03, 0xC0, 0xF8, 0x37, 0x3C, 0xFF, 0x0C, 0x00, 0x00, 0x10, 0x11,
    0xC1, 0xDC, 0x1F, 0x00, 0x8C, 0x01, 0x80, 0x1C, 0x00, 0xE0, 0x07, 0x80, 0x6C, 0x03, 0x30, 0x31,
    0x81, 0x8C, 0x0C, 0x30, 0xFF, 0x87, 0xFE, 0x60, 0x33, 0x01, 0xD8, 0x07, 0x80, 0x30, 0x00, 0x00,
    0x00, 0xC0, 0x30, 0xD8, 0x7C, 0x33, 0x00, 0x03, 0xF5, 0xFF, 0xE1, 0xF0, 0x3C, 0x0F, 0x03, 0xC0,
    0xF0, 0x3E, 0x0D, 0xCF, 0x3F, 0xC3, 0x00, 0x03, 0x00, 0x1C, 0x00, 0xF0, 0x0E, 0x00, 0xF8, 0x04,
    0x60, 0x0C, 0x00, 0xE0, 0x07, 0x00, 0x3C, 0x03, 0x60, 0x19, 0x81, 0x8C, 0x0C, 0x60, 0x61, 0x87,
    0xFC, 0x3F, 0xF3, 0x01, 0x98, 0x0E, 0xC0, 0x3C, 0x01, 0x80, 0x00, 0x06, 0x01, 0x80, 0xF0, 0x7C,
    0x33, 0x00, 0x03, 0xF5, 0xFF, 0xE1, 0xF0, 0x3C, 0x0F, 0x03, 0xC0, 0xF0, 0x3E, 0x0D, 0xCF, 0x3F,
    0xC3, 0x00, 0x00, 0x60, 0x07, 0x80, 0x8C, 0x0E, 0xC0, 0xFA, 0x04, 0x60, 0x0C, 0x00, 0xE0, 0x07,
    0x00, 0x3C, 0x03, 0x60, 0x19, 0x81, 0x8C, 0x0C, 0x60, 0x61, 0x87, 0xFC, 0x3F, 0xF3, 0x01, 0x98,
    0x0E, 0xC0, 0x3C, 0x01, 0x80, 0x00, 0x01, 0x80, 0xF0, 0xCC, 0x7A, 0x33, 0x80, 0x03, 0xF5, 0xFF,
    0xE1, 0xF0, 0x3C, 0x0F, 0x03, 0xC0, 0xF0, 0x3E, 0x0D, 0xCF, 0x3F, 0xC3, 0x00, 0x0C, 0x40, 0xFE,
    0x06, 0xF0, 0x0E, 0x00, 0xF8, 0x04, 0x60, 0x0C, 0x00, 0xE0, 0x07, 0x00, 0x3C, 0x03, 0x60, 0x19,
    0x81, 0x8C, 0x0C, 0x60, 0x61, 0x87, 0xFC, 0x3F, 0xF3, 0x01, 0x98, 0x0E, 0xC0, 0x3C, 0x01, 0x80,
    0x00, 0x19, 0x8F, 0xE2, 0xF0, 0x78, 0x33, 0x00, 0x03, 0xF5, 0xFF, 0xE1, 0xF0, 0x3C, 0x0F, 0x03,
    0xC0, 0xF0, 0x3E, 0x0D, 0xCF, 0x3F, 0xC3, 0x00, 0x02, 0x00, 0x38, 0x03, 0xE0, 0x11, 0x80, 0x30,
    0x03, 0x80, 0x1C, 0x00, 0xF0, 0x0D, 0x80, 0x66, 0x06, 0x30, 0x31, 0x81, 0x86, 0x1F, 0xF0, 0xFF,
    0xCC, 0x06, 0x60, 0x3B, 0x00, 0xF0, 0x06, 0x00, 0x00, 0x30, 0x01, 0x80, 0x0E, 0x07, 0x83, 0x30,
    0x00, 0x3F, 0x5F, 0xFE, 0x1F, 0x03, 0xC0, 0xF0, 0x3C, 0x0F, 0x03, 0xE0, 0xDC, 0xF3, 0xFC, 0x30,
    0x0C, 0x03, 0x00, 0x40, 0x00, 0xC0, 0x0E, 0x00, 0xE0, 0x00, 0x00, 0x8C, 0x07, 0xE0, 0x1E, 0x00,
    0x00, 0x03, 0x00, 0x38, 0x01, 0xC0, 0x0F, 0x00, 0xD8, 0x06, 0x60, 0x63, 0x03, 0x18, 0x18, 0x61,
    0xFF, 0x0F, 0xFC, 0xC0, 0x66, 0x03, 0xB0, 0x0F, 0x00, 0x60, 0x00, 0x03, 0x01, 0xC1, 0x70, 0xDC,
    0x1F, 0x03, 0x80, 0x00, 0xFD, 0x7F, 0xF8, 0x7C, 0x0F, 0x03, 0xC0, 0xF0, 0x3C, 0x0F, 0x83, 0x73,
    0xCF, 0xF0, 0xC0, 0x08, 0x00, 0x60, 0x01, 0x80, 0x00, 0x00, 0x8C, 0x07, 0xE0, 0x1E, 0x00, 0x00,
    0x03, 0x00, 0x38, 0x01, 0xC0, 0x0F, 0x00, 0xD8, 0x06, 0x60, 0x63, 0x03, 0x18, 0x18, 0x61, 0xFF,
    0x0F, 0xFC, 0xC0, 0x66, 0x03, 0xB0, 0x0F, 0x00, 0x60, 0x00, 0x10, 0x06, 0x01, 0xD0, 0xDC, 0x1F,
    0x07, 0x80, 0x00, 0xFD, 0x7F, 0xF8, 0x7C, 0x0F, 0x03, 0xC0, 0xF0, 0x3C, 0x0F, 0x83, 0x73, 0xCF,
    0xF0, 0xC0, 0x03, 0x00, 0x3C, 0x00, 0x60, 0x06, 0x00, 0x00, 0x04, 0x60, 0x3F, 0x00, 0xF0, 0x00,
    0x00, 0x18, 0x01, 0xC0, 0x0E, 0x00, 0x78, 0x06, 0xC0, 0x33, 0x03, 0x18, 0x18, 0xC0, 0xC3, 0x0F,
    0xF8, 0x7F, 0xE6, 0x03, 0x30, 0x1D, 0x80, 0x78, 0x03, 0x00, 0x00, 0x0C, 0x07, 0x80, 0x60, 0x94,
    0x37, 0x07, 0xC1, 0xE0, 0x00, 0x3F, 0x5F, 0xFE, 0x1F, 0x03, 0xC0, 0xF0, 0x3C, 0x0F, 0x03, 0xE0,
    0xDC, 0xF3, 0xFC, 0x30, 0x0C, 0x40, 0xFE, 0x06, 0xF0, 0x00, 0x00, 0x8C, 0x07, 0xE0, 0x1E, 0x00,
    0x00, 0x03, 0x00, 0x38, 0x01, 0xC0, 0x0F, 0x00, 0xD8, 0x06, 0x60, 0x63, 0x03, 0x18, 0x18, 0x61,
    0xFF, 0x0F, 0xFC, 0xC0, 0x66, 0x03, 0xB0, 0x0F, 0x00, 0x60, 0x00, 0x19, 0x8F, 0xE2, 0x70, 0x84,
    0x33, 0x0F, 0xC1, 0xE0, 0x00, 0x3F, 0x5F, 0xFE, 0x1F, 0x03, 0xC0, 0xF0, 0x3C, 0x0F, 0x03, 0xE0,
    0xDC, 0xF3, 0xFC, 0x30, 0x08, 0xC0, 0x7E, 0x01, 0xE0, 0x00, 0x00, 0x30, 0x03, 0x80, 0x1C, 0x00,
    0xF0, 0x0D, 0x80, 0x66, 0x06, 0x30, 0x31, 0x81, 0x86, 0x1F, 0xF0, 0xFF, 0xCC, 0x06, 0x60, 0x3B,
    0x00, 0xF0, 0x06, 0x00, 0x00, 0x30, 0x01, 0x80, 0x21, 0x0C, 0xC3, 0xF0, 0x78, 0x00, 0x0F, 0xD7,
    0xFF, 0x87, 0xC0, 0xF0, 0x3C, 0x0F, 0x03, 0xC0, 0xF8, 0x37, 0x3C, 0xFF, 0x0C, 0x03, 0x00, 0xC0,
    0x10, 0x7F, 0xDF, 0xF6, 0x01, 0x80, 0x60, 0x18, 0x07, 0xF1, 0xFE, 0x60, 0x18, 0x06, 0x01, 0x80,
    0x60, 0x1F, 0xF7, 0xFC, 0x00, 0x0E, 0x03, 0x80, 0x3F, 0x1F, 0xEE, 0x1B, 0x03, 0xFF, 0xFF, 0xFC,
    0x03, 0x00, 0xE0, 0xDC, 0x73, 0xF8, 0x30, 0x0C, 0x03, 0x00, 0x80, 0x06, 0x03, 0xC0, 0x30, 0x18,
    0x00, 0x1F, 0xF7, 0xFD, 0x80, 0x60, 0x18, 0x06, 0x01, 0xFC, 0x7F, 0x98, 0x06, 0x01, 0x80, 0x60,
    0x18, 0x07, 0xFD, 0xFF, 0x0C, 0x07, 0x80, 0x60, 0x10, 0x04, 0x0F, 0xC7, 0xFB, 0x86, 0xC0, 0xFF,
    0xFF, 0xFF, 0x00, 0xC0, 0x38, 0x37, 0x1C, 0xFE, 0x0C, 0x00, 0x18, 0x8F, 0xE3, 0x78, 0x00, 0x7F,
    0xDF, 0xF6, 0x01, 0x80, 0x60, 0x18, 0x07, 0xF1, 0xFE, 0x60, 0x18, 0x06, 0x01, 0x80, 0x60, 0x1F,
    0xF7, 0xFC, 0x39, 0x0F, 0xC2, 0x70, 0x00, 0x3F, 0x1F, 0xEE, 0x1B, 0x03, 0xFF, 0xFF, 0xFC, 0x03,
    0x00, 0xE0, 0xDC, 0x73, 0xF8, 0x30, 0x00, 0x20, 0x47, 0x0E, 0xE1, 0xF0, 0x11, 0x07, 0xFC, 0x7F,
    0xC6, 0x00, 0x60, 0x06, 0x00, 0x60, 0x07, 0xF0, 0x7F, 0x86, 0x00, 0x60, 0x06, 0x00, 0x60, 0x06,
    0x00, 0x7F, 0xC7, 0xFC, 0x00, 0xC0, 0x70, 0xD8, 0x7C, 0x33, 0x00, 0x03, 0xF1, 0xFE, 0xE1, 0xB0,
    0x3F, 0xFF, 0xFF, 0xC0, 0x30, 0x0E, 0x0D, 0xC7, 0x3F, 0x83, 0x00, 0x06, 0x01, 0xC0, 0x78, 0x38,
    0x1F, 0x04, 0x47, 0xFD, 0xFF, 0x60, 0x18, 0x06, 0x01, 0x80, 0x7F, 0x1F, 0xE6, 0x01, 0x80, 0x60,
    0x18, 0x06, 0x01, 0xFF, 0x7F, 0xC0, 0x04, 0x01, 0x81, 0xF0, 0x7C, 0x32, 0x00, 0x03, 0xF1, 0xFE,
    0xE1, 0xB0, 0x3F, 0xFF, 0xFF, 0xC0, 0x30, 0x0E, 0x0D, 0xC7, 0x3F, 0x83, 0x00, 0x06, 0x03, 0xC0,
    0x30, 0x18, 0x00, 0x01, 0x00, 0xE0, 0x7C, 0x11, 0x1F, 0xF7, 0xFD, 0x80, 0x60, 0x18, 0x06, 0x01,
    0xFC, 0x7F, 0x98, 0x06, 0x01, 0x80, 0x60, 0x18, 0x07, 0xFD, 0xFF, 0x01, 0x80, 0xF0, 0xCC, 0x7E,
    0x33, 0x80, 0x03, 0xF1, 0xFE, 0xE1, 0xB0, 0x3F, 0xFF, 0xFF, 0xC0, 0x30, 0x0E, 0x0D, 0xC7, 0x3F,
    0x83, 0x00, 0x18, 0x8F, 0xE3, 0x78, 0x10, 0x0E, 0x07, 0xC1, 0x11, 0xFF, 0x7F, 0xD8, 0x06, 0x01,
    0x80, 0x60, 0x1F, 0xC7, 0xF9, 0x80, 0x60, 0x18, 0x06, 0x01, 0x80, 0x7F, 0xDF, 0xF0, 0x39, 0x8F,
    0xE2, 0xF0, 0x78, 0x33, 0x00, 0x03, 0xF1, 0xFE, 0xE1, 0xB0, 0x3F, 0xFF, 0xFF, 0xC0, 0x30, 0x0E,
    0x0D, 0xC7, 0x3F, 0x83, 0x00, 0x04, 0x03, 0x81, 0xF0, 0x44, 0x7F, 0xDF, 0xF6, 0x01, 0x80, 0x60,
    0x18, 0x07, 0xF1, 0xFE, 0x60, 0x18, 0x06, 0x01, 0x80, 0x60, 0x1F, 0xF7, 0xFC, 0x00, 0x0E, 0x03,
    0x80, 0x0C, 0x07, 0x83, 0x30, 0x00, 0x3F, 0x1F, 0xEE, 0x1B, 0x03, 0xFF, 0xFF, 0xFC, 0x03, 0x00,
    0xE0, 0xDC, 0x73, 0xF8, 0x30, 0x0C, 0x03, 0x00, 0x80, 0x33, 0xC6, 0x60, 0x10, 0xC6, 0x31, 0x8C,
    0x63, 0x18, 0xC6, 0x31, 0x8C, 0x60, 0x6F, 0x33, 0x26, 0x66, 0x66, 0x66, 0x66, 0x66, 0x4D, 0xB6,
    0xDB, 0x6D, 0xB6, 0xD8, 0xFC, 0xD8, 0x6D, 0xB6, 0xDB, 0x6D, 0x86, 0xC8, 0x0F, 0xC0, 0xFF, 0xC7,
    0x03, 0x98, 0x06, 0xC0, 0x0F, 0x00, 0x3C, 0x00, 0xF0, 0x03, 0xC0, 0x0F, 0x00, 0x3C, 0x00, 0xF8,
    0x06, 0x70, 0x38, 0xF3, 0xC1, 0xFE, 0x00, 0xC0, 0x03, 0x00, 0x0C, 0x00, 0x1F, 0x0F, 0xF1, 0x83,
    0x60, 0x7C, 0x07, 0x80, 0xF0, 0x1E, 0x03, 0xE0, 0xCE, 0x78, 0xFE, 0x06, 0x00, 0xC0, 0x18, 0x01,
    0x00, 0x03, 0x00, 0x1E, 0x00, 0x18, 0x00, 0x40, 0x01, 0x00, 0x3F, 0x03, 0xFF, 0x1C, 0x0E, 0x60,
    0x1B, 0x00, 0x3C, 0x00, 0xF0, 0x03, 0xC0, 0x0F, 0x00, 0x3C, 0x00, 0xF0, 0x03, 0xE0, 0x19, 0xC0,
    0xE3, 0xCF, 0x07, 0xF8, 0x03, 0x00, 0x0C, 0x03, 0xC0, 0x18, 0x03, 0x00, 0x40, 0x3E, 0x1F, 0xE3,
    0x06, 0xC0, 0xF8, 0x0F, 0x01, 0xE0, 0x3C, 0x07, 0xC1, 0x9C, 0xF1, 0xFC, 0x0C, 0x00, 0x00, 0x08,
    0x00, 0xE0, 0x7F, 0x03, 0xF0, 0x0C, 0xC0, 0x3F, 0x03, 0xFF, 0x1C, 0x0E, 0x60, 0x1B, 0x00, 0x3C,
    0x00, 0xF0, 0x03, 0xC0, 0x0F, 0x00, 0x3C, 0x00, 0xF0, 0x03, 0xE0, 0x19, 0xC0, 0xE3, 0xCF, 0x07,
    0xF8, 0x03, 0x00, 0x00, 0xC0, 0x18, 0x36, 0x0F, 0x83, 0x30, 0x00, 0x07, 0xC3, 0xFC, 0x60, 0xD8,
    0x1F, 0x01, 0xE0, 0x3C, 0x07, 0x80, 0xF8, 0x33, 0x9E, 0x3F, 0x81, 0x80, 0x01, 0x00, 0x0E, 0x00,
    0x1C, 0x01, 0xE0, 0x0F, 0xC0, 0x33, 0x00, 0xFC, 0x0F, 0xFC, 0x70, 0x39, 0x80, 0x6C, 0x00, 0xF0,
    0x03, 0xC0, 0x0F, 0x00, 0x3C, 0x00, 0xF0, 0x03, 0xC0, 0x0F, 0x80, 0x67, 0x03, 0x8F, 0x3C, 0x1F,
    0xE0, 0x0C, 0x00, 0x06, 0x00, 0xE0, 0x0C, 0x06, 0x81, 0xE0, 0x66, 0x00, 0x00, 0xF8, 0x7F, 0x8C,
    0x1B, 0x03, 0xE0, 0x3C, 0x07, 0x80, 0xF0, 0x1F, 0x06, 0x73, 0xC7, 0xF0, 0x30, 0x00, 0x00, 0x60,
    0x03, 0xC0, 0x03, 0x00, 0xD8, 0x07, 0xA0, 0x33, 0x00, 0x00, 0x03, 0xF0, 0x3F, 0xF1, 0xC0, 0xE6,
    0x01, 0xB0, 0x03, 0xC0, 0x0F, 0x00, 0x3C, 0x00, 0xF0, 0x03, 0xC0, 0x0F, 0x00, 0x3E, 0x01, 0x9C,
    0x0E, 0x3C, 0xF0, 0x7F, 0x80, 0x30, 0x00, 0x01, 0x80, 0x78, 0x03, 0x07, 0x61, 0xE8, 0x66, 0x00,
    0x00, 0xF8, 0x7F, 0x8C, 0x1B, 0x03, 0xE0, 0x3C, 0x07, 0x80, 0xF0, 0x1F, 0x06, 0x73, 0xC7, 0xF0,
    0x30, 0x00, 0x06, 0x40, 0x3F, 0x80, 0x9C, 0x00, 0x00, 0x07, 0x80, 0x3F, 0x00, 0xCC, 0x03, 0xF0,
    0x3F, 0xF1, 0xC0, 0xE6, 0x01, 0xB0, 0x03, 0xC0, 0x0F, 0x00, 0x3C, 0x00, 0xF0, 0x03, 0xC0, 0x0F,
    0x00, 0x3E, 0x01, 0x9C, 0x0E, 0x3C, 0xF0, 0x7F, 0x80, 0x30, 0x00, 0x19, 0x87, 0xF0, 0x9C, 0x07,
    0x01, 0xF0, 0x26, 0x00, 0x00, 0xF8, 0x7F, 0x8C, 0x1B, 0x03, 0xE0, 0x3C, 0x07, 0x80, 0xF0, 0x1F,
    0x06, 0x73, 0xC7, 0xF0, 0x30, 0x00, 0x00, 0x00, 0x1E, 0x00, 0xFC, 0x03, 0x30, 0x0F, 0xC0, 0xFF,
    0xC7, 0x03, 0x98, 0x06, 0xC0, 0x0F, 0x00, 0x3C, 0x00, 0xF0, 0x03, 0xC0, 0x0F, 0x00, 0x3C, 0x00,
    0xF8, 0x06, 0x70, 0x38, 0xF3, 0xC1, 0xFE, 0x00, 0xC0, 0x03, 0x00, 0x0C, 0x00, 0x0E, 0x03, 0xE0,
    0x4C, 0x00, 0x01, 0xF0, 0xFF, 0x18, 0x36, 0x07, 0xC0, 0x78, 0x0F, 0x01, 0xE0, 0x3E, 0x0C, 0xE7,
    0x8F, 0xE0, 0x60, 0x0C, 0x01, 0x80, 0x10, 0x00, 0x00, 0x40, 0x07, 0x00, 0x3B, 0x00, 0x0C, 0x0F,
    0xF0, 0xFF, 0xC7, 0x03, 0x98, 0x06, 0xC0, 0x0F, 0x00, 0x3C, 0x00, 0xF0, 0x03, 0xC0, 0x0F, 0x00,
    0x3C, 0x00, 0xF8, 0x06, 0x70, 0x38, 0xF3, 0xC1, 0xFE, 0x00, 0xC0, 0x03, 0x00, 0xE0, 0x39, 0x02,
    0x31, 0xFC, 0xFF, 0x18, 0x36, 0x07, 0xC0, 0x78, 0x0F, 0x01, 0xE0, 0x3E, 0x0C, 0xE7, 0x8F, 0xE0,
    0x60, 0x08, 0x00, 0x38, 0x00, 0x73, 0x00, 0x0C, 0x0F, 0xF0, 0xFF, 0xC7, 0x03, 0x98, 0x06, 0xC0,
    0x0F, 0x00, 0x3C, 0x00, 0xF0, 0x03, 0xC0, 0x0F, 0x00, 0x3C, 0x00, 0xF8, 0x06, 0x70, 0x38, 0xF3,
    0xC1, 0xFE, 0x00, 0xC0, 0x10, 0x03, 0x00, 0x31, 0x02, 0x31, 0xFC, 0xFF, 0x18, 0x36, 0x07, 0xC0,
    0x78, 0x0F, 0x01, 0xE0, 0x3E, 0x0C, 0xE7, 0x8F, 0xE0, 0x60, 0x03, 0x00, 0x1E, 0x00, 0x18, 0x00,
    0x4C, 0x01, 0x30, 0x3F, 0xC3, 0xFF, 0x1C, 0x0E, 0x60, 0x1B, 0x00, 0x3C, 0x00, 0xF0, 0x03, 0xC0,
    0x0F, 0x00, 0x3C, 0x00, 0xF0, 0x03, 0xE0, 0x19, 0xC0, 0xE3, 0xCF, 0x07, 0xF8, 0x03, 0x00, 0x0C,
    0x03, 0xC0, 0x18, 0x03, 0x20, 0x46, 0x3F, 0x9F, 0xE3, 0x06, 0xC0, 0xF8, 0x0F, 0x01, 0xE0, 0x3C,
    0x07, 0xC1, 0x9C, 0xF1, 0xFC, 0x0C, 0x00, 0x06, 0x40, 0x3F, 0x01, 0x9F, 0x00, 0x0C, 0x0F, 0xF0,
    0xFF, 0xC7, 0x03, 0x98, 0x06, 0xC0, 0x0F, 0x00, 0x3C, 0x00, 0xF0, 0x03, 0xC0, 0x0F, 0x00, 0x3C,
    0x00, 0xF8, 0x06, 0x70, 0x38, 0xF3, 0xC1, 0xFE, 0x00, 0xC0, 0x19, 0x87, 0xF0, 0x9D, 0x00, 0x31,
    0xFC, 0xFF, 0x18, 0x36, 0x07, 0xC0, 0x78, 0x0F, 0x01, 0xE0, 0x3E, 0x0C, 0xE7, 0x8F, 0xE0, 0x60,
    0x00, 0x30, 0x00, 0xC0, 0xFF, 0x0F, 0xFC, 0x70, 0x39, 0x80, 0x6C, 0x00, 0xF0, 0x03, 0xC0, 0x0F,
    0x00, 0x3C, 0x00, 0xF0, 0x03, 0xC0, 0x0F, 0x80, 0x67, 0x03, 0x8F, 0x3C, 0x1F, 0xE0, 0x0C, 0x00,
    0x30, 0x00, 0xC0, 0x00, 0x40, 0x0C, 0x7F, 0x3F, 0xC6, 0x0D, 0x81, 0xF0, 0x1E, 0x03, 0xC0, 0x78,
    0x0F, 0x83, 0x39, 0xE3, 0xF8, 0x18, 0x03, 0x00, 0x60, 0x04, 0x00, 0x40, 0x16, 0x03, 0x60, 0x36,
    0x03, 0x60, 0x36, 0x03, 0x60, 0x36, 0x03, 0x60, 0x36, 0x03, 0x60, 0x36, 0x03, 0x70, 0x73, 0xDE,
    0x1F, 0xC0, 0x20, 0x07, 0x00, 0x70, 0xC0, 0xB0, 0x3C, 0x0F, 0x03, 0xC0, 0xF0, 0x3C, 0x0F, 0x03,
    0xE1, 0x9C, 0xE3, 0xF0, 0x00, 0x0C, 0x03, 0x00, 0x80, 0x06, 0x00, 0xF0, 0x01, 0x00, 0x30, 0x02,
    0x04, 0x01, 0x60, 0x36, 0x03, 0x60, 0x36, 0x03, 0x60, 0x36, 0x03, 0x60, 0x36, 0x03, 0x60, 0x36,
    0x03, 0x60, 0x37, 0x07, 0x3D, 0xE1, 0xFC, 0x02, 0x00, 0x0C, 0x07, 0x80, 0x60, 0x30, 0x04, 0x30,
    0x2C, 0x0F, 0x03, 0xC0, 0xF0, 0x3C, 0x0F, 0x03, 0xC0, 0xF8, 0x67, 0x38, 0xFC, 0x00, 0x00, 0x00,
    0x80, 0x03, 0x80, 0x0E, 0x18, 0x00, 0x34, 0x01, 0xCC, 0x07, 0x18, 0x0C, 0x30, 0x18, 0x60, 0x30,
    0xC0, 0x61, 0x80, 0xC3, 0x01, 0x86, 0x03, 0x0C, 0x06, 0x18, 0x0C, 0x30, 0x18, 0x70, 0x70, 0x7B,
    0xC0, 0x7F, 0x00, 0x10, 0x00, 0x03, 0x00, 0x70, 0x0E, 0x30, 0x43, 0xC0, 0xEC, 0x0E, 0xC0, 0xCC,
    0x0C, 0xC0, 0xCC, 0x0C, 0xC0, 0xCC, 0x0C, 0xE1, 0x87, 0x38, 0x3F, 0x00, 0x00, 0x08, 0x00, 0x38,
    0x00, 0x38, 0x18, 0x00, 0x34, 0x01, 0xCC, 0x07, 0x18, 0x0C, 0x30, 0x18, 0x60, 0x30, 0xC0, 0x61,
    0x80, 0xC3, 0x01, 0x86, 0x03, 0x0C, 0x06, 0x18, 0x0C, 0x30, 0x18, 0x70, 0x70, 0x7B, 0xC0, 0x7F,
    0x00, 0x10, 0x00, 0x10, 0x01, 0x80, 0x0C, 0x30, 0x43, 0xC0, 0xEC, 0x0E, 0xC0, 0xCC, 0x0C, 0xC0,
    0xCC, 0x0C, 0xC0, 0xCC, 0x0C, 0xE1, 0x87, 0x38, 0x3F, 0x00, 0x00, 0x07, 0x00, 0x1E, 0x00, 0x04,
    0x00, 0x18, 0x30, 0x20, 0x68, 0x03, 0x98, 0x0E, 0x30, 0x18, 0x60, 0x30, 0xC0, 0x61, 0x80, 0xC3,
    0x01, 0x86, 0x03, 0x0C, 0x06, 0x18, 0x0C, 0x30, 0x18, 0x60, 0x30, 0xE0, 0xE0, 0xF7, 0x80, 0xFE,
    0x00, 0x20, 0x00, 0x0C, 0x01, 0xE0, 0x06, 0x00, 0x63, 0x04, 0x3C, 0x0E, 0xC0, 0xEC, 0x0C, 0xC0,
    0xCC, 0x0C, 0xC0, 0xCC, 0x0C, 0xC0, 0xCE, 0x18, 0x73, 0x83, 0xF0, 0x00, 0x00, 0x0C, 0x40, 0x3F,
    0x80, 0x6F, 0x18, 0x00, 0x34, 0x01, 0xCC, 0x07, 0x18, 0x0C, 0x30, 0x18, 0x60, 0x30, 0xC0, 0x61,
    0x80, 0xC3, 0x01, 0x86, 0x03, 0x0C, 0x06, 0x18, 0x0C, 0x30, 0x18, 0x70, 0x70, 0x7B, 0xC0, 0x7F,
    0x00, 0x10, 0x00, 0x19, 0x83, 0xF8, 0x27, 0x30, 0x03, 0xC0, 0xEC, 0x0E, 0xC0, 0xCC, 0x0C, 0xC0,
    0xCC, 0x0C, 0xC0, 0xCC, 0x0C, 0xE1, 0x87, 0x38, 0x3F, 0x00, 0x00, 0x00, 0x06, 0x00, 0x0D, 0x00,
    0x73, 0x01, 0xC6, 0x03, 0x0C, 0x06, 0x18, 0x0C, 0x30, 0x18, 0x60, 0x30, 0xC0, 0x61, 0x80, 0xC3,
    0x01, 0x86, 0x03, 0x0C, 0x06, 0x1C, 0x1C, 0x1E, 0xF0, 0x1F, 0xC0, 0x04, 0x00, 0x1C, 0x00, 0x38,
    0x00, 0x00, 0x30, 0x03, 0xC0, 0xEC, 0x0E, 0xC0, 0xCC, 0x0C, 0xC0, 0xCC, 0x0C, 0xC0, 0xCC, 0x0C,
    0xE1, 0x87, 0x38, 0x3F, 0x00, 0x00, 0x0C, 0x00, 0xC0, 0x04, 0x00, 0x10, 0x01, 0xC0, 0x0C, 0x00,
    0x00, 0xC0, 0x2E, 0x06, 0x60, 0xE3, 0x0C, 0x39, 0x81, 0xF8, 0x0F, 0x00, 0x60, 0x06, 0x00, 0x60,
    0x06, 0x00, 0x60, 0x06, 0x00, 0x60, 0x06, 0x00, 0x30, 0x0E, 0x01, 0x80, 0x20, 0xC0, 0xB0, 0x3C,
    0x0F, 0x03, 0xC0, 0xF0, 0x3C, 0x0F, 0x03, 0xE1, 0xDC, 0xF7, 0xFC, 0x66, 0x01, 0x99, 0xE7, 0xF0,
    0x60, 0xC0, 0x2E, 0x06, 0x60, 0xE3, 0x0C, 0x39, 0x81, 0xF8, 0x0F, 0x00, 0x60, 0x06, 0x00, 0x60,
    0x06, 0x00, 0x60, 0x06, 0x00, 0x60, 0x06, 0x00, 0x00, 0x06, 0x00, 0x60, 0xC0, 0x98, 0x1B, 0x03,
    0x60, 0x6C, 0x0D, 0x81, 0xB0, 0x36, 0x06, 0xE1, 0xCE, 0x79, 0xFF, 0x0C, 0xC0, 0x18, 0xCF, 0xDF,
    0xD8, 0xC2, 0x06, 0x00, 0xF0, 0x03, 0x00, 0x60, 0x00, 0x0C, 0x02, 0xE0, 0x66, 0x0E, 0x30, 0xC3,
    0x98, 0x1F, 0x80, 0xF0, 0x06, 0x00, 0x60, 0x06, 0x00, 0x60, 0x06, 0x00, 0x60, 0x06, 0x00, 0x60,
    0x0C, 0x07, 0x80, 0x60, 0x30, 0x04, 0x30, 0x2C, 0x0F, 0x03, 0xC0, 0xF0, 0x3C, 0x0F, 0x03, 0xC0,
    0xF8, 0x77, 0x3D, 0xFF, 0x19, 0x80, 0x66, 0x79, 0xFC, 0x18, 0x00, 0x18, 0x83, 0xF8, 0x33, 0x80,
    0x00, 0xC0, 0x2E, 0x06, 0x60, 0xE3, 0x0C, 0x39, 0x81, 0xF8, 0x0F, 0x00, 0x60, 0x06, 0x00, 0x60,
    0x06, 0x00, 0x60, 0x06, 0x00, 0x60, 0x06, 0x00, 0x39, 0x0F, 0xC6, 0x70, 0x00, 0xC0, 0xB0, 0x3C,
    0x0F, 0x03, 0xC0, 0xF0, 0x3C, 0x0F, 0x03, 0xE1, 0xDC, 0xF7, 0xFC, 0x66, 0x01, 0x99, 0xE7, 0xF0,
    0x60, 0x7B, 0xF0, 0x00, 0x00, 0x7F, 0xDF, 0xC0, 0x00, 0x7F, 0xDF, 0xC0, 0x7F, 0xFC, 0xFF, 0xFF,
    0x7F, 0xFE, 0x7F, 0xFC, 0xFF, 0xFF, 0x7F, 0xFE, 0x36, 0xE7, 0x00, 0x6E, 0x6E, 0x00, 0x67, 0x36,
    0x40, 0x76, 0xDB, 0xB3, 0x70, 0x00, 0x6D, 0xDD, 0x9F, 0x60, 0x00, 0x6C, 0xFC, 0xDB, 0x64, 0x80,
    0x30, 0x60, 0xC7, 0xFF, 0xE6, 0x0C, 0x18, 0x30, 0x60, 0xC0, 0x30, 0x60, 0xC7, 0xEF, 0xC6, 0x3F,
    0x7E, 0x30, 0x60, 0xC0, 0x00, 0x7C, 0xF9, 0xFB, 0xE7, 0xC3, 0x00, 0x00, 0x33, 0x3C, 0xCC, 0x3C,
    0x08, 0x00, 0xF8, 0x30, 0x01, 0x98, 0xC0, 0x03, 0x31, 0x80, 0x06, 0x66, 0x00, 0x0C, 0xD8, 0x00,
    0x1F, 0x30, 0x00, 0x1E, 0xCE, 0x1C, 0x03, 0xBE, 0x7C, 0x06, 0xCD, 0x98, 0x19, 0x8F, 0x30, 0x73,
    0x1E, 0x20, 0xC6, 0x2C, 0xC3, 0x06, 0xDD, 0x86, 0x0F, 0x9E, 0x00, 0x04, 0x08, 0x66, 0x66, 0x66,
    0x66, 0x44, 0x44, 0x18, 0xCC, 0xC6, 0x30, 0xC7, 0x18, 0x43, 0x1C, 0x71, 0x9C, 0xCC, 0x40, 0x00,
    0x60, 0x0C, 0x03, 0x00, 0xC0, 0x18, 0x06, 0x01, 0x80, 0x30, 0x0C, 0x03, 0x00, 0x60, 0x18, 0x06,
    0x00, 0xC0, 0x30, 0x00, 0x00, 0x38, 0xFB, 0x16, 0x3C, 0x6D, 0x9F, 0x08, 0x18, 0x63, 0x9E, 0xFD,
    0xF1, 0x80, 0x7F, 0xFD, 0xF9, 0xCF, 0xE4, 0x18, 0xE6, 0x3E, 0xDB, 0x27, 0x88, 0x79, 0xF1, 0x86,
    0x30, 0xC2, 0x00, 0x79, 0xF6, 0xDE, 0x7F, 0x37, 0x84, 0x39, 0xF4, 0xDF, 0x38, 0xE7, 0x00, 0x38,
    0xFB, 0x16, 0x3C, 0x6D, 0x9F, 0x08, 0x3F, 0xF3, 0x33, 0x30, 0x77, 0xE6, 0x66, 0x73, 0xE0, 0xFF,
    0x99, 0xF1, 0xCF, 0xCC, 0x18, 0x63, 0x9E, 0xFD, 0xF1, 0x80, 0x7F, 0xFD, 0xF9, 0xCF, 0xE4, 0x18,
    0xE6, 0x3E, 0xDB, 0x27, 0x88, 0x79, 0xF1, 0x86, 0x30, 0xC2, 0x00, 0x79, 0xF6, 0xDE, 0x7F, 0x37,
    0x84, 0x39, 0xF4, 0xDF, 0x38, 0xE7, 0x00, 0x00, 0x20, 0x00, 0xCC, 0x1F, 0xB0, 0x7F, 0xE1, 0xCD,
    0x86, 0x33, 0x1C, 0x6C, 0x31, 0x98, 0x63, 0x60, 0xCC, 0xC1, 0x9B, 0x03, 0x66, 0x07, 0xD8, 0x07,
    0x30, 0x0E, 0xC0, 0x1F, 0xBC, 0x7F, 0xF0, 0xCF, 0x01, 0xB0, 0x02, 0x60, 0x00, 0x3F, 0xE7, 0xFC,
    0xC0, 0x18, 0x03, 0x00, 0x60, 0x0F, 0xE1, 0xFE, 0x30, 0x0F, 0x03, 0xE0, 0x18, 0x03, 0x00, 0x60,
    0x0C, 0x00, 0x07, 0xC0, 0xFF, 0x06, 0x1C, 0x70, 0x03, 0x00, 0x18, 0x00, 0xC0, 0x0F, 0xF8, 0x18,
    0x03, 0xFE, 0x1F, 0xF0, 0x30, 0x01, 0x80, 0x1F, 0x85, 0xFF, 0xE8, 0x1E, 0x20, 0x08, 0x60, 0x18,
    0xE0, 0x31, 0xE0, 0x63, 0xC0, 0xC6, 0xC1, 0xBF, 0xFF, 0xFF, 0xFF, 0x31, 0x8C, 0x61, 0x98, 0xC3,
    0xB1, 0x83, 0xE3, 0x03, 0xC6, 0x03, 0x88, 0x07, 0x00, 0x3F, 0x81, 0xFF, 0x0C, 0x18, 0x60, 0x6F,
    0xFF, 0xFF, 0xFC, 0xC1, 0x87, 0xFC, 0x3F, 0xC1, 0x80, 0x0C, 0x00, 0x60, 0x03, 0x00, 0x18, 0x00,
    0xC0, 0x00, 0xC0, 0x00, 0x3E, 0x00, 0x03, 0x60, 0x00, 0x66, 0x06, 0x06, 0x70, 0x60, 0x63, 0x0F,
    0x0C, 0x7F, 0xFF, 0xEF, 0xFF, 0xFF, 0x19, 0x99, 0x81, 0x99, 0x98, 0x1F, 0x8D, 0x80, 0xF0, 0xF0,
    0x0F, 0x0F, 0x00, 0x60, 0x70, 0x06, 0x06, 0x00, 0x03, 0x00, 0xC0, 0xFC, 0x1E, 0x03, 0x0F, 0xC7,
    0x71, 0x8C, 0xC3, 0x18, 0xC6, 0x31, 0xFC, 0x18, 0x00, 0x07, 0xF8, 0x00, 0x03, 0xF0, 0x1F, 0xE0,
    0xE0, 0x86, 0x00, 0x38, 0x00, 0xC0, 0x0F, 0xF8, 0x1F, 0xC0, 0x7E, 0x03, 0xFE, 0x03, 0x00, 0x06,
    0x00, 0x1C, 0x08, 0x3C, 0xF0, 0x7F, 0x80, 0x30, 0x20, 0x18, 0xC0, 0xE3, 0x07, 0x0C, 0x38, 0x31,
    0xC0, 0xCE, 0x0F, 0xFF, 0x3F, 0xFC, 0x3F, 0x80, 0xE7, 0x03, 0x0E, 0x0C, 0x18, 0x30, 0x30, 0xC0,
    0xE3, 0x01, 0x80, 0x00, 0x3F, 0x81, 0xFF, 0x3F, 0xFF, 0xFF, 0xF3, 0x03, 0x7F, 0xFF, 0xFF, 0xE7,
    0xFC, 0x3F, 0xC1, 0x80, 0x0C, 0x00, 0x60, 0x03, 0x00, 0x18, 0x00, 0xC0, 0x00, 0x01, 0x00, 0x18,
    0x00, 0xC0, 0x1F, 0xC1, 0xFF, 0x1D, 0x99, 0x8C, 0x1C, 0x60, 0xC3, 0x06, 0x18, 0x30, 0xFD, 0x87,
    0xFC, 0x31, 0xE1, 0x8D, 0x8C, 0x6E, 0x63, 0x3F, 0xF8, 0xFF, 0x80, 0xE0, 0x06, 0x00, 0x30, 0x00,
    0x00, 0x00, 0x30, 0x03, 0x00, 0xFC, 0x1F, 0xF3, 0xB3, 0x63, 0x0E, 0x30, 0xC3, 0x0C, 0x30, 0xC3,
    0x0C, 0x30, 0xC3, 0x0C, 0x30, 0x63, 0x07, 0x30, 0x3F, 0xF1, 0xFE, 0x03, 0x00, 0x30, 0x03, 0x00,
    0x00, 0xFF, 0xFF, 0xF0, 0x73, 0xFE, 0xFF, 0xC0, 0xC0, 0x73, 0xF8, 0xFE, 0x01, 0x80, 0x30, 0x0C,
    0x03, 0x00, 0xC0, 0x18, 0x18, 0x01, 0x80, 0x19, 0x81, 0xF0, 0x1E, 0xC1, 0xDC, 0x7B, 0x87, 0xF0,
    0x1C, 0x03, 0x80, 0x78, 0x21, 0x86, 0x18, 0xE1, 0xFC, 0x1F, 0x00, 0x80, 0x02, 0x00, 0x60, 0x0F,
    0x81, 0xFC, 0x3E, 0xE6, 0x67, 0x66, 0x36, 0x63, 0x66, 0x36, 0x63, 0x66, 0x36, 0x23, 0x60, 0x36,
    0x03, 0x60, 0x36, 0x03, 0x60, 0x30, 0x00, 0x3F, 0x83, 0xFE, 0x30, 0x63, 0x03, 0x30, 0x33, 0x03,
    0x30, 0x6F, 0xFE, 0xFF, 0xC3, 0x00, 0x30, 0x0F, 0x80, 0x70, 0x03, 0x00, 0x30, 0x00, 0x00, 0x07,
    0x80, 0x78, 0x03, 0x80, 0x18, 0x7F, 0x1F, 0xF7, 0x0E, 0xC0, 0xD8, 0x1B, 0x03, 0x60, 0x6C, 0x0D,
    0xC3, 0x9F, 0xE1, 0xF8, 0x00, 0x00, 0x0F, 0xB3, 0xFF, 0x30, 0xE6, 0x1E, 0x63, 0xB6, 0x73, 0x6E,
    0x37, 0xC3, 0x78, 0x67, 0x9E, 0xFF, 0xC0, 0x60, 0x03, 0x00, 0x0E, 0x00, 0x78, 0x01, 0xE0, 0x06,
    0xC0, 0x33, 0x00, 0xC6, 0x06, 0x18, 0x18, 0x30, 0xC0, 0xC3, 0x03, 0x9C, 0x06, 0x60, 0x19, 0xFF,
    0xFF, 0xFF, 0xC0, 0x7F, 0xFB, 0xFF, 0xE3, 0x03, 0x0C, 0x0C, 0x30, 0x30, 0xC0, 0xC3, 0x03, 0x0C,
    0x0C, 0x30, 0x30, 0xC0, 0xC3, 0x03, 0x0C, 0x0C, 0x30, 0x30, 0xC0, 0xC3, 0x03, 0x0C, 0x0C, 0x30,
    0x30, 0xC0, 0xC3, 0x03, 0x00, 0x00, 0x7F, 0xDF, 0xF7, 0x00, 0xE0, 0x1C, 0x03, 0x00, 0x60, 0x0C,
    0x07, 0x03, 0x80, 0xC0, 0x60, 0x30, 0x1F, 0xE7, 0xFC, 0xFF, 0xFF, 0xC0, 0x00, 0x60, 0x0C, 0x03,
    0x00, 0x60, 0x18, 0x03, 0x00, 0xC0, 0x18, 0x06, 0x00, 0xC0, 0x30, 0x06, 0x01, 0x80, 0x30, 0x0C,
    0x01, 0x80, 0x60, 0x0C, 0x03, 0x00, 0x60, 0x00, 0xDF, 0x00, 0x00, 0x10, 0x01, 0x80, 0x0C, 0x00,
    0x60, 0x06, 0x00, 0x30, 0xE1, 0x8F, 0x1C, 0x5C, 0xC0, 0x66, 0x03, 0x30, 0x0F, 0x00, 0x78, 0x01,
    0xC0, 0x0C, 0x00, 0x00, 0x00, 0x0F, 0x87, 0xC7, 0x73, 0xB9, 0x87, 0xC7, 0x40, 0xE0, 0xD0, 0x78,
    0x36, 0x3F, 0x19, 0xDC, 0xEE, 0x3E, 0x0F, 0x00, 0x00, 0x00, 0x00, 0x00, 0x7C, 0x0F, 0x03, 0x00,
    0x60, 0x0C, 0x01, 0x80, 0x70, 0x0C, 0x01, 0x80, 0x30, 0x06, 0x00, 0xC0, 0x38, 0x06, 0x00, 0xC0,
    0xF8, 0x1C, 0x00, 0x00, 0x7C, 0xFF, 0xF0, 0xE7, 0x0F, 0xFE, 0x7E, 0x00, 0x02, 0x03, 0x3F, 0xFF,
    0xF1, 0x80, 0xC3, 0xFF, 0xFF, 0x60, 0x30, 0x00, 0x00, 0x00, 0x00, 0x38, 0x3E, 0x3F, 0x0F, 0x01,
    0xE0, 0x0F, 0x80, 0x7E, 0x01, 0xC0, 0x03, 0xFF, 0x3F, 0xE0, 0xC0, 0x1F, 0x00, 0xF8, 0x07, 0xE0,
    0x1C, 0x0F, 0x8F, 0x87, 0xC0, 0xC0, 0x0F, 0xF3, 0xFF, 0x00, 0x00, 0x0E, 0x03, 0xC0, 0xE1, 0x98,
    0x33, 0x00, 0xFC, 0xFF, 0x99, 0x83, 0x30, 0x66, 0x0C, 0xC1, 0x98, 0x33, 0x06, 0x60, 0xCC, 0x19,
    0x83, 0x0E, 0x63, 0xCC, 0xE1, 0x98, 0x33, 0x06, 0xFC, 0xFF, 0x99, 0x83, 0x30, 0x66, 0x0C, 0xC1,
    0x98, 0x33, 0x06, 0x60, 0xCC, 0x19, 0x83,
};

static const EpdGlyph quicksand_10_regularGlyphs[] = {
    { 0, 0, 91, 0, 0, 0, 0 }, // U+000D
    { 0, 0, 91, 0, 0, 0, 0 }, // U+0020
    { 2, 15, 62, 1, 15, 4, 0 }, // !
    { 8, 6, 128, 0, 15, 6, 4 }, // "
    { 14, 15, 218, 0, 15, 27, 10 }, // #
    { 11, 21, 187, 0, 18, 29, 37 }, // $
    { 16, 16, 259, 0, 15, 32, 66 }, // %
    { 14, 16, 226, 0, 15, 28, 98 }, // &
    { 4, 6, 64, 0, 15, 3, 126 }, // '
    { 7, 19, 125, 1, 15, 17, 129 }, // (
    { 7, 19, 125, 0, 15, 17, 146 }, // )
    { 7, 7, 103, 0, 15, 7, 163 }, // *
    { 10, 11, 187, 1, 12, 14, 170 }, // +
    { 4, 5, 65, 0, 2, 3, 184 }, // ,
    { 6, 3, 130, 1, 8, 3, 187 }, // -
    { 2, 3, 60, 1, 3, 1, 190 }, // .
    { 11, 20, 174, 0, 17, 28, 191 }, // /
    { 11, 16, 198, 1, 15, 22, 219 }, // 0
    { 6, 15, 123, 0, 15, 12, 241 }, // 1
    { 10, 15, 185, 1, 15, 19, 253 }, // 2
    { 9, 16, 175, 1, 15, 18, 272 }, // 3
    { 11, 15, 176, 0, 15, 21, 290 }, // 4
    { 10, 16, 182, 1, 15, 20, 311 }, // 5
    { 10, 17, 179, 1, 16, 22, 331 }, // 6
    { 10, 16, 171, 1, 15, 20, 353 }, // 7
    { 10, 16, 180, 1, 15, 20, 373 }, // 8
    { 10, 16, 186, 1, 15, 20, 393 }, // 9
    { 2, 11, 62, 1, 11, 3, 413 }, // :
    { 4, 14, 66, 0, 11, 7, 416 }, // ;
    { 10, 11, 174, 0, 12, 14, 423 }, // <
    { 9, 6, 173, 1, 10, 7, 437 }, // =
    { 10, 12, 177, 1, 13, 15, 444 }, // >
    { 9, 16, 162, 1, 16, 18, 459 }, // ?
    { 20, 19, 324, 0, 15, 48, 477 }, // @
    { 13, 16, 216, 0, 15, 26, 525 }, // A
    { 12, 15, 217, 1, 15, 23, 551 }, // B
    { 12, 16, 218, 1, 15, 24, 574 }, // C
    { 13, 15, 240, 1, 15, 25, 598 }, // D
    { 10, 15, 189, 1, 15, 19, 623 }, // E
    { 10, 15, 189, 1, 15, 19, 642 }, // F
    { 13, 16, 232, 1, 15, 26, 661 }, // G
    { 13, 15, 240, 1, 15, 25, 687 }, // H
    { 3, 15, 83, 1, 15, 6, 712 }, // I
    { 9, 16, 191, 1, 15, 18, 718 }, // J
    { 13, 16, 225, 1, 15, 26, 736 }, // K
    { 10, 15, 177, 1, 15, 19, 762 }, // L
    { 15, 15, 276, 1, 15, 29, 781 }, // M
    { 13, 15, 243, 1, 15, 25, 810 }, // N
    { 14, 16, 255, 1, 15, 28, 835 }, // O
    { 11, 15, 199, 1, 15, 21, 863 }, // P
    { 16, 19, 258, 1, 15, 38, 884 }, // Q
    { 12, 15, 223, 1, 15, 23, 922 }, // R
    { 11, 16, 187, 0, 15, 22, 945 }, // S
    { 12, 15, 201, 0, 15, 23, 967 }, // T
    { 12, 16, 238, 1, 15, 24, 990 }, // U
    { 14, 15, 222, 0, 15, 27, 1014 }, // V
    { 20, 15, 322, 0, 15, 38, 1041 }, // W
    { 12, 16, 202, 0, 15, 24, 1079 }, // X
    { 12, 15, 186, 0, 15, 23, 1103 }, // Y
    { 12, 15, 215, 1, 15, 23, 1126 }, // Z
    { 7, 19, 132, 1, 15, 17, 1149 }, // [
    { 11, 20, 174, 0, 17, 28, 1166 }, // <backslash>
    { 7, 19, 132, 0, 15, 17, 1194 }, // ]
    { 9, 8, 173, 1, 16, 9, 1211 }, // ^
    { 12, 2, 222, 1, -2, 3, 1220 }, // _
    { 4, 4, 75, 0, 15, 2, 1223 }, // `
    { 10, 12, 202, 1, 11, 15, 1225 }, // a
    { 11, 17, 202, 1, 16, 24, 1240 }, // b
    { 10, 12, 173, 1, 11, 15, 1264 }, // c
    { 10, 17, 202, 1, 16, 22, 1279 }, // d
    { 10, 12, 188, 1, 11, 15, 1301 }, // e
    { 8, 16, 120, 0, 16, 16, 1316 }, // f
    { 11, 16, 208, 1, 11, 22, 1332 }, // g
    { 10, 16, 189, 1, 16, 20, 1354 }, // h
    { 3, 14, 71, 1, 14, 6, 1374 }, // i
    { 5, 19, 90, -1, 14, 12, 1380 }, // j
    { 10, 16, 178, 1, 16, 20, 1392 }, // k
    { 3, 16, 77, 1, 16, 6, 1412 }, // l
    { 17, 11, 304, 1, 11, 24, 1418 }, // m
    { 10, 11, 193, 1, 11, 14, 1442 }, // n
    { 11, 12, 201, 1, 11, 17, 1456 }, // o
    { 11, 16, 202, 1, 11, 22, 1473 }, // p
    { 10, 16, 202, 1, 11, 20, 1495 }, // q
    { 7, 11, 128, 1, 11, 10, 1515 }, // r
    { 9, 12, 156, 0, 11, 14, 1525 }, // s
    { 7, 14, 113, 0, 14, 13, 1539 }, // t
    { 10, 12, 190, 1, 11, 15, 1552 }, // u
    { 11, 12, 176, 0, 11, 17, 1567 }, // v
    { 15, 12, 251, 0, 11, 23, 1584 }, // w
    { 10, 12, 161, 0, 11, 15, 1607 }, // x
    { 10, 16, 189, 1, 11, 20, 1622 }, // y
    { 10, 11, 160, 0, 11, 14, 1642 }, // z
    { 9, 20, 142, 0, 15, 23, 1656 }, // {
    { 2, 21, 68, 1, 17, 6, 1679 }, // |
    { 9, 20, 142, 0, 15, 23, 1685 }, // }
    { 8, 4, 154, 1, 9, 4, 1708 }, // ~
    { 0, 0, 91, 0, 0, 0, 1712 }, // U+00A0
    { 2, 15, 62, 1, 11, 4, 1712 }, // U+00A1
    { 10, 15, 171, 0, 15, 19, 1716 }, // U+00A2
    { 13, 16, 205, 0, 15, 26, 1735 }, // U+00A3
    { 9, 9, 164, 1, 11, 11, 1761 }, // U+00A4
    { 12, 15, 186, 0, 15, 23, 1772 }, // U+00A5
    { 2, 21, 69, 1, 17, 6, 1795 }, // U+00A6
    { 11, 18, 178, 0, 15, 25, 1801 }, // U+00A7
    { 6, 3, 133, 1, 15, 3, 1826 }, // U+00A8
    { 16, 16, 265, 0, 15, 32, 1829 }, // U+00A9
    { 7, 7, 117, 0, 15, 7, 1861 }, // U+00AA
    { 9, 9, 152, 0, 10, 11, 1868 }, // U+00AB
    { 12, 6, 217, 1, 9, 9, 1879 }, // U+00AC
    { 6, 3, 130, 1, 8, 3, 1888 }, // U+00AD
    { 11, 10, 178, 0, 15, 14, 1891 }, // U+00AE
    { 7, 3, 132, 1, 14, 3, 1905 }, // U+00AF
    { 7, 7, 111, 0, 15, 7, 1908 }, // U+00B0
    { 9, 11, 174, 1, 13, 13, 1915 }, // U+00B1
    { 5, 7, 106, 1, 17, 5, 1928 }, // U+00B2
    { 5, 8, 104, 1, 17, 5, 1933 }, // U+00B3
    { 4, 4, 94, 1, 15, 2, 1938 }, // U+00B4
    { 10, 15, 185, 1, 11, 19, 1940 }, // U+00B5
    { 11, 17, 208, 0, 15, 24, 1959 }, // U+00B6
    { 2, 3, 65, 1, 8, 1, 1983 }, // U+00B7
    { 4, 4, 93, 0, 1, 2, 1984 }, // U+00B8
    { 4, 8, 74, 0, 17, 4, 1986 }, // U+00B9
    { 7, 7, 116, 0, 15, 7, 1990 }, // U+00BA
    { 9, 9, 149, 0, 10, 11, 1997 }, // U+00BB
    { 13, 16, 229, 1, 15, 26, 2008 }, // U+00BC
    { 12, 16, 222, 1, 15, 24, 2034 }, // U+00BD
    { 14, 16, 246, 1, 15, 28, 2058 }, // U+00BE
    { 10, 16, 159, 0, 12, 20, 2086 }, // U+00BF
    { 13, 20, 216, 0, 19, 33, 2106 }, // U+00C0
    { 13, 20, 216, 0, 19, 33, 2139 }, // U+00C1
    { 13, 20, 216, 0, 19, 33, 2172 }, // U+00C2
    { 13, 20, 216, 0, 19, 33, 2205 }, // U+00C3
    { 13, 20, 216, 0, 19, 33, 2238 }, // U+00C4
    { 13, 19, 216, 0, 18, 31, 2271 }, // U+00C5
    { 19, 16, 306, 0, 15, 38, 2302 }, // U+00C6
    { 12, 18, 218, 1, 15, 27, 2340 }, // U+00C7
    { 10, 19, 189, 1, 19, 24, 2367 }, // U+00C8
    { 10, 19, 189, 1, 19, 24, 2391 }, // U+00C9
    { 10, 19, 189, 1, 19, 24, 2415 }, // U+00CA
    { 10, 19, 189, 1, 19, 24, 2439 }, // U+00CB
    { 5, 19, 83, -1, 19, 12, 2463 }, // U+00CC
    { 5, 19, 83, 1, 19, 12, 2475 }, // U+00CD
    { 6, 19, 83, 0, 19, 15, 2487 }, // U+00CE
    { 7, 19, 83, -1, 19, 17, 2502 }, // U+00CF
    { 14, 15, 240, 0, 15, 27, 2519 }, // U+00D0
    { 13, 19, 243, 1, 19, 31, 2546 }, // U+00D1
    { 14, 20, 255, 1, 19, 35, 2577 }, // U+00D2
    { 14, 20, 255, 1, 19, 35, 2612 }, // U+00D3
    { 14, 20, 255, 1, 19, 35, 2647 }, // U+00D4
    { 14, 20, 255, 1, 19, 35, 2682 }, // U+00D5
    { 14, 20, 255, 1, 19, 35, 2717 }, // U+00D6
    { 8, 8, 154, 1, 11, 8, 2752 }, // U+00D7
    { 14, 17, 242, 1, 16, 30, 2760 }, // U+00D8
    { 12, 20, 238, 1, 19, 30, 2790 }, // U+00D9
    { 12, 20, 238, 1, 19, 30, 2820 }, // U+00DA
    { 12, 20, 238, 1, 19, 30, 2850 }, // U+00DB
    { 12, 20, 238, 1, 19, 30, 2880 }, // U+00DC
    { 12, 19, 186, 0, 19, 29, 2910 }, // U+00DD
    { 11, 16, 196, 1, 16, 22, 2939 }, // U+00DE
    { 12, 17, 202, 0, 16, 26, 2961 }, // U+00DF
    { 10, 16, 202, 1, 15, 20, 2987 }, // U+00E0
    { 10, 16, 202, 1, 15, 20, 3007 }, // U+00E1
    { 10, 16, 202, 1, 15, 20, 3027 }, // U+00E2
    { 10, 16, 202, 1, 15, 20, 3047 }, // U+00E3
    { 10, 16, 202, 1, 15, 20, 3067 }, // U+00E4
    { 10, 17, 202, 1, 16, 22, 3087 }, // U+00E5
    { 17, 12, 301, 1, 11, 26, 3109 }, // U+00E6
    { 10, 14, 173, 1, 11, 18, 3135 }, // U+00E7
    { 10, 16, 188, 1, 15, 20, 3153 }, // U+00E8
    { 10, 16, 188, 1, 15, 20, 3173 }, // U+00E9
    { 10, 16, 188, 1, 15, 20, 3193 }, // U+00EA
    { 10, 16, 188, 1, 15, 20, 3213 }, // U+00EB
    { 4, 15, 71, -1, 15, 8, 3233 }, // U+00EC
    { 4, 15, 71, 1, 15, 8, 3241 }, // U+00ED
    { 6, 15, 71, -1, 15, 12, 3249 }, // U+00EE
    { 6, 15, 71, -1, 15, 12, 3261 }, // U+00EF
    { 10, 17, 191, 1, 16, 22, 3273 }, // U+00F0
    { 10, 15, 193, 1, 15, 19, 3295 }, // U+00F1
    { 11, 16, 201, 1, 15, 22, 3314 }, // U+00F2
    { 11, 16, 201, 1, 15, 22, 3336 }, // U+00F3
    { 11, 16, 201, 1, 15, 22, 3358 }, // U+00F4
    { 11, 16, 201, 1, 15, 22, 3380 }, // U+00F5
    { 11, 16, 201, 1, 15, 22, 3402 }, // U+00F6
    { 10, 10, 188, 1, 12, 13, 3424 }, // U+00F7
    { 11, 13, 201, 1, 12, 18, 3437 }, // U+00F8
    { 10, 16, 190, 1, 15, 20, 3455 }, // U+00F9
    { 10, 16, 190, 1, 15, 20, 3475 }, // U+00FA
    { 10, 16, 190, 1, 15, 20, 3495 }, // U+00FB
    { 10, 16, 190, 1, 15, 20, 3515 }, // U+00FC
    { 10, 20, 189, 1, 15, 25, 3535 }, // U+00FD
    { 11, 21, 202, 1, 16, 29, 3560 }, // U+00FE
    { 10, 20, 189, 1, 15, 25, 3589 }, // U+00FF
    { 13, 19, 216, 0, 18, 31, 3614 }, // U+0100
    { 10, 16, 202, 1, 15, 20, 3645 }, // U+0101
    { 13, 20, 216, 0, 19, 33, 3665 }, // U+0102
    { 10, 17, 202, 1, 16, 22, 3698 }, // U+0103
    { 14, 19, 216, 0, 15, 34, 3720 }, // U+0104
    { 11, 16, 202, 1, 11, 22, 3754 }, // U+0105
    { 12, 20, 218, 1, 19, 30, 3776 }, // U+0106
    { 10, 16, 173, 1, 15, 20, 3806 }, // U+0107
    { 12, 20, 218, 1, 19, 30, 3826 }, // U+0108
    { 10, 16, 173, 1, 15, 20, 3856 }, // U+0109
    { 12, 19, 218, 1, 18, 29, 3876 }, // U+010A
    { 10, 15, 173, 1, 14, 19, 3905 }, // U+010B
    { 12, 20, 218, 1, 19, 30, 3924 }, // U+010C
    { 10, 16, 173, 1, 15, 20, 3954 }, // U+010D
    { 13, 19, 240, 1, 19, 31, 3974 }, // U+010E
    { 14, 17, 209, 1, 16, 30, 4005 }, // U+010F
    { 14, 15, 240, 0, 15, 27, 4035 }, // U+0110
    { 12, 17, 202, 1, 16, 26, 4062 }, // U+0111
    { 10, 18, 189, 1, 18, 23, 4088 }, // U+0112
    { 10, 16, 188, 1, 15, 20, 4111 }, // U+0113
    { 10, 19, 189, 1, 19, 24, 4131 }, // U+0114
    { 10, 17, 188, 1, 16, 22, 4155 }, // U+0115
    { 10, 18, 189, 1, 18, 23, 4177 }, // U+0116
    { 10, 15, 188, 1, 14, 19, 4200 }, // U+0117
    { 10, 19, 193, 1, 15, 24, 4219 }, // U+0118
    { 10, 15, 188, 1, 11, 19, 4243 }, // U+0119
    { 10, 19, 189, 1, 19, 24, 4262 }, // U+011A
    { 10, 16, 188, 1, 15, 20, 4286 }, // U+011B
    { 13, 20, 232, 1, 19, 33, 4306 }, // U+011C
    { 11, 20, 208, 1, 15, 28, 4339 }, // U+011D
    { 13, 20, 232, 1, 19, 33, 4367 }, // U+011E
    { 11, 21, 208, 1, 16, 29, 4400 }, // U+011F
    { 13, 19, 232, 1, 18, 31, 4429 }, // U+0120
    { 11, 19, 208, 1, 14, 27, 4460 }, // U+0121
    { 13, 19, 232, 1, 15, 31, 4487 }, // U+0122
    { 11, 21, 208, 1, 16, 29, 4518 }, // U+0123
    { 13, 19, 240, 1, 19, 31, 4547 }, // U+0124
    { 12, 20, 189, -1, 20, 30, 4578 }, // U+0125
    { 15, 15, 277, 1, 15, 29, 4608 }, // U+0126
    { 11, 16, 189, 0, 16, 22, 4637 }, // U+0127
    { 7, 19, 83, -1, 19, 17, 4659 }, // U+0128
    { 7, 15, 71, -1, 15, 14, 4676 }, // U+0129
    { 7, 18, 83, -1, 18, 16, 4690 }, // U+012A
    { 7, 15, 71, -1, 15, 14, 4706 }, // U+012B
    { 7, 19, 83, -1, 19, 17, 4720 }, // U+012C
    { 6, 16, 71, -1, 16, 12, 4737 }, // U+012D
    { 4, 19, 78, 0, 15, 10, 4749 }, // U+012E
    { 5, 18, 71, -1, 14, 12, 4759 }, // U+012F
    { 3, 18, 83, 1, 18, 7, 4771 }, // U+0130
    { 2, 11, 71, 1, 11, 3, 4778 }, // U+0131
    { 10, 16, 200, 1, 15, 20, 4781 }, // U+0132
    { 7, 19, 159, 1, 14, 17, 4801 }, // U+0133
    { 11, 20, 191, 1, 19, 28, 4818 }, // U+0134
    { 7, 20, 80, -1, 15, 18, 4846 }, // U+0135
    { 13, 19, 225, 1, 15, 31, 4864 }, // U+0136
    { 10, 21, 178, 1, 16, 27, 4895 }, // U+0137
    { 10, 11, 178, 1, 11, 14, 4922 }, // U+0138
    { 10, 19, 177, 1, 19, 24, 4936 }, // U+0139
    { 5, 19, 77, 1, 19, 12, 4960 }, // U+013A
    { 10, 19, 177, 1, 15, 24, 4972 }, // U+013B
    { 4, 21, 77, 0, 16, 11, 4996 }, // U+013C
    { 10, 16, 177, 1, 16, 20, 5007 }, // U+013D
    { 6, 16, 81, 1, 16, 12, 5027 }, // U+013E
    { 10, 15, 179, 1, 15, 19, 5039 }, // U+013F
    { 6, 16, 103, 1, 16, 12, 5058 }, // U+0140
    { 12, 15, 193, 0, 15, 23, 5070 }, // U+0141
    { 7, 16, 77, -1, 16, 14, 5093 }, // U+0142
    { 13, 19, 243, 1, 19, 31, 5107 }, // U+0143
    { 10, 15, 193, 1, 15, 19, 5138 }, // U+0144
    { 13, 19, 243, 1, 15, 31, 5157 }, // U+0145
    { 10, 16, 193, 1, 11, 20, 5188 }, // U+0146
    { 13, 19, 243, 1, 19, 31, 5208 }, // U+0147
    { 10, 15, 193, 1, 15, 19, 5239 }, // U+0148
    { 13, 15, 202, -1, 15, 25, 5258 }, // U+0149
    { 13, 20, 249, 1, 15, 33, 5283 }, // U+014A
    { 10, 16, 193, 1, 11, 20, 5316 }, // U+014B
    { 14, 19, 255, 1, 18, 34, 5336 }, // U+014C
    { 11, 16, 201, 1, 15, 22, 5370 }, // U+014D
    { 14, 20, 255, 1, 19, 35, 5392 }, // U+014E
    { 11, 17, 201, 1, 16, 24, 5427 }, // U+014F
    { 14, 20, 255, 1, 19, 35, 5451 }, // U+0150
    { 11, 16, 201, 1, 15, 22, 5486 }, // U+0151
    { 19, 15, 330, 1, 15, 36, 5508 }, // U+0152
    { 20, 12, 337, 1, 11, 30, 5544 }, // U+0153
    { 12, 19, 223, 1, 19, 29, 5574 }, // U+0154
    { 7, 15, 128, 1, 15, 14, 5603 }, // U+0155
    { 12, 19, 223, 1, 15, 29, 5617 }, // U+0156
    { 8, 16, 128, 0, 11, 16, 5646 }, // U+0157
    { 12, 19, 223, 1, 19, 29, 5662 }, // U+0158
    { 7, 15, 128, 1, 15, 14, 5691 }, // U+0159
    { 11, 20, 187, 0, 19, 28, 5705 }, // U+015A
    { 9, 16, 156, 0, 15, 18, 5733 }, // U+015B
    { 11, 20, 187, 0, 19, 28, 5751 }, // U+015C
    { 9, 16, 156, 0, 15, 18, 5779 }, // U+015D
    { 11, 18, 187, 0, 15, 25, 5797 }, // U+015E
    { 9, 14, 156, 0, 11, 16, 5822 }, // U+015F
    { 11, 20, 187, 0, 19, 28, 5838 }, // U+0160
    { 9, 16, 156, 0, 15, 18, 5866 }, // U+0161
    { 12, 18, 201, 0, 15, 27, 5884 }, // U+0162
    { 7, 17, 113, 0, 14, 15, 5911 }, // U+0163
    { 12, 19, 201, 0, 19, 29, 5926 }, // U+0164
    { 8, 16, 113, 0, 16, 16, 5955 }, // U+0165
    { 12, 15, 201, 0, 15, 23, 5971 }, // U+0166
    { 7, 14, 113, 0, 14, 13, 5994 }, // U+0167
    { 12, 20, 238, 1, 19, 30, 6007 }, // U+0168
    { 10, 16, 190, 1, 15, 20, 6037 }, // U+0169
    { 12, 19, 238, 1, 18, 29, 6057 }, // U+016A
    { 10, 16, 190, 1, 15, 20, 6086 }, // U+016B
    { 12, 20, 238, 1, 19, 30, 6106 }, // U+016C
    { 10, 17, 190, 1, 16, 22, 6136 }, // U+016D
    { 12, 21, 238, 1, 20, 32, 6158 }, // U+016E
    { 10, 17, 190, 1, 16, 22, 6190 }, // U+016F
    { 12, 20, 238, 1, 19, 30, 6212 }, // U+0170
    { 10, 16, 190, 1, 15, 20, 6242 }, // U+0171
    { 12, 19, 238, 1, 15, 29, 6262 }, // U+0172
    { 10, 15, 190, 1, 11, 19, 6291 }, // U+0173
    { 20, 19, 322, 0, 19, 48, 6310 }, // U+0174
    { 15, 16, 251, 0, 15, 30, 6358 }, // U+0175
    { 12, 19, 186, 0, 19, 29, 6388 }, // U+0176
    { 10, 20, 189, 1, 15, 25, 6417 }, // U+0177
    { 12, 19, 186, 0, 19, 29, 6442 }, // U+0178
    { 12, 19, 215, 1, 19, 29, 6471 }, // U+0179
    { 10, 15, 160, 0, 15, 19, 6500 }, // U+017A
    { 12, 18, 215, 1, 18, 27, 6519 }, // U+017B
    { 10, 14, 160, 0, 14, 18, 6546 }, // U+017C
    { 12, 19, 215, 1, 19, 29, 6564 }, // U+017D
    { 10, 15, 160, 0, 15, 19, 6593 }, // U+017E
    { 14, 18, 255, 1, 17, 32, 6612 }, // U+01A0
    { 11, 14, 201, 1, 13, 20, 6644 }, // U+01A1
    { 15, 18, 238, 1, 17, 34, 6664 }, // U+01AF
    { 12, 14, 190, 1, 13, 21, 6698 }, // U+01B0
    { 27, 19, 454, 1, 19, 65, 6719 }, // U+01C4
    { 24, 15, 399, 1, 15, 45, 6784 }, // U+01C5
    { 21, 17, 362, 1, 16, 45, 6829 }, // U+01C6
    { 21, 16, 368, 1, 15, 42, 6874 }, // U+01C7
    { 14, 20, 267, 1, 15, 35, 6916 }, // U+01C8
    { 7, 21, 162, 1, 16, 19, 6951 }, // U+01C9
    { 25, 16, 433, 1, 15, 50, 6970 }, // U+01CA
    { 18, 20, 332, 1, 15, 45, 7020 }, // U+01CB
    { 15, 19, 283, 1, 14, 36, 7065 }, // U+01CC
    { 13, 20, 216, 0, 19, 33, 7101 }, // U+01CD
    { 10, 16, 202, 1, 15, 20, 7134 }, // U+01CE
    { 6, 19, 83, 0, 19, 15, 7154 }, // U+01CF
    { 6, 15, 71, -1, 15, 12, 7169 }, // U+01D0
    { 14, 20, 255, 1, 19, 35, 7181 }, // U+01D1
    { 11, 16, 201, 1, 15, 22, 7216 }, // U+01D2
    { 12, 20, 238, 1, 19, 30, 7238 }, // U+01D3
    { 10, 16, 190, 1, 15, 20, 7268 }, // U+01D4
    { 13, 20, 232, 1, 19, 33, 7288 }, // U+01E6
    { 11, 20, 208, 1, 15, 28, 7321 }, // U+01E7
    { 14, 19, 255, 1, 15, 34, 7349 }, // U+01EA
    { 12, 15, 198, 0, 11, 23, 7383 }, // U+01EB
    { 23, 15, 399, 1, 15, 44, 7406 }, // U+01F2
    { 13, 23, 216, 0, 22, 38, 7450 }, // U+01FA
    { 10, 20, 202, 1, 19, 25, 7488 }, // U+01FB
    { 19, 20, 306, 0, 19, 48, 7513 }, // U+01FC
    { 17, 16, 301, 1, 15, 34, 7561 }, // U+01FD
    { 14, 20, 242, 1, 19, 35, 7595 }, // U+01FE
    { 11, 16, 201, 1, 15, 22, 7630 }, // U+01FF
    { 13, 20, 216, 0, 19, 33, 7652 }, // U+0200
    { 10, 17, 202, 1, 16, 22, 7685 }, // U+0201
    { 13, 20, 216, 0, 19, 33, 7707 }, // U+0202
    { 10, 17, 202, 1, 16, 22, 7740 }, // U+0203
    { 10, 19, 189, 1, 19, 24, 7762 }, // U+0204
    { 10, 17, 188, 1, 16, 22, 7786 }, // U+0205
    { 10, 19, 189, 1, 19, 24, 7808 }, // U+0206
    { 10, 17, 188, 1, 16, 22, 7832 }, // U+0207
    { 8, 19, 83, -2, 19, 19, 7854 }, // U+0208
    { 7, 16, 71, -2, 16, 14, 7873 }, // U+0209
    { 7, 19, 83, -1, 19, 17, 7887 }, // U+020A
    { 7, 16, 71, -1, 16, 14, 7904 }, // U+020B
    { 14, 20, 255, 1, 19, 35, 7918 }, // U+020C
    { 11, 17, 201, 1, 16, 24, 7953 }, // U+020D
    { 14, 20, 255, 1, 19, 35, 7977 }, // U+020E
    { 11, 17, 201, 1, 16, 24, 8012 }, // U+020F
    { 12, 19, 223, 1, 19, 29, 8036 }, // U+0210
    { 8, 16, 128, 0, 16, 16, 8065 }, // U+0211
    { 12, 19, 223, 1, 19, 29, 8081 }, // U+0212
    { 7, 16, 128, 1, 16, 14, 8110 }, // U+0213
    { 12, 20, 238, 1, 19, 30, 8124 }, // U+0214
    { 10, 17, 190, 1, 16, 22, 8154 }, // U+0215
    { 12, 20, 238, 1, 19, 30, 8176 }, // U+0216
    { 10, 17, 190, 1, 16, 22, 8206 }, // U+0217
    { 11, 19, 187, 0, 15, 27, 8228 }, // U+0218
    { 9, 16, 156, 0, 11, 18, 8255 }, // U+0219
    { 12, 19, 201, 0, 15, 29, 8273 }, // U+021A
    { 7, 19, 113, 0, 14, 17, 8302 }, // U+021B
    { 4, 4, 0, 0, 15, 2, 8319 }, // U+0300
    { 4, 4, 0, 1, 15, 2, 8321 }, // U+0301
    { 6, 3, 0, 1, 15, 3, 8323 }, // U+0302
    { 7, 3, 0, 1, 15, 3, 8326 }, // U+0303
    { 7, 3, 0, 1, 14, 3, 8329 }, // U+0304
    { 6, 4, 0, 1, 15, 3, 8332 }, // U+0306
    { 2, 2, 0, 1, 14, 1, 8335 }, // U+0307
    { 6, 3, 0, 1, 15, 3, 8336 }, // U+0308
    { 5, 5, 0, 1, 16, 4, 8339 }, // U+0309
    { 5, 5, 0, 1, 16, 4, 8343 }, // U+030A
    { 6, 4, 0, 1, 15, 3, 8347 }, // U+030B
    { 6, 4, 0, 0, 15, 3, 8350 }, // U+030C
    { 7, 4, 0, 0, 15, 4, 8353 }, // U+030F
    { 6, 4, 0, 1, 16, 3, 8357 }, // U+0311
    { 3, 4, 0, 2, 16, 2, 8360 }, // U+0312
    { 4, 4, 0, 1, 13, 2, 8362 }, // U+031B
    { 2, 3, 0, 1, -1, 1, 8364 }, // U+0323
    { 6, 3, 0, 1, 0, 3, 8365 }, // U+0324
    { 4, 5, 0, 0, 0, 3, 8368 }, // U+0326
    { 3, 4, 0, 1, 1, 2, 8371 }, // U+0327
    { 5, 5, 0, 0, 1, 4, 8373 }, // U+0328
    { 6, 4, 0, 1, -1, 3, 8377 }, // U+032D
    { 6, 4, 0, 1, 0, 3, 8380 }, // U+032E
    { 7, 2, 0, 1, -1, 2, 8383 }, // U+0331
    { 5, 2, 0, 1, 7, 2, 8385 }, // U+0335
    { 13, 18, 216, 0, 15, 30, 8387 }, // U+1EA0
    { 10, 15, 202, 1, 11, 19, 8417 }, // U+1EA1
    { 13, 21, 216, 0, 20, 35, 8436 }, // U+1EA2
    { 10, 17, 202, 1, 16, 22, 8471 }, // U+1EA3
    { 13, 21, 216, 0, 20, 35, 8493 }, // U+1EA4
    { 10, 18, 202, 1, 17, 23, 8528 }, // U+1EA5
    { 13, 22, 216, 0, 21, 36, 8551 }, // U+1EA6
    { 10, 18, 202, 1, 17, 23, 8587 }, // U+1EA7
    { 13, 22, 216, 0, 21, 36, 8610 }, // U+1EA8
    { 10, 18, 202, 1, 17, 23, 8646 }, // U+1EA9
    { 13, 22, 216, 0, 21, 36, 8669 }, // U+1EAA
    { 10, 18, 202, 1, 17, 23, 8705 }, // U+1EAB
    { 13, 22, 216, 0, 19, 36, 8728 }, // U+1EAC
    { 10, 19, 202, 1, 15, 24, 8764 }, // U+1EAD
    { 13, 24, 216, 0, 23, 39, 8788 }, // U+1EAE
    { 10, 19, 202, 1, 18, 24, 8827 }, // U+1EAF
    { 13, 24, 216, 0, 23, 39, 8851 }, // U+1EB0
    { 10, 19, 202, 1, 18, 24, 8890 }, // U+1EB1
    { 13, 25, 216, 0, 24, 41, 8914 }, // U+1EB2
    { 10, 20, 202, 1, 19, 25, 8955 }, // U+1EB3
    { 13, 24, 216, 0, 23, 39, 8980 }, // U+1EB4
    { 10, 20, 202, 1, 19, 25, 9019 }, // U+1EB5
    { 13, 22, 216, 0, 19, 36, 9044 }, // U+1EB6
    { 10, 20, 202, 1, 16, 25, 9080 }, // U+1EB7
    { 10, 18, 189, 1, 15, 23, 9105 }, // U+1EB8
    { 10, 15, 188, 1, 11, 19, 9128 }, // U+1EB9
    { 10, 20, 189, 1, 20, 25, 9147 }, // U+1EBA
    { 10, 17, 188, 1, 16, 22, 9172 }, // U+1EBB
    { 10, 19, 189, 1, 19, 24, 9194 }, // U+1EBC
    { 10, 16, 188, 1, 15, 20, 9218 }, // U+1EBD
    { 12, 20, 189, 1, 20, 30, 9238 }, // U+1EBE
    { 10, 18, 188, 1, 17, 23, 9268 }, // U+1EBF
    { 10, 21, 189, 1, 21, 27, 9291 }, // U+1EC0
    { 10, 18, 188, 1, 17, 23, 9318 }, // U+1EC1
    { 10, 24, 189, 1, 24, 30, 9341 }, // U+1EC2
    { 10, 18, 188, 1, 17, 23, 9371 }, // U+1EC3
    { 10, 22, 189, 1, 22, 28, 9394 }, // U+1EC4
    { 10, 18, 188, 1, 17, 23, 9422 }, // U+1EC5
    { 10, 22, 189, 1, 19, 28, 9445 }, // U+1EC6
    { 10, 19, 188, 1, 15, 24, 9473 }, // U+1EC7
    { 5, 20, 83, 0, 20, 13, 9497 }, // U+1EC8
    { 4, 16, 71, 0, 16, 8, 9510 }, // U+1EC9
    { 3, 18, 83, 1, 15, 7, 9518 }, // U+1ECA
    { 3, 18, 71, 1, 14, 7, 9525 }, // U+1ECB
    { 14, 18, 255, 1, 15, 32, 9532 }, // U+1ECC
    { 11, 15, 201, 1, 11, 21, 9564 }, // U+1ECD
    { 14, 21, 255, 1, 20, 37, 9585 }, // U+1ECE
    { 11, 17, 201, 1, 16, 24, 9622 }, // U+1ECF
    { 14, 21, 255, 1, 20, 37, 9646 }, // U+1ED0
    { 11, 18, 201, 1, 17, 25, 9683 }, // U+1ED1
    { 14, 22, 255, 1, 21, 39, 9708 }, // U+1ED2
    { 11, 19, 201, 1, 18, 27, 9747 }, // U+1ED3
    { 14, 23, 255, 1, 22, 41, 9774 }, // U+1ED4
    { 11, 19, 201, 1, 18, 27, 9815 }, // U+1ED5
    { 14, 23, 255, 1, 22, 41, 9842 }, // U+1ED6
    { 11, 19, 201, 1, 18, 27, 9883 }, // U+1ED7
    { 14, 22, 255, 1, 19, 39, 9910 }, // U+1ED8
    { 11, 19, 201, 1, 15, 27, 9949 }, // U+1ED9
    { 14, 20, 255, 1, 19, 35, 9976 }, // U+1EDA
    { 11, 16, 201, 1, 15, 22, 10011 }, // U+1EDB
    { 14, 20, 255, 1, 19, 35, 10033 }, // U+1EDC
    { 11, 16, 201, 1, 15, 22, 10068 }, // U+1EDD
    { 14, 21, 255, 1, 20, 37, 10090 }, // U+1EDE
    { 11, 17, 201, 1, 16, 24, 10127 }, // U+1EDF
    { 14, 20, 255, 1, 19, 35, 10151 }, // U+1EE0
    { 11, 16, 201, 1, 15, 22, 10186 }, // U+1EE1
    { 14, 20, 255, 1, 17, 35, 10208 }, // U+1EE2
    { 11, 17, 201, 1, 13, 24, 10243 }, // U+1EE3
    { 12, 18, 238, 1, 15, 27, 10267 }, // U+1EE4
    { 10, 15, 190, 1, 11, 19, 10294 }, // U+1EE5
    { 12, 21, 238, 1, 20, 32, 10313 }, // U+1EE6
    { 10, 17, 190, 1, 16, 22, 10345 }, // U+1EE7
    { 15, 20, 238, 1, 19, 38, 10367 }, // U+1EE8
    { 12, 16, 190, 1, 15, 24, 10405 }, // U+1EE9
    { 15, 20, 238, 1, 19, 38, 10429 }, // U+1EEA
    { 12, 16, 190, 1, 15, 24, 10467 }, // U+1EEB
    { 15, 21, 238, 1, 20, 40, 10491 }, // U+1EEC
    { 12, 17, 190, 1, 16, 26, 10531 }, // U+1EED
    { 15, 20, 238, 1, 19, 38, 10557 }, // U+1EEE
    { 12, 16, 190, 1, 15, 24, 10595 }, // U+1EEF
    { 15, 20, 238, 1, 17, 38, 10619 }, // U+1EF0
    { 12, 17, 190, 1, 13, 26, 10657 }, // U+1EF1
    { 12, 19, 186, 0, 19, 29, 10683 }, // U+1EF2
    { 10, 20, 189, 1, 15, 25, 10712 }, // U+1EF3
    { 12, 18, 186, 0, 15, 27, 10737 }, // U+1EF4
    { 11, 16, 189, 1, 11, 22, 10764 }, // U+1EF5
    { 12, 20, 186, 0, 20, 30, 10786 }, // U+1EF6
    { 10, 21, 189, 1, 16, 27, 10816 }, // U+1EF7
    { 12, 19, 186, 0, 19, 29, 10843 }, // U+1EF8
    { 10, 20, 189, 1, 15, 25, 10872 }, // U+1EF9
    { 0, 0, 183, 0, 0, 0, 10897 }, // U+2007
    { 0, 0, 87, 0, 0, 0, 10897 }, // U+2008
    { 0, 0, 68, 0, 0, 0, 10897 }, // U+2009
    { 0, 0, 34, 0, 0, 0, 10897 }, // U+200A
    { 0, 0, 0, 0, 0, 0, 10897 }, // U+200B
    { 6, 3, 130, 1, 8, 3, 10897 }, // U+2010
    { 9, 3, 170, 1, 7, 4, 10900 }, // U+2012
    { 9, 3, 170, 1, 7, 4, 10904 }, // U+2013
    { 16, 3, 279, 1, 7, 6, 10908 }, // U+2014
    { 16, 3, 279, 1, 7, 6, 10914 }, // U+2015
    { 4, 5, 71, 0, 15, 3, 10920 }, // U+2018
    { 4, 5, 65, 0, 15, 3, 10923 }, // U+2019
    { 4, 5, 66, 0, 2, 3, 10926 }, // U+201A
    { 7, 5, 116, 0, 15, 5, 10929 }, // U+201C
    { 7, 5, 116, 0, 15, 5, 10934 }, // U+201D
    { 7, 5, 105, 0, 2, 5, 10939 }, // U+201E
    { 7, 11, 135, 1, 15, 10, 10944 }, // U+2020
    { 7, 12, 130, 1, 15, 11, 10954 }, // U+2021
    { 7, 6, 114, 0, 10, 6, 10965 }, // U+2022
    { 10, 3, 186, 1, 3, 4, 10971 }, // U+2026
    { 23, 16, 368, 0, 15, 46, 10975 }, // U+2030
    { 8, 6, 128, 0, 15, 6, 11021 }, // U+2033
    { 5, 9, 91, 0, 10, 6, 11027 }, // U+2039
    { 5, 9, 91, 0, 10, 6, 11033 }, // U+203A
    { 11, 16, 177, 0, 15, 22, 11039 }, // U+2044
    { 7, 8, 109, 0, 17, 7, 11061 }, // U+2070
    { 6, 8, 105, 0, 17, 6, 11068 }, // U+2074
    { 5, 8, 108, 1, 17, 5, 11074 }, // U+2075
    { 6, 8, 93, 0, 17, 6, 11079 }, // U+2076
    { 6, 8, 97, 0, 17, 6, 11085 }, // U+2077
    { 6, 8, 101, 0, 17, 6, 11091 }, // U+2078
    { 6, 8, 100, 0, 17, 6, 11097 }, // U+2079
    { 7, 8, 109, 0, 3, 7, 11103 }, // U+2080
    { 4, 8, 74, 0, 3, 4, 11110 }, // U+2081
    { 5, 7, 106, 1, 3, 5, 11114 }, // U+2082
    { 5, 8, 104, 1, 3, 5, 11119 }, // U+2083
    { 6, 8, 105, 0, 3, 6, 11124 }, // U+2084
    { 5, 8, 108, 1, 3, 5, 11130 }, // U+2085
    { 6, 8, 93, 0, 3, 6, 11135 }, // U+2086
    { 6, 8, 97, 0, 3, 6, 11141 }, // U+2087
    { 6, 8, 101, 0, 3, 6, 11147 }, // U+2088
    { 6, 8, 100, 0, 3, 6, 11153 }, // U+2089
    { 15, 20, 218, 0, 17, 38, 11159 }, // U+20A1
    { 11, 15, 189, 0, 15, 21, 11197 }, // U+20A3
    { 13, 16, 205, 0, 15, 26, 11218 }, // U+20A4
    { 15, 15, 243, 0, 15, 29, 11244 }, // U+20A6
    { 13, 15, 199, 0, 15, 25, 11273 }, // U+20A7
    { 20, 15, 322, 0, 15, 38, 11298 }, // U+20A9
    { 10, 16, 154, 0, 15, 20, 11336 }, // U+20AB
    { 14, 16, 224, 0, 15, 28, 11356 }, // U+20AC
    { 14, 16, 225, 0, 15, 28, 11384 }, // U+20AD
    { 13, 15, 199, 0, 15, 25, 11412 }, // U+20B1
    { 13, 21, 232, 1, 18, 35, 11437 }, // U+20B2
    { 12, 22, 218, 1, 18, 33, 11472 }, // U+20B5
    { 10, 15, 190, 1, 15, 19, 11505 }, // U+20B9
    { 12, 16, 190, 0, 15, 24, 11524 }, // U+20BA
    { 12, 18, 238, 1, 17, 27, 11548 }, // U+20BC
    { 12, 15, 199, 0, 15, 23, 11575 }, // U+20BD
    { 11, 17, 193, 1, 16, 24, 11598 }, // U+2202
    { 12, 12, 200, 0, 11, 18, 11622 }, // U+2205
    { 14, 15, 231, 0, 15, 27, 11640 }, // U+2206
    { 14, 20, 221, 0, 15, 35, 11667 }, // U+220F
    { 10, 15, 174, 0, 15, 19, 11702 }, // U+2211
    { 9, 2, 173, 1, 8, 3, 11721 }, // U+2212
    { 11, 20, 176, 0, 17, 28, 11724 }, // U+2215
    { 3, 3, 69, 1, 8, 2, 11752 }, // U+2219
    { 13, 15, 209, 0, 15, 25, 11754 }, // U+221A
    { 18, 10, 292, 0, 10, 23, 11779 }, // U+221E
    { 11, 18, 169, 0, 16, 25, 11802 }, // U+222B
    { 9, 8, 175, 1, 11, 9, 11827 }, // U+2248
    { 9, 11, 173, 1, 12, 13, 11836 }, // U+2260
    { 11, 12, 198, 1, 13, 17, 11849 }, // U+2264
    { 11, 12, 198, 1, 13, 17, 11866 }, // U+2265
    { 11, 16, 191, 0, 16, 22, 11883 }, // U+FB01
    { 11, 16, 196, 0, 16, 22, 11905 }, // U+FB02
};

static const EpdUnicodeInterval quicksand_10_regularIntervals[] = {
    { 0xD, 0xD, 0x0 },
    { 0x20, 0x7E, 0x1 },
    { 0xA0, 0xFF, 0x60 },
    { 0x100, 0x17E, 0xC0 },
    { 0x1A0, 0x1A1, 0x13F },
    { 0x1AF, 0x1B0, 0x141 },
    { 0x1C4, 0x1D4, 0x143 },
    { 0x1E6, 0x1E7, 0x154 },
    { 0x1EA, 0x1EB, 0x156 },
    { 0x1F2, 0x1F2, 0x158 },
    { 0x1FA, 0x21B, 0x159 },
    { 0x300, 0x304, 0x17B },
    { 0x306, 0x30C, 0x180 },
    { 0x30F, 0x30F, 0x187 },
    { 0x311, 0x312, 0x188 },
    { 0x31B, 0x31B, 0x18A },
    { 0x323, 0x324, 0x18B },
    { 0x326, 0x328, 0x18D },
    { 0x32D, 0x32E, 0x190 },
    { 0x331, 0x331, 0x192 },
    { 0x335, 0x335, 0x193 },
    { 0x1EA0, 0x1EF9, 0x194 },
    { 0x2007, 0x200B, 0x1EE },
    { 0x2010, 0x2010, 0x1F3 },
    { 0x2012, 0x2015, 0x1F4 },
    { 0x2018, 0x201A, 0x1F8 },
    { 0x201C, 0x201E, 0x1FB },
    { 0x2020, 0x2022, 0x1FE },
    { 0x2026, 0x2026, 0x201 },
    { 0x2030, 0x2030, 0x202 },
    { 0x2033, 0x2033, 0x203 },
    { 0x2039, 0x203A, 0x204 },
    { 0x2044, 0x2044, 0x206 },
    { 0x2070, 0x2070, 0x207 },
    { 0x2074, 0x2079, 0x208 },
    { 0x2080, 0x2089, 0x20E },
    { 0x20A1, 0x20A1, 0x218 },
    { 0x20A3, 0x20A4, 0x219 },
    { 0x20A6, 0x20A7, 0x21B },
    { 0x20A9, 0x20A9, 0x21D },
    { 0x20AB, 0x20AD, 0x21E },
    { 0x20B1, 0x20B2, 0x221 },
    { 0x20B5, 0x20B5, 0x223 },
    { 0x20B9, 0x20BA, 0x224 },
    { 0x20BC, 0x20BD, 0x226 },
    { 0x2202, 0x2202, 0x228 },
    { 0x2205, 0x2206, 0x229 },
    { 0x220F, 0x220F, 0x22B },
    { 0x2211, 0x2212, 0x22C },
    { 0x2215, 0x2215, 0x22E },
    { 0x2219, 0x221A, 0x22F },
    { 0x221E, 0x221E, 0x231 },
    { 0x222B, 0x222B, 0x232 },
    { 0x2248, 0x2248, 0x233 },
    { 0x2260, 0x2260, 0x234 },
    { 0x2264, 0x2265, 0x235 },
    { 0xFB01, 0xFB02, 0x237 },
};

static const EpdKernClassEntry quicksand_10_regularKernLeftClasses[] = {
    { 0x0026, 1 }, // &
    { 0x0028, 2 }, // (
    { 0x002A, 3 }, // *
    { 0x002B, 4 }, // +
    { 0x002C, 5 }, // ,
    { 0x002D, 4 }, // -
    { 0x002E, 6 }, // .
    { 0x002F, 7 }, // /
    { 0x0030, 8 }, // 0
    { 0x0031, 9 }, // 1
    { 0x0032, 10 }, // 2
    { 0x0034, 11 }, // 4
    { 0x0035, 12 }, // 5
    { 0x0036, 13 }, // 6
    { 0x0037, 14 }, // 7
    { 0x0038, 15 }, // 8
    { 0x0039, 16 }, // 9
    { 0x003E, 17 }, // >
    { 0x003F, 18 }, // ?
    { 0x0040, 19 }, // @
    { 0x0041, 20 }, // A
    { 0x0042, 21 }, // B
    { 0x0044, 8 }, // D
    { 0x0045, 22 }, // E
    { 0x0046, 23 }, // F
    { 0x0047, 24 }, // G
    { 0x004A, 25 }, // J
    { 0x004B, 26 }, // K
    { 0x004C, 27 }, // L
    { 0x004F, 8 }, // O
    { 0x0050, 28 }, // P
    { 0x0051, 29 }, // Q
    { 0x0052, 30 }, // R
    { 0x0053, 31 }, // S
    { 0x0054, 32 }, // T
    { 0x0055, 33 }, // U
    { 0x0056, 34 }, // V
    { 0x0057, 35 }, // W
    { 0x0058, 36 }, // X
    { 0x0059, 37 }, // Y
    { 0x005A, 38 }, // Z
    { 0x005C, 39 }, // <backslash>
    { 0x005F, 40 }, // _
    { 0x0061, 41 }, // a
    { 0x0062, 42 }, // b
    { 0x0063, 43 }, // c
    { 0x0064, 44 }, // d
    { 0x0065, 45 }, // e
    { 0x0066, 46 }, // f
    { 0x0067, 47 }, // g
    { 0x0068, 48 }, // h
    { 0x0069, 49 }, // i
    { 0x006A, 50 }, // j
    { 0x006B, 51 }, // k
    { 0x006C, 52 }, // l
    { 0x006D, 48 }, // m
    { 0x006E, 48 }, // n
    { 0x006F, 42 }, // o
    { 0x0070, 42 }, // p
    { 0x0071, 53 }, // q
    { 0x0072, 54 }, // r
    { 0x0073, 55 }, // s
    { 0x0074, 56 }, // t
    { 0x0075, 57 }, // u
    { 0x0076, 58 }, // v
    { 0x0077, 59 }, // w
    { 0x0078, 60 }, // x
    { 0x0079, 61 }, // y
    { 0x007A, 62 }, // z
    { 0x007E, 4 }, // ~
    { 0x00A1, 63 }, // U+00A1
    { 0x00B7, 64 }, // U+00B7
    { 0x00BF, 65 }, // U+00BF
    { 0x00D9, 33 }, // U+00D9
    { 0x00DA, 33 }, // U+00DA
    { 0x00DB, 33 }, // U+00DB
    { 0x00DC, 33 }, // U+00DC
    { 0x00DD, 37 }, // U+00DD
    { 0x00DE, 66 }, // U+00DE
    { 0x00DF, 67 }, // U+00DF
    { 0x00E0, 41 }, // U+00E0
    { 0x00E1, 41 }, // U+00E1
    { 0x00E2, 41 }, // U+00E2
    { 0x00E3, 41 }, // U+00E3
    { 0x00E4, 41 }, // U+00E4
    { 0x00E5, 41 }, // U+00E5
    { 0x00E8, 45 }, // U+00E8
    { 0x00E9, 45 }, // U+00E9
    { 0x00EA, 45 }, // U+00EA
    { 0x00EB, 45 }, // U+00EB
    { 0x00F0, 68 }, // U+00F0
    { 0x00F2, 42 }, // U+00F2
    { 0x00F3, 42 }, // U+00F3
    { 0x00F4, 42 }, // U+00F4
    { 0x00F5, 42 }, // U+00F5
    { 0x00F6, 42 }, // U+00F6
    { 0x00F7, 69 }, // U+00F7
    { 0x00F8, 42 }, // U+00F8
    { 0x00F9, 57 }, // U+00F9
    { 0x00FA, 57 }, // U+00FA
    { 0x00FB, 57 }, // U+00FB
    { 0x00FC, 57 }, // U+00FC
    { 0x00FD, 61 }, // U+00FD
    { 0x00FF, 61 }, // U+00FF
    { 0x0101, 41 }, // U+0101
    { 0x0103, 41 }, // U+0103
    { 0x0105, 41 }, // U+0105
    { 0x010F, 70 }, // U+010F
    { 0x0113, 45 }, // U+0113
    { 0x0114, 22 }, // U+0114
    { 0x0115, 45 }, // U+0115
    { 0x0117, 45 }, // U+0117
    { 0x0119, 45 }, // U+0119
    { 0x011B, 45 }, // U+011B
    { 0x013E, 71 }, // U+013E
    { 0x014D, 42 }, // U+014D
    { 0x014F, 42 }, // U+014F
    { 0x0151, 42 }, // U+0151
    { 0x0153, 42 }, // U+0153
    { 0x0165, 72 }, // U+0165
    { 0x0169, 57 }, // U+0169
    { 0x016A, 33 }, // U+016A
    { 0x016B, 57 }, // U+016B
    { 0x016D, 57 }, // U+016D
    { 0x016E, 33 }, // U+016E
    { 0x016F, 57 }, // U+016F
    { 0x0170, 33 }, // U+0170
    { 0x0171, 57 }, // U+0171
    { 0x0172, 33 }, // U+0172
    { 0x0173, 57 }, // U+0173
    { 0x0176, 37 }, // U+0176
    { 0x0177, 61 }, // U+0177
    { 0x0178, 37 }, // U+0178
    { 0x01A1, 42 }, // U+01A1
    { 0x01B0, 57 }, // U+01B0
    { 0x01CD, 20 }, // U+01CD
    { 0x01CE, 41 }, // U+01CE
    { 0x01D2, 42 }, // U+01D2
    { 0x01D4, 57 }, // U+01D4
    { 0x01EB, 42 }, // U+01EB
    { 0x01FB, 41 }, // U+01FB
    { 0x01FF, 42 }, // U+01FF
    { 0x0200, 20 }, // U+0200
    { 0x0201, 41 }, // U+0201
    { 0x0202, 20 }, // U+0202
    { 0x0203, 41 }, // U+0203
    { 0x0204, 22 }, // U+0204
    { 0x0205, 45 }, // U+0205
    { 0x0206, 22 }, // U+0206
    { 0x0207, 45 }, // U+0207
    { 0x020D, 42 }, // U+020D
    { 0x020F, 42 }, // U+020F
    { 0x0215, 57 }, // U+0215
    { 0x0217, 57 }, // U+0217
    { 0x1EA0, 20 }, // U+1EA0
    { 0x1EA1, 41 }, // U+1EA1
    { 0x1EA2, 20 }, // U+1EA2
    { 0x1EA3, 41 }, // U+1EA3
    { 0x1EA4, 20 }, // U+1EA4
    { 0x1EA5, 41 }, // U+1EA5
    { 0x1EA6, 20 }, // U+1EA6
    { 0x1EA7, 41 }, // U+1EA7
    { 0x1EA8, 20 }, // U+1EA8
    { 0x1EA9, 41 }, // U+1EA9
    { 0x1EAA, 20 }, // U+1EAA
    { 0x1EAB, 41 }, // U+1EAB
    { 0x1EAC, 20 }, // U+1EAC
    { 0x1EAD, 41 }, // U+1EAD
    { 0x1EAE, 20 }, // U+1EAE
    { 0x1EAF, 41 }, // U+1EAF
    { 0x1EB0, 20 }, // U+1EB0
    { 0x1EB1, 41 }, // U+1EB1
    { 0x1EB2, 20 }, // U+1EB2
    { 0x1EB3, 41 }, // U+1EB3
    { 0x1EB4, 20 }, // U+1EB4
    { 0x1EB5, 41 }, // U+1EB5
    { 0x1EB6, 20 }, // U+1EB6
    { 0x1EB7, 41 }, // U+1EB7
    { 0x1EB8, 22 }, // U+1EB8
    { 0x1EB9, 45 }, // U+1EB9
    { 0x1EBA, 22 }, // U+1EBA
    { 0x1EBB, 45 }, // U+1EBB
    { 0x1EBC, 22 }, // U+1EBC
    { 0x1EBD, 45 }, // U+1EBD
    { 0x1EBE, 22 }, // U+1EBE
    { 0x1EBF, 45 }, // U+1EBF
    { 0x1EC0, 22 }, // U+1EC0
    { 0x1EC1, 45 }, // U+1EC1
    { 0x1EC2, 22 }, // U+1EC2
    { 0x1EC3, 45 }, // U+1EC3
    { 0x1EC4, 22 }, // U+1EC4
    { 0x1EC5, 45 }, // U+1EC5
    { 0x1EC6, 22 }, // U+1EC6
    { 0x1EC7, 45 }, // U+1EC7
    { 0x1ECD, 42 }, // U+1ECD
    { 0x1ECF, 42 }, // U+1ECF
    { 0x1ED1, 42 }, // U+1ED1
    { 0x1ED3, 42 }, // U+1ED3
    { 0x1ED5, 42 }, // U+1ED5
    { 0x1ED7, 42 }, // U+1ED7
    { 0x1ED9, 42 }, // U+1ED9
    { 0x1EDB, 42 }, // U+1EDB
    { 0x1EDD, 42 }, // U+1EDD
    { 0x1EDF, 42 }, // U+1EDF
    { 0x1EE1, 42 }, // U+1EE1
    { 0x1EE3, 42 }, // U+1EE3
    { 0x1EE5, 57 }, // U+1EE5
    { 0x1EE7, 57 }, // U+1EE7
    { 0x1EE9, 57 }, // U+1EE9
    { 0x1EEB, 57 }, // U+1EEB
    { 0x1EED, 57 }, // U+1EED
    { 0x1EEF, 57 }, // U+1EEF
    { 0x1EF1, 57 }, // U+1EF1
    { 0x1EF2, 37 }, // U+1EF2
    { 0x1EF3, 61 }, // U+1EF3
    { 0x1EF5, 61 }, // U+1EF5
    { 0x2013, 73 }, // U+2013
    { 0x2014, 4 }, // U+2014
    { 0x2018, 74 }, // U+2018
    { 0x2019, 75 }, // U+2019
    { 0x201A, 76 }, // U+201A
    { 0x201C, 74 }, // U+201C
    { 0x201D, 75 }, // U+201D
    { 0x201E, 76 }, // U+201E
    { 0x2022, 77 }, // U+2022
    { 0x2212, 4 }, // U+2212
    { 0x2248, 4 }, // U+2248
    { 0x2260, 4 }, // U+2260
};

static const EpdKernClassEntry quicksand_10_regularKernRightClasses[] = {
    { 0x0021, 1 }, // !
    { 0x0022, 2 }, // "
    { 0x0026, 3 }, // &
    { 0x0029, 4 }, // )
    { 0x002A, 5 }, // *
    { 0x002C, 6 }, // ,
    { 0x002E, 7 }, // .
    { 0x002F, 8 }, // /
    { 0x0031, 9 }, // 1
    { 0x0034, 10 }, // 4
    { 0x0035, 11 }, // 5
    { 0x0036, 12 }, // 6
    { 0x0037, 13 }, // 7
    { 0x0039, 14 }, // 9
    { 0x003F, 15 }, // ?
    { 0x0040, 16 }, // @
    { 0x0041, 17 }, // A
    { 0x0043, 18 }, // C
    { 0x0047, 18 }, // G
    { 0x004A, 19 }, // J
    { 0x004F, 18 }, // O
    { 0x0051, 18 }, // Q
    { 0x0053, 20 }, // S
    { 0x0054, 21 }, // T
    { 0x0055, 22 }, // U
    { 0x0056, 23 }, // V
    { 0x0057, 24 }, // W
    { 0x0058, 25 }, // X
    { 0x0059, 26 }, // Y
    { 0x005A, 27 }, // Z
    { 0x005C, 28 }, // <backslash>
    { 0x005D, 29 }, // ]
    { 0x005F, 30 }, // _
    { 0x0061, 31 }, // a
    { 0x0062, 32 }, // b
    { 0x0063, 33 }, // c
    { 0x0064, 33 }, // d
    { 0x0065, 33 }, // e
    { 0x0066, 34 }, // f
    { 0x0067, 35 }, // g
    { 0x0068, 32 }, // h
    { 0x006A, 36 }, // j
    { 0x006B, 32 }, // k
    { 0x006C, 32 }, // l
    { 0x006D, 37 }, // m
    { 0x006E, 37 }, // n
    { 0x006F, 33 }, // o
    { 0x0070, 38 }, // p
    { 0x0071, 33 }, // q
    { 0x0072, 37 }, // r
    { 0x0073, 39 }, // s
    { 0x0074, 40 }, // t
    { 0x0075, 41 }, // u
    { 0x0076, 42 }, // v
    { 0x0077, 43 }, // w
    { 0x0078, 44 }, // x
    { 0x0079, 45 }, // y
    { 0x007A, 46 }, // z
    { 0x00A1, 47 }, // U+00A1
    { 0x00B7, 48 }, // U+00B7
    { 0x00BF, 49 }, // U+00BF
    { 0x00D0, 50 }, // U+00D0
    { 0x00D9, 22 }, // U+00D9
    { 0x00DA, 22 }, // U+00DA
    { 0x00DB, 22 }, // U+00DB
    { 0x00DC, 22 }, // U+00DC
    { 0x00DD, 26 }, // U+00DD
    { 0x00DF, 51 }, // U+00DF
    { 0x00E0, 31 }, // U+00E0
    { 0x00E1, 31 }, // U+00E1
    { 0x00E2, 31 }, // U+00E2
    { 0x00E3, 31 }, // U+00E3
    { 0x00E4, 31 }, // U+00E4
    { 0x00E5, 31 }, // U+00E5
    { 0x00E8, 33 }, // U+00E8
    { 0x00E9, 33 }, // U+00E9
    { 0x00EA, 33 }, // U+00EA
    { 0x00EB, 33 }, // U+00EB
    { 0x00F0, 52 }, // U+00F0
    { 0x00F9, 41 }, // U+00F9
    { 0x00FA, 41 }, // U+00FA
    { 0x00FB, 41 }, // U+00FB
    { 0x00FC, 41 }, // U+00FC
    { 0x00FD, 45 }, // U+00FD
    { 0x00FE, 53 }, // U+00FE
    { 0x00FF, 45 }, // U+00FF
    { 0x0101, 31 }, // U+0101
    { 0x0103, 31 }, // U+0103
    { 0x0105, 31 }, // U+0105
    { 0x0113, 33 }, // U+0113
    { 0x0115, 33 }, // U+0115
    { 0x0117, 33 }, // U+0117
    { 0x0119, 33 }, // U+0119
    { 0x011B, 33 }, // U+011B
    { 0x0127, 54 }, // U+0127
    { 0x013E, 32 }, // U+013E
    { 0x0169, 41 }, // U+0169
    { 0x016A, 22 }, // U+016A
    { 0x016B, 41 }, // U+016B
    { 0x016D, 41 }, // U+016D
    { 0x016E, 22 }, // U+016E
    { 0x016F, 41 }, // U+016F
    { 0x0170, 22 }, // U+0170
    { 0x0171, 41 }, // U+0171
    { 0x0172, 22 }, // U+0172
    { 0x0173, 41 }, // U+0173
    { 0x0176, 26 }, // U+0176
    { 0x0177, 45 }, // U+0177
    { 0x0178, 26 }, // U+0178
    { 0x01B0, 41 }, // U+01B0
    { 0x01CD, 17 }, // U+01CD
    { 0x01CE, 31 }, // U+01CE
    { 0x01D4, 41 }, // U+01D4
    { 0x01FB, 31 }, // U+01FB
    { 0x0200, 17 }, // U+0200
    { 0x0201, 31 }, // U+0201
    { 0x0202, 17 }, // U+0202
    { 0x0203, 31 }, // U+0203
    { 0x0205, 33 }, // U+0205
    { 0x0207, 33 }, // U+0207
    { 0x0215, 41 }, // U+0215
    { 0x0217, 41 }, // U+0217
    { 0x1EA0, 17 }, // U+1EA0
    { 0x1EA1, 31 }, // U+1EA1
    { 0x1EA2, 17 }, // U+1EA2
    { 0x1EA3, 31 }, // U+1EA3
    { 0x1EA4, 17 }, // U+1EA4
    { 0x1EA5, 31 }, // U+1EA5
    { 0x1EA6, 17 }, // U+1EA6
    { 0x1EA7, 31 }, // U+1EA7
    { 0x1EA8, 17 }, // U+1EA8
    { 0x1EA9, 31 }, // U+1EA9
    { 0x1EAA, 17 }, // U+1EAA
    { 0x1EAB, 31 }, // U+1EAB
    { 0x1EAC, 17 }, // U+1EAC
    { 0x1EAD, 31 }, // U+1EAD
    { 0x1EAE, 17 }, // U+1EAE
    { 0x1EAF, 31 }, // U+1EAF
    { 0x1EB0, 17 }, // U+1EB0
    { 0x1EB1, 31 }, // U+1EB1
    { 0x1EB2, 17 }, // U+1EB2
    { 0x1EB3, 31 }, // U+1EB3
    { 0x1EB4, 17 }, // U+1EB4
    { 0x1EB5, 31 }, // U+1EB5
    { 0x1EB6, 17 }, // U+1EB6
    { 0x1EB7, 31 }, // U+1EB7
    { 0x1EB9, 33 }, // U+1EB9
    { 0x1EBB, 33 }, // U+1EBB
    { 0x1EBD, 33 }, // U+1EBD
    { 0x1EBF, 33 }, // U+1EBF
    { 0x1EC1, 33 }, // U+1EC1
    { 0x1EC3, 33 }, // U+1EC3
    { 0x1EC5, 33 }, // U+1EC5
    { 0x1EC7, 33 }, // U+1EC7
    { 0x1EE5, 41 }, // U+1EE5
    { 0x1EE7, 41 }, // U+1EE7
    { 0x1EE9, 41 }, // U+1EE9
    { 0x1EEB, 41 }, // U+1EEB
    { 0x1EED, 41 }, // U+1EED
    { 0x1EEF, 41 }, // U+1EEF
    { 0x1EF1, 41 }, // U+1EF1
    { 0x1EF2, 26 }, // U+1EF2
    { 0x1EF3, 45 }, // U+1EF3
    { 0x1EF5, 45 }, // U+1EF5
    { 0x201C, 55 }, // U+201C
    { 0x201D, 56 }, // U+201D
    { 0x2022, 57 }, // U+2022
};

static const int8_t quicksand_10_regularKernMatrix[] = {
       0,    0,    0,   -5,    0,    0,    0,    0,    0,    0,    0,    0,    0,    0,    0,    0,    0,    0,    0,    0,    0,    0,  -12,    0,    0,    0,    0,    0,    0,    0,    0,    0,    0,    0,    0,    0,    0,    0,    0,    0,    0,   -9,    0,    0,    0,    0,    0,    0,    0,    0,    0,   -3,    0,    0,    0,    0,    0,
       0,    0,    0,    0,    0,    0,    0,    0,    0,    0,    0,    0,    0,    0,    0,    0,    0,    0,    0,    0,    0,    0,    0,    0,    0,    0,    0,    0,    0,    0,    0,    0,    0,    0,    0,    0,    0,    0,    0,    0,    0,    0,    0,    0,    0,    0,    0,    0,    0,    0,    0,    0,    5,    0,    0,    0,    0,
       0,    0,    0,    0,    0,    0,    0,    0,    0,    0,    0,    0,    0,    0,    0,    0,    0,    0,    0,    0,    0,    0,    0,    0,    0,    0,    0,    0,    0,    0,    0,    0,    0,    0,    0,    0,    0,    0,    0,    0,    0,    5,    0,    0,    0,    0,    0,    0,    0,    0,    0,   -8,    0,    0,    0,    0,    0,
       0,    0,    0,    0,    0,    0,    0,    0,  -16,    0,    0,    0,    0,    0,    0,    0,    0,    0,    0,    0,    0,    0,    0,    0,    0,    0,    0,    0,    0,    0,    0,    0,    0,    0,    0,    0,    0,    0,    0,    0,    0,    0,    0,    0,    0,    0,    0,    0,    0,    0,    0,    0,    0,    0,    0,    0,    0,
       0,    0,    0,    0,    0,    0,    0,    0,  -16,    0,    0,    0,    0,    0,    0,    0,    0,    0,    0,    0,    0,    0,    0,    0,    0,    0,    0,    0,    0,    0,    0,    0,    0,    0,    0,    3,    0,    0,    0,    0,    0,    0,    0,    0,    0,    0,    0,    0,    0,    0,    0,    0,    0,    0,    0,    0,    0,
       0,    0,    0,    0,    0,    0,    0,    0,  -14,  -10,    0,    0,    0,    0,    0,    0,    0,    0,    0,    0,    0,    0,    0,    0,    0,    0,    0,    0,    0,    0,    0,    0,    0,    0,    0,    0,    0,    0,    0,    0,    0,    0,    0,    0,    0,    0,    0,    0,    0,    0,    0,    0,    0,    0,    0,    0,    0,
       0,    0,    0,    0,    0,    0,    0,  -31,    0,    0,    0,    0,    0,    0,    0,    0,    0,    0,    0,    0,    0,    0,    0,    0,    0,    0,    0,    0,    0,    0,    0,    0,    0,    0,    0,    0,    0,    0,    0,    0,    0,   -1,    0,   -5,    0,    0,    0,    0,    0,    0,   -4,  -11,    0,    0,    0,    0,    0,
       0,    0,    0,    0,    0,    0,    0,    0,    0,    0,    0,    0,  -18,    0,    0,    0,   -2,    0,   -5,    0,   -7,    0,   -4,   -2,  -10,   -9,   -5,    0,    0,    0,    0,    0,    3,    0,    0,    0,    0,    0,    0,    0,    0,    0,    0,   -3,    0,    0,    0,    0,    0,    0,    0,    0,    0,    0,    0,    0,    0,
       0,    0,    0,    0,    0,    0,    0,    0,    0,   -5,    0,    0,    0,    0,    0,    0,    0,    0,    0,    0,    0,    0,    0,    0,    0,    0,    0,    0,    0,    0,    0,    0,    0,    0,    0,    0,    0,    0,    0,    0,    0,    0,    0,    0,    0,    0,    0,    0,    0,    0,    0,    0,    0,    0,    0,    0,    0,
       0,    0,    0,    0,    0,    0,    0,    0,    0,   -5,    0,    0,   -6,    0,    0,    0,    0,    0,    0,    0,    0,    0,    0,    0,    0,    0,    0,    0,    0,    0,    0,    0,    0,    0,    0,    0,    0,    0,    0,    0,    0,    0,    0,    0,    0,    0,    0,    0,    0,    0,    0,    0,    0,    0,    0,    0,    0,
       0,    0,    0,    0,    0,    0,    0,    0,   -2,    0,    3,    0,  -10,   -7,    0,    0,    0,    0,    0,    0,    0,    0,    0,    0,    0,    0,    0,    0,    0,    0,    0,    0,    0,    0,    0,    0,    0,    0,    0,    0,    0,    0,    0,    0,    0,    0,    0,    0,    0,    0,    0,    0,    0,    0,    0,    0,    0,
       0,    0,    0,    0,    0,    0,   -8,    0,    0,    0,    0,    0,    0,    0,    0,    0,    0,    0,    0,    0,    0,    0,    0,    0,    0,    0,    0,    0,    0,    0,    0,    0,    0,    0,    0,    0,    0,    0,    0,    0,    0,    0,    0,    0,    0,    0,    0,    0,    0,    0,    0,    0,    0,    0,    0,    0,    0,
       0,    0,    0,    0,    0,    0,    0,    0,   -2,    5,    0,    0,    0,    0,    0,    0,    0,    0,    0,    0,    0,    0,    0,    0,    0,    0,    0,    0,    0,    0,    0,    0,    0,    0,    0,    0,    0,    0,    0,    0,    0,    0,    0,    0,    0,    0,    0,    0,    0,    0,    0,    0,    0,    0,    0,    0,    0,
       0,    0,    0,    0,    0,  -15,  -21,    0,   16,  -13,    0,  -10,    0,    0,    0,    0,    0,   -7,    0,    0,    0,    0,    0,    0,    0,    0,    0,    0,    0,    0,    0,    0,    0,    0,    0,    0,    0,    0,    0,    0,    0,    0,    0,    0,    0,    0,    0,    0,    0,    0,    0,    0,    0,    0,    0,    0,    0,
       0,    0,    0,    0,    0,    0,    0,    0,    0,    0,    0,    0,  -10,    0,    0,    0,    0,    0,    0,    0,    0,    0,    0,    0,    0,    0,    0,    0,    0,    0,    0,    0,    0,    0,    0,    0,    0,    0,    0,    0,    0,    0,    0,    0,    0,    0,    0,    0,    0,    0,    0,    0,    0,    0,    0,    0,    0,
       0,    0,    0,    0,    0,   -7,  -13,    0,    3,    0,    0,    0,  -10,    0,    0,    0,    0,    0,    0,    0,    0,    0,    0,    0,    0,    0,    0,    0,    0,    0,    0,    0,    0,    0,    0,    0,    0,    0,    0,    0,    0,    0,    0,    0,    0,    0,    0,    0,    0,    0,    0,    0,    0,    0,    0,    0,    0,
       0,    0,    0,    0,    0,    0,    0,    0,   -2,    0,    0,    0,    0,    0,    0,    0,    0,    0,    0,    0,    0,    0,    0,    0,    0,    0,    0,    0,    0,    0,    0,    0,    0,    0,    0,    0,    0,    0,    0,    0,    0,    0,    0,    0,    0,    0,    0,    0,    0,    0,    0,    0,    0,    0,    0,    0,    0,
       0,    0,    0,    0,    0,    0,    0,    0,    0,    0,    0,    0,    0,    0,    0,    0,    0,    0,    0,    0,    0,    0,    0,    0,    0,    0,    0,    0,    0,    0,    0,    0,    0,    0,    0,    0,    0,    0,    0,    0,    0,    0,    0,    0,    0,    0,    0,    0,    0,    0,    0,   -5,    0,    0,    0,    0,    0,
       0,    0,    0,    0,    0,    0,    0,    0,    0,    0,    0,    0,    0,    0,    0,    0,    0,    0,    0,    0,    0,    0,   -5,    0,    0,    0,    0,    0,    0,    0,    0,    0,    0,    0,    0,    0,    0,    0,    0,    0,    0,    0,    0,   -2,    0,    0,    0,    0,    0,    0,    0,    0,    0,    0,    0,    0,    0,
       0,    0,    0,    0,    0,    0,    0,    0,    0,    0,    0,    0,    0,    0,    0,    0,    0,   -2,    0,    0,  -17,   -3,  -31,   -7,    0,  -14,    0,    0,    0,    0,    7,    0,    0,    0,    0,    0,    0,    0,    0,   -2,   -3,   -9,   -3,    0,   -8,    0,    0,    0,    0,    0,    0,    0,    0,    0,    0,    0,    0,
       0,    0,    0,    0,    0,    0,    0,    0,    0,    0,    0,    0,    0,    0,    0,    0,    0,    0,    0,    0,   -5,    0,   -3,   -2,   -4,   -8,    0,    0,    0,    0,    0,   -1,    0,    0,   -2,    0,    0,    0,    0,    0,    0,    0,    0,   -1,    0,    0,    0,    0,    0,    0,    0,    0,    0,    0,    0,    0,    0,
       0,    0,    0,    0,    0,    0,    0,    0,    0,    0,    0,    0,    0,    0,    0,    0,    0,    0,   -3,    0,    0,    0,    0,    0,    0,    0,    0,    0,    0,    0,    0,    0,   -2,    0,   -3,    0,    0,    0,    0,    0,   -3,   -5,    0,    0,   -3,    0,    0,    0,    0,    0,    0,    0,    0,    0,    0,    0,    0,
       0,    0,    0,    0,    0,    0,    0,    0,    0,    0,    0,    0,    0,    0,    0,    0,  -11,   -3,  -40,   -2,    5,    0,    0,    0,   -2,    0,    0,    0,    0,    0,   -7,    0,   -5,    0,   -3,    0,   -3,   -3,   -3,    0,   -5,   -2,    0,   -5,    0,   -2,    0,    0,    0,    0,    0,    0,    0,    0,    0,    0,    0,
       0,    0,    0,    0,    0,    0,    0,    0,    0,    0,    0,    0,    0,    0,    0,    0,    0,    0,    0,    0,   -8,    0,   -5,   -3,    0,   -8,    0,    0,    0,    0,    5,    0,    0,    0,    0,    0,    0,    0,    0,    0,    0,    0,    0,    0,    0,    0,    0,    0,    0,    0,    0,    0,    0,    0,    0,    0,    0,
       0,    0,    0,    0,    0,    0,    0,    0,    0,    0,    0,    0,    0,    0,    0,    0,   -5,    0,    0,    0,    0,    0,    0,    0,    0,    0,    0,    0,    0,    0,    0,    0,    0,    0,    0,    0,    0,    0,    0,    0,    0,    0,    0,    0,    0,    0,    0,    0,    0,    0,    0,    0,    0,    0,    0,    0,    0,
       0,    0,    0,    0,    0,    0,    0,    0,    0,    0,    0,    0,    0,    0,    0,    0,    0,  -10,   -2,   -3,    0,   -5,   -2,   -2,    0,    7,    0,    0,    0,    0,    0,    0,   -7,    0,    0,    0,   -3,   -3,   -1,   -1,   -4,   -2,   -5,    0,   -7,    0,    0,    0,    0,    0,    0,    0,    0,    0,    0,    0,    0,
       0,    0,    0,    0,    0,    0,    0,    0,    0,    0,    0,    0,    0,    0,    0,    0,    0,   -3,    0,    0,  -20,   -7,  -17,  -10,    0,  -20,    0,    0,    0,    0,    0,    0,    0,    0,    0,    0,    0,    0,    0,   -2,    0,   -8,   -2,    0,   -7,    7,    0,    0,    0,    0,    0,    0,    0,    0,    0,    0,    0,
       0,    0,    0,    0,    0,  -58,  -33,    0,    0,    0,    0,    0,    0,    0,    0,    0,  -13,    0,  -25,    0,    0,    0,    0,    3,   -5,    0,   -5,    0,    0,    0,   -2,    0,   -3,    3,   -3,    0,    0,    0,    0,    5,   -2,    3,    5,    0,    3,    0,    0,    0,    0,    0,    0,    0,    0,    0,    0,    0,    0,
       0,    0,    0,    0,    0,    0,    0,    0,    0,    0,    0,    0,  -18,    0,    0,    0,   -2,    0,   -5,    0,   -7,    0,   -4,   -2,  -10,   -9,   -5,    0,    0,   -8,    0,    0,    3,    0,    0,    0,    0,    0,    0,    0,    0,    0,    0,   -3,    0,    0,    0,    0,    0,    0,    0,    0,    0,    0,    0,    0,    0,
       0,    0,    0,    0,    0,    0,    0,    0,    0,    0,    0,    0,    0,    0,    0,    0,    0,   -3,    0,    0,   -5,   -2,   -5,    0,    0,   -7,    0,    0,    0,    0,    1,    0,   -2,    0,    0,    0,    0,    0,    0,    0,   -3,    0,    0,    0,    0,    0,    0,    0,    0,    0,    0,    0,    0,    0,    0,    0,    0,
       0,    0,    0,    0,    0,    0,    0,    0,    0,    0,    0,    0,    0,    0,    0,    0,    0,    0,    0,    0,    0,    0,    0,    0,   -5,   -5,    0,    0,    0,    0,    0,    0,    0,    0,    0,    0,    0,    0,    0,    0,    0,    0,    0,    0,    0,    0,    0,    0,    0,    0,    0,    0,    0,    0,    0,    0,    0,
       0,    0,    0,    0,    0,    0,  -33,    0,    0,    0,    0,    0,    0,    0,    0,    0,  -17,   -7,  -22,    0,   10,    0,    3,    3,    0,    3,    0,    0,    0,    0,  -33,    0,  -40,    0,  -15,    0,  -20,   -7,  -38,    0,  -40,   -3,  -40,   -5,  -31,  -40,    0,    0,    0,    0,    0,    0,    0,    4,    0,    0,    0,
       0,    0,    0,    0,    0,    0,    0,    0,    0,    0,    0,    0,    0,    0,    0,    0,   -3,    0,   -3,   -3,    0,    0,    0,    0,   -3,   -3,    0,    0,    0,    0,    0,    0,    0,    0,    0,    0,    0,    0,    0,    0,    0,    0,    0,   -2,    0,    0,    0,    0,    0,    0,    0,    0,    0,    0,    0,    0,    0,
       0,    0,   -5,    0,    0,    0,    0,  -16,    0,    0,    0,    0,    0,    0,    6,   -5,  -11,   -4,  -18,   -3,    3,    0,    0,    0,    0,    0,    0,    0,    0,  -25,   -4,    0,   -8,    0,   -7,    0,   -4,   -4,   -5,    0,   -3,    0,    0,    0,    0,   -2,   -5,  -10,  -17,    0,    0,    0,    0,    0,    0,    0,   -7,
       0,    0,    0,    0,    0,    0,    0,    0,    0,    0,    0,    0,    0,    0,    0,    0,   -7,   -2,  -10,   -3,    3,    0,    0,    0,    0,    0,    0,    0,    0,    0,   -3,    0,   -5,    0,   -7,    0,   -1,   -1,    0,    0,   -3,    0,    0,    0,    0,    0,    0,    0,    0,    0,    0,    0,    0,    0,    0,    0,    0,
       0,    0,    0,    0,    0,    0,    0,    0,    0,    0,    0,    0,    0,    0,    0,    0,    0,   -9,    0,   -5,    0,   -3,    0,    0,    0,    0,    0,    0,    0,    0,    0,    0,   -5,    0,   -1,    0,    0,    0,    0,    0,   -3,   -9,   -6,    0,   -8,    0,    0,    0,    0,    0,    0,    0,    0,    0,    0,    0,    0,
       0,    0,    0,    0,    0,    0,    0,    0,    0,    0,    0,    0,    0,    0,    0,    0,  -14,   -9,  -23,   -8,    3,   -3,    0,    0,    0,    0,    0,    0,    0,    0,  -11,    0,  -14,    0,  -13,    0,   -8,   -7,  -12,    0,   -7,   -3,   -3,   -7,   -3,   -3,    0,    0,    0,    0,    0,    0,    0,    0,    0,    0,    0,
       0,    0,    0,    0,    0,    0,    0,    0,    0,    0,    0,    0,    0,    0,    0,    0,    0,   -2,    0,    0,    0,    0,    0,    0,    0,    0,    0,    0,    0,    0,    0,    0,   -2,    0,    0,    0,    0,    0,    0,    0,   -2,   -2,    0,    0,    0,    0,    0,    0,    0,    0,    0,    0,    0,    0,    0,    0,    0,
       0,    0,    0,    0,    0,    0,    0,    0,    0,    0,    0,    0,    0,    0,    0,    0,    0,    0,    0,    0,    0,    0,  -16,    0,    0,    0,    0,  -31,    0,    0,    0,    0,    0,    0,    0,    0,    0,    0,    0,    0,    0,   -6,    0,    0,    0,    0,    0,    0,    0,    0,   -2,   -7,    0,    0,    0,    0,    0,
       0,    0,    0,    0,    0,    0,    0,    0,    0,    0,    0,    0,    0,    0,    0,    0,    0,    0,    0,    0,    0,    0,  -25,    0,    0,    0,    0,    0,    0,    0,    0,    0,    0,    0,    0,    0,    0,    0,    0,    0,    0,  -18,    0,    0,    0,    0,    0,    0,    0,    0,    0,  -11,    3,    0,    0,    0,    0,
       0,    0,    0,    0,    0,    0,    0,    0,    0,    0,    0,    0,    0,    0,    0,    0,    7,   -7,    0,    0,  -22,   -3,   -9,   -3,    0,  -18,    0,    0,    0,    0,    3,    0,    0,    0,    0,    0,    0,    0,    0,    0,   -3,   -4,   -2,    0,    0,    0,    0,    0,    0,    0,    0,    0,    0,    0,    0,    0,    0,
       0,    0,    0,    0,    0,    0,    0,    0,    0,    0,    0,    0,    0,    0,    0,    0,    0,    0,    0,    0,  -16,    0,   -8,   -5,   -5,  -13,   -3,    0,    0,    0,    0,    0,    0,    0,    0,    0,    0,    0,    0,    0,    0,   -2,    0,   -4,    0,   -3,    0,    0,    0,    0,    0,    0,    0,    0,    0,    0,    0,
       0,    0,    0,    0,    0,    0,    0,    0,    0,    0,    0,    0,    0,    0,    0,    0,    0,    0,    0,    0,  -10,    0,   -5,   -3,   -2,  -12,    0,    0,    0,    0,    0,    0,    0,    0,    0,    0,    0,    0,    0,    0,    0,    0,    0,    0,    0,    0,    0,    0,    0,    0,    0,    0,    0,    0,    0,    0,    0,
       0,    0,    0,    0,    0,    0,    0,    0,    0,    0,    0,    0,    0,    0,    0,    0,    0,    0,    0,    0,    0,    0,    0,    0,    0,    0,    0,    0,    0,    0,    0,    0,    0,    0,    0,    0,    0,    0,    0,    0,    5,    0,    0,    0,    0,    0,    0,    0,    0,    0,    0,    0,    0,    0,    0,    0,    0,
       0,    0,    0,    0,    0,    0,    0,    0,    0,    0,    0,    0,    0,    0,    0,    0,    0,    0,    0,    0,  -15,    0,   -7,   -3,   -3,  -12,    0,    0,    0,    0,    1,    0,    0,    0,   -2,    0,    0,    0,    0,    0,    0,   -2,    0,   -2,   -2,    0,    0,    0,    0,    0,    0,    0,    0,    0,    0,    0,    0,
       0,    0,    0,    0,    0,    0,    0,    0,    0,    0,    0,    0,    0,    0,    0,    0,   -7,    0,    0,    0,   20,    0,   18,   17,   17,   17,   17,    0,    0,    0,    0,    0,  -12,    0,    0,    0,    0,    0,    0,    1,    0,    3,    1,    0,    0,    1,    0,    0,    0,    0,    0,    0,    0,   15,    0,    0,    0,
       0,    0,    0,    0,    0,   -1,    0,    0,    0,    0,    0,    0,    0,    0,    0,    0,   -5,   -3,    0,   -2,    0,    0,    0,    0,    0,   -5,    0,    0,    0,    0,   -2,    0,   -7,    0,    0,    3,    0,    0,   -3,    0,   -3,    0,    0,    0,    0,    0,    0,    0,    0,    0,    0,    0,    0,    0,    0,    0,    0,
       0,    0,    0,    0,    0,    0,    0,    0,    0,    0,    0,    0,    0,    0,    0,    0,    0,    0,    0,    0,  -10,    0,   -5,    0,    0,   -8,    0,    0,    0,    0,    0,    0,    0,    0,    0,    0,    0,    0,    0,    0,    0,   -2,    0,    0,   -2,    0,    0,    0,    0,    0,    0,    0,    0,    0,    0,    0,    0,
       0,    0,    0,    0,    0,    0,    0,    0,    0,    0,    0,    0,    0,    0,    0,    0,    0,    0,    0,    0,  -10,    0,    0,    0,    0,    0,    0,    0,    0,    0,    0,    0,    0,    0,    0,    0,    0,    0,    0,    0,    0,    0,    0,    0,    0,    0,    0,    0,    0,    0,    0,    0,    0,    0,    0,    0,    0,
       0,    0,    0,    0,    0,    0,    0,    0,    0,    0,    0,    0,    0,    0,    0,    0,    0,    0,    0,    0,  -10,   -3,    0,    0,    0,    0,    0,    0,    0,    0,    0,    0,    0,    0,    0,    2,    0,    0,    0,    0,    0,    0,    0,    0,    0,    0,    0,    0,    0,    0,    0,    0,    0,    0,    0,    0,    0,
       0,    0,    0,    0,    0,    0,    0,    0,    0,    0,    0,    0,    0,    0,    0,    0,    0,   -3,    0,    0,    0,    0,    0,    0,    0,   -7,    0,    0,    0,    0,   -1,   -2,   -7,    0,    0,   -2,    0,    0,   -2,    0,   -2,    0,    0,    0,    0,    0,    0,    0,    0,    0,    0,    0,    0,    0,    0,    0,    0,
       0,    0,    0,    0,    0,    0,    0,    0,    0,    0,    0,    0,    0,    0,    0,    0,    0,   -7,    0,    0,   -8,    0,  -10,   -7,    0,  -10,    0,    0,    0,    0,    0,    0,   -3,    0,   -3,   -5,    0,    0,    0,   -1,   -2,   -8,   -5,    0,   -5,    0,    0,    0,    0,    0,    0,    0,    0,    0,    0,    0,    0,
       0,    0,    0,    0,    0,    0,    0,    0,    0,    0,    0,    0,    0,    0,    0,    0,    0,    0,    0,    0,   -7,    0,   -4,    0,    0,   -5,    0,   -5,    0,    1,    0,    0,    0,    0,    0,    0,    0,    0,    0,    0,    0,    0,    0,    0,    0,    0,    0,    0,    0,    0,    0,    0,    0,    0,    0,    0,    0,
       0,    0,    0,    0,    0,    0,  -35,    0,    0,    0,    0,    0,    0,    0,    0,    0,  -10,    0,    0,    0,   -3,    0,    0,    0,   -5,    0,    0,    0,    0,    0,   -4,    0,   -7,    0,   -5,   -3,    0,    0,    0,    0,    0,   17,   17,    0,    0,    0,    0,    0,    0,    0,    0,    0,    0,    0,    0,    0,    0,
       0,    0,    0,    0,    0,    0,    0,    0,    0,    0,    0,    0,    0,    0,    0,    0,    0,   -2,    0,    0,  -15,    0,   -2,    0,   -2,   -7,    0,    0,    0,    0,    3,    0,    0,    0,    0,    0,    0,    0,    0,    0,    0,    0,    0,   -2,    0,    0,    0,    0,    0,    0,    0,    0,    0,    0,    0,    0,    0,
       0,    0,    0,    0,    0,    0,    0,    0,    0,    0,    0,    0,    0,    0,    0,    0,    0,    0,    0,    0,    0,    0,    0,    0,    0,    0,    0,    0,    0,    0,    0,    0,   -2,   -8,   -2,    0,    0,    0,    7,    0,    0,    0,   13,    0,    0,    0,    0,    0,    0,    0,    0,    0,    0,    0,    0,    0,    0,
       0,    0,    0,    0,    0,    0,    0,    0,    0,    0,    0,    0,    0,    0,    0,    0,    0,    0,    0,    0,  -10,    0,   -3,   -3,    0,   -5,    0,    0,    0,    0,    0,    0,    0,    0,   -3,    0,    0,    0,    0,    0,    0,    0,    0,    0,    0,    0,    0,    0,    0,    0,    0,    0,    0,    0,    0,    0,    0,
       0,    0,   -1,    0,    5,    0,    0,   -6,    0,    0,    0,    0,    0,    0,    4,    0,   -8,    0,    0,    0,   -3,    0,    0,    0,   -9,   -3,   -7,   -1,    0,  -18,   -1,    0,   -2,    0,   -2,    0,    0,    0,   -2,   17,    0,   17,    0,    0,    0,    0,    0,    0,  -10,    0,    0,   -4,    0,    0,    0,    0,    0,
       0,    0,    0,    0,    0,    0,    0,    0,    0,    0,    0,    0,    0,    0,    0,    0,   -2,    0,    0,    0,   -3,    0,    0,    0,   -6,   -3,   -2,    0,    0,    0,    1,    0,    0,    0,    0,    0,    0,    0,   -2,   17,    0,   13,    0,    0,    0,    0,    0,    0,    0,    0,    0,    0,    0,    0,    0,    0,    0,
       0,    0,   -2,    0,    0,    0,    0,    0,    0,    0,    0,    0,    0,    0,    0,    0,    0,   -3,    0,    0,   -5,   -2,    0,    0,    0,   -7,    0,   -5,    0,    0,    0,    0,   -4,    0,    0,    0,    0,    0,   -2,   17,   -2,    0,    0,    0,    0,    0,    0,   -5,    0,    0,    0,   -2,    0,    0,    0,    0,    0,
       0,    0,    0,    0,    0,    0,    0,    0,    0,    0,    0,    0,    0,    0,    0,    0,   -8,    0,    0,    0,   -3,    0,    0,    0,   -7,   -3,   -3,    0,    0,    0,    0,    0,   -2,    0,   -5,    0,    0,    0,   -3,    0,    0,    0,    0,    0,    0,    0,    0,    0,    0,    0,    0,    0,    0,    0,    0,    0,    0,
       0,    0,    0,    0,    0,    0,    0,    0,    0,    0,    0,    0,    0,    0,    0,    0,    0,    0,    0,    0,   -3,    0,    0,    0,    0,   -3,    0,    0,    0,    0,    0,    0,   -3,    0,    0,    0,    0,    0,    0,    0,    0,    0,    0,    0,    0,    0,    0,    0,    0,    0,    0,    0,    0,    0,    0,    0,    0,
       0,    0,    0,    0,    0,    0,    0,    0,    0,    0,    0,    0,    0,    0,    0,    0,    0,    0,    0,    0,    0,    0,   -5,    0,    0,    0,    0,    0,    0,    0,    0,    0,    0,    0,    0,    0,    0,    0,    0,    0,    0,    0,    0,    0,    0,    0,    0,    0,    0,    0,    0,    0,    0,    0,    0,    0,    0,
       0,    0,    0,    0,    0,    0,    0,    0,    0,    0,    0,    0,    0,    0,    0,    0,    0,    0,    0,    0,    0,    0,  -10,    0,    0,    0,    0,    0,    0,    0,    0,    0,    0,    0,    0,    0,    0,    0,    0,    0,    0,    0,    0,   -5,    0,    0,    0,    0,    0,    0,    0,    3,    0,    0,    0,    0,    0,
       0,    0,    0,    0,    0,    0,    0,    0,    0,    0,    0,    0,    0,    0,    0,    0,    0,    0,    0,    0,    0,    0,  -14,    0,    0,    0,    0,    0,    0,    0,    0,    0,    0,    0,    0,    0,    0,    0,    0,    0,    0,   -7,    0,    0,    0,    0,    0,    0,    0,    0,    0,  -10,    0,    0,    0,    0,    0,
       3,    0,    0,    0,   -2,    0,    0,  -13,    0,    0,    0,    0,    0,    0,    0,    0,    0,    0,    0,    0,    0,    0,    0,    0,    0,    0,    0,   -7,    0,  -18,    0,    0,    0,    0,    0,    0,    0,    0,    0,    0,    0,    3,    0,   -2,    0,    0,    7,    8,   -7,    0,    0,    0,    0,    0,    0,    0,    1,
       0,    0,    0,    0,   -7,    0,    0,   -4,    0,    0,    0,    0,    0,    0,    0,    0,    0,    0,    0,    0,    0,    0,    0,    0,    0,    0,    0,   -2,    0,  -11,    0,    0,    0,    0,    0,    0,    0,    0,    0,    0,    0,   -2,    0,   -2,    0,    0,    0,    3,    0,    0,    0,    0,    0,    0,    0,    0,    0,
       0,    0,    0,    0,   -5,    0,    0,  -10,    0,    0,    0,    0,    0,    0,    0,    0,    0,    0,    0,    0,    0,    0,    0,    0,    0,    0,    0,    0,    0,  -18,    0,    0,    0,    0,    0,    0,    0,    0,    0,    0,    0,    0,    0,   -2,    0,    0,    0,    3,   -7,    0,    0,    0,    0,    0,    0,    0,    0,
       0,    0,    0,    0,    0,    0,    0,    0,   -3,    0,    0,    0,    0,    0,    0,    0,    0,    0,    0,    0,    0,    0,    0,    0,    0,    0,    0,    0,    0,    0,    0,    0,    0,    0,    0,    0,    0,    0,    0,    0,    0,    0,    0,    0,    0,    0,    0,    0,    0,    0,    0,    0,    0,    0,    0,    0,    0,
       0,   33,    0,   42,   24,    0,    0,    0,    0,    0,    0,    0,    0,    0,    0,    0,    0,    0,    0,    0,    0,    0,    0,    0,    0,    0,    0,   37,   44,    0,    0,    3,    0,    0,    0,    0,    0,    0,    0,    0,    0,    0,    0,    0,    0,    0,    0,    0,    0,    0,    0,    3,   20,    0,   30,   37,    0,
       0,   21,    0,   35,    9,    0,    0,    0,    0,    0,    0,    0,    0,    0,    0,    0,    0,    0,    0,    0,    0,    0,    0,    0,    0,    0,    0,   29,   33,    0,    0,    3,    0,    0,    0,    0,    0,    0,    0,    0,    0,    0,    0,    0,    0,    0,    0,    0,    0,    0,    0,    3,   20,    0,   22,   26,    0,
       0,    0,    0,   11,    0,    0,    0,    0,    0,    0,    0,    0,    0,    0,    0,    0,    0,    0,    0,    0,    0,    0,    0,    0,    0,    0,    0,    0,    7,    0,    0,    0,    0,    0,    0,    0,    0,    0,    0,    0,    0,    0,    0,    0,    0,    0,    0,    0,    0,    0,    0,    0,    0,    0,    4,    4,    0,
       0,    0,    0,    0,    0,    0,    0,    0,  -16,    0,    0,    0,    0,    0,    0,    0,    0,    0,    0,    0,    0,    0,    0,    0,    0,    0,    0,    0,    0,    0,    0,    0,    0,    0,    0,    0,    0,    0,    0,    0,    0,    0,    0,    0,    0,    0,    0,    0,    0,    2,    0,    0,    0,    0,    0,    0,    0,
       0,    0,    0,    0,    0,    0,    0,    0,    0,  -13,    0,    0,    0,  -12,    0,    0,    0,    0,    0,    0,    0,    0,    0,    0,    0,    0,    0,    0,    0,    0,    0,    0,    0,    0,    0,    0,    0,    0,    0,    0,    0,    0,    0,    0,    0,    0,    0,    0,    0,    0,    0,    0,    0,    0,    0,    0,    0,
       0,    0,    0,    0,    0,    0,    0,    0,    0,  -20,    0,  -16,    0,  -12,    0,    0,    0,    0,    0,    0,    0,    0,    0,    0,    0,    0,    0,    0,    0,    0,    0,    0,    0,    0,    0,    0,    0,    0,    0,    0,    0,    0,    0,    0,    0,    0,    0,    0,    0,    0,    0,    0,    0,    0,    0,    0,    0,
       0,    0,    0,    0,    0,    0,    0,    0,    0,    0,    0,    0,    0,    0,    0,    0,    0,    0,    0,    0,    0,    0,    0,    0,    0,    0,    0,    0,    0,    0,    0,    0,    0,    0,    0,    2,    0,    0,    0,    0,    0,    0,    0,    0,    0,    0,    0,    0,    0,    0,    0,    0,    0,    0,    0,    0,    0,
       0,    0,    0,    0,    0,    0,    0,    0,    0,    0,    0,    0,    0,    0,    0,    0,    0,    0,    0,    0,    0,    0,   -7,    0,    0,    0,    0,    0,    0,    0,    0,    0,    0,    0,    0,    0,    0,    0,    0,    0,    0,    0,    0,    0,    0,    0,    0,    0,    0,    2,    0,    0,    0,    0,    0,    0,    0,
};

static const EpdLigaturePair quicksand_10_regularLigaturePairs[] = {
    { 0x00660069, 0xFB01 }, // f i -> U+FB01
    { 0x0066006C, 0xFB02 }, // f l -> U+FB02
};

static const EpdFontData quicksand_10_regular = {
    quicksand_10_regularBitmaps,
    quicksand_10_regularGlyphs,
    quicksand_10_regularIntervals,
    57,
    26,
    21,
    -6,
    false,
    nullptr,
    0,
    nullptr,
    quicksand_10_regularKernLeftClasses,
    quicksand_10_regularKernRightClasses,
    quicksand_10_regularKernMatrix,
    228,
    167,
    77,
    57,
    quicksand_10_regularLigaturePairs,
    2,
};
