/**
 * generated by fontconvert.py
 * name: quicksand_sb_12_bold
 * size: 12
 * mode: 1-bit
 * Command used: fontconvert.py quicksand_sb_12_bold 12 ../builtinFonts/source/Quicksand/Quicksand-Bold.ttf
 */
#pragma once
#include "EpdFontData.h"

static const uint8_t quicksand_sb_12_boldBitmaps[18580] = {
    0x67, 0xBD, 0xEF, 0x39, 0xCE, 0x73, 0x9C, 0xE2, 0x01, 0xDE, 0xF3, 0x80, 0x71, 0xCF, 0x79, 0xEF,
    0x39, 0xE7, 0x38, 0xE7, 0x18, 0xE3, 0x18, 0x03, 0x0C, 0x03, 0x87, 0x01, 0xC7, 0x80, 0xE3, 0xC3,
    0xFF, 0xF3, 0xFF, 0xFC, 0xFF, 0xFE, 0x1C, 0x38, 0x0E, 0x3C, 0x07, 0x1E, 0x07, 0x8F, 0x0F, 0xFF,
    0xC7, 0xFF, 0xF3, 0xFF, 0xF8, 0x71, 0xE0, 0x38, 0xF0, 0x3C, 0x70, 0x0C, 0x38, 0x00, 0x00, 0x00,
    0x38, 0x01, 0xE0, 0x3F, 0x83, 0xFF, 0x3F, 0xFF, 0xFF, 0xFE, 0xF6, 0xF7, 0x87, 0xBC, 0x3F, 0xE0,
    0xFF, 0xC3, 0xFF, 0x07, 0xFC, 0x1F, 0xE0, 0xFF, 0xC7, 0xFF, 0xBF, 0xFF, 0xFF, 0xFF, 0xE3, 0xFE,
    0x03, 0xC0, 0x1E, 0x00, 0xE0, 0x00, 0x00, 0x1E, 0x03, 0x03, 0xF0, 0x78, 0x7F, 0x87, 0x07, 0x38,
    0xF0, 0xF3, 0x9E, 0x0F, 0x39, 0xE0, 0x73, 0xBC, 0x07, 0xFF, 0x80, 0x7F, 0x7B, 0x83, 0xEF, 0x7E,
    0x01, 0xEF, 0xE0, 0x1F, 0xEF, 0x03, 0xDC, 0x70, 0x79, 0xC7, 0x07, 0x9C, 0x70, 0xF1, 0xEF, 0x0E,
    0x0F, 0xE0, 0xE0, 0x7C, 0x00, 0x01, 0x00, 0x03, 0xF0, 0x01, 0xFF, 0x00, 0xFF, 0xC0, 0x7C, 0x70,
    0x1E, 0x0C, 0x07, 0x80, 0x01, 0xF0, 0x00, 0x3E, 0x00, 0x3F, 0xC6, 0x1F, 0xF9, 0xC7, 0x9F, 0xF1,
    0xC3, 0xFC, 0xF0, 0x7E, 0x3C, 0x0F, 0x87, 0x83, 0xF1, 0xFF, 0xFE, 0x3F, 0xFF, 0x87, 0xF8, 0xE0,
    0x38, 0x00, 0x73, 0xDE, 0xE7, 0x39, 0x8C, 0x03, 0x03, 0xC3, 0xE3, 0xE3, 0xE1, 0xE1, 0xE0, 0xF0,
    0x78, 0x38, 0x3C, 0x1E, 0x0F, 0x03, 0x81, 0xE0, 0xF0, 0x78, 0x1E, 0x0F, 0x83, 0xE0, 0xF8, 0x3C,
    0x0C, 0x60, 0x78, 0x3E, 0x0F, 0x83, 0xE0, 0xF0, 0x3C, 0x1E, 0x0F, 0x03, 0x81, 0xE0, 0xF0, 0x78,
    0x38, 0x3C, 0x1E, 0x0F, 0x0F, 0x0F, 0x8F, 0x8F, 0x87, 0x81, 0x80, 0x08, 0x0E, 0x1F, 0xCF, 0xE3,
    0xE3, 0xF9, 0xBC, 0x38, 0x08, 0x00, 0x07, 0x00, 0x78, 0x03, 0xC0, 0x1E, 0x00, 0xF0, 0x7F, 0xFF,
    0xFF, 0xFF, 0xFF, 0x0F, 0x80, 0x78, 0x03, 0xC0, 0x1E, 0x00, 0x70, 0x00, 0x7B, 0xFF, 0xC7, 0x79,
    0xE6, 0x00, 0x3C, 0xFF, 0xFF, 0xFF, 0x6F, 0xFF, 0x00, 0x00, 0x00, 0x70, 0x03, 0xC0, 0x0E, 0x00,
    0x78, 0x01, 0xC0, 0x0F, 0x00, 0x38, 0x01, 0xE0, 0x07, 0x00, 0x3C, 0x00, 0xE0, 0x07, 0x80, 0x1E,
    0x00, 0xF0, 0x03, 0xC0, 0x1E, 0x00, 0x78, 0x03, 0xC0, 0x0F, 0x00, 0x38, 0x01, 0xE0, 0x07, 0x00,
    0x3C, 0x00, 0x60, 0x00, 0x0F, 0xC0, 0xFF, 0x87, 0xFF, 0x1F, 0xFC, 0xF8, 0x7B, 0xC1, 0xEF, 0x07,
    0xBC, 0x0F, 0xF0, 0x3F, 0xC0, 0xFF, 0x03, 0xFC, 0x0F, 0xF0, 0x7B, 0xC1, 0xE7, 0x8F, 0x9F, 0xFC,
    0x3F, 0xE0, 0x7F, 0x00, 0x70, 0x00, 0x06, 0x1F, 0x3F, 0xFF, 0xFF, 0xFF, 0x0F, 0x0F, 0x0F, 0x0F,
    0x0F, 0x0F, 0x0F, 0x0F, 0x0F, 0x0F, 0x0F, 0x0F, 0x1F, 0x83, 0xFC, 0x7F, 0xEF, 0x9E, 0xF0, 0xF6,
    0x0F, 0x00, 0xF0, 0x0F, 0x01, 0xE0, 0x3E, 0x07, 0xC0, 0xF8, 0x1F, 0x03, 0xE0, 0x7C, 0x07, 0xFF,
    0xFF, 0xFF, 0xFF, 0x7F, 0xCF, 0xFE, 0xFF, 0xE7, 0xFC, 0x07, 0x80, 0xF0, 0x1F, 0x03, 0xF8, 0x3F,
    0xC3, 0xFE, 0x01, 0xE0, 0x0F, 0x00, 0xF0, 0x0F, 0x61, 0xEF, 0xFE, 0xFF, 0xC7, 0xF8, 0x1C, 0x00,
    0x00, 0x60, 0x01, 0xE0, 0x07, 0xC0, 0x1F, 0x80, 0x7F, 0x01, 0xFE, 0x03, 0xFC, 0x0F, 0x78, 0x3C,
    0xF0, 0xF1, 0xE3, 0xFF, 0xF7, 0xFF, 0xEF, 0xFF, 0xCF, 0xFF, 0x00, 0x3C, 0x00, 0x78, 0x00, 0xF0,
    0x01, 0xC0, 0x3F, 0xE7, 0xFF, 0x7F, 0xF7, 0xFE, 0x70, 0x07, 0x00, 0xFF, 0x8F, 0xFC, 0xFF, 0xE7,
    0x9F, 0x00, 0xF0, 0x0F, 0x00, 0xF0, 0x0F, 0x61, 0xFF, 0xFE, 0xFF, 0xE7, 0xF8, 0x0E, 0x00, 0x01,
    0xC0, 0x7C, 0x0F, 0xC1, 0xF8, 0x3E, 0x07, 0xC0, 0x7F, 0x07, 0xFC, 0xFF, 0xEF, 0xFF, 0xF0, 0xFF,
    0x0F, 0xF0, 0x7F, 0x0F, 0xF8, 0xF7, 0xFE, 0x3F, 0xE1, 0xFC, 0x06, 0x00, 0x7F, 0xE7, 0xFF, 0xBF,
    0xFC, 0xFF, 0xE0, 0x0F, 0x00, 0xF0, 0x07, 0x80, 0x78, 0x03, 0xC0, 0x3C, 0x01, 0xE0, 0x1E, 0x00,
    0xF0, 0x0F, 0x00, 0x78, 0x07, 0xC0, 0x3C, 0x01, 0xE0, 0x00, 0x00, 0x0F, 0x03, 0xFC, 0x7F, 0xEF,
    0xFE, 0xF0, 0xFF, 0x0F, 0xF0, 0xF7, 0xBE, 0x7F, 0xC7, 0xFE, 0xFF, 0xEF, 0x0F, 0xE0, 0xFF, 0x0F,
    0xF1, 0xFF, 0xFE, 0x7F, 0xC1, 0xF8, 0x1F, 0x83, 0xFC, 0x7F, 0xEF, 0x9F, 0xF0, 0xFF, 0x0F, 0xF0,
    0xFF, 0x0F, 0xF9, 0xF7, 0xFF, 0x3F, 0xF1, 0xFF, 0x01, 0xE0, 0x3E, 0x07, 0xC1, 0xF8, 0x3F, 0x03,
    0xE0, 0x18, 0x00, 0x23, 0xBC, 0xE2, 0x00, 0x00, 0x00, 0x1D, 0xEF, 0x38, 0x31, 0xE7, 0x9E, 0x30,
    0x00, 0x00, 0x00, 0x00, 0x1E, 0xFB, 0xF3, 0x9E, 0x71, 0x80, 0x00, 0x60, 0x0F, 0x03, 0xF0, 0xFE,
    0x3F, 0x87, 0xF0, 0xFC, 0x0F, 0xE0, 0x3F, 0x01, 0xFC, 0x07, 0xF0, 0x1F, 0x00, 0xF0, 0x02, 0x00,
    0x03, 0xFF, 0xEF, 0xFF, 0xFF, 0xFE, 0x00, 0x01, 0xFF, 0xCF, 0xFF, 0xBF, 0xFF, 0x7F, 0xF8, 0xE0,
    0x0F, 0x80, 0xFE, 0x07, 0xF0, 0x1F, 0xC0, 0x7E, 0x03, 0xF0, 0x7F, 0x0F, 0xC3, 0xF8, 0xFE, 0x0F,
    0x80, 0xE0, 0x00, 0x0F, 0x01, 0xFE, 0x1F, 0xF9, 0xFF, 0xE7, 0x0F, 0x00, 0x38, 0x01, 0xC0, 0x0E,
    0x00, 0xF0, 0x7F, 0x83, 0xF8, 0x1F, 0x80, 0xE0, 0x07, 0x00, 0x38, 0x01, 0xC0, 0x0E, 0x00, 0xF0,
    0x03, 0x80, 0x00, 0x7F, 0x80, 0x07, 0xFF, 0xC0, 0x1F, 0xFF, 0xC0, 0x78, 0x03, 0xC1, 0xE0, 0x03,
    0xC7, 0x0F, 0x73, 0x9C, 0x7F, 0xE3, 0x38, 0xFF, 0xC6, 0xE3, 0xC7, 0x8D, 0xCF, 0x0E, 0x1B, 0x9E,
    0x1C, 0x76, 0x38, 0x78, 0xEC, 0x70, 0xF1, 0xD8, 0xF3, 0xE7, 0x39, 0xFF, 0xFC, 0x71, 0xFF, 0xF0,
    0xE1, 0xE3, 0xC0, 0xE0, 0x00, 0x01, 0xE0, 0x0C, 0x01, 0xF0, 0x7C, 0x01, 0xFF, 0xF0, 0x00, 0xFF,
    0x80, 0x00, 0x00, 0x00, 0x00, 0x01, 0x80, 0x03, 0xC0, 0x03, 0xC0, 0x07, 0xE0, 0x07, 0xE0, 0x0F,
    0xF0, 0x0F, 0xF0, 0x0E, 0xF0, 0x1E, 0x78, 0x1E, 0x78, 0x3C, 0x3C, 0x3F, 0xFC, 0x3F, 0xFC, 0x7F,
    0xFE, 0x78, 0x1E, 0xF0, 0x0F, 0xF0, 0x0F, 0xE0, 0x07, 0x00, 0x00, 0x7F, 0xE0, 0xFF, 0xF3, 0xFF,
    0xE7, 0xFF, 0xEF, 0x83, 0xDF, 0x07, 0xBE, 0x1F, 0x7F, 0xFC, 0xFF, 0xF9, 0xFF, 0xFB, 0xFF, 0xF7,
    0xC0, 0xFF, 0x81, 0xFF, 0x03, 0xFE, 0x0F, 0xFF, 0xFE, 0x7F, 0xF8, 0xFF, 0xE0, 0x03, 0xF0, 0x1F,
    0xF8, 0xFF, 0xF1, 0xFF, 0xE7, 0xC0, 0x9F, 0x00, 0x3C, 0x00, 0x78, 0x00, 0xF0, 0x01, 0xE0, 0x03,
    0xC0, 0x07, 0x80, 0x0F, 0x00, 0x1F, 0x00, 0x1F, 0x87, 0x1F, 0xFE, 0x1F, 0xFC, 0x1F, 0xF0, 0x07,
    0x00, 0x7F, 0xE0, 0x7F, 0xF8, 0xFF, 0xFC, 0xFF, 0xFE, 0xF0, 0x3E, 0xF0, 0x1F, 0xF0, 0x0F, 0xF0,
    0x0F, 0xF0, 0x0F, 0xF0, 0x0F, 0xF0, 0x0F, 0xF0, 0x0F, 0xF0, 0x0F, 0xF0, 0x1E, 0xF0, 0x3E, 0xFF,
    0xFC, 0x7F, 0xF8, 0x7F, 0xF0, 0x7F, 0xF3, 0xFF, 0xFF, 0xFF, 0xFF, 0xEF, 0x00, 0x78, 0x03, 0xC0,
    0x1F, 0xFC, 0xFF, 0xE7, 0xFF, 0x3F, 0xF9, 0xE0, 0x0F, 0x00, 0x78, 0x03, 0xC0, 0x1F, 0xFE, 0x7F,
    0xFB, 0xFF, 0x80, 0x7F, 0xF3, 0xFF, 0xBF, 0xFD, 0xFF, 0xCF, 0x00, 0x78, 0x03, 0xC0, 0x1F, 0xF8,
    0xFF, 0xE7, 0xFF, 0x3F, 0xF9, 0xE0, 0x0F, 0x00, 0x78, 0x03, 0xC0, 0x1E, 0x00, 0x70, 0x03, 0x80,
    0x00, 0x03, 0xF8, 0x0F, 0xFC, 0x1F, 0xFE, 0x3F, 0xFC, 0x7C, 0x00, 0xF8, 0x00, 0xF0, 0x00, 0xF0,
    0x00, 0xF0, 0x7E, 0xF0, 0xFF, 0xF0, 0xFF, 0xF0, 0x7F, 0xF8, 0x0F, 0x7C, 0x0F, 0x7E, 0x0F, 0x3F,
    0xFF, 0x1F, 0xFE, 0x07, 0xFC, 0x00, 0xE0, 0x70, 0x0E, 0x70, 0x0E, 0xF0, 0x0E, 0xF0, 0x0E, 0xF0,
    0x0E, 0xF0, 0x0E, 0xF0, 0x0E, 0xFF, 0xFE, 0xFF, 0xFE, 0xFF, 0xFE, 0xFF, 0xFE, 0xF0, 0x0E, 0xF0,
    0x0E, 0xF0, 0x0E, 0xF0, 0x0E, 0xF0, 0x0E, 0x70, 0x0E, 0x70, 0x0E, 0x77, 0xFF, 0xFF, 0xFF, 0xFF,
    0xFF, 0xFF, 0xFF, 0x77, 0x00, 0xE0, 0x1C, 0x07, 0x80, 0xF0, 0x1E, 0x03, 0xC0, 0x78, 0x0F, 0x01,
    0xE0, 0x3C, 0x07, 0x80, 0xF0, 0x1E, 0x83, 0xFC, 0xFF, 0xFE, 0xFF, 0xCF, 0xF0, 0x30, 0x00, 0x70,
    0x0C, 0xE0, 0x3F, 0xC0, 0xFF, 0x83, 0xEF, 0x0F, 0x9E, 0x3E, 0x3C, 0xF8, 0x7B, 0xE0, 0xFF, 0x81,
    0xFF, 0x83, 0xFF, 0x87, 0xEF, 0x8F, 0x8F, 0x9E, 0x1F, 0x3C, 0x1F, 0x78, 0x1F, 0x70, 0x1E, 0xE0,
    0x3C, 0x70, 0x03, 0x80, 0x3C, 0x01, 0xE0, 0x0F, 0x00, 0x78, 0x03, 0xC0, 0x1E, 0x00, 0xF0, 0x07,
    0x80, 0x3C, 0x01, 0xE0, 0x0F, 0x00, 0x78, 0x03, 0xC0, 0x1F, 0xFE, 0x7F, 0xF3, 0xFF, 0x80, 0x70,
    0x01, 0x9C, 0x00, 0xFF, 0x80, 0x7F, 0xF0, 0x1F, 0xFC, 0x0F, 0xFF, 0x87, 0xFF, 0xF1, 0xFF, 0xFC,
    0xFF, 0xF7, 0xFF, 0xFD, 0xFE, 0xFF, 0x3F, 0x3F, 0xC7, 0xCF, 0xF1, 0xE3, 0xFC, 0x30, 0xFF, 0x00,
    0x3F, 0xC0, 0x0F, 0x70, 0x03, 0xDC, 0x00, 0xF0, 0x70, 0x06, 0x70, 0x0F, 0xF8, 0x0F, 0xFC, 0x0F,
    0xFE, 0x0F, 0xFF, 0x0F, 0xFF, 0x0F, 0xFF, 0x8F, 0xF7, 0xCF, 0xF3, 0xEF, 0xF1, 0xFF, 0xF0, 0xFF,
    0xF0, 0xFF, 0xF0, 0x7F, 0xF0, 0x3F, 0xF0, 0x1F, 0x70, 0x1F, 0x70, 0x0F, 0x07, 0xF0, 0x0F, 0xFE,
    0x0F, 0xFF, 0x8F, 0xFF, 0xE7, 0xC1, 0xF7, 0xC0, 0x7F, 0xC0, 0x1F, 0xE0, 0x0F, 0xF0, 0x07, 0xF8,
    0x03, 0xFC, 0x01, 0xFE, 0x00, 0xFF, 0x00, 0x7B, 0xC0, 0x79, 0xF8, 0xFC, 0x7F, 0xFC, 0x1F, 0xFC,
    0x07, 0xFC, 0x00, 0x70, 0x00, 0x7F, 0xC1, 0xFF, 0x8F, 0xFF, 0x3F, 0xFE, 0xF0, 0x7B, 0xC0, 0xEF,
    0x03, 0xBC, 0x1E, 0xF0, 0xFB, 0xFF, 0xCF, 0xFF, 0x3F, 0xF0, 0xF0, 0x03, 0xC0, 0x0F, 0x00, 0x3C,
    0x00, 0x70, 0x01, 0xC0, 0x00, 0x07, 0xF0, 0x03, 0xFF, 0x80, 0xFF, 0xF8, 0x3F, 0xFF, 0x87, 0xC1,
    0xF1, 0xF0, 0x1F, 0x3C, 0x01, 0xE7, 0x80, 0x3C, 0xF0, 0x07, 0x9E, 0x00, 0xF3, 0xC0, 0x1E, 0x78,
    0x03, 0xCF, 0x00, 0x78, 0xF0, 0x1E, 0x1F, 0x8F, 0xC1, 0xFF, 0xF0, 0x1F, 0xFC, 0x01, 0xFF, 0x00,
    0x3F, 0x03, 0x0F, 0xF8, 0xF1, 0xFF, 0xFE, 0x3F, 0xFF, 0x80, 0x0F, 0xE0, 0x7F, 0xE0, 0x7F, 0xF8,
    0xFF, 0xFC, 0xFF, 0xFC, 0xF0, 0x1E, 0xF0, 0x1E, 0xF0, 0x1E, 0xF0, 0x1E, 0xF0, 0x3C, 0xFF, 0xF8,
    0xFF, 0xF8, 0xFF, 0xFC, 0xF0, 0x3C, 0xF0, 0x1C, 0xF0, 0x1C, 0xF0, 0x1E, 0x70, 0x1F, 0x70, 0x0E,
    0x00, 0x00, 0x1F, 0xC1, 0xFF, 0x9F, 0xFF, 0xFF, 0xFF, 0x03, 0x78, 0x03, 0xC0, 0x1F, 0xC0, 0x7F,
    0xE1, 0xFF, 0x83, 0xFE, 0x01, 0xF0, 0x07, 0xE0, 0x3F, 0xC1, 0xFF, 0xFF, 0xFF, 0xF1, 0xFF, 0x01,
    0xC0, 0x7F, 0xFF, 0xFF, 0xFF, 0xFF, 0xFB, 0xFF, 0xE0, 0x3C, 0x00, 0x78, 0x00, 0xF0, 0x01, 0xE0,
    0x03, 0xC0, 0x07, 0x80, 0x0F, 0x00, 0x1E, 0x00, 0x3C, 0x00, 0x78, 0x00, 0xF0, 0x01, 0xE0, 0x03,
    0xC0, 0x07, 0x00, 0x70, 0x0C, 0xE0, 0x1F, 0xC0, 0x3F, 0x80, 0x7F, 0x00, 0xFE, 0x01, 0xFC, 0x03,
    0xF8, 0x07, 0xF0, 0x0F, 0xE0, 0x1F, 0xC0, 0x3B, 0x80, 0xF7, 0x81, 0xEF, 0x03, 0xDF, 0x9F, 0x1F,
    0xFE, 0x1F, 0xF8, 0x1F, 0xE0, 0x00, 0x00, 0x60, 0x03, 0x78, 0x03, 0xBE, 0x03, 0xCF, 0x01, 0xE7,
    0x80, 0xF1, 0xE0, 0xF0, 0xF0, 0x78, 0x3C, 0x38, 0x1E, 0x3C, 0x0F, 0x1C, 0x03, 0xDE, 0x01, 0xEF,
    0x00, 0x7F, 0x00, 0x3F, 0x80, 0x0F, 0x80, 0x07, 0xC0, 0x03, 0xC0, 0x00, 0xE0, 0x00, 0x60, 0x00,
    0x0E, 0xF0, 0x00, 0x0E, 0xF0, 0x00, 0x1E, 0xF8, 0x00, 0x1E, 0x78, 0x38, 0x1E, 0x78, 0x3C, 0x3C,
    0x7C, 0x7C, 0x3C, 0x3C, 0x7E, 0x3C, 0x3C, 0x7E, 0x78, 0x3E, 0xFF, 0x78, 0x1E, 0xFF, 0x78, 0x1F,
    0xE7, 0xF0, 0x1F, 0xE7, 0xF0, 0x0F, 0xC7, 0xF0, 0x0F, 0xC3, 0xE0, 0x07, 0x83, 0xE0, 0x07, 0x81,
    0xE0, 0x07, 0x01, 0xC0, 0x60, 0x0D, 0xE0, 0x3F, 0xC0, 0xF3, 0xC3, 0xE7, 0xC7, 0x87, 0xDE, 0x07,
    0xFC, 0x07, 0xF0, 0x0F, 0xC0, 0x0F, 0x80, 0x3F, 0x00, 0xFF, 0x03, 0xFF, 0x07, 0x9F, 0x1E, 0x1E,
    0x7C, 0x1E, 0xF0, 0x3F, 0xC0, 0x38, 0x00, 0x00, 0x60, 0x0D, 0xE0, 0x3F, 0xE0, 0xFB, 0xC1, 0xE7,
    0xC7, 0xC7, 0xDF, 0x07, 0xFC, 0x07, 0xF0, 0x0F, 0xE0, 0x0F, 0x80, 0x0E, 0x00, 0x1C, 0x00, 0x38,
    0x00, 0x70, 0x00, 0xE0, 0x01, 0xC0, 0x03, 0x80, 0x07, 0x00, 0x3F, 0xFE, 0x3F, 0xFF, 0x3F, 0xFF,
    0x1F, 0xFE, 0x00, 0x7C, 0x00, 0x78, 0x00, 0xF8, 0x01, 0xF0, 0x03, 0xE0, 0x07, 0xC0, 0x07, 0xC0,
    0x0F, 0x80, 0x1F, 0x00, 0x3E, 0x00, 0x3C, 0x00, 0x7F, 0xFE, 0x7F, 0xFE, 0x7F, 0xFE, 0xFE, 0xFF,
    0xFF, 0xE0, 0xE0, 0xE0, 0xE0, 0xE0, 0xE0, 0xE0, 0xE0, 0xE0, 0xE0, 0xE0, 0xE0, 0xE0, 0xE0, 0xE0,
    0xE0, 0xE0, 0xFF, 0xFF, 0xFF, 0x00, 0x01, 0x80, 0x0F, 0x00, 0x1C, 0x00, 0x78, 0x00, 0xE0, 0x03,
    0xC0, 0x07, 0x00, 0x1E, 0x00, 0x38, 0x00, 0xF0, 0x01, 0xC0, 0x07, 0x80, 0x0E, 0x00, 0x3C, 0x00,
    0x70, 0x01, 0xE0, 0x03, 0x80, 0x0F, 0x00, 0x1C, 0x00, 0x78, 0x00, 0xE0, 0x03, 0xC0, 0x07, 0x00,
    0x18, 0x7F, 0x7F, 0xFF, 0xE0, 0xF0, 0x78, 0x3C, 0x1E, 0x0F, 0x07, 0x83, 0xC1, 0xE0, 0xF0, 0x78,
    0x3C, 0x1E, 0x0F, 0x07, 0x83, 0xC1, 0xE0, 0xF7, 0xFF, 0xFF, 0xFC, 0x07, 0x80, 0x3F, 0x01, 0xFC,
    0x07, 0xF8, 0x3F, 0xE1, 0xF3, 0xC7, 0x8F, 0xBE, 0x1E, 0xF0, 0x7F, 0x80, 0xE0, 0x00, 0x00, 0x7F,
    0xFE, 0xFF, 0xFF, 0xFF, 0xFF, 0x43, 0xCF, 0x9F, 0x1C, 0x0F, 0x38, 0xFF, 0xE7, 0xFF, 0x9F, 0xFE,
    0xF0, 0x7B, 0xC1, 0xEE, 0x03, 0xB8, 0x0E, 0xE0, 0x3B, 0xC1, 0xEF, 0x8F, 0x9F, 0xFE, 0x7F, 0xF8,
    0x7E, 0xE0, 0x60, 0x00, 0x60, 0x03, 0xC0, 0x0F, 0x00, 0x3C, 0x00, 0xF0, 0x03, 0xDF, 0x0F, 0xFF,
    0x3F, 0xFE, 0xFF, 0xFB, 0xE1, 0xFF, 0x03, 0xFC, 0x0F, 0xF0, 0x3F, 0xC0, 0xFF, 0x03, 0xFE, 0x1E,
    0xFF, 0xFB, 0xFF, 0xCF, 0xFE, 0x08, 0x60, 0x0F, 0xC3, 0xFE, 0x7F, 0xF7, 0xFF, 0xF0, 0x0F, 0x00,
    0xE0, 0x0E, 0x00, 0xF0, 0x0F, 0x00, 0xF8, 0x67, 0xFF, 0x7F, 0xF1, 0xFE, 0x07, 0x00, 0x00, 0x38,
    0x00, 0xE0, 0x03, 0x80, 0x0E, 0x00, 0x38, 0x3C, 0xE3, 0xFF, 0x9F, 0xFE, 0x7F, 0xFB, 0xC1, 0xEF,
    0x07, 0xB8, 0x0E, 0xE0, 0x3B, 0x80, 0xEF, 0x07, 0xBE, 0x3E, 0x7F, 0xF9, 0xFF, 0xE1, 0xFB, 0x81,
    0x80, 0x0F, 0x81, 0xFE, 0x1F, 0xF8, 0xFF, 0xEF, 0x07, 0xFF, 0xFF, 0xFF, 0xFF, 0xFF, 0xFF, 0xF7,
    0x80, 0x3E, 0x1C, 0xFF, 0xE3, 0xFF, 0x0F, 0xF0, 0x1C, 0x00, 0x03, 0xC1, 0xFC, 0x3F, 0x8F, 0xE1,
    0xE0, 0x7E, 0x1F, 0xF7, 0xFE, 0x7F, 0xC3, 0xC0, 0x78, 0x0F, 0x01, 0xE0, 0x3C, 0x07, 0x80, 0xF0,
    0x1E, 0x03, 0xC0, 0x78, 0x00, 0x0F, 0x98, 0xFF, 0xF7, 0xFF, 0xDF, 0xFF, 0xF0, 0x7F, 0xC0, 0xFE,
    0x03, 0xF8, 0x0F, 0xE0, 0x3F, 0xC0, 0xFF, 0x87, 0xDF, 0xFF, 0x3F, 0xFC, 0x7E, 0xF0, 0x63, 0xCE,
    0x1E, 0x7F, 0xF9, 0xFF, 0xC3, 0xFE, 0x00, 0x60, 0x07, 0x80, 0x3C, 0x01, 0xE0, 0x0F, 0x00, 0x79,
    0xE3, 0xFF, 0x9F, 0xFE, 0xFF, 0xF7, 0x87, 0xBC, 0x1D, 0xE0, 0xEF, 0x07, 0x78, 0x3B, 0xC1, 0xDE,
    0x0E, 0xF0, 0x77, 0x83, 0x9C, 0x1C, 0xFF, 0xF0, 0x6F, 0xFF, 0xFF, 0xFF, 0xFF, 0xFF, 0xFF, 0x1C,
    0x38, 0x70, 0x00, 0x83, 0x87, 0x0E, 0x1C, 0x38, 0x70, 0xE1, 0xC3, 0x87, 0x0E, 0x1C, 0x38, 0x71,
    0xEF, 0xDF, 0x3C, 0x00, 0x60, 0x03, 0x80, 0x3C, 0x01, 0xE0, 0x0F, 0x00, 0x78, 0x33, 0xC3, 0xDE,
    0x3E, 0xF3, 0xE7, 0xBE, 0x3F, 0xE1, 0xFE, 0x0F, 0xF8, 0x7F, 0xE3, 0xFF, 0x9E, 0x7C, 0xF1, 0xF3,
    0x87, 0xDC, 0x1C, 0x67, 0xFF, 0xFF, 0xFF, 0xFF, 0xFF, 0xFF, 0xFF, 0xF7, 0x70, 0x63, 0xC3, 0xC7,
    0xFF, 0x3F, 0xBF, 0xFF, 0xFD, 0xFF, 0xFF, 0xFF, 0x0F, 0x87, 0xF8, 0x38, 0x3F, 0xC1, 0xC1, 0xFE,
    0x0E, 0x0F, 0xF0, 0x70, 0x7F, 0x83, 0x83, 0xFC, 0x1C, 0x1F, 0xE0, 0xE0, 0xFF, 0x07, 0x07, 0xB8,
    0x38, 0x38, 0x63, 0xC7, 0xFF, 0x3F, 0xFD, 0xFF, 0xEF, 0x07, 0xF8, 0x3F, 0xC1, 0xFE, 0x0F, 0xF0,
    0x7F, 0x83, 0xFC, 0x1F, 0xE0, 0xFF, 0x07, 0xB8, 0x38, 0x0F, 0x80, 0xFF, 0x87, 0xFF, 0x1F, 0xFE,
    0xF0, 0x7B, 0xC0, 0xFE, 0x03, 0xF8, 0x0F, 0xF0, 0x3F, 0xC0, 0xFF, 0x87, 0x9F, 0xFE, 0x3F, 0xF0,
    0x7F, 0x80, 0x70, 0x00, 0x67, 0xC3, 0xFF, 0xCF, 0xFF, 0xBF, 0xFE, 0xF8, 0x7F, 0xC0, 0xFF, 0x03,
    0xFC, 0x0F, 0xF0, 0x3F, 0xC0, 0xFF, 0x87, 0xBF, 0xFE, 0xFF, 0xF3, 0xFF, 0x8F, 0x18, 0x3C, 0x00,
    0xF0, 0x03, 0xC0, 0x07, 0x00, 0x00, 0x0F, 0x10, 0xFF, 0xE7, 0xFF, 0x9F, 0xFE, 0xF0, 0x7B, 0xC1,
    0xEE, 0x03, 0xB8, 0x0E, 0xE0, 0x3B, 0xC1, 0xEF, 0x8F, 0x9F, 0xFE, 0x7F, 0xF8, 0x7E, 0xE0, 0x63,
    0x80, 0x0E, 0x00, 0x38, 0x00, 0xE0, 0x03, 0x80, 0x67, 0xBF, 0xFF, 0xFF, 0xF6, 0xF0, 0x3C, 0x0F,
    0x03, 0xC0, 0xF0, 0x3C, 0x0F, 0x03, 0xC0, 0xF0, 0x1C, 0x00, 0x0F, 0x83, 0xFC, 0x7F, 0xE7, 0x9E,
    0x70, 0x47, 0xC0, 0x7F, 0x83, 0xFE, 0x0F, 0xE0, 0x1E, 0xF0, 0xFF, 0xFE, 0x7F, 0xE3, 0xFC, 0x06,
    0x00, 0x08, 0x07, 0x01, 0xC0, 0xF8, 0xFF, 0xBF, 0xE7, 0xF8, 0x70, 0x1C, 0x07, 0x01, 0xC0, 0x70,
    0x1C, 0x07, 0x01, 0xF8, 0x7E, 0x0F, 0x80, 0x60, 0x27, 0x83, 0xBC, 0x1D, 0xE0, 0xEF, 0x07, 0x78,
    0x3B, 0xC1, 0xDE, 0x0E, 0xF0, 0x77, 0x83, 0x9E, 0x3C, 0xFF, 0xE7, 0xFE, 0x1F, 0xE0, 0x1C, 0x00,
    0x60, 0x1B, 0xC0, 0xFF, 0x03, 0xDE, 0x1E, 0x78, 0x78, 0xF3, 0xC3, 0xCF, 0x07, 0xB8, 0x1F, 0xE0,
    0x3F, 0x00, 0xFC, 0x03, 0xF0, 0x07, 0x80, 0x1E, 0x00, 0x00, 0x00, 0x60, 0x00, 0xCE, 0x00, 0x3F,
    0xC1, 0x87, 0xBC, 0x71, 0xE7, 0x8F, 0x3C, 0xF3, 0xE7, 0x8F, 0x7D, 0xE1, 0xFF, 0xFC, 0x1F, 0xBF,
    0x83, 0xF7, 0xE0, 0x7E, 0xFC, 0x07, 0x8F, 0x00, 0xF1, 0xE0, 0x0E, 0x1C, 0x00, 0x00, 0x00, 0x60,
    0x6F, 0x0F, 0xF8, 0xF7, 0x9E, 0x7F, 0xE3, 0xFC, 0x1F, 0x80, 0xF8, 0x1F, 0x83, 0xFC, 0x7F, 0xE7,
    0x9F, 0xF0, 0xFE, 0x07, 0x00, 0x00, 0x60, 0x27, 0x83, 0xBC, 0x1D, 0xE0, 0xEF, 0x07, 0x78, 0x3B,
    0xC1, 0xDE, 0x0E, 0xF0, 0x77, 0x83, 0xBE, 0x3C, 0xFF, 0xE7, 0xFF, 0x1F, 0xF8, 0x33, 0xC6, 0x1E,
    0x7F, 0xF3, 0xFF, 0x0F, 0xE0, 0x1F, 0xC7, 0xFF, 0x7F, 0xF7, 0xFE, 0x03, 0xE0, 0x7C, 0x07, 0x80,
    0xF0, 0x1E, 0x03, 0xE0, 0x7C, 0x07, 0xFE, 0xFF, 0xF7, 0xFF, 0x01, 0x81, 0xF0, 0xFC, 0x3C, 0x1E,
    0x07, 0x81, 0xE0, 0x78, 0x1E, 0x07, 0x87, 0xC3, 0xE0, 0xFC, 0x0F, 0x81, 0xE0, 0x78, 0x1E, 0x07,
    0x81, 0xE0, 0x78, 0x0F, 0x83, 0xF0, 0x3C, 0x00, 0x07, 0xFF, 0xFF, 0xFF, 0xFF, 0xFF, 0xFF, 0xFF,
    0xFF, 0xFF, 0xFF, 0xFF, 0x00, 0x60, 0x3E, 0x0F, 0xC0, 0xF0, 0x1E, 0x07, 0x81, 0xE0, 0x78, 0x1E,
    0x07, 0x80, 0xF8, 0x1F, 0x0F, 0xC7, 0xC1, 0xE0, 0x78, 0x1E, 0x07, 0x81, 0xE0, 0x78, 0x7C, 0x3F,
    0x0F, 0x00, 0x00, 0x10, 0x6F, 0xE6, 0xFF, 0xFF, 0xFE, 0xE7, 0xE4, 0x00, 0x77, 0xBC, 0xE0, 0x01,
    0x8E, 0x73, 0x9C, 0xE7, 0x3B, 0xDE, 0xF3, 0x80, 0x03, 0x80, 0x3C, 0x03, 0xF8, 0x3F, 0xE3, 0xFF,
    0xBF, 0xF9, 0xEE, 0x0E, 0x70, 0x73, 0x83, 0x9C, 0x1C, 0xE0, 0xF7, 0x07, 0xFB, 0x1F, 0xFC, 0x7F,
    0xC1, 0xFC, 0x07, 0x80, 0x1C, 0x00, 0x07, 0xE0, 0x0F, 0xF8, 0x1F, 0xF8, 0x3F, 0xF8, 0x3C, 0x30,
    0x3C, 0x00, 0x3C, 0x00, 0x7F, 0xC0, 0xFF, 0xE0, 0x7F, 0xE0, 0x1E, 0x00, 0x1E, 0x00, 0x0E, 0x00,
    0x1E, 0x00, 0x3E, 0x00, 0xFF, 0xFE, 0xFF, 0xFE, 0xFF, 0xFE, 0x00, 0x78, 0x20, 0x07, 0x7F, 0xFF,
    0xF7, 0xFF, 0x7F, 0xE7, 0x9E, 0x78, 0xE7, 0x9E, 0x7F, 0xEF, 0xFF, 0xFF, 0xF7, 0x27, 0x00, 0x00,
    0x60, 0x0D, 0xE0, 0x3F, 0xE0, 0x7B, 0xC1, 0xE7, 0xC7, 0xC7, 0xCF, 0x07, 0xBC, 0x07, 0xF8, 0x0F,
    0xE0, 0x7F, 0xF0, 0xFF, 0xE0, 0xFF, 0xC1, 0xFF, 0x87, 0xFF, 0x0F, 0xFE, 0x07, 0xF8, 0x03, 0xC0,
    0x07, 0x00, 0x07, 0xFF, 0xFF, 0xFF, 0xFF, 0x70, 0x00, 0x7F, 0xFF, 0xFF, 0xFF, 0xF7, 0x00, 0x07,
    0xE0, 0x7F, 0xC1, 0xFF, 0x8F, 0xBE, 0x3C, 0x30, 0xF0, 0x03, 0xF8, 0x0F, 0xFC, 0x7F, 0xF9, 0xFF,
    0xE7, 0x8F, 0xDE, 0x0F, 0x7F, 0xF9, 0xFF, 0xE3, 0xFF, 0x03, 0xFE, 0x60, 0xFB, 0xC1, 0xEF, 0xFF,
    0x1F, 0xFC, 0x3F, 0xE0, 0x3E, 0x00, 0xF7, 0x7B, 0xFD, 0xE0, 0x03, 0xF8, 0x00, 0xFF, 0xC0, 0x7E,
    0xFC, 0x1E, 0x03, 0xC3, 0x9F, 0x9C, 0xE7, 0xFB, 0x9D, 0xFE, 0x3B, 0x38, 0x07, 0xEE, 0x00, 0xFD,
    0xC0, 0x0F, 0xBC, 0x03, 0xB3, 0x80, 0x77, 0x7F, 0xCE, 0xE7, 0xFB, 0x8E, 0x3E, 0xE0, 0xF0, 0x7C,
    0x0F, 0xFF, 0x00, 0xFF, 0x80, 0x03, 0x80, 0x00, 0x00, 0x3F, 0xFF, 0xFE, 0xFE, 0x3F, 0x1F, 0xDF,
    0xFF, 0x7F, 0x88, 0x00, 0x1C, 0x61, 0xCF, 0x3D, 0xE7, 0x9E, 0xF3, 0xCF, 0x38, 0xFB, 0xC7, 0x9E,
    0x3D, 0xE1, 0xCF, 0x1C, 0x60, 0xFF, 0xFF, 0xFF, 0xFF, 0xFF, 0xFB, 0xFF, 0xF0, 0x01, 0xE0, 0x03,
    0xC0, 0x07, 0x80, 0x07, 0x3C, 0xFF, 0xFF, 0xFF, 0x0F, 0x83, 0xFC, 0x70, 0xE6, 0xF7, 0xFF, 0xBD,
    0xF3, 0xDF, 0x3F, 0xF3, 0x79, 0xE7, 0x9E, 0x3F, 0xC0, 0xF0, 0x7F, 0x7F, 0xFF, 0xE0, 0x1E, 0x1F,
    0xC7, 0xFB, 0xCE, 0xE3, 0x9C, 0xE7, 0xF8, 0xFC, 0x1C, 0x00, 0x07, 0x00, 0x78, 0x03, 0xC0, 0x1E,
    0x0F, 0xFF, 0xFF, 0xFF, 0xFF, 0xE1, 0xE0, 0x0F, 0x00, 0x38, 0x00, 0x81, 0xFF, 0xEF, 0xFF, 0xFF,
    0xFD, 0xFF, 0xC0, 0x39, 0xFF, 0xFE, 0x70, 0xE3, 0x8F, 0x3C, 0xFF, 0xFC, 0x7D, 0xFF, 0xF9, 0xE7,
    0xCF, 0xDB, 0xA7, 0xFF, 0xF8, 0xC0, 0x3B, 0xDF, 0xEE, 0x00, 0xE0, 0xEE, 0x0F, 0xE0, 0xFE, 0x0F,
    0xE0, 0xFE, 0x0F, 0xE0, 0xFE, 0x0F, 0xF0, 0xFF, 0x1F, 0xFF, 0xFF, 0xFF, 0xFF, 0xEE, 0xC0, 0xE0,
    0x0E, 0x00, 0xE0, 0x00, 0x0F, 0xFC, 0xFF, 0xF7, 0xFF, 0xDF, 0xF7, 0x7F, 0xDD, 0xFF, 0x77, 0xFD,
    0xDF, 0xF7, 0x7F, 0xDC, 0xFF, 0x71, 0xFD, 0xC0, 0x77, 0x01, 0xDC, 0x07, 0x70, 0x1D, 0xC0, 0x77,
    0x01, 0xDC, 0x3F, 0x70, 0xFC, 0x01, 0xE0, 0x6F, 0xFF, 0x00, 0x33, 0xBD, 0xCE, 0x00, 0x13, 0xFF,
    0xFF, 0x9C, 0xE7, 0x38, 0xC0, 0x3E, 0x3F, 0xBF, 0xDC, 0xFE, 0x3F, 0xBD, 0xFC, 0xFC, 0x08, 0x00,
    0x63, 0x87, 0x9E, 0x1E, 0x78, 0xFB, 0xC3, 0xCF, 0x0F, 0x38, 0xF3, 0xCF, 0xBC, 0x79, 0xE7, 0x9E,
    0x18, 0x60, 0x10, 0x00, 0x0F, 0x00, 0xC3, 0xE0, 0x1C, 0x7C, 0x07, 0x8F, 0x81, 0xE0, 0x70, 0x38,
    0x0E, 0x0F, 0x01, 0xC3, 0xC0, 0x38, 0x70, 0x03, 0x1E, 0x30, 0x07, 0x8E, 0x00, 0xE3, 0xE0, 0x3C,
    0xFC, 0x0F, 0x3F, 0x81, 0xCF, 0xF0, 0x79, 0xFF, 0x1E, 0x3F, 0xE3, 0x80, 0x78, 0x70, 0x06, 0x00,
    0x00, 0x00, 0x10, 0x00, 0x07, 0x80, 0x60, 0xF8, 0x0E, 0x0F, 0x81, 0xE0, 0xF8, 0x1C, 0x03, 0x83,
    0xC0, 0x38, 0x78, 0x03, 0x87, 0x80, 0x38, 0xF0, 0x01, 0x9E, 0x3C, 0x01, 0xE7, 0xE0, 0x3C, 0xFE,
    0x07, 0x86, 0xE0, 0x78, 0x0E, 0x0F, 0x01, 0xE1, 0xE0, 0x3C, 0x1E, 0x07, 0x83, 0xC0, 0xFE, 0x38,
    0x0F, 0xE0, 0x00, 0x00, 0x7C, 0x03, 0x0F, 0xE0, 0x70, 0xFC, 0x0F, 0x03, 0x80, 0xE0, 0x7C, 0x1E,
    0x0F, 0xE3, 0xC0, 0x6E, 0x38, 0x04, 0xE7, 0x80, 0xFE, 0xF1, 0x8F, 0xCE, 0x3C, 0x31, 0xE7, 0xC0,
    0x3C, 0x7C, 0x03, 0x8F, 0xC0, 0x79, 0xFC, 0x0F, 0x3F, 0xE0, 0xE1, 0xFE, 0x1E, 0x01, 0xC1, 0xC0,
    0x1C, 0x00, 0x00, 0x00, 0x00, 0x00, 0x1C, 0x01, 0xE0, 0x0F, 0x00, 0x30, 0x01, 0xC0, 0x0E, 0x00,
    0xF0, 0x1F, 0x81, 0xFC, 0x1F, 0xC0, 0xF0, 0x0F, 0x00, 0x78, 0x03, 0xC0, 0x0F, 0x0E, 0x7F, 0xF1,
    0xFF, 0x87, 0xF8, 0x0F, 0x00, 0x0C, 0x00, 0x0F, 0x00, 0x0F, 0x80, 0x07, 0x80, 0x01, 0x80, 0x01,
    0x80, 0x03, 0xC0, 0x03, 0xC0, 0x07, 0xE0, 0x07, 0xE0, 0x0F, 0xF0, 0x0F, 0xF0, 0x0E, 0xF0, 0x1E,
    0x78, 0x1E, 0x78, 0x3C, 0x3C, 0x3F, 0xFC, 0x3F, 0xFC, 0x7F, 0xFE, 0x78, 0x1E, 0xF0, 0x0F, 0xF0,
    0x0F, 0xE0, 0x07, 0x00, 0x00, 0x00, 0x30, 0x00, 0x70, 0x01, 0xF0, 0x01, 0xE0, 0x01, 0x80, 0x01,
    0x80, 0x03, 0xC0, 0x03, 0xC0, 0x07, 0xE0, 0x07, 0xE0, 0x0F, 0xF0, 0x0F, 0xF0, 0x0E, 0xF0, 0x1E,
    0x78, 0x1E, 0x78, 0x3C, 0x3C, 0x3F, 0xFC, 0x3F, 0xFC, 0x7F, 0xFE, 0x78, 0x1E, 0xF0, 0x0F, 0xF0,
    0x0F, 0xE0, 0x07, 0x00, 0x00, 0x03, 0xC0, 0x07, 0xE0, 0x07, 0xF0, 0x0E, 0x70, 0x00, 0x00, 0x01,
    0x80, 0x03, 0xC0, 0x03, 0xC0, 0x07, 0xE0, 0x07, 0xE0, 0x0F, 0xF0, 0x0F, 0xF0, 0x0E, 0xF0, 0x1E,
    0x78, 0x1E, 0x78, 0x3C, 0x3C, 0x3F, 0xFC, 0x3F, 0xFC, 0x7F, 0xFE, 0x78, 0x1E, 0xF0, 0x0F, 0xF0,
    0x0F, 0xE0, 0x07, 0x00, 0x00, 0x06, 0x30, 0x1F, 0xB8, 0x1F, 0xF8, 0x1D, 0xF8, 0x0C, 0x70, 0x01,
    0x80, 0x03, 0xC0, 0x03, 0xC0, 0x07, 0xE0, 0x07, 0xE0, 0x0F, 0xF0, 0x0F, 0xF0, 0x0E, 0xF0, 0x1E,
    0x78, 0x1E, 0x78, 0x3C, 0x3C, 0x3F, 0xFC, 0x3F, 0xFC, 0x7F, 0xFE, 0x78, 0x1E, 0xF0, 0x0F, 0xF0,
    0x0F, 0xE0, 0x07, 0x00, 0x00, 0x0E, 0x70, 0x0E, 0x70, 0x0E, 0x70, 0x00, 0x00, 0x01, 0x80, 0x03,
    0xC0, 0x03, 0xC0, 0x07, 0xE0, 0x07, 0xE0, 0x0F, 0xF0, 0x0F, 0xF0, 0x0E, 0xF0, 0x1E, 0x78, 0x1E,
    0x78, 0x3C, 0x3C, 0x3F, 0xFC, 0x3F, 0xFC, 0x7F, 0xFE, 0x78, 0x1E, 0xF0, 0x0F, 0xF0, 0x0F, 0xE0,
    0x07, 0x00, 0x00, 0x01, 0x80, 0x03, 0xE0, 0x07, 0xE0, 0x06, 0x60, 0x07, 0xE0, 0x03, 0xC0, 0x03,
    0xC0, 0x07, 0xE0, 0x07, 0xE0, 0x0F, 0xF0, 0x0F, 0xF0, 0x0E, 0xF0, 0x1E, 0x78, 0x1E, 0x78, 0x3C,
    0x3C, 0x3F, 0xFC, 0x3F, 0xFC, 0x7F, 0xFE, 0x78, 0x1E, 0xF0, 0x0F, 0xF0, 0x0F, 0xE0, 0x07, 0x00,
    0x00, 0x00, 0x1F, 0xF8, 0x00, 0xFF, 0xE0, 0x07, 0xFF, 0x80, 0x1F, 0xFC, 0x00, 0xFC, 0x00, 0x07,
    0xF0, 0x00, 0x3F, 0xC0, 0x00, 0xFF, 0xF8, 0x07, 0xBF, 0xF0, 0x3C, 0xFF, 0xC0, 0xF3, 0xFF, 0x07,
    0xFF, 0x00, 0x3F, 0xFC, 0x00, 0xFF, 0xF0, 0x07, 0xFF, 0xC0, 0x3C, 0x0F, 0xFE, 0xF0, 0x3F, 0xFB,
    0x80, 0xFF, 0xE0, 0x00, 0x00, 0x00, 0x03, 0xF0, 0x1F, 0xF8, 0xFF, 0xF1, 0xFF, 0xE7, 0xC0, 0x9F,
    0x00, 0x3C, 0x00, 0x78, 0x00, 0xF0, 0x01, 0xE0, 0x03, 0xC0, 0x07, 0x80, 0x0F, 0x00, 0x1F, 0x00,
    0x1F, 0x87, 0x1F, 0xFE, 0x1F, 0xFC, 0x1F, 0xF0, 0x0F, 0x00, 0x1C, 0x00, 0x78, 0x00, 0x60, 0x00,
    0x18, 0x01, 0xE0, 0x07, 0x80, 0x1E, 0x00, 0x30, 0x3F, 0xF9, 0xFF, 0xFF, 0xFF, 0xFF, 0xF7, 0x80,
    0x3C, 0x01, 0xE0, 0x0F, 0xFE, 0x7F, 0xF3, 0xFF, 0x9F, 0xFC, 0xF0, 0x07, 0x80, 0x3C, 0x01, 0xE0,
    0x0F, 0xFF, 0x3F, 0xFD, 0xFF, 0xC0, 0x00, 0xC0, 0x0F, 0x00, 0xF8, 0x0F, 0x80, 0x30, 0x3F, 0xF9,
    0xFF, 0xFF, 0xFF, 0xFF, 0xF7, 0x80, 0x3C, 0x01, 0xE0, 0x0F, 0xFE, 0x7F, 0xF3, 0xFF, 0x9F, 0xFC,
    0xF0, 0x07, 0x80, 0x3C, 0x01, 0xE0, 0x0F, 0xFF, 0x3F, 0xFD, 0xFF, 0xC0, 0x07, 0x00, 0x7C, 0x07,
    0xF0, 0x3B, 0xC0, 0x00, 0x3F, 0xF9, 0xFF, 0xFF, 0xFF, 0xFF, 0xF7, 0x80, 0x3C, 0x01, 0xE0, 0x0F,
    0xFE, 0x7F, 0xF3, 0xFF, 0x9F, 0xFC, 0xF0, 0x07, 0x80, 0x3C, 0x01, 0xE0, 0x0F, 0xFF, 0x3F, 0xFD,
    0xFF, 0xC0, 0x3D, 0xE1, 0xEF, 0x0F, 0x78, 0x00, 0x07, 0xFF, 0x3F, 0xFF, 0xFF, 0xFF, 0xFE, 0xF0,
    0x07, 0x80, 0x3C, 0x01, 0xFF, 0xCF, 0xFE, 0x7F, 0xF3, 0xFF, 0x9E, 0x00, 0xF0, 0x07, 0x80, 0x3C,
    0x01, 0xFF, 0xE7, 0xFF, 0xBF, 0xF8, 0x63, 0xCF, 0x8F, 0x18, 0x71, 0xCF, 0x3C, 0xF3, 0xCF, 0x3C,
    0xF3, 0xCF, 0x3C, 0xF3, 0xCF, 0x3C, 0x71, 0xC0, 0x0C, 0x3C, 0xFB, 0xE3, 0x0E, 0x1C, 0x78, 0xF1,
    0xE3, 0xC7, 0x8F, 0x1E, 0x3C, 0x78, 0xF1, 0xE3, 0xC7, 0x8F, 0x0E, 0x1C, 0x00, 0x1C, 0x1F, 0x1F,
    0xDE, 0xE0, 0x00, 0xE0, 0x70, 0x78, 0x3C, 0x1E, 0x0F, 0x07, 0x83, 0xC1, 0xE0, 0xF0, 0x78, 0x3C,
    0x1E, 0x0F, 0x07, 0x83, 0xC0, 0xE0, 0x70, 0xF7, 0xFB, 0xFD, 0xE0, 0x01, 0xC0, 0xE0, 0xF0, 0x78,
    0x3C, 0x1E, 0x0F, 0x07, 0x83, 0xC1, 0xE0, 0xF0, 0x78, 0x3C, 0x1E, 0x0F, 0x07, 0x81, 0xC0, 0xE0,
    0x1F, 0xF8, 0x07, 0xFF, 0x83, 0xFF, 0xF0, 0xFF, 0xFE, 0x3C, 0x0F, 0x8F, 0x01, 0xF3, 0xC0, 0x3C,
    0xF0, 0x0F, 0x7F, 0x03, 0xDF, 0xE0, 0xF7, 0xF0, 0x3C, 0xF0, 0x0F, 0x3C, 0x03, 0xCF, 0x01, 0xE3,
    0xC0, 0xF8, 0xFF, 0xFC, 0x1F, 0xFE, 0x07, 0xFF, 0x00, 0x06, 0x18, 0x0F, 0xB8, 0x1F, 0xF8, 0x1D,
    0xF8, 0x0C, 0x70, 0x70, 0x06, 0x70, 0x0F, 0xF8, 0x0F, 0xFC, 0x0F, 0xFE, 0x0F, 0xFF, 0x0F, 0xFF,
    0x0F, 0xFF, 0x8F, 0xF7, 0xCF, 0xF3, 0xEF, 0xF1, 0xFF, 0xF0, 0xFF, 0xF0, 0xFF, 0xF0, 0x7F, 0xF0,
    0x3F, 0xF0, 0x1F, 0x70, 0x1F, 0x70, 0x0F, 0x06, 0x00, 0x07, 0x80, 0x03, 0xE0, 0x00, 0x78, 0x00,
    0x18, 0x00, 0x3F, 0x80, 0x7F, 0xF0, 0x7F, 0xFC, 0x7F, 0xFF, 0x3E, 0x0F, 0xBE, 0x03, 0xFE, 0x00,
    0xFF, 0x00, 0x7F, 0x80, 0x3F, 0xC0, 0x1F, 0xE0, 0x0F, 0xF0, 0x07, 0xF8, 0x03, 0xDE, 0x03, 0xCF,
    0xC7, 0xE3, 0xFF, 0xE0, 0xFF, 0xE0, 0x3F, 0xE0, 0x03, 0x80, 0x00, 0x30, 0x00, 0x3C, 0x00, 0x3E,
    0x00, 0x3E, 0x00, 0x0C, 0x00, 0x3F, 0x80, 0x7F, 0xF0, 0x7F, 0xFC, 0x7F, 0xFF, 0x3E, 0x0F, 0xBE,
    0x03, 0xFE, 0x00, 0xFF, 0x00, 0x7F, 0x80, 0x3F, 0xC0, 0x1F, 0xE0, 0x0F, 0xF0, 0x07, 0xF8, 0x03,
    0xDE, 0x03, 0xCF, 0xC7, 0xE3, 0xFF, 0xE0, 0xFF, 0xE0, 0x3F, 0xE0, 0x03, 0x80, 0x01, 0xC0, 0x01,
    0xF0, 0x01, 0xFC, 0x01, 0xEE, 0x00, 0x00, 0x00, 0x3F, 0x80, 0x7F, 0xF0, 0x7F, 0xFC, 0x7F, 0xFF,
    0x3E, 0x0F, 0xBE, 0x03, 0xFE, 0x00, 0xFF, 0x00, 0x7F, 0x80, 0x3F, 0xC0, 0x1F, 0xE0, 0x0F, 0xF0,
    0x07, 0xF8, 0x03, 0xDE, 0x03, 0xCF, 0xC7, 0xE3, 0xFF, 0xE0, 0xFF, 0xE0, 0x3F, 0xE0, 0x03, 0x80,
    0x07, 0x18, 0x07, 0xEE, 0x07, 0xFF, 0x03, 0xBF, 0x00, 0xC7, 0x00, 0x3F, 0x80, 0x7F, 0xF0, 0x7F,
    0xFC, 0x7F, 0xFF, 0x3E, 0x0F, 0xBE, 0x03, 0xFE, 0x00, 0xFF, 0x00, 0x7F, 0x80, 0x3F, 0xC0, 0x1F,
    0xE0, 0x0F, 0xF0, 0x07, 0xF8, 0x03, 0xDE, 0x03, 0xCF, 0xC7, 0xE3, 0xFF, 0xE0, 0xFF, 0xE0, 0x3F,
    0xE0, 0x03, 0x80, 0x0F, 0x78, 0x07, 0xBC, 0x03, 0xDE, 0x00, 0x00, 0x00, 0x7F, 0x00, 0xFF, 0xE0,
    0xFF, 0xF8, 0xFF, 0xFE, 0x7C, 0x1F, 0x7C, 0x07, 0xFC, 0x01, 0xFE, 0x00, 0xFF, 0x00, 0x7F, 0x80,
    0x3F, 0xC0, 0x1F, 0xE0, 0x0F, 0xF0, 0x07, 0xBC, 0x07, 0x9F, 0x8F, 0xC7, 0xFF, 0xC1, 0xFF, 0xC0,
    0x7F, 0xC0, 0x07, 0x00, 0x00, 0x1C, 0x3B, 0xCF, 0xFF, 0xE7, 0xF8, 0x7E, 0x0F, 0xC3, 0xFC, 0xFF,
    0xDE, 0x7F, 0x87, 0x00, 0x00, 0x03, 0x83, 0xFB, 0xC7, 0xFF, 0xE7, 0xFF, 0xE7, 0xFF, 0xF3, 0xE1,
    0xFB, 0xE1, 0xFF, 0xE1, 0xFF, 0xF0, 0xF7, 0xF8, 0xF3, 0xFC, 0xF1, 0xFE, 0xF0, 0xFF, 0xF8, 0x7F,
    0xF8, 0x3D, 0xF8, 0x3C, 0xFC, 0x7E, 0x7F, 0xFE, 0x7F, 0xFE, 0x3F, 0xFE, 0x1C, 0x38, 0x00, 0x0C,
    0x00, 0x3C, 0x00, 0x3E, 0x00, 0x3C, 0x00, 0x18, 0x0E, 0x01, 0x9C, 0x03, 0xF8, 0x07, 0xF0, 0x0F,
    0xE0, 0x1F, 0xC0, 0x3F, 0x80, 0x7F, 0x00, 0xFE, 0x01, 0xFC, 0x03, 0xF8, 0x07, 0x70, 0x1E, 0xF0,
    0x3D, 0xE0, 0x7B, 0xF3, 0xE3, 0xFF, 0xC3, 0xFF, 0x03, 0xFC, 0x00, 0x00, 0x00, 0x60, 0x01, 0xE0,
    0x07, 0xC0, 0x1F, 0x00, 0x18, 0x0E, 0x01, 0x9C, 0x03, 0xF8, 0x07, 0xF0, 0x0F, 0xE0, 0x1F, 0xC0,
    0x3F, 0x80, 0x7F, 0x00, 0xFE, 0x01, 0xFC, 0x03, 0xF8, 0x07, 0x70, 0x1E, 0xF0, 0x3D, 0xE0, 0x7B,
    0xF3, 0xE3, 0xFF, 0xC3, 0xFF, 0x03, 0xFC, 0x00, 0x00, 0x03, 0xC0, 0x0F, 0x80, 0x3F, 0x80, 0x73,
    0x80, 0x00, 0x0E, 0x01, 0x9C, 0x03, 0xF8, 0x07, 0xF0, 0x0F, 0xE0, 0x1F, 0xC0, 0x3F, 0x80, 0x7F,
    0x00, 0xFE, 0x01, 0xFC, 0x03, 0xF8, 0x07, 0x70, 0x1E, 0xF0, 0x3D, 0xE0, 0x7B, 0xF3, 0xE3, 0xFF,
    0xC3, 0xFF, 0x03, 0xFC, 0x00, 0x00, 0x0E, 0x70, 0x3D, 0xE0, 0x39, 0xC0, 0x00, 0x07, 0x00, 0xCE,
    0x01, 0xFC, 0x03, 0xF8, 0x07, 0xF0, 0x0F, 0xE0, 0x1F, 0xC0, 0x3F, 0x80, 0x7F, 0x00, 0xFE, 0x01,
    0xFC, 0x03, 0xB8, 0x0F, 0x78, 0x1E, 0xF0, 0x3D, 0xF9, 0xF1, 0xFF, 0xE1, 0xFF, 0x81, 0xFE, 0x00,
    0x00, 0x00, 0x00, 0x60, 0x01, 0xE0, 0x07, 0xC0, 0x1F, 0x00, 0x38, 0x0C, 0x01, 0xBC, 0x07, 0xFC,
    0x1F, 0x78, 0x3C, 0xF8, 0xF8, 0xFB, 0xE0, 0xFF, 0x80, 0xFE, 0x01, 0xFC, 0x01, 0xF0, 0x01, 0xC0,
    0x03, 0x80, 0x07, 0x00, 0x0E, 0x00, 0x1C, 0x00, 0x38, 0x00, 0x70, 0x00, 0xE0, 0x00, 0x60, 0x01,
    0xC0, 0x0F, 0x00, 0x3F, 0xE0, 0xFF, 0xE3, 0xFF, 0xCF, 0xFF, 0xBC, 0x1E, 0xF0, 0x3B, 0xC0, 0xEF,
    0x07, 0xBC, 0x1E, 0xFF, 0xFB, 0xFF, 0xCF, 0xFE, 0x3C, 0x00, 0xF0, 0x01, 0xC0, 0x07, 0x00, 0x00,
    0x01, 0xE0, 0x07, 0xF8, 0x0F, 0xFC, 0x1F, 0xFC, 0x1E, 0x1E, 0x1C, 0x1E, 0x7C, 0x3C, 0xFC, 0x78,
    0xFC, 0xF8, 0x7C, 0xFC, 0x1C, 0x7E, 0x1C, 0x1F, 0x1C, 0x0F, 0x1C, 0x0F, 0x1C, 0x0F, 0x1C, 0x0F,
    0x1D, 0xFF, 0x1D, 0xFE, 0x1D, 0xFC, 0x00, 0x70, 0x18, 0x00, 0xF0, 0x01, 0xE0, 0x07, 0xC0, 0x07,
    0x00, 0x3C, 0xE3, 0xFF, 0x9F, 0xFE, 0x7F, 0xFB, 0xC1, 0xEF, 0x07, 0xB8, 0x0E, 0xE0, 0x3B, 0x80,
    0xEF, 0x07, 0xBE, 0x3E, 0x7F, 0xF9, 0xFF, 0xE1, 0xFB, 0x81, 0x80, 0x00, 0xC0, 0x07, 0x80, 0x3C,
    0x00, 0xE0, 0x03, 0x00, 0x3C, 0xE3, 0xFF, 0x9F, 0xFE, 0x7F, 0xFB, 0xC1, 0xEF, 0x07, 0xB8, 0x0E,
    0xE0, 0x3B, 0x80, 0xEF, 0x07, 0xBE, 0x3E, 0x7F, 0xF9, 0xFF, 0xE1, 0xFB, 0x81, 0x80, 0x07, 0x80,
    0x3E, 0x01, 0xFC, 0x07, 0x30, 0x00, 0x00, 0x3C, 0xE3, 0xFF, 0x9F, 0xFE, 0x7F, 0xFB, 0xC1, 0xEF,
    0x07, 0xB8, 0x0E, 0xE0, 0x3B, 0x80, 0xEF, 0x07, 0xBE, 0x3E, 0x7F, 0xF9, 0xFF, 0xE1, 0xFB, 0x81,
    0x80, 0x1E, 0x60, 0xFD, 0xC3, 0xFF, 0x0E, 0xF8, 0x10, 0x00, 0x3C, 0xE3, 0xFF, 0x9F, 0xFE, 0x7F,
    0xFB, 0xC1, 0xEF, 0x07, 0xB8, 0x0E, 0xE0, 0x3B, 0x80, 0xEF, 0x07, 0xBE, 0x3E, 0x7F, 0xF9, 0xFF,
    0xE1, 0xFB, 0x81, 0x80, 0x3D, 0xE0, 0xF7, 0x83, 0xDE, 0x00, 0x00, 0x0F, 0x38, 0xFF, 0xE7, 0xFF,
    0x9F, 0xFE, 0xF0, 0x7B, 0xC1, 0xEE, 0x03, 0xB8, 0x0E, 0xE0, 0x3B, 0xC1, 0xEF, 0x8F, 0x9F, 0xFE,
    0x7F, 0xF8, 0x7E, 0xE0, 0x60, 0x00, 0x07, 0x80, 0x3F, 0x00, 0xDC, 0x03, 0x70, 0x0F, 0xC0, 0x1E,
    0x00, 0xF3, 0x8F, 0xFE, 0x7F, 0xF9, 0xFF, 0xEF, 0x07, 0xBC, 0x1E, 0xE0, 0x3B, 0x80, 0xEE, 0x03,
    0xBC, 0x1E, 0xF8, 0xF9, 0xFF, 0xE7, 0xFF, 0x87, 0xEE, 0x06, 0x00, 0x1F, 0x8F, 0x81, 0xFF, 0xFF,
    0x8F, 0xFF, 0xFF, 0x3F, 0xFF, 0xFE, 0xE0, 0xF0, 0x79, 0x1F, 0xFF, 0xE7, 0xFF, 0xFF, 0xFF, 0xFF,
    0xFE, 0xFF, 0xFF, 0xF3, 0xC3, 0xC0, 0x0F, 0x1F, 0x83, 0x3F, 0xFF, 0xFE, 0xFF, 0xFF, 0xF1, 0xFC,
    0x7F, 0x80, 0xC0, 0x38, 0x00, 0x0F, 0xC3, 0xFE, 0x7F, 0xF7, 0xFF, 0xF0, 0x0F, 0x00, 0xE0, 0x0E,
    0x00, 0xF0, 0x0F, 0x00, 0xF8, 0x67, 0xFF, 0x7F, 0xF1, 0xFE, 0x0F, 0x00, 0xE0, 0x1E, 0x00, 0xC0,
    0x10, 0x01, 0xE0, 0x0F, 0x80, 0x3E, 0x00, 0x70, 0x07, 0xC0, 0xFF, 0x0F, 0xFC, 0x7F, 0xF7, 0x83,
    0xFF, 0xFF, 0xFF, 0xFF, 0xFF, 0xFF, 0xFB, 0xC0, 0x1F, 0x0E, 0x7F, 0xF1, 0xFF, 0x87, 0xF8, 0x0E,
    0x00, 0x01, 0xC0, 0x0E, 0x00, 0xF0, 0x07, 0x00, 0x70, 0x07, 0xC0, 0xFF, 0x0F, 0xFC, 0x7F, 0xF7,
    0x83, 0xFF, 0xFF, 0xFF, 0xFF, 0xFF, 0xFF, 0xFB, 0xC0, 0x1F, 0x0E, 0x7F, 0xF1, 0xFF, 0x87, 0xF8,
    0x0E, 0x00, 0x07, 0x00, 0x7C, 0x07, 0xF0, 0x33, 0x80, 0x00, 0x07, 0xC0, 0xFF, 0x0F, 0xFC, 0x7F,
    0xF7, 0x83, 0xFF, 0xFF, 0xFF, 0xFF, 0xFF, 0xFF, 0xFB, 0xC0, 0x1F, 0x0E, 0x7F, 0xF1, 0xFF, 0x87,
    0xF8, 0x0E, 0x00, 0x3D, 0xE1, 0xEF, 0x0F, 0x78, 0x00, 0x00, 0xF8, 0x1F, 0xE1, 0xFF, 0x8F, 0xFE,
    0xF0, 0x7F, 0xFF, 0xFF, 0xFF, 0xFF, 0xFF, 0xFF, 0x78, 0x03, 0xE1, 0xCF, 0xFE, 0x3F, 0xF0, 0xFF,
    0x01, 0xC0, 0x43, 0x8F, 0x9E, 0x18, 0x63, 0xCF, 0x3C, 0xF3, 0xCF, 0x3C, 0xF3, 0xCF, 0x3C, 0xF3,
    0xC0, 0x1C, 0xF3, 0xDE, 0x71, 0x8F, 0x3C, 0xF3, 0xCF, 0x3C, 0xF3, 0xCF, 0x3C, 0xF3, 0xCF, 0x00,
    0x3C, 0x7E, 0x7E, 0xE7, 0x00, 0x18, 0x3C, 0x3C, 0x3C, 0x3C, 0x3C, 0x3C, 0x3C, 0x3C, 0x3C, 0x3C,
    0x3C, 0x3C, 0x3C, 0x73, 0xB9, 0xDC, 0xE0, 0x00, 0xC0, 0xF0, 0x78, 0x3C, 0x1E, 0x0F, 0x07, 0x83,
    0xC1, 0xE0, 0xF0, 0x78, 0x3C, 0x1E, 0x0F, 0x00, 0x0C, 0x00, 0xF8, 0x07, 0xFC, 0x3F, 0xE3, 0xFE,
    0x1F, 0xF8, 0x7F, 0xC7, 0xFE, 0x7F, 0xFF, 0xC7, 0xFC, 0x1F, 0xC0, 0xFE, 0x07, 0xF8, 0x3F, 0xC1,
    0xFF, 0x1E, 0x7F, 0xF1, 0xFF, 0x07, 0xF0, 0x0E, 0x00, 0x1E, 0x71, 0xFF, 0x8F, 0xFC, 0x77, 0xC1,
    0x00, 0x31, 0xE3, 0xFF, 0x9F, 0xFE, 0xFF, 0xF7, 0x83, 0xFC, 0x1F, 0xE0, 0xFF, 0x07, 0xF8, 0x3F,
    0xC1, 0xFE, 0x0F, 0xF0, 0x7F, 0x83, 0xDC, 0x1C, 0x08, 0x00, 0x70, 0x01, 0xE0, 0x07, 0xC0, 0x07,
    0x00, 0x3E, 0x03, 0xFE, 0x1F, 0xFC, 0x7F, 0xFB, 0xC1, 0xEF, 0x03, 0xF8, 0x0F, 0xE0, 0x3F, 0xC0,
    0xFF, 0x03, 0xFE, 0x1E, 0x7F, 0xF8, 0xFF, 0xC1, 0xFE, 0x01, 0xC0, 0x00, 0xE0, 0x07, 0x80, 0x1C,
    0x00, 0xF0, 0x03, 0x80, 0x3E, 0x03, 0xFE, 0x1F, 0xFC, 0x7F, 0xFB, 0xC1, 0xEF, 0x03, 0xF8, 0x0F,
    0xE0, 0x3F, 0xC0, 0xFF, 0x03, 0xFE, 0x1E, 0x7F, 0xF8, 0xFF, 0xC1, 0xFE, 0x01, 0xC0, 0x07, 0x80,
    0x3E, 0x01, 0xFC, 0x07, 0x30, 0x00, 0x00, 0x3E, 0x03, 0xFE, 0x1F, 0xFC, 0x7F, 0xFB, 0xC1, 0xEF,
    0x03, 0xF8, 0x0F, 0xE0, 0x3F, 0xC0, 0xFF, 0x03, 0xFE, 0x1E, 0x7F, 0xF8, 0xFF, 0xC1, 0xFE, 0x01,
    0xC0, 0x1E, 0x60, 0xFF, 0xC3, 0xFF, 0x0E, 0xF8, 0x10, 0x00, 0x3E, 0x03, 0xFE, 0x1F, 0xFC, 0x7F,
    0xFB, 0xC1, 0xEF, 0x03, 0xF8, 0x0F, 0xE0, 0x3F, 0xC0, 0xFF, 0x03, 0xFE, 0x1E, 0x7F, 0xF8, 0xFF,
    0xC1, 0xFE, 0x01, 0xC0, 0x1C, 0xE0, 0xF7, 0x81, 0xCE, 0x00, 0x00, 0x0F, 0x80, 0xFF, 0x87, 0xFF,
    0x1F, 0xFE, 0xF0, 0x7B, 0xC0, 0xFE, 0x03, 0xF8, 0x0F, 0xF0, 0x3F, 0xC0, 0xFF, 0x87, 0x9F, 0xFE,
    0x3F, 0xF0, 0x7F, 0x80, 0x70, 0x00, 0x07, 0x00, 0x1E, 0x00, 0xF8, 0x01, 0xE0, 0x00, 0x03, 0xFF,
    0xEF, 0xFF, 0xFF, 0xFE, 0x00, 0x00, 0x1C, 0x00, 0x78, 0x03, 0xE0, 0x07, 0x80, 0x08, 0x00, 0x0F,
    0xB8, 0xFF, 0xE7, 0xFF, 0x9F, 0xFE, 0xF1, 0xFB, 0xCF, 0xFE, 0x7F, 0xFB, 0xEF, 0xFF, 0x3F, 0xF8,
    0xFF, 0xC7, 0x9F, 0xFE, 0xFF, 0xF3, 0xFF, 0x86, 0x70, 0x00, 0x10, 0x01, 0xE0, 0x0F, 0x80, 0x3E,
    0x00, 0x70, 0x30, 0x13, 0xC1, 0xDE, 0x0E, 0xF0, 0x77, 0x83, 0xBC, 0x1D, 0xE0, 0xEF, 0x07, 0x78,
    0x3B, 0xC1, 0xCF, 0x1E, 0x7F, 0xF3, 0xFF, 0x0F, 0xF0, 0x0E, 0x00, 0x01, 0xC0, 0x0E, 0x00, 0xF0,
    0x07, 0x00, 0x70, 0x30, 0x13, 0xC1, 0xDE, 0x0E, 0xF0, 0x77, 0x83, 0xBC, 0x1D, 0xE0, 0xEF, 0x07,
    0x78, 0x3B, 0xC1, 0xCF, 0x1E, 0x7F, 0xF3, 0xFF, 0x0F, 0xF0, 0x0E, 0x00, 0x07, 0x00, 0x7C, 0x07,
    0xF0, 0x33, 0x80, 0x00, 0x30, 0x13, 0xC1, 0xDE, 0x0E, 0xF0, 0x77, 0x83, 0xBC, 0x1D, 0xE0, 0xEF,
    0x07, 0x78, 0x3B, 0xC1, 0xCF, 0x1E, 0x7F, 0xF3, 0xFF, 0x0F, 0xF0, 0x0E, 0x00, 0x3D, 0xE1, 0xEF,
    0x0F, 0x78, 0x00, 0x06, 0x02, 0x78, 0x3B, 0xC1, 0xDE, 0x0E, 0xF0, 0x77, 0x83, 0xBC, 0x1D, 0xE0,
    0xEF, 0x07, 0x78, 0x39, 0xE3, 0xCF, 0xFE, 0x7F, 0xE1, 0xFE, 0x01, 0xC0, 0x01, 0xC0, 0x0E, 0x00,
    0xF0, 0x07, 0x00, 0x70, 0x30, 0x13, 0xC1, 0xDE, 0x0E, 0xF0, 0x77, 0x83, 0xBC, 0x1D, 0xE0, 0xEF,
    0x07, 0x78, 0x3B, 0xC1, 0xDF, 0x1E, 0x7F, 0xF3, 0xFF, 0x8F, 0xFC, 0x19, 0xE3, 0x0F, 0x3F, 0xF9,
    0xFF, 0x87, 0xF0, 0x60, 0x03, 0xC0, 0x0F, 0x00, 0x3C, 0x00, 0xF0, 0x03, 0xDF, 0x0F, 0xFF, 0x3F,
    0xFE, 0xFF, 0xFB, 0xE1, 0xFF, 0x03, 0xFC, 0x0F, 0xF0, 0x3F, 0xC0, 0xFF, 0x03, 0xFE, 0x1E, 0xFF,
    0xFB, 0xFF, 0xCF, 0xFE, 0x3C, 0x60, 0xF0, 0x03, 0xC0, 0x0F, 0x00, 0x1C, 0x00, 0x3D, 0xE1, 0xEF,
    0x0F, 0x78, 0x00, 0x06, 0x02, 0x78, 0x3B, 0xC1, 0xDE, 0x0E, 0xF0, 0x77, 0x83, 0xBC, 0x1D, 0xE0,
    0xEF, 0x07, 0x78, 0x3B, 0xE3, 0xCF, 0xFE, 0x7F, 0xF1, 0xFF, 0x83, 0x3C, 0x61, 0xE7, 0xFF, 0x3F,
    0xF0, 0xFE, 0x00, 0x0F, 0xF8, 0x1F, 0xF8, 0x0F, 0xF0, 0x01, 0x80, 0x03, 0xC0, 0x03, 0xC0, 0x07,
    0xE0, 0x07, 0xE0, 0x0F, 0xF0, 0x0F, 0xF0, 0x0E, 0xF0, 0x1E, 0x78, 0x1E, 0x78, 0x3C, 0x3C, 0x3F,
    0xFC, 0x3F, 0xFC, 0x7F, 0xFE, 0x78, 0x1E, 0xF0, 0x0F, 0xF0, 0x0F, 0xE0, 0x07, 0x00, 0x00, 0x1F,
    0xC0, 0xFF, 0x83, 0xFE, 0x00, 0x00, 0x0F, 0x38, 0xFF, 0xE7, 0xFF, 0x9F, 0xFE, 0xF0, 0x7B, 0xC1,
    0xEE, 0x03, 0xB8, 0x0E, 0xE0, 0x3B, 0xC1, 0xEF, 0x8F, 0x9F, 0xFE, 0x7F, 0xF8, 0x7E, 0xE0, 0x60,
    0x00, 0x00, 0x00, 0x0C, 0x30, 0x0F, 0xF0, 0x0F, 0xF0, 0x03, 0xC0, 0x00, 0x00, 0x01, 0x80, 0x03,
    0xC0, 0x03, 0xC0, 0x07, 0xE0, 0x07, 0xE0, 0x0F, 0xF0, 0x0F, 0xF0, 0x0E, 0xF0, 0x1E, 0x78, 0x1E,
    0x78, 0x3C, 0x3C, 0x3F, 0xFC, 0x3F, 0xFC, 0x7F, 0xFE, 0x78, 0x1E, 0xF0, 0x0F, 0xF0, 0x0F, 0xE0,
    0x07, 0x00, 0x00, 0x38, 0xE0, 0xFF, 0x81, 0xFC, 0x03, 0xE0, 0x0F, 0x38, 0xFF, 0xE7, 0xFF, 0x9F,
    0xFE, 0xF0, 0x7B, 0xC1, 0xEE, 0x03, 0xB8, 0x0E, 0xE0, 0x3B, 0xC1, 0xEF, 0x8F, 0x9F, 0xFE, 0x7F,
    0xF8, 0x7E, 0xE0, 0x60, 0x00, 0x01, 0x80, 0x01, 0xE0, 0x00, 0xF0, 0x00, 0xFC, 0x00, 0x7E, 0x00,
    0x7F, 0x80, 0x3F, 0xC0, 0x1D, 0xE0, 0x1E, 0x78, 0x0F, 0x3C, 0x0F, 0x0F, 0x07, 0xFF, 0x83, 0xFF,
    0xE3, 0xFF, 0xF1, 0xE0, 0x79, 0xE0, 0x1E, 0xF0, 0x0F, 0x70, 0x0F, 0x80, 0x0F, 0x80, 0x07, 0x00,
    0x03, 0xF0, 0x01, 0xF8, 0x00, 0x7C, 0x00, 0x08, 0x0F, 0x38, 0xFF, 0xE7, 0xFF, 0x9F, 0xFE, 0xF0,
    0x7B, 0xC1, 0xEE, 0x03, 0xB8, 0x0E, 0xE0, 0x3B, 0xC1, 0xEF, 0x8F, 0x9F, 0xFE, 0x7F, 0xF8, 0x7F,
    0xE0, 0x7F, 0x80, 0x78, 0x01, 0xD8, 0x07, 0xF0, 0x1F, 0x80, 0x1C, 0x00, 0x30, 0x00, 0xE0, 0x07,
    0xC0, 0x0F, 0x00, 0x18, 0x00, 0x7E, 0x03, 0xFF, 0x1F, 0xFE, 0x3F, 0xFC, 0xF8, 0x13, 0xE0, 0x07,
    0x80, 0x0F, 0x00, 0x1E, 0x00, 0x3C, 0x00, 0x78, 0x00, 0xF0, 0x01, 0xE0, 0x03, 0xE0, 0x03, 0xF0,
    0xE3, 0xFF, 0xC3, 0xFF, 0x83, 0xFE, 0x00, 0xE0, 0x00, 0xC0, 0x1E, 0x03, 0xC0, 0x38, 0x03, 0x00,
    0xFC, 0x3F, 0xE7, 0xFF, 0x7F, 0xFF, 0x00, 0xF0, 0x0E, 0x00, 0xE0, 0x0F, 0x00, 0xF0, 0x0F, 0x86,
    0x7F, 0xF7, 0xFF, 0x1F, 0xE0, 0x70, 0x03, 0xC0, 0x0F, 0xC0, 0x1F, 0xC0, 0x73, 0x80, 0x00, 0x00,
    0x7E, 0x03, 0xFF, 0x1F, 0xFE, 0x3F, 0xFC, 0xF8, 0x13, 0xE0, 0x07, 0x80, 0x0F, 0x00, 0x1E, 0x00,
    0x3C, 0x00, 0x78, 0x00, 0xF0, 0x01, 0xE0, 0x03, 0xE0, 0x03, 0xF0, 0xE3, 0xFF, 0xC3, 0xFF, 0x83,
    0xFE, 0x00, 0xE0, 0x07, 0x80, 0xF8, 0x1F, 0xC1, 0xDC, 0x00, 0x00, 0xFC, 0x3F, 0xE7, 0xFF, 0x7F,
    0xFF, 0x00, 0xF0, 0x0E, 0x00, 0xE0, 0x0F, 0x00, 0xF0, 0x0F, 0x86, 0x7F, 0xF7, 0xFF, 0x1F, 0xE0,
    0x70, 0x01, 0x80, 0x07, 0x80, 0x0F, 0x00, 0x0E, 0x00, 0x3F, 0x01, 0xFF, 0x8F, 0xFF, 0x1F, 0xFE,
    0x7C, 0x09, 0xF0, 0x03, 0xC0, 0x07, 0x80, 0x0F, 0x00, 0x1E, 0x00, 0x3C, 0x00, 0x78, 0x00, 0xF0,
    0x01, 0xF0, 0x01, 0xF8, 0x71, 0xFF, 0xE1, 0xFF, 0xC1, 0xFF, 0x00, 0x70, 0x00, 0x07, 0x00, 0x78,
    0x07, 0x00, 0x00, 0x0F, 0xC3, 0xFE, 0x7F, 0xF7, 0xFF, 0xF0, 0x0F, 0x00, 0xE0, 0x0E, 0x00, 0xF0,
    0x0F, 0x00, 0xF8, 0x67, 0xFF, 0x7F, 0xF1, 0xFE, 0x07, 0x00, 0x04, 0x30, 0x1F, 0xE0, 0x1F, 0x80,
    0x1F, 0x00, 0x1C, 0x00, 0x7E, 0x03, 0xFF, 0x1F, 0xFE, 0x3F, 0xFC, 0xF8, 0x13, 0xE0, 0x07, 0x80,
    0x0F, 0x00, 0x1E, 0x00, 0x3C, 0x00, 0x78, 0x00, 0xF0, 0x01, 0xE0, 0x03, 0xE0, 0x03, 0xF0, 0xE3,
    0xFF, 0xC3, 0xFF, 0x83, 0xFE, 0x00, 0xE0, 0x18, 0xC1, 0xFC, 0x1F, 0xC0, 0xF8, 0x00, 0x00, 0xFC,
    0x3F, 0xE7, 0xFF, 0x7F, 0xFF, 0x00, 0xF0, 0x0E, 0x00, 0xE0, 0x0F, 0x00, 0xF0, 0x0F, 0x86, 0x7F,
    0xF7, 0xFF, 0x1F, 0xE0, 0x70, 0x18, 0x40, 0x1D, 0xE0, 0x1F, 0xC0, 0x0F, 0x80, 0x07, 0x00, 0x7F,
    0xE0, 0x7F, 0xF8, 0xFF, 0xFC, 0xFF, 0xFE, 0xF0, 0x3E, 0xF0, 0x1F, 0xF0, 0x0F, 0xF0, 0x0F, 0xF0,
    0x0F, 0xF0, 0x0F, 0xF0, 0x0F, 0xF0, 0x0F, 0xF0, 0x0F, 0xF0, 0x1E, 0xF0, 0x3E, 0xFF, 0xFC, 0x7F,
    0xF8, 0x7F, 0xF0, 0x00, 0x3B, 0xC0, 0x07, 0x7C, 0x00, 0xEF, 0x80, 0x1C, 0x70, 0x03, 0x9E, 0x1E,
    0x77, 0x8F, 0xFE, 0x63, 0xFF, 0xC0, 0x7F, 0xF8, 0x1E, 0x0F, 0x03, 0xC1, 0xE0, 0x70, 0x1C, 0x0E,
    0x03, 0x81, 0xC0, 0x70, 0x3C, 0x1E, 0x07, 0xC7, 0xC0, 0x7F, 0xF8, 0x0F, 0xFF, 0x00, 0x7E, 0xE0,
    0x03, 0x00, 0x00, 0x1F, 0xF8, 0x07, 0xFF, 0x83, 0xFF, 0xF0, 0xFF, 0xFE, 0x3C, 0x0F, 0x8F, 0x01,
    0xF3, 0xC0, 0x3C, 0xF0, 0x0F, 0x7F, 0x03, 0xDF, 0xE0, 0xF7, 0xF0, 0x3C, 0xF0, 0x0F, 0x3C, 0x03,
    0xCF, 0x01, 0xE3, 0xC0, 0xF8, 0xFF, 0xFC, 0x1F, 0xFE, 0x07, 0xFF, 0x00, 0x00, 0x38, 0x00, 0x70,
    0x07, 0xF8, 0x0F, 0xF0, 0x0F, 0xE1, 0xE7, 0x0F, 0xFE, 0x3F, 0xFC, 0x7F, 0xF9, 0xE0, 0xF3, 0xC1,
    0xE7, 0x01, 0xCE, 0x03, 0x9C, 0x07, 0x3C, 0x1E, 0x7C, 0x7C, 0x7F, 0xF8, 0xFF, 0xF0, 0x7E, 0xE0,
    0x30, 0x00, 0x3F, 0xE1, 0xFF, 0x07, 0xF0, 0xFF, 0xE7, 0xFF, 0xFF, 0xFF, 0xFF, 0xDE, 0x00, 0xF0,
    0x07, 0x80, 0x3F, 0xF9, 0xFF, 0xCF, 0xFE, 0x7F, 0xF3, 0xC0, 0x1E, 0x00, 0xF0, 0x07, 0x80, 0x3F,
    0xFC, 0xFF, 0xF7, 0xFF, 0x00, 0x1F, 0xC1, 0xFF, 0x0F, 0xF8, 0x00, 0x00, 0xF8, 0x1F, 0xE1, 0xFF,
    0x8F, 0xFE, 0xF0, 0x7F, 0xFF, 0xFF, 0xFF, 0xFF, 0xFF, 0xFF, 0x78, 0x03, 0xE1, 0xCF, 0xFE, 0x3F,
    0xF0, 0xFF, 0x01, 0xC0, 0x00, 0x01, 0xC7, 0x0F, 0xF8, 0x3F, 0x80, 0xF8, 0x00, 0x01, 0xFF, 0xCF,
    0xFF, 0xFF, 0xFF, 0xFF, 0xBC, 0x01, 0xE0, 0x0F, 0x00, 0x7F, 0xF3, 0xFF, 0x9F, 0xFC, 0xFF, 0xE7,
    0x80, 0x3C, 0x01, 0xE0, 0x0F, 0x00, 0x7F, 0xF9, 0xFF, 0xEF, 0xFE, 0x38, 0xE1, 0xFF, 0x07, 0xF0,
    0x1F, 0x00, 0xF8, 0x1F, 0xE1, 0xFF, 0x8F, 0xFE, 0xF0, 0x7F, 0xFF, 0xFF, 0xFF, 0xFF, 0xFF, 0xFF,
    0x78, 0x03, 0xE1, 0xCF, 0xFE, 0x3F, 0xF0, 0xFF, 0x01, 0xC0, 0x07, 0x00, 0x3C, 0x01, 0xE0, 0x0E,
    0x07, 0xFF, 0x3F, 0xFF, 0xFF, 0xFF, 0xFE, 0xF0, 0x07, 0x80, 0x3C, 0x01, 0xFF, 0xCF, 0xFE, 0x7F,
    0xF3, 0xFF, 0x9E, 0x00, 0xF0, 0x07, 0x80, 0x3C, 0x01, 0xFF, 0xE7, 0xFF, 0xBF, 0xF8, 0x07, 0x00,
    0x78, 0x01, 0xC0, 0x00, 0x00, 0xF8, 0x1F, 0xE1, 0xFF, 0x8F, 0xFE, 0xF0, 0x7F, 0xFF, 0xFF, 0xFF,
    0xFF, 0xFF, 0xFF, 0x78, 0x03, 0xE1, 0xCF, 0xFE, 0x3F, 0xF0, 0xFF, 0x01, 0xC0, 0x7F, 0xF3, 0xFF,
    0xFF, 0xFF, 0xFF, 0xEF, 0x00, 0x78, 0x03, 0xC0, 0x1F, 0xFC, 0xFF, 0xE7, 0xFF, 0x3F, 0xF9, 0xE0,
    0x0F, 0x00, 0x78, 0x03, 0xC0, 0x1F, 0xFE, 0x7F, 0xFB, 0xFF, 0x80, 0xF0, 0x07, 0x00, 0x7F, 0x01,
    0xF8, 0x0F, 0x80, 0x10, 0x0F, 0x81, 0xFE, 0x1F, 0xF8, 0xFF, 0xEF, 0x07, 0xFF, 0xFF, 0xFF, 0xFF,
    0xFF, 0xFF, 0xF7, 0x80, 0x3E, 0x1C, 0xFF, 0xE3, 0xFF, 0x0F, 0xF0, 0x1F, 0x00, 0x70, 0x03, 0xF0,
    0x1F, 0xC0, 0x7C, 0x00, 0x80, 0x18, 0x40, 0xEF, 0x07, 0xF0, 0x1F, 0x00, 0x70, 0x3F, 0xF9, 0xFF,
    0xFF, 0xFF, 0xFF, 0xF7, 0x80, 0x3C, 0x01, 0xE0, 0x0F, 0xFE, 0x7F, 0xF3, 0xFF, 0x9F, 0xFC, 0xF0,
    0x07, 0x80, 0x3C, 0x01, 0xE0, 0x0F, 0xFF, 0x3F, 0xFD, 0xFF, 0xC0, 0x18, 0xC0, 0xFE, 0x07, 0xE0,
    0x1E, 0x00, 0x00, 0x07, 0xC0, 0xFF, 0x0F, 0xFC, 0x7F, 0xF7, 0x83, 0xFF, 0xFF, 0xFF, 0xFF, 0xFF,
    0xFF, 0xFB, 0xC0, 0x1F, 0x0E, 0x7F, 0xF1, 0xFF, 0x87, 0xF8, 0x0E, 0x00, 0x01, 0xC0, 0x03, 0xE0,
    0x07, 0xF0, 0x07, 0x78, 0x00, 0x00, 0x03, 0xF8, 0x0F, 0xFC, 0x1F, 0xFE, 0x3F, 0xFC, 0x7C, 0x00,
    0xF8, 0x00, 0xF0, 0x00, 0xF0, 0x00, 0xF0, 0x7E, 0xF0, 0xFF, 0xF0, 0xFF, 0xF0, 0x7F, 0xF8, 0x0F,
    0x7C, 0x0F, 0x7E, 0x0F, 0x3F, 0xFF, 0x1F, 0xFE, 0x07, 0xFC, 0x00, 0xE0, 0x07, 0x80, 0x3F, 0x00,
    0xFC, 0x07, 0x38, 0x00, 0x00, 0x3E, 0x63, 0xFF, 0xDF, 0xFF, 0x7F, 0xFF, 0xC1, 0xFF, 0x03, 0xF8,
    0x0F, 0xE0, 0x3F, 0x80, 0xFF, 0x03, 0xFE, 0x1F, 0x7F, 0xFC, 0xFF, 0xF1, 0xFB, 0xC1, 0x8F, 0x38,
    0x79, 0xFF, 0xE7, 0xFF, 0x0F, 0xF8, 0x00, 0x00, 0x0E, 0x38, 0x0F, 0xF8, 0x07, 0xF0, 0x03, 0xE0,
    0x00, 0x00, 0x03, 0xF8, 0x0F, 0xFC, 0x1F, 0xFE, 0x3F, 0xFC, 0x7C, 0x00, 0xF8, 0x00, 0xF0, 0x00,
    0xF0, 0x00, 0xF0, 0x7E, 0xF0, 0xFF, 0xF0, 0xFF, 0xF0, 0x7F, 0xF8, 0x0F, 0x7C, 0x0F, 0x7E, 0x0F,
    0x3F, 0xFF, 0x1F, 0xFE, 0x07, 0xFC, 0x00, 0xE0, 0x18, 0x60, 0x7F, 0x81, 0xFE, 0x03, 0xF0, 0x0F,
    0x98, 0xFF, 0xF7, 0xFF, 0xDF, 0xFF, 0xF0, 0x7F, 0xC0, 0xFE, 0x03, 0xF8, 0x0F, 0xE0, 0x3F, 0xC0,
    0xFF, 0x87, 0xDF, 0xFF, 0x3F, 0xFC, 0x7E, 0xF0, 0x63, 0xCE, 0x1E, 0x7F, 0xF9, 0xFF, 0xC3, 0xFE,
    0x00, 0x01, 0xC0, 0x01, 0xE0, 0x01, 0xE0, 0x01, 0xC0, 0x03, 0xF8, 0x0F, 0xFC, 0x1F, 0xFE, 0x3F,
    0xFC, 0x7C, 0x00, 0xF8, 0x00, 0xF0, 0x00, 0xF0, 0x00, 0xF0, 0x7E, 0xF0, 0xFF, 0xF0, 0xFF, 0xF0,
    0x7F, 0xF8, 0x0F, 0x7C, 0x0F, 0x7E, 0x0F, 0x3F, 0xFF, 0x1F, 0xFE, 0x07, 0xFC, 0x00, 0xE0, 0x07,
    0x80, 0x1E, 0x00, 0x78, 0x00, 0x00, 0x0F, 0x98, 0xFF, 0xF7, 0xFF, 0xDF, 0xFF, 0xF0, 0x7F, 0xC0,
    0xFE, 0x03, 0xF8, 0x0F, 0xE0, 0x3F, 0xC0, 0xFF, 0x87, 0xDF, 0xFF, 0x3F, 0xFC, 0x7E, 0xF0, 0x63,
    0xCE, 0x1E, 0x7F, 0xF9, 0xFF, 0xC3, 0xFE, 0x00, 0x03, 0xF8, 0x0F, 0xFC, 0x1F, 0xFE, 0x3F, 0xFC,
    0x7C, 0x00, 0xF8, 0x00, 0xF0, 0x00, 0xF0, 0x00, 0xF0, 0x7E, 0xF0, 0xFF, 0xF0, 0xFF, 0xF0, 0x7F,
    0xF8, 0x0F, 0x7C, 0x0F, 0x7E, 0x0F, 0x3F, 0xFF, 0x1F, 0xFE, 0x07, 0xFC, 0x00, 0xE0, 0x01, 0xE0,
    0x01, 0xF0, 0x01, 0xE0, 0x01, 0xE0, 0x03, 0x80, 0x1E, 0x00, 0x70, 0x03, 0xE0, 0x0F, 0xC0, 0x1E,
    0x00, 0x30, 0x03, 0xE6, 0x3F, 0xFD, 0xFF, 0xF7, 0xFF, 0xFC, 0x1F, 0xF0, 0x3F, 0x80, 0xFE, 0x03,
    0xF8, 0x0F, 0xF0, 0x3F, 0xE1, 0xF7, 0xFF, 0xCF, 0xFF, 0x1F, 0xBC, 0x18, 0xF3, 0x87, 0x9F, 0xFE,
    0x7F, 0xF0, 0xFF, 0x80, 0x03, 0xC0, 0x07, 0xE0, 0x0F, 0xE0, 0x0E, 0x70, 0x00, 0x00, 0x70, 0x0E,
    0x70, 0x0E, 0xF0, 0x0E, 0xF0, 0x0E, 0xF0, 0x0E, 0xF0, 0x0E, 0xF0, 0x0E, 0xFF, 0xFE, 0xFF, 0xFE,
    0xFF, 0xFE, 0xFF, 0xFE, 0xF0, 0x0E, 0xF0, 0x0E, 0xF0, 0x0E, 0xF0, 0x0E, 0xF0, 0x0E, 0x70, 0x0E,
    0x70, 0x0E, 0x3C, 0x00, 0xFC, 0x01, 0xFC, 0x07, 0x38, 0x00, 0x00, 0x03, 0x00, 0x0F, 0x00, 0x1E,
    0x00, 0x3C, 0x00, 0x78, 0x00, 0xF3, 0xC1, 0xFF, 0xC3, 0xFF, 0xC7, 0xFF, 0x8F, 0x0F, 0x1E, 0x0E,
    0x3C, 0x1C, 0x78, 0x38, 0xF0, 0x71, 0xE0, 0xE3, 0xC1, 0xC7, 0x83, 0x8F, 0x07, 0x0E, 0x0E, 0x38,
    0x03, 0x07, 0x00, 0xE0, 0xE0, 0x1E, 0x7F, 0xFF, 0xEF, 0xFF, 0xFD, 0xFF, 0xFF, 0x8E, 0x01, 0xE1,
    0xFF, 0xFC, 0x3F, 0xFF, 0x87, 0xFF, 0xF0, 0xFF, 0xFE, 0x1C, 0x03, 0xC3, 0x80, 0x78, 0x70, 0x0F,
    0x0E, 0x01, 0xE1, 0xC0, 0x3C, 0x38, 0x07, 0x87, 0x00, 0xE0, 0x18, 0x00, 0x78, 0x00, 0xF0, 0x07,
    0xF8, 0x0F, 0xF0, 0x0F, 0xFE, 0x0F, 0xFE, 0x1F, 0xFE, 0x3F, 0xFC, 0x78, 0x78, 0xF0, 0x71, 0xE0,
    0xE3, 0xC1, 0xC7, 0x83, 0x8F, 0x07, 0x1E, 0x0E, 0x3C, 0x1C, 0x78, 0x38, 0x70, 0x70, 0x38, 0xCF,
    0xDF, 0xFF, 0xF7, 0xE6, 0x38, 0x1C, 0x03, 0x80, 0xF0, 0x1E, 0x03, 0xC0, 0x78, 0x0F, 0x01, 0xE0,
    0x3C, 0x07, 0x80, 0xF0, 0x1E, 0x03, 0xC0, 0x78, 0x0F, 0x01, 0xE0, 0x1C, 0x03, 0x80, 0x79, 0xFF,
    0xFF, 0xFF, 0xBE, 0x40, 0x03, 0x01, 0xE0, 0x78, 0x1E, 0x07, 0x81, 0xE0, 0x78, 0x1E, 0x07, 0x81,
    0xE0, 0x78, 0x1E, 0x07, 0x81, 0xE0, 0xFF, 0xFF, 0xDF, 0xC3, 0x81, 0xC1, 0xE0, 0xF0, 0x78, 0x3C,
    0x1E, 0x0F, 0x07, 0x83, 0xC1, 0xE0, 0xF0, 0x78, 0x3C, 0x1E, 0x0F, 0x03, 0x81, 0xC0, 0x7F, 0x3F,
    0xFF, 0xF8, 0x00, 0x0C, 0x07, 0x81, 0xE0, 0x78, 0x1E, 0x07, 0x81, 0xE0, 0x78, 0x1E, 0x07, 0x81,
    0xE0, 0x78, 0x1E, 0x07, 0x80, 0x00, 0x71, 0xFF, 0xEF, 0xE3, 0xE0, 0x00, 0x70, 0x38, 0x3C, 0x1E,
    0x0F, 0x07, 0x83, 0xC1, 0xE0, 0xF0, 0x78, 0x3C, 0x1E, 0x0F, 0x07, 0x83, 0xC1, 0xE0, 0x70, 0x38,
    0x61, 0x9F, 0xE7, 0xF8, 0xF8, 0x0C, 0x07, 0x81, 0xE0, 0x78, 0x1E, 0x07, 0x81, 0xE0, 0x78, 0x1E,
    0x07, 0x81, 0xE0, 0x78, 0x1E, 0x07, 0x80, 0x1C, 0x38, 0xF9, 0xF3, 0xE7, 0xCF, 0x9F, 0x3E, 0x7C,
    0xF9, 0xF3, 0xE7, 0xCF, 0x9F, 0x3E, 0xF9, 0xE7, 0x0F, 0xDF, 0xDF, 0x08, 0x3C, 0x78, 0xF0, 0x01,
    0x87, 0x8F, 0x1E, 0x3C, 0x78, 0xF1, 0xE3, 0xC7, 0x8F, 0x1E, 0x3C, 0x79, 0xE7, 0x0F, 0xFF, 0xDF,
    0x08, 0x73, 0x9C, 0xE7, 0x3B, 0xDE, 0xF7, 0xBD, 0xEF, 0x7B, 0xDE, 0xF7, 0xBD, 0xE7, 0x38, 0x6F,
    0xFF, 0xFF, 0xFF, 0xFF, 0xFF, 0xFF, 0x70, 0x67, 0x0F, 0x78, 0xF7, 0x8F, 0x78, 0xF7, 0x8F, 0x78,
    0xF7, 0x8F, 0x78, 0xF7, 0x8F, 0x70, 0xF7, 0x0F, 0x00, 0xF2, 0x0F, 0x71, 0xF7, 0xFE, 0x7F, 0xE3,
    0xF8, 0x06, 0x00, 0xF3, 0xBC, 0xFF, 0x38, 0x00, 0x61, 0xBC, 0xEF, 0x3F, 0xCF, 0xF3, 0xFC, 0xFF,
    0x3F, 0xCF, 0xF3, 0xFC, 0xFF, 0x3F, 0xCF, 0xF3, 0xFC, 0xF0, 0x3C, 0x1E, 0x1F, 0x87, 0xE0, 0xF0,
    0x00, 0xE0, 0x07, 0xC0, 0x3F, 0x81, 0xEE, 0x00, 0x00, 0x03, 0x80, 0x0E, 0x00, 0x78, 0x01, 0xE0,
    0x07, 0x80, 0x1E, 0x00, 0x78, 0x01, 0xE0, 0x07, 0x80, 0x1E, 0x00, 0x78, 0x01, 0xE0, 0x07, 0x84,
    0x1E, 0x3C, 0xF8, 0xFF, 0xC3, 0xFF, 0x07, 0xF8, 0x03, 0x00, 0x1C, 0x3E, 0x7F, 0x77, 0x00, 0x08,
    0x1C, 0x1C, 0x1C, 0x1C, 0x1C, 0x1C, 0x1C, 0x1C, 0x1C, 0x1C, 0x1C, 0x1C, 0x1C, 0x1C, 0x3C, 0xFC,
    0xF8, 0xF0, 0x70, 0x0C, 0xE0, 0x3F, 0xC0, 0xFF, 0x83, 0xEF, 0x0F, 0x9E, 0x3E, 0x3C, 0xF8, 0x7B,
    0xE0, 0xFF, 0x81, 0xFF, 0x83, 0xFF, 0x87, 0xEF, 0x8F, 0x8F, 0x9E, 0x1F, 0x3C, 0x1F, 0x78, 0x1F,
    0x70, 0x1E, 0xE0, 0x3C, 0x0C, 0x00, 0x3C, 0x00, 0x7C, 0x00, 0xF0, 0x01, 0xE0, 0x00, 0x60, 0x03,
    0x80, 0x3C, 0x01, 0xE0, 0x0F, 0x00, 0x78, 0x33, 0xC3, 0xDE, 0x3E, 0xF3, 0xE7, 0xBE, 0x3F, 0xE1,
    0xFE, 0x0F, 0xF8, 0x7F, 0xE3, 0xFF, 0x9E, 0x7C, 0xF1, 0xF3, 0x87, 0xDC, 0x1C, 0x00, 0x00, 0xF0,
    0x0F, 0x80, 0x7C, 0x00, 0xE0, 0x0F, 0x00, 0x70, 0x03, 0x00, 0x60, 0x63, 0x87, 0xBC, 0x7D, 0xE7,
    0xCF, 0x7C, 0x7F, 0xC3, 0xFC, 0x1F, 0xF0, 0xFF, 0xC7, 0xFF, 0x3C, 0xF9, 0xE3, 0xE7, 0x0F, 0xB8,
    0x38, 0x0C, 0x00, 0xF0, 0x0F, 0x00, 0xF0, 0x06, 0x00, 0x38, 0x01, 0xC0, 0x1E, 0x00, 0xF0, 0x07,
    0x80, 0x3C, 0x01, 0xE0, 0x0F, 0x00, 0x78, 0x03, 0xC0, 0x1E, 0x00, 0xF0, 0x07, 0x80, 0x3C, 0x01,
    0xE0, 0x0F, 0xFF, 0x3F, 0xF9, 0xFF, 0xC0, 0x0C, 0x3C, 0xFB, 0xC7, 0x0C, 0x1C, 0x78, 0xF1, 0xE3,
    0xC7, 0x8F, 0x1E, 0x3C, 0x78, 0xF1, 0xE3, 0xC7, 0x8F, 0x1E, 0x1C, 0x38, 0x70, 0x03, 0x80, 0x3C,
    0x01, 0xE0, 0x0F, 0x00, 0x78, 0x03, 0xC0, 0x1E, 0x00, 0xF0, 0x07, 0x80, 0x3C, 0x01, 0xE0, 0x0F,
    0x00, 0x78, 0x03, 0xC0, 0x1F, 0xFE, 0x7F, 0xF3, 0xFF, 0x81, 0x80, 0x1E, 0x00, 0xF0, 0x07, 0x80,
    0x3C, 0x00, 0x30, 0xE7, 0x9E, 0x79, 0xE7, 0x9E, 0x79, 0xE7, 0x9E, 0x79, 0xE7, 0x9E, 0x78, 0xE3,
    0x80, 0x7B, 0xFF, 0xCF, 0x79, 0xE6, 0x00, 0x03, 0xC3, 0x9F, 0x1C, 0xF9, 0xE1, 0xCF, 0x1E, 0x79,
    0xE3, 0xC6, 0x1E, 0x00, 0xF0, 0x07, 0x80, 0x3C, 0x01, 0xE0, 0x0F, 0x00, 0x78, 0x03, 0xC0, 0x1E,
    0x00, 0xFF, 0xF3, 0xFF, 0x9F, 0xFC, 0x67, 0x9F, 0xEF, 0xFF, 0xCF, 0xF7, 0xBD, 0xEF, 0x63, 0xC0,
    0xF0, 0x3C, 0x0F, 0x03, 0xC0, 0xF0, 0x3C, 0x0F, 0x03, 0xC0, 0xF0, 0x1C, 0x07, 0x00, 0x70, 0x03,
    0x80, 0x3C, 0x01, 0xE0, 0x0F, 0x00, 0x78, 0x03, 0xC3, 0x9E, 0x1C, 0xF1, 0xE7, 0x87, 0x3C, 0x01,
    0xE0, 0x0F, 0x00, 0x78, 0x03, 0xC0, 0x1F, 0xFE, 0x7F, 0xF3, 0xFF, 0x80, 0x60, 0x1C, 0x0F, 0x03,
    0xC0, 0xF0, 0x3C, 0x0F, 0x03, 0xCE, 0xF7, 0xBD, 0xEF, 0x3B, 0xC0, 0xF0, 0x3C, 0x0F, 0x03, 0xC0,
    0xF0, 0x1C, 0x07, 0x00, 0x0C, 0x00, 0x3C, 0x00, 0x78, 0x00, 0xF0, 0x01, 0xE0, 0x03, 0xDC, 0x07,
    0xF8, 0x0F, 0xF0, 0x3F, 0xC0, 0xFC, 0x01, 0xF8, 0x01, 0xF0, 0x01, 0xE0, 0x03, 0xC0, 0x07, 0x80,
    0x0F, 0xFF, 0x1F, 0xFE, 0x1F, 0xFC, 0x18, 0x0E, 0x0F, 0x07, 0x83, 0xC1, 0xE0, 0xF0, 0x7E, 0x3F,
    0xBF, 0xBF, 0x9F, 0x87, 0xC1, 0xE0, 0xF0, 0x78, 0x3C, 0x0E, 0x07, 0x00, 0x00, 0x30, 0x00, 0x78,
    0x00, 0xF0, 0x01, 0xE0, 0x01, 0x80, 0x70, 0x06, 0x70, 0x0F, 0xF8, 0x0F, 0xFC, 0x0F, 0xFE, 0x0F,
    0xFF, 0x0F, 0xFF, 0x0F, 0xFF, 0x8F, 0xF7, 0xCF, 0xF3, 0xEF, 0xF1, 0xFF, 0xF0, 0xFF, 0xF0, 0xFF,
    0xF0, 0x7F, 0xF0, 0x3F, 0xF0, 0x1F, 0x70, 0x1F, 0x70, 0x0F, 0x00, 0xE0, 0x0F, 0x00, 0x70, 0x07,
    0x80, 0x38, 0x31, 0xE3, 0xFF, 0x9F, 0xFE, 0xFF, 0xF7, 0x83, 0xFC, 0x1F, 0xE0, 0xFF, 0x07, 0xF8,
    0x3F, 0xC1, 0xFE, 0x0F, 0xF0, 0x7F, 0x83, 0xDC, 0x1C, 0x70, 0x06, 0x70, 0x0F, 0xF8, 0x0F, 0xFC,
    0x0F, 0xFE, 0x0F, 0xFF, 0x0F, 0xFF, 0x0F, 0xFF, 0x8F, 0xF7, 0xCF, 0xF3, 0xEF, 0xF1, 0xFF, 0xF0,
    0xFF, 0xF0, 0xFF, 0xF0, 0x7F, 0xF0, 0x3F, 0xF0, 0x1F, 0x70, 0x1F, 0x70, 0x0F, 0x01, 0x80, 0x03,
    0xC0, 0x03, 0xE0, 0x03, 0xC0, 0x03, 0xC0, 0x63, 0xC7, 0xFF, 0x3F, 0xFD, 0xFF, 0xEF, 0x07, 0xF8,
    0x3F, 0xC1, 0xFE, 0x0F, 0xF0, 0x7F, 0x83, 0xFC, 0x1F, 0xE0, 0xFF, 0x07, 0xB8, 0x38, 0x00, 0x01,
    0xE0, 0x1F, 0x80, 0xFC, 0x00, 0xE0, 0x1E, 0x00, 0xF0, 0x06, 0x00, 0x04, 0x30, 0x0F, 0x70, 0x07,
    0xF0, 0x03, 0xE0, 0x01, 0xC0, 0x70, 0x06, 0x70, 0x0F, 0xF8, 0x0F, 0xFC, 0x0F, 0xFE, 0x0F, 0xFF,
    0x0F, 0xFF, 0x0F, 0xFF, 0x8F, 0xF7, 0xCF, 0xF3, 0xEF, 0xF1, 0xFF, 0xF0, 0xFF, 0xF0, 0xFF, 0xF0,
    0x7F, 0xF0, 0x3F, 0xF0, 0x1F, 0x70, 0x1F, 0x70, 0x0F, 0x1C, 0xC0, 0xFE, 0x03, 0xF0, 0x0F, 0x00,
    0x00, 0x31, 0xE3, 0xFF, 0x9F, 0xFE, 0xFF, 0xF7, 0x83, 0xFC, 0x1F, 0xE0, 0xFF, 0x07, 0xF8, 0x3F,
    0xC1, 0xFE, 0x0F, 0xF0, 0x7F, 0x83, 0xDC, 0x1C, 0x38, 0x00, 0x78, 0x00, 0x78, 0x00, 0x70, 0x00,
    0x76, 0x7C, 0x7F, 0xFE, 0x6F, 0xFF, 0x6F, 0xFF, 0x0F, 0x0F, 0x0F, 0x07, 0x0F, 0x07, 0x0F, 0x07,
    0x0F, 0x07, 0x0F, 0x07, 0x0F, 0x07, 0x0F, 0x07, 0x0F, 0x07, 0x0E, 0x07, 0x60, 0x07, 0x70, 0x07,
    0xF8, 0x07, 0xFC, 0x07, 0xFE, 0x07, 0xFF, 0x07, 0xFF, 0x07, 0xF7, 0x87, 0xF7, 0xC7, 0xF3, 0xE7,
    0xF1, 0xF7, 0xF0, 0xFF, 0xF0, 0x7F, 0xF0, 0x3F, 0xF0, 0x3F, 0xF0, 0x1F, 0x70, 0x0F, 0x70, 0x07,
    0x00, 0x07, 0x00, 0x0F, 0x00, 0x3F, 0x00, 0x3F, 0x00, 0x3E, 0x63, 0xC7, 0xFF, 0x3F, 0xFD, 0xFF,
    0xEF, 0x07, 0xF8, 0x3F, 0xC1, 0xFE, 0x0F, 0xF0, 0x7F, 0x83, 0xFC, 0x1F, 0xE0, 0xFF, 0x07, 0xB8,
    0x3C, 0x01, 0xE0, 0x0F, 0x03, 0xF0, 0x1F, 0x80, 0xF8, 0x0F, 0xF8, 0x07, 0xFC, 0x01, 0xFC, 0x00,
    0xFE, 0x01, 0xFF, 0xC1, 0xFF, 0xF1, 0xFF, 0xFC, 0xF8, 0x3E, 0xF8, 0x0F, 0xF8, 0x03, 0xFC, 0x01,
    0xFE, 0x00, 0xFF, 0x00, 0x7F, 0x80, 0x3F, 0xC0, 0x1F, 0xE0, 0x0F, 0x78, 0x0F, 0x3F, 0x1F, 0x8F,
    0xFF, 0x83, 0xFF, 0x80, 0xFF, 0x80, 0x0E, 0x00, 0x1F, 0xC0, 0xFF, 0x83, 0xFE, 0x00, 0x00, 0x0F,
    0x80, 0xFF, 0x87, 0xFF, 0x1F, 0xFE, 0xF0, 0x7B, 0xC0, 0xFE, 0x03, 0xF8, 0x0F, 0xF0, 0x3F, 0xC0,
    0xFF, 0x87, 0x9F, 0xFE, 0x3F, 0xF0, 0x7F, 0x80, 0x70, 0x00, 0x00, 0x00, 0x07, 0x1C, 0x03, 0xFE,
    0x00, 0xFE, 0x00, 0x3E, 0x00, 0x00, 0x00, 0x1F, 0xC0, 0x3F, 0xF8, 0x3F, 0xFE, 0x3F, 0xFF, 0x9F,
    0x07, 0xDF, 0x01, 0xFF, 0x00, 0x7F, 0x80, 0x3F, 0xC0, 0x1F, 0xE0, 0x0F, 0xF0, 0x07, 0xF8, 0x03,
    0xFC, 0x01, 0xEF, 0x01, 0xE7, 0xE3, 0xF1, 0xFF, 0xF0, 0x7F, 0xF0, 0x1F, 0xF0, 0x01, 0xC0, 0x00,
    0x38, 0xE0, 0x7F, 0x81, 0xFE, 0x03, 0xE0, 0x0F, 0x80, 0xFF, 0x87, 0xFF, 0x1F, 0xFE, 0xF0, 0x7B,
    0xC0, 0xFE, 0x03, 0xF8, 0x0F, 0xF0, 0x3F, 0xC0, 0xFF, 0x87, 0x9F, 0xFE, 0x3F, 0xF0, 0x7F, 0x80,
    0x70, 0x00, 0x01, 0x88, 0x01, 0xEE, 0x00, 0xFF, 0x00, 0xF7, 0x00, 0x73, 0x00, 0x00, 0x00, 0x1F,
    0xC0, 0x3F, 0xF8, 0x3F, 0xFE, 0x3F, 0xFF, 0x9F, 0x07, 0xDF, 0x01, 0xFF, 0x00, 0x7F, 0x80, 0x3F,
    0xC0, 0x1F, 0xE0, 0x0F, 0xF0, 0x07, 0xF8, 0x03, 0xFC, 0x01, 0xEF, 0x01, 0xE7, 0xE3, 0xF1, 0xFF,
    0xF0, 0x7F, 0xF0, 0x1F, 0xF0, 0x01, 0xC0, 0x00, 0x07, 0x70, 0x3D, 0xC1, 0xEF, 0x07, 0x38, 0x00,
    0x00, 0x3E, 0x03, 0xFE, 0x1F, 0xFC, 0x7F, 0xFB, 0xC1, 0xEF, 0x03, 0xF8, 0x0F, 0xE0, 0x3F, 0xC0,
    0xFF, 0x03, 0xFE, 0x1E, 0x7F, 0xF8, 0xFF, 0xC1, 0xFE, 0x01, 0xC0, 0x07, 0xFF, 0xFC, 0x3F, 0xFF,
    0xF8, 0xFF, 0xFF, 0xF3, 0xFF, 0xFF, 0xE7, 0x81, 0xC0, 0x1E, 0x03, 0x80, 0x3C, 0x07, 0x00, 0x78,
    0x0E, 0x00, 0xE0, 0x1F, 0xF9, 0xC0, 0x3F, 0xF3, 0x80, 0x7F, 0xE7, 0x80, 0xE0, 0x0F, 0x01, 0xC0,
    0x1F, 0x03, 0x80, 0x1F, 0x07, 0x00, 0x1F, 0xFF, 0xFE, 0x3F, 0xFF, 0xFE, 0x1F, 0xFF, 0xF8, 0x0F,
    0x81, 0xE0, 0x3F, 0xE7, 0xF8, 0x7F, 0xFF, 0xFC, 0x7F, 0xFF, 0xFE, 0xF0, 0x7E, 0x1E, 0xF0, 0x3F,
    0xFF, 0xE0, 0x3F, 0xFF, 0xE0, 0x3F, 0xFF, 0xF0, 0x3F, 0xFE, 0xF0, 0x3C, 0x00, 0xF8, 0x7E, 0x0C,
    0x7F, 0xFF, 0xFE, 0x3F, 0xFF, 0xFE, 0x1F, 0xE7, 0xFC, 0x07, 0x00, 0xE0, 0x00, 0x60, 0x00, 0xF0,
    0x01, 0xF0, 0x03, 0xE0, 0x01, 0x80, 0x7F, 0xE0, 0x7F, 0xF8, 0xFF, 0xFC, 0xFF, 0xFC, 0xF0, 0x1E,
    0xF0, 0x1E, 0xF0, 0x1E, 0xF0, 0x1E, 0xF0, 0x3C, 0xFF, 0xF8, 0xFF, 0xF8, 0xFF, 0xFC, 0xF0, 0x3C,
    0xF0, 0x1C, 0xF0, 0x1C, 0xF0, 0x1E, 0x70, 0x1F, 0x70, 0x0E, 0x00, 0x00, 0x07, 0x01, 0xC0, 0xF0,
    0x38, 0x1C, 0x19, 0xEF, 0xFF, 0xFF, 0xFD, 0xBC, 0x0F, 0x03, 0xC0, 0xF0, 0x3C, 0x0F, 0x03, 0xC0,
    0xF0, 0x3C, 0x07, 0x00, 0x7F, 0xE0, 0x7F, 0xF8, 0xFF, 0xFC, 0xFF, 0xFC, 0xF0, 0x1E, 0xF0, 0x1E,
    0xF0, 0x1E, 0xF0, 0x1E, 0xF0, 0x3C, 0xFF, 0xF8, 0xFF, 0xF8, 0xFF, 0xFC, 0xF0, 0x3C, 0xF0, 0x1C,
    0xF0, 0x1C, 0xF0, 0x1E, 0x70, 0x1F, 0x70, 0x0E, 0x01, 0x80, 0x03, 0xC0, 0x03, 0xC0, 0x03, 0xC0,
    0x03, 0x80, 0x33, 0xCF, 0xFD, 0xFF, 0xBF, 0x67, 0x80, 0xF0, 0x1E, 0x03, 0xC0, 0x78, 0x0F, 0x01,
    0xE0, 0x3C, 0x07, 0x80, 0x70, 0x00, 0x03, 0xC0, 0xF8, 0x1F, 0x00, 0xE0, 0x3C, 0x07, 0x00, 0xC0,
    0x00, 0x0C, 0x20, 0x0E, 0xF0, 0x0F, 0xE0, 0x07, 0xC0, 0x03, 0x80, 0x7F, 0xE0, 0x7F, 0xF8, 0xFF,
    0xFC, 0xFF, 0xFC, 0xF0, 0x1E, 0xF0, 0x1E, 0xF0, 0x1E, 0xF0, 0x1E, 0xF0, 0x3C, 0xFF, 0xF8, 0xFF,
    0xF8, 0xFF, 0xFC, 0xF0, 0x3C, 0xF0, 0x1C, 0xF0, 0x1C, 0xF0, 0x1E, 0x70, 0x1F, 0x70, 0x0E, 0x00,
    0x00, 0x63, 0x1F, 0xC7, 0xE0, 0xF8, 0x00, 0x19, 0xEF, 0xFF, 0xFF, 0xFD, 0xBC, 0x0F, 0x03, 0xC0,
    0xF0, 0x3C, 0x0F, 0x03, 0xC0, 0xF0, 0x3C, 0x07, 0x00, 0x00, 0xC0, 0x0F, 0x00, 0xF8, 0x0F, 0x80,
    0x70, 0x0F, 0xE0, 0xFF, 0xCF, 0xFF, 0xFF, 0xFF, 0x81, 0xBC, 0x01, 0xE0, 0x0F, 0xE0, 0x3F, 0xF0,
    0xFF, 0xC1, 0xFF, 0x00, 0xF8, 0x03, 0xF0, 0x1F, 0xE0, 0xFF, 0xFF, 0xFF, 0xF8, 0xFF, 0x80, 0xE0,
    0x01, 0xC0, 0x3C, 0x03, 0xC0, 0x78, 0x07, 0x00, 0xF8, 0x3F, 0xC7, 0xFE, 0x79, 0xE7, 0x04, 0x7C,
    0x07, 0xF8, 0x3F, 0xE0, 0xFE, 0x01, 0xEF, 0x0F, 0xFF, 0xE7, 0xFE, 0x3F, 0xC0, 0x60, 0x07, 0x00,
    0x7C, 0x07, 0xF0, 0x7B, 0x80, 0x00, 0x0F, 0xE0, 0xFF, 0xCF, 0xFF, 0xFF, 0xFF, 0x81, 0xBC, 0x01,
    0xE0, 0x0F, 0xE0, 0x3F, 0xF0, 0xFF, 0xC1, 0xFF, 0x00, 0xF8, 0x03, 0xF0, 0x1F, 0xE0, 0xFF, 0xFF,
    0xFF, 0xF8, 0xFF, 0x80, 0xE0, 0x0F, 0x01, 0xF8, 0x1F, 0x83, 0x9C, 0x00, 0x00, 0xF8, 0x3F, 0xC7,
    0xFE, 0x79, 0xE7, 0x04, 0x7C, 0x07, 0xF8, 0x3F, 0xE0, 0xFE, 0x01, 0xEF, 0x0F, 0xFF, 0xE7, 0xFE,
    0x3F, 0xC0, 0x60, 0x1F, 0xC1, 0xFF, 0x9F, 0xFF, 0xFF, 0xFF, 0x03, 0x78, 0x03, 0xC0, 0x1F, 0xC0,
    0x7F, 0xE1, 0xFF, 0x83, 0xFE, 0x01, 0xF0, 0x07, 0xE0, 0x3F, 0xC1, 0xFF, 0xFF, 0xFF, 0xF1, 0xFF,
    0x03, 0xC0, 0x1C, 0x01, 0xE0, 0x06, 0x00, 0x0F, 0x83, 0xFC, 0x7F, 0xE7, 0x9E, 0x70, 0x47, 0xC0,
    0x7F, 0x83, 0xFE, 0x0F, 0xE0, 0x1E, 0xF0, 0xFF, 0xFE, 0x7F, 0xE3, 0xFC, 0x07, 0x00, 0xF0, 0x0E,
    0x00, 0xE0, 0x18, 0xC0, 0xEE, 0x07, 0xF0, 0x1F, 0x00, 0x70, 0x0F, 0xE0, 0xFF, 0xCF, 0xFF, 0xFF,
    0xFF, 0x81, 0xBC, 0x01, 0xE0, 0x0F, 0xE0, 0x3F, 0xF0, 0xFF, 0xC1, 0xFF, 0x00, 0xF8, 0x03, 0xF0,
    0x1F, 0xE0, 0xFF, 0xFF, 0xFF, 0xF8, 0xFF, 0x80, 0xE0, 0x39, 0xC3, 0xFC, 0x1F, 0x80, 0xF0, 0x00,
    0x00, 0xF8, 0x3F, 0xC7, 0xFE, 0x79, 0xE7, 0x04, 0x7C, 0x07, 0xF8, 0x3F, 0xE0, 0xFE, 0x01, 0xEF,
    0x0F, 0xFF, 0xE7, 0xFE, 0x3F, 0xC0, 0x60, 0x7F, 0xFF, 0xFF, 0xFF, 0xFF, 0xFB, 0xFF, 0xE0, 0x3C,
    0x00, 0x78, 0x00, 0xF0, 0x01, 0xE0, 0x03, 0xC0, 0x07, 0x80, 0x0F, 0x00, 0x1E, 0x00, 0x3C, 0x00,
    0x78, 0x00, 0xF0, 0x01, 0xE0, 0x03, 0xC0, 0x07, 0x00, 0x0E, 0x00, 0x38, 0x00, 0x70, 0x00, 0xE0,
    0x00, 0x08, 0x07, 0x01, 0xC0, 0xF8, 0xFF, 0xBF, 0xE7, 0xF8, 0x70, 0x1C, 0x07, 0x01, 0xC0, 0x70,
    0x1C, 0x07, 0x01, 0xF8, 0x7E, 0x0F, 0x83, 0xC0, 0xE0, 0x78, 0x0C, 0x00, 0x0C, 0x20, 0x1F, 0xE0,
    0x1F, 0x80, 0x3E, 0x00, 0x38, 0x0F, 0xFF, 0xFF, 0xFF, 0xFF, 0xFF, 0x7F, 0xFC, 0x07, 0x80, 0x0F,
    0x00, 0x1E, 0x00, 0x3C, 0x00, 0x78, 0x00, 0xF0, 0x01, 0xE0, 0x03, 0xC0, 0x07, 0x80, 0x0F, 0x00,
    0x1E, 0x00, 0x3C, 0x00, 0x78, 0x00, 0xE0, 0x00, 0x01, 0xC0, 0x3E, 0x03, 0xE0, 0x0E, 0x09, 0xE1,
    0xDC, 0x1D, 0x83, 0xE0, 0xFF, 0x8F, 0xF8, 0x7F, 0x81, 0xC0, 0x1C, 0x01, 0xC0, 0x1C, 0x01, 0xC0,
    0x1C, 0x01, 0xC0, 0x1F, 0x81, 0xF8, 0x0F, 0x80, 0x7F, 0xFF, 0xFF, 0xFF, 0xFF, 0xFB, 0xFF, 0xE0,
    0x3C, 0x00, 0x78, 0x00, 0xF0, 0x01, 0xE0, 0x0F, 0xF0, 0x1F, 0xE0, 0x1F, 0xC0, 0x1E, 0x00, 0x3C,
    0x00, 0x78, 0x00, 0xF0, 0x01, 0xE0, 0x03, 0xC0, 0x07, 0x00, 0x08, 0x07, 0x01, 0xC0, 0xF8, 0xFF,
    0xBF, 0xE7, 0xF8, 0x70, 0x1C, 0x1F, 0xE7, 0xF8, 0xFE, 0x1C, 0x07, 0x01, 0xF8, 0x7E, 0x0F, 0x80,
    0x06, 0x30, 0x3F, 0x70, 0x7F, 0xE0, 0xEF, 0xC1, 0x86, 0x0E, 0x01, 0x9C, 0x03, 0xF8, 0x07, 0xF0,
    0x0F, 0xE0, 0x1F, 0xC0, 0x3F, 0x80, 0x7F, 0x00, 0xFE, 0x01, 0xFC, 0x03, 0xF8, 0x07, 0x70, 0x1E,
    0xF0, 0x3D, 0xE0, 0x7B, 0xF3, 0xE3, 0xFF, 0xC3, 0xFF, 0x03, 0xFC, 0x00, 0x00, 0x1C, 0x61, 0xFF,
    0x1F, 0xF8, 0xE7, 0xC0, 0x00, 0x30, 0x13, 0xC1, 0xDE, 0x0E, 0xF0, 0x77, 0x83, 0xBC, 0x1D, 0xE0,
    0xEF, 0x07, 0x78, 0x3B, 0xC1, 0xCF, 0x1E, 0x7F, 0xF3, 0xFF, 0x0F, 0xF0, 0x0E, 0x00, 0x1F, 0xF0,
    0x3F, 0xE0, 0x3F, 0x83, 0x80, 0x67, 0x00, 0xFE, 0x01, 0xFC, 0x03, 0xF8, 0x07, 0xF0, 0x0F, 0xE0,
    0x1F, 0xC0, 0x3F, 0x80, 0x7F, 0x00, 0xFE, 0x01, 0xDC, 0x07, 0xBC, 0x0F, 0x78, 0x1E, 0xFC, 0xF8,
    0xFF, 0xF0, 0xFF, 0xC0, 0xFF, 0x00, 0x00, 0x00, 0x1F, 0xC1, 0xFF, 0x0F, 0xF8, 0x00, 0x06, 0x02,
    0x78, 0x3B, 0xC1, 0xDE, 0x0E, 0xF0, 0x77, 0x83, 0xBC, 0x1D, 0xE0, 0xEF, 0x07, 0x78, 0x39, 0xE3,
    0xCF, 0xFE, 0x7F, 0xE1, 0xFE, 0x01, 0xC0, 0x00, 0x00, 0x38, 0xE0, 0x3F, 0xC0, 0x7F, 0x00, 0x7C,
    0x00, 0x00, 0x1C, 0x03, 0x38, 0x07, 0xF0, 0x0F, 0xE0, 0x1F, 0xC0, 0x3F, 0x80, 0x7F, 0x00, 0xFE,
    0x01, 0xFC, 0x03, 0xF8, 0x07, 0xF0, 0x0E, 0xE0, 0x3D, 0xE0, 0x7B, 0xC0, 0xF7, 0xE7, 0xC7, 0xFF,
    0x87, 0xFE, 0x07, 0xF8, 0x00, 0x00, 0x38, 0xE1, 0xFF, 0x07, 0xF0, 0x1F, 0x06, 0x02, 0x78, 0x3B,
    0xC1, 0xDE, 0x0E, 0xF0, 0x77, 0x83, 0xBC, 0x1D, 0xE0, 0xEF, 0x07, 0x78, 0x39, 0xE3, 0xCF, 0xFE,
    0x7F, 0xE1, 0xFE, 0x01, 0xC0, 0x01, 0x80, 0x0F, 0x80, 0x1F, 0x80, 0x33, 0x00, 0x7E, 0x00, 0xF8,
    0x00, 0x60, 0x38, 0x06, 0x70, 0x0F, 0xE0, 0x1F, 0xC0, 0x3F, 0x80, 0x7F, 0x00, 0xFE, 0x01, 0xFC,
    0x03, 0xF8, 0x07, 0xF0, 0x0F, 0xE0, 0x1D, 0xC0, 0x7B, 0xC0, 0xF7, 0x81, 0xEF, 0xCF, 0x8F, 0xFF,
    0x0F, 0xFC, 0x0F, 0xF0, 0x00, 0x00, 0x07, 0x00, 0x7C, 0x07, 0x70, 0x3B, 0x80, 0xF8, 0x03, 0x81,
    0x80, 0x9E, 0x0E, 0xF0, 0x77, 0x83, 0xBC, 0x1D, 0xE0, 0xEF, 0x07, 0x78, 0x3B, 0xC1, 0xDE, 0x0E,
    0x78, 0xF3, 0xFF, 0x9F, 0xF8, 0x7F, 0x80, 0x70, 0x00, 0x01, 0x18, 0x07, 0x78, 0x1E, 0xE0, 0x3B,
    0xC0, 0x66, 0x00, 0x00, 0x1C, 0x03, 0x38, 0x07, 0xF0, 0x0F, 0xE0, 0x1F, 0xC0, 0x3F, 0x80, 0x7F,
    0x00, 0xFE, 0x01, 0xFC, 0x03, 0xF8, 0x07, 0xF0, 0x0E, 0xE0, 0x3D, 0xE0, 0x7B, 0xC0, 0xF7, 0xE7,
    0xC7, 0xFF, 0x87, 0xFE, 0x07, 0xF8, 0x00, 0x00, 0x0E, 0x70, 0x77, 0x87, 0xB8, 0x3B, 0x80, 0x00,
    0x30, 0x13, 0xC1, 0xDE, 0x0E, 0xF0, 0x77, 0x83, 0xBC, 0x1D, 0xE0, 0xEF, 0x07, 0x78, 0x3B, 0xC1,
    0xCF, 0x1E, 0x7F, 0xF3, 0xFF, 0x0F, 0xF0, 0x0E, 0x00, 0x70, 0x0C, 0xE0, 0x1F, 0xC0, 0x3F, 0x80,
    0x7F, 0x00, 0xFE, 0x01, 0xFC, 0x03, 0xF8, 0x07, 0xF0, 0x0F, 0xE0, 0x1F, 0xC0, 0x3B, 0x80, 0xF7,
    0x81, 0xEF, 0x03, 0xDF, 0x9F, 0x1F, 0xFE, 0x1F, 0xF8, 0x1F, 0xE0, 0x07, 0x80, 0x0E, 0x00, 0x1F,
    0x80, 0x3F, 0x00, 0x7E, 0x00, 0x10, 0x60, 0x27, 0x83, 0xBC, 0x1D, 0xE0, 0xEF, 0x07, 0x78, 0x3B,
    0xC1, 0xDE, 0x0E, 0xF0, 0x77, 0x83, 0x9E, 0x3C, 0xFF, 0xE7, 0xFE, 0x1F, 0xE0, 0x1E, 0x00, 0xE0,
    0x07, 0xE0, 0x3F, 0x80, 0xF8, 0x01, 0x00, 0x00, 0x3C, 0x00, 0x00, 0x7C, 0x00, 0x00, 0xFE, 0x00,
    0x00, 0xE7, 0x00, 0x00, 0x00, 0x00, 0x60, 0x00, 0x0E, 0xF0, 0x00, 0x0E, 0xF0, 0x00, 0x1E, 0xF8,
    0x00, 0x1E, 0x78, 0x38, 0x1E, 0x78, 0x3C, 0x3C, 0x7C, 0x7C, 0x3C, 0x3C, 0x7E, 0x3C, 0x3C, 0x7E,
    0x78, 0x3E, 0xFF, 0x78, 0x1E, 0xFF, 0x78, 0x1F, 0xE7, 0xF0, 0x1F, 0xE7, 0xF0, 0x0F, 0xC7, 0xF0,
    0x0F, 0xC3, 0xE0, 0x07, 0x83, 0xE0, 0x07, 0x81, 0xE0, 0x07, 0x01, 0xC0, 0x00, 0xF0, 0x00, 0x3E,
    0x00, 0x0F, 0xE0, 0x01, 0xCC, 0x00, 0x00, 0x00, 0xC0, 0x01, 0x9C, 0x00, 0x7F, 0x83, 0x0F, 0x78,
    0xE3, 0xCF, 0x1E, 0x79, 0xE7, 0xCF, 0x1E, 0xFB, 0xC3, 0xFF, 0xF8, 0x3F, 0x7F, 0x07, 0xEF, 0xC0,
    0xFD, 0xF8, 0x0F, 0x1E, 0x01, 0xE3, 0xC0, 0x1C, 0x38, 0x00, 0x00, 0x00, 0x03, 0x80, 0x0F, 0x80,
    0x3F, 0x80, 0xF7, 0x00, 0x00, 0x0C, 0x01, 0xBC, 0x07, 0xFC, 0x1F, 0x78, 0x3C, 0xF8, 0xF8, 0xFB,
    0xE0, 0xFF, 0x80, 0xFE, 0x01, 0xFC, 0x01, 0xF0, 0x01, 0xC0, 0x03, 0x80, 0x07, 0x00, 0x0E, 0x00,
    0x1C, 0x00, 0x38, 0x00, 0x70, 0x00, 0xE0, 0x00, 0x07, 0x00, 0x7C, 0x07, 0xF0, 0x33, 0x80, 0x00,
    0x30, 0x13, 0xC1, 0xDE, 0x0E, 0xF0, 0x77, 0x83, 0xBC, 0x1D, 0xE0, 0xEF, 0x07, 0x78, 0x3B, 0xC1,
    0xDF, 0x1E, 0x7F, 0xF3, 0xFF, 0x8F, 0xFC, 0x19, 0xE3, 0x0F, 0x3F, 0xF9, 0xFF, 0x87, 0xF0, 0x1E,
    0xF0, 0x3D, 0xE0, 0x7B, 0xC0, 0x00, 0x06, 0x00, 0xDE, 0x03, 0xFE, 0x0F, 0xBC, 0x1E, 0x7C, 0x7C,
    0x7D, 0xF0, 0x7F, 0xC0, 0x7F, 0x00, 0xFE, 0x00, 0xF8, 0x00, 0xE0, 0x01, 0xC0, 0x03, 0x80, 0x07,
    0x00, 0x0E, 0x00, 0x1C, 0x00, 0x38, 0x00, 0x70, 0x00, 0x00, 0x30, 0x00, 0x70, 0x01, 0xF0, 0x01,
    0xE0, 0x01, 0x80, 0x3F, 0xFE, 0x3F, 0xFF, 0x3F, 0xFF, 0x1F, 0xFE, 0x00, 0x7C, 0x00, 0x78, 0x00,
    0xF8, 0x01, 0xF0, 0x03, 0xE0, 0x07, 0xC0, 0x07, 0xC0, 0x0F, 0x80, 0x1F, 0x00, 0x3E, 0x00, 0x3C,
    0x00, 0x7F, 0xFE, 0x7F, 0xFE, 0x7F, 0xFE, 0x01, 0xC0, 0x3C, 0x03, 0xC0, 0x78, 0x07, 0x01, 0xFC,
    0x7F, 0xF7, 0xFF, 0x7F, 0xE0, 0x3E, 0x07, 0xC0, 0x78, 0x0F, 0x01, 0xE0, 0x3E, 0x07, 0xC0, 0x7F,
    0xEF, 0xFF, 0x7F, 0xF0, 0x01, 0x80, 0x03, 0xC0, 0x03, 0xC0, 0x01, 0xC0, 0x3F, 0xFE, 0x3F, 0xFF,
    0x3F, 0xFF, 0x1F, 0xFE, 0x00, 0x7C, 0x00, 0x78, 0x00, 0xF8, 0x01, 0xF0, 0x03, 0xE0, 0x07, 0xC0,
    0x07, 0xC0, 0x0F, 0x80, 0x1F, 0x00, 0x3E, 0x00, 0x3C, 0x00, 0x7F, 0xFE, 0x7F, 0xFE, 0x7F, 0xFE,
    0x0F, 0x00, 0xF0, 0x0F, 0x00, 0x00, 0x1F, 0xC7, 0xFF, 0x7F, 0xF7, 0xFE, 0x03, 0xE0, 0x7C, 0x07,
    0x80, 0xF0, 0x1E, 0x03, 0xE0, 0x7C, 0x07, 0xFE, 0xFF, 0xF7, 0xFF, 0x04, 0x30, 0x0F, 0xF0, 0x07,
    0xE0, 0x03, 0xE0, 0x01, 0xC0, 0x3F, 0xFE, 0x3F, 0xFF, 0x3F, 0xFF, 0x1F, 0xFE, 0x00, 0x7C, 0x00,
    0x78, 0x00, 0xF8, 0x01, 0xF0, 0x03, 0xE0, 0x07, 0xC0, 0x07, 0xC0, 0x0F, 0x80, 0x1F, 0x00, 0x3E,
    0x00, 0x3C, 0x00, 0x7F, 0xFE, 0x7F, 0xFE, 0x7F, 0xFE, 0x39, 0xC3, 0xFC, 0x1F, 0x80, 0xF0, 0x00,
    0x01, 0xFC, 0x7F, 0xF7, 0xFF, 0x7F, 0xE0, 0x3E, 0x07, 0xC0, 0x78, 0x0F, 0x01, 0xE0, 0x3E, 0x07,
    0xC0, 0x7F, 0xEF, 0xFF, 0x7F, 0xF0, 0x00, 0x06, 0x00, 0x07, 0x00, 0x03, 0x80, 0xFF, 0xC1, 0xFF,
    0xE1, 0xFF, 0xF1, 0xFF, 0xFC, 0xF8, 0x3E, 0xF8, 0x0F, 0xF8, 0x03, 0xFC, 0x01, 0xFE, 0x00, 0xFF,
    0x00, 0x7F, 0x80, 0x3F, 0xC0, 0x1F, 0xE0, 0x0F, 0x78, 0x0F, 0x3F, 0x1F, 0x8F, 0xFF, 0x83, 0xFF,
    0x80, 0xFF, 0x80, 0x0E, 0x00, 0x00, 0x08, 0x00, 0x70, 0x01, 0xC3, 0xFF, 0x3F, 0xF9, 0xFF, 0xC7,
    0xFF, 0xBC, 0x1E, 0xF0, 0x3F, 0x80, 0xFE, 0x03, 0xFC, 0x0F, 0xF0, 0x3F, 0xE1, 0xE7, 0xFF, 0x8F,
    0xFC, 0x1F, 0xE0, 0x1C, 0x00, 0x00, 0x00, 0x80, 0x00, 0x70, 0x00, 0x1D, 0xC0, 0x3F, 0x70, 0x0F,
    0xBC, 0x03, 0xCF, 0x00, 0xE3, 0xC0, 0x38, 0xF0, 0x0E, 0x3C, 0x03, 0x8F, 0x00, 0xE3, 0xC0, 0x38,
    0xF0, 0x0E, 0x3C, 0x03, 0x87, 0x01, 0xE1, 0xE0, 0x78, 0x78, 0x1E, 0x1F, 0x9F, 0x03, 0xFF, 0xC0,
    0x7F, 0xE0, 0x0F, 0xF0, 0x00, 0x00, 0x00, 0x00, 0x06, 0x00, 0x1C, 0x00, 0x3B, 0x01, 0xFF, 0x07,
    0xDE, 0x0F, 0x3C, 0x1C, 0x78, 0x38, 0xF0, 0x71, 0xE0, 0xE3, 0xC1, 0xC7, 0x83, 0x8F, 0x07, 0x0F,
    0x1E, 0x1F, 0xFC, 0x3F, 0xF0, 0x3F, 0xC0, 0x0E, 0x00, 0x00, 0x00, 0x06, 0x18, 0x00, 0x00, 0x03,
    0xFC, 0x00, 0x00, 0x00, 0xFC, 0x00, 0x00, 0x00, 0x3C, 0x00, 0x00, 0x00, 0x0C, 0x03, 0xFF, 0x00,
    0xFF, 0xF9, 0xFF, 0xE0, 0x7F, 0xFD, 0xFF, 0xF8, 0x3F, 0xFE, 0xFF, 0xFE, 0x1F, 0xFF, 0x78, 0x1F,
    0x00, 0x1F, 0x3C, 0x07, 0xC0, 0x1F, 0x1E, 0x01, 0xE0, 0x0F, 0x8F, 0x00, 0xF0, 0x0F, 0x87, 0x80,
    0x78, 0x0F, 0x83, 0xC0, 0x3C, 0x0F, 0x81, 0xE0, 0x1E, 0x07, 0x80, 0xF0, 0x0F, 0x07, 0xC0, 0x78,
    0x07, 0x87, 0xC0, 0x3C, 0x07, 0x87, 0xC0, 0x1E, 0x07, 0xC7, 0xC0, 0x0F, 0xFF, 0xC3, 0xFF, 0xF3,
    0xFF, 0xC3, 0xFF, 0xF9, 0xFF, 0xC0, 0xFF, 0xFC, 0x00, 0x00, 0x1C, 0xE3, 0xFF, 0x00, 0xFF, 0x1F,
    0xFE, 0x03, 0xF1, 0xFF, 0xF8, 0x0F, 0x0F, 0xFF, 0xE0, 0x00, 0x78, 0x1F, 0x0F, 0xF3, 0xC0, 0x7C,
    0xFF, 0xDE, 0x01, 0xEF, 0xFF, 0xF0, 0x0F, 0x3F, 0xF7, 0x80, 0x78, 0x0F, 0x3C, 0x03, 0xC0, 0xF9,
    0xE0, 0x1E, 0x0F, 0x8F, 0x00, 0xF0, 0x78, 0x78, 0x07, 0x87, 0x83, 0xC0, 0x78, 0x7C, 0x1E, 0x07,
    0xC7, 0xC0, 0xFF, 0xFC, 0x3F, 0xF3, 0xFF, 0xC3, 0xFF, 0xDF, 0xFC, 0x0F, 0xFE, 0x00, 0x38, 0x73,
    0x00, 0x07, 0x0F, 0xE0, 0x00, 0xE0, 0xFC, 0x00, 0x1C, 0x1F, 0x00, 0x03, 0x80, 0x00, 0x1E, 0x70,
    0xFE, 0x0F, 0xFE, 0x7F, 0xF3, 0xFF, 0xCF, 0xFE, 0x7F, 0xF8, 0xFF, 0xDE, 0x0F, 0x00, 0xF3, 0xC1,
    0xE0, 0x3E, 0x70, 0x1C, 0x0F, 0x8E, 0x03, 0x83, 0xE1, 0xC0, 0x70, 0x78, 0x3C, 0x1E, 0x1E, 0x07,
    0xC7, 0xC7, 0xC0, 0x7F, 0xF9, 0xFF, 0xCF, 0xFF, 0x3F, 0xFC, 0x7E, 0xE7, 0xFF, 0x03, 0x00, 0x00,
    0x00, 0x70, 0x00, 0x03, 0xB8, 0x00, 0x01, 0xFC, 0x00, 0x01, 0xFE, 0x00, 0x00, 0xFF, 0x00, 0x00,
    0x7F, 0x80, 0x00, 0x3F, 0xC0, 0x00, 0x1F, 0xE0, 0x00, 0x0F, 0xF0, 0x00, 0x07, 0xF8, 0x00, 0x03,
    0xFC, 0x00, 0x01, 0xFE, 0x00, 0x00, 0xFF, 0x00, 0x00, 0x7F, 0x80, 0x08, 0x3F, 0xC0, 0x0F, 0x3F,
    0xFF, 0xE7, 0xFE, 0x7F, 0xF3, 0xFF, 0x3F, 0xF8, 0xFF, 0x00, 0x00, 0x0C, 0x00, 0x70, 0x01, 0xCE,
    0x00, 0x3B, 0xC0, 0x07, 0x78, 0x00, 0x0F, 0x00, 0x09, 0xE0, 0x03, 0xBC, 0x00, 0x77, 0x80, 0x0E,
    0xF0, 0x01, 0xDE, 0x00, 0x3B, 0xC0, 0x07, 0x78, 0x00, 0xEF, 0x00, 0x1D, 0xE0, 0x03, 0xBC, 0x00,
    0x77, 0xFF, 0x8E, 0x7F, 0xF1, 0xCF, 0xFE, 0x38, 0x00, 0x07, 0x00, 0x01, 0xE0, 0x00, 0xFC, 0x00,
    0x1F, 0x00, 0x01, 0xC0, 0x60, 0x0E, 0x3F, 0xC7, 0xF8, 0xFF, 0x01, 0xE1, 0xBC, 0x7F, 0x8F, 0xF1,
    0xFE, 0x3F, 0xC7, 0xF8, 0xFF, 0x1F, 0xE3, 0xFC, 0x7F, 0x8F, 0xF1, 0xEE, 0x3D, 0xC7, 0x80, 0xF0,
    0x3E, 0x0F, 0x81, 0xF0, 0x3C, 0x70, 0x06, 0x00, 0x19, 0xC0, 0x3C, 0x00, 0xFF, 0x80, 0xF0, 0x03,
    0xFF, 0x03, 0xC0, 0x0F, 0xFE, 0x0F, 0x00, 0x3F, 0xFC, 0x3C, 0x00, 0xFF, 0xF0, 0xF0, 0x03, 0xFF,
    0xE3, 0xC0, 0x0F, 0xF7, 0xCF, 0x00, 0x3F, 0xCF, 0xBC, 0x00, 0xFF, 0x1F, 0xF0, 0x03, 0xFC, 0x3F,
    0xC0, 0x0F, 0xF0, 0xFF, 0x00, 0x3F, 0xC1, 0xFC, 0x60, 0xFF, 0x03, 0xF3, 0xC7, 0xBC, 0x07, 0xCF,
    0xFE, 0x70, 0x1F, 0x1F, 0xF1, 0xC0, 0x3C, 0x3F, 0x80, 0x00, 0x00, 0x38, 0x00, 0x70, 0x06, 0x1E,
    0xE0, 0x1E, 0x3F, 0xE0, 0x3C, 0x7F, 0xE0, 0x78, 0x0F, 0xE0, 0xF0, 0xDF, 0xE1, 0xE3, 0xFF, 0xC3,
    0xC7, 0xFF, 0xC7, 0x8F, 0xF7, 0xCF, 0x1F, 0xE7, 0xDE, 0x3F, 0xC7, 0xFC, 0x7F, 0x87, 0xF8, 0xFF,
    0x0F, 0xF1, 0xFE, 0x0F, 0xE3, 0xFC, 0x0F, 0xC7, 0xF8, 0x0F, 0x8F, 0x70, 0x1F, 0x1E, 0xE0, 0x1E,
    0x3C, 0x00, 0x00, 0x78, 0x00, 0x01, 0xF0, 0x00, 0x07, 0xC0, 0x00, 0x0F, 0x80, 0x00, 0x1E, 0x00,
    0x00, 0x00, 0xE0, 0x00, 0x3C, 0x00, 0x03, 0x80, 0x00, 0x06, 0x3C, 0x05, 0xFF, 0xC1, 0xFF, 0xFC,
    0x3F, 0xFF, 0x87, 0xF0, 0x78, 0xFE, 0x0F, 0x1F, 0xC1, 0xE3, 0xF8, 0x3C, 0x7F, 0x07, 0x8F, 0xE0,
    0xF1, 0xFC, 0x1E, 0x3F, 0x83, 0xC7, 0xF0, 0x78, 0xEE, 0x0E, 0x1C, 0x00, 0x07, 0x80, 0x00, 0xF0,
    0x00, 0x7E, 0x00, 0x0F, 0x80, 0x01, 0xE0, 0x0C, 0x30, 0x0F, 0xF0, 0x07, 0xE0, 0x03, 0xE0, 0x01,
    0x80, 0x01, 0x80, 0x03, 0xC0, 0x03, 0xC0, 0x07, 0xE0, 0x07, 0xE0, 0x0F, 0xF0, 0x0F, 0xF0, 0x0E,
    0xF0, 0x1E, 0x78, 0x1E, 0x78, 0x3C, 0x3C, 0x3F, 0xFC, 0x3F, 0xFC, 0x7F, 0xFE, 0x78, 0x1E, 0xF0,
    0x0F, 0xF0, 0x0F, 0xE0, 0x07, 0x00, 0x00, 0x18, 0xC0, 0x7F, 0x00, 0xFC, 0x03, 0xE0, 0x00, 0x00,
    0x3C, 0xE3, 0xFF, 0x9F, 0xFE, 0x7F, 0xFB, 0xC1, 0xEF, 0x07, 0xB8, 0x0E, 0xE0, 0x3B, 0x80, 0xEF,
    0x07, 0xBE, 0x3E, 0x7F, 0xF9, 0xFF, 0xE1, 0xFB, 0x81, 0x80, 0x63, 0x3B, 0x9F, 0xC7, 0xC1, 0xC0,
    0xE0, 0x70, 0x78, 0x3C, 0x1E, 0x0F, 0x07, 0x83, 0xC1, 0xE0, 0xF0, 0x78, 0x3C, 0x1E, 0x0F, 0x07,
    0x83, 0xC0, 0xE0, 0x70, 0xE7, 0xFF, 0x7E, 0x3C, 0x00, 0x18, 0x3C, 0x3C, 0x3C, 0x3C, 0x3C, 0x3C,
    0x3C, 0x3C, 0x3C, 0x3C, 0x3C, 0x3C, 0x3C, 0x06, 0x30, 0x03, 0xB8, 0x01, 0xFC, 0x00, 0x7C, 0x00,
    0x1C, 0x00, 0x3F, 0x80, 0x7F, 0xF0, 0x7F, 0xFC, 0x7F, 0xFF, 0x3E, 0x0F, 0xBE, 0x03, 0xFE, 0x00,
    0xFF, 0x00, 0x7F, 0x80, 0x3F, 0xC0, 0x1F, 0xE0, 0x0F, 0xF0, 0x07, 0xF8, 0x03, 0xDE, 0x03, 0xCF,
    0xC7, 0xE3, 0xFF, 0xE0, 0xFF, 0xE0, 0x3F, 0xE0, 0x03, 0x80, 0x1C, 0xC0, 0x7F, 0x00, 0xFC, 0x01,
    0xE0, 0x00, 0x00, 0x3E, 0x03, 0xFE, 0x1F, 0xFC, 0x7F, 0xFB, 0xC1, 0xEF, 0x03, 0xF8, 0x0F, 0xE0,
    0x3F, 0xC0, 0xFF, 0x03, 0xFE, 0x1E, 0x7F, 0xF8, 0xFF, 0xC1, 0xFE, 0x01, 0xC0, 0x0C, 0x20, 0x1F,
    0xE0, 0x1F, 0x80, 0x3E, 0x00, 0x38, 0x0E, 0x01, 0x9C, 0x03, 0xF8, 0x07, 0xF0, 0x0F, 0xE0, 0x1F,
    0xC0, 0x3F, 0x80, 0x7F, 0x00, 0xFE, 0x01, 0xFC, 0x03, 0xF8, 0x07, 0x70, 0x1E, 0xF0, 0x3D, 0xE0,
    0x7B, 0xF3, 0xE3, 0xFF, 0xC3, 0xFF, 0x03, 0xFC, 0x00, 0x00, 0x18, 0xC0, 0xFE, 0x07, 0xE0, 0x1F,
    0x00, 0x00, 0x30, 0x13, 0xC1, 0xDE, 0x0E, 0xF0, 0x77, 0x83, 0xBC, 0x1D, 0xE0, 0xEF, 0x07, 0x78,
    0x3B, 0xC1, 0xCF, 0x1E, 0x7F, 0xF3, 0xFF, 0x0F, 0xF0, 0x0E, 0x00, 0x06, 0x10, 0x07, 0x78, 0x07,
    0xF0, 0x03, 0xE0, 0x01, 0xC0, 0x03, 0xF8, 0x0F, 0xFC, 0x1F, 0xFE, 0x3F, 0xFC, 0x7C, 0x00, 0xF8,
    0x00, 0xF0, 0x00, 0xF0, 0x00, 0xF0, 0x7E, 0xF0, 0xFF, 0xF0, 0xFF, 0xF0, 0x7F, 0xF8, 0x0F, 0x7C,
    0x0F, 0x7E, 0x0F, 0x3F, 0xFF, 0x1F, 0xFE, 0x07, 0xFC, 0x00, 0xE0, 0x1C, 0xE0, 0x7F, 0x80, 0xFC,
    0x01, 0xE0, 0x00, 0x00, 0x3E, 0x63, 0xFF, 0xDF, 0xFF, 0x7F, 0xFF, 0xC1, 0xFF, 0x03, 0xF8, 0x0F,
    0xE0, 0x3F, 0x80, 0xFF, 0x03, 0xFE, 0x1F, 0x7F, 0xFC, 0xFF, 0xF1, 0xFB, 0xC1, 0x8F, 0x38, 0x79,
    0xFF, 0xE7, 0xFF, 0x0F, 0xF8, 0x07, 0xF0, 0x0F, 0xFE, 0x0F, 0xFF, 0x8F, 0xFF, 0xE7, 0xC1, 0xF7,
    0xC0, 0x7F, 0xC0, 0x1F, 0xE0, 0x0F, 0xF0, 0x07, 0xF8, 0x03, 0xFC, 0x01, 0xFE, 0x00, 0xFF, 0x00,
    0x7B, 0xC0, 0x79, 0xF8, 0xFC, 0x7F, 0xFC, 0x1F, 0xFC, 0x07, 0xFC, 0x00, 0xF0, 0x00, 0x70, 0x00,
    0x3F, 0x00, 0x1F, 0x80, 0x07, 0xC0, 0x00, 0x80, 0x07, 0xC0, 0x3F, 0xE0, 0xFF, 0xE1, 0xFF, 0xE7,
    0x83, 0xCF, 0x03, 0xDC, 0x07, 0xB8, 0x0F, 0x70, 0x1E, 0xF0, 0x3D, 0xF0, 0xF1, 0xFF, 0xE1, 0xFF,
    0x81, 0xFE, 0x00, 0xF0, 0x01, 0xC0, 0x03, 0xF0, 0x07, 0xF0, 0x07, 0xC0, 0x02, 0x00, 0x7F, 0xE0,
    0x00, 0x03, 0xFF, 0xC0, 0x00, 0x3F, 0xFF, 0x00, 0x01, 0xFF, 0xFC, 0x00, 0x0F, 0x03, 0xE1, 0xFE,
    0x78, 0x0F, 0x9F, 0xFB, 0xC0, 0x3D, 0xFF, 0xFE, 0x01, 0xE7, 0xFE, 0xF0, 0x0F, 0x01, 0xE7, 0x80,
    0x78, 0x1F, 0x3C, 0x03, 0xC1, 0xF1, 0xE0, 0x1E, 0x0F, 0x0F, 0x00, 0xF0, 0xF0, 0x78, 0x0F, 0x0F,
    0x83, 0xC0, 0xF8, 0xF8, 0x1F, 0xFF, 0x87, 0xFE, 0x7F, 0xF8, 0x7F, 0xFB, 0xFF, 0x83, 0xFF, 0x80,
    0x00, 0x30, 0x00, 0x70, 0x01, 0xF0, 0x01, 0xE0, 0x01, 0x80, 0x01, 0x80, 0x03, 0xE0, 0x07, 0xE0,
    0x06, 0x60, 0x07, 0xE0, 0x03, 0xC0, 0x03, 0xC0, 0x07, 0xE0, 0x07, 0xE0, 0x0F, 0xF0, 0x0F, 0xF0,
    0x0E, 0xF0, 0x1E, 0x78, 0x1E, 0x78, 0x3C, 0x3C, 0x3F, 0xFC, 0x3F, 0xFC, 0x7F, 0xFE, 0x78, 0x1E,
    0xF0, 0x0F, 0xF0, 0x0F, 0xE0, 0x07, 0x00, 0x00, 0x00, 0xC0, 0x07, 0x80, 0x3E, 0x01, 0xF0, 0x03,
    0x00, 0x1E, 0x00, 0xFC, 0x03, 0x70, 0x0D, 0xC0, 0x3F, 0x00, 0x78, 0x03, 0xCE, 0x3F, 0xF9, 0xFF,
    0xE7, 0xFF, 0xBC, 0x1E, 0xF0, 0x7B, 0x80, 0xEE, 0x03, 0xB8, 0x0E, 0xF0, 0x7B, 0xE3, 0xE7, 0xFF,
    0x9F, 0xFE, 0x1F, 0xB8, 0x18, 0x00, 0x00, 0x00, 0x60, 0x00, 0x07, 0x80, 0x00, 0x3E, 0x00, 0x00,
    0xF0, 0x00, 0x03, 0x00, 0x00, 0x7F, 0xE0, 0x03, 0xFF, 0x80, 0x1F, 0xFE, 0x00, 0x7F, 0xF0, 0x03,
    0xF0, 0x00, 0x1F, 0xC0, 0x00, 0xFF, 0x00, 0x03, 0xFF, 0xE0, 0x1E, 0xFF, 0xC0, 0xF3, 0xFF, 0x03,
    0xCF, 0xFC, 0x1F, 0xFC, 0x00, 0xFF, 0xF0, 0x03, 0xFF, 0xC0, 0x1F, 0xFF, 0x00, 0xF0, 0x3F, 0xFB,
    0xC0, 0xFF, 0xEE, 0x03, 0xFF, 0x80, 0x00, 0x00, 0x00, 0x18, 0x00, 0x00, 0xE0, 0x00, 0x07, 0x80,
    0x00, 0x1C, 0x00, 0x00, 0x60, 0x00, 0x7E, 0x3E, 0x07, 0xFF, 0xFE, 0x3F, 0xFF, 0xFC, 0xFF, 0xFF,
    0xFB, 0x83, 0xC1, 0xE4, 0x7F, 0xFF, 0x9F, 0xFF, 0xFF, 0xFF, 0xFF, 0xFB, 0xFF, 0xFF, 0xCF, 0x0F,
    0x00, 0x3C, 0x7E, 0x0C, 0xFF, 0xFF, 0xFB, 0xFF, 0xFF, 0xC7, 0xF1, 0xFE, 0x03, 0x00, 0xE0, 0x00,
    0x30, 0x00, 0x3C, 0x00, 0x3C, 0x00, 0x3C, 0x00, 0x18, 0x38, 0x3F, 0xBC, 0x7F, 0xFE, 0x7F, 0xFE,
    0x7F, 0xFF, 0x3E, 0x1F, 0xBE, 0x1F, 0xFE, 0x1F, 0xFF, 0x0F, 0x7F, 0x8F, 0x3F, 0xCF, 0x1F, 0xEF,
    0x0F, 0xFF, 0x87, 0xFF, 0x83, 0xDF, 0x83, 0xCF, 0xC7, 0xE7, 0xFF, 0xE7, 0xFF, 0xE3, 0xFF, 0xE1,
    0xC3, 0x80, 0x00, 0xE0, 0x07, 0x80, 0x1C, 0x00, 0xF0, 0x03, 0x80, 0x3E, 0xE3, 0xFF, 0x9F, 0xFE,
    0x7F, 0xFB, 0xC7, 0xEF, 0x3F, 0xF9, 0xFF, 0xEF, 0xBF, 0xFC, 0xFF, 0xE3, 0xFF, 0x1E, 0x7F, 0xFB,
    0xFF, 0xCF, 0xFE, 0x19, 0xC0, 0x00, 0x00, 0x31, 0xC0, 0x7F, 0xE0, 0x3F, 0xF0, 0x1E, 0x70, 0x04,
    0x00, 0x01, 0x80, 0x03, 0xC0, 0x03, 0xC0, 0x07, 0xE0, 0x07, 0xE0, 0x0F, 0xF0, 0x0F, 0xF0, 0x0E,
    0xF0, 0x1E, 0x78, 0x1E, 0x78, 0x3C, 0x3C, 0x3F, 0xFC, 0x3F, 0xFC, 0x7F, 0xFE, 0x78, 0x1E, 0xF0,
    0x0F, 0xF0, 0x0F, 0xE0, 0x07, 0x00, 0x00, 0x00, 0x01, 0xDC, 0x0F, 0xFC, 0x1F, 0xF8, 0x1D, 0xE0,
    0x00, 0x00, 0xF3, 0x8F, 0xFE, 0x7F, 0xF9, 0xFF, 0xEF, 0x07, 0xBC, 0x1E, 0xE0, 0x3B, 0x80, 0xEE,
    0x03, 0xBC, 0x1E, 0xF8, 0xF9, 0xFF, 0xE7, 0xFF, 0x87, 0xEE, 0x06, 0x00, 0x01, 0x80, 0x07, 0xE0,
    0x0F, 0xF0, 0x0E, 0x70, 0x0C, 0x30, 0x00, 0x00, 0x01, 0x80, 0x03, 0xC0, 0x03, 0xC0, 0x07, 0xE0,
    0x07, 0xE0, 0x0F, 0xF0, 0x0F, 0xF0, 0x0E, 0xF0, 0x1E, 0x78, 0x1E, 0x78, 0x3C, 0x3C, 0x3F, 0xFC,
    0x3F, 0xFC, 0x7F, 0xFE, 0x78, 0x1E, 0xF0, 0x0F, 0xF0, 0x0F, 0xE0, 0x07, 0x00, 0x00, 0x0F, 0x80,
    0x7F, 0x03, 0xFE, 0x0E, 0x38, 0x00, 0x00, 0x3C, 0xE3, 0xFF, 0x9F, 0xFE, 0x7F, 0xFB, 0xC1, 0xEF,
    0x07, 0xB8, 0x0E, 0xE0, 0x3B, 0x80, 0xEF, 0x07, 0xBE, 0x3E, 0x7F, 0xF9, 0xFF, 0xE1, 0xFB, 0x81,
    0x80, 0x00, 0x07, 0x38, 0x3D, 0xF1, 0xF7, 0xC3, 0xDE, 0x00, 0x01, 0xFF, 0xCF, 0xFF, 0xFF, 0xFF,
    0xFF, 0xBC, 0x01, 0xE0, 0x0F, 0x00, 0x7F, 0xF3, 0xFF, 0x9F, 0xFC, 0xFF, 0xE7, 0x80, 0x3C, 0x01,
    0xE0, 0x0F, 0x00, 0x7F, 0xF9, 0xFF, 0xEF, 0xFE, 0x00, 0x07, 0x38, 0x3F, 0xE0, 0xFF, 0x83, 0xDC,
    0x00, 0x00, 0x3E, 0x07, 0xF8, 0x7F, 0xE3, 0xFF, 0xBC, 0x1F, 0xFF, 0xFF, 0xFF, 0xFF, 0xFF, 0xFF,
    0xDE, 0x00, 0xF8, 0x73, 0xFF, 0x8F, 0xFC, 0x3F, 0xC0, 0x70, 0x00, 0x03, 0x00, 0xFE, 0x07, 0xF8,
    0x79, 0xC1, 0x86, 0x00, 0x01, 0xFF, 0xCF, 0xFF, 0xFF, 0xFF, 0xFF, 0xBC, 0x01, 0xE0, 0x0F, 0x00,
    0x7F, 0xF3, 0xFF, 0x9F, 0xFC, 0xFF, 0xE7, 0x80, 0x3C, 0x01, 0xE0, 0x0F, 0x00, 0x7F, 0xF9, 0xFF,
    0xEF, 0xFE, 0x0F, 0x80, 0xFE, 0x0F, 0xF8, 0x71, 0xC0, 0x00, 0x07, 0xC0, 0xFF, 0x0F, 0xFC, 0x7F,
    0xF7, 0x83, 0xFF, 0xFF, 0xFF, 0xFF, 0xFF, 0xFF, 0xFB, 0xC0, 0x1F, 0x0E, 0x7F, 0xF1, 0xFF, 0x87,
    0xF8, 0x0E, 0x00, 0x00, 0x1C, 0xE3, 0xDE, 0x7D, 0xE3, 0x9C, 0x00, 0x01, 0xC0, 0x38, 0x0F, 0x01,
    0xE0, 0x3C, 0x07, 0x80, 0xF0, 0x1E, 0x03, 0xC0, 0x78, 0x0F, 0x01, 0xE0, 0x3C, 0x07, 0x80, 0xF0,
    0x1E, 0x01, 0xC0, 0x38, 0x00, 0x0E, 0xF1, 0xFF, 0x3F, 0xF1, 0xCE, 0x00, 0x00, 0xC0, 0x3C, 0x07,
    0x80, 0xF0, 0x1E, 0x03, 0xC0, 0x78, 0x0F, 0x01, 0xE0, 0x3C, 0x07, 0x80, 0xF0, 0x1E, 0x03, 0xC0,
    0x08, 0x3F, 0xBF, 0xFE, 0xFC, 0x18, 0x00, 0x70, 0x38, 0x3C, 0x1E, 0x0F, 0x07, 0x83, 0xC1, 0xE0,
    0xF0, 0x78, 0x3C, 0x1E, 0x0F, 0x07, 0x83, 0xC1, 0xE0, 0x70, 0x38, 0x3E, 0x1F, 0xE7, 0xF9, 0x86,
    0x00, 0x03, 0x01, 0xE0, 0x78, 0x1E, 0x07, 0x81, 0xE0, 0x78, 0x1E, 0x07, 0x81, 0xE0, 0x78, 0x1E,
    0x07, 0x81, 0xE0, 0x00, 0x00, 0x1C, 0xE0, 0x0F, 0x78, 0x07, 0xDE, 0x00, 0xE7, 0x00, 0x00, 0x00,
    0x1F, 0xC0, 0x3F, 0xF8, 0x3F, 0xFE, 0x3F, 0xFF, 0x9F, 0x07, 0xDF, 0x01, 0xFF, 0x00, 0x7F, 0x80,
    0x3F, 0xC0, 0x1F, 0xE0, 0x0F, 0xF0, 0x07, 0xF8, 0x03, 0xFC, 0x01, 0xEF, 0x01, 0xE7, 0xE3, 0xF1,
    0xFF, 0xF0, 0x7F, 0xF0, 0x1F, 0xF0, 0x01, 0xC0, 0x00, 0x00, 0x01, 0xDE, 0x07, 0xFC, 0x1F, 0xF8,
    0x1D, 0xE0, 0x00, 0x00, 0xF8, 0x0F, 0xF8, 0x7F, 0xF1, 0xFF, 0xEF, 0x07, 0xBC, 0x0F, 0xE0, 0x3F,
    0x80, 0xFF, 0x03, 0xFC, 0x0F, 0xF8, 0x79, 0xFF, 0xE3, 0xFF, 0x07, 0xF8, 0x07, 0x00, 0x00, 0x80,
    0x03, 0xF8, 0x03, 0xFE, 0x01, 0xEF, 0x00, 0xC1, 0x80, 0x00, 0x00, 0x1F, 0xC0, 0x3F, 0xF8, 0x3F,
    0xFE, 0x3F, 0xFF, 0x9F, 0x07, 0xDF, 0x01, 0xFF, 0x00, 0x7F, 0x80, 0x3F, 0xC0, 0x1F, 0xE0, 0x0F,
    0xF0, 0x07, 0xF8, 0x03, 0xFC, 0x01, 0xEF, 0x01, 0xE7, 0xE3, 0xF1, 0xFF, 0xF0, 0x7F, 0xF0, 0x1F,
    0xF0, 0x01, 0xC0, 0x00, 0x0F, 0x80, 0x7F, 0x01, 0xFE, 0x0E, 0x38, 0x00, 0x00, 0x3E, 0x03, 0xFE,
    0x1F, 0xFC, 0x7F, 0xFB, 0xC1, 0xEF, 0x03, 0xF8, 0x0F, 0xE0, 0x3F, 0xC0, 0xFF, 0x03, 0xFE, 0x1E,
    0x7F, 0xF8, 0xFF, 0xC1, 0xFE, 0x01, 0xC0, 0x00, 0x00, 0x73, 0x80, 0x7B, 0xE0, 0x7D, 0xE0, 0x1C,
    0xF0, 0x00, 0x00, 0x7F, 0xE0, 0x7F, 0xF8, 0xFF, 0xFC, 0xFF, 0xFC, 0xF0, 0x1E, 0xF0, 0x1E, 0xF0,
    0x1E, 0xF0, 0x1E, 0xF0, 0x3C, 0xFF, 0xF8, 0xFF, 0xF8, 0xFF, 0xFC, 0xF0, 0x3C, 0xF0, 0x1C, 0xF0,
    0x1C, 0xF0, 0x1E, 0x70, 0x1F, 0x70, 0x0E, 0x00, 0x00, 0x00, 0x0E, 0x70, 0xFF, 0x87, 0xFC, 0x3D,
    0xC0, 0x00, 0x19, 0xE3, 0xFF, 0x3F, 0xF3, 0xF6, 0x3C, 0x03, 0xC0, 0x3C, 0x03, 0xC0, 0x3C, 0x03,
    0xC0, 0x3C, 0x03, 0xC0, 0x3C, 0x01, 0xC0, 0x01, 0x80, 0x0F, 0xE0, 0x0F, 0xF0, 0x1E, 0x70, 0x08,
    0x30, 0x00, 0x00, 0x7F, 0xE0, 0x7F, 0xF8, 0xFF, 0xFC, 0xFF, 0xFC, 0xF0, 0x1E, 0xF0, 0x1E, 0xF0,
    0x1E, 0xF0, 0x1E, 0xF0, 0x3C, 0xFF, 0xF8, 0xFF, 0xF8, 0xFF, 0xFC, 0xF0, 0x3C, 0xF0, 0x1C, 0xF0,
    0x1C, 0xF0, 0x1E, 0x70, 0x1F, 0x70, 0x0E, 0x00, 0x00, 0x3E, 0x1F, 0xCF, 0xFB, 0x8E, 0x00, 0x19,
    0xEF, 0xFF, 0xFF, 0xFD, 0xBC, 0x0F, 0x03, 0xC0, 0xF0, 0x3C, 0x0F, 0x03, 0xC0, 0xF0, 0x3C, 0x07,
    0x00, 0x00, 0x00, 0xE7, 0x81, 0xEF, 0x83, 0xEF, 0x81, 0xE7, 0x00, 0x80, 0x1C, 0x03, 0x38, 0x07,
    0xF0, 0x0F, 0xE0, 0x1F, 0xC0, 0x3F, 0x80, 0x7F, 0x00, 0xFE, 0x01, 0xFC, 0x03, 0xF8, 0x07, 0xF0,
    0x0E, 0xE0, 0x3D, 0xE0, 0x7B, 0xC0, 0xF7, 0xE7, 0xC7, 0xFF, 0x87, 0xFE, 0x07, 0xF8, 0x00, 0x00,
    0x00, 0x07, 0x38, 0x3F, 0xE0, 0xFF, 0x83, 0xDC, 0x00, 0x01, 0x80, 0x9E, 0x0E, 0xF0, 0x77, 0x83,
    0xBC, 0x1D, 0xE0, 0xEF, 0x07, 0x78, 0x3B, 0xC1, 0xDE, 0x0E, 0x78, 0xF3, 0xFF, 0x9F, 0xF8, 0x7F,
    0x80, 0x70, 0x00, 0x01, 0x80, 0x0F, 0xC0, 0x3F, 0xC0, 0xF3, 0x80, 0xC3, 0x00, 0x00, 0x1C, 0x03,
    0x38, 0x07, 0xF0, 0x0F, 0xE0, 0x1F, 0xC0, 0x3F, 0x80, 0x7F, 0x00, 0xFE, 0x01, 0xFC, 0x03, 0xF8,
    0x07, 0xF0, 0x0E, 0xE0, 0x3D, 0xE0, 0x7B, 0xC0, 0xF7, 0xE7, 0xC7, 0xFF, 0x87, 0xFE, 0x07, 0xF8,
    0x00, 0x00, 0x0F, 0x80, 0xFE, 0x0F, 0xF8, 0x71, 0xC0, 0x00, 0x30, 0x13, 0xC1, 0xDE, 0x0E, 0xF0,
    0x77, 0x83, 0xBC, 0x1D, 0xE0, 0xEF, 0x07, 0x78, 0x3B, 0xC1, 0xCF, 0x1E, 0x7F, 0xF3, 0xFF, 0x0F,
    0xF0, 0x0E, 0x00, 0x1F, 0xC1, 0xFF, 0x9F, 0xFF, 0xFF, 0xFF, 0x03, 0x78, 0x03, 0xC0, 0x1F, 0xC0,
    0x7F, 0xE1, 0xFF, 0x83, 0xFE, 0x01, 0xF0, 0x07, 0xE0, 0x3F, 0xC1, 0xFF, 0xFF, 0xFF, 0xF1, 0xFF,
    0x01, 0xC0, 0x0F, 0x00, 0x78, 0x03, 0xC0, 0x1C, 0x00, 0x0F, 0x83, 0xFC, 0x7F, 0xE7, 0x9E, 0x70,
    0x47, 0xC0, 0x7F, 0x83, 0xFE, 0x0F, 0xE0, 0x1E, 0xF0, 0xFF, 0xFE, 0x7F, 0xE3, 0xFC, 0x06, 0x00,
    0xE0, 0x1F, 0x01, 0xF0, 0x07, 0x00, 0xF0, 0x0E, 0x00, 0xC0, 0x7F, 0xFF, 0xFF, 0xFF, 0xFF, 0xFB,
    0xFF, 0xE0, 0x3C, 0x00, 0x78, 0x00, 0xF0, 0x01, 0xE0, 0x03, 0xC0, 0x07, 0x80, 0x0F, 0x00, 0x1E,
    0x00, 0x3C, 0x00, 0x78, 0x00, 0xF0, 0x01, 0xE0, 0x03, 0xC0, 0x07, 0x00, 0x06, 0x00, 0x1E, 0x00,
    0x3C, 0x00, 0x78, 0x00, 0xE0, 0x00, 0x08, 0x07, 0x01, 0xC0, 0xF8, 0xFF, 0xBF, 0xE7, 0xF8, 0x70,
    0x1C, 0x07, 0x01, 0xC0, 0x70, 0x1C, 0x07, 0x01, 0xF8, 0x7E, 0x0F, 0x80, 0x01, 0xE0, 0x7C, 0x1F,
    0x01, 0xC0, 0xF0, 0x78, 0x0C, 0x00, 0x43, 0xCF, 0x9F, 0x1C, 0x3B, 0xDF, 0xEE, 0x00, 0x3C, 0xFB,
    0xFF, 0x30, 0x00, 0x79, 0xBF, 0x7F, 0xFF, 0xBE, 0x40, 0x00, 0x7F, 0x7F, 0xFF, 0xE0, 0xE3, 0xFF,
    0xDF, 0xC7, 0xC0, 0xFF, 0xF0, 0xF7, 0x7B, 0xFD, 0xE0, 0x31, 0xF7, 0xC3, 0x1C, 0x60, 0x7B, 0xFE,
    0xFB, 0xFD, 0xE0, 0x73, 0xBB, 0xFD, 0xDD, 0xC0, 0x00, 0xC6, 0xFE, 0x7E, 0x7C, 0x00, 0x1C, 0xE3,
    0xFE, 0x3F, 0xE3, 0xDC, 0x3E, 0x3F, 0xBF, 0xFC, 0x70, 0x3B, 0xF9, 0xFF, 0xFD, 0xC0, 0x18, 0x73,
    0xDF, 0xFB, 0xC0, 0xFF, 0xF0, 0xF7, 0x7B, 0xFD, 0xE0, 0x7B, 0xFF, 0xC7, 0x79, 0xE6, 0x00, 0x33,
    0xBD, 0xCE, 0x00, 0x0E, 0x7D, 0xF3, 0x87, 0xEF, 0xDF, 0x88, 0x3C, 0xFB, 0xFF, 0x30, 0xC1, 0x73,
    0xFF, 0xCF, 0xE1, 0xC0, 0xFF, 0xFF, 0xFF, 0xE0, 0x00, 0xFF, 0xFF, 0xFE, 0x01, 0x80, 0x03, 0xC0,
    0x03, 0xC0, 0x07, 0xE0, 0x07, 0xE0, 0x0F, 0xF0, 0x0F, 0xF0, 0x0E, 0xF0, 0x1E, 0x78, 0x1E, 0x78,
    0x3C, 0x3C, 0x3F, 0xFC, 0x3F, 0xFC, 0x7F, 0xFE, 0x78, 0x1E, 0xF0, 0x0F, 0xF0, 0x0F, 0xE0, 0x07,
    0x01, 0x80, 0x03, 0xC0, 0x03, 0xC0, 0x03, 0xC0, 0x0F, 0x38, 0xFF, 0xE7, 0xFF, 0x9F, 0xFE, 0xF0,
    0x7B, 0xC1, 0xEE, 0x03, 0xB8, 0x0E, 0xE0, 0x3B, 0xC1, 0xEF, 0x8F, 0x9F, 0xFE, 0x7F, 0xF8, 0x7E,
    0xE0, 0x60, 0x01, 0xE0, 0x07, 0x80, 0x1E, 0x00, 0x01, 0x80, 0x07, 0xC0, 0x07, 0xC0, 0x00, 0xC0,
    0x01, 0xC0, 0x01, 0x80, 0x00, 0x00, 0x01, 0x80, 0x03, 0xC0, 0x03, 0xC0, 0x07, 0xE0, 0x07, 0xE0,
    0x0F, 0xF0, 0x0F, 0xF0, 0x0E, 0xF0, 0x1E, 0x78, 0x1E, 0x78, 0x3C, 0x3C, 0x3F, 0xFC, 0x3F, 0xFC,
    0x7F, 0xFE, 0x78, 0x1E, 0xF0, 0x0F, 0xF0, 0x0F, 0xE0, 0x07, 0x00, 0x00, 0x06, 0x00, 0x3E, 0x00,
    0xF8, 0x00, 0xE0, 0x03, 0x80, 0x0C, 0x00, 0xF3, 0x8F, 0xFE, 0x7F, 0xF9, 0xFF, 0xEF, 0x07, 0xBC,
    0x1E, 0xE0, 0x3B, 0x80, 0xEE, 0x03, 0xBC, 0x1E, 0xF8, 0xF9, 0xFF, 0xE7, 0xFF, 0x87, 0xEE, 0x06,
    0x00, 0x00, 0x03, 0x00, 0x03, 0xC0, 0xF7, 0xC0, 0xFF, 0xC0, 0x7F, 0x80, 0x73, 0x80, 0x00, 0x00,
    0x03, 0x00, 0x03, 0xC0, 0x01, 0xE0, 0x01, 0xF8, 0x00, 0xFC, 0x00, 0xFF, 0x00, 0x7F, 0x80, 0x3B,
    0xC0, 0x3C, 0xF0, 0x1E, 0x78, 0x1E, 0x1E, 0x0F, 0xFF, 0x07, 0xFF, 0x87, 0xFF, 0xE3, 0xC0, 0xF3,
    0xC0, 0x3D, 0xE0, 0x1E, 0xE0, 0x07, 0x00, 0x00, 0x00, 0x00, 0x1C, 0x00, 0xF0, 0x03, 0xC1, 0xDE,
    0x0F, 0xF0, 0x7F, 0x01, 0xDC, 0x00, 0x00, 0x0F, 0x38, 0xFF, 0xE7, 0xFF, 0x9F, 0xFE, 0xF0, 0x7B,
    0xC1, 0xEE, 0x03, 0xB8, 0x0E, 0xE0, 0x3B, 0xC1, 0xEF, 0x8F, 0x9F, 0xFE, 0x7F, 0xF8, 0x7E, 0xE0,
    0x60, 0x00, 0x00, 0xC0, 0x01, 0xE0, 0x00, 0xF0, 0x03, 0xF8, 0x07, 0xF8, 0x07, 0xF0, 0x0E, 0x70,
    0x00, 0x00, 0x01, 0x80, 0x03, 0xC0, 0x03, 0xC0, 0x07, 0xE0, 0x07, 0xE0, 0x0F, 0xF0, 0x0F, 0xF0,
    0x0E, 0xF0, 0x1E, 0x78, 0x1E, 0x78, 0x3C, 0x3C, 0x3F, 0xFC, 0x3F, 0xFC, 0x7F, 0xFE, 0x78, 0x1E,
    0xF0, 0x0F, 0xF0, 0x0F, 0xE0, 0x07, 0x00, 0x00, 0x01, 0x00, 0x0F, 0x00, 0x3E, 0x00, 0x78, 0x07,
    0xE0, 0x3E, 0x01, 0xFC, 0x07, 0x70, 0x00, 0x00, 0x3C, 0xE3, 0xFF, 0x9F, 0xFE, 0x7F, 0xFB, 0xC1,
    0xEF, 0x07, 0xB8, 0x0E, 0xE0, 0x3B, 0x80, 0xEF, 0x07, 0xBE, 0x3E, 0x7F, 0xF9, 0xFF, 0xE1, 0xFB,
    0x81, 0x80, 0x00, 0x18, 0x00, 0x3E, 0x00, 0x7E, 0x03, 0xCE, 0x07, 0xEC, 0x07, 0xFC, 0x0E, 0x70,
    0x00, 0x00, 0x01, 0x80, 0x03, 0xC0, 0x03, 0xC0, 0x07, 0xE0, 0x07, 0xE0, 0x0F, 0xF0, 0x0F, 0xF0,
    0x0E, 0xF0, 0x1E, 0x78, 0x1E, 0x78, 0x3C, 0x3C, 0x3F, 0xFC, 0x3F, 0xFC, 0x7F, 0xFE, 0x78, 0x1E,
    0xF0, 0x0F, 0xF0, 0x0F, 0xE0, 0x07, 0x00, 0x00, 0x00, 0x60, 0x03, 0xE0, 0x0F, 0x80, 0x0E, 0x07,
    0xB8, 0x3E, 0xC1, 0xFC, 0x07, 0x30, 0x0F, 0x38, 0xFF, 0xE7, 0xFF, 0x9F, 0xFE, 0xF0, 0x7B, 0xC1,
    0xEE, 0x03, 0xB8, 0x0E, 0xE0, 0x3B, 0xC1, 0xEF, 0x8F, 0x9F, 0xFE, 0x7F, 0xF8, 0x7E, 0xE0, 0x60,
    0x00, 0x06, 0x30, 0x1F, 0xB8, 0x1F, 0xF8, 0x1D, 0xF8, 0x0F, 0xF0, 0x07, 0xE0, 0x07, 0xF0, 0x0E,
    0x70, 0x00, 0x00, 0x01, 0x80, 0x03, 0xC0, 0x03, 0xC0, 0x07, 0xE0, 0x07, 0xE0, 0x0F, 0xF0, 0x0F,
    0xF0, 0x0E, 0xF0, 0x1E, 0x78, 0x1E, 0x78, 0x3C, 0x3C, 0x3F, 0xFC, 0x3F, 0xFC, 0x7F, 0xFE, 0x78,
    0x1E, 0xF0, 0x0F, 0xF0, 0x0F, 0xE0, 0x07, 0x00, 0x00, 0x1E, 0x60, 0xFD, 0xC3, 0xFF, 0x0E, 0xF8,
    0x17, 0x80, 0x3E, 0x01, 0xFC, 0x07, 0x70, 0x0F, 0x38, 0xFF, 0xE7, 0xFF, 0x9F, 0xFE, 0xF0, 0x7B,
    0xC1, 0xEE, 0x03, 0xB8, 0x0E, 0xE0, 0x3B, 0xC1, 0xEF, 0x8F, 0x9F, 0xFE, 0x7F, 0xF8, 0x7E, 0xE0,
    0x60, 0x00, 0x03, 0xC0, 0x07, 0xE0, 0x07, 0xF0, 0x0E, 0x70, 0x00, 0x00, 0x01, 0x80, 0x03, 0xC0,
    0x03, 0xC0, 0x07, 0xE0, 0x07, 0xE0, 0x0F, 0xF0, 0x0F, 0xF0, 0x0E, 0xF0, 0x1E, 0x78, 0x1E, 0x78,
    0x3C, 0x3C, 0x3F, 0xFC, 0x3F, 0xFC, 0x7F, 0xFE, 0x78, 0x1E, 0xF0, 0x0F, 0xF0, 0x0F, 0xE0, 0x07,
    0x01, 0x80, 0x03, 0xC0, 0x03, 0xC0, 0x03, 0xC0, 0x07, 0x80, 0x3E, 0x01, 0xFC, 0x07, 0x30, 0x00,
    0x00, 0x3C, 0xE3, 0xFF, 0x9F, 0xFE, 0x7F, 0xFB, 0xC1, 0xEF, 0x07, 0xB8, 0x0E, 0xE0, 0x3B, 0x80,
    0xEF, 0x07, 0xBE, 0x3E, 0x7F, 0xF9, 0xFF, 0xE1, 0xFB, 0x81, 0x80, 0x07, 0x80, 0x1E, 0x00, 0x78,
    0x00, 0x00, 0x30, 0x00, 0x70, 0x01, 0xF0, 0x01, 0xE0, 0x01, 0x80, 0x0C, 0x30, 0x0F, 0xF0, 0x0F,
    0xF0, 0x03, 0xC0, 0x00, 0x00, 0x01, 0x80, 0x03, 0xC0, 0x03, 0xC0, 0x07, 0xE0, 0x07, 0xE0, 0x0F,
    0xF0, 0x0F, 0xF0, 0x0E, 0xF0, 0x1E, 0x78, 0x1E, 0x78, 0x3C, 0x3C, 0x3F, 0xFC, 0x3F, 0xFC, 0x7F,
    0xFE, 0x78, 0x1E, 0xF0, 0x0F, 0xF0, 0x0F, 0xE0, 0x07, 0x00, 0x00, 0x00, 0xE0, 0x07, 0x80, 0x1E,
    0x00, 0xF0, 0x03, 0x80, 0x61, 0x81, 0xFE, 0x07, 0xF8, 0x0F, 0xC0, 0x3C, 0xE3, 0xFF, 0x9F, 0xFE,
    0x7F, 0xFB, 0xC1, 0xEF, 0x07, 0xB8, 0x0E, 0xE0, 0x3B, 0x80, 0xEF, 0x07, 0xBE, 0x3E, 0x7F, 0xF9,
    0xFF, 0xE1, 0xFB, 0x81, 0x80, 0x0C, 0x00, 0x0F, 0x00, 0x0F, 0x80, 0x07, 0x80, 0x01, 0x80, 0x0C,
    0x30, 0x0F, 0xF0, 0x0F, 0xF0, 0x03, 0xC0, 0x00, 0x00, 0x01, 0x80, 0x03, 0xC0, 0x03, 0xC0, 0x07,
    0xE0, 0x07, 0xE0, 0x0F, 0xF0, 0x0F, 0xF0, 0x0E, 0xF0, 0x1E, 0x78, 0x1E, 0x78, 0x3C, 0x3C, 0x3F,
    0xFC, 0x3F, 0xFC, 0x7F, 0xFE, 0x78, 0x1E, 0xF0, 0x0F, 0xF0, 0x0F, 0xE0, 0x07, 0x00, 0x00, 0x08,
    0x00, 0x78, 0x01, 0xF0, 0x03, 0xE0, 0x03, 0x00, 0x61, 0x81, 0xFE, 0x07, 0xF8, 0x07, 0xC0, 0x3C,
    0xE3, 0xFF, 0x9F, 0xFE, 0x7F, 0xFB, 0xC1, 0xEF, 0x07, 0xB8, 0x0E, 0xE0, 0x3B, 0x80, 0xEF, 0x07,
    0xBE, 0x3E, 0x7F, 0xF9, 0xFF, 0xE1, 0xFB, 0x81, 0x80, 0x01, 0x80, 0x07, 0xC0, 0x07, 0xC0, 0x00,
    0xC0, 0x01, 0xC0, 0x01, 0x80, 0x0C, 0x30, 0x0F, 0xF0, 0x0F, 0xF0, 0x03, 0xC0, 0x00, 0x00, 0x01,
    0x80, 0x03, 0xC0, 0x03, 0xC0, 0x07, 0xE0, 0x07, 0xE0, 0x0F, 0xF0, 0x0F, 0xF0, 0x0E, 0xF0, 0x1E,
    0x78, 0x1E, 0x78, 0x3C, 0x3C, 0x3F, 0xFC, 0x3F, 0xFC, 0x7F, 0xFE, 0x78, 0x1E, 0xF0, 0x0F, 0xF0,
    0x0F, 0xE0, 0x07, 0x00, 0x00, 0x07, 0x00, 0x3E, 0x00, 0xF8, 0x00, 0x60, 0x03, 0x80, 0xEF, 0x81,
    0xFE, 0x07, 0xF8, 0x0F, 0x80, 0x00, 0x00, 0xF3, 0x8F, 0xFE, 0x7F, 0xF9, 0xFF, 0xEF, 0x07, 0xBC,
    0x1E, 0xE0, 0x3B, 0x80, 0xEE, 0x03, 0xBC, 0x1E, 0xF8, 0xF9, 0xFF, 0xE7, 0xFF, 0x87, 0xEE, 0x06,
    0x00, 0x06, 0x30, 0x1F, 0xB8, 0x1F, 0xF8, 0x1D, 0xF8, 0x0C, 0x70, 0x0C, 0x30, 0x0F, 0xF0, 0x0F,
    0xF0, 0x03, 0xC0, 0x00, 0x00, 0x01, 0x80, 0x03, 0xC0, 0x03, 0xC0, 0x07, 0xE0, 0x07, 0xE0, 0x0F,
    0xF0, 0x0F, 0xF0, 0x0E, 0xF0, 0x1E, 0x78, 0x1E, 0x78, 0x3C, 0x3C, 0x3F, 0xFC, 0x3F, 0xFC, 0x7F,
    0xFE, 0x78, 0x1E, 0xF0, 0x0F, 0xF0, 0x0F, 0xE0, 0x07, 0x00, 0x00, 0x3C, 0x61, 0xFF, 0x87, 0xFE,
    0x1C, 0xF8, 0x20, 0x00, 0xE3, 0x83, 0xFE, 0x07, 0xF0, 0x0F, 0x80, 0x3C, 0xE3, 0xFF, 0x9F, 0xFE,
    0x7F, 0xFB, 0xC1, 0xEF, 0x07, 0xB8, 0x0E, 0xE0, 0x3B, 0x80, 0xEF, 0x07, 0xBE, 0x3E, 0x7F, 0xF9,
    0xFF, 0xE1, 0xFB, 0x81, 0x80, 0x00, 0x00, 0x0C, 0x30, 0x0F, 0xF0, 0x0F, 0xF0, 0x03, 0xC0, 0x00,
    0x00, 0x01, 0x80, 0x03, 0xC0, 0x03, 0xC0, 0x07, 0xE0, 0x07, 0xE0, 0x0F, 0xF0, 0x0F, 0xF0, 0x0E,
    0xF0, 0x1E, 0x78, 0x1E, 0x78, 0x3C, 0x3C, 0x3F, 0xFC, 0x3F, 0xFC, 0x7F, 0xFE, 0x78, 0x1E, 0xF0,
    0x0F, 0xF0, 0x0F, 0xE0, 0x07, 0x01, 0x80, 0x03, 0xC0, 0x03, 0xC0, 0x03, 0xC0, 0x38, 0xE0, 0xFF,
    0x81, 0xFC, 0x03, 0xE0, 0x0F, 0x38, 0xFF, 0xE7, 0xFF, 0x9F, 0xFE, 0xF0, 0x7B, 0xC1, 0xEE, 0x03,
    0xB8, 0x0E, 0xE0, 0x3B, 0xC1, 0xEF, 0x8F, 0x9F, 0xFE, 0x7F, 0xF8, 0x7E, 0xE0, 0x60, 0x01, 0xE0,
    0x07, 0x80, 0x1E, 0x00, 0x7F, 0xF3, 0xFF, 0xFF, 0xFF, 0xFF, 0xEF, 0x00, 0x78, 0x03, 0xC0, 0x1F,
    0xFC, 0xFF, 0xE7, 0xFF, 0x3F, 0xF9, 0xE0, 0x0F, 0x00, 0x78, 0x03, 0xC0, 0x1F, 0xFE, 0x7F, 0xFB,
    0xFF, 0x81, 0x80, 0x1E, 0x00, 0xF0, 0x03, 0x80, 0x0F, 0x81, 0xFE, 0x1F, 0xF8, 0xFF, 0xEF, 0x07,
    0xFF, 0xFF, 0xFF, 0xFF, 0xFF, 0xFF, 0xF7, 0x80, 0x3E, 0x1C, 0xFF, 0xE3, 0xFF, 0x0F, 0xF0, 0x1C,
    0x00, 0xE0, 0x0F, 0x00, 0x38, 0x00, 0x06, 0x00, 0x7C, 0x03, 0xE0, 0x07, 0x00, 0x38, 0x01, 0x80,
    0x00, 0x0F, 0xFE, 0x7F, 0xFF, 0xFF, 0xFF, 0xFD, 0xE0, 0x0F, 0x00, 0x78, 0x03, 0xFF, 0x9F, 0xFC,
    0xFF, 0xE7, 0xFF, 0x3C, 0x01, 0xE0, 0x0F, 0x00, 0x78, 0x03, 0xFF, 0xCF, 0xFF, 0x7F, 0xF0, 0x06,
    0x00, 0xF8, 0x07, 0xE0, 0x07, 0x00, 0x70, 0x03, 0x80, 0x3E, 0x07, 0xF8, 0x7F, 0xE3, 0xFF, 0xBC,
    0x1F, 0xFF, 0xFF, 0xFF, 0xFF, 0xFF, 0xFF, 0xDE, 0x00, 0xF8, 0x73, 0xFF, 0x8F, 0xFC, 0x3F, 0xC0,
    0x70, 0x00, 0x1C, 0x61, 0xFB, 0x8F, 0xFC, 0x77, 0xC3, 0x0C, 0x3F, 0xF9, 0xFF, 0xFF, 0xFF, 0xFF,
    0xF7, 0x80, 0x3C, 0x01, 0xE0, 0x0F, 0xFE, 0x7F, 0xF3, 0xFF, 0x9F, 0xFC, 0xF0, 0x07, 0x80, 0x3C,
    0x01, 0xE0, 0x0F, 0xFF, 0x3F, 0xFD, 0xFF, 0xC0, 0x1C, 0x61, 0xFF, 0x1F, 0xF8, 0xE7, 0xC2, 0x00,
    0x07, 0xC0, 0xFF, 0x0F, 0xFC, 0x7F, 0xF7, 0x83, 0xFF, 0xFF, 0xFF, 0xFF, 0xFF, 0xFF, 0xFB, 0xC0,
    0x1F, 0x0E, 0x7F, 0xF1, 0xFF, 0x87, 0xF8, 0x0E, 0x00, 0x00, 0x06, 0x00, 0x0E, 0x07, 0x3E, 0x0F,
    0xBC, 0x1F, 0xF0, 0x1D, 0xE0, 0x00, 0x00, 0x7F, 0xF0, 0x7F, 0xF8, 0xFF, 0xF8, 0xFF, 0xF0, 0xF0,
    0x00, 0xF0, 0x00, 0xF0, 0x00, 0xFF, 0xE0, 0xFF, 0xE0, 0xFF, 0xE0, 0xFF, 0xE0, 0xF0, 0x00, 0xF0,
    0x00, 0xF0, 0x00, 0xF0, 0x00, 0xFF, 0xF0, 0x7F, 0xF8, 0x7F, 0xF0, 0x00, 0x18, 0x00, 0xF0, 0x07,
    0x83, 0xDC, 0x0F, 0xE0, 0x7F, 0x03, 0x9C, 0x00, 0x00, 0x0F, 0x80, 0xFF, 0x07, 0xFE, 0x1F, 0xFC,
    0xF0, 0x7B, 0xFF, 0xEF, 0xFF, 0xBF, 0xFE, 0xFF, 0xF3, 0xC0, 0x0F, 0x87, 0x1F, 0xFC, 0x3F, 0xF0,
    0x7F, 0x80, 0x70, 0x00, 0x01, 0x80, 0x1E, 0x00, 0xF8, 0x0F, 0xE0, 0xFE, 0x0F, 0xE0, 0x77, 0x80,
    0x00, 0x7F, 0xF3, 0xFF, 0xFF, 0xFF, 0xFF, 0xEF, 0x00, 0x78, 0x03, 0xC0, 0x1F, 0xFC, 0xFF, 0xE7,
    0xFF, 0x3F, 0xF9, 0xE0, 0x0F, 0x00, 0x78, 0x03, 0xC0, 0x1F, 0xFE, 0x7F, 0xFB, 0xFF, 0x80, 0x01,
    0x00, 0x1C, 0x00, 0xF0, 0x07, 0xC0, 0xFE, 0x07, 0xC0, 0x7F, 0x07, 0x38, 0x00, 0x00, 0x7C, 0x0F,
    0xF0, 0xFF, 0xC7, 0xFF, 0x78, 0x3F, 0xFF, 0xFF, 0xFF, 0xFF, 0xFF, 0xFF, 0xBC, 0x01, 0xF0, 0xE7,
    0xFF, 0x1F, 0xF8, 0x7F, 0x80, 0xE0, 0x06, 0x00, 0x7C, 0x03, 0xE0, 0x07, 0x00, 0x38, 0x01, 0x80,
    0x00, 0x00, 0xE0, 0x0F, 0x80, 0xFE, 0x07, 0x78, 0x00, 0x07, 0xFF, 0x3F, 0xFF, 0xFF, 0xFF, 0xFE,
    0xF0, 0x07, 0x80, 0x3C, 0x01, 0xFF, 0xCF, 0xFE, 0x7F, 0xF3, 0xFF, 0x9E, 0x00, 0xF0, 0x07, 0x80,
    0x3C, 0x01, 0xFF, 0xE7, 0xFF, 0xBF, 0xF8, 0x00, 0x60, 0x0F, 0x80, 0x7E, 0x00, 0x70, 0x77, 0x07,
    0xF8, 0x7F, 0x03, 0x38, 0x0F, 0x81, 0xFE, 0x1F, 0xF8, 0xFF, 0xEF, 0x07, 0xFF, 0xFF, 0xFF, 0xFF,
    0xFF, 0xFF, 0xF7, 0x80, 0x3E, 0x1C, 0xFF, 0xE3, 0xFF, 0x0F, 0xF0, 0x1C, 0x00, 0x1C, 0x61, 0xFB,
    0x8F, 0xFC, 0x77, 0xC3, 0x7C, 0x07, 0xC0, 0x7F, 0x03, 0xBC, 0x00, 0x03, 0xFF, 0x9F, 0xFF, 0xFF,
    0xFF, 0xFF, 0x78, 0x03, 0xC0, 0x1E, 0x00, 0xFF, 0xE7, 0xFF, 0x3F, 0xF9, 0xFF, 0xCF, 0x00, 0x78,
    0x03, 0xC0, 0x1E, 0x00, 0xFF, 0xF3, 0xFF, 0xDF, 0xFC, 0x1C, 0x61, 0xFF, 0x1F, 0xF8, 0xE7, 0xC0,
    0xF0, 0x07, 0xC0, 0x7F, 0x03, 0x38, 0x0F, 0x81, 0xFE, 0x1F, 0xF8, 0xFF, 0xEF, 0x07, 0xFF, 0xFF,
    0xFF, 0xFF, 0xFF, 0xFF, 0xF7, 0x80, 0x3E, 0x1C, 0xFF, 0xE3, 0xFF, 0x0F, 0xF0, 0x1C, 0x00, 0x07,
    0x00, 0x7C, 0x07, 0xF0, 0x3B, 0xC0, 0x00, 0x3F, 0xF9, 0xFF, 0xFF, 0xFF, 0xFF, 0xF7, 0x80, 0x3C,
    0x01, 0xE0, 0x0F, 0xFE, 0x7F, 0xF3, 0xFF, 0x9F, 0xFC, 0xF0, 0x07, 0x80, 0x3C, 0x01, 0xE0, 0x0F,
    0xFF, 0x3F, 0xFD, 0xFF, 0xC0, 0xC0, 0x0F, 0x00, 0x78, 0x01, 0xC0, 0x07, 0x00, 0x7C, 0x07, 0xF0,
    0x33, 0x80, 0x00, 0x07, 0xC0, 0xFF, 0x0F, 0xFC, 0x7F, 0xF7, 0x83, 0xFF, 0xFF, 0xFF, 0xFF, 0xFF,
    0xFF, 0xFB, 0xC0, 0x1F, 0x0E, 0x7F, 0xF1, 0xFF, 0x87, 0xF8, 0x0E, 0x00, 0x70, 0x07, 0x80, 0x1C,
    0x00, 0x31, 0xFF, 0xC7, 0x18, 0x60, 0x0E, 0x39, 0xE7, 0x9E, 0x79, 0xE7, 0x9E, 0x79, 0xE7, 0x9E,
    0x79, 0xE7, 0x8E, 0x38, 0x73, 0xEF, 0x86, 0x38, 0xC3, 0x1E, 0x79, 0xE7, 0x9E, 0x79, 0xE7, 0x9E,
    0x79, 0xE7, 0x9E, 0x73, 0xBD, 0xEF, 0x7B, 0xDE, 0xF7, 0xBD, 0xEF, 0x7B, 0xDE, 0x73, 0x8C, 0xE7,
    0x38, 0xFF, 0xF0, 0x6F, 0xFF, 0xFF, 0xFF, 0xFF, 0xFF, 0xFF, 0x0F, 0xFF, 0x07, 0xF0, 0x0F, 0xFE,
    0x0F, 0xFF, 0x8F, 0xFF, 0xE7, 0xC1, 0xF7, 0xC0, 0x7F, 0xC0, 0x1F, 0xE0, 0x0F, 0xF0, 0x07, 0xF8,
    0x03, 0xFC, 0x01, 0xFE, 0x00, 0xFF, 0x00, 0x7B, 0xC0, 0x79, 0xF8, 0xFC, 0x7F, 0xFC, 0x1F, 0xFC,
    0x07, 0xFC, 0x00, 0x70, 0x00, 0x38, 0x00, 0x1C, 0x00, 0x0E, 0x00, 0x0F, 0x80, 0xFF, 0x87, 0xFF,
    0x1F, 0xFE, 0xF0, 0x7B, 0xC0, 0xFE, 0x03, 0xF8, 0x0F, 0xF0, 0x3F, 0xC0, 0xFF, 0x87, 0x9F, 0xFE,
    0x3F, 0xF0, 0x7F, 0x80, 0x70, 0x01, 0xE0, 0x07, 0x80, 0x1E, 0x00, 0x01, 0x80, 0x01, 0xF0, 0x01,
    0xF8, 0x00, 0x1C, 0x00, 0x0C, 0x00, 0x06, 0x00, 0x00, 0x00, 0x0F, 0xE0, 0x1F, 0xFC, 0x1F, 0xFF,
    0x1F, 0xFF, 0xCF, 0x83, 0xEF, 0x80, 0xFF, 0x80, 0x3F, 0xC0, 0x1F, 0xE0, 0x0F, 0xF0, 0x07, 0xF8,
    0x03, 0xFC, 0x01, 0xFE, 0x00, 0xF7, 0x80, 0xF3, 0xF1, 0xF8, 0xFF, 0xF8, 0x3F, 0xF8, 0x0F, 0xF8,
    0x00, 0xE0, 0x00, 0x07, 0x00, 0x3E, 0x00, 0xF8, 0x00, 0x60, 0x03, 0x80, 0x0C, 0x00, 0xF8, 0x0F,
    0xF8, 0x7F, 0xF1, 0xFF, 0xEF, 0x07, 0xBC, 0x0F, 0xE0, 0x3F, 0x80, 0xFF, 0x03, 0xFC, 0x0F, 0xF8,
    0x79, 0xFF, 0xE3, 0xFF, 0x07, 0xF8, 0x07, 0x00, 0x00, 0x03, 0x00, 0x03, 0xC0, 0x73, 0xE0, 0x7F,
    0xE0, 0x7F, 0xC0, 0x7B, 0x80, 0x00, 0x00, 0x0F, 0xE0, 0x1F, 0xFC, 0x1F, 0xFF, 0x1F, 0xFF, 0xCF,
    0x83, 0xEF, 0x80, 0xFF, 0x80, 0x3F, 0xC0, 0x1F, 0xE0, 0x0F, 0xF0, 0x07, 0xF8, 0x03, 0xFC, 0x01,
    0xFE, 0x00, 0xF7, 0x80, 0xF3, 0xF1, 0xF8, 0xFF, 0xF8, 0x3F, 0xF8, 0x0F, 0xF8, 0x00, 0xE0, 0x00,
    0x00, 0x1C, 0x00, 0xF0, 0x03, 0xC1, 0xFE, 0x0F, 0xF0, 0x7F, 0x01, 0xCC, 0x00, 0x00, 0x0F, 0x80,
    0xFF, 0x87, 0xFF, 0x1F, 0xFE, 0xF0, 0x7B, 0xC0, 0xFE, 0x03, 0xF8, 0x0F, 0xF0, 0x3F, 0xC0, 0xFF,
    0x87, 0x9F, 0xFE, 0x3F, 0xF0, 0x7F, 0x80, 0x70, 0x00, 0x00, 0x60, 0x00, 0x78, 0x00, 0x1F, 0x00,
    0x3F, 0x80, 0x3E, 0xC0, 0x3F, 0x80, 0x3D, 0xC0, 0x00, 0x00, 0x07, 0xF0, 0x0F, 0xFE, 0x0F, 0xFF,
    0x8F, 0xFF, 0xE7, 0xC1, 0xF7, 0xC0, 0x7F, 0xC0, 0x1F, 0xE0, 0x0F, 0xF0, 0x07, 0xF8, 0x03, 0xFC,
    0x01, 0xFE, 0x00, 0xFF, 0x00, 0x7B, 0xC0, 0x79, 0xF8, 0xFC, 0x7F, 0xFC, 0x1F, 0xFC, 0x07, 0xFC,
    0x00, 0x70, 0x00, 0x01, 0x00, 0x0F, 0x00, 0x3E, 0x00, 0x7C, 0x07, 0xE0, 0x3E, 0x01, 0xFC, 0x07,
    0x30, 0x00, 0x00, 0x3E, 0x03, 0xFE, 0x1F, 0xFC, 0x7F, 0xFB, 0xC1, 0xEF, 0x03, 0xF8, 0x0F, 0xE0,
    0x3F, 0xC0, 0xFF, 0x03, 0xFE, 0x1E, 0x7F, 0xF8, 0xFF, 0xC1, 0xFE, 0x01, 0xC0, 0x00, 0x18, 0x00,
    0x1F, 0x00, 0x1F, 0x80, 0x01, 0xC0, 0x1C, 0xC0, 0x1F, 0x60, 0x1F, 0xC0, 0x0E, 0xE0, 0x00, 0x00,
    0x03, 0xF8, 0x07, 0xFF, 0x07, 0xFF, 0xC7, 0xFF, 0xF3, 0xE0, 0xFB, 0xE0, 0x3F, 0xE0, 0x0F, 0xF0,
    0x07, 0xF8, 0x03, 0xFC, 0x01, 0xFE, 0x00, 0xFF, 0x00, 0x7F, 0x80, 0x3D, 0xE0, 0x3C, 0xFC, 0x7E,
    0x3F, 0xFE, 0x0F, 0xFE, 0x03, 0xFE, 0x00, 0x38, 0x00, 0x00, 0x70, 0x03, 0xE0, 0x0F, 0x80, 0x06,
    0x07, 0xB8, 0x3E, 0xC1, 0xFC, 0x07, 0x30, 0x0F, 0x80, 0xFF, 0x87, 0xFF, 0x1F, 0xFE, 0xF0, 0x7B,
    0xC0, 0xFE, 0x03, 0xF8, 0x0F, 0xF0, 0x3F, 0xC0, 0xFF, 0x87, 0x9F, 0xFE, 0x3F, 0xF0, 0x7F, 0x80,
    0x70, 0x00, 0x07, 0x18, 0x07, 0xEE, 0x03, 0xFF, 0x01, 0xDF, 0x00, 0xDF, 0x00, 0x1F, 0x00, 0x1F,
    0xC0, 0x1E, 0xE0, 0x00, 0x00, 0x03, 0xF8, 0x07, 0xFF, 0x07, 0xFF, 0xC7, 0xFF, 0xF3, 0xE0, 0xFB,
    0xE0, 0x3F, 0xE0, 0x0F, 0xF0, 0x07, 0xF8, 0x03, 0xFC, 0x01, 0xFE, 0x00, 0xFF, 0x00, 0x7F, 0x80,
    0x3D, 0xE0, 0x3C, 0xFC, 0x7E, 0x3F, 0xFE, 0x0F, 0xFE, 0x03, 0xFE, 0x00, 0x38, 0x00, 0x1E, 0x70,
    0xFF, 0xC3, 0xFF, 0x0E, 0xF8, 0x17, 0x80, 0x3E, 0x01, 0xFC, 0x07, 0x30, 0x0F, 0x80, 0xFF, 0x87,
    0xFF, 0x1F, 0xFE, 0xF0, 0x7B, 0xC0, 0xFE, 0x03, 0xF8, 0x0F, 0xF0, 0x3F, 0xC0, 0xFF, 0x87, 0x9F,
    0xFE, 0x3F, 0xF0, 0x7F, 0x80, 0x70, 0x00, 0x01, 0xC0, 0x01, 0xF0, 0x01, 0xFC, 0x01, 0xEE, 0x00,
    0x00, 0x00, 0x3F, 0x80, 0x7F, 0xF0, 0x7F, 0xFC, 0x7F, 0xFF, 0x3E, 0x0F, 0xBE, 0x03, 0xFE, 0x00,
    0xFF, 0x00, 0x7F, 0x80, 0x3F, 0xC0, 0x1F, 0xE0, 0x0F, 0xF0, 0x07, 0xF8, 0x03, 0xDE, 0x03, 0xCF,
    0xC7, 0xE3, 0xFF, 0xE0, 0xFF, 0xE0, 0x3F, 0xE0, 0x03, 0x80, 0x01, 0xC0, 0x00, 0xE0, 0x00, 0x70,
    0x00, 0x07, 0x80, 0x3E, 0x01, 0xFC, 0x07, 0x30, 0x00, 0x00, 0x3E, 0x03, 0xFE, 0x1F, 0xFC, 0x7F,
    0xFB, 0xC1, 0xEF, 0x03, 0xF8, 0x0F, 0xE0, 0x3F, 0xC0, 0xFF, 0x03, 0xFE, 0x1E, 0x7F, 0xF8, 0xFF,
    0xC1, 0xFE, 0x01, 0xC0, 0x07, 0x80, 0x1E, 0x00, 0x78, 0x00, 0x00, 0x30, 0x00, 0x3C, 0x00, 0x3F,
    0x80, 0x3F, 0xC0, 0x0C, 0xE0, 0x3F, 0xF0, 0x7F, 0xF8, 0x7F, 0xFC, 0x7F, 0xFF, 0x3E, 0x0F, 0xBE,
    0x03, 0xFE, 0x00, 0xFF, 0x00, 0x7F, 0x80, 0x3F, 0xC0, 0x1F, 0xE0, 0x0F, 0xF0, 0x07, 0xF8, 0x03,
    0xDE, 0x03, 0xCF, 0xC7, 0xE3, 0xFF, 0xE0, 0xFF, 0xE0, 0x3F, 0xE0, 0x03, 0x80, 0x01, 0xC0, 0x07,
    0x00, 0x3C, 0x80, 0xE7, 0x03, 0x1C, 0x3F, 0xF3, 0xFF, 0x9F, 0xFC, 0x7F, 0xFB, 0xC1, 0xEF, 0x03,
    0xF8, 0x0F, 0xE0, 0x3F, 0xC0, 0xFF, 0x03, 0xFE, 0x1E, 0x7F, 0xF8, 0xFF, 0xC1, 0xFE, 0x01, 0xC0,
    0x06, 0x00, 0x07, 0x80, 0x03, 0xE1, 0x80, 0x79, 0xC0, 0x18, 0xE0, 0x3F, 0xF0, 0x7F, 0xF8, 0x7F,
    0xFC, 0x7F, 0xFF, 0x3E, 0x0F, 0xBE, 0x03, 0xFE, 0x00, 0xFF, 0x00, 0x7F, 0x80, 0x3F, 0xC0, 0x1F,
    0xE0, 0x0F, 0xF0, 0x07, 0xF8, 0x03, 0xDE, 0x03, 0xCF, 0xC7, 0xE3, 0xFF, 0xE0, 0xFF, 0xE0, 0x3F,
    0xE0, 0x03, 0x80, 0x18, 0x00, 0xF0, 0x03, 0xE0, 0x87, 0xC7, 0x07, 0x1C, 0x3F, 0xF3, 0xFF, 0x9F,
    0xFC, 0x7F, 0xFB, 0xC1, 0xEF, 0x03, 0xF8, 0x0F, 0xE0, 0x3F, 0xC0, 0xFF, 0x03, 0xFE, 0x1E, 0x7F,
    0xF8, 0xFF, 0xC1, 0xFE, 0x01, 0xC0, 0x01, 0x80, 0x01, 0xF0, 0x01, 0xF8, 0x00, 0x1C, 0x00, 0x0C,
    0x60, 0x06, 0x70, 0x00, 0x38, 0x0F, 0xFC, 0x1F, 0xFE, 0x1F, 0xFF, 0x1F, 0xFF, 0xCF, 0x83, 0xEF,
    0x80, 0xFF, 0x80, 0x3F, 0xC0, 0x1F, 0xE0, 0x0F, 0xF0, 0x07, 0xF8, 0x03, 0xFC, 0x01, 0xFE, 0x00,
    0xF7, 0x80, 0xF3, 0xF1, 0xF8, 0xFF, 0xF8, 0x3F, 0xF8, 0x0F, 0xF8, 0x00, 0xE0, 0x00, 0x06, 0x00,
    0x3E, 0x01, 0xF8, 0x00, 0xE2, 0x03, 0x1C, 0x0C, 0x70, 0xFF, 0xCF, 0xFE, 0x7F, 0xF1, 0xFF, 0xEF,
    0x07, 0xBC, 0x0F, 0xE0, 0x3F, 0x80, 0xFF, 0x03, 0xFC, 0x0F, 0xF8, 0x79, 0xFF, 0xE3, 0xFF, 0x07,
    0xF8, 0x07, 0x00, 0x06, 0x30, 0x0F, 0xDC, 0x07, 0xFF, 0x83, 0xBF, 0xC0, 0xC7, 0xE0, 0x3F, 0xF0,
    0x7F, 0xF8, 0x7F, 0xFC, 0x7F, 0xFF, 0x3E, 0x0F, 0xBE, 0x03, 0xFE, 0x00, 0xFF, 0x00, 0x7F, 0x80,
    0x3F, 0xC0, 0x1F, 0xE0, 0x0F, 0xF0, 0x07, 0xF8, 0x03, 0xDE, 0x03, 0xCF, 0xC7, 0xE3, 0xFF, 0xE0,
    0xFF, 0xE0, 0x3F, 0xE0, 0x03, 0x80, 0x1E, 0x60, 0xFD, 0xC7, 0xFF, 0x8C, 0xFF, 0x10, 0x1C, 0x3F,
    0xF3, 0xFF, 0x9F, 0xFC, 0x7F, 0xFB, 0xC1, 0xEF, 0x03, 0xF8, 0x0F, 0xE0, 0x3F, 0xC0, 0xFF, 0x03,
    0xFE, 0x1E, 0x7F, 0xF8, 0xFF, 0xC1, 0xFE, 0x01, 0xC0, 0x00, 0x06, 0x00, 0x07, 0x00, 0x03, 0x80,
    0xFF, 0xC1, 0xFF, 0xE1, 0xFF, 0xF1, 0xFF, 0xFC, 0xF8, 0x3E, 0xF8, 0x0F, 0xF8, 0x03, 0xFC, 0x01,
    0xFE, 0x00, 0xFF, 0x00, 0x7F, 0x80, 0x3F, 0xC0, 0x1F, 0xE0, 0x0F, 0x78, 0x0F, 0x3F, 0x1F, 0x8F,
    0xFF, 0x83, 0xFF, 0x80, 0xFF, 0x80, 0x0E, 0x00, 0x07, 0x00, 0x03, 0x80, 0x01, 0xC0, 0x00, 0x00,
    0x08, 0x00, 0x70, 0x01, 0xC3, 0xFF, 0x3F, 0xF9, 0xFF, 0xC7, 0xFF, 0xBC, 0x1E, 0xF0, 0x3F, 0x80,
    0xFE, 0x03, 0xFC, 0x0F, 0xF0, 0x3F, 0xE1, 0xE7, 0xFF, 0x8F, 0xFC, 0x1F, 0xE0, 0x1C, 0x00, 0x70,
    0x01, 0xC0, 0x07, 0x00, 0x70, 0x0C, 0xE0, 0x1F, 0xC0, 0x3F, 0x80, 0x7F, 0x00, 0xFE, 0x01, 0xFC,
    0x03, 0xF8, 0x07, 0xF0, 0x0F, 0xE0, 0x1F, 0xC0, 0x3B, 0x80, 0xF7, 0x81, 0xEF, 0x03, 0xDF, 0x9F,
    0x1F, 0xFE, 0x1F, 0xF8, 0x1F, 0xE0, 0x06, 0x00, 0x1E, 0x00, 0x3C, 0x00, 0x70, 0x00, 0x60, 0x27,
    0x83, 0xBC, 0x1D, 0xE0, 0xEF, 0x07, 0x78, 0x3B, 0xC1, 0xDE, 0x0E, 0xF0, 0x77, 0x83, 0x9E, 0x3C,
    0xFF, 0xE7, 0xFE, 0x1F, 0xE0, 0x1C, 0x00, 0xE0, 0x0F, 0x00, 0x38, 0x00, 0x03, 0x80, 0x0F, 0x80,
    0x1F, 0x00, 0x06, 0x00, 0x1C, 0x00, 0x30, 0x00, 0x00, 0x38, 0x06, 0x70, 0x0F, 0xE0, 0x1F, 0xC0,
    0x3F, 0x80, 0x7F, 0x00, 0xFE, 0x01, 0xFC, 0x03, 0xF8, 0x07, 0xF0, 0x0F, 0xE0, 0x1D, 0xC0, 0x7B,
    0xC0, 0xF7, 0x81, 0xEF, 0xCF, 0x8F, 0xFF, 0x0F, 0xFC, 0x0F, 0xF0, 0x00, 0x00, 0x06, 0x00, 0xF8,
    0x07, 0xE0, 0x07, 0x00, 0x30, 0x03, 0x81, 0x80, 0x9E, 0x0E, 0xF0, 0x77, 0x83, 0xBC, 0x1D, 0xE0,
    0xEF, 0x07, 0x78, 0x3B, 0xC1, 0xDE, 0x0E, 0x78, 0xF3, 0xFF, 0x9F, 0xF8, 0x7F, 0x80, 0x70, 0x00,
    0x00, 0x30, 0x00, 0x3C, 0x00, 0x1F, 0x08, 0x07, 0x87, 0x01, 0x81, 0xDC, 0x03, 0xF7, 0x00, 0xFB,
    0xC0, 0x3C, 0xF0, 0x0E, 0x3C, 0x03, 0x8F, 0x00, 0xE3, 0xC0, 0x38, 0xF0, 0x0E, 0x3C, 0x03, 0x8F,
    0x00, 0xE3, 0xC0, 0x38, 0x70, 0x1E, 0x1E, 0x07, 0x87, 0x81, 0xE1, 0xF9, 0xF0, 0x3F, 0xFC, 0x07,
    0xFE, 0x00, 0xFF, 0x00, 0x00, 0x00, 0x01, 0xC0, 0x03, 0x80, 0x0F, 0x18, 0x1C, 0x70, 0x30, 0xEC,
    0x07, 0xFC, 0x1F, 0x78, 0x3C, 0xF0, 0x71, 0xE0, 0xE3, 0xC1, 0xC7, 0x83, 0x8F, 0x07, 0x1E, 0x0E,
    0x3C, 0x1C, 0x3C, 0x78, 0x7F, 0xF0, 0xFF, 0xC0, 0xFF, 0x00, 0x38, 0x00, 0x0C, 0x00, 0x03, 0xC0,
    0x00, 0xF8, 0x08, 0x1E, 0x07, 0x01, 0x81, 0xDC, 0x03, 0xF7, 0x00, 0xFB, 0xC0, 0x3C, 0xF0, 0x0E,
    0x3C, 0x03, 0x8F, 0x00, 0xE3, 0xC0, 0x38, 0xF0, 0x0E, 0x3C, 0x03, 0x8F, 0x00, 0xE3, 0xC0, 0x38,
    0x70, 0x1E, 0x1E, 0x07, 0x87, 0x81, 0xE1, 0xF9, 0xF0, 0x3F, 0xFC, 0x07, 0xFE, 0x00, 0xFF, 0x00,
    0x00, 0x00, 0x18, 0x00, 0x78, 0x00, 0xF8, 0x18, 0xF8, 0x70, 0x70, 0xEC, 0x07, 0xFC, 0x1F, 0x78,
    0x3C, 0xF0, 0x71, 0xE0, 0xE3, 0xC1, 0xC7, 0x83, 0x8F, 0x07, 0x1E, 0x0E, 0x3C, 0x1C, 0x3C, 0x78,
    0x7F, 0xF0, 0xFF, 0xC0, 0xFF, 0x00, 0x38, 0x00, 0x01, 0x80, 0x01, 0xF0, 0x00, 0x7C, 0x00, 0x03,
    0x00, 0x01, 0xC0, 0x80, 0x60, 0x70, 0x00, 0x1D, 0xC0, 0x3F, 0x70, 0x0F, 0xBC, 0x03, 0xCF, 0x00,
    0xE3, 0xC0, 0x38, 0xF0, 0x0E, 0x3C, 0x03, 0x8F, 0x00, 0xE3, 0xC0, 0x38, 0xF0, 0x0E, 0x3C, 0x03,
    0x87, 0x01, 0xE1, 0xE0, 0x78, 0x78, 0x1E, 0x1F, 0x9F, 0x03, 0xFF, 0xC0, 0x7F, 0xE0, 0x0F, 0xF0,
    0x00, 0x00, 0x00, 0x06, 0x00, 0x1F, 0x00, 0x7E, 0x00, 0x1C, 0x30, 0x30, 0xE0, 0x61, 0xD8, 0x0F,
    0xF8, 0x3E, 0xF0, 0x79, 0xE0, 0xE3, 0xC1, 0xC7, 0x83, 0x8F, 0x07, 0x1E, 0x0E, 0x3C, 0x1C, 0x78,
    0x38, 0x78, 0xF0, 0xFF, 0xE1, 0xFF, 0x81, 0xFE, 0x00, 0x70, 0x00, 0x06, 0x30, 0x07, 0xEE, 0x01,
    0xFF, 0x88, 0x77, 0xE7, 0x0C, 0x71, 0xDC, 0x03, 0xF7, 0x00, 0xFB, 0xC0, 0x3C, 0xF0, 0x0E, 0x3C,
    0x03, 0x8F, 0x00, 0xE3, 0xC0, 0x38, 0xF0, 0x0E, 0x3C, 0x03, 0x8F, 0x00, 0xE3, 0xC0, 0x38, 0x70,
    0x1E, 0x1E, 0x07, 0x87, 0x81, 0xE1, 0xF9, 0xF0, 0x3F, 0xFC, 0x07, 0xFE, 0x00, 0xFF, 0x00, 0x00,
    0x00, 0x1E, 0x60, 0x7E, 0xE1, 0xFF, 0xD9, 0x9F, 0x71, 0x00, 0xEC, 0x07, 0xFC, 0x1F, 0x78, 0x3C,
    0xF0, 0x71, 0xE0, 0xE3, 0xC1, 0xC7, 0x83, 0x8F, 0x07, 0x1E, 0x0E, 0x3C, 0x1C, 0x3C, 0x78, 0x7F,
    0xF0, 0xFF, 0xC0, 0xFF, 0x00, 0x38, 0x00, 0x00, 0x00, 0x80, 0x00, 0x70, 0x00, 0x1D, 0xC0, 0x3F,
    0x70, 0x0F, 0xBC, 0x03, 0xCF, 0x00, 0xE3, 0xC0, 0x38, 0xF0, 0x0E, 0x3C, 0x03, 0x8F, 0x00, 0xE3,
    0xC0, 0x38, 0xF0, 0x0E, 0x3C, 0x03, 0x87, 0x01, 0xE1, 0xE0, 0x78, 0x78, 0x1E, 0x1F, 0x9F, 0x03,
    0xFF, 0xC0, 0x7F, 0xE0, 0x0F, 0xF0, 0x00, 0x60, 0x00, 0x3C, 0x00, 0x0F, 0x00, 0x03, 0xC0, 0x00,
    0x00, 0x06, 0x00, 0x1C, 0x00, 0x3B, 0x01, 0xFF, 0x07, 0xDE, 0x0F, 0x3C, 0x1C, 0x78, 0x38, 0xF0,
    0x71, 0xE0, 0xE3, 0xC1, 0xC7, 0x83, 0x8F, 0x07, 0x0F, 0x1E, 0x1F, 0xFC, 0x3F, 0xF0, 0x3F, 0xC0,
    0x0E, 0x00, 0x1C, 0x00, 0x38, 0x00, 0x70, 0x00, 0x0C, 0x00, 0x3C, 0x00, 0x7C, 0x00, 0x3C, 0x00,
    0x30, 0x0C, 0x01, 0xBC, 0x07, 0xFC, 0x1F, 0x78, 0x3C, 0xF8, 0xF8, 0xFB, 0xE0, 0xFF, 0x80, 0xFE,
    0x01, 0xFC, 0x01, 0xF0, 0x01, 0xC0, 0x03, 0x80, 0x07, 0x00, 0x0E, 0x00, 0x1C, 0x00, 0x38, 0x00,
    0x70, 0x00, 0xE0, 0x00, 0x10, 0x01, 0xE0, 0x0F, 0x80, 0x3E, 0x00, 0x70, 0x30, 0x13, 0xC1, 0xDE,
    0x0E, 0xF0, 0x77, 0x83, 0xBC, 0x1D, 0xE0, 0xEF, 0x07, 0x78, 0x3B, 0xC1, 0xDF, 0x1E, 0x7F, 0xF3,
    0xFF, 0x8F, 0xFC, 0x19, 0xE3, 0x0F, 0x3F, 0xF9, 0xFF, 0x87, 0xF0, 0x60, 0x0D, 0xE0, 0x3F, 0xE0,
    0xFB, 0xC1, 0xE7, 0xC7, 0xC7, 0xDF, 0x07, 0xFC, 0x07, 0xF0, 0x0F, 0xE0, 0x0F, 0x80, 0x0E, 0x00,
    0x1C, 0x00, 0x38, 0x00, 0x70, 0x00, 0xE0, 0x01, 0xC0, 0x03, 0x80, 0x07, 0x00, 0x06, 0x00, 0x1C,
    0x00, 0x3C, 0x00, 0x70, 0x00, 0x60, 0x20, 0xF0, 0x70, 0xF0, 0x70, 0xF0, 0x70, 0xF0, 0x70, 0xF0,
    0x70, 0xF0, 0x70, 0xF0, 0x70, 0xF0, 0x70, 0xF0, 0x70, 0xF8, 0xF0, 0x7F, 0xF0, 0x7F, 0xF0, 0x3F,
    0xF0, 0x0C, 0xF0, 0x30, 0xFE, 0x7F, 0xFE, 0x7F, 0xEE, 0x3F, 0x80, 0x03, 0x00, 0x0F, 0x80, 0x3F,
    0x00, 0x0E, 0x00, 0x18, 0x00, 0x30, 0x00, 0x00, 0x30, 0x06, 0xF0, 0x1F, 0xF0, 0x7D, 0xE0, 0xF3,
    0xE3, 0xE3, 0xEF, 0x83, 0xFE, 0x03, 0xF8, 0x07, 0xF0, 0x07, 0xC0, 0x07, 0x00, 0x0E, 0x00, 0x1C,
    0x00, 0x38, 0x00, 0x70, 0x00, 0xE0, 0x01, 0xC0, 0x03, 0x80, 0x06, 0x00, 0xF8, 0x07, 0xE0, 0x07,
    0x00, 0x30, 0x03, 0x81, 0x80, 0x9E, 0x0E, 0xF0, 0x77, 0x83, 0xBC, 0x1D, 0xE0, 0xEF, 0x07, 0x78,
    0x3B, 0xC1, 0xDE, 0x0E, 0xF8, 0xF3, 0xFF, 0x9F, 0xFC, 0x7F, 0xE0, 0xCF, 0x18, 0x79, 0xFF, 0xCF,
    0xFC, 0x3F, 0x80, 0x0E, 0x30, 0x3F, 0x60, 0xFF, 0xE1, 0xDF, 0x81, 0x8E, 0x0C, 0x01, 0xBC, 0x07,
    0xFC, 0x1F, 0x78, 0x3C, 0xF8, 0xF8, 0xFB, 0xE0, 0xFF, 0x80, 0xFE, 0x01, 0xFC, 0x01, 0xF0, 0x01,
    0xC0, 0x03, 0x80, 0x07, 0x00, 0x0E, 0x00, 0x1C, 0x00, 0x38, 0x00, 0x70, 0x00, 0xE0, 0x00, 0x1C,
    0x61, 0xFF, 0x1F, 0xF8, 0xE7, 0xC0, 0x00, 0x30, 0x13, 0xC1, 0xDE, 0x0E, 0xF0, 0x77, 0x83, 0xBC,
    0x1D, 0xE0, 0xEF, 0x07, 0x78, 0x3B, 0xC1, 0xDF, 0x1E, 0x7F, 0xF3, 0xFF, 0x8F, 0xFC, 0x19, 0xE3,
    0x0F, 0x3F, 0xF9, 0xFF, 0x87, 0xF0, 0x3C, 0xFF, 0xFF, 0xFF, 0x00, 0x1F, 0xFF, 0xFF, 0xFF, 0xF0,
    0x00, 0x1F, 0xFF, 0xFF, 0xFF, 0xF0, 0x00, 0x00, 0x0F, 0xFF, 0xFF, 0xFF, 0xFF, 0xFF, 0xFF, 0xFF,
    0x00, 0x00, 0x0F, 0xFF, 0xFF, 0xFF, 0xFF, 0xFF, 0xFF, 0xFF, 0x39, 0xE7, 0x3C, 0xFD, 0xF7, 0x80,
    0x79, 0xEF, 0xCF, 0x39, 0xE7, 0x00, 0x7B, 0xFF, 0xC7, 0x79, 0xE6, 0x00, 0x38, 0xCF, 0x3B, 0xCE,
    0x71, 0xCF, 0xBF, 0xF7, 0xDC, 0x70, 0x79, 0xCF, 0x7F, 0xFF, 0x9E, 0x73, 0x9E, 0xF7, 0x9C, 0xE0,
    0x7B, 0xDF, 0xFF, 0xFF, 0x8E, 0x77, 0x9E, 0xF7, 0x88, 0x60, 0x08, 0x07, 0x01, 0xE0, 0x78, 0xFF,
    0xBF, 0xFF, 0xF8, 0x78, 0x1E, 0x07, 0x81, 0xE0, 0x78, 0x1C, 0x02, 0x00, 0x18, 0x0E, 0x0F, 0x0F,
    0xEF, 0xF7, 0xF8, 0xF9, 0xFE, 0xFF, 0xFF, 0x8F, 0x07, 0x83, 0xC0, 0xE0, 0x00, 0x1C, 0x3E, 0x7F,
    0x7F, 0xFF, 0x7F, 0x7E, 0x3C, 0x63, 0x3B, 0xDE, 0xEF, 0x7F, 0xFD, 0xEE, 0x1E, 0x03, 0x00, 0x01,
    0xF8, 0x3C, 0x00, 0x1F, 0xE1, 0xC0, 0x00, 0xE7, 0x1E, 0x00, 0x0F, 0x39, 0xE0, 0x00, 0x79, 0xCE,
    0x00, 0x01, 0xCE, 0xF0, 0x00, 0x0F, 0xFF, 0x00, 0x00, 0x7F, 0x73, 0x81, 0xC1, 0xF7, 0xBF, 0x1F,
    0x80, 0x7B, 0xF9, 0xFC, 0x03, 0xBD, 0xEE, 0xF0, 0x3D, 0xC7, 0xF3, 0x83, 0xCE, 0x3F, 0x1C, 0x1C,
    0x71, 0xFC, 0xE1, 0xE3, 0xDE, 0xEF, 0x1E, 0x0F, 0xE7, 0xF0, 0x60, 0x3E, 0x1F, 0x00, 0x00, 0x40,
    0x30, 0x71, 0xCF, 0x79, 0xEF, 0x39, 0xE7, 0x38, 0xE7, 0x18, 0xE3, 0x18, 0x1C, 0x73, 0xDE, 0xF3,
    0xC7, 0x9E, 0x3C, 0x71, 0xC0, 0xE3, 0xCF, 0x9E, 0x3C, 0x73, 0xDE, 0xF3, 0xC6, 0x00, 0x00, 0x18,
    0x00, 0xE0, 0x07, 0x80, 0x1C, 0x00, 0xF0, 0x07, 0x80, 0x1E, 0x00, 0xF0, 0x07, 0x80, 0x1E, 0x00,
    0xF0, 0x07, 0x80, 0x1E, 0x00, 0xF0, 0x07, 0x80, 0x1E, 0x00, 0xF0, 0x03, 0x80, 0x00, 0x00, 0x00,
    0x1C, 0x1F, 0x9F, 0xEE, 0x7F, 0x3F, 0x9F, 0xCE, 0xEF, 0x7F, 0x1F, 0x83, 0x00, 0x0E, 0x07, 0x07,
    0x87, 0xC7, 0xE7, 0xF3, 0xFF, 0xFF, 0x0E, 0x07, 0x00, 0x3C, 0x7E, 0xFE, 0xF8, 0xFE, 0xFE, 0x4F,
    0xCE, 0xFE, 0xFC, 0x30, 0x1E, 0x1F, 0x9F, 0xCE, 0x07, 0xE7, 0xFB, 0xDC, 0xEE, 0x7F, 0x1F, 0x07,
    0x00, 0x79, 0xFF, 0xF8, 0x71, 0xC3, 0x8E, 0x1C, 0x70, 0xE0, 0x00, 0x38, 0x7E, 0xFE, 0xEF, 0xFE,
    0x7E, 0xEF, 0xE7, 0xFF, 0x7E, 0x18, 0x1C, 0x3F, 0x1F, 0xDE, 0xEF, 0x73, 0xF8, 0xFC, 0x1E, 0x7E,
    0x3F, 0x0E, 0x00, 0x1C, 0x1F, 0x9F, 0xEE, 0x7F, 0x3F, 0x9F, 0xCE, 0xEF, 0x7F, 0x1F, 0x83, 0x00,
    0x13, 0xFF, 0xFF, 0x9C, 0xE7, 0x38, 0xC0, 0x39, 0xFF, 0xFE, 0x70, 0xE3, 0x8F, 0x3C, 0xFF, 0xFC,
    0x7D, 0xFF, 0xF9, 0xE7, 0xCF, 0xDB, 0xA7, 0xFF, 0xF8, 0xC0, 0x0E, 0x07, 0x07, 0x87, 0xC7, 0xE7,
    0xF3, 0xFF, 0xFF, 0x0E, 0x07, 0x00, 0x3C, 0x7E, 0xFE, 0xF8, 0xFE, 0xFE, 0x4F, 0xCE, 0xFE, 0xFC,
    0x30, 0x1E, 0x1F, 0x9F, 0xCE, 0x07, 0xE7, 0xFB, 0xDC, 0xEE, 0x7F, 0x1F, 0x07, 0x00, 0x79, 0xFF,
    0xF8, 0x71, 0xC3, 0x8E, 0x1C, 0x70, 0xE0, 0x00, 0x38, 0x7E, 0xFE, 0xEF, 0xFE, 0x7E, 0xEF, 0xE7,
    0xFF, 0x7E, 0x18, 0x1C, 0x3F, 0x1F, 0xDE, 0xEF, 0x73, 0xF8, 0xFC, 0x1E, 0x7E, 0x3F, 0x0E, 0x00,
    0x00, 0x00, 0x00, 0x0E, 0x60, 0x03, 0xB8, 0x07, 0xEE, 0x07, 0xFF, 0x87, 0xFF, 0xC1, 0xFF, 0xF0,
    0xFF, 0xBC, 0x7D, 0xFE, 0x1E, 0x77, 0x87, 0xBF, 0xC1, 0xEE, 0xF0, 0x7F, 0xF8, 0x1F, 0xDE, 0x07,
    0xFF, 0x01, 0xFB, 0xC0, 0x7E, 0xE0, 0x0F, 0xFB, 0x83, 0xFF, 0xE0, 0xFF, 0xF8, 0x7F, 0xFC, 0x1D,
    0xF8, 0x0F, 0x70, 0x01, 0x9C, 0x00, 0x00, 0x00, 0x00, 0x1F, 0xFC, 0x3F, 0xF8, 0xFF, 0xF1, 0xFF,
    0xC3, 0xC0, 0x07, 0x80, 0x0F, 0x00, 0x1F, 0xF8, 0x3F, 0xF8, 0x7F, 0xF0, 0xFF, 0xE1, 0xE0, 0x07,
    0xF0, 0x0F, 0xF0, 0x1F, 0xC0, 0x1E, 0x00, 0x1C, 0x00, 0x38, 0x00, 0x07, 0xE0, 0x0F, 0xF8, 0x1F,
    0xF8, 0x3F, 0xF8, 0x3C, 0x30, 0x3C, 0x00, 0x3C, 0x00, 0x7F, 0xC0, 0xFF, 0xE0, 0x7F, 0xE0, 0x7F,
    0xC0, 0xFF, 0xE0, 0xFF, 0xE0, 0x7F, 0xC0, 0x3E, 0x00, 0xFF, 0xFE, 0xFF, 0xFE, 0xFF, 0xFE, 0x00,
    0x78, 0x1C, 0x01, 0x80, 0xE0, 0x1E, 0x0F, 0x80, 0xF0, 0x7E, 0x07, 0x83, 0xF8, 0x3C, 0x1F, 0xE1,
    0xE0, 0xFF, 0x0F, 0x0F, 0xFC, 0x7C, 0xFF, 0xFF, 0xF7, 0xFF, 0xFF, 0x9F, 0xFF, 0xFC, 0x78, 0x7F,
    0x83, 0xC3, 0xFC, 0x1E, 0x0F, 0xE0, 0xF0, 0x3F, 0x07, 0x80, 0xF8, 0x1C, 0x07, 0xC0, 0xE0, 0x1E,
    0x00, 0x1F, 0xF0, 0x07, 0xFE, 0x03, 0xFF, 0xC0, 0xFF, 0xF8, 0x7F, 0xFF, 0xBF, 0xFF, 0xFF, 0xFF,
    0xFD, 0xFF, 0xFE, 0x3C, 0x3E, 0x0F, 0xFF, 0x03, 0xFF, 0xC0, 0xFF, 0xC0, 0x3C, 0x00, 0x0F, 0x00,
    0x03, 0xC0, 0x00, 0xF0, 0x00, 0x1C, 0x00, 0x07, 0x00, 0x00, 0x60, 0x00, 0x0E, 0xF0, 0x00, 0x0E,
    0xF0, 0x00, 0x1E, 0xF8, 0x00, 0x1E, 0x78, 0x38, 0x1E, 0x78, 0x3C, 0x3C, 0x7C, 0x7C, 0x3C, 0x7C,
    0x7E, 0x3C, 0xFF, 0xFF, 0xFE, 0xFF, 0xFF, 0xFE, 0x7E, 0xFF, 0x7E, 0x1F, 0xE7, 0xF0, 0x1F, 0xE7,
    0xF0, 0x0F, 0xC7, 0xF0, 0x0F, 0xC3, 0xE0, 0x07, 0x83, 0xE0, 0x07, 0x81, 0xE0, 0x07, 0x01, 0xC0,
    0x03, 0x80, 0x70, 0x3F, 0x8F, 0xF0, 0xFE, 0x7F, 0x1F, 0xE7, 0xFC, 0xF7, 0x9C, 0x73, 0xCE, 0x7F,
    0xCF, 0xF8, 0xFF, 0x00, 0x07, 0xFE, 0xFF, 0xDF, 0xF8, 0x00, 0x7C, 0x00, 0xFF, 0x81, 0xFF, 0xC1,
    0xFF, 0xE0, 0xF8, 0x20, 0xF8, 0x01, 0xFF, 0xC1, 0xFF, 0xE0, 0x7F, 0xE0, 0x1F, 0xE0, 0x1F, 0xFC,
    0x0F, 0xFE, 0x07, 0xFE, 0x00, 0xF8, 0x00, 0x3E, 0x1C, 0x0F, 0xFE, 0x03, 0xFF, 0x00, 0xFF, 0x00,
    0x0E, 0x00, 0x1C, 0x03, 0x0E, 0x03, 0xCF, 0x03, 0xE7, 0x83, 0xE3, 0xC3, 0xE1, 0xE3, 0xE0, 0xF3,
    0xE0, 0xFB, 0xFE, 0xFF, 0xFF, 0xFF, 0xFF, 0xDF, 0xFF, 0xC7, 0xEF, 0x83, 0xE3, 0xE1, 0xE1, 0xF0,
    0xF0, 0x7C, 0x78, 0x1F, 0x1C, 0x07, 0x8E, 0x03, 0xC0, 0x1F, 0xF0, 0x0F, 0xFC, 0x0F, 0xFF, 0x0F,
    0xFF, 0xEF, 0xFF, 0xFF, 0xFF, 0xFF, 0xFF, 0xFF, 0xFF, 0xFF, 0x7C, 0x3F, 0x9F, 0xFE, 0x0F, 0xFF,
    0x07, 0xFE, 0x03, 0xC0, 0x01, 0xE0, 0x00, 0xF0, 0x00, 0x78, 0x00, 0x1C, 0x00, 0x0E, 0x00, 0x00,
    0x00, 0x00, 0x03, 0x80, 0x03, 0xC0, 0x03, 0xF8, 0x0F, 0xFC, 0x1F, 0xFE, 0x3F, 0xFC, 0x7F, 0xC0,
    0xFB, 0xC0, 0xF3, 0xC0, 0xF3, 0xC0, 0xF3, 0xFE, 0xF3, 0xFF, 0xF3, 0xFF, 0xF3, 0xFF, 0xFB, 0xCF,
    0x7F, 0xCF, 0x7F, 0xCF, 0x3F, 0xFF, 0x1F, 0xFE, 0x07, 0xFC, 0x03, 0xE0, 0x03, 0xC0, 0x03, 0x80,
    0x00, 0x00, 0x00, 0x00, 0x07, 0x80, 0x0F, 0x00, 0x1F, 0x80, 0xFF, 0xC7, 0xFF, 0x8F, 0xFF, 0x3F,
    0xE4, 0xFB, 0xC1, 0xE7, 0x83, 0xCF, 0x07, 0x9E, 0x0F, 0x3C, 0x1E, 0x78, 0x3C, 0xF0, 0x79, 0xE0,
    0xFB, 0xC0, 0xFF, 0xB8, 0xFF, 0xF0, 0xFF, 0xE0, 0xFF, 0x80, 0x78, 0x00, 0xF0, 0x01, 0xC0, 0xFF,
    0xEF, 0xFF, 0xFF, 0xFF, 0xFE, 0xFF, 0xEF, 0xFF, 0xFF, 0xF7, 0xFE, 0x07, 0xCF, 0xF8, 0xFF, 0x8F,
    0xF8, 0x03, 0xC0, 0x3C, 0x03, 0xC0, 0x3E, 0x01, 0xE0, 0x1E, 0x00, 0x00, 0x0C, 0x00, 0x3C, 0x00,
    0x78, 0x00, 0xF6, 0x01, 0xFE, 0x03, 0xFC, 0x1F, 0xE0, 0x7F, 0x00, 0xFF, 0xE0, 0xBF, 0xC0, 0x7F,
    0x83, 0xF8, 0x67, 0xE1, 0xEF, 0xC7, 0xC7, 0x9F, 0x0F, 0xFE, 0x1F, 0xF8, 0x1F, 0xC0, 0x1C, 0x00,
    0x00, 0x00, 0x07, 0x00, 0x0F, 0x00, 0x3E, 0x01, 0xFF, 0x07, 0xFF, 0x0F, 0xFF, 0x3F, 0xFF, 0x7B,
    0xDE, 0xE7, 0xBD, 0xCF, 0x7F, 0x9E, 0xFF, 0x3D, 0xFE, 0x7B, 0xFC, 0x67, 0xF8, 0x0F, 0xF0, 0x1F,
    0xE0, 0x3F, 0xC0, 0x7B, 0x80, 0xF7, 0x00, 0xE0, 0x00, 0x00, 0x3F, 0xE0, 0x7F, 0xE1, 0xFF, 0xE3,
    0xFF, 0xE7, 0x83, 0xCF, 0x03, 0x9E, 0x07, 0x3C, 0x1E, 0x78, 0x7D, 0xFF, 0xF3, 0xFF, 0xE7, 0xFF,
    0x07, 0xE0, 0x1F, 0xE0, 0x3F, 0xC0, 0x3F, 0x00, 0x38, 0x00, 0x70, 0x00, 0x0E, 0x00, 0x7E, 0x00,
    0xFC, 0x01, 0xF8, 0x01, 0xF0, 0x3F, 0xC3, 0xFF, 0x9F, 0xFE, 0x7F, 0xFB, 0xC1, 0xEF, 0x03, 0xB8,
    0x0F, 0xE0, 0x3F, 0x80, 0xEF, 0x07, 0xBE, 0x1E, 0x7F, 0xF0, 0xFF, 0xC1, 0xFC, 0x01, 0xC0, 0x00,
    0x04, 0x1F, 0xFC, 0x7F, 0xF9, 0xFF, 0xF3, 0xC7, 0xCF, 0x1F, 0xDE, 0x7F, 0xBD, 0xEF, 0x7F, 0x9E,
    0xFE, 0x3C, 0xF8, 0xF3, 0xFF, 0xE7, 0xFF, 0x8F, 0xFE, 0x18, 0x60, 0x00, 0x00, 0xC0, 0x00, 0x78,
    0x00, 0x1E, 0x00, 0x0F, 0xC0, 0x03, 0xF0, 0x00, 0xFE, 0x00, 0x7F, 0x80, 0x1C, 0xE0, 0x0F, 0x3C,
    0x03, 0x87, 0x01, 0xE1, 0xE0, 0x70, 0x38, 0x3C, 0x0F, 0x0E, 0x01, 0xC7, 0x80, 0x79, 0xFF, 0xFE,
    0x7F, 0xFF, 0x9F, 0xFF, 0xE0, 0x7F, 0xFF, 0xBF, 0xFF, 0xFF, 0xFF, 0xFD, 0xFF, 0xFE, 0x1E, 0x1E,
    0x07, 0x87, 0x81, 0xE1, 0xE0, 0x78, 0x78, 0x1E, 0x1E, 0x07, 0x87, 0x81, 0xE1, 0xE0, 0x78, 0x78,
    0x1E, 0x1E, 0x07, 0x87, 0x81, 0xE1, 0xE0, 0x78, 0x78, 0x1E, 0x1E, 0x07, 0x87, 0x81, 0xE1, 0xE0,
    0x78, 0x78, 0x1E, 0x1E, 0x07, 0x87, 0x81, 0xE0, 0xE0, 0x7F, 0xF3, 0xFF, 0x9F, 0xFC, 0xF8, 0x03,
    0xC0, 0x0F, 0x00, 0x3C, 0x00, 0xF0, 0x03, 0xC0, 0x3C, 0x03, 0xE0, 0x3E, 0x03, 0xE0, 0x1E, 0x01,
    0xFF, 0xCF, 0xFE, 0x7F, 0xF0, 0xFF, 0xFB, 0xFF, 0xFF, 0xFF, 0x80, 0x00, 0x00, 0x00, 0x00, 0x70,
    0x03, 0xC0, 0x0E, 0x00, 0x78, 0x01, 0xC0, 0x0F, 0x00, 0x38, 0x01, 0xE0, 0x07, 0x00, 0x3C, 0x00,
    0xE0, 0x07, 0x80, 0x1C, 0x00, 0xF0, 0x03, 0xC0, 0x1E, 0x00, 0x78, 0x03, 0xC0, 0x0F, 0x00, 0x78,
    0x01, 0xE0, 0x07, 0x00, 0x3C, 0x00, 0x60, 0x00, 0x07, 0xBF, 0xFF, 0x00, 0x00, 0x02, 0x00, 0x07,
    0x00, 0x0F, 0x00, 0x0E, 0x00, 0x0E, 0x00, 0x1E, 0x00, 0x1C, 0x18, 0x3C, 0x7C, 0x38, 0xFC, 0x38,
    0xFE, 0x78, 0x4E, 0x70, 0x0F, 0xF0, 0x07, 0xE0, 0x07, 0xE0, 0x03, 0xE0, 0x03, 0xC0, 0x01, 0xC0,
    0x3E, 0x0F, 0xC7, 0xF1, 0xFE, 0xFF, 0xBF, 0xEE, 0x3F, 0x8F, 0xE1, 0xF0, 0xFE, 0x1F, 0x0F, 0xF3,
    0xF8, 0xFF, 0xFB, 0xFE, 0x7F, 0x1F, 0xE3, 0xE0, 0xFC, 0x00, 0x7C, 0x01, 0xFC, 0x07, 0xF8, 0x0F,
    0xE0, 0x1E, 0x00, 0x78, 0x00, 0xF0, 0x01, 0xE0, 0x03, 0xC0, 0x07, 0x80, 0x0E, 0x00, 0x3C, 0x00,
    0x78, 0x00, 0xF0, 0x01, 0xE0, 0x03, 0xC0, 0x07, 0x80, 0x1E, 0x00, 0x3C, 0x03, 0xF8, 0x0F, 0xE0,
    0x1F, 0xC0, 0x3F, 0x00, 0x00, 0x30, 0x23, 0xF1, 0xBF, 0xFF, 0xFF, 0xFE, 0x7F, 0x20, 0x71, 0xF0,
    0xDF, 0xF7, 0xFF, 0xFF, 0x7F, 0xB8, 0x7C, 0x00, 0x00, 0x03, 0x80, 0x0E, 0x00, 0x78, 0xFF, 0xFB,
    0xFF, 0xFF, 0xFF, 0x81, 0xC0, 0x7F, 0xF3, 0xFF, 0xEF, 0xFF, 0xDF, 0xFE, 0x3C, 0x00, 0xE0, 0x01,
    0x00, 0x00, 0x00, 0x00, 0x03, 0xE0, 0x3F, 0x87, 0xFC, 0x7F, 0xC3, 0xF8, 0x07, 0xF8, 0x0F, 0xFC,
    0x07, 0xF8, 0x03, 0xE0, 0x01, 0x1F, 0xFE, 0xFF, 0xFF, 0xFF, 0xF7, 0xFF, 0x80, 0x00, 0x01, 0xE0,
    0x07, 0xF0, 0x0F, 0xF8, 0x0F, 0xF8, 0x07, 0xF0, 0x7F, 0x8F, 0xFC, 0x7F, 0x81, 0xF0, 0x02, 0x00,
    0x1F, 0xFE, 0xFF, 0xFF, 0xFF, 0xF7, 0xFF, 0x80, 0x03, 0xC0, 0x0F, 0xEF, 0x0F, 0xEF, 0x1F, 0xCF,
    0x1E, 0x00, 0x3F, 0x06, 0x7F, 0xCF, 0xFF, 0xCF, 0x7F, 0xCF, 0x1E, 0x0F, 0x1E, 0x0F, 0x1E, 0x0F,
    0x1E, 0x0F, 0x1E, 0x0F, 0x1E, 0x0F, 0x1E, 0x0F, 0x1E, 0x0F, 0x1E, 0x0F, 0x1E, 0x0E, 0x03, 0xC6,
    0x0F, 0xE7, 0x0F, 0xEF, 0x1F, 0xCF, 0x1E, 0x0F, 0x3F, 0x0F, 0x7F, 0xCF, 0xFF, 0xCF, 0x7F, 0xCF,
    0x1E, 0x0F, 0x1E, 0x0F, 0x1E, 0x0F, 0x1E, 0x0F, 0x1E, 0x0F, 0x1E, 0x0F, 0x1E, 0x0F, 0x1E, 0x0F,
    0x1E, 0x0F, 0x1E, 0x07,
};

static const EpdGlyph quicksand_sb_12_boldGlyphs[] = {
    { 0, 0, 112, 0, 0, 0, 0 }, // U+000D
    { 0, 0, 112, 0, 0, 0, 0 }, // U+0020
    { 5, 18, 107, 1, 18, 12, 0 }, // !
    { 11, 8, 172, 0, 18, 11, 12 }, // "
    { 17, 18, 277, 0, 18, 39, 23 }, // #
    { 13, 25, 239, 1, 21, 41, 62 }, // $
    { 20, 19, 326, 0, 18, 48, 103 }, // %
    { 18, 19, 284, 0, 18, 43, 151 }, // &
    { 5, 8, 85, 0, 18, 5, 194 }, // '
    { 9, 23, 143, 0, 18, 26, 199 }, // (
    { 9, 23, 143, 0, 18, 26, 225 }, // )
    { 9, 9, 145, 0, 18, 11, 251 }, // *
    { 13, 13, 231, 1, 15, 22, 262 }, // +
    { 6, 7, 110, 0, 3, 6, 284 }, // ,
    { 8, 4, 158, 1, 10, 4, 290 }, // -
    { 4, 4, 100, 1, 4, 2, 294 }, // .
    { 14, 25, 227, 0, 21, 44, 296 }, // /
    { 14, 19, 246, 1, 18, 34, 340 }, // 0
    { 8, 18, 156, 0, 18, 18, 374 }, // 1
    { 12, 18, 228, 1, 18, 27, 392 }, // 2
    { 12, 19, 215, 1, 18, 29, 419 }, // 3
    { 15, 18, 235, 0, 18, 34, 448 }, // 4
    { 12, 19, 230, 1, 18, 29, 482 }, // 5
    { 12, 19, 221, 1, 18, 29, 511 }, // 6
    { 13, 19, 220, 1, 18, 31, 540 }, // 7
    { 12, 18, 219, 1, 18, 27, 571 }, // 8
    { 12, 19, 227, 1, 18, 29, 598 }, // 9
    { 5, 14, 109, 1, 14, 9, 627 }, // :
    { 6, 18, 118, 1, 14, 14, 636 }, // ;
    { 12, 14, 210, 0, 15, 21, 650 }, // <
    { 14, 9, 248, 1, 13, 16, 671 }, // =
    { 12, 13, 210, 1, 15, 20, 687 }, // >
    { 13, 19, 211, 0, 19, 31, 707 }, // ?
    { 23, 23, 386, 1, 18, 67, 738 }, // @
    { 16, 19, 256, 0, 18, 38, 805 }, // A
    { 15, 18, 262, 1, 18, 34, 843 }, // B
    { 15, 19, 251, 1, 18, 36, 877 }, // C
    { 16, 18, 286, 1, 18, 36, 913 }, // D
    { 13, 18, 229, 1, 18, 30, 949 }, // E
    { 13, 18, 225, 1, 18, 30, 979 }, // F
    { 16, 19, 278, 1, 18, 38, 1009 }, // G
    { 16, 18, 288, 1, 18, 36, 1047 }, // H
    { 4, 18, 110, 1, 18, 9, 1083 }, // I
    { 11, 19, 221, 1, 18, 27, 1092 }, // J
    { 15, 18, 262, 1, 18, 34, 1119 }, // K
    { 13, 18, 225, 1, 18, 30, 1153 }, // L
    { 18, 18, 328, 1, 18, 41, 1183 }, // M
    { 16, 18, 294, 1, 18, 36, 1224 }, // N
    { 17, 19, 304, 1, 18, 41, 1260 }, // O
    { 14, 18, 241, 1, 18, 32, 1301 }, // P
    { 19, 23, 302, 1, 18, 55, 1333 }, // Q
    { 16, 19, 275, 1, 18, 38, 1388 }, // R
    { 13, 19, 239, 1, 18, 31, 1426 }, // S
    { 15, 18, 250, 0, 18, 34, 1457 }, // T
    { 15, 19, 282, 1, 18, 36, 1491 }, // U
    { 17, 18, 271, 0, 18, 39, 1527 }, // V
    { 24, 18, 377, 0, 18, 54, 1566 }, // W
    { 15, 19, 262, 1, 18, 36, 1620 }, // X
    { 15, 18, 238, 0, 18, 34, 1656 }, // Y
    { 16, 18, 259, 0, 18, 36, 1690 }, // Z
    { 8, 23, 163, 2, 18, 23, 1726 }, // [
    { 14, 25, 227, 0, 21, 44, 1749 }, // <backslash>
    { 9, 23, 163, 0, 18, 26, 1793 }, // ]
    { 14, 11, 247, 1, 18, 20, 1819 }, // ^
    { 16, 3, 282, 1, -1, 6, 1839 }, // _
    { 6, 5, 104, 0, 19, 4, 1845 }, // `
    { 14, 15, 251, 1, 14, 27, 1849 }, // a
    { 14, 20, 251, 1, 19, 35, 1876 }, // b
    { 12, 15, 208, 1, 14, 23, 1911 }, // c
    { 14, 20, 251, 1, 19, 35, 1934 }, // d
    { 13, 15, 236, 1, 14, 25, 1969 }, // e
    { 11, 19, 175, 0, 19, 27, 1994 }, // f
    { 14, 19, 255, 1, 14, 34, 2021 }, // g
    { 13, 19, 234, 1, 19, 31, 2055 }, // h
    { 4, 18, 94, 1, 18, 9, 2086 }, // i
    { 7, 23, 110, -1, 18, 21, 2095 }, // j
    { 13, 19, 228, 1, 19, 31, 2116 }, // k
    { 4, 19, 108, 1, 19, 10, 2147 }, // l
    { 21, 14, 369, 1, 14, 37, 2157 }, // m
    { 13, 14, 238, 1, 14, 23, 2194 }, // n
    { 14, 15, 250, 1, 14, 27, 2217 }, // o
    { 14, 19, 251, 1, 14, 34, 2244 }, // p
    { 14, 19, 251, 1, 14, 34, 2278 }, // q
    { 10, 14, 174, 1, 14, 18, 2312 }, // r
    { 12, 15, 193, 0, 14, 23, 2330 }, // s
    { 10, 17, 164, 0, 17, 22, 2353 }, // t
    { 13, 15, 235, 1, 14, 25, 2375 }, // u
    { 14, 15, 225, 0, 14, 27, 2400 }, // v
    { 19, 15, 307, 0, 14, 36, 2427 }, // w
    { 12, 15, 195, 0, 14, 23, 2463 }, // x
    { 13, 19, 235, 1, 14, 31, 2486 }, // y
    { 12, 14, 194, 0, 14, 21, 2517 }, // z
    { 10, 24, 160, 0, 18, 30, 2538 }, // {
    { 4, 25, 99, 1, 21, 13, 2568 }, // |
    { 10, 24, 160, 0, 18, 30, 2581 }, // }
    { 12, 6, 216, 1, 11, 9, 2611 }, // ~
    { 0, 0, 112, 0, 0, 0, 2620 }, // U+00A0
    { 5, 18, 107, 1, 14, 12, 2620 }, // U+00A1
    { 13, 18, 206, 0, 18, 30, 2632 }, // U+00A2
    { 16, 19, 250, 0, 18, 38, 2662 }, // U+00A3
    { 12, 13, 232, 1, 14, 20, 2700 }, // U+00A4
    { 15, 18, 238, 0, 18, 34, 2720 }, // U+00A5
    { 4, 25, 103, 1, 21, 13, 2754 }, // U+00A6
    { 14, 22, 224, 0, 18, 39, 2767 }, // U+00A7
    { 9, 3, 169, 1, 18, 4, 2806 }, // U+00A8
    { 19, 19, 312, 0, 18, 46, 2810 }, // U+00A9
    { 9, 10, 142, 0, 19, 12, 2856 }, // U+00AA
    { 12, 11, 194, 0, 12, 17, 2868 }, // U+00AB
    { 15, 8, 273, 1, 11, 15, 2885 }, // U+00AC
    { 8, 4, 158, 1, 10, 4, 2900 }, // U+00AD
    { 12, 12, 196, 0, 18, 18, 2904 }, // U+00AE
    { 9, 3, 177, 1, 18, 4, 2922 }, // U+00AF
    { 10, 9, 157, 0, 18, 12, 2926 }, // U+00B0
    { 13, 15, 231, 1, 16, 25, 2938 }, // U+00B1
    { 7, 10, 146, 1, 19, 9, 2963 }, // U+00B2
    { 7, 11, 142, 1, 20, 10, 2972 }, // U+00B3
    { 5, 6, 104, 1, 20, 4, 2982 }, // U+00B4
    { 12, 17, 242, 2, 13, 26, 2986 }, // U+00B5
    { 14, 20, 253, 0, 18, 35, 3012 }, // U+00B6
    { 4, 5, 89, 1, 10, 3, 3047 }, // U+00B7
    { 5, 5, 104, 1, 1, 4, 3050 }, // U+00B8
    { 5, 10, 128, 1, 20, 7, 3054 }, // U+00B9
    { 9, 9, 140, 0, 18, 11, 3061 }, // U+00BA
    { 13, 11, 199, 0, 12, 18, 3072 }, // U+00BB
    { 19, 20, 331, 1, 19, 48, 3090 }, // U+00BC
    { 20, 20, 338, 1, 19, 50, 3138 }, // U+00BD
    { 20, 19, 337, 1, 18, 48, 3188 }, // U+00BE
    { 13, 20, 211, 0, 14, 33, 3236 }, // U+00BF
    { 16, 24, 256, 0, 23, 48, 3269 }, // U+00C0
    { 16, 24, 256, 0, 23, 48, 3317 }, // U+00C1
    { 16, 24, 256, 0, 23, 48, 3365 }, // U+00C2
    { 16, 24, 256, 0, 23, 48, 3413 }, // U+00C3
    { 16, 23, 256, 0, 22, 46, 3461 }, // U+00C4
    { 16, 23, 257, 0, 22, 46, 3507 }, // U+00C5
    { 22, 19, 354, 0, 18, 53, 3553 }, // U+00C6
    { 15, 22, 251, 1, 18, 42, 3606 }, // U+00C7
    { 13, 23, 229, 1, 23, 38, 3648 }, // U+00C8
    { 13, 23, 229, 1, 23, 38, 3686 }, // U+00C9
    { 13, 23, 229, 1, 23, 38, 3724 }, // U+00CA
    { 13, 22, 229, 1, 22, 36, 3762 }, // U+00CB
    { 6, 23, 110, -1, 23, 18, 3798 }, // U+00CC
    { 7, 23, 110, 1, 23, 21, 3816 }, // U+00CD
    { 9, 23, 110, -1, 23, 26, 3837 }, // U+00CE
    { 9, 22, 110, -1, 22, 25, 3863 }, // U+00CF
    { 18, 18, 286, -1, 18, 41, 3888 }, // U+00D0
    { 16, 23, 294, 1, 23, 46, 3929 }, // U+00D1
    { 17, 24, 304, 1, 23, 51, 3975 }, // U+00D2
    { 17, 24, 304, 1, 23, 51, 4026 }, // U+00D3
    { 17, 24, 304, 1, 23, 51, 4077 }, // U+00D4
    { 17, 24, 304, 1, 23, 51, 4128 }, // U+00D5
    { 17, 23, 304, 1, 22, 49, 4179 }, // U+00D6
    { 11, 11, 200, 1, 14, 16, 4228 }, // U+00D7
    { 17, 20, 296, 1, 19, 43, 4244 }, // U+00D8
    { 15, 24, 282, 1, 23, 45, 4287 }, // U+00D9
    { 15, 24, 282, 1, 23, 45, 4332 }, // U+00DA
    { 15, 24, 282, 1, 23, 45, 4377 }, // U+00DB
    { 15, 23, 282, 1, 22, 44, 4422 }, // U+00DC
    { 15, 23, 238, 0, 23, 44, 4466 }, // U+00DD
    { 14, 19, 241, 1, 19, 34, 4510 }, // U+00DE
    { 16, 20, 267, 0, 19, 40, 4544 }, // U+00DF
    { 14, 20, 251, 1, 19, 35, 4584 }, // U+00E0
    { 14, 20, 251, 1, 19, 35, 4619 }, // U+00E1
    { 14, 20, 251, 1, 19, 35, 4654 }, // U+00E2
    { 14, 20, 251, 1, 19, 35, 4689 }, // U+00E3
    { 14, 19, 251, 1, 18, 34, 4724 }, // U+00E4
    { 14, 21, 251, 1, 20, 37, 4758 }, // U+00E5
    { 22, 15, 370, 1, 14, 42, 4795 }, // U+00E6
    { 12, 18, 208, 1, 14, 27, 4837 }, // U+00E7
    { 13, 20, 236, 1, 19, 33, 4864 }, // U+00E8
    { 13, 20, 236, 1, 19, 33, 4897 }, // U+00E9
    { 13, 20, 236, 1, 19, 33, 4930 }, // U+00EA
    { 13, 19, 236, 1, 18, 31, 4963 }, // U+00EB
    { 6, 19, 94, -1, 19, 15, 4994 }, // U+00EC
    { 6, 19, 94, 1, 19, 15, 5009 }, // U+00ED
    { 8, 19, 94, -1, 19, 19, 5024 }, // U+00EE
    { 9, 18, 94, -2, 18, 21, 5043 }, // U+00EF
    { 13, 20, 234, 1, 19, 33, 5064 }, // U+00F0
    { 13, 19, 238, 1, 19, 31, 5097 }, // U+00F1
    { 14, 20, 250, 1, 19, 35, 5128 }, // U+00F2
    { 14, 20, 250, 1, 19, 35, 5163 }, // U+00F3
    { 14, 20, 250, 1, 19, 35, 5198 }, // U+00F4
    { 14, 20, 250, 1, 19, 35, 5233 }, // U+00F5
    { 14, 19, 250, 1, 18, 34, 5268 }, // U+00F6
    { 14, 14, 248, 1, 15, 25, 5302 }, // U+00F7
    { 14, 15, 250, 1, 14, 27, 5327 }, // U+00F8
    { 13, 20, 235, 1, 19, 33, 5354 }, // U+00F9
    { 13, 20, 235, 1, 19, 33, 5387 }, // U+00FA
    { 13, 20, 235, 1, 19, 33, 5420 }, // U+00FB
    { 13, 19, 235, 1, 18, 31, 5453 }, // U+00FC
    { 13, 24, 235, 1, 19, 39, 5484 }, // U+00FD
    { 14, 24, 251, 1, 19, 42, 5523 }, // U+00FE
    { 13, 23, 235, 1, 18, 38, 5565 }, // U+00FF
    { 16, 22, 256, 0, 21, 44, 5603 }, // U+0100
    { 14, 19, 251, 1, 18, 34, 5647 }, // U+0101
    { 16, 25, 256, 0, 24, 50, 5681 }, // U+0102
    { 14, 19, 251, 1, 18, 34, 5731 }, // U+0103
    { 17, 24, 257, 0, 18, 51, 5765 }, // U+0104
    { 14, 20, 251, 1, 14, 35, 5816 }, // U+0105
    { 15, 24, 251, 1, 23, 45, 5851 }, // U+0106
    { 12, 20, 208, 1, 19, 30, 5896 }, // U+0107
    { 15, 24, 251, 1, 23, 45, 5926 }, // U+0108
    { 12, 20, 208, 1, 19, 30, 5971 }, // U+0109
    { 15, 23, 251, 1, 22, 44, 6001 }, // U+010A
    { 12, 19, 208, 1, 18, 29, 6045 }, // U+010B
    { 15, 24, 251, 1, 23, 45, 6074 }, // U+010C
    { 12, 20, 208, 1, 19, 30, 6119 }, // U+010D
    { 16, 23, 286, 1, 23, 46, 6149 }, // U+010E
    { 19, 20, 283, 1, 19, 48, 6195 }, // U+010F
    { 18, 18, 286, -1, 18, 41, 6243 }, // U+0110
    { 15, 20, 251, 1, 19, 38, 6284 }, // U+0111
    { 13, 21, 229, 1, 21, 35, 6322 }, // U+0112
    { 13, 19, 236, 1, 18, 31, 6357 }, // U+0113
    { 13, 24, 229, 1, 24, 39, 6388 }, // U+0114
    { 13, 19, 236, 1, 18, 31, 6427 }, // U+0115
    { 13, 22, 229, 1, 22, 36, 6458 }, // U+0116
    { 13, 19, 236, 1, 18, 31, 6494 }, // U+0117
    { 13, 24, 229, 1, 18, 39, 6525 }, // U+0118
    { 13, 20, 236, 1, 14, 33, 6564 }, // U+0119
    { 13, 23, 229, 1, 23, 38, 6597 }, // U+011A
    { 13, 20, 236, 1, 19, 33, 6635 }, // U+011B
    { 16, 24, 278, 1, 23, 48, 6668 }, // U+011C
    { 14, 24, 255, 1, 19, 42, 6716 }, // U+011D
    { 16, 25, 278, 1, 24, 50, 6758 }, // U+011E
    { 14, 23, 255, 1, 18, 41, 6808 }, // U+011F
    { 16, 23, 278, 1, 22, 46, 6849 }, // U+0120
    { 14, 23, 255, 1, 18, 41, 6895 }, // U+0121
    { 16, 23, 278, 1, 18, 46, 6936 }, // U+0122
    { 14, 26, 255, 1, 21, 46, 6982 }, // U+0123
    { 16, 23, 288, 1, 23, 46, 7028 }, // U+0124
    { 15, 24, 234, -1, 24, 45, 7074 }, // U+0125
    { 19, 18, 322, 1, 18, 43, 7119 }, // U+0126
    { 15, 19, 234, -1, 19, 36, 7162 }, // U+0127
    { 11, 23, 110, -2, 23, 32, 7198 }, // U+0128
    { 10, 19, 94, -2, 19, 24, 7230 }, // U+0129
    { 9, 21, 110, -1, 21, 24, 7254 }, // U+012A
    { 10, 18, 94, -2, 18, 23, 7278 }, // U+012B
    { 9, 24, 110, -1, 24, 27, 7301 }, // U+012C
    { 10, 18, 94, -2, 18, 23, 7328 }, // U+012D
    { 7, 24, 112, -1, 18, 21, 7351 }, // U+012E
    { 7, 24, 94, -1, 18, 21, 7372 }, // U+012F
    { 5, 22, 110, 1, 22, 14, 7393 }, // U+0130
    { 4, 14, 94, 1, 14, 7, 7407 }, // U+0131
    { 12, 19, 235, 1, 18, 29, 7414 }, // U+0132
    { 10, 23, 192, 1, 18, 29, 7443 }, // U+0133
    { 14, 24, 221, 1, 23, 42, 7472 }, // U+0134
    { 8, 24, 110, -1, 19, 24, 7514 }, // U+0135
    { 15, 23, 262, 1, 18, 44, 7538 }, // U+0136
    { 13, 27, 228, 1, 19, 44, 7582 }, // U+0137
    { 13, 14, 228, 1, 14, 23, 7626 }, // U+0138
    { 13, 23, 225, 1, 23, 38, 7649 }, // U+0139
    { 7, 24, 108, 1, 24, 21, 7687 }, // U+013A
    { 13, 23, 225, 1, 18, 38, 7708 }, // U+013B
    { 6, 27, 108, 0, 19, 21, 7746 }, // U+013C
    { 13, 19, 225, 1, 19, 31, 7767 }, // U+013D
    { 10, 19, 135, 1, 19, 24, 7798 }, // U+013E
    { 13, 18, 217, 1, 18, 30, 7822 }, // U+013F
    { 10, 19, 159, 1, 19, 24, 7852 }, // U+0140
    { 15, 18, 253, 0, 18, 34, 7876 }, // U+0141
    { 9, 19, 108, -1, 19, 22, 7910 }, // U+0142
    { 16, 23, 294, 1, 23, 46, 7932 }, // U+0143
    { 13, 19, 238, 1, 19, 31, 7978 }, // U+0144
    { 16, 23, 294, 1, 18, 46, 8009 }, // U+0145
    { 13, 22, 238, 1, 14, 36, 8055 }, // U+0146
    { 16, 23, 294, 1, 23, 46, 8091 }, // U+0147
    { 13, 19, 238, 1, 19, 31, 8137 }, // U+0148
    { 16, 18, 250, -2, 18, 36, 8168 }, // U+0149
    { 16, 23, 302, 1, 18, 46, 8204 }, // U+014A
    { 13, 19, 238, 1, 14, 31, 8250 }, // U+014B
    { 17, 22, 304, 1, 21, 47, 8281 }, // U+014C
    { 14, 19, 250, 1, 18, 34, 8328 }, // U+014D
    { 17, 25, 304, 1, 24, 54, 8362 }, // U+014E
    { 14, 19, 250, 1, 18, 34, 8416 }, // U+014F
    { 17, 25, 304, 1, 24, 54, 8450 }, // U+0150
    { 14, 20, 250, 1, 19, 35, 8504 }, // U+0151
    { 23, 18, 387, 1, 18, 52, 8539 }, // U+0152
    { 24, 15, 406, 1, 14, 45, 8591 }, // U+0153
    { 16, 24, 275, 1, 23, 48, 8636 }, // U+0154
    { 10, 19, 174, 1, 19, 24, 8684 }, // U+0155
    { 16, 23, 275, 1, 18, 46, 8708 }, // U+0156
    { 11, 22, 174, 0, 14, 31, 8754 }, // U+0157
    { 16, 24, 275, 1, 23, 48, 8785 }, // U+0158
    { 10, 19, 174, 1, 19, 24, 8833 }, // U+0159
    { 13, 24, 239, 1, 23, 39, 8857 }, // U+015A
    { 12, 20, 193, 0, 19, 30, 8896 }, // U+015B
    { 13, 24, 239, 1, 23, 39, 8926 }, // U+015C
    { 12, 20, 193, 0, 19, 30, 8965 }, // U+015D
    { 13, 22, 239, 1, 18, 36, 8995 }, // U+015E
    { 12, 18, 193, 0, 14, 27, 9031 }, // U+015F
    { 13, 24, 239, 1, 23, 39, 9058 }, // U+0160
    { 12, 20, 193, 0, 19, 30, 9097 }, // U+0161
    { 15, 22, 250, 0, 18, 42, 9127 }, // U+0162
    { 10, 21, 164, 0, 17, 27, 9169 }, // U+0163
    { 15, 23, 250, 0, 23, 44, 9196 }, // U+0164
    { 12, 21, 164, 0, 21, 32, 9240 }, // U+0165
    { 15, 18, 250, 0, 18, 34, 9272 }, // U+0166
    { 10, 17, 164, 0, 17, 22, 9306 }, // U+0167
    { 15, 24, 282, 1, 23, 45, 9328 }, // U+0168
    { 13, 20, 235, 1, 19, 33, 9373 }, // U+0169
    { 15, 22, 282, 1, 21, 42, 9406 }, // U+016A
    { 13, 19, 235, 1, 18, 31, 9448 }, // U+016B
    { 15, 25, 282, 1, 24, 47, 9479 }, // U+016C
    { 13, 19, 235, 1, 18, 31, 9526 }, // U+016D
    { 15, 26, 282, 1, 25, 49, 9557 }, // U+016E
    { 13, 21, 235, 1, 20, 35, 9606 }, // U+016F
    { 15, 25, 282, 1, 24, 47, 9641 }, // U+0170
    { 13, 20, 235, 1, 19, 33, 9688 }, // U+0171
    { 15, 24, 282, 1, 18, 45, 9721 }, // U+0172
    { 13, 20, 235, 1, 14, 33, 9766 }, // U+0173
    { 24, 23, 377, 0, 23, 69, 9799 }, // U+0174
    { 19, 20, 307, 0, 19, 48, 9868 }, // U+0175
    { 15, 23, 238, 0, 23, 44, 9916 }, // U+0176
    { 13, 24, 235, 1, 19, 39, 9960 }, // U+0177
    { 15, 22, 238, 0, 22, 42, 9999 }, // U+0178
    { 16, 23, 259, 0, 23, 46, 10041 }, // U+0179
    { 12, 19, 194, 0, 19, 29, 10087 }, // U+017A
    { 16, 22, 259, 0, 22, 44, 10116 }, // U+017B
    { 12, 18, 194, 0, 18, 27, 10160 }, // U+017C
    { 16, 23, 259, 0, 23, 46, 10187 }, // U+017D
    { 12, 19, 194, 0, 19, 29, 10233 }, // U+017E
    { 17, 22, 304, 1, 21, 47, 10262 }, // U+01A0
    { 14, 18, 250, 1, 17, 32, 10309 }, // U+01A1
    { 18, 22, 282, 1, 21, 50, 10341 }, // U+01AF
    { 15, 18, 235, 1, 17, 34, 10391 }, // U+01B0
    { 33, 23, 545, 1, 23, 95, 10425 }, // U+01C4
    { 29, 19, 480, 1, 19, 69, 10520 }, // U+01C5
    { 27, 20, 445, 1, 19, 68, 10589 }, // U+01C6
    { 25, 19, 446, 1, 18, 60, 10657 }, // U+01C7
    { 19, 23, 335, 1, 18, 55, 10717 }, // U+01C8
    { 11, 24, 212, 1, 19, 33, 10772 }, // U+01C9
    { 30, 19, 515, 1, 18, 72, 10805 }, // U+01CA
    { 23, 23, 404, 1, 18, 67, 10877 }, // U+01CB
    { 19, 23, 348, 1, 18, 55, 10944 }, // U+01CC
    { 16, 24, 256, 0, 23, 48, 10999 }, // U+01CD
    { 14, 20, 251, 1, 19, 35, 11047 }, // U+01CE
    { 9, 23, 110, -1, 23, 26, 11082 }, // U+01CF
    { 8, 19, 94, -1, 19, 19, 11108 }, // U+01D0
    { 17, 24, 304, 1, 23, 51, 11127 }, // U+01D1
    { 14, 20, 250, 1, 19, 35, 11178 }, // U+01D2
    { 15, 24, 282, 1, 23, 45, 11213 }, // U+01D3
    { 13, 20, 235, 1, 19, 33, 11258 }, // U+01D4
    { 16, 24, 278, 1, 23, 48, 11291 }, // U+01E6
    { 14, 24, 255, 1, 19, 42, 11339 }, // U+01E7
    { 17, 24, 304, 1, 18, 51, 11381 }, // U+01EA
    { 15, 20, 246, 0, 14, 38, 11432 }, // U+01EB
    { 29, 18, 479, 1, 18, 66, 11470 }, // U+01F2
    { 16, 28, 257, 0, 27, 56, 11536 }, // U+01FA
    { 14, 26, 249, 1, 25, 46, 11592 }, // U+01FB
    { 22, 24, 354, 0, 23, 66, 11638 }, // U+01FC
    { 22, 20, 370, 1, 19, 55, 11704 }, // U+01FD
    { 17, 24, 296, 1, 23, 51, 11759 }, // U+01FE
    { 14, 20, 250, 1, 19, 35, 11810 }, // U+01FF
    { 16, 25, 256, 0, 24, 50, 11845 }, // U+0200
    { 14, 21, 251, 1, 20, 37, 11895 }, // U+0201
    { 16, 25, 256, 0, 24, 50, 11932 }, // U+0202
    { 14, 20, 251, 1, 19, 35, 11982 }, // U+0203
    { 13, 24, 229, 1, 24, 39, 12017 }, // U+0204
    { 13, 21, 236, 1, 20, 35, 12056 }, // U+0205
    { 13, 24, 229, 1, 24, 39, 12091 }, // U+0206
    { 13, 20, 236, 1, 19, 33, 12130 }, // U+0207
    { 11, 24, 110, -3, 24, 33, 12163 }, // U+0208
    { 11, 20, 94, -4, 20, 28, 12196 }, // U+0209
    { 9, 24, 110, -1, 24, 27, 12224 }, // U+020A
    { 10, 19, 94, -2, 19, 24, 12251 }, // U+020B
    { 17, 25, 304, 1, 24, 54, 12275 }, // U+020C
    { 14, 21, 250, 1, 20, 37, 12329 }, // U+020D
    { 17, 25, 304, 1, 24, 54, 12366 }, // U+020E
    { 14, 20, 250, 1, 19, 35, 12420 }, // U+020F
    { 16, 25, 275, 1, 24, 50, 12455 }, // U+0210
    { 12, 20, 174, -1, 20, 30, 12505 }, // U+0211
    { 16, 25, 275, 1, 24, 50, 12535 }, // U+0212
    { 10, 19, 174, 1, 19, 24, 12585 }, // U+0213
    { 15, 25, 282, 1, 24, 47, 12609 }, // U+0214
    { 13, 21, 235, 1, 20, 35, 12656 }, // U+0215
    { 15, 25, 282, 1, 24, 47, 12691 }, // U+0216
    { 13, 20, 235, 1, 19, 33, 12738 }, // U+0217
    { 13, 23, 239, 1, 18, 38, 12771 }, // U+0218
    { 12, 22, 193, 0, 14, 33, 12809 }, // U+0219
    { 15, 23, 250, 0, 18, 44, 12842 }, // U+021A
    { 10, 25, 164, 0, 17, 32, 12886 }, // U+021B
    { 6, 5, 0, 0, 19, 4, 12918 }, // U+0300
    { 5, 6, 0, 1, 20, 4, 12922 }, // U+0301
    { 7, 5, 0, 1, 19, 5, 12926 }, // U+0302
    { 10, 5, 0, 1, 19, 7, 12931 }, // U+0303
    { 9, 3, 0, 1, 18, 4, 12938 }, // U+0304
    { 9, 4, 0, 1, 18, 5, 12942 }, // U+0306
    { 4, 3, 0, 1, 18, 2, 12947 }, // U+0307
    { 9, 3, 0, 1, 18, 4, 12949 }, // U+0308
    { 6, 6, 0, 0, 20, 5, 12953 }, // U+0309
    { 6, 6, 0, 1, 20, 5, 12958 }, // U+030A
    { 9, 5, 0, 1, 19, 6, 12963 }, // U+030B
    { 8, 4, 0, 1, 19, 4, 12969 }, // U+030C
    { 11, 5, 0, 0, 20, 7, 12973 }, // U+030F
    { 9, 4, 0, 1, 19, 5, 12980 }, // U+0311
    { 5, 7, 0, 6, 21, 5, 12985 }, // U+0312
    { 6, 6, 0, 1, 16, 5, 12990 }, // U+031B
    { 4, 3, 0, 1, -1, 2, 12995 }, // U+0323
    { 9, 3, 0, 1, -1, 4, 12997 }, // U+0324
    { 6, 7, 0, 0, -1, 6, 13001 }, // U+0326
    { 5, 5, 0, 1, 1, 4, 13007 }, // U+0327
    { 7, 8, 0, 0, 2, 7, 13011 }, // U+0328
    { 7, 4, 0, 1, -1, 4, 13018 }, // U+032D
    { 9, 5, 0, 1, 0, 6, 13022 }, // U+032E
    { 9, 3, 0, 1, -1, 4, 13028 }, // U+0331
    { 8, 4, 0, 1, 10, 4, 13032 }, // U+0335
    { 16, 22, 256, 0, 18, 44, 13036 }, // U+1EA0
    { 14, 18, 251, 1, 14, 32, 13080 }, // U+1EA1
    { 16, 26, 256, 0, 25, 52, 13112 }, // U+1EA2
    { 14, 21, 251, 1, 20, 37, 13164 }, // U+1EA3
    { 17, 26, 256, 0, 25, 56, 13201 }, // U+1EA4
    { 14, 23, 251, 1, 22, 41, 13257 }, // U+1EA5
    { 16, 27, 256, 0, 26, 54, 13298 }, // U+1EA6
    { 14, 24, 251, 1, 23, 42, 13352 }, // U+1EA7
    { 16, 27, 256, 0, 26, 54, 13394 }, // U+1EA8
    { 14, 23, 251, 1, 22, 41, 13448 }, // U+1EA9
    { 16, 28, 256, 0, 27, 56, 13489 }, // U+1EAA
    { 14, 23, 251, 1, 22, 41, 13545 }, // U+1EAB
    { 16, 27, 256, 0, 23, 54, 13586 }, // U+1EAC
    { 14, 23, 251, 1, 19, 41, 13640 }, // U+1EAD
    { 16, 29, 256, 0, 28, 58, 13681 }, // U+1EAE
    { 14, 24, 251, 1, 23, 42, 13739 }, // U+1EAF
    { 16, 29, 256, 0, 28, 58, 13781 }, // U+1EB0
    { 14, 24, 251, 1, 23, 42, 13839 }, // U+1EB1
    { 16, 30, 256, 0, 29, 60, 13881 }, // U+1EB2
    { 14, 25, 251, 1, 24, 44, 13941 }, // U+1EB3
    { 16, 29, 256, 0, 28, 58, 13985 }, // U+1EB4
    { 14, 24, 251, 1, 23, 42, 14043 }, // U+1EB5
    { 16, 28, 256, 0, 24, 56, 14085 }, // U+1EB6
    { 14, 22, 251, 1, 18, 39, 14141 }, // U+1EB7
    { 13, 22, 229, 1, 18, 36, 14180 }, // U+1EB8
    { 13, 18, 236, 1, 14, 30, 14216 }, // U+1EB9
    { 13, 25, 229, 1, 25, 41, 14246 }, // U+1EBA
    { 13, 21, 236, 1, 20, 35, 14287 }, // U+1EBB
    { 13, 23, 229, 1, 23, 38, 14322 }, // U+1EBC
    { 13, 20, 236, 1, 19, 33, 14360 }, // U+1EBD
    { 16, 25, 229, 1, 25, 50, 14393 }, // U+1EBE
    { 14, 23, 236, 1, 22, 41, 14443 }, // U+1EBF
    { 13, 26, 229, 1, 26, 43, 14484 }, // U+1EC0
    { 13, 24, 236, 1, 23, 39, 14527 }, // U+1EC1
    { 13, 30, 229, 1, 30, 49, 14566 }, // U+1EC2
    { 13, 23, 236, 1, 22, 38, 14615 }, // U+1EC3
    { 13, 27, 229, 1, 27, 44, 14653 }, // U+1EC4
    { 13, 23, 236, 1, 22, 38, 14697 }, // U+1EC5
    { 13, 27, 229, 1, 23, 44, 14735 }, // U+1EC6
    { 13, 23, 236, 1, 19, 38, 14779 }, // U+1EC7
    { 6, 25, 110, 0, 25, 19, 14817 }, // U+1EC8
    { 6, 20, 94, 0, 20, 15, 14836 }, // U+1EC9
    { 5, 22, 110, 1, 18, 14, 14851 }, // U+1ECA
    { 4, 22, 94, 1, 18, 11, 14865 }, // U+1ECB
    { 17, 22, 304, 1, 18, 47, 14876 }, // U+1ECC
    { 14, 18, 250, 1, 14, 32, 14923 }, // U+1ECD
    { 17, 26, 304, 1, 25, 56, 14955 }, // U+1ECE
    { 14, 21, 250, 1, 20, 37, 15011 }, // U+1ECF
    { 17, 26, 304, 1, 25, 56, 15048 }, // U+1ED0
    { 14, 23, 250, 1, 22, 41, 15104 }, // U+1ED1
    { 17, 27, 304, 1, 26, 58, 15145 }, // U+1ED2
    { 14, 24, 250, 1, 23, 42, 15203 }, // U+1ED3
    { 17, 28, 304, 1, 27, 60, 15245 }, // U+1ED4
    { 14, 23, 250, 1, 22, 41, 15305 }, // U+1ED5
    { 17, 28, 304, 1, 27, 60, 15346 }, // U+1ED6
    { 14, 23, 250, 1, 22, 41, 15406 }, // U+1ED7
    { 17, 27, 304, 1, 23, 58, 15447 }, // U+1ED8
    { 14, 23, 250, 1, 19, 41, 15505 }, // U+1ED9
    { 17, 24, 304, 1, 23, 51, 15546 }, // U+1EDA
    { 14, 20, 250, 1, 19, 35, 15597 }, // U+1EDB
    { 17, 24, 304, 1, 23, 51, 15632 }, // U+1EDC
    { 14, 20, 250, 1, 19, 35, 15683 }, // U+1EDD
    { 17, 26, 304, 1, 25, 56, 15718 }, // U+1EDE
    { 14, 21, 250, 1, 20, 37, 15774 }, // U+1EDF
    { 17, 24, 304, 1, 23, 51, 15811 }, // U+1EE0
    { 14, 20, 250, 1, 19, 35, 15862 }, // U+1EE1
    { 17, 25, 304, 1, 21, 54, 15897 }, // U+1EE2
    { 14, 21, 250, 1, 17, 37, 15951 }, // U+1EE3
    { 15, 22, 282, 1, 18, 42, 15988 }, // U+1EE4
    { 13, 18, 235, 1, 14, 30, 16030 }, // U+1EE5
    { 15, 26, 282, 1, 25, 49, 16060 }, // U+1EE6
    { 13, 21, 235, 1, 20, 35, 16109 }, // U+1EE7
    { 18, 24, 282, 1, 23, 54, 16144 }, // U+1EE8
    { 15, 20, 235, 1, 19, 38, 16198 }, // U+1EE9
    { 18, 24, 282, 1, 23, 54, 16236 }, // U+1EEA
    { 15, 20, 235, 1, 19, 38, 16290 }, // U+1EEB
    { 18, 26, 282, 1, 25, 59, 16328 }, // U+1EEC
    { 15, 21, 235, 1, 20, 40, 16387 }, // U+1EED
    { 18, 24, 282, 1, 23, 54, 16427 }, // U+1EEE
    { 15, 20, 235, 1, 19, 38, 16481 }, // U+1EEF
    { 18, 25, 282, 1, 21, 57, 16519 }, // U+1EF0
    { 15, 21, 235, 1, 17, 40, 16576 }, // U+1EF1
    { 15, 23, 238, 0, 23, 44, 16616 }, // U+1EF2
    { 13, 24, 235, 1, 19, 39, 16660 }, // U+1EF3
    { 15, 22, 238, 0, 18, 42, 16699 }, // U+1EF4
    { 16, 19, 235, 1, 14, 38, 16741 }, // U+1EF5
    { 15, 25, 238, 0, 25, 47, 16779 }, // U+1EF6
    { 13, 25, 235, 1, 20, 41, 16826 }, // U+1EF7
    { 15, 23, 238, 0, 23, 44, 16867 }, // U+1EF8
    { 13, 24, 235, 1, 19, 39, 16911 }, // U+1EF9
    { 0, 0, 220, 0, 0, 0, 16950 }, // U+2007
    { 0, 0, 104, 0, 0, 0, 16950 }, // U+2008
    { 0, 0, 82, 0, 0, 0, 16950 }, // U+2009
    { 0, 0, 41, 0, 0, 0, 16950 }, // U+200A
    { 0, 0, 0, 0, 0, 0, 16950 }, // U+200B
    { 8, 4, 158, 1, 10, 4, 16950 }, // U+2010
    { 11, 4, 206, 1, 10, 6, 16954 }, // U+2012
    { 11, 4, 206, 1, 10, 6, 16960 }, // U+2013
    { 20, 4, 354, 1, 10, 10, 16966 }, // U+2014
    { 20, 4, 354, 1, 10, 10, 16976 }, // U+2015
    { 6, 7, 110, 0, 18, 6, 16986 }, // U+2018
    { 6, 7, 110, 0, 18, 6, 16992 }, // U+2019
    { 6, 7, 110, 0, 3, 6, 16998 }, // U+201A
    { 11, 7, 182, 0, 18, 10, 17004 }, // U+201C
    { 11, 7, 182, 0, 18, 10, 17014 }, // U+201D
    { 11, 7, 174, 0, 3, 10, 17024 }, // U+201E
    { 10, 14, 185, 1, 19, 18, 17034 }, // U+2020
    { 9, 15, 165, 1, 19, 17, 17052 }, // U+2021
    { 8, 8, 140, 0, 13, 8, 17069 }, // U+2022
    { 14, 4, 250, 1, 4, 7, 17077 }, // U+2026
    { 29, 19, 472, 0, 18, 69, 17084 }, // U+2030
    { 11, 8, 172, 0, 18, 11, 17153 }, // U+2033
    { 6, 11, 110, 0, 12, 9, 17164 }, // U+2039
    { 6, 11, 110, 0, 12, 9, 17173 }, // U+203A
    { 14, 19, 216, 0, 18, 34, 17182 }, // U+2044
    { 9, 11, 155, 0, 20, 13, 17216 }, // U+2070
    { 9, 10, 175, 1, 19, 12, 17229 }, // U+2074
    { 8, 11, 152, 1, 19, 11, 17241 }, // U+2075
    { 9, 11, 140, 0, 20, 13, 17252 }, // U+2076
    { 7, 11, 140, 1, 19, 10, 17265 }, // U+2077
    { 8, 11, 155, 1, 20, 11, 17275 }, // U+2078
    { 9, 11, 140, 0, 20, 13, 17286 }, // U+2079
    { 9, 11, 155, 0, 5, 13, 17299 }, // U+2080
    { 5, 10, 128, 1, 5, 7, 17312 }, // U+2081
    { 7, 10, 146, 1, 5, 9, 17319 }, // U+2082
    { 7, 11, 142, 1, 5, 10, 17328 }, // U+2083
    { 9, 10, 175, 1, 5, 12, 17338 }, // U+2084
    { 8, 11, 152, 1, 5, 11, 17350 }, // U+2085
    { 9, 11, 140, 0, 5, 13, 17361 }, // U+2086
    { 7, 11, 140, 1, 5, 10, 17374 }, // U+2087
    { 8, 11, 155, 1, 5, 11, 17384 }, // U+2088
    { 9, 11, 140, 0, 5, 13, 17395 }, // U+2089
    { 18, 25, 251, 0, 21, 57, 17408 }, // U+20A1
    { 15, 18, 225, -1, 18, 34, 17465 }, // U+20A3
    { 16, 19, 250, 0, 18, 38, 17499 }, // U+20A4
    { 21, 18, 294, -1, 18, 48, 17537 }, // U+20A6
    { 18, 18, 241, -1, 18, 41, 17585 }, // U+20A7
    { 24, 18, 377, 0, 18, 54, 17626 }, // U+20A9
    { 11, 18, 201, 1, 18, 25, 17680 }, // U+20AB
    { 17, 19, 251, -1, 18, 41, 17705 }, // U+20AC
    { 17, 18, 262, -1, 18, 39, 17746 }, // U+20AD
    { 17, 18, 241, -1, 18, 39, 17785 }, // U+20B1
    { 16, 25, 278, 1, 21, 50, 17824 }, // U+20B2
    { 15, 24, 251, 1, 21, 45, 17874 }, // U+20B5
    { 12, 19, 221, 1, 18, 29, 17919 }, // U+20B9
    { 15, 19, 253, 0, 18, 36, 17948 }, // U+20BA
    { 15, 22, 282, 1, 21, 42, 17984 }, // U+20BC
    { 15, 18, 241, 0, 18, 34, 18026 }, // U+20BD
    { 14, 20, 243, 1, 19, 35, 18060 }, // U+2202
    { 15, 15, 254, 0, 14, 29, 18095 }, // U+2205
    { 18, 18, 289, 0, 18, 41, 18124 }, // U+2206
    { 18, 23, 294, 0, 18, 52, 18165 }, // U+220F
    { 13, 17, 210, 0, 17, 28, 18217 }, // U+2211
    { 14, 4, 248, 1, 10, 7, 18245 }, // U+2212
    { 14, 25, 227, 0, 21, 44, 18252 }, // U+2215
    { 5, 6, 107, 1, 11, 4, 18296 }, // U+2219
    { 16, 18, 280, 1, 18, 36, 18300 }, // U+221A
    { 20, 10, 344, 1, 11, 25, 18336 }, // U+221E
    { 15, 23, 232, 0, 19, 44, 18361 }, // U+222B
    { 13, 11, 232, 1, 14, 18, 18405 }, // U+2248
    { 14, 15, 248, 1, 16, 27, 18423 }, // U+2260
    { 14, 15, 259, 1, 16, 27, 18450 }, // U+2264
    { 14, 15, 259, 1, 16, 27, 18477 }, // U+2265
    { 16, 19, 269, 0, 19, 38, 18504 }, // U+FB01
    { 16, 19, 283, 0, 19, 38, 18542 }, // U+FB02
};

static const EpdUnicodeInterval quicksand_sb_12_boldIntervals[] = {
    { 0xD, 0xD, 0x0 },
    { 0x20, 0x7E, 0x1 },
    { 0xA0, 0xFF, 0x60 },
    { 0x100, 0x17E, 0xC0 },
    { 0x1A0, 0x1A1, 0x13F },
    { 0x1AF, 0x1B0, 0x141 },
    { 0x1C4, 0x1D4, 0x143 },
    { 0x1E6, 0x1E7, 0x154 },
    { 0x1EA, 0x1EB, 0x156 },
    { 0x1F2, 0x1F2, 0x158 },
    { 0x1FA, 0x21B, 0x159 },
    { 0x300, 0x304, 0x17B },
    { 0x306, 0x30C, 0x180 },
    { 0x30F, 0x30F, 0x187 },
    { 0x311, 0x312, 0x188 },
    { 0x31B, 0x31B, 0x18A },
    { 0x323, 0x324, 0x18B },
    { 0x326, 0x328, 0x18D },
    { 0x32D, 0x32E, 0x190 },
    { 0x331, 0x331, 0x192 },
    { 0x335, 0x335, 0x193 },
    { 0x1EA0, 0x1EF9, 0x194 },
    { 0x2007, 0x200B, 0x1EE },
    { 0x2010, 0x2010, 0x1F3 },
    { 0x2012, 0x2015, 0x1F4 },
    { 0x2018, 0x201A, 0x1F8 },
    { 0x201C, 0x201E, 0x1FB },
    { 0x2020, 0x2022, 0x1FE },
    { 0x2026, 0x2026, 0x201 },
    { 0x2030, 0x2030, 0x202 },
    { 0x2033, 0x2033, 0x203 },
    { 0x2039, 0x203A, 0x204 },
    { 0x2044, 0x2044, 0x206 },
    { 0x2070, 0x2070, 0x207 },
    { 0x2074, 0x2079, 0x208 },
    { 0x2080, 0x2089, 0x20E },
    { 0x20A1, 0x20A1, 0x218 },
    { 0x20A3, 0x20A4, 0x219 },
    { 0x20A6, 0x20A7, 0x21B },
    { 0x20A9, 0x20A9, 0x21D },
    { 0x20AB, 0x20AD, 0x21E },
    { 0x20B1, 0x20B2, 0x221 },
    { 0x20B5, 0x20B5, 0x223 },
    { 0x20B9, 0x20BA, 0x224 },
    { 0x20BC, 0x20BD, 0x226 },
    { 0x2202, 0x2202, 0x228 },
    { 0x2205, 0x2206, 0x229 },
    { 0x220F, 0x220F, 0x22B },
    { 0x2211, 0x2212, 0x22C },
    { 0x2215, 0x2215, 0x22E },
    { 0x2219, 0x221A, 0x22F },
    { 0x221E, 0x221E, 0x231 },
    { 0x222B, 0x222B, 0x232 },
    { 0x2248, 0x2248, 0x233 },
    { 0x2260, 0x2260, 0x234 },
    { 0x2264, 0x2265, 0x235 },
    { 0xFB01, 0xFB02, 0x237 },
};

static const EpdKernClassEntry quicksand_sb_12_boldKernLeftClasses[] = {
    { 0x0026, 1 }, // &
    { 0x0028, 2 }, // (
    { 0x002A, 3 }, // *
    { 0x002B, 4 }, // +
    { 0x002C, 5 }, // ,
    { 0x002D, 4 }, // -
    { 0x002E, 6 }, // .
    { 0x002F, 7 }, // /
    { 0x0030, 8 }, // 0
    { 0x0034, 9 }, // 4
    { 0x0035, 10 }, // 5
    { 0x0036, 11 }, // 6
    { 0x0037, 12 }, // 7
    { 0x0039, 13 }, // 9
    { 0x003E, 14 }, // >
    { 0x003F, 15 }, // ?
    { 0x0041, 16 }, // A
    { 0x0042, 17 }, // B
    { 0x0044, 8 }, // D
    { 0x0045, 18 }, // E
    { 0x0046, 19 }, // F
    { 0x0047, 20 }, // G
    { 0x004A, 21 }, // J
    { 0x004B, 22 }, // K
    { 0x004C, 23 }, // L
    { 0x004F, 8 }, // O
    { 0x0050, 24 }, // P
    { 0x0051, 8 }, // Q
    { 0x0052, 25 }, // R
    { 0x0053, 26 }, // S
    { 0x0054, 27 }, // T
    { 0x0055, 28 }, // U
    { 0x0056, 29 }, // V
    { 0x0057, 30 }, // W
    { 0x0058, 31 }, // X
    { 0x0059, 32 }, // Y
    { 0x005A, 33 }, // Z
    { 0x005C, 34 }, // <backslash>
    { 0x005F, 35 }, // _
    { 0x0061, 36 }, // a
    { 0x0062, 37 }, // b
    { 0x0063, 38 }, // c
    { 0x0064, 39 }, // d
    { 0x0065, 40 }, // e
    { 0x0066, 41 }, // f
    { 0x0067, 42 }, // g
    { 0x0068, 43 }, // h
    { 0x0069, 44 }, // i
    { 0x006A, 45 }, // j
    { 0x006B, 46 }, // k
    { 0x006C, 47 }, // l
    { 0x006D, 43 }, // m
    { 0x006E, 43 }, // n
    { 0x006F, 37 }, // o
    { 0x0070, 37 }, // p
    { 0x0071, 48 }, // q
    { 0x0072, 49 }, // r
    { 0x0073, 50 }, // s
    { 0x0074, 51 }, // t
    { 0x0075, 52 }, // u
    { 0x0076, 53 }, // v
    { 0x0077, 54 }, // w
    { 0x0078, 55 }, // x
    { 0x0079, 56 }, // y
    { 0x007A, 57 }, // z
    { 0x007E, 4 }, // ~
    { 0x00B7, 58 }, // U+00B7
    { 0x00BF, 59 }, // U+00BF
    { 0x00D9, 28 }, // U+00D9
    { 0x00DA, 28 }, // U+00DA
    { 0x00DB, 28 }, // U+00DB
    { 0x00DC, 28 }, // U+00DC
    { 0x00DD, 32 }, // U+00DD
    { 0x00DE, 60 }, // U+00DE
    { 0x00DF, 61 }, // U+00DF
    { 0x00E0, 36 }, // U+00E0
    { 0x00E1, 36 }, // U+00E1
    { 0x00E2, 36 }, // U+00E2
    { 0x00E3, 36 }, // U+00E3
    { 0x00E4, 36 }, // U+00E4
    { 0x00E5, 36 }, // U+00E5
    { 0x00E8, 40 }, // U+00E8
    { 0x00E9, 40 }, // U+00E9
    { 0x00EA, 40 }, // U+00EA
    { 0x00EB, 40 }, // U+00EB
    { 0x00F0, 62 }, // U+00F0
    { 0x00F2, 37 }, // U+00F2
    { 0x00F3, 37 }, // U+00F3
    { 0x00F4, 37 }, // U+00F4
    { 0x00F5, 37 }, // U+00F5
    { 0x00F6, 37 }, // U+00F6
    { 0x00F7, 4 }, // U+00F7
    { 0x00F8, 37 }, // U+00F8
    { 0x00F9, 52 }, // U+00F9
    { 0x00FA, 52 }, // U+00FA
    { 0x00FB, 52 }, // U+00FB
    { 0x00FC, 52 }, // U+00FC
    { 0x00FD, 56 }, // U+00FD
    { 0x00FF, 56 }, // U+00FF
    { 0x0101, 36 }, // U+0101
    { 0x0103, 36 }, // U+0103
    { 0x0105, 36 }, // U+0105
    { 0x010F, 63 }, // U+010F
    { 0x0113, 40 }, // U+0113
    { 0x0114, 18 }, // U+0114
    { 0x0115, 40 }, // U+0115
    { 0x0117, 40 }, // U+0117
    { 0x0119, 40 }, // U+0119
    { 0x011B, 40 }, // U+011B
    { 0x013E, 64 }, // U+013E
    { 0x014D, 37 }, // U+014D
    { 0x014F, 37 }, // U+014F
    { 0x0151, 37 }, // U+0151
    { 0x0153, 37 }, // U+0153
    { 0x0165, 65 }, // U+0165
    { 0x0169, 52 }, // U+0169
    { 0x016A, 28 }, // U+016A
    { 0x016B, 52 }, // U+016B
    { 0x016D, 52 }, // U+016D
    { 0x016E, 28 }, // U+016E
    { 0x016F, 52 }, // U+016F
    { 0x0170, 28 }, // U+0170
    { 0x0171, 52 }, // U+0171
    { 0x0172, 28 }, // U+0172
    { 0x0173, 52 }, // U+0173
    { 0x0176, 32 }, // U+0176
    { 0x0177, 56 }, // U+0177
    { 0x0178, 32 }, // U+0178
    { 0x01A1, 37 }, // U+01A1
    { 0x01B0, 52 }, // U+01B0
    { 0x01CD, 16 }, // U+01CD
    { 0x01CE, 36 }, // U+01CE
    { 0x01D2, 37 }, // U+01D2
    { 0x01D4, 52 }, // U+01D4
    { 0x01EB, 37 }, // U+01EB
    { 0x01FB, 36 }, // U+01FB
    { 0x01FF, 37 }, // U+01FF
    { 0x0200, 16 }, // U+0200
    { 0x0201, 36 }, // U+0201
    { 0x0202, 16 }, // U+0202
    { 0x0203, 36 }, // U+0203
    { 0x0204, 18 }, // U+0204
    { 0x0205, 40 }, // U+0205
    { 0x0206, 18 }, // U+0206
    { 0x0207, 40 }, // U+0207
    { 0x020D, 37 }, // U+020D
    { 0x020F, 37 }, // U+020F
    { 0x0215, 52 }, // U+0215
    { 0x0217, 52 }, // U+0217
    { 0x1EA0, 16 }, // U+1EA0
    { 0x1EA1, 36 }, // U+1EA1
    { 0x1EA2, 16 }, // U+1EA2
    { 0x1EA3, 36 }, // U+1EA3
    { 0x1EA4, 16 }, // U+1EA4
    { 0x1EA5, 36 }, // U+1EA5
    { 0x1EA6, 16 }, // U+1EA6
    { 0x1EA7, 36 }, // U+1EA7
    { 0x1EA8, 16 }, // U+1EA8
    { 0x1EA9, 36 }, // U+1EA9
    { 0x1EAA, 16 }, // U+1EAA
    { 0x1EAB, 36 }, // U+1EAB
    { 0x1EAC, 16 }, // U+1EAC
    { 0x1EAD, 36 }, // U+1EAD
    { 0x1EAE, 16 }, // U+1EAE
    { 0x1EAF, 36 }, // U+1EAF
    { 0x1EB0, 16 }, // U+1EB0
    { 0x1EB1, 36 }, // U+1EB1
    { 0x1EB2, 16 }, // U+1EB2
    { 0x1EB3, 36 }, // U+1EB3
    { 0x1EB4, 16 }, // U+1EB4
    { 0x1EB5, 36 }, // U+1EB5
    { 0x1EB6, 16 }, // U+1EB6
    { 0x1EB7, 36 }, // U+1EB7
    { 0x1EB8, 18 }, // U+1EB8
    { 0x1EB9, 40 }, // U+1EB9
    { 0x1EBA, 18 }, // U+1EBA
    { 0x1EBB, 40 }, // U+1EBB
    { 0x1EBC, 18 }, // U+1EBC
    { 0x1EBD, 40 }, // U+1EBD
    { 0x1EBE, 18 }, // U+1EBE
    { 0x1EBF, 40 }, // U+1EBF
    { 0x1EC0, 18 }, // U+1EC0
    { 0x1EC1, 40 }, // U+1EC1
    { 0x1EC2, 18 }, // U+1EC2
    { 0x1EC3, 40 }, // U+1EC3
    { 0x1EC4, 18 }, // U+1EC4
    { 0x1EC5, 40 }, // U+1EC5
    { 0x1EC6, 18 }, // U+1EC6
    { 0x1EC7, 40 }, // U+1EC7
    { 0x1ECD, 37 }, // U+1ECD
    { 0x1ECF, 37 }, // U+1ECF
    { 0x1ED1, 37 }, // U+1ED1
    { 0x1ED3, 37 }, // U+1ED3
    { 0x1ED5, 37 }, // U+1ED5
    { 0x1ED7, 37 }, // U+1ED7
    { 0x1ED9, 37 }, // U+1ED9
    { 0x1EDB, 37 }, // U+1EDB
    { 0x1EDD, 37 }, // U+1EDD
    { 0x1EDF, 37 }, // U+1EDF
    { 0x1EE1, 37 }, // U+1EE1
    { 0x1EE3, 37 }, // U+1EE3
    { 0x1EE5, 52 }, // U+1EE5
    { 0x1EE7, 52 }, // U+1EE7
    { 0x1EE9, 52 }, // U+1EE9
    { 0x1EEB, 52 }, // U+1EEB
    { 0x1EED, 52 }, // U+1EED
    { 0x1EEF, 52 }, // U+1EEF
    { 0x1EF1, 52 }, // U+1EF1
    { 0x1EF2, 32 }, // U+1EF2
    { 0x1EF3, 56 }, // U+1EF3
    { 0x1EF5, 56 }, // U+1EF5
    { 0x2013, 66 }, // U+2013
    { 0x2014, 4 }, // U+2014
    { 0x2018, 67 }, // U+2018
    { 0x2019, 68 }, // U+2019
    { 0x201C, 67 }, // U+201C
    { 0x201D, 68 }, // U+201D
    { 0x2022, 69 }, // U+2022
    { 0x2212, 4 }, // U+2212
    { 0x2248, 4 }, // U+2248
    { 0x2260, 4 }, // U+2260
};

static const EpdKernClassEntry quicksand_sb_12_boldKernRightClasses[] = {
    { 0x0021, 1 }, // !
    { 0x0022, 2 }, // "
    { 0x0029, 3 }, // )
    { 0x002A, 4 }, // *
    { 0x002C, 5 }, // ,
    { 0x002E, 6 }, // .
    { 0x002F, 7 }, // /
    { 0x0031, 8 }, // 1
    { 0x0034, 9 }, // 4
    { 0x0036, 10 }, // 6
    { 0x0037, 11 }, // 7
    { 0x0039, 12 }, // 9
    { 0x0041, 13 }, // A
    { 0x0043, 14 }, // C
    { 0x0047, 14 }, // G
    { 0x004A, 15 }, // J
    { 0x004F, 14 }, // O
    { 0x0051, 14 }, // Q
    { 0x0053, 16 }, // S
    { 0x0054, 17 }, // T
    { 0x0055, 18 }, // U
    { 0x0056, 19 }, // V
    { 0x0057, 20 }, // W
    { 0x0058, 21 }, // X
    { 0x0059, 22 }, // Y
    { 0x005A, 23 }, // Z
    { 0x005C, 24 }, // <backslash>
    { 0x005D, 25 }, // ]
    { 0x005F, 26 }, // _
    { 0x0061, 27 }, // a
    { 0x0062, 28 }, // b
    { 0x0063, 29 }, // c
    { 0x0064, 29 }, // d
    { 0x0065, 29 }, // e
    { 0x0066, 30 }, // f
    { 0x0067, 31 }, // g
    { 0x0068, 28 }, // h
    { 0x006A, 32 }, // j
    { 0x006B, 28 }, // k
    { 0x006C, 28 }, // l
    { 0x006D, 33 }, // m
    { 0x006E, 33 }, // n
    { 0x006F, 29 }, // o
    { 0x0070, 34 }, // p
    { 0x0071, 29 }, // q
    { 0x0072, 33 }, // r
    { 0x0073, 35 }, // s
    { 0x0074, 36 }, // t
    { 0x0075, 37 }, // u
    { 0x0076, 38 }, // v
    { 0x0077, 39 }, // w
    { 0x0078, 40 }, // x
    { 0x0079, 41 }, // y
    { 0x007A, 42 }, // z
    { 0x00A1, 43 }, // U+00A1
    { 0x00B7, 44 }, // U+00B7
    { 0x00BF, 45 }, // U+00BF
    { 0x00D0, 46 }, // U+00D0
    { 0x00D9, 18 }, // U+00D9
    { 0x00DA, 18 }, // U+00DA
    { 0x00DB, 18 }, // U+00DB
    { 0x00DC, 18 }, // U+00DC
    { 0x00DD, 22 }, // U+00DD
    { 0x00DF, 47 }, // U+00DF
    { 0x00E0, 27 }, // U+00E0
    { 0x00E1, 27 }, // U+00E1
    { 0x00E2, 27 }, // U+00E2
    { 0x00E3, 27 }, // U+00E3
    { 0x00E4, 27 }, // U+00E4
    { 0x00E5, 27 }, // U+00E5
    { 0x00E8, 29 }, // U+00E8
    { 0x00E9, 29 }, // U+00E9
    { 0x00EA, 29 }, // U+00EA
    { 0x00EB, 29 }, // U+00EB
    { 0x00F0, 48 }, // U+00F0
    { 0x00F9, 37 }, // U+00F9
    { 0x00FA, 37 }, // U+00FA
    { 0x00FB, 37 }, // U+00FB
    { 0x00FC, 37 }, // U+00FC
    { 0x00FD, 41 }, // U+00FD
    { 0x00FE, 49 }, // U+00FE
    { 0x00FF, 41 }, // U+00FF
    { 0x0101, 27 }, // U+0101
    { 0x0103, 27 }, // U+0103
    { 0x0105, 27 }, // U+0105
    { 0x0113, 29 }, // U+0113
    { 0x0115, 29 }, // U+0115
    { 0x0117, 29 }, // U+0117
    { 0x0119, 29 }, // U+0119
    { 0x011B, 29 }, // U+011B
    { 0x013E, 28 }, // U+013E
    { 0x0169, 37 }, // U+0169
    { 0x016A, 18 }, // U+016A
    { 0x016B, 37 }, // U+016B
    { 0x016D, 37 }, // U+016D
    { 0x016E, 18 }, // U+016E
    { 0x016F, 37 }, // U+016F
    { 0x0170, 18 }, // U+0170
    { 0x0171, 37 }, // U+0171
    { 0x0172, 18 }, // U+0172
    { 0x0173, 37 }, // U+0173
    { 0x0176, 22 }, // U+0176
    { 0x0177, 41 }, // U+0177
    { 0x0178, 22 }, // U+0178
    { 0x01B0, 37 }, // U+01B0
    { 0x01CD, 13 }, // U+01CD
    { 0x01CE, 27 }, // U+01CE
    { 0x01D4, 37 }, // U+01D4
    { 0x01FB, 27 }, // U+01FB
    { 0x0200, 13 }, // U+0200
    { 0x0201, 27 }, // U+0201
    { 0x0202, 13 }, // U+0202
    { 0x0203, 27 }, // U+0203
    { 0x0205, 29 }, // U+0205
    { 0x0207, 29 }, // U+0207
    { 0x0215, 37 }, // U+0215
    { 0x0217, 37 }, // U+0217
    { 0x1EA0, 13 }, // U+1EA0
    { 0x1EA1, 27 }, // U+1EA1
    { 0x1EA2, 13 }, // U+1EA2
    { 0x1EA3, 27 }, // U+1EA3
    { 0x1EA4, 13 }, // U+1EA4
    { 0x1EA5, 27 }, // U+1EA5
    { 0x1EA6, 13 }, // U+1EA6
    { 0x1EA7, 27 }, // U+1EA7
    { 0x1EA8, 13 }, // U+1EA8
    { 0x1EA9, 27 }, // U+1EA9
    { 0x1EAA, 13 }, // U+1EAA
    { 0x1EAB, 27 }, // U+1EAB
    { 0x1EAC, 13 }, // U+1EAC
    { 0x1EAD, 27 }, // U+1EAD
    { 0x1EAE, 13 }, // U+1EAE
    { 0x1EAF, 27 }, // U+1EAF
    { 0x1EB0, 13 }, // U+1EB0
    { 0x1EB1, 27 }, // U+1EB1
    { 0x1EB2, 13 }, // U+1EB2
    { 0x1EB3, 27 }, // U+1EB3
    { 0x1EB4, 13 }, // U+1EB4
    { 0x1EB5, 27 }, // U+1EB5
    { 0x1EB6, 13 }, // U+1EB6
    { 0x1EB7, 27 }, // U+1EB7
    { 0x1EB9, 29 }, // U+1EB9
    { 0x1EBB, 29 }, // U+1EBB
    { 0x1EBD, 29 }, // U+1EBD
    { 0x1EBF, 29 }, // U+1EBF
    { 0x1EC1, 29 }, // U+1EC1
    { 0x1EC3, 29 }, // U+1EC3
    { 0x1EC5, 29 }, // U+1EC5
    { 0x1EC7, 29 }, // U+1EC7
    { 0x1EE5, 37 }, // U+1EE5
    { 0x1EE7, 37 }, // U+1EE7
    { 0x1EE9, 37 }, // U+1EE9
    { 0x1EEB, 37 }, // U+1EEB
    { 0x1EED, 37 }, // U+1EED
    { 0x1EEF, 37 }, // U+1EEF
    { 0x1EF1, 37 }, // U+1EF1
    { 0x1EF2, 22 }, // U+1EF2
    { 0x1EF3, 41 }, // U+1EF3
    { 0x1EF5, 41 }, // U+1EF5
    { 0x201C, 50 }, // U+201C
    { 0x201D, 51 }, // U+201D
    { 0x2022, 52 }, // U+2022
};

static const int8_t quicksand_sb_12_boldKernMatrix[] = {
       0,    0,   -6,    0,    0,    0,    0,    0,    0,    0,    0,    0,    0,    0,    0,    0,    0,    0,    0,    0,    0,    0,    0,    0,    0,    0,    0,    0,    0,    0,    0,    0,    0,    0,    0,    0,    0,    0,    0,    0,    0,    0,    0,    0,    0,    0,    0,   -4,    0,    0,    0,    0,
       0,    0,    0,    0,    0,    0,    0,    0,    0,    0,    0,    0,    0,    0,    0,    0,    0,    0,    0,    0,    0,    0,    0,    0,    0,    0,    0,    0,    0,    0,    0,    0,    0,    0,    0,    0,    0,    0,    0,    0,    0,    0,    0,    0,    0,    0,    0,    0,    6,    0,    0,    0,
       0,    0,    0,    0,    0,    0,    0,    0,    0,    0,    0,    0,    0,    0,    0,    0,    0,    0,    0,    0,    0,    0,    0,    0,    0,    0,    0,    0,    0,    0,    0,    0,    0,    0,    0,    0,    0,    0,    0,    0,    0,    0,    0,    0,    0,    0,    0,  -10,    0,    0,    0,    0,
       0,    0,    0,    0,    0,    0,    0,  -16,    0,    0,    0,    0,    0,    0,    0,    0,    0,    0,    0,    0,    0,    0,    0,    0,    0,    0,    0,    0,    0,    0,    0,    0,    0,    0,    0,    0,    0,    0,    0,    0,    0,    0,    0,    0,    0,    0,    0,    0,    0,    0,    0,    0,
       0,    0,    0,    0,    0,    0,    0,  -28,    0,    0,    0,    0,    0,    0,    0,    0,    0,    0,    0,    0,    0,    0,    0,    0,    0,    0,    0,    0,    0,    0,    0,    6,    0,    0,    0,    0,    0,    0,    0,    0,    0,    0,    0,    0,    0,    0,    0,    0,    0,    0,    0,    0,
       0,    0,    0,    0,    0,    0,    0,  -20,  -12,    0,    0,    0,    0,    0,    0,    0,    0,    0,    0,    0,    0,    0,    0,    0,    0,    0,    0,    0,    0,    0,    0,    0,    0,    0,    0,    0,    0,    0,    0,    0,    0,    0,    0,    0,    0,    0,    0,    0,    0,    0,    0,    0,
       0,    0,    0,    0,    0,    0,  -37,    0,    0,    0,    0,    0,    0,    0,    0,    0,    0,    0,    0,    0,    0,    0,    0,    0,    0,    0,    0,    0,    0,    0,    0,    0,    0,    0,    0,    0,    0,    0,    0,    0,    0,    0,    0,    0,    0,    0,   -5,  -13,    0,    0,    0,    0,
       0,    0,    0,    0,    0,    0,    0,    0,    0,    0,  -16,    0,   -2,    0,   -6,    0,   -8,    0,   -4,   -2,  -12,  -10,   -6,    0,    0,    0,    0,    0,    3,    0,    0,    0,    0,    0,    0,    0,    0,    0,    0,   -4,    0,    0,    0,    0,    0,    0,    0,    0,    0,    0,    0,    0,
       0,    0,    0,    0,    0,    0,    0,  -12,    0,    0,  -12,   -8,    0,    0,    0,    0,    0,    0,    0,    0,    0,    0,    0,    0,    0,    0,    0,    0,    0,    0,    0,    0,    0,    0,    0,    0,    0,    0,    0,    0,    0,    0,    0,    0,    0,    0,    0,    0,    0,    0,    0,    0,
       0,    0,    0,    0,    0,  -16,    0,    0,    0,    0,    0,    0,    0,    0,    0,    0,    0,    0,    0,    0,    0,    0,    0,    0,    0,    0,    0,    0,    0,    0,    0,    0,    0,    0,    0,    0,    0,    0,    0,    0,    0,    0,    0,    0,    0,    0,    0,    0,    0,    0,    0,    0,
       0,    0,    0,    0,    0,    0,    0,   -8,    0,    0,    0,    0,    0,    0,    0,    0,    0,    0,    0,    0,    0,    0,    0,    0,    0,    0,    0,    0,    0,    0,    0,    0,    0,    0,    0,    0,    0,    0,    0,    0,    0,    0,    0,    0,    0,    0,    0,    0,    0,    0,    0,    0,
       0,    0,    0,    0,  -12,  -28,    0,   16,  -16,  -12,    0,    0,    0,   -8,    0,    0,    0,    0,    0,    0,    0,    0,    0,    0,    0,    0,    0,    0,    0,    0,    0,    0,    0,    0,    0,    0,    0,    0,    0,    0,    0,    0,    0,    0,    0,    0,    0,    0,    0,    0,    0,    0,
       0,    0,    0,    0,   -8,  -16,    0,    0,    0,    0,  -12,    0,    0,    0,    0,    0,    0,    0,    0,    0,    0,    0,    0,    0,    0,    0,    0,    0,    0,    0,    0,    0,    0,    0,    0,    0,    0,    0,    0,    0,    0,    0,    0,    0,    0,    0,    0,    0,    0,    0,    0,    0,
       0,    0,    0,    0,    0,    0,    0,  -12,    0,    0,    0,    0,    0,    0,    0,    0,    0,    0,    0,    0,    0,    0,    0,    0,    0,    0,    0,    0,    0,    0,    0,    0,    0,    0,    0,    0,    0,    0,    0,    0,    0,    0,    0,    0,    0,    0,    0,    0,    0,    0,    0,    0,
       0,    0,    0,    0,    0,    0,    0,    0,    0,    0,    0,    0,    0,    0,    0,    0,    0,    0,    0,    0,    0,    0,    0,    0,    0,    0,    0,    0,    0,    0,    0,    0,    0,    0,    0,    0,    0,    0,    0,    0,    0,    0,    0,    0,    0,    0,    0,   -6,    0,    0,    0,    0,
       0,    0,    0,    0,    0,    0,    0,    0,    0,    0,    0,    0,    0,   -2,    0,    0,  -20,   -4,  -37,   -9,    0,  -17,    0,    0,    0,    0,    8,    0,    0,    0,    0,    0,    0,    0,    0,   -2,   -4,  -11,   -4,    0,  -10,    0,    0,    0,    0,    0,    0,    0,    0,    0,    0,    0,
       0,    0,    0,    0,    0,    0,    0,    0,    0,    0,    0,    0,    0,    0,    0,    0,   -6,    0,   -3,   -2,   -5,   -9,    0,    0,    0,    0,    0,   -1,    0,    0,   -2,    0,    0,    0,    0,    0,    0,    0,    0,   -1,    0,    0,    0,    0,    0,    0,    0,    0,    0,    0,    0,    0,
       0,    0,    0,    0,    0,    0,    0,    0,    0,    0,    0,    0,    0,    0,   -4,    0,    0,    0,    0,    0,    0,    0,    0,    0,    0,    0,    0,    0,   -2,    0,   -4,    0,    0,    0,    0,    0,   -4,   -6,    0,    0,   -4,    0,    0,    0,    0,    0,    0,    0,    0,    0,    0,    0,
       0,    0,    0,    0,    0,    0,    0,    0,    0,    0,    0,    0,  -13,   -4,  -48,   -2,    6,    0,    0,    0,   -2,    0,    0,    0,    0,    0,   -8,    0,   -6,    0,   -4,    0,   -4,   -4,   -4,    0,   -6,   -2,    0,   -6,    0,   -2,    0,    0,    0,    0,    0,    0,    0,    0,    0,    0,
       0,    0,    0,    0,    0,    0,    0,    0,    0,    0,    0,    0,    0,    0,    0,    0,  -10,    0,   -6,   -4,    0,  -10,    0,    0,    0,    0,    6,    0,    0,    0,    0,    0,    0,    0,    0,    0,    0,    0,    0,    0,    0,    0,    0,    0,    0,    0,    0,    0,    0,    0,    0,    0,
       0,    0,    0,    0,    0,    0,    0,    0,    0,    0,    0,    0,   -6,    0,    0,    0,    0,    0,    0,    0,    0,    0,    0,    0,    0,    0,    0,    0,    0,    0,    0,    0,    0,    0,    0,    0,    0,    0,    0,    0,    0,    0,    0,    0,    0,    0,    0,    0,    0,    0,    0,    0,
       0,    0,    0,    0,    0,    0,    0,    0,    0,    0,    0,    0,    0,  -12,   -2,   -4,    0,   -6,   -2,   -2,    0,    8,    0,    0,    0,    0,    0,    0,   -8,    0,    0,    0,   -3,   -3,   -2,   -1,   -5,   -3,   -6,    0,   -8,    0,    0,    0,    0,    0,    0,    0,    0,    0,    0,    0,
       0,    0,    0,    0,    0,    0,    0,    0,    0,    0,    0,    0,    0,   -4,    0,    0,  -40,   -8,  -20,  -12,    0,  -24,    0,    0,    0,    0,    0,    0,    0,    0,    0,    0,    0,    0,    0,   -2,    0,  -10,   -2,    0,   -9,    8,    0,    0,    0,    0,    0,    0,    0,    0,    0,    0,
       0,    0,    0,    0,  -40,  -40,    0,    0,    0,    0,    0,    0,  -16,    0,  -30,    0,    0,    0,    0,    3,   -6,    0,   -6,    0,    0,    0,   -2,    0,   -4,    3,   -4,    0,    0,    0,    0,    6,   -2,    4,    6,    0,    4,    0,    0,    0,    0,    0,    0,    0,    0,    0,    0,    0,
       0,    0,    0,    0,    0,    0,    0,    0,    0,    0,    0,    0,    0,   -4,    0,    0,   -6,   -2,   -6,    0,    0,   -8,    0,    0,    0,    0,    2,    0,   -2,    0,    0,    0,    0,    0,    0,    0,   -4,    0,    0,    0,    0,    0,    0,    0,    0,    0,    0,    0,    0,    0,    0,    0,
       0,    0,    0,    0,    0,    0,    0,    0,    0,    0,    0,    0,    0,    0,    0,    0,    0,    0,    0,    0,   -6,   -6,    0,    0,    0,    0,    0,    0,    0,    0,    0,    0,    0,    0,    0,    0,    0,    0,    0,    0,    0,    0,    0,    0,    0,    0,    0,    0,    0,    0,    0,    0,
       0,    0,    0,    0,    0,  -40,    0,    0,    0,    0,    0,    0,  -20,   -8,  -26,    0,   12,    0,    4,    4,    0,    4,    0,    0,    0,    0,  -40,    0,  -48,    0,  -18,    0,  -24,   -8,  -40,    0,  -48,   -4,  -48,   -6,   -4,  -48,    0,    0,    0,    0,    0,    0,    0,    0,    0,    0,
       0,    0,    0,    0,    0,    0,    0,    0,    0,    0,    0,    0,   -4,    0,   -4,   -4,    0,    0,    0,    0,   -4,   -4,    0,    0,    0,    0,    0,    0,    0,    0,    0,    0,    0,    0,    0,    0,    0,    0,    0,   -2,    0,    0,    0,    0,    0,    0,    0,    0,    0,    0,    0,    0,
       0,    0,    0,    0,    0,    0,    0,    0,    0,    0,    0,    0,  -14,   -4,  -22,   -4,    4,    0,    0,    0,    0,    0,    0,    0,    0,    0,   -5,    0,   -9,    0,   -8,    0,   -5,   -5,   -6,    0,   -4,    0,    0,    0,    0,   -2,    0,    0,    0,    0,    0,    0,    0,    0,    0,    0,
       0,    0,    0,    0,    0,    0,    0,    0,    0,    0,    0,    0,   -9,   -2,  -12,   -4,    4,    0,    0,    0,    0,    0,    0,    0,    0,    0,   -4,    0,   -6,    0,   -8,    0,   -1,   -1,    0,    0,   -4,    0,    0,    0,    0,    0,    0,    0,    0,    0,    0,    0,    0,    0,    0,    0,
       0,    0,    0,    0,    0,    0,    0,    0,    0,    0,    0,    0,    0,  -11,    0,   -6,    0,   -4,    0,    0,    0,    0,    0,    0,    0,    0,    0,    0,   -6,    0,   -1,    0,    0,    0,    0,    0,   -4,  -10,   -7,    0,  -10,    0,    0,    0,    0,    0,    0,    0,    0,    0,    0,    0,
       0,    0,    0,    0,    0,    0,    0,    0,    0,    0,    0,    0,  -17,  -10,  -28,  -10,    4,   -4,    0,    0,    0,    0,    0,    0,    0,    0,  -13,    0,  -16,    0,  -15,    0,   -9,   -8,  -14,    0,   -8,   -4,   -4,   -8,   -4,   -4,    0,    0,    0,    0,    0,    0,    0,    0,    0,    0,
       0,    0,    0,    0,    0,    0,    0,    0,    0,    0,    0,    0,    0,   -2,    0,    0,    0,    0,    0,    0,    0,    0,    0,    0,    0,    0,    0,    0,   -2,    0,    0,    0,    0,    0,    0,    0,   -2,   -2,    0,    0,    0,    0,    0,    0,    0,    0,    0,    0,    0,    0,    0,    0,
       0,    0,    0,    0,    0,    0,    0,    0,    0,    0,    0,    0,    0,    0,    0,    0,    0,    0,    0,    0,    0,    0,    0,  -37,    0,    0,    0,    0,    0,    0,    0,    0,    0,    0,    0,    0,    0,    0,    0,    0,    0,    0,    0,    0,    0,    0,   -2,   -9,    0,    0,    0,    0,
       0,    0,    0,    0,    0,    0,    0,    0,    0,    0,    0,    0,    0,    0,    0,    0,    0,    0,    0,    0,    0,    0,    0,    0,    0,    0,    0,    0,    0,    0,    0,    0,    0,    0,    0,    0,    0,    0,    0,    0,    0,    0,    0,    0,    0,    0,    0,  -14,    3,    0,    0,    0,
       0,    0,    0,    0,    0,    0,    0,    0,    0,    0,    0,    0,    8,   -8,    0,    0,  -26,   -4,  -11,   -4,    0,  -21,    0,    0,    0,    0,    4,    0,    0,    0,    0,    0,    0,    0,    0,    0,   -4,   -5,   -2,    0,    0,    0,    0,    0,    0,    0,    0,    0,    0,    0,    0,    0,
       0,    0,    0,    0,    0,    0,    0,    0,    0,    0,    0,    0,    0,    0,    0,    0,  -19,    0,   -9,   -6,   -6,  -16,   -4,    0,    0,    0,    0,    0,    0,    0,    0,    0,    0,    0,    0,    0,    0,   -2,    0,    0,    0,   -4,    0,    0,    0,    0,    0,    0,    0,    0,    0,    0,
       0,    0,    0,    0,    0,    0,    0,    0,    0,    0,    0,    0,    0,    0,    0,    0,  -12,    0,   -6,   -4,   -2,  -14,    0,    0,    0,    0,    0,    0,    0,    0,    0,    0,    0,    0,    0,    0,    0,    0,    0,    0,    0,    0,    0,    0,    0,    0,    0,    0,    0,    0,    0,    0,
       0,    0,    0,    0,    0,    0,    0,    0,    0,    0,    0,    0,    0,    0,    0,    0,    0,    0,    0,    0,    0,    0,    0,    0,    0,    0,    0,    0,    0,    0,    0,    0,    0,    0,    0,    0,    6,    0,    0,    0,    0,    0,    0,    0,    0,    0,    0,    0,    0,    0,    0,    0,
       0,    0,    0,    0,    0,    0,    0,    0,    0,    0,    0,    0,    0,    0,    0,    0,  -18,    0,   -8,   -4,   -4,  -14,    0,    0,    0,    0,    2,    0,    0,    0,   -2,    0,    0,    0,    0,    0,    0,   -2,    0,    0,   -2,    0,    0,    0,    0,    0,    0,    0,    0,    0,    0,    0,
       0,    0,    0,    0,    0,    0,    0,    0,    0,    0,    0,    0,   -8,    0,    0,    0,   24,    0,   22,   20,   20,   20,   20,    0,    0,    0,    0,    0,  -12,    0,    0,    0,    0,    0,    0,    1,    0,    4,    1,    0,    0,    2,    0,    0,    0,    0,    0,    0,    0,    0,    0,    0,
       0,    0,    0,    0,   -2,    0,    0,    0,    0,    0,    0,    0,   -6,   -4,    0,   -2,    0,    0,    0,    0,    0,   -6,    0,    0,    0,    0,   -2,    0,   -8,    0,    0,    4,    0,    0,   -4,    0,   -3,    0,    0,    0,    0,    0,    0,    0,    0,    0,    0,    0,    0,    0,    0,    0,
       0,    0,    0,    0,    0,    0,    0,    0,    0,    0,    0,    0,    0,    0,    0,    0,  -12,    0,   -6,    0,    0,  -10,    0,    0,    0,    0,    0,    0,    0,    0,    0,    0,    0,    0,    0,    0,    0,   -2,    0,    0,   -2,    0,    0,    0,    0,    0,    0,    0,    0,    0,    0,    0,
       0,    0,    0,    0,    0,    0,    0,    0,    0,    0,    0,    0,    0,    0,    0,    0,  -12,    0,    0,    0,    0,    0,    0,    0,    0,    0,    0,    0,    0,    0,    0,    0,    0,    0,    0,    0,    0,    0,    0,    0,    0,    0,    0,    0,    0,    0,    0,    0,    0,    0,    0,    0,
       0,    0,    0,    0,    0,    0,    0,    0,    0,    0,    0,    0,    0,    0,    0,    0,  -12,   -4,    0,    0,    0,    0,    0,    0,    0,    0,    0,    0,    0,    0,    0,    2,    0,    0,    0,    0,    0,    0,    0,    0,    0,    0,    0,    0,    0,    0,    0,    0,    0,    0,    0,    0,
       0,    0,    0,    0,    0,    0,    0,    0,    0,    0,    0,    0,    0,   -4,    0,    0,    0,    0,    0,    0,    0,   -8,    0,    0,    0,    0,   -2,   -2,   -9,    0,    0,   -2,    0,    0,   -2,    0,   -2,    0,    0,    0,    0,    0,    0,    0,    0,    0,    0,    0,    0,    0,    0,    0,
       0,    0,    0,    0,    0,    0,    0,    0,    0,    0,    0,    0,    0,   -8,    0,    0,  -10,    0,  -12,   -8,    0,  -12,    0,    0,    0,    0,    0,    0,   -4,    0,   -4,   -6,    0,    0,    0,   -1,   -2,  -10,   -6,    0,   -6,    0,    0,    0,    0,    0,    0,    0,    0,    0,    0,    0,
       0,    0,    0,    0,    0,    0,    0,    0,    0,    0,    0,    0,    0,    0,    0,    0,   -8,    0,   -8,    0,    0,   -6,    0,    0,    0,    0,    0,    0,    0,    0,    0,    0,    0,    0,    0,    0,    0,    0,    0,    0,    0,    0,    0,    0,    0,    0,    0,    0,    0,    0,    0,    0,
       0,    0,    0,    0,    0,  -48,    0,    0,    0,    0,    0,    0,  -12,    0,    0,    0,   -4,    0,    0,    0,   -6,    0,    0,    0,    0,    0,   -5,    0,   -9,    0,   -6,   -4,    0,    0,    0,    0,    0,   20,   20,    0,    0,    0,    0,    0,    0,    0,    0,    0,    0,    0,    0,    0,
       0,    0,    0,    0,    0,    0,    0,    0,    0,    0,    0,    0,    0,   -2,    0,    0,  -18,    0,   -2,    0,   -2,   -8,    0,    0,    0,    0,    3,    0,    0,    0,    0,    0,    0,    0,    0,    0,    0,    0,    0,   -2,    0,    0,    0,    0,    0,    0,    0,    0,    0,    0,    0,    0,
       0,    0,    0,    0,    0,    0,    0,    0,    0,    0,    0,    0,    0,    0,    0,    0,    0,    0,    0,    0,    0,    0,    0,    0,    0,    0,    0,    0,   -2,  -10,   -2,    0,    0,    0,    8,    0,    0,    0,   16,    0,    0,    0,    0,    0,    0,    0,    0,    0,    0,    0,    0,    0,
       0,    0,    0,    0,    0,    0,    0,    0,    0,    0,    0,    0,    0,    0,    0,    0,  -12,    0,   -4,   -4,    0,   -6,    0,    0,    0,    0,    0,    0,    0,    0,   -4,    0,    0,    0,    0,    0,    0,    0,    0,    0,    0,    0,    0,    0,    0,    0,    0,    0,    0,    0,    0,    0,
       0,    0,    0,    0,    0,    0,    0,    0,    0,    0,    0,    0,  -10,    0,    0,    0,   -4,    0,    0,    0,  -10,   -4,   -8,    0,    0,    0,   -1,    0,   -2,    0,   -2,    0,    0,    0,   -2,   20,    0,   20,    0,    0,    0,    0,    0,    0,    0,    0,    0,    0,    0,    0,    0,    0,
       0,    0,    0,    0,    0,    0,    0,    0,    0,    0,    0,    0,   -2,    0,    0,    0,   -4,    0,    0,    0,   -7,   -4,   -2,    0,    0,    0,    2,    0,    0,    0,    0,    0,    0,    0,   -2,   20,    0,   16,    0,    0,    0,    0,    0,    0,    0,    0,    0,    0,    0,    0,    0,    0,
       0,    0,    0,    0,    0,    0,    0,    0,    0,    0,    0,    0,    0,   -4,    0,    0,   -6,   -2,    0,    0,    0,   -8,    0,    0,    0,    0,    0,    0,    0,    0,    0,    0,    0,    0,   -2,   20,   -2,    0,    0,    0,    0,    0,    0,    0,    0,    0,    0,    0,    0,    0,    0,    0,
       0,    0,    0,    0,    0,    0,    0,    0,    0,    0,    0,    0,  -10,    0,    0,    0,   -4,    0,    0,    0,   -8,   -4,   -4,    0,    0,    0,    0,    0,   -2,    0,   -6,    0,    0,    0,   -4,    0,    0,    0,    0,    0,    0,    0,    0,    0,    0,    0,    0,    0,    0,    0,    0,    0,
       0,    0,    0,    0,    0,    0,    0,    0,    0,    0,    0,    0,    0,    0,    0,    0,   -4,    0,    0,    0,    0,   -4,    0,    0,    0,    0,    0,    0,   -4,    0,    0,    0,    0,    0,    0,    0,    0,    0,    0,    0,    0,    0,    0,    0,    0,    0,    0,    0,    0,    0,    0,    0,
       0,    0,    0,    0,    0,    0,    0,    0,    0,    0,    0,    0,    0,    0,    0,    0,    0,    0,    0,    0,    0,    0,    0,    0,    0,    0,    0,    0,    0,    0,    0,    0,    0,    0,    0,    0,    0,    0,    0,    0,    0,    0,    0,    0,    0,    0,    0,    4,    0,    0,    0,    0,
       0,    0,    0,    0,    0,    0,    0,    0,    0,    0,    0,    0,    0,    0,    0,    0,    0,    0,    0,    0,    0,    0,    0,    0,    0,    0,    0,    0,    0,    0,    0,    0,    0,    0,    0,    0,    0,    0,    0,    0,    0,    0,    0,    0,    0,    0,    0,  -12,    0,    0,    0,    0,
       4,    0,    0,   -2,    0,    0,  -16,    0,    0,    0,    0,    0,    0,    0,    0,    0,    0,    0,    0,    0,    0,    0,    0,   -8,    0,  -22,    0,    0,    0,    0,    0,    0,    0,    0,    0,    0,    0,    0,    0,    0,    0,    0,    8,   10,   -8,    0,    0,    0,    0,    0,    0,    2,
       0,    0,    0,   -8,    0,    0,   -5,    0,    0,    0,    0,    0,    0,    0,    0,    0,    0,    0,    0,    0,    0,    0,    0,   -2,    0,  -14,    0,    0,    0,    0,    0,    0,    0,    0,    0,    0,    0,    0,    0,    0,    0,    0,    0,    4,    0,    0,    0,    0,    0,    0,    0,    0,
       0,    0,    0,   -6,    0,    0,  -12,    0,    0,    0,    0,    0,    0,    0,    0,    0,    0,    0,    0,    0,    0,    0,    0,    0,    0,  -22,    0,    0,    0,    0,    0,    0,    0,    0,    0,    0,    0,    0,    0,    0,    0,    0,    0,    4,   -8,    0,    0,    0,    0,    0,    0,    0,
       0,   39,   50,   29,    0,    0,    0,    0,    0,    0,    0,    0,    0,    0,    0,    0,    0,    0,    0,    0,    0,    0,    0,   44,   53,    0,    0,   16,    0,    0,    0,    0,    0,    0,    0,    0,    0,    0,    0,    0,    0,    0,    0,    0,    0,    0,    0,    4,   24,   36,   44,    0,
       0,   25,   42,   11,    0,    0,    0,    0,    0,    0,    0,    0,    0,    0,    0,    0,    0,    0,    0,    0,    0,    0,    0,   34,   40,    0,    0,   16,    0,    0,    0,    0,    0,    0,    0,    0,    0,    0,    0,    0,    0,    0,    0,    0,    0,    0,    0,    4,   24,   26,   31,    0,
       0,    0,   13,    0,    0,    0,    0,    0,    0,    0,    0,    0,    0,    0,    0,    0,    0,    0,    0,    0,    0,    0,    0,    0,    8,    0,    0,    0,    0,    0,    0,    0,    0,    0,    0,    0,    0,    0,    0,    0,    0,    0,    0,    0,    0,    0,    0,    0,    0,    4,    5,    0,
       0,    0,    0,    0,    0,    0,    0,  -16,    0,    0,    0,    0,    0,    0,    0,    0,    0,    0,    0,    0,    0,    0,    0,    0,    0,    0,    0,    0,    0,    0,    0,    0,    0,    0,    0,    0,    0,    0,    0,    0,    0,    0,    0,    0,    0,    2,    0,    0,    0,    0,    0,    0,
       0,    0,    0,    0,    0,    0,    0,    0,  -16,    0,    0,   -8,    0,    0,    0,    0,    0,    0,    0,    0,    0,    0,    0,    0,    0,    0,    0,    0,    0,    0,    0,    0,    0,    0,    0,    0,    0,    0,    0,    0,    0,    0,    0,    0,    0,    0,    0,    0,    0,    0,    0,    0,
       0,    0,    0,    0,    0,    0,    0,    0,  -24,  -16,    0,   -8,    0,    0,    0,    0,    0,    0,    0,    0,    0,    0,    0,    0,    0,    0,    0,    0,    0,    0,    0,    0,    0,    0,    0,    0,    0,    0,    0,    0,    0,    0,    0,    0,    0,    0,    0,    0,    0,    0,    0,    0,
       0,    0,    0,    0,    0,    0,    0,    0,    0,    0,    0,    0,    0,    0,    0,    0,    0,    0,    0,    0,    0,    0,    0,    0,    0,    0,    0,    0,    0,    0,    0,    0,    0,    0,    0,    0,    0,    0,    0,    0,    0,    0,    0,    0,    0,    2,    0,    0,    0,    0,    0,    0,
};

static const EpdLigaturePair quicksand_sb_12_boldLigaturePairs[] = {
    { 0x00660069, 0xFB01 }, // f i -> U+FB01
    { 0x0066006C, 0xFB02 }, // f l -> U+FB02
};

static const EpdFontData quicksand_sb_12_bold = {
    quicksand_sb_12_boldBitmaps,
    quicksand_sb_12_boldGlyphs,
    quicksand_sb_12_boldIntervals,
    57,
    31,
    25,
    -7,
    false,
    nullptr,
    0,
    nullptr,
    quicksand_sb_12_boldKernLeftClasses,
    quicksand_sb_12_boldKernRightClasses,
    quicksand_sb_12_boldKernMatrix,
    221,
    162,
    69,
    52,
    quicksand_sb_12_boldLigaturePairs,
    2,
};
