/**
 * generated by fontconvert.py
 * name: quicksand_8_bold
 * size: 8
 * mode: 2-bit  compressed: true
 * Command used: fontconvert.py quicksand_8_bold 8 ../builtinFonts/source/Quicksand/Quicksand-Bold.ttf --2bit --compress --pnum --darken-aa
 */
#pragma once
#include "EpdFontData.h"

static const uint8_t quicksand_8_boldBitmaps[8507] = {
    0x7D, 0x56, 0xBD, 0x8F, 0xDC, 0xC6, 0x15, 0xFF, 0x91, 0x93, 0x03, 0x1D, 0x4F, 0x7C, 0xB3, 0x8D,
    0x1B, 0x43, 0x0A, 0x53, 0xA8, 0x10, 0x2E, 0xD2, 0x32, 0x85, 0x8B, 0x0B, 0xC0, 0x25, 0x09, 0x24,
    0x40, 0x8A, 0x14, 0x51, 0xA1, 0x54, 0x2E, 0x6E, 0xFF, 0x82, 0xE8, 0x0A, 0x15, 0x57, 0xF0, 0x6E,
    0x09, 0x08, 0xA9, 0x7D, 0x7F, 0x82, 0x8A, 0x14, 0x89, 0x55, 0x78, 0x8B, 0x2B, 0xCE, 0xF0, 0x6A,
    0x39, 0xAE, 0x52, 0xA4, 0x08, 0xA1, 0x36, 0x85, 0xC6, 0xB0, 0x03, 0xA4, 0x8A, 0x5F, 0xAC, 0x71,
    0x8E, 0x27, 0x71, 0x39, 0x79, 0xC3, 0xDD, 0x3D, 0x9D, 0x60, 0xC5, 0x33, 0x6F, 0xB9, 0x6F, 0x3E,
    0xF8, 0xE6, 0xCD, 0xFB, 0xF8, 0x3D, 0x4E, 0xAD, 0x25, 0x9A, 0xCF, 0xE7, 0xA3, 0x91, 0xB5, 0xB7,
    0x1F, 0x96, 0xE7, 0x47, 0xF3, 0x43, 0x9A, 0x1B, 0x14, 0x41, 0x75, 0x1A, 0x36, 0x24, 0xBE, 0x30,
    0xB9, 0xEB, 0x62, 0xD7, 0x46, 0x8F, 0xB4, 0xFC, 0x95, 0x4E, 0x9E, 0x98, 0x99, 0xB3, 0xF1, 0xC1,
    0xA9, 0x92, 0xD8, 0x95, 0xC0, 0x08, 0x20, 0x44, 0x2B, 0x24, 0x4E, 0x67, 0xAF, 0x74, 0x6A, 0x91,
    0x59, 0x24, 0x97, 0x88, 0x5C, 0x05, 0xA7, 0x71, 0xD1, 0xEC, 0x5F, 0xE8, 0xDC, 0x69, 0xD5, 0x03,
    0xD6, 0xEF, 0xE4, 0xA6, 0xAA, 0xDB, 0xC8, 0x4D, 0x8A, 0x33, 0x22, 0x9C, 0x7D, 0x6B, 0x70, 0xF4,
    0x42, 0x23, 0x7F, 0xFE, 0x6B, 0xC8, 0x3F, 0xD4, 0x05, 0xD2, 0x0B, 0x8D, 0xEF, 0x9E, 0xE9, 0xF0,
    0xCB, 0xAF, 0xB4, 0xD0, 0xAF, 0x74, 0x54, 0xCC, 0x30, 0xB4, 0x65, 0x21, 0x5C, 0x23, 0xBF, 0x68,
    0x54, 0x85, 0x48, 0x43, 0xD1, 0x28, 0xEB, 0x8E, 0xCA, 0xDC, 0x9E, 0x2B, 0x2A, 0x85, 0x65, 0xFD,
    0x64, 0x7F, 0x97, 0x77, 0xDD, 0x2E, 0x8F, 0x0E, 0xE7, 0xC0, 0xA9, 0x30, 0x4A, 0x27, 0x98, 0xA0,
    0xC4, 0xF9, 0xD0, 0x4B, 0xA4, 0x18, 0x43, 0x15, 0x51, 0x13, 0x18, 0x60, 0x8A, 0x05, 0x72, 0x3F,
    0xE2, 0x23, 0x44, 0x13, 0x9A, 0xD0, 0x88, 0x46, 0x68, 0x59, 0xC5, 0x78, 0x8A, 0x33, 0x96, 0xB2,
    0x83, 0xBD, 0xD3, 0x44, 0xE7, 0x7A, 0xEF, 0x74, 0x67, 0x50, 0x79, 0xA0, 0xBD, 0x97, 0xD5, 0xCC,
    0x35, 0x1F, 0xBC, 0x2C, 0x36, 0x33, 0x8F, 0x91, 0x2E, 0x77, 0x53, 0xBE, 0x7D, 0x6E, 0x72, 0xF3,
    0xA3, 0x34, 0x05, 0x0A, 0x08, 0x8D, 0xA8, 0x82, 0x02, 0x7E, 0x0A, 0x3E, 0x90, 0x4F, 0xE5, 0x8D,
    0x01, 0x0D, 0xD3, 0xAC, 0x73, 0xE1, 0x57, 0x26, 0xC3, 0xCA, 0xD9, 0x70, 0xA7, 0xB0, 0x85, 0x72,
    0x48, 0x0E, 0xF4, 0x44, 0x34, 0xA5, 0x30, 0x9E, 0x42, 0xFF, 0x4C, 0x45, 0x93, 0x4B, 0x1D, 0xBB,
    0x2A, 0xEA, 0x87, 0x6D, 0x55, 0xAC, 0x6B, 0xFD, 0xB9, 0x57, 0xF6, 0x8D, 0xCE, 0xAF, 0xC7, 0x3D,
    0xB2, 0x18, 0xB7, 0xBC, 0xE8, 0x02, 0x31, 0x90, 0x01, 0x1D, 0x04, 0x41, 0xB1, 0x45, 0x5D, 0x91,
    0xBB, 0x6A, 0xEF, 0x2F, 0x98, 0x39, 0xBC, 0xBF, 0x40, 0x60, 0x11, 0x19, 0xA8, 0x15, 0xDE, 0xAD,
    0xE1, 0xF5, 0x50, 0x18, 0x29, 0xE4, 0x4B, 0x24, 0xED, 0xA0, 0xCA, 0x4F, 0x86, 0x77, 0x7B, 0x84,
    0x3D, 0xE4, 0xBF, 0x11, 0x8F, 0x31, 0x19, 0xC3, 0xB9, 0xA6, 0x66, 0x17, 0x8E, 0xE1, 0xE9, 0x26,
    0xF6, 0xFE, 0x5C, 0xAF, 0x3E, 0xBB, 0x4F, 0x70, 0xC6, 0x75, 0x67, 0xC7, 0x3C, 0x37, 0xBE, 0x37,
    0x71, 0xDD, 0x8C, 0xED, 0x89, 0x3B, 0x08, 0x3B, 0xC8, 0xAF, 0xBD, 0x12, 0xE3, 0xC7, 0xC8, 0x7B,
    0xE4, 0x0F, 0x90, 0xCA, 0x8A, 0x69, 0xA2, 0xAA, 0xD8, 0x21, 0xEA, 0xFC, 0x19, 0x7B, 0x9F, 0xB0,
    0x46, 0x7A, 0xE7, 0x60, 0xAB, 0x29, 0x9B, 0xA7, 0xF5, 0x16, 0x0A, 0x8D, 0xB7, 0x90, 0x64, 0x2A,
    0x86, 0xEB, 0x1A, 0xC4, 0x2B, 0x64, 0x09, 0x52, 0x85, 0x89, 0xF2, 0x7C, 0xD2, 0x33, 0x5F, 0x94,
    0x2C, 0x50, 0x15, 0x89, 0x83, 0x6C, 0x11, 0xAD, 0xAF, 0xAE, 0xD6, 0xA7, 0xE8, 0x2C, 0xAE, 0x12,
    0xB6, 0x96, 0x03, 0x12, 0xB0, 0x0F, 0x79, 0x83, 0x6A, 0xBC, 0xA8, 0xB9, 0x9D, 0xF2, 0x93, 0xA3,
    0x7A, 0x7F, 0x71, 0xCB, 0x8F, 0xCF, 0xBB, 0x3B, 0xE7, 0xC0, 0xBB, 0xA8, 0xA3, 0x36, 0xD7, 0x4B,
    0xE4, 0x9A, 0xE5, 0xD4, 0x3C, 0x66, 0x27, 0xBA, 0x86, 0xE9, 0x3A, 0xB3, 0xCF, 0x7C, 0x01, 0x49,
    0xDE, 0x2A, 0xCC, 0x05, 0x3D, 0x94, 0xF1, 0x33, 0x2C, 0x28, 0x28, 0xBC, 0xD9, 0xEA, 0x1E, 0x3F,
    0x8B, 0x37, 0xB6, 0x0C, 0x96, 0x5E, 0x25, 0x39, 0xB8, 0x3F, 0xC0, 0x86, 0x81, 0xEC, 0x0B, 0xD4,
    0x4F, 0x48, 0x70, 0x88, 0xAB, 0xF0, 0x8F, 0x77, 0x6E, 0xC6, 0xEE, 0xBD, 0x74, 0x92, 0xED, 0x7E,
    0x78, 0x7E, 0xF7, 0xBD, 0x43, 0x9A, 0xDC, 0x38, 0xA4, 0x32, 0x3D, 0xEC, 0x57, 0xF3, 0x0F, 0xF3,
    0x4F, 0x75, 0xEA, 0xF3, 0x02, 0x3F, 0x46, 0xF4, 0x92, 0x4D, 0xF5, 0xE0, 0x14, 0x38, 0xF4, 0xC6,
    0x09, 0xD8, 0x99, 0x3D, 0xC4, 0x73, 0xC8, 0x8F, 0x0B, 0xC5, 0x11, 0xF1, 0x84, 0x53, 0xC9, 0x9C,
    0x7C, 0x42, 0x67, 0xB0, 0x84, 0x87, 0xFC, 0xCA, 0xAC, 0x65, 0x2F, 0xE1, 0xF2, 0xA0, 0x6A, 0x65,
    0xD5, 0xAA, 0x82, 0x79, 0xE7, 0xAA, 0x36, 0xD2, 0xAD, 0x68, 0xF8, 0xE9, 0x9C, 0x66, 0x25, 0x51,
    0xB3, 0x65, 0x48, 0xFD, 0xD3, 0xE4, 0xDB, 0xA0, 0x5C, 0x13, 0x7B, 0x20, 0xA9, 0x0A, 0xE5, 0x28,
    0x74, 0x66, 0x2B, 0xAA, 0xBA, 0x3C, 0x68, 0x6C, 0x48, 0x16, 0x4C, 0x76, 0x20, 0xF2, 0xC3, 0xC8,
    0xAC, 0x45, 0xCD, 0x7A, 0xE7, 0x2E, 0xEF, 0xF3, 0x3C, 0x5C, 0xE7, 0x3A, 0xFF, 0xCF, 0x5C, 0x5F,
    0xBB, 0xD9, 0xEA, 0x6A, 0xBE, 0x75, 0x5D, 0x8B, 0xF5, 0x0A, 0x27, 0x62, 0x7D, 0x2A, 0xF8, 0xE8,
    0x2F, 0x1F, 0xE7, 0x43, 0xE0, 0x97, 0xC1, 0xBD, 0x52, 0x75, 0xA9, 0xEC, 0x32, 0x94, 0x71, 0x55,
    0x4A, 0xD7, 0x05, 0xC3, 0xD1, 0x53, 0x9C, 0xDA, 0x80, 0xAE, 0xC8, 0x39, 0x4F, 0x6D, 0xF8, 0x7A,
    0x66, 0x0E, 0x33, 0xB5, 0x57, 0x6D, 0xCE, 0x1E, 0x53, 0x6F, 0xF6, 0xFD, 0x7C, 0xB6, 0x8A, 0x19,
    0x5F, 0xA6, 0x81, 0xB6, 0x51, 0x63, 0xE3, 0xCA, 0x9E, 0xE0, 0x3B, 0xBE, 0x10, 0x47, 0xAB, 0xC5,
    0x6A, 0x81, 0x36, 0x87, 0x55, 0x15, 0x2F, 0xCD, 0xC3, 0x66, 0xBA, 0x51, 0xEF, 0x7A, 0xE7, 0x4B,
    0xF4, 0x53, 0xDC, 0xE8, 0x90, 0xAD, 0xB0, 0x74, 0x41, 0xEF, 0x1E, 0xF5, 0x17, 0xFF, 0x58, 0xFE,
    0xC7, 0x65, 0xB4, 0xCA, 0x68, 0x3F, 0x23, 0x78, 0x9A, 0xE3, 0xEE, 0x14, 0xD3, 0x0E, 0xD4, 0x83,
    0x5C, 0x41, 0xAF, 0x34, 0xBD, 0x20, 0xA2, 0x8E, 0x28, 0x23, 0x8A, 0x89, 0x24, 0x91, 0x60, 0x4D,
    0x69, 0x6D, 0xEF, 0xF8, 0x59, 0x97, 0x23, 0x4B, 0x91, 0x94, 0x88, 0x07, 0x4A, 0x32, 0x8E, 0xE9,
    0xAA, 0x53, 0xCE, 0x86, 0x43, 0x7C, 0xCD, 0xBE, 0xE6, 0x53, 0x71, 0xF9, 0x00, 0xA4, 0x0A, 0x26,
    0x1B, 0xFB, 0xA1, 0x6B, 0xAF, 0xF0, 0xC6, 0x9B, 0x8F, 0x45, 0x31, 0x90, 0x12, 0x58, 0x18, 0x03,
    0x56, 0xC6, 0xEE, 0x4B, 0xD8, 0x73, 0xF1, 0xE6, 0x97, 0xF0, 0x4C, 0xC6, 0x3E, 0xEC, 0x18, 0x45,
    0x2C, 0xBC, 0xD4, 0xA0, 0x0F, 0x18, 0x26, 0xBF, 0xD1, 0xE1, 0x6F, 0x1D, 0xA7, 0xD2, 0x7D, 0xCC,
    0x56, 0x83, 0x4F, 0x3F, 0xD2, 0x56, 0x34, 0x9E, 0x7C, 0x48, 0x70, 0x90, 0xB0, 0x21, 0x78, 0x86,
    0xC9, 0xCC, 0x03, 0x8F, 0xC8, 0x1B, 0xF4, 0x96, 0x3E, 0x0A, 0x7D, 0x54, 0xAC, 0xD1, 0x9B, 0x83,
    0x58, 0x34, 0xFB, 0x62, 0x8B, 0xDE, 0x3E, 0x35, 0x4C, 0xED, 0xE8, 0xFD, 0xCB, 0xC2, 0x23, 0xF9,
    0x5B, 0x89, 0xD8, 0x95, 0xDA, 0x86, 0xE6, 0xFB, 0xD4, 0x0A, 0x73, 0x2C, 0x59, 0x54, 0x25, 0x57,
    0x5E, 0xD4, 0x2F, 0x70, 0x6B, 0x81, 0x32, 0x85, 0xCD, 0x40, 0x71, 0x68, 0xD4, 0x23, 0x1D, 0xFD,
    0x55, 0x8B, 0xE7, 0x45, 0xC8, 0x29, 0xBC, 0xF2, 0x18, 0x86, 0x23, 0x9F, 0x01, 0x37, 0x18, 0x1F,
    0xB2, 0x45, 0x80, 0x34, 0x15, 0x7A, 0x91, 0xC9, 0xA6, 0x4D, 0x14, 0x91, 0x8A, 0xBF, 0x25, 0xF5,
    0xF4, 0x73, 0x23, 0xBB, 0x5C, 0x0B, 0x9B, 0x68, 0x41, 0xAA, 0x0A, 0x1A, 0xC9, 0x89, 0x39, 0x9D,
    0x80, 0x12, 0x86, 0xFE, 0xBF, 0x69, 0xE1, 0x10, 0x0C, 0x72, 0x98, 0x91, 0x7F, 0xAF, 0xE2, 0xA8,
    0x99, 0x84, 0xB4, 0x3F, 0x94, 0x9F, 0x43, 0x34, 0x9D, 0xA0, 0x2C, 0xD2, 0xF1, 0xEF, 0x2A, 0xE9,
    0x20, 0xBA, 0x6D, 0x61, 0xBA, 0x46, 0xB1, 0xE3, 0x92, 0x47, 0x3B, 0x1F, 0x19, 0x0F, 0xA4, 0x03,
    0xA4, 0x04, 0xED, 0x06, 0x56, 0x79, 0x34, 0x73, 0xE4, 0x49, 0xBB, 0xC6, 0xE2, 0x6D, 0xFD, 0x65,
    0x55, 0x9B, 0xA1, 0x2E, 0x9E, 0x0D, 0x09, 0x37, 0x59, 0x63, 0xC4, 0x50, 0x1D, 0x44, 0xE3, 0xEB,
    0x81, 0x3F, 0xA4, 0x1C, 0xD6, 0xD6, 0xF8, 0xC1, 0x58, 0xC1, 0x6B, 0x2C, 0x58, 0xD7, 0x26, 0x7C,
    0x6B, 0xFF, 0xB9, 0xF1, 0x22, 0x19, 0x11, 0x58, 0x5D, 0x56, 0x5A, 0x7D, 0x5C, 0x24, 0x92, 0xAB,
    0x86, 0xB9, 0x1D, 0xB0, 0x4D, 0xBB, 0x84, 0xC3, 0xC6, 0x1E, 0xEF, 0x78, 0x4F, 0xF6, 0x0D, 0xEB,
    0x3E, 0x89, 0x7C, 0x15, 0x39, 0x1A, 0x6A, 0x09, 0xF3, 0x89, 0x33, 0xB2, 0xF7, 0x21, 0x37, 0xBA,
    0x76, 0xC9, 0x8B, 0xCE, 0x23, 0x47, 0xA7, 0x2A, 0x8A, 0x34, 0x09, 0xCD, 0x4F, 0xE6, 0x79, 0xE6,
    0x55, 0xB7, 0xAE, 0xB7, 0x2C, 0x8A, 0xCD, 0x80, 0x2C, 0xBC, 0x06, 0x18, 0x01, 0x87, 0x49, 0x21,
    0xFB, 0xF5, 0x7A, 0x81, 0xB0, 0xF1, 0x58, 0x1D, 0x9A, 0xC8, 0x99, 0x1F, 0x38, 0xD4, 0x8B, 0xEA,
    0xBC, 0xA8, 0x89, 0xD4, 0x27, 0x4F, 0xF4, 0xCC, 0xE9, 0xE3, 0xDF, 0x63, 0xE2, 0x45, 0x0D, 0x80,
    0xCD, 0xED, 0x9E, 0xE8, 0xE4, 0xBF, 0x54, 0x31, 0x6B, 0x6B, 0x56, 0x41, 0x15, 0xDB, 0x2E, 0xD7,
    0x5A, 0x78, 0xD9, 0x59, 0xE4, 0x2B, 0xA3, 0x97, 0x1D, 0x1A, 0xBE, 0xF5, 0x20, 0x9B, 0x8B, 0x86,
    0x89, 0x3F, 0xD5, 0x8A, 0x23, 0xFD, 0x1E, 0xDF, 0x8C, 0x86, 0x7E, 0xD1, 0xBA, 0x55, 0x3B, 0xE6,
    0x6C, 0xDC, 0xF6, 0x5D, 0x2E, 0xCC, 0xE9, 0xB6, 0xC9, 0xC2, 0x57, 0x18, 0x89, 0xD7, 0x67, 0x6C,
    0x7B, 0x8E, 0x13, 0x96, 0x31, 0xDA, 0xBA, 0xF0, 0xA6, 0x3D, 0xFE, 0xAF, 0x75, 0x8D, 0xD3, 0x8E,
    0x6C, 0x67, 0xF3, 0xF9, 0xEE, 0xC8, 0x5E, 0x87, 0x1F, 0x6E, 0x2F, 0xDA, 0x9A, 0x13, 0xC9, 0xE9,
    0x36, 0x61, 0xDB, 0xC5, 0xA2, 0xF9, 0xDE, 0x6F, 0x37, 0x64, 0x8F, 0xBE, 0xE8, 0x5C, 0xDF, 0x26,
    0xA4, 0x5E, 0xF7, 0xAD, 0x61, 0x75, 0xC6, 0x25, 0x9F, 0xEF, 0x13, 0x50, 0x19, 0x12, 0xF3, 0x3C,
    0x13, 0x6D, 0x0C, 0xFB, 0x43, 0xAE, 0xB9, 0x72, 0xDF, 0x68, 0xE3, 0xA3, 0xFF, 0xE3, 0x6E, 0x67,
    0xD6, 0xAE, 0xF1, 0x3E, 0x62, 0x4F, 0xE1, 0x82, 0x18, 0x50, 0x37, 0x36, 0x5A, 0x77, 0x8E, 0x3D,
    0x9B, 0x75, 0xE5, 0x3B, 0x79, 0x11, 0xB7, 0xC1, 0xD3, 0xC3, 0xF1, 0xF2, 0x69, 0xC2, 0x69, 0xB0,
    0xCB, 0xE1, 0x58, 0x9B, 0x9A, 0xAE, 0x41, 0x2B, 0x45, 0x44, 0xBB, 0xAF, 0x2D, 0x6A, 0xC7, 0x75,
    0xE7, 0x77, 0x3E, 0x14, 0x55, 0x19, 0xE9, 0x09, 0x17, 0x64, 0xDE, 0x33, 0x86, 0xE4, 0x54, 0x1B,
    0x52, 0xC4, 0x7F, 0x5F, 0xF1, 0x2A, 0x5B, 0x79, 0xF1, 0x8E, 0x2A, 0x52, 0xFE, 0x3A, 0xC9, 0xF2,
    0x0C, 0x71, 0x5D, 0x42, 0xF1, 0xBD, 0xE4, 0x57, 0x5C, 0xBB, 0x9F, 0xF9, 0x2F, 0xA2, 0x61, 0x1B,
    0xE6, 0xBB, 0x8B, 0x2C, 0x5F, 0x28, 0x92, 0x46, 0x51, 0xDE, 0x2D, 0xF2, 0x33, 0x36, 0xD0, 0x1B,
    0xA7, 0x25, 0xB5, 0xCB, 0xBF, 0xC1, 0xF8, 0x64, 0x35, 0xB3, 0x3B, 0x45, 0xBE, 0x9A, 0xF5, 0x58,
    0x04, 0x24, 0xF8, 0x2B, 0x30, 0xE7, 0x62, 0xC4, 0xA3, 0xA9, 0xB0, 0x52, 0x7B, 0xBF, 0xCA, 0x42,
    0x61, 0xC9, 0xC5, 0x5C, 0x0D, 0xBC, 0xAC, 0xA2, 0x26, 0xB4, 0x18, 0x8D, 0xE8, 0xCD, 0x86, 0x3F,
    0xF1, 0x26, 0xB5, 0x09, 0x00, 0x59, 0x85, 0x56, 0x90, 0xDC, 0x84, 0x5C, 0xC2, 0xC0, 0x33, 0x42,
    0xF2, 0x1B, 0x86, 0x39, 0xFC, 0xB2, 0xF6, 0xCA, 0xFD, 0x0F, 0x95, 0x56, 0xCB, 0x6F, 0xDC, 0x44,
    0x18, 0xFF, 0xD9, 0x6E, 0x62, 0x92, 0x69, 0x3B, 0x7B, 0xE0, 0x50, 0xFA, 0x72, 0x25, 0x22, 0x0E,
    0xD0, 0xC4, 0x97, 0x80, 0x82, 0xE4, 0xB5, 0xA7, 0xE5, 0xD6, 0x1E, 0x9A, 0x03, 0xDC, 0x78, 0xEC,
    0x1F, 0x80, 0x4A, 0x04, 0x3D, 0x04, 0xC9, 0xC9, 0x1A, 0x21, 0x71, 0x41, 0xA8, 0x15, 0x52, 0x6F,
    0x48, 0x44, 0xE2, 0xD6, 0x1E, 0xB2, 0x88, 0x54, 0x0A, 0x6A, 0xC1, 0x23, 0x71, 0xE0, 0x80, 0x10,
    0x56, 0x11, 0xAA, 0x54, 0x0E, 0x1D, 0x5E, 0x97, 0x4A, 0x28, 0x83, 0x6A, 0xD4, 0x6D, 0xE3, 0xEC,
    0xF0, 0x8D, 0x37, 0x21, 0x7D, 0x24, 0xEC, 0xE2, 0xF9, 0xE2, 0xCC, 0xCE, 0xFC, 0x66, 0xE6, 0xF3,
    0xF7, 0xF8, 0x7D, 0x83, 0xB2, 0x6C, 0x34, 0x3A, 0x9D, 0x8E, 0xD6, 0x65, 0xD9, 0x82, 0x82, 0xDB,
    0x05, 0x37, 0x48, 0x0C, 0x52, 0x8D, 0xD5, 0x5A, 0xA8, 0x13, 0xAF, 0xDB, 0x41, 0x9A, 0xB2, 0x80,
    0x0D, 0xEA, 0x67, 0xC1, 0xE9, 0x2C, 0x04, 0x48, 0xF2, 0x0A, 0xED, 0x2E, 0x98, 0x04, 0xCB, 0xC0,
    0x05, 0xF2, 0xFB, 0xFA, 0xBE, 0xD1, 0x18, 0x11, 0x9F, 0x1F, 0x36, 0xBD, 0x76, 0x95, 0x46, 0x69,
    0xD4, 0xAE, 0x4C, 0xAF, 0x75, 0x78, 0x0E, 0x45, 0xE5, 0xEA, 0xD8, 0x97, 0x21, 0xCF, 0xF8, 0x1A,
    0xBC, 0x0A, 0x81, 0xC9, 0xB8, 0x11, 0xCC, 0x08, 0xDA, 0x0E, 0x25, 0xA0, 0xD1, 0xD0, 0xF5, 0x03,
    0xB4, 0x36, 0x3B, 0x6E, 0x65, 0xCF, 0x0D, 0x99, 0xA0, 0x83, 0x82, 0xDF, 0x11, 0x1A, 0xC4, 0xB9,
    0x4C, 0x7D, 0x99, 0xAC, 0x65, 0x81, 0x81, 0x93, 0xE3, 0x1C, 0x17, 0x79, 0x8E, 0x70, 0x03, 0xCE,
    0x2C, 0x22, 0x1D, 0x69, 0xE4, 0x19, 0xFC, 0xDB, 0x25, 0x8E, 0x8E, 0x4D, 0x62, 0x26, 0xFF, 0x0E,
    0x6F, 0xFF, 0xF2, 0x92, 0xF8, 0x42, 0x7A, 0x99, 0xFD, 0x7B, 0xA7, 0xF0, 0xC4, 0xB4, 0xF9, 0x16,
    0x93, 0xE1, 0xEB, 0xA4, 0xEC, 0x2A, 0x1C, 0x53, 0xA0, 0xFF, 0x24, 0xEA, 0xBE, 0xD2, 0xEA, 0x2F,
    0xD5, 0x56, 0x07, 0x04, 0xDB, 0x1F, 0x36, 0xA3, 0x6B, 0xA5, 0x4E, 0x57, 0xA7, 0x9A, 0xFC, 0x68,
    0x7F, 0xDA, 0x74, 0x49, 0x80, 0xBE, 0x9C, 0xB3, 0xF8, 0x44, 0x31, 0xD5, 0x7C, 0xF3, 0xEA, 0xCD,
    0x9B, 0x9F, 0x5D, 0xBE, 0xF1, 0xEE, 0xD9, 0xA9, 0x74, 0x54, 0x3D, 0xBB, 0x94, 0x74, 0x83, 0x2C,
    0xD6, 0x9D, 0xCE, 0x8A, 0x4E, 0xD4, 0xB8, 0xC0, 0x05, 0xFB, 0x45, 0x24, 0x89, 0x91, 0x24, 0xFD,
    0x3E, 0x3D, 0xED, 0xFA, 0xE7, 0x08, 0x12, 0xF9, 0x82, 0xF4, 0x24, 0x17, 0xB1, 0x48, 0x24, 0x60,
    0x30, 0x89, 0xAF, 0xF1, 0x16, 0x4E, 0xA3, 0x67, 0x41, 0xBC, 0x39, 0x83, 0xD6, 0x58, 0xC9, 0xB7,
    0x5A, 0x37, 0x34, 0xC6, 0xDC, 0x2A, 0xC9, 0x4A, 0x73, 0x18, 0xB5, 0x1B, 0x14, 0xED, 0x8D, 0x22,
    0xAF, 0x25, 0xD9, 0x28, 0xC2, 0x8D, 0xC2, 0x59, 0x28, 0xD0, 0xDC, 0x14, 0xF7, 0x4B, 0xE9, 0xD5,
    0x47, 0x35, 0xD2, 0x08, 0x63, 0xC7, 0xA3, 0x09, 0x04, 0xED, 0x43, 0x8C, 0xB1, 0x50, 0xE4, 0x45,
    0xFD, 0x95, 0x72, 0x1C, 0x73, 0x1D, 0xA4, 0xD7, 0x30, 0x15, 0x83, 0x73, 0x04, 0x53, 0x88, 0x52,
    0xAC, 0x74, 0x36, 0x8D, 0x81, 0x00, 0x07, 0xD0, 0x46, 0x84, 0x43, 0x74, 0x1C, 0x73, 0x34, 0x98,
    0x47, 0xCE, 0xE5, 0x27, 0x68, 0x82, 0x03, 0x51, 0x02, 0x94, 0xEB, 0x70, 0xFE, 0x32, 0xA4, 0xFD,
    0x72, 0xE6, 0x09, 0x1F, 0xDB, 0xEB, 0x26, 0x68, 0xDD, 0x2A, 0xAD, 0xB3, 0x6B, 0x0A, 0x30, 0x8A,
    0x08, 0xC6, 0x47, 0x80, 0x26, 0x7D, 0x61, 0xFA, 0x4C, 0x01, 0xED, 0x49, 0xAF, 0x60, 0x19, 0x85,
    0x80, 0x60, 0x48, 0xB6, 0x8C, 0x4F, 0x96, 0xD8, 0x4B, 0x91, 0x13, 0x21, 0x11, 0xAB, 0x78, 0x4E,
    0x6A, 0x3C, 0xFD, 0x4D, 0x81, 0xE4, 0xC3, 0xF7, 0xC8, 0x0A, 0x14, 0x4F, 0xCD, 0x50, 0x60, 0xF5,
    0xAA, 0x80, 0x36, 0x85, 0x57, 0x2C, 0x93, 0x17, 0x3D, 0x51, 0x2F, 0x52, 0x20, 0xCD, 0xAC, 0x8D,
    0x97, 0xAC, 0x5D, 0x39, 0x99, 0xF9, 0x02, 0x52, 0xD0, 0xE9, 0xB8, 0x46, 0xB6, 0xCD, 0x11, 0xF4,
    0xE0, 0x2E, 0x59, 0xA0, 0x9F, 0xC1, 0x5A, 0xA3, 0x05, 0x32, 0x1D, 0xB9, 0xCF, 0xA9, 0xE0, 0xF5,
    0xE0, 0xDD, 0x02, 0x3B, 0x2F, 0x38, 0x93, 0xC1, 0x65, 0x32, 0xA6, 0x5A, 0xBC, 0xA4, 0x57, 0x50,
    0x6A, 0xEB, 0x5A, 0x3A, 0x95, 0x34, 0x02, 0xA6, 0x87, 0xC6, 0xAF, 0xD8, 0x8C, 0xF0, 0x4E, 0x0D,
    0x8D, 0x27, 0x95, 0x7E, 0xB3, 0x21, 0x3F, 0x7A, 0x70, 0xD8, 0x25, 0xEE, 0x29, 0xF8, 0x3F, 0xC0,
    0x19, 0x19, 0xFA, 0x88, 0x06, 0x50, 0xC1, 0xFD, 0xDE, 0x22, 0x87, 0xC2, 0xBB, 0x46, 0x81, 0x51,
    0xD6, 0xF2, 0x9F, 0x04, 0x6C, 0x34, 0xE6, 0x12, 0xCE, 0x5D, 0x72, 0xF0, 0x0D, 0x53, 0xB0, 0x9F,
    0x25, 0x25, 0xAA, 0x44, 0xB2, 0x2C, 0xD1, 0xF5, 0x8D, 0xD6, 0x9E, 0xA9, 0x63, 0x8B, 0x12, 0x8D,
    0x7E, 0xF1, 0x3F, 0x14, 0xD9, 0x2A, 0x82, 0x35, 0x7D, 0x5F, 0x62, 0x22, 0x85, 0x8C, 0x3E, 0x4F,
    0xDB, 0x3D, 0x23, 0x6B, 0x1D, 0x1C, 0x23, 0xF4, 0x24, 0x82, 0xCC, 0xCD, 0xDA, 0x3D, 0x63, 0xEE,
    0xBD, 0x6C, 0xC3, 0xD8, 0x54, 0xA6, 0xB2, 0xFF, 0xA9, 0xD7, 0xCB, 0x0D, 0x66, 0x9C, 0xAE, 0xB3,
    0xEB, 0x2C, 0x65, 0x89, 0x3E, 0x3C, 0xB1, 0xDB, 0xEC, 0x81, 0x89, 0xA9, 0x74, 0x4F, 0x63, 0xD7,
    0x9D, 0x31, 0x4F, 0xDE, 0x1C, 0xA5, 0xC6, 0xC5, 0xE3, 0x8D, 0x91, 0xB3, 0x63, 0x72, 0x75, 0x0B,
    0xE5, 0x0E, 0xAD, 0x03, 0xE2, 0x9D, 0x62, 0x7A, 0x69, 0xB7, 0xB5, 0x13, 0x4B, 0xA9, 0x6E, 0xCC,
    0xEE, 0x36, 0xEB, 0x13, 0xA9, 0x71, 0x62, 0x0D, 0x7E, 0x91, 0xF8, 0x92, 0xF8, 0x8B, 0x58, 0x0F,
    0x89, 0xA6, 0x9E, 0xAA, 0x11, 0xFD, 0x31, 0xB1, 0x48, 0x98, 0x8A, 0x6C, 0xAF, 0xAC, 0x49, 0xD9,
    0x8F, 0xF4, 0x4B, 0x8C, 0x3D, 0x45, 0xFA, 0xB4, 0x2A, 0xE8, 0x1E, 0x05, 0xBD, 0xD0, 0xEB, 0x52,
    0xDF, 0x21, 0x2A, 0xAC, 0xB4, 0x8E, 0xB5, 0x0E, 0xB4, 0x66, 0xE4, 0x02, 0xDD, 0xA9, 0xB9, 0xC4,
    0x51, 0xD6, 0xCF, 0x94, 0xAD, 0x7D, 0x67, 0x04, 0xD7, 0xAB, 0x04, 0x71, 0x84, 0x30, 0x45, 0x50,
    0x4B, 0x18, 0x23, 0x0E, 0xB3, 0x8A, 0x9B, 0xD2, 0xED, 0x53, 0x1D, 0x25, 0x32, 0xCF, 0xB0, 0x6F,
    0x68, 0xFC, 0x24, 0x21, 0x05, 0xAE, 0x67, 0xC3, 0xE2, 0x49, 0xA5, 0x6E, 0xE1, 0x19, 0xE5, 0x7E,
    0x30, 0xF4, 0x92, 0x8F, 0x33, 0xE7, 0x8E, 0xC4, 0x09, 0x31, 0x24, 0x7E, 0x7A, 0x5F, 0x1C, 0x07,
    0x5D, 0xA6, 0x79, 0x37, 0x5E, 0x98, 0x39, 0x02, 0x8C, 0x20, 0xFF, 0xD4, 0x37, 0x95, 0x5D, 0xE7,
    0xF5, 0x22, 0xB6, 0x96, 0x06, 0x41, 0x1A, 0x05, 0x69, 0x19, 0x26, 0x2A, 0x0E, 0x65, 0x15, 0x9A,
    0x32, 0x36, 0xC5, 0xB1, 0x5A, 0x35, 0x22, 0x13, 0xBF, 0xB0, 0x94, 0xD1, 0x82, 0x2C, 0x5D, 0xF5,
    0xB8, 0x74, 0x3D, 0xB5, 0xC0, 0x28, 0x37, 0x32, 0xB6, 0x51, 0x2F, 0x20, 0xF2, 0xFF, 0xCA, 0xF2,
    0xCB, 0x90, 0x78, 0xE2, 0x23, 0x2A, 0x6A, 0xE3, 0x7B, 0x87, 0xC5, 0x8F, 0x8F, 0x81, 0x9F, 0x85,
    0xB3, 0xE7, 0xFF, 0xE8, 0xB3, 0x60, 0xF5, 0xB1, 0x95, 0xD4, 0xB3, 0x95, 0x34, 0x38, 0x93, 0x31,
    0x63, 0x0F, 0xED, 0x57, 0xCF, 0x07, 0xA5, 0x51, 0x8F, 0x51, 0xB5, 0xA2, 0xE8, 0x32, 0x06, 0x25,
    0x17, 0x25, 0xCF, 0xE8, 0x4D, 0x7D, 0x1A, 0xB9, 0x37, 0x6B, 0x67, 0x2D, 0xE1, 0x3F, 0x49, 0xB9,
    0x9F, 0xB1, 0xB5, 0x82, 0x9F, 0x54, 0x81, 0x57, 0xE4, 0x5C, 0x24, 0x81, 0xE4, 0xBE, 0xE6, 0xE8,
    0x72, 0xAC, 0x5A, 0x59, 0xD4, 0x7C, 0x8B, 0xA9, 0x89, 0xCE, 0x3D, 0x8A, 0xB8, 0x59, 0xF8, 0xBD,
    0x22, 0x30, 0xAA, 0xE9, 0xAB, 0xD4, 0x53, 0xF3, 0xAE, 0x7D, 0x53, 0x3F, 0x34, 0x8A, 0xF5, 0xB6,
    0x38, 0xFD, 0x68, 0x4D, 0x0A, 0x35, 0xB7, 0x0C, 0x00, 0xB7, 0x6C, 0x8D, 0xF7, 0x5E, 0x1B, 0x8C,
    0x74, 0x4F, 0x82, 0xAF, 0x8B, 0xFD, 0xED, 0xC1, 0x48, 0x76, 0xC6, 0xCA, 0xE0, 0xA3, 0x6D, 0xB4,
    0xC2, 0xFB, 0xC4, 0x2A, 0x40, 0x56, 0x1D, 0xFC, 0x51, 0x6C, 0x23, 0xCF, 0x12, 0x63, 0xF4, 0x3C,
    0x27, 0x7F, 0x2D, 0xDF, 0xA6, 0xE0, 0x32, 0x55, 0xF3, 0x8D, 0x8B, 0xB3, 0x29, 0x97, 0x0D, 0x3B,
    0x1E, 0x94, 0xB9, 0xDA, 0x84, 0xFA, 0x3D, 0x22, 0x4D, 0xC4, 0xEE, 0x03, 0xBC, 0xE8, 0xD0, 0xED,
    0x45, 0xB0, 0x9E, 0x4D, 0x5A, 0x4A, 0x43, 0x47, 0x3C, 0x14, 0x92, 0xBE, 0xBD, 0x0D, 0xA1, 0xC9,
    0xE4, 0xE2, 0x65, 0x49, 0x17, 0x84, 0x85, 0x57, 0xD0, 0xB4, 0x78, 0x4A, 0x89, 0xAD, 0x22, 0x39,
    0x59, 0x5B, 0xB4, 0xAE, 0xD1, 0x03, 0xC0, 0x4B, 0xF0, 0xBA, 0xF0, 0x5F, 0x1D, 0x8C, 0xA4, 0xDB,
    0x4D, 0xFF, 0x82, 0x33, 0x60, 0xC3, 0xD5, 0x78, 0x84, 0x6F, 0x3D, 0x64, 0x05, 0xE2, 0xAE, 0xE3,
    0xB0, 0xDA, 0x3C, 0xDA, 0xC6, 0x89, 0xF9, 0x9F, 0x97, 0xB6, 0x80, 0x3E, 0xDA, 0xAE, 0xA8, 0x2B,
    0x6A, 0xA7, 0x71, 0x07, 0xB6, 0x36, 0x7B, 0xF6, 0x1E, 0x48, 0x7C, 0x49, 0x55, 0x43, 0x52, 0xF8,
    0x45, 0x9E, 0x4C, 0x6B, 0x89, 0xB9, 0xB4, 0x26, 0xAB, 0x83, 0x7F, 0xE4, 0x89, 0xE4, 0xCF, 0x17,
    0xC9, 0x4F, 0x77, 0xE8, 0x2E, 0xD9, 0x0D, 0x35, 0xDF, 0x6E, 0x56, 0x7F, 0xB9, 0x59, 0xE2, 0x6B,
    0xB3, 0xCB, 0xD8, 0x2B, 0x52, 0x72, 0xA0, 0xA3, 0x53, 0xBA, 0x6F, 0x7A, 0xE4, 0x55, 0xE9, 0xF7,
    0xB0, 0x1D, 0x98, 0xCD, 0xBA, 0xB8, 0x63, 0x10, 0xB8, 0x55, 0xD7, 0xCD, 0x8F, 0x06, 0x23, 0x9D,
    0x87, 0x02, 0xF3, 0xBF, 0x90, 0xFE, 0x79, 0x2B, 0x83, 0x8F, 0xEE, 0xD4, 0x99, 0xDB, 0xC1, 0xC1,
    0x4B, 0x14, 0x6F, 0x8A, 0xDE, 0xFF, 0x8E, 0x00, 0xC2, 0x37, 0xCA, 0xAE, 0x0D, 0x8A, 0x34, 0x56,
    0xE9, 0xDF, 0xBA, 0xFD, 0xAB, 0x4E, 0xDE, 0x2F, 0x42, 0xB2, 0x5C, 0xCF, 0x26, 0xBD, 0xFD, 0xBC,
    0x20, 0x73, 0x84, 0xDE, 0x4F, 0xB5, 0x62, 0xB3, 0x95, 0x53, 0x79, 0x15, 0x96, 0xE8, 0xDF, 0x55,
    0xB4, 0x4B, 0x1E, 0xDA, 0x69, 0xD6, 0xCD, 0xB8, 0x3A, 0x32, 0xB7, 0xF3, 0x5C, 0x34, 0xDF, 0x9C,
    0xDF, 0x79, 0x66, 0x97, 0x3D, 0xC3, 0xDC, 0x24, 0x6B, 0x98, 0x5A, 0xDC, 0x68, 0x97, 0x23, 0xA2,
    0xF1, 0x00, 0x33, 0xDD, 0xAD, 0xE9, 0xA8, 0xE2, 0x99, 0xF6, 0x25, 0x5D, 0x07, 0xE9, 0x4D, 0x7D,
    0x1A, 0x59, 0xAF, 0xB6, 0x31, 0x8D, 0x1D, 0x0F, 0x7C, 0x68, 0xCB, 0x7F, 0x00, 0x8D, 0x58, 0x3D,
    0x6C, 0x1C, 0xC7, 0x15, 0xFE, 0x76, 0x96, 0xE6, 0x52, 0x5A, 0x8B, 0x43, 0x03, 0x0E, 0x60, 0x19,
    0x56, 0xD6, 0x45, 0x0A, 0xC7, 0x90, 0xB8, 0x2E, 0xEC, 0xE0, 0x8A, 0xBD, 0xDD, 0xAD, 0xD2, 0x04,
    0x48, 0x58, 0x28, 0x95, 0x61, 0xF8, 0x02, 0xA4, 0x0A, 0x02, 0xE4, 0x0A, 0x15, 0x42, 0x70, 0xE4,
    0x0D, 0x84, 0x74, 0x01, 0x6C, 0xC2, 0x80, 0x7B, 0x05, 0x50, 0x13, 0xB9, 0xF0, 0x21, 0x10, 0x92,
    0x20, 0xA6, 0x7C, 0xD3, 0xA7, 0x59, 0xAB, 0x89, 0x81, 0x14, 0xDE, 0xC0, 0x48, 0x52, 0x24, 0x40,
    0x06, 0xF1, 0x90, 0x3A, 0x45, 0x7B, 0x3B, 0x79, 0x33, 0x7B, 0xC7, 0xE3, 0xCF, 0x1D, 0xB9, 0x3B,
    0x6F, 0xB8, 0x3F, 0x37, 0xF3, 0xCD, 0x9B, 0xF7, 0xDE, 0xBC, 0x1F, 0x06, 0x06, 0xEC, 0x21, 0xD0,
    0x07, 0x26, 0xF0, 0x2A, 0xF8, 0x35, 0xFC, 0xAF, 0x10, 0x7E, 0x98, 0xF3, 0x50, 0x46, 0x9F, 0xC8,
    0xCC, 0x94, 0x7B, 0x0F, 0xD5, 0x23, 0x68, 0x85, 0x3B, 0x00, 0xD6, 0x7F, 0x8B, 0xD0, 0xD0, 0x1D,
    0x41, 0x5D, 0x44, 0xA6, 0xEC, 0x06, 0xE5, 0xC0, 0x2F, 0xEF, 0x32, 0xFB, 0x97, 0x9E, 0x63, 0x53,
    0x86, 0x75, 0x01, 0x77, 0x05, 0x3F, 0xB0, 0x50, 0xF8, 0x69, 0x5B, 0xE4, 0x30, 0x24, 0x4C, 0xE0,
    0xC1, 0x65, 0xC8, 0x97, 0xA3, 0x4D, 0xE0, 0x17, 0x08, 0x1E, 0xC0, 0x9F, 0x00, 0xFB, 0x17, 0xB1,
    0x6A, 0x0A, 0xF0, 0x1C, 0xB7, 0x72, 0x44, 0x05, 0xAE, 0xE6, 0x08, 0x04, 0x22, 0x81, 0x57, 0x80,
    0xB1, 0x08, 0x8C, 0xE2, 0x7F, 0x2F, 0x33, 0x20, 0x01, 0x06, 0x73, 0x4A, 0x81, 0x58, 0xE4, 0xDC,
    0x28, 0x66, 0xCA, 0x66, 0x8F, 0xF8, 0xB6, 0x1B, 0xD1, 0x6F, 0x04, 0x82, 0xC8, 0x20, 0x65, 0x27,
    0xC6, 0x7B, 0x88, 0x4D, 0x1E, 0xD6, 0x6E, 0x24, 0x0D, 0x33, 0xF0, 0xEE, 0xE5, 0x6D, 0xC1, 0x7B,
    0x60, 0xB4, 0xC7, 0xF7, 0x5A, 0x20, 0xBF, 0xEC, 0x80, 0xDE, 0x68, 0xCD, 0xB6, 0x72, 0x74, 0x19,
    0xAC, 0xF7, 0x17, 0x41, 0x0C, 0xB7, 0x87, 0x65, 0x6B, 0xF0, 0x2B, 0x78, 0xFA, 0x72, 0xE4, 0x6B,
    0x1D, 0x84, 0x0A, 0x4C, 0x60, 0x38, 0x81, 0x31, 0xE2, 0xD9, 0xFB, 0x85, 0x66, 0x4A, 0x83, 0x48,
    0x3B, 0x52, 0xF6, 0x35, 0x28, 0x8D, 0x91, 0x63, 0x3B, 0xFE, 0xFB, 0x39, 0xD8, 0x57, 0x12, 0xEC,
    0x9F, 0xAE, 0x07, 0xE6, 0x1F, 0x84, 0x5D, 0x82, 0x34, 0x08, 0x52, 0x24, 0x48, 0x9F, 0xEE, 0x6E,
    0xDF, 0x49, 0xA5, 0x98, 0x9B, 0x5F, 0x60, 0x04, 0xB8, 0x99, 0x80, 0x7F, 0x3C, 0x25, 0x1D, 0xC7,
    0xE0, 0x82, 0x23, 0x53, 0xF4, 0x54, 0xF2, 0x9C, 0x5A, 0xF3, 0x2D, 0xDF, 0xA3, 0x31, 0x15, 0x19,
    0xB4, 0xDD, 0x00, 0x2D, 0x53, 0x82, 0xD3, 0x0C, 0x1D, 0x98, 0xF2, 0x02, 0x03, 0x8C, 0xAB, 0x57,
    0x1F, 0x0C, 0x6B, 0x63, 0x9E, 0xDD, 0x26, 0x6E, 0x61, 0x2A, 0x53, 0xD9, 0x3B, 0x3D, 0xD5, 0x63,
    0x43, 0xA7, 0x83, 0xBB, 0x3D, 0x06, 0x95, 0x95, 0x40, 0x37, 0x94, 0x7B, 0x9F, 0xC8, 0xA1, 0x91,
    0xBB, 0x3F, 0x46, 0xD7, 0x4A, 0x80, 0x24, 0xD9, 0xD8, 0xCD, 0xCD, 0x84, 0x6B, 0x26, 0x56, 0xC1,
    0x6C, 0x6E, 0x22, 0x9C, 0xC2, 0xBB, 0x7F, 0x09, 0x8C, 0x97, 0xFB, 0x72, 0x35, 0xC8, 0x42, 0xCF,
    0x17, 0x82, 0xAC, 0x9E, 0xCE, 0xBE, 0xF4, 0xA6, 0xF6, 0xF8, 0x5E, 0x08, 0x40, 0x16, 0xD1, 0x15,
    0xC8, 0x24, 0xAE, 0xE0, 0x46, 0x87, 0xAB, 0xD5, 0xEC, 0x78, 0x1B, 0x16, 0x87, 0xE9, 0x16, 0xD2,
    0xD9, 0x26, 0x9B, 0xCB, 0xF1, 0x85, 0xC0, 0x78, 0xDF, 0x27, 0xCB, 0xFB, 0xDB, 0x7D, 0xB2, 0xBC,
    0x2E, 0x99, 0x91, 0xB7, 0x33, 0xE0, 0x55, 0x12, 0x56, 0x29, 0x06, 0x91, 0x18, 0x84, 0xA6, 0xF2,
    0xE6, 0x47, 0xC5, 0xBA, 0x83, 0x0F, 0x1A, 0xCB, 0xB3, 0xAA, 0x4B, 0x49, 0x75, 0xCC, 0xA9, 0x8E,
    0x95, 0x5D, 0xBF, 0x51, 0x5D, 0x09, 0xBF, 0x8C, 0x3E, 0x95, 0xDC, 0xE4, 0xD8, 0x71, 0xAB, 0x7C,
    0x21, 0x61, 0x24, 0xAE, 0xA3, 0xE5, 0x2A, 0xD6, 0x9D, 0x99, 0xC6, 0x3D, 0xB5, 0x5B, 0x62, 0xCD,
    0x6D, 0xE4, 0x46, 0x5B, 0x7C, 0x3C, 0x72, 0xD4, 0x7E, 0x0B, 0x6D, 0x60, 0x37, 0x81, 0xC8, 0x11,
    0x31, 0x73, 0xD7, 0x9A, 0x83, 0x47, 0x2E, 0xB1, 0x02, 0xB6, 0x5A, 0xAF, 0xA2, 0xEC, 0xA9, 0x5E,
    0xBF, 0x42, 0x32, 0xDE, 0xD7, 0x9E, 0x3A, 0x26, 0x63, 0x2C, 0x4D, 0xD8, 0xE2, 0xCB, 0x08, 0x25,
    0x87, 0x35, 0x84, 0xFE, 0x3E, 0x3C, 0x80, 0x1F, 0xD3, 0x50, 0x70, 0x53, 0xF0, 0x7B, 0x25, 0xF7,
    0xD4, 0x29, 0x42, 0x79, 0x15, 0xAF, 0xD1, 0x88, 0x6D, 0x64, 0xE4, 0x05, 0x6C, 0xE7, 0xE4, 0x53,
    0xB8, 0xA9, 0x9B, 0x6E, 0x9F, 0x4F, 0xF5, 0x5B, 0x33, 0xD8, 0x61, 0x89, 0xAC, 0xB8, 0x08, 0x16,
    0xD8, 0x7B, 0xDB, 0x4C, 0x7E, 0x73, 0x7F, 0x1D, 0xEE, 0xA8, 0x9F, 0x69, 0x21, 0xAE, 0x6C, 0x64,
    0xFF, 0x7E, 0x87, 0x84, 0xE0, 0xCB, 0xB3, 0x6D, 0xAC, 0xDE, 0x5C, 0x39, 0xEB, 0x67, 0xFB, 0x46,
    0xD9, 0xF5, 0xCF, 0x36, 0xE0, 0xCE, 0x28, 0x2B, 0xD7, 0xF3, 0x55, 0xF3, 0x54, 0x39, 0x2C, 0xAE,
    0x2E, 0x99, 0x17, 0x58, 0x97, 0x74, 0xBE, 0xE5, 0x5D, 0xFC, 0x09, 0xC3, 0xFC, 0xFA, 0x0C, 0xFB,
    0xFC, 0xBC, 0x04, 0xBF, 0xCC, 0x33, 0x71, 0x05, 0x5B, 0xBA, 0xDF, 0xD3, 0xC7, 0xD7, 0x28, 0x99,
    0x5F, 0xFD, 0x17, 0x27, 0xDB, 0x8B, 0xD6, 0xDF, 0xC6, 0xF6, 0xA8, 0x3B, 0xAE, 0x62, 0xE2, 0x3D,
    0x19, 0x24, 0xE4, 0x89, 0x93, 0x8E, 0xBD, 0x9F, 0x6C, 0x18, 0xB0, 0x89, 0xAF, 0xC8, 0xFF, 0x35,
    0xFA, 0xEB, 0x51, 0x2C, 0x3C, 0xA9, 0xBF, 0x53, 0xD4, 0xC9, 0x30, 0x9C, 0x22, 0x72, 0xA7, 0x78,
    0x1D, 0x91, 0xEC, 0x90, 0xB4, 0xC3, 0x25, 0x3B, 0xCF, 0xB0, 0x47, 0x46, 0xD6, 0xF3, 0xA4, 0x0E,
    0x0A, 0x1D, 0x09, 0xBD, 0x87, 0x43, 0x72, 0xF6, 0x0A, 0x46, 0x63, 0x7A, 0x80, 0x49, 0x06, 0xCD,
    0x05, 0xFD, 0x34, 0x62, 0x05, 0x45, 0x68, 0x46, 0x76, 0x59, 0x5A, 0x07, 0xBC, 0x85, 0xC6, 0x5F,
    0xE8, 0x1B, 0x7A, 0xF7, 0x48, 0x9B, 0xC2, 0x48, 0xA3, 0x74, 0xA5, 0xB3, 0x11, 0xD9, 0x71, 0x28,
    0x38, 0x69, 0x28, 0xCC, 0x81, 0xD1, 0xB9, 0x5F, 0xAD, 0x81, 0xF4, 0xA8, 0xE9, 0x73, 0x8D, 0x3C,
    0x4F, 0xCD, 0xD3, 0xDE, 0x96, 0x3E, 0x21, 0xAA, 0x55, 0xE3, 0x58, 0x1E, 0xC8, 0x40, 0x7A, 0x58,
    0xEB, 0x2E, 0xAE, 0x9B, 0x48, 0x3E, 0xDF, 0x4C, 0x68, 0x27, 0x3F, 0xA9, 0xF4, 0x40, 0x3F, 0xD2,
    0xFB, 0x67, 0x27, 0xBD, 0x24, 0x9E, 0xAA, 0x43, 0x75, 0x54, 0x1E, 0x89, 0xD3, 0x80, 0xA3, 0x93,
    0xEC, 0x24, 0xD4, 0x8E, 0x67, 0x6C, 0x2D, 0xBE, 0xE7, 0x47, 0xEA, 0xB0, 0x5C, 0xCC, 0xF0, 0xED,
    0x2E, 0x1D, 0xFD, 0x0A, 0x61, 0x65, 0xA5, 0x3C, 0x14, 0x14, 0x63, 0xE7, 0x1F, 0x8D, 0xA2, 0x38,
    0xEC, 0x2D, 0x84, 0xAD, 0x22, 0x35, 0xCC, 0xE3, 0x63, 0x43, 0xB3, 0x0A, 0xDA, 0x83, 0x93, 0x43,
    0xAF, 0x82, 0xAA, 0xA1, 0x4C, 0xAE, 0x9E, 0x4B, 0xF5, 0x8D, 0x52, 0xAA, 0x52, 0x2A, 0x55, 0x34,
    0x5E, 0x85, 0x4A, 0xF9, 0x74, 0x54, 0x6D, 0x5C, 0xB8, 0x4B, 0x6B, 0x52, 0x3C, 0xFB, 0xA6, 0x32,
    0xF5, 0x24, 0x56, 0x7C, 0xD1, 0x5A, 0xCD, 0xEF, 0xD9, 0x2C, 0xCC, 0x3A, 0x2C, 0x52, 0xC8, 0x12,
    0x0C, 0x72, 0x63, 0x92, 0x17, 0x4C, 0x06, 0xC2, 0x83, 0xFF, 0x43, 0x9B, 0xCA, 0xE0, 0x7E, 0x2B,
    0xC6, 0x36, 0xB6, 0xB8, 0xA6, 0x70, 0xBE, 0x04, 0xB2, 0x03, 0xFC, 0xD1, 0xAD, 0xF8, 0x87, 0x5F,
    0x14, 0xCF, 0x8D, 0x0A, 0xA5, 0x0E, 0xC5, 0x29, 0x0A, 0xF2, 0x91, 0x5B, 0x41, 0xD7, 0xD0, 0x26,
    0xD7, 0xCF, 0x0B, 0x7D, 0xA4, 0x34, 0x19, 0x88, 0x4E, 0xB5, 0xE6, 0x5A, 0x07, 0x5A, 0x33, 0x3D,
    0xA2, 0x4D, 0x13, 0x91, 0xC5, 0xF1, 0xD2, 0xFA, 0x93, 0x65, 0xAC, 0x73, 0x8C, 0xC9, 0x47, 0xEE,
    0x30, 0x8A, 0x0E, 0x0F, 0x45, 0x93, 0xFD, 0x44, 0x4F, 0xAA, 0x0C, 0x69, 0x82, 0x78, 0x80, 0xC8,
    0x51, 0x9C, 0x22, 0x8D, 0x45, 0xC5, 0x8D, 0x66, 0xC6, 0x26, 0x05, 0xEB, 0x0F, 0x8F, 0xD3, 0x62,
    0x0A, 0x6D, 0x32, 0xF5, 0x0B, 0xF2, 0xA8, 0x03, 0x4F, 0x0D, 0x98, 0xA2, 0x67, 0xFA, 0x12, 0xD4,
    0xB3, 0x8C, 0xD1, 0x7B, 0x42, 0x71, 0x47, 0xB8, 0xB8, 0xD3, 0x0A, 0x99, 0xD2, 0x62, 0x7F, 0x96,
    0x16, 0x5F, 0x88, 0xFC, 0x4A, 0x0F, 0x89, 0xC2, 0xEF, 0xA4, 0x7D, 0x6E, 0x87, 0x8C, 0x8F, 0x72,
    0xF6, 0x2F, 0xE1, 0x7F, 0x78, 0x39, 0xDB, 0xDE, 0xD8, 0x54, 0xA1, 0x31, 0x75, 0xF4, 0xF1, 0xE1,
    0xED, 0x94, 0x94, 0x9F, 0x50, 0x1F, 0xD0, 0x59, 0xA6, 0x5E, 0x0D, 0x70, 0xB8, 0x63, 0xDF, 0xE3,
    0x9C, 0x64, 0x6A, 0xCC, 0x94, 0x51, 0x6F, 0x32, 0xB0, 0x9A, 0x0C, 0x38, 0xB2, 0x6F, 0xA9, 0xAF,
    0x23, 0x72, 0x32, 0xFF, 0xFB, 0x94, 0xA2, 0x94, 0x31, 0xF4, 0x74, 0x78, 0x9B, 0xBE, 0x4D, 0xD6,
    0xEC, 0xAF, 0xB5, 0x1D, 0x57, 0xCD, 0x64, 0x73, 0x0B, 0x38, 0xB0, 0x86, 0x42, 0x2E, 0xC6, 0x26,
    0x86, 0xEF, 0x4A, 0xED, 0x17, 0x96, 0x02, 0x69, 0x4C, 0x4E, 0x5F, 0xE8, 0x41, 0xFB, 0x44, 0xE5,
    0xC8, 0x73, 0x99, 0x0D, 0xB9, 0xF0, 0x40, 0x58, 0x37, 0xF9, 0x54, 0x51, 0x30, 0x22, 0x26, 0x16,
    0xAD, 0x15, 0x04, 0x45, 0xAA, 0x26, 0x49, 0xB2, 0x46, 0xDC, 0xAD, 0x32, 0x0A, 0x9E, 0xC9, 0x89,
    0x66, 0x33, 0xD7, 0x29, 0x31, 0x35, 0x20, 0xC7, 0x14, 0xDE, 0x74, 0xE5, 0x44, 0xD9, 0x96, 0xB7,
    0x9D, 0xFC, 0x33, 0x99, 0x2D, 0xE5, 0xCC, 0xD6, 0x0C, 0xBB, 0x76, 0x97, 0xC1, 0x94, 0x72, 0x1E,
    0x99, 0x86, 0x32, 0x69, 0x92, 0xE9, 0x67, 0x2E, 0x69, 0x0D, 0x25, 0x55, 0x2F, 0x1D, 0x9F, 0xEA,
    0x19, 0xC9, 0xE7, 0x36, 0xF3, 0x08, 0xCA, 0x23, 0xC5, 0x46, 0x3A, 0xAD, 0x06, 0x1B, 0x59, 0x1E,
    0x4D, 0xBC, 0xC7, 0xFD, 0xED, 0xCF, 0x1F, 0xC7, 0x1A, 0x8B, 0x00, 0xDD, 0x12, 0xCD, 0x13, 0xA1,
    0xBA, 0xD6, 0x5F, 0x8E, 0xD5, 0x06, 0xC2, 0x2B, 0x48, 0xE8, 0x94, 0x79, 0x62, 0x19, 0x84, 0x55,
    0x07, 0x43, 0xF0, 0x9E, 0x65, 0xA9, 0xFD, 0x06, 0xD7, 0x5E, 0xE7, 0x2A, 0x28, 0x96, 0xB3, 0x44,
    0x55, 0xDD, 0xD8, 0xA8, 0x6F, 0x3D, 0xCB, 0x9B, 0x73, 0xBB, 0x84, 0x94, 0x55, 0x8A, 0x65, 0x49,
    0x50, 0xB6, 0x43, 0x47, 0xB7, 0x1C, 0xAB, 0x13, 0xE1, 0x52, 0x05, 0xCA, 0x06, 0x0D, 0x66, 0xD3,
    0xC3, 0xC6, 0x09, 0xB5, 0x42, 0xFC, 0x8E, 0xD5, 0xFB, 0x66, 0xC2, 0x5F, 0x3F, 0x0F, 0x77, 0x66,
    0x3E, 0xE5, 0x84, 0xF6, 0x78, 0x9E, 0x9E, 0x7F, 0x92, 0x91, 0x4C, 0x51, 0xC9, 0xE1, 0x66, 0xDA,
    0x70, 0xFE, 0x67, 0x9B, 0xF8, 0xBE, 0xF8, 0x5D, 0x72, 0x85, 0x52, 0xB3, 0xF2, 0x3C, 0x4D, 0xFC,
    0x72, 0x37, 0x24, 0xD1, 0x88, 0xD0, 0x1D, 0x22, 0x4A, 0x55, 0xAA, 0xEF, 0x91, 0xD9, 0xA9, 0x4D,
    0xF2, 0x91, 0xB3, 0xA6, 0xB7, 0x29, 0x9C, 0xD3, 0x32, 0x24, 0x3C, 0x2A, 0x37, 0x5A, 0x02, 0xBD,
    0xFA, 0x20, 0xAB, 0x96, 0xC3, 0x58, 0xAE, 0x36, 0x6D, 0x46, 0xEE, 0x1C, 0x74, 0x2B, 0xB0, 0x4E,
    0x27, 0xD6, 0xEB, 0x62, 0x05, 0x18, 0x65, 0xF8, 0xFE, 0xCF, 0x67, 0xA5, 0x77, 0x4B, 0x3C, 0x72,
    0x72, 0xC5, 0xB5, 0x11, 0x2F, 0xD9, 0x72, 0xCC, 0x7B, 0x60, 0x7F, 0x15, 0x4D, 0x7A, 0xDF, 0x12,
    0x90, 0x6D, 0xF0, 0x5D, 0xAA, 0x32, 0x97, 0xEE, 0xB7, 0xBF, 0x12, 0xA2, 0x98, 0x41, 0xD4, 0x2E,
    0xCA, 0xFC, 0x9E, 0xDC, 0x28, 0x79, 0xD5, 0xB3, 0x18, 0x53, 0x6B, 0xE5, 0xFE, 0x97, 0x64, 0x4B,
    0x3D, 0x0A, 0x71, 0x24, 0x3B, 0x52, 0xEB, 0x1B, 0x6F, 0xD9, 0xFF, 0x00, 0xBC, 0x46, 0x5B, 0x4E,
    0x0F, 0x3C, 0x24, 0x89, 0x2F, 0x0F, 0xD2, 0xB0, 0x98, 0xC4, 0x5C, 0x29, 0x1E, 0xFD, 0x57, 0xF1,
    0xC7, 0x9F, 0x95, 0x61, 0x95, 0x49, 0x5F, 0xC7, 0xD2, 0x57, 0x5C, 0x78, 0x05, 0x05, 0xEB, 0xEB,
    0xB6, 0xF4, 0xA2, 0xFE, 0xB5, 0x70, 0x02, 0xB8, 0x43, 0x59, 0xD4, 0xC1, 0x06, 0xCF, 0x93, 0x34,
    0x42, 0x9A, 0xA5, 0x88, 0xC6, 0x03, 0xF0, 0xA7, 0x54, 0x9A, 0x7E, 0x3D, 0x41, 0xF0, 0x84, 0xCE,
    0xB8, 0x9C, 0xFD, 0xC7, 0x61, 0x7E, 0xDC, 0xFB, 0x28, 0x2A, 0x5F, 0xA5, 0x81, 0x8C, 0x7E, 0x24,
    0x28, 0xF2, 0xD8, 0x03, 0xA7, 0xE7, 0xA5, 0xFD, 0x9C, 0x98, 0xE0, 0xE5, 0x8D, 0xFE, 0x19, 0x31,
    0xC4, 0x63, 0x93, 0xFD, 0x07, 0xDB, 0x7B, 0xD3, 0xA1, 0x7E, 0x21, 0x27, 0x20, 0xFE, 0x3E, 0xBC,
    0xB5, 0x56, 0x70, 0x2E, 0x3F, 0x04, 0xDE, 0xB6, 0xF5, 0x77, 0x66, 0xD4, 0x0B, 0xEF, 0x52, 0xB9,
    0x2C, 0x11, 0x03, 0x8F, 0x6D, 0x59, 0x41, 0x19, 0x64, 0xF3, 0x36, 0x34, 0x6A, 0x68, 0x9A, 0x04,
    0xC3, 0x79, 0xAD, 0x6C, 0x3A, 0xAC, 0x71, 0xE0, 0x29, 0xBF, 0xE0, 0x82, 0xB2, 0xC7, 0x9A, 0xDE,
    0xB6, 0x5C, 0xF2, 0x70, 0xA7, 0x15, 0x90, 0xCD, 0xCB, 0x97, 0x81, 0xF8, 0xBF, 0x06, 0x95, 0xA7,
    0x2D, 0x41, 0xD6, 0xB6, 0x1A, 0x17, 0x73, 0x1E, 0xE6, 0xFF, 0x9D, 0x56, 0x3D, 0x8C, 0xDC, 0x44,
    0x14, 0xFE, 0x6C, 0x5F, 0xE2, 0xC0, 0x48, 0xE7, 0x6B, 0x22, 0x85, 0x82, 0x73, 0x0A, 0x8A, 0x2B,
    0x42, 0xDC, 0xA4, 0x38, 0xA1, 0x5D, 0xDB, 0x3D, 0x4D, 0x0A, 0xA8, 0x10, 0xCA, 0x15, 0xB4, 0x28,
    0x29, 0xAE, 0xB8, 0xC2, 0x77, 0x6B, 0x89, 0x92, 0x82, 0x34, 0x74, 0x08, 0xAE, 0x48, 0x45, 0x8A,
    0x5C, 0x91, 0x62, 0x25, 0x36, 0xF1, 0x40, 0x8F, 0x64, 0x05, 0x21, 0x0A, 0x0A, 0x26, 0x97, 0x8E,
    0x02, 0x26, 0x8A, 0x09, 0x7B, 0xC2, 0xE7, 0xE1, 0x7B, 0xDE, 0x4D, 0xB4, 0xE4, 0x4E, 0x97, 0x15,
    0x3B, 0xE3, 0x77, 0x63, 0xDF, 0xBC, 0xCF, 0xEF, 0xE7, 0x7B, 0xCF, 0x03, 0xF0, 0xB7, 0x89, 0x6A,
    0x1A, 0x3A, 0x1B, 0x3F, 0x6A, 0x33, 0xA4, 0x03, 0x24, 0x05, 0xE2, 0x7E, 0x26, 0x29, 0xD2, 0xA4,
    0x6C, 0x23, 0xD7, 0xF8, 0xAE, 0xC6, 0xFC, 0x67, 0xE1, 0x9B, 0xD0, 0xE9, 0xD8, 0xE9, 0x34, 0xA8,
    0x0B, 0xDF, 0x14, 0x9E, 0x2D, 0x7C, 0xCB, 0x35, 0x9F, 0x84, 0xDD, 0x6C, 0xCF, 0x0A, 0xB0, 0xBE,
    0x85, 0xE3, 0xC6, 0x6F, 0x1B, 0xDF, 0xBC, 0x32, 0xA7, 0x81, 0xD9, 0x55, 0x3A, 0x73, 0xA5, 0x3A,
    0x9E, 0x6D, 0xCE, 0x01, 0x83, 0xD0, 0xD8, 0x48, 0xDB, 0x18, 0x8B, 0xB3, 0xB9, 0x8A, 0xAA, 0x45,
    0xD2, 0xCC, 0x5F, 0xBC, 0x3A, 0x10, 0xA9, 0xAC, 0x48, 0xBF, 0xC6, 0x68, 0x8A, 0x91, 0x2B, 0x9D,
    0x4C, 0x7D, 0x74, 0xA3, 0xBE, 0x78, 0xB3, 0x6C, 0x7C, 0x8B, 0x0C, 0x0D, 0x2D, 0x6C, 0x29, 0xE5,
    0x8E, 0x32, 0xAC, 0xE5, 0x49, 0x54, 0xCA, 0x7D, 0x06, 0xDE, 0x9B, 0x09, 0xE0, 0xDC, 0xF7, 0xD4,
    0xAA, 0x3A, 0x8F, 0x92, 0x68, 0x6B, 0x25, 0xC1, 0x32, 0x4D, 0xAC, 0x24, 0x27, 0x14, 0x77, 0xF9,
    0x4F, 0x5D, 0xD3, 0xE0, 0xA9, 0x9B, 0x12, 0x21, 0xB0, 0x14, 0x4A, 0x13, 0x25, 0xCE, 0x09, 0x92,
    0x0A, 0x46, 0x4B, 0x88, 0x1F, 0x5C, 0x53, 0x75, 0xBE, 0x9B, 0xD2, 0x83, 0x3C, 0xA7, 0x45, 0xDF,
    0x95, 0x8C, 0x0C, 0x5F, 0xE1, 0x1B, 0x20, 0x74, 0x87, 0xCE, 0xC4, 0xEE, 0x89, 0xB3, 0xC3, 0xD0,
    0x84, 0x75, 0x11, 0x98, 0xA8, 0xDC, 0xF1, 0x4D, 0x02, 0xAE, 0x26, 0x18, 0x86, 0x8F, 0x1B, 0x24,
    0xF2, 0x5F, 0xD5, 0xFD, 0xE4, 0x7A, 0x87, 0xB0, 0x05, 0x9C, 0xA7, 0xA5, 0x88, 0xF2, 0xA5, 0xC4,
    0x95, 0x18, 0xAE, 0xCB, 0x3A, 0x54, 0x5D, 0x34, 0xC5, 0x1C, 0x60, 0xBD, 0x91, 0x49, 0x90, 0xD5,
    0x06, 0xF1, 0x2B, 0xD3, 0x75, 0x71, 0xD5, 0xC5, 0x40, 0x02, 0x3C, 0x04, 0xE3, 0x83, 0xB5, 0x35,
    0x34, 0x3B, 0x1C, 0x68, 0xB6, 0x9B, 0xF1, 0xE2, 0x38, 0x18, 0x63, 0xEC, 0xD3, 0x69, 0x41, 0xDC,
    0xC2, 0xA5, 0x96, 0xE1, 0x1C, 0x76, 0x22, 0x5C, 0x4E, 0xF1, 0x8F, 0xA6, 0x78, 0x66, 0x29, 0x6C,
    0x2B, 0x22, 0x15, 0x11, 0x8B, 0x50, 0xD6, 0x4C, 0x6C, 0x60, 0xDD, 0xF4, 0x00, 0x36, 0x33, 0x73,
    0x93, 0xB6, 0x76, 0xA8, 0xBF, 0x23, 0xEA, 0xD4, 0xDE, 0xA6, 0xF2, 0x98, 0xBA, 0x63, 0xAA, 0x8E,
    0xA9, 0x39, 0xA6, 0xE2, 0x98, 0x7A, 0x63, 0xAA, 0x8D, 0xA9, 0x35, 0xA6, 0x0A, 0x2F, 0x9F, 0x3E,
    0x04, 0xB3, 0xA0, 0xD0, 0xD5, 0xD9, 0x05, 0x3C, 0x6B, 0x15, 0x3D, 0x8E, 0xF2, 0x69, 0x12, 0xE5,
    0x36, 0x3A, 0xFD, 0x9A, 0xED, 0x65, 0x0A, 0xB0, 0x2B, 0x59, 0x45, 0xF0, 0x39, 0x3C, 0xBA, 0xBA,
    0x0D, 0xDC, 0x02, 0xA6, 0xB2, 0x0E, 0x3A, 0x04, 0xBF, 0x41, 0x7D, 0x91, 0x47, 0x4A, 0xC7, 0x77,
    0xC9, 0x42, 0xB3, 0xF7, 0xAD, 0xBD, 0x8F, 0xC6, 0xCA, 0x26, 0xF8, 0x2B, 0x08, 0x8E, 0xE1, 0xF5,
    0x01, 0x0D, 0x3B, 0x12, 0xDA, 0x30, 0x7B, 0xCC, 0x18, 0x33, 0x47, 0xC9, 0x75, 0xE2, 0x8C, 0xEA,
    0xA4, 0x12, 0x36, 0x6D, 0xA2, 0x55, 0x7E, 0x9E, 0xEF, 0x3B, 0x39, 0x14, 0xF9, 0x94, 0xE9, 0x58,
    0xAC, 0x39, 0x31, 0xF0, 0x44, 0xA3, 0x02, 0xDE, 0x05, 0xAA, 0x72, 0x99, 0x8A, 0xFB, 0xAF, 0x45,
    0x38, 0xA3, 0xE8, 0xD4, 0xC7, 0x08, 0xE8, 0xEB, 0x3E, 0x83, 0xAE, 0x4F, 0x16, 0xDD, 0xC9, 0xBA,
    0x5B, 0xB9, 0x1C, 0x5B, 0xC5, 0x57, 0xD8, 0x55, 0x66, 0x61, 0x3E, 0x9A, 0xAB, 0x55, 0xDB, 0x97,
    0xDB, 0xA1, 0xC6, 0x28, 0xC7, 0xDB, 0xB4, 0xF2, 0x76, 0xE0, 0x6C, 0xF4, 0x78, 0x9F, 0x31, 0x1D,
    0x02, 0x85, 0x77, 0xBD, 0x88, 0xDA, 0x81, 0x6A, 0x53, 0x14, 0x71, 0x59, 0x28, 0xD7, 0x7A, 0x4E,
    0x32, 0xED, 0x9D, 0x43, 0xF0, 0x87, 0x44, 0xB8, 0xB7, 0x92, 0xBC, 0x37, 0x29, 0xE3, 0xE6, 0xF7,
    0x71, 0xF3, 0xCD, 0x30, 0x98, 0xC5, 0xCD, 0x20, 0x30, 0xF1, 0x3D, 0x1D, 0xB9, 0x1C, 0xD7, 0x97,
    0xF3, 0x9F, 0x05, 0xFF, 0x5E, 0x8E, 0xAC, 0xC4, 0x1B, 0x2F, 0xFD, 0x2F, 0xD3, 0x50, 0xFC, 0x1F,
    0x8B, 0xFF, 0x44, 0xAE, 0x93, 0x99, 0xFF, 0xA4, 0xCB, 0x73, 0x48, 0x64, 0x2F, 0x49, 0x5F, 0x90,
    0x02, 0x2F, 0x81, 0xFF, 0x51, 0xCA, 0x51, 0x4F, 0x9F, 0x6B, 0x42, 0x1E, 0x16, 0x89, 0xFF, 0x63,
    0xCF, 0x9F, 0x25, 0x98, 0x83, 0x55, 0x60, 0x4F, 0x68, 0xC6, 0x54, 0x05, 0x5F, 0xC1, 0xEF, 0x33,
    0x71, 0x36, 0x85, 0xE8, 0x10, 0x6D, 0x14, 0x9A, 0x6C, 0x30, 0xCF, 0x8C, 0xA3, 0x62, 0x27, 0x88,
    0x7E, 0xA6, 0xBF, 0x6C, 0x49, 0x95, 0x86, 0xF7, 0xB7, 0xD3, 0xC1, 0x2F, 0xAE, 0x56, 0xBF, 0x6A,
    0xC9, 0x3B, 0xB2, 0x7B, 0x1A, 0xD2, 0xA5, 0x6D, 0x30, 0xEF, 0x18, 0xF3, 0x3E, 0x88, 0x80, 0xFB,
    0xC3, 0xD9, 0xAD, 0x3A, 0xAE, 0xCA, 0xCC, 0x39, 0xBB, 0x13, 0x91, 0x03, 0xF7, 0x7E, 0x6F, 0x13,
    0xE7, 0xDA, 0xE1, 0x8D, 0x2F, 0x99, 0x35, 0xBD, 0x26, 0xCF, 0xE3, 0xA6, 0x9A, 0x55, 0x26, 0x75,
    0xE2, 0x12, 0x97, 0xCE, 0xA1, 0xFA, 0x26, 0x74, 0xAD, 0xA4, 0x21, 0xE8, 0x06, 0xEA, 0xCF, 0x22,
    0x8E, 0x8B, 0x41, 0x5C, 0x34, 0x49, 0x66, 0xD2, 0x44, 0x53, 0xBD, 0x49, 0x5D, 0x7D, 0x79, 0x86,
    0xBD, 0xDE, 0x53, 0xE0, 0x9A, 0x34, 0xEC, 0x50, 0x7A, 0x9B, 0x4E, 0xE3, 0xBA, 0x48, 0x4D, 0xF1,
    0x97, 0x1D, 0x1D, 0xDA, 0xEC, 0x33, 0xC9, 0x04, 0xFB, 0xD1, 0x5A, 0x5F, 0x78, 0xC3, 0x09, 0xE2,
    0x9B, 0xF0, 0xB1, 0x6C, 0xE1, 0x6D, 0x6C, 0x21, 0x6B, 0xA1, 0xBE, 0x7E, 0x7D, 0xE1, 0xE1, 0x13,
    0x81, 0x0A, 0xDF, 0xEF, 0x4D, 0x5A, 0x0E, 0x9C, 0x99, 0x60, 0x0D, 0x29, 0xB5, 0x04, 0xF8, 0x1A,
    0x06, 0x53, 0xE1, 0x20, 0x2D, 0x27, 0xD5, 0x32, 0xFA, 0xF8, 0xA1, 0x38, 0xCD, 0x99, 0x39, 0x99,
    0xB3, 0x75, 0x7F, 0x5B, 0xD2, 0xDF, 0x77, 0xF6, 0x91, 0x4E, 0xA1, 0x3E, 0xED, 0x91, 0x5B, 0xAA,
    0x60, 0xA8, 0xF4, 0xDE, 0x5D, 0x3D, 0x72, 0x7A, 0x97, 0x8A, 0x1E, 0x7B, 0x3C, 0x59, 0xDE, 0xE7,
    0xA9, 0x8C, 0x9B, 0x2B, 0xA4, 0xF3, 0xA8, 0x73, 0xEE, 0xE8, 0x03, 0x92, 0x10, 0xAE, 0x75, 0xAD,
    0xFC, 0xE5, 0xAA, 0xAB, 0x9C, 0xB0, 0xA5, 0xC5, 0xEA, 0xEA, 0xEB, 0x91, 0x90, 0x3F, 0xB7, 0xBB,
    0x93, 0x0B, 0xF0, 0xCA, 0xA0, 0x3E, 0x39, 0x7C, 0xBD, 0xB1, 0x9F, 0xB6, 0xBD, 0x45, 0xF6, 0xD5,
    0x71, 0x3E, 0xCF, 0xCC, 0xF6, 0x81, 0x7C, 0x66, 0x4E, 0xEF, 0x5A, 0x6F, 0x62, 0x54, 0x5B, 0x73,
    0x6A, 0xD7, 0x5A, 0x41, 0x74, 0x13, 0x21, 0x89, 0x58, 0x2E, 0xDB, 0xB8, 0x24, 0xA3, 0x93, 0x97,
    0x19, 0x3D, 0xAB, 0x71, 0xE1, 0x2D, 0x96, 0x6B, 0xE9, 0x3D, 0x92, 0x0F, 0xF1, 0x92, 0xE0, 0xB8,
    0x23, 0x29, 0x7F, 0x91, 0xD1, 0x33, 0xC1, 0x73, 0x8C, 0x1B, 0xA4, 0x05, 0xCE, 0xAD, 0x60, 0x74,
    0x2C, 0x6D, 0xE1, 0xE8, 0x23, 0xDD, 0x04, 0xB5, 0xCC, 0x90, 0x1F, 0xFC, 0x9C, 0x4F, 0xB8, 0x68,
    0x02, 0x4E, 0x73, 0xE0, 0x49, 0x61, 0x5D, 0xBB, 0xBD, 0xD7, 0x44, 0x57, 0x18, 0x86, 0x51, 0xE4,
    0xA2, 0x72, 0x31, 0x0C, 0xDE, 0x3E, 0xD4, 0x8B, 0x24, 0x2D, 0x09, 0xC6, 0x98, 0xDB, 0x4D, 0x92,
    0x70, 0xD8, 0x66, 0x6C, 0x9A, 0x83, 0x85, 0x41, 0xCB, 0x26, 0x0D, 0xB2, 0x5D, 0xB1, 0x6C, 0xC9,
    0x96, 0xBD, 0xB1, 0x40, 0xB7, 0x41, 0x50, 0x0E, 0x42, 0xBD, 0x38, 0x87, 0x8A, 0x94, 0xC4, 0xFC,
    0x50, 0xB5, 0x40, 0xA7, 0x25, 0xC1, 0x85, 0xA1, 0x83, 0xCD, 0xD3, 0xBF, 0x07, 0xE1, 0x31, 0xF9,
    0xA7, 0x53, 0xA5, 0x69, 0x76, 0xCA, 0x33, 0xC4, 0x11, 0xCF, 0x37, 0x25, 0x94, 0x46, 0x50, 0x6F,
    0x06, 0x84, 0xD0, 0x51, 0x27, 0xAF, 0x94, 0xE3, 0xCB, 0x41, 0x7F, 0x9E, 0xE3, 0x91, 0x23, 0x6D,
    0x8B, 0x0B, 0x59, 0x1E, 0x4F, 0xBD, 0x07, 0xB7, 0xAE, 0x3E, 0x7C, 0xD0, 0xA3, 0xE8, 0xA8, 0xF6,
    0xEB, 0x50, 0x7B, 0xAC, 0x1E, 0x53, 0x39, 0x7B, 0xF1, 0x28, 0x47, 0x7F, 0x5C, 0x39, 0x65, 0xF6,
    0xA7, 0x0F, 0xF9, 0xA0, 0xDC, 0x9F, 0x35, 0xD7, 0x08, 0x95, 0xA9, 0xEC, 0x42, 0x32, 0x6C, 0xC8,
    0x2D, 0xAA, 0x8C, 0x74, 0xC0, 0xEF, 0x30, 0xF0, 0x2F, 0x0D, 0xCD, 0x31, 0x0E, 0x82, 0x40, 0x10,
    0x05, 0xD0, 0x5F, 0x28, 0x61, 0x1B, 0xD8, 0x82, 0x56, 0xD9, 0xC2, 0x82, 0x10, 0x13, 0x0B, 0x31,
    0xA1, 0x18, 0x98, 0xB9, 0x8A, 0xB5, 0xAD, 0x31, 0x16, 0x1A, 0xF7, 0x28, 0x1C, 0x82, 0xCA, 0x18,
    0xC2, 0x11, 0x38, 0x02, 0x47, 0x98, 0xC2, 0x62, 0x0B, 0x0B, 0x69, 0x5E, 0xFB, 0xF0, 0x7D, 0xAE,
    0x91, 0x36, 0x35, 0x22, 0x1C, 0xC6, 0xD3, 0x04, 0x98, 0x8C, 0x7F, 0xB7, 0x00, 0x94, 0x1D, 0x87,
    0xEA, 0xCA, 0x1A, 0x09, 0x11, 0x29, 0x69, 0x7B, 0x49, 0x62, 0x80, 0xE5, 0xE8, 0xD9, 0x1B, 0xC4,
    0xAE, 0xE9, 0xEB, 0x19, 0x70, 0xC2, 0x53, 0xEE, 0xCF, 0x7E, 0xD0, 0xED, 0x3D, 0x12, 0xD6, 0xEA,
    0x4A, 0x7D, 0xF8, 0xD8, 0xD5, 0xE6, 0x11, 0x24, 0xA3, 0xC2, 0x5A, 0xD2, 0xA2, 0xA3, 0x21, 0x21,
    0x6B, 0xF6, 0xB4, 0x03, 0x52, 0x69, 0xF0, 0x96, 0x97, 0x18, 0x00, 0xB9, 0x6F, 0x47, 0x2B, 0xCE,
    0xB5, 0x9A, 0x2E, 0x2F, 0x87, 0xB2, 0x5B, 0x9C, 0x79, 0xFE, 0x03, 0x95, 0x96, 0x3B, 0x6C, 0x1C,
    0x45, 0x18, 0xC7, 0xFF, 0x3B, 0x73, 0xC9, 0xFA, 0x58, 0x72, 0x4B, 0x91, 0x22, 0x01, 0x93, 0x4B,
    0xE1, 0x82, 0x22, 0xBE, 0xA5, 0x40, 0x91, 0x91, 0xEE, 0x31, 0x20, 0x41, 0x24, 0x28, 0xB0, 0x50,
    0xE8, 0x0C, 0x5A, 0x99, 0x94, 0x24, 0x71, 0x91, 0xC2, 0x85, 0x7D, 0xB7, 0x4A, 0x0F, 0x58, 0x42,
    0x74, 0x44, 0x72, 0x41, 0x95, 0x34, 0x29, 0x8C, 0x14, 0xA1, 0x28, 0x37, 0x1D, 0xED, 0x2A, 0x0D,
    0x74, 0x8C, 0x94, 0x16, 0x89, 0x29, 0x16, 0xE9, 0x42, 0xF6, 0x6E, 0x98, 0x99, 0xF5, 0x5E, 0x2E,
    0x09, 0xBE, 0x9D, 0x1D, 0x8F, 0xD6, 0x7B, 0x77, 0x33, 0xBF, 0xEF, 0x31, 0xDF, 0x63, 0xB0, 0x03,
    0x4C, 0xE0, 0xE5, 0xA0, 0x33, 0xD0, 0x3F, 0x11, 0x7C, 0xCF, 0xC2, 0x80, 0xB7, 0xEF, 0xF1, 0x81,
    0x12, 0xC3, 0xBB, 0xF2, 0x08, 0x99, 0xC4, 0x2D, 0xC4, 0x66, 0x8D, 0x79, 0x02, 0xFE, 0x2C, 0x6D,
    0x2B, 0xD1, 0xF3, 0xC5, 0x1E, 0x15, 0xBB, 0xC4, 0x3C, 0xF5, 0x7B, 0xA4, 0x44, 0x30, 0x4B, 0xB1,
    0x09, 0x64, 0xC0, 0x7D, 0xF3, 0xF4, 0x1E, 0x02, 0x1B, 0xC0, 0x45, 0xC0, 0x85, 0x0F, 0x78, 0x12,
    0xE4, 0x01, 0xF0, 0x9E, 0x91, 0xB2, 0x4C, 0x84, 0x19, 0x1B, 0xF8, 0x65, 0x42, 0x66, 0x09, 0xFD,
    0xC4, 0x15, 0x6E, 0x87, 0xC4, 0xD7, 0x29, 0x51, 0x8C, 0x6E, 0x55, 0x59, 0x51, 0x8C, 0x2E, 0x10,
    0x31, 0xFC, 0xCA, 0xC8, 0x14, 0xF5, 0x04, 0x99, 0x8D, 0xC0, 0x36, 0x88, 0x5E, 0xEC, 0x22, 0xCB,
    0x4F, 0x71, 0x5A, 0xE2, 0x48, 0x90, 0x69, 0x1D, 0x8B, 0x82, 0x04, 0x37, 0x38, 0x99, 0x71, 0xFA,
    0x15, 0x73, 0x31, 0xC7, 0x7F, 0xC2, 0x42, 0x95, 0x9C, 0x7E, 0x13, 0x38, 0x42, 0x2D, 0x8B, 0xC8,
    0x87, 0x08, 0x9F, 0xB1, 0xD6, 0xC8, 0x9C, 0x8B, 0xB1, 0xE8, 0xA7, 0x2A, 0x59, 0xB5, 0xF8, 0xF3,
    0xB8, 0x2A, 0xE0, 0x5F, 0x3A, 0x07, 0x58, 0x08, 0x0C, 0x4C, 0xB4, 0xF8, 0x9F, 0x1A, 0x3E, 0xAE,
    0xD5, 0x39, 0x20, 0xBD, 0xB7, 0x67, 0xF7, 0x06, 0x76, 0xEF, 0xCF, 0x0E, 0xDE, 0x4B, 0x40, 0xA5,
    0x8D, 0xCC, 0xFA, 0xE2, 0x28, 0x07, 0x91, 0x26, 0x11, 0xFC, 0x2B, 0xA0, 0xCA, 0x41, 0xDC, 0x42,
    0xEE, 0xD4, 0x15, 0xE7, 0xE9, 0xBD, 0x45, 0x12, 0x5D, 0x44, 0xE0, 0x6E, 0x5D, 0x19, 0x1B, 0x75,
    0xC5, 0x91, 0x8F, 0x10, 0x2A, 0xBC, 0xFD, 0x08, 0xAD, 0x16, 0x82, 0x1C, 0xDE, 0xA1, 0x83, 0xAC,
    0x5A, 0x22, 0xCA, 0xF0, 0xD0, 0xB6, 0xF8, 0x95, 0xB6, 0x94, 0xB1, 0x31, 0x9A, 0x29, 0xF5, 0xF4,
    0x6A, 0xA6, 0x3F, 0xA8, 0x5C, 0xE5, 0xE6, 0xBF, 0x7E, 0x9B, 0x8D, 0x15, 0x61, 0x3E, 0x27, 0x36,
    0x59, 0x72, 0xB4, 0x15, 0x7A, 0x01, 0x1F, 0xDE, 0xE3, 0x23, 0xC5, 0xF7, 0xBF, 0x40, 0xCF, 0x43,
    0xA4, 0x12, 0x5F, 0x9F, 0xCE, 0xA6, 0xA9, 0x13, 0xD0, 0x86, 0xF0, 0xD7, 0x04, 0x52, 0xB0, 0x13,
    0x61, 0xBA, 0x5C, 0xDD, 0xB2, 0x46, 0x6C, 0x2E, 0xE5, 0x99, 0x11, 0x6D, 0x0D, 0xF2, 0xB5, 0x6B,
    0x27, 0x92, 0x3E, 0x30, 0x4E, 0x3C, 0xF3, 0x08, 0x15, 0x9A, 0x99, 0xE3, 0x15, 0xF4, 0x37, 0x11,
    0xFE, 0x8B, 0xD5, 0x35, 0x6D, 0x24, 0x94, 0xC2, 0xD3, 0xAB, 0xC6, 0x64, 0x3D, 0x55, 0x6E, 0x66,
    0xF1, 0x6E, 0x3E, 0xCE, 0x30, 0x2E, 0xB7, 0xE0, 0x07, 0x4E, 0x15, 0xF3, 0x2F, 0x39, 0xF0, 0x8D,
    0xED, 0x39, 0xFD, 0x23, 0x94, 0xAB, 0x6B, 0x27, 0x69, 0x6B, 0x16, 0x3D, 0xB0, 0xB9, 0xF7, 0x23,
    0xE8, 0x04, 0x2E, 0xD8, 0xD2, 0x95, 0x26, 0x15, 0x96, 0xA2, 0xC3, 0x04, 0x77, 0x39, 0x7D, 0x96,
    0xF8, 0x37, 0x5C, 0x74, 0x2D, 0xBC, 0xBA, 0x1C, 0x69, 0x8A, 0x97, 0xF6, 0xED, 0x18, 0x38, 0xB0,
    0xDA, 0x7E, 0x53, 0x41, 0xAD, 0xA0, 0x15, 0x01, 0x74, 0x68, 0x51, 0x5B, 0x70, 0x8C, 0xA4, 0xFD,
    0x9B, 0xAD, 0x95, 0x73, 0xBD, 0xF9, 0xB8, 0xF4, 0xF0, 0xCE, 0xEA, 0xD9, 0x6E, 0x39, 0xE2, 0x6C,
    0x3E, 0xEE, 0xC7, 0x93, 0xB8, 0xDB, 0xC5, 0xFC, 0xA7, 0x46, 0xF7, 0x1D, 0x8C, 0x35, 0x49, 0xB6,
    0x1F, 0xE7, 0x03, 0xF4, 0xBB, 0x88, 0xF6, 0xD0, 0xB6, 0x33, 0xEA, 0xA3, 0x1F, 0x25, 0x79, 0xA8,
    0x32, 0xA2, 0x52, 0xAC, 0x02, 0x7D, 0xE0, 0x5C, 0x51, 0x39, 0xB5, 0x3A, 0xBC, 0x4F, 0xD3, 0x3D,
    0x9D, 0x1A, 0x9E, 0xDC, 0x23, 0x52, 0xBF, 0xEB, 0x6F, 0x4C, 0xEE, 0xC4, 0x65, 0xE5, 0xDC, 0x07,
    0x6E, 0x02, 0x2D, 0x60, 0x05, 0x4E, 0x7C, 0x5B, 0x55, 0x48, 0x59, 0x55, 0x96, 0x89, 0x30, 0xA3,
    0x85, 0xF5, 0x21, 0xC6, 0x87, 0x78, 0x9C, 0x38, 0xC2, 0x8F, 0xC3, 0x6E, 0x5B, 0xB7, 0xE6, 0xA4,
    0xAC, 0xFF, 0xCB, 0x45, 0xD8, 0xDE, 0x47, 0x05, 0xD6, 0x0F, 0x31, 0x66, 0xF5, 0x04, 0x2D, 0xB6,
    0x66, 0x17, 0x59, 0x3A, 0xCB, 0xDF, 0xDA, 0xC5, 0x68, 0x07, 0x4F, 0x2C, 0xC1, 0x51, 0x50, 0xC0,
    0x71, 0x3D, 0x25, 0x53, 0x4E, 0xBF, 0x63, 0x2E, 0xE6, 0x78, 0x13, 0x41, 0x95, 0xF0, 0x6E, 0x27,
    0x58, 0x47, 0x2D, 0x8B, 0xBC, 0xDB, 0xBA, 0x35, 0x27, 0xCF, 0x5B, 0xF3, 0x9D, 0x2A, 0x59, 0xB5,
    0xF8, 0xF3, 0xB8, 0x8A, 0x6D, 0x95, 0xFE, 0xD6, 0x39, 0xC0, 0x74, 0xC3, 0xD3, 0x99, 0x7C, 0x66,
    0x03, 0xE3, 0x89, 0xEB, 0xB9, 0xAC, 0xDB, 0xA3, 0xD9, 0xD1, 0x35, 0x55, 0xF8, 0x8A, 0x57, 0xB8,
    0x4B, 0x00, 0xB9, 0x56, 0xAC, 0x06, 0xDF, 0xC6, 0x8B, 0xC4, 0xE7, 0x55, 0xF0, 0xE7, 0xA9, 0xE1,
    0x0A, 0x37, 0x6D, 0x60, 0xD7, 0x6A, 0xBE, 0x5D, 0xAD, 0x39, 0xF9, 0x47, 0x57, 0xE2, 0x94, 0x7C,
    0xBC, 0xEB, 0x0A, 0x3F, 0xBE, 0x7A, 0x39, 0xB9, 0xC5, 0xDC, 0x18, 0x5C, 0xB0, 0x0B, 0xE5, 0xC2,
    0xE4, 0xDD, 0x72, 0x72, 0x7C, 0x5C, 0xC3, 0x62, 0xF0, 0x8C, 0x88, 0x57, 0xE7, 0x84, 0x8A, 0xFD,
    0x40, 0xB7, 0xEC, 0x24, 0x98, 0x9A, 0x65, 0x66, 0xF1, 0x01, 0x64, 0x4B, 0xB6, 0xCB, 0xBF, 0xAC,
    0x33, 0xCE, 0xA3, 0x8C, 0x30, 0xCA, 0x49, 0xB2, 0xD8, 0x32, 0x9D, 0x80, 0x26, 0x93, 0x9A, 0xA9,
    0xC7, 0x3D, 0xF6, 0x2A, 0x52, 0xFF, 0x78, 0x41, 0x1F, 0x58, 0x03, 0xF1, 0x85, 0x18, 0xD3, 0x8C,
    0xE4, 0x95, 0xAC, 0xE2, 0x6E, 0x0A, 0xC9, 0x3C, 0x2E, 0xE0, 0x0B, 0x19, 0x72, 0xD9, 0xC6, 0xE2,
    0xCC, 0x3A, 0x18, 0xE7, 0xB0, 0x68, 0x2B, 0x9B, 0xE9, 0x9B, 0x79, 0x03, 0x07, 0x35, 0xF8, 0x1D,
    0xB0, 0x30, 0x11, 0xDE, 0x95, 0x0A, 0xF8, 0x71, 0xD0, 0xBC, 0xDB, 0xC0, 0x1B, 0xAE, 0x70, 0x5D,
    0x52, 0x9A, 0xC2, 0x68, 0x5E, 0x09, 0x37, 0x8B, 0x7F, 0xD7, 0x5D, 0xAF, 0xD1, 0x3C, 0xEF, 0x0A,
    0x6F, 0xAE, 0x60, 0xF0, 0x17, 0x7B, 0x3F, 0x77, 0x71, 0x4B, 0x43, 0xFB, 0xDD, 0x09, 0x5B, 0x44,
    0x83, 0x6E, 0x82, 0xA6, 0xF1, 0x57, 0x90, 0x3D, 0x66, 0x6F, 0xC9, 0xC9, 0xDC, 0xED, 0x26, 0x8C,
    0x76, 0x90, 0xE6, 0x54, 0xF6, 0x7D, 0xDE, 0xFE, 0x2C, 0x09, 0x14, 0x68, 0x6E, 0xEB, 0x8B, 0x7C,
    0x71, 0xEA, 0x8B, 0x7C, 0x3B, 0x79, 0x29, 0x3E, 0xA2, 0xB1, 0x1A, 0xFC, 0x8D, 0xCE, 0x70, 0x3A,
    0xCA, 0x4E, 0x31, 0x27, 0x4A, 0xA1, 0x6B, 0xAC, 0x23, 0x17, 0x2F, 0xAB, 0x18, 0x99, 0x8B, 0x94,
    0xC6, 0xA1, 0xC3, 0x86, 0x33, 0x39, 0xCA, 0xC4, 0x29, 0x86, 0xC5, 0x40, 0x76, 0xE1, 0xFF, 0x6F,
    0x14, 0xBF, 0xA0, 0x65, 0x79, 0x68, 0x78, 0xFD, 0xBC, 0x13, 0xB1, 0xB9, 0x32, 0xC8, 0x2F, 0xEB,
    0x9B, 0xF1, 0xC9, 0xC4, 0xFF, 0x00, 0x4D, 0x4E, 0x31, 0x6A, 0xC3, 0x40, 0x10, 0x1C, 0x2C, 0x83,
    0x20, 0x02, 0x4B, 0x85, 0xCB, 0x80, 0x54, 0xA4, 0x50, 0x21, 0x9C, 0x0F, 0x9C, 0x59, 0x75, 0x69,
    0xF3, 0x92, 0x90, 0x22, 0x85, 0x8B, 0x23, 0xBA, 0x27, 0x5D, 0xE1, 0xE2, 0x0C, 0x89, 0x7D, 0x3F,
    0xB0, 0xC8, 0x03, 0xEC, 0x0B, 0xF9, 0xC0, 0x25, 0x88, 0xC8, 0x10, 0x61, 0x67, 0xCF, 0x24, 0x60,
    0x96, 0x9D, 0x19, 0x96, 0xDD, 0x99, 0x05, 0xC8, 0x91, 0x03, 0xE8, 0x48, 0xC7, 0x7F, 0x64, 0x3E,
    0x9D, 0x3C, 0xB7, 0xBB, 0xD4, 0xD7, 0x72, 0xF5, 0x3C, 0x15, 0xEB, 0x89, 0x28, 0x02, 0x64, 0x55,
    0x69, 0xBA, 0x43, 0xF7, 0x3A, 0xDC, 0x14, 0xC2, 0xAC, 0x87, 0x89, 0x10, 0xA6, 0xB8, 0x3F, 0xAB,
    0x4A, 0x98, 0x8C, 0xCF, 0x22, 0x1B, 0x59, 0x1A, 0xE8, 0x10, 0x38, 0x54, 0xB0, 0x4A, 0x54, 0x6E,
    0x1B, 0x9F, 0xB7, 0xE4, 0xC9, 0x27, 0x2A, 0x51, 0x51, 0xB0, 0x57, 0x8D, 0xDD, 0xB4, 0x64, 0xAF,
    0x30, 0xCE, 0x6A, 0xD1, 0x3B, 0xF1, 0xDD, 0xA6, 0xAA, 0xE4, 0xB9, 0x93, 0xC0, 0xD2, 0x7B, 0x86,
    0x2F, 0xFE, 0x63, 0xD1, 0xB3, 0x03, 0xED, 0xC7, 0xA8, 0x93, 0x87, 0xCD, 0x5D, 0x07, 0xD9, 0x6F,
    0x25, 0x3E, 0xDF, 0x76, 0xD5, 0xE8, 0xFD, 0x63, 0x57, 0xC5, 0xF6, 0x67, 0x2B, 0x63, 0x34, 0x71,
    0x17, 0x62, 0x50, 0x3E, 0x49, 0xB3, 0xD0, 0x8F, 0x5E, 0x3B, 0x5E, 0xCF, 0x85, 0x91, 0xB7, 0x29,
    0xF4, 0xCB, 0x3C, 0x9D, 0x49, 0x0D, 0x8C, 0x6A, 0xFE, 0x03, 0x29, 0x30, 0x07, 0x0C, 0xE0, 0x11,
    0xB5, 0x88, 0xED, 0xDF, 0x80, 0x33, 0xF5, 0xD9, 0xE2, 0x17, 0xB5, 0x8E, 0xB1, 0x0D, 0xC2, 0x40,
    0x10, 0x04, 0xF7, 0x65, 0x11, 0xBD, 0x04, 0xA1, 0x03, 0x90, 0xC8, 0x9C, 0x20, 0x70, 0x66, 0x39,
    0x40, 0x7F, 0x9F, 0x53, 0x0C, 0x19, 0x19, 0xF2, 0x17, 0x05, 0x09, 0x81, 0xBD, 0x25, 0x5C, 0x09,
    0x2E, 0xE1, 0x2B, 0xC0, 0x1C, 0x38, 0xA2, 0x00, 0xEB, 0xA2, 0xD5, 0x8E, 0x76, 0xCE, 0xA1, 0xE6,
    0x3D, 0x3F, 0xEC, 0xC2, 0x58, 0x13, 0x40, 0x2C, 0xB8, 0xD1, 0x93, 0x76, 0xF9, 0x90, 0x9D, 0x65,
    0xD1, 0x10, 0x85, 0xD5, 0x58, 0xA9, 0x58, 0x72, 0x46, 0x9F, 0x31, 0xF0, 0xA5, 0x37, 0x95, 0x64,
    0x34, 0x84, 0x25, 0x8B, 0xE4, 0xB1, 0xC6, 0x0E, 0x73, 0xDF, 0xDA, 0x4E, 0xD0, 0xF6, 0xB7, 0xB6,
    0x82, 0xA4, 0xA7, 0xD1, 0xA2, 0x25, 0x25, 0xCE, 0xFD, 0x9F, 0x6D, 0xDF, 0x6D, 0xBD, 0xF7, 0x86,
    0xB1, 0xA1, 0x89, 0xE3, 0x57, 0x06, 0x4C, 0x38, 0xA2, 0xC7, 0x15, 0x17, 0xBC, 0xB1, 0xF4, 0x4B,
    0x1F, 0x65, 0x51, 0x3D, 0x8F, 0xD4, 0x30, 0x10, 0x7D, 0x9B, 0xE8, 0x76, 0x8B, 0x14, 0x73, 0x05,
    0x15, 0x77, 0x52, 0x1A, 0x2A, 0x04, 0xCA, 0x1F, 0xF0, 0xC6, 0xBE, 0x8A, 0x82, 0x86, 0x9E, 0x82,
    0xBF, 0x80, 0xA8, 0x10, 0x0A, 0xC4, 0x82, 0x92, 0x06, 0x21, 0x41, 0x4D, 0x79, 0x02, 0xF1, 0x51,
    0x43, 0x4E, 0xF1, 0x1F, 0x40, 0xA4, 0xA7, 0x71, 0x7B, 0x20, 0x84, 0xC5, 0x6E, 0x91, 0x5D, 0x39,
    0x3B, 0x8C, 0x6F, 0xB9, 0x0A, 0xEB, 0xCD, 0x48, 0xB6, 0xDF, 0xCC, 0xBC, 0x99, 0xC1, 0x0C, 0xC8,
    0xBF, 0xA2, 0xFF, 0xB5, 0xE0, 0x48, 0xBB, 0xB5, 0x56, 0x41, 0x7D, 0x1E, 0x9A, 0x95, 0x7B, 0xF2,
    0xD3, 0xB4, 0xDF, 0xA0, 0x3F, 0xA0, 0xEA, 0x4C, 0xC5, 0xA1, 0x66, 0xFF, 0xC8, 0xE3, 0x81, 0x83,
    0x9C, 0x05, 0x0F, 0xC4, 0x81, 0x5E, 0x19, 0x32, 0x48, 0x60, 0x4B, 0xEC, 0xC8, 0x42, 0x07, 0x68,
    0x9F, 0x5E, 0x0A, 0x20, 0x9B, 0xD2, 0x7B, 0x79, 0xDB, 0x56, 0x80, 0xA0, 0x8F, 0x68, 0xC7, 0xE4,
    0x05, 0x42, 0xE8, 0xB7, 0x61, 0xCB, 0x01, 0x07, 0x66, 0x8E, 0x39, 0xC8, 0x11, 0xC8, 0x8B, 0xAD,
    0xC5, 0x3A, 0x82, 0x66, 0xF6, 0xAD, 0x18, 0xE5, 0xBF, 0x41, 0x33, 0x06, 0xA1, 0x17, 0xD3, 0x92,
    0x95, 0xB0, 0xD8, 0x19, 0x92, 0x9F, 0xD7, 0x41, 0xF3, 0x4E, 0x38, 0x74, 0x12, 0xD2, 0x55, 0x04,
    0x00, 0x7B, 0x48, 0xE9, 0xFB, 0xC0, 0xF1, 0x08, 0xD4, 0xDD, 0x0C, 0x4A, 0xE5, 0xAE, 0xAB, 0x8B,
    0x61, 0xEC, 0x3F, 0x6E, 0x63, 0xCF, 0xD2, 0xE1, 0xD9, 0x17, 0x5F, 0x44, 0xED, 0xF2, 0x75, 0xE5,
    0xF2, 0x40, 0x76, 0x36, 0x48, 0xC0, 0x35, 0x74, 0x39, 0xCF, 0xCF, 0xAA, 0xB8, 0x8C, 0x4D, 0xB3,
    0x8C, 0xD5, 0x78, 0x80, 0xEB, 0xA7, 0xED, 0x84, 0x23, 0x2F, 0x72, 0xB3, 0xCD, 0xC3, 0x7C, 0x10,
    0x4D, 0x09, 0xE5, 0x79, 0xF2, 0x47, 0xE7, 0xC8, 0xC3, 0x21, 0x38, 0x42, 0x4B, 0x19, 0x69, 0xE0,
    0x98, 0xCC, 0x63, 0x3A, 0x19, 0xE9, 0x96, 0xA7, 0x7B, 0x56, 0xF3, 0x24, 0xA0, 0xEF, 0x8E, 0x9E,
    0x05, 0x32, 0xA3, 0x7C, 0x15, 0xB8, 0xB9, 0x97, 0x5D, 0xBD, 0xDB, 0xB4, 0xBC, 0xD3, 0x3F, 0x26,
    0xFD, 0x76, 0xFA, 0x5F, 0x36, 0x0E, 0x01, 0x25, 0x93, 0x7A, 0x91, 0xCB, 0x6C, 0xA7, 0x37, 0xBA,
    0xC1, 0x52, 0xA1, 0x59, 0xDE, 0x69, 0x74, 0x54, 0x3A, 0xD6, 0xAA, 0x29, 0x63, 0x53, 0x70, 0x9C,
    0xB1, 0x4F, 0x34, 0x95, 0x16, 0x81, 0x2B, 0xFB, 0x10, 0xBB, 0x48, 0x21, 0x5E, 0x2B, 0x69, 0x18,
    0xCD, 0x25, 0x6A, 0x95, 0x76, 0x27, 0x9B, 0xCA, 0x2E, 0x43, 0x2A, 0x46, 0xCB, 0xF6, 0xEA, 0x99,
    0x78, 0xA3, 0xD9, 0xA0, 0x41, 0xBB, 0xBE, 0x68, 0x62, 0x9F, 0xB0, 0x06, 0xCA, 0x94, 0x35, 0x17,
    0x3D, 0x16, 0xC5, 0x29, 0x0A, 0xD9, 0x9A, 0x07, 0xBF, 0x47, 0x31, 0xA1, 0xF2, 0x56, 0x3F, 0xF5,
    0xC5, 0xF3, 0xA1, 0x60, 0x2B, 0xD7, 0x74, 0x0C, 0x10, 0x90, 0x8D, 0x28, 0xD3, 0x70, 0x5C, 0xB7,
    0x1A, 0xD6, 0x2B, 0x1F, 0xFE, 0x5C, 0xE0, 0xA5, 0x0F, 0xD9, 0x3F, 0x7C, 0xCA, 0x06, 0xE1, 0x96,
    0x1B, 0xE1, 0xD8, 0xFA, 0xAE, 0x53, 0xF9, 0x20, 0x58, 0x2E, 0x1C, 0xB3, 0xED, 0x77, 0x68, 0x0D,
    0xD8, 0xA5, 0xCA, 0x37, 0x80, 0xBF, 0x85, 0x90, 0x31, 0x4E, 0xC4, 0x30, 0x10, 0x45, 0x5F, 0x12,
    0x50, 0x8A, 0x14, 0xA1, 0x41, 0x42, 0x14, 0xA4, 0x84, 0x02, 0x29, 0x0D, 0x74, 0x21, 0xCE, 0x0D,
    0x38, 0x09, 0xA2, 0xA5, 0x00, 0x62, 0x71, 0x02, 0xCE, 0x41, 0x4D, 0x41, 0x45, 0x2C, 0xED, 0x05,
    0x5C, 0x41, 0x6B, 0x89, 0x82, 0xD6, 0x48, 0x14, 0x8B, 0x16, 0x76, 0x18, 0x67, 0x0B, 0x4A, 0xAC,
    0x91, 0xF5, 0xFD, 0xFF, 0x78, 0xE6, 0xCF, 0x30, 0x50, 0x2C, 0xC9, 0x9E, 0xA1, 0x1E, 0x4A, 0x71,
    0x8D, 0xB8, 0xBE, 0xF4, 0xD7, 0x79, 0x98, 0xC3, 0xF7, 0x85, 0x32, 0xB6, 0x5C, 0xA3, 0x27, 0xFB,
    0x8A, 0xB5, 0xC4, 0xF6, 0xDC, 0x77, 0x26, 0x74, 0x3F, 0xD1, 0x7C, 0x44, 0xB3, 0xF0, 0x46, 0xDC,
    0xB8, 0x66, 0x47, 0xE5, 0x23, 0xE8, 0x40, 0xEB, 0x08, 0xF9, 0xBB, 0x2D, 0x16, 0xAE, 0xBC, 0xF3,
    0x35, 0xF1, 0x80, 0xC7, 0x8E, 0xCE, 0xC8, 0xF7, 0x28, 0x3F, 0xA3, 0xAC, 0x27, 0x91, 0xE6, 0xE5,
    0xB3, 0xB6, 0xF1, 0x9F, 0x18, 0x62, 0xC6, 0xA0, 0x55, 0x8D, 0x30, 0x3E, 0xD0, 0x42, 0xE5, 0xC8,
    0x23, 0x7C, 0x92, 0x87, 0x84, 0x95, 0x51, 0x5E, 0xD5, 0xFD, 0x07, 0x6B, 0x24, 0xE8, 0x8D, 0xE6,
    0x17, 0x8E, 0xD2, 0x52, 0xC3, 0xC1, 0x6C, 0xE6, 0x1A, 0x22, 0x59, 0x9C, 0x69, 0xA7, 0xF3, 0xD1,
    0xC0, 0xD9, 0xAC, 0x3C, 0xA6, 0x81, 0x38, 0xEE, 0xF5, 0xC5, 0xDE, 0xCC, 0x6C, 0xC8, 0x58, 0xE5,
    0xC1, 0x2C, 0xDC, 0xE1, 0xAB, 0xCD, 0x56, 0x83, 0x4E, 0x42, 0xAF, 0x59, 0x64, 0x6C, 0xD1, 0xC4,
    0xC9, 0xF5, 0xCF, 0x2B, 0x7F, 0xD5, 0xD8, 0x70, 0xD5, 0xB8, 0x90, 0x70, 0x13, 0x46, 0x9B, 0x34,
    0x2A, 0x4B, 0x1B, 0xE8, 0xEF, 0x53, 0xC7, 0x27, 0x58, 0x26, 0x9F, 0x9B, 0xD6, 0x1A, 0x6A, 0xB8,
    0xD0, 0xF0, 0x8C, 0x0E, 0xB1, 0x5C, 0x40, 0x73, 0x67, 0xCD, 0xCA, 0x9D, 0x4E, 0x76, 0x77, 0x1B,
    0xF3, 0xE6, 0x74, 0x87, 0x27, 0x6D, 0x1A, 0x96, 0x2A, 0x39, 0x37, 0xA2, 0x5B, 0xF5, 0xFA, 0x7D,
    0x03, 0xAA, 0x21, 0xD1, 0xE9, 0xB4, 0x54, 0x6B, 0x26, 0xCF, 0x74, 0x9F, 0x00, 0x97, 0x89, 0x13,
    0xB1, 0x93, 0x16, 0x85, 0x1B, 0xDD, 0x95, 0x2E, 0x47, 0x86, 0x4C, 0x86, 0x76, 0xC9, 0x2D, 0x7F,
    0xEA, 0x2F, 0x63, 0x08, 0x60, 0x60, 0xFE, 0xF3, 0x85, 0xFB, 0xC5, 0x17, 0x7E, 0x07, 0x86, 0xFA,
    0x1F, 0x1B, 0xF6, 0xFF, 0xF9, 0xC2, 0xDF, 0x00, 0x64, 0xA3, 0x20, 0x6E, 0x86, 0x0D, 0x0C, 0x01,
    0x02, 0xCC, 0x7F, 0x76, 0x70, 0xBF, 0xD8, 0xC1, 0xEF, 0xB0, 0xA3, 0xFE, 0xC7, 0x8E, 0xFD, 0x7F,
    0x76, 0xF0, 0x37, 0x80, 0xD8, 0xC8, 0x88, 0x9B, 0xA1, 0x04, 0x00,
};

static const EpdGlyph quicksand_8_boldGlyphs[] = {
    { 0, 0, 75, 0, 0, 0, 0 }, // U+000D
    { 0, 0, 75, 0, 0, 0, 0 }, // U+0020
    { 3, 12, 71, 1, 12, 9, 0 }, // !
    { 7, 6, 115, 0, 12, 11, 9 }, // "
    { 11, 12, 185, 0, 12, 33, 20 }, // #
    { 10, 17, 159, 0, 14, 43, 53 }, // $
    { 14, 13, 218, 0, 12, 46, 96 }, // %
    { 12, 13, 189, 0, 12, 39, 142 }, // &
    { 4, 6, 57, 0, 12, 6, 181 }, // '
    { 6, 16, 95, 0, 12, 24, 187 }, // (
    { 6, 16, 95, 0, 12, 24, 211 }, // )
    { 6, 6, 97, 0, 12, 9, 235 }, // *
    { 10, 9, 154, 0, 10, 23, 244 }, // +
    { 4, 5, 73, 0, 2, 5, 267 }, // ,
    { 6, 3, 106, 0, 7, 5, 272 }, // -
    { 4, 3, 66, 0, 3, 3, 277 }, // .
    { 9, 17, 152, 0, 14, 39, 280 }, // /
    { 10, 13, 164, 0, 12, 33, 319 }, // 0
    { 6, 12, 104, 0, 12, 18, 352 }, // 1
    { 9, 12, 152, 0, 12, 27, 370 }, // 2
    { 9, 13, 143, 0, 12, 30, 397 }, // 3
    { 10, 12, 157, 0, 12, 30, 427 }, // 4
    { 8, 13, 154, 1, 12, 26, 457 }, // 5
    { 9, 13, 148, 0, 12, 30, 483 }, // 6
    { 9, 13, 146, 0, 12, 30, 513 }, // 7
    { 9, 12, 146, 0, 12, 27, 543 }, // 8
    { 9, 13, 152, 0, 12, 30, 570 }, // 9
    { 3, 9, 73, 1, 9, 7, 600 }, // :
    { 4, 12, 78, 1, 9, 12, 607 }, // ;
    { 8, 9, 140, 0, 10, 18, 619 }, // <
    { 10, 7, 165, 0, 9, 18, 637 }, // =
    { 9, 9, 140, 0, 10, 21, 655 }, // >
    { 9, 13, 141, 0, 13, 30, 676 }, // ?
    { 16, 15, 257, 0, 12, 60, 706 }, // @
    { 11, 13, 170, 0, 12, 36, 766 }, // A
    { 10, 12, 175, 1, 12, 30, 802 }, // B
    { 11, 13, 167, 0, 12, 36, 832 }, // C
    { 11, 12, 191, 1, 12, 33, 868 }, // D
    { 8, 12, 153, 1, 12, 24, 901 }, // E
    { 8, 12, 150, 1, 12, 24, 925 }, // F
    { 11, 13, 186, 0, 12, 36, 949 }, // G
    { 10, 12, 192, 1, 12, 30, 985 }, // H
    { 3, 12, 73, 1, 12, 9, 1015 }, // I
    { 8, 13, 147, 0, 12, 26, 1024 }, // J
    { 10, 12, 175, 1, 12, 30, 1050 }, // K
    { 8, 12, 150, 1, 12, 24, 1080 }, // L
    { 12, 12, 218, 1, 12, 36, 1104 }, // M
    { 10, 12, 196, 1, 12, 30, 1140 }, // N
    { 12, 13, 202, 0, 12, 39, 1170 }, // O
    { 9, 12, 161, 1, 12, 27, 1209 }, // P
    { 13, 16, 201, 0, 12, 52, 1236 }, // Q
    { 10, 13, 183, 1, 12, 33, 1288 }, // R
    { 10, 13, 159, 0, 12, 33, 1321 }, // S
    { 10, 12, 167, 0, 12, 30, 1354 }, // T
    { 10, 13, 188, 1, 12, 33, 1384 }, // U
    { 11, 12, 181, 0, 12, 33, 1417 }, // V
    { 16, 12, 252, 0, 12, 48, 1450 }, // W
    { 11, 13, 175, 0, 12, 36, 1498 }, // X
    { 10, 12, 159, 0, 12, 30, 1534 }, // Y
    { 11, 12, 173, 0, 12, 33, 1564 }, // Z
    { 6, 16, 109, 1, 12, 24, 1597 }, // [
    { 9, 17, 152, 0, 14, 39, 1621 }, // <backslash>
    { 6, 16, 109, 0, 12, 24, 1660 }, // ]
    { 10, 7, 165, 0, 12, 18, 1684 }, // ^
    { 11, 2, 188, 0, -1, 6, 1702 }, // _
    { 4, 4, 69, 0, 13, 4, 1708 }, // `
    { 10, 11, 168, 0, 10, 28, 1712 }, // a
    { 9, 14, 168, 1, 13, 32, 1740 }, // b
    { 9, 11, 139, 0, 10, 25, 1772 }, // c
    { 10, 14, 168, 0, 13, 35, 1797 }, // d
    { 10, 11, 157, 0, 10, 28, 1832 }, // e
    { 8, 13, 117, 0, 13, 26, 1860 }, // f
    { 10, 14, 170, 0, 10, 35, 1886 }, // g
    { 8, 13, 156, 1, 13, 26, 1921 }, // h
    { 4, 12, 63, 0, 12, 12, 1947 }, // i
    { 5, 16, 73, -1, 12, 20, 1959 }, // j
    { 8, 13, 152, 1, 13, 26, 1979 }, // k
    { 3, 13, 72, 1, 13, 10, 2005 }, // l
    { 14, 10, 246, 1, 10, 35, 2015 }, // m
    { 8, 10, 159, 1, 10, 20, 2050 }, // n
    { 10, 11, 166, 0, 10, 28, 2070 }, // o
    { 9, 14, 168, 1, 10, 32, 2098 }, // p
    { 10, 14, 168, 0, 10, 35, 2130 }, // q
    { 6, 10, 116, 1, 10, 15, 2165 }, // r
    { 8, 11, 129, 0, 10, 22, 2180 }, // s
    { 7, 11, 109, 0, 11, 20, 2202 }, // t
    { 8, 10, 157, 1, 9, 20, 2222 }, // u
    { 9, 10, 150, 0, 9, 23, 2242 }, // v
    { 13, 10, 205, 0, 9, 33, 2265 }, // w
    { 8, 10, 130, 0, 9, 20, 2298 }, // x
    { 8, 13, 157, 1, 9, 26, 2318 }, // y
    { 8, 9, 129, 0, 9, 18, 2344 }, // z
    { 7, 16, 107, 0, 12, 28, 2362 }, // {
    { 3, 17, 66, 1, 14, 13, 2390 }, // |
    { 7, 16, 107, 0, 12, 28, 2403 }, // }
    { 9, 4, 144, 0, 7, 9, 2431 }, // ~
    { 0, 0, 75, 0, 0, 0, 0 }, // U+00A0
    { 3, 13, 71, 1, 10, 10, 0 }, // U+00A1
    { 9, 12, 137, 0, 12, 27, 10 }, // U+00A2
    { 11, 13, 166, 0, 12, 36, 37 }, // U+00A3
    { 8, 8, 154, 1, 9, 16, 73 }, // U+00A4
    { 10, 12, 159, 0, 12, 30, 89 }, // U+00A5
    { 3, 17, 69, 1, 14, 13, 119 }, // U+00A6
    { 9, 15, 149, 0, 12, 34, 132 }, // U+00A7
    { 7, 2, 113, 0, 12, 4, 166 }, // U+00A8
    { 13, 13, 208, 0, 12, 43, 170 }, // U+00A9
    { 6, 7, 94, 0, 13, 11, 213 }, // U+00AA
    { 8, 8, 130, 0, 8, 16, 224 }, // U+00AB
    { 11, 6, 182, 0, 8, 17, 240 }, // U+00AC
    { 6, 3, 106, 0, 7, 5, 257 }, // U+00AD
    { 8, 8, 131, 0, 12, 16, 262 }, // U+00AE
    { 7, 2, 118, 0, 12, 4, 278 }, // U+00AF
    { 7, 6, 105, 0, 12, 11, 282 }, // U+00B0
    { 10, 10, 154, 0, 11, 25, 293 }, // U+00B1
    { 6, 7, 97, 0, 13, 11, 318 }, // U+00B2
    { 5, 8, 95, 1, 13, 10, 329 }, // U+00B3
    { 4, 5, 70, 0, 14, 5, 339 }, // U+00B4
    { 8, 12, 162, 1, 9, 24, 344 }, // U+00B5
    { 10, 14, 169, 0, 12, 35, 368 }, // U+00B6
    { 3, 4, 59, 0, 7, 3, 403 }, // U+00B7
    { 4, 4, 70, 0, 1, 4, 406 }, // U+00B8
    { 4, 7, 85, 0, 14, 7, 410 }, // U+00B9
    { 6, 6, 93, 0, 12, 9, 417 }, // U+00BA
    { 9, 8, 133, 0, 8, 18, 426 }, // U+00BB
    { 14, 14, 221, 0, 13, 49, 444 }, // U+00BC
    { 14, 14, 225, 0, 13, 49, 493 }, // U+00BD
    { 14, 14, 225, 0, 13, 49, 542 }, // U+00BE
    { 9, 13, 141, 0, 9, 30, 591 }, // U+00BF
    { 11, 17, 170, 0, 16, 47, 621 }, // U+00C0
    { 11, 16, 170, 0, 15, 44, 668 }, // U+00C1
    { 11, 16, 170, 0, 15, 44, 712 }, // U+00C2
    { 11, 17, 170, 0, 16, 47, 756 }, // U+00C3
    { 11, 16, 170, 0, 15, 44, 803 }, // U+00C4
    { 11, 16, 172, 0, 15, 44, 847 }, // U+00C5
    { 15, 13, 236, 0, 12, 49, 891 }, // U+00C6
    { 11, 15, 167, 0, 12, 42, 940 }, // U+00C7
    { 8, 16, 153, 1, 16, 32, 982 }, // U+00C8
    { 8, 15, 153, 1, 15, 30, 1014 }, // U+00C9
    { 8, 15, 153, 1, 15, 30, 1044 }, // U+00CA
    { 8, 15, 153, 1, 15, 30, 1074 }, // U+00CB
    { 5, 16, 73, -1, 16, 20, 1104 }, // U+00CC
    { 5, 15, 73, 1, 15, 19, 1124 }, // U+00CD
    { 6, 15, 73, -1, 15, 23, 1143 }, // U+00CE
    { 7, 15, 73, -1, 15, 27, 1166 }, // U+00CF
    { 13, 12, 191, -1, 12, 39, 1193 }, // U+00D0
    { 10, 16, 196, 1, 16, 40, 1232 }, // U+00D1
    { 12, 17, 202, 0, 16, 51, 1272 }, // U+00D2
    { 12, 16, 202, 0, 15, 48, 1323 }, // U+00D3
    { 12, 16, 202, 0, 15, 48, 1371 }, // U+00D4
    { 12, 17, 202, 0, 16, 51, 1419 }, // U+00D5
    { 12, 16, 202, 0, 15, 48, 1470 }, // U+00D6
    { 8, 7, 134, 0, 9, 14, 1518 }, // U+00D7
    { 12, 14, 197, 0, 13, 42, 1532 }, // U+00D8
    { 10, 17, 188, 1, 16, 43, 1574 }, // U+00D9
    { 10, 16, 188, 1, 15, 40, 1617 }, // U+00DA
    { 10, 16, 188, 1, 15, 40, 1657 }, // U+00DB
    { 10, 16, 188, 1, 15, 40, 1697 }, // U+00DC
    { 10, 15, 159, 0, 15, 38, 1737 }, // U+00DD
    { 9, 13, 161, 1, 13, 30, 1775 }, // U+00DE
    { 11, 14, 178, 0, 13, 39, 1805 }, // U+00DF
    { 10, 14, 168, 0, 13, 35, 1844 }, // U+00E0
    { 10, 15, 168, 0, 14, 38, 1879 }, // U+00E1
    { 10, 14, 168, 0, 13, 35, 1917 }, // U+00E2
    { 10, 14, 168, 0, 13, 35, 1952 }, // U+00E3
    { 10, 13, 168, 0, 12, 33, 1987 }, // U+00E4
    { 10, 15, 168, 0, 14, 38, 2020 }, // U+00E5
    { 15, 11, 247, 0, 10, 42, 2058 }, // U+00E6
    { 9, 13, 139, 0, 10, 30, 2100 }, // U+00E7
    { 10, 14, 157, 0, 13, 35, 2130 }, // U+00E8
    { 10, 15, 157, 0, 14, 38, 2165 }, // U+00E9
    { 10, 14, 157, 0, 13, 35, 2203 }, // U+00EA
    { 10, 13, 157, 0, 12, 33, 2238 }, // U+00EB
    { 4, 13, 63, -1, 13, 13, 2271 }, // U+00EC
    { 5, 14, 63, 0, 14, 18, 2284 }, // U+00ED
    { 6, 13, 63, -1, 13, 20, 2302 }, // U+00EE
    { 6, 12, 63, -1, 12, 18, 2322 }, // U+00EF
    { 10, 14, 156, 0, 13, 35, 2340 }, // U+00F0
    { 8, 13, 159, 1, 13, 26, 2375 }, // U+00F1
    { 10, 14, 166, 0, 13, 35, 2401 }, // U+00F2
    { 10, 15, 166, 0, 14, 38, 2436 }, // U+00F3
    { 10, 14, 166, 0, 13, 35, 2474 }, // U+00F4
    { 10, 14, 166, 0, 13, 35, 2509 }, // U+00F5
    { 10, 13, 166, 0, 12, 33, 2544 }, // U+00F6
    { 10, 9, 165, 0, 10, 23, 2577 }, // U+00F7
    { 10, 11, 166, 0, 10, 28, 2600 }, // U+00F8
    { 8, 14, 157, 1, 13, 28, 2628 }, // U+00F9
    { 8, 15, 157, 1, 14, 30, 2656 }, // U+00FA
    { 8, 14, 157, 1, 13, 28, 2686 }, // U+00FB
    { 8, 13, 157, 1, 12, 26, 2714 }, // U+00FC
    { 8, 18, 157, 1, 14, 36, 2740 }, // U+00FD
    { 9, 17, 168, 1, 13, 39, 2776 }, // U+00FE
    { 8, 16, 157, 1, 12, 32, 2815 }, // U+00FF
    { 11, 15, 170, 0, 14, 42, 0 }, // U+0100
    { 10, 13, 168, 0, 12, 33, 42 }, // U+0101
    { 11, 17, 170, 0, 16, 47, 75 }, // U+0102
    { 10, 13, 168, 0, 12, 33, 122 }, // U+0103
    { 11, 16, 172, 0, 12, 44, 155 }, // U+0104
    { 10, 14, 168, 0, 10, 35, 199 }, // U+0105
    { 11, 16, 167, 0, 15, 44, 234 }, // U+0106
    { 9, 15, 139, 0, 14, 34, 278 }, // U+0107
    { 11, 16, 167, 0, 15, 44, 312 }, // U+0108
    { 9, 14, 139, 0, 13, 32, 356 }, // U+0109
    { 11, 16, 167, 0, 15, 44, 388 }, // U+010A
    { 9, 13, 139, 0, 12, 30, 432 }, // U+010B
    { 11, 16, 167, 0, 15, 44, 462 }, // U+010C
    { 9, 14, 139, 0, 13, 32, 506 }, // U+010D
    { 11, 15, 191, 1, 15, 42, 538 }, // U+010E
    { 14, 14, 189, 0, 13, 49, 580 }, // U+010F
    { 13, 12, 191, -1, 12, 39, 629 }, // U+0110
    { 11, 14, 168, 0, 13, 39, 668 }, // U+0111
    { 8, 14, 153, 1, 14, 28, 707 }, // U+0112
    { 10, 13, 157, 0, 12, 33, 735 }, // U+0113
    { 8, 16, 153, 1, 16, 32, 768 }, // U+0114
    { 10, 13, 157, 0, 12, 33, 800 }, // U+0115
    { 8, 15, 153, 1, 15, 30, 833 }, // U+0116
    { 10, 13, 157, 0, 12, 33, 863 }, // U+0117
    { 8, 16, 153, 1, 12, 32, 896 }, // U+0118
    { 10, 14, 157, 0, 10, 35, 928 }, // U+0119
    { 8, 15, 153, 1, 15, 30, 963 }, // U+011A
    { 10, 14, 157, 0, 13, 35, 993 }, // U+011B
    { 11, 16, 186, 0, 15, 44, 1028 }, // U+011C
    { 10, 17, 170, 0, 13, 43, 1072 }, // U+011D
    { 11, 17, 186, 0, 16, 47, 1115 }, // U+011E
    { 10, 16, 170, 0, 12, 40, 1162 }, // U+011F
    { 11, 16, 186, 0, 15, 44, 1202 }, // U+0120
    { 10, 16, 170, 0, 12, 40, 1246 }, // U+0121
    { 11, 16, 186, 0, 12, 44, 1286 }, // U+0122
    { 10, 18, 170, 0, 14, 45, 1330 }, // U+0123
    { 10, 15, 192, 1, 15, 38, 1375 }, // U+0124
    { 10, 16, 156, -1, 16, 40, 1413 }, // U+0125
    { 13, 12, 215, 0, 12, 39, 1453 }, // U+0126
    { 10, 13, 156, -1, 13, 33, 1492 }, // U+0127
    { 7, 16, 73, -1, 16, 28, 1525 }, // U+0128
    { 8, 13, 63, -2, 13, 26, 1553 }, // U+0129
    { 7, 14, 73, -1, 14, 25, 1579 }, // U+012A
    { 6, 12, 63, -1, 12, 18, 1604 }, // U+012B
    { 7, 16, 73, -1, 16, 28, 1622 }, // U+012C
    { 6, 12, 63, -1, 12, 18, 1650 }, // U+012D
    { 5, 16, 75, -1, 12, 20, 1668 }, // U+012E
    { 5, 16, 63, -1, 12, 20, 1688 }, // U+012F
    { 3, 15, 73, 1, 15, 12, 1708 }, // U+0130
    { 3, 9, 63, 0, 9, 7, 1720 }, // U+0131
    { 8, 13, 157, 1, 12, 26, 1727 }, // U+0132
    { 7, 16, 128, 0, 12, 28, 1753 }, // U+0133
    { 10, 16, 147, 0, 15, 40, 1781 }, // U+0134
    { 6, 17, 73, -1, 13, 26, 1821 }, // U+0135
    { 10, 16, 175, 1, 12, 40, 1847 }, // U+0136
    { 8, 19, 152, 1, 13, 38, 1887 }, // U+0137
    { 8, 9, 152, 1, 9, 18, 1925 }, // U+0138
    { 8, 15, 150, 1, 15, 30, 1943 }, // U+0139
    { 4, 16, 72, 1, 16, 16, 1973 }, // U+013A
    { 8, 16, 150, 1, 12, 32, 1989 }, // U+013B
    { 4, 19, 72, 0, 13, 19, 2021 }, // U+013C
    { 8, 13, 150, 1, 13, 26, 2040 }, // U+013D
    { 6, 13, 90, 1, 13, 20, 2066 }, // U+013E
    { 8, 12, 145, 1, 12, 24, 2086 }, // U+013F
    { 6, 13, 106, 1, 13, 20, 2110 }, // U+0140
    { 10, 12, 169, 0, 12, 30, 2130 }, // U+0141
    { 6, 13, 72, -1, 13, 20, 2160 }, // U+0142
    { 10, 15, 196, 1, 15, 38, 2180 }, // U+0143
    { 8, 14, 159, 1, 14, 28, 2218 }, // U+0144
    { 10, 16, 196, 1, 12, 40, 2246 }, // U+0145
    { 8, 16, 159, 1, 10, 32, 2286 }, // U+0146
    { 10, 15, 196, 1, 15, 38, 2318 }, // U+0147
    { 8, 13, 159, 1, 13, 26, 2356 }, // U+0148
    { 11, 12, 167, -1, 12, 33, 2382 }, // U+0149
    { 11, 16, 201, 1, 12, 44, 2415 }, // U+014A
    { 8, 14, 159, 1, 10, 28, 2459 }, // U+014B
    { 12, 15, 202, 0, 14, 45, 2487 }, // U+014C
    { 10, 13, 166, 0, 12, 33, 2532 }, // U+014D
    { 12, 17, 202, 0, 16, 51, 2565 }, // U+014E
    { 10, 13, 166, 0, 12, 33, 2616 }, // U+014F
    { 12, 17, 202, 0, 16, 51, 2649 }, // U+0150
    { 10, 14, 166, 0, 13, 35, 2700 }, // U+0151
    { 16, 12, 258, 0, 12, 48, 2735 }, // U+0152
    { 17, 11, 271, 0, 10, 47, 2783 }, // U+0153
    { 10, 16, 183, 1, 15, 40, 2830 }, // U+0154
    { 6, 14, 116, 1, 14, 21, 2870 }, // U+0155
    { 10, 16, 183, 1, 12, 40, 2891 }, // U+0156
    { 7, 16, 116, 0, 10, 28, 2931 }, // U+0157
    { 10, 16, 183, 1, 15, 40, 2959 }, // U+0158
    { 6, 13, 116, 1, 13, 20, 2999 }, // U+0159
    { 10, 16, 159, 0, 15, 40, 3019 }, // U+015A
    { 8, 15, 129, 0, 14, 30, 3059 }, // U+015B
    { 10, 16, 159, 0, 15, 40, 3089 }, // U+015C
    { 8, 14, 129, 0, 13, 28, 3129 }, // U+015D
    { 10, 15, 159, 0, 12, 38, 3157 }, // U+015E
    { 8, 13, 129, 0, 10, 26, 3195 }, // U+015F
    { 10, 16, 159, 0, 15, 40, 3221 }, // U+0160
    { 8, 14, 129, 0, 13, 28, 3261 }, // U+0161
    { 10, 15, 167, 0, 12, 38, 3289 }, // U+0162
    { 7, 14, 109, 0, 11, 25, 3327 }, // U+0163
    { 10, 15, 167, 0, 15, 38, 3352 }, // U+0164
    { 8, 14, 109, 0, 14, 28, 3390 }, // U+0165
    { 10, 12, 167, 0, 12, 30, 3418 }, // U+0166
    { 7, 11, 109, 0, 11, 20, 3448 }, // U+0167
    { 10, 17, 188, 1, 16, 43, 3468 }, // U+0168
    { 8, 14, 157, 1, 13, 28, 3511 }, // U+0169
    { 10, 15, 188, 1, 14, 38, 3539 }, // U+016A
    { 8, 13, 157, 1, 12, 26, 3577 }, // U+016B
    { 10, 17, 188, 1, 16, 43, 3603 }, // U+016C
    { 8, 13, 157, 1, 12, 26, 3646 }, // U+016D
    { 10, 18, 188, 1, 17, 45, 3672 }, // U+016E
    { 8, 15, 157, 1, 14, 30, 3717 }, // U+016F
    { 10, 17, 188, 1, 16, 43, 3747 }, // U+0170
    { 8, 14, 157, 1, 13, 28, 3790 }, // U+0171
    { 10, 16, 188, 1, 12, 40, 3818 }, // U+0172
    { 8, 13, 157, 1, 9, 26, 3858 }, // U+0173
    { 16, 15, 252, 0, 15, 60, 3884 }, // U+0174
    { 13, 14, 205, 0, 13, 46, 3944 }, // U+0175
    { 10, 15, 159, 0, 15, 38, 3990 }, // U+0176
    { 8, 17, 157, 1, 13, 34, 4028 }, // U+0177
    { 10, 15, 159, 0, 15, 38, 4062 }, // U+0178
    { 11, 15, 173, 0, 15, 42, 4100 }, // U+0179
    { 8, 14, 129, 0, 14, 28, 4142 }, // U+017A
    { 11, 15, 173, 0, 15, 42, 4170 }, // U+017B
    { 8, 12, 129, 0, 12, 24, 4212 }, // U+017C
    { 11, 15, 173, 0, 15, 42, 4236 }, // U+017D
    { 8, 13, 129, 0, 13, 26, 4278 }, // U+017E
    { 12, 15, 202, 0, 14, 45, 0 }, // U+01A0
    { 10, 13, 166, 0, 12, 33, 45 }, // U+01A1
    { 12, 15, 188, 1, 14, 45, 78 }, // U+01AF
    { 10, 13, 157, 1, 12, 33, 123 }, // U+01B0
    { 22, 15, 364, 1, 15, 83, 156 }, // U+01C4
    { 19, 13, 320, 1, 13, 62, 239 }, // U+01C5
    { 19, 14, 297, 0, 13, 67, 301 }, // U+01C6
    { 17, 13, 297, 1, 12, 56, 368 }, // U+01C7
    { 12, 16, 223, 1, 12, 48, 424 }, // U+01C8
    { 7, 17, 142, 1, 13, 30, 472 }, // U+01C9
    { 20, 13, 343, 1, 12, 65, 502 }, // U+01CA
    { 15, 16, 269, 1, 12, 60, 567 }, // U+01CB
    { 13, 16, 232, 1, 12, 52, 627 }, // U+01CC
    { 11, 16, 170, 0, 15, 44, 679 }, // U+01CD
    { 10, 14, 168, 0, 13, 35, 723 }, // U+01CE
    { 6, 15, 73, -1, 15, 23, 758 }, // U+01CF
    { 6, 13, 63, -1, 13, 20, 781 }, // U+01D0
    { 12, 16, 202, 0, 15, 48, 801 }, // U+01D1
    { 10, 14, 166, 0, 13, 35, 849 }, // U+01D2
    { 10, 16, 188, 1, 15, 40, 884 }, // U+01D3
    { 8, 14, 157, 1, 13, 28, 924 }, // U+01D4
    { 11, 16, 186, 0, 15, 44, 952 }, // U+01E6
    { 10, 17, 170, 0, 13, 43, 996 }, // U+01E7
    { 12, 16, 202, 0, 12, 48, 1039 }, // U+01EA
    { 10, 14, 164, 0, 10, 35, 1087 }, // U+01EB
    { 19, 12, 320, 1, 12, 57, 1122 }, // U+01F2
    { 11, 19, 172, 0, 18, 53, 1179 }, // U+01FA
    { 10, 17, 166, 0, 16, 43, 1232 }, // U+01FB
    { 15, 16, 236, 0, 15, 60, 1275 }, // U+01FC
    { 15, 15, 247, 0, 14, 57, 1335 }, // U+01FD
    { 12, 16, 197, 0, 15, 48, 1392 }, // U+01FE
    { 10, 15, 166, 0, 14, 38, 1440 }, // U+01FF
    { 11, 17, 170, 0, 16, 47, 1478 }, // U+0200
    { 10, 14, 168, 0, 13, 35, 1525 }, // U+0201
    { 11, 17, 170, 0, 16, 47, 1560 }, // U+0202
    { 10, 14, 168, 0, 13, 35, 1607 }, // U+0203
    { 9, 16, 153, 0, 16, 36, 1642 }, // U+0204
    { 10, 14, 157, 0, 13, 35, 1678 }, // U+0205
    { 8, 16, 153, 1, 16, 32, 1713 }, // U+0206
    { 10, 14, 157, 0, 13, 35, 1745 }, // U+0207
    { 7, 16, 73, -2, 16, 28, 1780 }, // U+0208
    { 8, 13, 63, -3, 13, 26, 1808 }, // U+0209
    { 7, 16, 73, -1, 16, 28, 1834 }, // U+020A
    { 6, 13, 63, -1, 13, 20, 1862 }, // U+020B
    { 12, 17, 202, 0, 16, 51, 1882 }, // U+020C
    { 10, 14, 166, 0, 13, 35, 1933 }, // U+020D
    { 12, 17, 202, 0, 16, 51, 1968 }, // U+020E
    { 10, 14, 166, 0, 13, 35, 2019 }, // U+020F
    { 10, 17, 183, 1, 16, 43, 2054 }, // U+0210
    { 8, 13, 116, -1, 13, 26, 2097 }, // U+0211
    { 10, 17, 183, 1, 16, 43, 2123 }, // U+0212
    { 7, 13, 116, 0, 13, 23, 2166 }, // U+0213
    { 10, 17, 188, 1, 16, 43, 2189 }, // U+0214
    { 9, 14, 157, 0, 13, 32, 2232 }, // U+0215
    { 10, 17, 188, 1, 16, 43, 2264 }, // U+0216
    { 8, 14, 157, 1, 13, 28, 2307 }, // U+0217
    { 10, 16, 159, 0, 12, 40, 2335 }, // U+0218
    { 8, 16, 129, 0, 10, 32, 2375 }, // U+0219
    { 10, 16, 167, 0, 12, 40, 2407 }, // U+021A
    { 7, 17, 109, 0, 11, 30, 2447 }, // U+021B
    { 4, 4, 0, 0, 13, 4, 0 }, // U+0300
    { 4, 5, 0, 0, 14, 5, 4 }, // U+0301
    { 6, 4, 0, 0, 13, 6, 9 }, // U+0302
    { 7, 4, 0, 0, 13, 7, 15 }, // U+0303
    { 7, 2, 0, 0, 12, 4, 22 }, // U+0304
    { 7, 3, 0, 0, 12, 6, 26 }, // U+0306
    { 3, 2, 0, 0, 12, 2, 32 }, // U+0307
    { 7, 2, 0, 0, 12, 4, 34 }, // U+0308
    { 4, 4, 0, 0, 13, 4, 38 }, // U+0309
    { 5, 5, 0, 0, 14, 7, 42 }, // U+030A
    { 7, 4, 0, 0, 13, 7, 49 }, // U+030B
    { 6, 3, 0, 0, 13, 5, 56 }, // U+030C
    { 7, 3, 0, 0, 13, 6, 61 }, // U+030F
    { 7, 3, 0, 0, 13, 6, 67 }, // U+0311
    { 4, 5, 0, 4, 14, 5, 73 }, // U+0312
    { 4, 5, 0, 1, 11, 5, 78 }, // U+031B
    { 3, 3, 0, 0, 0, 3, 83 }, // U+0323
    { 7, 3, 0, 0, 0, 6, 86 }, // U+0324
    { 4, 5, 0, 0, -1, 5, 92 }, // U+0326
    { 4, 4, 0, 0, 1, 4, 97 }, // U+0327
    { 5, 6, 0, 0, 2, 8, 101 }, // U+0328
    { 6, 4, 0, 0, 0, 6, 109 }, // U+032D
    { 7, 3, 0, 0, 0, 6, 115 }, // U+032E
    { 7, 3, 0, 0, 0, 6, 121 }, // U+0331
    { 6, 3, 0, 0, 7, 5, 127 }, // U+0335
    { 11, 15, 170, 0, 12, 42, 0 }, // U+1EA0
    { 10, 13, 168, 0, 10, 33, 42 }, // U+1EA1
    { 11, 17, 170, 0, 16, 47, 75 }, // U+1EA2
    { 10, 14, 168, 0, 13, 35, 122 }, // U+1EA3
    { 11, 17, 170, 0, 16, 47, 157 }, // U+1EA4
    { 10, 16, 168, 0, 15, 40, 204 }, // U+1EA5
    { 11, 19, 170, 0, 18, 53, 244 }, // U+1EA6
    { 10, 17, 168, 0, 16, 43, 297 }, // U+1EA7
    { 11, 18, 170, 0, 17, 50, 340 }, // U+1EA8
    { 10, 15, 168, 0, 14, 38, 390 }, // U+1EA9
    { 11, 20, 170, 0, 19, 55, 428 }, // U+1EAA
    { 10, 16, 168, 0, 15, 40, 483 }, // U+1EAB
    { 11, 18, 170, 0, 15, 50, 523 }, // U+1EAC
    { 10, 16, 168, 0, 13, 40, 573 }, // U+1EAD
    { 11, 19, 170, 0, 18, 53, 613 }, // U+1EAE
    { 10, 17, 168, 0, 16, 43, 666 }, // U+1EAF
    { 11, 20, 170, 0, 19, 55, 709 }, // U+1EB0
    { 10, 17, 168, 0, 16, 43, 764 }, // U+1EB1
    { 11, 20, 170, 0, 19, 55, 807 }, // U+1EB2
    { 10, 17, 168, 0, 16, 43, 862 }, // U+1EB3
    { 11, 20, 170, 0, 19, 55, 905 }, // U+1EB4
    { 10, 16, 168, 0, 15, 40, 960 }, // U+1EB5
    { 11, 19, 170, 0, 16, 53, 1000 }, // U+1EB6
    { 10, 15, 168, 0, 12, 38, 1053 }, // U+1EB7
    { 8, 15, 153, 1, 12, 30, 1091 }, // U+1EB8
    { 10, 13, 157, 0, 10, 33, 1121 }, // U+1EB9
    { 8, 16, 153, 1, 16, 32, 1154 }, // U+1EBA
    { 10, 14, 157, 0, 13, 35, 1186 }, // U+1EBB
    { 8, 16, 153, 1, 16, 32, 1221 }, // U+1EBC
    { 10, 14, 157, 0, 13, 35, 1253 }, // U+1EBD
    { 10, 16, 153, 1, 16, 40, 1288 }, // U+1EBE
    { 10, 16, 157, 0, 15, 40, 1328 }, // U+1EBF
    { 8, 18, 153, 1, 18, 36, 1368 }, // U+1EC0
    { 10, 17, 157, 0, 16, 43, 1404 }, // U+1EC1
    { 8, 20, 153, 1, 20, 40, 1447 }, // U+1EC2
    { 10, 15, 157, 0, 14, 38, 1487 }, // U+1EC3
    { 8, 19, 153, 1, 19, 38, 1525 }, // U+1EC4
    { 10, 16, 157, 0, 15, 40, 1563 }, // U+1EC5
    { 8, 18, 153, 1, 15, 36, 1603 }, // U+1EC6
    { 10, 16, 157, 0, 13, 40, 1639 }, // U+1EC7
    { 4, 16, 73, 0, 16, 16, 1679 }, // U+1EC8
    { 4, 13, 63, 0, 13, 13, 1695 }, // U+1EC9
    { 3, 15, 73, 1, 12, 12, 1708 }, // U+1ECA
    { 4, 15, 63, 0, 12, 15, 1720 }, // U+1ECB
    { 12, 15, 202, 0, 12, 45, 1735 }, // U+1ECC
    { 10, 13, 166, 0, 10, 33, 1780 }, // U+1ECD
    { 12, 17, 202, 0, 16, 51, 1813 }, // U+1ECE
    { 10, 14, 166, 0, 13, 35, 1864 }, // U+1ECF
    { 12, 17, 202, 0, 16, 51, 1899 }, // U+1ED0
    { 10, 16, 166, 0, 15, 40, 1950 }, // U+1ED1
    { 12, 19, 202, 0, 18, 57, 1990 }, // U+1ED2
    { 10, 17, 166, 0, 16, 43, 2047 }, // U+1ED3
    { 12, 18, 202, 0, 17, 54, 2090 }, // U+1ED4
    { 10, 15, 166, 0, 14, 38, 2144 }, // U+1ED5
    { 12, 20, 202, 0, 19, 60, 2182 }, // U+1ED6
    { 10, 16, 166, 0, 15, 40, 2242 }, // U+1ED7
    { 12, 18, 202, 0, 15, 54, 2282 }, // U+1ED8
    { 10, 16, 166, 0, 13, 40, 2336 }, // U+1ED9
    { 12, 16, 202, 0, 15, 48, 2376 }, // U+1EDA
    { 10, 15, 166, 0, 14, 38, 2424 }, // U+1EDB
    { 12, 17, 202, 0, 16, 51, 2462 }, // U+1EDC
    { 10, 14, 166, 0, 13, 35, 2513 }, // U+1EDD
    { 12, 17, 202, 0, 16, 51, 2548 }, // U+1EDE
    { 10, 14, 166, 0, 13, 35, 2599 }, // U+1EDF
    { 12, 17, 202, 0, 16, 51, 2634 }, // U+1EE0
    { 10, 14, 166, 0, 13, 35, 2685 }, // U+1EE1
    { 12, 17, 202, 0, 14, 51, 2720 }, // U+1EE2
    { 10, 15, 166, 0, 12, 38, 2771 }, // U+1EE3
    { 10, 15, 188, 1, 12, 38, 2809 }, // U+1EE4
    { 8, 12, 157, 1, 9, 24, 2847 }, // U+1EE5
    { 10, 17, 188, 1, 16, 43, 2871 }, // U+1EE6
    { 8, 14, 157, 1, 13, 28, 2914 }, // U+1EE7
    { 12, 16, 188, 1, 15, 48, 2942 }, // U+1EE8
    { 10, 15, 157, 1, 14, 38, 2990 }, // U+1EE9
    { 12, 17, 188, 1, 16, 51, 3028 }, // U+1EEA
    { 10, 14, 157, 1, 13, 35, 3079 }, // U+1EEB
    { 12, 17, 188, 1, 16, 51, 3114 }, // U+1EEC
    { 10, 14, 157, 1, 13, 35, 3165 }, // U+1EED
    { 12, 17, 188, 1, 16, 51, 3200 }, // U+1EEE
    { 10, 14, 157, 1, 13, 35, 3251 }, // U+1EEF
    { 12, 17, 188, 1, 14, 51, 3286 }, // U+1EF0
    { 10, 15, 157, 1, 12, 38, 3337 }, // U+1EF1
    { 10, 16, 159, 0, 16, 40, 3375 }, // U+1EF2
    { 8, 17, 157, 1, 13, 34, 3415 }, // U+1EF3
    { 10, 15, 159, 0, 12, 38, 3449 }, // U+1EF4
    { 10, 13, 157, 1, 9, 33, 3487 }, // U+1EF5
    { 10, 16, 159, 0, 16, 40, 3520 }, // U+1EF6
    { 8, 17, 157, 1, 13, 34, 3560 }, // U+1EF7
    { 10, 16, 159, 0, 16, 40, 3594 }, // U+1EF8
    { 8, 17, 157, 1, 13, 34, 3634 }, // U+1EF9
    { 0, 0, 147, 0, 0, 0, 0 }, // U+2007
    { 0, 0, 69, 0, 0, 0, 0 }, // U+2008
    { 0, 0, 55, 0, 0, 0, 0 }, // U+2009
    { 0, 0, 27, 0, 0, 0, 0 }, // U+200A
    { 0, 0, 0, 0, 0, 0, 0 }, // U+200B
    { 6, 3, 106, 0, 7, 5, 0 }, // U+2010
    { 8, 3, 138, 0, 7, 6, 5 }, // U+2012
    { 8, 3, 138, 0, 7, 6, 11 }, // U+2013
    { 14, 3, 236, 0, 7, 11, 17 }, // U+2014
    { 14, 3, 236, 0, 7, 11, 28 }, // U+2015
    { 4, 5, 73, 0, 12, 5, 39 }, // U+2018
    { 4, 5, 73, 0, 12, 5, 44 }, // U+2019
    { 4, 5, 73, 0, 2, 5, 49 }, // U+201A
    { 8, 5, 121, 0, 12, 10, 54 }, // U+201C
    { 8, 5, 121, 0, 12, 10, 64 }, // U+201D
    { 8, 5, 116, 0, 2, 10, 74 }, // U+201E
    { 7, 10, 123, 0, 13, 18, 84 }, // U+2020
    { 7, 10, 110, 0, 13, 18, 102 }, // U+2021
    { 6, 6, 93, 0, 9, 9, 120 }, // U+2022
    { 10, 3, 167, 0, 3, 8, 129 }, // U+2026
    { 20, 13, 315, 0, 12, 65, 137 }, // U+2030
    { 7, 6, 115, 0, 12, 11, 202 }, // U+2033
    { 4, 8, 74, 0, 8, 8, 213 }, // U+2039
    { 4, 8, 74, 0, 8, 8, 221 }, // U+203A
    { 9, 13, 144, 0, 12, 30, 229 }, // U+2044
    { 6, 8, 103, 0, 13, 12, 0 }, // U+2070
    { 7, 7, 117, 0, 13, 13, 12 }, // U+2074
    { 6, 8, 101, 0, 13, 12, 25 }, // U+2075
    { 6, 8, 94, 0, 13, 12, 37 }, // U+2076
    { 6, 8, 93, 0, 13, 12, 49 }, // U+2077
    { 6, 8, 103, 0, 13, 12, 61 }, // U+2078
    { 6, 8, 94, 0, 13, 12, 73 }, // U+2079
    { 6, 8, 103, 0, 4, 12, 85 }, // U+2080
    { 4, 7, 85, 0, 4, 7, 97 }, // U+2081
    { 6, 7, 97, 0, 4, 11, 104 }, // U+2082
    { 5, 8, 95, 1, 4, 10, 115 }, // U+2083
    { 7, 7, 117, 0, 4, 13, 125 }, // U+2084
    { 6, 8, 101, 0, 4, 12, 138 }, // U+2085
    { 6, 8, 94, 0, 4, 12, 150 }, // U+2086
    { 6, 8, 93, 0, 4, 12, 162 }, // U+2087
    { 6, 8, 103, 0, 4, 12, 174 }, // U+2088
    { 6, 8, 94, 0, 4, 12, 186 }, // U+2089
    { 12, 17, 167, 0, 14, 51, 0 }, // U+20A1
    { 10, 12, 150, -1, 12, 30, 51 }, // U+20A3
    { 11, 13, 166, 0, 12, 36, 81 }, // U+20A4
    { 14, 12, 196, -1, 12, 42, 117 }, // U+20A6
    { 12, 12, 161, -1, 12, 36, 159 }, // U+20A7
    { 16, 12, 252, 0, 12, 48, 195 }, // U+20A9
    { 8, 12, 134, 0, 12, 24, 243 }, // U+20AB
    { 12, 13, 167, -1, 12, 39, 267 }, // U+20AC
    { 12, 12, 175, -1, 12, 36, 306 }, // U+20AD
    { 12, 12, 161, -1, 12, 36, 342 }, // U+20B1
    { 11, 17, 186, 0, 14, 47, 378 }, // U+20B2
    { 11, 16, 167, 0, 14, 44, 425 }, // U+20B5
    { 9, 13, 148, 0, 12, 30, 469 }, // U+20B9
    { 10, 13, 169, 0, 12, 33, 499 }, // U+20BA
    { 10, 15, 188, 1, 14, 38, 532 }, // U+20BC
    { 10, 12, 161, 0, 12, 30, 570 }, // U+20BD
    { 10, 14, 162, 0, 13, 35, 0 }, // U+2202
    { 10, 10, 169, 0, 9, 25, 35 }, // U+2205
    { 12, 12, 193, 0, 12, 36, 60 }, // U+2206
    { 12, 16, 196, 0, 12, 48, 96 }, // U+220F
    { 9, 12, 140, 0, 12, 27, 144 }, // U+2211
    { 10, 3, 165, 0, 7, 8, 171 }, // U+2212
    { 9, 17, 151, 0, 14, 39, 179 }, // U+2215
    { 4, 4, 71, 0, 7, 4, 218 }, // U+2219
    { 12, 12, 187, 0, 12, 36, 222 }, // U+221A
    { 14, 8, 230, 0, 8, 28, 258 }, // U+221E
    { 10, 16, 155, 0, 13, 40, 286 }, // U+222B
    { 9, 7, 155, 0, 9, 16, 326 }, // U+2248
    { 10, 10, 165, 0, 11, 25, 342 }, // U+2260
    { 9, 10, 173, 1, 11, 23, 367 }, // U+2264
    { 9, 10, 173, 1, 11, 23, 390 }, // U+2265
    { 11, 13, 180, 0, 13, 36, 0 }, // U+FB01
    { 11, 13, 189, 0, 13, 36, 36 }, // U+FB02
};

static const EpdUnicodeInterval quicksand_8_boldIntervals[] = {
    { 0xD, 0xD, 0x0 },
    { 0x20, 0x7E, 0x1 },
    { 0xA0, 0xFF, 0x60 },
    { 0x100, 0x17E, 0xC0 },
    { 0x1A0, 0x1A1, 0x13F },
    { 0x1AF, 0x1B0, 0x141 },
    { 0x1C4, 0x1D4, 0x143 },
    { 0x1E6, 0x1E7, 0x154 },
    { 0x1EA, 0x1EB, 0x156 },
    { 0x1F2, 0x1F2, 0x158 },
    { 0x1FA, 0x21B, 0x159 },
    { 0x300, 0x304, 0x17B },
    { 0x306, 0x30C, 0x180 },
    { 0x30F, 0x30F, 0x187 },
    { 0x311, 0x312, 0x188 },
    { 0x31B, 0x31B, 0x18A },
    { 0x323, 0x324, 0x18B },
    { 0x326, 0x328, 0x18D },
    { 0x32D, 0x32E, 0x190 },
    { 0x331, 0x331, 0x192 },
    { 0x335, 0x335, 0x193 },
    { 0x1EA0, 0x1EF9, 0x194 },
    { 0x2007, 0x200B, 0x1EE },
    { 0x2010, 0x2010, 0x1F3 },
    { 0x2012, 0x2015, 0x1F4 },
    { 0x2018, 0x201A, 0x1F8 },
    { 0x201C, 0x201E, 0x1FB },
    { 0x2020, 0x2022, 0x1FE },
    { 0x2026, 0x2026, 0x201 },
    { 0x2030, 0x2030, 0x202 },
    { 0x2033, 0x2033, 0x203 },
    { 0x2039, 0x203A, 0x204 },
    { 0x2044, 0x2044, 0x206 },
    { 0x2070, 0x2070, 0x207 },
    { 0x2074, 0x2079, 0x208 },
    { 0x2080, 0x2089, 0x20E },
    { 0x20A1, 0x20A1, 0x218 },
    { 0x20A3, 0x20A4, 0x219 },
    { 0x20A6, 0x20A7, 0x21B },
    { 0x20A9, 0x20A9, 0x21D },
    { 0x20AB, 0x20AD, 0x21E },
    { 0x20B1, 0x20B2, 0x221 },
    { 0x20B5, 0x20B5, 0x223 },
    { 0x20B9, 0x20BA, 0x224 },
    { 0x20BC, 0x20BD, 0x226 },
    { 0x2202, 0x2202, 0x228 },
    { 0x2205, 0x2206, 0x229 },
    { 0x220F, 0x220F, 0x22B },
    { 0x2211, 0x2212, 0x22C },
    { 0x2215, 0x2215, 0x22E },
    { 0x2219, 0x221A, 0x22F },
    { 0x221E, 0x221E, 0x231 },
    { 0x222B, 0x222B, 0x232 },
    { 0x2248, 0x2248, 0x233 },
    { 0x2260, 0x2260, 0x234 },
    { 0x2264, 0x2265, 0x235 },
    { 0xFB01, 0xFB02, 0x237 },
};

static const EpdFontGroup quicksand_8_boldGroups[] = {
    { 0, 1658, 2839, 96, 0 },
    { 1658, 1443, 3253, 96, 96 },
    { 3101, 1805, 4861, 127, 192 },
    { 4906, 1231, 2759, 60, 319 },
    { 6137, 146, 147, 25, 379 },
    { 6283, 1035, 4054, 90, 404 },
    { 7318, 228, 280, 25, 494 },
    { 7546, 135, 257, 17, 519 },
    { 7681, 453, 651, 16, 536 },
    { 8134, 316, 483, 15, 552 },
    { 8450, 57, 78, 2, 567 },
};

static const EpdKernClassEntry quicksand_8_boldKernLeftClasses[] = {
    { 0x0026, 1 }, // &
    { 0x0028, 2 }, // (
    { 0x002A, 3 }, // *
    { 0x002B, 4 }, // +
    { 0x002C, 5 }, // ,
    { 0x002D, 4 }, // -
    { 0x002E, 6 }, // .
    { 0x002F, 7 }, // /
    { 0x0030, 8 }, // 0
    { 0x0034, 9 }, // 4
    { 0x0035, 10 }, // 5
    { 0x0036, 11 }, // 6
    { 0x0037, 12 }, // 7
    { 0x0039, 13 }, // 9
    { 0x003E, 14 }, // >
    { 0x003F, 15 }, // ?
    { 0x0041, 16 }, // A
    { 0x0042, 17 }, // B
    { 0x0044, 8 }, // D
    { 0x0045, 18 }, // E
    { 0x0046, 19 }, // F
    { 0x0047, 20 }, // G
    { 0x004A, 21 }, // J
    { 0x004B, 22 }, // K
    { 0x004C, 23 }, // L
    { 0x004F, 8 }, // O
    { 0x0050, 24 }, // P
    { 0x0051, 8 }, // Q
    { 0x0052, 25 }, // R
    { 0x0053, 26 }, // S
    { 0x0054, 27 }, // T
    { 0x0055, 28 }, // U
    { 0x0056, 29 }, // V
    { 0x0057, 30 }, // W
    { 0x0058, 31 }, // X
    { 0x0059, 32 }, // Y
    { 0x005A, 33 }, // Z
    { 0x005C, 34 }, // <backslash>
    { 0x005F, 35 }, // _
    { 0x0061, 36 }, // a
    { 0x0062, 37 }, // b
    { 0x0063, 38 }, // c
    { 0x0064, 39 }, // d
    { 0x0065, 40 }, // e
    { 0x0066, 41 }, // f
    { 0x0067, 42 }, // g
    { 0x0068, 43 }, // h
    { 0x0069, 44 }, // i
    { 0x006A, 45 }, // j
    { 0x006B, 46 }, // k
    { 0x006C, 47 }, // l
    { 0x006D, 43 }, // m
    { 0x006E, 43 }, // n
    { 0x006F, 37 }, // o
    { 0x0070, 37 }, // p
    { 0x0071, 48 }, // q
    { 0x0072, 49 }, // r
    { 0x0073, 50 }, // s
    { 0x0074, 51 }, // t
    { 0x0075, 52 }, // u
    { 0x0076, 53 }, // v
    { 0x0077, 54 }, // w
    { 0x0078, 55 }, // x
    { 0x0079, 56 }, // y
    { 0x007A, 57 }, // z
    { 0x007E, 4 }, // ~
    { 0x00B7, 58 }, // U+00B7
    { 0x00BF, 59 }, // U+00BF
    { 0x00D9, 28 }, // U+00D9
    { 0x00DA, 28 }, // U+00DA
    { 0x00DB, 28 }, // U+00DB
    { 0x00DC, 28 }, // U+00DC
    { 0x00DD, 32 }, // U+00DD
    { 0x00DE, 60 }, // U+00DE
    { 0x00DF, 61 }, // U+00DF
    { 0x00E0, 36 }, // U+00E0
    { 0x00E1, 36 }, // U+00E1
    { 0x00E2, 36 }, // U+00E2
    { 0x00E3, 36 }, // U+00E3
    { 0x00E4, 36 }, // U+00E4
    { 0x00E5, 36 }, // U+00E5
    { 0x00E8, 40 }, // U+00E8
    { 0x00E9, 40 }, // U+00E9
    { 0x00EA, 40 }, // U+00EA
    { 0x00EB, 40 }, // U+00EB
    { 0x00F0, 62 }, // U+00F0
    { 0x00F2, 37 }, // U+00F2
    { 0x00F3, 37 }, // U+00F3
    { 0x00F4, 37 }, // U+00F4
    { 0x00F5, 37 }, // U+00F5
    { 0x00F6, 37 }, // U+00F6
    { 0x00F7, 4 }, // U+00F7
    { 0x00F8, 37 }, // U+00F8
    { 0x00F9, 52 }, // U+00F9
    { 0x00FA, 52 }, // U+00FA
    { 0x00FB, 52 }, // U+00FB
    { 0x00FC, 52 }, // U+00FC
    { 0x00FD, 56 }, // U+00FD
    { 0x00FF, 56 }, // U+00FF
    { 0x0101, 36 }, // U+0101
    { 0x0103, 36 }, // U+0103
    { 0x0105, 36 }, // U+0105
    { 0x010F, 63 }, // U+010F
    { 0x0113, 40 }, // U+0113
    { 0x0114, 18 }, // U+0114
    { 0x0115, 40 }, // U+0115
    { 0x0117, 40 }, // U+0117
    { 0x0119, 40 }, // U+0119
    { 0x011B, 40 }, // U+011B
    { 0x013E, 64 }, // U+013E
    { 0x014D, 37 }, // U+014D
    { 0x014F, 37 }, // U+014F
    { 0x0151, 37 }, // U+0151
    { 0x0153, 37 }, // U+0153
    { 0x0165, 65 }, // U+0165
    { 0x0169, 52 }, // U+0169
    { 0x016A, 28 }, // U+016A
    { 0x016B, 52 }, // U+016B
    { 0x016D, 52 }, // U+016D
    { 0x016E, 28 }, // U+016E
    { 0x016F, 52 }, // U+016F
    { 0x0170, 28 }, // U+0170
    { 0x0171, 52 }, // U+0171
    { 0x0172, 28 }, // U+0172
    { 0x0173, 52 }, // U+0173
    { 0x0176, 32 }, // U+0176
    { 0x0177, 56 }, // U+0177
    { 0x0178, 32 }, // U+0178
    { 0x01A1, 37 }, // U+01A1
    { 0x01B0, 52 }, // U+01B0
    { 0x01CD, 16 }, // U+01CD
    { 0x01CE, 36 }, // U+01CE
    { 0x01D2, 37 }, // U+01D2
    { 0x01D4, 52 }, // U+01D4
    { 0x01EB, 37 }, // U+01EB
    { 0x01FB, 36 }, // U+01FB
    { 0x01FF, 37 }, // U+01FF
    { 0x0200, 16 }, // U+0200
    { 0x0201, 36 }, // U+0201
    { 0x0202, 16 }, // U+0202
    { 0x0203, 36 }, // U+0203
    { 0x0204, 18 }, // U+0204
    { 0x0205, 40 }, // U+0205
    { 0x0206, 18 }, // U+0206
    { 0x0207, 40 }, // U+0207
    { 0x020D, 37 }, // U+020D
    { 0x020F, 37 }, // U+020F
    { 0x0215, 52 }, // U+0215
    { 0x0217, 52 }, // U+0217
    { 0x1EA0, 16 }, // U+1EA0
    { 0x1EA1, 36 }, // U+1EA1
    { 0x1EA2, 16 }, // U+1EA2
    { 0x1EA3, 36 }, // U+1EA3
    { 0x1EA4, 16 }, // U+1EA4
    { 0x1EA5, 36 }, // U+1EA5
    { 0x1EA6, 16 }, // U+1EA6
    { 0x1EA7, 36 }, // U+1EA7
    { 0x1EA8, 16 }, // U+1EA8
    { 0x1EA9, 36 }, // U+1EA9
    { 0x1EAA, 16 }, // U+1EAA
    { 0x1EAB, 36 }, // U+1EAB
    { 0x1EAC, 16 }, // U+1EAC
    { 0x1EAD, 36 }, // U+1EAD
    { 0x1EAE, 16 }, // U+1EAE
    { 0x1EAF, 36 }, // U+1EAF
    { 0x1EB0, 16 }, // U+1EB0
    { 0x1EB1, 36 }, // U+1EB1
    { 0x1EB2, 16 }, // U+1EB2
    { 0x1EB3, 36 }, // U+1EB3
    { 0x1EB4, 16 }, // U+1EB4
    { 0x1EB5, 36 }, // U+1EB5
    { 0x1EB6, 16 }, // U+1EB6
    { 0x1EB7, 36 }, // U+1EB7
    { 0x1EB8, 18 }, // U+1EB8
    { 0x1EB9, 40 }, // U+1EB9
    { 0x1EBA, 18 }, // U+1EBA
    { 0x1EBB, 40 }, // U+1EBB
    { 0x1EBC, 18 }, // U+1EBC
    { 0x1EBD, 40 }, // U+1EBD
    { 0x1EBE, 18 }, // U+1EBE
    { 0x1EBF, 40 }, // U+1EBF
    { 0x1EC0, 18 }, // U+1EC0
    { 0x1EC1, 40 }, // U+1EC1
    { 0x1EC2, 18 }, // U+1EC2
    { 0x1EC3, 40 }, // U+1EC3
    { 0x1EC4, 18 }, // U+1EC4
    { 0x1EC5, 40 }, // U+1EC5
    { 0x1EC6, 18 }, // U+1EC6
    { 0x1EC7, 40 }, // U+1EC7
    { 0x1ECD, 37 }, // U+1ECD
    { 0x1ECF, 37 }, // U+1ECF
    { 0x1ED1, 37 }, // U+1ED1
    { 0x1ED3, 37 }, // U+1ED3
    { 0x1ED5, 37 }, // U+1ED5
    { 0x1ED7, 37 }, // U+1ED7
    { 0x1ED9, 37 }, // U+1ED9
    { 0x1EDB, 37 }, // U+1EDB
    { 0x1EDD, 37 }, // U+1EDD
    { 0x1EDF, 37 }, // U+1EDF
    { 0x1EE1, 37 }, // U+1EE1
    { 0x1EE3, 37 }, // U+1EE3
    { 0x1EE5, 52 }, // U+1EE5
    { 0x1EE7, 52 }, // U+1EE7
    { 0x1EE9, 52 }, // U+1EE9
    { 0x1EEB, 52 }, // U+1EEB
    { 0x1EED, 52 }, // U+1EED
    { 0x1EEF, 52 }, // U+1EEF
    { 0x1EF1, 52 }, // U+1EF1
    { 0x1EF2, 32 }, // U+1EF2
    { 0x1EF3, 56 }, // U+1EF3
    { 0x1EF5, 56 }, // U+1EF5
    { 0x2013, 66 }, // U+2013
    { 0x2014, 4 }, // U+2014
    { 0x2018, 67 }, // U+2018
    { 0x2019, 68 }, // U+2019
    { 0x201C, 67 }, // U+201C
    { 0x201D, 68 }, // U+201D
    { 0x2022, 69 }, // U+2022
    { 0x2212, 4 }, // U+2212
    { 0x2248, 4 }, // U+2248
    { 0x2260, 4 }, // U+2260
};

static const EpdKernClassEntry quicksand_8_boldKernRightClasses[] = {
    { 0x0021, 1 }, // !
    { 0x0022, 2 }, // "
    { 0x0029, 3 }, // )
    { 0x002A, 4 }, // *
    { 0x002C, 5 }, // ,
    { 0x002E, 6 }, // .
    { 0x002F, 7 }, // /
    { 0x0031, 8 }, // 1
    { 0x0034, 9 }, // 4
    { 0x0036, 10 }, // 6
    { 0x0037, 11 }, // 7
    { 0x0039, 12 }, // 9
    { 0x0041, 13 }, // A
    { 0x0043, 14 }, // C
    { 0x0047, 14 }, // G
    { 0x004A, 15 }, // J
    { 0x004F, 14 }, // O
    { 0x0051, 14 }, // Q
    { 0x0053, 16 }, // S
    { 0x0054, 17 }, // T
    { 0x0055, 18 }, // U
    { 0x0056, 19 }, // V
    { 0x0057, 20 }, // W
    { 0x0058, 21 }, // X
    { 0x0059, 22 }, // Y
    { 0x005A, 23 }, // Z
    { 0x005C, 24 }, // <backslash>
    { 0x005D, 25 }, // ]
    { 0x005F, 26 }, // _
    { 0x0061, 27 }, // a
    { 0x0062, 28 }, // b
    { 0x0063, 29 }, // c
    { 0x0064, 29 }, // d
    { 0x0065, 29 }, // e
    { 0x0066, 30 }, // f
    { 0x0067, 31 }, // g
    { 0x0068, 28 }, // h
    { 0x006A, 32 }, // j
    { 0x006B, 28 }, // k
    { 0x006C, 28 }, // l
    { 0x006D, 33 }, // m
    { 0x006E, 33 }, // n
    { 0x006F, 29 }, // o
    { 0x0070, 34 }, // p
    { 0x0071, 29 }, // q
    { 0x0072, 33 }, // r
    { 0x0073, 35 }, // s
    { 0x0074, 36 }, // t
    { 0x0075, 37 }, // u
    { 0x0076, 38 }, // v
    { 0x0077, 39 }, // w
    { 0x0078, 40 }, // x
    { 0x0079, 41 }, // y
    { 0x007A, 42 }, // z
    { 0x00A1, 43 }, // U+00A1
    { 0x00B7, 44 }, // U+00B7
    { 0x00BF, 45 }, // U+00BF
    { 0x00D0, 46 }, // U+00D0
    { 0x00D9, 18 }, // U+00D9
    { 0x00DA, 18 }, // U+00DA
    { 0x00DB, 18 }, // U+00DB
    { 0x00DC, 18 }, // U+00DC
    { 0x00DD, 22 }, // U+00DD
    { 0x00DF, 47 }, // U+00DF
    { 0x00E0, 27 }, // U+00E0
    { 0x00E1, 27 }, // U+00E1
    { 0x00E2, 27 }, // U+00E2
    { 0x00E3, 27 }, // U+00E3
    { 0x00E4, 27 }, // U+00E4
    { 0x00E5, 27 }, // U+00E5
    { 0x00E8, 29 }, // U+00E8
    { 0x00E9, 29 }, // U+00E9
    { 0x00EA, 29 }, // U+00EA
    { 0x00EB, 29 }, // U+00EB
    { 0x00F0, 48 }, // U+00F0
    { 0x00F9, 37 }, // U+00F9
    { 0x00FA, 37 }, // U+00FA
    { 0x00FB, 37 }, // U+00FB
    { 0x00FC, 37 }, // U+00FC
    { 0x00FD, 41 }, // U+00FD
    { 0x00FE, 49 }, // U+00FE
    { 0x00FF, 41 }, // U+00FF
    { 0x0101, 27 }, // U+0101
    { 0x0103, 27 }, // U+0103
    { 0x0105, 27 }, // U+0105
    { 0x0113, 29 }, // U+0113
    { 0x0115, 29 }, // U+0115
    { 0x0117, 29 }, // U+0117
    { 0x0119, 29 }, // U+0119
    { 0x011B, 29 }, // U+011B
    { 0x013E, 28 }, // U+013E
    { 0x0169, 37 }, // U+0169
    { 0x016A, 18 }, // U+016A
    { 0x016B, 37 }, // U+016B
    { 0x016D, 37 }, // U+016D
    { 0x016E, 18 }, // U+016E
    { 0x016F, 37 }, // U+016F
    { 0x0170, 18 }, // U+0170
    { 0x0171, 37 }, // U+0171
    { 0x0172, 18 }, // U+0172
    { 0x0173, 37 }, // U+0173
    { 0x0176, 22 }, // U+0176
    { 0x0177, 41 }, // U+0177
    { 0x0178, 22 }, // U+0178
    { 0x01B0, 37 }, // U+01B0
    { 0x01CD, 13 }, // U+01CD
    { 0x01CE, 27 }, // U+01CE
    { 0x01D4, 37 }, // U+01D4
    { 0x01FB, 27 }, // U+01FB
    { 0x0200, 13 }, // U+0200
    { 0x0201, 27 }, // U+0201
    { 0x0202, 13 }, // U+0202
    { 0x0203, 27 }, // U+0203
    { 0x0205, 29 }, // U+0205
    { 0x0207, 29 }, // U+0207
    { 0x0215, 37 }, // U+0215
    { 0x0217, 37 }, // U+0217
    { 0x1EA0, 13 }, // U+1EA0
    { 0x1EA1, 27 }, // U+1EA1
    { 0x1EA2, 13 }, // U+1EA2
    { 0x1EA3, 27 }, // U+1EA3
    { 0x1EA4, 13 }, // U+1EA4
    { 0x1EA5, 27 }, // U+1EA5
    { 0x1EA6, 13 }, // U+1EA6
    { 0x1EA7, 27 }, // U+1EA7
    { 0x1EA8, 13 }, // U+1EA8
    { 0x1EA9, 27 }, // U+1EA9
    { 0x1EAA, 13 }, // U+1EAA
    { 0x1EAB, 27 }, // U+1EAB
    { 0x1EAC, 13 }, // U+1EAC
    { 0x1EAD, 27 }, // U+1EAD
    { 0x1EAE, 13 }, // U+1EAE
    { 0x1EAF, 27 }, // U+1EAF
    { 0x1EB0, 13 }, // U+1EB0
    { 0x1EB1, 27 }, // U+1EB1
    { 0x1EB2, 13 }, // U+1EB2
    { 0x1EB3, 27 }, // U+1EB3
    { 0x1EB4, 13 }, // U+1EB4
    { 0x1EB5, 27 }, // U+1EB5
    { 0x1EB6, 13 }, // U+1EB6
    { 0x1EB7, 27 }, // U+1EB7
    { 0x1EB9, 29 }, // U+1EB9
    { 0x1EBB, 29 }, // U+1EBB
    { 0x1EBD, 29 }, // U+1EBD
    { 0x1EBF, 29 }, // U+1EBF
    { 0x1EC1, 29 }, // U+1EC1
    { 0x1EC3, 29 }, // U+1EC3
    { 0x1EC5, 29 }, // U+1EC5
    { 0x1EC7, 29 }, // U+1EC7
    { 0x1EE5, 37 }, // U+1EE5
    { 0x1EE7, 37 }, // U+1EE7
    { 0x1EE9, 37 }, // U+1EE9
    { 0x1EEB, 37 }, // U+1EEB
    { 0x1EED, 37 }, // U+1EED
    { 0x1EEF, 37 }, // U+1EEF
    { 0x1EF1, 37 }, // U+1EF1
    { 0x1EF2, 22 }, // U+1EF2
    { 0x1EF3, 41 }, // U+1EF3
    { 0x1EF5, 41 }, // U+1EF5
    { 0x201C, 50 }, // U+201C
    { 0x201D, 51 }, // U+201D
    { 0x2022, 52 }, // U+2022
};

static const int8_t quicksand_8_boldKernMatrix[] = {
       0,    0,   -4,    0,    0,    0,    0,    0,    0,    0,    0,    0,    0,    0,    0,    0,    0,    0,    0,    0,    0,    0,    0,    0,    0,    0,    0,    0,    0,    0,    0,    0,    0,    0,    0,    0,    0,    0,    0,    0,    0,    0,    0,    0,    0,    0,    0,   -3,    0,    0,    0,    0,
       0,    0,    0,    0,    0,    0,    0,    0,    0,    0,    0,    0,    0,    0,    0,    0,    0,    0,    0,    0,    0,    0,    0,    0,    0,    0,    0,    0,    0,    0,    0,    0,    0,    0,    0,    0,    0,    0,    0,    0,    0,    0,    0,    0,    0,    0,    0,    0,    4,    0,    0,    0,
       0,    0,    0,    0,    0,    0,    0,    0,    0,    0,    0,    0,    0,    0,    0,    0,    0,    0,    0,    0,    0,    0,    0,    0,    0,    0,    0,    0,    0,    0,    0,    0,    0,    0,    0,    0,    0,    0,    0,    0,    0,    0,    0,    0,    0,    0,    0,   -7,    0,    0,    0,    0,
       0,    0,    0,    0,    0,    0,    0,  -11,    0,    0,    0,    0,    0,    0,    0,    0,    0,    0,    0,    0,    0,    0,    0,    0,    0,    0,    0,    0,    0,    0,    0,    0,    0,    0,    0,    0,    0,    0,    0,    0,    0,    0,    0,    0,    0,    0,    0,    0,    0,    0,    0,    0,
       0,    0,    0,    0,    0,    0,    0,  -19,    0,    0,    0,    0,    0,    0,    0,    0,    0,    0,    0,    0,    0,    0,    0,    0,    0,    0,    0,    0,    0,    0,    0,    4,    0,    0,    0,    0,    0,    0,    0,    0,    0,    0,    0,    0,    0,    0,    0,    0,    0,    0,    0,    0,
       0,    0,    0,    0,    0,    0,    0,  -13,   -8,    0,    0,    0,    0,    0,    0,    0,    0,    0,    0,    0,    0,    0,    0,    0,    0,    0,    0,    0,    0,    0,    0,    0,    0,    0,    0,    0,    0,    0,    0,    0,    0,    0,    0,    0,    0,    0,    0,    0,    0,    0,    0,    0,
       0,    0,    0,    0,    0,    0,  -25,    0,    0,    0,    0,    0,    0,    0,    0,    0,    0,    0,    0,    0,    0,    0,    0,    0,    0,    0,    0,    0,    0,    0,    0,    0,    0,    0,    0,    0,    0,    0,    0,    0,    0,    0,    0,    0,    0,    0,   -3,   -9,    0,    0,    0,    0,
       0,    0,    0,    0,    0,    0,    0,    0,    0,    0,  -11,    0,   -1,    0,   -4,    0,   -5,    0,   -3,   -1,   -8,   -7,   -4,    0,    0,    0,    0,    0,    2,    0,    0,    0,    0,    0,    0,    0,    0,    0,    0,   -3,    0,    0,    0,    0,    0,    0,    0,    0,    0,    0,    0,    0,
       0,    0,    0,    0,    0,    0,    0,   -8,    0,    0,   -8,   -5,    0,    0,    0,    0,    0,    0,    0,    0,    0,    0,    0,    0,    0,    0,    0,    0,    0,    0,    0,    0,    0,    0,    0,    0,    0,    0,    0,    0,    0,    0,    0,    0,    0,    0,    0,    0,    0,    0,    0,    0,
       0,    0,    0,    0,    0,  -11,    0,    0,    0,    0,    0,    0,    0,    0,    0,    0,    0,    0,    0,    0,    0,    0,    0,    0,    0,    0,    0,    0,    0,    0,    0,    0,    0,    0,    0,    0,    0,    0,    0,    0,    0,    0,    0,    0,    0,    0,    0,    0,    0,    0,    0,    0,
       0,    0,    0,    0,    0,    0,    0,   -5,    0,    0,    0,    0,    0,    0,    0,    0,    0,    0,    0,    0,    0,    0,    0,    0,    0,    0,    0,    0,    0,    0,    0,    0,    0,    0,    0,    0,    0,    0,    0,    0,    0,    0,    0,    0,    0,    0,    0,    0,    0,    0,    0,    0,
       0,    0,    0,    0,   -8,  -19,    0,   11,  -11,   -8,    0,    0,    0,   -5,    0,    0,    0,    0,    0,    0,    0,    0,    0,    0,    0,    0,    0,    0,    0,    0,    0,    0,    0,    0,    0,    0,    0,    0,    0,    0,    0,    0,    0,    0,    0,    0,    0,    0,    0,    0,    0,    0,
       0,    0,    0,    0,   -5,  -11,    0,    0,    0,    0,   -8,    0,    0,    0,    0,    0,    0,    0,    0,    0,    0,    0,    0,    0,    0,    0,    0,    0,    0,    0,    0,    0,    0,    0,    0,    0,    0,    0,    0,    0,    0,    0,    0,    0,    0,    0,    0,    0,    0,    0,    0,    0,
       0,    0,    0,    0,    0,    0,    0,   -8,    0,    0,    0,    0,    0,    0,    0,    0,    0,    0,    0,    0,    0,    0,    0,    0,    0,    0,    0,    0,    0,    0,    0,    0,    0,    0,    0,    0,    0,    0,    0,    0,    0,    0,    0,    0,    0,    0,    0,    0,    0,    0,    0,    0,
       0,    0,    0,    0,    0,    0,    0,    0,    0,    0,    0,    0,    0,    0,    0,    0,    0,    0,    0,    0,    0,    0,    0,    0,    0,    0,    0,    0,    0,    0,    0,    0,    0,    0,    0,    0,    0,    0,    0,    0,    0,    0,    0,    0,    0,    0,    0,   -4,    0,    0,    0,    0,
       0,    0,    0,    0,    0,    0,    0,    0,    0,    0,    0,    0,    0,   -1,    0,    0,  -13,   -3,  -25,   -6,    0,  -11,    0,    0,    0,    0,    5,    0,    0,    0,    0,    0,    0,    0,    0,   -1,   -3,   -7,   -2,    0,   -7,    0,    0,    0,    0,    0,    0,    0,    0,    0,    0,    0,
       0,    0,    0,    0,    0,    0,    0,    0,    0,    0,    0,    0,    0,    0,    0,    0,   -4,    0,   -2,   -2,   -3,   -6,    0,    0,    0,    0,    0,   -1,    0,    0,   -1,    0,    0,    0,    0,    0,    0,    0,    0,   -1,    0,    0,    0,    0,    0,    0,    0,    0,    0,    0,    0,    0,
       0,    0,    0,    0,    0,    0,    0,    0,    0,    0,    0,    0,    0,    0,   -3,    0,    0,    0,    0,    0,    0,    0,    0,    0,    0,    0,    0,    0,   -1,    0,   -3,    0,    0,    0,    0,    0,   -3,   -4,    0,    0,   -3,    0,    0,    0,    0,    0,    0,    0,    0,    0,    0,    0,
       0,    0,    0,    0,    0,    0,    0,    0,    0,    0,    0,    0,   -9,   -2,  -32,   -1,    4,    0,    0,    0,   -1,    0,    0,    0,    0,    0,   -5,    0,   -4,    0,   -3,    0,   -2,   -2,   -3,    0,   -4,   -1,    0,   -4,    0,   -1,    0,    0,    0,    0,    0,    0,    0,    0,    0,    0,
       0,    0,    0,    0,    0,    0,    0,    0,    0,    0,    0,    0,    0,    0,    0,    0,   -7,    0,   -4,   -3,    0,   -6,    0,    0,    0,    0,    4,    0,    0,    0,    0,    0,    0,    0,    0,    0,    0,    0,    0,    0,    0,    0,    0,    0,    0,    0,    0,    0,    0,    0,    0,    0,
       0,    0,    0,    0,    0,    0,    0,    0,    0,    0,    0,    0,   -4,    0,    0,    0,    0,    0,    0,    0,    0,    0,    0,    0,    0,    0,    0,    0,    0,    0,    0,    0,    0,    0,    0,    0,    0,    0,    0,    0,    0,    0,    0,    0,    0,    0,    0,    0,    0,    0,    0,    0,
       0,    0,    0,    0,    0,    0,    0,    0,    0,    0,    0,    0,    0,   -8,   -1,   -3,    0,   -4,   -1,   -1,    0,    5,    0,    0,    0,    0,    0,    0,   -6,    0,    0,    0,   -2,   -2,   -1,   -1,   -3,   -2,   -4,    0,   -5,    0,    0,    0,    0,    0,    0,    0,    0,    0,    0,    0,
       0,    0,    0,    0,    0,    0,    0,    0,    0,    0,    0,    0,    0,   -3,    0,    0,  -27,   -5,  -13,   -8,    0,  -16,    0,    0,    0,    0,    0,    0,    0,    0,    0,    0,    0,    0,    0,   -1,    0,   -6,   -1,    0,   -6,    5,    0,    0,    0,    0,    0,    0,    0,    0,    0,    0,
       0,    0,    0,    0,  -27,  -27,    0,    0,    0,    0,    0,    0,  -11,    0,  -20,    0,    0,    0,    0,    2,   -4,    0,   -4,    0,    0,    0,   -1,    0,   -3,    2,   -3,    0,    0,    0,    0,    4,   -1,    3,    4,    0,    3,    0,    0,    0,    0,    0,    0,    0,    0,    0,    0,    0,
       0,    0,    0,    0,    0,    0,    0,    0,    0,    0,    0,    0,    0,   -3,    0,    0,   -4,   -1,   -4,    0,    0,   -5,    0,    0,    0,    0,    1,    0,   -1,    0,    0,    0,    0,    0,    0,    0,   -3,    0,    0,    0,    0,    0,    0,    0,    0,    0,    0,    0,    0,    0,    0,    0,
       0,    0,    0,    0,    0,    0,    0,    0,    0,    0,    0,    0,    0,    0,    0,    0,    0,    0,    0,    0,   -4,   -4,    0,    0,    0,    0,    0,    0,    0,    0,    0,    0,    0,    0,    0,    0,    0,    0,    0,    0,    0,    0,    0,    0,    0,    0,    0,    0,    0,    0,    0,    0,
       0,    0,    0,    0,    0,  -27,    0,    0,    0,    0,    0,    0,  -13,   -5,  -17,    0,    8,    0,    3,    3,    0,    3,    0,    0,    0,    0,  -27,    0,  -32,    0,  -12,    0,  -16,   -5,  -27,    0,  -32,   -3,  -32,   -4,   -3,  -32,    0,    0,    0,    0,    0,    0,    0,    0,    0,    0,
       0,    0,    0,    0,    0,    0,    0,    0,    0,    0,    0,    0,   -3,    0,   -3,   -3,    0,    0,    0,    0,   -3,   -3,    0,    0,    0,    0,    0,    0,    0,    0,    0,    0,    0,    0,    0,    0,    0,    0,    0,   -1,    0,    0,    0,    0,    0,    0,    0,    0,    0,    0,    0,    0,
       0,    0,    0,    0,    0,    0,    0,    0,    0,    0,    0,    0,   -9,   -3,  -15,   -3,    3,    0,    0,    0,    0,    0,    0,    0,    0,    0,   -3,    0,   -6,    0,   -5,    0,   -3,   -3,   -4,    0,   -3,    0,    0,    0,    0,   -1,    0,    0,    0,    0,    0,    0,    0,    0,    0,    0,
       0,    0,    0,    0,    0,    0,    0,    0,    0,    0,    0,    0,   -6,   -1,   -8,   -3,    3,    0,    0,    0,    0,    0,    0,    0,    0,    0,   -2,    0,   -4,    0,   -5,    0,   -1,   -1,    0,    0,   -3,    0,    0,    0,    0,    0,    0,    0,    0,    0,    0,    0,    0,    0,    0,    0,
       0,    0,    0,    0,    0,    0,    0,    0,    0,    0,    0,    0,    0,   -7,    0,   -4,    0,   -3,    0,    0,    0,    0,    0,    0,    0,    0,    0,    0,   -4,    0,   -1,    0,    0,    0,    0,    0,   -3,   -7,   -5,    0,   -6,    0,    0,    0,    0,    0,    0,    0,    0,    0,    0,    0,
       0,    0,    0,    0,    0,    0,    0,    0,    0,    0,    0,    0,  -11,   -7,  -19,   -7,    3,   -3,    0,    0,    0,    0,    0,    0,    0,    0,   -9,    0,  -11,    0,  -10,    0,   -6,   -6,  -10,    0,   -5,   -3,   -3,   -5,   -3,   -3,    0,    0,    0,    0,    0,    0,    0,    0,    0,    0,
       0,    0,    0,    0,    0,    0,    0,    0,    0,    0,    0,    0,    0,   -1,    0,    0,    0,    0,    0,    0,    0,    0,    0,    0,    0,    0,    0,    0,   -1,    0,    0,    0,    0,    0,    0,    0,   -1,   -1,    0,    0,    0,    0,    0,    0,    0,    0,    0,    0,    0,    0,    0,    0,
       0,    0,    0,    0,    0,    0,    0,    0,    0,    0,    0,    0,    0,    0,    0,    0,    0,    0,    0,    0,    0,    0,    0,  -25,    0,    0,    0,    0,    0,    0,    0,    0,    0,    0,    0,    0,    0,    0,    0,    0,    0,    0,    0,    0,    0,    0,   -2,   -6,    0,    0,    0,    0,
       0,    0,    0,    0,    0,    0,    0,    0,    0,    0,    0,    0,    0,    0,    0,    0,    0,    0,    0,    0,    0,    0,    0,    0,    0,    0,    0,    0,    0,    0,    0,    0,    0,    0,    0,    0,    0,    0,    0,    0,    0,    0,    0,    0,    0,    0,    0,   -9,    2,    0,    0,    0,
       0,    0,    0,    0,    0,    0,    0,    0,    0,    0,    0,    0,    5,   -5,    0,    0,  -17,   -3,   -7,   -3,    0,  -14,    0,    0,    0,    0,    3,    0,    0,    0,    0,    0,    0,    0,    0,    0,   -3,   -3,   -2,    0,    0,    0,    0,    0,    0,    0,    0,    0,    0,    0,    0,    0,
       0,    0,    0,    0,    0,    0,    0,    0,    0,    0,    0,    0,    0,    0,    0,    0,  -13,    0,   -6,   -4,   -4,  -10,   -3,    0,    0,    0,    0,    0,    0,    0,    0,    0,    0,    0,    0,    0,    0,   -1,    0,    0,    0,   -3,    0,    0,    0,    0,    0,    0,    0,    0,    0,    0,
       0,    0,    0,    0,    0,    0,    0,    0,    0,    0,    0,    0,    0,    0,    0,    0,   -8,    0,   -4,   -3,   -1,   -9,    0,    0,    0,    0,    0,    0,    0,    0,    0,    0,    0,    0,    0,    0,    0,    0,    0,    0,    0,    0,    0,    0,    0,    0,    0,    0,    0,    0,    0,    0,
       0,    0,    0,    0,    0,    0,    0,    0,    0,    0,    0,    0,    0,    0,    0,    0,    0,    0,    0,    0,    0,    0,    0,    0,    0,    0,    0,    0,    0,    0,    0,    0,    0,    0,    0,    0,    4,    0,    0,    0,    0,    0,    0,    0,    0,    0,    0,    0,    0,    0,    0,    0,
       0,    0,    0,    0,    0,    0,    0,    0,    0,    0,    0,    0,    0,    0,    0,    0,  -12,    0,   -5,   -3,   -3,   -9,    0,    0,    0,    0,    1,    0,    0,    0,   -1,    0,    0,    0,    0,    0,    0,   -1,    0,    0,   -1,    0,    0,    0,    0,    0,    0,    0,    0,    0,    0,    0,
       0,    0,    0,    0,    0,    0,    0,    0,    0,    0,    0,    0,   -5,    0,    0,    0,   16,    0,   15,   13,   13,   13,   13,    0,    0,    0,    0,    0,   -8,    0,    0,    0,    0,    0,    0,    1,    0,    3,    1,    0,    0,    1,    0,    0,    0,    0,    0,    0,    0,    0,    0,    0,
       0,    0,    0,    0,   -2,    0,    0,    0,    0,    0,    0,    0,   -4,   -3,    0,   -1,    0,    0,    0,    0,    0,   -4,    0,    0,    0,    0,   -1,    0,   -5,    0,    0,    3,    0,    0,   -3,    0,   -2,    0,    0,    0,    0,    0,    0,    0,    0,    0,    0,    0,    0,    0,    0,    0,
       0,    0,    0,    0,    0,    0,    0,    0,    0,    0,    0,    0,    0,    0,    0,    0,   -8,    0,   -4,    0,    0,   -7,    0,    0,    0,    0,    0,    0,    0,    0,    0,    0,    0,    0,    0,    0,    0,   -1,    0,    0,   -1,    0,    0,    0,    0,    0,    0,    0,    0,    0,    0,    0,
       0,    0,    0,    0,    0,    0,    0,    0,    0,    0,    0,    0,    0,    0,    0,    0,   -8,    0,    0,    0,    0,    0,    0,    0,    0,    0,    0,    0,    0,    0,    0,    0,    0,    0,    0,    0,    0,    0,    0,    0,    0,    0,    0,    0,    0,    0,    0,    0,    0,    0,    0,    0,
       0,    0,    0,    0,    0,    0,    0,    0,    0,    0,    0,    0,    0,    0,    0,    0,   -8,   -3,    0,    0,    0,    0,    0,    0,    0,    0,    0,    0,    0,    0,    0,    1,    0,    0,    0,    0,    0,    0,    0,    0,    0,    0,    0,    0,    0,    0,    0,    0,    0,    0,    0,    0,
       0,    0,    0,    0,    0,    0,    0,    0,    0,    0,    0,    0,    0,   -3,    0,    0,    0,    0,    0,    0,    0,   -5,    0,    0,    0,    0,   -1,   -1,   -6,    0,    0,   -1,    0,    0,   -1,    0,   -1,    0,    0,    0,    0,    0,    0,    0,    0,    0,    0,    0,    0,    0,    0,    0,
       0,    0,    0,    0,    0,    0,    0,    0,    0,    0,    0,    0,    0,   -5,    0,    0,   -7,    0,   -8,   -5,    0,   -8,    0,    0,    0,    0,    0,    0,   -3,    0,   -3,   -4,    0,    0,    0,   -1,   -1,   -7,   -4,    0,   -4,    0,    0,    0,    0,    0,    0,    0,    0,    0,    0,    0,
       0,    0,    0,    0,    0,    0,    0,    0,    0,    0,    0,    0,    0,    0,    0,    0,   -5,    0,   -5,    0,    0,   -4,    0,    0,    0,    0,    0,    0,    0,    0,    0,    0,    0,    0,    0,    0,    0,    0,    0,    0,    0,    0,    0,    0,    0,    0,    0,    0,    0,    0,    0,    0,
       0,    0,    0,    0,    0,  -32,    0,    0,    0,    0,    0,    0,   -8,    0,    0,    0,   -3,    0,    0,    0,   -4,    0,    0,    0,    0,    0,   -3,    0,   -6,    0,   -4,   -3,    0,    0,    0,    0,    0,   13,   13,    0,    0,    0,    0,    0,    0,    0,    0,    0,    0,    0,    0,    0,
       0,    0,    0,    0,    0,    0,    0,    0,    0,    0,    0,    0,    0,   -1,    0,    0,  -12,    0,   -1,    0,   -1,   -5,    0,    0,    0,    0,    2,    0,    0,    0,    0,    0,    0,    0,    0,    0,    0,    0,    0,   -1,    0,    0,    0,    0,    0,    0,    0,    0,    0,    0,    0,    0,
       0,    0,    0,    0,    0,    0,    0,    0,    0,    0,    0,    0,    0,    0,    0,    0,    0,    0,    0,    0,    0,    0,    0,    0,    0,    0,    0,    0,   -1,   -7,   -1,    0,    0,    0,    5,    0,    0,    0,   11,    0,    0,    0,    0,    0,    0,    0,    0,    0,    0,    0,    0,    0,
       0,    0,    0,    0,    0,    0,    0,    0,    0,    0,    0,    0,    0,    0,    0,    0,   -8,    0,   -3,   -3,    0,   -4,    0,    0,    0,    0,    0,    0,    0,    0,   -3,    0,    0,    0,    0,    0,    0,    0,    0,    0,    0,    0,    0,    0,    0,    0,    0,    0,    0,    0,    0,    0,
       0,    0,    0,    0,    0,    0,    0,    0,    0,    0,    0,    0,   -7,    0,    0,    0,   -3,    0,    0,    0,   -7,   -3,   -5,    0,    0,    0,   -1,    0,   -1,    0,   -1,    0,    0,    0,   -1,   13,    0,   13,    0,    0,    0,    0,    0,    0,    0,    0,    0,    0,    0,    0,    0,    0,
       0,    0,    0,    0,    0,    0,    0,    0,    0,    0,    0,    0,   -1,    0,    0,    0,   -3,    0,    0,    0,   -5,   -3,   -1,    0,    0,    0,    1,    0,    0,    0,    0,    0,    0,    0,   -1,   13,    0,   11,    0,    0,    0,    0,    0,    0,    0,    0,    0,    0,    0,    0,    0,    0,
       0,    0,    0,    0,    0,    0,    0,    0,    0,    0,    0,    0,    0,   -3,    0,    0,   -4,   -1,    0,    0,    0,   -5,    0,    0,    0,    0,    0,    0,    0,    0,    0,    0,    0,    0,   -1,   13,   -1,    0,    0,    0,    0,    0,    0,    0,    0,    0,    0,    0,    0,    0,    0,    0,
       0,    0,    0,    0,    0,    0,    0,    0,    0,    0,    0,    0,   -7,    0,    0,    0,   -3,    0,    0,    0,   -5,   -3,   -3,    0,    0,    0,    0,    0,   -1,    0,   -4,    0,    0,    0,   -3,    0,    0,    0,    0,    0,    0,    0,    0,    0,    0,    0,    0,    0,    0,    0,    0,    0,
       0,    0,    0,    0,    0,    0,    0,    0,    0,    0,    0,    0,    0,    0,    0,    0,   -3,    0,    0,    0,    0,   -3,    0,    0,    0,    0,    0,    0,   -3,    0,    0,    0,    0,    0,    0,    0,    0,    0,    0,    0,    0,    0,    0,    0,    0,    0,    0,    0,    0,    0,    0,    0,
       0,    0,    0,    0,    0,    0,    0,    0,    0,    0,    0,    0,    0,    0,    0,    0,    0,    0,    0,    0,    0,    0,    0,    0,    0,    0,    0,    0,    0,    0,    0,    0,    0,    0,    0,    0,    0,    0,    0,    0,    0,    0,    0,    0,    0,    0,    0,    3,    0,    0,    0,    0,
       0,    0,    0,    0,    0,    0,    0,    0,    0,    0,    0,    0,    0,    0,    0,    0,    0,    0,    0,    0,    0,    0,    0,    0,    0,    0,    0,    0,    0,    0,    0,    0,    0,    0,    0,    0,    0,    0,    0,    0,    0,    0,    0,    0,    0,    0,    0,   -8,    0,    0,    0,    0,
       3,    0,    0,   -1,    0,    0,  -11,    0,    0,    0,    0,    0,    0,    0,    0,    0,    0,    0,    0,    0,    0,    0,    0,   -5,    0,  -14,    0,    0,    0,    0,    0,    0,    0,    0,    0,    0,    0,    0,    0,    0,    0,    0,    5,    7,   -5,    0,    0,    0,    0,    0,    0,    1,
       0,    0,    0,   -5,    0,    0,   -3,    0,    0,    0,    0,    0,    0,    0,    0,    0,    0,    0,    0,    0,    0,    0,    0,   -1,    0,   -9,    0,    0,    0,    0,    0,    0,    0,    0,    0,    0,    0,    0,    0,    0,    0,    0,    0,    3,    0,    0,    0,    0,    0,    0,    0,    0,
       0,    0,    0,   -4,    0,    0,   -8,    0,    0,    0,    0,    0,    0,    0,    0,    0,    0,    0,    0,    0,    0,    0,    0,    0,    0,  -14,    0,    0,    0,    0,    0,    0,    0,    0,    0,    0,    0,    0,    0,    0,    0,    0,    0,    3,   -5,    0,    0,    0,    0,    0,    0,    0,
       0,   26,   34,   19,    0,    0,    0,    0,    0,    0,    0,    0,    0,    0,    0,    0,    0,    0,    0,    0,    0,    0,    0,   29,   35,    0,    0,   11,    0,    0,    0,    0,    0,    0,    0,    0,    0,    0,    0,    0,    0,    0,    0,    0,    0,    0,    0,    3,   16,   24,   29,    0,
       0,   17,   28,    7,    0,    0,    0,    0,    0,    0,    0,    0,    0,    0,    0,    0,    0,    0,    0,    0,    0,    0,    0,   23,   27,    0,    0,   11,    0,    0,    0,    0,    0,    0,    0,    0,    0,    0,    0,    0,    0,    0,    0,    0,    0,    0,    0,    3,   16,   18,   21,    0,
       0,    0,    9,    0,    0,    0,    0,    0,    0,    0,    0,    0,    0,    0,    0,    0,    0,    0,    0,    0,    0,    0,    0,    0,    5,    0,    0,    0,    0,    0,    0,    0,    0,    0,    0,    0,    0,    0,    0,    0,    0,    0,    0,    0,    0,    0,    0,    0,    0,    3,    3,    0,
       0,    0,    0,    0,    0,    0,    0,  -11,    0,    0,    0,    0,    0,    0,    0,    0,    0,    0,    0,    0,    0,    0,    0,    0,    0,    0,    0,    0,    0,    0,    0,    0,    0,    0,    0,    0,    0,    0,    0,    0,    0,    0,    0,    0,    0,    2,    0,    0,    0,    0,    0,    0,
       0,    0,    0,    0,    0,    0,    0,    0,  -11,    0,    0,   -5,    0,    0,    0,    0,    0,    0,    0,    0,    0,    0,    0,    0,    0,    0,    0,    0,    0,    0,    0,    0,    0,    0,    0,    0,    0,    0,    0,    0,    0,    0,    0,    0,    0,    0,    0,    0,    0,    0,    0,    0,
       0,    0,    0,    0,    0,    0,    0,    0,  -16,  -11,    0,   -5,    0,    0,    0,    0,    0,    0,    0,    0,    0,    0,    0,    0,    0,    0,    0,    0,    0,    0,    0,    0,    0,    0,    0,    0,    0,    0,    0,    0,    0,    0,    0,    0,    0,    0,    0,    0,    0,    0,    0,    0,
       0,    0,    0,    0,    0,    0,    0,    0,    0,    0,    0,    0,    0,    0,    0,    0,    0,    0,    0,    0,    0,    0,    0,    0,    0,    0,    0,    0,    0,    0,    0,    0,    0,    0,    0,    0,    0,    0,    0,    0,    0,    0,    0,    0,    0,    2,    0,    0,    0,    0,    0,    0,
};

static const EpdLigaturePair quicksand_8_boldLigaturePairs[] = {
    { 0x00660069, 0xFB01 }, // f i -> U+FB01
    { 0x0066006C, 0xFB02 }, // f l -> U+FB02
};

static const EpdFontData quicksand_8_bold = {
    quicksand_8_boldBitmaps,
    quicksand_8_boldGlyphs,
    quicksand_8_boldIntervals,
    57,
    21,
    17,
    -5,
    true,
    quicksand_8_boldGroups,
    11,
    nullptr,
    quicksand_8_boldKernLeftClasses,
    quicksand_8_boldKernRightClasses,
    quicksand_8_boldKernMatrix,
    221,
    162,
    69,
    52,
    quicksand_8_boldLigaturePairs,
    2,
};
